,filepath,x_centroid,y_centroid,x_min,y_min,x_max,y_max,detection_confidence
0,/Volumes/SmithL0/2026/BIOL470/Final/Learning_Rig/bee_0408_1_rev/cam1_2026-04-08_16-35-15.mp4,1153.0,1904.5,867,1576,1439,2233,0.81476575
1,/Volumes/SmithL0/2026/BIOL470/Final/Learning_Rig/bee_0408_1_rev/cam1_2026-04-08_16-35-15.mp4,1125.0,1901.5,868,1572,1382,2231,0.8347336
2,/Volumes/SmithL0/2026/BIOL470/Final/Learning_Rig/bee_0408_1_rev/cam1_2026-04-08_16-35-15.mp4,1116.5,1901.5,866,1573,1367,2230,0.84013486
3,/Volumes/SmithL0/2026/BIOL470/Final/Learning_Rig/bee_0408_1_rev/cam1_2026-04-08_16-35-15.mp4,1113.5,1901.0,865,1573,1362,2229,0.8415555
4,/Volumes/SmithL0/2026/BIOL470/Final/Learning_Rig/bee_0408_1_rev/cam1_2026-04-08_16-35-15.mp4,1109.0,1899.0,865,1573,1353,2225,0.8402881
5,/Volumes/SmithL0/2026/BIOL470/Final/Learning_Rig/bee_0408_1_rev/cam1_2026-04-08_16-35-15.mp4,1105.5,1897.5,861,1572,1350,2223,0.84630746
6,/Volumes/SmithL0/2026/BIOL470/Final/Learning_Rig/bee_0408_1_rev/cam1_2026-04-08_16-35-15.mp4,1105.5,1898.0,862,1573,1349,2223,0.8448881
7,/Volumes/SmithL0/2026/BIOL470/Final/Learning_Rig/bee_0408_1_rev/cam1_2026-04-08_16-35-15.mp4,1104.0,1900.0,870,1569,1338,2231,0.83911765
8,/Volumes/SmithL0/2026/BIOL470/Final/Learning_Rig/bee_0408_1_rev/cam1_2026-04-08_16-35-15.mp4,1104.5,1900.0,871,1570,1338,2230,0.83929986
9,/Volumes/SmithL0/2026/BIOL470/Final/Learning_Rig/bee_0408_1_rev/cam1_2026-04-08_16-35-15.mp4,1103.0,1900.0,871,1570,1335,2230,0.83698153
10,/Volumes/SmithL0/2026/BIOL470/Final/Learning_Rig/bee_0408_1_rev/cam1_2026-04-08_16-35-15.mp4,1101.5,1898.0,871,1568,1332,2228,0.832866
11,/Volumes/SmithL0/2026/BIOL470/Final/Learning_Rig/bee_0408_1_rev/cam1_2026-04-08_16-35-15.mp4,1102.0,1898.5,871,1568,1333,2229,0.8324368
12,/Volumes/SmithL0/2026/BIOL470/Final/Learning_Rig/bee_0408_1_rev/cam1_2026-04-08_16-35-15.mp4,1101.5,1897.5,870,1569,1333,2226,0.8348741
13,/Volumes/SmithL0/2026/BIOL470/Final/Learning_Rig/bee_0408_1_rev/cam1_2026-04-08_16-35-15.mp4,1101.5,1898.0,870,1570,1333,2226,0.83458257
14,/Volumes/SmithL0/2026/BIOL470/Final/Learning_Rig/bee_0408_1_rev/cam1_2026-04-08_16-35-15.mp4,1102.0,1899.0,871,1572,1333,2226,0.83455783
15,/Volumes/SmithL0/2026/BIOL470/Final/Learning_Rig/bee_0408_1_rev/cam1_2026-04-08_16-35-15.mp4,1101.5,1898.0,869,1571,1334,2225,0.8359626
16,/Volumes/SmithL0/2026/BIOL470/Final/Learning_Rig/bee_0408_1_rev/cam1_2026-04-08_16-35-15.mp4,1101.0,1897.0,870,1571,1332,2223,0.83583933
17,/Volumes/SmithL0/2026/BIOL470/Final/Learning_Rig/bee_0408_1_rev/cam1_2026-04-08_16-35-15.mp4,1100.0,1896.0,868,1569,1332,2223,0.8355184
18,/Volumes/SmithL0/2026/BIOL470/Final/Learning_Rig/bee_0408_1_rev/cam1_2026-04-08_16-35-15.mp4,1101.5,1897.5,871,1571,1332,2224,0.83382326
19,/Volumes/SmithL0/2026/BIOL470/Final/Learning_Rig/bee_0408_1_rev/cam1_2026-04-08_16-35-15.mp4,1107.5,1895.5,873,1570,1342,2221,0.8335865
20,/Volumes/SmithL0/2026/BIOL470/Final/Learning_Rig/bee_0408_1_rev/cam1_2026-04-08_16-35-15.mp4,1102.0,1897.5,872,1571,1332,2224,0.8341122
21,/Volumes/SmithL0/2026/BIOL470/Final/Learning_Rig/bee_0408_1_rev/cam1_2026-04-08_16-35-15.mp4,1102.0,1898.5,871,1574,1333,2223,0.8360556
22,/Volumes/SmithL0/2026/BIOL470/Final/Learning_Rig/bee_0408_1_rev/cam1_2026-04-08_16-35-15.mp4,1103.0,1899.0,872,1574,1334,2224,0.83748823
23,/Volumes/SmithL0/2026/BIOL470/Final/Learning_Rig/bee_0408_1_rev/cam1_2026-04-08_16-35-15.mp4,1103.0,1898.0,872,1572,1334,2224,0.8386508
24,/Volumes/SmithL0/2026/BIOL470/Final/Learning_Rig/bee_0408_1_rev/cam1_2026-04-08_16-35-15.mp4,1103.5,1897.0,872,1572,1335,2222,0.83945864
25,/Volumes/SmithL0/2026/BIOL470/Final/Learning_Rig/bee_0408_1_rev/cam1_2026-04-08_16-35-15.mp4,1103.0,1897.0,871,1571,1335,2223,0.8407987
26,/Volumes/SmithL0/2026/BIOL470/Final/Learning_Rig/bee_0408_1_rev/cam1_2026-04-08_16-35-15.mp4,1104.0,1896.5,872,1572,1336,2221,0.841428
27,/Volumes/SmithL0/2026/BIOL470/Final/Learning_Rig/bee_0408_1_rev/cam1_2026-04-08_16-35-15.mp4,1103.5,1895.0,871,1573,1336,2217,0.843778
28,/Volumes/SmithL0/2026/BIOL470/Final/Learning_Rig/bee_0408_1_rev/cam1_2026-04-08_16-35-15.mp4,1104.0,1895.0,872,1573,1336,2217,0.8422317
29,/Volumes/SmithL0/2026/BIOL470/Final/Learning_Rig/bee_0408_1_rev/cam1_2026-04-08_16-35-15.mp4,1103.0,1894.0,871,1572,1335,2216,0.84366983
30,/Volumes/SmithL0/2026/BIOL470/Final/Learning_Rig/bee_0408_1_rev/cam1_2026-04-08_16-35-15.mp4,1104.0,1894.0,872,1571,1336,2217,0.84212536
31,/Volumes/SmithL0/2026/BIOL470/Final/Learning_Rig/bee_0408_1_rev/cam1_2026-04-08_16-35-15.mp4,1103.5,1893.0,871,1570,1336,2216,0.8437446
32,/Volumes/SmithL0/2026/BIOL470/Final/Learning_Rig/bee_0408_1_rev/cam1_2026-04-08_16-35-15.mp4,1103.0,1889.0,863,1570,1343,2208,0.84454477
33,/Volumes/SmithL0/2026/BIOL470/Final/Learning_Rig/bee_0408_1_rev/cam1_2026-04-08_16-35-15.mp4,1101.0,1893.0,871,1570,1331,2216,0.8416645
34,/Volumes/SmithL0/2026/BIOL470/Final/Learning_Rig/bee_0408_1_rev/cam1_2026-04-08_16-35-15.mp4,1100.5,1887.0,863,1568,1338,2206,0.8436208
35,/Volumes/SmithL0/2026/BIOL470/Final/Learning_Rig/bee_0408_1_rev/cam1_2026-04-08_16-35-15.mp4,1100.5,1887.0,864,1569,1337,2205,0.84223694
36,/Volumes/SmithL0/2026/BIOL470/Final/Learning_Rig/bee_0408_1_rev/cam1_2026-04-08_16-35-15.mp4,1100.0,1886.5,863,1568,1337,2205,0.8430476
37,/Volumes/SmithL0/2026/BIOL470/Final/Learning_Rig/bee_0408_1_rev/cam1_2026-04-08_16-35-15.mp4,1100.0,1885.5,864,1567,1336,2204,0.8437897
38,/Volumes/SmithL0/2026/BIOL470/Final/Learning_Rig/bee_0408_1_rev/cam1_2026-04-08_16-35-15.mp4,1101.5,1885.0,866,1567,1337,2203,0.84272444
39,/Volumes/SmithL0/2026/BIOL470/Final/Learning_Rig/bee_0408_1_rev/cam1_2026-04-08_16-35-15.mp4,1100.0,1886.0,863,1568,1337,2204,0.8448414
40,/Volumes/SmithL0/2026/BIOL470/Final/Learning_Rig/bee_0408_1_rev/cam1_2026-04-08_16-35-15.mp4,1101.0,1885.0,865,1567,1337,2203,0.8443653
41,/Volumes/SmithL0/2026/BIOL470/Final/Learning_Rig/bee_0408_1_rev/cam1_2026-04-08_16-35-15.mp4,1100.5,1885.0,864,1567,1337,2203,0.8430728
42,/Volumes/SmithL0/2026/BIOL470/Final/Learning_Rig/bee_0408_1_rev/cam1_2026-04-08_16-35-15.mp4,1100.5,1885.0,865,1568,1336,2202,0.84351164
43,/Volumes/SmithL0/2026/BIOL470/Final/Learning_Rig/bee_0408_1_rev/cam1_2026-04-08_16-35-15.mp4,1100.0,1884.5,864,1567,1336,2202,0.8432696
44,/Volumes/SmithL0/2026/BIOL470/Final/Learning_Rig/bee_0408_1_rev/cam1_2026-04-08_16-35-15.mp4,1100.0,1884.0,865,1568,1335,2200,0.8427347
45,/Volumes/SmithL0/2026/BIOL470/Final/Learning_Rig/bee_0408_1_rev/cam1_2026-04-08_16-35-15.mp4,1099.0,1883.0,863,1566,1335,2200,0.84191567
46,/Volumes/SmithL0/2026/BIOL470/Final/Learning_Rig/bee_0408_1_rev/cam1_2026-04-08_16-35-15.mp4,1100.5,1883.5,865,1565,1336,2202,0.83944184
47,/Volumes/SmithL0/2026/BIOL470/Final/Learning_Rig/bee_0408_1_rev/cam1_2026-04-08_16-35-15.mp4,1100.0,1888.0,872,1566,1328,2210,0.8365349
48,/Volumes/SmithL0/2026/BIOL470/Final/Learning_Rig/bee_0408_1_rev/cam1_2026-04-08_16-35-15.mp4,1098.0,1886.5,874,1566,1322,2207,0.8338311
49,/Volumes/SmithL0/2026/BIOL470/Final/Learning_Rig/bee_0408_1_rev/cam1_2026-04-08_16-35-15.mp4,1098.5,1887.0,874,1566,1323,2208,0.8331656
50,/Volumes/SmithL0/2026/BIOL470/Final/Learning_Rig/bee_0408_1_rev/cam1_2026-04-08_16-35-15.mp4,1099.5,1886.0,874,1565,1325,2207,0.8365176
51,/Volumes/SmithL0/2026/BIOL470/Final/Learning_Rig/bee_0408_1_rev/cam1_2026-04-08_16-35-15.mp4,1103.0,1882.5,872,1565,1334,2200,0.8386669
52,/Volumes/SmithL0/2026/BIOL470/Final/Learning_Rig/bee_0408_1_rev/cam1_2026-04-08_16-35-15.mp4,1101.0,1882.5,868,1565,1334,2200,0.84186894
53,/Volumes/SmithL0/2026/BIOL470/Final/Learning_Rig/bee_0408_1_rev/cam1_2026-04-08_16-35-15.mp4,1101.5,1882.5,867,1565,1336,2200,0.84344935
54,/Volumes/SmithL0/2026/BIOL470/Final/Learning_Rig/bee_0408_1_rev/cam1_2026-04-08_16-35-15.mp4,1101.0,1882.5,867,1565,1335,2200,0.843207
55,/Volumes/SmithL0/2026/BIOL470/Final/Learning_Rig/bee_0408_1_rev/cam1_2026-04-08_16-35-15.mp4,1101.0,1882.5,867,1565,1335,2200,0.84128743
56,/Volumes/SmithL0/2026/BIOL470/Final/Learning_Rig/bee_0408_1_rev/cam1_2026-04-08_16-35-15.mp4,1101.0,1882.5,867,1565,1335,2200,0.8426088
57,/Volumes/SmithL0/2026/BIOL470/Final/Learning_Rig/bee_0408_1_rev/cam1_2026-04-08_16-35-15.mp4,1101.0,1883.0,866,1565,1336,2201,0.8433684
58,/Volumes/SmithL0/2026/BIOL470/Final/Learning_Rig/bee_0408_1_rev/cam1_2026-04-08_16-35-15.mp4,1101.0,1883.0,866,1565,1336,2201,0.8410577
59,/Volumes/SmithL0/2026/BIOL470/Final/Learning_Rig/bee_0408_1_rev/cam1_2026-04-08_16-35-15.mp4,1101.0,1882.5,866,1565,1336,2200,0.84240675
60,/Volumes/SmithL0/2026/BIOL470/Final/Learning_Rig/bee_0408_1_rev/cam1_2026-04-08_16-35-15.mp4,1102.5,1882.0,868,1565,1337,2199,0.84259397
61,/Volumes/SmithL0/2026/BIOL470/Final/Learning_Rig/bee_0408_1_rev/cam1_2026-04-08_16-35-15.mp4,1100.5,1882.0,864,1564,1337,2200,0.8422309
62,/Volumes/SmithL0/2026/BIOL470/Final/Learning_Rig/bee_0408_1_rev/cam1_2026-04-08_16-35-15.mp4,1101.5,1882.5,866,1565,1337,2200,0.8427863
63,/Volumes/SmithL0/2026/BIOL470/Final/Learning_Rig/bee_0408_1_rev/cam1_2026-04-08_16-35-15.mp4,1102.5,1881.5,868,1565,1337,2198,0.8398905
64,/Volumes/SmithL0/2026/BIOL470/Final/Learning_Rig/bee_0408_1_rev/cam1_2026-04-08_16-35-15.mp4,1103.5,1881.5,870,1565,1337,2198,0.84153545
65,/Volumes/SmithL0/2026/BIOL470/Final/Learning_Rig/bee_0408_1_rev/cam1_2026-04-08_16-35-15.mp4,1102.0,1881.5,867,1564,1337,2199,0.8435196
66,/Volumes/SmithL0/2026/BIOL470/Final/Learning_Rig/bee_0408_1_rev/cam1_2026-04-08_16-35-15.mp4,1103.0,1881.5,869,1565,1337,2198,0.8421
67,/Volumes/SmithL0/2026/BIOL470/Final/Learning_Rig/bee_0408_1_rev/cam1_2026-04-08_16-35-15.mp4,1103.5,1881.5,870,1565,1337,2198,0.84116423
68,/Volumes/SmithL0/2026/BIOL470/Final/Learning_Rig/bee_0408_1_rev/cam1_2026-04-08_16-35-15.mp4,1104.0,1881.5,871,1565,1337,2198,0.83981323
69,/Volumes/SmithL0/2026/BIOL470/Final/Learning_Rig/bee_0408_1_rev/cam1_2026-04-08_16-35-15.mp4,1103.0,1881.0,869,1564,1337,2198,0.8402025
70,/Volumes/SmithL0/2026/BIOL470/Final/Learning_Rig/bee_0408_1_rev/cam1_2026-04-08_16-35-15.mp4,1103.0,1880.5,868,1564,1338,2197,0.84005123
71,/Volumes/SmithL0/2026/BIOL470/Final/Learning_Rig/bee_0408_1_rev/cam1_2026-04-08_16-35-15.mp4,1101.5,1881.0,865,1564,1338,2198,0.8425899
72,/Volumes/SmithL0/2026/BIOL470/Final/Learning_Rig/bee_0408_1_rev/cam1_2026-04-08_16-35-15.mp4,1102.0,1880.0,866,1564,1338,2196,0.84149873
73,/Volumes/SmithL0/2026/BIOL470/Final/Learning_Rig/bee_0408_1_rev/cam1_2026-04-08_16-35-15.mp4,1102.5,1879.5,867,1563,1338,2196,0.8417675
74,/Volumes/SmithL0/2026/BIOL470/Final/Learning_Rig/bee_0408_1_rev/cam1_2026-04-08_16-35-15.mp4,1100.5,1879.5,863,1563,1338,2196,0.8412514
75,/Volumes/SmithL0/2026/BIOL470/Final/Learning_Rig/bee_0408_1_rev/cam1_2026-04-08_16-35-15.mp4,1100.5,1880.0,863,1564,1338,2196,0.843186
76,/Volumes/SmithL0/2026/BIOL470/Final/Learning_Rig/bee_0408_1_rev/cam1_2026-04-08_16-35-15.mp4,1102.5,1880.0,866,1564,1339,2196,0.8406602
77,/Volumes/SmithL0/2026/BIOL470/Final/Learning_Rig/bee_0408_1_rev/cam1_2026-04-08_16-35-15.mp4,1103.0,1879.5,867,1563,1339,2196,0.8396483
78,/Volumes/SmithL0/2026/BIOL470/Final/Learning_Rig/bee_0408_1_rev/cam1_2026-04-08_16-35-15.mp4,1103.0,1879.5,867,1563,1339,2196,0.8432437
79,/Volumes/SmithL0/2026/BIOL470/Final/Learning_Rig/bee_0408_1_rev/cam1_2026-04-08_16-35-15.mp4,1103.5,1880.0,868,1564,1339,2196,0.842235
80,/Volumes/SmithL0/2026/BIOL470/Final/Learning_Rig/bee_0408_1_rev/cam1_2026-04-08_16-35-15.mp4,1102.5,1880.5,867,1564,1338,2197,0.83950686
81,/Volumes/SmithL0/2026/BIOL470/Final/Learning_Rig/bee_0408_1_rev/cam1_2026-04-08_16-35-15.mp4,1103.5,1879.5,868,1563,1339,2196,0.84163916
82,/Volumes/SmithL0/2026/BIOL470/Final/Learning_Rig/bee_0408_1_rev/cam1_2026-04-08_16-35-15.mp4,1103.0,1880.0,868,1564,1338,2196,0.84026384
83,/Volumes/SmithL0/2026/BIOL470/Final/Learning_Rig/bee_0408_1_rev/cam1_2026-04-08_16-35-15.mp4,1103.5,1880.0,868,1563,1339,2197,0.84126735
84,/Volumes/SmithL0/2026/BIOL470/Final/Learning_Rig/bee_0408_1_rev/cam1_2026-04-08_16-35-15.mp4,1101.0,1883.0,872,1564,1330,2202,0.83973193
85,/Volumes/SmithL0/2026/BIOL470/Final/Learning_Rig/bee_0408_1_rev/cam1_2026-04-08_16-35-15.mp4,1102.5,1880.0,867,1563,1338,2197,0.8412307
86,/Volumes/SmithL0/2026/BIOL470/Final/Learning_Rig/bee_0408_1_rev/cam1_2026-04-08_16-35-15.mp4,1103.5,1880.0,869,1564,1338,2196,0.84135795
87,/Volumes/SmithL0/2026/BIOL470/Final/Learning_Rig/bee_0408_1_rev/cam1_2026-04-08_16-35-15.mp4,1105.0,1880.0,871,1564,1339,2196,0.8430543
88,/Volumes/SmithL0/2026/BIOL470/Final/Learning_Rig/bee_0408_1_rev/cam1_2026-04-08_16-35-15.mp4,1102.5,1880.5,866,1564,1339,2197,0.84212524
89,/Volumes/SmithL0/2026/BIOL470/Final/Learning_Rig/bee_0408_1_rev/cam1_2026-04-08_16-35-15.mp4,1103.0,1880.5,867,1564,1339,2197,0.8406165
90,/Volumes/SmithL0/2026/BIOL470/Final/Learning_Rig/bee_0408_1_rev/cam1_2026-04-08_16-35-15.mp4,1105.0,1880.5,871,1564,1339,2197,0.8389878
91,/Volumes/SmithL0/2026/BIOL470/Final/Learning_Rig/bee_0408_1_rev/cam1_2026-04-08_16-35-15.mp4,1106.0,1880.5,872,1564,1340,2197,0.84000945
92,/Volumes/SmithL0/2026/BIOL470/Final/Learning_Rig/bee_0408_1_rev/cam1_2026-04-08_16-35-15.mp4,1105.0,1880.0,871,1564,1339,2196,0.8398367
93,/Volumes/SmithL0/2026/BIOL470/Final/Learning_Rig/bee_0408_1_rev/cam1_2026-04-08_16-35-15.mp4,1104.5,1880.0,870,1564,1339,2196,0.84059477
94,/Volumes/SmithL0/2026/BIOL470/Final/Learning_Rig/bee_0408_1_rev/cam1_2026-04-08_16-35-15.mp4,1104.5,1880.0,870,1564,1339,2196,0.8411257
95,/Volumes/SmithL0/2026/BIOL470/Final/Learning_Rig/bee_0408_1_rev/cam1_2026-04-08_16-35-15.mp4,1103.0,1879.0,867,1563,1339,2195,0.8404857
96,/Volumes/SmithL0/2026/BIOL470/Final/Learning_Rig/bee_0408_1_rev/cam1_2026-04-08_16-35-15.mp4,1102.5,1882.5,874,1564,1331,2201,0.83967304
97,/Volumes/SmithL0/2026/BIOL470/Final/Learning_Rig/bee_0408_1_rev/cam1_2026-04-08_16-35-15.mp4,1104.5,1879.5,869,1563,1340,2196,0.8426791
98,/Volumes/SmithL0/2026/BIOL470/Final/Learning_Rig/bee_0408_1_rev/cam1_2026-04-08_16-35-15.mp4,1105.0,1879.5,871,1564,1339,2195,0.84056574
99,/Volumes/SmithL0/2026/BIOL470/Final/Learning_Rig/bee_0408_1_rev/cam1_2026-04-08_16-35-15.mp4,1104.5,1879.5,869,1563,1340,2196,0.8424134
100,/Volumes/SmithL0/2026/BIOL470/Final/Learning_Rig/bee_0408_1_rev/cam1_2026-04-08_16-35-15.mp4,1103.5,1880.0,867,1564,1340,2196,0.84453166
101,/Volumes/SmithL0/2026/BIOL470/Final/Learning_Rig/bee_0408_1_rev/cam1_2026-04-08_16-35-15.mp4,1104.0,1880.0,868,1564,1340,2196,0.84661406
102,/Volumes/SmithL0/2026/BIOL470/Final/Learning_Rig/bee_0408_1_rev/cam1_2026-04-08_16-35-15.mp4,1108.0,1880.0,875,1564,1341,2196,0.8434985
103,/Volumes/SmithL0/2026/BIOL470/Final/Learning_Rig/bee_0408_1_rev/cam1_2026-04-08_16-35-15.mp4,1105.5,1879.5,870,1563,1341,2196,0.8423946
104,/Volumes/SmithL0/2026/BIOL470/Final/Learning_Rig/bee_0408_1_rev/cam1_2026-04-08_16-35-15.mp4,1106.0,1880.0,872,1563,1340,2197,0.8399789
105,/Volumes/SmithL0/2026/BIOL470/Final/Learning_Rig/bee_0408_1_rev/cam1_2026-04-08_16-35-15.mp4,1106.0,1879.5,872,1563,1340,2196,0.83856183
106,/Volumes/SmithL0/2026/BIOL470/Final/Learning_Rig/bee_0408_1_rev/cam1_2026-04-08_16-35-15.mp4,1107.0,1879.5,874,1563,1340,2196,0.8390944
107,/Volumes/SmithL0/2026/BIOL470/Final/Learning_Rig/bee_0408_1_rev/cam1_2026-04-08_16-35-15.mp4,1105.5,1879.5,871,1563,1340,2196,0.8404401
108,/Volumes/SmithL0/2026/BIOL470/Final/Learning_Rig/bee_0408_1_rev/cam1_2026-04-08_16-35-15.mp4,1105.5,1880.0,871,1564,1340,2196,0.83804595
109,/Volumes/SmithL0/2026/BIOL470/Final/Learning_Rig/bee_0408_1_rev/cam1_2026-04-08_16-35-15.mp4,1105.0,1879.0,869,1563,1341,2195,0.8403095
110,/Volumes/SmithL0/2026/BIOL470/Final/Learning_Rig/bee_0408_1_rev/cam1_2026-04-08_16-35-15.mp4,1104.5,1880.0,869,1564,1340,2196,0.84195507
111,/Volumes/SmithL0/2026/BIOL470/Final/Learning_Rig/bee_0408_1_rev/cam1_2026-04-08_16-35-15.mp4,1106.0,1880.0,871,1564,1341,2196,0.8413104
112,/Volumes/SmithL0/2026/BIOL470/Final/Learning_Rig/bee_0408_1_rev/cam1_2026-04-08_16-35-15.mp4,1102.5,1881.5,873,1563,1332,2200,0.84086156
113,/Volumes/SmithL0/2026/BIOL470/Final/Learning_Rig/bee_0408_1_rev/cam1_2026-04-08_16-35-15.mp4,1106.5,1879.5,872,1563,1341,2196,0.84222007
114,/Volumes/SmithL0/2026/BIOL470/Final/Learning_Rig/bee_0408_1_rev/cam1_2026-04-08_16-35-15.mp4,1105.0,1879.5,870,1563,1340,2196,0.84199715
115,/Volumes/SmithL0/2026/BIOL470/Final/Learning_Rig/bee_0408_1_rev/cam1_2026-04-08_16-35-15.mp4,1106.5,1879.0,873,1563,1340,2195,0.8417867
116,/Volumes/SmithL0/2026/BIOL470/Final/Learning_Rig/bee_0408_1_rev/cam1_2026-04-08_16-35-15.mp4,1104.5,1879.5,869,1563,1340,2196,0.84378684
117,/Volumes/SmithL0/2026/BIOL470/Final/Learning_Rig/bee_0408_1_rev/cam1_2026-04-08_16-35-15.mp4,1106.0,1879.0,872,1563,1340,2195,0.84225756
118,/Volumes/SmithL0/2026/BIOL470/Final/Learning_Rig/bee_0408_1_rev/cam1_2026-04-08_16-35-15.mp4,1104.5,1883.0,876,1564,1333,2202,0.8398341
119,/Volumes/SmithL0/2026/BIOL470/Final/Learning_Rig/bee_0408_1_rev/cam1_2026-04-08_16-35-15.mp4,1106.5,1880.0,873,1564,1340,2196,0.83959013
120,/Volumes/SmithL0/2026/BIOL470/Final/Learning_Rig/bee_0408_1_rev/cam1_2026-04-08_16-35-15.mp4,1103.5,1882.0,875,1564,1332,2200,0.84072536
121,/Volumes/SmithL0/2026/BIOL470/Final/Learning_Rig/bee_0408_1_rev/cam1_2026-04-08_16-35-15.mp4,1105.5,1880.0,871,1564,1340,2196,0.8399727
122,/Volumes/SmithL0/2026/BIOL470/Final/Learning_Rig/bee_0408_1_rev/cam1_2026-04-08_16-35-15.mp4,1104.0,1880.5,868,1564,1340,2197,0.8421795
123,/Volumes/SmithL0/2026/BIOL470/Final/Learning_Rig/bee_0408_1_rev/cam1_2026-04-08_16-35-15.mp4,1106.0,1880.0,871,1564,1341,2196,0.8401224
124,/Volumes/SmithL0/2026/BIOL470/Final/Learning_Rig/bee_0408_1_rev/cam1_2026-04-08_16-35-15.mp4,1103.5,1882.0,875,1564,1332,2200,0.8385863
125,/Volumes/SmithL0/2026/BIOL470/Final/Learning_Rig/bee_0408_1_rev/cam1_2026-04-08_16-35-15.mp4,1103.0,1882.0,874,1563,1332,2201,0.839312
126,/Volumes/SmithL0/2026/BIOL470/Final/Learning_Rig/bee_0408_1_rev/cam1_2026-04-08_16-35-15.mp4,1103.0,1881.5,874,1564,1332,2199,0.8392027
127,/Volumes/SmithL0/2026/BIOL470/Final/Learning_Rig/bee_0408_1_rev/cam1_2026-04-08_16-35-15.mp4,1103.5,1881.5,875,1563,1332,2200,0.8373426
128,/Volumes/SmithL0/2026/BIOL470/Final/Learning_Rig/bee_0408_1_rev/cam1_2026-04-08_16-35-15.mp4,1103.0,1881.5,874,1564,1332,2199,0.8384706
129,/Volumes/SmithL0/2026/BIOL470/Final/Learning_Rig/bee_0408_1_rev/cam1_2026-04-08_16-35-15.mp4,1106.0,1878.5,871,1563,1341,2194,0.83941215
130,/Volumes/SmithL0/2026/BIOL470/Final/Learning_Rig/bee_0408_1_rev/cam1_2026-04-08_16-35-15.mp4,1108.5,1879.0,877,1563,1340,2195,0.8399678
131,/Volumes/SmithL0/2026/BIOL470/Final/Learning_Rig/bee_0408_1_rev/cam1_2026-04-08_16-35-15.mp4,1109.5,1879.0,878,1563,1341,2195,0.8389358
132,/Volumes/SmithL0/2026/BIOL470/Final/Learning_Rig/bee_0408_1_rev/cam1_2026-04-08_16-35-15.mp4,1109.0,1878.5,877,1563,1341,2194,0.8385917
133,/Volumes/SmithL0/2026/BIOL470/Final/Learning_Rig/bee_0408_1_rev/cam1_2026-04-08_16-35-15.mp4,1105.5,1879.0,871,1563,1340,2195,0.8402388
134,/Volumes/SmithL0/2026/BIOL470/Final/Learning_Rig/bee_0408_1_rev/cam1_2026-04-08_16-35-15.mp4,1104.0,1881.0,876,1563,1332,2199,0.83739525
135,/Volumes/SmithL0/2026/BIOL470/Final/Learning_Rig/bee_0408_1_rev/cam1_2026-04-08_16-35-15.mp4,1104.0,1881.0,876,1563,1332,2199,0.83825994
136,/Volumes/SmithL0/2026/BIOL470/Final/Learning_Rig/bee_0408_1_rev/cam1_2026-04-08_16-35-15.mp4,1104.0,1881.5,875,1563,1333,2200,0.83787477
137,/Volumes/SmithL0/2026/BIOL470/Final/Learning_Rig/bee_0408_1_rev/cam1_2026-04-08_16-35-15.mp4,1105.0,1879.0,870,1563,1340,2195,0.84269947
138,/Volumes/SmithL0/2026/BIOL470/Final/Learning_Rig/bee_0408_1_rev/cam1_2026-04-08_16-35-15.mp4,1104.0,1879.5,868,1563,1340,2196,0.8411483
139,/Volumes/SmithL0/2026/BIOL470/Final/Learning_Rig/bee_0408_1_rev/cam1_2026-04-08_16-35-15.mp4,1105.0,1879.5,870,1564,1340,2195,0.83999246
140,/Volumes/SmithL0/2026/BIOL470/Final/Learning_Rig/bee_0408_1_rev/cam1_2026-04-08_16-35-15.mp4,1102.0,1881.5,872,1564,1332,2199,0.8390471
141,/Volumes/SmithL0/2026/BIOL470/Final/Learning_Rig/bee_0408_1_rev/cam1_2026-04-08_16-35-15.mp4,1102.5,1882.5,873,1564,1332,2201,0.8393644
142,/Volumes/SmithL0/2026/BIOL470/Final/Learning_Rig/bee_0408_1_rev/cam1_2026-04-08_16-35-15.mp4,1104.0,1880.0,868,1564,1340,2196,0.8426121
143,/Volumes/SmithL0/2026/BIOL470/Final/Learning_Rig/bee_0408_1_rev/cam1_2026-04-08_16-35-15.mp4,1106.5,1879.5,872,1563,1341,2196,0.8392336
144,/Volumes/SmithL0/2026/BIOL470/Final/Learning_Rig/bee_0408_1_rev/cam1_2026-04-08_16-35-15.mp4,1106.0,1880.0,871,1564,1341,2196,0.8408764
145,/Volumes/SmithL0/2026/BIOL470/Final/Learning_Rig/bee_0408_1_rev/cam1_2026-04-08_16-35-15.mp4,1103.0,1881.5,874,1563,1332,2200,0.8378289
146,/Volumes/SmithL0/2026/BIOL470/Final/Learning_Rig/bee_0408_1_rev/cam1_2026-04-08_16-35-15.mp4,1102.0,1881.5,872,1563,1332,2200,0.838415
147,/Volumes/SmithL0/2026/BIOL470/Final/Learning_Rig/bee_0408_1_rev/cam1_2026-04-08_16-35-15.mp4,1104.5,1879.5,869,1563,1340,2196,0.83929086
148,/Volumes/SmithL0/2026/BIOL470/Final/Learning_Rig/bee_0408_1_rev/cam1_2026-04-08_16-35-15.mp4,1103.0,1881.5,874,1563,1332,2200,0.84006
149,/Volumes/SmithL0/2026/BIOL470/Final/Learning_Rig/bee_0408_1_rev/cam1_2026-04-08_16-35-15.mp4,1103.0,1881.5,874,1563,1332,2200,0.8386801
150,/Volumes/SmithL0/2026/BIOL470/Final/Learning_Rig/bee_0408_1_rev/cam1_2026-04-08_16-35-15.mp4,1107.5,1878.5,874,1563,1341,2194,0.84122396
151,/Volumes/SmithL0/2026/BIOL470/Final/Learning_Rig/bee_0408_1_rev/cam1_2026-04-08_16-35-15.mp4,1107.0,1879.0,873,1563,1341,2195,0.83885527
152,/Volumes/SmithL0/2026/BIOL470/Final/Learning_Rig/bee_0408_1_rev/cam1_2026-04-08_16-35-15.mp4,1107.0,1879.0,873,1563,1341,2195,0.8401083
153,/Volumes/SmithL0/2026/BIOL470/Final/Learning_Rig/bee_0408_1_rev/cam1_2026-04-08_16-35-15.mp4,1108.0,1879.5,875,1563,1341,2196,0.8416113
154,/Volumes/SmithL0/2026/BIOL470/Final/Learning_Rig/bee_0408_1_rev/cam1_2026-04-08_16-35-15.mp4,1108.5,1879.0,876,1563,1341,2195,0.8395039
155,/Volumes/SmithL0/2026/BIOL470/Final/Learning_Rig/bee_0408_1_rev/cam1_2026-04-08_16-35-15.mp4,1104.5,1881.5,877,1563,1332,2200,0.8374073
156,/Volumes/SmithL0/2026/BIOL470/Final/Learning_Rig/bee_0408_1_rev/cam1_2026-04-08_16-35-15.mp4,1105.0,1881.5,877,1563,1333,2200,0.83688307
157,/Volumes/SmithL0/2026/BIOL470/Final/Learning_Rig/bee_0408_1_rev/cam1_2026-04-08_16-35-15.mp4,1105.0,1881.5,877,1563,1333,2200,0.8367851
158,/Volumes/SmithL0/2026/BIOL470/Final/Learning_Rig/bee_0408_1_rev/cam1_2026-04-08_16-35-15.mp4,1105.0,1880.5,877,1563,1333,2198,0.83893144
159,/Volumes/SmithL0/2026/BIOL470/Final/Learning_Rig/bee_0408_1_rev/cam1_2026-04-08_16-35-15.mp4,1103.0,1881.5,874,1564,1332,2199,0.8384175
160,/Volumes/SmithL0/2026/BIOL470/Final/Learning_Rig/bee_0408_1_rev/cam1_2026-04-08_16-35-15.mp4,1103.5,1882.0,875,1564,1332,2200,0.8367042
161,/Volumes/SmithL0/2026/BIOL470/Final/Learning_Rig/bee_0408_1_rev/cam1_2026-04-08_16-35-15.mp4,1104.0,1881.5,875,1564,1333,2199,0.8374507
162,/Volumes/SmithL0/2026/BIOL470/Final/Learning_Rig/bee_0408_1_rev/cam1_2026-04-08_16-35-15.mp4,1104.5,1881.5,876,1564,1333,2199,0.8367317
163,/Volumes/SmithL0/2026/BIOL470/Final/Learning_Rig/bee_0408_1_rev/cam1_2026-04-08_16-35-15.mp4,1105.0,1878.0,870,1562,1340,2194,0.8379699
164,/Volumes/SmithL0/2026/BIOL470/Final/Learning_Rig/bee_0408_1_rev/cam1_2026-04-08_16-35-15.mp4,1105.5,1878.5,871,1563,1340,2194,0.83931404
165,/Volumes/SmithL0/2026/BIOL470/Final/Learning_Rig/bee_0408_1_rev/cam1_2026-04-08_16-35-15.mp4,1107.0,1878.5,873,1562,1341,2195,0.83982104
166,/Volumes/SmithL0/2026/BIOL470/Final/Learning_Rig/bee_0408_1_rev/cam1_2026-04-08_16-35-15.mp4,1107.5,1879.0,874,1563,1341,2195,0.841348
167,/Volumes/SmithL0/2026/BIOL470/Final/Learning_Rig/bee_0408_1_rev/cam1_2026-04-08_16-35-15.mp4,1105.0,1879.0,870,1563,1340,2195,0.8413998
168,/Volumes/SmithL0/2026/BIOL470/Final/Learning_Rig/bee_0408_1_rev/cam1_2026-04-08_16-35-15.mp4,1106.5,1879.0,873,1563,1340,2195,0.83980834
169,/Volumes/SmithL0/2026/BIOL470/Final/Learning_Rig/bee_0408_1_rev/cam1_2026-04-08_16-35-15.mp4,1105.0,1879.5,870,1564,1340,2195,0.8416366
170,/Volumes/SmithL0/2026/BIOL470/Final/Learning_Rig/bee_0408_1_rev/cam1_2026-04-08_16-35-15.mp4,1106.5,1879.0,873,1564,1340,2194,0.83956337
171,/Volumes/SmithL0/2026/BIOL470/Final/Learning_Rig/bee_0408_1_rev/cam1_2026-04-08_16-35-15.mp4,1106.5,1879.0,873,1564,1340,2194,0.83979195
172,/Volumes/SmithL0/2026/BIOL470/Final/Learning_Rig/bee_0408_1_rev/cam1_2026-04-08_16-35-15.mp4,1106.0,1879.5,872,1564,1340,2195,0.84037185
173,/Volumes/SmithL0/2026/BIOL470/Final/Learning_Rig/bee_0408_1_rev/cam1_2026-04-08_16-35-15.mp4,1107.5,1879.0,874,1564,1341,2194,0.8388163
174,/Volumes/SmithL0/2026/BIOL470/Final/Learning_Rig/bee_0408_1_rev/cam1_2026-04-08_16-35-15.mp4,1108.5,1879.0,876,1564,1341,2194,0.8388969
175,/Volumes/SmithL0/2026/BIOL470/Final/Learning_Rig/bee_0408_1_rev/cam1_2026-04-08_16-35-15.mp4,1109.5,1878.5,877,1563,1342,2194,0.8389372
176,/Volumes/SmithL0/2026/BIOL470/Final/Learning_Rig/bee_0408_1_rev/cam1_2026-04-08_16-35-15.mp4,1104.5,1881.0,876,1563,1333,2199,0.8392114
177,/Volumes/SmithL0/2026/BIOL470/Final/Learning_Rig/bee_0408_1_rev/cam1_2026-04-08_16-35-15.mp4,1109.5,1879.0,877,1563,1342,2195,0.8393578
178,/Volumes/SmithL0/2026/BIOL470/Final/Learning_Rig/bee_0408_1_rev/cam1_2026-04-08_16-35-15.mp4,1104.0,1880.5,876,1563,1332,2198,0.8383477
179,/Volumes/SmithL0/2026/BIOL470/Final/Learning_Rig/bee_0408_1_rev/cam1_2026-04-08_16-35-15.mp4,1108.0,1878.5,876,1563,1340,2194,0.8379625
180,/Volumes/SmithL0/2026/BIOL470/Final/Learning_Rig/bee_0408_1_rev/cam1_2026-04-08_16-35-15.mp4,1107.5,1878.0,874,1562,1341,2194,0.8406421
181,/Volumes/SmithL0/2026/BIOL470/Final/Learning_Rig/bee_0408_1_rev/cam1_2026-04-08_16-35-15.mp4,1106.5,1879.0,873,1563,1340,2195,0.83846074
182,/Volumes/SmithL0/2026/BIOL470/Final/Learning_Rig/bee_0408_1_rev/cam1_2026-04-08_16-35-15.mp4,1107.5,1878.5,874,1563,1341,2194,0.83849555
183,/Volumes/SmithL0/2026/BIOL470/Final/Learning_Rig/bee_0408_1_rev/cam1_2026-04-08_16-35-15.mp4,1109.0,1879.0,878,1564,1340,2194,0.8372313
184,/Volumes/SmithL0/2026/BIOL470/Final/Learning_Rig/bee_0408_1_rev/cam1_2026-04-08_16-35-15.mp4,1106.5,1879.5,872,1564,1341,2195,0.8395421
185,/Volumes/SmithL0/2026/BIOL470/Final/Learning_Rig/bee_0408_1_rev/cam1_2026-04-08_16-35-15.mp4,1104.5,1881.0,877,1563,1332,2199,0.8365731
186,/Volumes/SmithL0/2026/BIOL470/Final/Learning_Rig/bee_0408_1_rev/cam1_2026-04-08_16-35-15.mp4,1108.5,1878.5,876,1563,1341,2194,0.8371533
187,/Volumes/SmithL0/2026/BIOL470/Final/Learning_Rig/bee_0408_1_rev/cam1_2026-04-08_16-35-15.mp4,1104.5,1881.5,877,1564,1332,2199,0.8366819
188,/Volumes/SmithL0/2026/BIOL470/Final/Learning_Rig/bee_0408_1_rev/cam1_2026-04-08_16-35-15.mp4,1107.5,1879.0,875,1564,1340,2194,0.83952403
189,/Volumes/SmithL0/2026/BIOL470/Final/Learning_Rig/bee_0408_1_rev/cam1_2026-04-08_16-35-15.mp4,1107.5,1879.0,874,1564,1341,2194,0.8401301
190,/Volumes/SmithL0/2026/BIOL470/Final/Learning_Rig/bee_0408_1_rev/cam1_2026-04-08_16-35-15.mp4,1109.0,1878.5,877,1563,1341,2194,0.83892626
191,/Volumes/SmithL0/2026/BIOL470/Final/Learning_Rig/bee_0408_1_rev/cam1_2026-04-08_16-35-15.mp4,1109.0,1878.0,876,1562,1342,2194,0.8374062
192,/Volumes/SmithL0/2026/BIOL470/Final/Learning_Rig/bee_0408_1_rev/cam1_2026-04-08_16-35-15.mp4,1107.5,1878.5,874,1563,1341,2194,0.83900076
193,/Volumes/SmithL0/2026/BIOL470/Final/Learning_Rig/bee_0408_1_rev/cam1_2026-04-08_16-35-15.mp4,1108.5,1878.5,876,1563,1341,2194,0.8391604
194,/Volumes/SmithL0/2026/BIOL470/Final/Learning_Rig/bee_0408_1_rev/cam1_2026-04-08_16-35-15.mp4,1104.5,1880.5,876,1563,1333,2198,0.83865005
195,/Volumes/SmithL0/2026/BIOL470/Final/Learning_Rig/bee_0408_1_rev/cam1_2026-04-08_16-35-15.mp4,1104.5,1879.5,876,1562,1333,2197,0.8363786
196,/Volumes/SmithL0/2026/BIOL470/Final/Learning_Rig/bee_0408_1_rev/cam1_2026-04-08_16-35-15.mp4,1103.5,1880.0,875,1563,1332,2197,0.8351283
197,/Volumes/SmithL0/2026/BIOL470/Final/Learning_Rig/bee_0408_1_rev/cam1_2026-04-08_16-35-15.mp4,1104.0,1880.5,875,1563,1333,2198,0.83620024
198,/Volumes/SmithL0/2026/BIOL470/Final/Learning_Rig/bee_0408_1_rev/cam1_2026-04-08_16-35-15.mp4,1104.0,1880.5,875,1563,1333,2198,0.8370188
199,/Volumes/SmithL0/2026/BIOL470/Final/Learning_Rig/bee_0408_1_rev/cam1_2026-04-08_16-35-15.mp4,1103.5,1881.0,875,1563,1332,2199,0.83607733
200,/Volumes/SmithL0/2026/BIOL470/Final/Learning_Rig/bee_0408_1_rev/cam1_2026-04-08_16-35-15.mp4,1104.0,1880.0,876,1562,1332,2198,0.8349171
201,/Volumes/SmithL0/2026/BIOL470/Final/Learning_Rig/bee_0408_1_rev/cam1_2026-04-08_16-35-15.mp4,1104.5,1881.0,876,1562,1333,2200,0.8356371
202,/Volumes/SmithL0/2026/BIOL470/Final/Learning_Rig/bee_0408_1_rev/cam1_2026-04-08_16-35-15.mp4,1103.0,1881.0,874,1562,1332,2200,0.83679044
203,/Volumes/SmithL0/2026/BIOL470/Final/Learning_Rig/bee_0408_1_rev/cam1_2026-04-08_16-35-15.mp4,1104.0,1881.0,875,1563,1333,2199,0.8373554
204,/Volumes/SmithL0/2026/BIOL470/Final/Learning_Rig/bee_0408_1_rev/cam1_2026-04-08_16-35-15.mp4,1103.5,1880.5,875,1563,1332,2198,0.83611006
205,/Volumes/SmithL0/2026/BIOL470/Final/Learning_Rig/bee_0408_1_rev/cam1_2026-04-08_16-35-15.mp4,1103.0,1880.5,874,1563,1332,2198,0.8368929
206,/Volumes/SmithL0/2026/BIOL470/Final/Learning_Rig/bee_0408_1_rev/cam1_2026-04-08_16-35-15.mp4,1103.5,1880.5,875,1563,1332,2198,0.8372213
207,/Volumes/SmithL0/2026/BIOL470/Final/Learning_Rig/bee_0408_1_rev/cam1_2026-04-08_16-35-15.mp4,1103.0,1880.0,874,1563,1332,2197,0.8374326
208,/Volumes/SmithL0/2026/BIOL470/Final/Learning_Rig/bee_0408_1_rev/cam1_2026-04-08_16-35-15.mp4,1103.5,1880.5,875,1563,1332,2198,0.83671814
209,/Volumes/SmithL0/2026/BIOL470/Final/Learning_Rig/bee_0408_1_rev/cam1_2026-04-08_16-35-15.mp4,1104.0,1880.5,875,1563,1333,2198,0.8363846
210,/Volumes/SmithL0/2026/BIOL470/Final/Learning_Rig/bee_0408_1_rev/cam1_2026-04-08_16-35-15.mp4,1106.5,1878.5,873,1563,1340,2194,0.83809304
211,/Volumes/SmithL0/2026/BIOL470/Final/Learning_Rig/bee_0408_1_rev/cam1_2026-04-08_16-35-15.mp4,1106.0,1879.0,872,1563,1340,2195,0.8394769
212,/Volumes/SmithL0/2026/BIOL470/Final/Learning_Rig/bee_0408_1_rev/cam1_2026-04-08_16-35-15.mp4,1107.5,1879.0,874,1564,1341,2194,0.8383356
213,/Volumes/SmithL0/2026/BIOL470/Final/Learning_Rig/bee_0408_1_rev/cam1_2026-04-08_16-35-15.mp4,1107.0,1879.5,873,1564,1341,2195,0.83814913
214,/Volumes/SmithL0/2026/BIOL470/Final/Learning_Rig/bee_0408_1_rev/cam1_2026-04-08_16-35-15.mp4,1108.0,1879.0,875,1564,1341,2194,0.8394364
215,/Volumes/SmithL0/2026/BIOL470/Final/Learning_Rig/bee_0408_1_rev/cam1_2026-04-08_16-35-15.mp4,1103.0,1881.5,874,1564,1332,2199,0.838084
216,/Volumes/SmithL0/2026/BIOL470/Final/Learning_Rig/bee_0408_1_rev/cam1_2026-04-08_16-35-15.mp4,1106.5,1878.5,872,1563,1341,2194,0.83981144
217,/Volumes/SmithL0/2026/BIOL470/Final/Learning_Rig/bee_0408_1_rev/cam1_2026-04-08_16-35-15.mp4,1106.5,1878.5,872,1563,1341,2194,0.8386398
218,/Volumes/SmithL0/2026/BIOL470/Final/Learning_Rig/bee_0408_1_rev/cam1_2026-04-08_16-35-15.mp4,1107.5,1878.5,874,1563,1341,2194,0.8387228
219,/Volumes/SmithL0/2026/BIOL470/Final/Learning_Rig/bee_0408_1_rev/cam1_2026-04-08_16-35-15.mp4,1108.5,1879.0,876,1563,1341,2195,0.837698
220,/Volumes/SmithL0/2026/BIOL470/Final/Learning_Rig/bee_0408_1_rev/cam1_2026-04-08_16-35-15.mp4,1104.5,1880.5,877,1563,1332,2198,0.83460265
221,/Volumes/SmithL0/2026/BIOL470/Final/Learning_Rig/bee_0408_1_rev/cam1_2026-04-08_16-35-15.mp4,1109.0,1879.0,877,1563,1341,2195,0.8369809
222,/Volumes/SmithL0/2026/BIOL470/Final/Learning_Rig/bee_0408_1_rev/cam1_2026-04-08_16-35-15.mp4,1105.0,1881.0,877,1562,1333,2200,0.8367218
223,/Volumes/SmithL0/2026/BIOL470/Final/Learning_Rig/bee_0408_1_rev/cam1_2026-04-08_16-35-15.mp4,1108.0,1879.0,875,1563,1341,2195,0.8373673
224,/Volumes/SmithL0/2026/BIOL470/Final/Learning_Rig/bee_0408_1_rev/cam1_2026-04-08_16-35-15.mp4,1108.0,1878.5,875,1562,1341,2195,0.840103
225,/Volumes/SmithL0/2026/BIOL470/Final/Learning_Rig/bee_0408_1_rev/cam1_2026-04-08_16-35-15.mp4,1106.0,1878.5,872,1562,1340,2195,0.8380693
226,/Volumes/SmithL0/2026/BIOL470/Final/Learning_Rig/bee_0408_1_rev/cam1_2026-04-08_16-35-15.mp4,1104.0,1880.5,875,1562,1333,2199,0.83525765
227,/Volumes/SmithL0/2026/BIOL470/Final/Learning_Rig/bee_0408_1_rev/cam1_2026-04-08_16-35-15.mp4,1103.0,1881.0,874,1562,1332,2200,0.8351193
228,/Volumes/SmithL0/2026/BIOL470/Final/Learning_Rig/bee_0408_1_rev/cam1_2026-04-08_16-35-15.mp4,1103.0,1880.0,874,1562,1332,2198,0.8358654
229,/Volumes/SmithL0/2026/BIOL470/Final/Learning_Rig/bee_0408_1_rev/cam1_2026-04-08_16-35-15.mp4,1103.5,1881.5,874,1563,1333,2200,0.83717793
230,/Volumes/SmithL0/2026/BIOL470/Final/Learning_Rig/bee_0408_1_rev/cam1_2026-04-08_16-35-15.mp4,1103.5,1880.5,875,1563,1332,2198,0.8354232
231,/Volumes/SmithL0/2026/BIOL470/Final/Learning_Rig/bee_0408_1_rev/cam1_2026-04-08_16-35-15.mp4,1106.5,1878.0,873,1563,1340,2193,0.83773005
232,/Volumes/SmithL0/2026/BIOL470/Final/Learning_Rig/bee_0408_1_rev/cam1_2026-04-08_16-35-15.mp4,1103.0,1880.0,874,1563,1332,2197,0.8363877
233,/Volumes/SmithL0/2026/BIOL470/Final/Learning_Rig/bee_0408_1_rev/cam1_2026-04-08_16-35-15.mp4,1103.5,1880.5,874,1563,1333,2198,0.8370579
234,/Volumes/SmithL0/2026/BIOL470/Final/Learning_Rig/bee_0408_1_rev/cam1_2026-04-08_16-35-15.mp4,1107.5,1878.0,875,1563,1340,2193,0.837013
235,/Volumes/SmithL0/2026/BIOL470/Final/Learning_Rig/bee_0408_1_rev/cam1_2026-04-08_16-35-15.mp4,1100.0,1870.5,874,1552,1326,2189,0.8368466
236,/Volumes/SmithL0/2026/BIOL470/Final/Learning_Rig/bee_0408_1_rev/cam1_2026-04-08_16-35-15.mp4,1099.5,1869.5,875,1551,1324,2188,0.8371638
237,/Volumes/SmithL0/2026/BIOL470/Final/Learning_Rig/bee_0408_1_rev/cam1_2026-04-08_16-35-15.mp4,1100.0,1870.0,875,1552,1325,2188,0.8367161
238,/Volumes/SmithL0/2026/BIOL470/Final/Learning_Rig/bee_0408_1_rev/cam1_2026-04-08_16-35-15.mp4,1099.0,1871.0,874,1553,1324,2189,0.8371277
239,/Volumes/SmithL0/2026/BIOL470/Final/Learning_Rig/bee_0408_1_rev/cam1_2026-04-08_16-35-15.mp4,1098.0,1870.5,871,1552,1325,2189,0.8388796
240,/Volumes/SmithL0/2026/BIOL470/Final/Learning_Rig/bee_0408_1_rev/cam1_2026-04-08_16-35-15.mp4,1098.0,1870.0,870,1552,1326,2188,0.8400931
241,/Volumes/SmithL0/2026/BIOL470/Final/Learning_Rig/bee_0408_1_rev/cam1_2026-04-08_16-35-15.mp4,1098.0,1870.0,871,1552,1325,2188,0.8382979
242,/Volumes/SmithL0/2026/BIOL470/Final/Learning_Rig/bee_0408_1_rev/cam1_2026-04-08_16-35-15.mp4,1103.5,1880.5,875,1563,1332,2198,0.8374539
243,/Volumes/SmithL0/2026/BIOL470/Final/Learning_Rig/bee_0408_1_rev/cam1_2026-04-08_16-35-15.mp4,1104.0,1880.5,875,1563,1333,2198,0.83823675
244,/Volumes/SmithL0/2026/BIOL470/Final/Learning_Rig/bee_0408_1_rev/cam1_2026-04-08_16-35-15.mp4,1109.0,1878.5,877,1563,1341,2194,0.8379312
245,/Volumes/SmithL0/2026/BIOL470/Final/Learning_Rig/bee_0408_1_rev/cam1_2026-04-08_16-35-15.mp4,1109.0,1878.0,877,1563,1341,2193,0.83678067
246,/Volumes/SmithL0/2026/BIOL470/Final/Learning_Rig/bee_0408_1_rev/cam1_2026-04-08_16-35-15.mp4,1104.5,1880.0,876,1562,1333,2198,0.8352607
247,/Volumes/SmithL0/2026/BIOL470/Final/Learning_Rig/bee_0408_1_rev/cam1_2026-04-08_16-35-15.mp4,1098.5,1870.5,873,1552,1324,2189,0.8383344
248,/Volumes/SmithL0/2026/BIOL470/Final/Learning_Rig/bee_0408_1_rev/cam1_2026-04-08_16-35-15.mp4,1098.0,1870.0,872,1551,1324,2189,0.8359217
249,/Volumes/SmithL0/2026/BIOL470/Final/Learning_Rig/bee_0408_1_rev/cam1_2026-04-08_16-35-15.mp4,1097.5,1870.0,872,1552,1323,2188,0.83616376
250,/Volumes/SmithL0/2026/BIOL470/Final/Learning_Rig/bee_0408_1_rev/cam1_2026-04-08_16-35-15.mp4,1103.5,1880.5,875,1563,1332,2198,0.8363449
251,/Volumes/SmithL0/2026/BIOL470/Final/Learning_Rig/bee_0408_1_rev/cam1_2026-04-08_16-35-15.mp4,1105.5,1878.5,871,1563,1340,2194,0.83780736
252,/Volumes/SmithL0/2026/BIOL470/Final/Learning_Rig/bee_0408_1_rev/cam1_2026-04-08_16-35-15.mp4,1104.0,1880.5,876,1563,1332,2198,0.8378652
253,/Volumes/SmithL0/2026/BIOL470/Final/Learning_Rig/bee_0408_1_rev/cam1_2026-04-08_16-35-15.mp4,1106.5,1878.0,873,1562,1340,2194,0.8375148
254,/Volumes/SmithL0/2026/BIOL470/Final/Learning_Rig/bee_0408_1_rev/cam1_2026-04-08_16-35-15.mp4,1106.0,1878.0,871,1562,1341,2194,0.8391402
255,/Volumes/SmithL0/2026/BIOL470/Final/Learning_Rig/bee_0408_1_rev/cam1_2026-04-08_16-35-15.mp4,1104.0,1878.0,868,1562,1340,2194,0.8392334
256,/Volumes/SmithL0/2026/BIOL470/Final/Learning_Rig/bee_0408_1_rev/cam1_2026-04-08_16-35-15.mp4,1104.0,1880.0,875,1562,1333,2198,0.8355511
257,/Volumes/SmithL0/2026/BIOL470/Final/Learning_Rig/bee_0408_1_rev/cam1_2026-04-08_16-35-15.mp4,1106.5,1877.5,872,1562,1341,2193,0.8381733
258,/Volumes/SmithL0/2026/BIOL470/Final/Learning_Rig/bee_0408_1_rev/cam1_2026-04-08_16-35-15.mp4,1103.0,1880.0,874,1563,1332,2197,0.83625203
259,/Volumes/SmithL0/2026/BIOL470/Final/Learning_Rig/bee_0408_1_rev/cam1_2026-04-08_16-35-15.mp4,1103.5,1880.0,875,1562,1332,2198,0.8371193
260,/Volumes/SmithL0/2026/BIOL470/Final/Learning_Rig/bee_0408_1_rev/cam1_2026-04-08_16-35-15.mp4,1103.5,1880.0,875,1562,1332,2198,0.8382176
261,/Volumes/SmithL0/2026/BIOL470/Final/Learning_Rig/bee_0408_1_rev/cam1_2026-04-08_16-35-15.mp4,1103.5,1881.0,875,1562,1332,2200,0.83683014
262,/Volumes/SmithL0/2026/BIOL470/Final/Learning_Rig/bee_0408_1_rev/cam1_2026-04-08_16-35-15.mp4,1104.0,1881.0,876,1563,1332,2199,0.8369411
263,/Volumes/SmithL0/2026/BIOL470/Final/Learning_Rig/bee_0408_1_rev/cam1_2026-04-08_16-35-15.mp4,1104.0,1880.5,876,1562,1332,2199,0.83528817
264,/Volumes/SmithL0/2026/BIOL470/Final/Learning_Rig/bee_0408_1_rev/cam1_2026-04-08_16-35-15.mp4,1103.5,1880.5,876,1562,1331,2199,0.8351029
265,/Volumes/SmithL0/2026/BIOL470/Final/Learning_Rig/bee_0408_1_rev/cam1_2026-04-08_16-35-15.mp4,1107.5,1878.5,874,1562,1341,2195,0.84093136
266,/Volumes/SmithL0/2026/BIOL470/Final/Learning_Rig/bee_0408_1_rev/cam1_2026-04-08_16-35-15.mp4,1108.0,1879.0,875,1563,1341,2195,0.83971345
267,/Volumes/SmithL0/2026/BIOL470/Final/Learning_Rig/bee_0408_1_rev/cam1_2026-04-08_16-35-15.mp4,1106.5,1878.5,872,1562,1341,2195,0.84127957
268,/Volumes/SmithL0/2026/BIOL470/Final/Learning_Rig/bee_0408_1_rev/cam1_2026-04-08_16-35-15.mp4,1106.5,1878.5,872,1562,1341,2195,0.84086275
269,/Volumes/SmithL0/2026/BIOL470/Final/Learning_Rig/bee_0408_1_rev/cam1_2026-04-08_16-35-15.mp4,1107.0,1879.0,873,1563,1341,2195,0.84074205
270,/Volumes/SmithL0/2026/BIOL470/Final/Learning_Rig/bee_0408_1_rev/cam1_2026-04-08_16-35-15.mp4,1097.0,1869.0,868,1550,1326,2188,0.8395298
271,/Volumes/SmithL0/2026/BIOL470/Final/Learning_Rig/bee_0408_1_rev/cam1_2026-04-08_16-35-15.mp4,1106.0,1878.0,871,1562,1341,2194,0.8390487
272,/Volumes/SmithL0/2026/BIOL470/Final/Learning_Rig/bee_0408_1_rev/cam1_2026-04-08_16-35-15.mp4,1106.5,1878.5,872,1562,1341,2195,0.83780974
273,/Volumes/SmithL0/2026/BIOL470/Final/Learning_Rig/bee_0408_1_rev/cam1_2026-04-08_16-35-15.mp4,1104.0,1880.0,875,1561,1333,2199,0.83618635
274,/Volumes/SmithL0/2026/BIOL470/Final/Learning_Rig/bee_0408_1_rev/cam1_2026-04-08_16-35-15.mp4,1104.5,1880.5,876,1562,1333,2199,0.8356153
275,/Volumes/SmithL0/2026/BIOL470/Final/Learning_Rig/bee_0408_1_rev/cam1_2026-04-08_16-35-15.mp4,1104.5,1880.5,876,1562,1333,2199,0.83580744
276,/Volumes/SmithL0/2026/BIOL470/Final/Learning_Rig/bee_0408_1_rev/cam1_2026-04-08_16-35-15.mp4,1104.5,1880.0,876,1561,1333,2199,0.8352433
277,/Volumes/SmithL0/2026/BIOL470/Final/Learning_Rig/bee_0408_1_rev/cam1_2026-04-08_16-35-15.mp4,1098.0,1870.0,871,1551,1325,2189,0.8360795
278,/Volumes/SmithL0/2026/BIOL470/Final/Learning_Rig/bee_0408_1_rev/cam1_2026-04-08_16-35-15.mp4,1099.5,1870.0,875,1551,1324,2189,0.83703136
279,/Volumes/SmithL0/2026/BIOL470/Final/Learning_Rig/bee_0408_1_rev/cam1_2026-04-08_16-35-15.mp4,1099.0,1870.0,873,1551,1325,2189,0.83763725
280,/Volumes/SmithL0/2026/BIOL470/Final/Learning_Rig/bee_0408_1_rev/cam1_2026-04-08_16-35-15.mp4,1097.5,1869.5,871,1551,1324,2188,0.8391484
281,/Volumes/SmithL0/2026/BIOL470/Final/Learning_Rig/bee_0408_1_rev/cam1_2026-04-08_16-35-15.mp4,1106.0,1878.0,871,1562,1341,2194,0.8372556
282,/Volumes/SmithL0/2026/BIOL470/Final/Learning_Rig/bee_0408_1_rev/cam1_2026-04-08_16-35-15.mp4,1104.5,1881.5,876,1562,1333,2201,0.8350302
283,/Volumes/SmithL0/2026/BIOL470/Final/Learning_Rig/bee_0408_1_rev/cam1_2026-04-08_16-35-15.mp4,1107.5,1878.5,874,1562,1341,2195,0.8362177
284,/Volumes/SmithL0/2026/BIOL470/Final/Learning_Rig/bee_0408_1_rev/cam1_2026-04-08_16-35-15.mp4,1107.5,1879.0,874,1563,1341,2195,0.83603144
285,/Volumes/SmithL0/2026/BIOL470/Final/Learning_Rig/bee_0408_1_rev/cam1_2026-04-08_16-35-15.mp4,1107.5,1878.5,874,1562,1341,2195,0.8348704
286,/Volumes/SmithL0/2026/BIOL470/Final/Learning_Rig/bee_0408_1_rev/cam1_2026-04-08_16-35-15.mp4,1104.0,1880.0,876,1562,1332,2198,0.8322057
287,/Volumes/SmithL0/2026/BIOL470/Final/Learning_Rig/bee_0408_1_rev/cam1_2026-04-08_16-35-15.mp4,1099.0,1870.0,873,1552,1325,2188,0.8346478
288,/Volumes/SmithL0/2026/BIOL470/Final/Learning_Rig/bee_0408_1_rev/cam1_2026-04-08_16-35-15.mp4,1100.0,1870.0,873,1551,1327,2189,0.8396413
289,/Volumes/SmithL0/2026/BIOL470/Final/Learning_Rig/bee_0408_1_rev/cam1_2026-04-08_16-35-15.mp4,1100.0,1869.0,873,1550,1327,2188,0.84145355
290,/Volumes/SmithL0/2026/BIOL470/Final/Learning_Rig/bee_0408_1_rev/cam1_2026-04-08_16-35-15.mp4,1099.5,1870.0,872,1551,1327,2189,0.8366458
291,/Volumes/SmithL0/2026/BIOL470/Final/Learning_Rig/bee_0408_1_rev/cam1_2026-04-08_16-35-15.mp4,1098.5,1869.5,872,1550,1325,2189,0.83576006
292,/Volumes/SmithL0/2026/BIOL470/Final/Learning_Rig/bee_0408_1_rev/cam1_2026-04-08_16-35-15.mp4,1098.5,1869.0,873,1550,1324,2188,0.84097874
293,/Volumes/SmithL0/2026/BIOL470/Final/Learning_Rig/bee_0408_1_rev/cam1_2026-04-08_16-35-15.mp4,1098.0,1869.5,871,1550,1325,2189,0.8375522
294,/Volumes/SmithL0/2026/BIOL470/Final/Learning_Rig/bee_0408_1_rev/cam1_2026-04-08_16-35-15.mp4,1098.5,1869.5,872,1550,1325,2189,0.83691704
295,/Volumes/SmithL0/2026/BIOL470/Final/Learning_Rig/bee_0408_1_rev/cam1_2026-04-08_16-35-15.mp4,1099.0,1869.0,872,1549,1326,2189,0.8406128
296,/Volumes/SmithL0/2026/BIOL470/Final/Learning_Rig/bee_0408_1_rev/cam1_2026-04-08_16-35-15.mp4,1101.0,1870.0,873,1550,1329,2190,0.84039325
297,/Volumes/SmithL0/2026/BIOL470/Final/Learning_Rig/bee_0408_1_rev/cam1_2026-04-08_16-35-15.mp4,1113.0,1879.0,874,1562,1352,2196,0.8532552
298,/Volumes/SmithL0/2026/BIOL470/Final/Learning_Rig/bee_0408_1_rev/cam1_2026-04-08_16-35-15.mp4,1112.0,1878.5,871,1561,1353,2196,0.85420024
299,/Volumes/SmithL0/2026/BIOL470/Final/Learning_Rig/bee_0408_1_rev/cam1_2026-04-08_16-35-15.mp4,1111.0,1878.5,869,1561,1353,2196,0.8503388
300,/Volumes/SmithL0/2026/BIOL470/Final/Learning_Rig/bee_0408_1_rev/cam1_2026-04-08_16-35-15.mp4,1114.5,1878.0,874,1560,1355,2196,0.8464036
301,/Volumes/SmithL0/2026/BIOL470/Final/Learning_Rig/bee_0408_1_rev/cam1_2026-04-08_16-35-15.mp4,1113.0,1877.0,871,1559,1355,2195,0.8454028
302,/Volumes/SmithL0/2026/BIOL470/Final/Learning_Rig/bee_0408_1_rev/cam1_2026-04-08_16-35-15.mp4,1114.5,1877.0,874,1559,1355,2195,0.8435763
303,/Volumes/SmithL0/2026/BIOL470/Final/Learning_Rig/bee_0408_1_rev/cam1_2026-04-08_16-35-15.mp4,1118.0,1877.5,881,1560,1355,2195,0.8411103
304,/Volumes/SmithL0/2026/BIOL470/Final/Learning_Rig/bee_0408_1_rev/cam1_2026-04-08_16-35-15.mp4,1114.5,1877.0,874,1559,1355,2195,0.83968765
305,/Volumes/SmithL0/2026/BIOL470/Final/Learning_Rig/bee_0408_1_rev/cam1_2026-04-08_16-35-15.mp4,1118.0,1877.0,881,1559,1355,2195,0.84050095
306,/Volumes/SmithL0/2026/BIOL470/Final/Learning_Rig/bee_0408_1_rev/cam1_2026-04-08_16-35-15.mp4,1117.5,1877.5,880,1560,1355,2195,0.8431258
307,/Volumes/SmithL0/2026/BIOL470/Final/Learning_Rig/bee_0408_1_rev/cam1_2026-04-08_16-35-15.mp4,1107.0,1866.5,877,1544,1337,2189,0.84448093
308,/Volumes/SmithL0/2026/BIOL470/Final/Learning_Rig/bee_0408_1_rev/cam1_2026-04-08_16-35-15.mp4,1116.5,1877.5,879,1560,1354,2195,0.84566283
309,/Volumes/SmithL0/2026/BIOL470/Final/Learning_Rig/bee_0408_1_rev/cam1_2026-04-08_16-35-15.mp4,1118.0,1877.0,881,1559,1355,2195,0.8449755
310,/Volumes/SmithL0/2026/BIOL470/Final/Learning_Rig/bee_0408_1_rev/cam1_2026-04-08_16-35-15.mp4,1118.5,1877.0,882,1559,1355,2195,0.8445287
311,/Volumes/SmithL0/2026/BIOL470/Final/Learning_Rig/bee_0408_1_rev/cam1_2026-04-08_16-35-15.mp4,1106.0,1866.5,877,1544,1335,2189,0.8462774
312,/Volumes/SmithL0/2026/BIOL470/Final/Learning_Rig/bee_0408_1_rev/cam1_2026-04-08_16-35-15.mp4,1104.0,1867.0,874,1544,1334,2190,0.84740347
313,/Volumes/SmithL0/2026/BIOL470/Final/Learning_Rig/bee_0408_1_rev/cam1_2026-04-08_16-35-15.mp4,1115.0,1877.0,880,1559,1350,2195,0.84454894
314,/Volumes/SmithL0/2026/BIOL470/Final/Learning_Rig/bee_0408_1_rev/cam1_2026-04-08_16-35-15.mp4,1104.0,1867.0,874,1544,1334,2190,0.84534734
315,/Volumes/SmithL0/2026/BIOL470/Final/Learning_Rig/bee_0408_1_rev/cam1_2026-04-08_16-35-15.mp4,1104.5,1866.5,875,1544,1334,2189,0.84415865
316,/Volumes/SmithL0/2026/BIOL470/Final/Learning_Rig/bee_0408_1_rev/cam1_2026-04-08_16-35-15.mp4,1105.0,1866.5,876,1544,1334,2189,0.8471642
317,/Volumes/SmithL0/2026/BIOL470/Final/Learning_Rig/bee_0408_1_rev/cam1_2026-04-08_16-35-15.mp4,1104.5,1866.5,875,1545,1334,2188,0.8459607
318,/Volumes/SmithL0/2026/BIOL470/Final/Learning_Rig/bee_0408_1_rev/cam1_2026-04-08_16-35-15.mp4,1106.0,1866.0,877,1544,1335,2188,0.84577024
319,/Volumes/SmithL0/2026/BIOL470/Final/Learning_Rig/bee_0408_1_rev/cam1_2026-04-08_16-35-15.mp4,1106.0,1867.0,877,1544,1335,2190,0.84481764
320,/Volumes/SmithL0/2026/BIOL470/Final/Learning_Rig/bee_0408_1_rev/cam1_2026-04-08_16-35-15.mp4,1106.0,1867.0,877,1545,1335,2189,0.8445791
321,/Volumes/SmithL0/2026/BIOL470/Final/Learning_Rig/bee_0408_1_rev/cam1_2026-04-08_16-35-15.mp4,1106.5,1867.5,877,1546,1336,2189,0.8462295
322,/Volumes/SmithL0/2026/BIOL470/Final/Learning_Rig/bee_0408_1_rev/cam1_2026-04-08_16-35-15.mp4,1106.5,1867.0,878,1545,1335,2189,0.8455232
323,/Volumes/SmithL0/2026/BIOL470/Final/Learning_Rig/bee_0408_1_rev/cam1_2026-04-08_16-35-15.mp4,1106.0,1866.5,876,1544,1336,2189,0.84665143
324,/Volumes/SmithL0/2026/BIOL470/Final/Learning_Rig/bee_0408_1_rev/cam1_2026-04-08_16-35-15.mp4,1106.5,1867.0,877,1545,1336,2189,0.8484793
325,/Volumes/SmithL0/2026/BIOL470/Final/Learning_Rig/bee_0408_1_rev/cam1_2026-04-08_16-35-15.mp4,1106.0,1867.5,876,1545,1336,2190,0.8487277
326,/Volumes/SmithL0/2026/BIOL470/Final/Learning_Rig/bee_0408_1_rev/cam1_2026-04-08_16-35-15.mp4,1106.5,1867.0,877,1545,1336,2189,0.84944487
327,/Volumes/SmithL0/2026/BIOL470/Final/Learning_Rig/bee_0408_1_rev/cam1_2026-04-08_16-35-15.mp4,1107.0,1867.5,877,1545,1337,2190,0.84991515
328,/Volumes/SmithL0/2026/BIOL470/Final/Learning_Rig/bee_0408_1_rev/cam1_2026-04-08_16-35-15.mp4,1107.5,1866.5,878,1544,1337,2189,0.85003525
329,/Volumes/SmithL0/2026/BIOL470/Final/Learning_Rig/bee_0408_1_rev/cam1_2026-04-08_16-35-15.mp4,1107.0,1866.0,878,1544,1336,2188,0.85454506
330,/Volumes/SmithL0/2026/BIOL470/Final/Learning_Rig/bee_0408_1_rev/cam1_2026-04-08_16-35-15.mp4,1106.5,1866.0,876,1544,1337,2188,0.8520142
331,/Volumes/SmithL0/2026/BIOL470/Final/Learning_Rig/bee_0408_1_rev/cam1_2026-04-08_16-35-15.mp4,1105.0,1866.5,874,1544,1336,2189,0.848724
332,/Volumes/SmithL0/2026/BIOL470/Final/Learning_Rig/bee_0408_1_rev/cam1_2026-04-08_16-35-15.mp4,1105.5,1867.0,874,1545,1337,2189,0.84844714
333,/Volumes/SmithL0/2026/BIOL470/Final/Learning_Rig/bee_0408_1_rev/cam1_2026-04-08_16-35-15.mp4,1105.0,1866.5,874,1544,1336,2189,0.84911126
334,/Volumes/SmithL0/2026/BIOL470/Final/Learning_Rig/bee_0408_1_rev/cam1_2026-04-08_16-35-15.mp4,1106.0,1866.5,875,1545,1337,2188,0.85062355
335,/Volumes/SmithL0/2026/BIOL470/Final/Learning_Rig/bee_0408_1_rev/cam1_2026-04-08_16-35-15.mp4,1104.5,1867.0,873,1545,1336,2189,0.8471851
336,/Volumes/SmithL0/2026/BIOL470/Final/Learning_Rig/bee_0408_1_rev/cam1_2026-04-08_16-35-15.mp4,1105.0,1867.0,873,1545,1337,2189,0.8496247
337,/Volumes/SmithL0/2026/BIOL470/Final/Learning_Rig/bee_0408_1_rev/cam1_2026-04-08_16-35-15.mp4,1104.5,1867.0,872,1545,1337,2189,0.8498509
338,/Volumes/SmithL0/2026/BIOL470/Final/Learning_Rig/bee_0408_1_rev/cam1_2026-04-08_16-35-15.mp4,1104.5,1867.0,872,1545,1337,2189,0.84682935
339,/Volumes/SmithL0/2026/BIOL470/Final/Learning_Rig/bee_0408_1_rev/cam1_2026-04-08_16-35-15.mp4,1106.0,1867.5,875,1546,1337,2189,0.84419584
340,/Volumes/SmithL0/2026/BIOL470/Final/Learning_Rig/bee_0408_1_rev/cam1_2026-04-08_16-35-15.mp4,1105.5,1867.0,874,1546,1337,2188,0.8494431
341,/Volumes/SmithL0/2026/BIOL470/Final/Learning_Rig/bee_0408_1_rev/cam1_2026-04-08_16-35-15.mp4,1106.0,1868.0,875,1547,1337,2189,0.8484972
342,/Volumes/SmithL0/2026/BIOL470/Final/Learning_Rig/bee_0408_1_rev/cam1_2026-04-08_16-35-15.mp4,1105.0,1867.5,872,1547,1338,2188,0.8534728
343,/Volumes/SmithL0/2026/BIOL470/Final/Learning_Rig/bee_0408_1_rev/cam1_2026-04-08_16-35-15.mp4,1104.0,1868.0,871,1547,1337,2189,0.850285
344,/Volumes/SmithL0/2026/BIOL470/Final/Learning_Rig/bee_0408_1_rev/cam1_2026-04-08_16-35-15.mp4,1106.5,1867.5,876,1547,1337,2188,0.850338
345,/Volumes/SmithL0/2026/BIOL470/Final/Learning_Rig/bee_0408_1_rev/cam1_2026-04-08_16-35-15.mp4,1106.5,1867.0,876,1546,1337,2188,0.8497226
346,/Volumes/SmithL0/2026/BIOL470/Final/Learning_Rig/bee_0408_1_rev/cam1_2026-04-08_16-35-15.mp4,1107.0,1867.0,877,1547,1337,2187,0.8488243
347,/Volumes/SmithL0/2026/BIOL470/Final/Learning_Rig/bee_0408_1_rev/cam1_2026-04-08_16-35-15.mp4,1106.0,1867.5,875,1547,1337,2188,0.84970075
348,/Volumes/SmithL0/2026/BIOL470/Final/Learning_Rig/bee_0408_1_rev/cam1_2026-04-08_16-35-15.mp4,1107.0,1866.5,877,1546,1337,2187,0.85085714
349,/Volumes/SmithL0/2026/BIOL470/Final/Learning_Rig/bee_0408_1_rev/cam1_2026-04-08_16-35-15.mp4,1107.0,1867.5,877,1547,1337,2188,0.84963065
350,/Volumes/SmithL0/2026/BIOL470/Final/Learning_Rig/bee_0408_1_rev/cam1_2026-04-08_16-35-15.mp4,1106.0,1867.5,876,1547,1336,2188,0.85060155
351,/Volumes/SmithL0/2026/BIOL470/Final/Learning_Rig/bee_0408_1_rev/cam1_2026-04-08_16-35-15.mp4,1107.5,1867.5,878,1547,1337,2188,0.85001403
352,/Volumes/SmithL0/2026/BIOL470/Final/Learning_Rig/bee_0408_1_rev/cam1_2026-04-08_16-35-15.mp4,1107.5,1867.0,878,1546,1337,2188,0.8538716
353,/Volumes/SmithL0/2026/BIOL470/Final/Learning_Rig/bee_0408_1_rev/cam1_2026-04-08_16-35-15.mp4,1107.5,1867.5,878,1547,1337,2188,0.8509424
354,/Volumes/SmithL0/2026/BIOL470/Final/Learning_Rig/bee_0408_1_rev/cam1_2026-04-08_16-35-15.mp4,1108.0,1868.0,878,1549,1338,2187,0.84855014
355,/Volumes/SmithL0/2026/BIOL470/Final/Learning_Rig/bee_0408_1_rev/cam1_2026-04-08_16-35-15.mp4,1106.0,1868.5,875,1549,1337,2188,0.84988713
356,/Volumes/SmithL0/2026/BIOL470/Final/Learning_Rig/bee_0408_1_rev/cam1_2026-04-08_16-35-15.mp4,1108.0,1867.0,878,1547,1338,2187,0.85296595
357,/Volumes/SmithL0/2026/BIOL470/Final/Learning_Rig/bee_0408_1_rev/cam1_2026-04-08_16-35-15.mp4,1107.0,1867.5,877,1548,1337,2187,0.85210145
358,/Volumes/SmithL0/2026/BIOL470/Final/Learning_Rig/bee_0408_1_rev/cam1_2026-04-08_16-35-15.mp4,1108.0,1867.0,878,1547,1338,2187,0.85455155
359,/Volumes/SmithL0/2026/BIOL470/Final/Learning_Rig/bee_0408_1_rev/cam1_2026-04-08_16-35-15.mp4,1107.5,1867.5,878,1547,1337,2188,0.8541106
360,/Volumes/SmithL0/2026/BIOL470/Final/Learning_Rig/bee_0408_1_rev/cam1_2026-04-08_16-35-15.mp4,1106.0,1868.0,875,1548,1337,2188,0.85014546
361,/Volumes/SmithL0/2026/BIOL470/Final/Learning_Rig/bee_0408_1_rev/cam1_2026-04-08_16-35-15.mp4,1106.5,1867.5,876,1547,1337,2188,0.8526856
362,/Volumes/SmithL0/2026/BIOL470/Final/Learning_Rig/bee_0408_1_rev/cam1_2026-04-08_16-35-15.mp4,1107.0,1867.5,876,1547,1338,2188,0.8547156
363,/Volumes/SmithL0/2026/BIOL470/Final/Learning_Rig/bee_0408_1_rev/cam1_2026-04-08_16-35-15.mp4,1106.0,1867.5,874,1547,1338,2188,0.8549215
364,/Volumes/SmithL0/2026/BIOL470/Final/Learning_Rig/bee_0408_1_rev/cam1_2026-04-08_16-35-15.mp4,1106.5,1867.5,876,1547,1337,2188,0.85418314
365,/Volumes/SmithL0/2026/BIOL470/Final/Learning_Rig/bee_0408_1_rev/cam1_2026-04-08_16-35-15.mp4,1107.5,1868.0,877,1547,1338,2189,0.85057956
366,/Volumes/SmithL0/2026/BIOL470/Final/Learning_Rig/bee_0408_1_rev/cam1_2026-04-08_16-35-15.mp4,1107.5,1867.5,878,1547,1337,2188,0.8519827
367,/Volumes/SmithL0/2026/BIOL470/Final/Learning_Rig/bee_0408_1_rev/cam1_2026-04-08_16-35-15.mp4,1107.0,1868.0,877,1547,1337,2189,0.8490237
368,/Volumes/SmithL0/2026/BIOL470/Final/Learning_Rig/bee_0408_1_rev/cam1_2026-04-08_16-35-15.mp4,1107.0,1868.5,877,1547,1337,2190,0.8450504
369,/Volumes/SmithL0/2026/BIOL470/Final/Learning_Rig/bee_0408_1_rev/cam1_2026-04-08_16-35-15.mp4,1107.0,1868.0,877,1547,1337,2189,0.8526438
370,/Volumes/SmithL0/2026/BIOL470/Final/Learning_Rig/bee_0408_1_rev/cam1_2026-04-08_16-35-15.mp4,1107.5,1868.0,878,1547,1337,2189,0.85155576
371,/Volumes/SmithL0/2026/BIOL470/Final/Learning_Rig/bee_0408_1_rev/cam1_2026-04-08_16-35-15.mp4,1106.5,1868.0,876,1547,1337,2189,0.84980667
372,/Volumes/SmithL0/2026/BIOL470/Final/Learning_Rig/bee_0408_1_rev/cam1_2026-04-08_16-35-15.mp4,1106.5,1868.5,875,1548,1338,2189,0.84630376
373,/Volumes/SmithL0/2026/BIOL470/Final/Learning_Rig/bee_0408_1_rev/cam1_2026-04-08_16-35-15.mp4,1106.5,1867.5,875,1546,1338,2189,0.84975785
374,/Volumes/SmithL0/2026/BIOL470/Final/Learning_Rig/bee_0408_1_rev/cam1_2026-04-08_16-35-15.mp4,1107.5,1868.5,876,1547,1339,2190,0.847996
375,/Volumes/SmithL0/2026/BIOL470/Final/Learning_Rig/bee_0408_1_rev/cam1_2026-04-08_16-35-15.mp4,1107.5,1867.0,874,1543,1341,2191,0.84800464
376,/Volumes/SmithL0/2026/BIOL470/Final/Learning_Rig/bee_0408_1_rev/cam1_2026-04-08_16-35-15.mp4,1118.0,1878.0,878,1559,1358,2197,0.8458146
377,/Volumes/SmithL0/2026/BIOL470/Final/Learning_Rig/bee_0408_1_rev/cam1_2026-04-08_16-35-15.mp4,1118.5,1877.5,879,1558,1358,2197,0.8439569
378,/Volumes/SmithL0/2026/BIOL470/Final/Learning_Rig/bee_0408_1_rev/cam1_2026-04-08_16-35-15.mp4,1117.5,1878.0,876,1558,1359,2198,0.8437746
379,/Volumes/SmithL0/2026/BIOL470/Final/Learning_Rig/bee_0408_1_rev/cam1_2026-04-08_16-35-15.mp4,1116.0,1876.5,875,1557,1357,2196,0.84661216
380,/Volumes/SmithL0/2026/BIOL470/Final/Learning_Rig/bee_0408_1_rev/cam1_2026-04-08_16-35-15.mp4,1115.5,1877.0,874,1557,1357,2197,0.84737396
381,/Volumes/SmithL0/2026/BIOL470/Final/Learning_Rig/bee_0408_1_rev/cam1_2026-04-08_16-35-15.mp4,1119.0,1876.5,880,1556,1358,2197,0.84130925
382,/Volumes/SmithL0/2026/BIOL470/Final/Learning_Rig/bee_0408_1_rev/cam1_2026-04-08_16-35-15.mp4,1119.0,1876.5,880,1557,1358,2196,0.8410312
383,/Volumes/SmithL0/2026/BIOL470/Final/Learning_Rig/bee_0408_1_rev/cam1_2026-04-08_16-35-15.mp4,1120.5,1877.0,883,1557,1358,2197,0.84276813
384,/Volumes/SmithL0/2026/BIOL470/Final/Learning_Rig/bee_0408_1_rev/cam1_2026-04-08_16-35-15.mp4,1118.0,1876.5,878,1555,1358,2198,0.84341735
385,/Volumes/SmithL0/2026/BIOL470/Final/Learning_Rig/bee_0408_1_rev/cam1_2026-04-08_16-35-15.mp4,1119.0,1876.5,880,1555,1358,2198,0.8432128
386,/Volumes/SmithL0/2026/BIOL470/Final/Learning_Rig/bee_0408_1_rev/cam1_2026-04-08_16-35-15.mp4,1117.5,1876.0,877,1555,1358,2197,0.84454983
387,/Volumes/SmithL0/2026/BIOL470/Final/Learning_Rig/bee_0408_1_rev/cam1_2026-04-08_16-35-15.mp4,1116.5,1876.0,876,1555,1357,2197,0.84525627
388,/Volumes/SmithL0/2026/BIOL470/Final/Learning_Rig/bee_0408_1_rev/cam1_2026-04-08_16-35-15.mp4,1117.5,1876.0,877,1555,1358,2197,0.84439737
389,/Volumes/SmithL0/2026/BIOL470/Final/Learning_Rig/bee_0408_1_rev/cam1_2026-04-08_16-35-15.mp4,1117.5,1876.0,877,1555,1358,2197,0.8414624
390,/Volumes/SmithL0/2026/BIOL470/Final/Learning_Rig/bee_0408_1_rev/cam1_2026-04-08_16-35-15.mp4,1120.0,1875.0,881,1555,1359,2195,0.8382864
391,/Volumes/SmithL0/2026/BIOL470/Final/Learning_Rig/bee_0408_1_rev/cam1_2026-04-08_16-35-15.mp4,1118.5,1876.0,877,1555,1360,2197,0.8407292
392,/Volumes/SmithL0/2026/BIOL470/Final/Learning_Rig/bee_0408_1_rev/cam1_2026-04-08_16-35-15.mp4,1119.0,1876.0,878,1555,1360,2197,0.83908045
393,/Volumes/SmithL0/2026/BIOL470/Final/Learning_Rig/bee_0408_1_rev/cam1_2026-04-08_16-35-15.mp4,1119.5,1876.0,879,1555,1360,2197,0.8365531
394,/Volumes/SmithL0/2026/BIOL470/Final/Learning_Rig/bee_0408_1_rev/cam1_2026-04-08_16-35-15.mp4,1119.5,1876.0,879,1555,1360,2197,0.840417
395,/Volumes/SmithL0/2026/BIOL470/Final/Learning_Rig/bee_0408_1_rev/cam1_2026-04-08_16-35-15.mp4,1113.5,1865.0,876,1541,1351,2189,0.8363035
396,/Volumes/SmithL0/2026/BIOL470/Final/Learning_Rig/bee_0408_1_rev/cam1_2026-04-08_16-35-15.mp4,1121.0,1875.0,882,1554,1360,2196,0.83604586
397,/Volumes/SmithL0/2026/BIOL470/Final/Learning_Rig/bee_0408_1_rev/cam1_2026-04-08_16-35-15.mp4,1121.0,1874.5,881,1553,1361,2196,0.8336578
398,/Volumes/SmithL0/2026/BIOL470/Final/Learning_Rig/bee_0408_1_rev/cam1_2026-04-08_16-35-15.mp4,1120.0,1875.5,879,1554,1361,2197,0.8353613
399,/Volumes/SmithL0/2026/BIOL470/Final/Learning_Rig/bee_0408_1_rev/cam1_2026-04-08_16-35-15.mp4,1120.0,1875.0,879,1554,1361,2196,0.83739525
400,/Volumes/SmithL0/2026/BIOL470/Final/Learning_Rig/bee_0408_1_rev/cam1_2026-04-08_16-35-15.mp4,1120.5,1874.5,879,1554,1362,2195,0.8383531
401,/Volumes/SmithL0/2026/BIOL470/Final/Learning_Rig/bee_0408_1_rev/cam1_2026-04-08_16-35-15.mp4,1120.5,1874.5,880,1554,1361,2195,0.8361956
402,/Volumes/SmithL0/2026/BIOL470/Final/Learning_Rig/bee_0408_1_rev/cam1_2026-04-08_16-35-15.mp4,1120.5,1875.0,880,1555,1361,2195,0.8361328
403,/Volumes/SmithL0/2026/BIOL470/Final/Learning_Rig/bee_0408_1_rev/cam1_2026-04-08_16-35-15.mp4,1119.5,1874.5,879,1554,1360,2195,0.83534133
404,/Volumes/SmithL0/2026/BIOL470/Final/Learning_Rig/bee_0408_1_rev/cam1_2026-04-08_16-35-15.mp4,1119.5,1874.5,879,1554,1360,2195,0.8331482
405,/Volumes/SmithL0/2026/BIOL470/Final/Learning_Rig/bee_0408_1_rev/cam1_2026-04-08_16-35-15.mp4,1121.5,1874.5,882,1554,1361,2195,0.8337083
406,/Volumes/SmithL0/2026/BIOL470/Final/Learning_Rig/bee_0408_1_rev/cam1_2026-04-08_16-35-15.mp4,1121.0,1874.5,882,1554,1360,2195,0.8352256
407,/Volumes/SmithL0/2026/BIOL470/Final/Learning_Rig/bee_0408_1_rev/cam1_2026-04-08_16-35-15.mp4,1119.0,1873.5,878,1551,1360,2196,0.83209693
408,/Volumes/SmithL0/2026/BIOL470/Final/Learning_Rig/bee_0408_1_rev/cam1_2026-04-08_16-35-15.mp4,1120.0,1873.5,878,1550,1362,2197,0.8322386
409,/Volumes/SmithL0/2026/BIOL470/Final/Learning_Rig/bee_0408_1_rev/cam1_2026-04-08_16-35-15.mp4,1122.0,1874.5,882,1553,1362,2196,0.832839
410,/Volumes/SmithL0/2026/BIOL470/Final/Learning_Rig/bee_0408_1_rev/cam1_2026-04-08_16-35-15.mp4,1120.5,1873.5,880,1552,1361,2195,0.83493143
411,/Volumes/SmithL0/2026/BIOL470/Final/Learning_Rig/bee_0408_1_rev/cam1_2026-04-08_16-35-15.mp4,1120.0,1874.0,878,1553,1362,2195,0.83513844
412,/Volumes/SmithL0/2026/BIOL470/Final/Learning_Rig/bee_0408_1_rev/cam1_2026-04-08_16-35-15.mp4,1120.5,1874.0,879,1553,1362,2195,0.8345464
413,/Volumes/SmithL0/2026/BIOL470/Final/Learning_Rig/bee_0408_1_rev/cam1_2026-04-08_16-35-15.mp4,1119.0,1873.5,877,1552,1361,2195,0.8331472
414,/Volumes/SmithL0/2026/BIOL470/Final/Learning_Rig/bee_0408_1_rev/cam1_2026-04-08_16-35-15.mp4,1119.0,1874.0,877,1552,1361,2196,0.8328103
415,/Volumes/SmithL0/2026/BIOL470/Final/Learning_Rig/bee_0408_1_rev/cam1_2026-04-08_16-35-15.mp4,1119.5,1873.0,879,1551,1360,2195,0.83351773
416,/Volumes/SmithL0/2026/BIOL470/Final/Learning_Rig/bee_0408_1_rev/cam1_2026-04-08_16-35-15.mp4,1118.5,1872.0,877,1548,1360,2196,0.8333278
417,/Volumes/SmithL0/2026/BIOL470/Final/Learning_Rig/bee_0408_1_rev/cam1_2026-04-08_16-35-15.mp4,1119.5,1872.0,878,1549,1361,2195,0.83333737
418,/Volumes/SmithL0/2026/BIOL470/Final/Learning_Rig/bee_0408_1_rev/cam1_2026-04-08_16-35-15.mp4,1120.0,1870.0,878,1546,1362,2194,0.83347654
419,/Volumes/SmithL0/2026/BIOL470/Final/Learning_Rig/bee_0408_1_rev/cam1_2026-04-08_16-35-15.mp4,1122.5,1870.5,882,1547,1363,2194,0.831465
420,/Volumes/SmithL0/2026/BIOL470/Final/Learning_Rig/bee_0408_1_rev/cam1_2026-04-08_16-35-15.mp4,1122.5,1872.5,883,1548,1362,2197,0.8295427
421,/Volumes/SmithL0/2026/BIOL470/Final/Learning_Rig/bee_0408_1_rev/cam1_2026-04-08_16-35-15.mp4,1121.5,1873.0,882,1551,1361,2195,0.8310197
422,/Volumes/SmithL0/2026/BIOL470/Final/Learning_Rig/bee_0408_1_rev/cam1_2026-04-08_16-35-15.mp4,1121.0,1872.0,880,1549,1362,2195,0.82883537
423,/Volumes/SmithL0/2026/BIOL470/Final/Learning_Rig/bee_0408_1_rev/cam1_2026-04-08_16-35-15.mp4,1120.5,1872.0,878,1549,1363,2195,0.8311267
424,/Volumes/SmithL0/2026/BIOL470/Final/Learning_Rig/bee_0408_1_rev/cam1_2026-04-08_16-35-15.mp4,1120.5,1872.5,880,1550,1361,2195,0.83080435
425,/Volumes/SmithL0/2026/BIOL470/Final/Learning_Rig/bee_0408_1_rev/cam1_2026-04-08_16-35-15.mp4,1121.0,1872.0,879,1548,1363,2196,0.82973856
426,/Volumes/SmithL0/2026/BIOL470/Final/Learning_Rig/bee_0408_1_rev/cam1_2026-04-08_16-35-15.mp4,1122.0,1873.0,883,1552,1361,2194,0.8315061
427,/Volumes/SmithL0/2026/BIOL470/Final/Learning_Rig/bee_0408_1_rev/cam1_2026-04-08_16-35-15.mp4,1120.5,1870.5,879,1546,1362,2195,0.8294909
428,/Volumes/SmithL0/2026/BIOL470/Final/Learning_Rig/bee_0408_1_rev/cam1_2026-04-08_16-35-15.mp4,1120.5,1869.5,879,1546,1362,2193,0.82987916
429,/Volumes/SmithL0/2026/BIOL470/Final/Learning_Rig/bee_0408_1_rev/cam1_2026-04-08_16-35-15.mp4,1120.5,1870.5,880,1546,1361,2195,0.8308769
430,/Volumes/SmithL0/2026/BIOL470/Final/Learning_Rig/bee_0408_1_rev/cam1_2026-04-08_16-35-15.mp4,1120.5,1870.0,880,1545,1361,2195,0.8317237
431,/Volumes/SmithL0/2026/BIOL470/Final/Learning_Rig/bee_0408_1_rev/cam1_2026-04-08_16-35-15.mp4,1120.5,1869.5,879,1545,1362,2194,0.8288146
432,/Volumes/SmithL0/2026/BIOL470/Final/Learning_Rig/bee_0408_1_rev/cam1_2026-04-08_16-35-15.mp4,1121.0,1868.5,880,1543,1362,2194,0.82967776
433,/Volumes/SmithL0/2026/BIOL470/Final/Learning_Rig/bee_0408_1_rev/cam1_2026-04-08_16-35-15.mp4,1120.0,1869.5,879,1544,1361,2195,0.83291024
434,/Volumes/SmithL0/2026/BIOL470/Final/Learning_Rig/bee_0408_1_rev/cam1_2026-04-08_16-35-15.mp4,1121.0,1870.0,881,1546,1361,2194,0.8316649
435,/Volumes/SmithL0/2026/BIOL470/Final/Learning_Rig/bee_0408_1_rev/cam1_2026-04-08_16-35-15.mp4,1121.5,1868.5,881,1543,1362,2194,0.8315823
436,/Volumes/SmithL0/2026/BIOL470/Final/Learning_Rig/bee_0408_1_rev/cam1_2026-04-08_16-35-15.mp4,1120.5,1868.5,880,1544,1361,2193,0.832159
437,/Volumes/SmithL0/2026/BIOL470/Final/Learning_Rig/bee_0408_1_rev/cam1_2026-04-08_16-35-15.mp4,1120.0,1868.0,878,1543,1362,2193,0.8325783
438,/Volumes/SmithL0/2026/BIOL470/Final/Learning_Rig/bee_0408_1_rev/cam1_2026-04-08_16-35-15.mp4,1120.5,1869.0,879,1544,1362,2194,0.83302456
439,/Volumes/SmithL0/2026/BIOL470/Final/Learning_Rig/bee_0408_1_rev/cam1_2026-04-08_16-35-15.mp4,1119.5,1868.0,877,1542,1362,2194,0.8352993
440,/Volumes/SmithL0/2026/BIOL470/Final/Learning_Rig/bee_0408_1_rev/cam1_2026-04-08_16-35-15.mp4,1121.0,1869.0,880,1544,1362,2194,0.83353686
441,/Volumes/SmithL0/2026/BIOL470/Final/Learning_Rig/bee_0408_1_rev/cam1_2026-04-08_16-35-15.mp4,1120.5,1868.5,880,1544,1361,2193,0.8325378
442,/Volumes/SmithL0/2026/BIOL470/Final/Learning_Rig/bee_0408_1_rev/cam1_2026-04-08_16-35-15.mp4,1122.0,1869.0,882,1544,1362,2194,0.8340066
443,/Volumes/SmithL0/2026/BIOL470/Final/Learning_Rig/bee_0408_1_rev/cam1_2026-04-08_16-35-15.mp4,1122.5,1868.5,883,1543,1362,2194,0.83398455
444,/Volumes/SmithL0/2026/BIOL470/Final/Learning_Rig/bee_0408_1_rev/cam1_2026-04-08_16-35-15.mp4,1123.0,1868.0,883,1543,1363,2193,0.8335395
445,/Volumes/SmithL0/2026/BIOL470/Final/Learning_Rig/bee_0408_1_rev/cam1_2026-04-08_16-35-15.mp4,1120.0,1868.0,878,1542,1362,2194,0.8327543
446,/Volumes/SmithL0/2026/BIOL470/Final/Learning_Rig/bee_0408_1_rev/cam1_2026-04-08_16-35-15.mp4,1121.0,1867.0,880,1541,1362,2193,0.8335104
447,/Volumes/SmithL0/2026/BIOL470/Final/Learning_Rig/bee_0408_1_rev/cam1_2026-04-08_16-35-15.mp4,1121.0,1866.0,880,1539,1362,2193,0.831409
448,/Volumes/SmithL0/2026/BIOL470/Final/Learning_Rig/bee_0408_1_rev/cam1_2026-04-08_16-35-15.mp4,1120.5,1867.5,879,1542,1362,2193,0.83309966
449,/Volumes/SmithL0/2026/BIOL470/Final/Learning_Rig/bee_0408_1_rev/cam1_2026-04-08_16-35-15.mp4,1120.0,1868.0,879,1542,1361,2194,0.833256
450,/Volumes/SmithL0/2026/BIOL470/Final/Learning_Rig/bee_0408_1_rev/cam1_2026-04-08_16-35-15.mp4,1120.5,1866.5,879,1540,1362,2193,0.83232623
451,/Volumes/SmithL0/2026/BIOL470/Final/Learning_Rig/bee_0408_1_rev/cam1_2026-04-08_16-35-15.mp4,1120.0,1866.5,878,1539,1362,2194,0.8320828
452,/Volumes/SmithL0/2026/BIOL470/Final/Learning_Rig/bee_0408_1_rev/cam1_2026-04-08_16-35-15.mp4,1121.0,1866.5,879,1540,1363,2193,0.8325033
453,/Volumes/SmithL0/2026/BIOL470/Final/Learning_Rig/bee_0408_1_rev/cam1_2026-04-08_16-35-15.mp4,1121.0,1866.5,880,1540,1362,2193,0.8317429
454,/Volumes/SmithL0/2026/BIOL470/Final/Learning_Rig/bee_0408_1_rev/cam1_2026-04-08_16-35-15.mp4,1122.0,1866.5,881,1539,1363,2194,0.8299273
455,/Volumes/SmithL0/2026/BIOL470/Final/Learning_Rig/bee_0408_1_rev/cam1_2026-04-08_16-35-15.mp4,1121.5,1866.5,881,1539,1362,2194,0.8324753
456,/Volumes/SmithL0/2026/BIOL470/Final/Learning_Rig/bee_0408_1_rev/cam1_2026-04-08_16-35-15.mp4,1120.0,1867.0,879,1541,1361,2193,0.83560526
457,/Volumes/SmithL0/2026/BIOL470/Final/Learning_Rig/bee_0408_1_rev/cam1_2026-04-08_16-35-15.mp4,1119.5,1867.0,878,1541,1361,2193,0.83289164
458,/Volumes/SmithL0/2026/BIOL470/Final/Learning_Rig/bee_0408_1_rev/cam1_2026-04-08_16-35-15.mp4,1119.0,1866.5,878,1541,1360,2192,0.8337829
459,/Volumes/SmithL0/2026/BIOL470/Final/Learning_Rig/bee_0408_1_rev/cam1_2026-04-08_16-35-15.mp4,1119.5,1867.0,878,1541,1361,2193,0.8318215
460,/Volumes/SmithL0/2026/BIOL470/Final/Learning_Rig/bee_0408_1_rev/cam1_2026-04-08_16-35-15.mp4,1120.5,1866.0,879,1540,1362,2192,0.8311653
461,/Volumes/SmithL0/2026/BIOL470/Final/Learning_Rig/bee_0408_1_rev/cam1_2026-04-08_16-35-15.mp4,1120.0,1865.5,879,1539,1361,2192,0.83195573
462,/Volumes/SmithL0/2026/BIOL470/Final/Learning_Rig/bee_0408_1_rev/cam1_2026-04-08_16-35-15.mp4,1119.5,1865.0,878,1538,1361,2192,0.83213884
463,/Volumes/SmithL0/2026/BIOL470/Final/Learning_Rig/bee_0408_1_rev/cam1_2026-04-08_16-35-15.mp4,1118.5,1865.5,877,1539,1360,2192,0.8329563
464,/Volumes/SmithL0/2026/BIOL470/Final/Learning_Rig/bee_0408_1_rev/cam1_2026-04-08_16-35-15.mp4,1119.0,1865.0,878,1538,1360,2192,0.83216625
465,/Volumes/SmithL0/2026/BIOL470/Final/Learning_Rig/bee_0408_1_rev/cam1_2026-04-08_16-35-15.mp4,1119.5,1865.5,878,1539,1361,2192,0.83158296
466,/Volumes/SmithL0/2026/BIOL470/Final/Learning_Rig/bee_0408_1_rev/cam1_2026-04-08_16-35-15.mp4,1120.5,1866.0,880,1540,1361,2192,0.83154553
467,/Volumes/SmithL0/2026/BIOL470/Final/Learning_Rig/bee_0408_1_rev/cam1_2026-04-08_16-35-15.mp4,1121.0,1866.0,880,1540,1362,2192,0.8315296
468,/Volumes/SmithL0/2026/BIOL470/Final/Learning_Rig/bee_0408_1_rev/cam1_2026-04-08_16-35-15.mp4,1121.0,1866.0,880,1539,1362,2193,0.83266425
469,/Volumes/SmithL0/2026/BIOL470/Final/Learning_Rig/bee_0408_1_rev/cam1_2026-04-08_16-35-15.mp4,1121.0,1865.5,880,1539,1362,2192,0.8321123
470,/Volumes/SmithL0/2026/BIOL470/Final/Learning_Rig/bee_0408_1_rev/cam1_2026-04-08_16-35-15.mp4,1120.0,1866.0,878,1540,1362,2192,0.83291966
471,/Volumes/SmithL0/2026/BIOL470/Final/Learning_Rig/bee_0408_1_rev/cam1_2026-04-08_16-35-15.mp4,1120.5,1865.5,880,1540,1361,2191,0.8322911
472,/Volumes/SmithL0/2026/BIOL470/Final/Learning_Rig/bee_0408_1_rev/cam1_2026-04-08_16-35-15.mp4,1120.0,1865.5,879,1539,1361,2192,0.83193123
473,/Volumes/SmithL0/2026/BIOL470/Final/Learning_Rig/bee_0408_1_rev/cam1_2026-04-08_16-35-15.mp4,1120.0,1866.0,879,1540,1361,2192,0.83138365
474,/Volumes/SmithL0/2026/BIOL470/Final/Learning_Rig/bee_0408_1_rev/cam1_2026-04-08_16-35-15.mp4,1120.0,1865.0,878,1538,1362,2192,0.8328532
475,/Volumes/SmithL0/2026/BIOL470/Final/Learning_Rig/bee_0408_1_rev/cam1_2026-04-08_16-35-15.mp4,1119.5,1865.0,878,1538,1361,2192,0.8337223
476,/Volumes/SmithL0/2026/BIOL470/Final/Learning_Rig/bee_0408_1_rev/cam1_2026-04-08_16-35-15.mp4,1120.0,1866.0,879,1539,1361,2193,0.8332427
477,/Volumes/SmithL0/2026/BIOL470/Final/Learning_Rig/bee_0408_1_rev/cam1_2026-04-08_16-35-15.mp4,1120.0,1867.0,879,1541,1361,2193,0.8326299
478,/Volumes/SmithL0/2026/BIOL470/Final/Learning_Rig/bee_0408_1_rev/cam1_2026-04-08_16-35-15.mp4,1121.5,1867.5,881,1542,1362,2193,0.832093
479,/Volumes/SmithL0/2026/BIOL470/Final/Learning_Rig/bee_0408_1_rev/cam1_2026-04-08_16-35-15.mp4,1121.0,1865.5,880,1538,1362,2193,0.8312058
480,/Volumes/SmithL0/2026/BIOL470/Final/Learning_Rig/bee_0408_1_rev/cam1_2026-04-08_16-35-15.mp4,1120.0,1865.0,878,1539,1362,2191,0.8302389
481,/Volumes/SmithL0/2026/BIOL470/Final/Learning_Rig/bee_0408_1_rev/cam1_2026-04-08_16-35-15.mp4,1120.5,1865.5,879,1539,1362,2192,0.8317437
482,/Volumes/SmithL0/2026/BIOL470/Final/Learning_Rig/bee_0408_1_rev/cam1_2026-04-08_16-35-15.mp4,1121.5,1866.5,880,1541,1363,2192,0.8305235
483,/Volumes/SmithL0/2026/BIOL470/Final/Learning_Rig/bee_0408_1_rev/cam1_2026-04-08_16-35-15.mp4,1120.5,1866.5,879,1542,1362,2191,0.831643
484,/Volumes/SmithL0/2026/BIOL470/Final/Learning_Rig/bee_0408_1_rev/cam1_2026-04-08_16-35-15.mp4,1121.5,1866.0,881,1541,1362,2191,0.83065015
485,/Volumes/SmithL0/2026/BIOL470/Final/Learning_Rig/bee_0408_1_rev/cam1_2026-04-08_16-35-15.mp4,1120.5,1865.5,879,1540,1362,2191,0.8279719
486,/Volumes/SmithL0/2026/BIOL470/Final/Learning_Rig/bee_0408_1_rev/cam1_2026-04-08_16-35-15.mp4,1121.0,1867.0,880,1543,1362,2191,0.8286078
487,/Volumes/SmithL0/2026/BIOL470/Final/Learning_Rig/bee_0408_1_rev/cam1_2026-04-08_16-35-15.mp4,1121.5,1866.0,881,1541,1362,2191,0.8279657
488,/Volumes/SmithL0/2026/BIOL470/Final/Learning_Rig/bee_0408_1_rev/cam1_2026-04-08_16-35-15.mp4,1122.0,1866.5,882,1541,1362,2192,0.82809055
489,/Volumes/SmithL0/2026/BIOL470/Final/Learning_Rig/bee_0408_1_rev/cam1_2026-04-08_16-35-15.mp4,1122.0,1866.0,882,1540,1362,2192,0.8279459
490,/Volumes/SmithL0/2026/BIOL470/Final/Learning_Rig/bee_0408_1_rev/cam1_2026-04-08_16-35-15.mp4,1121.5,1866.5,882,1541,1361,2192,0.82864136
491,/Volumes/SmithL0/2026/BIOL470/Final/Learning_Rig/bee_0408_1_rev/cam1_2026-04-08_16-35-15.mp4,1122.0,1866.0,882,1540,1362,2192,0.8290968
492,/Volumes/SmithL0/2026/BIOL470/Final/Learning_Rig/bee_0408_1_rev/cam1_2026-04-08_16-35-15.mp4,1121.5,1866.0,881,1541,1362,2191,0.8303131
493,/Volumes/SmithL0/2026/BIOL470/Final/Learning_Rig/bee_0408_1_rev/cam1_2026-04-08_16-35-15.mp4,1121.5,1866.5,881,1541,1362,2192,0.83137196
494,/Volumes/SmithL0/2026/BIOL470/Final/Learning_Rig/bee_0408_1_rev/cam1_2026-04-08_16-35-15.mp4,1122.5,1866.0,882,1540,1363,2192,0.83191407
495,/Volumes/SmithL0/2026/BIOL470/Final/Learning_Rig/bee_0408_1_rev/cam1_2026-04-08_16-35-15.mp4,1122.5,1865.5,882,1540,1363,2191,0.8306956
496,/Volumes/SmithL0/2026/BIOL470/Final/Learning_Rig/bee_0408_1_rev/cam1_2026-04-08_16-35-15.mp4,1122.5,1865.0,882,1539,1363,2191,0.8302016
497,/Volumes/SmithL0/2026/BIOL470/Final/Learning_Rig/bee_0408_1_rev/cam1_2026-04-08_16-35-15.mp4,1121.5,1865.5,881,1539,1362,2192,0.83199066
498,/Volumes/SmithL0/2026/BIOL470/Final/Learning_Rig/bee_0408_1_rev/cam1_2026-04-08_16-35-15.mp4,1121.5,1866.0,881,1540,1362,2192,0.831526
499,/Volumes/SmithL0/2026/BIOL470/Final/Learning_Rig/bee_0408_1_rev/cam1_2026-04-08_16-35-15.mp4,1121.0,1865.5,880,1540,1362,2191,0.8331705
500,/Volumes/SmithL0/2026/BIOL470/Final/Learning_Rig/bee_0408_1_rev/cam1_2026-04-08_16-35-15.mp4,1121.0,1865.0,880,1538,1362,2192,0.8340706
501,/Volumes/SmithL0/2026/BIOL470/Final/Learning_Rig/bee_0408_1_rev/cam1_2026-04-08_16-35-15.mp4,1120.0,1865.5,879,1539,1361,2192,0.8316491
502,/Volumes/SmithL0/2026/BIOL470/Final/Learning_Rig/bee_0408_1_rev/cam1_2026-04-08_16-35-15.mp4,1121.0,1865.5,880,1539,1362,2192,0.8316998
503,/Volumes/SmithL0/2026/BIOL470/Final/Learning_Rig/bee_0408_1_rev/cam1_2026-04-08_16-35-15.mp4,1122.0,1865.5,882,1540,1362,2191,0.8304575
504,/Volumes/SmithL0/2026/BIOL470/Final/Learning_Rig/bee_0408_1_rev/cam1_2026-04-08_16-35-15.mp4,1121.5,1866.0,881,1539,1362,2193,0.8304698
505,/Volumes/SmithL0/2026/BIOL470/Final/Learning_Rig/bee_0408_1_rev/cam1_2026-04-08_16-35-15.mp4,1121.5,1865.5,881,1539,1362,2192,0.8304645
506,/Volumes/SmithL0/2026/BIOL470/Final/Learning_Rig/bee_0408_1_rev/cam1_2026-04-08_16-35-15.mp4,1122.5,1865.5,882,1538,1363,2193,0.83031374
507,/Volumes/SmithL0/2026/BIOL470/Final/Learning_Rig/bee_0408_1_rev/cam1_2026-04-08_16-35-15.mp4,1122.0,1865.0,881,1538,1363,2192,0.82968014
508,/Volumes/SmithL0/2026/BIOL470/Final/Learning_Rig/bee_0408_1_rev/cam1_2026-04-08_16-35-15.mp4,1122.0,1865.0,881,1538,1363,2192,0.8293264
509,/Volumes/SmithL0/2026/BIOL470/Final/Learning_Rig/bee_0408_1_rev/cam1_2026-04-08_16-35-15.mp4,1121.5,1864.0,880,1537,1363,2191,0.8299505
510,/Volumes/SmithL0/2026/BIOL470/Final/Learning_Rig/bee_0408_1_rev/cam1_2026-04-08_16-35-15.mp4,1122.0,1865.0,882,1538,1362,2192,0.8320922
511,/Volumes/SmithL0/2026/BIOL470/Final/Learning_Rig/bee_0408_1_rev/cam1_2026-04-08_16-35-15.mp4,1121.5,1864.0,882,1537,1361,2191,0.83244807
512,/Volumes/SmithL0/2026/BIOL470/Final/Learning_Rig/bee_0408_1_rev/cam1_2026-04-08_16-35-15.mp4,1122.0,1864.0,882,1536,1362,2192,0.8326284
513,/Volumes/SmithL0/2026/BIOL470/Final/Learning_Rig/bee_0408_1_rev/cam1_2026-04-08_16-35-15.mp4,1121.0,1865.0,881,1539,1361,2191,0.8312025
514,/Volumes/SmithL0/2026/BIOL470/Final/Learning_Rig/bee_0408_1_rev/cam1_2026-04-08_16-35-15.mp4,1121.0,1864.5,880,1538,1362,2191,0.8328358
515,/Volumes/SmithL0/2026/BIOL470/Final/Learning_Rig/bee_0408_1_rev/cam1_2026-04-08_16-35-15.mp4,1120.5,1866.0,881,1541,1360,2191,0.8323201
516,/Volumes/SmithL0/2026/BIOL470/Final/Learning_Rig/bee_0408_1_rev/cam1_2026-04-08_16-35-15.mp4,1122.0,1865.0,882,1539,1362,2191,0.83086145
517,/Volumes/SmithL0/2026/BIOL470/Final/Learning_Rig/bee_0408_1_rev/cam1_2026-04-08_16-35-15.mp4,1122.0,1866.0,883,1540,1361,2192,0.83093476
518,/Volumes/SmithL0/2026/BIOL470/Final/Learning_Rig/bee_0408_1_rev/cam1_2026-04-08_16-35-15.mp4,1121.0,1865.0,881,1539,1361,2191,0.83114904
519,/Volumes/SmithL0/2026/BIOL470/Final/Learning_Rig/bee_0408_1_rev/cam1_2026-04-08_16-35-15.mp4,1121.0,1865.5,880,1538,1362,2193,0.83011
520,/Volumes/SmithL0/2026/BIOL470/Final/Learning_Rig/bee_0408_1_rev/cam1_2026-04-08_16-35-15.mp4,1121.0,1866.0,880,1540,1362,2192,0.8321912
521,/Volumes/SmithL0/2026/BIOL470/Final/Learning_Rig/bee_0408_1_rev/cam1_2026-04-08_16-35-15.mp4,1121.5,1867.0,881,1542,1362,2192,0.83070683
522,/Volumes/SmithL0/2026/BIOL470/Final/Learning_Rig/bee_0408_1_rev/cam1_2026-04-08_16-35-15.mp4,1119.0,1868.0,878,1541,1360,2195,0.8326402
523,/Volumes/SmithL0/2026/BIOL470/Final/Learning_Rig/bee_0408_1_rev/cam1_2026-04-08_16-35-15.mp4,1119.5,1867.0,878,1538,1361,2196,0.83307403
524,/Volumes/SmithL0/2026/BIOL470/Final/Learning_Rig/bee_0408_1_rev/cam1_2026-04-08_16-35-15.mp4,1119.0,1866.5,877,1538,1361,2195,0.83180064
525,/Volumes/SmithL0/2026/BIOL470/Final/Learning_Rig/bee_0408_1_rev/cam1_2026-04-08_16-35-15.mp4,1120.0,1867.0,878,1538,1362,2196,0.8298745
526,/Volumes/SmithL0/2026/BIOL470/Final/Learning_Rig/bee_0408_1_rev/cam1_2026-04-08_16-35-15.mp4,1120.5,1867.5,879,1540,1362,2195,0.8275477
527,/Volumes/SmithL0/2026/BIOL470/Final/Learning_Rig/bee_0408_1_rev/cam1_2026-04-08_16-35-15.mp4,1121.5,1866.5,880,1537,1363,2196,0.83008933
528,/Volumes/SmithL0/2026/BIOL470/Final/Learning_Rig/bee_0408_1_rev/cam1_2026-04-08_16-35-15.mp4,1122.0,1868.0,883,1541,1361,2195,0.8322633
529,/Volumes/SmithL0/2026/BIOL470/Final/Learning_Rig/bee_0408_1_rev/cam1_2026-04-08_16-35-15.mp4,1120.0,1866.5,879,1538,1361,2195,0.8316884
530,/Volumes/SmithL0/2026/BIOL470/Final/Learning_Rig/bee_0408_1_rev/cam1_2026-04-08_16-35-15.mp4,1121.0,1865.0,880,1534,1362,2196,0.827602
531,/Volumes/SmithL0/2026/BIOL470/Final/Learning_Rig/bee_0408_1_rev/cam1_2026-04-08_16-35-15.mp4,1122.0,1866.5,883,1538,1361,2195,0.8279688
532,/Volumes/SmithL0/2026/BIOL470/Final/Learning_Rig/bee_0408_1_rev/cam1_2026-04-08_16-35-15.mp4,1121.5,1864.5,881,1534,1362,2195,0.8279613
533,/Volumes/SmithL0/2026/BIOL470/Final/Learning_Rig/bee_0408_1_rev/cam1_2026-04-08_16-35-15.mp4,1121.0,1863.5,879,1532,1363,2195,0.82831484
534,/Volumes/SmithL0/2026/BIOL470/Final/Learning_Rig/bee_0408_1_rev/cam1_2026-04-08_16-35-15.mp4,1121.5,1863.5,880,1533,1363,2194,0.82948375
535,/Volumes/SmithL0/2026/BIOL470/Final/Learning_Rig/bee_0408_1_rev/cam1_2026-04-08_16-35-15.mp4,1121.5,1864.5,880,1535,1363,2194,0.8289014
536,/Volumes/SmithL0/2026/BIOL470/Final/Learning_Rig/bee_0408_1_rev/cam1_2026-04-08_16-35-15.mp4,1121.0,1864.5,879,1535,1363,2194,0.82935303
537,/Volumes/SmithL0/2026/BIOL470/Final/Learning_Rig/bee_0408_1_rev/cam1_2026-04-08_16-35-15.mp4,1120.5,1864.5,878,1534,1363,2195,0.8290664
538,/Volumes/SmithL0/2026/BIOL470/Final/Learning_Rig/bee_0408_1_rev/cam1_2026-04-08_16-35-15.mp4,1120.0,1864.0,878,1533,1362,2195,0.83043337
539,/Volumes/SmithL0/2026/BIOL470/Final/Learning_Rig/bee_0408_1_rev/cam1_2026-04-08_16-35-15.mp4,1119.5,1863.5,877,1531,1362,2196,0.8312344
540,/Volumes/SmithL0/2026/BIOL470/Final/Learning_Rig/bee_0408_1_rev/cam1_2026-04-08_16-35-15.mp4,1119.5,1867.0,879,1538,1360,2196,0.8311429
541,/Volumes/SmithL0/2026/BIOL470/Final/Learning_Rig/bee_0408_1_rev/cam1_2026-04-08_16-35-15.mp4,1120.0,1867.5,879,1538,1361,2197,0.83152527
542,/Volumes/SmithL0/2026/BIOL470/Final/Learning_Rig/bee_0408_1_rev/cam1_2026-04-08_16-35-15.mp4,1120.5,1863.5,879,1531,1362,2196,0.82994103
543,/Volumes/SmithL0/2026/BIOL470/Final/Learning_Rig/bee_0408_1_rev/cam1_2026-04-08_16-35-15.mp4,1120.5,1866.0,880,1537,1361,2195,0.83305657
544,/Volumes/SmithL0/2026/BIOL470/Final/Learning_Rig/bee_0408_1_rev/cam1_2026-04-08_16-35-15.mp4,1120.5,1864.5,879,1532,1362,2197,0.83106524
545,/Volumes/SmithL0/2026/BIOL470/Final/Learning_Rig/bee_0408_1_rev/cam1_2026-04-08_16-35-15.mp4,1120.0,1865.0,879,1533,1361,2197,0.8294013
546,/Volumes/SmithL0/2026/BIOL470/Final/Learning_Rig/bee_0408_1_rev/cam1_2026-04-08_16-35-15.mp4,1120.5,1863.5,879,1532,1362,2195,0.8302212
547,/Volumes/SmithL0/2026/BIOL470/Final/Learning_Rig/bee_0408_1_rev/cam1_2026-04-08_16-35-15.mp4,1120.5,1865.0,879,1535,1362,2195,0.8322159
548,/Volumes/SmithL0/2026/BIOL470/Final/Learning_Rig/bee_0408_1_rev/cam1_2026-04-08_16-35-15.mp4,1121.5,1863.5,881,1533,1362,2194,0.8318896
549,/Volumes/SmithL0/2026/BIOL470/Final/Learning_Rig/bee_0408_1_rev/cam1_2026-04-08_16-35-15.mp4,1122.5,1864.0,882,1533,1363,2195,0.8299818
550,/Volumes/SmithL0/2026/BIOL470/Final/Learning_Rig/bee_0408_1_rev/cam1_2026-04-08_16-35-15.mp4,1121.0,1864.0,880,1533,1362,2195,0.83009493
551,/Volumes/SmithL0/2026/BIOL470/Final/Learning_Rig/bee_0408_1_rev/cam1_2026-04-08_16-35-15.mp4,1120.5,1864.5,879,1533,1362,2196,0.83260554
552,/Volumes/SmithL0/2026/BIOL470/Final/Learning_Rig/bee_0408_1_rev/cam1_2026-04-08_16-35-15.mp4,1120.0,1864.0,878,1533,1362,2195,0.8302967
553,/Volumes/SmithL0/2026/BIOL470/Final/Learning_Rig/bee_0408_1_rev/cam1_2026-04-08_16-35-15.mp4,1119.0,1863.0,877,1531,1361,2195,0.83238244
554,/Volumes/SmithL0/2026/BIOL470/Final/Learning_Rig/bee_0408_1_rev/cam1_2026-04-08_16-35-15.mp4,1120.0,1864.0,878,1534,1362,2194,0.8330646
555,/Volumes/SmithL0/2026/BIOL470/Final/Learning_Rig/bee_0408_1_rev/cam1_2026-04-08_16-35-15.mp4,1119.0,1864.0,877,1535,1361,2193,0.8326507
556,/Volumes/SmithL0/2026/BIOL470/Final/Learning_Rig/bee_0408_1_rev/cam1_2026-04-08_16-35-15.mp4,1121.0,1863.5,880,1533,1362,2194,0.83205146
557,/Volumes/SmithL0/2026/BIOL470/Final/Learning_Rig/bee_0408_1_rev/cam1_2026-04-08_16-35-15.mp4,1121.5,1863.5,881,1532,1362,2195,0.831204
558,/Volumes/SmithL0/2026/BIOL470/Final/Learning_Rig/bee_0408_1_rev/cam1_2026-04-08_16-35-15.mp4,1120.5,1864.0,880,1533,1361,2195,0.83074754
559,/Volumes/SmithL0/2026/BIOL470/Final/Learning_Rig/bee_0408_1_rev/cam1_2026-04-08_16-35-15.mp4,1120.5,1864.5,880,1533,1361,2196,0.8326704
560,/Volumes/SmithL0/2026/BIOL470/Final/Learning_Rig/bee_0408_1_rev/cam1_2026-04-08_16-35-15.mp4,1120.0,1863.0,879,1531,1361,2195,0.83386743
561,/Volumes/SmithL0/2026/BIOL470/Final/Learning_Rig/bee_0408_1_rev/cam1_2026-04-08_16-35-15.mp4,1119.5,1862.5,878,1531,1361,2194,0.83415955
562,/Volumes/SmithL0/2026/BIOL470/Final/Learning_Rig/bee_0408_1_rev/cam1_2026-04-08_16-35-15.mp4,1120.0,1863.5,879,1533,1361,2194,0.8318651
563,/Volumes/SmithL0/2026/BIOL470/Final/Learning_Rig/bee_0408_1_rev/cam1_2026-04-08_16-35-15.mp4,1120.5,1863.0,880,1533,1361,2193,0.83023703
564,/Volumes/SmithL0/2026/BIOL470/Final/Learning_Rig/bee_0408_1_rev/cam1_2026-04-08_16-35-15.mp4,1121.5,1863.0,881,1532,1362,2194,0.8303321
565,/Volumes/SmithL0/2026/BIOL470/Final/Learning_Rig/bee_0408_1_rev/cam1_2026-04-08_16-35-15.mp4,1122.0,1863.0,882,1533,1362,2193,0.8299409
566,/Volumes/SmithL0/2026/BIOL470/Final/Learning_Rig/bee_0408_1_rev/cam1_2026-04-08_16-35-15.mp4,1122.0,1863.0,882,1533,1362,2193,0.8282501
567,/Volumes/SmithL0/2026/BIOL470/Final/Learning_Rig/bee_0408_1_rev/cam1_2026-04-08_16-35-15.mp4,1121.5,1862.0,881,1531,1362,2193,0.8287922
568,/Volumes/SmithL0/2026/BIOL470/Final/Learning_Rig/bee_0408_1_rev/cam1_2026-04-08_16-35-15.mp4,1121.5,1863.0,881,1533,1362,2193,0.829443
569,/Volumes/SmithL0/2026/BIOL470/Final/Learning_Rig/bee_0408_1_rev/cam1_2026-04-08_16-35-15.mp4,1121.5,1863.0,881,1532,1362,2194,0.8305445
570,/Volumes/SmithL0/2026/BIOL470/Final/Learning_Rig/bee_0408_1_rev/cam1_2026-04-08_16-35-15.mp4,1121.0,1863.5,880,1532,1362,2195,0.8302402
571,/Volumes/SmithL0/2026/BIOL470/Final/Learning_Rig/bee_0408_1_rev/cam1_2026-04-08_16-35-15.mp4,1121.0,1863.0,880,1532,1362,2194,0.830083
572,/Volumes/SmithL0/2026/BIOL470/Final/Learning_Rig/bee_0408_1_rev/cam1_2026-04-08_16-35-15.mp4,1121.0,1863.5,880,1533,1362,2194,0.8310745
573,/Volumes/SmithL0/2026/BIOL470/Final/Learning_Rig/bee_0408_1_rev/cam1_2026-04-08_16-35-15.mp4,1121.5,1862.5,881,1532,1362,2193,0.83034354
574,/Volumes/SmithL0/2026/BIOL470/Final/Learning_Rig/bee_0408_1_rev/cam1_2026-04-08_16-35-15.mp4,1120.5,1862.5,879,1533,1362,2192,0.83090746
575,/Volumes/SmithL0/2026/BIOL470/Final/Learning_Rig/bee_0408_1_rev/cam1_2026-04-08_16-35-15.mp4,1120.5,1864.0,879,1536,1362,2192,0.83028346
576,/Volumes/SmithL0/2026/BIOL470/Final/Learning_Rig/bee_0408_1_rev/cam1_2026-04-08_16-35-15.mp4,1120.5,1863.0,879,1534,1362,2192,0.830258
577,/Volumes/SmithL0/2026/BIOL470/Final/Learning_Rig/bee_0408_1_rev/cam1_2026-04-08_16-35-15.mp4,1120.0,1863.0,878,1534,1362,2192,0.831
578,/Volumes/SmithL0/2026/BIOL470/Final/Learning_Rig/bee_0408_1_rev/cam1_2026-04-08_16-35-15.mp4,1120.5,1862.0,879,1533,1362,2191,0.82970047
579,/Volumes/SmithL0/2026/BIOL470/Final/Learning_Rig/bee_0408_1_rev/cam1_2026-04-08_16-35-15.mp4,1121.0,1863.0,879,1534,1363,2192,0.8303117
580,/Volumes/SmithL0/2026/BIOL470/Final/Learning_Rig/bee_0408_1_rev/cam1_2026-04-08_16-35-15.mp4,1121.0,1863.0,880,1533,1362,2193,0.8311153
581,/Volumes/SmithL0/2026/BIOL470/Final/Learning_Rig/bee_0408_1_rev/cam1_2026-04-08_16-35-15.mp4,1122.0,1862.0,882,1531,1362,2193,0.83252704
582,/Volumes/SmithL0/2026/BIOL470/Final/Learning_Rig/bee_0408_1_rev/cam1_2026-04-08_16-35-15.mp4,1121.0,1862.0,880,1532,1362,2192,0.8314353
583,/Volumes/SmithL0/2026/BIOL470/Final/Learning_Rig/bee_0408_1_rev/cam1_2026-04-08_16-35-15.mp4,1120.0,1862.0,879,1532,1361,2192,0.83136314
584,/Volumes/SmithL0/2026/BIOL470/Final/Learning_Rig/bee_0408_1_rev/cam1_2026-04-08_16-35-15.mp4,1120.0,1862.0,879,1532,1361,2192,0.8306804
585,/Volumes/SmithL0/2026/BIOL470/Final/Learning_Rig/bee_0408_1_rev/cam1_2026-04-08_16-35-15.mp4,1121.0,1862.0,880,1532,1362,2192,0.8300344
586,/Volumes/SmithL0/2026/BIOL470/Final/Learning_Rig/bee_0408_1_rev/cam1_2026-04-08_16-35-15.mp4,1120.0,1861.5,879,1531,1361,2192,0.8316067
587,/Volumes/SmithL0/2026/BIOL470/Final/Learning_Rig/bee_0408_1_rev/cam1_2026-04-08_16-35-15.mp4,1121.0,1862.5,880,1533,1362,2192,0.8315288
588,/Volumes/SmithL0/2026/BIOL470/Final/Learning_Rig/bee_0408_1_rev/cam1_2026-04-08_16-35-15.mp4,1120.5,1862.0,879,1532,1362,2192,0.8304187
589,/Volumes/SmithL0/2026/BIOL470/Final/Learning_Rig/bee_0408_1_rev/cam1_2026-04-08_16-35-15.mp4,1121.5,1862.5,881,1534,1362,2191,0.83071744
590,/Volumes/SmithL0/2026/BIOL470/Final/Learning_Rig/bee_0408_1_rev/cam1_2026-04-08_16-35-15.mp4,1121.5,1861.5,881,1532,1362,2191,0.83180195
591,/Volumes/SmithL0/2026/BIOL470/Final/Learning_Rig/bee_0408_1_rev/cam1_2026-04-08_16-35-15.mp4,1121.5,1861.0,881,1531,1362,2191,0.8312515
592,/Volumes/SmithL0/2026/BIOL470/Final/Learning_Rig/bee_0408_1_rev/cam1_2026-04-08_16-35-15.mp4,1121.5,1861.5,881,1532,1362,2191,0.8323978
593,/Volumes/SmithL0/2026/BIOL470/Final/Learning_Rig/bee_0408_1_rev/cam1_2026-04-08_16-35-15.mp4,1120.5,1862.0,880,1532,1361,2192,0.8302743
594,/Volumes/SmithL0/2026/BIOL470/Final/Learning_Rig/bee_0408_1_rev/cam1_2026-04-08_16-35-15.mp4,1120.5,1861.5,879,1531,1362,2192,0.82997864
595,/Volumes/SmithL0/2026/BIOL470/Final/Learning_Rig/bee_0408_1_rev/cam1_2026-04-08_16-35-15.mp4,1120.0,1861.0,878,1531,1362,2191,0.82970804
596,/Volumes/SmithL0/2026/BIOL470/Final/Learning_Rig/bee_0408_1_rev/cam1_2026-04-08_16-35-15.mp4,1122.0,1863.5,880,1534,1364,2193,0.8248044
597,/Volumes/SmithL0/2026/BIOL470/Final/Learning_Rig/bee_0408_1_rev/cam1_2026-04-08_16-35-15.mp4,1120.0,1873.0,873,1546,1367,2200,0.82265466
598,/Volumes/SmithL0/2026/BIOL470/Final/Learning_Rig/bee_0408_1_rev/cam1_2026-04-08_16-35-15.mp4,1123.0,1864.0,880,1537,1366,2191,0.82108724
599,/Volumes/SmithL0/2026/BIOL470/Final/Learning_Rig/bee_0408_1_rev/cam1_2026-04-08_16-35-15.mp4,1124.5,1861.5,882,1533,1367,2190,0.82369816
600,/Volumes/SmithL0/2026/BIOL470/Final/Learning_Rig/bee_0408_1_rev/cam1_2026-04-08_16-35-15.mp4,1122.0,1864.0,875,1536,1369,2192,0.8231962
601,/Volumes/SmithL0/2026/BIOL470/Final/Learning_Rig/bee_0408_1_rev/cam1_2026-04-08_16-35-15.mp4,1124.5,1859.5,882,1529,1367,2190,0.8224932
602,/Volumes/SmithL0/2026/BIOL470/Final/Learning_Rig/bee_0408_1_rev/cam1_2026-04-08_16-35-15.mp4,1127.5,1858.0,882,1525,1373,2191,0.82516396
603,/Volumes/SmithL0/2026/BIOL470/Final/Learning_Rig/bee_0408_1_rev/cam1_2026-04-08_16-35-15.mp4,1127.0,1858.5,882,1526,1372,2191,0.8246665
604,/Volumes/SmithL0/2026/BIOL470/Final/Learning_Rig/bee_0408_1_rev/cam1_2026-04-08_16-35-15.mp4,1127.0,1859.0,882,1527,1372,2191,0.8229072
605,/Volumes/SmithL0/2026/BIOL470/Final/Learning_Rig/bee_0408_1_rev/cam1_2026-04-08_16-35-15.mp4,1127.5,1858.0,883,1525,1372,2191,0.8210733
606,/Volumes/SmithL0/2026/BIOL470/Final/Learning_Rig/bee_0408_1_rev/cam1_2026-04-08_16-35-15.mp4,1126.0,1858.0,882,1526,1370,2190,0.82478625
607,/Volumes/SmithL0/2026/BIOL470/Final/Learning_Rig/bee_0408_1_rev/cam1_2026-04-08_16-35-15.mp4,1125.5,1859.0,881,1528,1370,2190,0.823977
608,/Volumes/SmithL0/2026/BIOL470/Final/Learning_Rig/bee_0408_1_rev/cam1_2026-04-08_16-35-15.mp4,1126.5,1858.0,882,1526,1371,2190,0.8267923
609,/Volumes/SmithL0/2026/BIOL470/Final/Learning_Rig/bee_0408_1_rev/cam1_2026-04-08_16-35-15.mp4,1119.5,1855.5,873,1526,1366,2185,0.8261667
610,/Volumes/SmithL0/2026/BIOL470/Final/Learning_Rig/bee_0408_1_rev/cam1_2026-04-08_16-35-15.mp4,1126.5,1856.5,881,1522,1372,2191,0.8273413
611,/Volumes/SmithL0/2026/BIOL470/Final/Learning_Rig/bee_0408_1_rev/cam1_2026-04-08_16-35-15.mp4,1126.5,1856.5,881,1523,1372,2190,0.8257499
612,/Volumes/SmithL0/2026/BIOL470/Final/Learning_Rig/bee_0408_1_rev/cam1_2026-04-08_16-35-15.mp4,1126.5,1857.0,882,1524,1371,2190,0.82517266
613,/Volumes/SmithL0/2026/BIOL470/Final/Learning_Rig/bee_0408_1_rev/cam1_2026-04-08_16-35-15.mp4,1127.5,1857.0,882,1524,1373,2190,0.82315886
614,/Volumes/SmithL0/2026/BIOL470/Final/Learning_Rig/bee_0408_1_rev/cam1_2026-04-08_16-35-15.mp4,1122.0,1858.5,877,1531,1367,2186,0.8251415
615,/Volumes/SmithL0/2026/BIOL470/Final/Learning_Rig/bee_0408_1_rev/cam1_2026-04-08_16-35-15.mp4,1127.0,1857.0,881,1523,1373,2191,0.8253258
616,/Volumes/SmithL0/2026/BIOL470/Final/Learning_Rig/bee_0408_1_rev/cam1_2026-04-08_16-35-15.mp4,1127.5,1857.0,882,1523,1373,2191,0.8238822
617,/Volumes/SmithL0/2026/BIOL470/Final/Learning_Rig/bee_0408_1_rev/cam1_2026-04-08_16-35-15.mp4,1125.0,1857.0,880,1523,1370,2191,0.8257568
618,/Volumes/SmithL0/2026/BIOL470/Final/Learning_Rig/bee_0408_1_rev/cam1_2026-04-08_16-35-15.mp4,1120.5,1858.0,875,1530,1366,2186,0.82460827
619,/Volumes/SmithL0/2026/BIOL470/Final/Learning_Rig/bee_0408_1_rev/cam1_2026-04-08_16-35-15.mp4,1125.5,1857.0,880,1525,1371,2189,0.82365847
620,/Volumes/SmithL0/2026/BIOL470/Final/Learning_Rig/bee_0408_1_rev/cam1_2026-04-08_16-35-15.mp4,1125.5,1857.0,880,1524,1371,2190,0.8239785
621,/Volumes/SmithL0/2026/BIOL470/Final/Learning_Rig/bee_0408_1_rev/cam1_2026-04-08_16-35-15.mp4,1119.5,1857.5,873,1527,1366,2188,0.8249637
622,/Volumes/SmithL0/2026/BIOL470/Final/Learning_Rig/bee_0408_1_rev/cam1_2026-04-08_16-35-15.mp4,1127.0,1857.0,882,1524,1372,2190,0.82482713
623,/Volumes/SmithL0/2026/BIOL470/Final/Learning_Rig/bee_0408_1_rev/cam1_2026-04-08_16-35-15.mp4,1126.5,1856.5,881,1523,1372,2190,0.8239765
624,/Volumes/SmithL0/2026/BIOL470/Final/Learning_Rig/bee_0408_1_rev/cam1_2026-04-08_16-35-15.mp4,1121.0,1857.5,875,1529,1367,2186,0.8257514
625,/Volumes/SmithL0/2026/BIOL470/Final/Learning_Rig/bee_0408_1_rev/cam1_2026-04-08_16-35-15.mp4,1122.0,1857.5,877,1528,1367,2187,0.82461727
626,/Volumes/SmithL0/2026/BIOL470/Final/Learning_Rig/bee_0408_1_rev/cam1_2026-04-08_16-35-15.mp4,1122.0,1858.5,877,1529,1367,2188,0.8262227
627,/Volumes/SmithL0/2026/BIOL470/Final/Learning_Rig/bee_0408_1_rev/cam1_2026-04-08_16-35-15.mp4,1121.5,1859.0,876,1530,1367,2188,0.8230811
628,/Volumes/SmithL0/2026/BIOL470/Final/Learning_Rig/bee_0408_1_rev/cam1_2026-04-08_16-35-15.mp4,1122.0,1857.5,877,1529,1367,2186,0.8299622
629,/Volumes/SmithL0/2026/BIOL470/Final/Learning_Rig/bee_0408_1_rev/cam1_2026-04-08_16-35-15.mp4,1122.5,1858.0,878,1528,1367,2188,0.82387614
630,/Volumes/SmithL0/2026/BIOL470/Final/Learning_Rig/bee_0408_1_rev/cam1_2026-04-08_16-35-15.mp4,1121.5,1859.0,876,1529,1367,2189,0.8266323
631,/Volumes/SmithL0/2026/BIOL470/Final/Learning_Rig/bee_0408_1_rev/cam1_2026-04-08_16-35-15.mp4,1122.0,1857.0,877,1529,1367,2185,0.8333963
632,/Volumes/SmithL0/2026/BIOL470/Final/Learning_Rig/bee_0408_1_rev/cam1_2026-04-08_16-35-15.mp4,1122.0,1857.5,877,1530,1367,2185,0.8298443
633,/Volumes/SmithL0/2026/BIOL470/Final/Learning_Rig/bee_0408_1_rev/cam1_2026-04-08_16-35-15.mp4,1121.5,1858.0,876,1530,1367,2186,0.8297315
634,/Volumes/SmithL0/2026/BIOL470/Final/Learning_Rig/bee_0408_1_rev/cam1_2026-04-08_16-35-15.mp4,1121.5,1857.0,876,1531,1367,2183,0.83198875
635,/Volumes/SmithL0/2026/BIOL470/Final/Learning_Rig/bee_0408_1_rev/cam1_2026-04-08_16-35-15.mp4,1122.0,1856.0,877,1529,1367,2183,0.8298304
636,/Volumes/SmithL0/2026/BIOL470/Final/Learning_Rig/bee_0408_1_rev/cam1_2026-04-08_16-35-15.mp4,1121.5,1858.0,876,1530,1367,2186,0.8285498
637,/Volumes/SmithL0/2026/BIOL470/Final/Learning_Rig/bee_0408_1_rev/cam1_2026-04-08_16-35-15.mp4,1121.0,1857.5,875,1529,1367,2186,0.8257571
638,/Volumes/SmithL0/2026/BIOL470/Final/Learning_Rig/bee_0408_1_rev/cam1_2026-04-08_16-35-15.mp4,1121.5,1856.5,876,1530,1367,2183,0.8316216
639,/Volumes/SmithL0/2026/BIOL470/Final/Learning_Rig/bee_0408_1_rev/cam1_2026-04-08_16-35-15.mp4,1121.0,1857.5,875,1530,1367,2185,0.83273256
640,/Volumes/SmithL0/2026/BIOL470/Final/Learning_Rig/bee_0408_1_rev/cam1_2026-04-08_16-35-15.mp4,1122.0,1856.5,877,1528,1367,2185,0.8305003
641,/Volumes/SmithL0/2026/BIOL470/Final/Learning_Rig/bee_0408_1_rev/cam1_2026-04-08_16-35-15.mp4,1122.0,1857.5,877,1529,1367,2186,0.8286405
642,/Volumes/SmithL0/2026/BIOL470/Final/Learning_Rig/bee_0408_1_rev/cam1_2026-04-08_16-35-15.mp4,1121.5,1856.5,876,1530,1367,2183,0.8289729
643,/Volumes/SmithL0/2026/BIOL470/Final/Learning_Rig/bee_0408_1_rev/cam1_2026-04-08_16-35-15.mp4,1121.0,1858.5,875,1532,1367,2185,0.8292021
644,/Volumes/SmithL0/2026/BIOL470/Final/Learning_Rig/bee_0408_1_rev/cam1_2026-04-08_16-35-15.mp4,1122.0,1857.0,877,1531,1367,2183,0.8251827
645,/Volumes/SmithL0/2026/BIOL470/Final/Learning_Rig/bee_0408_1_rev/cam1_2026-04-08_16-35-15.mp4,1121.5,1856.0,876,1530,1367,2182,0.83328843
646,/Volumes/SmithL0/2026/BIOL470/Final/Learning_Rig/bee_0408_1_rev/cam1_2026-04-08_16-35-15.mp4,1121.5,1855.0,876,1531,1367,2179,0.8323379
647,/Volumes/SmithL0/2026/BIOL470/Final/Learning_Rig/bee_0408_1_rev/cam1_2026-04-08_16-35-15.mp4,1121.0,1855.0,875,1530,1367,2180,0.83239263
648,/Volumes/SmithL0/2026/BIOL470/Final/Learning_Rig/bee_0408_1_rev/cam1_2026-04-08_16-35-15.mp4,1120.5,1856.0,874,1531,1367,2181,0.8288547
649,/Volumes/SmithL0/2026/BIOL470/Final/Learning_Rig/bee_0408_1_rev/cam1_2026-04-08_16-35-15.mp4,1120.5,1855.5,874,1530,1367,2181,0.8264328
650,/Volumes/SmithL0/2026/BIOL470/Final/Learning_Rig/bee_0408_1_rev/cam1_2026-04-08_16-35-15.mp4,1122.0,1855.5,877,1531,1367,2180,0.82734776
651,/Volumes/SmithL0/2026/BIOL470/Final/Learning_Rig/bee_0408_1_rev/cam1_2026-04-08_16-35-15.mp4,1121.5,1855.0,876,1529,1367,2181,0.82933825
652,/Volumes/SmithL0/2026/BIOL470/Final/Learning_Rig/bee_0408_1_rev/cam1_2026-04-08_16-35-15.mp4,1122.5,1857.5,878,1530,1367,2185,0.8267435
653,/Volumes/SmithL0/2026/BIOL470/Final/Learning_Rig/bee_0408_1_rev/cam1_2026-04-08_16-35-15.mp4,1122.0,1856.0,877,1530,1367,2182,0.8325339
654,/Volumes/SmithL0/2026/BIOL470/Final/Learning_Rig/bee_0408_1_rev/cam1_2026-04-08_16-35-15.mp4,1122.5,1857.0,878,1532,1367,2182,0.8320341
655,/Volumes/SmithL0/2026/BIOL470/Final/Learning_Rig/bee_0408_1_rev/cam1_2026-04-08_16-35-15.mp4,1122.5,1856.5,878,1531,1367,2182,0.8323628
656,/Volumes/SmithL0/2026/BIOL470/Final/Learning_Rig/bee_0408_1_rev/cam1_2026-04-08_16-35-15.mp4,1121.5,1857.5,876,1531,1367,2184,0.82645553
657,/Volumes/SmithL0/2026/BIOL470/Final/Learning_Rig/bee_0408_1_rev/cam1_2026-04-08_16-35-15.mp4,1121.5,1856.0,876,1532,1367,2180,0.827607
658,/Volumes/SmithL0/2026/BIOL470/Final/Learning_Rig/bee_0408_1_rev/cam1_2026-04-08_16-35-15.mp4,1121.5,1854.5,876,1533,1367,2176,0.8293352
659,/Volumes/SmithL0/2026/BIOL470/Final/Learning_Rig/bee_0408_1_rev/cam1_2026-04-08_16-35-15.mp4,1122.0,1855.0,877,1533,1367,2177,0.8293805
660,/Volumes/SmithL0/2026/BIOL470/Final/Learning_Rig/bee_0408_1_rev/cam1_2026-04-08_16-35-15.mp4,1121.5,1856.0,876,1532,1367,2180,0.8254459
661,/Volumes/SmithL0/2026/BIOL470/Final/Learning_Rig/bee_0408_1_rev/cam1_2026-04-08_16-35-15.mp4,1122.0,1855.0,877,1532,1367,2178,0.82326794
662,/Volumes/SmithL0/2026/BIOL470/Final/Learning_Rig/bee_0408_1_rev/cam1_2026-04-08_16-35-15.mp4,1122.0,1858.0,877,1532,1367,2184,0.8215006
663,/Volumes/SmithL0/2026/BIOL470/Final/Learning_Rig/bee_0408_1_rev/cam1_2026-04-08_16-35-15.mp4,1122.0,1857.0,877,1532,1367,2182,0.82214284
664,/Volumes/SmithL0/2026/BIOL470/Final/Learning_Rig/bee_0408_1_rev/cam1_2026-04-08_16-35-15.mp4,1122.0,1856.0,877,1532,1367,2180,0.82814133
665,/Volumes/SmithL0/2026/BIOL470/Final/Learning_Rig/bee_0408_1_rev/cam1_2026-04-08_16-35-15.mp4,1123.0,1856.0,879,1532,1367,2180,0.8279643
666,/Volumes/SmithL0/2026/BIOL470/Final/Learning_Rig/bee_0408_1_rev/cam1_2026-04-08_16-35-15.mp4,1122.5,1857.5,878,1533,1367,2182,0.8251868
667,/Volumes/SmithL0/2026/BIOL470/Final/Learning_Rig/bee_0408_1_rev/cam1_2026-04-08_16-35-15.mp4,1123.0,1856.5,879,1533,1367,2180,0.82310086
668,/Volumes/SmithL0/2026/BIOL470/Final/Learning_Rig/bee_0408_1_rev/cam1_2026-04-08_16-35-15.mp4,1123.0,1857.0,879,1533,1367,2181,0.8291819
669,/Volumes/SmithL0/2026/BIOL470/Final/Learning_Rig/bee_0408_1_rev/cam1_2026-04-08_16-35-15.mp4,1122.0,1855.5,877,1531,1367,2180,0.83561826
670,/Volumes/SmithL0/2026/BIOL470/Final/Learning_Rig/bee_0408_1_rev/cam1_2026-04-08_16-35-15.mp4,1122.0,1856.5,877,1530,1367,2183,0.8303427
671,/Volumes/SmithL0/2026/BIOL470/Final/Learning_Rig/bee_0408_1_rev/cam1_2026-04-08_16-35-15.mp4,1122.0,1856.0,877,1530,1367,2182,0.8273203
672,/Volumes/SmithL0/2026/BIOL470/Final/Learning_Rig/bee_0408_1_rev/cam1_2026-04-08_16-35-15.mp4,1121.5,1856.5,876,1532,1367,2181,0.8318849
673,/Volumes/SmithL0/2026/BIOL470/Final/Learning_Rig/bee_0408_1_rev/cam1_2026-04-08_16-35-15.mp4,1122.5,1854.0,878,1529,1367,2179,0.8350876
674,/Volumes/SmithL0/2026/BIOL470/Final/Learning_Rig/bee_0408_1_rev/cam1_2026-04-08_16-35-15.mp4,1123.0,1853.5,879,1530,1367,2177,0.8328957
675,/Volumes/SmithL0/2026/BIOL470/Final/Learning_Rig/bee_0408_1_rev/cam1_2026-04-08_16-35-15.mp4,1122.0,1855.0,877,1531,1367,2179,0.8353707
676,/Volumes/SmithL0/2026/BIOL470/Final/Learning_Rig/bee_0408_1_rev/cam1_2026-04-08_16-35-15.mp4,1123.0,1854.5,879,1531,1367,2178,0.833944
677,/Volumes/SmithL0/2026/BIOL470/Final/Learning_Rig/bee_0408_1_rev/cam1_2026-04-08_16-35-15.mp4,1122.5,1855.5,878,1531,1367,2180,0.8329775
678,/Volumes/SmithL0/2026/BIOL470/Final/Learning_Rig/bee_0408_1_rev/cam1_2026-04-08_16-35-15.mp4,1123.0,1854.5,878,1532,1368,2177,0.83398986
679,/Volumes/SmithL0/2026/BIOL470/Final/Learning_Rig/bee_0408_1_rev/cam1_2026-04-08_16-35-15.mp4,1121.5,1855.0,876,1531,1367,2179,0.83143675
680,/Volumes/SmithL0/2026/BIOL470/Final/Learning_Rig/bee_0408_1_rev/cam1_2026-04-08_16-35-15.mp4,1122.5,1856.0,878,1532,1367,2180,0.82705265
681,/Volumes/SmithL0/2026/BIOL470/Final/Learning_Rig/bee_0408_1_rev/cam1_2026-04-08_16-35-15.mp4,1122.0,1855.5,877,1531,1367,2180,0.8242164
682,/Volumes/SmithL0/2026/BIOL470/Final/Learning_Rig/bee_0408_1_rev/cam1_2026-04-08_16-35-15.mp4,1122.5,1855.5,877,1532,1368,2179,0.82835615
683,/Volumes/SmithL0/2026/BIOL470/Final/Learning_Rig/bee_0408_1_rev/cam1_2026-04-08_16-35-15.mp4,1121.0,1854.5,875,1531,1367,2178,0.82985127
684,/Volumes/SmithL0/2026/BIOL470/Final/Learning_Rig/bee_0408_1_rev/cam1_2026-04-08_16-35-15.mp4,1121.5,1854.0,876,1531,1367,2177,0.82606936
685,/Volumes/SmithL0/2026/BIOL470/Final/Learning_Rig/bee_0408_1_rev/cam1_2026-04-08_16-35-15.mp4,1121.0,1852.0,875,1527,1367,2177,0.8283871
686,/Volumes/SmithL0/2026/BIOL470/Final/Learning_Rig/bee_0408_1_rev/cam1_2026-04-08_16-35-15.mp4,1122.5,1851.0,878,1526,1367,2176,0.82845604
687,/Volumes/SmithL0/2026/BIOL470/Final/Learning_Rig/bee_0408_1_rev/cam1_2026-04-08_16-35-15.mp4,1122.0,1852.0,877,1526,1367,2178,0.82762897
688,/Volumes/SmithL0/2026/BIOL470/Final/Learning_Rig/bee_0408_1_rev/cam1_2026-04-08_16-35-15.mp4,1122.5,1852.5,878,1527,1367,2178,0.82795656
689,/Volumes/SmithL0/2026/BIOL470/Final/Learning_Rig/bee_0408_1_rev/cam1_2026-04-08_16-35-15.mp4,1122.5,1852.0,878,1526,1367,2178,0.8348926
690,/Volumes/SmithL0/2026/BIOL470/Final/Learning_Rig/bee_0408_1_rev/cam1_2026-04-08_16-35-15.mp4,1122.5,1853.0,877,1525,1368,2181,0.8324591
691,/Volumes/SmithL0/2026/BIOL470/Final/Learning_Rig/bee_0408_1_rev/cam1_2026-04-08_16-35-15.mp4,1122.0,1852.5,877,1525,1367,2180,0.83254427
692,/Volumes/SmithL0/2026/BIOL470/Final/Learning_Rig/bee_0408_1_rev/cam1_2026-04-08_16-35-15.mp4,1122.5,1852.0,878,1525,1367,2179,0.8341006
693,/Volumes/SmithL0/2026/BIOL470/Final/Learning_Rig/bee_0408_1_rev/cam1_2026-04-08_16-35-15.mp4,1122.5,1852.0,877,1525,1368,2179,0.83728343
694,/Volumes/SmithL0/2026/BIOL470/Final/Learning_Rig/bee_0408_1_rev/cam1_2026-04-08_16-35-15.mp4,1122.5,1852.0,878,1525,1367,2179,0.83969325
695,/Volumes/SmithL0/2026/BIOL470/Final/Learning_Rig/bee_0408_1_rev/cam1_2026-04-08_16-35-15.mp4,1122.5,1853.0,877,1525,1368,2181,0.8386616
696,/Volumes/SmithL0/2026/BIOL470/Final/Learning_Rig/bee_0408_1_rev/cam1_2026-04-08_16-35-15.mp4,1123.0,1850.5,879,1525,1367,2176,0.83719367
697,/Volumes/SmithL0/2026/BIOL470/Final/Learning_Rig/bee_0408_1_rev/cam1_2026-04-08_16-35-15.mp4,1123.0,1851.5,878,1526,1368,2177,0.8430606
698,/Volumes/SmithL0/2026/BIOL470/Final/Learning_Rig/bee_0408_1_rev/cam1_2026-04-08_16-35-15.mp4,1123.0,1850.5,879,1527,1367,2174,0.84177977
699,/Volumes/SmithL0/2026/BIOL470/Final/Learning_Rig/bee_0408_1_rev/cam1_2026-04-08_16-35-15.mp4,1123.5,1851.5,880,1527,1367,2176,0.8357315
700,/Volumes/SmithL0/2026/BIOL470/Final/Learning_Rig/bee_0408_1_rev/cam1_2026-04-08_16-35-15.mp4,1123.0,1850.0,879,1526,1367,2174,0.83748424
701,/Volumes/SmithL0/2026/BIOL470/Final/Learning_Rig/bee_0408_1_rev/cam1_2026-04-08_16-35-15.mp4,1122.5,1852.0,878,1525,1367,2179,0.8330261
702,/Volumes/SmithL0/2026/BIOL470/Final/Learning_Rig/bee_0408_1_rev/cam1_2026-04-08_16-35-15.mp4,1123.0,1853.0,879,1525,1367,2181,0.8314641
703,/Volumes/SmithL0/2026/BIOL470/Final/Learning_Rig/bee_0408_1_rev/cam1_2026-04-08_16-35-15.mp4,1123.0,1852.5,879,1525,1367,2180,0.8325983
704,/Volumes/SmithL0/2026/BIOL470/Final/Learning_Rig/bee_0408_1_rev/cam1_2026-04-08_16-35-15.mp4,1122.5,1854.0,878,1527,1367,2181,0.8322381
705,/Volumes/SmithL0/2026/BIOL470/Final/Learning_Rig/bee_0408_1_rev/cam1_2026-04-08_16-35-15.mp4,1122.5,1852.5,878,1527,1367,2178,0.8338662
706,/Volumes/SmithL0/2026/BIOL470/Final/Learning_Rig/bee_0408_1_rev/cam1_2026-04-08_16-35-15.mp4,1122.5,1852.0,878,1527,1367,2177,0.8325818
707,/Volumes/SmithL0/2026/BIOL470/Final/Learning_Rig/bee_0408_1_rev/cam1_2026-04-08_16-35-15.mp4,1123.5,1852.0,879,1529,1368,2175,0.8384523
708,/Volumes/SmithL0/2026/BIOL470/Final/Learning_Rig/bee_0408_1_rev/cam1_2026-04-08_16-35-15.mp4,1122.5,1853.0,877,1530,1368,2176,0.8402989
709,/Volumes/SmithL0/2026/BIOL470/Final/Learning_Rig/bee_0408_1_rev/cam1_2026-04-08_16-35-15.mp4,1123.0,1852.5,878,1528,1368,2177,0.8374751
710,/Volumes/SmithL0/2026/BIOL470/Final/Learning_Rig/bee_0408_1_rev/cam1_2026-04-08_16-35-15.mp4,1122.5,1852.0,878,1528,1367,2176,0.8319669
711,/Volumes/SmithL0/2026/BIOL470/Final/Learning_Rig/bee_0408_1_rev/cam1_2026-04-08_16-35-15.mp4,1122.5,1850.5,878,1525,1367,2176,0.82750726
712,/Volumes/SmithL0/2026/BIOL470/Final/Learning_Rig/bee_0408_1_rev/cam1_2026-04-08_16-35-15.mp4,1123.0,1850.5,879,1525,1367,2176,0.8288065
713,/Volumes/SmithL0/2026/BIOL470/Final/Learning_Rig/bee_0408_1_rev/cam1_2026-04-08_16-35-15.mp4,1122.5,1850.5,878,1526,1367,2175,0.8295814
714,/Volumes/SmithL0/2026/BIOL470/Final/Learning_Rig/bee_0408_1_rev/cam1_2026-04-08_16-35-15.mp4,1122.0,1852.0,877,1526,1367,2178,0.82963705
715,/Volumes/SmithL0/2026/BIOL470/Final/Learning_Rig/bee_0408_1_rev/cam1_2026-04-08_16-35-15.mp4,1121.0,1851.5,875,1525,1367,2178,0.835632
716,/Volumes/SmithL0/2026/BIOL470/Final/Learning_Rig/bee_0408_1_rev/cam1_2026-04-08_16-35-15.mp4,1122.0,1850.5,877,1526,1367,2175,0.8350125
717,/Volumes/SmithL0/2026/BIOL470/Final/Learning_Rig/bee_0408_1_rev/cam1_2026-04-08_16-35-15.mp4,1122.5,1851.5,877,1525,1368,2178,0.83176285
718,/Volumes/SmithL0/2026/BIOL470/Final/Learning_Rig/bee_0408_1_rev/cam1_2026-04-08_16-35-15.mp4,1122.0,1850.0,877,1527,1367,2173,0.8342224
719,/Volumes/SmithL0/2026/BIOL470/Final/Learning_Rig/bee_0408_1_rev/cam1_2026-04-08_16-35-15.mp4,1122.0,1851.0,877,1527,1367,2175,0.83040965
720,/Volumes/SmithL0/2026/BIOL470/Final/Learning_Rig/bee_0408_1_rev/cam1_2026-04-08_16-35-15.mp4,1122.5,1853.0,877,1527,1368,2179,0.82892114
721,/Volumes/SmithL0/2026/BIOL470/Final/Learning_Rig/bee_0408_1_rev/cam1_2026-04-08_16-35-15.mp4,1123.0,1852.0,878,1527,1368,2177,0.83215094
722,/Volumes/SmithL0/2026/BIOL470/Final/Learning_Rig/bee_0408_1_rev/cam1_2026-04-08_16-35-15.mp4,1122.5,1852.0,878,1527,1367,2177,0.8293574
723,/Volumes/SmithL0/2026/BIOL470/Final/Learning_Rig/bee_0408_1_rev/cam1_2026-04-08_16-35-15.mp4,1123.0,1851.5,878,1527,1368,2176,0.8321449
724,/Volumes/SmithL0/2026/BIOL470/Final/Learning_Rig/bee_0408_1_rev/cam1_2026-04-08_16-35-15.mp4,1122.0,1850.5,877,1527,1367,2174,0.8330265
725,/Volumes/SmithL0/2026/BIOL470/Final/Learning_Rig/bee_0408_1_rev/cam1_2026-04-08_16-35-15.mp4,1122.0,1851.0,877,1526,1367,2176,0.8297431
726,/Volumes/SmithL0/2026/BIOL470/Final/Learning_Rig/bee_0408_1_rev/cam1_2026-04-08_16-35-15.mp4,1123.5,1852.5,879,1526,1368,2179,0.8276415
727,/Volumes/SmithL0/2026/BIOL470/Final/Learning_Rig/bee_0408_1_rev/cam1_2026-04-08_16-35-15.mp4,1123.0,1851.5,878,1525,1368,2178,0.83748317
728,/Volumes/SmithL0/2026/BIOL470/Final/Learning_Rig/bee_0408_1_rev/cam1_2026-04-08_16-35-15.mp4,1123.0,1852.0,878,1525,1368,2179,0.83413345
729,/Volumes/SmithL0/2026/BIOL470/Final/Learning_Rig/bee_0408_1_rev/cam1_2026-04-08_16-35-15.mp4,1122.5,1852.0,878,1525,1367,2179,0.826636
730,/Volumes/SmithL0/2026/BIOL470/Final/Learning_Rig/bee_0408_1_rev/cam1_2026-04-08_16-35-15.mp4,1122.5,1853.0,877,1525,1368,2181,0.82131386
731,/Volumes/SmithL0/2026/BIOL470/Final/Learning_Rig/bee_0408_1_rev/cam1_2026-04-08_16-35-15.mp4,1122.0,1851.0,877,1526,1367,2176,0.8309866
732,/Volumes/SmithL0/2026/BIOL470/Final/Learning_Rig/bee_0408_1_rev/cam1_2026-04-08_16-35-15.mp4,1122.5,1852.0,878,1526,1367,2178,0.82857853
733,/Volumes/SmithL0/2026/BIOL470/Final/Learning_Rig/bee_0408_1_rev/cam1_2026-04-08_16-35-15.mp4,1123.0,1852.5,878,1525,1368,2180,0.8354659
734,/Volumes/SmithL0/2026/BIOL470/Final/Learning_Rig/bee_0408_1_rev/cam1_2026-04-08_16-35-15.mp4,1123.5,1851.5,879,1524,1368,2179,0.8361095
735,/Volumes/SmithL0/2026/BIOL470/Final/Learning_Rig/bee_0408_1_rev/cam1_2026-04-08_16-35-15.mp4,1123.0,1852.0,878,1525,1368,2179,0.83930683
736,/Volumes/SmithL0/2026/BIOL470/Final/Learning_Rig/bee_0408_1_rev/cam1_2026-04-08_16-35-15.mp4,1123.0,1851.0,878,1524,1368,2178,0.83900917
737,/Volumes/SmithL0/2026/BIOL470/Final/Learning_Rig/bee_0408_1_rev/cam1_2026-04-08_16-35-15.mp4,1122.5,1850.5,877,1525,1368,2176,0.8414559
738,/Volumes/SmithL0/2026/BIOL470/Final/Learning_Rig/bee_0408_1_rev/cam1_2026-04-08_16-35-15.mp4,1123.5,1851.0,878,1525,1369,2177,0.83926934
739,/Volumes/SmithL0/2026/BIOL470/Final/Learning_Rig/bee_0408_1_rev/cam1_2026-04-08_16-35-15.mp4,1123.0,1852.5,877,1526,1369,2179,0.8367601
740,/Volumes/SmithL0/2026/BIOL470/Final/Learning_Rig/bee_0408_1_rev/cam1_2026-04-08_16-35-15.mp4,1123.0,1851.5,877,1526,1369,2177,0.8388351
741,/Volumes/SmithL0/2026/BIOL470/Final/Learning_Rig/bee_0408_1_rev/cam1_2026-04-08_16-35-15.mp4,1122.5,1852.5,876,1525,1369,2180,0.8373213
742,/Volumes/SmithL0/2026/BIOL470/Final/Learning_Rig/bee_0408_1_rev/cam1_2026-04-08_16-35-15.mp4,1123.5,1851.5,878,1525,1369,2178,0.84270024
743,/Volumes/SmithL0/2026/BIOL470/Final/Learning_Rig/bee_0408_1_rev/cam1_2026-04-08_16-35-15.mp4,1122.5,1852.5,876,1526,1369,2179,0.83733183
744,/Volumes/SmithL0/2026/BIOL470/Final/Learning_Rig/bee_0408_1_rev/cam1_2026-04-08_16-35-15.mp4,1122.5,1852.0,876,1525,1369,2179,0.8393088
745,/Volumes/SmithL0/2026/BIOL470/Final/Learning_Rig/bee_0408_1_rev/cam1_2026-04-08_16-35-15.mp4,1122.5,1852.0,876,1526,1369,2178,0.84839994
746,/Volumes/SmithL0/2026/BIOL470/Final/Learning_Rig/bee_0408_1_rev/cam1_2026-04-08_16-35-15.mp4,1123.5,1851.0,878,1525,1369,2177,0.8395174
747,/Volumes/SmithL0/2026/BIOL470/Final/Learning_Rig/bee_0408_1_rev/cam1_2026-04-08_16-35-15.mp4,1123.5,1851.5,878,1524,1369,2179,0.8362337
748,/Volumes/SmithL0/2026/BIOL470/Final/Learning_Rig/bee_0408_1_rev/cam1_2026-04-08_16-35-15.mp4,1123.0,1851.0,877,1525,1369,2177,0.8418814
749,/Volumes/SmithL0/2026/BIOL470/Final/Learning_Rig/bee_0408_1_rev/cam1_2026-04-08_16-35-15.mp4,1123.0,1850.5,877,1525,1369,2176,0.83580494
750,/Volumes/SmithL0/2026/BIOL470/Final/Learning_Rig/bee_0408_1_rev/cam1_2026-04-08_16-35-15.mp4,1122.0,1852.0,876,1526,1368,2178,0.83321345
751,/Volumes/SmithL0/2026/BIOL470/Final/Learning_Rig/bee_0408_1_rev/cam1_2026-04-08_16-35-15.mp4,1122.5,1852.5,877,1525,1368,2180,0.83494276
752,/Volumes/SmithL0/2026/BIOL470/Final/Learning_Rig/bee_0408_1_rev/cam1_2026-04-08_16-35-15.mp4,1123.0,1851.0,878,1525,1368,2177,0.8371786
753,/Volumes/SmithL0/2026/BIOL470/Final/Learning_Rig/bee_0408_1_rev/cam1_2026-04-08_16-35-15.mp4,1123.0,1851.5,878,1524,1368,2179,0.84091836
754,/Volumes/SmithL0/2026/BIOL470/Final/Learning_Rig/bee_0408_1_rev/cam1_2026-04-08_16-35-15.mp4,1123.0,1851.0,878,1524,1368,2178,0.84227353
755,/Volumes/SmithL0/2026/BIOL470/Final/Learning_Rig/bee_0408_1_rev/cam1_2026-04-08_16-35-15.mp4,1123.5,1854.0,878,1526,1369,2182,0.8376169
756,/Volumes/SmithL0/2026/BIOL470/Final/Learning_Rig/bee_0408_1_rev/cam1_2026-04-08_16-35-15.mp4,1124.0,1853.5,879,1525,1369,2182,0.8369016
757,/Volumes/SmithL0/2026/BIOL470/Final/Learning_Rig/bee_0408_1_rev/cam1_2026-04-08_16-35-15.mp4,1123.0,1853.5,877,1525,1369,2182,0.8335271
758,/Volumes/SmithL0/2026/BIOL470/Final/Learning_Rig/bee_0408_1_rev/cam1_2026-04-08_16-35-15.mp4,1123.5,1854.0,878,1525,1369,2183,0.8317033
759,/Volumes/SmithL0/2026/BIOL470/Final/Learning_Rig/bee_0408_1_rev/cam1_2026-04-08_16-35-15.mp4,1124.0,1856.0,878,1527,1370,2185,0.8333553
760,/Volumes/SmithL0/2026/BIOL470/Final/Learning_Rig/bee_0408_1_rev/cam1_2026-04-08_16-35-15.mp4,1124.0,1855.5,878,1527,1370,2184,0.8324007
761,/Volumes/SmithL0/2026/BIOL470/Final/Learning_Rig/bee_0408_1_rev/cam1_2026-04-08_16-35-15.mp4,1124.0,1853.5,879,1526,1369,2181,0.8316695
762,/Volumes/SmithL0/2026/BIOL470/Final/Learning_Rig/bee_0408_1_rev/cam1_2026-04-08_16-35-15.mp4,1123.5,1853.0,878,1526,1369,2180,0.83295786
763,/Volumes/SmithL0/2026/BIOL470/Final/Learning_Rig/bee_0408_1_rev/cam1_2026-04-08_16-35-15.mp4,1123.5,1853.0,877,1526,1370,2180,0.8351621
764,/Volumes/SmithL0/2026/BIOL470/Final/Learning_Rig/bee_0408_1_rev/cam1_2026-04-08_16-35-15.mp4,1123.0,1853.0,877,1526,1369,2180,0.83166116
765,/Volumes/SmithL0/2026/BIOL470/Final/Learning_Rig/bee_0408_1_rev/cam1_2026-04-08_16-35-15.mp4,1122.5,1851.0,877,1525,1368,2177,0.83779305
766,/Volumes/SmithL0/2026/BIOL470/Final/Learning_Rig/bee_0408_1_rev/cam1_2026-04-08_16-35-15.mp4,1124.0,1852.5,879,1527,1369,2178,0.83670855
767,/Volumes/SmithL0/2026/BIOL470/Final/Learning_Rig/bee_0408_1_rev/cam1_2026-04-08_16-35-15.mp4,1123.0,1853.5,877,1527,1369,2180,0.83815384
768,/Volumes/SmithL0/2026/BIOL470/Final/Learning_Rig/bee_0408_1_rev/cam1_2026-04-08_16-35-15.mp4,1123.0,1853.0,878,1529,1368,2177,0.8357593
769,/Volumes/SmithL0/2026/BIOL470/Final/Learning_Rig/bee_0408_1_rev/cam1_2026-04-08_16-35-15.mp4,1124.0,1854.0,879,1528,1369,2180,0.83630836
770,/Volumes/SmithL0/2026/BIOL470/Final/Learning_Rig/bee_0408_1_rev/cam1_2026-04-08_16-35-15.mp4,1124.0,1854.0,879,1529,1369,2179,0.83660203
771,/Volumes/SmithL0/2026/BIOL470/Final/Learning_Rig/bee_0408_1_rev/cam1_2026-04-08_16-35-15.mp4,1124.0,1854.0,879,1528,1369,2180,0.83728004
772,/Volumes/SmithL0/2026/BIOL470/Final/Learning_Rig/bee_0408_1_rev/cam1_2026-04-08_16-35-15.mp4,1123.5,1853.5,878,1528,1369,2179,0.84114045
773,/Volumes/SmithL0/2026/BIOL470/Final/Learning_Rig/bee_0408_1_rev/cam1_2026-04-08_16-35-15.mp4,1124.0,1852.0,879,1528,1369,2176,0.8433886
774,/Volumes/SmithL0/2026/BIOL470/Final/Learning_Rig/bee_0408_1_rev/cam1_2026-04-08_16-35-15.mp4,1125.0,1855.5,880,1529,1370,2182,0.83638227
775,/Volumes/SmithL0/2026/BIOL470/Final/Learning_Rig/bee_0408_1_rev/cam1_2026-04-08_16-35-15.mp4,1124.5,1853.0,879,1528,1370,2178,0.84440994
776,/Volumes/SmithL0/2026/BIOL470/Final/Learning_Rig/bee_0408_1_rev/cam1_2026-04-08_16-35-15.mp4,1125.0,1854.0,880,1529,1370,2179,0.8425951
777,/Volumes/SmithL0/2026/BIOL470/Final/Learning_Rig/bee_0408_1_rev/cam1_2026-04-08_16-35-15.mp4,1124.0,1852.0,879,1528,1369,2176,0.84608287
778,/Volumes/SmithL0/2026/BIOL470/Final/Learning_Rig/bee_0408_1_rev/cam1_2026-04-08_16-35-15.mp4,1124.5,1853.0,879,1528,1370,2178,0.8442553
779,/Volumes/SmithL0/2026/BIOL470/Final/Learning_Rig/bee_0408_1_rev/cam1_2026-04-08_16-35-15.mp4,1124.5,1855.0,878,1529,1371,2181,0.8410178
780,/Volumes/SmithL0/2026/BIOL470/Final/Learning_Rig/bee_0408_1_rev/cam1_2026-04-08_16-35-15.mp4,1122.5,1853.0,876,1528,1369,2178,0.83641046
781,/Volumes/SmithL0/2026/BIOL470/Final/Learning_Rig/bee_0408_1_rev/cam1_2026-04-08_16-35-15.mp4,1123.0,1854.5,877,1528,1369,2181,0.83809376
782,/Volumes/SmithL0/2026/BIOL470/Final/Learning_Rig/bee_0408_1_rev/cam1_2026-04-08_16-35-15.mp4,1122.5,1854.0,876,1528,1369,2180,0.8375826
783,/Volumes/SmithL0/2026/BIOL470/Final/Learning_Rig/bee_0408_1_rev/cam1_2026-04-08_16-35-15.mp4,1124.0,1853.5,877,1527,1371,2180,0.8397303
784,/Volumes/SmithL0/2026/BIOL470/Final/Learning_Rig/bee_0408_1_rev/cam1_2026-04-08_16-35-15.mp4,1123.5,1855.0,877,1528,1370,2182,0.83307606
785,/Volumes/SmithL0/2026/BIOL470/Final/Learning_Rig/bee_0408_1_rev/cam1_2026-04-08_16-35-15.mp4,1124.5,1855.0,879,1528,1370,2182,0.8318041
786,/Volumes/SmithL0/2026/BIOL470/Final/Learning_Rig/bee_0408_1_rev/cam1_2026-04-08_16-35-15.mp4,1125.0,1855.0,880,1528,1370,2182,0.8321253
787,/Volumes/SmithL0/2026/BIOL470/Final/Learning_Rig/bee_0408_1_rev/cam1_2026-04-08_16-35-15.mp4,1124.0,1855.0,879,1528,1369,2182,0.8327197
788,/Volumes/SmithL0/2026/BIOL470/Final/Learning_Rig/bee_0408_1_rev/cam1_2026-04-08_16-35-15.mp4,1123.5,1856.0,878,1529,1369,2183,0.8313433
789,/Volumes/SmithL0/2026/BIOL470/Final/Learning_Rig/bee_0408_1_rev/cam1_2026-04-08_16-35-15.mp4,1124.0,1853.5,879,1528,1369,2179,0.8374224
790,/Volumes/SmithL0/2026/BIOL470/Final/Learning_Rig/bee_0408_1_rev/cam1_2026-04-08_16-35-15.mp4,1123.5,1853.0,879,1529,1368,2177,0.83973986
791,/Volumes/SmithL0/2026/BIOL470/Final/Learning_Rig/bee_0408_1_rev/cam1_2026-04-08_16-35-15.mp4,1123.0,1852.0,878,1529,1368,2175,0.83763415
792,/Volumes/SmithL0/2026/BIOL470/Final/Learning_Rig/bee_0408_1_rev/cam1_2026-04-08_16-35-15.mp4,1124.0,1852.5,879,1527,1369,2178,0.8382862
793,/Volumes/SmithL0/2026/BIOL470/Final/Learning_Rig/bee_0408_1_rev/cam1_2026-04-08_16-35-15.mp4,1123.0,1853.0,878,1528,1368,2178,0.83426195
794,/Volumes/SmithL0/2026/BIOL470/Final/Learning_Rig/bee_0408_1_rev/cam1_2026-04-08_16-35-15.mp4,1124.5,1852.5,880,1528,1369,2177,0.8366835
795,/Volumes/SmithL0/2026/BIOL470/Final/Learning_Rig/bee_0408_1_rev/cam1_2026-04-08_16-35-15.mp4,1124.5,1852.5,880,1528,1369,2177,0.8391382
796,/Volumes/SmithL0/2026/BIOL470/Final/Learning_Rig/bee_0408_1_rev/cam1_2026-04-08_16-35-15.mp4,1124.0,1853.5,879,1528,1369,2179,0.83637166
797,/Volumes/SmithL0/2026/BIOL470/Final/Learning_Rig/bee_0408_1_rev/cam1_2026-04-08_16-35-15.mp4,1124.0,1853.5,878,1529,1370,2178,0.8361299
798,/Volumes/SmithL0/2026/BIOL470/Final/Learning_Rig/bee_0408_1_rev/cam1_2026-04-08_16-35-15.mp4,1124.0,1853.0,879,1529,1369,2177,0.8381789
799,/Volumes/SmithL0/2026/BIOL470/Final/Learning_Rig/bee_0408_1_rev/cam1_2026-04-08_16-35-15.mp4,1123.5,1854.5,877,1529,1370,2180,0.82959276
800,/Volumes/SmithL0/2026/BIOL470/Final/Learning_Rig/bee_0408_1_rev/cam1_2026-04-08_16-35-15.mp4,1123.5,1854.5,877,1530,1370,2179,0.83380777
801,/Volumes/SmithL0/2026/BIOL470/Final/Learning_Rig/bee_0408_1_rev/cam1_2026-04-08_16-35-15.mp4,1124.0,1854.5,877,1529,1371,2180,0.8365255
802,/Volumes/SmithL0/2026/BIOL470/Final/Learning_Rig/bee_0408_1_rev/cam1_2026-04-08_16-35-15.mp4,1124.0,1853.5,878,1530,1370,2177,0.83907056
803,/Volumes/SmithL0/2026/BIOL470/Final/Learning_Rig/bee_0408_1_rev/cam1_2026-04-08_16-35-15.mp4,1124.5,1851.5,879,1529,1370,2174,0.8398387
804,/Volumes/SmithL0/2026/BIOL470/Final/Learning_Rig/bee_0408_1_rev/cam1_2026-04-08_16-35-15.mp4,1124.0,1852.5,879,1530,1369,2175,0.8374774
805,/Volumes/SmithL0/2026/BIOL470/Final/Learning_Rig/bee_0408_1_rev/cam1_2026-04-08_16-35-15.mp4,1124.5,1853.5,879,1529,1370,2178,0.83586514
806,/Volumes/SmithL0/2026/BIOL470/Final/Learning_Rig/bee_0408_1_rev/cam1_2026-04-08_16-35-15.mp4,1124.0,1852.0,879,1529,1369,2175,0.83488286
807,/Volumes/SmithL0/2026/BIOL470/Final/Learning_Rig/bee_0408_1_rev/cam1_2026-04-08_16-35-15.mp4,1123.5,1852.0,879,1529,1368,2175,0.830107
808,/Volumes/SmithL0/2026/BIOL470/Final/Learning_Rig/bee_0408_1_rev/cam1_2026-04-08_16-35-15.mp4,1123.0,1853.0,878,1529,1368,2177,0.823642
809,/Volumes/SmithL0/2026/BIOL470/Final/Learning_Rig/bee_0408_1_rev/cam1_2026-04-08_16-35-15.mp4,1123.5,1853.0,879,1528,1368,2178,0.82396543
810,/Volumes/SmithL0/2026/BIOL470/Final/Learning_Rig/bee_0408_1_rev/cam1_2026-04-08_16-35-15.mp4,1123.5,1852.5,878,1526,1369,2179,0.8335197
811,/Volumes/SmithL0/2026/BIOL470/Final/Learning_Rig/bee_0408_1_rev/cam1_2026-04-08_16-35-15.mp4,1124.0,1851.0,880,1526,1368,2176,0.83286536
812,/Volumes/SmithL0/2026/BIOL470/Final/Learning_Rig/bee_0408_1_rev/cam1_2026-04-08_16-35-15.mp4,1124.5,1851.0,881,1527,1368,2175,0.83880216
813,/Volumes/SmithL0/2026/BIOL470/Final/Learning_Rig/bee_0408_1_rev/cam1_2026-04-08_16-35-15.mp4,1125.0,1851.0,881,1527,1369,2175,0.8453871
814,/Volumes/SmithL0/2026/BIOL470/Final/Learning_Rig/bee_0408_1_rev/cam1_2026-04-08_16-35-15.mp4,1124.5,1851.0,879,1527,1370,2175,0.84453
815,/Volumes/SmithL0/2026/BIOL470/Final/Learning_Rig/bee_0408_1_rev/cam1_2026-04-08_16-35-15.mp4,1124.5,1851.5,880,1526,1369,2177,0.8420966
816,/Volumes/SmithL0/2026/BIOL470/Final/Learning_Rig/bee_0408_1_rev/cam1_2026-04-08_16-35-15.mp4,1124.0,1852.5,879,1527,1369,2178,0.83835065
817,/Volumes/SmithL0/2026/BIOL470/Final/Learning_Rig/bee_0408_1_rev/cam1_2026-04-08_16-35-15.mp4,1123.5,1851.5,878,1526,1369,2177,0.8383302
818,/Volumes/SmithL0/2026/BIOL470/Final/Learning_Rig/bee_0408_1_rev/cam1_2026-04-08_16-35-15.mp4,1123.5,1853.0,878,1528,1369,2178,0.8402255
819,/Volumes/SmithL0/2026/BIOL470/Final/Learning_Rig/bee_0408_1_rev/cam1_2026-04-08_16-35-15.mp4,1124.0,1851.0,878,1526,1370,2176,0.84636986
820,/Volumes/SmithL0/2026/BIOL470/Final/Learning_Rig/bee_0408_1_rev/cam1_2026-04-08_16-35-15.mp4,1124.0,1852.0,878,1527,1370,2177,0.8420351
821,/Volumes/SmithL0/2026/BIOL470/Final/Learning_Rig/bee_0408_1_rev/cam1_2026-04-08_16-35-15.mp4,1123.5,1852.0,878,1528,1369,2176,0.83731174
822,/Volumes/SmithL0/2026/BIOL470/Final/Learning_Rig/bee_0408_1_rev/cam1_2026-04-08_16-35-15.mp4,1124.0,1853.5,879,1529,1369,2178,0.8359884
823,/Volumes/SmithL0/2026/BIOL470/Final/Learning_Rig/bee_0408_1_rev/cam1_2026-04-08_16-35-15.mp4,1124.0,1854.5,879,1530,1369,2179,0.83597285
824,/Volumes/SmithL0/2026/BIOL470/Final/Learning_Rig/bee_0408_1_rev/cam1_2026-04-08_16-35-15.mp4,1124.5,1853.5,880,1529,1369,2178,0.83269244
825,/Volumes/SmithL0/2026/BIOL470/Final/Learning_Rig/bee_0408_1_rev/cam1_2026-04-08_16-35-15.mp4,1124.0,1852.0,878,1528,1370,2176,0.8366821
826,/Volumes/SmithL0/2026/BIOL470/Final/Learning_Rig/bee_0408_1_rev/cam1_2026-04-08_16-35-15.mp4,1123.5,1852.0,878,1529,1369,2175,0.8370228
827,/Volumes/SmithL0/2026/BIOL470/Final/Learning_Rig/bee_0408_1_rev/cam1_2026-04-08_16-35-15.mp4,1123.5,1851.5,878,1528,1369,2175,0.8389564
828,/Volumes/SmithL0/2026/BIOL470/Final/Learning_Rig/bee_0408_1_rev/cam1_2026-04-08_16-35-15.mp4,1122.5,1853.5,876,1528,1369,2179,0.83198047
829,/Volumes/SmithL0/2026/BIOL470/Final/Learning_Rig/bee_0408_1_rev/cam1_2026-04-08_16-35-15.mp4,1123.5,1852.0,878,1527,1369,2177,0.83622074
830,/Volumes/SmithL0/2026/BIOL470/Final/Learning_Rig/bee_0408_1_rev/cam1_2026-04-08_16-35-15.mp4,1123.5,1852.5,877,1528,1370,2177,0.8395757
831,/Volumes/SmithL0/2026/BIOL470/Final/Learning_Rig/bee_0408_1_rev/cam1_2026-04-08_16-35-15.mp4,1124.0,1852.5,878,1528,1370,2177,0.84216815
832,/Volumes/SmithL0/2026/BIOL470/Final/Learning_Rig/bee_0408_1_rev/cam1_2026-04-08_16-35-15.mp4,1124.0,1851.5,878,1528,1370,2175,0.84120893
833,/Volumes/SmithL0/2026/BIOL470/Final/Learning_Rig/bee_0408_1_rev/cam1_2026-04-08_16-35-15.mp4,1123.5,1851.0,878,1528,1369,2174,0.84221095
834,/Volumes/SmithL0/2026/BIOL470/Final/Learning_Rig/bee_0408_1_rev/cam1_2026-04-08_16-35-15.mp4,1123.5,1851.5,877,1528,1370,2175,0.8450286
835,/Volumes/SmithL0/2026/BIOL470/Final/Learning_Rig/bee_0408_1_rev/cam1_2026-04-08_16-35-15.mp4,1123.5,1852.5,878,1528,1369,2177,0.8415999
836,/Volumes/SmithL0/2026/BIOL470/Final/Learning_Rig/bee_0408_1_rev/cam1_2026-04-08_16-35-15.mp4,1123.0,1852.0,877,1526,1369,2178,0.83754367
837,/Volumes/SmithL0/2026/BIOL470/Final/Learning_Rig/bee_0408_1_rev/cam1_2026-04-08_16-35-15.mp4,1123.0,1852.5,877,1527,1369,2178,0.8377517
838,/Volumes/SmithL0/2026/BIOL470/Final/Learning_Rig/bee_0408_1_rev/cam1_2026-04-08_16-35-15.mp4,1123.0,1853.0,877,1528,1369,2178,0.84108907
839,/Volumes/SmithL0/2026/BIOL470/Final/Learning_Rig/bee_0408_1_rev/cam1_2026-04-08_16-35-15.mp4,1123.5,1853.5,878,1528,1369,2179,0.8390856
840,/Volumes/SmithL0/2026/BIOL470/Final/Learning_Rig/bee_0408_1_rev/cam1_2026-04-08_16-35-15.mp4,1123.0,1853.5,877,1528,1369,2179,0.8358981
841,/Volumes/SmithL0/2026/BIOL470/Final/Learning_Rig/bee_0408_1_rev/cam1_2026-04-08_16-35-15.mp4,1123.5,1852.5,878,1528,1369,2177,0.8393517
842,/Volumes/SmithL0/2026/BIOL470/Final/Learning_Rig/bee_0408_1_rev/cam1_2026-04-08_16-35-15.mp4,1124.0,1852.0,879,1528,1369,2176,0.8399352
843,/Volumes/SmithL0/2026/BIOL470/Final/Learning_Rig/bee_0408_1_rev/cam1_2026-04-08_16-35-15.mp4,1124.0,1850.5,879,1528,1369,2173,0.84217495
844,/Volumes/SmithL0/2026/BIOL470/Final/Learning_Rig/bee_0408_1_rev/cam1_2026-04-08_16-35-15.mp4,1124.0,1851.0,879,1529,1369,2173,0.83993644
845,/Volumes/SmithL0/2026/BIOL470/Final/Learning_Rig/bee_0408_1_rev/cam1_2026-04-08_16-35-15.mp4,1123.0,1854.0,877,1530,1369,2178,0.83742195
846,/Volumes/SmithL0/2026/BIOL470/Final/Learning_Rig/bee_0408_1_rev/cam1_2026-04-08_16-35-15.mp4,1124.0,1853.0,879,1530,1369,2176,0.84018207
847,/Volumes/SmithL0/2026/BIOL470/Final/Learning_Rig/bee_0408_1_rev/cam1_2026-04-08_16-35-15.mp4,1123.5,1852.5,879,1529,1368,2176,0.83868814
848,/Volumes/SmithL0/2026/BIOL470/Final/Learning_Rig/bee_0408_1_rev/cam1_2026-04-08_16-35-15.mp4,1123.5,1853.5,878,1530,1369,2177,0.83551705
849,/Volumes/SmithL0/2026/BIOL470/Final/Learning_Rig/bee_0408_1_rev/cam1_2026-04-08_16-35-15.mp4,1123.5,1854.0,878,1529,1369,2179,0.83676755
850,/Volumes/SmithL0/2026/BIOL470/Final/Learning_Rig/bee_0408_1_rev/cam1_2026-04-08_16-35-15.mp4,1124.0,1852.5,879,1530,1369,2175,0.8408364
851,/Volumes/SmithL0/2026/BIOL470/Final/Learning_Rig/bee_0408_1_rev/cam1_2026-04-08_16-35-15.mp4,1124.5,1855.0,879,1531,1370,2179,0.8368074
852,/Volumes/SmithL0/2026/BIOL470/Final/Learning_Rig/bee_0408_1_rev/cam1_2026-04-08_16-35-15.mp4,1123.0,1854.5,877,1530,1369,2179,0.8314727
853,/Volumes/SmithL0/2026/BIOL470/Final/Learning_Rig/bee_0408_1_rev/cam1_2026-04-08_16-35-15.mp4,1123.5,1853.5,878,1528,1369,2179,0.83708936
854,/Volumes/SmithL0/2026/BIOL470/Final/Learning_Rig/bee_0408_1_rev/cam1_2026-04-08_16-35-15.mp4,1125.0,1853.0,881,1528,1369,2178,0.83527315
855,/Volumes/SmithL0/2026/BIOL470/Final/Learning_Rig/bee_0408_1_rev/cam1_2026-04-08_16-35-15.mp4,1124.5,1854.0,879,1527,1370,2181,0.8351449
856,/Volumes/SmithL0/2026/BIOL470/Final/Learning_Rig/bee_0408_1_rev/cam1_2026-04-08_16-35-15.mp4,1123.5,1852.5,878,1528,1369,2177,0.8367659
857,/Volumes/SmithL0/2026/BIOL470/Final/Learning_Rig/bee_0408_1_rev/cam1_2026-04-08_16-35-15.mp4,1124.0,1852.5,878,1527,1370,2178,0.8439857
858,/Volumes/SmithL0/2026/BIOL470/Final/Learning_Rig/bee_0408_1_rev/cam1_2026-04-08_16-35-15.mp4,1124.5,1852.5,880,1527,1369,2178,0.8436124
859,/Volumes/SmithL0/2026/BIOL470/Final/Learning_Rig/bee_0408_1_rev/cam1_2026-04-08_16-35-15.mp4,1124.0,1851.5,879,1524,1369,2179,0.84691024
860,/Volumes/SmithL0/2026/BIOL470/Final/Learning_Rig/bee_0408_1_rev/cam1_2026-04-08_16-35-15.mp4,1124.5,1851.5,879,1527,1370,2176,0.8498286
861,/Volumes/SmithL0/2026/BIOL470/Final/Learning_Rig/bee_0408_1_rev/cam1_2026-04-08_16-35-15.mp4,1123.0,1851.0,877,1524,1369,2178,0.845614
862,/Volumes/SmithL0/2026/BIOL470/Final/Learning_Rig/bee_0408_1_rev/cam1_2026-04-08_16-35-15.mp4,1124.5,1851.0,880,1526,1369,2176,0.8486932
863,/Volumes/SmithL0/2026/BIOL470/Final/Learning_Rig/bee_0408_1_rev/cam1_2026-04-08_16-35-15.mp4,1124.5,1849.5,880,1526,1369,2173,0.8454294
864,/Volumes/SmithL0/2026/BIOL470/Final/Learning_Rig/bee_0408_1_rev/cam1_2026-04-08_16-35-15.mp4,1124.0,1851.5,879,1525,1369,2178,0.84457076
865,/Volumes/SmithL0/2026/BIOL470/Final/Learning_Rig/bee_0408_1_rev/cam1_2026-04-08_16-35-15.mp4,1122.5,1852.5,876,1525,1369,2180,0.83547455
866,/Volumes/SmithL0/2026/BIOL470/Final/Learning_Rig/bee_0408_1_rev/cam1_2026-04-08_16-35-15.mp4,1124.0,1849.5,879,1526,1369,2173,0.84829974
867,/Volumes/SmithL0/2026/BIOL470/Final/Learning_Rig/bee_0408_1_rev/cam1_2026-04-08_16-35-15.mp4,1123.5,1851.5,878,1527,1369,2176,0.8493221
868,/Volumes/SmithL0/2026/BIOL470/Final/Learning_Rig/bee_0408_1_rev/cam1_2026-04-08_16-35-15.mp4,1124.0,1852.5,879,1528,1369,2177,0.84317
869,/Volumes/SmithL0/2026/BIOL470/Final/Learning_Rig/bee_0408_1_rev/cam1_2026-04-08_16-35-15.mp4,1123.0,1850.5,878,1527,1368,2174,0.84537476
870,/Volumes/SmithL0/2026/BIOL470/Final/Learning_Rig/bee_0408_1_rev/cam1_2026-04-08_16-35-15.mp4,1125.0,1849.5,881,1527,1369,2172,0.85013074
871,/Volumes/SmithL0/2026/BIOL470/Final/Learning_Rig/bee_0408_1_rev/cam1_2026-04-08_16-35-15.mp4,1125.0,1849.5,881,1525,1369,2174,0.8530229
872,/Volumes/SmithL0/2026/BIOL470/Final/Learning_Rig/bee_0408_1_rev/cam1_2026-04-08_16-35-15.mp4,1125.0,1850.0,881,1526,1369,2174,0.85447437
873,/Volumes/SmithL0/2026/BIOL470/Final/Learning_Rig/bee_0408_1_rev/cam1_2026-04-08_16-35-15.mp4,1125.5,1850.5,881,1525,1370,2176,0.8525087
874,/Volumes/SmithL0/2026/BIOL470/Final/Learning_Rig/bee_0408_1_rev/cam1_2026-04-08_16-35-15.mp4,1125.0,1849.5,881,1526,1369,2173,0.8490757
875,/Volumes/SmithL0/2026/BIOL470/Final/Learning_Rig/bee_0408_1_rev/cam1_2026-04-08_16-35-15.mp4,1124.0,1850.0,879,1525,1369,2175,0.84802055
876,/Volumes/SmithL0/2026/BIOL470/Final/Learning_Rig/bee_0408_1_rev/cam1_2026-04-08_16-35-15.mp4,1125.0,1850.0,881,1524,1369,2176,0.8460951
877,/Volumes/SmithL0/2026/BIOL470/Final/Learning_Rig/bee_0408_1_rev/cam1_2026-04-08_16-35-15.mp4,1125.0,1850.0,880,1524,1370,2176,0.84899145
878,/Volumes/SmithL0/2026/BIOL470/Final/Learning_Rig/bee_0408_1_rev/cam1_2026-04-08_16-35-15.mp4,1124.5,1850.5,879,1526,1370,2175,0.84459895
879,/Volumes/SmithL0/2026/BIOL470/Final/Learning_Rig/bee_0408_1_rev/cam1_2026-04-08_16-35-15.mp4,1124.0,1851.5,878,1526,1370,2177,0.8447151
880,/Volumes/SmithL0/2026/BIOL470/Final/Learning_Rig/bee_0408_1_rev/cam1_2026-04-08_16-35-15.mp4,1124.5,1851.5,879,1526,1370,2177,0.8474193
881,/Volumes/SmithL0/2026/BIOL470/Final/Learning_Rig/bee_0408_1_rev/cam1_2026-04-08_16-35-15.mp4,1124.5,1852.0,879,1527,1370,2177,0.84745914
882,/Volumes/SmithL0/2026/BIOL470/Final/Learning_Rig/bee_0408_1_rev/cam1_2026-04-08_16-35-15.mp4,1124.5,1851.5,879,1526,1370,2177,0.8473333
883,/Volumes/SmithL0/2026/BIOL470/Final/Learning_Rig/bee_0408_1_rev/cam1_2026-04-08_16-35-15.mp4,1125.0,1851.5,880,1525,1370,2178,0.8477653
884,/Volumes/SmithL0/2026/BIOL470/Final/Learning_Rig/bee_0408_1_rev/cam1_2026-04-08_16-35-15.mp4,1125.0,1850.5,880,1525,1370,2176,0.8487669
885,/Volumes/SmithL0/2026/BIOL470/Final/Learning_Rig/bee_0408_1_rev/cam1_2026-04-08_16-35-15.mp4,1125.0,1853.0,880,1527,1370,2179,0.8466485
886,/Volumes/SmithL0/2026/BIOL470/Final/Learning_Rig/bee_0408_1_rev/cam1_2026-04-08_16-35-15.mp4,1125.5,1853.0,881,1525,1370,2181,0.8452917
887,/Volumes/SmithL0/2026/BIOL470/Final/Learning_Rig/bee_0408_1_rev/cam1_2026-04-08_16-35-15.mp4,1123.5,1852.5,878,1525,1369,2180,0.8381686
888,/Volumes/SmithL0/2026/BIOL470/Final/Learning_Rig/bee_0408_1_rev/cam1_2026-04-08_16-35-15.mp4,1124.0,1851.5,879,1525,1369,2178,0.8412261
889,/Volumes/SmithL0/2026/BIOL470/Final/Learning_Rig/bee_0408_1_rev/cam1_2026-04-08_16-35-15.mp4,1124.0,1850.0,879,1524,1369,2176,0.84421355
890,/Volumes/SmithL0/2026/BIOL470/Final/Learning_Rig/bee_0408_1_rev/cam1_2026-04-08_16-35-15.mp4,1124.5,1853.0,879,1526,1370,2180,0.8450796
891,/Volumes/SmithL0/2026/BIOL470/Final/Learning_Rig/bee_0408_1_rev/cam1_2026-04-08_16-35-15.mp4,1124.5,1853.0,878,1526,1371,2180,0.8424721
892,/Volumes/SmithL0/2026/BIOL470/Final/Learning_Rig/bee_0408_1_rev/cam1_2026-04-08_16-35-15.mp4,1124.0,1854.0,878,1528,1370,2180,0.84416837
893,/Volumes/SmithL0/2026/BIOL470/Final/Learning_Rig/bee_0408_1_rev/cam1_2026-04-08_16-35-15.mp4,1124.5,1853.0,879,1527,1370,2179,0.8472631
894,/Volumes/SmithL0/2026/BIOL470/Final/Learning_Rig/bee_0408_1_rev/cam1_2026-04-08_16-35-15.mp4,1124.5,1854.0,879,1528,1370,2180,0.84108
895,/Volumes/SmithL0/2026/BIOL470/Final/Learning_Rig/bee_0408_1_rev/cam1_2026-04-08_16-35-15.mp4,1124.0,1852.5,878,1527,1370,2178,0.84488636
896,/Volumes/SmithL0/2026/BIOL470/Final/Learning_Rig/bee_0408_1_rev/cam1_2026-04-08_16-35-15.mp4,1124.0,1851.5,880,1532,1368,2171,0.8465087
897,/Volumes/SmithL0/2026/BIOL470/Final/Learning_Rig/bee_0408_1_rev/cam1_2026-04-08_16-35-15.mp4,1125.0,1850.0,881,1531,1369,2169,0.8518388
898,/Volumes/SmithL0/2026/BIOL470/Final/Learning_Rig/bee_0408_1_rev/cam1_2026-04-08_16-35-15.mp4,1124.5,1849.0,880,1530,1369,2168,0.85489494
899,/Volumes/SmithL0/2026/BIOL470/Final/Learning_Rig/bee_0408_1_rev/cam1_2026-04-08_16-35-15.mp4,1125.0,1848.0,881,1529,1369,2167,0.8560209
900,/Volumes/SmithL0/2026/BIOL470/Final/Learning_Rig/bee_0408_1_rev/cam1_2026-04-08_16-35-15.mp4,1126.5,1847.0,882,1526,1371,2168,0.8585536
901,/Volumes/SmithL0/2026/BIOL470/Final/Learning_Rig/bee_0408_1_rev/cam1_2026-04-08_16-35-15.mp4,1127.0,1845.5,883,1523,1371,2168,0.8599415
902,/Volumes/SmithL0/2026/BIOL470/Final/Learning_Rig/bee_0408_1_rev/cam1_2026-04-08_16-35-15.mp4,1126.5,1841.5,883,1520,1370,2163,0.8606004
903,/Volumes/SmithL0/2026/BIOL470/Final/Learning_Rig/bee_0408_1_rev/cam1_2026-04-08_16-35-15.mp4,1126.5,1838.0,882,1516,1371,2160,0.86266696
904,/Volumes/SmithL0/2026/BIOL470/Final/Learning_Rig/bee_0408_1_rev/cam1_2026-04-08_16-35-15.mp4,1127.0,1838.5,882,1518,1372,2159,0.86259407
905,/Volumes/SmithL0/2026/BIOL470/Final/Learning_Rig/bee_0408_1_rev/cam1_2026-04-08_16-35-15.mp4,1128.0,1838.0,884,1516,1372,2160,0.8638921
906,/Volumes/SmithL0/2026/BIOL470/Final/Learning_Rig/bee_0408_1_rev/cam1_2026-04-08_16-35-15.mp4,1127.5,1838.0,884,1515,1371,2161,0.86494225
907,/Volumes/SmithL0/2026/BIOL470/Final/Learning_Rig/bee_0408_1_rev/cam1_2026-04-08_16-35-15.mp4,1127.0,1837.5,882,1515,1372,2160,0.8659092
908,/Volumes/SmithL0/2026/BIOL470/Final/Learning_Rig/bee_0408_1_rev/cam1_2026-04-08_16-35-15.mp4,1125.0,1837.5,878,1515,1372,2160,0.86622983
909,/Volumes/SmithL0/2026/BIOL470/Final/Learning_Rig/bee_0408_1_rev/cam1_2026-04-08_16-35-15.mp4,1127.5,1837.5,883,1515,1372,2160,0.869515
910,/Volumes/SmithL0/2026/BIOL470/Final/Learning_Rig/bee_0408_1_rev/cam1_2026-04-08_16-35-15.mp4,1128.0,1837.0,884,1515,1372,2159,0.8677205
911,/Volumes/SmithL0/2026/BIOL470/Final/Learning_Rig/bee_0408_1_rev/cam1_2026-04-08_16-35-15.mp4,1127.5,1838.0,883,1517,1372,2159,0.861291
912,/Volumes/SmithL0/2026/BIOL470/Final/Learning_Rig/bee_0408_1_rev/cam1_2026-04-08_16-35-15.mp4,1129.0,1838.0,886,1515,1372,2161,0.86342424
913,/Volumes/SmithL0/2026/BIOL470/Final/Learning_Rig/bee_0408_1_rev/cam1_2026-04-08_16-35-15.mp4,1134.0,1836.0,888,1514,1380,2158,0.86117375
914,/Volumes/SmithL0/2026/BIOL470/Final/Learning_Rig/bee_0408_1_rev/cam1_2026-04-08_16-35-15.mp4,1132.5,1835.0,887,1511,1378,2159,0.8611776
915,/Volumes/SmithL0/2026/BIOL470/Final/Learning_Rig/bee_0408_1_rev/cam1_2026-04-08_16-35-15.mp4,1133.0,1833.0,888,1508,1378,2158,0.8633764
916,/Volumes/SmithL0/2026/BIOL470/Final/Learning_Rig/bee_0408_1_rev/cam1_2026-04-08_16-35-15.mp4,1133.0,1834.0,888,1510,1378,2158,0.8621985
917,/Volumes/SmithL0/2026/BIOL470/Final/Learning_Rig/bee_0408_1_rev/cam1_2026-04-08_16-35-15.mp4,1132.5,1833.5,887,1509,1378,2158,0.8611901
918,/Volumes/SmithL0/2026/BIOL470/Final/Learning_Rig/bee_0408_1_rev/cam1_2026-04-08_16-35-15.mp4,1133.0,1831.5,888,1508,1378,2155,0.86101896
919,/Volumes/SmithL0/2026/BIOL470/Final/Learning_Rig/bee_0408_1_rev/cam1_2026-04-08_16-35-15.mp4,1133.5,1832.5,890,1509,1377,2156,0.86354584
920,/Volumes/SmithL0/2026/BIOL470/Final/Learning_Rig/bee_0408_1_rev/cam1_2026-04-08_16-35-15.mp4,1134.0,1832.0,891,1507,1377,2157,0.86683834
921,/Volumes/SmithL0/2026/BIOL470/Final/Learning_Rig/bee_0408_1_rev/cam1_2026-04-08_16-35-15.mp4,1134.5,1831.0,892,1505,1377,2157,0.8659423
922,/Volumes/SmithL0/2026/BIOL470/Final/Learning_Rig/bee_0408_1_rev/cam1_2026-04-08_16-35-15.mp4,1133.0,1829.0,889,1505,1377,2153,0.8670687
923,/Volumes/SmithL0/2026/BIOL470/Final/Learning_Rig/bee_0408_1_rev/cam1_2026-04-08_16-35-15.mp4,1133.5,1829.0,890,1504,1377,2154,0.86850435
924,/Volumes/SmithL0/2026/BIOL470/Final/Learning_Rig/bee_0408_1_rev/cam1_2026-04-08_16-35-15.mp4,1133.5,1828.0,890,1504,1377,2152,0.86584646
925,/Volumes/SmithL0/2026/BIOL470/Final/Learning_Rig/bee_0408_1_rev/cam1_2026-04-08_16-35-15.mp4,1133.5,1828.5,890,1505,1377,2152,0.8669106
926,/Volumes/SmithL0/2026/BIOL470/Final/Learning_Rig/bee_0408_1_rev/cam1_2026-04-08_16-35-15.mp4,1133.5,1827.5,890,1505,1377,2150,0.86733526
927,/Volumes/SmithL0/2026/BIOL470/Final/Learning_Rig/bee_0408_1_rev/cam1_2026-04-08_16-35-15.mp4,1133.0,1828.0,889,1505,1377,2151,0.8680246
928,/Volumes/SmithL0/2026/BIOL470/Final/Learning_Rig/bee_0408_1_rev/cam1_2026-04-08_16-35-15.mp4,1133.5,1827.5,891,1504,1376,2151,0.8645317
929,/Volumes/SmithL0/2026/BIOL470/Final/Learning_Rig/bee_0408_1_rev/cam1_2026-04-08_16-35-15.mp4,1133.5,1827.0,891,1504,1376,2150,0.86921215
930,/Volumes/SmithL0/2026/BIOL470/Final/Learning_Rig/bee_0408_1_rev/cam1_2026-04-08_16-35-15.mp4,1134.5,1827.0,893,1502,1376,2152,0.870412
931,/Volumes/SmithL0/2026/BIOL470/Final/Learning_Rig/bee_0408_1_rev/cam1_2026-04-08_16-35-15.mp4,1133.5,1828.0,891,1503,1376,2153,0.86829156
932,/Volumes/SmithL0/2026/BIOL470/Final/Learning_Rig/bee_0408_1_rev/cam1_2026-04-08_16-35-15.mp4,1133.0,1828.0,889,1505,1377,2151,0.86692786
933,/Volumes/SmithL0/2026/BIOL470/Final/Learning_Rig/bee_0408_1_rev/cam1_2026-04-08_16-35-15.mp4,1133.5,1828.0,890,1504,1377,2152,0.868629
934,/Volumes/SmithL0/2026/BIOL470/Final/Learning_Rig/bee_0408_1_rev/cam1_2026-04-08_16-35-15.mp4,1133.5,1828.5,891,1505,1376,2152,0.8674522
935,/Volumes/SmithL0/2026/BIOL470/Final/Learning_Rig/bee_0408_1_rev/cam1_2026-04-08_16-35-15.mp4,1131.5,1830.0,887,1506,1376,2154,0.8657759
936,/Volumes/SmithL0/2026/BIOL470/Final/Learning_Rig/bee_0408_1_rev/cam1_2026-04-08_16-35-15.mp4,1131.5,1828.0,888,1504,1375,2152,0.86891097
937,/Volumes/SmithL0/2026/BIOL470/Final/Learning_Rig/bee_0408_1_rev/cam1_2026-04-08_16-35-15.mp4,1132.0,1828.0,888,1504,1376,2152,0.8696355
938,/Volumes/SmithL0/2026/BIOL470/Final/Learning_Rig/bee_0408_1_rev/cam1_2026-04-08_16-35-15.mp4,1132.5,1829.5,889,1505,1376,2154,0.8700491
939,/Volumes/SmithL0/2026/BIOL470/Final/Learning_Rig/bee_0408_1_rev/cam1_2026-04-08_16-35-15.mp4,1132.0,1828.0,888,1504,1376,2152,0.8715704
940,/Volumes/SmithL0/2026/BIOL470/Final/Learning_Rig/bee_0408_1_rev/cam1_2026-04-08_16-35-15.mp4,1132.0,1829.0,889,1505,1375,2153,0.8707939
941,/Volumes/SmithL0/2026/BIOL470/Final/Learning_Rig/bee_0408_1_rev/cam1_2026-04-08_16-35-15.mp4,1132.5,1828.5,890,1505,1375,2152,0.8697348
942,/Volumes/SmithL0/2026/BIOL470/Final/Learning_Rig/bee_0408_1_rev/cam1_2026-04-08_16-35-15.mp4,1132.0,1829.0,889,1507,1375,2151,0.8682555
943,/Volumes/SmithL0/2026/BIOL470/Final/Learning_Rig/bee_0408_1_rev/cam1_2026-04-08_16-35-15.mp4,1132.0,1829.5,888,1506,1376,2153,0.86755204
944,/Volumes/SmithL0/2026/BIOL470/Final/Learning_Rig/bee_0408_1_rev/cam1_2026-04-08_16-35-15.mp4,1132.5,1829.5,889,1506,1376,2153,0.8688178
945,/Volumes/SmithL0/2026/BIOL470/Final/Learning_Rig/bee_0408_1_rev/cam1_2026-04-08_16-35-15.mp4,1132.5,1828.5,890,1506,1375,2151,0.8704826
946,/Volumes/SmithL0/2026/BIOL470/Final/Learning_Rig/bee_0408_1_rev/cam1_2026-04-08_16-35-15.mp4,1132.5,1830.5,888,1508,1377,2153,0.868574
947,/Volumes/SmithL0/2026/BIOL470/Final/Learning_Rig/bee_0408_1_rev/cam1_2026-04-08_16-35-15.mp4,1133.0,1829.5,890,1506,1376,2153,0.871362
948,/Volumes/SmithL0/2026/BIOL470/Final/Learning_Rig/bee_0408_1_rev/cam1_2026-04-08_16-35-15.mp4,1132.5,1830.0,889,1507,1376,2153,0.86692363
949,/Volumes/SmithL0/2026/BIOL470/Final/Learning_Rig/bee_0408_1_rev/cam1_2026-04-08_16-35-15.mp4,1132.5,1831.5,889,1508,1376,2155,0.8690421
950,/Volumes/SmithL0/2026/BIOL470/Final/Learning_Rig/bee_0408_1_rev/cam1_2026-04-08_16-35-15.mp4,1133.5,1830.5,891,1507,1376,2154,0.867744
951,/Volumes/SmithL0/2026/BIOL470/Final/Learning_Rig/bee_0408_1_rev/cam1_2026-04-08_16-35-15.mp4,1133.0,1832.0,890,1510,1376,2154,0.8656622
952,/Volumes/SmithL0/2026/BIOL470/Final/Learning_Rig/bee_0408_1_rev/cam1_2026-04-08_16-35-15.mp4,1134.0,1830.0,892,1508,1376,2152,0.8683234
953,/Volumes/SmithL0/2026/BIOL470/Final/Learning_Rig/bee_0408_1_rev/cam1_2026-04-08_16-35-15.mp4,1132.5,1831.5,889,1510,1376,2153,0.86679804
954,/Volumes/SmithL0/2026/BIOL470/Final/Learning_Rig/bee_0408_1_rev/cam1_2026-04-08_16-35-15.mp4,1133.0,1832.0,889,1511,1377,2153,0.86669946
955,/Volumes/SmithL0/2026/BIOL470/Final/Learning_Rig/bee_0408_1_rev/cam1_2026-04-08_16-35-15.mp4,1133.5,1831.0,890,1509,1377,2153,0.86879164
956,/Volumes/SmithL0/2026/BIOL470/Final/Learning_Rig/bee_0408_1_rev/cam1_2026-04-08_16-35-15.mp4,1134.5,1831.5,892,1511,1377,2152,0.86858016
957,/Volumes/SmithL0/2026/BIOL470/Final/Learning_Rig/bee_0408_1_rev/cam1_2026-04-08_16-35-15.mp4,1134.0,1832.0,891,1511,1377,2153,0.865858
958,/Volumes/SmithL0/2026/BIOL470/Final/Learning_Rig/bee_0408_1_rev/cam1_2026-04-08_16-35-15.mp4,1134.0,1831.0,892,1509,1376,2153,0.8661108
959,/Volumes/SmithL0/2026/BIOL470/Final/Learning_Rig/bee_0408_1_rev/cam1_2026-04-08_16-35-15.mp4,1134.0,1830.0,891,1508,1377,2152,0.86459404
960,/Volumes/SmithL0/2026/BIOL470/Final/Learning_Rig/bee_0408_1_rev/cam1_2026-04-08_16-35-15.mp4,1133.5,1831.5,890,1510,1377,2153,0.8673358
961,/Volumes/SmithL0/2026/BIOL470/Final/Learning_Rig/bee_0408_1_rev/cam1_2026-04-08_16-35-15.mp4,1133.5,1831.0,890,1510,1377,2152,0.86831534
962,/Volumes/SmithL0/2026/BIOL470/Final/Learning_Rig/bee_0408_1_rev/cam1_2026-04-08_16-35-15.mp4,1134.5,1832.0,891,1510,1378,2154,0.8682218
963,/Volumes/SmithL0/2026/BIOL470/Final/Learning_Rig/bee_0408_1_rev/cam1_2026-04-08_16-35-15.mp4,1133.0,1832.5,889,1511,1377,2154,0.86735606
964,/Volumes/SmithL0/2026/BIOL470/Final/Learning_Rig/bee_0408_1_rev/cam1_2026-04-08_16-35-15.mp4,1133.5,1832.5,890,1511,1377,2154,0.8672928
965,/Volumes/SmithL0/2026/BIOL470/Final/Learning_Rig/bee_0408_1_rev/cam1_2026-04-08_16-35-15.mp4,1133.0,1831.5,889,1511,1377,2152,0.8662452
966,/Volumes/SmithL0/2026/BIOL470/Final/Learning_Rig/bee_0408_1_rev/cam1_2026-04-08_16-35-15.mp4,1133.5,1832.0,890,1511,1377,2153,0.86625886
967,/Volumes/SmithL0/2026/BIOL470/Final/Learning_Rig/bee_0408_1_rev/cam1_2026-04-08_16-35-15.mp4,1132.5,1831.0,888,1510,1377,2152,0.86652935
968,/Volumes/SmithL0/2026/BIOL470/Final/Learning_Rig/bee_0408_1_rev/cam1_2026-04-08_16-35-15.mp4,1132.5,1831.5,888,1510,1377,2153,0.86573726
969,/Volumes/SmithL0/2026/BIOL470/Final/Learning_Rig/bee_0408_1_rev/cam1_2026-04-08_16-35-15.mp4,1132.0,1832.5,887,1512,1377,2153,0.8658847
970,/Volumes/SmithL0/2026/BIOL470/Final/Learning_Rig/bee_0408_1_rev/cam1_2026-04-08_16-35-15.mp4,1133.0,1830.5,889,1509,1377,2152,0.8660639
971,/Volumes/SmithL0/2026/BIOL470/Final/Learning_Rig/bee_0408_1_rev/cam1_2026-04-08_16-35-15.mp4,1132.5,1830.5,888,1509,1377,2152,0.86799705
972,/Volumes/SmithL0/2026/BIOL470/Final/Learning_Rig/bee_0408_1_rev/cam1_2026-04-08_16-35-15.mp4,1133.5,1830.5,890,1510,1377,2151,0.8658443
973,/Volumes/SmithL0/2026/BIOL470/Final/Learning_Rig/bee_0408_1_rev/cam1_2026-04-08_16-35-15.mp4,1132.5,1831.0,888,1510,1377,2152,0.8661991
974,/Volumes/SmithL0/2026/BIOL470/Final/Learning_Rig/bee_0408_1_rev/cam1_2026-04-08_16-35-15.mp4,1133.0,1830.5,889,1510,1377,2151,0.86628
975,/Volumes/SmithL0/2026/BIOL470/Final/Learning_Rig/bee_0408_1_rev/cam1_2026-04-08_16-35-15.mp4,1132.0,1831.0,887,1511,1377,2151,0.8663682
976,/Volumes/SmithL0/2026/BIOL470/Final/Learning_Rig/bee_0408_1_rev/cam1_2026-04-08_16-35-15.mp4,1133.0,1832.0,889,1512,1377,2152,0.8661751
977,/Volumes/SmithL0/2026/BIOL470/Final/Learning_Rig/bee_0408_1_rev/cam1_2026-04-08_16-35-15.mp4,1131.5,1833.0,887,1513,1376,2153,0.8655703
978,/Volumes/SmithL0/2026/BIOL470/Final/Learning_Rig/bee_0408_1_rev/cam1_2026-04-08_16-35-15.mp4,1132.0,1832.5,887,1512,1377,2153,0.86611384
979,/Volumes/SmithL0/2026/BIOL470/Final/Learning_Rig/bee_0408_1_rev/cam1_2026-04-08_16-35-15.mp4,1130.0,1832.5,884,1512,1376,2153,0.86653394
980,/Volumes/SmithL0/2026/BIOL470/Final/Learning_Rig/bee_0408_1_rev/cam1_2026-04-08_16-35-15.mp4,1131.0,1833.0,885,1513,1377,2153,0.86583227
981,/Volumes/SmithL0/2026/BIOL470/Final/Learning_Rig/bee_0408_1_rev/cam1_2026-04-08_16-35-15.mp4,1132.5,1830.5,888,1509,1377,2152,0.8700224
982,/Volumes/SmithL0/2026/BIOL470/Final/Learning_Rig/bee_0408_1_rev/cam1_2026-04-08_16-35-15.mp4,1132.0,1831.5,888,1509,1376,2154,0.86726487
983,/Volumes/SmithL0/2026/BIOL470/Final/Learning_Rig/bee_0408_1_rev/cam1_2026-04-08_16-35-15.mp4,1132.5,1832.5,888,1510,1377,2155,0.86722803
984,/Volumes/SmithL0/2026/BIOL470/Final/Learning_Rig/bee_0408_1_rev/cam1_2026-04-08_16-35-15.mp4,1133.0,1832.0,889,1509,1377,2155,0.86883265
985,/Volumes/SmithL0/2026/BIOL470/Final/Learning_Rig/bee_0408_1_rev/cam1_2026-04-08_16-35-15.mp4,1134.0,1830.0,891,1506,1377,2154,0.86885786
986,/Volumes/SmithL0/2026/BIOL470/Final/Learning_Rig/bee_0408_1_rev/cam1_2026-04-08_16-35-15.mp4,1133.5,1830.5,890,1507,1377,2154,0.86662793
987,/Volumes/SmithL0/2026/BIOL470/Final/Learning_Rig/bee_0408_1_rev/cam1_2026-04-08_16-35-15.mp4,1132.0,1831.5,888,1508,1376,2155,0.8685223
988,/Volumes/SmithL0/2026/BIOL470/Final/Learning_Rig/bee_0408_1_rev/cam1_2026-04-08_16-35-15.mp4,1132.0,1831.0,888,1507,1376,2155,0.86802274
989,/Volumes/SmithL0/2026/BIOL470/Final/Learning_Rig/bee_0408_1_rev/cam1_2026-04-08_16-35-15.mp4,1133.5,1829.5,890,1505,1377,2154,0.8695912
990,/Volumes/SmithL0/2026/BIOL470/Final/Learning_Rig/bee_0408_1_rev/cam1_2026-04-08_16-35-15.mp4,1134.0,1831.0,891,1507,1377,2155,0.8678851
991,/Volumes/SmithL0/2026/BIOL470/Final/Learning_Rig/bee_0408_1_rev/cam1_2026-04-08_16-35-15.mp4,1133.0,1830.0,889,1507,1377,2153,0.865566
992,/Volumes/SmithL0/2026/BIOL470/Final/Learning_Rig/bee_0408_1_rev/cam1_2026-04-08_16-35-15.mp4,1133.5,1831.0,890,1508,1377,2154,0.8648504
993,/Volumes/SmithL0/2026/BIOL470/Final/Learning_Rig/bee_0408_1_rev/cam1_2026-04-08_16-35-15.mp4,1133.5,1830.5,890,1508,1377,2153,0.8635516
994,/Volumes/SmithL0/2026/BIOL470/Final/Learning_Rig/bee_0408_1_rev/cam1_2026-04-08_16-35-15.mp4,1132.5,1831.0,888,1509,1377,2153,0.8647376
995,/Volumes/SmithL0/2026/BIOL470/Final/Learning_Rig/bee_0408_1_rev/cam1_2026-04-08_16-35-15.mp4,1133.5,1830.0,890,1506,1377,2154,0.86706233
996,/Volumes/SmithL0/2026/BIOL470/Final/Learning_Rig/bee_0408_1_rev/cam1_2026-04-08_16-35-15.mp4,1134.0,1829.5,891,1507,1377,2152,0.8664788
997,/Volumes/SmithL0/2026/BIOL470/Final/Learning_Rig/bee_0408_1_rev/cam1_2026-04-08_16-35-15.mp4,1131.5,1830.0,886,1507,1377,2153,0.8661177
998,/Volumes/SmithL0/2026/BIOL470/Final/Learning_Rig/bee_0408_1_rev/cam1_2026-04-08_16-35-15.mp4,1133.0,1829.5,889,1506,1377,2153,0.8644917
999,/Volumes/SmithL0/2026/BIOL470/Final/Learning_Rig/bee_0408_1_rev/cam1_2026-04-08_16-35-15.mp4,1132.5,1830.0,888,1506,1377,2154,0.864756
1000,/Volumes/SmithL0/2026/BIOL470/Final/Learning_Rig/bee_0408_1_rev/cam1_2026-04-08_16-35-15.mp4,1132.5,1830.0,888,1507,1377,2153,0.86369115
1001,/Volumes/SmithL0/2026/BIOL470/Final/Learning_Rig/bee_0408_1_rev/cam1_2026-04-08_16-35-15.mp4,1133.5,1828.5,890,1504,1377,2153,0.8644645
1002,/Volumes/SmithL0/2026/BIOL470/Final/Learning_Rig/bee_0408_1_rev/cam1_2026-04-08_16-35-15.mp4,1134.0,1830.0,891,1506,1377,2154,0.8653939
1003,/Volumes/SmithL0/2026/BIOL470/Final/Learning_Rig/bee_0408_1_rev/cam1_2026-04-08_16-35-15.mp4,1133.0,1831.0,889,1506,1377,2156,0.86547625
1004,/Volumes/SmithL0/2026/BIOL470/Final/Learning_Rig/bee_0408_1_rev/cam1_2026-04-08_16-35-15.mp4,1133.5,1830.5,890,1506,1377,2155,0.8643462
1005,/Volumes/SmithL0/2026/BIOL470/Final/Learning_Rig/bee_0408_1_rev/cam1_2026-04-08_16-35-15.mp4,1132.5,1830.0,888,1506,1377,2154,0.86356515
1006,/Volumes/SmithL0/2026/BIOL470/Final/Learning_Rig/bee_0408_1_rev/cam1_2026-04-08_16-35-15.mp4,1133.5,1830.0,890,1506,1377,2154,0.86315846
1007,/Volumes/SmithL0/2026/BIOL470/Final/Learning_Rig/bee_0408_1_rev/cam1_2026-04-08_16-35-15.mp4,1133.0,1829.5,889,1505,1377,2154,0.8636978
1008,/Volumes/SmithL0/2026/BIOL470/Final/Learning_Rig/bee_0408_1_rev/cam1_2026-04-08_16-35-15.mp4,1132.5,1827.5,889,1502,1376,2153,0.86687016
1009,/Volumes/SmithL0/2026/BIOL470/Final/Learning_Rig/bee_0408_1_rev/cam1_2026-04-08_16-35-15.mp4,1133.5,1828.5,890,1504,1377,2153,0.8667467
1010,/Volumes/SmithL0/2026/BIOL470/Final/Learning_Rig/bee_0408_1_rev/cam1_2026-04-08_16-35-15.mp4,1133.5,1828.5,890,1504,1377,2153,0.86850417
1011,/Volumes/SmithL0/2026/BIOL470/Final/Learning_Rig/bee_0408_1_rev/cam1_2026-04-08_16-35-15.mp4,1133.0,1829.5,889,1505,1377,2154,0.8683013
1012,/Volumes/SmithL0/2026/BIOL470/Final/Learning_Rig/bee_0408_1_rev/cam1_2026-04-08_16-35-15.mp4,1133.5,1829.5,890,1506,1377,2153,0.8678572
1013,/Volumes/SmithL0/2026/BIOL470/Final/Learning_Rig/bee_0408_1_rev/cam1_2026-04-08_16-35-15.mp4,1132.5,1830.0,888,1506,1377,2154,0.8690668
1014,/Volumes/SmithL0/2026/BIOL470/Final/Learning_Rig/bee_0408_1_rev/cam1_2026-04-08_16-35-15.mp4,1133.0,1828.5,890,1505,1376,2152,0.86927086
1015,/Volumes/SmithL0/2026/BIOL470/Final/Learning_Rig/bee_0408_1_rev/cam1_2026-04-08_16-35-15.mp4,1133.0,1829.0,889,1505,1377,2153,0.8678393
1016,/Volumes/SmithL0/2026/BIOL470/Final/Learning_Rig/bee_0408_1_rev/cam1_2026-04-08_16-35-15.mp4,1134.0,1829.0,891,1504,1377,2154,0.8677854
1017,/Volumes/SmithL0/2026/BIOL470/Final/Learning_Rig/bee_0408_1_rev/cam1_2026-04-08_16-35-15.mp4,1133.5,1829.5,890,1505,1377,2154,0.8665156
1018,/Volumes/SmithL0/2026/BIOL470/Final/Learning_Rig/bee_0408_1_rev/cam1_2026-04-08_16-35-15.mp4,1135.0,1829.0,893,1504,1377,2154,0.86594343
1019,/Volumes/SmithL0/2026/BIOL470/Final/Learning_Rig/bee_0408_1_rev/cam1_2026-04-08_16-35-15.mp4,1133.5,1829.0,890,1504,1377,2154,0.86700803
1020,/Volumes/SmithL0/2026/BIOL470/Final/Learning_Rig/bee_0408_1_rev/cam1_2026-04-08_16-35-15.mp4,1133.0,1830.5,889,1505,1377,2156,0.8650716
1021,/Volumes/SmithL0/2026/BIOL470/Final/Learning_Rig/bee_0408_1_rev/cam1_2026-04-08_16-35-15.mp4,1133.5,1829.0,890,1504,1377,2154,0.864721
1022,/Volumes/SmithL0/2026/BIOL470/Final/Learning_Rig/bee_0408_1_rev/cam1_2026-04-08_16-35-15.mp4,1133.5,1830.0,890,1506,1377,2154,0.86598915
1023,/Volumes/SmithL0/2026/BIOL470/Final/Learning_Rig/bee_0408_1_rev/cam1_2026-04-08_16-35-15.mp4,1134.0,1830.0,891,1506,1377,2154,0.8653086
1024,/Volumes/SmithL0/2026/BIOL470/Final/Learning_Rig/bee_0408_1_rev/cam1_2026-04-08_16-35-15.mp4,1135.0,1832.5,892,1508,1378,2157,0.86347544
1025,/Volumes/SmithL0/2026/BIOL470/Final/Learning_Rig/bee_0408_1_rev/cam1_2026-04-08_16-35-15.mp4,1133.0,1831.0,888,1507,1378,2155,0.8619596
1026,/Volumes/SmithL0/2026/BIOL470/Final/Learning_Rig/bee_0408_1_rev/cam1_2026-04-08_16-35-15.mp4,1134.0,1831.0,890,1506,1378,2156,0.8626819
1027,/Volumes/SmithL0/2026/BIOL470/Final/Learning_Rig/bee_0408_1_rev/cam1_2026-04-08_16-35-15.mp4,1135.0,1830.0,892,1504,1378,2156,0.86353785
1028,/Volumes/SmithL0/2026/BIOL470/Final/Learning_Rig/bee_0408_1_rev/cam1_2026-04-08_16-35-15.mp4,1134.5,1830.5,892,1506,1377,2155,0.8627979
1029,/Volumes/SmithL0/2026/BIOL470/Final/Learning_Rig/bee_0408_1_rev/cam1_2026-04-08_16-35-15.mp4,1133.5,1829.5,890,1505,1377,2154,0.86605394
1030,/Volumes/SmithL0/2026/BIOL470/Final/Learning_Rig/bee_0408_1_rev/cam1_2026-04-08_16-35-15.mp4,1134.0,1830.0,891,1505,1377,2155,0.8645207
1031,/Volumes/SmithL0/2026/BIOL470/Final/Learning_Rig/bee_0408_1_rev/cam1_2026-04-08_16-35-15.mp4,1134.0,1831.0,891,1507,1377,2155,0.86770785
1032,/Volumes/SmithL0/2026/BIOL470/Final/Learning_Rig/bee_0408_1_rev/cam1_2026-04-08_16-35-15.mp4,1133.5,1830.0,890,1506,1377,2154,0.8659874
1033,/Volumes/SmithL0/2026/BIOL470/Final/Learning_Rig/bee_0408_1_rev/cam1_2026-04-08_16-35-15.mp4,1134.0,1830.0,891,1506,1377,2154,0.8637432
1034,/Volumes/SmithL0/2026/BIOL470/Final/Learning_Rig/bee_0408_1_rev/cam1_2026-04-08_16-35-15.mp4,1134.0,1829.5,892,1505,1376,2154,0.86338437
1035,/Volumes/SmithL0/2026/BIOL470/Final/Learning_Rig/bee_0408_1_rev/cam1_2026-04-08_16-35-15.mp4,1133.0,1829.0,889,1504,1377,2154,0.8637372
1036,/Volumes/SmithL0/2026/BIOL470/Final/Learning_Rig/bee_0408_1_rev/cam1_2026-04-08_16-35-15.mp4,1133.5,1828.5,890,1504,1377,2153,0.86473525
1037,/Volumes/SmithL0/2026/BIOL470/Final/Learning_Rig/bee_0408_1_rev/cam1_2026-04-08_16-35-15.mp4,1133.5,1827.5,891,1503,1376,2152,0.86361325
1038,/Volumes/SmithL0/2026/BIOL470/Final/Learning_Rig/bee_0408_1_rev/cam1_2026-04-08_16-35-15.mp4,1134.5,1827.5,892,1503,1377,2152,0.8653394
1039,/Volumes/SmithL0/2026/BIOL470/Final/Learning_Rig/bee_0408_1_rev/cam1_2026-04-08_16-35-15.mp4,1133.5,1828.5,890,1504,1377,2153,0.8620649
1040,/Volumes/SmithL0/2026/BIOL470/Final/Learning_Rig/bee_0408_1_rev/cam1_2026-04-08_16-35-15.mp4,1133.0,1828.5,889,1502,1377,2155,0.86539304
1041,/Volumes/SmithL0/2026/BIOL470/Final/Learning_Rig/bee_0408_1_rev/cam1_2026-04-08_16-35-15.mp4,1133.5,1828.0,890,1503,1377,2153,0.86621547
1042,/Volumes/SmithL0/2026/BIOL470/Final/Learning_Rig/bee_0408_1_rev/cam1_2026-04-08_16-35-15.mp4,1134.5,1828.0,892,1503,1377,2153,0.86572814
1043,/Volumes/SmithL0/2026/BIOL470/Final/Learning_Rig/bee_0408_1_rev/cam1_2026-04-08_16-35-15.mp4,1134.0,1827.5,891,1502,1377,2153,0.8641592
1044,/Volumes/SmithL0/2026/BIOL470/Final/Learning_Rig/bee_0408_1_rev/cam1_2026-04-08_16-35-15.mp4,1133.5,1828.0,891,1504,1376,2152,0.8682883
1045,/Volumes/SmithL0/2026/BIOL470/Final/Learning_Rig/bee_0408_1_rev/cam1_2026-04-08_16-35-15.mp4,1133.5,1827.0,891,1502,1376,2152,0.8662055
1046,/Volumes/SmithL0/2026/BIOL470/Final/Learning_Rig/bee_0408_1_rev/cam1_2026-04-08_16-35-15.mp4,1135.0,1827.5,893,1503,1377,2152,0.8667333
1047,/Volumes/SmithL0/2026/BIOL470/Final/Learning_Rig/bee_0408_1_rev/cam1_2026-04-08_16-35-15.mp4,1135.5,1827.5,895,1502,1376,2153,0.86570895
1048,/Volumes/SmithL0/2026/BIOL470/Final/Learning_Rig/bee_0408_1_rev/cam1_2026-04-08_16-35-15.mp4,1134.0,1827.5,892,1503,1376,2152,0.8643076
1049,/Volumes/SmithL0/2026/BIOL470/Final/Learning_Rig/bee_0408_1_rev/cam1_2026-04-08_16-35-15.mp4,1135.0,1828.5,893,1505,1377,2152,0.86504036
1050,/Volumes/SmithL0/2026/BIOL470/Final/Learning_Rig/bee_0408_1_rev/cam1_2026-04-08_16-35-15.mp4,1133.0,1827.5,889,1503,1377,2152,0.86554265
1051,/Volumes/SmithL0/2026/BIOL470/Final/Learning_Rig/bee_0408_1_rev/cam1_2026-04-08_16-35-15.mp4,1134.0,1828.0,891,1504,1377,2152,0.8665952
1052,/Volumes/SmithL0/2026/BIOL470/Final/Learning_Rig/bee_0408_1_rev/cam1_2026-04-08_16-35-15.mp4,1133.5,1828.5,891,1505,1376,2152,0.86598825
1053,/Volumes/SmithL0/2026/BIOL470/Final/Learning_Rig/bee_0408_1_rev/cam1_2026-04-08_16-35-15.mp4,1134.0,1828.5,891,1504,1377,2153,0.86607337
1054,/Volumes/SmithL0/2026/BIOL470/Final/Learning_Rig/bee_0408_1_rev/cam1_2026-04-08_16-35-15.mp4,1134.0,1828.5,891,1505,1377,2152,0.8655474
1055,/Volumes/SmithL0/2026/BIOL470/Final/Learning_Rig/bee_0408_1_rev/cam1_2026-04-08_16-35-15.mp4,1133.5,1828.5,890,1506,1377,2151,0.8644255
1056,/Volumes/SmithL0/2026/BIOL470/Final/Learning_Rig/bee_0408_1_rev/cam1_2026-04-08_16-35-15.mp4,1134.0,1828.5,891,1506,1377,2151,0.86333877
1057,/Volumes/SmithL0/2026/BIOL470/Final/Learning_Rig/bee_0408_1_rev/cam1_2026-04-08_16-35-15.mp4,1134.5,1829.5,892,1506,1377,2153,0.8639909
1058,/Volumes/SmithL0/2026/BIOL470/Final/Learning_Rig/bee_0408_1_rev/cam1_2026-04-08_16-35-15.mp4,1135.0,1828.5,893,1506,1377,2151,0.86446965
1059,/Volumes/SmithL0/2026/BIOL470/Final/Learning_Rig/bee_0408_1_rev/cam1_2026-04-08_16-35-15.mp4,1134.0,1829.0,891,1506,1377,2152,0.8651457
1060,/Volumes/SmithL0/2026/BIOL470/Final/Learning_Rig/bee_0408_1_rev/cam1_2026-04-08_16-35-15.mp4,1134.5,1829.5,892,1507,1377,2152,0.8631878
1061,/Volumes/SmithL0/2026/BIOL470/Final/Learning_Rig/bee_0408_1_rev/cam1_2026-04-08_16-35-15.mp4,1134.0,1828.5,891,1505,1377,2152,0.8615036
1062,/Volumes/SmithL0/2026/BIOL470/Final/Learning_Rig/bee_0408_1_rev/cam1_2026-04-08_16-35-15.mp4,1134.5,1828.5,892,1505,1377,2152,0.8650641
1063,/Volumes/SmithL0/2026/BIOL470/Final/Learning_Rig/bee_0408_1_rev/cam1_2026-04-08_16-35-15.mp4,1133.5,1830.5,890,1508,1377,2153,0.86248636
1064,/Volumes/SmithL0/2026/BIOL470/Final/Learning_Rig/bee_0408_1_rev/cam1_2026-04-08_16-35-15.mp4,1134.0,1829.0,891,1507,1377,2151,0.8641657
1065,/Volumes/SmithL0/2026/BIOL470/Final/Learning_Rig/bee_0408_1_rev/cam1_2026-04-08_16-35-15.mp4,1134.0,1829.0,891,1506,1377,2152,0.86271787
1066,/Volumes/SmithL0/2026/BIOL470/Final/Learning_Rig/bee_0408_1_rev/cam1_2026-04-08_16-35-15.mp4,1133.0,1829.5,889,1507,1377,2152,0.86313397
1067,/Volumes/SmithL0/2026/BIOL470/Final/Learning_Rig/bee_0408_1_rev/cam1_2026-04-08_16-35-15.mp4,1134.0,1828.5,891,1505,1377,2152,0.86354166
1068,/Volumes/SmithL0/2026/BIOL470/Final/Learning_Rig/bee_0408_1_rev/cam1_2026-04-08_16-35-15.mp4,1134.0,1828.0,891,1504,1377,2152,0.8655127
1069,/Volumes/SmithL0/2026/BIOL470/Final/Learning_Rig/bee_0408_1_rev/cam1_2026-04-08_16-35-15.mp4,1134.0,1827.5,891,1504,1377,2151,0.8654375
1070,/Volumes/SmithL0/2026/BIOL470/Final/Learning_Rig/bee_0408_1_rev/cam1_2026-04-08_16-35-15.mp4,1134.5,1826.5,892,1503,1377,2150,0.86457795
1071,/Volumes/SmithL0/2026/BIOL470/Final/Learning_Rig/bee_0408_1_rev/cam1_2026-04-08_16-35-15.mp4,1133.5,1827.5,891,1504,1376,2151,0.8640299
1072,/Volumes/SmithL0/2026/BIOL470/Final/Learning_Rig/bee_0408_1_rev/cam1_2026-04-08_16-35-15.mp4,1134.5,1828.0,892,1504,1377,2152,0.8653234
1073,/Volumes/SmithL0/2026/BIOL470/Final/Learning_Rig/bee_0408_1_rev/cam1_2026-04-08_16-35-15.mp4,1134.0,1828.0,891,1504,1377,2152,0.8637604
1074,/Volumes/SmithL0/2026/BIOL470/Final/Learning_Rig/bee_0408_1_rev/cam1_2026-04-08_16-35-15.mp4,1135.0,1827.5,893,1504,1377,2151,0.86303353
1075,/Volumes/SmithL0/2026/BIOL470/Final/Learning_Rig/bee_0408_1_rev/cam1_2026-04-08_16-35-15.mp4,1134.0,1829.0,891,1506,1377,2152,0.8621957
1076,/Volumes/SmithL0/2026/BIOL470/Final/Learning_Rig/bee_0408_1_rev/cam1_2026-04-08_16-35-15.mp4,1134.5,1829.0,892,1506,1377,2152,0.85978824
1077,/Volumes/SmithL0/2026/BIOL470/Final/Learning_Rig/bee_0408_1_rev/cam1_2026-04-08_16-35-15.mp4,1135.0,1828.5,893,1505,1377,2152,0.863371
1078,/Volumes/SmithL0/2026/BIOL470/Final/Learning_Rig/bee_0408_1_rev/cam1_2026-04-08_16-35-15.mp4,1134.0,1828.5,891,1506,1377,2151,0.86198336
1079,/Volumes/SmithL0/2026/BIOL470/Final/Learning_Rig/bee_0408_1_rev/cam1_2026-04-08_16-35-15.mp4,1134.0,1828.5,892,1505,1376,2152,0.8633632
1080,/Volumes/SmithL0/2026/BIOL470/Final/Learning_Rig/bee_0408_1_rev/cam1_2026-04-08_16-35-15.mp4,1134.5,1829.5,891,1507,1378,2152,0.86492175
1081,/Volumes/SmithL0/2026/BIOL470/Final/Learning_Rig/bee_0408_1_rev/cam1_2026-04-08_16-35-15.mp4,1133.5,1830.0,890,1506,1377,2154,0.86311424
1082,/Volumes/SmithL0/2026/BIOL470/Final/Learning_Rig/bee_0408_1_rev/cam1_2026-04-08_16-35-15.mp4,1134.5,1830.0,891,1507,1378,2153,0.86417884
1083,/Volumes/SmithL0/2026/BIOL470/Final/Learning_Rig/bee_0408_1_rev/cam1_2026-04-08_16-35-15.mp4,1134.0,1830.0,890,1507,1378,2153,0.863376
1084,/Volumes/SmithL0/2026/BIOL470/Final/Learning_Rig/bee_0408_1_rev/cam1_2026-04-08_16-35-15.mp4,1135.5,1830.5,893,1507,1378,2154,0.8609706
1085,/Volumes/SmithL0/2026/BIOL470/Final/Learning_Rig/bee_0408_1_rev/cam1_2026-04-08_16-35-15.mp4,1135.5,1829.5,893,1506,1378,2153,0.8605459
1086,/Volumes/SmithL0/2026/BIOL470/Final/Learning_Rig/bee_0408_1_rev/cam1_2026-04-08_16-35-15.mp4,1134.0,1831.0,890,1508,1378,2154,0.8605992
1087,/Volumes/SmithL0/2026/BIOL470/Final/Learning_Rig/bee_0408_1_rev/cam1_2026-04-08_16-35-15.mp4,1133.5,1830.5,890,1507,1377,2154,0.86155725
1088,/Volumes/SmithL0/2026/BIOL470/Final/Learning_Rig/bee_0408_1_rev/cam1_2026-04-08_16-35-15.mp4,1134.0,1829.5,891,1507,1377,2152,0.86030626
1089,/Volumes/SmithL0/2026/BIOL470/Final/Learning_Rig/bee_0408_1_rev/cam1_2026-04-08_16-35-15.mp4,1134.0,1829.5,891,1507,1377,2152,0.8624536
1090,/Volumes/SmithL0/2026/BIOL470/Final/Learning_Rig/bee_0408_1_rev/cam1_2026-04-08_16-35-15.mp4,1134.0,1827.5,892,1505,1376,2150,0.8619736
1091,/Volumes/SmithL0/2026/BIOL470/Final/Learning_Rig/bee_0408_1_rev/cam1_2026-04-08_16-35-15.mp4,1134.5,1829.0,892,1506,1377,2152,0.8645553
1092,/Volumes/SmithL0/2026/BIOL470/Final/Learning_Rig/bee_0408_1_rev/cam1_2026-04-08_16-35-15.mp4,1134.5,1829.0,892,1507,1377,2151,0.86687374
1093,/Volumes/SmithL0/2026/BIOL470/Final/Learning_Rig/bee_0408_1_rev/cam1_2026-04-08_16-35-15.mp4,1134.5,1829.5,892,1507,1377,2152,0.8652405
1094,/Volumes/SmithL0/2026/BIOL470/Final/Learning_Rig/bee_0408_1_rev/cam1_2026-04-08_16-35-15.mp4,1135.0,1829.0,892,1507,1378,2151,0.864088
1095,/Volumes/SmithL0/2026/BIOL470/Final/Learning_Rig/bee_0408_1_rev/cam1_2026-04-08_16-35-15.mp4,1135.5,1828.0,894,1506,1377,2150,0.8651072
1096,/Volumes/SmithL0/2026/BIOL470/Final/Learning_Rig/bee_0408_1_rev/cam1_2026-04-08_16-35-15.mp4,1136.0,1829.0,894,1507,1378,2151,0.8645305
1097,/Volumes/SmithL0/2026/BIOL470/Final/Learning_Rig/bee_0408_1_rev/cam1_2026-04-08_16-35-15.mp4,1135.0,1828.5,893,1506,1377,2151,0.86577874
1098,/Volumes/SmithL0/2026/BIOL470/Final/Learning_Rig/bee_0408_1_rev/cam1_2026-04-08_16-35-15.mp4,1137.0,1828.5,896,1506,1378,2151,0.86624444
1099,/Volumes/SmithL0/2026/BIOL470/Final/Learning_Rig/bee_0408_1_rev/cam1_2026-04-08_16-35-15.mp4,1135.0,1829.5,892,1507,1378,2152,0.8641195
1100,/Volumes/SmithL0/2026/BIOL470/Final/Learning_Rig/bee_0408_1_rev/cam1_2026-04-08_16-35-15.mp4,1135.0,1831.0,893,1508,1377,2154,0.86250967
1101,/Volumes/SmithL0/2026/BIOL470/Final/Learning_Rig/bee_0408_1_rev/cam1_2026-04-08_16-35-15.mp4,1134.0,1830.5,890,1508,1378,2153,0.8611648
1102,/Volumes/SmithL0/2026/BIOL470/Final/Learning_Rig/bee_0408_1_rev/cam1_2026-04-08_16-35-15.mp4,1134.5,1830.0,891,1508,1378,2152,0.86181253
1103,/Volumes/SmithL0/2026/BIOL470/Final/Learning_Rig/bee_0408_1_rev/cam1_2026-04-08_16-35-15.mp4,1134.0,1830.5,890,1508,1378,2153,0.8618994
1104,/Volumes/SmithL0/2026/BIOL470/Final/Learning_Rig/bee_0408_1_rev/cam1_2026-04-08_16-35-15.mp4,1134.5,1829.5,891,1507,1378,2152,0.8630524
1105,/Volumes/SmithL0/2026/BIOL470/Final/Learning_Rig/bee_0408_1_rev/cam1_2026-04-08_16-35-15.mp4,1134.0,1830.0,890,1508,1378,2152,0.8614729
1106,/Volumes/SmithL0/2026/BIOL470/Final/Learning_Rig/bee_0408_1_rev/cam1_2026-04-08_16-35-15.mp4,1134.0,1831.5,890,1511,1378,2152,0.8596673
1107,/Volumes/SmithL0/2026/BIOL470/Final/Learning_Rig/bee_0408_1_rev/cam1_2026-04-08_16-35-15.mp4,1134.5,1830.5,891,1509,1378,2152,0.8635758
1108,/Volumes/SmithL0/2026/BIOL470/Final/Learning_Rig/bee_0408_1_rev/cam1_2026-04-08_16-35-15.mp4,1135.0,1830.5,892,1509,1378,2152,0.8646595
1109,/Volumes/SmithL0/2026/BIOL470/Final/Learning_Rig/bee_0408_1_rev/cam1_2026-04-08_16-35-15.mp4,1134.5,1830.5,891,1508,1378,2153,0.8630398
1110,/Volumes/SmithL0/2026/BIOL470/Final/Learning_Rig/bee_0408_1_rev/cam1_2026-04-08_16-35-15.mp4,1134.0,1830.0,890,1507,1378,2153,0.86176956
1111,/Volumes/SmithL0/2026/BIOL470/Final/Learning_Rig/bee_0408_1_rev/cam1_2026-04-08_16-35-15.mp4,1133.5,1829.5,889,1506,1378,2153,0.8632395
1112,/Volumes/SmithL0/2026/BIOL470/Final/Learning_Rig/bee_0408_1_rev/cam1_2026-04-08_16-35-15.mp4,1134.5,1830.0,891,1507,1378,2153,0.8633938
1113,/Volumes/SmithL0/2026/BIOL470/Final/Learning_Rig/bee_0408_1_rev/cam1_2026-04-08_16-35-15.mp4,1134.0,1830.5,890,1508,1378,2153,0.8619358
1114,/Volumes/SmithL0/2026/BIOL470/Final/Learning_Rig/bee_0408_1_rev/cam1_2026-04-08_16-35-15.mp4,1135.5,1829.5,893,1507,1378,2152,0.8619156
1115,/Volumes/SmithL0/2026/BIOL470/Final/Learning_Rig/bee_0408_1_rev/cam1_2026-04-08_16-35-15.mp4,1135.5,1829.0,893,1506,1378,2152,0.8603055
1116,/Volumes/SmithL0/2026/BIOL470/Final/Learning_Rig/bee_0408_1_rev/cam1_2026-04-08_16-35-15.mp4,1135.5,1830.0,894,1508,1377,2152,0.86177397
1117,/Volumes/SmithL0/2026/BIOL470/Final/Learning_Rig/bee_0408_1_rev/cam1_2026-04-08_16-35-15.mp4,1135.0,1831.0,893,1509,1377,2153,0.86257374
1118,/Volumes/SmithL0/2026/BIOL470/Final/Learning_Rig/bee_0408_1_rev/cam1_2026-04-08_16-35-15.mp4,1134.5,1830.5,891,1508,1378,2153,0.8618294
1119,/Volumes/SmithL0/2026/BIOL470/Final/Learning_Rig/bee_0408_1_rev/cam1_2026-04-08_16-35-15.mp4,1134.5,1830.0,892,1508,1377,2152,0.8638068
1120,/Volumes/SmithL0/2026/BIOL470/Final/Learning_Rig/bee_0408_1_rev/cam1_2026-04-08_16-35-15.mp4,1135.0,1831.5,892,1510,1378,2153,0.86142814
1121,/Volumes/SmithL0/2026/BIOL470/Final/Learning_Rig/bee_0408_1_rev/cam1_2026-04-08_16-35-15.mp4,1134.0,1831.5,891,1509,1377,2154,0.86363673
1122,/Volumes/SmithL0/2026/BIOL470/Final/Learning_Rig/bee_0408_1_rev/cam1_2026-04-08_16-35-15.mp4,1134.5,1831.0,892,1509,1377,2153,0.8627246
1123,/Volumes/SmithL0/2026/BIOL470/Final/Learning_Rig/bee_0408_1_rev/cam1_2026-04-08_16-35-15.mp4,1134.5,1831.0,892,1509,1377,2153,0.8623996
1124,/Volumes/SmithL0/2026/BIOL470/Final/Learning_Rig/bee_0408_1_rev/cam1_2026-04-08_16-35-15.mp4,1134.5,1830.5,892,1509,1377,2152,0.863161
1125,/Volumes/SmithL0/2026/BIOL470/Final/Learning_Rig/bee_0408_1_rev/cam1_2026-04-08_16-35-15.mp4,1134.5,1830.5,892,1509,1377,2152,0.86204934
1126,/Volumes/SmithL0/2026/BIOL470/Final/Learning_Rig/bee_0408_1_rev/cam1_2026-04-08_16-35-15.mp4,1134.5,1830.0,892,1509,1377,2151,0.8639656
1127,/Volumes/SmithL0/2026/BIOL470/Final/Learning_Rig/bee_0408_1_rev/cam1_2026-04-08_16-35-15.mp4,1134.0,1831.5,890,1509,1378,2154,0.86428094
1128,/Volumes/SmithL0/2026/BIOL470/Final/Learning_Rig/bee_0408_1_rev/cam1_2026-04-08_16-35-15.mp4,1134.5,1832.0,891,1510,1378,2154,0.8605343
1129,/Volumes/SmithL0/2026/BIOL470/Final/Learning_Rig/bee_0408_1_rev/cam1_2026-04-08_16-35-15.mp4,1134.5,1832.0,891,1510,1378,2154,0.85959166
1130,/Volumes/SmithL0/2026/BIOL470/Final/Learning_Rig/bee_0408_1_rev/cam1_2026-04-08_16-35-15.mp4,1135.0,1832.0,892,1510,1378,2154,0.8607295
1131,/Volumes/SmithL0/2026/BIOL470/Final/Learning_Rig/bee_0408_1_rev/cam1_2026-04-08_16-35-15.mp4,1135.5,1831.0,893,1510,1378,2152,0.8611588
1132,/Volumes/SmithL0/2026/BIOL470/Final/Learning_Rig/bee_0408_1_rev/cam1_2026-04-08_16-35-15.mp4,1134.5,1832.0,891,1510,1378,2154,0.8598039
1133,/Volumes/SmithL0/2026/BIOL470/Final/Learning_Rig/bee_0408_1_rev/cam1_2026-04-08_16-35-15.mp4,1134.0,1831.5,890,1511,1378,2152,0.86274683
1134,/Volumes/SmithL0/2026/BIOL470/Final/Learning_Rig/bee_0408_1_rev/cam1_2026-04-08_16-35-15.mp4,1134.0,1832.0,890,1511,1378,2153,0.8626928
1135,/Volumes/SmithL0/2026/BIOL470/Final/Learning_Rig/bee_0408_1_rev/cam1_2026-04-08_16-35-15.mp4,1133.0,1831.5,888,1511,1378,2152,0.860249
1136,/Volumes/SmithL0/2026/BIOL470/Final/Learning_Rig/bee_0408_1_rev/cam1_2026-04-08_16-35-15.mp4,1134.0,1830.5,890,1510,1378,2151,0.86049116
1137,/Volumes/SmithL0/2026/BIOL470/Final/Learning_Rig/bee_0408_1_rev/cam1_2026-04-08_16-35-15.mp4,1133.5,1831.0,889,1511,1378,2151,0.8570821
1138,/Volumes/SmithL0/2026/BIOL470/Final/Learning_Rig/bee_0408_1_rev/cam1_2026-04-08_16-35-15.mp4,1134.5,1831.0,891,1511,1378,2151,0.8580309
1139,/Volumes/SmithL0/2026/BIOL470/Final/Learning_Rig/bee_0408_1_rev/cam1_2026-04-08_16-35-15.mp4,1134.5,1830.5,891,1509,1378,2152,0.8558492
1140,/Volumes/SmithL0/2026/BIOL470/Final/Learning_Rig/bee_0408_1_rev/cam1_2026-04-08_16-35-15.mp4,1134.5,1830.0,892,1508,1377,2152,0.8599108
1141,/Volumes/SmithL0/2026/BIOL470/Final/Learning_Rig/bee_0408_1_rev/cam1_2026-04-08_16-35-15.mp4,1134.5,1831.0,892,1509,1377,2153,0.8613455
1142,/Volumes/SmithL0/2026/BIOL470/Final/Learning_Rig/bee_0408_1_rev/cam1_2026-04-08_16-35-15.mp4,1134.5,1829.0,892,1507,1377,2151,0.8606809
1143,/Volumes/SmithL0/2026/BIOL470/Final/Learning_Rig/bee_0408_1_rev/cam1_2026-04-08_16-35-15.mp4,1134.0,1829.5,891,1507,1377,2152,0.85930246
1144,/Volumes/SmithL0/2026/BIOL470/Final/Learning_Rig/bee_0408_1_rev/cam1_2026-04-08_16-35-15.mp4,1134.5,1831.0,891,1508,1378,2154,0.8583108
1145,/Volumes/SmithL0/2026/BIOL470/Final/Learning_Rig/bee_0408_1_rev/cam1_2026-04-08_16-35-15.mp4,1135.5,1831.0,893,1509,1378,2153,0.8585661
1146,/Volumes/SmithL0/2026/BIOL470/Final/Learning_Rig/bee_0408_1_rev/cam1_2026-04-08_16-35-15.mp4,1135.0,1831.5,892,1510,1378,2153,0.85753274
1147,/Volumes/SmithL0/2026/BIOL470/Final/Learning_Rig/bee_0408_1_rev/cam1_2026-04-08_16-35-15.mp4,1135.0,1829.5,892,1508,1378,2151,0.8618804
1148,/Volumes/SmithL0/2026/BIOL470/Final/Learning_Rig/bee_0408_1_rev/cam1_2026-04-08_16-35-15.mp4,1135.0,1829.5,893,1509,1377,2150,0.85982573
1149,/Volumes/SmithL0/2026/BIOL470/Final/Learning_Rig/bee_0408_1_rev/cam1_2026-04-08_16-35-15.mp4,1134.0,1831.0,891,1510,1377,2152,0.8597682
1150,/Volumes/SmithL0/2026/BIOL470/Final/Learning_Rig/bee_0408_1_rev/cam1_2026-04-08_16-35-15.mp4,1134.0,1831.0,891,1511,1377,2151,0.8608017
1151,/Volumes/SmithL0/2026/BIOL470/Final/Learning_Rig/bee_0408_1_rev/cam1_2026-04-08_16-35-15.mp4,1135.5,1829.5,893,1509,1378,2150,0.86292565
1152,/Volumes/SmithL0/2026/BIOL470/Final/Learning_Rig/bee_0408_1_rev/cam1_2026-04-08_16-35-15.mp4,1135.0,1830.5,892,1510,1378,2151,0.8575082
1153,/Volumes/SmithL0/2026/BIOL470/Final/Learning_Rig/bee_0408_1_rev/cam1_2026-04-08_16-35-15.mp4,1134.0,1830.0,891,1510,1377,2150,0.8558921
1154,/Volumes/SmithL0/2026/BIOL470/Final/Learning_Rig/bee_0408_1_rev/cam1_2026-04-08_16-35-15.mp4,1135.0,1831.0,892,1511,1378,2151,0.85549307
1155,/Volumes/SmithL0/2026/BIOL470/Final/Learning_Rig/bee_0408_1_rev/cam1_2026-04-08_16-35-15.mp4,1135.5,1831.5,893,1511,1378,2152,0.85393655
1156,/Volumes/SmithL0/2026/BIOL470/Final/Learning_Rig/bee_0408_1_rev/cam1_2026-04-08_16-35-15.mp4,1135.0,1830.0,893,1509,1377,2151,0.8575793
1157,/Volumes/SmithL0/2026/BIOL470/Final/Learning_Rig/bee_0408_1_rev/cam1_2026-04-08_16-35-15.mp4,1137.0,1829.0,897,1507,1377,2151,0.86406326
1158,/Volumes/SmithL0/2026/BIOL470/Final/Learning_Rig/bee_0408_1_rev/cam1_2026-04-08_16-35-15.mp4,1136.0,1829.5,895,1507,1377,2152,0.8648755
1159,/Volumes/SmithL0/2026/BIOL470/Final/Learning_Rig/bee_0408_1_rev/cam1_2026-04-08_16-35-15.mp4,1136.5,1828.0,896,1505,1377,2151,0.8648054
1160,/Volumes/SmithL0/2026/BIOL470/Final/Learning_Rig/bee_0408_1_rev/cam1_2026-04-08_16-35-15.mp4,1136.0,1828.5,895,1507,1377,2150,0.8648369
1161,/Volumes/SmithL0/2026/BIOL470/Final/Learning_Rig/bee_0408_1_rev/cam1_2026-04-08_16-35-15.mp4,1136.5,1828.5,896,1507,1377,2150,0.8638827
1162,/Volumes/SmithL0/2026/BIOL470/Final/Learning_Rig/bee_0408_1_rev/cam1_2026-04-08_16-35-15.mp4,1135.0,1830.0,893,1508,1377,2152,0.8618034
1163,/Volumes/SmithL0/2026/BIOL470/Final/Learning_Rig/bee_0408_1_rev/cam1_2026-04-08_16-35-15.mp4,1134.5,1830.0,892,1509,1377,2151,0.86177593
1164,/Volumes/SmithL0/2026/BIOL470/Final/Learning_Rig/bee_0408_1_rev/cam1_2026-04-08_16-35-15.mp4,1134.0,1831.0,891,1510,1377,2152,0.86252815
1165,/Volumes/SmithL0/2026/BIOL470/Final/Learning_Rig/bee_0408_1_rev/cam1_2026-04-08_16-35-15.mp4,1135.0,1830.0,893,1509,1377,2151,0.860536
1166,/Volumes/SmithL0/2026/BIOL470/Final/Learning_Rig/bee_0408_1_rev/cam1_2026-04-08_16-35-15.mp4,1135.5,1830.5,894,1509,1377,2152,0.8643384
1167,/Volumes/SmithL0/2026/BIOL470/Final/Learning_Rig/bee_0408_1_rev/cam1_2026-04-08_16-35-15.mp4,1136.0,1830.0,895,1509,1377,2151,0.8649516
1168,/Volumes/SmithL0/2026/BIOL470/Final/Learning_Rig/bee_0408_1_rev/cam1_2026-04-08_16-35-15.mp4,1135.5,1831.5,893,1510,1378,2153,0.86464584
1169,/Volumes/SmithL0/2026/BIOL470/Final/Learning_Rig/bee_0408_1_rev/cam1_2026-04-08_16-35-15.mp4,1136.5,1829.5,895,1508,1378,2151,0.86233544
1170,/Volumes/SmithL0/2026/BIOL470/Final/Learning_Rig/bee_0408_1_rev/cam1_2026-04-08_16-35-15.mp4,1136.5,1829.0,896,1507,1377,2151,0.86609346
1171,/Volumes/SmithL0/2026/BIOL470/Final/Learning_Rig/bee_0408_1_rev/cam1_2026-04-08_16-35-15.mp4,1137.0,1829.5,897,1508,1377,2151,0.8664342
1172,/Volumes/SmithL0/2026/BIOL470/Final/Learning_Rig/bee_0408_1_rev/cam1_2026-04-08_16-35-15.mp4,1137.0,1830.0,897,1508,1377,2152,0.8641045
1173,/Volumes/SmithL0/2026/BIOL470/Final/Learning_Rig/bee_0408_1_rev/cam1_2026-04-08_16-35-15.mp4,1136.0,1830.5,895,1509,1377,2152,0.863756
1174,/Volumes/SmithL0/2026/BIOL470/Final/Learning_Rig/bee_0408_1_rev/cam1_2026-04-08_16-35-15.mp4,1136.5,1830.5,896,1508,1377,2153,0.86358994
1175,/Volumes/SmithL0/2026/BIOL470/Final/Learning_Rig/bee_0408_1_rev/cam1_2026-04-08_16-35-15.mp4,1136.5,1830.0,896,1507,1377,2153,0.8652949
1176,/Volumes/SmithL0/2026/BIOL470/Final/Learning_Rig/bee_0408_1_rev/cam1_2026-04-08_16-35-15.mp4,1136.0,1829.5,895,1508,1377,2151,0.86648047
1177,/Volumes/SmithL0/2026/BIOL470/Final/Learning_Rig/bee_0408_1_rev/cam1_2026-04-08_16-35-15.mp4,1137.0,1829.0,897,1506,1377,2152,0.8643992
1178,/Volumes/SmithL0/2026/BIOL470/Final/Learning_Rig/bee_0408_1_rev/cam1_2026-04-08_16-35-15.mp4,1136.5,1829.5,896,1507,1377,2152,0.8620829
1179,/Volumes/SmithL0/2026/BIOL470/Final/Learning_Rig/bee_0408_1_rev/cam1_2026-04-08_16-35-15.mp4,1136.5,1829.0,896,1508,1377,2150,0.8620778
1180,/Volumes/SmithL0/2026/BIOL470/Final/Learning_Rig/bee_0408_1_rev/cam1_2026-04-08_16-35-15.mp4,1137.0,1829.0,897,1508,1377,2150,0.86555046
1181,/Volumes/SmithL0/2026/BIOL470/Final/Learning_Rig/bee_0408_1_rev/cam1_2026-04-08_16-35-15.mp4,1137.0,1829.0,897,1508,1377,2150,0.86525977
1182,/Volumes/SmithL0/2026/BIOL470/Final/Learning_Rig/bee_0408_1_rev/cam1_2026-04-08_16-35-15.mp4,1135.5,1829.5,894,1508,1377,2151,0.86256576
1183,/Volumes/SmithL0/2026/BIOL470/Final/Learning_Rig/bee_0408_1_rev/cam1_2026-04-08_16-35-15.mp4,1135.5,1829.5,894,1508,1377,2151,0.8644492
1184,/Volumes/SmithL0/2026/BIOL470/Final/Learning_Rig/bee_0408_1_rev/cam1_2026-04-08_16-35-15.mp4,1135.5,1830.0,895,1509,1376,2151,0.86419547
1185,/Volumes/SmithL0/2026/BIOL470/Final/Learning_Rig/bee_0408_1_rev/cam1_2026-04-08_16-35-15.mp4,1135.0,1830.5,894,1509,1376,2152,0.8639284
1186,/Volumes/SmithL0/2026/BIOL470/Final/Learning_Rig/bee_0408_1_rev/cam1_2026-04-08_16-35-15.mp4,1135.0,1830.0,893,1510,1377,2150,0.8590611
1187,/Volumes/SmithL0/2026/BIOL470/Final/Learning_Rig/bee_0408_1_rev/cam1_2026-04-08_16-35-15.mp4,1134.0,1831.0,892,1510,1376,2152,0.8596617
1188,/Volumes/SmithL0/2026/BIOL470/Final/Learning_Rig/bee_0408_1_rev/cam1_2026-04-08_16-35-15.mp4,1135.5,1829.5,894,1508,1377,2151,0.8632139
1189,/Volumes/SmithL0/2026/BIOL470/Final/Learning_Rig/bee_0408_1_rev/cam1_2026-04-08_16-35-15.mp4,1134.0,1830.0,891,1509,1377,2151,0.8617163
1190,/Volumes/SmithL0/2026/BIOL470/Final/Learning_Rig/bee_0408_1_rev/cam1_2026-04-08_16-35-15.mp4,1135.0,1830.5,893,1510,1377,2151,0.8613126
1191,/Volumes/SmithL0/2026/BIOL470/Final/Learning_Rig/bee_0408_1_rev/cam1_2026-04-08_16-35-15.mp4,1134.0,1832.0,891,1511,1377,2153,0.86374325
1192,/Volumes/SmithL0/2026/BIOL470/Final/Learning_Rig/bee_0408_1_rev/cam1_2026-04-08_16-35-15.mp4,1134.0,1831.5,890,1511,1378,2152,0.864904
1193,/Volumes/SmithL0/2026/BIOL470/Final/Learning_Rig/bee_0408_1_rev/cam1_2026-04-08_16-35-15.mp4,1134.5,1830.5,891,1509,1378,2152,0.86091715
1194,/Volumes/SmithL0/2026/BIOL470/Final/Learning_Rig/bee_0408_1_rev/cam1_2026-04-08_16-35-15.mp4,1135.0,1830.5,891,1509,1379,2152,0.8614873
1195,/Volumes/SmithL0/2026/BIOL470/Final/Learning_Rig/bee_0408_1_rev/cam1_2026-04-08_16-35-15.mp4,1134.5,1831.5,891,1511,1378,2152,0.86330867
1196,/Volumes/SmithL0/2026/BIOL470/Final/Learning_Rig/bee_0408_1_rev/cam1_2026-04-08_16-35-15.mp4,1135.0,1829.0,892,1509,1378,2149,0.86522406
1197,/Volumes/SmithL0/2026/BIOL470/Final/Learning_Rig/bee_0408_1_rev/cam1_2026-04-08_16-35-15.mp4,1135.0,1830.0,892,1509,1378,2151,0.86411875
1198,/Volumes/SmithL0/2026/BIOL470/Final/Learning_Rig/bee_0408_1_rev/cam1_2026-04-08_16-35-15.mp4,1136.0,1829.5,895,1508,1377,2151,0.8639802
1199,/Volumes/SmithL0/2026/BIOL470/Final/Learning_Rig/bee_0408_1_rev/cam1_2026-04-08_16-35-15.mp4,1137.5,1830.5,898,1509,1377,2152,0.86624
1200,/Volumes/SmithL0/2026/BIOL470/Final/Learning_Rig/bee_0408_1_rev/cam1_2026-04-08_16-35-15.mp4,1137.0,1830.5,896,1509,1378,2152,0.864437
1201,/Volumes/SmithL0/2026/BIOL470/Final/Learning_Rig/bee_0408_1_rev/cam1_2026-04-08_16-35-15.mp4,1136.5,1831.0,895,1510,1378,2152,0.8623609
1202,/Volumes/SmithL0/2026/BIOL470/Final/Learning_Rig/bee_0408_1_rev/cam1_2026-04-08_16-35-15.mp4,1136.0,1832.0,894,1511,1378,2153,0.8629153
1203,/Volumes/SmithL0/2026/BIOL470/Final/Learning_Rig/bee_0408_1_rev/cam1_2026-04-08_16-35-15.mp4,1135.0,1831.0,893,1511,1377,2151,0.8619997
1204,/Volumes/SmithL0/2026/BIOL470/Final/Learning_Rig/bee_0408_1_rev/cam1_2026-04-08_16-35-15.mp4,1135.5,1830.5,894,1510,1377,2151,0.86290026
1205,/Volumes/SmithL0/2026/BIOL470/Final/Learning_Rig/bee_0408_1_rev/cam1_2026-04-08_16-35-15.mp4,1136.0,1830.0,894,1509,1378,2151,0.8651114
1206,/Volumes/SmithL0/2026/BIOL470/Final/Learning_Rig/bee_0408_1_rev/cam1_2026-04-08_16-35-15.mp4,1135.0,1829.0,893,1507,1377,2151,0.86432797
1207,/Volumes/SmithL0/2026/BIOL470/Final/Learning_Rig/bee_0408_1_rev/cam1_2026-04-08_16-35-15.mp4,1135.5,1829.5,894,1507,1377,2152,0.86135316
1208,/Volumes/SmithL0/2026/BIOL470/Final/Learning_Rig/bee_0408_1_rev/cam1_2026-04-08_16-35-15.mp4,1136.0,1830.0,895,1508,1377,2152,0.861463
1209,/Volumes/SmithL0/2026/BIOL470/Final/Learning_Rig/bee_0408_1_rev/cam1_2026-04-08_16-35-15.mp4,1136.0,1830.0,894,1508,1378,2152,0.8623168
1210,/Volumes/SmithL0/2026/BIOL470/Final/Learning_Rig/bee_0408_1_rev/cam1_2026-04-08_16-35-15.mp4,1136.5,1828.5,896,1508,1377,2149,0.8632545
1211,/Volumes/SmithL0/2026/BIOL470/Final/Learning_Rig/bee_0408_1_rev/cam1_2026-04-08_16-35-15.mp4,1136.5,1829.0,895,1508,1378,2150,0.8592529
1212,/Volumes/SmithL0/2026/BIOL470/Final/Learning_Rig/bee_0408_1_rev/cam1_2026-04-08_16-35-15.mp4,1135.5,1830.5,893,1510,1378,2151,0.86176354
1213,/Volumes/SmithL0/2026/BIOL470/Final/Learning_Rig/bee_0408_1_rev/cam1_2026-04-08_16-35-15.mp4,1136.5,1830.5,895,1509,1378,2152,0.8593175
1214,/Volumes/SmithL0/2026/BIOL470/Final/Learning_Rig/bee_0408_1_rev/cam1_2026-04-08_16-35-15.mp4,1136.0,1831.5,894,1510,1378,2153,0.86062074
1215,/Volumes/SmithL0/2026/BIOL470/Final/Learning_Rig/bee_0408_1_rev/cam1_2026-04-08_16-35-15.mp4,1136.0,1831.0,894,1510,1378,2152,0.86352456
1216,/Volumes/SmithL0/2026/BIOL470/Final/Learning_Rig/bee_0408_1_rev/cam1_2026-04-08_16-35-15.mp4,1136.5,1830.5,895,1509,1378,2152,0.8636597
1217,/Volumes/SmithL0/2026/BIOL470/Final/Learning_Rig/bee_0408_1_rev/cam1_2026-04-08_16-35-15.mp4,1136.0,1829.0,894,1508,1378,2150,0.8636432
1218,/Volumes/SmithL0/2026/BIOL470/Final/Learning_Rig/bee_0408_1_rev/cam1_2026-04-08_16-35-15.mp4,1136.5,1829.0,895,1508,1378,2150,0.8638719
1219,/Volumes/SmithL0/2026/BIOL470/Final/Learning_Rig/bee_0408_1_rev/cam1_2026-04-08_16-35-15.mp4,1135.5,1830.0,894,1508,1377,2152,0.8604249
1220,/Volumes/SmithL0/2026/BIOL470/Final/Learning_Rig/bee_0408_1_rev/cam1_2026-04-08_16-35-15.mp4,1136.0,1828.5,895,1506,1377,2151,0.8632397
1221,/Volumes/SmithL0/2026/BIOL470/Final/Learning_Rig/bee_0408_1_rev/cam1_2026-04-08_16-35-15.mp4,1136.0,1829.0,895,1508,1377,2150,0.8629688
1222,/Volumes/SmithL0/2026/BIOL470/Final/Learning_Rig/bee_0408_1_rev/cam1_2026-04-08_16-35-15.mp4,1137.5,1828.5,898,1507,1377,2150,0.8610748
1223,/Volumes/SmithL0/2026/BIOL470/Final/Learning_Rig/bee_0408_1_rev/cam1_2026-04-08_16-35-15.mp4,1136.0,1830.5,895,1509,1377,2152,0.8629916
1224,/Volumes/SmithL0/2026/BIOL470/Final/Learning_Rig/bee_0408_1_rev/cam1_2026-04-08_16-35-15.mp4,1136.5,1832.0,895,1511,1378,2153,0.86119026
1225,/Volumes/SmithL0/2026/BIOL470/Final/Learning_Rig/bee_0408_1_rev/cam1_2026-04-08_16-35-15.mp4,1135.5,1831.5,894,1510,1377,2153,0.85857517
1226,/Volumes/SmithL0/2026/BIOL470/Final/Learning_Rig/bee_0408_1_rev/cam1_2026-04-08_16-35-15.mp4,1135.5,1832.0,894,1510,1377,2154,0.86138487
1227,/Volumes/SmithL0/2026/BIOL470/Final/Learning_Rig/bee_0408_1_rev/cam1_2026-04-08_16-35-15.mp4,1134.0,1831.5,891,1509,1377,2154,0.8596492
1228,/Volumes/SmithL0/2026/BIOL470/Final/Learning_Rig/bee_0408_1_rev/cam1_2026-04-08_16-35-15.mp4,1135.0,1830.0,893,1508,1377,2152,0.86146
1229,/Volumes/SmithL0/2026/BIOL470/Final/Learning_Rig/bee_0408_1_rev/cam1_2026-04-08_16-35-15.mp4,1135.5,1830.5,894,1509,1377,2152,0.8624103
1230,/Volumes/SmithL0/2026/BIOL470/Final/Learning_Rig/bee_0408_1_rev/cam1_2026-04-08_16-35-15.mp4,1137.0,1830.5,897,1509,1377,2152,0.86425894
1231,/Volumes/SmithL0/2026/BIOL470/Final/Learning_Rig/bee_0408_1_rev/cam1_2026-04-08_16-35-15.mp4,1136.5,1829.5,896,1508,1377,2151,0.8653328
1232,/Volumes/SmithL0/2026/BIOL470/Final/Learning_Rig/bee_0408_1_rev/cam1_2026-04-08_16-35-15.mp4,1137.5,1830.5,897,1510,1378,2151,0.8633689
1233,/Volumes/SmithL0/2026/BIOL470/Final/Learning_Rig/bee_0408_1_rev/cam1_2026-04-08_16-35-15.mp4,1136.0,1831.5,894,1512,1378,2151,0.86062646
1234,/Volumes/SmithL0/2026/BIOL470/Final/Learning_Rig/bee_0408_1_rev/cam1_2026-04-08_16-35-15.mp4,1137.0,1831.0,896,1511,1378,2151,0.8623156
1235,/Volumes/SmithL0/2026/BIOL470/Final/Learning_Rig/bee_0408_1_rev/cam1_2026-04-08_16-35-15.mp4,1135.5,1831.0,894,1511,1377,2151,0.8605993
1236,/Volumes/SmithL0/2026/BIOL470/Final/Learning_Rig/bee_0408_1_rev/cam1_2026-04-08_16-35-15.mp4,1136.0,1830.5,894,1510,1378,2151,0.85927916
1237,/Volumes/SmithL0/2026/BIOL470/Final/Learning_Rig/bee_0408_1_rev/cam1_2026-04-08_16-35-15.mp4,1135.5,1830.5,893,1510,1378,2151,0.8608827
1238,/Volumes/SmithL0/2026/BIOL470/Final/Learning_Rig/bee_0408_1_rev/cam1_2026-04-08_16-35-15.mp4,1136.0,1831.0,894,1511,1378,2151,0.86206865
1239,/Volumes/SmithL0/2026/BIOL470/Final/Learning_Rig/bee_0408_1_rev/cam1_2026-04-08_16-35-15.mp4,1137.0,1829.5,896,1509,1378,2150,0.8639015
1240,/Volumes/SmithL0/2026/BIOL470/Final/Learning_Rig/bee_0408_1_rev/cam1_2026-04-08_16-35-15.mp4,1136.5,1829.5,895,1509,1378,2150,0.8605306
1241,/Volumes/SmithL0/2026/BIOL470/Final/Learning_Rig/bee_0408_1_rev/cam1_2026-04-08_16-35-15.mp4,1136.5,1829.0,895,1509,1378,2149,0.86022675
1242,/Volumes/SmithL0/2026/BIOL470/Final/Learning_Rig/bee_0408_1_rev/cam1_2026-04-08_16-35-15.mp4,1136.5,1829.5,895,1508,1378,2151,0.8607532
1243,/Volumes/SmithL0/2026/BIOL470/Final/Learning_Rig/bee_0408_1_rev/cam1_2026-04-08_16-35-15.mp4,1135.5,1830.5,893,1509,1378,2152,0.86104864
1244,/Volumes/SmithL0/2026/BIOL470/Final/Learning_Rig/bee_0408_1_rev/cam1_2026-04-08_16-35-15.mp4,1137.5,1830.0,897,1508,1378,2152,0.86402696
1245,/Volumes/SmithL0/2026/BIOL470/Final/Learning_Rig/bee_0408_1_rev/cam1_2026-04-08_16-35-15.mp4,1137.0,1829.0,896,1507,1378,2151,0.8633443
1246,/Volumes/SmithL0/2026/BIOL470/Final/Learning_Rig/bee_0408_1_rev/cam1_2026-04-08_16-35-15.mp4,1136.5,1830.0,894,1508,1379,2152,0.8581544
1247,/Volumes/SmithL0/2026/BIOL470/Final/Learning_Rig/bee_0408_1_rev/cam1_2026-04-08_16-35-15.mp4,1135.5,1829.5,893,1508,1378,2151,0.8594321
1248,/Volumes/SmithL0/2026/BIOL470/Final/Learning_Rig/bee_0408_1_rev/cam1_2026-04-08_16-35-15.mp4,1136.0,1830.0,894,1509,1378,2151,0.8581941
1249,/Volumes/SmithL0/2026/BIOL470/Final/Learning_Rig/bee_0408_1_rev/cam1_2026-04-08_16-35-15.mp4,1137.0,1829.5,896,1508,1378,2151,0.86013037
1250,/Volumes/SmithL0/2026/BIOL470/Final/Learning_Rig/bee_0408_1_rev/cam1_2026-04-08_16-35-15.mp4,1136.5,1829.0,895,1507,1378,2151,0.85880977
1251,/Volumes/SmithL0/2026/BIOL470/Final/Learning_Rig/bee_0408_1_rev/cam1_2026-04-08_16-35-15.mp4,1136.5,1829.0,895,1508,1378,2150,0.8571592
