,filepath,x_centroid,y_centroid,x_min,y_min,x_max,y_max,detection_confidence
0,/Volumes/SmithL0/2026/BIOL470/Final/Learning_Rig/bee_0408_1_rev/cam1_2026-04-08_16-38-34.mp4,1138.5,1823.5,898,1498,1379,2149,0.8592384
1,/Volumes/SmithL0/2026/BIOL470/Final/Learning_Rig/bee_0408_1_rev/cam1_2026-04-08_16-38-34.mp4,1139.5,1824.0,900,1499,1379,2149,0.85769516
2,/Volumes/SmithL0/2026/BIOL470/Final/Learning_Rig/bee_0408_1_rev/cam1_2026-04-08_16-38-34.mp4,1139.0,1823.0,900,1498,1378,2148,0.85458785
3,/Volumes/SmithL0/2026/BIOL470/Final/Learning_Rig/bee_0408_1_rev/cam1_2026-04-08_16-38-34.mp4,1139.5,1825.0,900,1500,1379,2150,0.8577111
4,/Volumes/SmithL0/2026/BIOL470/Final/Learning_Rig/bee_0408_1_rev/cam1_2026-04-08_16-38-34.mp4,1141.5,1824.5,903,1499,1380,2150,0.8525838
5,/Volumes/SmithL0/2026/BIOL470/Final/Learning_Rig/bee_0408_1_rev/cam1_2026-04-08_16-38-34.mp4,1139.5,1824.0,900,1498,1379,2150,0.8579978
6,/Volumes/SmithL0/2026/BIOL470/Final/Learning_Rig/bee_0408_1_rev/cam1_2026-04-08_16-38-34.mp4,1139.5,1824.0,901,1498,1378,2150,0.8535684
7,/Volumes/SmithL0/2026/BIOL470/Final/Learning_Rig/bee_0408_1_rev/cam1_2026-04-08_16-38-34.mp4,1139.5,1824.5,901,1499,1378,2150,0.858466
8,/Volumes/SmithL0/2026/BIOL470/Final/Learning_Rig/bee_0408_1_rev/cam1_2026-04-08_16-38-34.mp4,1140.0,1825.0,902,1499,1378,2151,0.85553813
9,/Volumes/SmithL0/2026/BIOL470/Final/Learning_Rig/bee_0408_1_rev/cam1_2026-04-08_16-38-34.mp4,1139.0,1825.0,900,1500,1378,2150,0.85013944
10,/Volumes/SmithL0/2026/BIOL470/Final/Learning_Rig/bee_0408_1_rev/cam1_2026-04-08_16-38-34.mp4,1138.5,1825.5,900,1501,1377,2150,0.85501015
11,/Volumes/SmithL0/2026/BIOL470/Final/Learning_Rig/bee_0408_1_rev/cam1_2026-04-08_16-38-34.mp4,1140.0,1824.5,903,1500,1377,2149,0.8544286
12,/Volumes/SmithL0/2026/BIOL470/Final/Learning_Rig/bee_0408_1_rev/cam1_2026-04-08_16-38-34.mp4,1140.0,1825.0,902,1500,1378,2150,0.85423297
13,/Volumes/SmithL0/2026/BIOL470/Final/Learning_Rig/bee_0408_1_rev/cam1_2026-04-08_16-38-34.mp4,1140.0,1824.5,902,1500,1378,2149,0.8526636
14,/Volumes/SmithL0/2026/BIOL470/Final/Learning_Rig/bee_0408_1_rev/cam1_2026-04-08_16-38-34.mp4,1140.0,1823.5,902,1499,1378,2148,0.85017693
15,/Volumes/SmithL0/2026/BIOL470/Final/Learning_Rig/bee_0408_1_rev/cam1_2026-04-08_16-38-34.mp4,1140.0,1823.5,902,1498,1378,2149,0.85411584
16,/Volumes/SmithL0/2026/BIOL470/Final/Learning_Rig/bee_0408_1_rev/cam1_2026-04-08_16-38-34.mp4,1140.5,1823.5,903,1499,1378,2148,0.8527806
17,/Volumes/SmithL0/2026/BIOL470/Final/Learning_Rig/bee_0408_1_rev/cam1_2026-04-08_16-38-34.mp4,1140.0,1823.0,902,1499,1378,2147,0.8509488
18,/Volumes/SmithL0/2026/BIOL470/Final/Learning_Rig/bee_0408_1_rev/cam1_2026-04-08_16-38-34.mp4,1141.5,1823.0,904,1499,1379,2147,0.85133135
19,/Volumes/SmithL0/2026/BIOL470/Final/Learning_Rig/bee_0408_1_rev/cam1_2026-04-08_16-38-34.mp4,1141.0,1823.5,904,1499,1378,2148,0.85505295
20,/Volumes/SmithL0/2026/BIOL470/Final/Learning_Rig/bee_0408_1_rev/cam1_2026-04-08_16-38-34.mp4,1141.5,1824.5,904,1500,1379,2149,0.85445946
21,/Volumes/SmithL0/2026/BIOL470/Final/Learning_Rig/bee_0408_1_rev/cam1_2026-04-08_16-38-34.mp4,1141.0,1824.5,903,1500,1379,2149,0.85069764
22,/Volumes/SmithL0/2026/BIOL470/Final/Learning_Rig/bee_0408_1_rev/cam1_2026-04-08_16-38-34.mp4,1141.0,1824.0,903,1500,1379,2148,0.8496034
23,/Volumes/SmithL0/2026/BIOL470/Final/Learning_Rig/bee_0408_1_rev/cam1_2026-04-08_16-38-34.mp4,1139.5,1823.5,900,1500,1379,2147,0.8476122
24,/Volumes/SmithL0/2026/BIOL470/Final/Learning_Rig/bee_0408_1_rev/cam1_2026-04-08_16-38-34.mp4,1139.5,1824.5,899,1501,1380,2148,0.8475558
25,/Volumes/SmithL0/2026/BIOL470/Final/Learning_Rig/bee_0408_1_rev/cam1_2026-04-08_16-38-34.mp4,1139.0,1824.5,899,1501,1379,2148,0.85103095
26,/Volumes/SmithL0/2026/BIOL470/Final/Learning_Rig/bee_0408_1_rev/cam1_2026-04-08_16-38-34.mp4,1139.0,1825.0,899,1502,1379,2148,0.84947747
27,/Volumes/SmithL0/2026/BIOL470/Final/Learning_Rig/bee_0408_1_rev/cam1_2026-04-08_16-38-34.mp4,1139.5,1824.5,899,1501,1380,2148,0.84738714
28,/Volumes/SmithL0/2026/BIOL470/Final/Learning_Rig/bee_0408_1_rev/cam1_2026-04-08_16-38-34.mp4,1139.5,1824.5,900,1501,1379,2148,0.8482714
29,/Volumes/SmithL0/2026/BIOL470/Final/Learning_Rig/bee_0408_1_rev/cam1_2026-04-08_16-38-34.mp4,1140.0,1825.0,900,1500,1380,2150,0.8465634
30,/Volumes/SmithL0/2026/BIOL470/Final/Learning_Rig/bee_0408_1_rev/cam1_2026-04-08_16-38-34.mp4,1139.5,1824.0,900,1499,1379,2149,0.85008997
31,/Volumes/SmithL0/2026/BIOL470/Final/Learning_Rig/bee_0408_1_rev/cam1_2026-04-08_16-38-34.mp4,1139.0,1824.0,899,1500,1379,2148,0.8499845
32,/Volumes/SmithL0/2026/BIOL470/Final/Learning_Rig/bee_0408_1_rev/cam1_2026-04-08_16-38-34.mp4,1139.5,1823.5,901,1499,1378,2148,0.84937304
33,/Volumes/SmithL0/2026/BIOL470/Final/Learning_Rig/bee_0408_1_rev/cam1_2026-04-08_16-38-34.mp4,1139.0,1823.5,900,1498,1378,2149,0.85680205
34,/Volumes/SmithL0/2026/BIOL470/Final/Learning_Rig/bee_0408_1_rev/cam1_2026-04-08_16-38-34.mp4,1139.0,1823.5,900,1498,1378,2149,0.8544496
35,/Volumes/SmithL0/2026/BIOL470/Final/Learning_Rig/bee_0408_1_rev/cam1_2026-04-08_16-38-34.mp4,1140.0,1824.0,902,1499,1378,2149,0.8543234
36,/Volumes/SmithL0/2026/BIOL470/Final/Learning_Rig/bee_0408_1_rev/cam1_2026-04-08_16-38-34.mp4,1140.0,1824.0,901,1499,1379,2149,0.8538081
37,/Volumes/SmithL0/2026/BIOL470/Final/Learning_Rig/bee_0408_1_rev/cam1_2026-04-08_16-38-34.mp4,1139.5,1824.0,901,1499,1378,2149,0.8527427
38,/Volumes/SmithL0/2026/BIOL470/Final/Learning_Rig/bee_0408_1_rev/cam1_2026-04-08_16-38-34.mp4,1139.0,1824.0,900,1499,1378,2149,0.85266197
39,/Volumes/SmithL0/2026/BIOL470/Final/Learning_Rig/bee_0408_1_rev/cam1_2026-04-08_16-38-34.mp4,1140.5,1823.5,902,1498,1379,2149,0.8530579
40,/Volumes/SmithL0/2026/BIOL470/Final/Learning_Rig/bee_0408_1_rev/cam1_2026-04-08_16-38-34.mp4,1140.5,1824.0,902,1499,1379,2149,0.8507839
41,/Volumes/SmithL0/2026/BIOL470/Final/Learning_Rig/bee_0408_1_rev/cam1_2026-04-08_16-38-34.mp4,1139.5,1823.5,900,1498,1379,2149,0.8484865
42,/Volumes/SmithL0/2026/BIOL470/Final/Learning_Rig/bee_0408_1_rev/cam1_2026-04-08_16-38-34.mp4,1140.0,1824.0,901,1499,1379,2149,0.8492053
43,/Volumes/SmithL0/2026/BIOL470/Final/Learning_Rig/bee_0408_1_rev/cam1_2026-04-08_16-38-34.mp4,1139.0,1824.5,899,1500,1379,2149,0.84869933
44,/Volumes/SmithL0/2026/BIOL470/Final/Learning_Rig/bee_0408_1_rev/cam1_2026-04-08_16-38-34.mp4,1139.0,1824.0,899,1500,1379,2148,0.85063446
45,/Volumes/SmithL0/2026/BIOL470/Final/Learning_Rig/bee_0408_1_rev/cam1_2026-04-08_16-38-34.mp4,1138.5,1823.5,899,1499,1378,2148,0.85269415
46,/Volumes/SmithL0/2026/BIOL470/Final/Learning_Rig/bee_0408_1_rev/cam1_2026-04-08_16-38-34.mp4,1139.0,1825.0,900,1501,1378,2149,0.85270065
47,/Volumes/SmithL0/2026/BIOL470/Final/Learning_Rig/bee_0408_1_rev/cam1_2026-04-08_16-38-34.mp4,1140.5,1824.0,903,1499,1378,2149,0.85381114
48,/Volumes/SmithL0/2026/BIOL470/Final/Learning_Rig/bee_0408_1_rev/cam1_2026-04-08_16-38-34.mp4,1140.5,1824.5,902,1500,1379,2149,0.8512714
49,/Volumes/SmithL0/2026/BIOL470/Final/Learning_Rig/bee_0408_1_rev/cam1_2026-04-08_16-38-34.mp4,1140.5,1824.5,902,1500,1379,2149,0.8544856
50,/Volumes/SmithL0/2026/BIOL470/Final/Learning_Rig/bee_0408_1_rev/cam1_2026-04-08_16-38-34.mp4,1140.5,1824.5,902,1500,1379,2149,0.8498396
51,/Volumes/SmithL0/2026/BIOL470/Final/Learning_Rig/bee_0408_1_rev/cam1_2026-04-08_16-38-34.mp4,1140.0,1823.5,902,1499,1378,2148,0.85046023
52,/Volumes/SmithL0/2026/BIOL470/Final/Learning_Rig/bee_0408_1_rev/cam1_2026-04-08_16-38-34.mp4,1139.0,1824.5,900,1500,1378,2149,0.8533711
53,/Volumes/SmithL0/2026/BIOL470/Final/Learning_Rig/bee_0408_1_rev/cam1_2026-04-08_16-38-34.mp4,1138.5,1824.5,899,1501,1378,2148,0.8496808
54,/Volumes/SmithL0/2026/BIOL470/Final/Learning_Rig/bee_0408_1_rev/cam1_2026-04-08_16-38-34.mp4,1139.5,1824.5,901,1500,1378,2149,0.85228705
55,/Volumes/SmithL0/2026/BIOL470/Final/Learning_Rig/bee_0408_1_rev/cam1_2026-04-08_16-38-34.mp4,1139.0,1824.0,900,1500,1378,2148,0.8517757
56,/Volumes/SmithL0/2026/BIOL470/Final/Learning_Rig/bee_0408_1_rev/cam1_2026-04-08_16-38-34.mp4,1140.0,1824.5,901,1500,1379,2149,0.8515564
57,/Volumes/SmithL0/2026/BIOL470/Final/Learning_Rig/bee_0408_1_rev/cam1_2026-04-08_16-38-34.mp4,1140.0,1824.5,901,1500,1379,2149,0.85108954
58,/Volumes/SmithL0/2026/BIOL470/Final/Learning_Rig/bee_0408_1_rev/cam1_2026-04-08_16-38-34.mp4,1140.5,1825.5,902,1500,1379,2151,0.8519737
59,/Volumes/SmithL0/2026/BIOL470/Final/Learning_Rig/bee_0408_1_rev/cam1_2026-04-08_16-38-34.mp4,1141.0,1826.0,902,1501,1380,2151,0.8460413
60,/Volumes/SmithL0/2026/BIOL470/Final/Learning_Rig/bee_0408_1_rev/cam1_2026-04-08_16-38-34.mp4,1139.0,1825.0,899,1501,1379,2149,0.8438447
61,/Volumes/SmithL0/2026/BIOL470/Final/Learning_Rig/bee_0408_1_rev/cam1_2026-04-08_16-38-34.mp4,1139.0,1825.0,899,1502,1379,2148,0.84730434
62,/Volumes/SmithL0/2026/BIOL470/Final/Learning_Rig/bee_0408_1_rev/cam1_2026-04-08_16-38-34.mp4,1138.5,1825.5,899,1503,1378,2148,0.8472145
63,/Volumes/SmithL0/2026/BIOL470/Final/Learning_Rig/bee_0408_1_rev/cam1_2026-04-08_16-38-34.mp4,1138.5,1826.0,899,1503,1378,2149,0.8513606
64,/Volumes/SmithL0/2026/BIOL470/Final/Learning_Rig/bee_0408_1_rev/cam1_2026-04-08_16-38-34.mp4,1139.0,1825.0,900,1502,1378,2148,0.85193425
65,/Volumes/SmithL0/2026/BIOL470/Final/Learning_Rig/bee_0408_1_rev/cam1_2026-04-08_16-38-34.mp4,1139.0,1825.5,900,1502,1378,2149,0.8525162
66,/Volumes/SmithL0/2026/BIOL470/Final/Learning_Rig/bee_0408_1_rev/cam1_2026-04-08_16-38-34.mp4,1140.0,1826.0,902,1503,1378,2149,0.8552006
67,/Volumes/SmithL0/2026/BIOL470/Final/Learning_Rig/bee_0408_1_rev/cam1_2026-04-08_16-38-34.mp4,1140.5,1825.0,903,1502,1378,2148,0.85521996
68,/Volumes/SmithL0/2026/BIOL470/Final/Learning_Rig/bee_0408_1_rev/cam1_2026-04-08_16-38-34.mp4,1140.5,1826.0,902,1503,1379,2149,0.85568005
69,/Volumes/SmithL0/2026/BIOL470/Final/Learning_Rig/bee_0408_1_rev/cam1_2026-04-08_16-38-34.mp4,1140.5,1827.0,902,1503,1379,2151,0.8561749
70,/Volumes/SmithL0/2026/BIOL470/Final/Learning_Rig/bee_0408_1_rev/cam1_2026-04-08_16-38-34.mp4,1140.0,1826.5,901,1503,1379,2150,0.8563733
71,/Volumes/SmithL0/2026/BIOL470/Final/Learning_Rig/bee_0408_1_rev/cam1_2026-04-08_16-38-34.mp4,1138.0,1826.0,899,1502,1377,2150,0.8557182
72,/Volumes/SmithL0/2026/BIOL470/Final/Learning_Rig/bee_0408_1_rev/cam1_2026-04-08_16-38-34.mp4,1139.0,1826.0,900,1502,1378,2150,0.85276514
73,/Volumes/SmithL0/2026/BIOL470/Final/Learning_Rig/bee_0408_1_rev/cam1_2026-04-08_16-38-34.mp4,1138.5,1827.0,899,1503,1378,2151,0.8524081
74,/Volumes/SmithL0/2026/BIOL470/Final/Learning_Rig/bee_0408_1_rev/cam1_2026-04-08_16-38-34.mp4,1138.0,1825.5,899,1502,1377,2149,0.8544678
75,/Volumes/SmithL0/2026/BIOL470/Final/Learning_Rig/bee_0408_1_rev/cam1_2026-04-08_16-38-34.mp4,1138.0,1826.0,898,1502,1378,2150,0.8578828
76,/Volumes/SmithL0/2026/BIOL470/Final/Learning_Rig/bee_0408_1_rev/cam1_2026-04-08_16-38-34.mp4,1139.0,1826.0,900,1502,1378,2150,0.8552488
77,/Volumes/SmithL0/2026/BIOL470/Final/Learning_Rig/bee_0408_1_rev/cam1_2026-04-08_16-38-34.mp4,1138.5,1826.0,899,1502,1378,2150,0.855464
78,/Volumes/SmithL0/2026/BIOL470/Final/Learning_Rig/bee_0408_1_rev/cam1_2026-04-08_16-38-34.mp4,1138.5,1826.0,899,1502,1378,2150,0.8546914
79,/Volumes/SmithL0/2026/BIOL470/Final/Learning_Rig/bee_0408_1_rev/cam1_2026-04-08_16-38-34.mp4,1138.0,1825.5,898,1502,1378,2149,0.8552688
80,/Volumes/SmithL0/2026/BIOL470/Final/Learning_Rig/bee_0408_1_rev/cam1_2026-04-08_16-38-34.mp4,1139.0,1825.5,900,1501,1378,2150,0.8585715
81,/Volumes/SmithL0/2026/BIOL470/Final/Learning_Rig/bee_0408_1_rev/cam1_2026-04-08_16-38-34.mp4,1139.5,1825.5,900,1502,1379,2149,0.8577541
82,/Volumes/SmithL0/2026/BIOL470/Final/Learning_Rig/bee_0408_1_rev/cam1_2026-04-08_16-38-34.mp4,1140.0,1824.5,901,1501,1379,2148,0.8558799
83,/Volumes/SmithL0/2026/BIOL470/Final/Learning_Rig/bee_0408_1_rev/cam1_2026-04-08_16-38-34.mp4,1140.0,1825.0,901,1501,1379,2149,0.8568788
84,/Volumes/SmithL0/2026/BIOL470/Final/Learning_Rig/bee_0408_1_rev/cam1_2026-04-08_16-38-34.mp4,1140.0,1824.5,901,1500,1379,2149,0.8529707
85,/Volumes/SmithL0/2026/BIOL470/Final/Learning_Rig/bee_0408_1_rev/cam1_2026-04-08_16-38-34.mp4,1139.0,1824.5,899,1501,1379,2148,0.8462758
86,/Volumes/SmithL0/2026/BIOL470/Final/Learning_Rig/bee_0408_1_rev/cam1_2026-04-08_16-38-34.mp4,1139.5,1824.0,900,1501,1379,2147,0.849108
87,/Volumes/SmithL0/2026/BIOL470/Final/Learning_Rig/bee_0408_1_rev/cam1_2026-04-08_16-38-34.mp4,1139.0,1825.5,900,1501,1378,2150,0.8502181
88,/Volumes/SmithL0/2026/BIOL470/Final/Learning_Rig/bee_0408_1_rev/cam1_2026-04-08_16-38-34.mp4,1138.0,1826.0,898,1503,1378,2149,0.85432005
89,/Volumes/SmithL0/2026/BIOL470/Final/Learning_Rig/bee_0408_1_rev/cam1_2026-04-08_16-38-34.mp4,1138.0,1825.0,898,1502,1378,2148,0.8549323
90,/Volumes/SmithL0/2026/BIOL470/Final/Learning_Rig/bee_0408_1_rev/cam1_2026-04-08_16-38-34.mp4,1139.0,1824.5,900,1501,1378,2148,0.85572577
91,/Volumes/SmithL0/2026/BIOL470/Final/Learning_Rig/bee_0408_1_rev/cam1_2026-04-08_16-38-34.mp4,1138.5,1825.0,899,1502,1378,2148,0.85351825
92,/Volumes/SmithL0/2026/BIOL470/Final/Learning_Rig/bee_0408_1_rev/cam1_2026-04-08_16-38-34.mp4,1139.0,1824.5,900,1501,1378,2148,0.85055053
93,/Volumes/SmithL0/2026/BIOL470/Final/Learning_Rig/bee_0408_1_rev/cam1_2026-04-08_16-38-34.mp4,1139.0,1825.5,899,1502,1379,2149,0.85188216
94,/Volumes/SmithL0/2026/BIOL470/Final/Learning_Rig/bee_0408_1_rev/cam1_2026-04-08_16-38-34.mp4,1138.5,1825.5,899,1502,1378,2149,0.85238147
95,/Volumes/SmithL0/2026/BIOL470/Final/Learning_Rig/bee_0408_1_rev/cam1_2026-04-08_16-38-34.mp4,1138.5,1826.0,898,1503,1379,2149,0.8555303
96,/Volumes/SmithL0/2026/BIOL470/Final/Learning_Rig/bee_0408_1_rev/cam1_2026-04-08_16-38-34.mp4,1138.5,1825.5,898,1503,1379,2148,0.8505278
97,/Volumes/SmithL0/2026/BIOL470/Final/Learning_Rig/bee_0408_1_rev/cam1_2026-04-08_16-38-34.mp4,1139.0,1826.5,899,1504,1379,2149,0.84965515
98,/Volumes/SmithL0/2026/BIOL470/Final/Learning_Rig/bee_0408_1_rev/cam1_2026-04-08_16-38-34.mp4,1138.5,1825.5,899,1502,1378,2149,0.8516582
99,/Volumes/SmithL0/2026/BIOL470/Final/Learning_Rig/bee_0408_1_rev/cam1_2026-04-08_16-38-34.mp4,1139.5,1826.0,900,1502,1379,2150,0.8472682
100,/Volumes/SmithL0/2026/BIOL470/Final/Learning_Rig/bee_0408_1_rev/cam1_2026-04-08_16-38-34.mp4,1140.0,1825.0,901,1501,1379,2149,0.8510109
101,/Volumes/SmithL0/2026/BIOL470/Final/Learning_Rig/bee_0408_1_rev/cam1_2026-04-08_16-38-34.mp4,1138.5,1824.5,899,1501,1378,2148,0.8509733
102,/Volumes/SmithL0/2026/BIOL470/Final/Learning_Rig/bee_0408_1_rev/cam1_2026-04-08_16-38-34.mp4,1139.5,1826.0,901,1503,1378,2149,0.8529695
103,/Volumes/SmithL0/2026/BIOL470/Final/Learning_Rig/bee_0408_1_rev/cam1_2026-04-08_16-38-34.mp4,1139.0,1826.0,900,1503,1378,2149,0.854049
104,/Volumes/SmithL0/2026/BIOL470/Final/Learning_Rig/bee_0408_1_rev/cam1_2026-04-08_16-38-34.mp4,1139.0,1826.5,900,1503,1378,2150,0.8542861
105,/Volumes/SmithL0/2026/BIOL470/Final/Learning_Rig/bee_0408_1_rev/cam1_2026-04-08_16-38-34.mp4,1140.0,1826.0,902,1503,1378,2149,0.85225916
106,/Volumes/SmithL0/2026/BIOL470/Final/Learning_Rig/bee_0408_1_rev/cam1_2026-04-08_16-38-34.mp4,1140.0,1826.0,902,1503,1378,2149,0.8548218
107,/Volumes/SmithL0/2026/BIOL470/Final/Learning_Rig/bee_0408_1_rev/cam1_2026-04-08_16-38-34.mp4,1139.0,1825.5,900,1502,1378,2149,0.8483893
108,/Volumes/SmithL0/2026/BIOL470/Final/Learning_Rig/bee_0408_1_rev/cam1_2026-04-08_16-38-34.mp4,1140.5,1825.0,903,1502,1378,2148,0.8468085
109,/Volumes/SmithL0/2026/BIOL470/Final/Learning_Rig/bee_0408_1_rev/cam1_2026-04-08_16-38-34.mp4,1139.0,1825.5,900,1502,1378,2149,0.8454527
110,/Volumes/SmithL0/2026/BIOL470/Final/Learning_Rig/bee_0408_1_rev/cam1_2026-04-08_16-38-34.mp4,1139.0,1825.0,900,1501,1378,2149,0.8506849
111,/Volumes/SmithL0/2026/BIOL470/Final/Learning_Rig/bee_0408_1_rev/cam1_2026-04-08_16-38-34.mp4,1139.0,1824.5,900,1501,1378,2148,0.8497587
112,/Volumes/SmithL0/2026/BIOL470/Final/Learning_Rig/bee_0408_1_rev/cam1_2026-04-08_16-38-34.mp4,1139.5,1825.0,901,1502,1378,2148,0.84890264
113,/Volumes/SmithL0/2026/BIOL470/Final/Learning_Rig/bee_0408_1_rev/cam1_2026-04-08_16-38-34.mp4,1139.5,1825.5,901,1502,1378,2149,0.8502224
114,/Volumes/SmithL0/2026/BIOL470/Final/Learning_Rig/bee_0408_1_rev/cam1_2026-04-08_16-38-34.mp4,1139.5,1826.0,901,1503,1378,2149,0.8523069
115,/Volumes/SmithL0/2026/BIOL470/Final/Learning_Rig/bee_0408_1_rev/cam1_2026-04-08_16-38-34.mp4,1140.5,1825.0,902,1503,1379,2147,0.85123044
116,/Volumes/SmithL0/2026/BIOL470/Final/Learning_Rig/bee_0408_1_rev/cam1_2026-04-08_16-38-34.mp4,1139.0,1825.5,900,1503,1378,2148,0.8533191
117,/Volumes/SmithL0/2026/BIOL470/Final/Learning_Rig/bee_0408_1_rev/cam1_2026-04-08_16-38-34.mp4,1140.0,1825.5,901,1503,1379,2148,0.85545534
118,/Volumes/SmithL0/2026/BIOL470/Final/Learning_Rig/bee_0408_1_rev/cam1_2026-04-08_16-38-34.mp4,1139.5,1826.0,900,1503,1379,2149,0.8502247
119,/Volumes/SmithL0/2026/BIOL470/Final/Learning_Rig/bee_0408_1_rev/cam1_2026-04-08_16-38-34.mp4,1139.0,1826.5,900,1503,1378,2150,0.848953
120,/Volumes/SmithL0/2026/BIOL470/Final/Learning_Rig/bee_0408_1_rev/cam1_2026-04-08_16-38-34.mp4,1139.0,1825.5,899,1502,1379,2149,0.8511995
121,/Volumes/SmithL0/2026/BIOL470/Final/Learning_Rig/bee_0408_1_rev/cam1_2026-04-08_16-38-34.mp4,1138.0,1826.5,898,1503,1378,2150,0.853313
122,/Volumes/SmithL0/2026/BIOL470/Final/Learning_Rig/bee_0408_1_rev/cam1_2026-04-08_16-38-34.mp4,1139.5,1826.5,900,1503,1379,2150,0.85361487
123,/Volumes/SmithL0/2026/BIOL470/Final/Learning_Rig/bee_0408_1_rev/cam1_2026-04-08_16-38-34.mp4,1138.0,1827.0,897,1504,1379,2150,0.85213387
124,/Volumes/SmithL0/2026/BIOL470/Final/Learning_Rig/bee_0408_1_rev/cam1_2026-04-08_16-38-34.mp4,1138.5,1827.5,898,1504,1379,2151,0.85497206
125,/Volumes/SmithL0/2026/BIOL470/Final/Learning_Rig/bee_0408_1_rev/cam1_2026-04-08_16-38-34.mp4,1139.0,1826.5,899,1503,1379,2150,0.8500357
126,/Volumes/SmithL0/2026/BIOL470/Final/Learning_Rig/bee_0408_1_rev/cam1_2026-04-08_16-38-34.mp4,1139.5,1826.0,900,1502,1379,2150,0.8526455
127,/Volumes/SmithL0/2026/BIOL470/Final/Learning_Rig/bee_0408_1_rev/cam1_2026-04-08_16-38-34.mp4,1138.5,1825.5,898,1502,1379,2149,0.850165
128,/Volumes/SmithL0/2026/BIOL470/Final/Learning_Rig/bee_0408_1_rev/cam1_2026-04-08_16-38-34.mp4,1140.5,1826.0,901,1502,1380,2150,0.8500865
129,/Volumes/SmithL0/2026/BIOL470/Final/Learning_Rig/bee_0408_1_rev/cam1_2026-04-08_16-38-34.mp4,1139.0,1826.5,898,1503,1380,2150,0.84537953
130,/Volumes/SmithL0/2026/BIOL470/Final/Learning_Rig/bee_0408_1_rev/cam1_2026-04-08_16-38-34.mp4,1139.0,1826.0,899,1503,1379,2149,0.8470444
131,/Volumes/SmithL0/2026/BIOL470/Final/Learning_Rig/bee_0408_1_rev/cam1_2026-04-08_16-38-34.mp4,1139.5,1825.5,900,1502,1379,2149,0.8495742
132,/Volumes/SmithL0/2026/BIOL470/Final/Learning_Rig/bee_0408_1_rev/cam1_2026-04-08_16-38-34.mp4,1139.5,1826.0,901,1502,1378,2150,0.8503558
133,/Volumes/SmithL0/2026/BIOL470/Final/Learning_Rig/bee_0408_1_rev/cam1_2026-04-08_16-38-34.mp4,1139.5,1827.0,900,1504,1379,2150,0.85087353
134,/Volumes/SmithL0/2026/BIOL470/Final/Learning_Rig/bee_0408_1_rev/cam1_2026-04-08_16-38-34.mp4,1140.0,1827.5,901,1504,1379,2151,0.8534549
135,/Volumes/SmithL0/2026/BIOL470/Final/Learning_Rig/bee_0408_1_rev/cam1_2026-04-08_16-38-34.mp4,1140.0,1826.5,901,1503,1379,2150,0.85462976
136,/Volumes/SmithL0/2026/BIOL470/Final/Learning_Rig/bee_0408_1_rev/cam1_2026-04-08_16-38-34.mp4,1140.0,1827.0,900,1504,1380,2150,0.8540192
137,/Volumes/SmithL0/2026/BIOL470/Final/Learning_Rig/bee_0408_1_rev/cam1_2026-04-08_16-38-34.mp4,1140.0,1826.0,901,1503,1379,2149,0.8515863
138,/Volumes/SmithL0/2026/BIOL470/Final/Learning_Rig/bee_0408_1_rev/cam1_2026-04-08_16-38-34.mp4,1141.0,1825.0,902,1502,1380,2148,0.850137
139,/Volumes/SmithL0/2026/BIOL470/Final/Learning_Rig/bee_0408_1_rev/cam1_2026-04-08_16-38-34.mp4,1140.0,1825.0,900,1502,1380,2148,0.8488259
140,/Volumes/SmithL0/2026/BIOL470/Final/Learning_Rig/bee_0408_1_rev/cam1_2026-04-08_16-38-34.mp4,1140.0,1825.5,900,1503,1380,2148,0.8522564
141,/Volumes/SmithL0/2026/BIOL470/Final/Learning_Rig/bee_0408_1_rev/cam1_2026-04-08_16-38-34.mp4,1139.0,1825.5,899,1502,1379,2149,0.852108
142,/Volumes/SmithL0/2026/BIOL470/Final/Learning_Rig/bee_0408_1_rev/cam1_2026-04-08_16-38-34.mp4,1140.0,1825.0,902,1501,1378,2149,0.8512751
143,/Volumes/SmithL0/2026/BIOL470/Final/Learning_Rig/bee_0408_1_rev/cam1_2026-04-08_16-38-34.mp4,1140.0,1825.0,901,1502,1379,2148,0.8498884
144,/Volumes/SmithL0/2026/BIOL470/Final/Learning_Rig/bee_0408_1_rev/cam1_2026-04-08_16-38-34.mp4,1140.0,1825.5,901,1503,1379,2148,0.85020024
145,/Volumes/SmithL0/2026/BIOL470/Final/Learning_Rig/bee_0408_1_rev/cam1_2026-04-08_16-38-34.mp4,1139.5,1826.0,900,1503,1379,2149,0.84898406
146,/Volumes/SmithL0/2026/BIOL470/Final/Learning_Rig/bee_0408_1_rev/cam1_2026-04-08_16-38-34.mp4,1139.5,1825.0,900,1502,1379,2148,0.8539629
147,/Volumes/SmithL0/2026/BIOL470/Final/Learning_Rig/bee_0408_1_rev/cam1_2026-04-08_16-38-34.mp4,1140.0,1826.0,901,1503,1379,2149,0.8559653
148,/Volumes/SmithL0/2026/BIOL470/Final/Learning_Rig/bee_0408_1_rev/cam1_2026-04-08_16-38-34.mp4,1139.5,1826.0,900,1502,1379,2150,0.85480314
149,/Volumes/SmithL0/2026/BIOL470/Final/Learning_Rig/bee_0408_1_rev/cam1_2026-04-08_16-38-34.mp4,1140.0,1826.5,901,1502,1379,2151,0.8523871
150,/Volumes/SmithL0/2026/BIOL470/Final/Learning_Rig/bee_0408_1_rev/cam1_2026-04-08_16-38-34.mp4,1140.0,1826.5,901,1502,1379,2151,0.853512
151,/Volumes/SmithL0/2026/BIOL470/Final/Learning_Rig/bee_0408_1_rev/cam1_2026-04-08_16-38-34.mp4,1139.5,1826.0,900,1502,1379,2150,0.8530629
152,/Volumes/SmithL0/2026/BIOL470/Final/Learning_Rig/bee_0408_1_rev/cam1_2026-04-08_16-38-34.mp4,1139.0,1826.0,899,1502,1379,2150,0.8566979
153,/Volumes/SmithL0/2026/BIOL470/Final/Learning_Rig/bee_0408_1_rev/cam1_2026-04-08_16-38-34.mp4,1138.5,1826.5,898,1503,1379,2150,0.8546513
154,/Volumes/SmithL0/2026/BIOL470/Final/Learning_Rig/bee_0408_1_rev/cam1_2026-04-08_16-38-34.mp4,1140.0,1825.5,901,1501,1379,2150,0.8535309
155,/Volumes/SmithL0/2026/BIOL470/Final/Learning_Rig/bee_0408_1_rev/cam1_2026-04-08_16-38-34.mp4,1140.0,1825.5,901,1502,1379,2149,0.8538814
156,/Volumes/SmithL0/2026/BIOL470/Final/Learning_Rig/bee_0408_1_rev/cam1_2026-04-08_16-38-34.mp4,1140.0,1825.5,901,1502,1379,2149,0.8556934
157,/Volumes/SmithL0/2026/BIOL470/Final/Learning_Rig/bee_0408_1_rev/cam1_2026-04-08_16-38-34.mp4,1139.0,1825.5,900,1502,1378,2149,0.8551518
158,/Volumes/SmithL0/2026/BIOL470/Final/Learning_Rig/bee_0408_1_rev/cam1_2026-04-08_16-38-34.mp4,1140.0,1825.0,902,1502,1378,2148,0.85268044
159,/Volumes/SmithL0/2026/BIOL470/Final/Learning_Rig/bee_0408_1_rev/cam1_2026-04-08_16-38-34.mp4,1139.5,1824.5,901,1501,1378,2148,0.85233855
160,/Volumes/SmithL0/2026/BIOL470/Final/Learning_Rig/bee_0408_1_rev/cam1_2026-04-08_16-38-34.mp4,1140.0,1826.0,901,1503,1379,2149,0.8577072
161,/Volumes/SmithL0/2026/BIOL470/Final/Learning_Rig/bee_0408_1_rev/cam1_2026-04-08_16-38-34.mp4,1139.5,1826.0,900,1503,1379,2149,0.8551827
162,/Volumes/SmithL0/2026/BIOL470/Final/Learning_Rig/bee_0408_1_rev/cam1_2026-04-08_16-38-34.mp4,1139.5,1825.5,900,1502,1379,2149,0.85808367
163,/Volumes/SmithL0/2026/BIOL470/Final/Learning_Rig/bee_0408_1_rev/cam1_2026-04-08_16-38-34.mp4,1140.0,1825.0,901,1501,1379,2149,0.854994
164,/Volumes/SmithL0/2026/BIOL470/Final/Learning_Rig/bee_0408_1_rev/cam1_2026-04-08_16-38-34.mp4,1140.5,1825.5,902,1502,1379,2149,0.85326797
165,/Volumes/SmithL0/2026/BIOL470/Final/Learning_Rig/bee_0408_1_rev/cam1_2026-04-08_16-38-34.mp4,1140.5,1826.0,902,1502,1379,2150,0.851106
166,/Volumes/SmithL0/2026/BIOL470/Final/Learning_Rig/bee_0408_1_rev/cam1_2026-04-08_16-38-34.mp4,1140.0,1826.0,902,1502,1378,2150,0.84947
167,/Volumes/SmithL0/2026/BIOL470/Final/Learning_Rig/bee_0408_1_rev/cam1_2026-04-08_16-38-34.mp4,1139.5,1825.5,901,1501,1378,2150,0.85314715
168,/Volumes/SmithL0/2026/BIOL470/Final/Learning_Rig/bee_0408_1_rev/cam1_2026-04-08_16-38-34.mp4,1139.5,1826.5,900,1502,1379,2151,0.84607774
169,/Volumes/SmithL0/2026/BIOL470/Final/Learning_Rig/bee_0408_1_rev/cam1_2026-04-08_16-38-34.mp4,1140.0,1826.0,900,1502,1380,2150,0.8513953
170,/Volumes/SmithL0/2026/BIOL470/Final/Learning_Rig/bee_0408_1_rev/cam1_2026-04-08_16-38-34.mp4,1140.0,1826.0,901,1501,1379,2151,0.85258114
171,/Volumes/SmithL0/2026/BIOL470/Final/Learning_Rig/bee_0408_1_rev/cam1_2026-04-08_16-38-34.mp4,1139.5,1826.5,900,1501,1379,2152,0.85185415
172,/Volumes/SmithL0/2026/BIOL470/Final/Learning_Rig/bee_0408_1_rev/cam1_2026-04-08_16-38-34.mp4,1141.0,1825.5,902,1501,1380,2150,0.85015744
173,/Volumes/SmithL0/2026/BIOL470/Final/Learning_Rig/bee_0408_1_rev/cam1_2026-04-08_16-38-34.mp4,1141.0,1826.0,902,1501,1380,2151,0.84726125
174,/Volumes/SmithL0/2026/BIOL470/Final/Learning_Rig/bee_0408_1_rev/cam1_2026-04-08_16-38-34.mp4,1140.5,1826.5,901,1502,1380,2151,0.8488791
175,/Volumes/SmithL0/2026/BIOL470/Final/Learning_Rig/bee_0408_1_rev/cam1_2026-04-08_16-38-34.mp4,1140.5,1825.5,901,1501,1380,2150,0.8457336
176,/Volumes/SmithL0/2026/BIOL470/Final/Learning_Rig/bee_0408_1_rev/cam1_2026-04-08_16-38-34.mp4,1141.0,1824.0,902,1499,1380,2149,0.84736973
177,/Volumes/SmithL0/2026/BIOL470/Final/Learning_Rig/bee_0408_1_rev/cam1_2026-04-08_16-38-34.mp4,1140.0,1825.0,900,1500,1380,2150,0.8464718
178,/Volumes/SmithL0/2026/BIOL470/Final/Learning_Rig/bee_0408_1_rev/cam1_2026-04-08_16-38-34.mp4,1141.5,1824.0,903,1499,1380,2149,0.84531045
179,/Volumes/SmithL0/2026/BIOL470/Final/Learning_Rig/bee_0408_1_rev/cam1_2026-04-08_16-38-34.mp4,1141.0,1824.5,902,1500,1380,2149,0.8471538
180,/Volumes/SmithL0/2026/BIOL470/Final/Learning_Rig/bee_0408_1_rev/cam1_2026-04-08_16-38-34.mp4,1140.0,1824.5,901,1499,1379,2150,0.8538226
181,/Volumes/SmithL0/2026/BIOL470/Final/Learning_Rig/bee_0408_1_rev/cam1_2026-04-08_16-38-34.mp4,1138.5,1824.5,899,1500,1378,2149,0.85428727
182,/Volumes/SmithL0/2026/BIOL470/Final/Learning_Rig/bee_0408_1_rev/cam1_2026-04-08_16-38-34.mp4,1139.0,1825.0,900,1500,1378,2150,0.85638165
183,/Volumes/SmithL0/2026/BIOL470/Final/Learning_Rig/bee_0408_1_rev/cam1_2026-04-08_16-38-34.mp4,1138.5,1825.5,899,1500,1378,2151,0.8531903
184,/Volumes/SmithL0/2026/BIOL470/Final/Learning_Rig/bee_0408_1_rev/cam1_2026-04-08_16-38-34.mp4,1139.0,1825.0,900,1501,1378,2149,0.84975845
185,/Volumes/SmithL0/2026/BIOL470/Final/Learning_Rig/bee_0408_1_rev/cam1_2026-04-08_16-38-34.mp4,1139.5,1825.0,900,1501,1379,2149,0.85003793
186,/Volumes/SmithL0/2026/BIOL470/Final/Learning_Rig/bee_0408_1_rev/cam1_2026-04-08_16-38-34.mp4,1140.0,1825.0,901,1500,1379,2150,0.847313
187,/Volumes/SmithL0/2026/BIOL470/Final/Learning_Rig/bee_0408_1_rev/cam1_2026-04-08_16-38-34.mp4,1140.5,1825.5,902,1502,1379,2149,0.84764034
188,/Volumes/SmithL0/2026/BIOL470/Final/Learning_Rig/bee_0408_1_rev/cam1_2026-04-08_16-38-34.mp4,1140.0,1824.5,900,1501,1380,2148,0.8447186
189,/Volumes/SmithL0/2026/BIOL470/Final/Learning_Rig/bee_0408_1_rev/cam1_2026-04-08_16-38-34.mp4,1139.5,1824.5,899,1500,1380,2149,0.8472892
190,/Volumes/SmithL0/2026/BIOL470/Final/Learning_Rig/bee_0408_1_rev/cam1_2026-04-08_16-38-34.mp4,1139.0,1825.0,899,1500,1379,2150,0.8494929
191,/Volumes/SmithL0/2026/BIOL470/Final/Learning_Rig/bee_0408_1_rev/cam1_2026-04-08_16-38-34.mp4,1138.5,1827.0,898,1502,1379,2152,0.8487575
192,/Volumes/SmithL0/2026/BIOL470/Final/Learning_Rig/bee_0408_1_rev/cam1_2026-04-08_16-38-34.mp4,1139.5,1826.0,900,1502,1379,2150,0.84442836
193,/Volumes/SmithL0/2026/BIOL470/Final/Learning_Rig/bee_0408_1_rev/cam1_2026-04-08_16-38-34.mp4,1139.5,1826.0,899,1501,1380,2151,0.84431374
194,/Volumes/SmithL0/2026/BIOL470/Final/Learning_Rig/bee_0408_1_rev/cam1_2026-04-08_16-38-34.mp4,1139.5,1826.0,900,1501,1379,2151,0.8500795
195,/Volumes/SmithL0/2026/BIOL470/Final/Learning_Rig/bee_0408_1_rev/cam1_2026-04-08_16-38-34.mp4,1139.5,1825.5,899,1501,1380,2150,0.8481909
196,/Volumes/SmithL0/2026/BIOL470/Final/Learning_Rig/bee_0408_1_rev/cam1_2026-04-08_16-38-34.mp4,1140.5,1824.5,901,1500,1380,2149,0.84798837
197,/Volumes/SmithL0/2026/BIOL470/Final/Learning_Rig/bee_0408_1_rev/cam1_2026-04-08_16-38-34.mp4,1141.0,1825.0,902,1500,1380,2150,0.84582275
198,/Volumes/SmithL0/2026/BIOL470/Final/Learning_Rig/bee_0408_1_rev/cam1_2026-04-08_16-38-34.mp4,1140.5,1826.0,901,1501,1380,2151,0.85074383
199,/Volumes/SmithL0/2026/BIOL470/Final/Learning_Rig/bee_0408_1_rev/cam1_2026-04-08_16-38-34.mp4,1140.5,1825.5,901,1501,1380,2150,0.84686244
200,/Volumes/SmithL0/2026/BIOL470/Final/Learning_Rig/bee_0408_1_rev/cam1_2026-04-08_16-38-34.mp4,1141.0,1825.5,902,1501,1380,2150,0.8406638
201,/Volumes/SmithL0/2026/BIOL470/Final/Learning_Rig/bee_0408_1_rev/cam1_2026-04-08_16-38-34.mp4,1140.0,1826.0,900,1502,1380,2150,0.8426265
202,/Volumes/SmithL0/2026/BIOL470/Final/Learning_Rig/bee_0408_1_rev/cam1_2026-04-08_16-38-34.mp4,1140.5,1826.0,901,1502,1380,2150,0.84403735
203,/Volumes/SmithL0/2026/BIOL470/Final/Learning_Rig/bee_0408_1_rev/cam1_2026-04-08_16-38-34.mp4,1140.0,1825.0,900,1500,1380,2150,0.8470258
204,/Volumes/SmithL0/2026/BIOL470/Final/Learning_Rig/bee_0408_1_rev/cam1_2026-04-08_16-38-34.mp4,1140.0,1824.5,901,1500,1379,2149,0.8459917
205,/Volumes/SmithL0/2026/BIOL470/Final/Learning_Rig/bee_0408_1_rev/cam1_2026-04-08_16-38-34.mp4,1140.0,1826.0,901,1501,1379,2151,0.8466569
206,/Volumes/SmithL0/2026/BIOL470/Final/Learning_Rig/bee_0408_1_rev/cam1_2026-04-08_16-38-34.mp4,1140.5,1825.5,901,1501,1380,2150,0.84225845
207,/Volumes/SmithL0/2026/BIOL470/Final/Learning_Rig/bee_0408_1_rev/cam1_2026-04-08_16-38-34.mp4,1139.0,1826.0,898,1502,1380,2150,0.8432252
208,/Volumes/SmithL0/2026/BIOL470/Final/Learning_Rig/bee_0408_1_rev/cam1_2026-04-08_16-38-34.mp4,1139.5,1826.0,900,1502,1379,2150,0.84495896
209,/Volumes/SmithL0/2026/BIOL470/Final/Learning_Rig/bee_0408_1_rev/cam1_2026-04-08_16-38-34.mp4,1140.5,1825.0,902,1501,1379,2149,0.8467946
210,/Volumes/SmithL0/2026/BIOL470/Final/Learning_Rig/bee_0408_1_rev/cam1_2026-04-08_16-38-34.mp4,1141.0,1825.5,902,1501,1380,2150,0.850877
211,/Volumes/SmithL0/2026/BIOL470/Final/Learning_Rig/bee_0408_1_rev/cam1_2026-04-08_16-38-34.mp4,1139.5,1826.0,900,1502,1379,2150,0.8516202
212,/Volumes/SmithL0/2026/BIOL470/Final/Learning_Rig/bee_0408_1_rev/cam1_2026-04-08_16-38-34.mp4,1140.5,1826.0,901,1501,1380,2151,0.84927195
213,/Volumes/SmithL0/2026/BIOL470/Final/Learning_Rig/bee_0408_1_rev/cam1_2026-04-08_16-38-34.mp4,1140.0,1825.5,900,1501,1380,2150,0.8456151
214,/Volumes/SmithL0/2026/BIOL470/Final/Learning_Rig/bee_0408_1_rev/cam1_2026-04-08_16-38-34.mp4,1139.0,1825.0,899,1500,1379,2150,0.84907
215,/Volumes/SmithL0/2026/BIOL470/Final/Learning_Rig/bee_0408_1_rev/cam1_2026-04-08_16-38-34.mp4,1139.5,1825.0,900,1500,1379,2150,0.8515297
216,/Volumes/SmithL0/2026/BIOL470/Final/Learning_Rig/bee_0408_1_rev/cam1_2026-04-08_16-38-34.mp4,1139.0,1825.0,900,1500,1378,2150,0.85321885
217,/Volumes/SmithL0/2026/BIOL470/Final/Learning_Rig/bee_0408_1_rev/cam1_2026-04-08_16-38-34.mp4,1140.5,1827.0,901,1502,1380,2152,0.84658015
218,/Volumes/SmithL0/2026/BIOL470/Final/Learning_Rig/bee_0408_1_rev/cam1_2026-04-08_16-38-34.mp4,1140.0,1826.0,901,1501,1379,2151,0.8510561
219,/Volumes/SmithL0/2026/BIOL470/Final/Learning_Rig/bee_0408_1_rev/cam1_2026-04-08_16-38-34.mp4,1140.5,1825.5,902,1501,1379,2150,0.84986806
220,/Volumes/SmithL0/2026/BIOL470/Final/Learning_Rig/bee_0408_1_rev/cam1_2026-04-08_16-38-34.mp4,1140.0,1825.0,901,1501,1379,2149,0.8460572
221,/Volumes/SmithL0/2026/BIOL470/Final/Learning_Rig/bee_0408_1_rev/cam1_2026-04-08_16-38-34.mp4,1140.0,1825.0,901,1501,1379,2149,0.8467261
222,/Volumes/SmithL0/2026/BIOL470/Final/Learning_Rig/bee_0408_1_rev/cam1_2026-04-08_16-38-34.mp4,1139.5,1826.0,900,1501,1379,2151,0.84851056
223,/Volumes/SmithL0/2026/BIOL470/Final/Learning_Rig/bee_0408_1_rev/cam1_2026-04-08_16-38-34.mp4,1139.0,1826.0,899,1503,1379,2149,0.8485064
224,/Volumes/SmithL0/2026/BIOL470/Final/Learning_Rig/bee_0408_1_rev/cam1_2026-04-08_16-38-34.mp4,1140.5,1825.5,902,1502,1379,2149,0.8448096
225,/Volumes/SmithL0/2026/BIOL470/Final/Learning_Rig/bee_0408_1_rev/cam1_2026-04-08_16-38-34.mp4,1139.5,1825.5,899,1501,1380,2150,0.8477297
226,/Volumes/SmithL0/2026/BIOL470/Final/Learning_Rig/bee_0408_1_rev/cam1_2026-04-08_16-38-34.mp4,1139.0,1825.5,898,1501,1380,2150,0.84599084
227,/Volumes/SmithL0/2026/BIOL470/Final/Learning_Rig/bee_0408_1_rev/cam1_2026-04-08_16-38-34.mp4,1139.0,1825.0,898,1501,1380,2149,0.8448561
228,/Volumes/SmithL0/2026/BIOL470/Final/Learning_Rig/bee_0408_1_rev/cam1_2026-04-08_16-38-34.mp4,1138.5,1825.5,898,1501,1379,2150,0.8488251
229,/Volumes/SmithL0/2026/BIOL470/Final/Learning_Rig/bee_0408_1_rev/cam1_2026-04-08_16-38-34.mp4,1139.0,1825.0,899,1501,1379,2149,0.84410965
230,/Volumes/SmithL0/2026/BIOL470/Final/Learning_Rig/bee_0408_1_rev/cam1_2026-04-08_16-38-34.mp4,1139.5,1825.5,900,1501,1379,2150,0.84418166
231,/Volumes/SmithL0/2026/BIOL470/Final/Learning_Rig/bee_0408_1_rev/cam1_2026-04-08_16-38-34.mp4,1140.5,1825.0,901,1501,1380,2149,0.84564334
232,/Volumes/SmithL0/2026/BIOL470/Final/Learning_Rig/bee_0408_1_rev/cam1_2026-04-08_16-38-34.mp4,1140.0,1826.0,901,1502,1379,2150,0.8456966
233,/Volumes/SmithL0/2026/BIOL470/Final/Learning_Rig/bee_0408_1_rev/cam1_2026-04-08_16-38-34.mp4,1140.0,1826.0,901,1501,1379,2151,0.84740233
234,/Volumes/SmithL0/2026/BIOL470/Final/Learning_Rig/bee_0408_1_rev/cam1_2026-04-08_16-38-34.mp4,1140.0,1825.0,901,1501,1379,2149,0.8463363
235,/Volumes/SmithL0/2026/BIOL470/Final/Learning_Rig/bee_0408_1_rev/cam1_2026-04-08_16-38-34.mp4,1138.5,1827.5,898,1503,1379,2152,0.85332024
236,/Volumes/SmithL0/2026/BIOL470/Final/Learning_Rig/bee_0408_1_rev/cam1_2026-04-08_16-38-34.mp4,1139.5,1828.0,900,1504,1379,2152,0.8492749
237,/Volumes/SmithL0/2026/BIOL470/Final/Learning_Rig/bee_0408_1_rev/cam1_2026-04-08_16-38-34.mp4,1140.0,1826.0,900,1502,1380,2150,0.8414963
238,/Volumes/SmithL0/2026/BIOL470/Final/Learning_Rig/bee_0408_1_rev/cam1_2026-04-08_16-38-34.mp4,1139.5,1827.0,897,1504,1382,2150,0.84931225
239,/Volumes/SmithL0/2026/BIOL470/Final/Learning_Rig/bee_0408_1_rev/cam1_2026-04-08_16-38-34.mp4,1138.5,1825.0,898,1501,1379,2149,0.85236216
240,/Volumes/SmithL0/2026/BIOL470/Final/Learning_Rig/bee_0408_1_rev/cam1_2026-04-08_16-38-34.mp4,1138.0,1824.5,895,1501,1381,2148,0.84902287
241,/Volumes/SmithL0/2026/BIOL470/Final/Learning_Rig/bee_0408_1_rev/cam1_2026-04-08_16-38-34.mp4,1138.0,1824.0,896,1500,1380,2148,0.85240394
242,/Volumes/SmithL0/2026/BIOL470/Final/Learning_Rig/bee_0408_1_rev/cam1_2026-04-08_16-38-34.mp4,1139.5,1822.5,898,1498,1381,2147,0.8500266
243,/Volumes/SmithL0/2026/BIOL470/Final/Learning_Rig/bee_0408_1_rev/cam1_2026-04-08_16-38-34.mp4,1137.5,1822.5,897,1499,1378,2146,0.8514018
244,/Volumes/SmithL0/2026/BIOL470/Final/Learning_Rig/bee_0408_1_rev/cam1_2026-04-08_16-38-34.mp4,1139.0,1821.5,899,1497,1379,2146,0.8456116
245,/Volumes/SmithL0/2026/BIOL470/Final/Learning_Rig/bee_0408_1_rev/cam1_2026-04-08_16-38-34.mp4,1138.0,1821.5,898,1498,1378,2145,0.8424503
246,/Volumes/SmithL0/2026/BIOL470/Final/Learning_Rig/bee_0408_1_rev/cam1_2026-04-08_16-38-34.mp4,1139.0,1822.0,899,1499,1379,2145,0.8432778
247,/Volumes/SmithL0/2026/BIOL470/Final/Learning_Rig/bee_0408_1_rev/cam1_2026-04-08_16-38-34.mp4,1138.0,1821.5,898,1498,1378,2145,0.8451196
248,/Volumes/SmithL0/2026/BIOL470/Final/Learning_Rig/bee_0408_1_rev/cam1_2026-04-08_16-38-34.mp4,1140.0,1820.5,901,1498,1379,2143,0.8454333
249,/Volumes/SmithL0/2026/BIOL470/Final/Learning_Rig/bee_0408_1_rev/cam1_2026-04-08_16-38-34.mp4,1140.0,1821.5,901,1499,1379,2144,0.84847486
250,/Volumes/SmithL0/2026/BIOL470/Final/Learning_Rig/bee_0408_1_rev/cam1_2026-04-08_16-38-34.mp4,1140.5,1821.5,902,1498,1379,2145,0.84719545
251,/Volumes/SmithL0/2026/BIOL470/Final/Learning_Rig/bee_0408_1_rev/cam1_2026-04-08_16-38-34.mp4,1140.5,1821.5,902,1498,1379,2145,0.84777844
252,/Volumes/SmithL0/2026/BIOL470/Final/Learning_Rig/bee_0408_1_rev/cam1_2026-04-08_16-38-34.mp4,1139.0,1821.0,899,1498,1379,2144,0.84505683
253,/Volumes/SmithL0/2026/BIOL470/Final/Learning_Rig/bee_0408_1_rev/cam1_2026-04-08_16-38-34.mp4,1139.0,1820.5,899,1498,1379,2143,0.8482329
254,/Volumes/SmithL0/2026/BIOL470/Final/Learning_Rig/bee_0408_1_rev/cam1_2026-04-08_16-38-34.mp4,1139.5,1821.0,900,1498,1379,2144,0.84948444
255,/Volumes/SmithL0/2026/BIOL470/Final/Learning_Rig/bee_0408_1_rev/cam1_2026-04-08_16-38-34.mp4,1139.0,1821.0,900,1498,1378,2144,0.85305536
256,/Volumes/SmithL0/2026/BIOL470/Final/Learning_Rig/bee_0408_1_rev/cam1_2026-04-08_16-38-34.mp4,1139.5,1820.0,901,1497,1378,2143,0.8495147
257,/Volumes/SmithL0/2026/BIOL470/Final/Learning_Rig/bee_0408_1_rev/cam1_2026-04-08_16-38-34.mp4,1138.5,1820.0,899,1497,1378,2143,0.8478662
258,/Volumes/SmithL0/2026/BIOL470/Final/Learning_Rig/bee_0408_1_rev/cam1_2026-04-08_16-38-34.mp4,1138.5,1820.5,899,1498,1378,2143,0.84764826
259,/Volumes/SmithL0/2026/BIOL470/Final/Learning_Rig/bee_0408_1_rev/cam1_2026-04-08_16-38-34.mp4,1139.5,1819.5,900,1497,1379,2142,0.8448961
260,/Volumes/SmithL0/2026/BIOL470/Final/Learning_Rig/bee_0408_1_rev/cam1_2026-04-08_16-38-34.mp4,1139.5,1819.5,900,1497,1379,2142,0.845121
261,/Volumes/SmithL0/2026/BIOL470/Final/Learning_Rig/bee_0408_1_rev/cam1_2026-04-08_16-38-34.mp4,1139.5,1820.0,900,1498,1379,2142,0.8460127
262,/Volumes/SmithL0/2026/BIOL470/Final/Learning_Rig/bee_0408_1_rev/cam1_2026-04-08_16-38-34.mp4,1140.0,1820.5,901,1498,1379,2143,0.84577376
263,/Volumes/SmithL0/2026/BIOL470/Final/Learning_Rig/bee_0408_1_rev/cam1_2026-04-08_16-38-34.mp4,1140.5,1820.0,902,1498,1379,2142,0.84675884
264,/Volumes/SmithL0/2026/BIOL470/Final/Learning_Rig/bee_0408_1_rev/cam1_2026-04-08_16-38-34.mp4,1140.0,1819.5,901,1498,1379,2141,0.8461835
265,/Volumes/SmithL0/2026/BIOL470/Final/Learning_Rig/bee_0408_1_rev/cam1_2026-04-08_16-38-34.mp4,1138.5,1819.5,900,1497,1377,2142,0.84888905
266,/Volumes/SmithL0/2026/BIOL470/Final/Learning_Rig/bee_0408_1_rev/cam1_2026-04-08_16-38-34.mp4,1139.5,1819.5,901,1497,1378,2142,0.8492686
267,/Volumes/SmithL0/2026/BIOL470/Final/Learning_Rig/bee_0408_1_rev/cam1_2026-04-08_16-38-34.mp4,1139.5,1820.0,901,1498,1378,2142,0.8473668
268,/Volumes/SmithL0/2026/BIOL470/Final/Learning_Rig/bee_0408_1_rev/cam1_2026-04-08_16-38-34.mp4,1140.0,1820.0,902,1498,1378,2142,0.8479073
269,/Volumes/SmithL0/2026/BIOL470/Final/Learning_Rig/bee_0408_1_rev/cam1_2026-04-08_16-38-34.mp4,1140.0,1820.0,902,1497,1378,2143,0.84850746
270,/Volumes/SmithL0/2026/BIOL470/Final/Learning_Rig/bee_0408_1_rev/cam1_2026-04-08_16-38-34.mp4,1140.0,1820.0,902,1497,1378,2143,0.8444812
271,/Volumes/SmithL0/2026/BIOL470/Final/Learning_Rig/bee_0408_1_rev/cam1_2026-04-08_16-38-34.mp4,1139.0,1820.0,901,1498,1377,2142,0.8440258
272,/Volumes/SmithL0/2026/BIOL470/Final/Learning_Rig/bee_0408_1_rev/cam1_2026-04-08_16-38-34.mp4,1140.0,1819.5,903,1497,1377,2142,0.8460951
273,/Volumes/SmithL0/2026/BIOL470/Final/Learning_Rig/bee_0408_1_rev/cam1_2026-04-08_16-38-34.mp4,1140.0,1820.0,901,1498,1379,2142,0.84505904
274,/Volumes/SmithL0/2026/BIOL470/Final/Learning_Rig/bee_0408_1_rev/cam1_2026-04-08_16-38-34.mp4,1141.0,1819.5,903,1497,1379,2142,0.8424806
275,/Volumes/SmithL0/2026/BIOL470/Final/Learning_Rig/bee_0408_1_rev/cam1_2026-04-08_16-38-34.mp4,1140.5,1819.5,902,1497,1379,2142,0.84075326
276,/Volumes/SmithL0/2026/BIOL470/Final/Learning_Rig/bee_0408_1_rev/cam1_2026-04-08_16-38-34.mp4,1140.5,1818.5,903,1496,1378,2141,0.84420544
277,/Volumes/SmithL0/2026/BIOL470/Final/Learning_Rig/bee_0408_1_rev/cam1_2026-04-08_16-38-34.mp4,1139.5,1818.5,901,1496,1378,2141,0.84485847
278,/Volumes/SmithL0/2026/BIOL470/Final/Learning_Rig/bee_0408_1_rev/cam1_2026-04-08_16-38-34.mp4,1139.0,1818.5,900,1496,1378,2141,0.8452349
279,/Volumes/SmithL0/2026/BIOL470/Final/Learning_Rig/bee_0408_1_rev/cam1_2026-04-08_16-38-34.mp4,1139.0,1819.0,900,1497,1378,2141,0.844712
280,/Volumes/SmithL0/2026/BIOL470/Final/Learning_Rig/bee_0408_1_rev/cam1_2026-04-08_16-38-34.mp4,1138.0,1819.0,899,1497,1377,2141,0.84700304
281,/Volumes/SmithL0/2026/BIOL470/Final/Learning_Rig/bee_0408_1_rev/cam1_2026-04-08_16-38-34.mp4,1138.5,1818.5,900,1496,1377,2141,0.84927547
282,/Volumes/SmithL0/2026/BIOL470/Final/Learning_Rig/bee_0408_1_rev/cam1_2026-04-08_16-38-34.mp4,1138.0,1819.5,899,1497,1377,2142,0.848077
283,/Volumes/SmithL0/2026/BIOL470/Final/Learning_Rig/bee_0408_1_rev/cam1_2026-04-08_16-38-34.mp4,1139.5,1818.5,901,1496,1378,2141,0.84943026
284,/Volumes/SmithL0/2026/BIOL470/Final/Learning_Rig/bee_0408_1_rev/cam1_2026-04-08_16-38-34.mp4,1138.0,1819.0,899,1497,1377,2141,0.849945
285,/Volumes/SmithL0/2026/BIOL470/Final/Learning_Rig/bee_0408_1_rev/cam1_2026-04-08_16-38-34.mp4,1138.5,1819.0,900,1497,1377,2141,0.8506841
286,/Volumes/SmithL0/2026/BIOL470/Final/Learning_Rig/bee_0408_1_rev/cam1_2026-04-08_16-38-34.mp4,1139.0,1819.5,901,1497,1377,2142,0.84945816
287,/Volumes/SmithL0/2026/BIOL470/Final/Learning_Rig/bee_0408_1_rev/cam1_2026-04-08_16-38-34.mp4,1138.0,1819.5,899,1497,1377,2142,0.8481285
288,/Volumes/SmithL0/2026/BIOL470/Final/Learning_Rig/bee_0408_1_rev/cam1_2026-04-08_16-38-34.mp4,1139.0,1819.0,901,1497,1377,2141,0.8473654
289,/Volumes/SmithL0/2026/BIOL470/Final/Learning_Rig/bee_0408_1_rev/cam1_2026-04-08_16-38-34.mp4,1140.0,1819.0,903,1496,1377,2142,0.84649295
290,/Volumes/SmithL0/2026/BIOL470/Final/Learning_Rig/bee_0408_1_rev/cam1_2026-04-08_16-38-34.mp4,1140.5,1819.5,903,1497,1378,2142,0.8451766
291,/Volumes/SmithL0/2026/BIOL470/Final/Learning_Rig/bee_0408_1_rev/cam1_2026-04-08_16-38-34.mp4,1137.5,1819.5,898,1497,1377,2142,0.8478725
292,/Volumes/SmithL0/2026/BIOL470/Final/Learning_Rig/bee_0408_1_rev/cam1_2026-04-08_16-38-34.mp4,1138.5,1818.5,900,1496,1377,2141,0.84938306
293,/Volumes/SmithL0/2026/BIOL470/Final/Learning_Rig/bee_0408_1_rev/cam1_2026-04-08_16-38-34.mp4,1139.5,1818.5,902,1496,1377,2141,0.8506918
294,/Volumes/SmithL0/2026/BIOL470/Final/Learning_Rig/bee_0408_1_rev/cam1_2026-04-08_16-38-34.mp4,1139.5,1817.5,902,1495,1377,2140,0.85206854
295,/Volumes/SmithL0/2026/BIOL470/Final/Learning_Rig/bee_0408_1_rev/cam1_2026-04-08_16-38-34.mp4,1139.5,1818.5,901,1496,1378,2141,0.8488663
296,/Volumes/SmithL0/2026/BIOL470/Final/Learning_Rig/bee_0408_1_rev/cam1_2026-04-08_16-38-34.mp4,1139.5,1818.5,902,1496,1377,2141,0.85021234
297,/Volumes/SmithL0/2026/BIOL470/Final/Learning_Rig/bee_0408_1_rev/cam1_2026-04-08_16-38-34.mp4,1139.0,1818.5,901,1496,1377,2141,0.84857106
298,/Volumes/SmithL0/2026/BIOL470/Final/Learning_Rig/bee_0408_1_rev/cam1_2026-04-08_16-38-34.mp4,1140.0,1819.0,903,1496,1377,2142,0.85085195
299,/Volumes/SmithL0/2026/BIOL470/Final/Learning_Rig/bee_0408_1_rev/cam1_2026-04-08_16-38-34.mp4,1140.5,1819.0,903,1496,1378,2142,0.8484549
300,/Volumes/SmithL0/2026/BIOL470/Final/Learning_Rig/bee_0408_1_rev/cam1_2026-04-08_16-38-34.mp4,1140.5,1818.5,903,1496,1378,2141,0.84484154
301,/Volumes/SmithL0/2026/BIOL470/Final/Learning_Rig/bee_0408_1_rev/cam1_2026-04-08_16-38-34.mp4,1140.0,1818.0,902,1496,1378,2140,0.8417932
302,/Volumes/SmithL0/2026/BIOL470/Final/Learning_Rig/bee_0408_1_rev/cam1_2026-04-08_16-38-34.mp4,1139.5,1819.0,902,1497,1377,2141,0.8473422
303,/Volumes/SmithL0/2026/BIOL470/Final/Learning_Rig/bee_0408_1_rev/cam1_2026-04-08_16-38-34.mp4,1139.0,1819.5,901,1497,1377,2142,0.8503714
304,/Volumes/SmithL0/2026/BIOL470/Final/Learning_Rig/bee_0408_1_rev/cam1_2026-04-08_16-38-34.mp4,1139.5,1819.5,902,1498,1377,2141,0.84399277
305,/Volumes/SmithL0/2026/BIOL470/Final/Learning_Rig/bee_0408_1_rev/cam1_2026-04-08_16-38-34.mp4,1138.0,1819.0,899,1497,1377,2141,0.84689665
306,/Volumes/SmithL0/2026/BIOL470/Final/Learning_Rig/bee_0408_1_rev/cam1_2026-04-08_16-38-34.mp4,1139.0,1819.0,900,1497,1378,2141,0.8480764
307,/Volumes/SmithL0/2026/BIOL470/Final/Learning_Rig/bee_0408_1_rev/cam1_2026-04-08_16-38-34.mp4,1139.5,1819.5,901,1497,1378,2142,0.84992325
308,/Volumes/SmithL0/2026/BIOL470/Final/Learning_Rig/bee_0408_1_rev/cam1_2026-04-08_16-38-34.mp4,1139.5,1820.0,901,1498,1378,2142,0.8467267
309,/Volumes/SmithL0/2026/BIOL470/Final/Learning_Rig/bee_0408_1_rev/cam1_2026-04-08_16-38-34.mp4,1139.5,1819.5,901,1497,1378,2142,0.8470451
310,/Volumes/SmithL0/2026/BIOL470/Final/Learning_Rig/bee_0408_1_rev/cam1_2026-04-08_16-38-34.mp4,1139.5,1819.0,901,1497,1378,2141,0.8469302
311,/Volumes/SmithL0/2026/BIOL470/Final/Learning_Rig/bee_0408_1_rev/cam1_2026-04-08_16-38-34.mp4,1140.5,1819.0,903,1497,1378,2141,0.84597445
312,/Volumes/SmithL0/2026/BIOL470/Final/Learning_Rig/bee_0408_1_rev/cam1_2026-04-08_16-38-34.mp4,1140.0,1818.5,903,1496,1377,2141,0.8465714
313,/Volumes/SmithL0/2026/BIOL470/Final/Learning_Rig/bee_0408_1_rev/cam1_2026-04-08_16-38-34.mp4,1140.0,1819.0,903,1496,1377,2142,0.85065186
314,/Volumes/SmithL0/2026/BIOL470/Final/Learning_Rig/bee_0408_1_rev/cam1_2026-04-08_16-38-34.mp4,1140.0,1818.5,903,1496,1377,2141,0.8469243
315,/Volumes/SmithL0/2026/BIOL470/Final/Learning_Rig/bee_0408_1_rev/cam1_2026-04-08_16-38-34.mp4,1140.0,1818.0,903,1495,1377,2141,0.8475374
316,/Volumes/SmithL0/2026/BIOL470/Final/Learning_Rig/bee_0408_1_rev/cam1_2026-04-08_16-38-34.mp4,1140.0,1817.5,903,1495,1377,2140,0.8464553
317,/Volumes/SmithL0/2026/BIOL470/Final/Learning_Rig/bee_0408_1_rev/cam1_2026-04-08_16-38-34.mp4,1139.5,1818.0,902,1496,1377,2140,0.84798855
318,/Volumes/SmithL0/2026/BIOL470/Final/Learning_Rig/bee_0408_1_rev/cam1_2026-04-08_16-38-34.mp4,1140.0,1818.5,902,1496,1378,2141,0.84572464
319,/Volumes/SmithL0/2026/BIOL470/Final/Learning_Rig/bee_0408_1_rev/cam1_2026-04-08_16-38-34.mp4,1140.0,1818.0,903,1495,1377,2141,0.8454499
320,/Volumes/SmithL0/2026/BIOL470/Final/Learning_Rig/bee_0408_1_rev/cam1_2026-04-08_16-38-34.mp4,1140.5,1818.5,903,1496,1378,2141,0.846911
321,/Volumes/SmithL0/2026/BIOL470/Final/Learning_Rig/bee_0408_1_rev/cam1_2026-04-08_16-38-34.mp4,1139.0,1818.5,901,1496,1377,2141,0.8493602
322,/Volumes/SmithL0/2026/BIOL470/Final/Learning_Rig/bee_0408_1_rev/cam1_2026-04-08_16-38-34.mp4,1140.0,1819.0,902,1496,1378,2142,0.85059106
323,/Volumes/SmithL0/2026/BIOL470/Final/Learning_Rig/bee_0408_1_rev/cam1_2026-04-08_16-38-34.mp4,1139.5,1819.5,902,1497,1377,2142,0.84909
324,/Volumes/SmithL0/2026/BIOL470/Final/Learning_Rig/bee_0408_1_rev/cam1_2026-04-08_16-38-34.mp4,1140.0,1819.0,903,1497,1377,2141,0.8495605
325,/Volumes/SmithL0/2026/BIOL470/Final/Learning_Rig/bee_0408_1_rev/cam1_2026-04-08_16-38-34.mp4,1139.0,1819.5,901,1497,1377,2142,0.84675443
326,/Volumes/SmithL0/2026/BIOL470/Final/Learning_Rig/bee_0408_1_rev/cam1_2026-04-08_16-38-34.mp4,1140.5,1819.0,903,1496,1378,2142,0.84857535
327,/Volumes/SmithL0/2026/BIOL470/Final/Learning_Rig/bee_0408_1_rev/cam1_2026-04-08_16-38-34.mp4,1140.0,1819.0,902,1496,1378,2142,0.8494535
328,/Volumes/SmithL0/2026/BIOL470/Final/Learning_Rig/bee_0408_1_rev/cam1_2026-04-08_16-38-34.mp4,1138.5,1818.5,900,1496,1377,2141,0.8495975
329,/Volumes/SmithL0/2026/BIOL470/Final/Learning_Rig/bee_0408_1_rev/cam1_2026-04-08_16-38-34.mp4,1138.5,1818.5,900,1496,1377,2141,0.8502088
330,/Volumes/SmithL0/2026/BIOL470/Final/Learning_Rig/bee_0408_1_rev/cam1_2026-04-08_16-38-34.mp4,1140.0,1819.0,903,1496,1377,2142,0.84759855
331,/Volumes/SmithL0/2026/BIOL470/Final/Learning_Rig/bee_0408_1_rev/cam1_2026-04-08_16-38-34.mp4,1140.0,1819.5,902,1497,1378,2142,0.85072595
332,/Volumes/SmithL0/2026/BIOL470/Final/Learning_Rig/bee_0408_1_rev/cam1_2026-04-08_16-38-34.mp4,1140.0,1818.5,902,1496,1378,2141,0.84854054
333,/Volumes/SmithL0/2026/BIOL470/Final/Learning_Rig/bee_0408_1_rev/cam1_2026-04-08_16-38-34.mp4,1139.5,1818.5,902,1496,1377,2141,0.8510859
334,/Volumes/SmithL0/2026/BIOL470/Final/Learning_Rig/bee_0408_1_rev/cam1_2026-04-08_16-38-34.mp4,1140.0,1818.5,902,1496,1378,2141,0.84856355
335,/Volumes/SmithL0/2026/BIOL470/Final/Learning_Rig/bee_0408_1_rev/cam1_2026-04-08_16-38-34.mp4,1138.5,1818.0,900,1495,1377,2141,0.84807754
336,/Volumes/SmithL0/2026/BIOL470/Final/Learning_Rig/bee_0408_1_rev/cam1_2026-04-08_16-38-34.mp4,1138.5,1818.0,900,1496,1377,2140,0.84788007
337,/Volumes/SmithL0/2026/BIOL470/Final/Learning_Rig/bee_0408_1_rev/cam1_2026-04-08_16-38-34.mp4,1138.0,1819.0,899,1496,1377,2142,0.84940606
338,/Volumes/SmithL0/2026/BIOL470/Final/Learning_Rig/bee_0408_1_rev/cam1_2026-04-08_16-38-34.mp4,1139.0,1819.0,901,1497,1377,2141,0.848229
339,/Volumes/SmithL0/2026/BIOL470/Final/Learning_Rig/bee_0408_1_rev/cam1_2026-04-08_16-38-34.mp4,1139.0,1819.0,901,1497,1377,2141,0.8464839
340,/Volumes/SmithL0/2026/BIOL470/Final/Learning_Rig/bee_0408_1_rev/cam1_2026-04-08_16-38-34.mp4,1139.0,1818.5,901,1496,1377,2141,0.8467288
341,/Volumes/SmithL0/2026/BIOL470/Final/Learning_Rig/bee_0408_1_rev/cam1_2026-04-08_16-38-34.mp4,1139.0,1818.5,901,1496,1377,2141,0.84569305
342,/Volumes/SmithL0/2026/BIOL470/Final/Learning_Rig/bee_0408_1_rev/cam1_2026-04-08_16-38-34.mp4,1139.5,1819.0,901,1497,1378,2141,0.8466796
343,/Volumes/SmithL0/2026/BIOL470/Final/Learning_Rig/bee_0408_1_rev/cam1_2026-04-08_16-38-34.mp4,1139.5,1818.5,901,1496,1378,2141,0.84960884
344,/Volumes/SmithL0/2026/BIOL470/Final/Learning_Rig/bee_0408_1_rev/cam1_2026-04-08_16-38-34.mp4,1139.5,1819.0,901,1497,1378,2141,0.84799504
345,/Volumes/SmithL0/2026/BIOL470/Final/Learning_Rig/bee_0408_1_rev/cam1_2026-04-08_16-38-34.mp4,1139.5,1818.5,901,1496,1378,2141,0.8516712
346,/Volumes/SmithL0/2026/BIOL470/Final/Learning_Rig/bee_0408_1_rev/cam1_2026-04-08_16-38-34.mp4,1139.0,1818.5,900,1496,1378,2141,0.8515273
347,/Volumes/SmithL0/2026/BIOL470/Final/Learning_Rig/bee_0408_1_rev/cam1_2026-04-08_16-38-34.mp4,1139.0,1817.0,901,1495,1377,2139,0.84954435
348,/Volumes/SmithL0/2026/BIOL470/Final/Learning_Rig/bee_0408_1_rev/cam1_2026-04-08_16-38-34.mp4,1139.5,1818.0,902,1496,1377,2140,0.85116017
349,/Volumes/SmithL0/2026/BIOL470/Final/Learning_Rig/bee_0408_1_rev/cam1_2026-04-08_16-38-34.mp4,1139.5,1818.5,901,1496,1378,2141,0.85007584
350,/Volumes/SmithL0/2026/BIOL470/Final/Learning_Rig/bee_0408_1_rev/cam1_2026-04-08_16-38-34.mp4,1139.5,1818.0,902,1496,1377,2140,0.84763473
351,/Volumes/SmithL0/2026/BIOL470/Final/Learning_Rig/bee_0408_1_rev/cam1_2026-04-08_16-38-34.mp4,1138.5,1819.0,900,1497,1377,2141,0.8473986
352,/Volumes/SmithL0/2026/BIOL470/Final/Learning_Rig/bee_0408_1_rev/cam1_2026-04-08_16-38-34.mp4,1138.5,1819.0,900,1497,1377,2141,0.84693104
353,/Volumes/SmithL0/2026/BIOL470/Final/Learning_Rig/bee_0408_1_rev/cam1_2026-04-08_16-38-34.mp4,1138.0,1819.0,899,1497,1377,2141,0.8480877
354,/Volumes/SmithL0/2026/BIOL470/Final/Learning_Rig/bee_0408_1_rev/cam1_2026-04-08_16-38-34.mp4,1139.0,1819.5,901,1497,1377,2142,0.8514956
355,/Volumes/SmithL0/2026/BIOL470/Final/Learning_Rig/bee_0408_1_rev/cam1_2026-04-08_16-38-34.mp4,1138.0,1818.5,899,1496,1377,2141,0.85400444
356,/Volumes/SmithL0/2026/BIOL470/Final/Learning_Rig/bee_0408_1_rev/cam1_2026-04-08_16-38-34.mp4,1139.0,1817.5,901,1495,1377,2140,0.84996915
357,/Volumes/SmithL0/2026/BIOL470/Final/Learning_Rig/bee_0408_1_rev/cam1_2026-04-08_16-38-34.mp4,1139.0,1818.0,900,1495,1378,2141,0.8497206
358,/Volumes/SmithL0/2026/BIOL470/Final/Learning_Rig/bee_0408_1_rev/cam1_2026-04-08_16-38-34.mp4,1139.0,1818.0,901,1496,1377,2140,0.84705675
359,/Volumes/SmithL0/2026/BIOL470/Final/Learning_Rig/bee_0408_1_rev/cam1_2026-04-08_16-38-34.mp4,1140.0,1818.5,902,1496,1378,2141,0.8450654
360,/Volumes/SmithL0/2026/BIOL470/Final/Learning_Rig/bee_0408_1_rev/cam1_2026-04-08_16-38-34.mp4,1140.0,1818.5,902,1496,1378,2141,0.8449642
361,/Volumes/SmithL0/2026/BIOL470/Final/Learning_Rig/bee_0408_1_rev/cam1_2026-04-08_16-38-34.mp4,1140.0,1818.5,902,1496,1378,2141,0.845455
362,/Volumes/SmithL0/2026/BIOL470/Final/Learning_Rig/bee_0408_1_rev/cam1_2026-04-08_16-38-34.mp4,1140.0,1818.0,902,1496,1378,2140,0.84457046
363,/Volumes/SmithL0/2026/BIOL470/Final/Learning_Rig/bee_0408_1_rev/cam1_2026-04-08_16-38-34.mp4,1140.0,1819.0,902,1497,1378,2141,0.8466709
364,/Volumes/SmithL0/2026/BIOL470/Final/Learning_Rig/bee_0408_1_rev/cam1_2026-04-08_16-38-34.mp4,1140.5,1818.5,903,1497,1378,2140,0.8455783
365,/Volumes/SmithL0/2026/BIOL470/Final/Learning_Rig/bee_0408_1_rev/cam1_2026-04-08_16-38-34.mp4,1139.0,1818.5,902,1496,1376,2141,0.85008585
366,/Volumes/SmithL0/2026/BIOL470/Final/Learning_Rig/bee_0408_1_rev/cam1_2026-04-08_16-38-34.mp4,1140.0,1819.0,903,1496,1377,2142,0.8492814
367,/Volumes/SmithL0/2026/BIOL470/Final/Learning_Rig/bee_0408_1_rev/cam1_2026-04-08_16-38-34.mp4,1139.5,1818.5,902,1496,1377,2141,0.8481386
368,/Volumes/SmithL0/2026/BIOL470/Final/Learning_Rig/bee_0408_1_rev/cam1_2026-04-08_16-38-34.mp4,1139.5,1819.0,902,1497,1377,2141,0.8511465
369,/Volumes/SmithL0/2026/BIOL470/Final/Learning_Rig/bee_0408_1_rev/cam1_2026-04-08_16-38-34.mp4,1139.5,1819.5,902,1497,1377,2142,0.8491468
370,/Volumes/SmithL0/2026/BIOL470/Final/Learning_Rig/bee_0408_1_rev/cam1_2026-04-08_16-38-34.mp4,1139.5,1818.5,901,1497,1378,2140,0.8467354
371,/Volumes/SmithL0/2026/BIOL470/Final/Learning_Rig/bee_0408_1_rev/cam1_2026-04-08_16-38-34.mp4,1140.0,1819.0,902,1497,1378,2141,0.8438985
372,/Volumes/SmithL0/2026/BIOL470/Final/Learning_Rig/bee_0408_1_rev/cam1_2026-04-08_16-38-34.mp4,1140.5,1818.5,904,1497,1377,2140,0.84595424
373,/Volumes/SmithL0/2026/BIOL470/Final/Learning_Rig/bee_0408_1_rev/cam1_2026-04-08_16-38-34.mp4,1140.0,1819.0,902,1497,1378,2141,0.8458146
374,/Volumes/SmithL0/2026/BIOL470/Final/Learning_Rig/bee_0408_1_rev/cam1_2026-04-08_16-38-34.mp4,1140.0,1818.5,902,1497,1378,2140,0.84473205
375,/Volumes/SmithL0/2026/BIOL470/Final/Learning_Rig/bee_0408_1_rev/cam1_2026-04-08_16-38-34.mp4,1138.5,1819.0,900,1497,1377,2141,0.84620047
376,/Volumes/SmithL0/2026/BIOL470/Final/Learning_Rig/bee_0408_1_rev/cam1_2026-04-08_16-38-34.mp4,1139.5,1818.5,902,1497,1377,2140,0.84504455
377,/Volumes/SmithL0/2026/BIOL470/Final/Learning_Rig/bee_0408_1_rev/cam1_2026-04-08_16-38-34.mp4,1140.0,1818.0,902,1496,1378,2140,0.84458345
378,/Volumes/SmithL0/2026/BIOL470/Final/Learning_Rig/bee_0408_1_rev/cam1_2026-04-08_16-38-34.mp4,1139.5,1818.5,902,1496,1377,2141,0.8455852
379,/Volumes/SmithL0/2026/BIOL470/Final/Learning_Rig/bee_0408_1_rev/cam1_2026-04-08_16-38-34.mp4,1140.0,1818.5,902,1496,1378,2141,0.845162
380,/Volumes/SmithL0/2026/BIOL470/Final/Learning_Rig/bee_0408_1_rev/cam1_2026-04-08_16-38-34.mp4,1139.5,1818.5,902,1496,1377,2141,0.84721
381,/Volumes/SmithL0/2026/BIOL470/Final/Learning_Rig/bee_0408_1_rev/cam1_2026-04-08_16-38-34.mp4,1139.5,1818.5,902,1496,1377,2141,0.8455745
382,/Volumes/SmithL0/2026/BIOL470/Final/Learning_Rig/bee_0408_1_rev/cam1_2026-04-08_16-38-34.mp4,1140.5,1818.0,904,1496,1377,2140,0.84598637
383,/Volumes/SmithL0/2026/BIOL470/Final/Learning_Rig/bee_0408_1_rev/cam1_2026-04-08_16-38-34.mp4,1140.0,1817.5,903,1495,1377,2140,0.8470097
384,/Volumes/SmithL0/2026/BIOL470/Final/Learning_Rig/bee_0408_1_rev/cam1_2026-04-08_16-38-34.mp4,1140.0,1818.0,902,1496,1378,2140,0.84662205
385,/Volumes/SmithL0/2026/BIOL470/Final/Learning_Rig/bee_0408_1_rev/cam1_2026-04-08_16-38-34.mp4,1139.5,1818.0,901,1496,1378,2140,0.8460899
386,/Volumes/SmithL0/2026/BIOL470/Final/Learning_Rig/bee_0408_1_rev/cam1_2026-04-08_16-38-34.mp4,1140.5,1818.0,903,1496,1378,2140,0.8471421
387,/Volumes/SmithL0/2026/BIOL470/Final/Learning_Rig/bee_0408_1_rev/cam1_2026-04-08_16-38-34.mp4,1140.0,1818.5,902,1496,1378,2141,0.84679264
388,/Volumes/SmithL0/2026/BIOL470/Final/Learning_Rig/bee_0408_1_rev/cam1_2026-04-08_16-38-34.mp4,1140.0,1818.5,902,1496,1378,2141,0.8487925
389,/Volumes/SmithL0/2026/BIOL470/Final/Learning_Rig/bee_0408_1_rev/cam1_2026-04-08_16-38-34.mp4,1140.0,1818.0,903,1495,1377,2141,0.84844106
390,/Volumes/SmithL0/2026/BIOL470/Final/Learning_Rig/bee_0408_1_rev/cam1_2026-04-08_16-38-34.mp4,1140.0,1818.0,902,1496,1378,2140,0.84601146
391,/Volumes/SmithL0/2026/BIOL470/Final/Learning_Rig/bee_0408_1_rev/cam1_2026-04-08_16-38-34.mp4,1138.5,1818.5,900,1496,1377,2141,0.8463426
392,/Volumes/SmithL0/2026/BIOL470/Final/Learning_Rig/bee_0408_1_rev/cam1_2026-04-08_16-38-34.mp4,1139.5,1818.5,902,1496,1377,2141,0.8471204
393,/Volumes/SmithL0/2026/BIOL470/Final/Learning_Rig/bee_0408_1_rev/cam1_2026-04-08_16-38-34.mp4,1139.0,1818.5,901,1496,1377,2141,0.8478006
394,/Volumes/SmithL0/2026/BIOL470/Final/Learning_Rig/bee_0408_1_rev/cam1_2026-04-08_16-38-34.mp4,1140.0,1818.5,902,1496,1378,2141,0.84616065
395,/Volumes/SmithL0/2026/BIOL470/Final/Learning_Rig/bee_0408_1_rev/cam1_2026-04-08_16-38-34.mp4,1139.5,1818.5,901,1497,1378,2140,0.8472731
396,/Volumes/SmithL0/2026/BIOL470/Final/Learning_Rig/bee_0408_1_rev/cam1_2026-04-08_16-38-34.mp4,1140.0,1818.0,902,1496,1378,2140,0.84688145
397,/Volumes/SmithL0/2026/BIOL470/Final/Learning_Rig/bee_0408_1_rev/cam1_2026-04-08_16-38-34.mp4,1140.5,1818.0,903,1496,1378,2140,0.8469842
398,/Volumes/SmithL0/2026/BIOL470/Final/Learning_Rig/bee_0408_1_rev/cam1_2026-04-08_16-38-34.mp4,1141.0,1818.5,904,1496,1378,2141,0.8468647
399,/Volumes/SmithL0/2026/BIOL470/Final/Learning_Rig/bee_0408_1_rev/cam1_2026-04-08_16-38-34.mp4,1141.0,1818.5,904,1496,1378,2141,0.84370357
400,/Volumes/SmithL0/2026/BIOL470/Final/Learning_Rig/bee_0408_1_rev/cam1_2026-04-08_16-38-34.mp4,1140.5,1818.5,903,1496,1378,2141,0.8471494
401,/Volumes/SmithL0/2026/BIOL470/Final/Learning_Rig/bee_0408_1_rev/cam1_2026-04-08_16-38-34.mp4,1140.5,1818.5,903,1496,1378,2141,0.8475969
402,/Volumes/SmithL0/2026/BIOL470/Final/Learning_Rig/bee_0408_1_rev/cam1_2026-04-08_16-38-34.mp4,1139.5,1817.0,902,1495,1377,2139,0.8459218
403,/Volumes/SmithL0/2026/BIOL470/Final/Learning_Rig/bee_0408_1_rev/cam1_2026-04-08_16-38-34.mp4,1139.5,1818.0,901,1496,1378,2140,0.84809315
404,/Volumes/SmithL0/2026/BIOL470/Final/Learning_Rig/bee_0408_1_rev/cam1_2026-04-08_16-38-34.mp4,1139.5,1818.5,901,1496,1378,2141,0.84724534
405,/Volumes/SmithL0/2026/BIOL470/Final/Learning_Rig/bee_0408_1_rev/cam1_2026-04-08_16-38-34.mp4,1139.0,1818.5,901,1496,1377,2141,0.8464421
406,/Volumes/SmithL0/2026/BIOL470/Final/Learning_Rig/bee_0408_1_rev/cam1_2026-04-08_16-38-34.mp4,1139.5,1818.0,902,1496,1377,2140,0.8476488
407,/Volumes/SmithL0/2026/BIOL470/Final/Learning_Rig/bee_0408_1_rev/cam1_2026-04-08_16-38-34.mp4,1139.5,1817.5,901,1495,1378,2140,0.8460618
408,/Volumes/SmithL0/2026/BIOL470/Final/Learning_Rig/bee_0408_1_rev/cam1_2026-04-08_16-38-34.mp4,1140.5,1818.0,903,1496,1378,2140,0.84839034
409,/Volumes/SmithL0/2026/BIOL470/Final/Learning_Rig/bee_0408_1_rev/cam1_2026-04-08_16-38-34.mp4,1139.5,1817.0,902,1494,1377,2140,0.8470776
410,/Volumes/SmithL0/2026/BIOL470/Final/Learning_Rig/bee_0408_1_rev/cam1_2026-04-08_16-38-34.mp4,1140.5,1817.0,903,1494,1378,2140,0.8473956
411,/Volumes/SmithL0/2026/BIOL470/Final/Learning_Rig/bee_0408_1_rev/cam1_2026-04-08_16-38-34.mp4,1140.0,1817.0,903,1494,1377,2140,0.8475139
412,/Volumes/SmithL0/2026/BIOL470/Final/Learning_Rig/bee_0408_1_rev/cam1_2026-04-08_16-38-34.mp4,1139.5,1817.5,902,1495,1377,2140,0.8457473
413,/Volumes/SmithL0/2026/BIOL470/Final/Learning_Rig/bee_0408_1_rev/cam1_2026-04-08_16-38-34.mp4,1139.5,1818.0,902,1496,1377,2140,0.8468748
414,/Volumes/SmithL0/2026/BIOL470/Final/Learning_Rig/bee_0408_1_rev/cam1_2026-04-08_16-38-34.mp4,1139.5,1818.0,901,1496,1378,2140,0.84573555
415,/Volumes/SmithL0/2026/BIOL470/Final/Learning_Rig/bee_0408_1_rev/cam1_2026-04-08_16-38-34.mp4,1139.0,1817.5,900,1495,1378,2140,0.84617084
416,/Volumes/SmithL0/2026/BIOL470/Final/Learning_Rig/bee_0408_1_rev/cam1_2026-04-08_16-38-34.mp4,1139.5,1818.0,901,1495,1378,2141,0.8463172
417,/Volumes/SmithL0/2026/BIOL470/Final/Learning_Rig/bee_0408_1_rev/cam1_2026-04-08_16-38-34.mp4,1139.0,1817.5,901,1495,1377,2140,0.8485389
418,/Volumes/SmithL0/2026/BIOL470/Final/Learning_Rig/bee_0408_1_rev/cam1_2026-04-08_16-38-34.mp4,1140.5,1818.0,903,1496,1378,2140,0.8462821
419,/Volumes/SmithL0/2026/BIOL470/Final/Learning_Rig/bee_0408_1_rev/cam1_2026-04-08_16-38-34.mp4,1140.0,1818.5,902,1496,1378,2141,0.84729975
420,/Volumes/SmithL0/2026/BIOL470/Final/Learning_Rig/bee_0408_1_rev/cam1_2026-04-08_16-38-34.mp4,1140.5,1818.5,903,1496,1378,2141,0.84555376
421,/Volumes/SmithL0/2026/BIOL470/Final/Learning_Rig/bee_0408_1_rev/cam1_2026-04-08_16-38-34.mp4,1140.5,1818.0,903,1495,1378,2141,0.8437238
422,/Volumes/SmithL0/2026/BIOL470/Final/Learning_Rig/bee_0408_1_rev/cam1_2026-04-08_16-38-34.mp4,1140.5,1817.5,902,1495,1379,2140,0.84588957
423,/Volumes/SmithL0/2026/BIOL470/Final/Learning_Rig/bee_0408_1_rev/cam1_2026-04-08_16-38-34.mp4,1139.0,1817.5,899,1495,1379,2140,0.8469246
424,/Volumes/SmithL0/2026/BIOL470/Final/Learning_Rig/bee_0408_1_rev/cam1_2026-04-08_16-38-34.mp4,1140.0,1817.5,901,1495,1379,2140,0.8455636
425,/Volumes/SmithL0/2026/BIOL470/Final/Learning_Rig/bee_0408_1_rev/cam1_2026-04-08_16-38-34.mp4,1140.0,1818.0,901,1495,1379,2141,0.84643143
426,/Volumes/SmithL0/2026/BIOL470/Final/Learning_Rig/bee_0408_1_rev/cam1_2026-04-08_16-38-34.mp4,1139.5,1818.0,900,1496,1379,2140,0.8459529
427,/Volumes/SmithL0/2026/BIOL470/Final/Learning_Rig/bee_0408_1_rev/cam1_2026-04-08_16-38-34.mp4,1139.0,1817.5,900,1495,1378,2140,0.8462734
428,/Volumes/SmithL0/2026/BIOL470/Final/Learning_Rig/bee_0408_1_rev/cam1_2026-04-08_16-38-34.mp4,1140.0,1818.0,902,1495,1378,2141,0.84605557
429,/Volumes/SmithL0/2026/BIOL470/Final/Learning_Rig/bee_0408_1_rev/cam1_2026-04-08_16-38-34.mp4,1140.0,1817.5,902,1495,1378,2140,0.847746
430,/Volumes/SmithL0/2026/BIOL470/Final/Learning_Rig/bee_0408_1_rev/cam1_2026-04-08_16-38-34.mp4,1140.5,1818.0,903,1496,1378,2140,0.84709316
431,/Volumes/SmithL0/2026/BIOL470/Final/Learning_Rig/bee_0408_1_rev/cam1_2026-04-08_16-38-34.mp4,1139.0,1818.0,900,1496,1378,2140,0.8472259
432,/Volumes/SmithL0/2026/BIOL470/Final/Learning_Rig/bee_0408_1_rev/cam1_2026-04-08_16-38-34.mp4,1139.0,1817.5,901,1495,1377,2140,0.84503776
433,/Volumes/SmithL0/2026/BIOL470/Final/Learning_Rig/bee_0408_1_rev/cam1_2026-04-08_16-38-34.mp4,1138.0,1817.5,899,1495,1377,2140,0.84724045
434,/Volumes/SmithL0/2026/BIOL470/Final/Learning_Rig/bee_0408_1_rev/cam1_2026-04-08_16-38-34.mp4,1139.5,1817.5,902,1495,1377,2140,0.8445019
435,/Volumes/SmithL0/2026/BIOL470/Final/Learning_Rig/bee_0408_1_rev/cam1_2026-04-08_16-38-34.mp4,1139.5,1817.5,902,1495,1377,2140,0.84485954
436,/Volumes/SmithL0/2026/BIOL470/Final/Learning_Rig/bee_0408_1_rev/cam1_2026-04-08_16-38-34.mp4,1139.5,1817.5,902,1495,1377,2140,0.84625775
437,/Volumes/SmithL0/2026/BIOL470/Final/Learning_Rig/bee_0408_1_rev/cam1_2026-04-08_16-38-34.mp4,1139.0,1816.5,901,1494,1377,2139,0.84676313
438,/Volumes/SmithL0/2026/BIOL470/Final/Learning_Rig/bee_0408_1_rev/cam1_2026-04-08_16-38-34.mp4,1139.0,1817.5,901,1495,1377,2140,0.84688914
439,/Volumes/SmithL0/2026/BIOL470/Final/Learning_Rig/bee_0408_1_rev/cam1_2026-04-08_16-38-34.mp4,1138.5,1817.0,900,1494,1377,2140,0.8469387
440,/Volumes/SmithL0/2026/BIOL470/Final/Learning_Rig/bee_0408_1_rev/cam1_2026-04-08_16-38-34.mp4,1139.5,1817.5,902,1495,1377,2140,0.8460438
441,/Volumes/SmithL0/2026/BIOL470/Final/Learning_Rig/bee_0408_1_rev/cam1_2026-04-08_16-38-34.mp4,1139.5,1818.0,902,1495,1377,2141,0.84679615
442,/Volumes/SmithL0/2026/BIOL470/Final/Learning_Rig/bee_0408_1_rev/cam1_2026-04-08_16-38-34.mp4,1140.0,1818.0,902,1495,1378,2141,0.84659666
443,/Volumes/SmithL0/2026/BIOL470/Final/Learning_Rig/bee_0408_1_rev/cam1_2026-04-08_16-38-34.mp4,1138.5,1818.0,899,1496,1378,2140,0.84583
444,/Volumes/SmithL0/2026/BIOL470/Final/Learning_Rig/bee_0408_1_rev/cam1_2026-04-08_16-38-34.mp4,1139.5,1817.5,901,1495,1378,2140,0.84407735
445,/Volumes/SmithL0/2026/BIOL470/Final/Learning_Rig/bee_0408_1_rev/cam1_2026-04-08_16-38-34.mp4,1139.5,1817.0,902,1495,1377,2139,0.8453685
446,/Volumes/SmithL0/2026/BIOL470/Final/Learning_Rig/bee_0408_1_rev/cam1_2026-04-08_16-38-34.mp4,1139.0,1818.0,901,1496,1377,2140,0.8451901
447,/Volumes/SmithL0/2026/BIOL470/Final/Learning_Rig/bee_0408_1_rev/cam1_2026-04-08_16-38-34.mp4,1139.0,1818.0,901,1496,1377,2140,0.8450852
448,/Volumes/SmithL0/2026/BIOL470/Final/Learning_Rig/bee_0408_1_rev/cam1_2026-04-08_16-38-34.mp4,1139.5,1817.5,902,1495,1377,2140,0.84559053
449,/Volumes/SmithL0/2026/BIOL470/Final/Learning_Rig/bee_0408_1_rev/cam1_2026-04-08_16-38-34.mp4,1139.0,1817.5,901,1495,1377,2140,0.84399974
450,/Volumes/SmithL0/2026/BIOL470/Final/Learning_Rig/bee_0408_1_rev/cam1_2026-04-08_16-38-34.mp4,1139.5,1818.0,901,1495,1378,2141,0.8447405
451,/Volumes/SmithL0/2026/BIOL470/Final/Learning_Rig/bee_0408_1_rev/cam1_2026-04-08_16-38-34.mp4,1139.0,1818.0,900,1495,1378,2141,0.843285
452,/Volumes/SmithL0/2026/BIOL470/Final/Learning_Rig/bee_0408_1_rev/cam1_2026-04-08_16-38-34.mp4,1140.0,1817.5,902,1495,1378,2140,0.8434005
453,/Volumes/SmithL0/2026/BIOL470/Final/Learning_Rig/bee_0408_1_rev/cam1_2026-04-08_16-38-34.mp4,1139.0,1817.0,901,1495,1377,2139,0.8447518
454,/Volumes/SmithL0/2026/BIOL470/Final/Learning_Rig/bee_0408_1_rev/cam1_2026-04-08_16-38-34.mp4,1140.0,1817.5,903,1495,1377,2140,0.84573764
455,/Volumes/SmithL0/2026/BIOL470/Final/Learning_Rig/bee_0408_1_rev/cam1_2026-04-08_16-38-34.mp4,1140.0,1818.0,902,1496,1378,2140,0.8463967
456,/Volumes/SmithL0/2026/BIOL470/Final/Learning_Rig/bee_0408_1_rev/cam1_2026-04-08_16-38-34.mp4,1140.5,1818.0,903,1496,1378,2140,0.8461338
457,/Volumes/SmithL0/2026/BIOL470/Final/Learning_Rig/bee_0408_1_rev/cam1_2026-04-08_16-38-34.mp4,1140.0,1818.0,902,1496,1378,2140,0.8461295
458,/Volumes/SmithL0/2026/BIOL470/Final/Learning_Rig/bee_0408_1_rev/cam1_2026-04-08_16-38-34.mp4,1139.5,1817.5,901,1495,1378,2140,0.8456712
459,/Volumes/SmithL0/2026/BIOL470/Final/Learning_Rig/bee_0408_1_rev/cam1_2026-04-08_16-38-34.mp4,1138.0,1817.5,899,1495,1377,2140,0.8465785
460,/Volumes/SmithL0/2026/BIOL470/Final/Learning_Rig/bee_0408_1_rev/cam1_2026-04-08_16-38-34.mp4,1140.0,1818.5,902,1496,1378,2141,0.8457344
461,/Volumes/SmithL0/2026/BIOL470/Final/Learning_Rig/bee_0408_1_rev/cam1_2026-04-08_16-38-34.mp4,1140.0,1819.0,902,1496,1378,2142,0.84555924
462,/Volumes/SmithL0/2026/BIOL470/Final/Learning_Rig/bee_0408_1_rev/cam1_2026-04-08_16-38-34.mp4,1140.0,1818.5,902,1495,1378,2142,0.8459905
463,/Volumes/SmithL0/2026/BIOL470/Final/Learning_Rig/bee_0408_1_rev/cam1_2026-04-08_16-38-34.mp4,1140.5,1817.5,902,1495,1379,2140,0.8450867
464,/Volumes/SmithL0/2026/BIOL470/Final/Learning_Rig/bee_0408_1_rev/cam1_2026-04-08_16-38-34.mp4,1140.0,1817.5,901,1495,1379,2140,0.84508425
465,/Volumes/SmithL0/2026/BIOL470/Final/Learning_Rig/bee_0408_1_rev/cam1_2026-04-08_16-38-34.mp4,1140.0,1817.0,901,1494,1379,2140,0.84453285
466,/Volumes/SmithL0/2026/BIOL470/Final/Learning_Rig/bee_0408_1_rev/cam1_2026-04-08_16-38-34.mp4,1140.0,1817.0,901,1494,1379,2140,0.8458463
467,/Volumes/SmithL0/2026/BIOL470/Final/Learning_Rig/bee_0408_1_rev/cam1_2026-04-08_16-38-34.mp4,1140.0,1818.0,902,1495,1378,2141,0.84527653
468,/Volumes/SmithL0/2026/BIOL470/Final/Learning_Rig/bee_0408_1_rev/cam1_2026-04-08_16-38-34.mp4,1140.5,1817.5,903,1494,1378,2141,0.8461796
469,/Volumes/SmithL0/2026/BIOL470/Final/Learning_Rig/bee_0408_1_rev/cam1_2026-04-08_16-38-34.mp4,1140.0,1817.0,902,1494,1378,2140,0.8464968
470,/Volumes/SmithL0/2026/BIOL470/Final/Learning_Rig/bee_0408_1_rev/cam1_2026-04-08_16-38-34.mp4,1141.0,1817.0,903,1494,1379,2140,0.8444395
471,/Volumes/SmithL0/2026/BIOL470/Final/Learning_Rig/bee_0408_1_rev/cam1_2026-04-08_16-38-34.mp4,1139.5,1817.0,900,1494,1379,2140,0.84353286
472,/Volumes/SmithL0/2026/BIOL470/Final/Learning_Rig/bee_0408_1_rev/cam1_2026-04-08_16-38-34.mp4,1140.0,1818.0,901,1495,1379,2141,0.8465359
473,/Volumes/SmithL0/2026/BIOL470/Final/Learning_Rig/bee_0408_1_rev/cam1_2026-04-08_16-38-34.mp4,1139.0,1818.5,900,1495,1378,2142,0.84728795
474,/Volumes/SmithL0/2026/BIOL470/Final/Learning_Rig/bee_0408_1_rev/cam1_2026-04-08_16-38-34.mp4,1138.5,1819.0,899,1496,1378,2142,0.84597164
475,/Volumes/SmithL0/2026/BIOL470/Final/Learning_Rig/bee_0408_1_rev/cam1_2026-04-08_16-38-34.mp4,1138.5,1819.0,899,1496,1378,2142,0.84416497
476,/Volumes/SmithL0/2026/BIOL470/Final/Learning_Rig/bee_0408_1_rev/cam1_2026-04-08_16-38-34.mp4,1140.0,1818.5,902,1496,1378,2141,0.8424114
477,/Volumes/SmithL0/2026/BIOL470/Final/Learning_Rig/bee_0408_1_rev/cam1_2026-04-08_16-38-34.mp4,1140.0,1818.0,902,1495,1378,2141,0.8451551
478,/Volumes/SmithL0/2026/BIOL470/Final/Learning_Rig/bee_0408_1_rev/cam1_2026-04-08_16-38-34.mp4,1140.0,1818.5,902,1496,1378,2141,0.84292257
479,/Volumes/SmithL0/2026/BIOL470/Final/Learning_Rig/bee_0408_1_rev/cam1_2026-04-08_16-38-34.mp4,1140.0,1818.0,902,1495,1378,2141,0.84380066
480,/Volumes/SmithL0/2026/BIOL470/Final/Learning_Rig/bee_0408_1_rev/cam1_2026-04-08_16-38-34.mp4,1140.5,1818.0,902,1495,1379,2141,0.84595823
481,/Volumes/SmithL0/2026/BIOL470/Final/Learning_Rig/bee_0408_1_rev/cam1_2026-04-08_16-38-34.mp4,1140.5,1818.0,903,1495,1378,2141,0.8458348
482,/Volumes/SmithL0/2026/BIOL470/Final/Learning_Rig/bee_0408_1_rev/cam1_2026-04-08_16-38-34.mp4,1141.0,1817.5,904,1494,1378,2141,0.8462498
483,/Volumes/SmithL0/2026/BIOL470/Final/Learning_Rig/bee_0408_1_rev/cam1_2026-04-08_16-38-34.mp4,1140.5,1817.5,903,1494,1378,2141,0.84627026
484,/Volumes/SmithL0/2026/BIOL470/Final/Learning_Rig/bee_0408_1_rev/cam1_2026-04-08_16-38-34.mp4,1140.5,1817.0,902,1494,1379,2140,0.8444929
485,/Volumes/SmithL0/2026/BIOL470/Final/Learning_Rig/bee_0408_1_rev/cam1_2026-04-08_16-38-34.mp4,1140.5,1817.0,903,1494,1378,2140,0.84582865
486,/Volumes/SmithL0/2026/BIOL470/Final/Learning_Rig/bee_0408_1_rev/cam1_2026-04-08_16-38-34.mp4,1141.0,1817.5,903,1495,1379,2140,0.8437108
487,/Volumes/SmithL0/2026/BIOL470/Final/Learning_Rig/bee_0408_1_rev/cam1_2026-04-08_16-38-34.mp4,1141.0,1817.5,903,1495,1379,2140,0.84532374
488,/Volumes/SmithL0/2026/BIOL470/Final/Learning_Rig/bee_0408_1_rev/cam1_2026-04-08_16-38-34.mp4,1141.5,1817.0,904,1494,1379,2140,0.84511584
489,/Volumes/SmithL0/2026/BIOL470/Final/Learning_Rig/bee_0408_1_rev/cam1_2026-04-08_16-38-34.mp4,1141.0,1817.5,904,1495,1378,2140,0.84445864
490,/Volumes/SmithL0/2026/BIOL470/Final/Learning_Rig/bee_0408_1_rev/cam1_2026-04-08_16-38-34.mp4,1141.0,1817.5,904,1495,1378,2140,0.84440863
491,/Volumes/SmithL0/2026/BIOL470/Final/Learning_Rig/bee_0408_1_rev/cam1_2026-04-08_16-38-34.mp4,1141.0,1817.5,904,1495,1378,2140,0.84680724
492,/Volumes/SmithL0/2026/BIOL470/Final/Learning_Rig/bee_0408_1_rev/cam1_2026-04-08_16-38-34.mp4,1141.0,1816.0,904,1493,1378,2139,0.8468253
493,/Volumes/SmithL0/2026/BIOL470/Final/Learning_Rig/bee_0408_1_rev/cam1_2026-04-08_16-38-34.mp4,1140.5,1817.5,902,1495,1379,2140,0.84678286
494,/Volumes/SmithL0/2026/BIOL470/Final/Learning_Rig/bee_0408_1_rev/cam1_2026-04-08_16-38-34.mp4,1141.0,1816.5,904,1493,1378,2140,0.845866
495,/Volumes/SmithL0/2026/BIOL470/Final/Learning_Rig/bee_0408_1_rev/cam1_2026-04-08_16-38-34.mp4,1141.5,1816.5,904,1494,1379,2139,0.8453227
496,/Volumes/SmithL0/2026/BIOL470/Final/Learning_Rig/bee_0408_1_rev/cam1_2026-04-08_16-38-34.mp4,1141.5,1816.5,904,1494,1379,2139,0.84381604
497,/Volumes/SmithL0/2026/BIOL470/Final/Learning_Rig/bee_0408_1_rev/cam1_2026-04-08_16-38-34.mp4,1142.0,1817.0,905,1494,1379,2140,0.8450654
498,/Volumes/SmithL0/2026/BIOL470/Final/Learning_Rig/bee_0408_1_rev/cam1_2026-04-08_16-38-34.mp4,1141.0,1817.5,903,1495,1379,2140,0.844332
499,/Volumes/SmithL0/2026/BIOL470/Final/Learning_Rig/bee_0408_1_rev/cam1_2026-04-08_16-38-34.mp4,1140.0,1817.0,902,1494,1378,2140,0.8445572
500,/Volumes/SmithL0/2026/BIOL470/Final/Learning_Rig/bee_0408_1_rev/cam1_2026-04-08_16-38-34.mp4,1140.5,1818.5,902,1495,1379,2142,0.84498817
501,/Volumes/SmithL0/2026/BIOL470/Final/Learning_Rig/bee_0408_1_rev/cam1_2026-04-08_16-38-34.mp4,1140.5,1818.5,902,1495,1379,2142,0.8440475
502,/Volumes/SmithL0/2026/BIOL470/Final/Learning_Rig/bee_0408_1_rev/cam1_2026-04-08_16-38-34.mp4,1140.5,1818.0,902,1495,1379,2141,0.8445695
503,/Volumes/SmithL0/2026/BIOL470/Final/Learning_Rig/bee_0408_1_rev/cam1_2026-04-08_16-38-34.mp4,1141.5,1818.0,903,1495,1380,2141,0.84355366
504,/Volumes/SmithL0/2026/BIOL470/Final/Learning_Rig/bee_0408_1_rev/cam1_2026-04-08_16-38-34.mp4,1141.0,1817.5,903,1494,1379,2141,0.8423712
505,/Volumes/SmithL0/2026/BIOL470/Final/Learning_Rig/bee_0408_1_rev/cam1_2026-04-08_16-38-34.mp4,1141.5,1817.5,904,1494,1379,2141,0.8448698
506,/Volumes/SmithL0/2026/BIOL470/Final/Learning_Rig/bee_0408_1_rev/cam1_2026-04-08_16-38-34.mp4,1141.5,1818.0,904,1495,1379,2141,0.8452074
507,/Volumes/SmithL0/2026/BIOL470/Final/Learning_Rig/bee_0408_1_rev/cam1_2026-04-08_16-38-34.mp4,1142.0,1817.0,905,1495,1379,2139,0.8426965
508,/Volumes/SmithL0/2026/BIOL470/Final/Learning_Rig/bee_0408_1_rev/cam1_2026-04-08_16-38-34.mp4,1142.0,1818.0,905,1495,1379,2141,0.8447207
509,/Volumes/SmithL0/2026/BIOL470/Final/Learning_Rig/bee_0408_1_rev/cam1_2026-04-08_16-38-34.mp4,1142.0,1817.0,904,1494,1380,2140,0.8438859
510,/Volumes/SmithL0/2026/BIOL470/Final/Learning_Rig/bee_0408_1_rev/cam1_2026-04-08_16-38-34.mp4,1141.0,1817.0,903,1494,1379,2140,0.84574246
511,/Volumes/SmithL0/2026/BIOL470/Final/Learning_Rig/bee_0408_1_rev/cam1_2026-04-08_16-38-34.mp4,1140.5,1817.0,902,1494,1379,2140,0.84233457
512,/Volumes/SmithL0/2026/BIOL470/Final/Learning_Rig/bee_0408_1_rev/cam1_2026-04-08_16-38-34.mp4,1139.5,1817.5,901,1494,1378,2141,0.84474945
513,/Volumes/SmithL0/2026/BIOL470/Final/Learning_Rig/bee_0408_1_rev/cam1_2026-04-08_16-38-34.mp4,1140.0,1818.0,902,1495,1378,2141,0.84449995
514,/Volumes/SmithL0/2026/BIOL470/Final/Learning_Rig/bee_0408_1_rev/cam1_2026-04-08_16-38-34.mp4,1140.0,1817.5,902,1494,1378,2141,0.8421719
515,/Volumes/SmithL0/2026/BIOL470/Final/Learning_Rig/bee_0408_1_rev/cam1_2026-04-08_16-38-34.mp4,1141.0,1818.0,903,1495,1379,2141,0.8439802
516,/Volumes/SmithL0/2026/BIOL470/Final/Learning_Rig/bee_0408_1_rev/cam1_2026-04-08_16-38-34.mp4,1140.5,1818.0,902,1495,1379,2141,0.84477496
517,/Volumes/SmithL0/2026/BIOL470/Final/Learning_Rig/bee_0408_1_rev/cam1_2026-04-08_16-38-34.mp4,1141.5,1817.5,904,1494,1379,2141,0.8435162
518,/Volumes/SmithL0/2026/BIOL470/Final/Learning_Rig/bee_0408_1_rev/cam1_2026-04-08_16-38-34.mp4,1140.5,1818.0,902,1495,1379,2141,0.84258187
519,/Volumes/SmithL0/2026/BIOL470/Final/Learning_Rig/bee_0408_1_rev/cam1_2026-04-08_16-38-34.mp4,1140.0,1817.0,901,1494,1379,2140,0.84262514
520,/Volumes/SmithL0/2026/BIOL470/Final/Learning_Rig/bee_0408_1_rev/cam1_2026-04-08_16-38-34.mp4,1139.5,1817.0,901,1494,1378,2140,0.84278876
521,/Volumes/SmithL0/2026/BIOL470/Final/Learning_Rig/bee_0408_1_rev/cam1_2026-04-08_16-38-34.mp4,1140.0,1817.0,902,1494,1378,2140,0.84371555
522,/Volumes/SmithL0/2026/BIOL470/Final/Learning_Rig/bee_0408_1_rev/cam1_2026-04-08_16-38-34.mp4,1140.0,1817.5,901,1495,1379,2140,0.8462328
523,/Volumes/SmithL0/2026/BIOL470/Final/Learning_Rig/bee_0408_1_rev/cam1_2026-04-08_16-38-34.mp4,1140.5,1818.5,901,1496,1380,2141,0.84473366
524,/Volumes/SmithL0/2026/BIOL470/Final/Learning_Rig/bee_0408_1_rev/cam1_2026-04-08_16-38-34.mp4,1141.0,1818.5,902,1496,1380,2141,0.8433771
525,/Volumes/SmithL0/2026/BIOL470/Final/Learning_Rig/bee_0408_1_rev/cam1_2026-04-08_16-38-34.mp4,1140.5,1817.5,902,1495,1379,2140,0.84308916
526,/Volumes/SmithL0/2026/BIOL470/Final/Learning_Rig/bee_0408_1_rev/cam1_2026-04-08_16-38-34.mp4,1141.5,1817.5,903,1495,1380,2140,0.8442935
527,/Volumes/SmithL0/2026/BIOL470/Final/Learning_Rig/bee_0408_1_rev/cam1_2026-04-08_16-38-34.mp4,1141.5,1817.5,904,1495,1379,2140,0.84559786
528,/Volumes/SmithL0/2026/BIOL470/Final/Learning_Rig/bee_0408_1_rev/cam1_2026-04-08_16-38-34.mp4,1141.0,1818.5,903,1496,1379,2141,0.84325755
529,/Volumes/SmithL0/2026/BIOL470/Final/Learning_Rig/bee_0408_1_rev/cam1_2026-04-08_16-38-34.mp4,1141.5,1817.5,904,1495,1379,2140,0.84404266
530,/Volumes/SmithL0/2026/BIOL470/Final/Learning_Rig/bee_0408_1_rev/cam1_2026-04-08_16-38-34.mp4,1141.5,1818.0,904,1495,1379,2141,0.84459317
531,/Volumes/SmithL0/2026/BIOL470/Final/Learning_Rig/bee_0408_1_rev/cam1_2026-04-08_16-38-34.mp4,1141.5,1817.5,905,1494,1378,2141,0.8434385
532,/Volumes/SmithL0/2026/BIOL470/Final/Learning_Rig/bee_0408_1_rev/cam1_2026-04-08_16-38-34.mp4,1141.0,1817.0,904,1494,1378,2140,0.8418551
533,/Volumes/SmithL0/2026/BIOL470/Final/Learning_Rig/bee_0408_1_rev/cam1_2026-04-08_16-38-34.mp4,1140.0,1817.5,902,1495,1378,2140,0.84555686
534,/Volumes/SmithL0/2026/BIOL470/Final/Learning_Rig/bee_0408_1_rev/cam1_2026-04-08_16-38-34.mp4,1140.0,1817.0,902,1495,1378,2139,0.84453267
535,/Volumes/SmithL0/2026/BIOL470/Final/Learning_Rig/bee_0408_1_rev/cam1_2026-04-08_16-38-34.mp4,1139.5,1817.5,901,1495,1378,2140,0.8446285
536,/Volumes/SmithL0/2026/BIOL470/Final/Learning_Rig/bee_0408_1_rev/cam1_2026-04-08_16-38-34.mp4,1141.0,1817.5,903,1495,1379,2140,0.84473866
537,/Volumes/SmithL0/2026/BIOL470/Final/Learning_Rig/bee_0408_1_rev/cam1_2026-04-08_16-38-34.mp4,1141.0,1816.5,903,1494,1379,2139,0.8442777
538,/Volumes/SmithL0/2026/BIOL470/Final/Learning_Rig/bee_0408_1_rev/cam1_2026-04-08_16-38-34.mp4,1141.0,1817.0,903,1494,1379,2140,0.84297055
539,/Volumes/SmithL0/2026/BIOL470/Final/Learning_Rig/bee_0408_1_rev/cam1_2026-04-08_16-38-34.mp4,1140.5,1817.5,902,1495,1379,2140,0.8397022
540,/Volumes/SmithL0/2026/BIOL470/Final/Learning_Rig/bee_0408_1_rev/cam1_2026-04-08_16-38-34.mp4,1141.0,1816.0,904,1493,1378,2139,0.8414992
541,/Volumes/SmithL0/2026/BIOL470/Final/Learning_Rig/bee_0408_1_rev/cam1_2026-04-08_16-38-34.mp4,1141.5,1816.5,904,1494,1379,2139,0.84172773
542,/Volumes/SmithL0/2026/BIOL470/Final/Learning_Rig/bee_0408_1_rev/cam1_2026-04-08_16-38-34.mp4,1141.0,1816.5,903,1494,1379,2139,0.8399512
543,/Volumes/SmithL0/2026/BIOL470/Final/Learning_Rig/bee_0408_1_rev/cam1_2026-04-08_16-38-34.mp4,1141.5,1816.0,904,1493,1379,2139,0.84329927
544,/Volumes/SmithL0/2026/BIOL470/Final/Learning_Rig/bee_0408_1_rev/cam1_2026-04-08_16-38-34.mp4,1141.5,1817.0,904,1494,1379,2140,0.8436177
545,/Volumes/SmithL0/2026/BIOL470/Final/Learning_Rig/bee_0408_1_rev/cam1_2026-04-08_16-38-34.mp4,1141.5,1817.5,904,1494,1379,2141,0.84247047
546,/Volumes/SmithL0/2026/BIOL470/Final/Learning_Rig/bee_0408_1_rev/cam1_2026-04-08_16-38-34.mp4,1141.0,1817.0,903,1494,1379,2140,0.8433959
547,/Volumes/SmithL0/2026/BIOL470/Final/Learning_Rig/bee_0408_1_rev/cam1_2026-04-08_16-38-34.mp4,1141.0,1817.0,904,1494,1378,2140,0.8424596
548,/Volumes/SmithL0/2026/BIOL470/Final/Learning_Rig/bee_0408_1_rev/cam1_2026-04-08_16-38-34.mp4,1142.5,1816.5,906,1494,1379,2139,0.84196115
549,/Volumes/SmithL0/2026/BIOL470/Final/Learning_Rig/bee_0408_1_rev/cam1_2026-04-08_16-38-34.mp4,1142.5,1817.0,906,1494,1379,2140,0.84124833
550,/Volumes/SmithL0/2026/BIOL470/Final/Learning_Rig/bee_0408_1_rev/cam1_2026-04-08_16-38-34.mp4,1142.5,1816.5,906,1494,1379,2139,0.8418778
551,/Volumes/SmithL0/2026/BIOL470/Final/Learning_Rig/bee_0408_1_rev/cam1_2026-04-08_16-38-34.mp4,1143.0,1817.0,906,1494,1380,2140,0.84248567
552,/Volumes/SmithL0/2026/BIOL470/Final/Learning_Rig/bee_0408_1_rev/cam1_2026-04-08_16-38-34.mp4,1141.0,1816.0,904,1493,1378,2139,0.8427105
553,/Volumes/SmithL0/2026/BIOL470/Final/Learning_Rig/bee_0408_1_rev/cam1_2026-04-08_16-38-34.mp4,1140.5,1816.5,902,1493,1379,2140,0.84268516
554,/Volumes/SmithL0/2026/BIOL470/Final/Learning_Rig/bee_0408_1_rev/cam1_2026-04-08_16-38-34.mp4,1141.0,1816.0,903,1493,1379,2139,0.8431997
555,/Volumes/SmithL0/2026/BIOL470/Final/Learning_Rig/bee_0408_1_rev/cam1_2026-04-08_16-38-34.mp4,1140.0,1816.0,902,1493,1378,2139,0.8442932
556,/Volumes/SmithL0/2026/BIOL470/Final/Learning_Rig/bee_0408_1_rev/cam1_2026-04-08_16-38-34.mp4,1140.0,1816.0,902,1493,1378,2139,0.84420425
557,/Volumes/SmithL0/2026/BIOL470/Final/Learning_Rig/bee_0408_1_rev/cam1_2026-04-08_16-38-34.mp4,1140.5,1816.0,903,1493,1378,2139,0.8437056
558,/Volumes/SmithL0/2026/BIOL470/Final/Learning_Rig/bee_0408_1_rev/cam1_2026-04-08_16-38-34.mp4,1141.5,1815.5,904,1493,1379,2138,0.8424326
559,/Volumes/SmithL0/2026/BIOL470/Final/Learning_Rig/bee_0408_1_rev/cam1_2026-04-08_16-38-34.mp4,1140.5,1816.0,902,1493,1379,2139,0.8446626
560,/Volumes/SmithL0/2026/BIOL470/Final/Learning_Rig/bee_0408_1_rev/cam1_2026-04-08_16-38-34.mp4,1141.0,1816.0,903,1493,1379,2139,0.84494185
561,/Volumes/SmithL0/2026/BIOL470/Final/Learning_Rig/bee_0408_1_rev/cam1_2026-04-08_16-38-34.mp4,1140.5,1816.0,902,1493,1379,2139,0.845417
562,/Volumes/SmithL0/2026/BIOL470/Final/Learning_Rig/bee_0408_1_rev/cam1_2026-04-08_16-38-34.mp4,1141.0,1817.0,903,1495,1379,2139,0.8435625
563,/Volumes/SmithL0/2026/BIOL470/Final/Learning_Rig/bee_0408_1_rev/cam1_2026-04-08_16-38-34.mp4,1141.0,1817.0,904,1494,1378,2140,0.84461576
564,/Volumes/SmithL0/2026/BIOL470/Final/Learning_Rig/bee_0408_1_rev/cam1_2026-04-08_16-38-34.mp4,1141.0,1817.5,903,1495,1379,2140,0.8442687
565,/Volumes/SmithL0/2026/BIOL470/Final/Learning_Rig/bee_0408_1_rev/cam1_2026-04-08_16-38-34.mp4,1141.0,1817.0,903,1494,1379,2140,0.84503055
566,/Volumes/SmithL0/2026/BIOL470/Final/Learning_Rig/bee_0408_1_rev/cam1_2026-04-08_16-38-34.mp4,1141.0,1817.0,904,1494,1378,2140,0.8429839
567,/Volumes/SmithL0/2026/BIOL470/Final/Learning_Rig/bee_0408_1_rev/cam1_2026-04-08_16-38-34.mp4,1140.0,1817.0,902,1494,1378,2140,0.8448833
568,/Volumes/SmithL0/2026/BIOL470/Final/Learning_Rig/bee_0408_1_rev/cam1_2026-04-08_16-38-34.mp4,1140.0,1817.0,902,1494,1378,2140,0.8459575
569,/Volumes/SmithL0/2026/BIOL470/Final/Learning_Rig/bee_0408_1_rev/cam1_2026-04-08_16-38-34.mp4,1139.5,1817.0,901,1494,1378,2140,0.84625655
570,/Volumes/SmithL0/2026/BIOL470/Final/Learning_Rig/bee_0408_1_rev/cam1_2026-04-08_16-38-34.mp4,1140.0,1817.0,902,1494,1378,2140,0.84646
571,/Volumes/SmithL0/2026/BIOL470/Final/Learning_Rig/bee_0408_1_rev/cam1_2026-04-08_16-38-34.mp4,1140.0,1817.0,902,1494,1378,2140,0.8451476
572,/Volumes/SmithL0/2026/BIOL470/Final/Learning_Rig/bee_0408_1_rev/cam1_2026-04-08_16-38-34.mp4,1139.5,1817.0,901,1494,1378,2140,0.8458298
573,/Volumes/SmithL0/2026/BIOL470/Final/Learning_Rig/bee_0408_1_rev/cam1_2026-04-08_16-38-34.mp4,1140.0,1816.5,903,1493,1377,2140,0.8465262
574,/Volumes/SmithL0/2026/BIOL470/Final/Learning_Rig/bee_0408_1_rev/cam1_2026-04-08_16-38-34.mp4,1140.5,1817.5,903,1494,1378,2141,0.84709764
575,/Volumes/SmithL0/2026/BIOL470/Final/Learning_Rig/bee_0408_1_rev/cam1_2026-04-08_16-38-34.mp4,1140.0,1817.0,902,1493,1378,2141,0.8453708
576,/Volumes/SmithL0/2026/BIOL470/Final/Learning_Rig/bee_0408_1_rev/cam1_2026-04-08_16-38-34.mp4,1140.0,1817.0,901,1494,1379,2140,0.84407365
577,/Volumes/SmithL0/2026/BIOL470/Final/Learning_Rig/bee_0408_1_rev/cam1_2026-04-08_16-38-34.mp4,1140.5,1817.5,902,1494,1379,2141,0.84412813
578,/Volumes/SmithL0/2026/BIOL470/Final/Learning_Rig/bee_0408_1_rev/cam1_2026-04-08_16-38-34.mp4,1140.0,1818.0,901,1495,1379,2141,0.8434786
579,/Volumes/SmithL0/2026/BIOL470/Final/Learning_Rig/bee_0408_1_rev/cam1_2026-04-08_16-38-34.mp4,1140.5,1817.5,902,1494,1379,2141,0.8444889
580,/Volumes/SmithL0/2026/BIOL470/Final/Learning_Rig/bee_0408_1_rev/cam1_2026-04-08_16-38-34.mp4,1141.5,1817.5,903,1494,1380,2141,0.8445123
581,/Volumes/SmithL0/2026/BIOL470/Final/Learning_Rig/bee_0408_1_rev/cam1_2026-04-08_16-38-34.mp4,1141.0,1817.5,903,1494,1379,2141,0.8460482
582,/Volumes/SmithL0/2026/BIOL470/Final/Learning_Rig/bee_0408_1_rev/cam1_2026-04-08_16-38-34.mp4,1141.0,1816.5,903,1493,1379,2140,0.84421223
583,/Volumes/SmithL0/2026/BIOL470/Final/Learning_Rig/bee_0408_1_rev/cam1_2026-04-08_16-38-34.mp4,1140.5,1816.5,903,1493,1378,2140,0.8457932
584,/Volumes/SmithL0/2026/BIOL470/Final/Learning_Rig/bee_0408_1_rev/cam1_2026-04-08_16-38-34.mp4,1141.5,1817.0,904,1494,1379,2140,0.84559083
585,/Volumes/SmithL0/2026/BIOL470/Final/Learning_Rig/bee_0408_1_rev/cam1_2026-04-08_16-38-34.mp4,1141.0,1817.5,903,1494,1379,2141,0.8458005
586,/Volumes/SmithL0/2026/BIOL470/Final/Learning_Rig/bee_0408_1_rev/cam1_2026-04-08_16-38-34.mp4,1141.0,1817.0,904,1494,1378,2140,0.8458457
587,/Volumes/SmithL0/2026/BIOL470/Final/Learning_Rig/bee_0408_1_rev/cam1_2026-04-08_16-38-34.mp4,1140.5,1817.0,902,1494,1379,2140,0.8442597
588,/Volumes/SmithL0/2026/BIOL470/Final/Learning_Rig/bee_0408_1_rev/cam1_2026-04-08_16-38-34.mp4,1141.0,1816.5,903,1493,1379,2140,0.84560764
589,/Volumes/SmithL0/2026/BIOL470/Final/Learning_Rig/bee_0408_1_rev/cam1_2026-04-08_16-38-34.mp4,1140.0,1817.0,901,1494,1379,2140,0.84621936
590,/Volumes/SmithL0/2026/BIOL470/Final/Learning_Rig/bee_0408_1_rev/cam1_2026-04-08_16-38-34.mp4,1140.5,1817.0,902,1494,1379,2140,0.84357417
591,/Volumes/SmithL0/2026/BIOL470/Final/Learning_Rig/bee_0408_1_rev/cam1_2026-04-08_16-38-34.mp4,1140.0,1816.5,901,1493,1379,2140,0.8440891
592,/Volumes/SmithL0/2026/BIOL470/Final/Learning_Rig/bee_0408_1_rev/cam1_2026-04-08_16-38-34.mp4,1141.0,1816.5,904,1493,1378,2140,0.8428733
593,/Volumes/SmithL0/2026/BIOL470/Final/Learning_Rig/bee_0408_1_rev/cam1_2026-04-08_16-38-34.mp4,1141.0,1816.5,903,1493,1379,2140,0.8458738
594,/Volumes/SmithL0/2026/BIOL470/Final/Learning_Rig/bee_0408_1_rev/cam1_2026-04-08_16-38-34.mp4,1141.0,1816.5,903,1493,1379,2140,0.84537417
595,/Volumes/SmithL0/2026/BIOL470/Final/Learning_Rig/bee_0408_1_rev/cam1_2026-04-08_16-38-34.mp4,1141.0,1816.0,903,1493,1379,2139,0.8448637
596,/Volumes/SmithL0/2026/BIOL470/Final/Learning_Rig/bee_0408_1_rev/cam1_2026-04-08_16-38-34.mp4,1141.5,1816.5,904,1493,1379,2140,0.8445903
597,/Volumes/SmithL0/2026/BIOL470/Final/Learning_Rig/bee_0408_1_rev/cam1_2026-04-08_16-38-34.mp4,1140.5,1816.0,902,1492,1379,2140,0.8452781
598,/Volumes/SmithL0/2026/BIOL470/Final/Learning_Rig/bee_0408_1_rev/cam1_2026-04-08_16-38-34.mp4,1141.0,1816.5,903,1493,1379,2140,0.84604883
599,/Volumes/SmithL0/2026/BIOL470/Final/Learning_Rig/bee_0408_1_rev/cam1_2026-04-08_16-38-34.mp4,1140.5,1816.5,903,1493,1378,2140,0.84512216
600,/Volumes/SmithL0/2026/BIOL470/Final/Learning_Rig/bee_0408_1_rev/cam1_2026-04-08_16-38-34.mp4,1139.5,1817.5,901,1494,1378,2141,0.8476077
601,/Volumes/SmithL0/2026/BIOL470/Final/Learning_Rig/bee_0408_1_rev/cam1_2026-04-08_16-38-34.mp4,1139.5,1818.5,901,1495,1378,2142,0.8481475
602,/Volumes/SmithL0/2026/BIOL470/Final/Learning_Rig/bee_0408_1_rev/cam1_2026-04-08_16-38-34.mp4,1140.0,1818.5,901,1495,1379,2142,0.8456407
603,/Volumes/SmithL0/2026/BIOL470/Final/Learning_Rig/bee_0408_1_rev/cam1_2026-04-08_16-38-34.mp4,1139.5,1817.5,901,1494,1378,2141,0.84702474
604,/Volumes/SmithL0/2026/BIOL470/Final/Learning_Rig/bee_0408_1_rev/cam1_2026-04-08_16-38-34.mp4,1140.5,1816.5,903,1493,1378,2140,0.8462494
605,/Volumes/SmithL0/2026/BIOL470/Final/Learning_Rig/bee_0408_1_rev/cam1_2026-04-08_16-38-34.mp4,1140.0,1817.0,903,1493,1377,2141,0.8453905
606,/Volumes/SmithL0/2026/BIOL470/Final/Learning_Rig/bee_0408_1_rev/cam1_2026-04-08_16-38-34.mp4,1140.5,1817.5,903,1494,1378,2141,0.84500587
607,/Volumes/SmithL0/2026/BIOL470/Final/Learning_Rig/bee_0408_1_rev/cam1_2026-04-08_16-38-34.mp4,1140.5,1817.5,903,1494,1378,2141,0.84416026
608,/Volumes/SmithL0/2026/BIOL470/Final/Learning_Rig/bee_0408_1_rev/cam1_2026-04-08_16-38-34.mp4,1140.5,1816.5,903,1493,1378,2140,0.8442018
609,/Volumes/SmithL0/2026/BIOL470/Final/Learning_Rig/bee_0408_1_rev/cam1_2026-04-08_16-38-34.mp4,1140.0,1816.5,902,1493,1378,2140,0.842191
610,/Volumes/SmithL0/2026/BIOL470/Final/Learning_Rig/bee_0408_1_rev/cam1_2026-04-08_16-38-34.mp4,1141.0,1817.0,903,1494,1379,2140,0.84351337
611,/Volumes/SmithL0/2026/BIOL470/Final/Learning_Rig/bee_0408_1_rev/cam1_2026-04-08_16-38-34.mp4,1141.0,1817.0,903,1494,1379,2140,0.844423
612,/Volumes/SmithL0/2026/BIOL470/Final/Learning_Rig/bee_0408_1_rev/cam1_2026-04-08_16-38-34.mp4,1141.0,1816.5,903,1493,1379,2140,0.8439972
613,/Volumes/SmithL0/2026/BIOL470/Final/Learning_Rig/bee_0408_1_rev/cam1_2026-04-08_16-38-34.mp4,1140.5,1817.5,902,1494,1379,2141,0.84299046
614,/Volumes/SmithL0/2026/BIOL470/Final/Learning_Rig/bee_0408_1_rev/cam1_2026-04-08_16-38-34.mp4,1141.0,1817.0,903,1494,1379,2140,0.84329957
615,/Volumes/SmithL0/2026/BIOL470/Final/Learning_Rig/bee_0408_1_rev/cam1_2026-04-08_16-38-34.mp4,1140.5,1817.0,903,1494,1378,2140,0.84493273
616,/Volumes/SmithL0/2026/BIOL470/Final/Learning_Rig/bee_0408_1_rev/cam1_2026-04-08_16-38-34.mp4,1141.5,1816.0,904,1493,1379,2139,0.8434602
617,/Volumes/SmithL0/2026/BIOL470/Final/Learning_Rig/bee_0408_1_rev/cam1_2026-04-08_16-38-34.mp4,1141.0,1816.5,904,1493,1378,2140,0.843449
618,/Volumes/SmithL0/2026/BIOL470/Final/Learning_Rig/bee_0408_1_rev/cam1_2026-04-08_16-38-34.mp4,1141.5,1816.0,905,1492,1378,2140,0.84282374
619,/Volumes/SmithL0/2026/BIOL470/Final/Learning_Rig/bee_0408_1_rev/cam1_2026-04-08_16-38-34.mp4,1141.5,1816.5,904,1492,1379,2141,0.8451493
620,/Volumes/SmithL0/2026/BIOL470/Final/Learning_Rig/bee_0408_1_rev/cam1_2026-04-08_16-38-34.mp4,1142.0,1816.5,905,1493,1379,2140,0.84371614
621,/Volumes/SmithL0/2026/BIOL470/Final/Learning_Rig/bee_0408_1_rev/cam1_2026-04-08_16-38-34.mp4,1141.5,1816.5,904,1493,1379,2140,0.8449968
622,/Volumes/SmithL0/2026/BIOL470/Final/Learning_Rig/bee_0408_1_rev/cam1_2026-04-08_16-38-34.mp4,1140.0,1816.5,901,1493,1379,2140,0.8461818
623,/Volumes/SmithL0/2026/BIOL470/Final/Learning_Rig/bee_0408_1_rev/cam1_2026-04-08_16-38-34.mp4,1140.0,1816.5,901,1493,1379,2140,0.84560466
624,/Volumes/SmithL0/2026/BIOL470/Final/Learning_Rig/bee_0408_1_rev/cam1_2026-04-08_16-38-34.mp4,1141.0,1817.0,903,1493,1379,2141,0.8457206
625,/Volumes/SmithL0/2026/BIOL470/Final/Learning_Rig/bee_0408_1_rev/cam1_2026-04-08_16-38-34.mp4,1141.0,1816.0,904,1492,1378,2140,0.8442368
626,/Volumes/SmithL0/2026/BIOL470/Final/Learning_Rig/bee_0408_1_rev/cam1_2026-04-08_16-38-34.mp4,1141.0,1816.5,904,1493,1378,2140,0.8456102
627,/Volumes/SmithL0/2026/BIOL470/Final/Learning_Rig/bee_0408_1_rev/cam1_2026-04-08_16-38-34.mp4,1140.5,1816.5,904,1493,1377,2140,0.8441217
628,/Volumes/SmithL0/2026/BIOL470/Final/Learning_Rig/bee_0408_1_rev/cam1_2026-04-08_16-38-34.mp4,1140.5,1816.5,904,1493,1377,2140,0.8451304
629,/Volumes/SmithL0/2026/BIOL470/Final/Learning_Rig/bee_0408_1_rev/cam1_2026-04-08_16-38-34.mp4,1141.0,1816.5,904,1493,1378,2140,0.84510934
630,/Volumes/SmithL0/2026/BIOL470/Final/Learning_Rig/bee_0408_1_rev/cam1_2026-04-08_16-38-34.mp4,1142.5,1816.0,906,1493,1379,2139,0.84468544
631,/Volumes/SmithL0/2026/BIOL470/Final/Learning_Rig/bee_0408_1_rev/cam1_2026-04-08_16-38-34.mp4,1142.0,1816.5,905,1493,1379,2140,0.8458308
632,/Volumes/SmithL0/2026/BIOL470/Final/Learning_Rig/bee_0408_1_rev/cam1_2026-04-08_16-38-34.mp4,1141.5,1816.0,904,1493,1379,2139,0.84517545
633,/Volumes/SmithL0/2026/BIOL470/Final/Learning_Rig/bee_0408_1_rev/cam1_2026-04-08_16-38-34.mp4,1140.0,1816.0,902,1493,1378,2139,0.8473517
634,/Volumes/SmithL0/2026/BIOL470/Final/Learning_Rig/bee_0408_1_rev/cam1_2026-04-08_16-38-34.mp4,1141.0,1815.5,903,1492,1379,2139,0.846936
635,/Volumes/SmithL0/2026/BIOL470/Final/Learning_Rig/bee_0408_1_rev/cam1_2026-04-08_16-38-34.mp4,1139.5,1816.0,901,1493,1378,2139,0.84545815
636,/Volumes/SmithL0/2026/BIOL470/Final/Learning_Rig/bee_0408_1_rev/cam1_2026-04-08_16-38-34.mp4,1139.5,1816.5,901,1493,1378,2140,0.8462453
637,/Volumes/SmithL0/2026/BIOL470/Final/Learning_Rig/bee_0408_1_rev/cam1_2026-04-08_16-38-34.mp4,1139.0,1817.0,901,1493,1377,2141,0.8470817
638,/Volumes/SmithL0/2026/BIOL470/Final/Learning_Rig/bee_0408_1_rev/cam1_2026-04-08_16-38-34.mp4,1139.5,1817.0,901,1493,1378,2141,0.84626615
639,/Volumes/SmithL0/2026/BIOL470/Final/Learning_Rig/bee_0408_1_rev/cam1_2026-04-08_16-38-34.mp4,1139.5,1817.0,901,1493,1378,2141,0.8450914
640,/Volumes/SmithL0/2026/BIOL470/Final/Learning_Rig/bee_0408_1_rev/cam1_2026-04-08_16-38-34.mp4,1140.5,1815.5,902,1492,1379,2139,0.84666014
641,/Volumes/SmithL0/2026/BIOL470/Final/Learning_Rig/bee_0408_1_rev/cam1_2026-04-08_16-38-34.mp4,1140.5,1816.0,902,1492,1379,2140,0.84624267
642,/Volumes/SmithL0/2026/BIOL470/Final/Learning_Rig/bee_0408_1_rev/cam1_2026-04-08_16-38-34.mp4,1140.5,1816.0,902,1493,1379,2139,0.8454151
643,/Volumes/SmithL0/2026/BIOL470/Final/Learning_Rig/bee_0408_1_rev/cam1_2026-04-08_16-38-34.mp4,1140.5,1816.5,902,1493,1379,2140,0.8460233
644,/Volumes/SmithL0/2026/BIOL470/Final/Learning_Rig/bee_0408_1_rev/cam1_2026-04-08_16-38-34.mp4,1141.0,1816.5,903,1493,1379,2140,0.8429754
645,/Volumes/SmithL0/2026/BIOL470/Final/Learning_Rig/bee_0408_1_rev/cam1_2026-04-08_16-38-34.mp4,1140.5,1816.5,902,1493,1379,2140,0.84273535
646,/Volumes/SmithL0/2026/BIOL470/Final/Learning_Rig/bee_0408_1_rev/cam1_2026-04-08_16-38-34.mp4,1140.0,1816.0,902,1493,1378,2139,0.8433295
647,/Volumes/SmithL0/2026/BIOL470/Final/Learning_Rig/bee_0408_1_rev/cam1_2026-04-08_16-38-34.mp4,1140.0,1816.5,902,1493,1378,2140,0.844843
648,/Volumes/SmithL0/2026/BIOL470/Final/Learning_Rig/bee_0408_1_rev/cam1_2026-04-08_16-38-34.mp4,1140.0,1815.5,902,1493,1378,2138,0.8453367
649,/Volumes/SmithL0/2026/BIOL470/Final/Learning_Rig/bee_0408_1_rev/cam1_2026-04-08_16-38-34.mp4,1141.5,1815.5,905,1492,1378,2139,0.8426899
650,/Volumes/SmithL0/2026/BIOL470/Final/Learning_Rig/bee_0408_1_rev/cam1_2026-04-08_16-38-34.mp4,1141.5,1816.0,904,1493,1379,2139,0.84268
651,/Volumes/SmithL0/2026/BIOL470/Final/Learning_Rig/bee_0408_1_rev/cam1_2026-04-08_16-38-34.mp4,1141.0,1817.0,903,1494,1379,2140,0.84302247
652,/Volumes/SmithL0/2026/BIOL470/Final/Learning_Rig/bee_0408_1_rev/cam1_2026-04-08_16-38-34.mp4,1141.0,1817.0,903,1494,1379,2140,0.8438037
653,/Volumes/SmithL0/2026/BIOL470/Final/Learning_Rig/bee_0408_1_rev/cam1_2026-04-08_16-38-34.mp4,1140.5,1816.5,902,1493,1379,2140,0.84439695
654,/Volumes/SmithL0/2026/BIOL470/Final/Learning_Rig/bee_0408_1_rev/cam1_2026-04-08_16-38-34.mp4,1140.0,1816.0,902,1492,1378,2140,0.8441956
655,/Volumes/SmithL0/2026/BIOL470/Final/Learning_Rig/bee_0408_1_rev/cam1_2026-04-08_16-38-34.mp4,1140.0,1815.5,902,1492,1378,2139,0.84385693
656,/Volumes/SmithL0/2026/BIOL470/Final/Learning_Rig/bee_0408_1_rev/cam1_2026-04-08_16-38-34.mp4,1141.0,1816.0,903,1492,1379,2140,0.8430933
657,/Volumes/SmithL0/2026/BIOL470/Final/Learning_Rig/bee_0408_1_rev/cam1_2026-04-08_16-38-34.mp4,1139.0,1815.5,900,1492,1378,2139,0.84459805
658,/Volumes/SmithL0/2026/BIOL470/Final/Learning_Rig/bee_0408_1_rev/cam1_2026-04-08_16-38-34.mp4,1140.0,1816.0,902,1493,1378,2139,0.844795
659,/Volumes/SmithL0/2026/BIOL470/Final/Learning_Rig/bee_0408_1_rev/cam1_2026-04-08_16-38-34.mp4,1141.0,1816.0,903,1492,1379,2140,0.8457661
660,/Volumes/SmithL0/2026/BIOL470/Final/Learning_Rig/bee_0408_1_rev/cam1_2026-04-08_16-38-34.mp4,1141.0,1816.5,903,1493,1379,2140,0.84729093
661,/Volumes/SmithL0/2026/BIOL470/Final/Learning_Rig/bee_0408_1_rev/cam1_2026-04-08_16-38-34.mp4,1140.5,1816.0,902,1492,1379,2140,0.8468215
662,/Volumes/SmithL0/2026/BIOL470/Final/Learning_Rig/bee_0408_1_rev/cam1_2026-04-08_16-38-34.mp4,1140.5,1816.0,903,1492,1378,2140,0.8477764
663,/Volumes/SmithL0/2026/BIOL470/Final/Learning_Rig/bee_0408_1_rev/cam1_2026-04-08_16-38-34.mp4,1139.5,1815.5,900,1492,1379,2139,0.84663266
664,/Volumes/SmithL0/2026/BIOL470/Final/Learning_Rig/bee_0408_1_rev/cam1_2026-04-08_16-38-34.mp4,1140.5,1816.0,902,1493,1379,2139,0.84406257
665,/Volumes/SmithL0/2026/BIOL470/Final/Learning_Rig/bee_0408_1_rev/cam1_2026-04-08_16-38-34.mp4,1140.0,1815.5,902,1492,1378,2139,0.84451455
666,/Volumes/SmithL0/2026/BIOL470/Final/Learning_Rig/bee_0408_1_rev/cam1_2026-04-08_16-38-34.mp4,1141.0,1815.5,904,1492,1378,2139,0.8459758
667,/Volumes/SmithL0/2026/BIOL470/Final/Learning_Rig/bee_0408_1_rev/cam1_2026-04-08_16-38-34.mp4,1140.0,1816.0,902,1492,1378,2140,0.84513885
668,/Volumes/SmithL0/2026/BIOL470/Final/Learning_Rig/bee_0408_1_rev/cam1_2026-04-08_16-38-34.mp4,1141.0,1816.5,903,1492,1379,2141,0.8450193
669,/Volumes/SmithL0/2026/BIOL470/Final/Learning_Rig/bee_0408_1_rev/cam1_2026-04-08_16-38-34.mp4,1140.5,1815.5,903,1491,1378,2140,0.84507036
670,/Volumes/SmithL0/2026/BIOL470/Final/Learning_Rig/bee_0408_1_rev/cam1_2026-04-08_16-38-34.mp4,1140.5,1816.0,903,1492,1378,2140,0.8435905
671,/Volumes/SmithL0/2026/BIOL470/Final/Learning_Rig/bee_0408_1_rev/cam1_2026-04-08_16-38-34.mp4,1140.5,1816.5,903,1493,1378,2140,0.8459375
672,/Volumes/SmithL0/2026/BIOL470/Final/Learning_Rig/bee_0408_1_rev/cam1_2026-04-08_16-38-34.mp4,1140.5,1816.0,902,1492,1379,2140,0.84565634
673,/Volumes/SmithL0/2026/BIOL470/Final/Learning_Rig/bee_0408_1_rev/cam1_2026-04-08_16-38-34.mp4,1141.5,1816.0,904,1492,1379,2140,0.84574133
674,/Volumes/SmithL0/2026/BIOL470/Final/Learning_Rig/bee_0408_1_rev/cam1_2026-04-08_16-38-34.mp4,1141.5,1816.0,904,1492,1379,2140,0.8454278
675,/Volumes/SmithL0/2026/BIOL470/Final/Learning_Rig/bee_0408_1_rev/cam1_2026-04-08_16-38-34.mp4,1140.5,1816.0,903,1492,1378,2140,0.8442022
676,/Volumes/SmithL0/2026/BIOL470/Final/Learning_Rig/bee_0408_1_rev/cam1_2026-04-08_16-38-34.mp4,1140.0,1815.5,902,1492,1378,2139,0.84391356
677,/Volumes/SmithL0/2026/BIOL470/Final/Learning_Rig/bee_0408_1_rev/cam1_2026-04-08_16-38-34.mp4,1140.5,1815.5,903,1491,1378,2140,0.84582907
678,/Volumes/SmithL0/2026/BIOL470/Final/Learning_Rig/bee_0408_1_rev/cam1_2026-04-08_16-38-34.mp4,1140.5,1816.0,903,1492,1378,2140,0.845589
679,/Volumes/SmithL0/2026/BIOL470/Final/Learning_Rig/bee_0408_1_rev/cam1_2026-04-08_16-38-34.mp4,1140.5,1815.5,903,1491,1378,2140,0.8467801
680,/Volumes/SmithL0/2026/BIOL470/Final/Learning_Rig/bee_0408_1_rev/cam1_2026-04-08_16-38-34.mp4,1141.0,1815.5,904,1492,1378,2139,0.8434665
681,/Volumes/SmithL0/2026/BIOL470/Final/Learning_Rig/bee_0408_1_rev/cam1_2026-04-08_16-38-34.mp4,1141.0,1815.5,904,1492,1378,2139,0.8421894
682,/Volumes/SmithL0/2026/BIOL470/Final/Learning_Rig/bee_0408_1_rev/cam1_2026-04-08_16-38-34.mp4,1140.5,1815.5,903,1492,1378,2139,0.8430817
683,/Volumes/SmithL0/2026/BIOL470/Final/Learning_Rig/bee_0408_1_rev/cam1_2026-04-08_16-38-34.mp4,1140.0,1815.0,903,1491,1377,2139,0.844174
684,/Volumes/SmithL0/2026/BIOL470/Final/Learning_Rig/bee_0408_1_rev/cam1_2026-04-08_16-38-34.mp4,1140.5,1815.5,903,1492,1378,2139,0.84496474
685,/Volumes/SmithL0/2026/BIOL470/Final/Learning_Rig/bee_0408_1_rev/cam1_2026-04-08_16-38-34.mp4,1140.5,1815.5,903,1492,1378,2139,0.84567124
686,/Volumes/SmithL0/2026/BIOL470/Final/Learning_Rig/bee_0408_1_rev/cam1_2026-04-08_16-38-34.mp4,1140.5,1816.0,903,1492,1378,2140,0.8458243
687,/Volumes/SmithL0/2026/BIOL470/Final/Learning_Rig/bee_0408_1_rev/cam1_2026-04-08_16-38-34.mp4,1140.5,1816.0,902,1493,1379,2139,0.8437773
688,/Volumes/SmithL0/2026/BIOL470/Final/Learning_Rig/bee_0408_1_rev/cam1_2026-04-08_16-38-34.mp4,1141.0,1815.5,903,1492,1379,2139,0.8437776
689,/Volumes/SmithL0/2026/BIOL470/Final/Learning_Rig/bee_0408_1_rev/cam1_2026-04-08_16-38-34.mp4,1141.5,1815.5,904,1492,1379,2139,0.84356314
690,/Volumes/SmithL0/2026/BIOL470/Final/Learning_Rig/bee_0408_1_rev/cam1_2026-04-08_16-38-34.mp4,1142.0,1816.0,904,1493,1380,2139,0.84339386
691,/Volumes/SmithL0/2026/BIOL470/Final/Learning_Rig/bee_0408_1_rev/cam1_2026-04-08_16-38-34.mp4,1140.5,1816.5,902,1493,1379,2140,0.8444544
692,/Volumes/SmithL0/2026/BIOL470/Final/Learning_Rig/bee_0408_1_rev/cam1_2026-04-08_16-38-34.mp4,1141.5,1816.5,904,1493,1379,2140,0.8454931
693,/Volumes/SmithL0/2026/BIOL470/Final/Learning_Rig/bee_0408_1_rev/cam1_2026-04-08_16-38-34.mp4,1141.0,1815.5,903,1492,1379,2139,0.84494805
694,/Volumes/SmithL0/2026/BIOL470/Final/Learning_Rig/bee_0408_1_rev/cam1_2026-04-08_16-38-34.mp4,1141.0,1815.5,903,1492,1379,2139,0.8441427
695,/Volumes/SmithL0/2026/BIOL470/Final/Learning_Rig/bee_0408_1_rev/cam1_2026-04-08_16-38-34.mp4,1141.0,1815.0,904,1491,1378,2139,0.8431252
696,/Volumes/SmithL0/2026/BIOL470/Final/Learning_Rig/bee_0408_1_rev/cam1_2026-04-08_16-38-34.mp4,1141.5,1815.0,904,1492,1379,2138,0.8417124
697,/Volumes/SmithL0/2026/BIOL470/Final/Learning_Rig/bee_0408_1_rev/cam1_2026-04-08_16-38-34.mp4,1140.5,1815.0,903,1491,1378,2139,0.8395138
698,/Volumes/SmithL0/2026/BIOL470/Final/Learning_Rig/bee_0408_1_rev/cam1_2026-04-08_16-38-34.mp4,1141.5,1814.5,904,1491,1379,2138,0.8413881
699,/Volumes/SmithL0/2026/BIOL470/Final/Learning_Rig/bee_0408_1_rev/cam1_2026-04-08_16-38-34.mp4,1141.0,1816.0,904,1492,1378,2140,0.84017545
700,/Volumes/SmithL0/2026/BIOL470/Final/Learning_Rig/bee_0408_1_rev/cam1_2026-04-08_16-38-34.mp4,1142.0,1816.5,905,1493,1379,2140,0.8413501
701,/Volumes/SmithL0/2026/BIOL470/Final/Learning_Rig/bee_0408_1_rev/cam1_2026-04-08_16-38-34.mp4,1141.0,1816.5,903,1493,1379,2140,0.8430247
702,/Volumes/SmithL0/2026/BIOL470/Final/Learning_Rig/bee_0408_1_rev/cam1_2026-04-08_16-38-34.mp4,1141.5,1816.5,904,1493,1379,2140,0.8446948
703,/Volumes/SmithL0/2026/BIOL470/Final/Learning_Rig/bee_0408_1_rev/cam1_2026-04-08_16-38-34.mp4,1142.0,1816.5,904,1493,1380,2140,0.84475166
704,/Volumes/SmithL0/2026/BIOL470/Final/Learning_Rig/bee_0408_1_rev/cam1_2026-04-08_16-38-34.mp4,1141.5,1817.5,904,1494,1379,2141,0.84360397
705,/Volumes/SmithL0/2026/BIOL470/Final/Learning_Rig/bee_0408_1_rev/cam1_2026-04-08_16-38-34.mp4,1141.0,1816.5,903,1493,1379,2140,0.8447685
706,/Volumes/SmithL0/2026/BIOL470/Final/Learning_Rig/bee_0408_1_rev/cam1_2026-04-08_16-38-34.mp4,1140.0,1816.5,901,1493,1379,2140,0.844214
707,/Volumes/SmithL0/2026/BIOL470/Final/Learning_Rig/bee_0408_1_rev/cam1_2026-04-08_16-38-34.mp4,1141.0,1815.5,903,1492,1379,2139,0.8427873
708,/Volumes/SmithL0/2026/BIOL470/Final/Learning_Rig/bee_0408_1_rev/cam1_2026-04-08_16-38-34.mp4,1141.0,1815.5,903,1492,1379,2139,0.84295756
709,/Volumes/SmithL0/2026/BIOL470/Final/Learning_Rig/bee_0408_1_rev/cam1_2026-04-08_16-38-34.mp4,1140.0,1816.5,902,1493,1378,2140,0.84251696
710,/Volumes/SmithL0/2026/BIOL470/Final/Learning_Rig/bee_0408_1_rev/cam1_2026-04-08_16-38-34.mp4,1139.0,1816.5,900,1493,1378,2140,0.8440186
711,/Volumes/SmithL0/2026/BIOL470/Final/Learning_Rig/bee_0408_1_rev/cam1_2026-04-08_16-38-34.mp4,1139.5,1816.5,901,1493,1378,2140,0.84551126
712,/Volumes/SmithL0/2026/BIOL470/Final/Learning_Rig/bee_0408_1_rev/cam1_2026-04-08_16-38-34.mp4,1139.5,1816.5,901,1493,1378,2140,0.84432334
713,/Volumes/SmithL0/2026/BIOL470/Final/Learning_Rig/bee_0408_1_rev/cam1_2026-04-08_16-38-34.mp4,1139.0,1815.5,900,1492,1378,2139,0.8442741
714,/Volumes/SmithL0/2026/BIOL470/Final/Learning_Rig/bee_0408_1_rev/cam1_2026-04-08_16-38-34.mp4,1139.5,1816.5,901,1493,1378,2140,0.8458037
715,/Volumes/SmithL0/2026/BIOL470/Final/Learning_Rig/bee_0408_1_rev/cam1_2026-04-08_16-38-34.mp4,1140.0,1815.5,902,1492,1378,2139,0.8437568
716,/Volumes/SmithL0/2026/BIOL470/Final/Learning_Rig/bee_0408_1_rev/cam1_2026-04-08_16-38-34.mp4,1140.0,1816.0,902,1492,1378,2140,0.84377646
717,/Volumes/SmithL0/2026/BIOL470/Final/Learning_Rig/bee_0408_1_rev/cam1_2026-04-08_16-38-34.mp4,1139.5,1816.0,901,1492,1378,2140,0.8421422
718,/Volumes/SmithL0/2026/BIOL470/Final/Learning_Rig/bee_0408_1_rev/cam1_2026-04-08_16-38-34.mp4,1140.5,1816.0,902,1492,1379,2140,0.8425861
719,/Volumes/SmithL0/2026/BIOL470/Final/Learning_Rig/bee_0408_1_rev/cam1_2026-04-08_16-38-34.mp4,1141.0,1816.5,903,1493,1379,2140,0.8439122
720,/Volumes/SmithL0/2026/BIOL470/Final/Learning_Rig/bee_0408_1_rev/cam1_2026-04-08_16-38-34.mp4,1141.5,1816.5,904,1493,1379,2140,0.8437899
721,/Volumes/SmithL0/2026/BIOL470/Final/Learning_Rig/bee_0408_1_rev/cam1_2026-04-08_16-38-34.mp4,1141.5,1815.5,904,1492,1379,2139,0.84458184
722,/Volumes/SmithL0/2026/BIOL470/Final/Learning_Rig/bee_0408_1_rev/cam1_2026-04-08_16-38-34.mp4,1142.0,1815.0,905,1492,1379,2138,0.8430428
723,/Volumes/SmithL0/2026/BIOL470/Final/Learning_Rig/bee_0408_1_rev/cam1_2026-04-08_16-38-34.mp4,1142.0,1815.5,905,1491,1379,2140,0.8458211
724,/Volumes/SmithL0/2026/BIOL470/Final/Learning_Rig/bee_0408_1_rev/cam1_2026-04-08_16-38-34.mp4,1141.5,1815.0,904,1491,1379,2139,0.8455906
725,/Volumes/SmithL0/2026/BIOL470/Final/Learning_Rig/bee_0408_1_rev/cam1_2026-04-08_16-38-34.mp4,1139.5,1815.0,901,1491,1378,2139,0.8463335
726,/Volumes/SmithL0/2026/BIOL470/Final/Learning_Rig/bee_0408_1_rev/cam1_2026-04-08_16-38-34.mp4,1140.5,1816.0,902,1492,1379,2140,0.8465743
727,/Volumes/SmithL0/2026/BIOL470/Final/Learning_Rig/bee_0408_1_rev/cam1_2026-04-08_16-38-34.mp4,1140.5,1815.5,902,1492,1379,2139,0.8474675
728,/Volumes/SmithL0/2026/BIOL470/Final/Learning_Rig/bee_0408_1_rev/cam1_2026-04-08_16-38-34.mp4,1141.0,1815.5,903,1492,1379,2139,0.846081
729,/Volumes/SmithL0/2026/BIOL470/Final/Learning_Rig/bee_0408_1_rev/cam1_2026-04-08_16-38-34.mp4,1140.5,1815.5,902,1492,1379,2139,0.84434193
730,/Volumes/SmithL0/2026/BIOL470/Final/Learning_Rig/bee_0408_1_rev/cam1_2026-04-08_16-38-34.mp4,1142.0,1815.0,904,1491,1380,2139,0.8444236
731,/Volumes/SmithL0/2026/BIOL470/Final/Learning_Rig/bee_0408_1_rev/cam1_2026-04-08_16-38-34.mp4,1141.5,1814.5,904,1491,1379,2138,0.845148
732,/Volumes/SmithL0/2026/BIOL470/Final/Learning_Rig/bee_0408_1_rev/cam1_2026-04-08_16-38-34.mp4,1141.0,1815.0,903,1491,1379,2139,0.84594226
733,/Volumes/SmithL0/2026/BIOL470/Final/Learning_Rig/bee_0408_1_rev/cam1_2026-04-08_16-38-34.mp4,1140.5,1815.0,902,1491,1379,2139,0.8455825
734,/Volumes/SmithL0/2026/BIOL470/Final/Learning_Rig/bee_0408_1_rev/cam1_2026-04-08_16-38-34.mp4,1141.0,1814.5,903,1491,1379,2138,0.8450228
735,/Volumes/SmithL0/2026/BIOL470/Final/Learning_Rig/bee_0408_1_rev/cam1_2026-04-08_16-38-34.mp4,1140.0,1815.0,902,1491,1378,2139,0.8439284
736,/Volumes/SmithL0/2026/BIOL470/Final/Learning_Rig/bee_0408_1_rev/cam1_2026-04-08_16-38-34.mp4,1141.5,1814.5,904,1491,1379,2138,0.84414965
737,/Volumes/SmithL0/2026/BIOL470/Final/Learning_Rig/bee_0408_1_rev/cam1_2026-04-08_16-38-34.mp4,1141.0,1815.0,903,1491,1379,2139,0.8443487
738,/Volumes/SmithL0/2026/BIOL470/Final/Learning_Rig/bee_0408_1_rev/cam1_2026-04-08_16-38-34.mp4,1141.5,1815.0,904,1491,1379,2139,0.8452486
739,/Volumes/SmithL0/2026/BIOL470/Final/Learning_Rig/bee_0408_1_rev/cam1_2026-04-08_16-38-34.mp4,1141.5,1814.0,904,1490,1379,2138,0.84516984
740,/Volumes/SmithL0/2026/BIOL470/Final/Learning_Rig/bee_0408_1_rev/cam1_2026-04-08_16-38-34.mp4,1141.5,1814.0,904,1490,1379,2138,0.8448895
741,/Volumes/SmithL0/2026/BIOL470/Final/Learning_Rig/bee_0408_1_rev/cam1_2026-04-08_16-38-34.mp4,1141.0,1814.0,903,1490,1379,2138,0.8451359
742,/Volumes/SmithL0/2026/BIOL470/Final/Learning_Rig/bee_0408_1_rev/cam1_2026-04-08_16-38-34.mp4,1141.0,1814.0,903,1490,1379,2138,0.8429268
743,/Volumes/SmithL0/2026/BIOL470/Final/Learning_Rig/bee_0408_1_rev/cam1_2026-04-08_16-38-34.mp4,1140.5,1815.0,903,1491,1378,2139,0.8435521
744,/Volumes/SmithL0/2026/BIOL470/Final/Learning_Rig/bee_0408_1_rev/cam1_2026-04-08_16-38-34.mp4,1141.5,1814.5,905,1490,1378,2139,0.84341466
745,/Volumes/SmithL0/2026/BIOL470/Final/Learning_Rig/bee_0408_1_rev/cam1_2026-04-08_16-38-34.mp4,1141.5,1814.0,905,1490,1378,2138,0.8426404
746,/Volumes/SmithL0/2026/BIOL470/Final/Learning_Rig/bee_0408_1_rev/cam1_2026-04-08_16-38-34.mp4,1141.5,1813.0,905,1489,1378,2137,0.8446241
747,/Volumes/SmithL0/2026/BIOL470/Final/Learning_Rig/bee_0408_1_rev/cam1_2026-04-08_16-38-34.mp4,1141.5,1813.5,905,1489,1378,2138,0.84523994
748,/Volumes/SmithL0/2026/BIOL470/Final/Learning_Rig/bee_0408_1_rev/cam1_2026-04-08_16-38-34.mp4,1141.0,1814.0,904,1489,1378,2139,0.8464197
749,/Volumes/SmithL0/2026/BIOL470/Final/Learning_Rig/bee_0408_1_rev/cam1_2026-04-08_16-38-34.mp4,1141.0,1815.0,904,1491,1378,2139,0.8445575
750,/Volumes/SmithL0/2026/BIOL470/Final/Learning_Rig/bee_0408_1_rev/cam1_2026-04-08_16-38-34.mp4,1141.0,1815.0,903,1491,1379,2139,0.8447546
751,/Volumes/SmithL0/2026/BIOL470/Final/Learning_Rig/bee_0408_1_rev/cam1_2026-04-08_16-38-34.mp4,1141.0,1814.0,904,1490,1378,2138,0.84613425
752,/Volumes/SmithL0/2026/BIOL470/Final/Learning_Rig/bee_0408_1_rev/cam1_2026-04-08_16-38-34.mp4,1140.5,1815.0,903,1491,1378,2139,0.8440461
753,/Volumes/SmithL0/2026/BIOL470/Final/Learning_Rig/bee_0408_1_rev/cam1_2026-04-08_16-38-34.mp4,1140.5,1815.0,903,1491,1378,2139,0.84515876
754,/Volumes/SmithL0/2026/BIOL470/Final/Learning_Rig/bee_0408_1_rev/cam1_2026-04-08_16-38-34.mp4,1140.5,1814.5,903,1491,1378,2138,0.8430948
755,/Volumes/SmithL0/2026/BIOL470/Final/Learning_Rig/bee_0408_1_rev/cam1_2026-04-08_16-38-34.mp4,1141.0,1815.0,904,1491,1378,2139,0.8440168
756,/Volumes/SmithL0/2026/BIOL470/Final/Learning_Rig/bee_0408_1_rev/cam1_2026-04-08_16-38-34.mp4,1141.0,1815.0,904,1491,1378,2139,0.84338367
757,/Volumes/SmithL0/2026/BIOL470/Final/Learning_Rig/bee_0408_1_rev/cam1_2026-04-08_16-38-34.mp4,1139.5,1815.0,901,1491,1378,2139,0.8434877
758,/Volumes/SmithL0/2026/BIOL470/Final/Learning_Rig/bee_0408_1_rev/cam1_2026-04-08_16-38-34.mp4,1140.5,1814.5,903,1491,1378,2138,0.84465164
759,/Volumes/SmithL0/2026/BIOL470/Final/Learning_Rig/bee_0408_1_rev/cam1_2026-04-08_16-38-34.mp4,1140.5,1814.5,903,1490,1378,2139,0.84504724
760,/Volumes/SmithL0/2026/BIOL470/Final/Learning_Rig/bee_0408_1_rev/cam1_2026-04-08_16-38-34.mp4,1141.0,1815.5,904,1492,1378,2139,0.8459146
761,/Volumes/SmithL0/2026/BIOL470/Final/Learning_Rig/bee_0408_1_rev/cam1_2026-04-08_16-38-34.mp4,1141.0,1814.5,904,1491,1378,2138,0.8434899
762,/Volumes/SmithL0/2026/BIOL470/Final/Learning_Rig/bee_0408_1_rev/cam1_2026-04-08_16-38-34.mp4,1140.5,1815.0,904,1491,1377,2139,0.8453623
763,/Volumes/SmithL0/2026/BIOL470/Final/Learning_Rig/bee_0408_1_rev/cam1_2026-04-08_16-38-34.mp4,1140.0,1815.0,903,1491,1377,2139,0.844838
764,/Volumes/SmithL0/2026/BIOL470/Final/Learning_Rig/bee_0408_1_rev/cam1_2026-04-08_16-38-34.mp4,1140.0,1815.0,903,1491,1377,2139,0.8464673
765,/Volumes/SmithL0/2026/BIOL470/Final/Learning_Rig/bee_0408_1_rev/cam1_2026-04-08_16-38-34.mp4,1139.5,1815.5,902,1492,1377,2139,0.84168863
766,/Volumes/SmithL0/2026/BIOL470/Final/Learning_Rig/bee_0408_1_rev/cam1_2026-04-08_16-38-34.mp4,1140.5,1815.0,903,1491,1378,2139,0.84296376
767,/Volumes/SmithL0/2026/BIOL470/Final/Learning_Rig/bee_0408_1_rev/cam1_2026-04-08_16-38-34.mp4,1140.5,1814.5,903,1490,1378,2139,0.8443019
768,/Volumes/SmithL0/2026/BIOL470/Final/Learning_Rig/bee_0408_1_rev/cam1_2026-04-08_16-38-34.mp4,1140.5,1815.0,903,1490,1378,2140,0.8444391
769,/Volumes/SmithL0/2026/BIOL470/Final/Learning_Rig/bee_0408_1_rev/cam1_2026-04-08_16-38-34.mp4,1140.5,1814.5,903,1490,1378,2139,0.8447086
770,/Volumes/SmithL0/2026/BIOL470/Final/Learning_Rig/bee_0408_1_rev/cam1_2026-04-08_16-38-34.mp4,1140.5,1815.0,904,1490,1377,2140,0.8456455
771,/Volumes/SmithL0/2026/BIOL470/Final/Learning_Rig/bee_0408_1_rev/cam1_2026-04-08_16-38-34.mp4,1140.5,1815.5,903,1491,1378,2140,0.8450523
772,/Volumes/SmithL0/2026/BIOL470/Final/Learning_Rig/bee_0408_1_rev/cam1_2026-04-08_16-38-34.mp4,1140.5,1815.5,903,1492,1378,2139,0.844018
773,/Volumes/SmithL0/2026/BIOL470/Final/Learning_Rig/bee_0408_1_rev/cam1_2026-04-08_16-38-34.mp4,1140.0,1815.5,903,1491,1377,2140,0.8456702
774,/Volumes/SmithL0/2026/BIOL470/Final/Learning_Rig/bee_0408_1_rev/cam1_2026-04-08_16-38-34.mp4,1139.5,1815.0,902,1490,1377,2140,0.8479042
775,/Volumes/SmithL0/2026/BIOL470/Final/Learning_Rig/bee_0408_1_rev/cam1_2026-04-08_16-38-34.mp4,1140.0,1815.5,902,1491,1378,2140,0.8444933
776,/Volumes/SmithL0/2026/BIOL470/Final/Learning_Rig/bee_0408_1_rev/cam1_2026-04-08_16-38-34.mp4,1141.0,1815.0,904,1491,1378,2139,0.84518
777,/Volumes/SmithL0/2026/BIOL470/Final/Learning_Rig/bee_0408_1_rev/cam1_2026-04-08_16-38-34.mp4,1141.0,1814.5,903,1490,1379,2139,0.8447424
778,/Volumes/SmithL0/2026/BIOL470/Final/Learning_Rig/bee_0408_1_rev/cam1_2026-04-08_16-38-34.mp4,1140.5,1814.5,903,1490,1378,2139,0.84486187
779,/Volumes/SmithL0/2026/BIOL470/Final/Learning_Rig/bee_0408_1_rev/cam1_2026-04-08_16-38-34.mp4,1140.0,1814.5,903,1491,1377,2138,0.8465916
780,/Volumes/SmithL0/2026/BIOL470/Final/Learning_Rig/bee_0408_1_rev/cam1_2026-04-08_16-38-34.mp4,1141.0,1815.0,903,1492,1379,2138,0.8417316
781,/Volumes/SmithL0/2026/BIOL470/Final/Learning_Rig/bee_0408_1_rev/cam1_2026-04-08_16-38-34.mp4,1141.0,1815.0,903,1491,1379,2139,0.8428839
782,/Volumes/SmithL0/2026/BIOL470/Final/Learning_Rig/bee_0408_1_rev/cam1_2026-04-08_16-38-34.mp4,1140.5,1814.0,902,1490,1379,2138,0.8430928
783,/Volumes/SmithL0/2026/BIOL470/Final/Learning_Rig/bee_0408_1_rev/cam1_2026-04-08_16-38-34.mp4,1141.5,1814.0,904,1490,1379,2138,0.84349954
784,/Volumes/SmithL0/2026/BIOL470/Final/Learning_Rig/bee_0408_1_rev/cam1_2026-04-08_16-38-34.mp4,1141.0,1815.0,903,1491,1379,2139,0.8438667
785,/Volumes/SmithL0/2026/BIOL470/Final/Learning_Rig/bee_0408_1_rev/cam1_2026-04-08_16-38-34.mp4,1140.5,1814.5,903,1491,1378,2138,0.8434899
786,/Volumes/SmithL0/2026/BIOL470/Final/Learning_Rig/bee_0408_1_rev/cam1_2026-04-08_16-38-34.mp4,1140.5,1815.0,902,1491,1379,2139,0.8428641
787,/Volumes/SmithL0/2026/BIOL470/Final/Learning_Rig/bee_0408_1_rev/cam1_2026-04-08_16-38-34.mp4,1140.5,1815.0,903,1491,1378,2139,0.84541965
788,/Volumes/SmithL0/2026/BIOL470/Final/Learning_Rig/bee_0408_1_rev/cam1_2026-04-08_16-38-34.mp4,1140.0,1815.0,902,1491,1378,2139,0.8439755
789,/Volumes/SmithL0/2026/BIOL470/Final/Learning_Rig/bee_0408_1_rev/cam1_2026-04-08_16-38-34.mp4,1141.0,1814.0,903,1490,1379,2138,0.8456679
790,/Volumes/SmithL0/2026/BIOL470/Final/Learning_Rig/bee_0408_1_rev/cam1_2026-04-08_16-38-34.mp4,1142.0,1814.5,905,1491,1379,2138,0.84317887
791,/Volumes/SmithL0/2026/BIOL470/Final/Learning_Rig/bee_0408_1_rev/cam1_2026-04-08_16-38-34.mp4,1142.0,1814.0,905,1490,1379,2138,0.8436829
792,/Volumes/SmithL0/2026/BIOL470/Final/Learning_Rig/bee_0408_1_rev/cam1_2026-04-08_16-38-34.mp4,1142.0,1814.5,905,1491,1379,2138,0.84354264
793,/Volumes/SmithL0/2026/BIOL470/Final/Learning_Rig/bee_0408_1_rev/cam1_2026-04-08_16-38-34.mp4,1141.5,1815.0,904,1491,1379,2139,0.84498465
794,/Volumes/SmithL0/2026/BIOL470/Final/Learning_Rig/bee_0408_1_rev/cam1_2026-04-08_16-38-34.mp4,1141.0,1815.5,904,1492,1378,2139,0.84426373
795,/Volumes/SmithL0/2026/BIOL470/Final/Learning_Rig/bee_0408_1_rev/cam1_2026-04-08_16-38-34.mp4,1140.5,1815.5,902,1492,1379,2139,0.84448683
796,/Volumes/SmithL0/2026/BIOL470/Final/Learning_Rig/bee_0408_1_rev/cam1_2026-04-08_16-38-34.mp4,1140.0,1814.5,902,1491,1378,2138,0.84650934
797,/Volumes/SmithL0/2026/BIOL470/Final/Learning_Rig/bee_0408_1_rev/cam1_2026-04-08_16-38-34.mp4,1141.0,1815.0,903,1491,1379,2139,0.8464284
798,/Volumes/SmithL0/2026/BIOL470/Final/Learning_Rig/bee_0408_1_rev/cam1_2026-04-08_16-38-34.mp4,1141.0,1815.0,904,1491,1378,2139,0.84402275
799,/Volumes/SmithL0/2026/BIOL470/Final/Learning_Rig/bee_0408_1_rev/cam1_2026-04-08_16-38-34.mp4,1140.5,1815.0,903,1491,1378,2139,0.84405696
800,/Volumes/SmithL0/2026/BIOL470/Final/Learning_Rig/bee_0408_1_rev/cam1_2026-04-08_16-38-34.mp4,1141.0,1815.0,904,1492,1378,2138,0.8458631
801,/Volumes/SmithL0/2026/BIOL470/Final/Learning_Rig/bee_0408_1_rev/cam1_2026-04-08_16-38-34.mp4,1140.5,1815.0,903,1491,1378,2139,0.8443968
802,/Volumes/SmithL0/2026/BIOL470/Final/Learning_Rig/bee_0408_1_rev/cam1_2026-04-08_16-38-34.mp4,1141.5,1815.0,904,1492,1379,2138,0.8443842
803,/Volumes/SmithL0/2026/BIOL470/Final/Learning_Rig/bee_0408_1_rev/cam1_2026-04-08_16-38-34.mp4,1142.0,1814.5,905,1491,1379,2138,0.8442697
804,/Volumes/SmithL0/2026/BIOL470/Final/Learning_Rig/bee_0408_1_rev/cam1_2026-04-08_16-38-34.mp4,1141.5,1814.5,904,1491,1379,2138,0.8452301
805,/Volumes/SmithL0/2026/BIOL470/Final/Learning_Rig/bee_0408_1_rev/cam1_2026-04-08_16-38-34.mp4,1140.5,1815.0,903,1491,1378,2139,0.8435545
806,/Volumes/SmithL0/2026/BIOL470/Final/Learning_Rig/bee_0408_1_rev/cam1_2026-04-08_16-38-34.mp4,1138.5,1814.5,899,1491,1378,2138,0.84329325
807,/Volumes/SmithL0/2026/BIOL470/Final/Learning_Rig/bee_0408_1_rev/cam1_2026-04-08_16-38-34.mp4,1140.0,1814.5,902,1491,1378,2138,0.84357995
808,/Volumes/SmithL0/2026/BIOL470/Final/Learning_Rig/bee_0408_1_rev/cam1_2026-04-08_16-38-34.mp4,1141.0,1814.5,903,1491,1379,2138,0.8397166
809,/Volumes/SmithL0/2026/BIOL470/Final/Learning_Rig/bee_0408_1_rev/cam1_2026-04-08_16-38-34.mp4,1141.0,1815.0,904,1491,1378,2139,0.8411759
810,/Volumes/SmithL0/2026/BIOL470/Final/Learning_Rig/bee_0408_1_rev/cam1_2026-04-08_16-38-34.mp4,1141.0,1815.0,903,1491,1379,2139,0.84092796
811,/Volumes/SmithL0/2026/BIOL470/Final/Learning_Rig/bee_0408_1_rev/cam1_2026-04-08_16-38-34.mp4,1140.0,1815.5,902,1492,1378,2139,0.84122
812,/Volumes/SmithL0/2026/BIOL470/Final/Learning_Rig/bee_0408_1_rev/cam1_2026-04-08_16-38-34.mp4,1141.0,1815.5,903,1492,1379,2139,0.8418769
813,/Volumes/SmithL0/2026/BIOL470/Final/Learning_Rig/bee_0408_1_rev/cam1_2026-04-08_16-38-34.mp4,1141.0,1815.0,903,1492,1379,2138,0.8426495
814,/Volumes/SmithL0/2026/BIOL470/Final/Learning_Rig/bee_0408_1_rev/cam1_2026-04-08_16-38-34.mp4,1141.0,1816.0,903,1493,1379,2139,0.84290034
815,/Volumes/SmithL0/2026/BIOL470/Final/Learning_Rig/bee_0408_1_rev/cam1_2026-04-08_16-38-34.mp4,1140.5,1815.5,903,1492,1378,2139,0.84704155
816,/Volumes/SmithL0/2026/BIOL470/Final/Learning_Rig/bee_0408_1_rev/cam1_2026-04-08_16-38-34.mp4,1140.0,1815.5,902,1492,1378,2139,0.84654677
817,/Volumes/SmithL0/2026/BIOL470/Final/Learning_Rig/bee_0408_1_rev/cam1_2026-04-08_16-38-34.mp4,1141.0,1815.0,904,1491,1378,2139,0.8441423
818,/Volumes/SmithL0/2026/BIOL470/Final/Learning_Rig/bee_0408_1_rev/cam1_2026-04-08_16-38-34.mp4,1140.5,1815.5,903,1492,1378,2139,0.8432021
819,/Volumes/SmithL0/2026/BIOL470/Final/Learning_Rig/bee_0408_1_rev/cam1_2026-04-08_16-38-34.mp4,1140.5,1815.5,902,1492,1379,2139,0.8415007
820,/Volumes/SmithL0/2026/BIOL470/Final/Learning_Rig/bee_0408_1_rev/cam1_2026-04-08_16-38-34.mp4,1140.5,1815.5,902,1492,1379,2139,0.8420943
821,/Volumes/SmithL0/2026/BIOL470/Final/Learning_Rig/bee_0408_1_rev/cam1_2026-04-08_16-38-34.mp4,1140.5,1815.5,902,1492,1379,2139,0.84363264
822,/Volumes/SmithL0/2026/BIOL470/Final/Learning_Rig/bee_0408_1_rev/cam1_2026-04-08_16-38-34.mp4,1141.0,1815.0,903,1491,1379,2139,0.84388846
823,/Volumes/SmithL0/2026/BIOL470/Final/Learning_Rig/bee_0408_1_rev/cam1_2026-04-08_16-38-34.mp4,1140.5,1815.0,902,1491,1379,2139,0.8461481
824,/Volumes/SmithL0/2026/BIOL470/Final/Learning_Rig/bee_0408_1_rev/cam1_2026-04-08_16-38-34.mp4,1140.0,1814.0,902,1490,1378,2138,0.8439904
825,/Volumes/SmithL0/2026/BIOL470/Final/Learning_Rig/bee_0408_1_rev/cam1_2026-04-08_16-38-34.mp4,1140.0,1814.5,901,1491,1379,2138,0.8443611
826,/Volumes/SmithL0/2026/BIOL470/Final/Learning_Rig/bee_0408_1_rev/cam1_2026-04-08_16-38-34.mp4,1140.0,1814.5,901,1490,1379,2139,0.84419084
827,/Volumes/SmithL0/2026/BIOL470/Final/Learning_Rig/bee_0408_1_rev/cam1_2026-04-08_16-38-34.mp4,1139.0,1815.0,900,1491,1378,2139,0.8445402
828,/Volumes/SmithL0/2026/BIOL470/Final/Learning_Rig/bee_0408_1_rev/cam1_2026-04-08_16-38-34.mp4,1140.5,1815.0,902,1491,1379,2139,0.8435408
829,/Volumes/SmithL0/2026/BIOL470/Final/Learning_Rig/bee_0408_1_rev/cam1_2026-04-08_16-38-34.mp4,1141.0,1815.5,903,1492,1379,2139,0.84292287
830,/Volumes/SmithL0/2026/BIOL470/Final/Learning_Rig/bee_0408_1_rev/cam1_2026-04-08_16-38-34.mp4,1141.0,1815.0,903,1491,1379,2139,0.8423226
831,/Volumes/SmithL0/2026/BIOL470/Final/Learning_Rig/bee_0408_1_rev/cam1_2026-04-08_16-38-34.mp4,1141.0,1814.5,903,1490,1379,2139,0.84352535
832,/Volumes/SmithL0/2026/BIOL470/Final/Learning_Rig/bee_0408_1_rev/cam1_2026-04-08_16-38-34.mp4,1141.0,1814.0,904,1490,1378,2138,0.8422213
833,/Volumes/SmithL0/2026/BIOL470/Final/Learning_Rig/bee_0408_1_rev/cam1_2026-04-08_16-38-34.mp4,1141.0,1814.5,904,1490,1378,2139,0.8429508
834,/Volumes/SmithL0/2026/BIOL470/Final/Learning_Rig/bee_0408_1_rev/cam1_2026-04-08_16-38-34.mp4,1141.5,1815.0,905,1491,1378,2139,0.84519446
835,/Volumes/SmithL0/2026/BIOL470/Final/Learning_Rig/bee_0408_1_rev/cam1_2026-04-08_16-38-34.mp4,1141.5,1815.0,904,1491,1379,2139,0.84494185
836,/Volumes/SmithL0/2026/BIOL470/Final/Learning_Rig/bee_0408_1_rev/cam1_2026-04-08_16-38-34.mp4,1140.5,1814.5,903,1491,1378,2138,0.8445917
837,/Volumes/SmithL0/2026/BIOL470/Final/Learning_Rig/bee_0408_1_rev/cam1_2026-04-08_16-38-34.mp4,1140.5,1814.5,903,1490,1378,2139,0.8456976
838,/Volumes/SmithL0/2026/BIOL470/Final/Learning_Rig/bee_0408_1_rev/cam1_2026-04-08_16-38-34.mp4,1141.0,1814.0,903,1490,1379,2138,0.8452745
839,/Volumes/SmithL0/2026/BIOL470/Final/Learning_Rig/bee_0408_1_rev/cam1_2026-04-08_16-38-34.mp4,1141.0,1814.0,904,1490,1378,2138,0.84460264
840,/Volumes/SmithL0/2026/BIOL470/Final/Learning_Rig/bee_0408_1_rev/cam1_2026-04-08_16-38-34.mp4,1141.0,1814.0,904,1490,1378,2138,0.8430038
841,/Volumes/SmithL0/2026/BIOL470/Final/Learning_Rig/bee_0408_1_rev/cam1_2026-04-08_16-38-34.mp4,1141.0,1814.0,904,1490,1378,2138,0.8439607
842,/Volumes/SmithL0/2026/BIOL470/Final/Learning_Rig/bee_0408_1_rev/cam1_2026-04-08_16-38-34.mp4,1140.5,1814.0,903,1490,1378,2138,0.84419715
843,/Volumes/SmithL0/2026/BIOL470/Final/Learning_Rig/bee_0408_1_rev/cam1_2026-04-08_16-38-34.mp4,1140.0,1813.5,902,1489,1378,2138,0.84323126
844,/Volumes/SmithL0/2026/BIOL470/Final/Learning_Rig/bee_0408_1_rev/cam1_2026-04-08_16-38-34.mp4,1140.5,1813.5,902,1490,1379,2137,0.8422002
845,/Volumes/SmithL0/2026/BIOL470/Final/Learning_Rig/bee_0408_1_rev/cam1_2026-04-08_16-38-34.mp4,1140.5,1813.5,903,1489,1378,2138,0.8447658
846,/Volumes/SmithL0/2026/BIOL470/Final/Learning_Rig/bee_0408_1_rev/cam1_2026-04-08_16-38-34.mp4,1141.0,1814.0,903,1490,1379,2138,0.8440958
847,/Volumes/SmithL0/2026/BIOL470/Final/Learning_Rig/bee_0408_1_rev/cam1_2026-04-08_16-38-34.mp4,1141.0,1813.5,903,1489,1379,2138,0.8445411
848,/Volumes/SmithL0/2026/BIOL470/Final/Learning_Rig/bee_0408_1_rev/cam1_2026-04-08_16-38-34.mp4,1141.5,1814.0,903,1490,1380,2138,0.8444654
849,/Volumes/SmithL0/2026/BIOL470/Final/Learning_Rig/bee_0408_1_rev/cam1_2026-04-08_16-38-34.mp4,1141.5,1814.0,903,1490,1380,2138,0.8450765
850,/Volumes/SmithL0/2026/BIOL470/Final/Learning_Rig/bee_0408_1_rev/cam1_2026-04-08_16-38-34.mp4,1141.0,1813.5,903,1490,1379,2137,0.84392655
851,/Volumes/SmithL0/2026/BIOL470/Final/Learning_Rig/bee_0408_1_rev/cam1_2026-04-08_16-38-34.mp4,1142.0,1814.5,905,1491,1379,2138,0.84584224
852,/Volumes/SmithL0/2026/BIOL470/Final/Learning_Rig/bee_0408_1_rev/cam1_2026-04-08_16-38-34.mp4,1141.5,1814.0,904,1491,1379,2137,0.84465885
853,/Volumes/SmithL0/2026/BIOL470/Final/Learning_Rig/bee_0408_1_rev/cam1_2026-04-08_16-38-34.mp4,1142.0,1814.5,904,1491,1380,2138,0.8450209
854,/Volumes/SmithL0/2026/BIOL470/Final/Learning_Rig/bee_0408_1_rev/cam1_2026-04-08_16-38-34.mp4,1142.0,1814.0,905,1491,1379,2137,0.84366506
855,/Volumes/SmithL0/2026/BIOL470/Final/Learning_Rig/bee_0408_1_rev/cam1_2026-04-08_16-38-34.mp4,1141.0,1813.5,904,1490,1378,2137,0.84348476
856,/Volumes/SmithL0/2026/BIOL470/Final/Learning_Rig/bee_0408_1_rev/cam1_2026-04-08_16-38-34.mp4,1141.5,1814.5,904,1491,1379,2138,0.84433734
857,/Volumes/SmithL0/2026/BIOL470/Final/Learning_Rig/bee_0408_1_rev/cam1_2026-04-08_16-38-34.mp4,1141.0,1814.5,904,1490,1378,2139,0.8433067
858,/Volumes/SmithL0/2026/BIOL470/Final/Learning_Rig/bee_0408_1_rev/cam1_2026-04-08_16-38-34.mp4,1141.0,1814.0,904,1490,1378,2138,0.84368145
859,/Volumes/SmithL0/2026/BIOL470/Final/Learning_Rig/bee_0408_1_rev/cam1_2026-04-08_16-38-34.mp4,1140.5,1814.5,903,1490,1378,2139,0.8439073
860,/Volumes/SmithL0/2026/BIOL470/Final/Learning_Rig/bee_0408_1_rev/cam1_2026-04-08_16-38-34.mp4,1141.5,1815.0,904,1491,1379,2139,0.84431183
861,/Volumes/SmithL0/2026/BIOL470/Final/Learning_Rig/bee_0408_1_rev/cam1_2026-04-08_16-38-34.mp4,1141.0,1815.0,904,1491,1378,2139,0.8438992
862,/Volumes/SmithL0/2026/BIOL470/Final/Learning_Rig/bee_0408_1_rev/cam1_2026-04-08_16-38-34.mp4,1141.0,1814.0,904,1490,1378,2138,0.84388137
863,/Volumes/SmithL0/2026/BIOL470/Final/Learning_Rig/bee_0408_1_rev/cam1_2026-04-08_16-38-34.mp4,1141.5,1814.5,904,1491,1379,2138,0.8437256
864,/Volumes/SmithL0/2026/BIOL470/Final/Learning_Rig/bee_0408_1_rev/cam1_2026-04-08_16-38-34.mp4,1141.5,1815.0,904,1491,1379,2139,0.8436835
865,/Volumes/SmithL0/2026/BIOL470/Final/Learning_Rig/bee_0408_1_rev/cam1_2026-04-08_16-38-34.mp4,1140.5,1813.5,902,1489,1379,2138,0.8453492
866,/Volumes/SmithL0/2026/BIOL470/Final/Learning_Rig/bee_0408_1_rev/cam1_2026-04-08_16-38-34.mp4,1140.5,1813.5,902,1489,1379,2138,0.8460595
867,/Volumes/SmithL0/2026/BIOL470/Final/Learning_Rig/bee_0408_1_rev/cam1_2026-04-08_16-38-34.mp4,1140.5,1813.0,903,1488,1378,2138,0.84538656
868,/Volumes/SmithL0/2026/BIOL470/Final/Learning_Rig/bee_0408_1_rev/cam1_2026-04-08_16-38-34.mp4,1141.5,1813.5,904,1489,1379,2138,0.844946
869,/Volumes/SmithL0/2026/BIOL470/Final/Learning_Rig/bee_0408_1_rev/cam1_2026-04-08_16-38-34.mp4,1141.5,1813.5,904,1489,1379,2138,0.8416048
870,/Volumes/SmithL0/2026/BIOL470/Final/Learning_Rig/bee_0408_1_rev/cam1_2026-04-08_16-38-34.mp4,1141.5,1814.5,904,1491,1379,2138,0.8442391
871,/Volumes/SmithL0/2026/BIOL470/Final/Learning_Rig/bee_0408_1_rev/cam1_2026-04-08_16-38-34.mp4,1140.5,1814.5,902,1491,1379,2138,0.84358007
872,/Volumes/SmithL0/2026/BIOL470/Final/Learning_Rig/bee_0408_1_rev/cam1_2026-04-08_16-38-34.mp4,1141.5,1814.5,905,1491,1378,2138,0.84320694
873,/Volumes/SmithL0/2026/BIOL470/Final/Learning_Rig/bee_0408_1_rev/cam1_2026-04-08_16-38-34.mp4,1140.5,1814.5,903,1491,1378,2138,0.84255135
874,/Volumes/SmithL0/2026/BIOL470/Final/Learning_Rig/bee_0408_1_rev/cam1_2026-04-08_16-38-34.mp4,1140.5,1814.0,903,1490,1378,2138,0.8429678
875,/Volumes/SmithL0/2026/BIOL470/Final/Learning_Rig/bee_0408_1_rev/cam1_2026-04-08_16-38-34.mp4,1140.0,1815.0,902,1491,1378,2139,0.84269345
876,/Volumes/SmithL0/2026/BIOL470/Final/Learning_Rig/bee_0408_1_rev/cam1_2026-04-08_16-38-34.mp4,1140.0,1814.5,902,1490,1378,2139,0.84504783
877,/Volumes/SmithL0/2026/BIOL470/Final/Learning_Rig/bee_0408_1_rev/cam1_2026-04-08_16-38-34.mp4,1140.5,1814.0,902,1490,1379,2138,0.8428193
878,/Volumes/SmithL0/2026/BIOL470/Final/Learning_Rig/bee_0408_1_rev/cam1_2026-04-08_16-38-34.mp4,1140.5,1815.0,902,1491,1379,2139,0.8436368
879,/Volumes/SmithL0/2026/BIOL470/Final/Learning_Rig/bee_0408_1_rev/cam1_2026-04-08_16-38-34.mp4,1140.0,1814.5,902,1490,1378,2139,0.84611404
880,/Volumes/SmithL0/2026/BIOL470/Final/Learning_Rig/bee_0408_1_rev/cam1_2026-04-08_16-38-34.mp4,1140.0,1815.0,901,1491,1379,2139,0.84373593
881,/Volumes/SmithL0/2026/BIOL470/Final/Learning_Rig/bee_0408_1_rev/cam1_2026-04-08_16-38-34.mp4,1139.5,1813.5,901,1489,1378,2138,0.84470856
882,/Volumes/SmithL0/2026/BIOL470/Final/Learning_Rig/bee_0408_1_rev/cam1_2026-04-08_16-38-34.mp4,1140.0,1813.5,902,1489,1378,2138,0.8450177
883,/Volumes/SmithL0/2026/BIOL470/Final/Learning_Rig/bee_0408_1_rev/cam1_2026-04-08_16-38-34.mp4,1140.0,1813.5,902,1489,1378,2138,0.84414923
884,/Volumes/SmithL0/2026/BIOL470/Final/Learning_Rig/bee_0408_1_rev/cam1_2026-04-08_16-38-34.mp4,1140.0,1813.5,902,1489,1378,2138,0.8437717
885,/Volumes/SmithL0/2026/BIOL470/Final/Learning_Rig/bee_0408_1_rev/cam1_2026-04-08_16-38-34.mp4,1140.0,1814.5,902,1490,1378,2139,0.8464272
886,/Volumes/SmithL0/2026/BIOL470/Final/Learning_Rig/bee_0408_1_rev/cam1_2026-04-08_16-38-34.mp4,1140.0,1814.0,902,1490,1378,2138,0.8477329
887,/Volumes/SmithL0/2026/BIOL470/Final/Learning_Rig/bee_0408_1_rev/cam1_2026-04-08_16-38-34.mp4,1140.5,1814.0,903,1489,1378,2139,0.84695464
888,/Volumes/SmithL0/2026/BIOL470/Final/Learning_Rig/bee_0408_1_rev/cam1_2026-04-08_16-38-34.mp4,1140.0,1813.5,902,1489,1378,2138,0.8454436
889,/Volumes/SmithL0/2026/BIOL470/Final/Learning_Rig/bee_0408_1_rev/cam1_2026-04-08_16-38-34.mp4,1140.0,1814.0,902,1489,1378,2139,0.84677273
890,/Volumes/SmithL0/2026/BIOL470/Final/Learning_Rig/bee_0408_1_rev/cam1_2026-04-08_16-38-34.mp4,1140.5,1813.5,903,1489,1378,2138,0.84592444
891,/Volumes/SmithL0/2026/BIOL470/Final/Learning_Rig/bee_0408_1_rev/cam1_2026-04-08_16-38-34.mp4,1140.0,1814.5,902,1490,1378,2139,0.84501904
892,/Volumes/SmithL0/2026/BIOL470/Final/Learning_Rig/bee_0408_1_rev/cam1_2026-04-08_16-38-34.mp4,1139.5,1815.0,901,1491,1378,2139,0.8467383
893,/Volumes/SmithL0/2026/BIOL470/Final/Learning_Rig/bee_0408_1_rev/cam1_2026-04-08_16-38-34.mp4,1139.5,1815.0,901,1490,1378,2140,0.8465208
894,/Volumes/SmithL0/2026/BIOL470/Final/Learning_Rig/bee_0408_1_rev/cam1_2026-04-08_16-38-34.mp4,1139.5,1814.5,902,1490,1377,2139,0.8456058
895,/Volumes/SmithL0/2026/BIOL470/Final/Learning_Rig/bee_0408_1_rev/cam1_2026-04-08_16-38-34.mp4,1139.0,1815.0,901,1490,1377,2140,0.8458045
896,/Volumes/SmithL0/2026/BIOL470/Final/Learning_Rig/bee_0408_1_rev/cam1_2026-04-08_16-38-34.mp4,1139.5,1815.0,901,1491,1378,2139,0.84356755
897,/Volumes/SmithL0/2026/BIOL470/Final/Learning_Rig/bee_0408_1_rev/cam1_2026-04-08_16-38-34.mp4,1138.5,1814.0,900,1489,1377,2139,0.8449809
898,/Volumes/SmithL0/2026/BIOL470/Final/Learning_Rig/bee_0408_1_rev/cam1_2026-04-08_16-38-34.mp4,1140.0,1813.5,903,1489,1377,2138,0.84497464
899,/Volumes/SmithL0/2026/BIOL470/Final/Learning_Rig/bee_0408_1_rev/cam1_2026-04-08_16-38-34.mp4,1141.0,1813.0,904,1489,1378,2137,0.8447435
900,/Volumes/SmithL0/2026/BIOL470/Final/Learning_Rig/bee_0408_1_rev/cam1_2026-04-08_16-38-34.mp4,1140.5,1814.0,903,1489,1378,2139,0.84384626
901,/Volumes/SmithL0/2026/BIOL470/Final/Learning_Rig/bee_0408_1_rev/cam1_2026-04-08_16-38-34.mp4,1140.0,1815.0,902,1490,1378,2140,0.8441381
902,/Volumes/SmithL0/2026/BIOL470/Final/Learning_Rig/bee_0408_1_rev/cam1_2026-04-08_16-38-34.mp4,1140.5,1814.5,903,1489,1378,2140,0.8450013
903,/Volumes/SmithL0/2026/BIOL470/Final/Learning_Rig/bee_0408_1_rev/cam1_2026-04-08_16-38-34.mp4,1140.5,1814.0,903,1489,1378,2139,0.845328
904,/Volumes/SmithL0/2026/BIOL470/Final/Learning_Rig/bee_0408_1_rev/cam1_2026-04-08_16-38-34.mp4,1140.5,1814.0,903,1489,1378,2139,0.847583
905,/Volumes/SmithL0/2026/BIOL470/Final/Learning_Rig/bee_0408_1_rev/cam1_2026-04-08_16-38-34.mp4,1140.5,1813.0,903,1488,1378,2138,0.8483701
906,/Volumes/SmithL0/2026/BIOL470/Final/Learning_Rig/bee_0408_1_rev/cam1_2026-04-08_16-38-34.mp4,1141.0,1813.0,904,1488,1378,2138,0.84718156
907,/Volumes/SmithL0/2026/BIOL470/Final/Learning_Rig/bee_0408_1_rev/cam1_2026-04-08_16-38-34.mp4,1140.5,1813.5,903,1489,1378,2138,0.8456254
908,/Volumes/SmithL0/2026/BIOL470/Final/Learning_Rig/bee_0408_1_rev/cam1_2026-04-08_16-38-34.mp4,1140.5,1813.0,903,1488,1378,2138,0.8445184
909,/Volumes/SmithL0/2026/BIOL470/Final/Learning_Rig/bee_0408_1_rev/cam1_2026-04-08_16-38-34.mp4,1140.5,1813.0,903,1489,1378,2137,0.8459617
910,/Volumes/SmithL0/2026/BIOL470/Final/Learning_Rig/bee_0408_1_rev/cam1_2026-04-08_16-38-34.mp4,1140.5,1812.5,903,1488,1378,2137,0.845873
911,/Volumes/SmithL0/2026/BIOL470/Final/Learning_Rig/bee_0408_1_rev/cam1_2026-04-08_16-38-34.mp4,1140.0,1812.0,903,1487,1377,2137,0.848323
912,/Volumes/SmithL0/2026/BIOL470/Final/Learning_Rig/bee_0408_1_rev/cam1_2026-04-08_16-38-34.mp4,1141.0,1811.5,904,1487,1378,2136,0.8460364
913,/Volumes/SmithL0/2026/BIOL470/Final/Learning_Rig/bee_0408_1_rev/cam1_2026-04-08_16-38-34.mp4,1140.5,1811.5,903,1487,1378,2136,0.84681493
914,/Volumes/SmithL0/2026/BIOL470/Final/Learning_Rig/bee_0408_1_rev/cam1_2026-04-08_16-38-34.mp4,1140.5,1809.0,904,1484,1377,2134,0.846339
915,/Volumes/SmithL0/2026/BIOL470/Final/Learning_Rig/bee_0408_1_rev/cam1_2026-04-08_16-38-34.mp4,1141.0,1808.0,904,1482,1378,2134,0.84772265
916,/Volumes/SmithL0/2026/BIOL470/Final/Learning_Rig/bee_0408_1_rev/cam1_2026-04-08_16-38-34.mp4,1141.0,1809.0,904,1484,1378,2134,0.84817684
917,/Volumes/SmithL0/2026/BIOL470/Final/Learning_Rig/bee_0408_1_rev/cam1_2026-04-08_16-38-34.mp4,1140.5,1808.5,903,1483,1378,2134,0.84874815
918,/Volumes/SmithL0/2026/BIOL470/Final/Learning_Rig/bee_0408_1_rev/cam1_2026-04-08_16-38-34.mp4,1141.0,1809.0,904,1483,1378,2135,0.84509915
919,/Volumes/SmithL0/2026/BIOL470/Final/Learning_Rig/bee_0408_1_rev/cam1_2026-04-08_16-38-34.mp4,1141.5,1809.0,905,1483,1378,2135,0.8457265
920,/Volumes/SmithL0/2026/BIOL470/Final/Learning_Rig/bee_0408_1_rev/cam1_2026-04-08_16-38-34.mp4,1141.0,1808.5,904,1483,1378,2134,0.84619945
