,filepath,x_centroid,y_centroid,x_min,y_min,x_max,y_max,detection_confidence
0,/Volumes/SmithL0/2026/BIOL470/Final/Learning_Rig/bee_0408_1_rev/cam1_2026-04-08_16-32-22.mp4,1577.5,1700.5,1323,1376,1832,2025,0.81797314
1,/Volumes/SmithL0/2026/BIOL470/Final/Learning_Rig/bee_0408_1_rev/cam1_2026-04-08_16-32-22.mp4,1578.0,1698.0,1323,1376,1833,2020,0.81613743
2,/Volumes/SmithL0/2026/BIOL470/Final/Learning_Rig/bee_0408_1_rev/cam1_2026-04-08_16-32-22.mp4,1578.0,1700.0,1323,1377,1833,2023,0.82044214
3,/Volumes/SmithL0/2026/BIOL470/Final/Learning_Rig/bee_0408_1_rev/cam1_2026-04-08_16-32-22.mp4,1578.5,1699.0,1323,1376,1834,2022,0.8204468
4,/Volumes/SmithL0/2026/BIOL470/Final/Learning_Rig/bee_0408_1_rev/cam1_2026-04-08_16-32-22.mp4,1578.5,1699.0,1323,1376,1834,2022,0.8210848
5,/Volumes/SmithL0/2026/BIOL470/Final/Learning_Rig/bee_0408_1_rev/cam1_2026-04-08_16-32-22.mp4,1578.0,1700.0,1324,1376,1832,2024,0.81735367
6,/Volumes/SmithL0/2026/BIOL470/Final/Learning_Rig/bee_0408_1_rev/cam1_2026-04-08_16-32-22.mp4,1578.0,1699.5,1324,1376,1832,2023,0.8180621
7,/Volumes/SmithL0/2026/BIOL470/Final/Learning_Rig/bee_0408_1_rev/cam1_2026-04-08_16-32-22.mp4,1578.0,1699.5,1324,1376,1832,2023,0.8131378
8,/Volumes/SmithL0/2026/BIOL470/Final/Learning_Rig/bee_0408_1_rev/cam1_2026-04-08_16-32-22.mp4,1578.5,1698.5,1325,1376,1832,2021,0.81502694
9,/Volumes/SmithL0/2026/BIOL470/Final/Learning_Rig/bee_0408_1_rev/cam1_2026-04-08_16-32-22.mp4,1578.5,1699.5,1324,1376,1833,2023,0.81618905
10,/Volumes/SmithL0/2026/BIOL470/Final/Learning_Rig/bee_0408_1_rev/cam1_2026-04-08_16-32-22.mp4,1579.0,1700.5,1324,1377,1834,2024,0.8190767
11,/Volumes/SmithL0/2026/BIOL470/Final/Learning_Rig/bee_0408_1_rev/cam1_2026-04-08_16-32-22.mp4,1579.5,1701.0,1324,1377,1835,2025,0.81961703
12,/Volumes/SmithL0/2026/BIOL470/Final/Learning_Rig/bee_0408_1_rev/cam1_2026-04-08_16-32-22.mp4,1580.0,1700.0,1323,1376,1837,2024,0.82039833
13,/Volumes/SmithL0/2026/BIOL470/Final/Learning_Rig/bee_0408_1_rev/cam1_2026-04-08_16-32-22.mp4,1580.5,1700.0,1323,1376,1838,2024,0.8182481
14,/Volumes/SmithL0/2026/BIOL470/Final/Learning_Rig/bee_0408_1_rev/cam1_2026-04-08_16-32-22.mp4,1581.0,1700.0,1324,1377,1838,2023,0.8186511
15,/Volumes/SmithL0/2026/BIOL470/Final/Learning_Rig/bee_0408_1_rev/cam1_2026-04-08_16-32-22.mp4,1580.5,1700.5,1324,1376,1837,2025,0.8171556
16,/Volumes/SmithL0/2026/BIOL470/Final/Learning_Rig/bee_0408_1_rev/cam1_2026-04-08_16-32-22.mp4,1580.5,1701.0,1324,1377,1837,2025,0.8165636
17,/Volumes/SmithL0/2026/BIOL470/Final/Learning_Rig/bee_0408_1_rev/cam1_2026-04-08_16-32-22.mp4,1580.0,1700.0,1323,1377,1837,2023,0.8131016
18,/Volumes/SmithL0/2026/BIOL470/Final/Learning_Rig/bee_0408_1_rev/cam1_2026-04-08_16-32-22.mp4,1579.5,1700.5,1323,1377,1836,2024,0.8165026
19,/Volumes/SmithL0/2026/BIOL470/Final/Learning_Rig/bee_0408_1_rev/cam1_2026-04-08_16-32-22.mp4,1579.0,1700.5,1323,1377,1835,2024,0.8181807
20,/Volumes/SmithL0/2026/BIOL470/Final/Learning_Rig/bee_0408_1_rev/cam1_2026-04-08_16-32-22.mp4,1580.0,1701.0,1323,1377,1837,2025,0.8201171
21,/Volumes/SmithL0/2026/BIOL470/Final/Learning_Rig/bee_0408_1_rev/cam1_2026-04-08_16-32-22.mp4,1579.5,1701.0,1323,1377,1836,2025,0.8159181
22,/Volumes/SmithL0/2026/BIOL470/Final/Learning_Rig/bee_0408_1_rev/cam1_2026-04-08_16-32-22.mp4,1580.0,1701.0,1323,1376,1837,2026,0.8184866
23,/Volumes/SmithL0/2026/BIOL470/Final/Learning_Rig/bee_0408_1_rev/cam1_2026-04-08_16-32-22.mp4,1580.0,1701.5,1323,1376,1837,2027,0.8183447
24,/Volumes/SmithL0/2026/BIOL470/Final/Learning_Rig/bee_0408_1_rev/cam1_2026-04-08_16-32-22.mp4,1580.5,1701.5,1324,1376,1837,2027,0.8139466
25,/Volumes/SmithL0/2026/BIOL470/Final/Learning_Rig/bee_0408_1_rev/cam1_2026-04-08_16-32-22.mp4,1580.5,1701.5,1323,1377,1838,2026,0.81855124
26,/Volumes/SmithL0/2026/BIOL470/Final/Learning_Rig/bee_0408_1_rev/cam1_2026-04-08_16-32-22.mp4,1580.0,1701.5,1323,1377,1837,2026,0.8183941
27,/Volumes/SmithL0/2026/BIOL470/Final/Learning_Rig/bee_0408_1_rev/cam1_2026-04-08_16-32-22.mp4,1579.0,1701.0,1323,1376,1835,2026,0.8170454
28,/Volumes/SmithL0/2026/BIOL470/Final/Learning_Rig/bee_0408_1_rev/cam1_2026-04-08_16-32-22.mp4,1578.0,1701.5,1323,1377,1833,2026,0.81888694
29,/Volumes/SmithL0/2026/BIOL470/Final/Learning_Rig/bee_0408_1_rev/cam1_2026-04-08_16-32-22.mp4,1579.5,1701.5,1324,1376,1835,2027,0.8137356
30,/Volumes/SmithL0/2026/BIOL470/Final/Learning_Rig/bee_0408_1_rev/cam1_2026-04-08_16-32-22.mp4,1578.5,1701.5,1324,1377,1833,2026,0.8146039
31,/Volumes/SmithL0/2026/BIOL470/Final/Learning_Rig/bee_0408_1_rev/cam1_2026-04-08_16-32-22.mp4,1579.0,1701.5,1324,1377,1834,2026,0.81002504
32,/Volumes/SmithL0/2026/BIOL470/Final/Learning_Rig/bee_0408_1_rev/cam1_2026-04-08_16-32-22.mp4,1580.0,1702.0,1324,1377,1836,2027,0.8159003
33,/Volumes/SmithL0/2026/BIOL470/Final/Learning_Rig/bee_0408_1_rev/cam1_2026-04-08_16-32-22.mp4,1579.5,1701.0,1324,1376,1835,2026,0.8135192
34,/Volumes/SmithL0/2026/BIOL470/Final/Learning_Rig/bee_0408_1_rev/cam1_2026-04-08_16-32-22.mp4,1579.5,1701.0,1325,1377,1834,2025,0.815971
35,/Volumes/SmithL0/2026/BIOL470/Final/Learning_Rig/bee_0408_1_rev/cam1_2026-04-08_16-32-22.mp4,1579.0,1701.0,1324,1377,1834,2025,0.8155925
36,/Volumes/SmithL0/2026/BIOL470/Final/Learning_Rig/bee_0408_1_rev/cam1_2026-04-08_16-32-22.mp4,1578.5,1700.5,1324,1377,1833,2024,0.81781995
37,/Volumes/SmithL0/2026/BIOL470/Final/Learning_Rig/bee_0408_1_rev/cam1_2026-04-08_16-32-22.mp4,1578.5,1700.5,1324,1377,1833,2024,0.8145209
38,/Volumes/SmithL0/2026/BIOL470/Final/Learning_Rig/bee_0408_1_rev/cam1_2026-04-08_16-32-22.mp4,1578.5,1701.0,1324,1377,1833,2025,0.8164987
39,/Volumes/SmithL0/2026/BIOL470/Final/Learning_Rig/bee_0408_1_rev/cam1_2026-04-08_16-32-22.mp4,1578.5,1700.0,1324,1377,1833,2023,0.8173301
40,/Volumes/SmithL0/2026/BIOL470/Final/Learning_Rig/bee_0408_1_rev/cam1_2026-04-08_16-32-22.mp4,1579.0,1700.0,1324,1377,1834,2023,0.819218
41,/Volumes/SmithL0/2026/BIOL470/Final/Learning_Rig/bee_0408_1_rev/cam1_2026-04-08_16-32-22.mp4,1579.0,1701.5,1324,1377,1834,2026,0.8208552
42,/Volumes/SmithL0/2026/BIOL470/Final/Learning_Rig/bee_0408_1_rev/cam1_2026-04-08_16-32-22.mp4,1578.5,1701.5,1324,1377,1833,2026,0.8219812
43,/Volumes/SmithL0/2026/BIOL470/Final/Learning_Rig/bee_0408_1_rev/cam1_2026-04-08_16-32-22.mp4,1578.0,1701.5,1323,1377,1833,2026,0.820084
44,/Volumes/SmithL0/2026/BIOL470/Final/Learning_Rig/bee_0408_1_rev/cam1_2026-04-08_16-32-22.mp4,1578.5,1700.5,1323,1377,1834,2024,0.8202045
45,/Volumes/SmithL0/2026/BIOL470/Final/Learning_Rig/bee_0408_1_rev/cam1_2026-04-08_16-32-22.mp4,1577.5,1701.5,1323,1377,1832,2026,0.8190173
46,/Volumes/SmithL0/2026/BIOL470/Final/Learning_Rig/bee_0408_1_rev/cam1_2026-04-08_16-32-22.mp4,1577.5,1700.5,1324,1376,1831,2025,0.81889987
47,/Volumes/SmithL0/2026/BIOL470/Final/Learning_Rig/bee_0408_1_rev/cam1_2026-04-08_16-32-22.mp4,1576.5,1702.0,1323,1377,1830,2027,0.82169414
48,/Volumes/SmithL0/2026/BIOL470/Final/Learning_Rig/bee_0408_1_rev/cam1_2026-04-08_16-32-22.mp4,1578.5,1700.5,1324,1376,1833,2025,0.8190689
49,/Volumes/SmithL0/2026/BIOL470/Final/Learning_Rig/bee_0408_1_rev/cam1_2026-04-08_16-32-22.mp4,1579.0,1700.5,1324,1376,1834,2025,0.81783605
50,/Volumes/SmithL0/2026/BIOL470/Final/Learning_Rig/bee_0408_1_rev/cam1_2026-04-08_16-32-22.mp4,1579.0,1700.5,1324,1377,1834,2024,0.81877947
51,/Volumes/SmithL0/2026/BIOL470/Final/Learning_Rig/bee_0408_1_rev/cam1_2026-04-08_16-32-22.mp4,1580.0,1701.0,1324,1377,1836,2025,0.819224
52,/Volumes/SmithL0/2026/BIOL470/Final/Learning_Rig/bee_0408_1_rev/cam1_2026-04-08_16-32-22.mp4,1579.5,1702.0,1324,1378,1835,2026,0.81596833
53,/Volumes/SmithL0/2026/BIOL470/Final/Learning_Rig/bee_0408_1_rev/cam1_2026-04-08_16-32-22.mp4,1579.5,1700.5,1324,1377,1835,2024,0.8152304
54,/Volumes/SmithL0/2026/BIOL470/Final/Learning_Rig/bee_0408_1_rev/cam1_2026-04-08_16-32-22.mp4,1580.5,1700.0,1323,1376,1838,2024,0.8155943
55,/Volumes/SmithL0/2026/BIOL470/Final/Learning_Rig/bee_0408_1_rev/cam1_2026-04-08_16-32-22.mp4,1579.5,1701.0,1324,1377,1835,2025,0.8142591
56,/Volumes/SmithL0/2026/BIOL470/Final/Learning_Rig/bee_0408_1_rev/cam1_2026-04-08_16-32-22.mp4,1579.5,1700.5,1324,1377,1835,2024,0.8184023
57,/Volumes/SmithL0/2026/BIOL470/Final/Learning_Rig/bee_0408_1_rev/cam1_2026-04-08_16-32-22.mp4,1580.0,1701.0,1324,1376,1836,2026,0.8127934
58,/Volumes/SmithL0/2026/BIOL470/Final/Learning_Rig/bee_0408_1_rev/cam1_2026-04-08_16-32-22.mp4,1579.5,1700.0,1324,1376,1835,2024,0.8145427
59,/Volumes/SmithL0/2026/BIOL470/Final/Learning_Rig/bee_0408_1_rev/cam1_2026-04-08_16-32-22.mp4,1580.0,1700.5,1324,1376,1836,2025,0.811629
60,/Volumes/SmithL0/2026/BIOL470/Final/Learning_Rig/bee_0408_1_rev/cam1_2026-04-08_16-32-22.mp4,1579.5,1701.5,1323,1378,1836,2025,0.8176615
61,/Volumes/SmithL0/2026/BIOL470/Final/Learning_Rig/bee_0408_1_rev/cam1_2026-04-08_16-32-22.mp4,1579.5,1700.0,1323,1377,1836,2023,0.81893563
62,/Volumes/SmithL0/2026/BIOL470/Final/Learning_Rig/bee_0408_1_rev/cam1_2026-04-08_16-32-22.mp4,1579.5,1700.0,1323,1377,1836,2023,0.81633675
63,/Volumes/SmithL0/2026/BIOL470/Final/Learning_Rig/bee_0408_1_rev/cam1_2026-04-08_16-32-22.mp4,1579.5,1699.5,1323,1377,1836,2022,0.81372696
64,/Volumes/SmithL0/2026/BIOL470/Final/Learning_Rig/bee_0408_1_rev/cam1_2026-04-08_16-32-22.mp4,1579.5,1699.5,1323,1377,1836,2022,0.8144416
65,/Volumes/SmithL0/2026/BIOL470/Final/Learning_Rig/bee_0408_1_rev/cam1_2026-04-08_16-32-22.mp4,1579.5,1699.5,1323,1377,1836,2022,0.8095186
66,/Volumes/SmithL0/2026/BIOL470/Final/Learning_Rig/bee_0408_1_rev/cam1_2026-04-08_16-32-22.mp4,1579.0,1700.0,1323,1376,1835,2024,0.8110289
67,/Volumes/SmithL0/2026/BIOL470/Final/Learning_Rig/bee_0408_1_rev/cam1_2026-04-08_16-32-22.mp4,1579.0,1700.0,1323,1376,1835,2024,0.81685585
68,/Volumes/SmithL0/2026/BIOL470/Final/Learning_Rig/bee_0408_1_rev/cam1_2026-04-08_16-32-22.mp4,1579.5,1699.5,1323,1376,1836,2023,0.81336004
69,/Volumes/SmithL0/2026/BIOL470/Final/Learning_Rig/bee_0408_1_rev/cam1_2026-04-08_16-32-22.mp4,1579.0,1701.0,1323,1377,1835,2025,0.81877375
70,/Volumes/SmithL0/2026/BIOL470/Final/Learning_Rig/bee_0408_1_rev/cam1_2026-04-08_16-32-22.mp4,1579.0,1701.0,1323,1377,1835,2025,0.81649375
71,/Volumes/SmithL0/2026/BIOL470/Final/Learning_Rig/bee_0408_1_rev/cam1_2026-04-08_16-32-22.mp4,1579.5,1701.0,1323,1377,1836,2025,0.8160296
72,/Volumes/SmithL0/2026/BIOL470/Final/Learning_Rig/bee_0408_1_rev/cam1_2026-04-08_16-32-22.mp4,1579.0,1699.5,1323,1377,1835,2022,0.81808406
73,/Volumes/SmithL0/2026/BIOL470/Final/Learning_Rig/bee_0408_1_rev/cam1_2026-04-08_16-32-22.mp4,1579.5,1700.0,1323,1377,1836,2023,0.81506574
74,/Volumes/SmithL0/2026/BIOL470/Final/Learning_Rig/bee_0408_1_rev/cam1_2026-04-08_16-32-22.mp4,1579.5,1700.0,1323,1377,1836,2023,0.8154414
75,/Volumes/SmithL0/2026/BIOL470/Final/Learning_Rig/bee_0408_1_rev/cam1_2026-04-08_16-32-22.mp4,1579.0,1699.5,1323,1376,1835,2023,0.8167217
76,/Volumes/SmithL0/2026/BIOL470/Final/Learning_Rig/bee_0408_1_rev/cam1_2026-04-08_16-32-22.mp4,1579.0,1699.0,1322,1376,1836,2022,0.81674093
77,/Volumes/SmithL0/2026/BIOL470/Final/Learning_Rig/bee_0408_1_rev/cam1_2026-04-08_16-32-22.mp4,1579.5,1699.0,1323,1377,1836,2021,0.8180442
78,/Volumes/SmithL0/2026/BIOL470/Final/Learning_Rig/bee_0408_1_rev/cam1_2026-04-08_16-32-22.mp4,1579.5,1699.5,1323,1377,1836,2022,0.8172296
79,/Volumes/SmithL0/2026/BIOL470/Final/Learning_Rig/bee_0408_1_rev/cam1_2026-04-08_16-32-22.mp4,1579.5,1700.0,1324,1377,1835,2023,0.8165016
80,/Volumes/SmithL0/2026/BIOL470/Final/Learning_Rig/bee_0408_1_rev/cam1_2026-04-08_16-32-22.mp4,1580.0,1699.5,1324,1377,1836,2022,0.8168167
81,/Volumes/SmithL0/2026/BIOL470/Final/Learning_Rig/bee_0408_1_rev/cam1_2026-04-08_16-32-22.mp4,1579.0,1700.5,1323,1376,1835,2025,0.8173109
82,/Volumes/SmithL0/2026/BIOL470/Final/Learning_Rig/bee_0408_1_rev/cam1_2026-04-08_16-32-22.mp4,1579.0,1700.5,1323,1377,1835,2024,0.81447494
83,/Volumes/SmithL0/2026/BIOL470/Final/Learning_Rig/bee_0408_1_rev/cam1_2026-04-08_16-32-22.mp4,1578.5,1702.0,1323,1377,1834,2027,0.8151182
84,/Volumes/SmithL0/2026/BIOL470/Final/Learning_Rig/bee_0408_1_rev/cam1_2026-04-08_16-32-22.mp4,1579.5,1701.0,1324,1377,1835,2025,0.81490916
85,/Volumes/SmithL0/2026/BIOL470/Final/Learning_Rig/bee_0408_1_rev/cam1_2026-04-08_16-32-22.mp4,1579.0,1700.5,1323,1377,1835,2024,0.8101842
86,/Volumes/SmithL0/2026/BIOL470/Final/Learning_Rig/bee_0408_1_rev/cam1_2026-04-08_16-32-22.mp4,1579.5,1701.0,1323,1376,1836,2026,0.81808805
87,/Volumes/SmithL0/2026/BIOL470/Final/Learning_Rig/bee_0408_1_rev/cam1_2026-04-08_16-32-22.mp4,1580.0,1701.0,1323,1377,1837,2025,0.8209251
88,/Volumes/SmithL0/2026/BIOL470/Final/Learning_Rig/bee_0408_1_rev/cam1_2026-04-08_16-32-22.mp4,1580.0,1701.0,1323,1377,1837,2025,0.8184587
89,/Volumes/SmithL0/2026/BIOL470/Final/Learning_Rig/bee_0408_1_rev/cam1_2026-04-08_16-32-22.mp4,1579.0,1701.0,1323,1377,1835,2025,0.8173814
90,/Volumes/SmithL0/2026/BIOL470/Final/Learning_Rig/bee_0408_1_rev/cam1_2026-04-08_16-32-22.mp4,1579.0,1701.5,1323,1378,1835,2025,0.814449
91,/Volumes/SmithL0/2026/BIOL470/Final/Learning_Rig/bee_0408_1_rev/cam1_2026-04-08_16-32-22.mp4,1579.0,1701.0,1323,1378,1835,2024,0.81659687
92,/Volumes/SmithL0/2026/BIOL470/Final/Learning_Rig/bee_0408_1_rev/cam1_2026-04-08_16-32-22.mp4,1580.0,1700.5,1323,1377,1837,2024,0.81777084
93,/Volumes/SmithL0/2026/BIOL470/Final/Learning_Rig/bee_0408_1_rev/cam1_2026-04-08_16-32-22.mp4,1579.0,1700.5,1322,1377,1836,2024,0.81798327
94,/Volumes/SmithL0/2026/BIOL470/Final/Learning_Rig/bee_0408_1_rev/cam1_2026-04-08_16-32-22.mp4,1579.5,1700.0,1322,1377,1837,2023,0.81658286
95,/Volumes/SmithL0/2026/BIOL470/Final/Learning_Rig/bee_0408_1_rev/cam1_2026-04-08_16-32-22.mp4,1578.5,1699.5,1323,1377,1834,2022,0.8131066
96,/Volumes/SmithL0/2026/BIOL470/Final/Learning_Rig/bee_0408_1_rev/cam1_2026-04-08_16-32-22.mp4,1578.5,1699.5,1322,1377,1835,2022,0.81638587
97,/Volumes/SmithL0/2026/BIOL470/Final/Learning_Rig/bee_0408_1_rev/cam1_2026-04-08_16-32-22.mp4,1578.5,1701.0,1322,1377,1835,2025,0.81782967
98,/Volumes/SmithL0/2026/BIOL470/Final/Learning_Rig/bee_0408_1_rev/cam1_2026-04-08_16-32-22.mp4,1578.5,1700.5,1323,1377,1834,2024,0.81159323
99,/Volumes/SmithL0/2026/BIOL470/Final/Learning_Rig/bee_0408_1_rev/cam1_2026-04-08_16-32-22.mp4,1578.5,1701.0,1322,1377,1835,2025,0.81406647
100,/Volumes/SmithL0/2026/BIOL470/Final/Learning_Rig/bee_0408_1_rev/cam1_2026-04-08_16-32-22.mp4,1578.0,1700.5,1322,1377,1834,2024,0.8200423
101,/Volumes/SmithL0/2026/BIOL470/Final/Learning_Rig/bee_0408_1_rev/cam1_2026-04-08_16-32-22.mp4,1578.0,1700.0,1322,1377,1834,2023,0.81910396
102,/Volumes/SmithL0/2026/BIOL470/Final/Learning_Rig/bee_0408_1_rev/cam1_2026-04-08_16-32-22.mp4,1578.5,1701.0,1323,1378,1834,2024,0.81825566
103,/Volumes/SmithL0/2026/BIOL470/Final/Learning_Rig/bee_0408_1_rev/cam1_2026-04-08_16-32-22.mp4,1578.0,1700.5,1323,1377,1833,2024,0.8156312
104,/Volumes/SmithL0/2026/BIOL470/Final/Learning_Rig/bee_0408_1_rev/cam1_2026-04-08_16-32-22.mp4,1578.5,1699.5,1323,1377,1834,2022,0.814697
105,/Volumes/SmithL0/2026/BIOL470/Final/Learning_Rig/bee_0408_1_rev/cam1_2026-04-08_16-32-22.mp4,1579.0,1700.0,1323,1377,1835,2023,0.8164505
106,/Volumes/SmithL0/2026/BIOL470/Final/Learning_Rig/bee_0408_1_rev/cam1_2026-04-08_16-32-22.mp4,1579.5,1700.5,1323,1377,1836,2024,0.8184643
107,/Volumes/SmithL0/2026/BIOL470/Final/Learning_Rig/bee_0408_1_rev/cam1_2026-04-08_16-32-22.mp4,1580.0,1700.5,1323,1377,1837,2024,0.8185477
108,/Volumes/SmithL0/2026/BIOL470/Final/Learning_Rig/bee_0408_1_rev/cam1_2026-04-08_16-32-22.mp4,1580.0,1700.5,1323,1377,1837,2024,0.8203536
109,/Volumes/SmithL0/2026/BIOL470/Final/Learning_Rig/bee_0408_1_rev/cam1_2026-04-08_16-32-22.mp4,1580.0,1700.5,1323,1377,1837,2024,0.81652296
110,/Volumes/SmithL0/2026/BIOL470/Final/Learning_Rig/bee_0408_1_rev/cam1_2026-04-08_16-32-22.mp4,1580.0,1700.0,1323,1376,1837,2024,0.8206955
111,/Volumes/SmithL0/2026/BIOL470/Final/Learning_Rig/bee_0408_1_rev/cam1_2026-04-08_16-32-22.mp4,1580.0,1699.0,1323,1376,1837,2022,0.8161913
112,/Volumes/SmithL0/2026/BIOL470/Final/Learning_Rig/bee_0408_1_rev/cam1_2026-04-08_16-32-22.mp4,1580.5,1700.0,1324,1376,1837,2024,0.81034964
113,/Volumes/SmithL0/2026/BIOL470/Final/Learning_Rig/bee_0408_1_rev/cam1_2026-04-08_16-32-22.mp4,1580.0,1699.5,1324,1376,1836,2023,0.8141002
114,/Volumes/SmithL0/2026/BIOL470/Final/Learning_Rig/bee_0408_1_rev/cam1_2026-04-08_16-32-22.mp4,1579.5,1700.5,1323,1377,1836,2024,0.81576645
115,/Volumes/SmithL0/2026/BIOL470/Final/Learning_Rig/bee_0408_1_rev/cam1_2026-04-08_16-32-22.mp4,1579.0,1700.0,1323,1377,1835,2023,0.81494415
116,/Volumes/SmithL0/2026/BIOL470/Final/Learning_Rig/bee_0408_1_rev/cam1_2026-04-08_16-32-22.mp4,1578.5,1699.0,1323,1376,1834,2022,0.81784946
117,/Volumes/SmithL0/2026/BIOL470/Final/Learning_Rig/bee_0408_1_rev/cam1_2026-04-08_16-32-22.mp4,1580.0,1698.5,1324,1376,1836,2021,0.814079
118,/Volumes/SmithL0/2026/BIOL470/Final/Learning_Rig/bee_0408_1_rev/cam1_2026-04-08_16-32-22.mp4,1579.0,1698.0,1323,1375,1835,2021,0.8154382
119,/Volumes/SmithL0/2026/BIOL470/Final/Learning_Rig/bee_0408_1_rev/cam1_2026-04-08_16-32-22.mp4,1579.0,1699.0,1323,1376,1835,2022,0.81965
120,/Volumes/SmithL0/2026/BIOL470/Final/Learning_Rig/bee_0408_1_rev/cam1_2026-04-08_16-32-22.mp4,1578.5,1699.5,1323,1377,1834,2022,0.81659013
121,/Volumes/SmithL0/2026/BIOL470/Final/Learning_Rig/bee_0408_1_rev/cam1_2026-04-08_16-32-22.mp4,1578.0,1699.0,1323,1377,1833,2021,0.8164909
122,/Volumes/SmithL0/2026/BIOL470/Final/Learning_Rig/bee_0408_1_rev/cam1_2026-04-08_16-32-22.mp4,1578.5,1699.5,1324,1377,1833,2022,0.81689864
123,/Volumes/SmithL0/2026/BIOL470/Final/Learning_Rig/bee_0408_1_rev/cam1_2026-04-08_16-32-22.mp4,1579.0,1698.0,1324,1376,1834,2020,0.813836
124,/Volumes/SmithL0/2026/BIOL470/Final/Learning_Rig/bee_0408_1_rev/cam1_2026-04-08_16-32-22.mp4,1579.0,1698.5,1324,1376,1834,2021,0.8117422
125,/Volumes/SmithL0/2026/BIOL470/Final/Learning_Rig/bee_0408_1_rev/cam1_2026-04-08_16-32-22.mp4,1578.5,1699.0,1323,1376,1834,2022,0.8137491
126,/Volumes/SmithL0/2026/BIOL470/Final/Learning_Rig/bee_0408_1_rev/cam1_2026-04-08_16-32-22.mp4,1578.5,1699.0,1324,1377,1833,2021,0.8177947
127,/Volumes/SmithL0/2026/BIOL470/Final/Learning_Rig/bee_0408_1_rev/cam1_2026-04-08_16-32-22.mp4,1577.5,1699.0,1323,1377,1832,2021,0.8187224
128,/Volumes/SmithL0/2026/BIOL470/Final/Learning_Rig/bee_0408_1_rev/cam1_2026-04-08_16-32-22.mp4,1578.5,1698.5,1323,1377,1834,2020,0.8172133
129,/Volumes/SmithL0/2026/BIOL470/Final/Learning_Rig/bee_0408_1_rev/cam1_2026-04-08_16-32-22.mp4,1577.5,1699.5,1323,1377,1832,2022,0.8191419
130,/Volumes/SmithL0/2026/BIOL470/Final/Learning_Rig/bee_0408_1_rev/cam1_2026-04-08_16-32-22.mp4,1577.0,1699.5,1324,1377,1830,2022,0.8218345
131,/Volumes/SmithL0/2026/BIOL470/Final/Learning_Rig/bee_0408_1_rev/cam1_2026-04-08_16-32-22.mp4,1577.5,1699.5,1324,1376,1831,2023,0.81769145
132,/Volumes/SmithL0/2026/BIOL470/Final/Learning_Rig/bee_0408_1_rev/cam1_2026-04-08_16-32-22.mp4,1578.5,1700.0,1324,1377,1833,2023,0.8171322
133,/Volumes/SmithL0/2026/BIOL470/Final/Learning_Rig/bee_0408_1_rev/cam1_2026-04-08_16-32-22.mp4,1578.0,1700.0,1324,1377,1832,2023,0.816926
134,/Volumes/SmithL0/2026/BIOL470/Final/Learning_Rig/bee_0408_1_rev/cam1_2026-04-08_16-32-22.mp4,1578.5,1699.5,1323,1376,1834,2023,0.8176738
135,/Volumes/SmithL0/2026/BIOL470/Final/Learning_Rig/bee_0408_1_rev/cam1_2026-04-08_16-32-22.mp4,1579.0,1699.5,1323,1376,1835,2023,0.81460696
136,/Volumes/SmithL0/2026/BIOL470/Final/Learning_Rig/bee_0408_1_rev/cam1_2026-04-08_16-32-22.mp4,1579.0,1700.5,1322,1377,1836,2024,0.8200477
137,/Volumes/SmithL0/2026/BIOL470/Final/Learning_Rig/bee_0408_1_rev/cam1_2026-04-08_16-32-22.mp4,1579.5,1700.5,1324,1377,1835,2024,0.81178683
138,/Volumes/SmithL0/2026/BIOL470/Final/Learning_Rig/bee_0408_1_rev/cam1_2026-04-08_16-32-22.mp4,1579.5,1701.0,1324,1377,1835,2025,0.8086076
139,/Volumes/SmithL0/2026/BIOL470/Final/Learning_Rig/bee_0408_1_rev/cam1_2026-04-08_16-32-22.mp4,1578.5,1701.5,1323,1378,1834,2025,0.8175776
140,/Volumes/SmithL0/2026/BIOL470/Final/Learning_Rig/bee_0408_1_rev/cam1_2026-04-08_16-32-22.mp4,1579.0,1700.5,1324,1377,1834,2024,0.8171916
141,/Volumes/SmithL0/2026/BIOL470/Final/Learning_Rig/bee_0408_1_rev/cam1_2026-04-08_16-32-22.mp4,1578.5,1700.0,1324,1377,1833,2023,0.8174323
142,/Volumes/SmithL0/2026/BIOL470/Final/Learning_Rig/bee_0408_1_rev/cam1_2026-04-08_16-32-22.mp4,1579.0,1700.0,1324,1377,1834,2023,0.8156394
143,/Volumes/SmithL0/2026/BIOL470/Final/Learning_Rig/bee_0408_1_rev/cam1_2026-04-08_16-32-22.mp4,1579.5,1701.0,1323,1377,1836,2025,0.8160122
144,/Volumes/SmithL0/2026/BIOL470/Final/Learning_Rig/bee_0408_1_rev/cam1_2026-04-08_16-32-22.mp4,1579.5,1699.5,1323,1376,1836,2023,0.8152817
145,/Volumes/SmithL0/2026/BIOL470/Final/Learning_Rig/bee_0408_1_rev/cam1_2026-04-08_16-32-22.mp4,1580.0,1700.5,1323,1376,1837,2025,0.8151921
146,/Volumes/SmithL0/2026/BIOL470/Final/Learning_Rig/bee_0408_1_rev/cam1_2026-04-08_16-32-22.mp4,1579.5,1700.5,1323,1377,1836,2024,0.8167057
147,/Volumes/SmithL0/2026/BIOL470/Final/Learning_Rig/bee_0408_1_rev/cam1_2026-04-08_16-32-22.mp4,1580.0,1700.5,1323,1376,1837,2025,0.8149977
148,/Volumes/SmithL0/2026/BIOL470/Final/Learning_Rig/bee_0408_1_rev/cam1_2026-04-08_16-32-22.mp4,1579.0,1700.5,1323,1376,1835,2025,0.8117082
149,/Volumes/SmithL0/2026/BIOL470/Final/Learning_Rig/bee_0408_1_rev/cam1_2026-04-08_16-32-22.mp4,1579.5,1701.5,1324,1377,1835,2026,0.81803066
150,/Volumes/SmithL0/2026/BIOL470/Final/Learning_Rig/bee_0408_1_rev/cam1_2026-04-08_16-32-22.mp4,1579.0,1699.0,1323,1376,1835,2022,0.81885725
151,/Volumes/SmithL0/2026/BIOL470/Final/Learning_Rig/bee_0408_1_rev/cam1_2026-04-08_16-32-22.mp4,1579.0,1699.5,1322,1376,1836,2023,0.81891906
152,/Volumes/SmithL0/2026/BIOL470/Final/Learning_Rig/bee_0408_1_rev/cam1_2026-04-08_16-32-22.mp4,1579.5,1699.5,1322,1376,1837,2023,0.81898886
153,/Volumes/SmithL0/2026/BIOL470/Final/Learning_Rig/bee_0408_1_rev/cam1_2026-04-08_16-32-22.mp4,1579.5,1699.5,1323,1377,1836,2022,0.81488585
154,/Volumes/SmithL0/2026/BIOL470/Final/Learning_Rig/bee_0408_1_rev/cam1_2026-04-08_16-32-22.mp4,1580.0,1700.0,1323,1377,1837,2023,0.8156372
155,/Volumes/SmithL0/2026/BIOL470/Final/Learning_Rig/bee_0408_1_rev/cam1_2026-04-08_16-32-22.mp4,1580.5,1699.5,1323,1377,1838,2022,0.8134536
156,/Volumes/SmithL0/2026/BIOL470/Final/Learning_Rig/bee_0408_1_rev/cam1_2026-04-08_16-32-22.mp4,1580.5,1699.5,1323,1377,1838,2022,0.8156537
157,/Volumes/SmithL0/2026/BIOL470/Final/Learning_Rig/bee_0408_1_rev/cam1_2026-04-08_16-32-22.mp4,1580.0,1699.5,1323,1376,1837,2023,0.814435
158,/Volumes/SmithL0/2026/BIOL470/Final/Learning_Rig/bee_0408_1_rev/cam1_2026-04-08_16-32-22.mp4,1579.0,1699.0,1322,1376,1836,2022,0.8154116
159,/Volumes/SmithL0/2026/BIOL470/Final/Learning_Rig/bee_0408_1_rev/cam1_2026-04-08_16-32-22.mp4,1579.0,1700.0,1322,1376,1836,2024,0.8166633
160,/Volumes/SmithL0/2026/BIOL470/Final/Learning_Rig/bee_0408_1_rev/cam1_2026-04-08_16-32-22.mp4,1579.0,1700.0,1323,1377,1835,2023,0.8161006
161,/Volumes/SmithL0/2026/BIOL470/Final/Learning_Rig/bee_0408_1_rev/cam1_2026-04-08_16-32-22.mp4,1579.0,1698.0,1323,1375,1835,2021,0.8177515
162,/Volumes/SmithL0/2026/BIOL470/Final/Learning_Rig/bee_0408_1_rev/cam1_2026-04-08_16-32-22.mp4,1578.5,1699.0,1323,1376,1834,2022,0.8195197
163,/Volumes/SmithL0/2026/BIOL470/Final/Learning_Rig/bee_0408_1_rev/cam1_2026-04-08_16-32-22.mp4,1578.0,1699.5,1323,1377,1833,2022,0.82046705
164,/Volumes/SmithL0/2026/BIOL470/Final/Learning_Rig/bee_0408_1_rev/cam1_2026-04-08_16-32-22.mp4,1578.5,1699.0,1323,1376,1834,2022,0.8148296
165,/Volumes/SmithL0/2026/BIOL470/Final/Learning_Rig/bee_0408_1_rev/cam1_2026-04-08_16-32-22.mp4,1579.0,1699.5,1322,1376,1836,2023,0.8152615
166,/Volumes/SmithL0/2026/BIOL470/Final/Learning_Rig/bee_0408_1_rev/cam1_2026-04-08_16-32-22.mp4,1579.0,1700.0,1323,1377,1835,2023,0.81582105
167,/Volumes/SmithL0/2026/BIOL470/Final/Learning_Rig/bee_0408_1_rev/cam1_2026-04-08_16-32-22.mp4,1578.5,1700.0,1323,1377,1834,2023,0.81407046
168,/Volumes/SmithL0/2026/BIOL470/Final/Learning_Rig/bee_0408_1_rev/cam1_2026-04-08_16-32-22.mp4,1579.0,1701.0,1323,1378,1835,2024,0.8159001
169,/Volumes/SmithL0/2026/BIOL470/Final/Learning_Rig/bee_0408_1_rev/cam1_2026-04-08_16-32-22.mp4,1579.5,1700.5,1323,1377,1836,2024,0.81760716
170,/Volumes/SmithL0/2026/BIOL470/Final/Learning_Rig/bee_0408_1_rev/cam1_2026-04-08_16-32-22.mp4,1579.5,1701.0,1322,1377,1837,2025,0.8169119
171,/Volumes/SmithL0/2026/BIOL470/Final/Learning_Rig/bee_0408_1_rev/cam1_2026-04-08_16-32-22.mp4,1579.0,1701.5,1322,1376,1836,2027,0.8141559
172,/Volumes/SmithL0/2026/BIOL470/Final/Learning_Rig/bee_0408_1_rev/cam1_2026-04-08_16-32-22.mp4,1579.5,1701.0,1323,1376,1836,2026,0.8161416
173,/Volumes/SmithL0/2026/BIOL470/Final/Learning_Rig/bee_0408_1_rev/cam1_2026-04-08_16-32-22.mp4,1579.0,1700.5,1323,1376,1835,2025,0.8112229
174,/Volumes/SmithL0/2026/BIOL470/Final/Learning_Rig/bee_0408_1_rev/cam1_2026-04-08_16-32-22.mp4,1580.0,1701.5,1323,1376,1837,2027,0.81478757
175,/Volumes/SmithL0/2026/BIOL470/Final/Learning_Rig/bee_0408_1_rev/cam1_2026-04-08_16-32-22.mp4,1580.0,1701.5,1324,1377,1836,2026,0.81192076
176,/Volumes/SmithL0/2026/BIOL470/Final/Learning_Rig/bee_0408_1_rev/cam1_2026-04-08_16-32-22.mp4,1579.0,1701.5,1324,1377,1834,2026,0.81655115
177,/Volumes/SmithL0/2026/BIOL470/Final/Learning_Rig/bee_0408_1_rev/cam1_2026-04-08_16-32-22.mp4,1578.5,1701.0,1324,1377,1833,2025,0.81364316
178,/Volumes/SmithL0/2026/BIOL470/Final/Learning_Rig/bee_0408_1_rev/cam1_2026-04-08_16-32-22.mp4,1579.0,1702.0,1323,1377,1835,2027,0.817008
179,/Volumes/SmithL0/2026/BIOL470/Final/Learning_Rig/bee_0408_1_rev/cam1_2026-04-08_16-32-22.mp4,1578.5,1702.0,1324,1377,1833,2027,0.81724834
180,/Volumes/SmithL0/2026/BIOL470/Final/Learning_Rig/bee_0408_1_rev/cam1_2026-04-08_16-32-22.mp4,1578.5,1701.5,1324,1377,1833,2026,0.81855565
181,/Volumes/SmithL0/2026/BIOL470/Final/Learning_Rig/bee_0408_1_rev/cam1_2026-04-08_16-32-22.mp4,1578.5,1701.0,1323,1377,1834,2025,0.81749356
182,/Volumes/SmithL0/2026/BIOL470/Final/Learning_Rig/bee_0408_1_rev/cam1_2026-04-08_16-32-22.mp4,1578.5,1701.5,1324,1377,1833,2026,0.81217086
183,/Volumes/SmithL0/2026/BIOL470/Final/Learning_Rig/bee_0408_1_rev/cam1_2026-04-08_16-32-22.mp4,1579.5,1700.5,1324,1376,1835,2025,0.8090975
184,/Volumes/SmithL0/2026/BIOL470/Final/Learning_Rig/bee_0408_1_rev/cam1_2026-04-08_16-32-22.mp4,1578.5,1700.0,1323,1376,1834,2024,0.81258017
185,/Volumes/SmithL0/2026/BIOL470/Final/Learning_Rig/bee_0408_1_rev/cam1_2026-04-08_16-32-22.mp4,1578.5,1700.5,1323,1376,1834,2025,0.81434137
186,/Volumes/SmithL0/2026/BIOL470/Final/Learning_Rig/bee_0408_1_rev/cam1_2026-04-08_16-32-22.mp4,1579.0,1701.0,1323,1376,1835,2026,0.813703
187,/Volumes/SmithL0/2026/BIOL470/Final/Learning_Rig/bee_0408_1_rev/cam1_2026-04-08_16-32-22.mp4,1579.0,1699.5,1323,1376,1835,2023,0.81360537
188,/Volumes/SmithL0/2026/BIOL470/Final/Learning_Rig/bee_0408_1_rev/cam1_2026-04-08_16-32-22.mp4,1579.0,1701.0,1323,1376,1835,2026,0.8104506
189,/Volumes/SmithL0/2026/BIOL470/Final/Learning_Rig/bee_0408_1_rev/cam1_2026-04-08_16-32-22.mp4,1579.5,1701.5,1323,1376,1836,2027,0.81563747
190,/Volumes/SmithL0/2026/BIOL470/Final/Learning_Rig/bee_0408_1_rev/cam1_2026-04-08_16-32-22.mp4,1580.0,1700.0,1323,1376,1837,2024,0.81637925
191,/Volumes/SmithL0/2026/BIOL470/Final/Learning_Rig/bee_0408_1_rev/cam1_2026-04-08_16-32-22.mp4,1579.5,1700.5,1324,1376,1835,2025,0.8152218
192,/Volumes/SmithL0/2026/BIOL470/Final/Learning_Rig/bee_0408_1_rev/cam1_2026-04-08_16-32-22.mp4,1579.0,1701.5,1324,1377,1834,2026,0.8185398
193,/Volumes/SmithL0/2026/BIOL470/Final/Learning_Rig/bee_0408_1_rev/cam1_2026-04-08_16-32-22.mp4,1579.0,1702.0,1324,1377,1834,2027,0.8161734
194,/Volumes/SmithL0/2026/BIOL470/Final/Learning_Rig/bee_0408_1_rev/cam1_2026-04-08_16-32-22.mp4,1579.0,1701.5,1325,1377,1833,2026,0.8144377
195,/Volumes/SmithL0/2026/BIOL470/Final/Learning_Rig/bee_0408_1_rev/cam1_2026-04-08_16-32-22.mp4,1579.0,1701.5,1324,1377,1834,2026,0.8108031
196,/Volumes/SmithL0/2026/BIOL470/Final/Learning_Rig/bee_0408_1_rev/cam1_2026-04-08_16-32-22.mp4,1579.5,1701.5,1324,1376,1835,2027,0.8103882
197,/Volumes/SmithL0/2026/BIOL470/Final/Learning_Rig/bee_0408_1_rev/cam1_2026-04-08_16-32-22.mp4,1580.5,1700.5,1323,1376,1838,2025,0.81622326
198,/Volumes/SmithL0/2026/BIOL470/Final/Learning_Rig/bee_0408_1_rev/cam1_2026-04-08_16-32-22.mp4,1579.5,1700.5,1323,1376,1836,2025,0.8126959
199,/Volumes/SmithL0/2026/BIOL470/Final/Learning_Rig/bee_0408_1_rev/cam1_2026-04-08_16-32-22.mp4,1579.0,1701.0,1324,1377,1834,2025,0.81804174
200,/Volumes/SmithL0/2026/BIOL470/Final/Learning_Rig/bee_0408_1_rev/cam1_2026-04-08_16-32-22.mp4,1578.5,1700.5,1323,1377,1834,2024,0.82133687
201,/Volumes/SmithL0/2026/BIOL470/Final/Learning_Rig/bee_0408_1_rev/cam1_2026-04-08_16-32-22.mp4,1579.0,1700.5,1324,1377,1834,2024,0.81929106
202,/Volumes/SmithL0/2026/BIOL470/Final/Learning_Rig/bee_0408_1_rev/cam1_2026-04-08_16-32-22.mp4,1579.0,1700.5,1324,1377,1834,2024,0.81816626
203,/Volumes/SmithL0/2026/BIOL470/Final/Learning_Rig/bee_0408_1_rev/cam1_2026-04-08_16-32-22.mp4,1579.0,1701.0,1324,1377,1834,2025,0.8191284
204,/Volumes/SmithL0/2026/BIOL470/Final/Learning_Rig/bee_0408_1_rev/cam1_2026-04-08_16-32-22.mp4,1580.5,1700.0,1324,1377,1837,2023,0.8183926
205,/Volumes/SmithL0/2026/BIOL470/Final/Learning_Rig/bee_0408_1_rev/cam1_2026-04-08_16-32-22.mp4,1580.5,1700.5,1324,1377,1837,2024,0.8149323
206,/Volumes/SmithL0/2026/BIOL470/Final/Learning_Rig/bee_0408_1_rev/cam1_2026-04-08_16-32-22.mp4,1580.5,1701.5,1323,1378,1838,2025,0.8192383
207,/Volumes/SmithL0/2026/BIOL470/Final/Learning_Rig/bee_0408_1_rev/cam1_2026-04-08_16-32-22.mp4,1580.5,1701.5,1323,1377,1838,2026,0.82004774
208,/Volumes/SmithL0/2026/BIOL470/Final/Learning_Rig/bee_0408_1_rev/cam1_2026-04-08_16-32-22.mp4,1580.0,1700.5,1323,1376,1837,2025,0.8178633
209,/Volumes/SmithL0/2026/BIOL470/Final/Learning_Rig/bee_0408_1_rev/cam1_2026-04-08_16-32-22.mp4,1580.5,1700.5,1323,1376,1838,2025,0.81647843
210,/Volumes/SmithL0/2026/BIOL470/Final/Learning_Rig/bee_0408_1_rev/cam1_2026-04-08_16-32-22.mp4,1580.5,1701.5,1324,1377,1837,2026,0.81793404
211,/Volumes/SmithL0/2026/BIOL470/Final/Learning_Rig/bee_0408_1_rev/cam1_2026-04-08_16-32-22.mp4,1580.0,1700.5,1323,1376,1837,2025,0.81934386
212,/Volumes/SmithL0/2026/BIOL470/Final/Learning_Rig/bee_0408_1_rev/cam1_2026-04-08_16-32-22.mp4,1579.0,1702.0,1323,1376,1835,2028,0.8171651
213,/Volumes/SmithL0/2026/BIOL470/Final/Learning_Rig/bee_0408_1_rev/cam1_2026-04-08_16-32-22.mp4,1579.5,1700.5,1323,1375,1836,2026,0.81466436
214,/Volumes/SmithL0/2026/BIOL470/Final/Learning_Rig/bee_0408_1_rev/cam1_2026-04-08_16-32-22.mp4,1579.5,1700.5,1323,1375,1836,2026,0.8162823
215,/Volumes/SmithL0/2026/BIOL470/Final/Learning_Rig/bee_0408_1_rev/cam1_2026-04-08_16-32-22.mp4,1579.5,1700.0,1324,1375,1835,2025,0.8128059
216,/Volumes/SmithL0/2026/BIOL470/Final/Learning_Rig/bee_0408_1_rev/cam1_2026-04-08_16-32-22.mp4,1579.0,1700.0,1323,1376,1835,2024,0.8096114
217,/Volumes/SmithL0/2026/BIOL470/Final/Learning_Rig/bee_0408_1_rev/cam1_2026-04-08_16-32-22.mp4,1579.0,1700.0,1324,1376,1834,2024,0.8167181
218,/Volumes/SmithL0/2026/BIOL470/Final/Learning_Rig/bee_0408_1_rev/cam1_2026-04-08_16-32-22.mp4,1578.5,1699.0,1323,1376,1834,2022,0.816341
219,/Volumes/SmithL0/2026/BIOL470/Final/Learning_Rig/bee_0408_1_rev/cam1_2026-04-08_16-32-22.mp4,1579.0,1700.0,1323,1376,1835,2024,0.81453884
220,/Volumes/SmithL0/2026/BIOL470/Final/Learning_Rig/bee_0408_1_rev/cam1_2026-04-08_16-32-22.mp4,1579.0,1699.5,1322,1375,1836,2024,0.8166028
221,/Volumes/SmithL0/2026/BIOL470/Final/Learning_Rig/bee_0408_1_rev/cam1_2026-04-08_16-32-22.mp4,1579.5,1699.0,1323,1375,1836,2023,0.81218946
222,/Volumes/SmithL0/2026/BIOL470/Final/Learning_Rig/bee_0408_1_rev/cam1_2026-04-08_16-32-22.mp4,1580.0,1699.5,1323,1376,1837,2023,0.81507283
223,/Volumes/SmithL0/2026/BIOL470/Final/Learning_Rig/bee_0408_1_rev/cam1_2026-04-08_16-32-22.mp4,1580.5,1699.5,1323,1376,1838,2023,0.8138133
224,/Volumes/SmithL0/2026/BIOL470/Final/Learning_Rig/bee_0408_1_rev/cam1_2026-04-08_16-32-22.mp4,1580.5,1700.0,1323,1377,1838,2023,0.81078345
225,/Volumes/SmithL0/2026/BIOL470/Final/Learning_Rig/bee_0408_1_rev/cam1_2026-04-08_16-32-22.mp4,1579.5,1700.0,1323,1376,1836,2024,0.81101644
226,/Volumes/SmithL0/2026/BIOL470/Final/Learning_Rig/bee_0408_1_rev/cam1_2026-04-08_16-32-22.mp4,1579.5,1699.5,1323,1376,1836,2023,0.81739134
227,/Volumes/SmithL0/2026/BIOL470/Final/Learning_Rig/bee_0408_1_rev/cam1_2026-04-08_16-32-22.mp4,1579.5,1700.0,1323,1376,1836,2024,0.8145123
228,/Volumes/SmithL0/2026/BIOL470/Final/Learning_Rig/bee_0408_1_rev/cam1_2026-04-08_16-32-22.mp4,1579.0,1700.0,1323,1376,1835,2024,0.8190582
229,/Volumes/SmithL0/2026/BIOL470/Final/Learning_Rig/bee_0408_1_rev/cam1_2026-04-08_16-32-22.mp4,1579.0,1700.5,1323,1377,1835,2024,0.81684947
230,/Volumes/SmithL0/2026/BIOL470/Final/Learning_Rig/bee_0408_1_rev/cam1_2026-04-08_16-32-22.mp4,1580.0,1701.0,1324,1377,1836,2025,0.8170063
231,/Volumes/SmithL0/2026/BIOL470/Final/Learning_Rig/bee_0408_1_rev/cam1_2026-04-08_16-32-22.mp4,1580.0,1701.0,1324,1377,1836,2025,0.8164699
232,/Volumes/SmithL0/2026/BIOL470/Final/Learning_Rig/bee_0408_1_rev/cam1_2026-04-08_16-32-22.mp4,1580.0,1700.5,1324,1377,1836,2024,0.814453
233,/Volumes/SmithL0/2026/BIOL470/Final/Learning_Rig/bee_0408_1_rev/cam1_2026-04-08_16-32-22.mp4,1579.5,1700.5,1324,1377,1835,2024,0.81543255
234,/Volumes/SmithL0/2026/BIOL470/Final/Learning_Rig/bee_0408_1_rev/cam1_2026-04-08_16-32-22.mp4,1579.5,1700.5,1323,1377,1836,2024,0.8147057
235,/Volumes/SmithL0/2026/BIOL470/Final/Learning_Rig/bee_0408_1_rev/cam1_2026-04-08_16-32-22.mp4,1579.0,1699.5,1323,1377,1835,2022,0.8148505
236,/Volumes/SmithL0/2026/BIOL470/Final/Learning_Rig/bee_0408_1_rev/cam1_2026-04-08_16-32-22.mp4,1579.5,1699.5,1323,1377,1836,2022,0.81707114
237,/Volumes/SmithL0/2026/BIOL470/Final/Learning_Rig/bee_0408_1_rev/cam1_2026-04-08_16-32-22.mp4,1579.5,1700.0,1323,1377,1836,2023,0.81847626
238,/Volumes/SmithL0/2026/BIOL470/Final/Learning_Rig/bee_0408_1_rev/cam1_2026-04-08_16-32-22.mp4,1579.5,1699.5,1323,1376,1836,2023,0.817806
239,/Volumes/SmithL0/2026/BIOL470/Final/Learning_Rig/bee_0408_1_rev/cam1_2026-04-08_16-32-22.mp4,1579.0,1700.5,1323,1376,1835,2025,0.81800896
240,/Volumes/SmithL0/2026/BIOL470/Final/Learning_Rig/bee_0408_1_rev/cam1_2026-04-08_16-32-22.mp4,1579.5,1701.0,1323,1376,1836,2026,0.8167978
241,/Volumes/SmithL0/2026/BIOL470/Final/Learning_Rig/bee_0408_1_rev/cam1_2026-04-08_16-32-22.mp4,1579.0,1700.5,1323,1376,1835,2025,0.8170419
242,/Volumes/SmithL0/2026/BIOL470/Final/Learning_Rig/bee_0408_1_rev/cam1_2026-04-08_16-32-22.mp4,1579.0,1701.0,1323,1376,1835,2026,0.8121202
243,/Volumes/SmithL0/2026/BIOL470/Final/Learning_Rig/bee_0408_1_rev/cam1_2026-04-08_16-32-22.mp4,1579.5,1701.0,1324,1376,1835,2026,0.8116664
244,/Volumes/SmithL0/2026/BIOL470/Final/Learning_Rig/bee_0408_1_rev/cam1_2026-04-08_16-32-22.mp4,1579.0,1702.0,1323,1377,1835,2027,0.81526715
245,/Volumes/SmithL0/2026/BIOL470/Final/Learning_Rig/bee_0408_1_rev/cam1_2026-04-08_16-32-22.mp4,1578.5,1702.0,1323,1377,1834,2027,0.8159378
246,/Volumes/SmithL0/2026/BIOL470/Final/Learning_Rig/bee_0408_1_rev/cam1_2026-04-08_16-32-22.mp4,1578.5,1701.5,1324,1377,1833,2026,0.81745195
247,/Volumes/SmithL0/2026/BIOL470/Final/Learning_Rig/bee_0408_1_rev/cam1_2026-04-08_16-32-22.mp4,1579.0,1701.5,1323,1377,1835,2026,0.8192679
248,/Volumes/SmithL0/2026/BIOL470/Final/Learning_Rig/bee_0408_1_rev/cam1_2026-04-08_16-32-22.mp4,1579.5,1701.0,1323,1376,1836,2026,0.8180335
249,/Volumes/SmithL0/2026/BIOL470/Final/Learning_Rig/bee_0408_1_rev/cam1_2026-04-08_16-32-22.mp4,1579.5,1700.5,1323,1377,1836,2024,0.8210712
250,/Volumes/SmithL0/2026/BIOL470/Final/Learning_Rig/bee_0408_1_rev/cam1_2026-04-08_16-32-22.mp4,1579.5,1700.5,1322,1376,1837,2025,0.81752527
251,/Volumes/SmithL0/2026/BIOL470/Final/Learning_Rig/bee_0408_1_rev/cam1_2026-04-08_16-32-22.mp4,1579.5,1701.0,1323,1376,1836,2026,0.8141713
252,/Volumes/SmithL0/2026/BIOL470/Final/Learning_Rig/bee_0408_1_rev/cam1_2026-04-08_16-32-22.mp4,1580.0,1701.5,1323,1376,1837,2027,0.81346846
253,/Volumes/SmithL0/2026/BIOL470/Final/Learning_Rig/bee_0408_1_rev/cam1_2026-04-08_16-32-22.mp4,1580.0,1701.0,1323,1376,1837,2026,0.81504726
254,/Volumes/SmithL0/2026/BIOL470/Final/Learning_Rig/bee_0408_1_rev/cam1_2026-04-08_16-32-22.mp4,1580.0,1701.5,1323,1377,1837,2026,0.81467617
255,/Volumes/SmithL0/2026/BIOL470/Final/Learning_Rig/bee_0408_1_rev/cam1_2026-04-08_16-32-22.mp4,1579.0,1701.0,1323,1377,1835,2025,0.8146781
256,/Volumes/SmithL0/2026/BIOL470/Final/Learning_Rig/bee_0408_1_rev/cam1_2026-04-08_16-32-22.mp4,1579.5,1702.5,1323,1377,1836,2028,0.8138941
257,/Volumes/SmithL0/2026/BIOL470/Final/Learning_Rig/bee_0408_1_rev/cam1_2026-04-08_16-32-22.mp4,1579.5,1701.5,1323,1377,1836,2026,0.8088495
258,/Volumes/SmithL0/2026/BIOL470/Final/Learning_Rig/bee_0408_1_rev/cam1_2026-04-08_16-32-22.mp4,1579.5,1702.5,1322,1377,1837,2028,0.8161243
259,/Volumes/SmithL0/2026/BIOL470/Final/Learning_Rig/bee_0408_1_rev/cam1_2026-04-08_16-32-22.mp4,1579.5,1700.5,1322,1376,1837,2025,0.8186663
260,/Volumes/SmithL0/2026/BIOL470/Final/Learning_Rig/bee_0408_1_rev/cam1_2026-04-08_16-32-22.mp4,1580.0,1700.5,1322,1376,1838,2025,0.8182801
261,/Volumes/SmithL0/2026/BIOL470/Final/Learning_Rig/bee_0408_1_rev/cam1_2026-04-08_16-32-22.mp4,1580.0,1701.0,1322,1376,1838,2026,0.81712073
262,/Volumes/SmithL0/2026/BIOL470/Final/Learning_Rig/bee_0408_1_rev/cam1_2026-04-08_16-32-22.mp4,1579.5,1701.0,1322,1376,1837,2026,0.8172853
263,/Volumes/SmithL0/2026/BIOL470/Final/Learning_Rig/bee_0408_1_rev/cam1_2026-04-08_16-32-22.mp4,1579.0,1700.5,1323,1377,1835,2024,0.81826013
264,/Volumes/SmithL0/2026/BIOL470/Final/Learning_Rig/bee_0408_1_rev/cam1_2026-04-08_16-32-22.mp4,1580.5,1699.5,1322,1376,1839,2023,0.8184546
265,/Volumes/SmithL0/2026/BIOL470/Final/Learning_Rig/bee_0408_1_rev/cam1_2026-04-08_16-32-22.mp4,1579.0,1700.0,1323,1377,1835,2023,0.8178535
266,/Volumes/SmithL0/2026/BIOL470/Final/Learning_Rig/bee_0408_1_rev/cam1_2026-04-08_16-32-22.mp4,1579.0,1700.0,1324,1377,1834,2023,0.81800413
267,/Volumes/SmithL0/2026/BIOL470/Final/Learning_Rig/bee_0408_1_rev/cam1_2026-04-08_16-32-22.mp4,1579.5,1700.5,1323,1377,1836,2024,0.8139301
268,/Volumes/SmithL0/2026/BIOL470/Final/Learning_Rig/bee_0408_1_rev/cam1_2026-04-08_16-32-22.mp4,1578.5,1700.0,1323,1376,1834,2024,0.81632954
269,/Volumes/SmithL0/2026/BIOL470/Final/Learning_Rig/bee_0408_1_rev/cam1_2026-04-08_16-32-22.mp4,1578.5,1700.0,1322,1376,1835,2024,0.82036436
270,/Volumes/SmithL0/2026/BIOL470/Final/Learning_Rig/bee_0408_1_rev/cam1_2026-04-08_16-32-22.mp4,1579.5,1699.5,1323,1375,1836,2024,0.81293255
271,/Volumes/SmithL0/2026/BIOL470/Final/Learning_Rig/bee_0408_1_rev/cam1_2026-04-08_16-32-22.mp4,1580.5,1700.5,1323,1376,1838,2025,0.81121236
272,/Volumes/SmithL0/2026/BIOL470/Final/Learning_Rig/bee_0408_1_rev/cam1_2026-04-08_16-32-22.mp4,1580.5,1700.5,1323,1375,1838,2026,0.80967116
273,/Volumes/SmithL0/2026/BIOL470/Final/Learning_Rig/bee_0408_1_rev/cam1_2026-04-08_16-32-22.mp4,1578.5,1700.0,1323,1376,1834,2024,0.80632067
274,/Volumes/SmithL0/2026/BIOL470/Final/Learning_Rig/bee_0408_1_rev/cam1_2026-04-08_16-32-22.mp4,1579.0,1700.5,1323,1377,1835,2024,0.8102521
275,/Volumes/SmithL0/2026/BIOL470/Final/Learning_Rig/bee_0408_1_rev/cam1_2026-04-08_16-32-22.mp4,1579.5,1699.0,1323,1376,1836,2022,0.8134004
276,/Volumes/SmithL0/2026/BIOL470/Final/Learning_Rig/bee_0408_1_rev/cam1_2026-04-08_16-32-22.mp4,1579.5,1701.0,1321,1377,1838,2025,0.81959265
277,/Volumes/SmithL0/2026/BIOL470/Final/Learning_Rig/bee_0408_1_rev/cam1_2026-04-08_16-32-22.mp4,1579.5,1701.5,1322,1376,1837,2027,0.82022995
278,/Volumes/SmithL0/2026/BIOL470/Final/Learning_Rig/bee_0408_1_rev/cam1_2026-04-08_16-32-22.mp4,1579.5,1701.0,1322,1376,1837,2026,0.8132426
279,/Volumes/SmithL0/2026/BIOL470/Final/Learning_Rig/bee_0408_1_rev/cam1_2026-04-08_16-32-22.mp4,1579.5,1701.0,1322,1376,1837,2026,0.820138
280,/Volumes/SmithL0/2026/BIOL470/Final/Learning_Rig/bee_0408_1_rev/cam1_2026-04-08_16-32-22.mp4,1581.0,1701.0,1323,1376,1839,2026,0.8109972
281,/Volumes/SmithL0/2026/BIOL470/Final/Learning_Rig/bee_0408_1_rev/cam1_2026-04-08_16-32-22.mp4,1580.5,1701.0,1322,1376,1839,2026,0.8143275
282,/Volumes/SmithL0/2026/BIOL470/Final/Learning_Rig/bee_0408_1_rev/cam1_2026-04-08_16-32-22.mp4,1580.0,1701.0,1322,1377,1838,2025,0.8167127
283,/Volumes/SmithL0/2026/BIOL470/Final/Learning_Rig/bee_0408_1_rev/cam1_2026-04-08_16-32-22.mp4,1579.5,1701.0,1323,1377,1836,2025,0.8127033
284,/Volumes/SmithL0/2026/BIOL470/Final/Learning_Rig/bee_0408_1_rev/cam1_2026-04-08_16-32-22.mp4,1580.0,1701.0,1323,1376,1837,2026,0.80950123
285,/Volumes/SmithL0/2026/BIOL470/Final/Learning_Rig/bee_0408_1_rev/cam1_2026-04-08_16-32-22.mp4,1580.5,1701.0,1324,1376,1837,2026,0.811547
286,/Volumes/SmithL0/2026/BIOL470/Final/Learning_Rig/bee_0408_1_rev/cam1_2026-04-08_16-32-22.mp4,1580.0,1700.5,1324,1375,1836,2026,0.81731826
287,/Volumes/SmithL0/2026/BIOL470/Final/Learning_Rig/bee_0408_1_rev/cam1_2026-04-08_16-32-22.mp4,1580.0,1700.0,1324,1376,1836,2024,0.809691
288,/Volumes/SmithL0/2026/BIOL470/Final/Learning_Rig/bee_0408_1_rev/cam1_2026-04-08_16-32-22.mp4,1579.5,1701.0,1324,1376,1835,2026,0.8049937
289,/Volumes/SmithL0/2026/BIOL470/Final/Learning_Rig/bee_0408_1_rev/cam1_2026-04-08_16-32-22.mp4,1580.0,1701.0,1324,1375,1836,2027,0.804418
290,/Volumes/SmithL0/2026/BIOL470/Final/Learning_Rig/bee_0408_1_rev/cam1_2026-04-08_16-32-22.mp4,1580.0,1700.5,1324,1375,1836,2026,0.80814266
291,/Volumes/SmithL0/2026/BIOL470/Final/Learning_Rig/bee_0408_1_rev/cam1_2026-04-08_16-32-22.mp4,1580.5,1700.5,1324,1376,1837,2025,0.80934745
292,/Volumes/SmithL0/2026/BIOL470/Final/Learning_Rig/bee_0408_1_rev/cam1_2026-04-08_16-32-22.mp4,1579.5,1700.5,1323,1376,1836,2025,0.814396
293,/Volumes/SmithL0/2026/BIOL470/Final/Learning_Rig/bee_0408_1_rev/cam1_2026-04-08_16-32-22.mp4,1580.5,1701.0,1324,1376,1837,2026,0.80434537
294,/Volumes/SmithL0/2026/BIOL470/Final/Learning_Rig/bee_0408_1_rev/cam1_2026-04-08_16-32-22.mp4,1579.5,1701.5,1323,1376,1836,2027,0.81617606
295,/Volumes/SmithL0/2026/BIOL470/Final/Learning_Rig/bee_0408_1_rev/cam1_2026-04-08_16-32-22.mp4,1579.5,1701.0,1324,1376,1835,2026,0.81214803
296,/Volumes/SmithL0/2026/BIOL470/Final/Learning_Rig/bee_0408_1_rev/cam1_2026-04-08_16-32-22.mp4,1580.0,1701.0,1323,1376,1837,2026,0.8156802
297,/Volumes/SmithL0/2026/BIOL470/Final/Learning_Rig/bee_0408_1_rev/cam1_2026-04-08_16-32-22.mp4,1580.0,1700.5,1323,1376,1837,2025,0.8097796
298,/Volumes/SmithL0/2026/BIOL470/Final/Learning_Rig/bee_0408_1_rev/cam1_2026-04-08_16-32-22.mp4,1580.5,1700.5,1324,1376,1837,2025,0.81036615
299,/Volumes/SmithL0/2026/BIOL470/Final/Learning_Rig/bee_0408_1_rev/cam1_2026-04-08_16-32-22.mp4,1579.5,1700.5,1323,1376,1836,2025,0.81293005
300,/Volumes/SmithL0/2026/BIOL470/Final/Learning_Rig/bee_0408_1_rev/cam1_2026-04-08_16-32-22.mp4,1580.0,1700.0,1323,1376,1837,2024,0.8151541
301,/Volumes/SmithL0/2026/BIOL470/Final/Learning_Rig/bee_0408_1_rev/cam1_2026-04-08_16-32-22.mp4,1580.0,1701.0,1323,1376,1837,2026,0.81516796
302,/Volumes/SmithL0/2026/BIOL470/Final/Learning_Rig/bee_0408_1_rev/cam1_2026-04-08_16-32-22.mp4,1581.0,1699.5,1323,1376,1839,2023,0.8201769
303,/Volumes/SmithL0/2026/BIOL470/Final/Learning_Rig/bee_0408_1_rev/cam1_2026-04-08_16-32-22.mp4,1579.5,1700.5,1323,1376,1836,2025,0.8193535
304,/Volumes/SmithL0/2026/BIOL470/Final/Learning_Rig/bee_0408_1_rev/cam1_2026-04-08_16-32-22.mp4,1579.5,1700.5,1323,1376,1836,2025,0.81654346
305,/Volumes/SmithL0/2026/BIOL470/Final/Learning_Rig/bee_0408_1_rev/cam1_2026-04-08_16-32-22.mp4,1579.0,1701.0,1323,1376,1835,2026,0.812331
306,/Volumes/SmithL0/2026/BIOL470/Final/Learning_Rig/bee_0408_1_rev/cam1_2026-04-08_16-32-22.mp4,1580.0,1701.0,1323,1376,1837,2026,0.8132883
307,/Volumes/SmithL0/2026/BIOL470/Final/Learning_Rig/bee_0408_1_rev/cam1_2026-04-08_16-32-22.mp4,1579.5,1701.0,1324,1376,1835,2026,0.8082088
308,/Volumes/SmithL0/2026/BIOL470/Final/Learning_Rig/bee_0408_1_rev/cam1_2026-04-08_16-32-22.mp4,1580.5,1700.5,1324,1376,1837,2025,0.8190575
309,/Volumes/SmithL0/2026/BIOL470/Final/Learning_Rig/bee_0408_1_rev/cam1_2026-04-08_16-32-22.mp4,1580.5,1700.0,1323,1375,1838,2025,0.8179331
310,/Volumes/SmithL0/2026/BIOL470/Final/Learning_Rig/bee_0408_1_rev/cam1_2026-04-08_16-32-22.mp4,1580.0,1700.5,1322,1375,1838,2026,0.8175818
311,/Volumes/SmithL0/2026/BIOL470/Final/Learning_Rig/bee_0408_1_rev/cam1_2026-04-08_16-32-22.mp4,1579.0,1700.5,1322,1375,1836,2026,0.8161341
312,/Volumes/SmithL0/2026/BIOL470/Final/Learning_Rig/bee_0408_1_rev/cam1_2026-04-08_16-32-22.mp4,1579.0,1701.0,1321,1375,1837,2027,0.8159743
313,/Volumes/SmithL0/2026/BIOL470/Final/Learning_Rig/bee_0408_1_rev/cam1_2026-04-08_16-32-22.mp4,1578.5,1699.5,1321,1374,1836,2025,0.81333697
314,/Volumes/SmithL0/2026/BIOL470/Final/Learning_Rig/bee_0408_1_rev/cam1_2026-04-08_16-32-22.mp4,1579.5,1700.5,1321,1374,1838,2027,0.81331664
315,/Volumes/SmithL0/2026/BIOL470/Final/Learning_Rig/bee_0408_1_rev/cam1_2026-04-08_16-32-22.mp4,1578.5,1699.5,1321,1374,1836,2025,0.8168328
316,/Volumes/SmithL0/2026/BIOL470/Final/Learning_Rig/bee_0408_1_rev/cam1_2026-04-08_16-32-22.mp4,1578.5,1700.5,1322,1374,1835,2027,0.81792665
317,/Volumes/SmithL0/2026/BIOL470/Final/Learning_Rig/bee_0408_1_rev/cam1_2026-04-08_16-32-22.mp4,1578.0,1699.5,1322,1374,1834,2025,0.8162809
318,/Volumes/SmithL0/2026/BIOL470/Final/Learning_Rig/bee_0408_1_rev/cam1_2026-04-08_16-32-22.mp4,1577.5,1698.0,1321,1374,1834,2022,0.8154322
319,/Volumes/SmithL0/2026/BIOL470/Final/Learning_Rig/bee_0408_1_rev/cam1_2026-04-08_16-32-22.mp4,1576.5,1699.0,1321,1374,1832,2024,0.8166781
320,/Volumes/SmithL0/2026/BIOL470/Final/Learning_Rig/bee_0408_1_rev/cam1_2026-04-08_16-32-22.mp4,1577.5,1699.0,1322,1374,1833,2024,0.8152546
321,/Volumes/SmithL0/2026/BIOL470/Final/Learning_Rig/bee_0408_1_rev/cam1_2026-04-08_16-32-22.mp4,1577.0,1699.5,1322,1374,1832,2025,0.8141956
322,/Volumes/SmithL0/2026/BIOL470/Final/Learning_Rig/bee_0408_1_rev/cam1_2026-04-08_16-32-22.mp4,1577.0,1699.5,1322,1374,1832,2025,0.81434184
323,/Volumes/SmithL0/2026/BIOL470/Final/Learning_Rig/bee_0408_1_rev/cam1_2026-04-08_16-32-22.mp4,1577.0,1700.0,1321,1374,1833,2026,0.8163461
324,/Volumes/SmithL0/2026/BIOL470/Final/Learning_Rig/bee_0408_1_rev/cam1_2026-04-08_16-32-22.mp4,1577.0,1700.5,1321,1374,1833,2027,0.81488675
325,/Volumes/SmithL0/2026/BIOL470/Final/Learning_Rig/bee_0408_1_rev/cam1_2026-04-08_16-32-22.mp4,1577.0,1701.0,1321,1374,1833,2028,0.8167527
326,/Volumes/SmithL0/2026/BIOL470/Final/Learning_Rig/bee_0408_1_rev/cam1_2026-04-08_16-32-22.mp4,1577.0,1701.0,1321,1374,1833,2028,0.8179923
327,/Volumes/SmithL0/2026/BIOL470/Final/Learning_Rig/bee_0408_1_rev/cam1_2026-04-08_16-32-22.mp4,1576.0,1700.5,1321,1374,1831,2027,0.8183945
328,/Volumes/SmithL0/2026/BIOL470/Final/Learning_Rig/bee_0408_1_rev/cam1_2026-04-08_16-32-22.mp4,1576.0,1700.0,1320,1374,1832,2026,0.8196113
329,/Volumes/SmithL0/2026/BIOL470/Final/Learning_Rig/bee_0408_1_rev/cam1_2026-04-08_16-32-22.mp4,1576.0,1701.0,1321,1375,1831,2027,0.81606525
330,/Volumes/SmithL0/2026/BIOL470/Final/Learning_Rig/bee_0408_1_rev/cam1_2026-04-08_16-32-22.mp4,1576.5,1701.0,1321,1376,1832,2026,0.8145777
331,/Volumes/SmithL0/2026/BIOL470/Final/Learning_Rig/bee_0408_1_rev/cam1_2026-04-08_16-32-22.mp4,1576.5,1700.5,1320,1376,1833,2025,0.81403816
332,/Volumes/SmithL0/2026/BIOL470/Final/Learning_Rig/bee_0408_1_rev/cam1_2026-04-08_16-32-22.mp4,1577.0,1701.5,1320,1376,1834,2027,0.8144764
333,/Volumes/SmithL0/2026/BIOL470/Final/Learning_Rig/bee_0408_1_rev/cam1_2026-04-08_16-32-22.mp4,1577.0,1701.0,1320,1375,1834,2027,0.8165816
334,/Volumes/SmithL0/2026/BIOL470/Final/Learning_Rig/bee_0408_1_rev/cam1_2026-04-08_16-32-22.mp4,1577.5,1700.0,1319,1374,1836,2026,0.81596863
335,/Volumes/SmithL0/2026/BIOL470/Final/Learning_Rig/bee_0408_1_rev/cam1_2026-04-08_16-32-22.mp4,1577.5,1699.0,1321,1374,1834,2024,0.8107401
336,/Volumes/SmithL0/2026/BIOL470/Final/Learning_Rig/bee_0408_1_rev/cam1_2026-04-08_16-32-22.mp4,1577.0,1699.5,1320,1374,1834,2025,0.81165653
337,/Volumes/SmithL0/2026/BIOL470/Final/Learning_Rig/bee_0408_1_rev/cam1_2026-04-08_16-32-22.mp4,1576.5,1701.0,1320,1375,1833,2027,0.8117797
338,/Volumes/SmithL0/2026/BIOL470/Final/Learning_Rig/bee_0408_1_rev/cam1_2026-04-08_16-32-22.mp4,1577.5,1701.0,1320,1375,1835,2027,0.8141569
339,/Volumes/SmithL0/2026/BIOL470/Final/Learning_Rig/bee_0408_1_rev/cam1_2026-04-08_16-32-22.mp4,1576.5,1700.5,1320,1375,1833,2026,0.81512845
340,/Volumes/SmithL0/2026/BIOL470/Final/Learning_Rig/bee_0408_1_rev/cam1_2026-04-08_16-32-22.mp4,1576.5,1701.0,1320,1375,1833,2027,0.8134857
341,/Volumes/SmithL0/2026/BIOL470/Final/Learning_Rig/bee_0408_1_rev/cam1_2026-04-08_16-32-22.mp4,1577.0,1701.5,1320,1375,1834,2028,0.81490993
342,/Volumes/SmithL0/2026/BIOL470/Final/Learning_Rig/bee_0408_1_rev/cam1_2026-04-08_16-32-22.mp4,1577.0,1700.5,1320,1374,1834,2027,0.8147777
343,/Volumes/SmithL0/2026/BIOL470/Final/Learning_Rig/bee_0408_1_rev/cam1_2026-04-08_16-32-22.mp4,1577.0,1700.5,1321,1374,1833,2027,0.81314296
344,/Volumes/SmithL0/2026/BIOL470/Final/Learning_Rig/bee_0408_1_rev/cam1_2026-04-08_16-32-22.mp4,1577.0,1701.0,1321,1375,1833,2027,0.81444955
345,/Volumes/SmithL0/2026/BIOL470/Final/Learning_Rig/bee_0408_1_rev/cam1_2026-04-08_16-32-22.mp4,1577.0,1701.0,1320,1375,1834,2027,0.81583595
346,/Volumes/SmithL0/2026/BIOL470/Final/Learning_Rig/bee_0408_1_rev/cam1_2026-04-08_16-32-22.mp4,1578.0,1701.5,1320,1375,1836,2028,0.81185263
347,/Volumes/SmithL0/2026/BIOL470/Final/Learning_Rig/bee_0408_1_rev/cam1_2026-04-08_16-32-22.mp4,1577.0,1700.5,1319,1374,1835,2027,0.81474894
348,/Volumes/SmithL0/2026/BIOL470/Final/Learning_Rig/bee_0408_1_rev/cam1_2026-04-08_16-32-22.mp4,1577.0,1700.0,1320,1374,1834,2026,0.81613827
349,/Volumes/SmithL0/2026/BIOL470/Final/Learning_Rig/bee_0408_1_rev/cam1_2026-04-08_16-32-22.mp4,1576.5,1700.0,1320,1374,1833,2026,0.81482375
350,/Volumes/SmithL0/2026/BIOL470/Final/Learning_Rig/bee_0408_1_rev/cam1_2026-04-08_16-32-22.mp4,1577.0,1700.0,1320,1374,1834,2026,0.8156778
351,/Volumes/SmithL0/2026/BIOL470/Final/Learning_Rig/bee_0408_1_rev/cam1_2026-04-08_16-32-22.mp4,1576.5,1700.0,1320,1374,1833,2026,0.8132756
352,/Volumes/SmithL0/2026/BIOL470/Final/Learning_Rig/bee_0408_1_rev/cam1_2026-04-08_16-32-22.mp4,1576.5,1700.5,1320,1374,1833,2027,0.8155587
353,/Volumes/SmithL0/2026/BIOL470/Final/Learning_Rig/bee_0408_1_rev/cam1_2026-04-08_16-32-22.mp4,1576.5,1700.5,1320,1375,1833,2026,0.81569564
354,/Volumes/SmithL0/2026/BIOL470/Final/Learning_Rig/bee_0408_1_rev/cam1_2026-04-08_16-32-22.mp4,1576.5,1701.5,1321,1375,1832,2028,0.8113863
355,/Volumes/SmithL0/2026/BIOL470/Final/Learning_Rig/bee_0408_1_rev/cam1_2026-04-08_16-32-22.mp4,1577.5,1701.5,1321,1375,1834,2028,0.8113979
356,/Volumes/SmithL0/2026/BIOL470/Final/Learning_Rig/bee_0408_1_rev/cam1_2026-04-08_16-32-22.mp4,1577.5,1701.0,1321,1374,1834,2028,0.8176277
357,/Volumes/SmithL0/2026/BIOL470/Final/Learning_Rig/bee_0408_1_rev/cam1_2026-04-08_16-32-22.mp4,1576.5,1700.5,1321,1374,1832,2027,0.8144851
358,/Volumes/SmithL0/2026/BIOL470/Final/Learning_Rig/bee_0408_1_rev/cam1_2026-04-08_16-32-22.mp4,1577.5,1701.5,1320,1374,1835,2029,0.8146725
359,/Volumes/SmithL0/2026/BIOL470/Final/Learning_Rig/bee_0408_1_rev/cam1_2026-04-08_16-32-22.mp4,1576.5,1703.5,1319,1373,1834,2034,0.81670713
360,/Volumes/SmithL0/2026/BIOL470/Final/Learning_Rig/bee_0408_1_rev/cam1_2026-04-08_16-32-22.mp4,1575.0,1702.5,1317,1373,1833,2032,0.8128549
361,/Volumes/SmithL0/2026/BIOL470/Final/Learning_Rig/bee_0408_1_rev/cam1_2026-04-08_16-32-22.mp4,1565.5,1690.5,1315,1369,1816,2012,0.80604494
362,/Volumes/SmithL0/2026/BIOL470/Final/Learning_Rig/bee_0408_1_rev/cam1_2026-04-08_16-32-22.mp4,1562.0,1693.0,1301,1355,1823,2031,0.7687711
363,/Volumes/SmithL0/2026/BIOL470/Final/Learning_Rig/bee_0408_1_rev/cam1_2026-04-08_16-32-22.mp4,1561.5,1698.5,1303,1353,1820,2044,0.7767512
364,/Volumes/SmithL0/2026/BIOL470/Final/Learning_Rig/bee_0408_1_rev/cam1_2026-04-08_16-32-22.mp4,1559.5,1800.0,1289,1350,1830,2250,0.7498625
365,/Volumes/SmithL0/2026/BIOL470/Final/Learning_Rig/bee_0408_1_rev/cam1_2026-04-08_16-32-22.mp4,1552.0,1696.5,1302,1342,1802,2051,0.76666224
366,/Volumes/SmithL0/2026/BIOL470/Final/Learning_Rig/bee_0408_1_rev/cam1_2026-04-08_16-32-22.mp4,1555.5,1687.0,1310,1325,1801,2049,0.7892648
367,/Volumes/SmithL0/2026/BIOL470/Final/Learning_Rig/bee_0408_1_rev/cam1_2026-04-08_16-32-22.mp4,1563.0,1682.5,1314,1319,1812,2046,0.7889385
368,/Volumes/SmithL0/2026/BIOL470/Final/Learning_Rig/bee_0408_1_rev/cam1_2026-04-08_16-32-22.mp4,1582.5,1656.5,1328,1298,1837,2015,0.81167394
369,/Volumes/SmithL0/2026/BIOL470/Final/Learning_Rig/bee_0408_1_rev/cam1_2026-04-08_16-32-22.mp4,1585.0,1654.0,1328,1298,1842,2010,0.80725133
370,/Volumes/SmithL0/2026/BIOL470/Final/Learning_Rig/bee_0408_1_rev/cam1_2026-04-08_16-32-22.mp4,1585.0,1659.5,1328,1293,1842,2026,0.8063759
371,/Volumes/SmithL0/2026/BIOL470/Final/Learning_Rig/bee_0408_1_rev/cam1_2026-04-08_16-32-22.mp4,1585.5,1646.0,1325,1293,1846,1999,0.7947443
372,/Volumes/SmithL0/2026/BIOL470/Final/Learning_Rig/bee_0408_1_rev/cam1_2026-04-08_16-32-22.mp4,1565.5,1763.5,1285,1292,1846,2235,0.7128797
373,/Volumes/SmithL0/2026/BIOL470/Final/Learning_Rig/bee_0408_1_rev/cam1_2026-04-08_16-32-22.mp4,1584.5,1647.5,1324,1292,1845,2003,0.7878971
374,/Volumes/SmithL0/2026/BIOL470/Final/Learning_Rig/bee_0408_1_rev/cam1_2026-04-08_16-32-22.mp4,1565.0,1766.5,1283,1291,1847,2242,0.678369
375,/Volumes/SmithL0/2026/BIOL470/Final/Learning_Rig/bee_0408_1_rev/cam1_2026-04-08_16-32-22.mp4,1584.0,1631.5,1320,1290,1848,1973,0.79082876
376,/Volumes/SmithL0/2026/BIOL470/Final/Learning_Rig/bee_0408_1_rev/cam1_2026-04-08_16-32-22.mp4,1577.0,1619.0,1299,1298,1855,1940,0.80258894
377,/Volumes/SmithL0/2026/BIOL470/Final/Learning_Rig/bee_0408_1_rev/cam1_2026-04-08_16-32-22.mp4,1618.0,1560.5,1317,1261,1919,1860,0.8037261
378,/Volumes/SmithL0/2026/BIOL470/Final/Learning_Rig/bee_0408_1_rev/cam1_2026-04-08_16-32-22.mp4,1625.0,1555.0,1342,1260,1908,1850,0.8063726
379,/Volumes/SmithL0/2026/BIOL470/Final/Learning_Rig/bee_0408_1_rev/cam1_2026-04-08_16-32-22.mp4,1620.5,1568.0,1343,1267,1898,1869,0.8111715
380,/Volumes/SmithL0/2026/BIOL470/Final/Learning_Rig/bee_0408_1_rev/cam1_2026-04-08_16-32-22.mp4,1645.0,1585.5,1335,1248,1955,1923,0.80174774
381,/Volumes/SmithL0/2026/BIOL470/Final/Learning_Rig/bee_0408_1_rev/cam1_2026-04-08_16-32-22.mp4,1641.0,1589.5,1327,1249,1955,1930,0.79018325
382,/Volumes/SmithL0/2026/BIOL470/Final/Learning_Rig/bee_0408_1_rev/cam1_2026-04-08_16-32-22.mp4,1634.5,1579.0,1316,1250,1953,1908,0.81056
383,/Volumes/SmithL0/2026/BIOL470/Final/Learning_Rig/bee_0408_1_rev/cam1_2026-04-08_16-32-22.mp4,1635.5,1581.0,1315,1250,1956,1912,0.818332
384,/Volumes/SmithL0/2026/BIOL470/Final/Learning_Rig/bee_0408_1_rev/cam1_2026-04-08_16-32-22.mp4,1652.0,1581.5,1341,1240,1963,1923,0.79032356
385,/Volumes/SmithL0/2026/BIOL470/Final/Learning_Rig/bee_0408_1_rev/cam1_2026-04-08_16-32-22.mp4,1649.5,1547.0,1330,1183,1969,1911,0.81069994
386,/Volumes/SmithL0/2026/BIOL470/Final/Learning_Rig/bee_0408_1_rev/cam1_2026-04-08_16-32-22.mp4,1651.0,1536.0,1330,1161,1972,1911,0.81291384
387,/Volumes/SmithL0/2026/BIOL470/Final/Learning_Rig/bee_0408_1_rev/cam1_2026-04-08_16-32-22.mp4,1646.0,1565.5,1326,1212,1966,1919,0.80684674
388,/Volumes/SmithL0/2026/BIOL470/Final/Learning_Rig/bee_0408_1_rev/cam1_2026-04-08_16-32-22.mp4,1641.0,1555.5,1317,1183,1965,1928,0.80901253
389,/Volumes/SmithL0/2026/BIOL470/Final/Learning_Rig/bee_0408_1_rev/cam1_2026-04-08_16-32-22.mp4,1641.0,1534.0,1310,1134,1972,1934,0.8139307
390,/Volumes/SmithL0/2026/BIOL470/Final/Learning_Rig/bee_0408_1_rev/cam1_2026-04-08_16-32-22.mp4,1650.5,1572.0,1316,1232,1985,1912,0.7807801
391,/Volumes/SmithL0/2026/BIOL470/Final/Learning_Rig/bee_0408_1_rev/cam1_2026-04-08_16-32-22.mp4,1650.5,1554.5,1316,1208,1985,1901,0.82814974
392,/Volumes/SmithL0/2026/BIOL470/Final/Learning_Rig/bee_0408_1_rev/cam1_2026-04-08_16-32-22.mp4,1684.5,1560.0,1356,1268,2013,1852,0.8097537
393,/Volumes/SmithL0/2026/BIOL470/Final/Learning_Rig/bee_0408_1_rev/cam1_2026-04-08_16-32-22.mp4,1685.5,1527.0,1351,1230,2020,1824,0.82223696
394,/Volumes/SmithL0/2026/BIOL470/Final/Learning_Rig/bee_0408_1_rev/cam1_2026-04-08_16-32-22.mp4,1694.5,1502.0,1346,1194,2043,1810,0.8138206
395,/Volumes/SmithL0/2026/BIOL470/Final/Learning_Rig/bee_0408_1_rev/cam1_2026-04-08_16-32-22.mp4,1678.5,1504.0,1339,1196,2018,1812,0.8240587
396,/Volumes/SmithL0/2026/BIOL470/Final/Learning_Rig/bee_0408_1_rev/cam1_2026-04-08_16-32-22.mp4,1692.0,1479.0,1331,1151,2053,1807,0.8354414
397,/Volumes/SmithL0/2026/BIOL470/Final/Learning_Rig/bee_0408_1_rev/cam1_2026-04-08_16-32-22.mp4,1709.0,1487.5,1357,1161,2061,1814,0.8189878
398,/Volumes/SmithL0/2026/BIOL470/Final/Learning_Rig/bee_0408_1_rev/cam1_2026-04-08_16-32-22.mp4,1697.0,1486.0,1357,1159,2037,1813,0.7981122
399,/Volumes/SmithL0/2026/BIOL470/Final/Learning_Rig/bee_0408_1_rev/cam1_2026-04-08_16-32-22.mp4,1691.0,1473.5,1352,1155,2030,1792,0.79129285
400,/Volumes/SmithL0/2026/BIOL470/Final/Learning_Rig/bee_0408_1_rev/cam1_2026-04-08_16-32-22.mp4,1692.5,1457.5,1342,1142,2043,1773,0.8045807
401,/Volumes/SmithL0/2026/BIOL470/Final/Learning_Rig/bee_0408_1_rev/cam1_2026-04-08_16-32-22.mp4,1709.0,1444.5,1349,1142,2069,1747,0.81358624
402,/Volumes/SmithL0/2026/BIOL470/Final/Learning_Rig/bee_0408_1_rev/cam1_2026-04-08_16-32-22.mp4,1730.5,1383.5,1346,1046,2115,1721,0.77974737
403,/Volumes/SmithL0/2026/BIOL470/Final/Learning_Rig/bee_0408_1_rev/cam1_2026-04-08_16-32-22.mp4,1734.5,1378.0,1338,1037,2131,1719,0.77829325
404,/Volumes/SmithL0/2026/BIOL470/Final/Learning_Rig/bee_0408_1_rev/cam1_2026-04-08_16-32-22.mp4,1725.0,1361.0,1341,1039,2109,1683,0.78808355
405,/Volumes/SmithL0/2026/BIOL470/Final/Learning_Rig/bee_0408_1_rev/cam1_2026-04-08_16-32-22.mp4,1720.0,1348.5,1331,1022,2109,1675,0.77556807
406,/Volumes/SmithL0/2026/BIOL470/Final/Learning_Rig/bee_0408_1_rev/cam1_2026-04-08_16-32-22.mp4,1724.5,1337.5,1337,1006,2112,1669,0.78933185
407,/Volumes/SmithL0/2026/BIOL470/Final/Learning_Rig/bee_0408_1_rev/cam1_2026-04-08_16-32-22.mp4,1722.0,1330.5,1339,994,2105,1667,0.7938383
408,/Volumes/SmithL0/2026/BIOL470/Final/Learning_Rig/bee_0408_1_rev/cam1_2026-04-08_16-32-22.mp4,1749.0,1417.0,1355,1090,2143,1744,0.6697154
409,/Volumes/SmithL0/2026/BIOL470/Final/Learning_Rig/bee_0408_1_rev/cam1_2026-04-08_16-32-22.mp4,1754.0,1426.5,1351,1113,2157,1740,0.6412742
410,/Volumes/SmithL0/2026/BIOL470/Final/Learning_Rig/bee_0408_1_rev/cam1_2026-04-08_16-32-22.mp4,1796.0,1426.0,1417,1134,2175,1718,0.67189395
411,/Volumes/SmithL0/2026/BIOL470/Final/Learning_Rig/bee_0408_1_rev/cam1_2026-04-08_16-32-22.mp4,1862.0,1416.5,1445,1107,2279,1726,0.80829245
412,/Volumes/SmithL0/2026/BIOL470/Final/Learning_Rig/bee_0408_1_rev/cam1_2026-04-08_16-32-22.mp4,1874.5,1427.5,1454,1120,2295,1735,0.82334524
413,/Volumes/SmithL0/2026/BIOL470/Final/Learning_Rig/bee_0408_1_rev/cam1_2026-04-08_16-32-22.mp4,1903.5,1439.0,1530,1144,2277,1734,0.7877583
414,/Volumes/SmithL0/2026/BIOL470/Final/Learning_Rig/bee_0408_1_rev/cam1_2026-04-08_16-32-22.mp4,1929.5,1432.0,1556,1127,2303,1737,0.812172
415,/Volumes/SmithL0/2026/BIOL470/Final/Learning_Rig/bee_0408_1_rev/cam1_2026-04-08_16-32-22.mp4,1942.0,1445.0,1608,1139,2276,1751,0.81758
416,/Volumes/SmithL0/2026/BIOL470/Final/Learning_Rig/bee_0408_1_rev/cam1_2026-04-08_16-32-22.mp4,1928.0,1455.0,1587,1122,2269,1788,0.797254
417,/Volumes/SmithL0/2026/BIOL470/Final/Learning_Rig/bee_0408_1_rev/cam1_2026-04-08_16-32-22.mp4,1930.0,1457.5,1583,1126,2277,1789,0.7898076
418,/Volumes/SmithL0/2026/BIOL470/Final/Learning_Rig/bee_0408_1_rev/cam1_2026-04-08_16-32-22.mp4,1936.5,1472.5,1591,1155,2282,1790,0.7813514
419,/Volumes/SmithL0/2026/BIOL470/Final/Learning_Rig/bee_0408_1_rev/cam1_2026-04-08_16-32-22.mp4,1950.0,1498.5,1612,1158,2288,1839,0.78911185
420,/Volumes/SmithL0/2026/BIOL470/Final/Learning_Rig/bee_0408_1_rev/cam1_2026-04-08_16-32-22.mp4,1941.0,1596.5,1626,1268,2256,1925,0.81395555
421,/Volumes/SmithL0/2026/BIOL470/Final/Learning_Rig/bee_0408_1_rev/cam1_2026-04-08_16-32-22.mp4,1944.5,1608.0,1637,1267,2252,1949,0.8153192
422,/Volumes/SmithL0/2026/BIOL470/Final/Learning_Rig/bee_0408_1_rev/cam1_2026-04-08_16-32-22.mp4,1940.0,1614.0,1621,1261,2259,1967,0.8190411
423,/Volumes/SmithL0/2026/BIOL470/Final/Learning_Rig/bee_0408_1_rev/cam1_2026-04-08_16-32-22.mp4,1925.0,1652.0,1580,1290,2270,2014,0.82917285
424,/Volumes/SmithL0/2026/BIOL470/Final/Learning_Rig/bee_0408_1_rev/cam1_2026-04-08_16-32-22.mp4,1920.5,1690.5,1572,1340,2269,2041,0.7921712
425,/Volumes/SmithL0/2026/BIOL470/Final/Learning_Rig/bee_0408_1_rev/cam1_2026-04-08_16-32-22.mp4,1906.5,1695.5,1570,1355,2243,2036,0.79376197
426,/Volumes/SmithL0/2026/BIOL470/Final/Learning_Rig/bee_0408_1_rev/cam1_2026-04-08_16-32-22.mp4,1901.5,1693.5,1560,1354,2243,2033,0.79566425
427,/Volumes/SmithL0/2026/BIOL470/Final/Learning_Rig/bee_0408_1_rev/cam1_2026-04-08_16-32-22.mp4,1895.5,1694.5,1513,1350,2278,2039,0.8210661
428,/Volumes/SmithL0/2026/BIOL470/Final/Learning_Rig/bee_0408_1_rev/cam1_2026-04-08_16-32-22.mp4,1800.5,1700.5,1496,1360,2105,2041,0.8034555
429,/Volumes/SmithL0/2026/BIOL470/Final/Learning_Rig/bee_0408_1_rev/cam1_2026-04-08_16-32-22.mp4,1799.5,1703.0,1496,1364,2103,2042,0.8218593
430,/Volumes/SmithL0/2026/BIOL470/Final/Learning_Rig/bee_0408_1_rev/cam1_2026-04-08_16-32-22.mp4,1799.0,1702.5,1494,1361,2104,2044,0.8109933
431,/Volumes/SmithL0/2026/BIOL470/Final/Learning_Rig/bee_0408_1_rev/cam1_2026-04-08_16-32-22.mp4,1790.0,1722.5,1499,1365,2081,2080,0.8229671
432,/Volumes/SmithL0/2026/BIOL470/Final/Learning_Rig/bee_0408_1_rev/cam1_2026-04-08_16-32-22.mp4,1780.0,1731.5,1492,1361,2068,2102,0.8113087
433,/Volumes/SmithL0/2026/BIOL470/Final/Learning_Rig/bee_0408_1_rev/cam1_2026-04-08_16-32-22.mp4,1774.0,1736.0,1483,1373,2065,2099,0.80140495
434,/Volumes/SmithL0/2026/BIOL470/Final/Learning_Rig/bee_0408_1_rev/cam1_2026-04-08_16-32-22.mp4,1778.5,1737.5,1482,1370,2075,2105,0.79915947
435,/Volumes/SmithL0/2026/BIOL470/Final/Learning_Rig/bee_0408_1_rev/cam1_2026-04-08_16-32-22.mp4,1776.5,1734.0,1484,1365,2069,2103,0.80480385
436,/Volumes/SmithL0/2026/BIOL470/Final/Learning_Rig/bee_0408_1_rev/cam1_2026-04-08_16-32-22.mp4,1778.0,1725.0,1499,1364,2057,2086,0.8142769
437,/Volumes/SmithL0/2026/BIOL470/Final/Learning_Rig/bee_0408_1_rev/cam1_2026-04-08_16-32-22.mp4,1780.0,1726.5,1503,1367,2057,2086,0.81832606
438,/Volumes/SmithL0/2026/BIOL470/Final/Learning_Rig/bee_0408_1_rev/cam1_2026-04-08_16-32-22.mp4,1778.0,1722.0,1501,1367,2055,2077,0.82157373
439,/Volumes/SmithL0/2026/BIOL470/Final/Learning_Rig/bee_0408_1_rev/cam1_2026-04-08_16-32-22.mp4,1750.5,1710.5,1457,1364,2044,2057,0.81980485
440,/Volumes/SmithL0/2026/BIOL470/Final/Learning_Rig/bee_0408_1_rev/cam1_2026-04-08_16-32-22.mp4,1705.0,1694.0,1388,1353,2022,2035,0.8072204
441,/Volumes/SmithL0/2026/BIOL470/Final/Learning_Rig/bee_0408_1_rev/cam1_2026-04-08_16-32-22.mp4,1680.0,1696.5,1356,1355,2004,2038,0.80277264
442,/Volumes/SmithL0/2026/BIOL470/Final/Learning_Rig/bee_0408_1_rev/cam1_2026-04-08_16-32-22.mp4,1639.0,1695.0,1318,1358,1960,2032,0.79979587
443,/Volumes/SmithL0/2026/BIOL470/Final/Learning_Rig/bee_0408_1_rev/cam1_2026-04-08_16-32-22.mp4,1635.0,1692.0,1309,1360,1961,2024,0.79877156
444,/Volumes/SmithL0/2026/BIOL470/Final/Learning_Rig/bee_0408_1_rev/cam1_2026-04-08_16-32-22.mp4,1607.5,1691.0,1254,1355,1961,2027,0.8107423
445,/Volumes/SmithL0/2026/BIOL470/Final/Learning_Rig/bee_0408_1_rev/cam1_2026-04-08_16-32-22.mp4,1588.0,1688.5,1218,1358,1958,2019,0.8011146
446,/Volumes/SmithL0/2026/BIOL470/Final/Learning_Rig/bee_0408_1_rev/cam1_2026-04-08_16-32-22.mp4,1602.5,1697.5,1220,1355,1985,2040,0.7782732
447,/Volumes/SmithL0/2026/BIOL470/Final/Learning_Rig/bee_0408_1_rev/cam1_2026-04-08_16-32-22.mp4,1554.0,1703.0,1229,1366,1879,2040,0.74889886
448,/Volumes/SmithL0/2026/BIOL470/Final/Learning_Rig/bee_0408_1_rev/cam1_2026-04-08_16-32-22.mp4,1626.5,1699.0,1244,1366,2009,2032,0.8054012
449,/Volumes/SmithL0/2026/BIOL470/Final/Learning_Rig/bee_0408_1_rev/cam1_2026-04-08_16-32-22.mp4,1599.0,1720.5,1227,1374,1971,2067,0.73793143
450,/Volumes/SmithL0/2026/BIOL470/Final/Learning_Rig/bee_0408_1_rev/cam1_2026-04-08_16-32-22.mp4,1575.0,1705.5,1247,1366,1903,2045,0.7732867
451,/Volumes/SmithL0/2026/BIOL470/Final/Learning_Rig/bee_0408_1_rev/cam1_2026-04-08_16-32-22.mp4,1571.5,1731.0,1259,1368,1884,2094,0.76781666
452,/Volumes/SmithL0/2026/BIOL470/Final/Learning_Rig/bee_0408_1_rev/cam1_2026-04-08_16-32-22.mp4,1558.5,1749.0,1234,1365,1883,2133,0.7915136
453,/Volumes/SmithL0/2026/BIOL470/Final/Learning_Rig/bee_0408_1_rev/cam1_2026-04-08_16-32-22.mp4,1657.5,1666.0,1267,1355,2048,1977,0.8095487
454,/Volumes/SmithL0/2026/BIOL470/Final/Learning_Rig/bee_0408_1_rev/cam1_2026-04-08_16-32-22.mp4,1701.0,1690.5,1328,1346,2074,2035,0.80248034
455,/Volumes/SmithL0/2026/BIOL470/Final/Learning_Rig/bee_0408_1_rev/cam1_2026-04-08_16-32-22.mp4,1644.0,1695.5,1333,1343,1955,2048,0.7993741
456,/Volumes/SmithL0/2026/BIOL470/Final/Learning_Rig/bee_0408_1_rev/cam1_2026-04-08_16-32-22.mp4,1616.5,1687.0,1331,1333,1902,2041,0.8234235
457,/Volumes/SmithL0/2026/BIOL470/Final/Learning_Rig/bee_0408_1_rev/cam1_2026-04-08_16-32-22.mp4,1629.5,1671.0,1339,1339,1920,2003,0.8219624
458,/Volumes/SmithL0/2026/BIOL470/Final/Learning_Rig/bee_0408_1_rev/cam1_2026-04-08_16-32-22.mp4,1630.0,1670.0,1340,1339,1920,2001,0.8229209
459,/Volumes/SmithL0/2026/BIOL470/Final/Learning_Rig/bee_0408_1_rev/cam1_2026-04-08_16-32-22.mp4,1642.5,1643.5,1365,1310,1920,1977,0.81781703
460,/Volumes/SmithL0/2026/BIOL470/Final/Learning_Rig/bee_0408_1_rev/cam1_2026-04-08_16-32-22.mp4,1667.0,1618.0,1354,1289,1980,1947,0.8179366
461,/Volumes/SmithL0/2026/BIOL470/Final/Learning_Rig/bee_0408_1_rev/cam1_2026-04-08_16-32-22.mp4,1594.0,1625.0,1322,1294,1866,1956,0.83104557
462,/Volumes/SmithL0/2026/BIOL470/Final/Learning_Rig/bee_0408_1_rev/cam1_2026-04-08_16-32-22.mp4,1606.5,1583.5,1332,1227,1881,1940,0.8058603
463,/Volumes/SmithL0/2026/BIOL470/Final/Learning_Rig/bee_0408_1_rev/cam1_2026-04-08_16-32-22.mp4,1597.0,1576.5,1331,1216,1863,1937,0.8215909
464,/Volumes/SmithL0/2026/BIOL470/Final/Learning_Rig/bee_0408_1_rev/cam1_2026-04-08_16-32-22.mp4,1598.0,1556.5,1331,1194,1865,1919,0.8349421
465,/Volumes/SmithL0/2026/BIOL470/Final/Learning_Rig/bee_0408_1_rev/cam1_2026-04-08_16-32-22.mp4,1595.5,1545.0,1322,1181,1869,1909,0.82069206
466,/Volumes/SmithL0/2026/BIOL470/Final/Learning_Rig/bee_0408_1_rev/cam1_2026-04-08_16-32-22.mp4,1594.5,1534.0,1319,1171,1870,1897,0.83783937
467,/Volumes/SmithL0/2026/BIOL470/Final/Learning_Rig/bee_0408_1_rev/cam1_2026-04-08_16-32-22.mp4,1592.5,1545.5,1319,1171,1866,1920,0.84849906
468,/Volumes/SmithL0/2026/BIOL470/Final/Learning_Rig/bee_0408_1_rev/cam1_2026-04-08_16-32-22.mp4,1592.5,1543.5,1325,1184,1860,1903,0.8508849
469,/Volumes/SmithL0/2026/BIOL470/Final/Learning_Rig/bee_0408_1_rev/cam1_2026-04-08_16-32-22.mp4,1584.5,1466.0,1326,1078,1843,1854,0.7962356
470,/Volumes/SmithL0/2026/BIOL470/Final/Learning_Rig/bee_0408_1_rev/cam1_2026-04-08_16-32-22.mp4,1589.5,1456.5,1324,1080,1855,1833,0.80615586
471,/Volumes/SmithL0/2026/BIOL470/Final/Learning_Rig/bee_0408_1_rev/cam1_2026-04-08_16-32-22.mp4,1532.5,1446.0,1221,1069,1844,1823,0.8041933
472,/Volumes/SmithL0/2026/BIOL470/Final/Learning_Rig/bee_0408_1_rev/cam1_2026-04-08_16-32-22.mp4,1510.5,1439.0,1169,1065,1852,1813,0.81305414
473,/Volumes/SmithL0/2026/BIOL470/Final/Learning_Rig/bee_0408_1_rev/cam1_2026-04-08_16-32-22.mp4,1536.0,1432.0,1313,1064,1759,1800,0.7852507
474,/Volumes/SmithL0/2026/BIOL470/Final/Learning_Rig/bee_0408_1_rev/cam1_2026-04-08_16-32-22.mp4,1617.5,1442.0,1294,1066,1941,1818,0.7636794
475,/Volumes/SmithL0/2026/BIOL470/Final/Learning_Rig/bee_0408_1_rev/cam1_2026-04-08_16-32-22.mp4,1602.5,1436.5,1286,1057,1919,1816,0.7945914
476,/Volumes/SmithL0/2026/BIOL470/Final/Learning_Rig/bee_0408_1_rev/cam1_2026-04-08_16-32-22.mp4,1586.5,1431.5,1315,1060,1858,1803,0.80184877
477,/Volumes/SmithL0/2026/BIOL470/Final/Learning_Rig/bee_0408_1_rev/cam1_2026-04-08_16-32-22.mp4,1583.0,1428.5,1295,1043,1871,1814,0.7987844
478,/Volumes/SmithL0/2026/BIOL470/Final/Learning_Rig/bee_0408_1_rev/cam1_2026-04-08_16-32-22.mp4,1592.0,1425.0,1321,1040,1863,1810,0.7857075
479,/Volumes/SmithL0/2026/BIOL470/Final/Learning_Rig/bee_0408_1_rev/cam1_2026-04-08_16-32-22.mp4,1597.5,1424.5,1325,1047,1870,1802,0.79048604
480,/Volumes/SmithL0/2026/BIOL470/Final/Learning_Rig/bee_0408_1_rev/cam1_2026-04-08_16-32-22.mp4,1599.0,1425.0,1328,1046,1870,1804,0.78110516
481,/Volumes/SmithL0/2026/BIOL470/Final/Learning_Rig/bee_0408_1_rev/cam1_2026-04-08_16-32-22.mp4,1601.5,1421.5,1328,1036,1875,1807,0.79259
482,/Volumes/SmithL0/2026/BIOL470/Final/Learning_Rig/bee_0408_1_rev/cam1_2026-04-08_16-32-22.mp4,1599.0,1430.0,1327,1054,1871,1806,0.78354746
483,/Volumes/SmithL0/2026/BIOL470/Final/Learning_Rig/bee_0408_1_rev/cam1_2026-04-08_16-32-22.mp4,1602.5,1418.0,1332,1029,1873,1807,0.8080046
484,/Volumes/SmithL0/2026/BIOL470/Final/Learning_Rig/bee_0408_1_rev/cam1_2026-04-08_16-32-22.mp4,1604.0,1420.5,1331,1035,1877,1806,0.80571043
485,/Volumes/SmithL0/2026/BIOL470/Final/Learning_Rig/bee_0408_1_rev/cam1_2026-04-08_16-32-22.mp4,1615.0,1409.0,1322,1029,1908,1789,0.80282295
486,/Volumes/SmithL0/2026/BIOL470/Final/Learning_Rig/bee_0408_1_rev/cam1_2026-04-08_16-32-22.mp4,1616.0,1413.0,1320,1033,1912,1793,0.80391866
487,/Volumes/SmithL0/2026/BIOL470/Final/Learning_Rig/bee_0408_1_rev/cam1_2026-04-08_16-32-22.mp4,1617.0,1413.5,1321,1032,1913,1795,0.8077761
488,/Volumes/SmithL0/2026/BIOL470/Final/Learning_Rig/bee_0408_1_rev/cam1_2026-04-08_16-32-22.mp4,1615.5,1410.0,1320,1033,1911,1787,0.80338
489,/Volumes/SmithL0/2026/BIOL470/Final/Learning_Rig/bee_0408_1_rev/cam1_2026-04-08_16-32-22.mp4,1613.5,1417.5,1317,1044,1910,1791,0.7997746
490,/Volumes/SmithL0/2026/BIOL470/Final/Learning_Rig/bee_0408_1_rev/cam1_2026-04-08_16-32-22.mp4,1616.5,1411.0,1320,1030,1913,1792,0.8016785
491,/Volumes/SmithL0/2026/BIOL470/Final/Learning_Rig/bee_0408_1_rev/cam1_2026-04-08_16-32-22.mp4,1616.5,1404.0,1320,1032,1913,1776,0.8029534
492,/Volumes/SmithL0/2026/BIOL470/Final/Learning_Rig/bee_0408_1_rev/cam1_2026-04-08_16-32-22.mp4,1613.0,1406.5,1315,1043,1911,1770,0.8041328
493,/Volumes/SmithL0/2026/BIOL470/Final/Learning_Rig/bee_0408_1_rev/cam1_2026-04-08_16-32-22.mp4,1615.0,1402.5,1317,1033,1913,1772,0.8031907
494,/Volumes/SmithL0/2026/BIOL470/Final/Learning_Rig/bee_0408_1_rev/cam1_2026-04-08_16-32-22.mp4,1614.0,1399.0,1315,1034,1913,1764,0.7939424
495,/Volumes/SmithL0/2026/BIOL470/Final/Learning_Rig/bee_0408_1_rev/cam1_2026-04-08_16-32-22.mp4,1613.5,1388.0,1314,1034,1913,1742,0.79197806
496,/Volumes/SmithL0/2026/BIOL470/Final/Learning_Rig/bee_0408_1_rev/cam1_2026-04-08_16-32-22.mp4,1605.0,1384.5,1304,1032,1906,1737,0.7929777
497,/Volumes/SmithL0/2026/BIOL470/Final/Learning_Rig/bee_0408_1_rev/cam1_2026-04-08_16-32-22.mp4,1610.0,1390.5,1307,1040,1913,1741,0.79396236
498,/Volumes/SmithL0/2026/BIOL470/Final/Learning_Rig/bee_0408_1_rev/cam1_2026-04-08_16-32-22.mp4,1611.5,1384.5,1308,1028,1915,1741,0.80339056
499,/Volumes/SmithL0/2026/BIOL470/Final/Learning_Rig/bee_0408_1_rev/cam1_2026-04-08_16-32-22.mp4,1608.0,1366.0,1309,998,1907,1734,0.82102776
500,/Volumes/SmithL0/2026/BIOL470/Final/Learning_Rig/bee_0408_1_rev/cam1_2026-04-08_16-32-22.mp4,1611.0,1356.5,1307,988,1915,1725,0.8388448
501,/Volumes/SmithL0/2026/BIOL470/Final/Learning_Rig/bee_0408_1_rev/cam1_2026-04-08_16-32-22.mp4,1622.5,1343.0,1325,975,1920,1711,0.84102255
502,/Volumes/SmithL0/2026/BIOL470/Final/Learning_Rig/bee_0408_1_rev/cam1_2026-04-08_16-32-22.mp4,1624.5,1342.5,1327,978,1922,1707,0.84555185
503,/Volumes/SmithL0/2026/BIOL470/Final/Learning_Rig/bee_0408_1_rev/cam1_2026-04-08_16-32-22.mp4,1631.0,1336.5,1336,974,1926,1699,0.8481687
504,/Volumes/SmithL0/2026/BIOL470/Final/Learning_Rig/bee_0408_1_rev/cam1_2026-04-08_16-32-22.mp4,1634.0,1335.5,1343,974,1925,1697,0.84537995
505,/Volumes/SmithL0/2026/BIOL470/Final/Learning_Rig/bee_0408_1_rev/cam1_2026-04-08_16-32-22.mp4,1649.5,1329.5,1349,969,1950,1690,0.83746207
506,/Volumes/SmithL0/2026/BIOL470/Final/Learning_Rig/bee_0408_1_rev/cam1_2026-04-08_16-32-22.mp4,1650.5,1328.5,1350,976,1951,1681,0.8391329
507,/Volumes/SmithL0/2026/BIOL470/Final/Learning_Rig/bee_0408_1_rev/cam1_2026-04-08_16-32-22.mp4,1663.0,1325.5,1342,972,1984,1679,0.84234864
508,/Volumes/SmithL0/2026/BIOL470/Final/Learning_Rig/bee_0408_1_rev/cam1_2026-04-08_16-32-22.mp4,1660.5,1327.0,1339,972,1982,1682,0.84462947
509,/Volumes/SmithL0/2026/BIOL470/Final/Learning_Rig/bee_0408_1_rev/cam1_2026-04-08_16-32-22.mp4,1659.5,1327.0,1338,971,1981,1683,0.8427827
510,/Volumes/SmithL0/2026/BIOL470/Final/Learning_Rig/bee_0408_1_rev/cam1_2026-04-08_16-32-22.mp4,1662.0,1326.5,1337,970,1987,1683,0.8405787
511,/Volumes/SmithL0/2026/BIOL470/Final/Learning_Rig/bee_0408_1_rev/cam1_2026-04-08_16-32-22.mp4,1662.0,1327.0,1337,970,1987,1684,0.8375362
512,/Volumes/SmithL0/2026/BIOL470/Final/Learning_Rig/bee_0408_1_rev/cam1_2026-04-08_16-32-22.mp4,1659.5,1324.5,1336,968,1983,1681,0.83813834
513,/Volumes/SmithL0/2026/BIOL470/Final/Learning_Rig/bee_0408_1_rev/cam1_2026-04-08_16-32-22.mp4,1655.0,1323.0,1335,967,1975,1679,0.8418549
514,/Volumes/SmithL0/2026/BIOL470/Final/Learning_Rig/bee_0408_1_rev/cam1_2026-04-08_16-32-22.mp4,1654.5,1323.5,1334,967,1975,1680,0.8400155
515,/Volumes/SmithL0/2026/BIOL470/Final/Learning_Rig/bee_0408_1_rev/cam1_2026-04-08_16-32-22.mp4,1653.5,1323.5,1333,968,1974,1679,0.8426248
516,/Volumes/SmithL0/2026/BIOL470/Final/Learning_Rig/bee_0408_1_rev/cam1_2026-04-08_16-32-22.mp4,1659.5,1323.5,1340,968,1979,1679,0.8409808
517,/Volumes/SmithL0/2026/BIOL470/Final/Learning_Rig/bee_0408_1_rev/cam1_2026-04-08_16-32-22.mp4,1655.5,1324.5,1336,964,1975,1685,0.8307049
518,/Volumes/SmithL0/2026/BIOL470/Final/Learning_Rig/bee_0408_1_rev/cam1_2026-04-08_16-32-22.mp4,1665.0,1329.5,1367,968,1963,1691,0.8207434
519,/Volumes/SmithL0/2026/BIOL470/Final/Learning_Rig/bee_0408_1_rev/cam1_2026-04-08_16-32-22.mp4,1685.5,1322.0,1413,960,1958,1684,0.8144697
520,/Volumes/SmithL0/2026/BIOL470/Final/Learning_Rig/bee_0408_1_rev/cam1_2026-04-08_16-32-22.mp4,1674.0,1323.0,1388,950,1960,1696,0.80606306
521,/Volumes/SmithL0/2026/BIOL470/Final/Learning_Rig/bee_0408_1_rev/cam1_2026-04-08_16-32-22.mp4,1671.5,1306.0,1396,963,1947,1649,0.82542855
522,/Volumes/SmithL0/2026/BIOL470/Final/Learning_Rig/bee_0408_1_rev/cam1_2026-04-08_16-32-22.mp4,1681.0,1320.0,1410,963,1952,1677,0.82398766
523,/Volumes/SmithL0/2026/BIOL470/Final/Learning_Rig/bee_0408_1_rev/cam1_2026-04-08_16-32-22.mp4,1682.0,1313.5,1409,964,1955,1663,0.81751263
524,/Volumes/SmithL0/2026/BIOL470/Final/Learning_Rig/bee_0408_1_rev/cam1_2026-04-08_16-32-22.mp4,1678.0,1320.5,1401,964,1955,1677,0.81525636
525,/Volumes/SmithL0/2026/BIOL470/Final/Learning_Rig/bee_0408_1_rev/cam1_2026-04-08_16-32-22.mp4,1680.0,1308.0,1401,970,1959,1646,0.81206447
526,/Volumes/SmithL0/2026/BIOL470/Final/Learning_Rig/bee_0408_1_rev/cam1_2026-04-08_16-32-22.mp4,1666.0,1314.5,1366,973,1966,1656,0.82624835
527,/Volumes/SmithL0/2026/BIOL470/Final/Learning_Rig/bee_0408_1_rev/cam1_2026-04-08_16-32-22.mp4,1703.0,1366.5,1410,1046,1996,1687,0.7942738
528,/Volumes/SmithL0/2026/BIOL470/Final/Learning_Rig/bee_0408_1_rev/cam1_2026-04-08_16-32-22.mp4,1711.0,1373.5,1398,1047,2024,1700,0.80268276
529,/Volumes/SmithL0/2026/BIOL470/Final/Learning_Rig/bee_0408_1_rev/cam1_2026-04-08_16-32-22.mp4,1713.5,1384.5,1406,1076,2021,1693,0.8063524
530,/Volumes/SmithL0/2026/BIOL470/Final/Learning_Rig/bee_0408_1_rev/cam1_2026-04-08_16-32-22.mp4,1710.0,1387.5,1403,1077,2017,1698,0.80718774
531,/Volumes/SmithL0/2026/BIOL470/Final/Learning_Rig/bee_0408_1_rev/cam1_2026-04-08_16-32-22.mp4,1695.0,1423.0,1388,1096,2002,1750,0.82993865
532,/Volumes/SmithL0/2026/BIOL470/Final/Learning_Rig/bee_0408_1_rev/cam1_2026-04-08_16-32-22.mp4,1686.5,1460.0,1373,1139,2000,1781,0.8036259
533,/Volumes/SmithL0/2026/BIOL470/Final/Learning_Rig/bee_0408_1_rev/cam1_2026-04-08_16-32-22.mp4,1686.0,1494.0,1361,1167,2011,1821,0.7945037
534,/Volumes/SmithL0/2026/BIOL470/Final/Learning_Rig/bee_0408_1_rev/cam1_2026-04-08_16-32-22.mp4,1602.0,1588.5,1256,1297,1948,1880,0.7974879
535,/Volumes/SmithL0/2026/BIOL470/Final/Learning_Rig/bee_0408_1_rev/cam1_2026-04-08_16-32-22.mp4,1525.5,1677.5,1202,1362,1849,1993,0.81910706
536,/Volumes/SmithL0/2026/BIOL470/Final/Learning_Rig/bee_0408_1_rev/cam1_2026-04-08_16-32-22.mp4,1486.5,1721.0,1181,1401,1792,2041,0.7568353
537,/Volumes/SmithL0/2026/BIOL470/Final/Learning_Rig/bee_0408_1_rev/cam1_2026-04-08_16-32-22.mp4,1490.0,1827.5,1199,1462,1781,2193,0.79646665
538,/Volumes/SmithL0/2026/BIOL470/Final/Learning_Rig/bee_0408_1_rev/cam1_2026-04-08_16-32-22.mp4,1486.0,1874.5,1205,1511,1767,2238,0.779758
539,/Volumes/SmithL0/2026/BIOL470/Final/Learning_Rig/bee_0408_1_rev/cam1_2026-04-08_16-32-22.mp4,1467.0,1899.0,1173,1555,1761,2243,0.7912209
540,/Volumes/SmithL0/2026/BIOL470/Final/Learning_Rig/bee_0408_1_rev/cam1_2026-04-08_16-32-22.mp4,1496.0,1917.0,1242,1571,1750,2263,0.7891094
541,/Volumes/SmithL0/2026/BIOL470/Final/Learning_Rig/bee_0408_1_rev/cam1_2026-04-08_16-32-22.mp4,1502.0,1975.5,1215,1618,1789,2333,0.8081412
542,/Volumes/SmithL0/2026/BIOL470/Final/Learning_Rig/bee_0408_1_rev/cam1_2026-04-08_16-32-22.mp4,1485.5,1993.5,1182,1651,1789,2336,0.7887621
543,/Volumes/SmithL0/2026/BIOL470/Final/Learning_Rig/bee_0408_1_rev/cam1_2026-04-08_16-32-22.mp4,1536.0,2011.0,1284,1672,1788,2350,0.8045249
544,/Volumes/SmithL0/2026/BIOL470/Final/Learning_Rig/bee_0408_1_rev/cam1_2026-04-08_16-32-22.mp4,1572.0,2027.5,1313,1692,1831,2363,0.79369783
545,/Volumes/SmithL0/2026/BIOL470/Final/Learning_Rig/bee_0408_1_rev/cam1_2026-04-08_16-32-22.mp4,1571.0,2041.0,1312,1707,1830,2375,0.79113615
546,/Volumes/SmithL0/2026/BIOL470/Final/Learning_Rig/bee_0408_1_rev/cam1_2026-04-08_16-32-22.mp4,1568.5,2075.5,1299,1756,1838,2395,0.80314696
547,/Volumes/SmithL0/2026/BIOL470/Final/Learning_Rig/bee_0408_1_rev/cam1_2026-04-08_16-32-22.mp4,1606.0,2060.5,1310,1756,1902,2365,0.7925202
548,/Volumes/SmithL0/2026/BIOL470/Final/Learning_Rig/bee_0408_1_rev/cam1_2026-04-08_16-32-22.mp4,1650.0,2080.5,1317,1764,1983,2397,0.76422405
549,/Volumes/SmithL0/2026/BIOL470/Final/Learning_Rig/bee_0408_1_rev/cam1_2026-04-08_16-32-22.mp4,1607.5,2087.5,1328,1768,1887,2407,0.7950462
550,/Volumes/SmithL0/2026/BIOL470/Final/Learning_Rig/bee_0408_1_rev/cam1_2026-04-08_16-32-22.mp4,1652.5,2095.0,1414,1757,1891,2433,0.8177967
551,/Volumes/SmithL0/2026/BIOL470/Final/Learning_Rig/bee_0408_1_rev/cam1_2026-04-08_16-32-22.mp4,1652.0,2094.5,1415,1750,1889,2439,0.8208932
552,/Volumes/SmithL0/2026/BIOL470/Final/Learning_Rig/bee_0408_1_rev/cam1_2026-04-08_16-32-22.mp4,1615.0,2070.0,1351,1722,1879,2418,0.83219624
553,/Volumes/SmithL0/2026/BIOL470/Final/Learning_Rig/bee_0408_1_rev/cam1_2026-04-08_16-32-22.mp4,1591.0,2050.0,1308,1693,1874,2407,0.82606196
554,/Volumes/SmithL0/2026/BIOL470/Final/Learning_Rig/bee_0408_1_rev/cam1_2026-04-08_16-32-22.mp4,1578.0,2054.5,1282,1693,1874,2416,0.81365395
555,/Volumes/SmithL0/2026/BIOL470/Final/Learning_Rig/bee_0408_1_rev/cam1_2026-04-08_16-32-22.mp4,1556.0,2063.5,1236,1696,1876,2431,0.7970495
556,/Volumes/SmithL0/2026/BIOL470/Final/Learning_Rig/bee_0408_1_rev/cam1_2026-04-08_16-32-22.mp4,1574.0,2003.0,1274,1671,1874,2335,0.7944198
557,/Volumes/SmithL0/2026/BIOL470/Final/Learning_Rig/bee_0408_1_rev/cam1_2026-04-08_16-32-22.mp4,1566.0,1977.0,1253,1655,1879,2299,0.7891954
558,/Volumes/SmithL0/2026/BIOL470/Final/Learning_Rig/bee_0408_1_rev/cam1_2026-04-08_16-32-22.mp4,1568.5,1935.0,1272,1615,1865,2255,0.7741192
559,/Volumes/SmithL0/2026/BIOL470/Final/Learning_Rig/bee_0408_1_rev/cam1_2026-04-08_16-32-22.mp4,1597.0,1932.5,1309,1616,1885,2249,0.73721206
560,/Volumes/SmithL0/2026/BIOL470/Final/Learning_Rig/bee_0408_1_rev/cam1_2026-04-08_16-32-22.mp4,1620.5,1936.5,1301,1633,1940,2240,0.77307177
561,/Volumes/SmithL0/2026/BIOL470/Final/Learning_Rig/bee_0408_1_rev/cam1_2026-04-08_16-32-22.mp4,1621.5,1942.5,1302,1643,1941,2242,0.7933704
562,/Volumes/SmithL0/2026/BIOL470/Final/Learning_Rig/bee_0408_1_rev/cam1_2026-04-08_16-32-22.mp4,1654.0,1954.0,1354,1654,1954,2254,0.78669953
563,/Volumes/SmithL0/2026/BIOL470/Final/Learning_Rig/bee_0408_1_rev/cam1_2026-04-08_16-32-22.mp4,1696.0,1951.5,1430,1649,1962,2254,0.8014928
564,/Volumes/SmithL0/2026/BIOL470/Final/Learning_Rig/bee_0408_1_rev/cam1_2026-04-08_16-32-22.mp4,1696.5,1941.5,1428,1633,1965,2250,0.7975581
565,/Volumes/SmithL0/2026/BIOL470/Final/Learning_Rig/bee_0408_1_rev/cam1_2026-04-08_16-32-22.mp4,1713.0,1938.0,1420,1626,2006,2250,0.7642301
566,/Volumes/SmithL0/2026/BIOL470/Final/Learning_Rig/bee_0408_1_rev/cam1_2026-04-08_16-32-22.mp4,1726.0,1940.0,1434,1627,2018,2253,0.76194495
567,/Volumes/SmithL0/2026/BIOL470/Final/Learning_Rig/bee_0408_1_rev/cam1_2026-04-08_16-32-22.mp4,1730.5,1938.0,1439,1629,2022,2247,0.7468352
568,/Volumes/SmithL0/2026/BIOL470/Final/Learning_Rig/bee_0408_1_rev/cam1_2026-04-08_16-32-22.mp4,1726.0,1942.5,1450,1633,2002,2252,0.73171514
569,/Volumes/SmithL0/2026/BIOL470/Final/Learning_Rig/bee_0408_1_rev/cam1_2026-04-08_16-32-22.mp4,1725.0,1942.0,1437,1627,2013,2257,0.7659225
570,/Volumes/SmithL0/2026/BIOL470/Final/Learning_Rig/bee_0408_1_rev/cam1_2026-04-08_16-32-22.mp4,1738.5,1950.5,1433,1632,2044,2269,0.7914485
571,/Volumes/SmithL0/2026/BIOL470/Final/Learning_Rig/bee_0408_1_rev/cam1_2026-04-08_16-32-22.mp4,1752.0,1959.5,1453,1640,2051,2279,0.80825686
572,/Volumes/SmithL0/2026/BIOL470/Final/Learning_Rig/bee_0408_1_rev/cam1_2026-04-08_16-32-22.mp4,1752.0,1947.5,1453,1642,2051,2253,0.8113841
573,/Volumes/SmithL0/2026/BIOL470/Final/Learning_Rig/bee_0408_1_rev/cam1_2026-04-08_16-32-22.mp4,1752.0,1946.0,1454,1641,2050,2251,0.8137982
574,/Volumes/SmithL0/2026/BIOL470/Final/Learning_Rig/bee_0408_1_rev/cam1_2026-04-08_16-32-22.mp4,1751.5,1944.5,1454,1642,2049,2247,0.81293285
575,/Volumes/SmithL0/2026/BIOL470/Final/Learning_Rig/bee_0408_1_rev/cam1_2026-04-08_16-32-22.mp4,1750.0,1940.5,1451,1642,2049,2239,0.81301045
576,/Volumes/SmithL0/2026/BIOL470/Final/Learning_Rig/bee_0408_1_rev/cam1_2026-04-08_16-32-22.mp4,1751.5,1940.5,1453,1641,2050,2240,0.8083652
577,/Volumes/SmithL0/2026/BIOL470/Final/Learning_Rig/bee_0408_1_rev/cam1_2026-04-08_16-32-22.mp4,1750.5,1941.5,1449,1639,2052,2244,0.78359634
578,/Volumes/SmithL0/2026/BIOL470/Final/Learning_Rig/bee_0408_1_rev/cam1_2026-04-08_16-32-22.mp4,1751.5,1943.0,1450,1636,2053,2250,0.7890634
579,/Volumes/SmithL0/2026/BIOL470/Final/Learning_Rig/bee_0408_1_rev/cam1_2026-04-08_16-32-22.mp4,1753.0,1942.5,1453,1637,2053,2248,0.786453
580,/Volumes/SmithL0/2026/BIOL470/Final/Learning_Rig/bee_0408_1_rev/cam1_2026-04-08_16-32-22.mp4,1751.5,1939.5,1450,1638,2053,2241,0.792262
581,/Volumes/SmithL0/2026/BIOL470/Final/Learning_Rig/bee_0408_1_rev/cam1_2026-04-08_16-32-22.mp4,1751.5,1942.0,1454,1639,2049,2245,0.79762745
582,/Volumes/SmithL0/2026/BIOL470/Final/Learning_Rig/bee_0408_1_rev/cam1_2026-04-08_16-32-22.mp4,1758.5,1949.5,1471,1639,2046,2260,0.78263587
583,/Volumes/SmithL0/2026/BIOL470/Final/Learning_Rig/bee_0408_1_rev/cam1_2026-04-08_16-32-22.mp4,1747.5,1953.5,1448,1631,2047,2276,0.8015909
584,/Volumes/SmithL0/2026/BIOL470/Final/Learning_Rig/bee_0408_1_rev/cam1_2026-04-08_16-32-22.mp4,1747.0,1958.5,1448,1629,2046,2288,0.80067194
585,/Volumes/SmithL0/2026/BIOL470/Final/Learning_Rig/bee_0408_1_rev/cam1_2026-04-08_16-32-22.mp4,1748.0,1961.0,1452,1628,2044,2294,0.80552155
586,/Volumes/SmithL0/2026/BIOL470/Final/Learning_Rig/bee_0408_1_rev/cam1_2026-04-08_16-32-22.mp4,1748.5,1958.0,1453,1628,2044,2288,0.79879487
587,/Volumes/SmithL0/2026/BIOL470/Final/Learning_Rig/bee_0408_1_rev/cam1_2026-04-08_16-32-22.mp4,1749.5,1960.5,1455,1627,2044,2294,0.8023231
588,/Volumes/SmithL0/2026/BIOL470/Final/Learning_Rig/bee_0408_1_rev/cam1_2026-04-08_16-32-22.mp4,1750.0,1953.5,1456,1629,2044,2278,0.7977808
589,/Volumes/SmithL0/2026/BIOL470/Final/Learning_Rig/bee_0408_1_rev/cam1_2026-04-08_16-32-22.mp4,1753.0,1970.0,1462,1640,2044,2300,0.79826754
590,/Volumes/SmithL0/2026/BIOL470/Final/Learning_Rig/bee_0408_1_rev/cam1_2026-04-08_16-32-22.mp4,1756.5,1963.0,1471,1626,2042,2300,0.7987832
591,/Volumes/SmithL0/2026/BIOL470/Final/Learning_Rig/bee_0408_1_rev/cam1_2026-04-08_16-32-22.mp4,1755.5,1963.5,1471,1625,2040,2302,0.8010682
592,/Volumes/SmithL0/2026/BIOL470/Final/Learning_Rig/bee_0408_1_rev/cam1_2026-04-08_16-32-22.mp4,1750.0,1962.0,1460,1625,2040,2299,0.80265266
593,/Volumes/SmithL0/2026/BIOL470/Final/Learning_Rig/bee_0408_1_rev/cam1_2026-04-08_16-32-22.mp4,1748.5,1962.5,1457,1624,2040,2301,0.8094663
594,/Volumes/SmithL0/2026/BIOL470/Final/Learning_Rig/bee_0408_1_rev/cam1_2026-04-08_16-32-22.mp4,1751.0,1963.5,1463,1623,2039,2304,0.80069435
595,/Volumes/SmithL0/2026/BIOL470/Final/Learning_Rig/bee_0408_1_rev/cam1_2026-04-08_16-32-22.mp4,1749.5,1965.0,1460,1624,2039,2306,0.80664504
596,/Volumes/SmithL0/2026/BIOL470/Final/Learning_Rig/bee_0408_1_rev/cam1_2026-04-08_16-32-22.mp4,1750.5,1965.0,1462,1623,2039,2307,0.80853546
597,/Volumes/SmithL0/2026/BIOL470/Final/Learning_Rig/bee_0408_1_rev/cam1_2026-04-08_16-32-22.mp4,1751.5,1962.5,1465,1622,2038,2303,0.801399
598,/Volumes/SmithL0/2026/BIOL470/Final/Learning_Rig/bee_0408_1_rev/cam1_2026-04-08_16-32-22.mp4,1753.5,1971.5,1467,1623,2040,2320,0.79812354
599,/Volumes/SmithL0/2026/BIOL470/Final/Learning_Rig/bee_0408_1_rev/cam1_2026-04-08_16-32-22.mp4,1754.0,1971.5,1468,1623,2040,2320,0.79625523
600,/Volumes/SmithL0/2026/BIOL470/Final/Learning_Rig/bee_0408_1_rev/cam1_2026-04-08_16-32-22.mp4,1755.5,1966.0,1470,1622,2041,2310,0.80229735
601,/Volumes/SmithL0/2026/BIOL470/Final/Learning_Rig/bee_0408_1_rev/cam1_2026-04-08_16-32-22.mp4,1755.5,1964.5,1471,1622,2040,2307,0.81125754
602,/Volumes/SmithL0/2026/BIOL470/Final/Learning_Rig/bee_0408_1_rev/cam1_2026-04-08_16-32-22.mp4,1756.0,1968.5,1472,1622,2040,2315,0.8092325
603,/Volumes/SmithL0/2026/BIOL470/Final/Learning_Rig/bee_0408_1_rev/cam1_2026-04-08_16-32-22.mp4,1755.0,1969.5,1469,1623,2041,2316,0.7999272
604,/Volumes/SmithL0/2026/BIOL470/Final/Learning_Rig/bee_0408_1_rev/cam1_2026-04-08_16-32-22.mp4,1756.0,1969.0,1470,1622,2042,2316,0.79647535
605,/Volumes/SmithL0/2026/BIOL470/Final/Learning_Rig/bee_0408_1_rev/cam1_2026-04-08_16-32-22.mp4,1754.5,1966.5,1467,1621,2042,2312,0.79906505
606,/Volumes/SmithL0/2026/BIOL470/Final/Learning_Rig/bee_0408_1_rev/cam1_2026-04-08_16-32-22.mp4,1746.0,1970.0,1452,1634,2040,2306,0.79348993
607,/Volumes/SmithL0/2026/BIOL470/Final/Learning_Rig/bee_0408_1_rev/cam1_2026-04-08_16-32-22.mp4,1754.0,1958.5,1469,1620,2039,2297,0.8045195
608,/Volumes/SmithL0/2026/BIOL470/Final/Learning_Rig/bee_0408_1_rev/cam1_2026-04-08_16-32-22.mp4,1754.0,1959.5,1467,1620,2041,2299,0.8046378
609,/Volumes/SmithL0/2026/BIOL470/Final/Learning_Rig/bee_0408_1_rev/cam1_2026-04-08_16-32-22.mp4,1750.0,1960.5,1460,1619,2040,2302,0.808361
610,/Volumes/SmithL0/2026/BIOL470/Final/Learning_Rig/bee_0408_1_rev/cam1_2026-04-08_16-32-22.mp4,1750.5,1961.0,1461,1619,2040,2303,0.7985595
611,/Volumes/SmithL0/2026/BIOL470/Final/Learning_Rig/bee_0408_1_rev/cam1_2026-04-08_16-32-22.mp4,1746.5,1960.0,1454,1617,2039,2303,0.7967075
612,/Volumes/SmithL0/2026/BIOL470/Final/Learning_Rig/bee_0408_1_rev/cam1_2026-04-08_16-32-22.mp4,1747.0,1958.5,1454,1618,2040,2299,0.8069911
613,/Volumes/SmithL0/2026/BIOL470/Final/Learning_Rig/bee_0408_1_rev/cam1_2026-04-08_16-32-22.mp4,1748.0,1958.5,1456,1618,2040,2299,0.80775315
614,/Volumes/SmithL0/2026/BIOL470/Final/Learning_Rig/bee_0408_1_rev/cam1_2026-04-08_16-32-22.mp4,1750.0,1957.5,1460,1617,2040,2298,0.7992591
615,/Volumes/SmithL0/2026/BIOL470/Final/Learning_Rig/bee_0408_1_rev/cam1_2026-04-08_16-32-22.mp4,1749.0,1950.0,1454,1622,2044,2278,0.79539156
616,/Volumes/SmithL0/2026/BIOL470/Final/Learning_Rig/bee_0408_1_rev/cam1_2026-04-08_16-32-22.mp4,1749.5,1942.0,1453,1621,2046,2263,0.7967752
617,/Volumes/SmithL0/2026/BIOL470/Final/Learning_Rig/bee_0408_1_rev/cam1_2026-04-08_16-32-22.mp4,1752.0,1938.0,1453,1616,2051,2260,0.79889655
618,/Volumes/SmithL0/2026/BIOL470/Final/Learning_Rig/bee_0408_1_rev/cam1_2026-04-08_16-32-22.mp4,1751.5,1936.5,1454,1614,2049,2259,0.8026345
619,/Volumes/SmithL0/2026/BIOL470/Final/Learning_Rig/bee_0408_1_rev/cam1_2026-04-08_16-32-22.mp4,1748.5,1934.5,1454,1614,2043,2255,0.80166507
620,/Volumes/SmithL0/2026/BIOL470/Final/Learning_Rig/bee_0408_1_rev/cam1_2026-04-08_16-32-22.mp4,1747.5,1941.5,1453,1611,2042,2272,0.8045177
621,/Volumes/SmithL0/2026/BIOL470/Final/Learning_Rig/bee_0408_1_rev/cam1_2026-04-08_16-32-22.mp4,1747.0,1944.0,1453,1612,2041,2276,0.80723155
622,/Volumes/SmithL0/2026/BIOL470/Final/Learning_Rig/bee_0408_1_rev/cam1_2026-04-08_16-32-22.mp4,1747.5,1939.0,1453,1612,2042,2266,0.80971676
623,/Volumes/SmithL0/2026/BIOL470/Final/Learning_Rig/bee_0408_1_rev/cam1_2026-04-08_16-32-22.mp4,1745.5,1953.5,1448,1611,2043,2296,0.82097083
624,/Volumes/SmithL0/2026/BIOL470/Final/Learning_Rig/bee_0408_1_rev/cam1_2026-04-08_16-32-22.mp4,1741.5,1945.5,1452,1613,2031,2278,0.8133769
625,/Volumes/SmithL0/2026/BIOL470/Final/Learning_Rig/bee_0408_1_rev/cam1_2026-04-08_16-32-22.mp4,1734.0,1959.0,1455,1614,2013,2304,0.80240905
626,/Volumes/SmithL0/2026/BIOL470/Final/Learning_Rig/bee_0408_1_rev/cam1_2026-04-08_16-32-22.mp4,1733.5,1961.5,1455,1614,2012,2309,0.80466765
627,/Volumes/SmithL0/2026/BIOL470/Final/Learning_Rig/bee_0408_1_rev/cam1_2026-04-08_16-32-22.mp4,1734.0,1973.5,1461,1616,2007,2331,0.8088504
628,/Volumes/SmithL0/2026/BIOL470/Final/Learning_Rig/bee_0408_1_rev/cam1_2026-04-08_16-32-22.mp4,1734.5,1973.5,1462,1615,2007,2332,0.8123467
629,/Volumes/SmithL0/2026/BIOL470/Final/Learning_Rig/bee_0408_1_rev/cam1_2026-04-08_16-32-22.mp4,1735.0,1974.0,1463,1617,2007,2331,0.81966484
630,/Volumes/SmithL0/2026/BIOL470/Final/Learning_Rig/bee_0408_1_rev/cam1_2026-04-08_16-32-22.mp4,1732.5,1971.5,1456,1615,2009,2328,0.8100103
631,/Volumes/SmithL0/2026/BIOL470/Final/Learning_Rig/bee_0408_1_rev/cam1_2026-04-08_16-32-22.mp4,1708.5,1944.0,1442,1608,1975,2280,0.7961452
632,/Volumes/SmithL0/2026/BIOL470/Final/Learning_Rig/bee_0408_1_rev/cam1_2026-04-08_16-32-22.mp4,1719.5,1951.5,1454,1611,1985,2292,0.8059551
633,/Volumes/SmithL0/2026/BIOL470/Final/Learning_Rig/bee_0408_1_rev/cam1_2026-04-08_16-32-22.mp4,1714.5,1965.5,1451,1619,1978,2312,0.8119076
634,/Volumes/SmithL0/2026/BIOL470/Final/Learning_Rig/bee_0408_1_rev/cam1_2026-04-08_16-32-22.mp4,1706.5,1977.0,1450,1634,1963,2320,0.8122869
635,/Volumes/SmithL0/2026/BIOL470/Final/Learning_Rig/bee_0408_1_rev/cam1_2026-04-08_16-32-22.mp4,1706.5,1984.5,1450,1645,1963,2324,0.7964284
636,/Volumes/SmithL0/2026/BIOL470/Final/Learning_Rig/bee_0408_1_rev/cam1_2026-04-08_16-32-22.mp4,1707.5,1978.5,1440,1633,1975,2324,0.8041134
637,/Volumes/SmithL0/2026/BIOL470/Final/Learning_Rig/bee_0408_1_rev/cam1_2026-04-08_16-32-22.mp4,1705.0,1978.5,1440,1638,1970,2319,0.8276363
638,/Volumes/SmithL0/2026/BIOL470/Final/Learning_Rig/bee_0408_1_rev/cam1_2026-04-08_16-32-22.mp4,1705.5,1987.0,1439,1639,1972,2335,0.8037798
639,/Volumes/SmithL0/2026/BIOL470/Final/Learning_Rig/bee_0408_1_rev/cam1_2026-04-08_16-32-22.mp4,1702.0,1987.5,1437,1641,1967,2334,0.8037562
640,/Volumes/SmithL0/2026/BIOL470/Final/Learning_Rig/bee_0408_1_rev/cam1_2026-04-08_16-32-22.mp4,1702.0,1987.0,1444,1652,1960,2322,0.7985557
641,/Volumes/SmithL0/2026/BIOL470/Final/Learning_Rig/bee_0408_1_rev/cam1_2026-04-08_16-32-22.mp4,1700.0,1985.0,1445,1653,1955,2317,0.8043435
642,/Volumes/SmithL0/2026/BIOL470/Final/Learning_Rig/bee_0408_1_rev/cam1_2026-04-08_16-32-22.mp4,1699.0,1983.0,1444,1653,1954,2313,0.80749816
643,/Volumes/SmithL0/2026/BIOL470/Final/Learning_Rig/bee_0408_1_rev/cam1_2026-04-08_16-32-22.mp4,1697.0,1988.0,1445,1653,1949,2323,0.81077504
644,/Volumes/SmithL0/2026/BIOL470/Final/Learning_Rig/bee_0408_1_rev/cam1_2026-04-08_16-32-22.mp4,1702.5,1995.0,1450,1659,1955,2331,0.80846995
645,/Volumes/SmithL0/2026/BIOL470/Final/Learning_Rig/bee_0408_1_rev/cam1_2026-04-08_16-32-22.mp4,1703.0,1995.5,1446,1657,1960,2334,0.7905677
646,/Volumes/SmithL0/2026/BIOL470/Final/Learning_Rig/bee_0408_1_rev/cam1_2026-04-08_16-32-22.mp4,1705.0,2005.0,1430,1659,1980,2351,0.7714161
647,/Volumes/SmithL0/2026/BIOL470/Final/Learning_Rig/bee_0408_1_rev/cam1_2026-04-08_16-32-22.mp4,1703.5,1997.5,1430,1656,1977,2339,0.77897507
648,/Volumes/SmithL0/2026/BIOL470/Final/Learning_Rig/bee_0408_1_rev/cam1_2026-04-08_16-32-22.mp4,1704.0,1995.0,1442,1661,1966,2329,0.7781143
649,/Volumes/SmithL0/2026/BIOL470/Final/Learning_Rig/bee_0408_1_rev/cam1_2026-04-08_16-32-22.mp4,1706.5,1993.5,1434,1660,1979,2327,0.7961135
650,/Volumes/SmithL0/2026/BIOL470/Final/Learning_Rig/bee_0408_1_rev/cam1_2026-04-08_16-32-22.mp4,1710.5,1990.5,1436,1656,1985,2325,0.797754
651,/Volumes/SmithL0/2026/BIOL470/Final/Learning_Rig/bee_0408_1_rev/cam1_2026-04-08_16-32-22.mp4,1757.5,1957.0,1486,1618,2029,2296,0.82417184
652,/Volumes/SmithL0/2026/BIOL470/Final/Learning_Rig/bee_0408_1_rev/cam1_2026-04-08_16-32-22.mp4,1759.5,1973.0,1499,1624,2020,2322,0.8227537
653,/Volumes/SmithL0/2026/BIOL470/Final/Learning_Rig/bee_0408_1_rev/cam1_2026-04-08_16-32-22.mp4,1724.5,1966.5,1456,1605,1993,2328,0.8167057
654,/Volumes/SmithL0/2026/BIOL470/Final/Learning_Rig/bee_0408_1_rev/cam1_2026-04-08_16-32-22.mp4,1724.5,1978.0,1454,1620,1995,2336,0.8243658
655,/Volumes/SmithL0/2026/BIOL470/Final/Learning_Rig/bee_0408_1_rev/cam1_2026-04-08_16-32-22.mp4,1722.0,1981.5,1454,1633,1990,2330,0.8213265
656,/Volumes/SmithL0/2026/BIOL470/Final/Learning_Rig/bee_0408_1_rev/cam1_2026-04-08_16-32-22.mp4,1725.5,1979.5,1452,1637,1999,2322,0.8345245
657,/Volumes/SmithL0/2026/BIOL470/Final/Learning_Rig/bee_0408_1_rev/cam1_2026-04-08_16-32-22.mp4,1722.0,1974.0,1442,1637,2002,2311,0.8147027
658,/Volumes/SmithL0/2026/BIOL470/Final/Learning_Rig/bee_0408_1_rev/cam1_2026-04-08_16-32-22.mp4,1705.0,1982.0,1412,1639,1998,2325,0.7572697
659,/Volumes/SmithL0/2026/BIOL470/Final/Learning_Rig/bee_0408_1_rev/cam1_2026-04-08_16-32-22.mp4,1701.5,1980.5,1411,1638,1992,2323,0.7109366
660,/Volumes/SmithL0/2026/BIOL470/Final/Learning_Rig/bee_0408_1_rev/cam1_2026-04-08_16-32-22.mp4,1698.5,1987.0,1412,1643,1985,2331,0.50180435
661,/Volumes/SmithL0/2026/BIOL470/Final/Learning_Rig/bee_0408_1_rev/cam1_2026-04-08_16-32-22.mp4,1693.5,1982.5,1420,1634,1967,2331,0.58542454
662,/Volumes/SmithL0/2026/BIOL470/Final/Learning_Rig/bee_0408_1_rev/cam1_2026-04-08_16-32-22.mp4,1692.5,1983.0,1419,1635,1966,2331,0.61114377
663,/Volumes/SmithL0/2026/BIOL470/Final/Learning_Rig/bee_0408_1_rev/cam1_2026-04-08_16-32-22.mp4,1694.0,1984.0,1417,1636,1971,2332,0.5965809
664,/Volumes/SmithL0/2026/BIOL470/Final/Learning_Rig/bee_0408_1_rev/cam1_2026-04-08_16-32-22.mp4,1686.5,1987.0,1416,1633,1957,2341,0.58922076
665,/Volumes/SmithL0/2026/BIOL470/Final/Learning_Rig/bee_0408_1_rev/cam1_2026-04-08_16-32-22.mp4,1681.5,1985.0,1414,1627,1949,2343,0.65568566
666,/Volumes/SmithL0/2026/BIOL470/Final/Learning_Rig/bee_0408_1_rev/cam1_2026-04-08_16-32-22.mp4,1672.0,1982.5,1413,1629,1931,2336,0.62780327
667,/Volumes/SmithL0/2026/BIOL470/Final/Learning_Rig/bee_0408_1_rev/cam1_2026-04-08_16-32-22.mp4,1678.0,1990.5,1408,1642,1948,2339,0.6754835
668,/Volumes/SmithL0/2026/BIOL470/Final/Learning_Rig/bee_0408_1_rev/cam1_2026-04-08_16-32-22.mp4,1692.0,1990.0,1406,1642,1978,2338,0.68103856
669,/Volumes/SmithL0/2026/BIOL470/Final/Learning_Rig/bee_0408_1_rev/cam1_2026-04-08_16-32-22.mp4,1679.5,1991.0,1407,1644,1952,2338,0.6028571
670,/Volumes/SmithL0/2026/BIOL470/Final/Learning_Rig/bee_0408_1_rev/cam1_2026-04-08_16-32-22.mp4,1687.0,1981.5,1413,1628,1961,2335,0.6584453
671,/Volumes/SmithL0/2026/BIOL470/Final/Learning_Rig/bee_0408_1_rev/cam1_2026-04-08_16-32-22.mp4,1689.0,1981.0,1414,1627,1964,2335,0.7173625
672,/Volumes/SmithL0/2026/BIOL470/Final/Learning_Rig/bee_0408_1_rev/cam1_2026-04-08_16-32-22.mp4,1681.5,1978.5,1414,1624,1949,2333,0.68963933
673,/Volumes/SmithL0/2026/BIOL470/Final/Learning_Rig/bee_0408_1_rev/cam1_2026-04-08_16-32-22.mp4,1677.5,1985.0,1411,1637,1944,2333,0.5196983
674,/Volumes/SmithL0/2026/BIOL470/Final/Learning_Rig/bee_0408_1_rev/cam1_2026-04-08_16-32-22.mp4,1687.5,1985.5,1410,1639,1965,2332,0.58021533
675,/Volumes/SmithL0/2026/BIOL470/Final/Learning_Rig/bee_0408_1_rev/cam1_2026-04-08_16-32-22.mp4,1698.5,1982.5,1409,1634,1988,2331,0.54321885
676,/Volumes/SmithL0/2026/BIOL470/Final/Learning_Rig/bee_0408_1_rev/cam1_2026-04-08_16-32-22.mp4,1688.0,1983.5,1411,1635,1965,2332,0.5906533
677,/Volumes/SmithL0/2026/BIOL470/Final/Learning_Rig/bee_0408_1_rev/cam1_2026-04-08_16-32-22.mp4,1683.5,1983.5,1411,1637,1956,2330,0.6152085
678,/Volumes/SmithL0/2026/BIOL470/Final/Learning_Rig/bee_0408_1_rev/cam1_2026-04-08_16-32-22.mp4,1698.5,1982.5,1407,1634,1990,2331,0.65679026
679,/Volumes/SmithL0/2026/BIOL470/Final/Learning_Rig/bee_0408_1_rev/cam1_2026-04-08_16-32-22.mp4,1687.0,1979.0,1403,1629,1971,2329,0.68120944
680,/Volumes/SmithL0/2026/BIOL470/Final/Learning_Rig/bee_0408_1_rev/cam1_2026-04-08_16-32-22.mp4,1684.5,1979.5,1402,1629,1967,2330,0.59714156
681,/Volumes/SmithL0/2026/BIOL470/Final/Learning_Rig/bee_0408_1_rev/cam1_2026-04-08_16-32-22.mp4,1694.5,1980.5,1402,1630,1987,2331,0.7119685
682,/Volumes/SmithL0/2026/BIOL470/Final/Learning_Rig/bee_0408_1_rev/cam1_2026-04-08_16-32-22.mp4,1694.5,1981.0,1403,1630,1986,2332,0.68473154
683,/Volumes/SmithL0/2026/BIOL470/Final/Learning_Rig/bee_0408_1_rev/cam1_2026-04-08_16-32-22.mp4,1693.5,1981.5,1406,1634,1981,2329,0.6365686
684,/Volumes/SmithL0/2026/BIOL470/Final/Learning_Rig/bee_0408_1_rev/cam1_2026-04-08_16-32-22.mp4,1709.5,1974.0,1402,1629,2017,2319,0.6984119
685,/Volumes/SmithL0/2026/BIOL470/Final/Learning_Rig/bee_0408_1_rev/cam1_2026-04-08_16-32-22.mp4,1700.5,1974.5,1397,1631,2004,2318,0.7414689
686,/Volumes/SmithL0/2026/BIOL470/Final/Learning_Rig/bee_0408_1_rev/cam1_2026-04-08_16-32-22.mp4,1643.5,1955.5,1354,1637,1933,2274,0.6841547
687,/Volumes/SmithL0/2026/BIOL470/Final/Learning_Rig/bee_0408_1_rev/cam1_2026-04-08_16-32-22.mp4,1641.0,1951.0,1360,1624,1922,2278,0.7005347
688,/Volumes/SmithL0/2026/BIOL470/Final/Learning_Rig/bee_0408_1_rev/cam1_2026-04-08_16-32-22.mp4,1657.0,1962.0,1348,1630,1966,2294,0.69864196
689,/Volumes/SmithL0/2026/BIOL470/Final/Learning_Rig/bee_0408_1_rev/cam1_2026-04-08_16-32-22.mp4,1613.5,1944.0,1351,1625,1876,2263,0.5832796
690,/Volumes/SmithL0/2026/BIOL470/Final/Learning_Rig/bee_0408_1_rev/cam1_2026-04-08_16-32-22.mp4,1629.0,1948.5,1348,1627,1910,2270,0.6771951
691,/Volumes/SmithL0/2026/BIOL470/Final/Learning_Rig/bee_0408_1_rev/cam1_2026-04-08_16-32-22.mp4,1633.0,1948.0,1360,1629,1906,2267,0.68034935
692,/Volumes/SmithL0/2026/BIOL470/Final/Learning_Rig/bee_0408_1_rev/cam1_2026-04-08_16-32-22.mp4,1643.0,1959.0,1354,1635,1932,2283,0.6433545
693,/Volumes/SmithL0/2026/BIOL470/Final/Learning_Rig/bee_0408_1_rev/cam1_2026-04-08_16-32-22.mp4,1600.5,1956.0,1363,1631,1838,2281,0.59811735
694,/Volumes/SmithL0/2026/BIOL470/Final/Learning_Rig/bee_0408_1_rev/cam1_2026-04-08_16-32-22.mp4,1604.5,1958.0,1358,1635,1851,2281,0.70779127
695,/Volumes/SmithL0/2026/BIOL470/Final/Learning_Rig/bee_0408_1_rev/cam1_2026-04-08_16-32-22.mp4,1607.0,1961.0,1356,1637,1858,2285,0.73010355
696,/Volumes/SmithL0/2026/BIOL470/Final/Learning_Rig/bee_0408_1_rev/cam1_2026-04-08_16-32-22.mp4,1603.0,1961.0,1356,1635,1850,2287,0.70191705
697,/Volumes/SmithL0/2026/BIOL470/Final/Learning_Rig/bee_0408_1_rev/cam1_2026-04-08_16-32-22.mp4,1599.0,1959.0,1359,1631,1839,2287,0.62854105
698,/Volumes/SmithL0/2026/BIOL470/Final/Learning_Rig/bee_0408_1_rev/cam1_2026-04-08_16-32-22.mp4,1606.0,1958.5,1363,1633,1849,2284,0.7043021
699,/Volumes/SmithL0/2026/BIOL470/Final/Learning_Rig/bee_0408_1_rev/cam1_2026-04-08_16-32-22.mp4,1647.0,1966.0,1352,1636,1942,2296,0.7263041
700,/Volumes/SmithL0/2026/BIOL470/Final/Learning_Rig/bee_0408_1_rev/cam1_2026-04-08_16-32-22.mp4,1602.0,1963.5,1357,1636,1847,2291,0.73496646
701,/Volumes/SmithL0/2026/BIOL470/Final/Learning_Rig/bee_0408_1_rev/cam1_2026-04-08_16-32-22.mp4,1611.0,1959.5,1362,1632,1860,2287,0.725224
702,/Volumes/SmithL0/2026/BIOL470/Final/Learning_Rig/bee_0408_1_rev/cam1_2026-04-08_16-32-22.mp4,1647.0,1964.5,1356,1635,1938,2294,0.69709975
703,/Volumes/SmithL0/2026/BIOL470/Final/Learning_Rig/bee_0408_1_rev/cam1_2026-04-08_16-32-22.mp4,1651.5,1965.5,1361,1637,1942,2294,0.7260601
704,/Volumes/SmithL0/2026/BIOL470/Final/Learning_Rig/bee_0408_1_rev/cam1_2026-04-08_16-32-22.mp4,1651.5,1965.0,1358,1637,1945,2293,0.71672827
705,/Volumes/SmithL0/2026/BIOL470/Final/Learning_Rig/bee_0408_1_rev/cam1_2026-04-08_16-32-22.mp4,1657.0,1965.0,1355,1638,1959,2292,0.72725743
706,/Volumes/SmithL0/2026/BIOL470/Final/Learning_Rig/bee_0408_1_rev/cam1_2026-04-08_16-32-22.mp4,1654.5,1964.0,1359,1638,1950,2290,0.70811427
707,/Volumes/SmithL0/2026/BIOL470/Final/Learning_Rig/bee_0408_1_rev/cam1_2026-04-08_16-32-22.mp4,1647.0,1965.0,1357,1638,1937,2292,0.6305215
708,/Volumes/SmithL0/2026/BIOL470/Final/Learning_Rig/bee_0408_1_rev/cam1_2026-04-08_16-32-22.mp4,1648.0,1964.5,1363,1639,1933,2290,0.6831058
709,/Volumes/SmithL0/2026/BIOL470/Final/Learning_Rig/bee_0408_1_rev/cam1_2026-04-08_16-32-22.mp4,1643.0,1965.0,1356,1639,1930,2291,0.6583954
710,/Volumes/SmithL0/2026/BIOL470/Final/Learning_Rig/bee_0408_1_rev/cam1_2026-04-08_16-32-22.mp4,1639.5,1966.5,1342,1644,1937,2289,0.7368777
711,/Volumes/SmithL0/2026/BIOL470/Final/Learning_Rig/bee_0408_1_rev/cam1_2026-04-08_16-32-22.mp4,1638.0,1968.5,1334,1647,1942,2290,0.74317575
712,/Volumes/SmithL0/2026/BIOL470/Final/Learning_Rig/bee_0408_1_rev/cam1_2026-04-08_16-32-22.mp4,1637.5,1966.5,1333,1645,1942,2288,0.7228158
713,/Volumes/SmithL0/2026/BIOL470/Final/Learning_Rig/bee_0408_1_rev/cam1_2026-04-08_16-32-22.mp4,1636.5,1967.0,1332,1647,1941,2287,0.725224
714,/Volumes/SmithL0/2026/BIOL470/Final/Learning_Rig/bee_0408_1_rev/cam1_2026-04-08_16-32-22.mp4,1639.5,1966.5,1332,1646,1947,2287,0.76674956
715,/Volumes/SmithL0/2026/BIOL470/Final/Learning_Rig/bee_0408_1_rev/cam1_2026-04-08_16-32-22.mp4,1636.0,1967.5,1329,1646,1943,2289,0.7539585
716,/Volumes/SmithL0/2026/BIOL470/Final/Learning_Rig/bee_0408_1_rev/cam1_2026-04-08_16-32-22.mp4,1636.0,1967.0,1327,1646,1945,2288,0.78319913
717,/Volumes/SmithL0/2026/BIOL470/Final/Learning_Rig/bee_0408_1_rev/cam1_2026-04-08_16-32-22.mp4,1641.5,1967.0,1328,1646,1955,2288,0.7922069
718,/Volumes/SmithL0/2026/BIOL470/Final/Learning_Rig/bee_0408_1_rev/cam1_2026-04-08_16-32-22.mp4,1638.0,1967.5,1327,1646,1949,2289,0.78995806
719,/Volumes/SmithL0/2026/BIOL470/Final/Learning_Rig/bee_0408_1_rev/cam1_2026-04-08_16-32-22.mp4,1637.5,1967.0,1327,1646,1948,2288,0.7935213
720,/Volumes/SmithL0/2026/BIOL470/Final/Learning_Rig/bee_0408_1_rev/cam1_2026-04-08_16-32-22.mp4,1637.0,1968.0,1329,1646,1945,2290,0.78505224
721,/Volumes/SmithL0/2026/BIOL470/Final/Learning_Rig/bee_0408_1_rev/cam1_2026-04-08_16-32-22.mp4,1633.5,1967.0,1331,1646,1936,2288,0.76932174
722,/Volumes/SmithL0/2026/BIOL470/Final/Learning_Rig/bee_0408_1_rev/cam1_2026-04-08_16-32-22.mp4,1627.0,1962.0,1331,1648,1923,2276,0.76876974
723,/Volumes/SmithL0/2026/BIOL470/Final/Learning_Rig/bee_0408_1_rev/cam1_2026-04-08_16-32-22.mp4,1628.0,1966.0,1330,1649,1926,2283,0.79317504
724,/Volumes/SmithL0/2026/BIOL470/Final/Learning_Rig/bee_0408_1_rev/cam1_2026-04-08_16-32-22.mp4,1641.5,1967.5,1334,1644,1949,2291,0.7889236
725,/Volumes/SmithL0/2026/BIOL470/Final/Learning_Rig/bee_0408_1_rev/cam1_2026-04-08_16-32-22.mp4,1628.5,1967.0,1328,1649,1929,2285,0.80954146
726,/Volumes/SmithL0/2026/BIOL470/Final/Learning_Rig/bee_0408_1_rev/cam1_2026-04-08_16-32-22.mp4,1628.0,1965.0,1328,1650,1928,2280,0.81673074
727,/Volumes/SmithL0/2026/BIOL470/Final/Learning_Rig/bee_0408_1_rev/cam1_2026-04-08_16-32-22.mp4,1623.5,1962.5,1327,1650,1920,2275,0.82050735
728,/Volumes/SmithL0/2026/BIOL470/Final/Learning_Rig/bee_0408_1_rev/cam1_2026-04-08_16-32-22.mp4,1615.0,1967.0,1325,1650,1905,2284,0.8214607
729,/Volumes/SmithL0/2026/BIOL470/Final/Learning_Rig/bee_0408_1_rev/cam1_2026-04-08_16-32-22.mp4,1616.5,1964.0,1327,1651,1906,2277,0.8312441
730,/Volumes/SmithL0/2026/BIOL470/Final/Learning_Rig/bee_0408_1_rev/cam1_2026-04-08_16-32-22.mp4,1617.5,1967.5,1331,1649,1904,2286,0.8031414
731,/Volumes/SmithL0/2026/BIOL470/Final/Learning_Rig/bee_0408_1_rev/cam1_2026-04-08_16-32-22.mp4,1614.0,1967.0,1326,1649,1902,2285,0.80902064
732,/Volumes/SmithL0/2026/BIOL470/Final/Learning_Rig/bee_0408_1_rev/cam1_2026-04-08_16-32-22.mp4,1613.5,1968.0,1326,1650,1901,2286,0.8058393
733,/Volumes/SmithL0/2026/BIOL470/Final/Learning_Rig/bee_0408_1_rev/cam1_2026-04-08_16-32-22.mp4,1612.0,1970.0,1323,1649,1901,2291,0.7999057
734,/Volumes/SmithL0/2026/BIOL470/Final/Learning_Rig/bee_0408_1_rev/cam1_2026-04-08_16-32-22.mp4,1614.5,1971.0,1325,1650,1904,2292,0.8202877
735,/Volumes/SmithL0/2026/BIOL470/Final/Learning_Rig/bee_0408_1_rev/cam1_2026-04-08_16-32-22.mp4,1616.0,1970.0,1324,1650,1908,2290,0.8282267
736,/Volumes/SmithL0/2026/BIOL470/Final/Learning_Rig/bee_0408_1_rev/cam1_2026-04-08_16-32-22.mp4,1616.0,1969.0,1326,1650,1906,2288,0.8269283
737,/Volumes/SmithL0/2026/BIOL470/Final/Learning_Rig/bee_0408_1_rev/cam1_2026-04-08_16-32-22.mp4,1616.5,1969.5,1327,1650,1906,2289,0.8232197
738,/Volumes/SmithL0/2026/BIOL470/Final/Learning_Rig/bee_0408_1_rev/cam1_2026-04-08_16-32-22.mp4,1615.0,1969.0,1326,1650,1904,2288,0.8059686
739,/Volumes/SmithL0/2026/BIOL470/Final/Learning_Rig/bee_0408_1_rev/cam1_2026-04-08_16-32-22.mp4,1614.5,1973.0,1329,1649,1900,2297,0.80118597
740,/Volumes/SmithL0/2026/BIOL470/Final/Learning_Rig/bee_0408_1_rev/cam1_2026-04-08_16-32-22.mp4,1616.0,1974.0,1330,1649,1902,2299,0.8013556
741,/Volumes/SmithL0/2026/BIOL470/Final/Learning_Rig/bee_0408_1_rev/cam1_2026-04-08_16-32-22.mp4,1619.5,1971.0,1332,1650,1907,2292,0.82360697
742,/Volumes/SmithL0/2026/BIOL470/Final/Learning_Rig/bee_0408_1_rev/cam1_2026-04-08_16-32-22.mp4,1621.5,1968.0,1332,1651,1911,2285,0.8172165
743,/Volumes/SmithL0/2026/BIOL470/Final/Learning_Rig/bee_0408_1_rev/cam1_2026-04-08_16-32-22.mp4,1619.5,1969.5,1332,1650,1907,2289,0.81351286
744,/Volumes/SmithL0/2026/BIOL470/Final/Learning_Rig/bee_0408_1_rev/cam1_2026-04-08_16-32-22.mp4,1618.0,1971.5,1331,1650,1905,2293,0.80910575
745,/Volumes/SmithL0/2026/BIOL470/Final/Learning_Rig/bee_0408_1_rev/cam1_2026-04-08_16-32-22.mp4,1616.0,1971.0,1325,1651,1907,2291,0.81408685
746,/Volumes/SmithL0/2026/BIOL470/Final/Learning_Rig/bee_0408_1_rev/cam1_2026-04-08_16-32-22.mp4,1618.5,1970.0,1330,1651,1907,2289,0.8139009
747,/Volumes/SmithL0/2026/BIOL470/Final/Learning_Rig/bee_0408_1_rev/cam1_2026-04-08_16-32-22.mp4,1620.0,1969.0,1334,1651,1906,2287,0.81897616
748,/Volumes/SmithL0/2026/BIOL470/Final/Learning_Rig/bee_0408_1_rev/cam1_2026-04-08_16-32-22.mp4,1618.5,1974.0,1331,1651,1906,2297,0.80213326
749,/Volumes/SmithL0/2026/BIOL470/Final/Learning_Rig/bee_0408_1_rev/cam1_2026-04-08_16-32-22.mp4,1616.5,1971.5,1327,1651,1906,2292,0.81651366
750,/Volumes/SmithL0/2026/BIOL470/Final/Learning_Rig/bee_0408_1_rev/cam1_2026-04-08_16-32-22.mp4,1618.5,1969.0,1328,1652,1909,2286,0.82178646
751,/Volumes/SmithL0/2026/BIOL470/Final/Learning_Rig/bee_0408_1_rev/cam1_2026-04-08_16-32-22.mp4,1601.5,1969.5,1349,1655,1854,2284,0.79945683
752,/Volumes/SmithL0/2026/BIOL470/Final/Learning_Rig/bee_0408_1_rev/cam1_2026-04-08_16-32-22.mp4,1620.5,1969.0,1333,1652,1908,2286,0.8080608
753,/Volumes/SmithL0/2026/BIOL470/Final/Learning_Rig/bee_0408_1_rev/cam1_2026-04-08_16-32-22.mp4,1608.0,1969.5,1349,1656,1867,2283,0.81223154
754,/Volumes/SmithL0/2026/BIOL470/Final/Learning_Rig/bee_0408_1_rev/cam1_2026-04-08_16-32-22.mp4,1615.5,1970.5,1348,1656,1883,2285,0.80670124
755,/Volumes/SmithL0/2026/BIOL470/Final/Learning_Rig/bee_0408_1_rev/cam1_2026-04-08_16-32-22.mp4,1618.0,1969.5,1349,1656,1887,2283,0.8110286
756,/Volumes/SmithL0/2026/BIOL470/Final/Learning_Rig/bee_0408_1_rev/cam1_2026-04-08_16-32-22.mp4,1616.5,1970.0,1347,1656,1886,2284,0.8023422
757,/Volumes/SmithL0/2026/BIOL470/Final/Learning_Rig/bee_0408_1_rev/cam1_2026-04-08_16-32-22.mp4,1619.0,1971.0,1330,1652,1908,2290,0.8170638
758,/Volumes/SmithL0/2026/BIOL470/Final/Learning_Rig/bee_0408_1_rev/cam1_2026-04-08_16-32-22.mp4,1619.5,1970.5,1331,1652,1908,2289,0.80028045
759,/Volumes/SmithL0/2026/BIOL470/Final/Learning_Rig/bee_0408_1_rev/cam1_2026-04-08_16-32-22.mp4,1617.5,1969.5,1346,1656,1889,2283,0.8044844
760,/Volumes/SmithL0/2026/BIOL470/Final/Learning_Rig/bee_0408_1_rev/cam1_2026-04-08_16-32-22.mp4,1617.5,1969.0,1346,1656,1889,2282,0.8006219
761,/Volumes/SmithL0/2026/BIOL470/Final/Learning_Rig/bee_0408_1_rev/cam1_2026-04-08_16-32-22.mp4,1616.5,1970.5,1344,1656,1889,2285,0.8065578
762,/Volumes/SmithL0/2026/BIOL470/Final/Learning_Rig/bee_0408_1_rev/cam1_2026-04-08_16-32-22.mp4,1617.5,1970.0,1345,1656,1890,2284,0.8080272
763,/Volumes/SmithL0/2026/BIOL470/Final/Learning_Rig/bee_0408_1_rev/cam1_2026-04-08_16-32-22.mp4,1617.0,1969.0,1345,1656,1889,2282,0.80342376
764,/Volumes/SmithL0/2026/BIOL470/Final/Learning_Rig/bee_0408_1_rev/cam1_2026-04-08_16-32-22.mp4,1618.0,1970.0,1343,1656,1893,2284,0.8182267
765,/Volumes/SmithL0/2026/BIOL470/Final/Learning_Rig/bee_0408_1_rev/cam1_2026-04-08_16-32-22.mp4,1618.0,1968.5,1323,1654,1913,2283,0.80451846
766,/Volumes/SmithL0/2026/BIOL470/Final/Learning_Rig/bee_0408_1_rev/cam1_2026-04-08_16-32-22.mp4,1616.5,1968.5,1344,1656,1889,2281,0.8054933
767,/Volumes/SmithL0/2026/BIOL470/Final/Learning_Rig/bee_0408_1_rev/cam1_2026-04-08_16-32-22.mp4,1615.5,1965.5,1339,1658,1892,2273,0.7894774
768,/Volumes/SmithL0/2026/BIOL470/Final/Learning_Rig/bee_0408_1_rev/cam1_2026-04-08_16-32-22.mp4,1616.0,1960.5,1315,1657,1917,2264,0.8106411
769,/Volumes/SmithL0/2026/BIOL470/Final/Learning_Rig/bee_0408_1_rev/cam1_2026-04-08_16-32-22.mp4,1603.0,1961.5,1311,1659,1895,2264,0.82129824
770,/Volumes/SmithL0/2026/BIOL470/Final/Learning_Rig/bee_0408_1_rev/cam1_2026-04-08_16-32-22.mp4,1603.0,1963.0,1303,1660,1903,2266,0.828208
771,/Volumes/SmithL0/2026/BIOL470/Final/Learning_Rig/bee_0408_1_rev/cam1_2026-04-08_16-32-22.mp4,1602.0,1963.0,1307,1660,1897,2266,0.8214939
772,/Volumes/SmithL0/2026/BIOL470/Final/Learning_Rig/bee_0408_1_rev/cam1_2026-04-08_16-32-22.mp4,1625.0,1972.0,1299,1673,1951,2271,0.8116968
773,/Volumes/SmithL0/2026/BIOL470/Final/Learning_Rig/bee_0408_1_rev/cam1_2026-04-08_16-32-22.mp4,1636.5,1979.5,1302,1679,1971,2280,0.8260569
774,/Volumes/SmithL0/2026/BIOL470/Final/Learning_Rig/bee_0408_1_rev/cam1_2026-04-08_16-32-22.mp4,1634.5,1979.0,1302,1676,1967,2282,0.8207159
775,/Volumes/SmithL0/2026/BIOL470/Final/Learning_Rig/bee_0408_1_rev/cam1_2026-04-08_16-32-22.mp4,1627.5,1974.5,1303,1668,1952,2281,0.82429314
776,/Volumes/SmithL0/2026/BIOL470/Final/Learning_Rig/bee_0408_1_rev/cam1_2026-04-08_16-32-22.mp4,1611.0,1972.0,1318,1662,1904,2282,0.8280427
777,/Volumes/SmithL0/2026/BIOL470/Final/Learning_Rig/bee_0408_1_rev/cam1_2026-04-08_16-32-22.mp4,1609.5,1963.5,1314,1637,1905,2290,0.790658
778,/Volumes/SmithL0/2026/BIOL470/Final/Learning_Rig/bee_0408_1_rev/cam1_2026-04-08_16-32-22.mp4,1607.5,1925.5,1321,1599,1894,2252,0.78560203
779,/Volumes/SmithL0/2026/BIOL470/Final/Learning_Rig/bee_0408_1_rev/cam1_2026-04-08_16-32-22.mp4,1582.5,1911.0,1314,1575,1851,2247,0.82518506
780,/Volumes/SmithL0/2026/BIOL470/Final/Learning_Rig/bee_0408_1_rev/cam1_2026-04-08_16-32-22.mp4,1574.0,1881.5,1327,1506,1821,2257,0.7490686
781,/Volumes/SmithL0/2026/BIOL470/Final/Learning_Rig/bee_0408_1_rev/cam1_2026-04-08_16-32-22.mp4,1547.0,1872.5,1308,1502,1786,2243,0.68527204
782,/Volumes/SmithL0/2026/BIOL470/Final/Learning_Rig/bee_0408_1_rev/cam1_2026-04-08_16-32-22.mp4,1531.5,1868.5,1303,1499,1760,2238,0.7492615
783,/Volumes/SmithL0/2026/BIOL470/Final/Learning_Rig/bee_0408_1_rev/cam1_2026-04-08_16-32-22.mp4,1518.0,1854.5,1276,1488,1760,2221,0.80528563
784,/Volumes/SmithL0/2026/BIOL470/Final/Learning_Rig/bee_0408_1_rev/cam1_2026-04-08_16-32-22.mp4,1559.5,1852.5,1264,1485,1855,2220,0.80374956
785,/Volumes/SmithL0/2026/BIOL470/Final/Learning_Rig/bee_0408_1_rev/cam1_2026-04-08_16-32-22.mp4,1557.0,1843.5,1259,1485,1855,2202,0.8267551
786,/Volumes/SmithL0/2026/BIOL470/Final/Learning_Rig/bee_0408_1_rev/cam1_2026-04-08_16-32-22.mp4,1552.5,1848.0,1252,1491,1853,2205,0.82696426
787,/Volumes/SmithL0/2026/BIOL470/Final/Learning_Rig/bee_0408_1_rev/cam1_2026-04-08_16-32-22.mp4,1552.5,1850.0,1252,1482,1853,2218,0.82471436
788,/Volumes/SmithL0/2026/BIOL470/Final/Learning_Rig/bee_0408_1_rev/cam1_2026-04-08_16-32-22.mp4,1548.0,1856.5,1250,1491,1846,2222,0.834299
789,/Volumes/SmithL0/2026/BIOL470/Final/Learning_Rig/bee_0408_1_rev/cam1_2026-04-08_16-32-22.mp4,1557.0,1851.0,1269,1496,1845,2206,0.82788765
790,/Volumes/SmithL0/2026/BIOL470/Final/Learning_Rig/bee_0408_1_rev/cam1_2026-04-08_16-32-22.mp4,1558.5,1851.5,1271,1496,1846,2207,0.82549
791,/Volumes/SmithL0/2026/BIOL470/Final/Learning_Rig/bee_0408_1_rev/cam1_2026-04-08_16-32-22.mp4,1564.0,1877.5,1278,1529,1850,2226,0.8159372
792,/Volumes/SmithL0/2026/BIOL470/Final/Learning_Rig/bee_0408_1_rev/cam1_2026-04-08_16-32-22.mp4,1555.0,1875.0,1261,1529,1849,2221,0.8263371
793,/Volumes/SmithL0/2026/BIOL470/Final/Learning_Rig/bee_0408_1_rev/cam1_2026-04-08_16-32-22.mp4,1546.5,1868.0,1250,1531,1843,2205,0.8204579
794,/Volumes/SmithL0/2026/BIOL470/Final/Learning_Rig/bee_0408_1_rev/cam1_2026-04-08_16-32-22.mp4,1548.0,1871.5,1252,1529,1844,2214,0.8206796
795,/Volumes/SmithL0/2026/BIOL470/Final/Learning_Rig/bee_0408_1_rev/cam1_2026-04-08_16-32-22.mp4,1548.5,1870.0,1250,1543,1847,2197,0.8108875
796,/Volumes/SmithL0/2026/BIOL470/Final/Learning_Rig/bee_0408_1_rev/cam1_2026-04-08_16-32-22.mp4,1544.0,1878.0,1242,1548,1846,2208,0.8098436
797,/Volumes/SmithL0/2026/BIOL470/Final/Learning_Rig/bee_0408_1_rev/cam1_2026-04-08_16-32-22.mp4,1554.0,1902.5,1262,1563,1846,2242,0.82600266
798,/Volumes/SmithL0/2026/BIOL470/Final/Learning_Rig/bee_0408_1_rev/cam1_2026-04-08_16-32-22.mp4,1548.5,1917.5,1249,1586,1848,2249,0.820291
799,/Volumes/SmithL0/2026/BIOL470/Final/Learning_Rig/bee_0408_1_rev/cam1_2026-04-08_16-32-22.mp4,1549.0,1927.5,1251,1595,1847,2260,0.8208062
800,/Volumes/SmithL0/2026/BIOL470/Final/Learning_Rig/bee_0408_1_rev/cam1_2026-04-08_16-32-22.mp4,1537.5,1957.0,1266,1603,1809,2311,0.8127092
801,/Volumes/SmithL0/2026/BIOL470/Final/Learning_Rig/bee_0408_1_rev/cam1_2026-04-08_16-32-22.mp4,1542.0,1934.5,1274,1603,1810,2266,0.8132581
802,/Volumes/SmithL0/2026/BIOL470/Final/Learning_Rig/bee_0408_1_rev/cam1_2026-04-08_16-32-22.mp4,1547.5,1931.0,1284,1606,1811,2256,0.8349915
803,/Volumes/SmithL0/2026/BIOL470/Final/Learning_Rig/bee_0408_1_rev/cam1_2026-04-08_16-32-22.mp4,1546.5,1936.0,1285,1612,1808,2260,0.828587
804,/Volumes/SmithL0/2026/BIOL470/Final/Learning_Rig/bee_0408_1_rev/cam1_2026-04-08_16-32-22.mp4,1540.0,1931.0,1269,1615,1811,2247,0.82969
805,/Volumes/SmithL0/2026/BIOL470/Final/Learning_Rig/bee_0408_1_rev/cam1_2026-04-08_16-32-22.mp4,1537.0,1938.0,1259,1630,1815,2246,0.83379066
806,/Volumes/SmithL0/2026/BIOL470/Final/Learning_Rig/bee_0408_1_rev/cam1_2026-04-08_16-32-22.mp4,1515.5,1958.0,1216,1662,1815,2254,0.814438
807,/Volumes/SmithL0/2026/BIOL470/Final/Learning_Rig/bee_0408_1_rev/cam1_2026-04-08_16-32-22.mp4,1503.5,1944.5,1207,1662,1800,2227,0.7945499
808,/Volumes/SmithL0/2026/BIOL470/Final/Learning_Rig/bee_0408_1_rev/cam1_2026-04-08_16-32-22.mp4,1502.0,1953.0,1207,1669,1797,2237,0.78942096
809,/Volumes/SmithL0/2026/BIOL470/Final/Learning_Rig/bee_0408_1_rev/cam1_2026-04-08_16-32-22.mp4,1490.5,1960.0,1193,1672,1788,2248,0.7736695
810,/Volumes/SmithL0/2026/BIOL470/Final/Learning_Rig/bee_0408_1_rev/cam1_2026-04-08_16-32-22.mp4,1444.0,1976.5,1132,1697,1756,2256,0.83336675
811,/Volumes/SmithL0/2026/BIOL470/Final/Learning_Rig/bee_0408_1_rev/cam1_2026-04-08_16-32-22.mp4,1409.5,1988.5,1081,1705,1738,2272,0.81909233
812,/Volumes/SmithL0/2026/BIOL470/Final/Learning_Rig/bee_0408_1_rev/cam1_2026-04-08_16-32-22.mp4,1413.5,2024.5,1123,1757,1704,2292,0.82513744
813,/Volumes/SmithL0/2026/BIOL470/Final/Learning_Rig/bee_0408_1_rev/cam1_2026-04-08_16-32-22.mp4,1417.5,2034.0,1121,1774,1714,2294,0.81560546
814,/Volumes/SmithL0/2026/BIOL470/Final/Learning_Rig/bee_0408_1_rev/cam1_2026-04-08_16-32-22.mp4,1415.5,2034.5,1125,1776,1706,2293,0.81491095
815,/Volumes/SmithL0/2026/BIOL470/Final/Learning_Rig/bee_0408_1_rev/cam1_2026-04-08_16-32-22.mp4,1416.5,2040.5,1130,1776,1703,2305,0.8071303
816,/Volumes/SmithL0/2026/BIOL470/Final/Learning_Rig/bee_0408_1_rev/cam1_2026-04-08_16-32-22.mp4,1414.0,2041.0,1126,1782,1702,2300,0.8084066
817,/Volumes/SmithL0/2026/BIOL470/Final/Learning_Rig/bee_0408_1_rev/cam1_2026-04-08_16-32-22.mp4,1413.0,2043.0,1127,1785,1699,2301,0.80630285
818,/Volumes/SmithL0/2026/BIOL470/Final/Learning_Rig/bee_0408_1_rev/cam1_2026-04-08_16-32-22.mp4,1420.5,2040.0,1126,1786,1715,2294,0.8111499
819,/Volumes/SmithL0/2026/BIOL470/Final/Learning_Rig/bee_0408_1_rev/cam1_2026-04-08_16-32-22.mp4,1403.0,2042.0,1078,1793,1728,2291,0.80714583
820,/Volumes/SmithL0/2026/BIOL470/Final/Learning_Rig/bee_0408_1_rev/cam1_2026-04-08_16-32-22.mp4,1395.5,2013.0,1060,1760,1731,2266,0.7813995
821,/Volumes/SmithL0/2026/BIOL470/Final/Learning_Rig/bee_0408_1_rev/cam1_2026-04-08_16-32-22.mp4,1397.5,2043.5,1047,1796,1748,2291,0.7951813
822,/Volumes/SmithL0/2026/BIOL470/Final/Learning_Rig/bee_0408_1_rev/cam1_2026-04-08_16-32-22.mp4,1395.5,2053.5,1042,1787,1749,2320,0.81645143
823,/Volumes/SmithL0/2026/BIOL470/Final/Learning_Rig/bee_0408_1_rev/cam1_2026-04-08_16-32-22.mp4,1366.5,2047.0,1001,1796,1732,2298,0.79831153
824,/Volumes/SmithL0/2026/BIOL470/Final/Learning_Rig/bee_0408_1_rev/cam1_2026-04-08_16-32-22.mp4,1347.0,2054.5,987,1794,1707,2315,0.8116108
825,/Volumes/SmithL0/2026/BIOL470/Final/Learning_Rig/bee_0408_1_rev/cam1_2026-04-08_16-32-22.mp4,1341.5,2056.0,986,1790,1697,2322,0.8283641
826,/Volumes/SmithL0/2026/BIOL470/Final/Learning_Rig/bee_0408_1_rev/cam1_2026-04-08_16-32-22.mp4,1325.0,2099.5,983,1867,1667,2332,0.8201457
827,/Volumes/SmithL0/2026/BIOL470/Final/Learning_Rig/bee_0408_1_rev/cam1_2026-04-08_16-32-22.mp4,1324.5,2110.5,981,1876,1668,2345,0.801166
828,/Volumes/SmithL0/2026/BIOL470/Final/Learning_Rig/bee_0408_1_rev/cam1_2026-04-08_16-32-22.mp4,1320.5,2159.5,959,1951,1682,2368,0.7542262
829,/Volumes/SmithL0/2026/BIOL470/Final/Learning_Rig/bee_0408_1_rev/cam1_2026-04-08_16-32-22.mp4,1313.0,2142.0,960,1875,1666,2409,0.79869324
830,/Volumes/SmithL0/2026/BIOL470/Final/Learning_Rig/bee_0408_1_rev/cam1_2026-04-08_16-32-22.mp4,1322.0,2172.5,957,1943,1687,2402,0.76816034
831,/Volumes/SmithL0/2026/BIOL470/Final/Learning_Rig/bee_0408_1_rev/cam1_2026-04-08_16-32-22.mp4,1319.0,2177.5,953,1955,1685,2400,0.80478376
832,/Volumes/SmithL0/2026/BIOL470/Final/Learning_Rig/bee_0408_1_rev/cam1_2026-04-08_16-32-22.mp4,1308.5,2191.5,950,1956,1667,2427,0.7957989
833,/Volumes/SmithL0/2026/BIOL470/Final/Learning_Rig/bee_0408_1_rev/cam1_2026-04-08_16-32-22.mp4,1301.5,2204.0,937,1970,1666,2438,0.7895188
834,/Volumes/SmithL0/2026/BIOL470/Final/Learning_Rig/bee_0408_1_rev/cam1_2026-04-08_16-32-22.mp4,1292.5,2234.5,922,1978,1663,2491,0.7983068
835,/Volumes/SmithL0/2026/BIOL470/Final/Learning_Rig/bee_0408_1_rev/cam1_2026-04-08_16-32-22.mp4,1275.5,2251.5,893,2030,1658,2473,0.7679066
836,/Volumes/SmithL0/2026/BIOL470/Final/Learning_Rig/bee_0408_1_rev/cam1_2026-04-08_16-32-22.mp4,1278.0,2234.5,914,1992,1642,2477,0.78565025
837,/Volumes/SmithL0/2026/BIOL470/Final/Learning_Rig/bee_0408_1_rev/cam1_2026-04-08_16-32-22.mp4,1268.5,2250.0,906,1990,1631,2510,0.79476947
838,/Volumes/SmithL0/2026/BIOL470/Final/Learning_Rig/bee_0408_1_rev/cam1_2026-04-08_16-32-22.mp4,1260.0,2279.5,876,2047,1644,2512,0.7848888
839,/Volumes/SmithL0/2026/BIOL470/Final/Learning_Rig/bee_0408_1_rev/cam1_2026-04-08_16-32-22.mp4,1344.5,2285.5,1070,2059,1619,2512,0.63752264
840,/Volumes/SmithL0/2026/BIOL470/Final/Learning_Rig/bee_0408_1_rev/cam1_2026-04-08_16-32-22.mp4,1254.5,2282.5,887,2053,1622,2512,0.77992135
841,/Volumes/SmithL0/2026/BIOL470/Final/Learning_Rig/bee_0408_1_rev/cam1_2026-04-08_16-32-22.mp4,1254.0,2277.0,891,2046,1617,2508,0.7735173
842,/Volumes/SmithL0/2026/BIOL470/Final/Learning_Rig/bee_0408_1_rev/cam1_2026-04-08_16-32-22.mp4,1255.0,2271.0,894,2032,1616,2510,0.76809585
843,/Volumes/SmithL0/2026/BIOL470/Final/Learning_Rig/bee_0408_1_rev/cam1_2026-04-08_16-32-22.mp4,1246.5,2270.0,902,2004,1591,2536,0.7718236
844,/Volumes/SmithL0/2026/BIOL470/Final/Learning_Rig/bee_0408_1_rev/cam1_2026-04-08_16-32-22.mp4,1244.0,2271.0,896,2006,1592,2536,0.7650618
845,/Volumes/SmithL0/2026/BIOL470/Final/Learning_Rig/bee_0408_1_rev/cam1_2026-04-08_16-32-22.mp4,1268.0,2256.5,954,1964,1582,2549,0.83125484
846,/Volumes/SmithL0/2026/BIOL470/Final/Learning_Rig/bee_0408_1_rev/cam1_2026-04-08_16-32-22.mp4,1265.5,2255.0,956,1962,1575,2548,0.8369134
847,/Volumes/SmithL0/2026/BIOL470/Final/Learning_Rig/bee_0408_1_rev/cam1_2026-04-08_16-32-22.mp4,1261.0,2250.0,956,1955,1566,2545,0.8413224
848,/Volumes/SmithL0/2026/BIOL470/Final/Learning_Rig/bee_0408_1_rev/cam1_2026-04-08_16-32-22.mp4,1260.5,2248.0,956,1951,1565,2545,0.84277695
849,/Volumes/SmithL0/2026/BIOL470/Final/Learning_Rig/bee_0408_1_rev/cam1_2026-04-08_16-32-22.mp4,1247.5,2209.5,945,1889,1550,2530,0.841617
850,/Volumes/SmithL0/2026/BIOL470/Final/Learning_Rig/bee_0408_1_rev/cam1_2026-04-08_16-32-22.mp4,1236.5,2204.5,940,1881,1533,2528,0.84134066
851,/Volumes/SmithL0/2026/BIOL470/Final/Learning_Rig/bee_0408_1_rev/cam1_2026-04-08_16-32-22.mp4,1243.5,2194.5,944,1860,1543,2529,0.82984734
852,/Volumes/SmithL0/2026/BIOL470/Final/Learning_Rig/bee_0408_1_rev/cam1_2026-04-08_16-32-22.mp4,1202.0,2184.5,935,1841,1469,2528,0.84301925
853,/Volumes/SmithL0/2026/BIOL470/Final/Learning_Rig/bee_0408_1_rev/cam1_2026-04-08_16-32-22.mp4,1191.5,2184.0,936,1835,1447,2533,0.83096284
854,/Volumes/SmithL0/2026/BIOL470/Final/Learning_Rig/bee_0408_1_rev/cam1_2026-04-08_16-32-22.mp4,1191.0,2174.5,937,1824,1445,2525,0.82981116
855,/Volumes/SmithL0/2026/BIOL470/Final/Learning_Rig/bee_0408_1_rev/cam1_2026-04-08_16-32-22.mp4,1188.0,2166.0,936,1823,1440,2509,0.8249328
856,/Volumes/SmithL0/2026/BIOL470/Final/Learning_Rig/bee_0408_1_rev/cam1_2026-04-08_16-32-22.mp4,1195.0,2150.0,941,1802,1449,2498,0.85475516
857,/Volumes/SmithL0/2026/BIOL470/Final/Learning_Rig/bee_0408_1_rev/cam1_2026-04-08_16-32-22.mp4,1189.0,2147.5,935,1801,1443,2494,0.8431479
858,/Volumes/SmithL0/2026/BIOL470/Final/Learning_Rig/bee_0408_1_rev/cam1_2026-04-08_16-32-22.mp4,1184.0,2153.5,926,1815,1442,2492,0.8327727
859,/Volumes/SmithL0/2026/BIOL470/Final/Learning_Rig/bee_0408_1_rev/cam1_2026-04-08_16-32-22.mp4,1175.5,2106.5,911,1778,1440,2435,0.83256996
860,/Volumes/SmithL0/2026/BIOL470/Final/Learning_Rig/bee_0408_1_rev/cam1_2026-04-08_16-32-22.mp4,1175.0,2104.5,911,1777,1439,2432,0.82820594
861,/Volumes/SmithL0/2026/BIOL470/Final/Learning_Rig/bee_0408_1_rev/cam1_2026-04-08_16-32-22.mp4,1171.5,2106.5,909,1781,1434,2432,0.8213346
862,/Volumes/SmithL0/2026/BIOL470/Final/Learning_Rig/bee_0408_1_rev/cam1_2026-04-08_16-32-22.mp4,1175.5,2103.5,911,1776,1440,2431,0.8204387
863,/Volumes/SmithL0/2026/BIOL470/Final/Learning_Rig/bee_0408_1_rev/cam1_2026-04-08_16-32-22.mp4,1176.5,2102.5,911,1776,1442,2429,0.82194114
864,/Volumes/SmithL0/2026/BIOL470/Final/Learning_Rig/bee_0408_1_rev/cam1_2026-04-08_16-32-22.mp4,1177.5,2103.5,910,1776,1445,2431,0.83243674
865,/Volumes/SmithL0/2026/BIOL470/Final/Learning_Rig/bee_0408_1_rev/cam1_2026-04-08_16-32-22.mp4,1179.0,2102.0,919,1778,1439,2426,0.8317745
866,/Volumes/SmithL0/2026/BIOL470/Final/Learning_Rig/bee_0408_1_rev/cam1_2026-04-08_16-32-22.mp4,1178.0,2109.0,922,1786,1434,2432,0.83439195
867,/Volumes/SmithL0/2026/BIOL470/Final/Learning_Rig/bee_0408_1_rev/cam1_2026-04-08_16-32-22.mp4,1177.5,2112.0,917,1788,1438,2436,0.8358492
868,/Volumes/SmithL0/2026/BIOL470/Final/Learning_Rig/bee_0408_1_rev/cam1_2026-04-08_16-32-22.mp4,1180.5,2102.5,915,1780,1446,2425,0.82977396
869,/Volumes/SmithL0/2026/BIOL470/Final/Learning_Rig/bee_0408_1_rev/cam1_2026-04-08_16-32-22.mp4,1182.0,2108.5,917,1779,1447,2438,0.8291555
870,/Volumes/SmithL0/2026/BIOL470/Final/Learning_Rig/bee_0408_1_rev/cam1_2026-04-08_16-32-22.mp4,1177.5,2108.5,919,1787,1436,2430,0.82983065
871,/Volumes/SmithL0/2026/BIOL470/Final/Learning_Rig/bee_0408_1_rev/cam1_2026-04-08_16-32-22.mp4,1178.5,2095.5,915,1778,1442,2413,0.83510077
872,/Volumes/SmithL0/2026/BIOL470/Final/Learning_Rig/bee_0408_1_rev/cam1_2026-04-08_16-32-22.mp4,1172.5,2096.5,904,1776,1441,2417,0.82263523
873,/Volumes/SmithL0/2026/BIOL470/Final/Learning_Rig/bee_0408_1_rev/cam1_2026-04-08_16-32-22.mp4,1172.5,2097.0,914,1774,1431,2420,0.82000893
874,/Volumes/SmithL0/2026/BIOL470/Final/Learning_Rig/bee_0408_1_rev/cam1_2026-04-08_16-32-22.mp4,1168.0,2092.0,911,1773,1425,2411,0.825415
875,/Volumes/SmithL0/2026/BIOL470/Final/Learning_Rig/bee_0408_1_rev/cam1_2026-04-08_16-32-22.mp4,1169.0,2087.5,911,1773,1427,2402,0.823748
876,/Volumes/SmithL0/2026/BIOL470/Final/Learning_Rig/bee_0408_1_rev/cam1_2026-04-08_16-32-22.mp4,1169.0,2092.0,908,1775,1430,2409,0.81923056
877,/Volumes/SmithL0/2026/BIOL470/Final/Learning_Rig/bee_0408_1_rev/cam1_2026-04-08_16-32-22.mp4,1165.5,2090.0,895,1774,1436,2406,0.81853265
878,/Volumes/SmithL0/2026/BIOL470/Final/Learning_Rig/bee_0408_1_rev/cam1_2026-04-08_16-32-22.mp4,1163.5,2089.5,891,1774,1436,2405,0.8172234
879,/Volumes/SmithL0/2026/BIOL470/Final/Learning_Rig/bee_0408_1_rev/cam1_2026-04-08_16-32-22.mp4,1158.5,2085.0,882,1772,1435,2398,0.8153895
880,/Volumes/SmithL0/2026/BIOL470/Final/Learning_Rig/bee_0408_1_rev/cam1_2026-04-08_16-32-22.mp4,1162.5,2088.0,889,1774,1436,2402,0.82265186
881,/Volumes/SmithL0/2026/BIOL470/Final/Learning_Rig/bee_0408_1_rev/cam1_2026-04-08_16-32-22.mp4,1168.0,2089.5,898,1774,1438,2405,0.823048
882,/Volumes/SmithL0/2026/BIOL470/Final/Learning_Rig/bee_0408_1_rev/cam1_2026-04-08_16-32-22.mp4,1170.0,2092.5,904,1773,1436,2412,0.82034963
883,/Volumes/SmithL0/2026/BIOL470/Final/Learning_Rig/bee_0408_1_rev/cam1_2026-04-08_16-32-22.mp4,1148.5,2053.5,862,1768,1435,2339,0.8106038
884,/Volumes/SmithL0/2026/BIOL470/Final/Learning_Rig/bee_0408_1_rev/cam1_2026-04-08_16-32-22.mp4,1146.0,2050.0,859,1762,1433,2338,0.81590563
885,/Volumes/SmithL0/2026/BIOL470/Final/Learning_Rig/bee_0408_1_rev/cam1_2026-04-08_16-32-22.mp4,1147.5,2053.5,861,1767,1434,2340,0.81042856
886,/Volumes/SmithL0/2026/BIOL470/Final/Learning_Rig/bee_0408_1_rev/cam1_2026-04-08_16-32-22.mp4,1154.5,2059.0,869,1765,1440,2353,0.803512
887,/Volumes/SmithL0/2026/BIOL470/Final/Learning_Rig/bee_0408_1_rev/cam1_2026-04-08_16-32-22.mp4,1158.5,2060.5,873,1764,1444,2357,0.8059932
888,/Volumes/SmithL0/2026/BIOL470/Final/Learning_Rig/bee_0408_1_rev/cam1_2026-04-08_16-32-22.mp4,1161.5,2062.5,877,1762,1446,2363,0.8145428
889,/Volumes/SmithL0/2026/BIOL470/Final/Learning_Rig/bee_0408_1_rev/cam1_2026-04-08_16-32-22.mp4,1160.0,2061.5,874,1762,1446,2361,0.81595576
890,/Volumes/SmithL0/2026/BIOL470/Final/Learning_Rig/bee_0408_1_rev/cam1_2026-04-08_16-32-22.mp4,1158.5,2069.0,870,1762,1447,2376,0.79392195
891,/Volumes/SmithL0/2026/BIOL470/Final/Learning_Rig/bee_0408_1_rev/cam1_2026-04-08_16-32-22.mp4,1157.0,2060.0,865,1752,1449,2368,0.8236021
892,/Volumes/SmithL0/2026/BIOL470/Final/Learning_Rig/bee_0408_1_rev/cam1_2026-04-08_16-32-22.mp4,1155.5,2053.5,865,1740,1446,2367,0.8215186
893,/Volumes/SmithL0/2026/BIOL470/Final/Learning_Rig/bee_0408_1_rev/cam1_2026-04-08_16-32-22.mp4,1157.0,2031.0,870,1702,1444,2360,0.8358217
894,/Volumes/SmithL0/2026/BIOL470/Final/Learning_Rig/bee_0408_1_rev/cam1_2026-04-08_16-32-22.mp4,1156.5,2030.5,871,1703,1442,2358,0.8290373
895,/Volumes/SmithL0/2026/BIOL470/Final/Learning_Rig/bee_0408_1_rev/cam1_2026-04-08_16-32-22.mp4,1171.5,2029.0,896,1701,1447,2357,0.8200091
896,/Volumes/SmithL0/2026/BIOL470/Final/Learning_Rig/bee_0408_1_rev/cam1_2026-04-08_16-32-22.mp4,1167.0,2011.5,884,1675,1450,2348,0.8235201
897,/Volumes/SmithL0/2026/BIOL470/Final/Learning_Rig/bee_0408_1_rev/cam1_2026-04-08_16-32-22.mp4,1169.5,2010.0,887,1674,1452,2346,0.82405317
898,/Volumes/SmithL0/2026/BIOL470/Final/Learning_Rig/bee_0408_1_rev/cam1_2026-04-08_16-32-22.mp4,1171.5,2012.5,892,1679,1451,2346,0.81511533
899,/Volumes/SmithL0/2026/BIOL470/Final/Learning_Rig/bee_0408_1_rev/cam1_2026-04-08_16-32-22.mp4,1175.0,2010.0,890,1671,1460,2349,0.81233186
900,/Volumes/SmithL0/2026/BIOL470/Final/Learning_Rig/bee_0408_1_rev/cam1_2026-04-08_16-32-22.mp4,1200.5,2002.0,904,1663,1497,2341,0.8044755
901,/Volumes/SmithL0/2026/BIOL470/Final/Learning_Rig/bee_0408_1_rev/cam1_2026-04-08_16-32-22.mp4,1225.0,1994.5,915,1668,1535,2321,0.82797164
902,/Volumes/SmithL0/2026/BIOL470/Final/Learning_Rig/bee_0408_1_rev/cam1_2026-04-08_16-32-22.mp4,1233.0,1992.0,916,1664,1550,2320,0.8159713
903,/Volumes/SmithL0/2026/BIOL470/Final/Learning_Rig/bee_0408_1_rev/cam1_2026-04-08_16-32-22.mp4,1239.0,1990.0,925,1666,1553,2314,0.8207987
904,/Volumes/SmithL0/2026/BIOL470/Final/Learning_Rig/bee_0408_1_rev/cam1_2026-04-08_16-32-22.mp4,1220.0,1973.5,923,1647,1517,2300,0.82542145
905,/Volumes/SmithL0/2026/BIOL470/Final/Learning_Rig/bee_0408_1_rev/cam1_2026-04-08_16-32-22.mp4,1251.5,1961.0,950,1647,1553,2275,0.80663913
906,/Volumes/SmithL0/2026/BIOL470/Final/Learning_Rig/bee_0408_1_rev/cam1_2026-04-08_16-32-22.mp4,1254.5,1953.5,959,1647,1550,2260,0.8124724
907,/Volumes/SmithL0/2026/BIOL470/Final/Learning_Rig/bee_0408_1_rev/cam1_2026-04-08_16-32-22.mp4,1256.5,1956.5,965,1647,1548,2266,0.8170982
908,/Volumes/SmithL0/2026/BIOL470/Final/Learning_Rig/bee_0408_1_rev/cam1_2026-04-08_16-32-22.mp4,1238.5,1941.5,948,1650,1529,2233,0.8146822
909,/Volumes/SmithL0/2026/BIOL470/Final/Learning_Rig/bee_0408_1_rev/cam1_2026-04-08_16-32-22.mp4,1242.5,1940.5,949,1650,1536,2231,0.81595683
910,/Volumes/SmithL0/2026/BIOL470/Final/Learning_Rig/bee_0408_1_rev/cam1_2026-04-08_16-32-22.mp4,1255.0,1950.5,967,1652,1543,2249,0.8190855
911,/Volumes/SmithL0/2026/BIOL470/Final/Learning_Rig/bee_0408_1_rev/cam1_2026-04-08_16-32-22.mp4,1252.5,1946.0,960,1641,1545,2251,0.81838113
912,/Volumes/SmithL0/2026/BIOL470/Final/Learning_Rig/bee_0408_1_rev/cam1_2026-04-08_16-32-22.mp4,1236.0,1930.0,953,1609,1519,2251,0.80949587
913,/Volumes/SmithL0/2026/BIOL470/Final/Learning_Rig/bee_0408_1_rev/cam1_2026-04-08_16-32-22.mp4,1241.0,1934.5,954,1619,1528,2250,0.8216801
914,/Volumes/SmithL0/2026/BIOL470/Final/Learning_Rig/bee_0408_1_rev/cam1_2026-04-08_16-32-22.mp4,1255.0,1927.5,955,1607,1555,2248,0.8155151
915,/Volumes/SmithL0/2026/BIOL470/Final/Learning_Rig/bee_0408_1_rev/cam1_2026-04-08_16-32-22.mp4,1247.0,1921.0,956,1597,1538,2245,0.81118494
916,/Volumes/SmithL0/2026/BIOL470/Final/Learning_Rig/bee_0408_1_rev/cam1_2026-04-08_16-32-22.mp4,1248.0,1925.5,956,1604,1540,2247,0.81433564
917,/Volumes/SmithL0/2026/BIOL470/Final/Learning_Rig/bee_0408_1_rev/cam1_2026-04-08_16-32-22.mp4,1252.5,1935.5,955,1621,1550,2250,0.8113591
918,/Volumes/SmithL0/2026/BIOL470/Final/Learning_Rig/bee_0408_1_rev/cam1_2026-04-08_16-32-22.mp4,1257.0,1940.0,958,1627,1556,2253,0.80375737
919,/Volumes/SmithL0/2026/BIOL470/Final/Learning_Rig/bee_0408_1_rev/cam1_2026-04-08_16-32-22.mp4,1256.0,1940.0,952,1650,1560,2230,0.8136342
920,/Volumes/SmithL0/2026/BIOL470/Final/Learning_Rig/bee_0408_1_rev/cam1_2026-04-08_16-32-22.mp4,1260.0,1948.5,961,1644,1559,2253,0.83364177
921,/Volumes/SmithL0/2026/BIOL470/Final/Learning_Rig/bee_0408_1_rev/cam1_2026-04-08_16-32-22.mp4,1254.5,1949.5,956,1641,1553,2258,0.8106279
922,/Volumes/SmithL0/2026/BIOL470/Final/Learning_Rig/bee_0408_1_rev/cam1_2026-04-08_16-32-22.mp4,1253.0,1946.5,955,1637,1551,2256,0.8154431
923,/Volumes/SmithL0/2026/BIOL470/Final/Learning_Rig/bee_0408_1_rev/cam1_2026-04-08_16-32-22.mp4,1248.5,1945.0,955,1637,1542,2253,0.8203874
924,/Volumes/SmithL0/2026/BIOL470/Final/Learning_Rig/bee_0408_1_rev/cam1_2026-04-08_16-32-22.mp4,1246.0,1948.0,953,1642,1539,2254,0.8262286
925,/Volumes/SmithL0/2026/BIOL470/Final/Learning_Rig/bee_0408_1_rev/cam1_2026-04-08_16-32-22.mp4,1245.5,1949.5,953,1645,1538,2254,0.8232797
926,/Volumes/SmithL0/2026/BIOL470/Final/Learning_Rig/bee_0408_1_rev/cam1_2026-04-08_16-32-22.mp4,1246.0,1948.0,953,1642,1539,2254,0.8282414
927,/Volumes/SmithL0/2026/BIOL470/Final/Learning_Rig/bee_0408_1_rev/cam1_2026-04-08_16-32-22.mp4,1246.0,1949.0,953,1643,1539,2255,0.8276288
928,/Volumes/SmithL0/2026/BIOL470/Final/Learning_Rig/bee_0408_1_rev/cam1_2026-04-08_16-32-22.mp4,1245.0,1950.0,953,1645,1537,2255,0.8266901
929,/Volumes/SmithL0/2026/BIOL470/Final/Learning_Rig/bee_0408_1_rev/cam1_2026-04-08_16-32-22.mp4,1255.0,1947.0,951,1642,1559,2252,0.82825714
930,/Volumes/SmithL0/2026/BIOL470/Final/Learning_Rig/bee_0408_1_rev/cam1_2026-04-08_16-32-22.mp4,1252.5,1940.0,941,1632,1564,2248,0.83040744
931,/Volumes/SmithL0/2026/BIOL470/Final/Learning_Rig/bee_0408_1_rev/cam1_2026-04-08_16-32-22.mp4,1252.5,1942.5,940,1634,1565,2251,0.8204401
932,/Volumes/SmithL0/2026/BIOL470/Final/Learning_Rig/bee_0408_1_rev/cam1_2026-04-08_16-32-22.mp4,1250.5,1942.0,939,1632,1562,2252,0.8176929
933,/Volumes/SmithL0/2026/BIOL470/Final/Learning_Rig/bee_0408_1_rev/cam1_2026-04-08_16-32-22.mp4,1260.5,1941.5,940,1632,1581,2251,0.8107916
934,/Volumes/SmithL0/2026/BIOL470/Final/Learning_Rig/bee_0408_1_rev/cam1_2026-04-08_16-32-22.mp4,1241.5,1944.5,938,1638,1545,2251,0.81660974
935,/Volumes/SmithL0/2026/BIOL470/Final/Learning_Rig/bee_0408_1_rev/cam1_2026-04-08_16-32-22.mp4,1240.5,1944.0,937,1637,1544,2251,0.8232185
936,/Volumes/SmithL0/2026/BIOL470/Final/Learning_Rig/bee_0408_1_rev/cam1_2026-04-08_16-32-22.mp4,1240.5,1942.0,936,1634,1545,2250,0.82758534
937,/Volumes/SmithL0/2026/BIOL470/Final/Learning_Rig/bee_0408_1_rev/cam1_2026-04-08_16-32-22.mp4,1242.0,1938.0,937,1627,1547,2249,0.82603234
938,/Volumes/SmithL0/2026/BIOL470/Final/Learning_Rig/bee_0408_1_rev/cam1_2026-04-08_16-32-22.mp4,1242.0,1941.0,937,1633,1547,2249,0.8271836
939,/Volumes/SmithL0/2026/BIOL470/Final/Learning_Rig/bee_0408_1_rev/cam1_2026-04-08_16-32-22.mp4,1238.0,1935.0,934,1620,1542,2250,0.82381433
940,/Volumes/SmithL0/2026/BIOL470/Final/Learning_Rig/bee_0408_1_rev/cam1_2026-04-08_16-32-22.mp4,1235.5,1931.0,932,1613,1539,2249,0.8274874
941,/Volumes/SmithL0/2026/BIOL470/Final/Learning_Rig/bee_0408_1_rev/cam1_2026-04-08_16-32-22.mp4,1236.5,1930.0,933,1611,1540,2249,0.8285188
942,/Volumes/SmithL0/2026/BIOL470/Final/Learning_Rig/bee_0408_1_rev/cam1_2026-04-08_16-32-22.mp4,1241.5,1936.5,937,1626,1546,2247,0.8272318
943,/Volumes/SmithL0/2026/BIOL470/Final/Learning_Rig/bee_0408_1_rev/cam1_2026-04-08_16-32-22.mp4,1236.5,1930.5,934,1613,1539,2248,0.8277353
944,/Volumes/SmithL0/2026/BIOL470/Final/Learning_Rig/bee_0408_1_rev/cam1_2026-04-08_16-32-22.mp4,1240.5,1936.0,938,1625,1543,2247,0.8295217
945,/Volumes/SmithL0/2026/BIOL470/Final/Learning_Rig/bee_0408_1_rev/cam1_2026-04-08_16-32-22.mp4,1240.0,1934.0,939,1622,1541,2246,0.82902443
946,/Volumes/SmithL0/2026/BIOL470/Final/Learning_Rig/bee_0408_1_rev/cam1_2026-04-08_16-32-22.mp4,1235.0,1929.0,933,1610,1537,2248,0.8271371
947,/Volumes/SmithL0/2026/BIOL470/Final/Learning_Rig/bee_0408_1_rev/cam1_2026-04-08_16-32-22.mp4,1237.5,1926.0,935,1605,1540,2247,0.8291642
948,/Volumes/SmithL0/2026/BIOL470/Final/Learning_Rig/bee_0408_1_rev/cam1_2026-04-08_16-32-22.mp4,1236.5,1924.0,933,1601,1540,2247,0.83041286
949,/Volumes/SmithL0/2026/BIOL470/Final/Learning_Rig/bee_0408_1_rev/cam1_2026-04-08_16-32-22.mp4,1236.0,1924.5,934,1602,1538,2247,0.830193
950,/Volumes/SmithL0/2026/BIOL470/Final/Learning_Rig/bee_0408_1_rev/cam1_2026-04-08_16-32-22.mp4,1240.0,1927.5,939,1609,1541,2246,0.833508
951,/Volumes/SmithL0/2026/BIOL470/Final/Learning_Rig/bee_0408_1_rev/cam1_2026-04-08_16-32-22.mp4,1241.0,1929.0,939,1612,1543,2246,0.8330052
952,/Volumes/SmithL0/2026/BIOL470/Final/Learning_Rig/bee_0408_1_rev/cam1_2026-04-08_16-32-22.mp4,1240.5,1925.5,939,1607,1542,2244,0.8356342
953,/Volumes/SmithL0/2026/BIOL470/Final/Learning_Rig/bee_0408_1_rev/cam1_2026-04-08_16-32-22.mp4,1246.5,1923.5,940,1604,1553,2243,0.8169841
954,/Volumes/SmithL0/2026/BIOL470/Final/Learning_Rig/bee_0408_1_rev/cam1_2026-04-08_16-32-22.mp4,1243.0,1922.0,938,1602,1548,2242,0.8194242
955,/Volumes/SmithL0/2026/BIOL470/Final/Learning_Rig/bee_0408_1_rev/cam1_2026-04-08_16-32-22.mp4,1242.5,1924.0,938,1606,1547,2242,0.82969236
956,/Volumes/SmithL0/2026/BIOL470/Final/Learning_Rig/bee_0408_1_rev/cam1_2026-04-08_16-32-22.mp4,1242.0,1925.0,935,1607,1549,2243,0.82688993
957,/Volumes/SmithL0/2026/BIOL470/Final/Learning_Rig/bee_0408_1_rev/cam1_2026-04-08_16-32-22.mp4,1240.0,1921.5,929,1600,1551,2243,0.8247193
958,/Volumes/SmithL0/2026/BIOL470/Final/Learning_Rig/bee_0408_1_rev/cam1_2026-04-08_16-32-22.mp4,1240.0,1921.5,929,1600,1551,2243,0.8269969
959,/Volumes/SmithL0/2026/BIOL470/Final/Learning_Rig/bee_0408_1_rev/cam1_2026-04-08_16-32-22.mp4,1234.5,1922.5,928,1602,1541,2243,0.8287242
960,/Volumes/SmithL0/2026/BIOL470/Final/Learning_Rig/bee_0408_1_rev/cam1_2026-04-08_16-32-22.mp4,1233.5,1921.5,927,1600,1540,2243,0.8293617
961,/Volumes/SmithL0/2026/BIOL470/Final/Learning_Rig/bee_0408_1_rev/cam1_2026-04-08_16-32-22.mp4,1233.0,1922.0,928,1601,1538,2243,0.82896805
962,/Volumes/SmithL0/2026/BIOL470/Final/Learning_Rig/bee_0408_1_rev/cam1_2026-04-08_16-32-22.mp4,1234.0,1921.0,928,1600,1540,2242,0.8300054
963,/Volumes/SmithL0/2026/BIOL470/Final/Learning_Rig/bee_0408_1_rev/cam1_2026-04-08_16-32-22.mp4,1234.0,1921.5,929,1600,1539,2243,0.83070946
964,/Volumes/SmithL0/2026/BIOL470/Final/Learning_Rig/bee_0408_1_rev/cam1_2026-04-08_16-32-22.mp4,1234.5,1921.5,929,1600,1540,2243,0.83047736
965,/Volumes/SmithL0/2026/BIOL470/Final/Learning_Rig/bee_0408_1_rev/cam1_2026-04-08_16-32-22.mp4,1229.5,1922.5,928,1602,1531,2243,0.82981116
966,/Volumes/SmithL0/2026/BIOL470/Final/Learning_Rig/bee_0408_1_rev/cam1_2026-04-08_16-32-22.mp4,1233.0,1927.5,929,1613,1537,2242,0.83072096
967,/Volumes/SmithL0/2026/BIOL470/Final/Learning_Rig/bee_0408_1_rev/cam1_2026-04-08_16-32-22.mp4,1230.5,1926.5,931,1613,1530,2240,0.83250695
968,/Volumes/SmithL0/2026/BIOL470/Final/Learning_Rig/bee_0408_1_rev/cam1_2026-04-08_16-32-22.mp4,1227.0,1926.0,930,1611,1524,2241,0.83543885
969,/Volumes/SmithL0/2026/BIOL470/Final/Learning_Rig/bee_0408_1_rev/cam1_2026-04-08_16-32-22.mp4,1222.0,1916.0,908,1592,1536,2240,0.80966365
970,/Volumes/SmithL0/2026/BIOL470/Final/Learning_Rig/bee_0408_1_rev/cam1_2026-04-08_16-32-22.mp4,1198.0,1914.0,887,1592,1509,2236,0.8262495
971,/Volumes/SmithL0/2026/BIOL470/Final/Learning_Rig/bee_0408_1_rev/cam1_2026-04-08_16-32-22.mp4,1195.5,1917.5,884,1594,1507,2241,0.82951653
972,/Volumes/SmithL0/2026/BIOL470/Final/Learning_Rig/bee_0408_1_rev/cam1_2026-04-08_16-32-22.mp4,1193.0,1918.5,879,1595,1507,2242,0.82893234
973,/Volumes/SmithL0/2026/BIOL470/Final/Learning_Rig/bee_0408_1_rev/cam1_2026-04-08_16-32-22.mp4,1187.5,1906.5,859,1570,1516,2243,0.83465666
974,/Volumes/SmithL0/2026/BIOL470/Final/Learning_Rig/bee_0408_1_rev/cam1_2026-04-08_16-32-22.mp4,1172.5,1903.5,843,1557,1502,2250,0.83031964
975,/Volumes/SmithL0/2026/BIOL470/Final/Learning_Rig/bee_0408_1_rev/cam1_2026-04-08_16-32-22.mp4,1164.5,1900.5,822,1552,1507,2249,0.8211173
976,/Volumes/SmithL0/2026/BIOL470/Final/Learning_Rig/bee_0408_1_rev/cam1_2026-04-08_16-32-22.mp4,1149.5,1941.0,816,1633,1483,2249,0.81294656
977,/Volumes/SmithL0/2026/BIOL470/Final/Learning_Rig/bee_0408_1_rev/cam1_2026-04-08_16-32-22.mp4,1107.0,1986.5,789,1720,1425,2253,0.8077581
978,/Volumes/SmithL0/2026/BIOL470/Final/Learning_Rig/bee_0408_1_rev/cam1_2026-04-08_16-32-22.mp4,1126.5,2008.5,796,1721,1457,2296,0.82609075
979,/Volumes/SmithL0/2026/BIOL470/Final/Learning_Rig/bee_0408_1_rev/cam1_2026-04-08_16-32-22.mp4,1122.0,2001.0,796,1748,1448,2254,0.8068652
980,/Volumes/SmithL0/2026/BIOL470/Final/Learning_Rig/bee_0408_1_rev/cam1_2026-04-08_16-32-22.mp4,1127.0,1995.5,799,1738,1455,2253,0.8162816
981,/Volumes/SmithL0/2026/BIOL470/Final/Learning_Rig/bee_0408_1_rev/cam1_2026-04-08_16-32-22.mp4,1127.0,2038.5,796,1760,1458,2317,0.83198357
982,/Volumes/SmithL0/2026/BIOL470/Final/Learning_Rig/bee_0408_1_rev/cam1_2026-04-08_16-32-22.mp4,1129.5,2043.0,799,1759,1460,2327,0.854097
983,/Volumes/SmithL0/2026/BIOL470/Final/Learning_Rig/bee_0408_1_rev/cam1_2026-04-08_16-32-22.mp4,1122.5,2044.5,795,1760,1450,2329,0.83066773
984,/Volumes/SmithL0/2026/BIOL470/Final/Learning_Rig/bee_0408_1_rev/cam1_2026-04-08_16-32-22.mp4,1101.0,2052.5,784,1755,1418,2350,0.81159526
985,/Volumes/SmithL0/2026/BIOL470/Final/Learning_Rig/bee_0408_1_rev/cam1_2026-04-08_16-32-22.mp4,1104.5,2053.5,782,1753,1427,2354,0.81104964
986,/Volumes/SmithL0/2026/BIOL470/Final/Learning_Rig/bee_0408_1_rev/cam1_2026-04-08_16-32-22.mp4,1083.0,2053.5,786,1752,1380,2355,0.7886772
987,/Volumes/SmithL0/2026/BIOL470/Final/Learning_Rig/bee_0408_1_rev/cam1_2026-04-08_16-32-22.mp4,1035.0,2044.5,787,1734,1283,2355,0.82749206
988,/Volumes/SmithL0/2026/BIOL470/Final/Learning_Rig/bee_0408_1_rev/cam1_2026-04-08_16-32-22.mp4,1025.5,2040.0,794,1709,1257,2371,0.798847
989,/Volumes/SmithL0/2026/BIOL470/Final/Learning_Rig/bee_0408_1_rev/cam1_2026-04-08_16-32-22.mp4,1015.5,2055.5,795,1712,1236,2399,0.7998593
990,/Volumes/SmithL0/2026/BIOL470/Final/Learning_Rig/bee_0408_1_rev/cam1_2026-04-08_16-32-22.mp4,1096.0,2062.5,783,1723,1409,2402,0.62287766
991,/Volumes/SmithL0/2026/BIOL470/Final/Learning_Rig/bee_0408_1_rev/cam1_2026-04-08_16-32-22.mp4,1039.0,2053.0,795,1699,1283,2407,0.80704707
992,/Volumes/SmithL0/2026/BIOL470/Final/Learning_Rig/bee_0408_1_rev/cam1_2026-04-08_16-32-22.mp4,1019.5,2049.0,801,1697,1238,2401,0.82978207
993,/Volumes/SmithL0/2026/BIOL470/Final/Learning_Rig/bee_0408_1_rev/cam1_2026-04-08_16-32-22.mp4,1049.0,2055.5,810,1702,1288,2409,0.8341343
994,/Volumes/SmithL0/2026/BIOL470/Final/Learning_Rig/bee_0408_1_rev/cam1_2026-04-08_16-32-22.mp4,1088.5,2050.0,858,1690,1319,2410,0.83603853
995,/Volumes/SmithL0/2026/BIOL470/Final/Learning_Rig/bee_0408_1_rev/cam1_2026-04-08_16-32-22.mp4,1103.0,2051.0,885,1694,1321,2408,0.83720714
996,/Volumes/SmithL0/2026/BIOL470/Final/Learning_Rig/bee_0408_1_rev/cam1_2026-04-08_16-32-22.mp4,1099.5,2041.0,888,1687,1311,2395,0.83224124
997,/Volumes/SmithL0/2026/BIOL470/Final/Learning_Rig/bee_0408_1_rev/cam1_2026-04-08_16-32-22.mp4,1105.5,2025.5,898,1686,1313,2365,0.828216
998,/Volumes/SmithL0/2026/BIOL470/Final/Learning_Rig/bee_0408_1_rev/cam1_2026-04-08_16-32-22.mp4,1098.0,2014.5,906,1674,1290,2355,0.81981176
999,/Volumes/SmithL0/2026/BIOL470/Final/Learning_Rig/bee_0408_1_rev/cam1_2026-04-08_16-32-22.mp4,1100.5,2016.0,908,1674,1293,2358,0.82232344
1000,/Volumes/SmithL0/2026/BIOL470/Final/Learning_Rig/bee_0408_1_rev/cam1_2026-04-08_16-32-22.mp4,1099.0,2029.0,880,1669,1318,2389,0.82775784
1001,/Volumes/SmithL0/2026/BIOL470/Final/Learning_Rig/bee_0408_1_rev/cam1_2026-04-08_16-32-22.mp4,1096.0,2042.5,883,1684,1309,2401,0.8285161
1002,/Volumes/SmithL0/2026/BIOL470/Final/Learning_Rig/bee_0408_1_rev/cam1_2026-04-08_16-32-22.mp4,1099.0,2050.0,886,1692,1312,2408,0.83264875
1003,/Volumes/SmithL0/2026/BIOL470/Final/Learning_Rig/bee_0408_1_rev/cam1_2026-04-08_16-32-22.mp4,1103.5,2055.5,889,1699,1318,2412,0.8327696
1004,/Volumes/SmithL0/2026/BIOL470/Final/Learning_Rig/bee_0408_1_rev/cam1_2026-04-08_16-32-22.mp4,1103.0,2054.5,891,1696,1315,2413,0.83595425
1005,/Volumes/SmithL0/2026/BIOL470/Final/Learning_Rig/bee_0408_1_rev/cam1_2026-04-08_16-32-22.mp4,1102.0,2053.5,889,1697,1315,2410,0.83957064
1006,/Volumes/SmithL0/2026/BIOL470/Final/Learning_Rig/bee_0408_1_rev/cam1_2026-04-08_16-32-22.mp4,1090.5,2045.5,877,1688,1304,2403,0.84593177
1007,/Volumes/SmithL0/2026/BIOL470/Final/Learning_Rig/bee_0408_1_rev/cam1_2026-04-08_16-32-22.mp4,1085.5,2045.5,877,1688,1294,2403,0.8442807
1008,/Volumes/SmithL0/2026/BIOL470/Final/Learning_Rig/bee_0408_1_rev/cam1_2026-04-08_16-32-22.mp4,1095.0,2048.5,871,1689,1319,2408,0.831797
1009,/Volumes/SmithL0/2026/BIOL470/Final/Learning_Rig/bee_0408_1_rev/cam1_2026-04-08_16-32-22.mp4,1094.0,2052.5,876,1692,1312,2413,0.8293673
1010,/Volumes/SmithL0/2026/BIOL470/Final/Learning_Rig/bee_0408_1_rev/cam1_2026-04-08_16-32-22.mp4,1117.0,2069.5,904,1710,1330,2429,0.81512976
1011,/Volumes/SmithL0/2026/BIOL470/Final/Learning_Rig/bee_0408_1_rev/cam1_2026-04-08_16-32-22.mp4,1122.0,2092.5,908,1767,1336,2418,0.8061736
1012,/Volumes/SmithL0/2026/BIOL470/Final/Learning_Rig/bee_0408_1_rev/cam1_2026-04-08_16-32-22.mp4,1161.0,2144.0,959,1794,1363,2494,0.8429191
1013,/Volumes/SmithL0/2026/BIOL470/Final/Learning_Rig/bee_0408_1_rev/cam1_2026-04-08_16-32-22.mp4,1155.5,2144.0,943,1796,1368,2492,0.82564944
1014,/Volumes/SmithL0/2026/BIOL470/Final/Learning_Rig/bee_0408_1_rev/cam1_2026-04-08_16-32-22.mp4,1163.5,2161.5,958,1811,1369,2512,0.8378356
1015,/Volumes/SmithL0/2026/BIOL470/Final/Learning_Rig/bee_0408_1_rev/cam1_2026-04-08_16-32-22.mp4,1160.0,2167.5,944,1827,1376,2508,0.8258194
1016,/Volumes/SmithL0/2026/BIOL470/Final/Learning_Rig/bee_0408_1_rev/cam1_2026-04-08_16-32-22.mp4,1162.5,2178.0,952,1835,1373,2521,0.8334021
1017,/Volumes/SmithL0/2026/BIOL470/Final/Learning_Rig/bee_0408_1_rev/cam1_2026-04-08_16-32-22.mp4,1165.5,2173.0,952,1828,1379,2518,0.8218652
1018,/Volumes/SmithL0/2026/BIOL470/Final/Learning_Rig/bee_0408_1_rev/cam1_2026-04-08_16-32-22.mp4,1165.0,2181.5,956,1837,1374,2526,0.8403085
1019,/Volumes/SmithL0/2026/BIOL470/Final/Learning_Rig/bee_0408_1_rev/cam1_2026-04-08_16-32-22.mp4,1165.0,2176.5,959,1827,1371,2526,0.8299817
1020,/Volumes/SmithL0/2026/BIOL470/Final/Learning_Rig/bee_0408_1_rev/cam1_2026-04-08_16-32-22.mp4,1182.0,2183.5,933,1856,1431,2511,0.81222415
1021,/Volumes/SmithL0/2026/BIOL470/Final/Learning_Rig/bee_0408_1_rev/cam1_2026-04-08_16-32-22.mp4,1181.0,2191.0,925,1874,1437,2508,0.81567854
1022,/Volumes/SmithL0/2026/BIOL470/Final/Learning_Rig/bee_0408_1_rev/cam1_2026-04-08_16-32-22.mp4,1189.0,2194.5,929,1865,1449,2524,0.81367904
1023,/Volumes/SmithL0/2026/BIOL470/Final/Learning_Rig/bee_0408_1_rev/cam1_2026-04-08_16-32-22.mp4,1198.5,2185.5,917,1864,1480,2507,0.816456
1024,/Volumes/SmithL0/2026/BIOL470/Final/Learning_Rig/bee_0408_1_rev/cam1_2026-04-08_16-32-22.mp4,1241.5,2137.0,937,1870,1546,2404,0.8114935
1025,/Volumes/SmithL0/2026/BIOL470/Final/Learning_Rig/bee_0408_1_rev/cam1_2026-04-08_16-32-22.mp4,1230.0,2139.5,922,1886,1538,2393,0.8126173
1026,/Volumes/SmithL0/2026/BIOL470/Final/Learning_Rig/bee_0408_1_rev/cam1_2026-04-08_16-32-22.mp4,1228.5,2141.0,919,1888,1538,2394,0.81029093
1027,/Volumes/SmithL0/2026/BIOL470/Final/Learning_Rig/bee_0408_1_rev/cam1_2026-04-08_16-32-22.mp4,1238.0,2142.0,914,1874,1562,2410,0.8118842
1028,/Volumes/SmithL0/2026/BIOL470/Final/Learning_Rig/bee_0408_1_rev/cam1_2026-04-08_16-32-22.mp4,1241.5,2139.5,901,1884,1582,2395,0.80024064
1029,/Volumes/SmithL0/2026/BIOL470/Final/Learning_Rig/bee_0408_1_rev/cam1_2026-04-08_16-32-22.mp4,1242.5,2132.0,903,1850,1582,2414,0.7972502
1030,/Volumes/SmithL0/2026/BIOL470/Final/Learning_Rig/bee_0408_1_rev/cam1_2026-04-08_16-32-22.mp4,1241.5,2151.5,888,1900,1595,2403,0.79519683
1031,/Volumes/SmithL0/2026/BIOL470/Final/Learning_Rig/bee_0408_1_rev/cam1_2026-04-08_16-32-22.mp4,1242.0,2150.0,890,1896,1594,2404,0.79805446
1032,/Volumes/SmithL0/2026/BIOL470/Final/Learning_Rig/bee_0408_1_rev/cam1_2026-04-08_16-32-22.mp4,1243.0,2154.5,892,1902,1594,2407,0.7953786
1033,/Volumes/SmithL0/2026/BIOL470/Final/Learning_Rig/bee_0408_1_rev/cam1_2026-04-08_16-32-22.mp4,1253.0,2135.5,917,1853,1589,2418,0.803257
1034,/Volumes/SmithL0/2026/BIOL470/Final/Learning_Rig/bee_0408_1_rev/cam1_2026-04-08_16-32-22.mp4,1264.0,2134.5,930,1853,1598,2416,0.81158763
1035,/Volumes/SmithL0/2026/BIOL470/Final/Learning_Rig/bee_0408_1_rev/cam1_2026-04-08_16-32-22.mp4,1265.0,2133.0,928,1853,1602,2413,0.8116152
1036,/Volumes/SmithL0/2026/BIOL470/Final/Learning_Rig/bee_0408_1_rev/cam1_2026-04-08_16-32-22.mp4,1279.0,2135.5,943,1859,1615,2412,0.8097819
1037,/Volumes/SmithL0/2026/BIOL470/Final/Learning_Rig/bee_0408_1_rev/cam1_2026-04-08_16-32-22.mp4,1279.5,2131.0,943,1850,1616,2412,0.8050368
1038,/Volumes/SmithL0/2026/BIOL470/Final/Learning_Rig/bee_0408_1_rev/cam1_2026-04-08_16-32-22.mp4,1280.0,2133.0,943,1850,1617,2416,0.80738896
1039,/Volumes/SmithL0/2026/BIOL470/Final/Learning_Rig/bee_0408_1_rev/cam1_2026-04-08_16-32-22.mp4,1281.0,2132.5,944,1847,1618,2418,0.80789423
1040,/Volumes/SmithL0/2026/BIOL470/Final/Learning_Rig/bee_0408_1_rev/cam1_2026-04-08_16-32-22.mp4,1287.5,2147.0,949,1865,1626,2429,0.8075111
1041,/Volumes/SmithL0/2026/BIOL470/Final/Learning_Rig/bee_0408_1_rev/cam1_2026-04-08_16-32-22.mp4,1291.0,2150.5,948,1870,1634,2431,0.8064044
1042,/Volumes/SmithL0/2026/BIOL470/Final/Learning_Rig/bee_0408_1_rev/cam1_2026-04-08_16-32-22.mp4,1285.5,2172.0,938,1915,1633,2429,0.8071276
1043,/Volumes/SmithL0/2026/BIOL470/Final/Learning_Rig/bee_0408_1_rev/cam1_2026-04-08_16-32-22.mp4,1285.5,2170.0,939,1913,1632,2427,0.8025906
1044,/Volumes/SmithL0/2026/BIOL470/Final/Learning_Rig/bee_0408_1_rev/cam1_2026-04-08_16-32-22.mp4,1286.0,2171.0,940,1915,1632,2427,0.81186104
1045,/Volumes/SmithL0/2026/BIOL470/Final/Learning_Rig/bee_0408_1_rev/cam1_2026-04-08_16-32-22.mp4,1286.5,2170.5,940,1913,1633,2428,0.8032871
1046,/Volumes/SmithL0/2026/BIOL470/Final/Learning_Rig/bee_0408_1_rev/cam1_2026-04-08_16-32-22.mp4,1286.5,2171.5,940,1915,1633,2428,0.8002058
1047,/Volumes/SmithL0/2026/BIOL470/Final/Learning_Rig/bee_0408_1_rev/cam1_2026-04-08_16-32-22.mp4,1286.0,2173.0,940,1916,1632,2430,0.79979193
1048,/Volumes/SmithL0/2026/BIOL470/Final/Learning_Rig/bee_0408_1_rev/cam1_2026-04-08_16-32-22.mp4,1286.0,2172.0,941,1913,1631,2431,0.8121773
1049,/Volumes/SmithL0/2026/BIOL470/Final/Learning_Rig/bee_0408_1_rev/cam1_2026-04-08_16-32-22.mp4,1285.0,2174.0,940,1916,1630,2432,0.8107577
1050,/Volumes/SmithL0/2026/BIOL470/Final/Learning_Rig/bee_0408_1_rev/cam1_2026-04-08_16-32-22.mp4,1282.5,2177.5,933,1921,1632,2434,0.78810424
1051,/Volumes/SmithL0/2026/BIOL470/Final/Learning_Rig/bee_0408_1_rev/cam1_2026-04-08_16-32-22.mp4,1282.0,2177.0,932,1920,1632,2434,0.79970104
1052,/Volumes/SmithL0/2026/BIOL470/Final/Learning_Rig/bee_0408_1_rev/cam1_2026-04-08_16-32-22.mp4,1281.5,2176.0,932,1919,1631,2433,0.8014689
1053,/Volumes/SmithL0/2026/BIOL470/Final/Learning_Rig/bee_0408_1_rev/cam1_2026-04-08_16-32-22.mp4,1281.0,2176.0,931,1918,1631,2434,0.79796296
1054,/Volumes/SmithL0/2026/BIOL470/Final/Learning_Rig/bee_0408_1_rev/cam1_2026-04-08_16-32-22.mp4,1279.0,2175.5,927,1917,1631,2434,0.7965409
1055,/Volumes/SmithL0/2026/BIOL470/Final/Learning_Rig/bee_0408_1_rev/cam1_2026-04-08_16-32-22.mp4,1278.5,2176.5,924,1928,1633,2425,0.789316
1056,/Volumes/SmithL0/2026/BIOL470/Final/Learning_Rig/bee_0408_1_rev/cam1_2026-04-08_16-32-22.mp4,1286.0,2194.5,929,1936,1643,2453,0.7953984
1057,/Volumes/SmithL0/2026/BIOL470/Final/Learning_Rig/bee_0408_1_rev/cam1_2026-04-08_16-32-22.mp4,1286.5,2211.5,925,1940,1648,2483,0.79060644
1058,/Volumes/SmithL0/2026/BIOL470/Final/Learning_Rig/bee_0408_1_rev/cam1_2026-04-08_16-32-22.mp4,1302.0,2215.0,937,1931,1667,2499,0.8094098
1059,/Volumes/SmithL0/2026/BIOL470/Final/Learning_Rig/bee_0408_1_rev/cam1_2026-04-08_16-32-22.mp4,1302.0,2212.5,936,1927,1668,2498,0.80877995
1060,/Volumes/SmithL0/2026/BIOL470/Final/Learning_Rig/bee_0408_1_rev/cam1_2026-04-08_16-32-22.mp4,1300.5,2218.0,933,1932,1668,2504,0.8121407
1061,/Volumes/SmithL0/2026/BIOL470/Final/Learning_Rig/bee_0408_1_rev/cam1_2026-04-08_16-32-22.mp4,1297.0,2217.5,926,1934,1668,2501,0.8056527
1062,/Volumes/SmithL0/2026/BIOL470/Final/Learning_Rig/bee_0408_1_rev/cam1_2026-04-08_16-32-22.mp4,1307.0,2221.5,948,1937,1666,2506,0.80565524
1063,/Volumes/SmithL0/2026/BIOL470/Final/Learning_Rig/bee_0408_1_rev/cam1_2026-04-08_16-32-22.mp4,1307.5,2221.0,948,1938,1667,2504,0.80353624
1064,/Volumes/SmithL0/2026/BIOL470/Final/Learning_Rig/bee_0408_1_rev/cam1_2026-04-08_16-32-22.mp4,1310.0,2220.0,952,1936,1668,2504,0.8028668
1065,/Volumes/SmithL0/2026/BIOL470/Final/Learning_Rig/bee_0408_1_rev/cam1_2026-04-08_16-32-22.mp4,1309.5,2234.5,951,1942,1668,2527,0.8040353
1066,/Volumes/SmithL0/2026/BIOL470/Final/Learning_Rig/bee_0408_1_rev/cam1_2026-04-08_16-32-22.mp4,1309.5,2221.5,945,1933,1674,2510,0.7929177
1067,/Volumes/SmithL0/2026/BIOL470/Final/Learning_Rig/bee_0408_1_rev/cam1_2026-04-08_16-32-22.mp4,1333.5,2233.5,967,1958,1700,2509,0.8000736
1068,/Volumes/SmithL0/2026/BIOL470/Final/Learning_Rig/bee_0408_1_rev/cam1_2026-04-08_16-32-22.mp4,1350.0,2260.5,983,2012,1717,2509,0.7832157
1069,/Volumes/SmithL0/2026/BIOL470/Final/Learning_Rig/bee_0408_1_rev/cam1_2026-04-08_16-32-22.mp4,1351.5,2246.5,1001,1969,1702,2524,0.7897004
1070,/Volumes/SmithL0/2026/BIOL470/Final/Learning_Rig/bee_0408_1_rev/cam1_2026-04-08_16-32-22.mp4,1349.5,2246.0,1000,1971,1699,2521,0.80713284
1071,/Volumes/SmithL0/2026/BIOL470/Final/Learning_Rig/bee_0408_1_rev/cam1_2026-04-08_16-32-22.mp4,1371.0,2240.5,1019,1973,1723,2508,0.8128019
1072,/Volumes/SmithL0/2026/BIOL470/Final/Learning_Rig/bee_0408_1_rev/cam1_2026-04-08_16-32-22.mp4,1404.0,2245.0,1055,1972,1753,2518,0.8084875
1073,/Volumes/SmithL0/2026/BIOL470/Final/Learning_Rig/bee_0408_1_rev/cam1_2026-04-08_16-32-22.mp4,1405.0,2249.5,1055,1974,1755,2525,0.8067711
1074,/Volumes/SmithL0/2026/BIOL470/Final/Learning_Rig/bee_0408_1_rev/cam1_2026-04-08_16-32-22.mp4,1405.0,2245.0,1056,1969,1754,2521,0.797621
1075,/Volumes/SmithL0/2026/BIOL470/Final/Learning_Rig/bee_0408_1_rev/cam1_2026-04-08_16-32-22.mp4,1424.5,2257.0,1082,1970,1767,2544,0.8196307
1076,/Volumes/SmithL0/2026/BIOL470/Final/Learning_Rig/bee_0408_1_rev/cam1_2026-04-08_16-32-22.mp4,1435.0,2257.0,1094,1971,1776,2543,0.8120462
1077,/Volumes/SmithL0/2026/BIOL470/Final/Learning_Rig/bee_0408_1_rev/cam1_2026-04-08_16-32-22.mp4,1433.5,2249.5,1091,1974,1776,2525,0.81621164
1078,/Volumes/SmithL0/2026/BIOL470/Final/Learning_Rig/bee_0408_1_rev/cam1_2026-04-08_16-32-22.mp4,1440.0,2248.5,1089,1975,1791,2522,0.80818564
1079,/Volumes/SmithL0/2026/BIOL470/Final/Learning_Rig/bee_0408_1_rev/cam1_2026-04-08_16-32-22.mp4,1442.5,2247.5,1089,1972,1796,2523,0.80690616
1080,/Volumes/SmithL0/2026/BIOL470/Final/Learning_Rig/bee_0408_1_rev/cam1_2026-04-08_16-32-22.mp4,1437.5,2245.0,1083,1970,1792,2520,0.80719984
1081,/Volumes/SmithL0/2026/BIOL470/Final/Learning_Rig/bee_0408_1_rev/cam1_2026-04-08_16-32-22.mp4,1440.5,2242.0,1079,1967,1802,2517,0.8125968
1082,/Volumes/SmithL0/2026/BIOL470/Final/Learning_Rig/bee_0408_1_rev/cam1_2026-04-08_16-32-22.mp4,1455.5,2237.5,1087,1949,1824,2526,0.8204693
1083,/Volumes/SmithL0/2026/BIOL470/Final/Learning_Rig/bee_0408_1_rev/cam1_2026-04-08_16-32-22.mp4,1468.5,2240.5,1099,1953,1838,2528,0.8153028
1084,/Volumes/SmithL0/2026/BIOL470/Final/Learning_Rig/bee_0408_1_rev/cam1_2026-04-08_16-32-22.mp4,1490.0,2245.5,1113,1952,1867,2539,0.839593
1085,/Volumes/SmithL0/2026/BIOL470/Final/Learning_Rig/bee_0408_1_rev/cam1_2026-04-08_16-32-22.mp4,1491.0,2241.5,1110,1941,1872,2542,0.829885
1086,/Volumes/SmithL0/2026/BIOL470/Final/Learning_Rig/bee_0408_1_rev/cam1_2026-04-08_16-32-22.mp4,1491.5,2248.0,1111,1949,1872,2547,0.82729703
1087,/Volumes/SmithL0/2026/BIOL470/Final/Learning_Rig/bee_0408_1_rev/cam1_2026-04-08_16-32-22.mp4,1492.5,2246.5,1114,1945,1871,2548,0.8228093
1088,/Volumes/SmithL0/2026/BIOL470/Final/Learning_Rig/bee_0408_1_rev/cam1_2026-04-08_16-32-22.mp4,1495.5,2251.0,1120,1952,1871,2550,0.82053167
1089,/Volumes/SmithL0/2026/BIOL470/Final/Learning_Rig/bee_0408_1_rev/cam1_2026-04-08_16-32-22.mp4,1506.0,2249.0,1141,1951,1871,2547,0.82546216
1090,/Volumes/SmithL0/2026/BIOL470/Final/Learning_Rig/bee_0408_1_rev/cam1_2026-04-08_16-32-22.mp4,1512.5,2257.0,1148,1977,1877,2537,0.82761884
1091,/Volumes/SmithL0/2026/BIOL470/Final/Learning_Rig/bee_0408_1_rev/cam1_2026-04-08_16-32-22.mp4,1510.5,2251.5,1144,1967,1877,2536,0.82266396
1092,/Volumes/SmithL0/2026/BIOL470/Final/Learning_Rig/bee_0408_1_rev/cam1_2026-04-08_16-32-22.mp4,1513.0,2254.0,1150,1972,1876,2536,0.824336
1093,/Volumes/SmithL0/2026/BIOL470/Final/Learning_Rig/bee_0408_1_rev/cam1_2026-04-08_16-32-22.mp4,1511.0,2257.0,1149,1979,1873,2535,0.8221281
1094,/Volumes/SmithL0/2026/BIOL470/Final/Learning_Rig/bee_0408_1_rev/cam1_2026-04-08_16-32-22.mp4,1504.0,2285.5,1142,2034,1866,2537,0.7989557
1095,/Volumes/SmithL0/2026/BIOL470/Final/Learning_Rig/bee_0408_1_rev/cam1_2026-04-08_16-32-22.mp4,1501.0,2271.5,1138,2006,1864,2537,0.79271096
1096,/Volumes/SmithL0/2026/BIOL470/Final/Learning_Rig/bee_0408_1_rev/cam1_2026-04-08_16-32-22.mp4,1502.0,2281.0,1139,2022,1865,2540,0.79631835
1097,/Volumes/SmithL0/2026/BIOL470/Final/Learning_Rig/bee_0408_1_rev/cam1_2026-04-08_16-32-22.mp4,1500.5,2282.5,1137,2023,1864,2542,0.79541355
1098,/Volumes/SmithL0/2026/BIOL470/Final/Learning_Rig/bee_0408_1_rev/cam1_2026-04-08_16-32-22.mp4,1494.5,2286.0,1134,2032,1855,2540,0.79165244
1099,/Volumes/SmithL0/2026/BIOL470/Final/Learning_Rig/bee_0408_1_rev/cam1_2026-04-08_16-32-22.mp4,1490.5,2256.5,1135,1981,1846,2532,0.78486145
1100,/Volumes/SmithL0/2026/BIOL470/Final/Learning_Rig/bee_0408_1_rev/cam1_2026-04-08_16-32-22.mp4,1468.5,2263.0,1125,2003,1812,2523,0.770101
1101,/Volumes/SmithL0/2026/BIOL470/Final/Learning_Rig/bee_0408_1_rev/cam1_2026-04-08_16-32-22.mp4,1461.0,2265.5,1114,2002,1808,2529,0.76337963
1102,/Volumes/SmithL0/2026/BIOL470/Final/Learning_Rig/bee_0408_1_rev/cam1_2026-04-08_16-32-22.mp4,1452.0,2268.5,1108,1999,1796,2538,0.78323215
1103,/Volumes/SmithL0/2026/BIOL470/Final/Learning_Rig/bee_0408_1_rev/cam1_2026-04-08_16-32-22.mp4,1450.5,2272.5,1104,2001,1797,2544,0.7832457
1104,/Volumes/SmithL0/2026/BIOL470/Final/Learning_Rig/bee_0408_1_rev/cam1_2026-04-08_16-32-22.mp4,1448.5,2269.5,1100,2002,1797,2537,0.77662724
1105,/Volumes/SmithL0/2026/BIOL470/Final/Learning_Rig/bee_0408_1_rev/cam1_2026-04-08_16-32-22.mp4,1447.5,2268.5,1098,2001,1797,2536,0.78116375
1106,/Volumes/SmithL0/2026/BIOL470/Final/Learning_Rig/bee_0408_1_rev/cam1_2026-04-08_16-32-22.mp4,1445.0,2263.5,1094,1998,1796,2529,0.7784936
1107,/Volumes/SmithL0/2026/BIOL470/Final/Learning_Rig/bee_0408_1_rev/cam1_2026-04-08_16-32-22.mp4,1443.5,2263.5,1092,1997,1795,2530,0.7787631
1108,/Volumes/SmithL0/2026/BIOL470/Final/Learning_Rig/bee_0408_1_rev/cam1_2026-04-08_16-32-22.mp4,1443.5,2262.0,1092,1997,1795,2527,0.7799518
1109,/Volumes/SmithL0/2026/BIOL470/Final/Learning_Rig/bee_0408_1_rev/cam1_2026-04-08_16-32-22.mp4,1440.0,2263.0,1089,1995,1791,2531,0.7832331
1110,/Volumes/SmithL0/2026/BIOL470/Final/Learning_Rig/bee_0408_1_rev/cam1_2026-04-08_16-32-22.mp4,1439.5,2263.5,1088,1994,1791,2533,0.7864138
1111,/Volumes/SmithL0/2026/BIOL470/Final/Learning_Rig/bee_0408_1_rev/cam1_2026-04-08_16-32-22.mp4,1438.5,2261.5,1086,1994,1791,2529,0.7802261
1112,/Volumes/SmithL0/2026/BIOL470/Final/Learning_Rig/bee_0408_1_rev/cam1_2026-04-08_16-32-22.mp4,1437.5,2257.5,1085,1988,1790,2527,0.78441906
1113,/Volumes/SmithL0/2026/BIOL470/Final/Learning_Rig/bee_0408_1_rev/cam1_2026-04-08_16-32-22.mp4,1437.0,2261.0,1083,1991,1791,2531,0.7887317
1114,/Volumes/SmithL0/2026/BIOL470/Final/Learning_Rig/bee_0408_1_rev/cam1_2026-04-08_16-32-22.mp4,1435.5,2256.5,1082,1985,1789,2528,0.78627145
1115,/Volumes/SmithL0/2026/BIOL470/Final/Learning_Rig/bee_0408_1_rev/cam1_2026-04-08_16-32-22.mp4,1435.5,2256.5,1082,1986,1789,2527,0.7854683
1116,/Volumes/SmithL0/2026/BIOL470/Final/Learning_Rig/bee_0408_1_rev/cam1_2026-04-08_16-32-22.mp4,1436.0,2258.0,1083,1990,1789,2526,0.7845029
1117,/Volumes/SmithL0/2026/BIOL470/Final/Learning_Rig/bee_0408_1_rev/cam1_2026-04-08_16-32-22.mp4,1434.5,2256.5,1081,1986,1788,2527,0.7842691
1118,/Volumes/SmithL0/2026/BIOL470/Final/Learning_Rig/bee_0408_1_rev/cam1_2026-04-08_16-32-22.mp4,1435.0,2257.0,1081,1988,1789,2526,0.78509074
1119,/Volumes/SmithL0/2026/BIOL470/Final/Learning_Rig/bee_0408_1_rev/cam1_2026-04-08_16-32-22.mp4,1434.0,2255.0,1079,1985,1789,2525,0.7843029
1120,/Volumes/SmithL0/2026/BIOL470/Final/Learning_Rig/bee_0408_1_rev/cam1_2026-04-08_16-32-22.mp4,1434.5,2255.5,1080,1987,1789,2524,0.7798787
1121,/Volumes/SmithL0/2026/BIOL470/Final/Learning_Rig/bee_0408_1_rev/cam1_2026-04-08_16-32-22.mp4,1433.5,2253.5,1079,1983,1788,2524,0.7813194
1122,/Volumes/SmithL0/2026/BIOL470/Final/Learning_Rig/bee_0408_1_rev/cam1_2026-04-08_16-32-22.mp4,1435.0,2255.0,1081,1984,1789,2526,0.7829301
1123,/Volumes/SmithL0/2026/BIOL470/Final/Learning_Rig/bee_0408_1_rev/cam1_2026-04-08_16-32-22.mp4,1434.5,2255.5,1081,1987,1788,2524,0.783328
1124,/Volumes/SmithL0/2026/BIOL470/Final/Learning_Rig/bee_0408_1_rev/cam1_2026-04-08_16-32-22.mp4,1434.5,2255.5,1081,1986,1788,2525,0.78503996
1125,/Volumes/SmithL0/2026/BIOL470/Final/Learning_Rig/bee_0408_1_rev/cam1_2026-04-08_16-32-22.mp4,1434.0,2254.0,1080,1984,1788,2524,0.78411704
1126,/Volumes/SmithL0/2026/BIOL470/Final/Learning_Rig/bee_0408_1_rev/cam1_2026-04-08_16-32-22.mp4,1434.0,2254.5,1081,1983,1787,2526,0.78668517
1127,/Volumes/SmithL0/2026/BIOL470/Final/Learning_Rig/bee_0408_1_rev/cam1_2026-04-08_16-32-22.mp4,1433.5,2255.5,1080,1985,1787,2526,0.7829211
1128,/Volumes/SmithL0/2026/BIOL470/Final/Learning_Rig/bee_0408_1_rev/cam1_2026-04-08_16-32-22.mp4,1433.0,2254.5,1080,1982,1786,2527,0.78372294
1129,/Volumes/SmithL0/2026/BIOL470/Final/Learning_Rig/bee_0408_1_rev/cam1_2026-04-08_16-32-22.mp4,1437.5,2254.0,1088,1971,1787,2537,0.7887535
1130,/Volumes/SmithL0/2026/BIOL470/Final/Learning_Rig/bee_0408_1_rev/cam1_2026-04-08_16-32-22.mp4,1433.5,2255.0,1081,1983,1786,2527,0.7832164
1131,/Volumes/SmithL0/2026/BIOL470/Final/Learning_Rig/bee_0408_1_rev/cam1_2026-04-08_16-32-22.mp4,1436.5,2255.5,1088,1974,1785,2537,0.79308194
1132,/Volumes/SmithL0/2026/BIOL470/Final/Learning_Rig/bee_0408_1_rev/cam1_2026-04-08_16-32-22.mp4,1435.5,2257.0,1089,1975,1782,2539,0.8045475
1133,/Volumes/SmithL0/2026/BIOL470/Final/Learning_Rig/bee_0408_1_rev/cam1_2026-04-08_16-32-22.mp4,1434.0,2254.5,1087,1971,1781,2538,0.80453575
1134,/Volumes/SmithL0/2026/BIOL470/Final/Learning_Rig/bee_0408_1_rev/cam1_2026-04-08_16-32-22.mp4,1434.0,2255.5,1085,1971,1783,2540,0.80871755
1135,/Volumes/SmithL0/2026/BIOL470/Final/Learning_Rig/bee_0408_1_rev/cam1_2026-04-08_16-32-22.mp4,1433.0,2263.0,1077,1987,1789,2539,0.7815069
1136,/Volumes/SmithL0/2026/BIOL470/Final/Learning_Rig/bee_0408_1_rev/cam1_2026-04-08_16-32-22.mp4,1421.5,2266.0,1075,1989,1768,2543,0.7907854
1137,/Volumes/SmithL0/2026/BIOL470/Final/Learning_Rig/bee_0408_1_rev/cam1_2026-04-08_16-32-22.mp4,1414.5,2267.5,1075,1980,1754,2555,0.80206984
1138,/Volumes/SmithL0/2026/BIOL470/Final/Learning_Rig/bee_0408_1_rev/cam1_2026-04-08_16-32-22.mp4,1405.5,2267.5,1074,1980,1737,2555,0.8073547
1139,/Volumes/SmithL0/2026/BIOL470/Final/Learning_Rig/bee_0408_1_rev/cam1_2026-04-08_16-32-22.mp4,1403.5,2276.0,1074,1993,1733,2559,0.813083
1140,/Volumes/SmithL0/2026/BIOL470/Final/Learning_Rig/bee_0408_1_rev/cam1_2026-04-08_16-32-22.mp4,1401.0,2277.5,1076,1997,1726,2558,0.8152032
1141,/Volumes/SmithL0/2026/BIOL470/Final/Learning_Rig/bee_0408_1_rev/cam1_2026-04-08_16-32-22.mp4,1399.0,2276.0,1077,1996,1721,2556,0.8147685
1142,/Volumes/SmithL0/2026/BIOL470/Final/Learning_Rig/bee_0408_1_rev/cam1_2026-04-08_16-32-22.mp4,1397.0,2273.5,1078,1989,1716,2558,0.8113187
1143,/Volumes/SmithL0/2026/BIOL470/Final/Learning_Rig/bee_0408_1_rev/cam1_2026-04-08_16-32-22.mp4,1394.5,2272.5,1078,1985,1711,2560,0.8038905
1144,/Volumes/SmithL0/2026/BIOL470/Final/Learning_Rig/bee_0408_1_rev/cam1_2026-04-08_16-32-22.mp4,1396.0,2261.5,1082,1966,1710,2557,0.80008096
1145,/Volumes/SmithL0/2026/BIOL470/Final/Learning_Rig/bee_0408_1_rev/cam1_2026-04-08_16-32-22.mp4,1394.0,2263.0,1081,1966,1707,2560,0.800828
1146,/Volumes/SmithL0/2026/BIOL470/Final/Learning_Rig/bee_0408_1_rev/cam1_2026-04-08_16-32-22.mp4,1393.0,2263.5,1079,1966,1707,2561,0.7994563
1147,/Volumes/SmithL0/2026/BIOL470/Final/Learning_Rig/bee_0408_1_rev/cam1_2026-04-08_16-32-22.mp4,1392.0,2262.5,1079,1963,1705,2562,0.8033407
1148,/Volumes/SmithL0/2026/BIOL470/Final/Learning_Rig/bee_0408_1_rev/cam1_2026-04-08_16-32-22.mp4,1390.5,2265.0,1077,1963,1704,2567,0.8082618
1149,/Volumes/SmithL0/2026/BIOL470/Final/Learning_Rig/bee_0408_1_rev/cam1_2026-04-08_16-32-22.mp4,1389.5,2264.0,1075,1964,1704,2564,0.806862
1150,/Volumes/SmithL0/2026/BIOL470/Final/Learning_Rig/bee_0408_1_rev/cam1_2026-04-08_16-32-22.mp4,1389.0,2263.0,1074,1962,1704,2564,0.8090413
1151,/Volumes/SmithL0/2026/BIOL470/Final/Learning_Rig/bee_0408_1_rev/cam1_2026-04-08_16-32-22.mp4,1388.0,2262.5,1073,1963,1703,2562,0.810269
1152,/Volumes/SmithL0/2026/BIOL470/Final/Learning_Rig/bee_0408_1_rev/cam1_2026-04-08_16-32-22.mp4,1387.0,2262.5,1072,1964,1702,2561,0.8092491
1153,/Volumes/SmithL0/2026/BIOL470/Final/Learning_Rig/bee_0408_1_rev/cam1_2026-04-08_16-32-22.mp4,1386.5,2263.5,1071,1966,1702,2561,0.80867934
1154,/Volumes/SmithL0/2026/BIOL470/Final/Learning_Rig/bee_0408_1_rev/cam1_2026-04-08_16-32-22.mp4,1385.5,2263.0,1069,1966,1702,2560,0.8076194
1155,/Volumes/SmithL0/2026/BIOL470/Final/Learning_Rig/bee_0408_1_rev/cam1_2026-04-08_16-32-22.mp4,1384.0,2263.0,1066,1965,1702,2561,0.8046948
1156,/Volumes/SmithL0/2026/BIOL470/Final/Learning_Rig/bee_0408_1_rev/cam1_2026-04-08_16-32-22.mp4,1384.5,2263.5,1067,1966,1702,2561,0.8010352
1157,/Volumes/SmithL0/2026/BIOL470/Final/Learning_Rig/bee_0408_1_rev/cam1_2026-04-08_16-32-22.mp4,1384.5,2264.0,1065,1966,1704,2562,0.804014
1158,/Volumes/SmithL0/2026/BIOL470/Final/Learning_Rig/bee_0408_1_rev/cam1_2026-04-08_16-32-22.mp4,1384.0,2264.0,1065,1964,1703,2564,0.80338055
1159,/Volumes/SmithL0/2026/BIOL470/Final/Learning_Rig/bee_0408_1_rev/cam1_2026-04-08_16-32-22.mp4,1381.0,2264.5,1062,1964,1700,2565,0.79201967
1160,/Volumes/SmithL0/2026/BIOL470/Final/Learning_Rig/bee_0408_1_rev/cam1_2026-04-08_16-32-22.mp4,1380.5,2263.5,1061,1964,1700,2563,0.7894476
1161,/Volumes/SmithL0/2026/BIOL470/Final/Learning_Rig/bee_0408_1_rev/cam1_2026-04-08_16-32-22.mp4,1381.0,2266.0,1061,1967,1701,2565,0.7899276
1162,/Volumes/SmithL0/2026/BIOL470/Final/Learning_Rig/bee_0408_1_rev/cam1_2026-04-08_16-32-22.mp4,1370.5,2266.5,1060,1973,1681,2560,0.78066343
1163,/Volumes/SmithL0/2026/BIOL470/Final/Learning_Rig/bee_0408_1_rev/cam1_2026-04-08_16-32-22.mp4,1370.5,2274.0,1059,1976,1682,2572,0.7818998
1164,/Volumes/SmithL0/2026/BIOL470/Final/Learning_Rig/bee_0408_1_rev/cam1_2026-04-08_16-32-22.mp4,1372.0,2273.0,1059,1976,1685,2570,0.7847514
1165,/Volumes/SmithL0/2026/BIOL470/Final/Learning_Rig/bee_0408_1_rev/cam1_2026-04-08_16-32-22.mp4,1371.5,2274.0,1058,1976,1685,2572,0.7855942
1166,/Volumes/SmithL0/2026/BIOL470/Final/Learning_Rig/bee_0408_1_rev/cam1_2026-04-08_16-32-22.mp4,1370.0,2273.0,1057,1976,1683,2570,0.7860465
1167,/Volumes/SmithL0/2026/BIOL470/Final/Learning_Rig/bee_0408_1_rev/cam1_2026-04-08_16-32-22.mp4,1372.5,2272.5,1058,1976,1687,2569,0.7864972
1168,/Volumes/SmithL0/2026/BIOL470/Final/Learning_Rig/bee_0408_1_rev/cam1_2026-04-08_16-32-22.mp4,1365.0,2266.5,1047,1986,1683,2547,0.79393023
1169,/Volumes/SmithL0/2026/BIOL470/Final/Learning_Rig/bee_0408_1_rev/cam1_2026-04-08_16-32-22.mp4,1361.5,2267.5,1048,1987,1675,2548,0.79929537
1170,/Volumes/SmithL0/2026/BIOL470/Final/Learning_Rig/bee_0408_1_rev/cam1_2026-04-08_16-32-22.mp4,1369.5,2273.5,1055,1976,1684,2571,0.7907271
1171,/Volumes/SmithL0/2026/BIOL470/Final/Learning_Rig/bee_0408_1_rev/cam1_2026-04-08_16-32-22.mp4,1364.0,2274.0,1051,1985,1677,2563,0.80265063
1172,/Volumes/SmithL0/2026/BIOL470/Final/Learning_Rig/bee_0408_1_rev/cam1_2026-04-08_16-32-22.mp4,1360.5,2269.5,1046,1990,1675,2549,0.79707205
1173,/Volumes/SmithL0/2026/BIOL470/Final/Learning_Rig/bee_0408_1_rev/cam1_2026-04-08_16-32-22.mp4,1356.5,2269.5,1045,1988,1668,2551,0.80006003
1174,/Volumes/SmithL0/2026/BIOL470/Final/Learning_Rig/bee_0408_1_rev/cam1_2026-04-08_16-32-22.mp4,1363.0,2273.0,1052,1976,1674,2570,0.7953964
1175,/Volumes/SmithL0/2026/BIOL470/Final/Learning_Rig/bee_0408_1_rev/cam1_2026-04-08_16-32-22.mp4,1364.0,2273.5,1050,1976,1678,2571,0.79513097
1176,/Volumes/SmithL0/2026/BIOL470/Final/Learning_Rig/bee_0408_1_rev/cam1_2026-04-08_16-32-22.mp4,1363.5,2275.5,1050,1976,1677,2575,0.79646057
1177,/Volumes/SmithL0/2026/BIOL470/Final/Learning_Rig/bee_0408_1_rev/cam1_2026-04-08_16-32-22.mp4,1358.5,2269.5,1041,1987,1676,2552,0.79558814
1178,/Volumes/SmithL0/2026/BIOL470/Final/Learning_Rig/bee_0408_1_rev/cam1_2026-04-08_16-32-22.mp4,1363.0,2277.5,1049,1976,1677,2579,0.79604036
1179,/Volumes/SmithL0/2026/BIOL470/Final/Learning_Rig/bee_0408_1_rev/cam1_2026-04-08_16-32-22.mp4,1360.0,2262.0,1045,1977,1675,2547,0.8061696
1180,/Volumes/SmithL0/2026/BIOL470/Final/Learning_Rig/bee_0408_1_rev/cam1_2026-04-08_16-32-22.mp4,1359.5,2261.0,1044,1977,1675,2545,0.8087175
1181,/Volumes/SmithL0/2026/BIOL470/Final/Learning_Rig/bee_0408_1_rev/cam1_2026-04-08_16-32-22.mp4,1359.0,2264.5,1044,1976,1674,2553,0.81069684
1182,/Volumes/SmithL0/2026/BIOL470/Final/Learning_Rig/bee_0408_1_rev/cam1_2026-04-08_16-32-22.mp4,1359.5,2266.5,1047,1975,1672,2558,0.8135877
1183,/Volumes/SmithL0/2026/BIOL470/Final/Learning_Rig/bee_0408_1_rev/cam1_2026-04-08_16-32-22.mp4,1359.5,2266.5,1045,1975,1674,2558,0.8123363
1184,/Volumes/SmithL0/2026/BIOL470/Final/Learning_Rig/bee_0408_1_rev/cam1_2026-04-08_16-32-22.mp4,1352.5,2271.0,1045,1965,1660,2577,0.82266587
1185,/Volumes/SmithL0/2026/BIOL470/Final/Learning_Rig/bee_0408_1_rev/cam1_2026-04-08_16-32-22.mp4,1350.5,2270.0,1045,1962,1656,2578,0.82976574
1186,/Volumes/SmithL0/2026/BIOL470/Final/Learning_Rig/bee_0408_1_rev/cam1_2026-04-08_16-32-22.mp4,1350.0,2268.5,1050,1960,1650,2577,0.8306856
1187,/Volumes/SmithL0/2026/BIOL470/Final/Learning_Rig/bee_0408_1_rev/cam1_2026-04-08_16-32-22.mp4,1343.0,2263.0,1048,1956,1638,2570,0.8353708
1188,/Volumes/SmithL0/2026/BIOL470/Final/Learning_Rig/bee_0408_1_rev/cam1_2026-04-08_16-32-22.mp4,1343.5,2260.5,1052,1952,1635,2569,0.83105457
1189,/Volumes/SmithL0/2026/BIOL470/Final/Learning_Rig/bee_0408_1_rev/cam1_2026-04-08_16-32-22.mp4,1342.5,2253.0,1049,1944,1636,2562,0.83390987
1190,/Volumes/SmithL0/2026/BIOL470/Final/Learning_Rig/bee_0408_1_rev/cam1_2026-04-08_16-32-22.mp4,1315.5,2241.0,1038,1923,1593,2559,0.8245319
1191,/Volumes/SmithL0/2026/BIOL470/Final/Learning_Rig/bee_0408_1_rev/cam1_2026-04-08_16-32-22.mp4,1310.5,2234.0,1028,1911,1593,2557,0.82356757
1192,/Volumes/SmithL0/2026/BIOL470/Final/Learning_Rig/bee_0408_1_rev/cam1_2026-04-08_16-32-22.mp4,1311.5,2225.0,1024,1899,1599,2551,0.8212356
1193,/Volumes/SmithL0/2026/BIOL470/Final/Learning_Rig/bee_0408_1_rev/cam1_2026-04-08_16-32-22.mp4,1297.0,2220.5,1014,1900,1580,2541,0.8180475
1194,/Volumes/SmithL0/2026/BIOL470/Final/Learning_Rig/bee_0408_1_rev/cam1_2026-04-08_16-32-22.mp4,1242.0,2207.5,1011,1870,1473,2545,0.82582223
1195,/Volumes/SmithL0/2026/BIOL470/Final/Learning_Rig/bee_0408_1_rev/cam1_2026-04-08_16-32-22.mp4,1240.5,2204.5,1010,1866,1471,2543,0.81889266
1196,/Volumes/SmithL0/2026/BIOL470/Final/Learning_Rig/bee_0408_1_rev/cam1_2026-04-08_16-32-22.mp4,1217.5,2165.0,977,1805,1458,2525,0.829572
1197,/Volumes/SmithL0/2026/BIOL470/Final/Learning_Rig/bee_0408_1_rev/cam1_2026-04-08_16-32-22.mp4,1198.5,2125.0,959,1762,1438,2488,0.8366675
1198,/Volumes/SmithL0/2026/BIOL470/Final/Learning_Rig/bee_0408_1_rev/cam1_2026-04-08_16-32-22.mp4,1198.5,2131.5,955,1768,1442,2495,0.8301072
1199,/Volumes/SmithL0/2026/BIOL470/Final/Learning_Rig/bee_0408_1_rev/cam1_2026-04-08_16-32-22.mp4,1195.0,2114.5,946,1759,1444,2470,0.81405807
1200,/Volumes/SmithL0/2026/BIOL470/Final/Learning_Rig/bee_0408_1_rev/cam1_2026-04-08_16-32-22.mp4,1195.5,2106.5,948,1738,1443,2475,0.8228695
1201,/Volumes/SmithL0/2026/BIOL470/Final/Learning_Rig/bee_0408_1_rev/cam1_2026-04-08_16-32-22.mp4,1180.0,2074.0,934,1716,1426,2432,0.8333318
1202,/Volumes/SmithL0/2026/BIOL470/Final/Learning_Rig/bee_0408_1_rev/cam1_2026-04-08_16-32-22.mp4,1145.5,2058.5,938,1693,1353,2424,0.82146263
1203,/Volumes/SmithL0/2026/BIOL470/Final/Learning_Rig/bee_0408_1_rev/cam1_2026-04-08_16-32-22.mp4,1181.5,2065.0,926,1705,1437,2425,0.8127293
1204,/Volumes/SmithL0/2026/BIOL470/Final/Learning_Rig/bee_0408_1_rev/cam1_2026-04-08_16-32-22.mp4,1166.0,2047.5,922,1690,1410,2405,0.8095915
1205,/Volumes/SmithL0/2026/BIOL470/Final/Learning_Rig/bee_0408_1_rev/cam1_2026-04-08_16-32-22.mp4,1180.0,2041.0,919,1678,1441,2404,0.8160964
1206,/Volumes/SmithL0/2026/BIOL470/Final/Learning_Rig/bee_0408_1_rev/cam1_2026-04-08_16-32-22.mp4,1133.0,2024.5,908,1659,1358,2390,0.8302591
1207,/Volumes/SmithL0/2026/BIOL470/Final/Learning_Rig/bee_0408_1_rev/cam1_2026-04-08_16-32-22.mp4,1166.5,2005.5,982,1654,1351,2357,0.8054083
1208,/Volumes/SmithL0/2026/BIOL470/Final/Learning_Rig/bee_0408_1_rev/cam1_2026-04-08_16-32-22.mp4,1153.5,2018.0,946,1647,1361,2389,0.8145389
1209,/Volumes/SmithL0/2026/BIOL470/Final/Learning_Rig/bee_0408_1_rev/cam1_2026-04-08_16-32-22.mp4,1146.5,2018.5,933,1648,1360,2389,0.81045616
1210,/Volumes/SmithL0/2026/BIOL470/Final/Learning_Rig/bee_0408_1_rev/cam1_2026-04-08_16-32-22.mp4,1143.0,2014.5,920,1642,1366,2387,0.8307726
1211,/Volumes/SmithL0/2026/BIOL470/Final/Learning_Rig/bee_0408_1_rev/cam1_2026-04-08_16-32-22.mp4,1147.0,2006.0,913,1624,1381,2388,0.8206051
1212,/Volumes/SmithL0/2026/BIOL470/Final/Learning_Rig/bee_0408_1_rev/cam1_2026-04-08_16-32-22.mp4,1149.0,1996.0,918,1617,1380,2375,0.8085967
1213,/Volumes/SmithL0/2026/BIOL470/Final/Learning_Rig/bee_0408_1_rev/cam1_2026-04-08_16-32-22.mp4,1154.5,1982.0,915,1603,1394,2361,0.8113613
1214,/Volumes/SmithL0/2026/BIOL470/Final/Learning_Rig/bee_0408_1_rev/cam1_2026-04-08_16-32-22.mp4,1166.5,1980.5,916,1611,1417,2350,0.8063003
1215,/Volumes/SmithL0/2026/BIOL470/Final/Learning_Rig/bee_0408_1_rev/cam1_2026-04-08_16-32-22.mp4,1146.5,1980.0,911,1605,1382,2355,0.7946614
1216,/Volumes/SmithL0/2026/BIOL470/Final/Learning_Rig/bee_0408_1_rev/cam1_2026-04-08_16-32-22.mp4,1132.0,1963.0,908,1590,1356,2336,0.81039196
1217,/Volumes/SmithL0/2026/BIOL470/Final/Learning_Rig/bee_0408_1_rev/cam1_2026-04-08_16-32-22.mp4,1153.0,1944.0,909,1565,1397,2323,0.81998205
1218,/Volumes/SmithL0/2026/BIOL470/Final/Learning_Rig/bee_0408_1_rev/cam1_2026-04-08_16-32-22.mp4,1153.5,1932.5,918,1559,1389,2306,0.8128813
1219,/Volumes/SmithL0/2026/BIOL470/Final/Learning_Rig/bee_0408_1_rev/cam1_2026-04-08_16-32-22.mp4,1152.5,1930.0,917,1558,1388,2302,0.81792384
1220,/Volumes/SmithL0/2026/BIOL470/Final/Learning_Rig/bee_0408_1_rev/cam1_2026-04-08_16-32-22.mp4,1157.0,1926.0,917,1550,1397,2302,0.8241789
1221,/Volumes/SmithL0/2026/BIOL470/Final/Learning_Rig/bee_0408_1_rev/cam1_2026-04-08_16-32-22.mp4,1157.5,1920.0,919,1543,1396,2297,0.8385605
1222,/Volumes/SmithL0/2026/BIOL470/Final/Learning_Rig/bee_0408_1_rev/cam1_2026-04-08_16-32-22.mp4,1141.0,1908.0,913,1528,1369,2288,0.8408272
1223,/Volumes/SmithL0/2026/BIOL470/Final/Learning_Rig/bee_0408_1_rev/cam1_2026-04-08_16-32-22.mp4,1138.5,1898.5,906,1516,1371,2281,0.8443747
1224,/Volumes/SmithL0/2026/BIOL470/Final/Learning_Rig/bee_0408_1_rev/cam1_2026-04-08_16-32-22.mp4,1136.5,1890.0,900,1511,1373,2269,0.82369274
1225,/Volumes/SmithL0/2026/BIOL470/Final/Learning_Rig/bee_0408_1_rev/cam1_2026-04-08_16-32-22.mp4,1140.0,1886.0,904,1509,1376,2263,0.8146239
1226,/Volumes/SmithL0/2026/BIOL470/Final/Learning_Rig/bee_0408_1_rev/cam1_2026-04-08_16-32-22.mp4,1138.5,1886.5,904,1510,1373,2263,0.82031447
1227,/Volumes/SmithL0/2026/BIOL470/Final/Learning_Rig/bee_0408_1_rev/cam1_2026-04-08_16-32-22.mp4,1135.5,1883.0,902,1509,1369,2257,0.80908126
1228,/Volumes/SmithL0/2026/BIOL470/Final/Learning_Rig/bee_0408_1_rev/cam1_2026-04-08_16-32-22.mp4,1142.5,1879.5,907,1511,1378,2248,0.80940735
1229,/Volumes/SmithL0/2026/BIOL470/Final/Learning_Rig/bee_0408_1_rev/cam1_2026-04-08_16-32-22.mp4,1137.5,1878.0,904,1504,1371,2252,0.81439555
1230,/Volumes/SmithL0/2026/BIOL470/Final/Learning_Rig/bee_0408_1_rev/cam1_2026-04-08_16-32-22.mp4,1140.5,1877.0,905,1504,1376,2250,0.8075541
1231,/Volumes/SmithL0/2026/BIOL470/Final/Learning_Rig/bee_0408_1_rev/cam1_2026-04-08_16-32-22.mp4,1140.5,1873.0,903,1503,1378,2243,0.80567765
1232,/Volumes/SmithL0/2026/BIOL470/Final/Learning_Rig/bee_0408_1_rev/cam1_2026-04-08_16-32-22.mp4,1142.0,1871.0,905,1503,1379,2239,0.8059767
1233,/Volumes/SmithL0/2026/BIOL470/Final/Learning_Rig/bee_0408_1_rev/cam1_2026-04-08_16-32-22.mp4,1141.0,1867.5,904,1501,1378,2234,0.80423164
1234,/Volumes/SmithL0/2026/BIOL470/Final/Learning_Rig/bee_0408_1_rev/cam1_2026-04-08_16-32-22.mp4,1143.5,1866.0,907,1502,1380,2230,0.806685
1235,/Volumes/SmithL0/2026/BIOL470/Final/Learning_Rig/bee_0408_1_rev/cam1_2026-04-08_16-32-22.mp4,1146.0,1863.0,908,1500,1384,2226,0.8126762
1236,/Volumes/SmithL0/2026/BIOL470/Final/Learning_Rig/bee_0408_1_rev/cam1_2026-04-08_16-32-22.mp4,1137.0,1837.5,908,1480,1366,2195,0.82525367
1237,/Volumes/SmithL0/2026/BIOL470/Final/Learning_Rig/bee_0408_1_rev/cam1_2026-04-08_16-32-22.mp4,1156.0,1840.5,902,1478,1410,2203,0.82123876
1238,/Volumes/SmithL0/2026/BIOL470/Final/Learning_Rig/bee_0408_1_rev/cam1_2026-04-08_16-32-22.mp4,1155.0,1835.0,903,1475,1407,2195,0.8161171
1239,/Volumes/SmithL0/2026/BIOL470/Final/Learning_Rig/bee_0408_1_rev/cam1_2026-04-08_16-32-22.mp4,1138.0,1831.0,902,1471,1374,2191,0.84119385
1240,/Volumes/SmithL0/2026/BIOL470/Final/Learning_Rig/bee_0408_1_rev/cam1_2026-04-08_16-32-22.mp4,1153.5,1835.0,925,1477,1382,2193,0.84635854
1241,/Volumes/SmithL0/2026/BIOL470/Final/Learning_Rig/bee_0408_1_rev/cam1_2026-04-08_16-32-22.mp4,1150.5,1838.0,918,1483,1383,2193,0.8385968
1242,/Volumes/SmithL0/2026/BIOL470/Final/Learning_Rig/bee_0408_1_rev/cam1_2026-04-08_16-32-22.mp4,1150.5,1835.5,917,1482,1384,2189,0.8433129
1243,/Volumes/SmithL0/2026/BIOL470/Final/Learning_Rig/bee_0408_1_rev/cam1_2026-04-08_16-32-22.mp4,1149.0,1840.5,916,1487,1382,2194,0.84323865
1244,/Volumes/SmithL0/2026/BIOL470/Final/Learning_Rig/bee_0408_1_rev/cam1_2026-04-08_16-32-22.mp4,1127.0,1843.5,880,1489,1374,2198,0.8404453
1245,/Volumes/SmithL0/2026/BIOL470/Final/Learning_Rig/bee_0408_1_rev/cam1_2026-04-08_16-32-22.mp4,1131.5,1845.0,891,1489,1372,2201,0.8361656
1246,/Volumes/SmithL0/2026/BIOL470/Final/Learning_Rig/bee_0408_1_rev/cam1_2026-04-08_16-32-22.mp4,1130.0,1844.0,881,1487,1379,2201,0.82905525
