,filepath,x_centroid,y_centroid,x_min,y_min,x_max,y_max,detection_confidence
0,/Volumes/SmithL0/2026/BIOL470/Final/Learning_Rig/bee_0408_1_rev/cam1_2026-04-08_16-30-17.mp4,1583.0,1702.5,1326,1376,1840,2029,0.81702393
1,/Volumes/SmithL0/2026/BIOL470/Final/Learning_Rig/bee_0408_1_rev/cam1_2026-04-08_16-30-17.mp4,1583.0,1700.5,1326,1373,1840,2028,0.8112916
2,/Volumes/SmithL0/2026/BIOL470/Final/Learning_Rig/bee_0408_1_rev/cam1_2026-04-08_16-30-17.mp4,1583.0,1699.5,1326,1374,1840,2025,0.810841
3,/Volumes/SmithL0/2026/BIOL470/Final/Learning_Rig/bee_0408_1_rev/cam1_2026-04-08_16-30-17.mp4,1582.5,1700.5,1326,1376,1839,2025,0.8134646
4,/Volumes/SmithL0/2026/BIOL470/Final/Learning_Rig/bee_0408_1_rev/cam1_2026-04-08_16-30-17.mp4,1583.0,1701.0,1326,1375,1840,2027,0.81120765
5,/Volumes/SmithL0/2026/BIOL470/Final/Learning_Rig/bee_0408_1_rev/cam1_2026-04-08_16-30-17.mp4,1583.5,1699.5,1327,1374,1840,2025,0.81017053
6,/Volumes/SmithL0/2026/BIOL470/Final/Learning_Rig/bee_0408_1_rev/cam1_2026-04-08_16-30-17.mp4,1584.0,1701.5,1327,1377,1841,2026,0.8156516
7,/Volumes/SmithL0/2026/BIOL470/Final/Learning_Rig/bee_0408_1_rev/cam1_2026-04-08_16-30-17.mp4,1583.5,1701.5,1327,1375,1840,2028,0.8104289
8,/Volumes/SmithL0/2026/BIOL470/Final/Learning_Rig/bee_0408_1_rev/cam1_2026-04-08_16-30-17.mp4,1584.0,1701.0,1327,1374,1841,2028,0.8075596
9,/Volumes/SmithL0/2026/BIOL470/Final/Learning_Rig/bee_0408_1_rev/cam1_2026-04-08_16-30-17.mp4,1583.0,1701.0,1327,1375,1839,2027,0.81278753
10,/Volumes/SmithL0/2026/BIOL470/Final/Learning_Rig/bee_0408_1_rev/cam1_2026-04-08_16-30-17.mp4,1583.0,1702.0,1327,1375,1839,2029,0.8107763
11,/Volumes/SmithL0/2026/BIOL470/Final/Learning_Rig/bee_0408_1_rev/cam1_2026-04-08_16-30-17.mp4,1583.0,1700.5,1326,1374,1840,2027,0.81307745
12,/Volumes/SmithL0/2026/BIOL470/Final/Learning_Rig/bee_0408_1_rev/cam1_2026-04-08_16-30-17.mp4,1583.5,1700.0,1327,1374,1840,2026,0.8152517
13,/Volumes/SmithL0/2026/BIOL470/Final/Learning_Rig/bee_0408_1_rev/cam1_2026-04-08_16-30-17.mp4,1583.0,1702.0,1326,1376,1840,2028,0.8140867
14,/Volumes/SmithL0/2026/BIOL470/Final/Learning_Rig/bee_0408_1_rev/cam1_2026-04-08_16-30-17.mp4,1583.5,1701.5,1326,1375,1841,2028,0.8107475
15,/Volumes/SmithL0/2026/BIOL470/Final/Learning_Rig/bee_0408_1_rev/cam1_2026-04-08_16-30-17.mp4,1583.5,1700.0,1326,1375,1841,2025,0.8068149
16,/Volumes/SmithL0/2026/BIOL470/Final/Learning_Rig/bee_0408_1_rev/cam1_2026-04-08_16-30-17.mp4,1583.0,1700.5,1326,1374,1840,2027,0.8121047
17,/Volumes/SmithL0/2026/BIOL470/Final/Learning_Rig/bee_0408_1_rev/cam1_2026-04-08_16-30-17.mp4,1583.5,1702.5,1326,1377,1841,2028,0.816304
18,/Volumes/SmithL0/2026/BIOL470/Final/Learning_Rig/bee_0408_1_rev/cam1_2026-04-08_16-30-17.mp4,1583.0,1699.5,1326,1374,1840,2025,0.8161447
19,/Volumes/SmithL0/2026/BIOL470/Final/Learning_Rig/bee_0408_1_rev/cam1_2026-04-08_16-30-17.mp4,1584.0,1698.5,1327,1373,1841,2024,0.8114408
20,/Volumes/SmithL0/2026/BIOL470/Final/Learning_Rig/bee_0408_1_rev/cam1_2026-04-08_16-30-17.mp4,1583.0,1702.0,1326,1377,1840,2027,0.8151468
21,/Volumes/SmithL0/2026/BIOL470/Final/Learning_Rig/bee_0408_1_rev/cam1_2026-04-08_16-30-17.mp4,1583.0,1699.5,1326,1373,1840,2026,0.81180894
22,/Volumes/SmithL0/2026/BIOL470/Final/Learning_Rig/bee_0408_1_rev/cam1_2026-04-08_16-30-17.mp4,1583.0,1699.5,1326,1374,1840,2025,0.8143347
23,/Volumes/SmithL0/2026/BIOL470/Final/Learning_Rig/bee_0408_1_rev/cam1_2026-04-08_16-30-17.mp4,1583.0,1702.5,1326,1377,1840,2028,0.81676143
24,/Volumes/SmithL0/2026/BIOL470/Final/Learning_Rig/bee_0408_1_rev/cam1_2026-04-08_16-30-17.mp4,1584.0,1702.0,1327,1376,1841,2028,0.8193252
25,/Volumes/SmithL0/2026/BIOL470/Final/Learning_Rig/bee_0408_1_rev/cam1_2026-04-08_16-30-17.mp4,1584.0,1700.0,1327,1374,1841,2026,0.81306326
26,/Volumes/SmithL0/2026/BIOL470/Final/Learning_Rig/bee_0408_1_rev/cam1_2026-04-08_16-30-17.mp4,1583.5,1700.0,1326,1375,1841,2025,0.81649077
27,/Volumes/SmithL0/2026/BIOL470/Final/Learning_Rig/bee_0408_1_rev/cam1_2026-04-08_16-30-17.mp4,1583.0,1703.0,1325,1377,1841,2029,0.81980306
28,/Volumes/SmithL0/2026/BIOL470/Final/Learning_Rig/bee_0408_1_rev/cam1_2026-04-08_16-30-17.mp4,1583.0,1701.0,1326,1374,1840,2028,0.8170464
29,/Volumes/SmithL0/2026/BIOL470/Final/Learning_Rig/bee_0408_1_rev/cam1_2026-04-08_16-30-17.mp4,1583.0,1700.0,1326,1373,1840,2027,0.8156857
30,/Volumes/SmithL0/2026/BIOL470/Final/Learning_Rig/bee_0408_1_rev/cam1_2026-04-08_16-30-17.mp4,1583.5,1701.5,1327,1377,1840,2026,0.80725765
31,/Volumes/SmithL0/2026/BIOL470/Final/Learning_Rig/bee_0408_1_rev/cam1_2026-04-08_16-30-17.mp4,1583.0,1699.5,1327,1375,1839,2024,0.8131022
32,/Volumes/SmithL0/2026/BIOL470/Final/Learning_Rig/bee_0408_1_rev/cam1_2026-04-08_16-30-17.mp4,1583.0,1703.0,1327,1378,1839,2028,0.81282014
33,/Volumes/SmithL0/2026/BIOL470/Final/Learning_Rig/bee_0408_1_rev/cam1_2026-04-08_16-30-17.mp4,1583.0,1703.5,1327,1379,1839,2028,0.8168511
34,/Volumes/SmithL0/2026/BIOL470/Final/Learning_Rig/bee_0408_1_rev/cam1_2026-04-08_16-30-17.mp4,1583.0,1700.0,1326,1375,1840,2025,0.81670207
35,/Volumes/SmithL0/2026/BIOL470/Final/Learning_Rig/bee_0408_1_rev/cam1_2026-04-08_16-30-17.mp4,1583.0,1701.0,1327,1375,1839,2027,0.8142327
36,/Volumes/SmithL0/2026/BIOL470/Final/Learning_Rig/bee_0408_1_rev/cam1_2026-04-08_16-30-17.mp4,1583.0,1701.5,1327,1376,1839,2027,0.8126828
37,/Volumes/SmithL0/2026/BIOL470/Final/Learning_Rig/bee_0408_1_rev/cam1_2026-04-08_16-30-17.mp4,1583.5,1701.0,1327,1375,1840,2027,0.8094908
38,/Volumes/SmithL0/2026/BIOL470/Final/Learning_Rig/bee_0408_1_rev/cam1_2026-04-08_16-30-17.mp4,1583.0,1702.5,1326,1377,1840,2028,0.8154795
39,/Volumes/SmithL0/2026/BIOL470/Final/Learning_Rig/bee_0408_1_rev/cam1_2026-04-08_16-30-17.mp4,1583.0,1703.5,1326,1377,1840,2030,0.8143084
40,/Volumes/SmithL0/2026/BIOL470/Final/Learning_Rig/bee_0408_1_rev/cam1_2026-04-08_16-30-17.mp4,1583.5,1701.0,1326,1376,1841,2026,0.8162446
41,/Volumes/SmithL0/2026/BIOL470/Final/Learning_Rig/bee_0408_1_rev/cam1_2026-04-08_16-30-17.mp4,1583.5,1700.0,1326,1376,1841,2024,0.81570286
42,/Volumes/SmithL0/2026/BIOL470/Final/Learning_Rig/bee_0408_1_rev/cam1_2026-04-08_16-30-17.mp4,1583.0,1700.0,1326,1376,1840,2024,0.8151175
43,/Volumes/SmithL0/2026/BIOL470/Final/Learning_Rig/bee_0408_1_rev/cam1_2026-04-08_16-30-17.mp4,1583.5,1700.0,1326,1375,1841,2025,0.8125868
44,/Volumes/SmithL0/2026/BIOL470/Final/Learning_Rig/bee_0408_1_rev/cam1_2026-04-08_16-30-17.mp4,1583.5,1702.5,1326,1379,1841,2026,0.81777424
45,/Volumes/SmithL0/2026/BIOL470/Final/Learning_Rig/bee_0408_1_rev/cam1_2026-04-08_16-30-17.mp4,1583.0,1703.0,1327,1379,1839,2027,0.8156417
46,/Volumes/SmithL0/2026/BIOL470/Final/Learning_Rig/bee_0408_1_rev/cam1_2026-04-08_16-30-17.mp4,1583.0,1700.5,1327,1376,1839,2025,0.8137396
47,/Volumes/SmithL0/2026/BIOL470/Final/Learning_Rig/bee_0408_1_rev/cam1_2026-04-08_16-30-17.mp4,1582.5,1701.5,1327,1377,1838,2026,0.8117701
48,/Volumes/SmithL0/2026/BIOL470/Final/Learning_Rig/bee_0408_1_rev/cam1_2026-04-08_16-30-17.mp4,1582.5,1701.5,1327,1377,1838,2026,0.8123389
49,/Volumes/SmithL0/2026/BIOL470/Final/Learning_Rig/bee_0408_1_rev/cam1_2026-04-08_16-30-17.mp4,1582.0,1701.5,1326,1376,1838,2027,0.8168601
50,/Volumes/SmithL0/2026/BIOL470/Final/Learning_Rig/bee_0408_1_rev/cam1_2026-04-08_16-30-17.mp4,1582.5,1703.5,1326,1378,1839,2029,0.8178541
51,/Volumes/SmithL0/2026/BIOL470/Final/Learning_Rig/bee_0408_1_rev/cam1_2026-04-08_16-30-17.mp4,1582.5,1702.0,1326,1376,1839,2028,0.81407183
52,/Volumes/SmithL0/2026/BIOL470/Final/Learning_Rig/bee_0408_1_rev/cam1_2026-04-08_16-30-17.mp4,1582.5,1702.0,1327,1376,1838,2028,0.81308824
53,/Volumes/SmithL0/2026/BIOL470/Final/Learning_Rig/bee_0408_1_rev/cam1_2026-04-08_16-30-17.mp4,1582.5,1704.0,1326,1378,1839,2030,0.81789064
54,/Volumes/SmithL0/2026/BIOL470/Final/Learning_Rig/bee_0408_1_rev/cam1_2026-04-08_16-30-17.mp4,1582.5,1702.5,1327,1377,1838,2028,0.8190441
55,/Volumes/SmithL0/2026/BIOL470/Final/Learning_Rig/bee_0408_1_rev/cam1_2026-04-08_16-30-17.mp4,1582.5,1702.5,1327,1377,1838,2028,0.8111308
56,/Volumes/SmithL0/2026/BIOL470/Final/Learning_Rig/bee_0408_1_rev/cam1_2026-04-08_16-30-17.mp4,1583.0,1703.5,1327,1379,1839,2028,0.8132558
57,/Volumes/SmithL0/2026/BIOL470/Final/Learning_Rig/bee_0408_1_rev/cam1_2026-04-08_16-30-17.mp4,1583.0,1703.0,1326,1377,1840,2029,0.8142913
58,/Volumes/SmithL0/2026/BIOL470/Final/Learning_Rig/bee_0408_1_rev/cam1_2026-04-08_16-30-17.mp4,1583.0,1702.0,1326,1376,1840,2028,0.8142809
59,/Volumes/SmithL0/2026/BIOL470/Final/Learning_Rig/bee_0408_1_rev/cam1_2026-04-08_16-30-17.mp4,1583.0,1702.5,1327,1378,1839,2027,0.8156312
60,/Volumes/SmithL0/2026/BIOL470/Final/Learning_Rig/bee_0408_1_rev/cam1_2026-04-08_16-30-17.mp4,1583.0,1701.5,1327,1375,1839,2028,0.81087
61,/Volumes/SmithL0/2026/BIOL470/Final/Learning_Rig/bee_0408_1_rev/cam1_2026-04-08_16-30-17.mp4,1582.5,1702.0,1326,1377,1839,2027,0.81796956
62,/Volumes/SmithL0/2026/BIOL470/Final/Learning_Rig/bee_0408_1_rev/cam1_2026-04-08_16-30-17.mp4,1582.5,1702.5,1326,1377,1839,2028,0.81531405
63,/Volumes/SmithL0/2026/BIOL470/Final/Learning_Rig/bee_0408_1_rev/cam1_2026-04-08_16-30-17.mp4,1583.0,1701.5,1327,1377,1839,2026,0.81475997
64,/Volumes/SmithL0/2026/BIOL470/Final/Learning_Rig/bee_0408_1_rev/cam1_2026-04-08_16-30-17.mp4,1583.0,1702.0,1327,1378,1839,2026,0.811413
65,/Volumes/SmithL0/2026/BIOL470/Final/Learning_Rig/bee_0408_1_rev/cam1_2026-04-08_16-30-17.mp4,1583.5,1702.5,1327,1377,1840,2028,0.81421506
66,/Volumes/SmithL0/2026/BIOL470/Final/Learning_Rig/bee_0408_1_rev/cam1_2026-04-08_16-30-17.mp4,1584.0,1701.0,1327,1376,1841,2026,0.81395066
67,/Volumes/SmithL0/2026/BIOL470/Final/Learning_Rig/bee_0408_1_rev/cam1_2026-04-08_16-30-17.mp4,1583.5,1703.0,1326,1378,1841,2028,0.8163546
68,/Volumes/SmithL0/2026/BIOL470/Final/Learning_Rig/bee_0408_1_rev/cam1_2026-04-08_16-30-17.mp4,1583.5,1703.5,1326,1378,1841,2029,0.81598306
69,/Volumes/SmithL0/2026/BIOL470/Final/Learning_Rig/bee_0408_1_rev/cam1_2026-04-08_16-30-17.mp4,1583.5,1701.5,1326,1376,1841,2027,0.8116203
70,/Volumes/SmithL0/2026/BIOL470/Final/Learning_Rig/bee_0408_1_rev/cam1_2026-04-08_16-30-17.mp4,1583.5,1701.5,1326,1377,1841,2026,0.8136624
71,/Volumes/SmithL0/2026/BIOL470/Final/Learning_Rig/bee_0408_1_rev/cam1_2026-04-08_16-30-17.mp4,1583.0,1702.0,1325,1377,1841,2027,0.8137114
72,/Volumes/SmithL0/2026/BIOL470/Final/Learning_Rig/bee_0408_1_rev/cam1_2026-04-08_16-30-17.mp4,1583.5,1701.5,1326,1376,1841,2027,0.8144854
73,/Volumes/SmithL0/2026/BIOL470/Final/Learning_Rig/bee_0408_1_rev/cam1_2026-04-08_16-30-17.mp4,1583.0,1702.0,1326,1377,1840,2027,0.8133657
74,/Volumes/SmithL0/2026/BIOL470/Final/Learning_Rig/bee_0408_1_rev/cam1_2026-04-08_16-30-17.mp4,1583.0,1701.5,1326,1376,1840,2027,0.81544775
75,/Volumes/SmithL0/2026/BIOL470/Final/Learning_Rig/bee_0408_1_rev/cam1_2026-04-08_16-30-17.mp4,1582.5,1701.0,1326,1376,1839,2026,0.81097955
76,/Volumes/SmithL0/2026/BIOL470/Final/Learning_Rig/bee_0408_1_rev/cam1_2026-04-08_16-30-17.mp4,1582.5,1703.0,1326,1377,1839,2029,0.814062
77,/Volumes/SmithL0/2026/BIOL470/Final/Learning_Rig/bee_0408_1_rev/cam1_2026-04-08_16-30-17.mp4,1583.0,1701.5,1325,1376,1841,2027,0.8137153
78,/Volumes/SmithL0/2026/BIOL470/Final/Learning_Rig/bee_0408_1_rev/cam1_2026-04-08_16-30-17.mp4,1583.0,1701.0,1326,1375,1840,2027,0.8108008
79,/Volumes/SmithL0/2026/BIOL470/Final/Learning_Rig/bee_0408_1_rev/cam1_2026-04-08_16-30-17.mp4,1583.0,1703.5,1325,1377,1841,2030,0.8189709
80,/Volumes/SmithL0/2026/BIOL470/Final/Learning_Rig/bee_0408_1_rev/cam1_2026-04-08_16-30-17.mp4,1583.0,1701.5,1326,1376,1840,2027,0.81296664
81,/Volumes/SmithL0/2026/BIOL470/Final/Learning_Rig/bee_0408_1_rev/cam1_2026-04-08_16-30-17.mp4,1583.0,1704.0,1326,1378,1840,2030,0.81141746
82,/Volumes/SmithL0/2026/BIOL470/Final/Learning_Rig/bee_0408_1_rev/cam1_2026-04-08_16-30-17.mp4,1584.0,1703.5,1326,1378,1842,2029,0.8138561
83,/Volumes/SmithL0/2026/BIOL470/Final/Learning_Rig/bee_0408_1_rev/cam1_2026-04-08_16-30-17.mp4,1584.0,1702.5,1326,1377,1842,2028,0.81410927
84,/Volumes/SmithL0/2026/BIOL470/Final/Learning_Rig/bee_0408_1_rev/cam1_2026-04-08_16-30-17.mp4,1583.5,1703.0,1326,1377,1841,2029,0.8159383
85,/Volumes/SmithL0/2026/BIOL470/Final/Learning_Rig/bee_0408_1_rev/cam1_2026-04-08_16-30-17.mp4,1584.0,1702.0,1326,1375,1842,2029,0.81429046
86,/Volumes/SmithL0/2026/BIOL470/Final/Learning_Rig/bee_0408_1_rev/cam1_2026-04-08_16-30-17.mp4,1583.5,1704.0,1326,1377,1841,2031,0.81648517
87,/Volumes/SmithL0/2026/BIOL470/Final/Learning_Rig/bee_0408_1_rev/cam1_2026-04-08_16-30-17.mp4,1583.5,1703.0,1326,1377,1841,2029,0.8170881
88,/Volumes/SmithL0/2026/BIOL470/Final/Learning_Rig/bee_0408_1_rev/cam1_2026-04-08_16-30-17.mp4,1583.5,1702.5,1326,1377,1841,2028,0.81833905
89,/Volumes/SmithL0/2026/BIOL470/Final/Learning_Rig/bee_0408_1_rev/cam1_2026-04-08_16-30-17.mp4,1583.5,1704.0,1326,1379,1841,2029,0.8125352
90,/Volumes/SmithL0/2026/BIOL470/Final/Learning_Rig/bee_0408_1_rev/cam1_2026-04-08_16-30-17.mp4,1583.5,1702.0,1326,1378,1841,2026,0.81340694
91,/Volumes/SmithL0/2026/BIOL470/Final/Learning_Rig/bee_0408_1_rev/cam1_2026-04-08_16-30-17.mp4,1582.5,1703.5,1325,1378,1840,2029,0.8149893
92,/Volumes/SmithL0/2026/BIOL470/Final/Learning_Rig/bee_0408_1_rev/cam1_2026-04-08_16-30-17.mp4,1583.0,1704.5,1325,1379,1841,2030,0.8157579
93,/Volumes/SmithL0/2026/BIOL470/Final/Learning_Rig/bee_0408_1_rev/cam1_2026-04-08_16-30-17.mp4,1583.0,1704.0,1325,1379,1841,2029,0.8142465
94,/Volumes/SmithL0/2026/BIOL470/Final/Learning_Rig/bee_0408_1_rev/cam1_2026-04-08_16-30-17.mp4,1583.5,1702.5,1325,1378,1842,2027,0.8158738
95,/Volumes/SmithL0/2026/BIOL470/Final/Learning_Rig/bee_0408_1_rev/cam1_2026-04-08_16-30-17.mp4,1583.5,1703.5,1326,1380,1841,2027,0.81370604
96,/Volumes/SmithL0/2026/BIOL470/Final/Learning_Rig/bee_0408_1_rev/cam1_2026-04-08_16-30-17.mp4,1583.5,1703.0,1326,1378,1841,2028,0.81530476
97,/Volumes/SmithL0/2026/BIOL470/Final/Learning_Rig/bee_0408_1_rev/cam1_2026-04-08_16-30-17.mp4,1584.0,1703.5,1327,1379,1841,2028,0.8127481
98,/Volumes/SmithL0/2026/BIOL470/Final/Learning_Rig/bee_0408_1_rev/cam1_2026-04-08_16-30-17.mp4,1584.0,1701.5,1327,1377,1841,2026,0.80855215
99,/Volumes/SmithL0/2026/BIOL470/Final/Learning_Rig/bee_0408_1_rev/cam1_2026-04-08_16-30-17.mp4,1584.0,1702.0,1327,1377,1841,2027,0.81341606
100,/Volumes/SmithL0/2026/BIOL470/Final/Learning_Rig/bee_0408_1_rev/cam1_2026-04-08_16-30-17.mp4,1583.5,1704.5,1326,1380,1841,2029,0.81705064
101,/Volumes/SmithL0/2026/BIOL470/Final/Learning_Rig/bee_0408_1_rev/cam1_2026-04-08_16-30-17.mp4,1584.0,1705.0,1327,1381,1841,2029,0.8140706
102,/Volumes/SmithL0/2026/BIOL470/Final/Learning_Rig/bee_0408_1_rev/cam1_2026-04-08_16-30-17.mp4,1583.5,1703.5,1327,1379,1840,2028,0.8154881
103,/Volumes/SmithL0/2026/BIOL470/Final/Learning_Rig/bee_0408_1_rev/cam1_2026-04-08_16-30-17.mp4,1583.5,1703.0,1327,1380,1840,2026,0.80922675
104,/Volumes/SmithL0/2026/BIOL470/Final/Learning_Rig/bee_0408_1_rev/cam1_2026-04-08_16-30-17.mp4,1583.5,1704.0,1326,1379,1841,2029,0.81670284
105,/Volumes/SmithL0/2026/BIOL470/Final/Learning_Rig/bee_0408_1_rev/cam1_2026-04-08_16-30-17.mp4,1583.0,1704.0,1326,1379,1840,2029,0.81695884
106,/Volumes/SmithL0/2026/BIOL470/Final/Learning_Rig/bee_0408_1_rev/cam1_2026-04-08_16-30-17.mp4,1583.0,1703.0,1326,1377,1840,2029,0.8169302
107,/Volumes/SmithL0/2026/BIOL470/Final/Learning_Rig/bee_0408_1_rev/cam1_2026-04-08_16-30-17.mp4,1583.5,1703.0,1326,1377,1841,2029,0.81317544
108,/Volumes/SmithL0/2026/BIOL470/Final/Learning_Rig/bee_0408_1_rev/cam1_2026-04-08_16-30-17.mp4,1583.5,1705.0,1326,1379,1841,2031,0.8150298
109,/Volumes/SmithL0/2026/BIOL470/Final/Learning_Rig/bee_0408_1_rev/cam1_2026-04-08_16-30-17.mp4,1583.5,1704.0,1326,1378,1841,2030,0.8097409
110,/Volumes/SmithL0/2026/BIOL470/Final/Learning_Rig/bee_0408_1_rev/cam1_2026-04-08_16-30-17.mp4,1583.0,1704.5,1326,1378,1840,2031,0.8160385
111,/Volumes/SmithL0/2026/BIOL470/Final/Learning_Rig/bee_0408_1_rev/cam1_2026-04-08_16-30-17.mp4,1582.5,1704.0,1326,1379,1839,2029,0.81734455
112,/Volumes/SmithL0/2026/BIOL470/Final/Learning_Rig/bee_0408_1_rev/cam1_2026-04-08_16-30-17.mp4,1583.0,1704.5,1327,1379,1839,2030,0.8164724
113,/Volumes/SmithL0/2026/BIOL470/Final/Learning_Rig/bee_0408_1_rev/cam1_2026-04-08_16-30-17.mp4,1582.5,1703.0,1326,1378,1839,2028,0.8141601
114,/Volumes/SmithL0/2026/BIOL470/Final/Learning_Rig/bee_0408_1_rev/cam1_2026-04-08_16-30-17.mp4,1583.5,1703.5,1327,1379,1840,2028,0.81525356
115,/Volumes/SmithL0/2026/BIOL470/Final/Learning_Rig/bee_0408_1_rev/cam1_2026-04-08_16-30-17.mp4,1583.5,1703.0,1327,1380,1840,2026,0.81450456
116,/Volumes/SmithL0/2026/BIOL470/Final/Learning_Rig/bee_0408_1_rev/cam1_2026-04-08_16-30-17.mp4,1584.0,1703.0,1327,1379,1841,2027,0.8183794
117,/Volumes/SmithL0/2026/BIOL470/Final/Learning_Rig/bee_0408_1_rev/cam1_2026-04-08_16-30-17.mp4,1584.0,1704.0,1327,1379,1841,2029,0.8178314
118,/Volumes/SmithL0/2026/BIOL470/Final/Learning_Rig/bee_0408_1_rev/cam1_2026-04-08_16-30-17.mp4,1583.5,1702.5,1327,1378,1840,2027,0.8147322
119,/Volumes/SmithL0/2026/BIOL470/Final/Learning_Rig/bee_0408_1_rev/cam1_2026-04-08_16-30-17.mp4,1583.5,1703.0,1327,1379,1840,2027,0.8137602
120,/Volumes/SmithL0/2026/BIOL470/Final/Learning_Rig/bee_0408_1_rev/cam1_2026-04-08_16-30-17.mp4,1583.5,1702.0,1328,1378,1839,2026,0.81089044
121,/Volumes/SmithL0/2026/BIOL470/Final/Learning_Rig/bee_0408_1_rev/cam1_2026-04-08_16-30-17.mp4,1583.0,1703.5,1327,1378,1839,2029,0.8174971
122,/Volumes/SmithL0/2026/BIOL470/Final/Learning_Rig/bee_0408_1_rev/cam1_2026-04-08_16-30-17.mp4,1583.5,1703.0,1328,1377,1839,2029,0.811796
123,/Volumes/SmithL0/2026/BIOL470/Final/Learning_Rig/bee_0408_1_rev/cam1_2026-04-08_16-30-17.mp4,1583.5,1704.0,1327,1378,1840,2030,0.8131914
124,/Volumes/SmithL0/2026/BIOL470/Final/Learning_Rig/bee_0408_1_rev/cam1_2026-04-08_16-30-17.mp4,1583.5,1703.5,1327,1377,1840,2030,0.8141252
125,/Volumes/SmithL0/2026/BIOL470/Final/Learning_Rig/bee_0408_1_rev/cam1_2026-04-08_16-30-17.mp4,1583.0,1704.0,1326,1377,1840,2031,0.8130666
126,/Volumes/SmithL0/2026/BIOL470/Final/Learning_Rig/bee_0408_1_rev/cam1_2026-04-08_16-30-17.mp4,1583.0,1704.0,1327,1378,1839,2030,0.8163825
127,/Volumes/SmithL0/2026/BIOL470/Final/Learning_Rig/bee_0408_1_rev/cam1_2026-04-08_16-30-17.mp4,1582.5,1704.0,1327,1377,1838,2031,0.8109037
128,/Volumes/SmithL0/2026/BIOL470/Final/Learning_Rig/bee_0408_1_rev/cam1_2026-04-08_16-30-17.mp4,1583.0,1704.5,1327,1378,1839,2031,0.8131175
129,/Volumes/SmithL0/2026/BIOL470/Final/Learning_Rig/bee_0408_1_rev/cam1_2026-04-08_16-30-17.mp4,1583.0,1704.5,1327,1378,1839,2031,0.81326187
130,/Volumes/SmithL0/2026/BIOL470/Final/Learning_Rig/bee_0408_1_rev/cam1_2026-04-08_16-30-17.mp4,1583.0,1704.0,1326,1377,1840,2031,0.8116175
131,/Volumes/SmithL0/2026/BIOL470/Final/Learning_Rig/bee_0408_1_rev/cam1_2026-04-08_16-30-17.mp4,1583.0,1703.0,1326,1377,1840,2029,0.81489784
132,/Volumes/SmithL0/2026/BIOL470/Final/Learning_Rig/bee_0408_1_rev/cam1_2026-04-08_16-30-17.mp4,1583.5,1703.5,1327,1379,1840,2028,0.81657517
133,/Volumes/SmithL0/2026/BIOL470/Final/Learning_Rig/bee_0408_1_rev/cam1_2026-04-08_16-30-17.mp4,1582.5,1703.0,1326,1378,1839,2028,0.81779265
134,/Volumes/SmithL0/2026/BIOL470/Final/Learning_Rig/bee_0408_1_rev/cam1_2026-04-08_16-30-17.mp4,1582.0,1703.5,1326,1378,1838,2029,0.8173783
135,/Volumes/SmithL0/2026/BIOL470/Final/Learning_Rig/bee_0408_1_rev/cam1_2026-04-08_16-30-17.mp4,1582.5,1703.5,1327,1379,1838,2028,0.8193145
136,/Volumes/SmithL0/2026/BIOL470/Final/Learning_Rig/bee_0408_1_rev/cam1_2026-04-08_16-30-17.mp4,1582.5,1704.0,1327,1378,1838,2030,0.815077
137,/Volumes/SmithL0/2026/BIOL470/Final/Learning_Rig/bee_0408_1_rev/cam1_2026-04-08_16-30-17.mp4,1582.0,1703.5,1327,1378,1837,2029,0.81593895
138,/Volumes/SmithL0/2026/BIOL470/Final/Learning_Rig/bee_0408_1_rev/cam1_2026-04-08_16-30-17.mp4,1582.5,1703.5,1327,1378,1838,2029,0.8166173
139,/Volumes/SmithL0/2026/BIOL470/Final/Learning_Rig/bee_0408_1_rev/cam1_2026-04-08_16-30-17.mp4,1583.0,1703.5,1327,1378,1839,2029,0.81200826
140,/Volumes/SmithL0/2026/BIOL470/Final/Learning_Rig/bee_0408_1_rev/cam1_2026-04-08_16-30-17.mp4,1583.0,1703.5,1326,1378,1840,2029,0.8124247
141,/Volumes/SmithL0/2026/BIOL470/Final/Learning_Rig/bee_0408_1_rev/cam1_2026-04-08_16-30-17.mp4,1582.0,1702.0,1326,1377,1838,2027,0.80940336
142,/Volumes/SmithL0/2026/BIOL470/Final/Learning_Rig/bee_0408_1_rev/cam1_2026-04-08_16-30-17.mp4,1582.0,1702.5,1326,1378,1838,2027,0.81162554
143,/Volumes/SmithL0/2026/BIOL470/Final/Learning_Rig/bee_0408_1_rev/cam1_2026-04-08_16-30-17.mp4,1582.0,1704.0,1326,1379,1838,2029,0.8124726
144,/Volumes/SmithL0/2026/BIOL470/Final/Learning_Rig/bee_0408_1_rev/cam1_2026-04-08_16-30-17.mp4,1582.5,1702.5,1327,1378,1838,2027,0.8091362
145,/Volumes/SmithL0/2026/BIOL470/Final/Learning_Rig/bee_0408_1_rev/cam1_2026-04-08_16-30-17.mp4,1582.0,1702.0,1326,1377,1838,2027,0.8079258
146,/Volumes/SmithL0/2026/BIOL470/Final/Learning_Rig/bee_0408_1_rev/cam1_2026-04-08_16-30-17.mp4,1582.0,1702.5,1326,1378,1838,2027,0.81500494
147,/Volumes/SmithL0/2026/BIOL470/Final/Learning_Rig/bee_0408_1_rev/cam1_2026-04-08_16-30-17.mp4,1582.5,1702.0,1326,1377,1839,2027,0.8111958
148,/Volumes/SmithL0/2026/BIOL470/Final/Learning_Rig/bee_0408_1_rev/cam1_2026-04-08_16-30-17.mp4,1582.0,1701.5,1325,1377,1839,2026,0.81587785
149,/Volumes/SmithL0/2026/BIOL470/Final/Learning_Rig/bee_0408_1_rev/cam1_2026-04-08_16-30-17.mp4,1582.5,1702.5,1326,1378,1839,2027,0.81883186
150,/Volumes/SmithL0/2026/BIOL470/Final/Learning_Rig/bee_0408_1_rev/cam1_2026-04-08_16-30-17.mp4,1583.0,1703.0,1327,1379,1839,2027,0.8146249
151,/Volumes/SmithL0/2026/BIOL470/Final/Learning_Rig/bee_0408_1_rev/cam1_2026-04-08_16-30-17.mp4,1582.5,1703.5,1327,1378,1838,2029,0.8094815
152,/Volumes/SmithL0/2026/BIOL470/Final/Learning_Rig/bee_0408_1_rev/cam1_2026-04-08_16-30-17.mp4,1582.5,1702.5,1327,1379,1838,2026,0.8107954
153,/Volumes/SmithL0/2026/BIOL470/Final/Learning_Rig/bee_0408_1_rev/cam1_2026-04-08_16-30-17.mp4,1583.0,1703.0,1327,1378,1839,2028,0.8109539
154,/Volumes/SmithL0/2026/BIOL470/Final/Learning_Rig/bee_0408_1_rev/cam1_2026-04-08_16-30-17.mp4,1582.0,1703.0,1327,1379,1837,2027,0.8111179
155,/Volumes/SmithL0/2026/BIOL470/Final/Learning_Rig/bee_0408_1_rev/cam1_2026-04-08_16-30-17.mp4,1581.5,1703.5,1326,1379,1837,2028,0.813596
156,/Volumes/SmithL0/2026/BIOL470/Final/Learning_Rig/bee_0408_1_rev/cam1_2026-04-08_16-30-17.mp4,1582.0,1702.5,1326,1378,1838,2027,0.80981725
157,/Volumes/SmithL0/2026/BIOL470/Final/Learning_Rig/bee_0408_1_rev/cam1_2026-04-08_16-30-17.mp4,1582.0,1703.5,1326,1378,1838,2029,0.81267315
158,/Volumes/SmithL0/2026/BIOL470/Final/Learning_Rig/bee_0408_1_rev/cam1_2026-04-08_16-30-17.mp4,1582.0,1703.0,1326,1378,1838,2028,0.8107141
159,/Volumes/SmithL0/2026/BIOL470/Final/Learning_Rig/bee_0408_1_rev/cam1_2026-04-08_16-30-17.mp4,1582.0,1703.5,1325,1379,1839,2028,0.81368595
160,/Volumes/SmithL0/2026/BIOL470/Final/Learning_Rig/bee_0408_1_rev/cam1_2026-04-08_16-30-17.mp4,1582.0,1702.0,1326,1378,1838,2026,0.81182384
161,/Volumes/SmithL0/2026/BIOL470/Final/Learning_Rig/bee_0408_1_rev/cam1_2026-04-08_16-30-17.mp4,1581.0,1703.5,1326,1378,1836,2029,0.81278723
162,/Volumes/SmithL0/2026/BIOL470/Final/Learning_Rig/bee_0408_1_rev/cam1_2026-04-08_16-30-17.mp4,1581.5,1704.0,1327,1378,1836,2030,0.81513125
163,/Volumes/SmithL0/2026/BIOL470/Final/Learning_Rig/bee_0408_1_rev/cam1_2026-04-08_16-30-17.mp4,1581.0,1703.0,1327,1379,1835,2027,0.815203
164,/Volumes/SmithL0/2026/BIOL470/Final/Learning_Rig/bee_0408_1_rev/cam1_2026-04-08_16-30-17.mp4,1581.0,1703.5,1327,1379,1835,2028,0.8161776
165,/Volumes/SmithL0/2026/BIOL470/Final/Learning_Rig/bee_0408_1_rev/cam1_2026-04-08_16-30-17.mp4,1581.0,1703.5,1326,1378,1836,2029,0.81569284
166,/Volumes/SmithL0/2026/BIOL470/Final/Learning_Rig/bee_0408_1_rev/cam1_2026-04-08_16-30-17.mp4,1581.5,1703.5,1326,1379,1837,2028,0.81544423
167,/Volumes/SmithL0/2026/BIOL470/Final/Learning_Rig/bee_0408_1_rev/cam1_2026-04-08_16-30-17.mp4,1581.0,1703.5,1326,1378,1836,2029,0.8146738
168,/Volumes/SmithL0/2026/BIOL470/Final/Learning_Rig/bee_0408_1_rev/cam1_2026-04-08_16-30-17.mp4,1580.5,1703.5,1326,1378,1835,2029,0.81940764
169,/Volumes/SmithL0/2026/BIOL470/Final/Learning_Rig/bee_0408_1_rev/cam1_2026-04-08_16-30-17.mp4,1582.0,1702.5,1326,1378,1838,2027,0.81545156
170,/Volumes/SmithL0/2026/BIOL470/Final/Learning_Rig/bee_0408_1_rev/cam1_2026-04-08_16-30-17.mp4,1581.5,1703.5,1325,1378,1838,2029,0.8180338
171,/Volumes/SmithL0/2026/BIOL470/Final/Learning_Rig/bee_0408_1_rev/cam1_2026-04-08_16-30-17.mp4,1582.5,1703.0,1326,1379,1839,2027,0.8166714
172,/Volumes/SmithL0/2026/BIOL470/Final/Learning_Rig/bee_0408_1_rev/cam1_2026-04-08_16-30-17.mp4,1582.0,1702.5,1326,1378,1838,2027,0.81949544
173,/Volumes/SmithL0/2026/BIOL470/Final/Learning_Rig/bee_0408_1_rev/cam1_2026-04-08_16-30-17.mp4,1581.5,1702.0,1326,1378,1837,2026,0.81432605
174,/Volumes/SmithL0/2026/BIOL470/Final/Learning_Rig/bee_0408_1_rev/cam1_2026-04-08_16-30-17.mp4,1582.0,1702.5,1326,1378,1838,2027,0.81606746
175,/Volumes/SmithL0/2026/BIOL470/Final/Learning_Rig/bee_0408_1_rev/cam1_2026-04-08_16-30-17.mp4,1581.5,1703.0,1326,1379,1837,2027,0.8145386
176,/Volumes/SmithL0/2026/BIOL470/Final/Learning_Rig/bee_0408_1_rev/cam1_2026-04-08_16-30-17.mp4,1581.5,1703.0,1327,1380,1836,2026,0.8141731
177,/Volumes/SmithL0/2026/BIOL470/Final/Learning_Rig/bee_0408_1_rev/cam1_2026-04-08_16-30-17.mp4,1581.5,1703.5,1327,1380,1836,2027,0.8153988
178,/Volumes/SmithL0/2026/BIOL470/Final/Learning_Rig/bee_0408_1_rev/cam1_2026-04-08_16-30-17.mp4,1581.0,1703.0,1326,1380,1836,2026,0.81684333
179,/Volumes/SmithL0/2026/BIOL470/Final/Learning_Rig/bee_0408_1_rev/cam1_2026-04-08_16-30-17.mp4,1581.5,1703.0,1326,1379,1837,2027,0.8173571
180,/Volumes/SmithL0/2026/BIOL470/Final/Learning_Rig/bee_0408_1_rev/cam1_2026-04-08_16-30-17.mp4,1581.5,1702.0,1326,1379,1837,2025,0.82054764
181,/Volumes/SmithL0/2026/BIOL470/Final/Learning_Rig/bee_0408_1_rev/cam1_2026-04-08_16-30-17.mp4,1581.5,1702.0,1326,1379,1837,2025,0.81911457
182,/Volumes/SmithL0/2026/BIOL470/Final/Learning_Rig/bee_0408_1_rev/cam1_2026-04-08_16-30-17.mp4,1581.5,1702.5,1326,1379,1837,2026,0.81450707
183,/Volumes/SmithL0/2026/BIOL470/Final/Learning_Rig/bee_0408_1_rev/cam1_2026-04-08_16-30-17.mp4,1581.0,1703.0,1326,1379,1836,2027,0.8121214
184,/Volumes/SmithL0/2026/BIOL470/Final/Learning_Rig/bee_0408_1_rev/cam1_2026-04-08_16-30-17.mp4,1582.0,1702.0,1326,1378,1838,2026,0.813946
185,/Volumes/SmithL0/2026/BIOL470/Final/Learning_Rig/bee_0408_1_rev/cam1_2026-04-08_16-30-17.mp4,1582.0,1702.0,1327,1378,1837,2026,0.81237453
186,/Volumes/SmithL0/2026/BIOL470/Final/Learning_Rig/bee_0408_1_rev/cam1_2026-04-08_16-30-17.mp4,1582.5,1701.5,1327,1378,1838,2025,0.814368
187,/Volumes/SmithL0/2026/BIOL470/Final/Learning_Rig/bee_0408_1_rev/cam1_2026-04-08_16-30-17.mp4,1582.0,1702.0,1327,1378,1837,2026,0.8129178
188,/Volumes/SmithL0/2026/BIOL470/Final/Learning_Rig/bee_0408_1_rev/cam1_2026-04-08_16-30-17.mp4,1582.0,1701.5,1326,1377,1838,2026,0.8158573
189,/Volumes/SmithL0/2026/BIOL470/Final/Learning_Rig/bee_0408_1_rev/cam1_2026-04-08_16-30-17.mp4,1581.0,1701.0,1326,1378,1836,2024,0.8152855
190,/Volumes/SmithL0/2026/BIOL470/Final/Learning_Rig/bee_0408_1_rev/cam1_2026-04-08_16-30-17.mp4,1581.5,1701.5,1326,1378,1837,2025,0.8137525
191,/Volumes/SmithL0/2026/BIOL470/Final/Learning_Rig/bee_0408_1_rev/cam1_2026-04-08_16-30-17.mp4,1582.0,1702.5,1326,1379,1838,2026,0.8122027
192,/Volumes/SmithL0/2026/BIOL470/Final/Learning_Rig/bee_0408_1_rev/cam1_2026-04-08_16-30-17.mp4,1581.5,1702.5,1326,1379,1837,2026,0.8181458
193,/Volumes/SmithL0/2026/BIOL470/Final/Learning_Rig/bee_0408_1_rev/cam1_2026-04-08_16-30-17.mp4,1581.5,1703.0,1326,1379,1837,2027,0.8139123
194,/Volumes/SmithL0/2026/BIOL470/Final/Learning_Rig/bee_0408_1_rev/cam1_2026-04-08_16-30-17.mp4,1581.5,1703.0,1327,1379,1836,2027,0.81250626
195,/Volumes/SmithL0/2026/BIOL470/Final/Learning_Rig/bee_0408_1_rev/cam1_2026-04-08_16-30-17.mp4,1581.5,1703.5,1327,1379,1836,2028,0.8115762
196,/Volumes/SmithL0/2026/BIOL470/Final/Learning_Rig/bee_0408_1_rev/cam1_2026-04-08_16-30-17.mp4,1582.0,1703.0,1327,1378,1837,2028,0.812163
197,/Volumes/SmithL0/2026/BIOL470/Final/Learning_Rig/bee_0408_1_rev/cam1_2026-04-08_16-30-17.mp4,1581.5,1703.0,1327,1378,1836,2028,0.8121492
198,/Volumes/SmithL0/2026/BIOL470/Final/Learning_Rig/bee_0408_1_rev/cam1_2026-04-08_16-30-17.mp4,1582.0,1702.5,1326,1378,1838,2027,0.81147665
199,/Volumes/SmithL0/2026/BIOL470/Final/Learning_Rig/bee_0408_1_rev/cam1_2026-04-08_16-30-17.mp4,1582.5,1703.5,1326,1378,1839,2029,0.81151706
200,/Volumes/SmithL0/2026/BIOL470/Final/Learning_Rig/bee_0408_1_rev/cam1_2026-04-08_16-30-17.mp4,1582.0,1703.0,1326,1378,1838,2028,0.81395787
201,/Volumes/SmithL0/2026/BIOL470/Final/Learning_Rig/bee_0408_1_rev/cam1_2026-04-08_16-30-17.mp4,1581.0,1703.0,1325,1378,1837,2028,0.8149118
202,/Volumes/SmithL0/2026/BIOL470/Final/Learning_Rig/bee_0408_1_rev/cam1_2026-04-08_16-30-17.mp4,1581.5,1704.0,1325,1378,1838,2030,0.8161905
203,/Volumes/SmithL0/2026/BIOL470/Final/Learning_Rig/bee_0408_1_rev/cam1_2026-04-08_16-30-17.mp4,1581.5,1704.0,1325,1379,1838,2029,0.815289
204,/Volumes/SmithL0/2026/BIOL470/Final/Learning_Rig/bee_0408_1_rev/cam1_2026-04-08_16-30-17.mp4,1582.0,1703.0,1325,1378,1839,2028,0.8143752
205,/Volumes/SmithL0/2026/BIOL470/Final/Learning_Rig/bee_0408_1_rev/cam1_2026-04-08_16-30-17.mp4,1581.5,1702.0,1326,1377,1837,2027,0.81703377
206,/Volumes/SmithL0/2026/BIOL470/Final/Learning_Rig/bee_0408_1_rev/cam1_2026-04-08_16-30-17.mp4,1582.0,1702.5,1325,1377,1839,2028,0.8173401
207,/Volumes/SmithL0/2026/BIOL470/Final/Learning_Rig/bee_0408_1_rev/cam1_2026-04-08_16-30-17.mp4,1582.0,1702.0,1325,1377,1839,2027,0.81477636
208,/Volumes/SmithL0/2026/BIOL470/Final/Learning_Rig/bee_0408_1_rev/cam1_2026-04-08_16-30-17.mp4,1582.5,1701.5,1325,1378,1840,2025,0.81683713
209,/Volumes/SmithL0/2026/BIOL470/Final/Learning_Rig/bee_0408_1_rev/cam1_2026-04-08_16-30-17.mp4,1582.0,1701.0,1325,1377,1839,2025,0.8167423
210,/Volumes/SmithL0/2026/BIOL470/Final/Learning_Rig/bee_0408_1_rev/cam1_2026-04-08_16-30-17.mp4,1583.0,1703.0,1324,1379,1842,2027,0.8161581
211,/Volumes/SmithL0/2026/BIOL470/Final/Learning_Rig/bee_0408_1_rev/cam1_2026-04-08_16-30-17.mp4,1582.5,1704.5,1325,1380,1840,2029,0.81474286
212,/Volumes/SmithL0/2026/BIOL470/Final/Learning_Rig/bee_0408_1_rev/cam1_2026-04-08_16-30-17.mp4,1582.5,1703.5,1325,1378,1840,2029,0.81214404
213,/Volumes/SmithL0/2026/BIOL470/Final/Learning_Rig/bee_0408_1_rev/cam1_2026-04-08_16-30-17.mp4,1582.0,1702.5,1325,1377,1839,2028,0.8116899
214,/Volumes/SmithL0/2026/BIOL470/Final/Learning_Rig/bee_0408_1_rev/cam1_2026-04-08_16-30-17.mp4,1582.5,1702.0,1325,1377,1840,2027,0.81202114
215,/Volumes/SmithL0/2026/BIOL470/Final/Learning_Rig/bee_0408_1_rev/cam1_2026-04-08_16-30-17.mp4,1582.5,1702.0,1326,1377,1839,2027,0.8118538
216,/Volumes/SmithL0/2026/BIOL470/Final/Learning_Rig/bee_0408_1_rev/cam1_2026-04-08_16-30-17.mp4,1582.5,1702.5,1326,1378,1839,2027,0.81516737
217,/Volumes/SmithL0/2026/BIOL470/Final/Learning_Rig/bee_0408_1_rev/cam1_2026-04-08_16-30-17.mp4,1582.5,1701.0,1325,1378,1840,2024,0.81683964
218,/Volumes/SmithL0/2026/BIOL470/Final/Learning_Rig/bee_0408_1_rev/cam1_2026-04-08_16-30-17.mp4,1582.0,1702.0,1325,1379,1839,2025,0.8181547
219,/Volumes/SmithL0/2026/BIOL470/Final/Learning_Rig/bee_0408_1_rev/cam1_2026-04-08_16-30-17.mp4,1582.0,1701.5,1325,1378,1839,2025,0.8160168
220,/Volumes/SmithL0/2026/BIOL470/Final/Learning_Rig/bee_0408_1_rev/cam1_2026-04-08_16-30-17.mp4,1581.5,1702.0,1325,1378,1838,2026,0.8148462
221,/Volumes/SmithL0/2026/BIOL470/Final/Learning_Rig/bee_0408_1_rev/cam1_2026-04-08_16-30-17.mp4,1581.5,1702.5,1325,1377,1838,2028,0.8142471
222,/Volumes/SmithL0/2026/BIOL470/Final/Learning_Rig/bee_0408_1_rev/cam1_2026-04-08_16-30-17.mp4,1581.5,1703.0,1325,1378,1838,2028,0.8117612
223,/Volumes/SmithL0/2026/BIOL470/Final/Learning_Rig/bee_0408_1_rev/cam1_2026-04-08_16-30-17.mp4,1582.5,1702.5,1326,1378,1839,2027,0.814459
224,/Volumes/SmithL0/2026/BIOL470/Final/Learning_Rig/bee_0408_1_rev/cam1_2026-04-08_16-30-17.mp4,1582.5,1702.0,1325,1378,1840,2026,0.8156103
225,/Volumes/SmithL0/2026/BIOL470/Final/Learning_Rig/bee_0408_1_rev/cam1_2026-04-08_16-30-17.mp4,1582.0,1701.0,1324,1377,1840,2025,0.81564313
226,/Volumes/SmithL0/2026/BIOL470/Final/Learning_Rig/bee_0408_1_rev/cam1_2026-04-08_16-30-17.mp4,1582.0,1702.5,1326,1378,1838,2027,0.81483346
227,/Volumes/SmithL0/2026/BIOL470/Final/Learning_Rig/bee_0408_1_rev/cam1_2026-04-08_16-30-17.mp4,1582.0,1702.0,1325,1377,1839,2027,0.81349754
228,/Volumes/SmithL0/2026/BIOL470/Final/Learning_Rig/bee_0408_1_rev/cam1_2026-04-08_16-30-17.mp4,1582.0,1702.0,1325,1377,1839,2027,0.8155007
229,/Volumes/SmithL0/2026/BIOL470/Final/Learning_Rig/bee_0408_1_rev/cam1_2026-04-08_16-30-17.mp4,1582.0,1702.5,1325,1378,1839,2027,0.8134534
230,/Volumes/SmithL0/2026/BIOL470/Final/Learning_Rig/bee_0408_1_rev/cam1_2026-04-08_16-30-17.mp4,1582.0,1702.5,1325,1378,1839,2027,0.8157628
231,/Volumes/SmithL0/2026/BIOL470/Final/Learning_Rig/bee_0408_1_rev/cam1_2026-04-08_16-30-17.mp4,1580.5,1704.0,1325,1378,1836,2030,0.8086885
232,/Volumes/SmithL0/2026/BIOL470/Final/Learning_Rig/bee_0408_1_rev/cam1_2026-04-08_16-30-17.mp4,1581.0,1702.5,1325,1378,1837,2027,0.8097052
233,/Volumes/SmithL0/2026/BIOL470/Final/Learning_Rig/bee_0408_1_rev/cam1_2026-04-08_16-30-17.mp4,1581.5,1703.0,1325,1378,1838,2028,0.80983055
234,/Volumes/SmithL0/2026/BIOL470/Final/Learning_Rig/bee_0408_1_rev/cam1_2026-04-08_16-30-17.mp4,1581.5,1702.0,1325,1378,1838,2026,0.8133161
235,/Volumes/SmithL0/2026/BIOL470/Final/Learning_Rig/bee_0408_1_rev/cam1_2026-04-08_16-30-17.mp4,1581.5,1702.5,1326,1378,1837,2027,0.8085654
236,/Volumes/SmithL0/2026/BIOL470/Final/Learning_Rig/bee_0408_1_rev/cam1_2026-04-08_16-30-17.mp4,1582.5,1701.5,1326,1378,1839,2025,0.8139519
237,/Volumes/SmithL0/2026/BIOL470/Final/Learning_Rig/bee_0408_1_rev/cam1_2026-04-08_16-30-17.mp4,1581.5,1703.0,1326,1378,1837,2028,0.812853
238,/Volumes/SmithL0/2026/BIOL470/Final/Learning_Rig/bee_0408_1_rev/cam1_2026-04-08_16-30-17.mp4,1581.5,1702.0,1325,1377,1838,2027,0.81589943
239,/Volumes/SmithL0/2026/BIOL470/Final/Learning_Rig/bee_0408_1_rev/cam1_2026-04-08_16-30-17.mp4,1582.0,1702.0,1326,1378,1838,2026,0.8170923
240,/Volumes/SmithL0/2026/BIOL470/Final/Learning_Rig/bee_0408_1_rev/cam1_2026-04-08_16-30-17.mp4,1582.0,1703.0,1326,1379,1838,2027,0.8198631
241,/Volumes/SmithL0/2026/BIOL470/Final/Learning_Rig/bee_0408_1_rev/cam1_2026-04-08_16-30-17.mp4,1582.0,1701.5,1326,1378,1838,2025,0.81896305
242,/Volumes/SmithL0/2026/BIOL470/Final/Learning_Rig/bee_0408_1_rev/cam1_2026-04-08_16-30-17.mp4,1581.5,1701.5,1325,1378,1838,2025,0.81817514
243,/Volumes/SmithL0/2026/BIOL470/Final/Learning_Rig/bee_0408_1_rev/cam1_2026-04-08_16-30-17.mp4,1582.0,1701.5,1325,1378,1839,2025,0.819353
244,/Volumes/SmithL0/2026/BIOL470/Final/Learning_Rig/bee_0408_1_rev/cam1_2026-04-08_16-30-17.mp4,1582.0,1702.0,1325,1377,1839,2027,0.81947476
245,/Volumes/SmithL0/2026/BIOL470/Final/Learning_Rig/bee_0408_1_rev/cam1_2026-04-08_16-30-17.mp4,1582.0,1703.0,1325,1377,1839,2029,0.81550765
246,/Volumes/SmithL0/2026/BIOL470/Final/Learning_Rig/bee_0408_1_rev/cam1_2026-04-08_16-30-17.mp4,1581.5,1703.5,1324,1378,1839,2029,0.8170396
247,/Volumes/SmithL0/2026/BIOL470/Final/Learning_Rig/bee_0408_1_rev/cam1_2026-04-08_16-30-17.mp4,1581.0,1704.0,1325,1378,1837,2030,0.81692463
248,/Volumes/SmithL0/2026/BIOL470/Final/Learning_Rig/bee_0408_1_rev/cam1_2026-04-08_16-30-17.mp4,1581.5,1704.0,1325,1378,1838,2030,0.8167374
249,/Volumes/SmithL0/2026/BIOL470/Final/Learning_Rig/bee_0408_1_rev/cam1_2026-04-08_16-30-17.mp4,1581.5,1703.5,1326,1378,1837,2029,0.81889945
250,/Volumes/SmithL0/2026/BIOL470/Final/Learning_Rig/bee_0408_1_rev/cam1_2026-04-08_16-30-17.mp4,1581.5,1703.0,1326,1378,1837,2028,0.8163602
251,/Volumes/SmithL0/2026/BIOL470/Final/Learning_Rig/bee_0408_1_rev/cam1_2026-04-08_16-30-17.mp4,1581.0,1702.5,1325,1377,1837,2028,0.8150581
252,/Volumes/SmithL0/2026/BIOL470/Final/Learning_Rig/bee_0408_1_rev/cam1_2026-04-08_16-30-17.mp4,1581.5,1701.5,1324,1377,1839,2026,0.8141116
253,/Volumes/SmithL0/2026/BIOL470/Final/Learning_Rig/bee_0408_1_rev/cam1_2026-04-08_16-30-17.mp4,1582.0,1701.0,1324,1377,1840,2025,0.81620324
254,/Volumes/SmithL0/2026/BIOL470/Final/Learning_Rig/bee_0408_1_rev/cam1_2026-04-08_16-30-17.mp4,1582.0,1702.5,1325,1378,1839,2027,0.8179684
255,/Volumes/SmithL0/2026/BIOL470/Final/Learning_Rig/bee_0408_1_rev/cam1_2026-04-08_16-30-17.mp4,1582.0,1702.0,1325,1377,1839,2027,0.81634825
256,/Volumes/SmithL0/2026/BIOL470/Final/Learning_Rig/bee_0408_1_rev/cam1_2026-04-08_16-30-17.mp4,1582.0,1703.0,1325,1377,1839,2029,0.8197003
257,/Volumes/SmithL0/2026/BIOL470/Final/Learning_Rig/bee_0408_1_rev/cam1_2026-04-08_16-30-17.mp4,1583.0,1703.0,1325,1378,1841,2028,0.8171057
258,/Volumes/SmithL0/2026/BIOL470/Final/Learning_Rig/bee_0408_1_rev/cam1_2026-04-08_16-30-17.mp4,1582.5,1702.5,1325,1377,1840,2028,0.8145323
259,/Volumes/SmithL0/2026/BIOL470/Final/Learning_Rig/bee_0408_1_rev/cam1_2026-04-08_16-30-17.mp4,1582.5,1701.5,1325,1376,1840,2027,0.813247
260,/Volumes/SmithL0/2026/BIOL470/Final/Learning_Rig/bee_0408_1_rev/cam1_2026-04-08_16-30-17.mp4,1581.5,1701.5,1325,1376,1838,2027,0.8136444
261,/Volumes/SmithL0/2026/BIOL470/Final/Learning_Rig/bee_0408_1_rev/cam1_2026-04-08_16-30-17.mp4,1582.0,1702.5,1325,1377,1839,2028,0.81080735
262,/Volumes/SmithL0/2026/BIOL470/Final/Learning_Rig/bee_0408_1_rev/cam1_2026-04-08_16-30-17.mp4,1582.5,1703.0,1325,1377,1840,2029,0.81450015
263,/Volumes/SmithL0/2026/BIOL470/Final/Learning_Rig/bee_0408_1_rev/cam1_2026-04-08_16-30-17.mp4,1582.0,1702.5,1325,1377,1839,2028,0.8149552
264,/Volumes/SmithL0/2026/BIOL470/Final/Learning_Rig/bee_0408_1_rev/cam1_2026-04-08_16-30-17.mp4,1582.0,1701.5,1325,1377,1839,2026,0.8132527
265,/Volumes/SmithL0/2026/BIOL470/Final/Learning_Rig/bee_0408_1_rev/cam1_2026-04-08_16-30-17.mp4,1582.0,1700.5,1325,1376,1839,2025,0.8123766
266,/Volumes/SmithL0/2026/BIOL470/Final/Learning_Rig/bee_0408_1_rev/cam1_2026-04-08_16-30-17.mp4,1581.5,1700.0,1325,1375,1838,2025,0.81400776
267,/Volumes/SmithL0/2026/BIOL470/Final/Learning_Rig/bee_0408_1_rev/cam1_2026-04-08_16-30-17.mp4,1581.5,1701.5,1324,1376,1839,2027,0.8174646
268,/Volumes/SmithL0/2026/BIOL470/Final/Learning_Rig/bee_0408_1_rev/cam1_2026-04-08_16-30-17.mp4,1582.0,1700.5,1324,1376,1840,2025,0.8198349
269,/Volumes/SmithL0/2026/BIOL470/Final/Learning_Rig/bee_0408_1_rev/cam1_2026-04-08_16-30-17.mp4,1582.0,1701.5,1324,1376,1840,2027,0.8174545
270,/Volumes/SmithL0/2026/BIOL470/Final/Learning_Rig/bee_0408_1_rev/cam1_2026-04-08_16-30-17.mp4,1582.0,1701.0,1325,1377,1839,2025,0.8185814
271,/Volumes/SmithL0/2026/BIOL470/Final/Learning_Rig/bee_0408_1_rev/cam1_2026-04-08_16-30-17.mp4,1582.0,1701.5,1325,1378,1839,2025,0.8184272
272,/Volumes/SmithL0/2026/BIOL470/Final/Learning_Rig/bee_0408_1_rev/cam1_2026-04-08_16-30-17.mp4,1581.0,1701.5,1324,1377,1838,2026,0.8179038
273,/Volumes/SmithL0/2026/BIOL470/Final/Learning_Rig/bee_0408_1_rev/cam1_2026-04-08_16-30-17.mp4,1581.5,1702.0,1325,1377,1838,2027,0.8163692
274,/Volumes/SmithL0/2026/BIOL470/Final/Learning_Rig/bee_0408_1_rev/cam1_2026-04-08_16-30-17.mp4,1581.0,1701.5,1325,1377,1837,2026,0.8125004
275,/Volumes/SmithL0/2026/BIOL470/Final/Learning_Rig/bee_0408_1_rev/cam1_2026-04-08_16-30-17.mp4,1580.5,1702.0,1325,1378,1836,2026,0.81777555
276,/Volumes/SmithL0/2026/BIOL470/Final/Learning_Rig/bee_0408_1_rev/cam1_2026-04-08_16-30-17.mp4,1581.0,1702.5,1325,1378,1837,2027,0.81550604
277,/Volumes/SmithL0/2026/BIOL470/Final/Learning_Rig/bee_0408_1_rev/cam1_2026-04-08_16-30-17.mp4,1581.0,1701.5,1325,1378,1837,2025,0.8142329
278,/Volumes/SmithL0/2026/BIOL470/Final/Learning_Rig/bee_0408_1_rev/cam1_2026-04-08_16-30-17.mp4,1581.5,1702.5,1325,1378,1838,2027,0.81200635
279,/Volumes/SmithL0/2026/BIOL470/Final/Learning_Rig/bee_0408_1_rev/cam1_2026-04-08_16-30-17.mp4,1581.0,1702.5,1325,1378,1837,2027,0.8132844
280,/Volumes/SmithL0/2026/BIOL470/Final/Learning_Rig/bee_0408_1_rev/cam1_2026-04-08_16-30-17.mp4,1582.0,1701.5,1325,1377,1839,2026,0.81428
281,/Volumes/SmithL0/2026/BIOL470/Final/Learning_Rig/bee_0408_1_rev/cam1_2026-04-08_16-30-17.mp4,1581.0,1702.0,1324,1378,1838,2026,0.8162956
282,/Volumes/SmithL0/2026/BIOL470/Final/Learning_Rig/bee_0408_1_rev/cam1_2026-04-08_16-30-17.mp4,1580.5,1701.5,1324,1377,1837,2026,0.81658024
283,/Volumes/SmithL0/2026/BIOL470/Final/Learning_Rig/bee_0408_1_rev/cam1_2026-04-08_16-30-17.mp4,1580.5,1701.0,1325,1377,1836,2025,0.8158475
284,/Volumes/SmithL0/2026/BIOL470/Final/Learning_Rig/bee_0408_1_rev/cam1_2026-04-08_16-30-17.mp4,1580.0,1701.5,1325,1377,1835,2026,0.8152532
285,/Volumes/SmithL0/2026/BIOL470/Final/Learning_Rig/bee_0408_1_rev/cam1_2026-04-08_16-30-17.mp4,1579.5,1701.0,1324,1377,1835,2025,0.81939006
286,/Volumes/SmithL0/2026/BIOL470/Final/Learning_Rig/bee_0408_1_rev/cam1_2026-04-08_16-30-17.mp4,1580.0,1700.5,1325,1378,1835,2023,0.81820655
287,/Volumes/SmithL0/2026/BIOL470/Final/Learning_Rig/bee_0408_1_rev/cam1_2026-04-08_16-30-17.mp4,1580.5,1701.5,1326,1377,1835,2026,0.815215
288,/Volumes/SmithL0/2026/BIOL470/Final/Learning_Rig/bee_0408_1_rev/cam1_2026-04-08_16-30-17.mp4,1581.0,1700.0,1325,1377,1837,2023,0.81753135
289,/Volumes/SmithL0/2026/BIOL470/Final/Learning_Rig/bee_0408_1_rev/cam1_2026-04-08_16-30-17.mp4,1581.0,1701.0,1325,1378,1837,2024,0.81663734
290,/Volumes/SmithL0/2026/BIOL470/Final/Learning_Rig/bee_0408_1_rev/cam1_2026-04-08_16-30-17.mp4,1581.5,1701.5,1325,1378,1838,2025,0.81790835
291,/Volumes/SmithL0/2026/BIOL470/Final/Learning_Rig/bee_0408_1_rev/cam1_2026-04-08_16-30-17.mp4,1581.5,1701.5,1325,1377,1838,2026,0.8198764
292,/Volumes/SmithL0/2026/BIOL470/Final/Learning_Rig/bee_0408_1_rev/cam1_2026-04-08_16-30-17.mp4,1581.5,1700.5,1325,1377,1838,2024,0.81811583
293,/Volumes/SmithL0/2026/BIOL470/Final/Learning_Rig/bee_0408_1_rev/cam1_2026-04-08_16-30-17.mp4,1581.5,1702.0,1325,1377,1838,2027,0.8157153
294,/Volumes/SmithL0/2026/BIOL470/Final/Learning_Rig/bee_0408_1_rev/cam1_2026-04-08_16-30-17.mp4,1582.0,1701.5,1326,1378,1838,2025,0.81446356
295,/Volumes/SmithL0/2026/BIOL470/Final/Learning_Rig/bee_0408_1_rev/cam1_2026-04-08_16-30-17.mp4,1581.5,1702.0,1325,1378,1838,2026,0.81859463
296,/Volumes/SmithL0/2026/BIOL470/Final/Learning_Rig/bee_0408_1_rev/cam1_2026-04-08_16-30-17.mp4,1581.0,1702.5,1325,1378,1837,2027,0.8188052
297,/Volumes/SmithL0/2026/BIOL470/Final/Learning_Rig/bee_0408_1_rev/cam1_2026-04-08_16-30-17.mp4,1582.0,1702.0,1326,1377,1838,2027,0.8120842
298,/Volumes/SmithL0/2026/BIOL470/Final/Learning_Rig/bee_0408_1_rev/cam1_2026-04-08_16-30-17.mp4,1581.5,1701.5,1326,1377,1837,2026,0.8151539
299,/Volumes/SmithL0/2026/BIOL470/Final/Learning_Rig/bee_0408_1_rev/cam1_2026-04-08_16-30-17.mp4,1581.0,1701.0,1326,1377,1836,2025,0.81597435
300,/Volumes/SmithL0/2026/BIOL470/Final/Learning_Rig/bee_0408_1_rev/cam1_2026-04-08_16-30-17.mp4,1582.0,1701.5,1326,1377,1838,2026,0.8159164
301,/Volumes/SmithL0/2026/BIOL470/Final/Learning_Rig/bee_0408_1_rev/cam1_2026-04-08_16-30-17.mp4,1582.0,1702.5,1325,1377,1839,2028,0.8148761
302,/Volumes/SmithL0/2026/BIOL470/Final/Learning_Rig/bee_0408_1_rev/cam1_2026-04-08_16-30-17.mp4,1581.5,1701.5,1325,1378,1838,2025,0.81139094
303,/Volumes/SmithL0/2026/BIOL470/Final/Learning_Rig/bee_0408_1_rev/cam1_2026-04-08_16-30-17.mp4,1581.0,1702.0,1325,1378,1837,2026,0.8124074
304,/Volumes/SmithL0/2026/BIOL470/Final/Learning_Rig/bee_0408_1_rev/cam1_2026-04-08_16-30-17.mp4,1581.5,1701.5,1325,1377,1838,2026,0.81343144
305,/Volumes/SmithL0/2026/BIOL470/Final/Learning_Rig/bee_0408_1_rev/cam1_2026-04-08_16-30-17.mp4,1581.0,1701.0,1325,1378,1837,2024,0.81709695
306,/Volumes/SmithL0/2026/BIOL470/Final/Learning_Rig/bee_0408_1_rev/cam1_2026-04-08_16-30-17.mp4,1582.0,1701.5,1325,1378,1839,2025,0.8163267
307,/Volumes/SmithL0/2026/BIOL470/Final/Learning_Rig/bee_0408_1_rev/cam1_2026-04-08_16-30-17.mp4,1581.5,1701.5,1325,1377,1838,2026,0.8176401
308,/Volumes/SmithL0/2026/BIOL470/Final/Learning_Rig/bee_0408_1_rev/cam1_2026-04-08_16-30-17.mp4,1581.5,1701.5,1325,1377,1838,2026,0.81703067
309,/Volumes/SmithL0/2026/BIOL470/Final/Learning_Rig/bee_0408_1_rev/cam1_2026-04-08_16-30-17.mp4,1581.5,1701.0,1325,1378,1838,2024,0.8156262
310,/Volumes/SmithL0/2026/BIOL470/Final/Learning_Rig/bee_0408_1_rev/cam1_2026-04-08_16-30-17.mp4,1581.5,1701.0,1326,1377,1837,2025,0.816119
311,/Volumes/SmithL0/2026/BIOL470/Final/Learning_Rig/bee_0408_1_rev/cam1_2026-04-08_16-30-17.mp4,1581.5,1701.5,1325,1378,1838,2025,0.81620663
312,/Volumes/SmithL0/2026/BIOL470/Final/Learning_Rig/bee_0408_1_rev/cam1_2026-04-08_16-30-17.mp4,1581.0,1701.5,1325,1378,1837,2025,0.81795245
313,/Volumes/SmithL0/2026/BIOL470/Final/Learning_Rig/bee_0408_1_rev/cam1_2026-04-08_16-30-17.mp4,1581.0,1701.0,1324,1378,1838,2024,0.8140768
314,/Volumes/SmithL0/2026/BIOL470/Final/Learning_Rig/bee_0408_1_rev/cam1_2026-04-08_16-30-17.mp4,1581.5,1701.5,1325,1378,1838,2025,0.8139879
315,/Volumes/SmithL0/2026/BIOL470/Final/Learning_Rig/bee_0408_1_rev/cam1_2026-04-08_16-30-17.mp4,1581.0,1701.0,1325,1377,1837,2025,0.8150133
316,/Volumes/SmithL0/2026/BIOL470/Final/Learning_Rig/bee_0408_1_rev/cam1_2026-04-08_16-30-17.mp4,1581.5,1701.0,1326,1378,1837,2024,0.8134577
317,/Volumes/SmithL0/2026/BIOL470/Final/Learning_Rig/bee_0408_1_rev/cam1_2026-04-08_16-30-17.mp4,1581.0,1701.0,1325,1378,1837,2024,0.8120307
318,/Volumes/SmithL0/2026/BIOL470/Final/Learning_Rig/bee_0408_1_rev/cam1_2026-04-08_16-30-17.mp4,1581.5,1701.5,1325,1378,1838,2025,0.8167669
319,/Volumes/SmithL0/2026/BIOL470/Final/Learning_Rig/bee_0408_1_rev/cam1_2026-04-08_16-30-17.mp4,1581.0,1702.0,1324,1377,1838,2027,0.81432706
320,/Volumes/SmithL0/2026/BIOL470/Final/Learning_Rig/bee_0408_1_rev/cam1_2026-04-08_16-30-17.mp4,1581.5,1701.0,1324,1377,1839,2025,0.8125302
321,/Volumes/SmithL0/2026/BIOL470/Final/Learning_Rig/bee_0408_1_rev/cam1_2026-04-08_16-30-17.mp4,1581.5,1700.5,1325,1377,1838,2024,0.8165452
322,/Volumes/SmithL0/2026/BIOL470/Final/Learning_Rig/bee_0408_1_rev/cam1_2026-04-08_16-30-17.mp4,1581.0,1700.0,1325,1378,1837,2022,0.81555736
323,/Volumes/SmithL0/2026/BIOL470/Final/Learning_Rig/bee_0408_1_rev/cam1_2026-04-08_16-30-17.mp4,1581.0,1700.5,1324,1377,1838,2024,0.8188678
324,/Volumes/SmithL0/2026/BIOL470/Final/Learning_Rig/bee_0408_1_rev/cam1_2026-04-08_16-30-17.mp4,1580.5,1701.0,1325,1378,1836,2024,0.81735
325,/Volumes/SmithL0/2026/BIOL470/Final/Learning_Rig/bee_0408_1_rev/cam1_2026-04-08_16-30-17.mp4,1581.0,1701.5,1325,1378,1837,2025,0.814936
326,/Volumes/SmithL0/2026/BIOL470/Final/Learning_Rig/bee_0408_1_rev/cam1_2026-04-08_16-30-17.mp4,1581.0,1701.5,1324,1377,1838,2026,0.81675047
327,/Volumes/SmithL0/2026/BIOL470/Final/Learning_Rig/bee_0408_1_rev/cam1_2026-04-08_16-30-17.mp4,1581.0,1701.0,1324,1377,1838,2025,0.81411946
328,/Volumes/SmithL0/2026/BIOL470/Final/Learning_Rig/bee_0408_1_rev/cam1_2026-04-08_16-30-17.mp4,1581.0,1701.0,1325,1377,1837,2025,0.81622016
329,/Volumes/SmithL0/2026/BIOL470/Final/Learning_Rig/bee_0408_1_rev/cam1_2026-04-08_16-30-17.mp4,1581.0,1701.5,1324,1377,1838,2026,0.8176549
330,/Volumes/SmithL0/2026/BIOL470/Final/Learning_Rig/bee_0408_1_rev/cam1_2026-04-08_16-30-17.mp4,1581.0,1702.0,1324,1377,1838,2027,0.81170064
331,/Volumes/SmithL0/2026/BIOL470/Final/Learning_Rig/bee_0408_1_rev/cam1_2026-04-08_16-30-17.mp4,1580.5,1701.5,1326,1378,1835,2025,0.8120238
332,/Volumes/SmithL0/2026/BIOL470/Final/Learning_Rig/bee_0408_1_rev/cam1_2026-04-08_16-30-17.mp4,1581.5,1702.0,1325,1378,1838,2026,0.8175724
333,/Volumes/SmithL0/2026/BIOL470/Final/Learning_Rig/bee_0408_1_rev/cam1_2026-04-08_16-30-17.mp4,1581.0,1702.0,1325,1378,1837,2026,0.81384397
334,/Volumes/SmithL0/2026/BIOL470/Final/Learning_Rig/bee_0408_1_rev/cam1_2026-04-08_16-30-17.mp4,1581.5,1702.0,1326,1378,1837,2026,0.8132765
335,/Volumes/SmithL0/2026/BIOL470/Final/Learning_Rig/bee_0408_1_rev/cam1_2026-04-08_16-30-17.mp4,1580.0,1703.0,1325,1378,1835,2028,0.8132273
336,/Volumes/SmithL0/2026/BIOL470/Final/Learning_Rig/bee_0408_1_rev/cam1_2026-04-08_16-30-17.mp4,1580.0,1702.5,1325,1378,1835,2027,0.82032025
337,/Volumes/SmithL0/2026/BIOL470/Final/Learning_Rig/bee_0408_1_rev/cam1_2026-04-08_16-30-17.mp4,1580.5,1702.5,1325,1378,1836,2027,0.8160739
338,/Volumes/SmithL0/2026/BIOL470/Final/Learning_Rig/bee_0408_1_rev/cam1_2026-04-08_16-30-17.mp4,1580.5,1701.5,1324,1378,1837,2025,0.8122337
339,/Volumes/SmithL0/2026/BIOL470/Final/Learning_Rig/bee_0408_1_rev/cam1_2026-04-08_16-30-17.mp4,1580.0,1701.0,1325,1378,1835,2024,0.81116706
340,/Volumes/SmithL0/2026/BIOL470/Final/Learning_Rig/bee_0408_1_rev/cam1_2026-04-08_16-30-17.mp4,1580.5,1701.5,1325,1378,1836,2025,0.8111022
341,/Volumes/SmithL0/2026/BIOL470/Final/Learning_Rig/bee_0408_1_rev/cam1_2026-04-08_16-30-17.mp4,1580.0,1702.5,1325,1378,1835,2027,0.8125448
342,/Volumes/SmithL0/2026/BIOL470/Final/Learning_Rig/bee_0408_1_rev/cam1_2026-04-08_16-30-17.mp4,1581.0,1701.0,1325,1378,1837,2024,0.8146615
343,/Volumes/SmithL0/2026/BIOL470/Final/Learning_Rig/bee_0408_1_rev/cam1_2026-04-08_16-30-17.mp4,1580.5,1701.0,1324,1377,1837,2025,0.81330514
344,/Volumes/SmithL0/2026/BIOL470/Final/Learning_Rig/bee_0408_1_rev/cam1_2026-04-08_16-30-17.mp4,1581.0,1702.0,1324,1378,1838,2026,0.81344056
345,/Volumes/SmithL0/2026/BIOL470/Final/Learning_Rig/bee_0408_1_rev/cam1_2026-04-08_16-30-17.mp4,1581.0,1701.5,1326,1378,1836,2025,0.81046534
346,/Volumes/SmithL0/2026/BIOL470/Final/Learning_Rig/bee_0408_1_rev/cam1_2026-04-08_16-30-17.mp4,1581.0,1701.5,1325,1377,1837,2026,0.81288064
347,/Volumes/SmithL0/2026/BIOL470/Final/Learning_Rig/bee_0408_1_rev/cam1_2026-04-08_16-30-17.mp4,1581.0,1702.5,1325,1377,1837,2028,0.8126663
348,/Volumes/SmithL0/2026/BIOL470/Final/Learning_Rig/bee_0408_1_rev/cam1_2026-04-08_16-30-17.mp4,1581.0,1700.5,1324,1375,1838,2026,0.8127937
349,/Volumes/SmithL0/2026/BIOL470/Final/Learning_Rig/bee_0408_1_rev/cam1_2026-04-08_16-30-17.mp4,1580.0,1701.5,1324,1377,1836,2026,0.8168309
350,/Volumes/SmithL0/2026/BIOL470/Final/Learning_Rig/bee_0408_1_rev/cam1_2026-04-08_16-30-17.mp4,1580.5,1702.0,1324,1377,1837,2027,0.8168475
351,/Volumes/SmithL0/2026/BIOL470/Final/Learning_Rig/bee_0408_1_rev/cam1_2026-04-08_16-30-17.mp4,1581.5,1701.5,1324,1377,1839,2026,0.8191872
352,/Volumes/SmithL0/2026/BIOL470/Final/Learning_Rig/bee_0408_1_rev/cam1_2026-04-08_16-30-17.mp4,1582.5,1701.5,1324,1377,1841,2026,0.8164414
353,/Volumes/SmithL0/2026/BIOL470/Final/Learning_Rig/bee_0408_1_rev/cam1_2026-04-08_16-30-17.mp4,1581.5,1702.0,1324,1378,1839,2026,0.81544197
354,/Volumes/SmithL0/2026/BIOL470/Final/Learning_Rig/bee_0408_1_rev/cam1_2026-04-08_16-30-17.mp4,1581.0,1703.0,1324,1378,1838,2028,0.8174892
355,/Volumes/SmithL0/2026/BIOL470/Final/Learning_Rig/bee_0408_1_rev/cam1_2026-04-08_16-30-17.mp4,1582.0,1702.0,1324,1377,1840,2027,0.8166853
356,/Volumes/SmithL0/2026/BIOL470/Final/Learning_Rig/bee_0408_1_rev/cam1_2026-04-08_16-30-17.mp4,1582.0,1703.0,1324,1377,1840,2029,0.81837124
357,/Volumes/SmithL0/2026/BIOL470/Final/Learning_Rig/bee_0408_1_rev/cam1_2026-04-08_16-30-17.mp4,1581.5,1702.5,1324,1377,1839,2028,0.8157267
358,/Volumes/SmithL0/2026/BIOL470/Final/Learning_Rig/bee_0408_1_rev/cam1_2026-04-08_16-30-17.mp4,1582.5,1702.5,1325,1377,1840,2028,0.8119044
359,/Volumes/SmithL0/2026/BIOL470/Final/Learning_Rig/bee_0408_1_rev/cam1_2026-04-08_16-30-17.mp4,1582.0,1702.5,1325,1377,1839,2028,0.8135013
360,/Volumes/SmithL0/2026/BIOL470/Final/Learning_Rig/bee_0408_1_rev/cam1_2026-04-08_16-30-17.mp4,1581.5,1702.0,1324,1377,1839,2027,0.8202745
361,/Volumes/SmithL0/2026/BIOL470/Final/Learning_Rig/bee_0408_1_rev/cam1_2026-04-08_16-30-17.mp4,1581.0,1702.0,1324,1377,1838,2027,0.8154219
362,/Volumes/SmithL0/2026/BIOL470/Final/Learning_Rig/bee_0408_1_rev/cam1_2026-04-08_16-30-17.mp4,1581.0,1703.0,1324,1378,1838,2028,0.8163907
363,/Volumes/SmithL0/2026/BIOL470/Final/Learning_Rig/bee_0408_1_rev/cam1_2026-04-08_16-30-17.mp4,1581.0,1703.0,1324,1377,1838,2029,0.8170455
364,/Volumes/SmithL0/2026/BIOL470/Final/Learning_Rig/bee_0408_1_rev/cam1_2026-04-08_16-30-17.mp4,1581.0,1702.5,1324,1377,1838,2028,0.8178281
365,/Volumes/SmithL0/2026/BIOL470/Final/Learning_Rig/bee_0408_1_rev/cam1_2026-04-08_16-30-17.mp4,1581.0,1701.5,1325,1378,1837,2025,0.8185313
366,/Volumes/SmithL0/2026/BIOL470/Final/Learning_Rig/bee_0408_1_rev/cam1_2026-04-08_16-30-17.mp4,1581.0,1702.5,1325,1378,1837,2027,0.8198661
367,/Volumes/SmithL0/2026/BIOL470/Final/Learning_Rig/bee_0408_1_rev/cam1_2026-04-08_16-30-17.mp4,1580.5,1702.5,1324,1379,1837,2026,0.819716
368,/Volumes/SmithL0/2026/BIOL470/Final/Learning_Rig/bee_0408_1_rev/cam1_2026-04-08_16-30-17.mp4,1581.5,1702.5,1324,1379,1839,2026,0.8194521
369,/Volumes/SmithL0/2026/BIOL470/Final/Learning_Rig/bee_0408_1_rev/cam1_2026-04-08_16-30-17.mp4,1582.0,1703.5,1325,1379,1839,2028,0.81635654
370,/Volumes/SmithL0/2026/BIOL470/Final/Learning_Rig/bee_0408_1_rev/cam1_2026-04-08_16-30-17.mp4,1582.0,1702.5,1325,1379,1839,2026,0.8158143
371,/Volumes/SmithL0/2026/BIOL470/Final/Learning_Rig/bee_0408_1_rev/cam1_2026-04-08_16-30-17.mp4,1581.5,1701.5,1324,1377,1839,2026,0.8160445
372,/Volumes/SmithL0/2026/BIOL470/Final/Learning_Rig/bee_0408_1_rev/cam1_2026-04-08_16-30-17.mp4,1582.0,1701.0,1325,1376,1839,2026,0.8134192
373,/Volumes/SmithL0/2026/BIOL470/Final/Learning_Rig/bee_0408_1_rev/cam1_2026-04-08_16-30-17.mp4,1581.5,1700.5,1325,1377,1838,2024,0.81215394
374,/Volumes/SmithL0/2026/BIOL470/Final/Learning_Rig/bee_0408_1_rev/cam1_2026-04-08_16-30-17.mp4,1581.0,1701.0,1324,1376,1838,2026,0.81344885
375,/Volumes/SmithL0/2026/BIOL470/Final/Learning_Rig/bee_0408_1_rev/cam1_2026-04-08_16-30-17.mp4,1581.0,1701.5,1324,1377,1838,2026,0.81434315
376,/Volumes/SmithL0/2026/BIOL470/Final/Learning_Rig/bee_0408_1_rev/cam1_2026-04-08_16-30-17.mp4,1582.0,1700.5,1324,1377,1840,2024,0.81791985
377,/Volumes/SmithL0/2026/BIOL470/Final/Learning_Rig/bee_0408_1_rev/cam1_2026-04-08_16-30-17.mp4,1581.0,1701.5,1324,1377,1838,2026,0.81701034
378,/Volumes/SmithL0/2026/BIOL470/Final/Learning_Rig/bee_0408_1_rev/cam1_2026-04-08_16-30-17.mp4,1582.0,1700.5,1324,1377,1840,2024,0.8142579
379,/Volumes/SmithL0/2026/BIOL470/Final/Learning_Rig/bee_0408_1_rev/cam1_2026-04-08_16-30-17.mp4,1580.0,1700.5,1323,1377,1837,2024,0.81570166
380,/Volumes/SmithL0/2026/BIOL470/Final/Learning_Rig/bee_0408_1_rev/cam1_2026-04-08_16-30-17.mp4,1581.0,1701.5,1323,1378,1839,2025,0.8144772
381,/Volumes/SmithL0/2026/BIOL470/Final/Learning_Rig/bee_0408_1_rev/cam1_2026-04-08_16-30-17.mp4,1580.5,1701.5,1324,1377,1837,2026,0.81660587
382,/Volumes/SmithL0/2026/BIOL470/Final/Learning_Rig/bee_0408_1_rev/cam1_2026-04-08_16-30-17.mp4,1580.5,1700.5,1324,1377,1837,2024,0.8131145
383,/Volumes/SmithL0/2026/BIOL470/Final/Learning_Rig/bee_0408_1_rev/cam1_2026-04-08_16-30-17.mp4,1580.5,1701.0,1325,1377,1836,2025,0.8111231
384,/Volumes/SmithL0/2026/BIOL470/Final/Learning_Rig/bee_0408_1_rev/cam1_2026-04-08_16-30-17.mp4,1581.0,1701.0,1325,1377,1837,2025,0.8091251
385,/Volumes/SmithL0/2026/BIOL470/Final/Learning_Rig/bee_0408_1_rev/cam1_2026-04-08_16-30-17.mp4,1581.0,1700.5,1325,1377,1837,2024,0.80482
386,/Volumes/SmithL0/2026/BIOL470/Final/Learning_Rig/bee_0408_1_rev/cam1_2026-04-08_16-30-17.mp4,1581.0,1701.5,1326,1378,1836,2025,0.8085141
387,/Volumes/SmithL0/2026/BIOL470/Final/Learning_Rig/bee_0408_1_rev/cam1_2026-04-08_16-30-17.mp4,1581.0,1702.0,1325,1377,1837,2027,0.8110186
388,/Volumes/SmithL0/2026/BIOL470/Final/Learning_Rig/bee_0408_1_rev/cam1_2026-04-08_16-30-17.mp4,1581.0,1701.5,1325,1377,1837,2026,0.8150676
389,/Volumes/SmithL0/2026/BIOL470/Final/Learning_Rig/bee_0408_1_rev/cam1_2026-04-08_16-30-17.mp4,1581.0,1701.5,1324,1376,1838,2027,0.81441903
390,/Volumes/SmithL0/2026/BIOL470/Final/Learning_Rig/bee_0408_1_rev/cam1_2026-04-08_16-30-17.mp4,1580.5,1702.0,1324,1378,1837,2026,0.81546
391,/Volumes/SmithL0/2026/BIOL470/Final/Learning_Rig/bee_0408_1_rev/cam1_2026-04-08_16-30-17.mp4,1580.5,1701.0,1324,1377,1837,2025,0.81453687
392,/Volumes/SmithL0/2026/BIOL470/Final/Learning_Rig/bee_0408_1_rev/cam1_2026-04-08_16-30-17.mp4,1581.0,1700.5,1324,1376,1838,2025,0.8155056
393,/Volumes/SmithL0/2026/BIOL470/Final/Learning_Rig/bee_0408_1_rev/cam1_2026-04-08_16-30-17.mp4,1581.0,1700.5,1324,1376,1838,2025,0.8178817
394,/Volumes/SmithL0/2026/BIOL470/Final/Learning_Rig/bee_0408_1_rev/cam1_2026-04-08_16-30-17.mp4,1580.5,1701.0,1324,1377,1837,2025,0.8173526
395,/Volumes/SmithL0/2026/BIOL470/Final/Learning_Rig/bee_0408_1_rev/cam1_2026-04-08_16-30-17.mp4,1580.5,1701.5,1324,1376,1837,2027,0.81677336
396,/Volumes/SmithL0/2026/BIOL470/Final/Learning_Rig/bee_0408_1_rev/cam1_2026-04-08_16-30-17.mp4,1580.0,1700.5,1324,1377,1836,2024,0.8163162
397,/Volumes/SmithL0/2026/BIOL470/Final/Learning_Rig/bee_0408_1_rev/cam1_2026-04-08_16-30-17.mp4,1580.0,1701.5,1324,1378,1836,2025,0.81486
398,/Volumes/SmithL0/2026/BIOL470/Final/Learning_Rig/bee_0408_1_rev/cam1_2026-04-08_16-30-17.mp4,1580.5,1701.5,1325,1379,1836,2024,0.8183306
399,/Volumes/SmithL0/2026/BIOL470/Final/Learning_Rig/bee_0408_1_rev/cam1_2026-04-08_16-30-17.mp4,1580.5,1701.5,1324,1378,1837,2025,0.817988
400,/Volumes/SmithL0/2026/BIOL470/Final/Learning_Rig/bee_0408_1_rev/cam1_2026-04-08_16-30-17.mp4,1580.0,1701.0,1324,1378,1836,2024,0.81936646
401,/Volumes/SmithL0/2026/BIOL470/Final/Learning_Rig/bee_0408_1_rev/cam1_2026-04-08_16-30-17.mp4,1580.0,1700.5,1324,1377,1836,2024,0.8164972
402,/Volumes/SmithL0/2026/BIOL470/Final/Learning_Rig/bee_0408_1_rev/cam1_2026-04-08_16-30-17.mp4,1579.5,1701.0,1324,1378,1835,2024,0.81548107
403,/Volumes/SmithL0/2026/BIOL470/Final/Learning_Rig/bee_0408_1_rev/cam1_2026-04-08_16-30-17.mp4,1580.0,1701.0,1324,1376,1836,2026,0.8112522
404,/Volumes/SmithL0/2026/BIOL470/Final/Learning_Rig/bee_0408_1_rev/cam1_2026-04-08_16-30-17.mp4,1579.5,1702.0,1323,1377,1836,2027,0.81524414
405,/Volumes/SmithL0/2026/BIOL470/Final/Learning_Rig/bee_0408_1_rev/cam1_2026-04-08_16-30-17.mp4,1580.5,1702.5,1324,1377,1837,2028,0.81660813
406,/Volumes/SmithL0/2026/BIOL470/Final/Learning_Rig/bee_0408_1_rev/cam1_2026-04-08_16-30-17.mp4,1581.5,1702.0,1325,1378,1838,2026,0.81168634
407,/Volumes/SmithL0/2026/BIOL470/Final/Learning_Rig/bee_0408_1_rev/cam1_2026-04-08_16-30-17.mp4,1581.0,1702.0,1324,1378,1838,2026,0.81569046
408,/Volumes/SmithL0/2026/BIOL470/Final/Learning_Rig/bee_0408_1_rev/cam1_2026-04-08_16-30-17.mp4,1581.0,1700.5,1325,1378,1837,2023,0.81558657
409,/Volumes/SmithL0/2026/BIOL470/Final/Learning_Rig/bee_0408_1_rev/cam1_2026-04-08_16-30-17.mp4,1580.5,1701.0,1325,1378,1836,2024,0.81656396
410,/Volumes/SmithL0/2026/BIOL470/Final/Learning_Rig/bee_0408_1_rev/cam1_2026-04-08_16-30-17.mp4,1580.5,1701.5,1325,1378,1836,2025,0.8124841
411,/Volumes/SmithL0/2026/BIOL470/Final/Learning_Rig/bee_0408_1_rev/cam1_2026-04-08_16-30-17.mp4,1580.0,1701.5,1324,1378,1836,2025,0.8177922
412,/Volumes/SmithL0/2026/BIOL470/Final/Learning_Rig/bee_0408_1_rev/cam1_2026-04-08_16-30-17.mp4,1580.0,1701.5,1324,1378,1836,2025,0.8185362
413,/Volumes/SmithL0/2026/BIOL470/Final/Learning_Rig/bee_0408_1_rev/cam1_2026-04-08_16-30-17.mp4,1580.5,1702.0,1324,1379,1837,2025,0.818555
414,/Volumes/SmithL0/2026/BIOL470/Final/Learning_Rig/bee_0408_1_rev/cam1_2026-04-08_16-30-17.mp4,1581.0,1703.0,1324,1378,1838,2028,0.8158607
415,/Volumes/SmithL0/2026/BIOL470/Final/Learning_Rig/bee_0408_1_rev/cam1_2026-04-08_16-30-17.mp4,1581.0,1702.0,1324,1378,1838,2026,0.8150399
416,/Volumes/SmithL0/2026/BIOL470/Final/Learning_Rig/bee_0408_1_rev/cam1_2026-04-08_16-30-17.mp4,1581.5,1701.5,1324,1378,1839,2025,0.81509584
417,/Volumes/SmithL0/2026/BIOL470/Final/Learning_Rig/bee_0408_1_rev/cam1_2026-04-08_16-30-17.mp4,1581.0,1701.5,1324,1378,1838,2025,0.81593263
418,/Volumes/SmithL0/2026/BIOL470/Final/Learning_Rig/bee_0408_1_rev/cam1_2026-04-08_16-30-17.mp4,1581.0,1702.5,1323,1379,1839,2026,0.81835115
419,/Volumes/SmithL0/2026/BIOL470/Final/Learning_Rig/bee_0408_1_rev/cam1_2026-04-08_16-30-17.mp4,1580.0,1703.0,1324,1378,1836,2028,0.8123277
420,/Volumes/SmithL0/2026/BIOL470/Final/Learning_Rig/bee_0408_1_rev/cam1_2026-04-08_16-30-17.mp4,1580.0,1701.5,1325,1378,1835,2025,0.8160304
421,/Volumes/SmithL0/2026/BIOL470/Final/Learning_Rig/bee_0408_1_rev/cam1_2026-04-08_16-30-17.mp4,1580.5,1702.5,1326,1378,1835,2027,0.81390166
422,/Volumes/SmithL0/2026/BIOL470/Final/Learning_Rig/bee_0408_1_rev/cam1_2026-04-08_16-30-17.mp4,1580.5,1702.5,1326,1378,1835,2027,0.81465715
423,/Volumes/SmithL0/2026/BIOL470/Final/Learning_Rig/bee_0408_1_rev/cam1_2026-04-08_16-30-17.mp4,1579.5,1702.0,1326,1378,1833,2026,0.813322
424,/Volumes/SmithL0/2026/BIOL470/Final/Learning_Rig/bee_0408_1_rev/cam1_2026-04-08_16-30-17.mp4,1579.5,1702.5,1326,1378,1833,2027,0.8166728
425,/Volumes/SmithL0/2026/BIOL470/Final/Learning_Rig/bee_0408_1_rev/cam1_2026-04-08_16-30-17.mp4,1580.0,1700.5,1325,1378,1835,2023,0.81994426
426,/Volumes/SmithL0/2026/BIOL470/Final/Learning_Rig/bee_0408_1_rev/cam1_2026-04-08_16-30-17.mp4,1580.0,1701.0,1325,1378,1835,2024,0.8194605
427,/Volumes/SmithL0/2026/BIOL470/Final/Learning_Rig/bee_0408_1_rev/cam1_2026-04-08_16-30-17.mp4,1580.5,1701.5,1325,1378,1836,2025,0.8204085
428,/Volumes/SmithL0/2026/BIOL470/Final/Learning_Rig/bee_0408_1_rev/cam1_2026-04-08_16-30-17.mp4,1581.0,1701.0,1324,1377,1838,2025,0.8220177
429,/Volumes/SmithL0/2026/BIOL470/Final/Learning_Rig/bee_0408_1_rev/cam1_2026-04-08_16-30-17.mp4,1580.5,1700.5,1324,1377,1837,2024,0.8198675
430,/Volumes/SmithL0/2026/BIOL470/Final/Learning_Rig/bee_0408_1_rev/cam1_2026-04-08_16-30-17.mp4,1580.5,1701.0,1324,1377,1837,2025,0.8168853
431,/Volumes/SmithL0/2026/BIOL470/Final/Learning_Rig/bee_0408_1_rev/cam1_2026-04-08_16-30-17.mp4,1580.5,1701.0,1324,1377,1837,2025,0.8148808
432,/Volumes/SmithL0/2026/BIOL470/Final/Learning_Rig/bee_0408_1_rev/cam1_2026-04-08_16-30-17.mp4,1581.0,1702.0,1324,1377,1838,2027,0.81637615
433,/Volumes/SmithL0/2026/BIOL470/Final/Learning_Rig/bee_0408_1_rev/cam1_2026-04-08_16-30-17.mp4,1580.5,1700.5,1324,1377,1837,2024,0.81433105
434,/Volumes/SmithL0/2026/BIOL470/Final/Learning_Rig/bee_0408_1_rev/cam1_2026-04-08_16-30-17.mp4,1581.0,1701.0,1324,1377,1838,2025,0.81351674
435,/Volumes/SmithL0/2026/BIOL470/Final/Learning_Rig/bee_0408_1_rev/cam1_2026-04-08_16-30-17.mp4,1580.5,1701.5,1324,1377,1837,2026,0.814284
436,/Volumes/SmithL0/2026/BIOL470/Final/Learning_Rig/bee_0408_1_rev/cam1_2026-04-08_16-30-17.mp4,1581.0,1701.0,1324,1377,1838,2025,0.81562334
437,/Volumes/SmithL0/2026/BIOL470/Final/Learning_Rig/bee_0408_1_rev/cam1_2026-04-08_16-30-17.mp4,1581.0,1702.5,1324,1378,1838,2027,0.8153121
438,/Volumes/SmithL0/2026/BIOL470/Final/Learning_Rig/bee_0408_1_rev/cam1_2026-04-08_16-30-17.mp4,1581.5,1702.5,1324,1377,1839,2028,0.8178769
439,/Volumes/SmithL0/2026/BIOL470/Final/Learning_Rig/bee_0408_1_rev/cam1_2026-04-08_16-30-17.mp4,1581.5,1703.5,1324,1377,1839,2030,0.8150061
440,/Volumes/SmithL0/2026/BIOL470/Final/Learning_Rig/bee_0408_1_rev/cam1_2026-04-08_16-30-17.mp4,1582.0,1703.0,1324,1377,1840,2029,0.8177447
441,/Volumes/SmithL0/2026/BIOL470/Final/Learning_Rig/bee_0408_1_rev/cam1_2026-04-08_16-30-17.mp4,1581.5,1703.0,1324,1377,1839,2029,0.81342816
442,/Volumes/SmithL0/2026/BIOL470/Final/Learning_Rig/bee_0408_1_rev/cam1_2026-04-08_16-30-17.mp4,1582.0,1703.0,1324,1377,1840,2029,0.8192074
443,/Volumes/SmithL0/2026/BIOL470/Final/Learning_Rig/bee_0408_1_rev/cam1_2026-04-08_16-30-17.mp4,1581.5,1702.0,1324,1376,1839,2028,0.81754863
444,/Volumes/SmithL0/2026/BIOL470/Final/Learning_Rig/bee_0408_1_rev/cam1_2026-04-08_16-30-17.mp4,1581.5,1702.0,1324,1377,1839,2027,0.81682855
445,/Volumes/SmithL0/2026/BIOL470/Final/Learning_Rig/bee_0408_1_rev/cam1_2026-04-08_16-30-17.mp4,1581.5,1700.5,1324,1376,1839,2025,0.8155152
446,/Volumes/SmithL0/2026/BIOL470/Final/Learning_Rig/bee_0408_1_rev/cam1_2026-04-08_16-30-17.mp4,1581.5,1701.5,1324,1377,1839,2026,0.81665945
447,/Volumes/SmithL0/2026/BIOL470/Final/Learning_Rig/bee_0408_1_rev/cam1_2026-04-08_16-30-17.mp4,1581.0,1701.0,1324,1377,1838,2025,0.8180616
448,/Volumes/SmithL0/2026/BIOL470/Final/Learning_Rig/bee_0408_1_rev/cam1_2026-04-08_16-30-17.mp4,1581.5,1701.5,1324,1377,1839,2026,0.81930065
449,/Volumes/SmithL0/2026/BIOL470/Final/Learning_Rig/bee_0408_1_rev/cam1_2026-04-08_16-30-17.mp4,1581.0,1701.0,1323,1377,1839,2025,0.8207511
450,/Volumes/SmithL0/2026/BIOL470/Final/Learning_Rig/bee_0408_1_rev/cam1_2026-04-08_16-30-17.mp4,1581.5,1701.5,1323,1377,1840,2026,0.81969196
451,/Volumes/SmithL0/2026/BIOL470/Final/Learning_Rig/bee_0408_1_rev/cam1_2026-04-08_16-30-17.mp4,1581.0,1702.0,1323,1377,1839,2027,0.8178144
452,/Volumes/SmithL0/2026/BIOL470/Final/Learning_Rig/bee_0408_1_rev/cam1_2026-04-08_16-30-17.mp4,1581.5,1703.0,1323,1378,1840,2028,0.8179296
453,/Volumes/SmithL0/2026/BIOL470/Final/Learning_Rig/bee_0408_1_rev/cam1_2026-04-08_16-30-17.mp4,1581.0,1702.5,1324,1378,1838,2027,0.8163243
454,/Volumes/SmithL0/2026/BIOL470/Final/Learning_Rig/bee_0408_1_rev/cam1_2026-04-08_16-30-17.mp4,1580.5,1701.5,1323,1378,1838,2025,0.8197023
455,/Volumes/SmithL0/2026/BIOL470/Final/Learning_Rig/bee_0408_1_rev/cam1_2026-04-08_16-30-17.mp4,1580.5,1703.0,1324,1379,1837,2027,0.8208468
456,/Volumes/SmithL0/2026/BIOL470/Final/Learning_Rig/bee_0408_1_rev/cam1_2026-04-08_16-30-17.mp4,1581.0,1702.5,1324,1377,1838,2028,0.8178492
457,/Volumes/SmithL0/2026/BIOL470/Final/Learning_Rig/bee_0408_1_rev/cam1_2026-04-08_16-30-17.mp4,1581.5,1702.5,1324,1378,1839,2027,0.8166002
458,/Volumes/SmithL0/2026/BIOL470/Final/Learning_Rig/bee_0408_1_rev/cam1_2026-04-08_16-30-17.mp4,1581.5,1702.5,1324,1378,1839,2027,0.81836
459,/Volumes/SmithL0/2026/BIOL470/Final/Learning_Rig/bee_0408_1_rev/cam1_2026-04-08_16-30-17.mp4,1581.0,1702.5,1324,1378,1838,2027,0.8184557
460,/Volumes/SmithL0/2026/BIOL470/Final/Learning_Rig/bee_0408_1_rev/cam1_2026-04-08_16-30-17.mp4,1580.5,1702.0,1324,1378,1837,2026,0.8191075
461,/Volumes/SmithL0/2026/BIOL470/Final/Learning_Rig/bee_0408_1_rev/cam1_2026-04-08_16-30-17.mp4,1580.0,1702.0,1324,1378,1836,2026,0.81652445
462,/Volumes/SmithL0/2026/BIOL470/Final/Learning_Rig/bee_0408_1_rev/cam1_2026-04-08_16-30-17.mp4,1580.5,1702.0,1324,1378,1837,2026,0.81579643
463,/Volumes/SmithL0/2026/BIOL470/Final/Learning_Rig/bee_0408_1_rev/cam1_2026-04-08_16-30-17.mp4,1581.0,1702.0,1324,1378,1838,2026,0.8182223
464,/Volumes/SmithL0/2026/BIOL470/Final/Learning_Rig/bee_0408_1_rev/cam1_2026-04-08_16-30-17.mp4,1581.0,1703.0,1324,1379,1838,2027,0.82030314
465,/Volumes/SmithL0/2026/BIOL470/Final/Learning_Rig/bee_0408_1_rev/cam1_2026-04-08_16-30-17.mp4,1581.5,1701.5,1324,1378,1839,2025,0.8184538
466,/Volumes/SmithL0/2026/BIOL470/Final/Learning_Rig/bee_0408_1_rev/cam1_2026-04-08_16-30-17.mp4,1581.5,1703.5,1324,1379,1839,2028,0.81681645
467,/Volumes/SmithL0/2026/BIOL470/Final/Learning_Rig/bee_0408_1_rev/cam1_2026-04-08_16-30-17.mp4,1581.5,1702.5,1324,1378,1839,2027,0.8185503
468,/Volumes/SmithL0/2026/BIOL470/Final/Learning_Rig/bee_0408_1_rev/cam1_2026-04-08_16-30-17.mp4,1581.5,1702.5,1324,1378,1839,2027,0.81261486
469,/Volumes/SmithL0/2026/BIOL470/Final/Learning_Rig/bee_0408_1_rev/cam1_2026-04-08_16-30-17.mp4,1581.0,1703.5,1324,1379,1838,2028,0.8177461
470,/Volumes/SmithL0/2026/BIOL470/Final/Learning_Rig/bee_0408_1_rev/cam1_2026-04-08_16-30-17.mp4,1581.0,1702.5,1324,1379,1838,2026,0.81495434
471,/Volumes/SmithL0/2026/BIOL470/Final/Learning_Rig/bee_0408_1_rev/cam1_2026-04-08_16-30-17.mp4,1580.5,1702.0,1324,1379,1837,2025,0.8160129
472,/Volumes/SmithL0/2026/BIOL470/Final/Learning_Rig/bee_0408_1_rev/cam1_2026-04-08_16-30-17.mp4,1581.0,1702.0,1324,1379,1838,2025,0.81655115
473,/Volumes/SmithL0/2026/BIOL470/Final/Learning_Rig/bee_0408_1_rev/cam1_2026-04-08_16-30-17.mp4,1581.0,1702.5,1324,1378,1838,2027,0.8174053
474,/Volumes/SmithL0/2026/BIOL470/Final/Learning_Rig/bee_0408_1_rev/cam1_2026-04-08_16-30-17.mp4,1581.5,1701.5,1324,1378,1839,2025,0.8180433
475,/Volumes/SmithL0/2026/BIOL470/Final/Learning_Rig/bee_0408_1_rev/cam1_2026-04-08_16-30-17.mp4,1580.5,1701.5,1324,1377,1837,2026,0.8166291
476,/Volumes/SmithL0/2026/BIOL470/Final/Learning_Rig/bee_0408_1_rev/cam1_2026-04-08_16-30-17.mp4,1580.5,1702.5,1324,1377,1837,2028,0.8158623
477,/Volumes/SmithL0/2026/BIOL470/Final/Learning_Rig/bee_0408_1_rev/cam1_2026-04-08_16-30-17.mp4,1580.0,1702.0,1323,1377,1837,2027,0.8200683
478,/Volumes/SmithL0/2026/BIOL470/Final/Learning_Rig/bee_0408_1_rev/cam1_2026-04-08_16-30-17.mp4,1580.5,1701.0,1323,1376,1838,2026,0.8163231
479,/Volumes/SmithL0/2026/BIOL470/Final/Learning_Rig/bee_0408_1_rev/cam1_2026-04-08_16-30-17.mp4,1580.0,1702.5,1323,1378,1837,2027,0.8207352
480,/Volumes/SmithL0/2026/BIOL470/Final/Learning_Rig/bee_0408_1_rev/cam1_2026-04-08_16-30-17.mp4,1581.0,1700.5,1324,1378,1838,2023,0.8178625
481,/Volumes/SmithL0/2026/BIOL470/Final/Learning_Rig/bee_0408_1_rev/cam1_2026-04-08_16-30-17.mp4,1580.5,1700.5,1324,1377,1837,2024,0.8139229
482,/Volumes/SmithL0/2026/BIOL470/Final/Learning_Rig/bee_0408_1_rev/cam1_2026-04-08_16-30-17.mp4,1580.5,1700.5,1324,1378,1837,2023,0.8148609
483,/Volumes/SmithL0/2026/BIOL470/Final/Learning_Rig/bee_0408_1_rev/cam1_2026-04-08_16-30-17.mp4,1581.0,1701.0,1324,1378,1838,2024,0.81606215
484,/Volumes/SmithL0/2026/BIOL470/Final/Learning_Rig/bee_0408_1_rev/cam1_2026-04-08_16-30-17.mp4,1580.5,1701.5,1324,1378,1837,2025,0.8172345
485,/Volumes/SmithL0/2026/BIOL470/Final/Learning_Rig/bee_0408_1_rev/cam1_2026-04-08_16-30-17.mp4,1580.5,1702.0,1324,1377,1837,2027,0.8173877
486,/Volumes/SmithL0/2026/BIOL470/Final/Learning_Rig/bee_0408_1_rev/cam1_2026-04-08_16-30-17.mp4,1581.0,1702.0,1324,1377,1838,2027,0.8190677
487,/Volumes/SmithL0/2026/BIOL470/Final/Learning_Rig/bee_0408_1_rev/cam1_2026-04-08_16-30-17.mp4,1580.5,1702.0,1324,1378,1837,2026,0.8120113
488,/Volumes/SmithL0/2026/BIOL470/Final/Learning_Rig/bee_0408_1_rev/cam1_2026-04-08_16-30-17.mp4,1580.5,1701.5,1324,1378,1837,2025,0.8146447
489,/Volumes/SmithL0/2026/BIOL470/Final/Learning_Rig/bee_0408_1_rev/cam1_2026-04-08_16-30-17.mp4,1581.0,1701.0,1326,1378,1836,2024,0.8113645
490,/Volumes/SmithL0/2026/BIOL470/Final/Learning_Rig/bee_0408_1_rev/cam1_2026-04-08_16-30-17.mp4,1580.5,1700.5,1325,1379,1836,2022,0.81814486
491,/Volumes/SmithL0/2026/BIOL470/Final/Learning_Rig/bee_0408_1_rev/cam1_2026-04-08_16-30-17.mp4,1581.0,1701.0,1326,1378,1836,2024,0.8040803
492,/Volumes/SmithL0/2026/BIOL470/Final/Learning_Rig/bee_0408_1_rev/cam1_2026-04-08_16-30-17.mp4,1580.5,1701.5,1325,1378,1836,2025,0.81367314
493,/Volumes/SmithL0/2026/BIOL470/Final/Learning_Rig/bee_0408_1_rev/cam1_2026-04-08_16-30-17.mp4,1580.5,1701.5,1324,1378,1837,2025,0.8122878
494,/Volumes/SmithL0/2026/BIOL470/Final/Learning_Rig/bee_0408_1_rev/cam1_2026-04-08_16-30-17.mp4,1581.0,1702.0,1324,1378,1838,2026,0.8156069
495,/Volumes/SmithL0/2026/BIOL470/Final/Learning_Rig/bee_0408_1_rev/cam1_2026-04-08_16-30-17.mp4,1581.0,1702.5,1324,1378,1838,2027,0.814168
496,/Volumes/SmithL0/2026/BIOL470/Final/Learning_Rig/bee_0408_1_rev/cam1_2026-04-08_16-30-17.mp4,1580.0,1702.0,1323,1378,1837,2026,0.8202949
497,/Volumes/SmithL0/2026/BIOL470/Final/Learning_Rig/bee_0408_1_rev/cam1_2026-04-08_16-30-17.mp4,1580.0,1702.5,1324,1379,1836,2026,0.8212994
498,/Volumes/SmithL0/2026/BIOL470/Final/Learning_Rig/bee_0408_1_rev/cam1_2026-04-08_16-30-17.mp4,1580.5,1703.0,1325,1379,1836,2027,0.8161131
499,/Volumes/SmithL0/2026/BIOL470/Final/Learning_Rig/bee_0408_1_rev/cam1_2026-04-08_16-30-17.mp4,1581.0,1702.0,1325,1378,1837,2026,0.8111386
500,/Volumes/SmithL0/2026/BIOL470/Final/Learning_Rig/bee_0408_1_rev/cam1_2026-04-08_16-30-17.mp4,1581.0,1702.5,1325,1378,1837,2027,0.8076704
501,/Volumes/SmithL0/2026/BIOL470/Final/Learning_Rig/bee_0408_1_rev/cam1_2026-04-08_16-30-17.mp4,1580.5,1702.5,1324,1378,1837,2027,0.8101046
502,/Volumes/SmithL0/2026/BIOL470/Final/Learning_Rig/bee_0408_1_rev/cam1_2026-04-08_16-30-17.mp4,1580.5,1702.0,1324,1378,1837,2026,0.8135272
503,/Volumes/SmithL0/2026/BIOL470/Final/Learning_Rig/bee_0408_1_rev/cam1_2026-04-08_16-30-17.mp4,1580.0,1702.0,1323,1377,1837,2027,0.81683666
504,/Volumes/SmithL0/2026/BIOL470/Final/Learning_Rig/bee_0408_1_rev/cam1_2026-04-08_16-30-17.mp4,1580.5,1702.0,1324,1377,1837,2027,0.81318605
505,/Volumes/SmithL0/2026/BIOL470/Final/Learning_Rig/bee_0408_1_rev/cam1_2026-04-08_16-30-17.mp4,1581.0,1701.5,1323,1377,1839,2026,0.8158597
506,/Volumes/SmithL0/2026/BIOL470/Final/Learning_Rig/bee_0408_1_rev/cam1_2026-04-08_16-30-17.mp4,1580.5,1702.0,1323,1378,1838,2026,0.8150934
507,/Volumes/SmithL0/2026/BIOL470/Final/Learning_Rig/bee_0408_1_rev/cam1_2026-04-08_16-30-17.mp4,1580.5,1702.5,1324,1378,1837,2027,0.81727767
508,/Volumes/SmithL0/2026/BIOL470/Final/Learning_Rig/bee_0408_1_rev/cam1_2026-04-08_16-30-17.mp4,1580.0,1702.5,1323,1378,1837,2027,0.81798565
509,/Volumes/SmithL0/2026/BIOL470/Final/Learning_Rig/bee_0408_1_rev/cam1_2026-04-08_16-30-17.mp4,1580.0,1701.5,1325,1378,1835,2025,0.81446004
510,/Volumes/SmithL0/2026/BIOL470/Final/Learning_Rig/bee_0408_1_rev/cam1_2026-04-08_16-30-17.mp4,1581.0,1701.0,1324,1377,1838,2025,0.8165006
511,/Volumes/SmithL0/2026/BIOL470/Final/Learning_Rig/bee_0408_1_rev/cam1_2026-04-08_16-30-17.mp4,1580.5,1701.0,1324,1377,1837,2025,0.8147603
512,/Volumes/SmithL0/2026/BIOL470/Final/Learning_Rig/bee_0408_1_rev/cam1_2026-04-08_16-30-17.mp4,1581.5,1701.0,1325,1377,1838,2025,0.8137646
513,/Volumes/SmithL0/2026/BIOL470/Final/Learning_Rig/bee_0408_1_rev/cam1_2026-04-08_16-30-17.mp4,1581.0,1701.0,1324,1377,1838,2025,0.81729007
514,/Volumes/SmithL0/2026/BIOL470/Final/Learning_Rig/bee_0408_1_rev/cam1_2026-04-08_16-30-17.mp4,1581.0,1701.5,1324,1378,1838,2025,0.8142419
515,/Volumes/SmithL0/2026/BIOL470/Final/Learning_Rig/bee_0408_1_rev/cam1_2026-04-08_16-30-17.mp4,1581.0,1701.0,1324,1377,1838,2025,0.81004703
516,/Volumes/SmithL0/2026/BIOL470/Final/Learning_Rig/bee_0408_1_rev/cam1_2026-04-08_16-30-17.mp4,1581.5,1701.0,1325,1378,1838,2024,0.8081721
517,/Volumes/SmithL0/2026/BIOL470/Final/Learning_Rig/bee_0408_1_rev/cam1_2026-04-08_16-30-17.mp4,1581.5,1702.0,1325,1378,1838,2026,0.8146234
518,/Volumes/SmithL0/2026/BIOL470/Final/Learning_Rig/bee_0408_1_rev/cam1_2026-04-08_16-30-17.mp4,1582.0,1702.5,1326,1378,1838,2027,0.81515336
519,/Volumes/SmithL0/2026/BIOL470/Final/Learning_Rig/bee_0408_1_rev/cam1_2026-04-08_16-30-17.mp4,1581.5,1701.5,1325,1378,1838,2025,0.80777085
520,/Volumes/SmithL0/2026/BIOL470/Final/Learning_Rig/bee_0408_1_rev/cam1_2026-04-08_16-30-17.mp4,1581.5,1702.0,1324,1378,1839,2026,0.81058484
521,/Volumes/SmithL0/2026/BIOL470/Final/Learning_Rig/bee_0408_1_rev/cam1_2026-04-08_16-30-17.mp4,1581.0,1702.5,1324,1378,1838,2027,0.809642
522,/Volumes/SmithL0/2026/BIOL470/Final/Learning_Rig/bee_0408_1_rev/cam1_2026-04-08_16-30-17.mp4,1580.5,1702.5,1324,1378,1837,2027,0.8148455
523,/Volumes/SmithL0/2026/BIOL470/Final/Learning_Rig/bee_0408_1_rev/cam1_2026-04-08_16-30-17.mp4,1580.5,1701.5,1324,1378,1837,2025,0.81786704
524,/Volumes/SmithL0/2026/BIOL470/Final/Learning_Rig/bee_0408_1_rev/cam1_2026-04-08_16-30-17.mp4,1580.0,1702.5,1323,1379,1837,2026,0.81929874
525,/Volumes/SmithL0/2026/BIOL470/Final/Learning_Rig/bee_0408_1_rev/cam1_2026-04-08_16-30-17.mp4,1580.5,1702.0,1324,1378,1837,2026,0.81657815
526,/Volumes/SmithL0/2026/BIOL470/Final/Learning_Rig/bee_0408_1_rev/cam1_2026-04-08_16-30-17.mp4,1580.5,1702.5,1324,1378,1837,2027,0.81891316
527,/Volumes/SmithL0/2026/BIOL470/Final/Learning_Rig/bee_0408_1_rev/cam1_2026-04-08_16-30-17.mp4,1580.0,1703.0,1324,1378,1836,2028,0.81471455
528,/Volumes/SmithL0/2026/BIOL470/Final/Learning_Rig/bee_0408_1_rev/cam1_2026-04-08_16-30-17.mp4,1580.5,1702.5,1324,1379,1837,2026,0.8125963
529,/Volumes/SmithL0/2026/BIOL470/Final/Learning_Rig/bee_0408_1_rev/cam1_2026-04-08_16-30-17.mp4,1580.0,1701.0,1324,1377,1836,2025,0.81228006
530,/Volumes/SmithL0/2026/BIOL470/Final/Learning_Rig/bee_0408_1_rev/cam1_2026-04-08_16-30-17.mp4,1580.5,1702.5,1324,1378,1837,2027,0.8121855
531,/Volumes/SmithL0/2026/BIOL470/Final/Learning_Rig/bee_0408_1_rev/cam1_2026-04-08_16-30-17.mp4,1580.5,1703.0,1324,1378,1837,2028,0.8096719
532,/Volumes/SmithL0/2026/BIOL470/Final/Learning_Rig/bee_0408_1_rev/cam1_2026-04-08_16-30-17.mp4,1580.0,1702.5,1324,1379,1836,2026,0.810924
533,/Volumes/SmithL0/2026/BIOL470/Final/Learning_Rig/bee_0408_1_rev/cam1_2026-04-08_16-30-17.mp4,1580.5,1701.5,1324,1378,1837,2025,0.8168408
534,/Volumes/SmithL0/2026/BIOL470/Final/Learning_Rig/bee_0408_1_rev/cam1_2026-04-08_16-30-17.mp4,1580.5,1703.5,1324,1379,1837,2028,0.81505185
535,/Volumes/SmithL0/2026/BIOL470/Final/Learning_Rig/bee_0408_1_rev/cam1_2026-04-08_16-30-17.mp4,1581.0,1703.0,1324,1378,1838,2028,0.81242126
536,/Volumes/SmithL0/2026/BIOL470/Final/Learning_Rig/bee_0408_1_rev/cam1_2026-04-08_16-30-17.mp4,1581.5,1703.0,1323,1377,1840,2029,0.8186228
537,/Volumes/SmithL0/2026/BIOL470/Final/Learning_Rig/bee_0408_1_rev/cam1_2026-04-08_16-30-17.mp4,1581.0,1703.0,1323,1377,1839,2029,0.8168281
538,/Volumes/SmithL0/2026/BIOL470/Final/Learning_Rig/bee_0408_1_rev/cam1_2026-04-08_16-30-17.mp4,1581.0,1702.0,1323,1378,1839,2026,0.82019013
539,/Volumes/SmithL0/2026/BIOL470/Final/Learning_Rig/bee_0408_1_rev/cam1_2026-04-08_16-30-17.mp4,1581.0,1702.0,1323,1379,1839,2025,0.8177823
540,/Volumes/SmithL0/2026/BIOL470/Final/Learning_Rig/bee_0408_1_rev/cam1_2026-04-08_16-30-17.mp4,1581.0,1702.5,1325,1379,1837,2026,0.8160156
541,/Volumes/SmithL0/2026/BIOL470/Final/Learning_Rig/bee_0408_1_rev/cam1_2026-04-08_16-30-17.mp4,1580.0,1704.0,1325,1379,1835,2029,0.81589365
542,/Volumes/SmithL0/2026/BIOL470/Final/Learning_Rig/bee_0408_1_rev/cam1_2026-04-08_16-30-17.mp4,1579.5,1703.0,1324,1378,1835,2028,0.8143957
543,/Volumes/SmithL0/2026/BIOL470/Final/Learning_Rig/bee_0408_1_rev/cam1_2026-04-08_16-30-17.mp4,1579.0,1703.5,1324,1378,1834,2029,0.81780493
544,/Volumes/SmithL0/2026/BIOL470/Final/Learning_Rig/bee_0408_1_rev/cam1_2026-04-08_16-30-17.mp4,1580.0,1702.5,1324,1378,1836,2027,0.81579226
545,/Volumes/SmithL0/2026/BIOL470/Final/Learning_Rig/bee_0408_1_rev/cam1_2026-04-08_16-30-17.mp4,1579.5,1702.5,1324,1378,1835,2027,0.8148359
546,/Volumes/SmithL0/2026/BIOL470/Final/Learning_Rig/bee_0408_1_rev/cam1_2026-04-08_16-30-17.mp4,1580.0,1702.5,1325,1378,1835,2027,0.81691295
547,/Volumes/SmithL0/2026/BIOL470/Final/Learning_Rig/bee_0408_1_rev/cam1_2026-04-08_16-30-17.mp4,1579.5,1702.0,1325,1378,1834,2026,0.81753194
548,/Volumes/SmithL0/2026/BIOL470/Final/Learning_Rig/bee_0408_1_rev/cam1_2026-04-08_16-30-17.mp4,1579.5,1702.0,1324,1378,1835,2026,0.817272
549,/Volumes/SmithL0/2026/BIOL470/Final/Learning_Rig/bee_0408_1_rev/cam1_2026-04-08_16-30-17.mp4,1580.0,1702.5,1325,1378,1835,2027,0.81391233
550,/Volumes/SmithL0/2026/BIOL470/Final/Learning_Rig/bee_0408_1_rev/cam1_2026-04-08_16-30-17.mp4,1580.0,1702.5,1325,1379,1835,2026,0.8121574
551,/Volumes/SmithL0/2026/BIOL470/Final/Learning_Rig/bee_0408_1_rev/cam1_2026-04-08_16-30-17.mp4,1580.0,1703.5,1325,1379,1835,2028,0.81215316
552,/Volumes/SmithL0/2026/BIOL470/Final/Learning_Rig/bee_0408_1_rev/cam1_2026-04-08_16-30-17.mp4,1579.5,1702.5,1324,1379,1835,2026,0.81829196
553,/Volumes/SmithL0/2026/BIOL470/Final/Learning_Rig/bee_0408_1_rev/cam1_2026-04-08_16-30-17.mp4,1579.5,1700.5,1324,1377,1835,2024,0.8143543
554,/Volumes/SmithL0/2026/BIOL470/Final/Learning_Rig/bee_0408_1_rev/cam1_2026-04-08_16-30-17.mp4,1580.5,1700.0,1324,1377,1837,2023,0.8141993
555,/Volumes/SmithL0/2026/BIOL470/Final/Learning_Rig/bee_0408_1_rev/cam1_2026-04-08_16-30-17.mp4,1580.0,1699.5,1324,1377,1836,2022,0.8147909
556,/Volumes/SmithL0/2026/BIOL470/Final/Learning_Rig/bee_0408_1_rev/cam1_2026-04-08_16-30-17.mp4,1579.5,1700.0,1324,1377,1835,2023,0.81362534
557,/Volumes/SmithL0/2026/BIOL470/Final/Learning_Rig/bee_0408_1_rev/cam1_2026-04-08_16-30-17.mp4,1579.0,1701.0,1324,1378,1834,2024,0.8108716
558,/Volumes/SmithL0/2026/BIOL470/Final/Learning_Rig/bee_0408_1_rev/cam1_2026-04-08_16-30-17.mp4,1578.5,1701.5,1323,1378,1834,2025,0.8198777
559,/Volumes/SmithL0/2026/BIOL470/Final/Learning_Rig/bee_0408_1_rev/cam1_2026-04-08_16-30-17.mp4,1579.5,1701.0,1324,1377,1835,2025,0.8094731
560,/Volumes/SmithL0/2026/BIOL470/Final/Learning_Rig/bee_0408_1_rev/cam1_2026-04-08_16-30-17.mp4,1579.5,1702.0,1324,1378,1835,2026,0.81668556
561,/Volumes/SmithL0/2026/BIOL470/Final/Learning_Rig/bee_0408_1_rev/cam1_2026-04-08_16-30-17.mp4,1579.5,1702.5,1323,1378,1836,2027,0.814581
562,/Volumes/SmithL0/2026/BIOL470/Final/Learning_Rig/bee_0408_1_rev/cam1_2026-04-08_16-30-17.mp4,1580.0,1703.0,1324,1378,1836,2028,0.8173052
563,/Volumes/SmithL0/2026/BIOL470/Final/Learning_Rig/bee_0408_1_rev/cam1_2026-04-08_16-30-17.mp4,1580.0,1702.0,1324,1377,1836,2027,0.81810623
564,/Volumes/SmithL0/2026/BIOL470/Final/Learning_Rig/bee_0408_1_rev/cam1_2026-04-08_16-30-17.mp4,1579.5,1702.0,1324,1378,1835,2026,0.81888294
565,/Volumes/SmithL0/2026/BIOL470/Final/Learning_Rig/bee_0408_1_rev/cam1_2026-04-08_16-30-17.mp4,1581.0,1701.5,1324,1378,1838,2025,0.81765044
566,/Volumes/SmithL0/2026/BIOL470/Final/Learning_Rig/bee_0408_1_rev/cam1_2026-04-08_16-30-17.mp4,1581.0,1702.0,1324,1377,1838,2027,0.8158131
567,/Volumes/SmithL0/2026/BIOL470/Final/Learning_Rig/bee_0408_1_rev/cam1_2026-04-08_16-30-17.mp4,1581.0,1702.0,1323,1378,1839,2026,0.81640667
568,/Volumes/SmithL0/2026/BIOL470/Final/Learning_Rig/bee_0408_1_rev/cam1_2026-04-08_16-30-17.mp4,1581.5,1702.5,1323,1379,1840,2026,0.8180463
569,/Volumes/SmithL0/2026/BIOL470/Final/Learning_Rig/bee_0408_1_rev/cam1_2026-04-08_16-30-17.mp4,1581.0,1702.0,1323,1378,1839,2026,0.81935155
570,/Volumes/SmithL0/2026/BIOL470/Final/Learning_Rig/bee_0408_1_rev/cam1_2026-04-08_16-30-17.mp4,1581.0,1702.5,1324,1378,1838,2027,0.8145021
571,/Volumes/SmithL0/2026/BIOL470/Final/Learning_Rig/bee_0408_1_rev/cam1_2026-04-08_16-30-17.mp4,1580.5,1701.5,1324,1377,1837,2026,0.8126054
572,/Volumes/SmithL0/2026/BIOL470/Final/Learning_Rig/bee_0408_1_rev/cam1_2026-04-08_16-30-17.mp4,1581.0,1702.5,1324,1377,1838,2028,0.8154729
573,/Volumes/SmithL0/2026/BIOL470/Final/Learning_Rig/bee_0408_1_rev/cam1_2026-04-08_16-30-17.mp4,1581.0,1701.5,1324,1377,1838,2026,0.8145151
574,/Volumes/SmithL0/2026/BIOL470/Final/Learning_Rig/bee_0408_1_rev/cam1_2026-04-08_16-30-17.mp4,1581.5,1700.5,1323,1376,1840,2025,0.81366193
575,/Volumes/SmithL0/2026/BIOL470/Final/Learning_Rig/bee_0408_1_rev/cam1_2026-04-08_16-30-17.mp4,1581.5,1701.5,1324,1377,1839,2026,0.8149411
576,/Volumes/SmithL0/2026/BIOL470/Final/Learning_Rig/bee_0408_1_rev/cam1_2026-04-08_16-30-17.mp4,1581.0,1701.0,1324,1377,1838,2025,0.8131158
577,/Volumes/SmithL0/2026/BIOL470/Final/Learning_Rig/bee_0408_1_rev/cam1_2026-04-08_16-30-17.mp4,1581.0,1701.0,1324,1377,1838,2025,0.81393635
578,/Volumes/SmithL0/2026/BIOL470/Final/Learning_Rig/bee_0408_1_rev/cam1_2026-04-08_16-30-17.mp4,1581.0,1701.0,1324,1377,1838,2025,0.81867343
579,/Volumes/SmithL0/2026/BIOL470/Final/Learning_Rig/bee_0408_1_rev/cam1_2026-04-08_16-30-17.mp4,1581.5,1701.0,1324,1377,1839,2025,0.8162046
580,/Volumes/SmithL0/2026/BIOL470/Final/Learning_Rig/bee_0408_1_rev/cam1_2026-04-08_16-30-17.mp4,1581.5,1701.0,1324,1377,1839,2025,0.8175031
581,/Volumes/SmithL0/2026/BIOL470/Final/Learning_Rig/bee_0408_1_rev/cam1_2026-04-08_16-30-17.mp4,1581.5,1701.0,1324,1376,1839,2026,0.8155148
582,/Volumes/SmithL0/2026/BIOL470/Final/Learning_Rig/bee_0408_1_rev/cam1_2026-04-08_16-30-17.mp4,1581.5,1702.0,1324,1377,1839,2027,0.8132551
583,/Volumes/SmithL0/2026/BIOL470/Final/Learning_Rig/bee_0408_1_rev/cam1_2026-04-08_16-30-17.mp4,1581.0,1701.0,1324,1377,1838,2025,0.8123384
584,/Volumes/SmithL0/2026/BIOL470/Final/Learning_Rig/bee_0408_1_rev/cam1_2026-04-08_16-30-17.mp4,1580.5,1701.5,1323,1377,1838,2026,0.8141796
585,/Volumes/SmithL0/2026/BIOL470/Final/Learning_Rig/bee_0408_1_rev/cam1_2026-04-08_16-30-17.mp4,1580.0,1700.5,1324,1378,1836,2023,0.8145221
586,/Volumes/SmithL0/2026/BIOL470/Final/Learning_Rig/bee_0408_1_rev/cam1_2026-04-08_16-30-17.mp4,1580.5,1701.5,1324,1378,1837,2025,0.8166426
587,/Volumes/SmithL0/2026/BIOL470/Final/Learning_Rig/bee_0408_1_rev/cam1_2026-04-08_16-30-17.mp4,1580.5,1701.0,1324,1378,1837,2024,0.8175203
588,/Volumes/SmithL0/2026/BIOL470/Final/Learning_Rig/bee_0408_1_rev/cam1_2026-04-08_16-30-17.mp4,1580.5,1702.5,1324,1378,1837,2027,0.8199676
589,/Volumes/SmithL0/2026/BIOL470/Final/Learning_Rig/bee_0408_1_rev/cam1_2026-04-08_16-30-17.mp4,1581.0,1702.0,1324,1378,1838,2026,0.8151145
590,/Volumes/SmithL0/2026/BIOL470/Final/Learning_Rig/bee_0408_1_rev/cam1_2026-04-08_16-30-17.mp4,1581.0,1701.0,1323,1377,1839,2025,0.8159807
591,/Volumes/SmithL0/2026/BIOL470/Final/Learning_Rig/bee_0408_1_rev/cam1_2026-04-08_16-30-17.mp4,1581.0,1701.0,1324,1377,1838,2025,0.81414986
592,/Volumes/SmithL0/2026/BIOL470/Final/Learning_Rig/bee_0408_1_rev/cam1_2026-04-08_16-30-17.mp4,1581.0,1701.0,1324,1378,1838,2024,0.81115407
593,/Volumes/SmithL0/2026/BIOL470/Final/Learning_Rig/bee_0408_1_rev/cam1_2026-04-08_16-30-17.mp4,1580.0,1701.0,1323,1377,1837,2025,0.81774825
594,/Volumes/SmithL0/2026/BIOL470/Final/Learning_Rig/bee_0408_1_rev/cam1_2026-04-08_16-30-17.mp4,1580.0,1700.5,1324,1377,1836,2024,0.8168922
595,/Volumes/SmithL0/2026/BIOL470/Final/Learning_Rig/bee_0408_1_rev/cam1_2026-04-08_16-30-17.mp4,1580.5,1701.5,1324,1377,1837,2026,0.8158143
596,/Volumes/SmithL0/2026/BIOL470/Final/Learning_Rig/bee_0408_1_rev/cam1_2026-04-08_16-30-17.mp4,1580.5,1701.0,1324,1377,1837,2025,0.81608593
597,/Volumes/SmithL0/2026/BIOL470/Final/Learning_Rig/bee_0408_1_rev/cam1_2026-04-08_16-30-17.mp4,1581.0,1700.5,1324,1377,1838,2024,0.81796795
598,/Volumes/SmithL0/2026/BIOL470/Final/Learning_Rig/bee_0408_1_rev/cam1_2026-04-08_16-30-17.mp4,1580.5,1701.5,1324,1377,1837,2026,0.8132896
599,/Volumes/SmithL0/2026/BIOL470/Final/Learning_Rig/bee_0408_1_rev/cam1_2026-04-08_16-30-17.mp4,1580.5,1701.5,1324,1378,1837,2025,0.81810045
600,/Volumes/SmithL0/2026/BIOL470/Final/Learning_Rig/bee_0408_1_rev/cam1_2026-04-08_16-30-17.mp4,1580.0,1700.5,1323,1377,1837,2024,0.8144043
601,/Volumes/SmithL0/2026/BIOL470/Final/Learning_Rig/bee_0408_1_rev/cam1_2026-04-08_16-30-17.mp4,1580.0,1701.0,1323,1378,1837,2024,0.81589246
602,/Volumes/SmithL0/2026/BIOL470/Final/Learning_Rig/bee_0408_1_rev/cam1_2026-04-08_16-30-17.mp4,1580.0,1701.0,1324,1378,1836,2024,0.8137179
603,/Volumes/SmithL0/2026/BIOL470/Final/Learning_Rig/bee_0408_1_rev/cam1_2026-04-08_16-30-17.mp4,1580.5,1700.0,1324,1377,1837,2023,0.81628865
604,/Volumes/SmithL0/2026/BIOL470/Final/Learning_Rig/bee_0408_1_rev/cam1_2026-04-08_16-30-17.mp4,1581.0,1701.0,1324,1378,1838,2024,0.81545335
605,/Volumes/SmithL0/2026/BIOL470/Final/Learning_Rig/bee_0408_1_rev/cam1_2026-04-08_16-30-17.mp4,1581.0,1699.5,1323,1378,1839,2021,0.8183514
606,/Volumes/SmithL0/2026/BIOL470/Final/Learning_Rig/bee_0408_1_rev/cam1_2026-04-08_16-30-17.mp4,1581.5,1700.5,1324,1377,1839,2024,0.8155531
607,/Volumes/SmithL0/2026/BIOL470/Final/Learning_Rig/bee_0408_1_rev/cam1_2026-04-08_16-30-17.mp4,1581.0,1702.0,1324,1377,1838,2027,0.8161559
608,/Volumes/SmithL0/2026/BIOL470/Final/Learning_Rig/bee_0408_1_rev/cam1_2026-04-08_16-30-17.mp4,1581.0,1702.0,1324,1377,1838,2027,0.81611955
609,/Volumes/SmithL0/2026/BIOL470/Final/Learning_Rig/bee_0408_1_rev/cam1_2026-04-08_16-30-17.mp4,1581.5,1702.5,1324,1377,1839,2028,0.81467587
610,/Volumes/SmithL0/2026/BIOL470/Final/Learning_Rig/bee_0408_1_rev/cam1_2026-04-08_16-30-17.mp4,1581.5,1702.0,1324,1378,1839,2026,0.8155356
611,/Volumes/SmithL0/2026/BIOL470/Final/Learning_Rig/bee_0408_1_rev/cam1_2026-04-08_16-30-17.mp4,1580.0,1701.5,1323,1377,1837,2026,0.8118151
612,/Volumes/SmithL0/2026/BIOL470/Final/Learning_Rig/bee_0408_1_rev/cam1_2026-04-08_16-30-17.mp4,1580.5,1702.0,1323,1377,1838,2027,0.8172938
613,/Volumes/SmithL0/2026/BIOL470/Final/Learning_Rig/bee_0408_1_rev/cam1_2026-04-08_16-30-17.mp4,1580.5,1699.5,1322,1375,1839,2024,0.81417006
614,/Volumes/SmithL0/2026/BIOL470/Final/Learning_Rig/bee_0408_1_rev/cam1_2026-04-08_16-30-17.mp4,1580.5,1700.5,1323,1376,1838,2025,0.8183061
615,/Volumes/SmithL0/2026/BIOL470/Final/Learning_Rig/bee_0408_1_rev/cam1_2026-04-08_16-30-17.mp4,1580.0,1701.0,1324,1377,1836,2025,0.81857413
616,/Volumes/SmithL0/2026/BIOL470/Final/Learning_Rig/bee_0408_1_rev/cam1_2026-04-08_16-30-17.mp4,1579.5,1701.0,1324,1377,1835,2025,0.8133664
617,/Volumes/SmithL0/2026/BIOL470/Final/Learning_Rig/bee_0408_1_rev/cam1_2026-04-08_16-30-17.mp4,1580.0,1701.0,1323,1377,1837,2025,0.81706613
618,/Volumes/SmithL0/2026/BIOL470/Final/Learning_Rig/bee_0408_1_rev/cam1_2026-04-08_16-30-17.mp4,1580.0,1701.0,1323,1378,1837,2024,0.8171212
619,/Volumes/SmithL0/2026/BIOL470/Final/Learning_Rig/bee_0408_1_rev/cam1_2026-04-08_16-30-17.mp4,1579.5,1700.5,1323,1377,1836,2024,0.81447566
620,/Volumes/SmithL0/2026/BIOL470/Final/Learning_Rig/bee_0408_1_rev/cam1_2026-04-08_16-30-17.mp4,1579.5,1701.0,1323,1377,1836,2025,0.81591475
621,/Volumes/SmithL0/2026/BIOL470/Final/Learning_Rig/bee_0408_1_rev/cam1_2026-04-08_16-30-17.mp4,1579.5,1702.5,1323,1378,1836,2027,0.8173216
622,/Volumes/SmithL0/2026/BIOL470/Final/Learning_Rig/bee_0408_1_rev/cam1_2026-04-08_16-30-17.mp4,1579.5,1701.5,1324,1377,1835,2026,0.8165724
623,/Volumes/SmithL0/2026/BIOL470/Final/Learning_Rig/bee_0408_1_rev/cam1_2026-04-08_16-30-17.mp4,1579.0,1701.0,1324,1378,1834,2024,0.81840783
624,/Volumes/SmithL0/2026/BIOL470/Final/Learning_Rig/bee_0408_1_rev/cam1_2026-04-08_16-30-17.mp4,1579.5,1701.5,1324,1377,1835,2026,0.82037914
625,/Volumes/SmithL0/2026/BIOL470/Final/Learning_Rig/bee_0408_1_rev/cam1_2026-04-08_16-30-17.mp4,1579.0,1702.0,1324,1377,1834,2027,0.8200136
626,/Volumes/SmithL0/2026/BIOL470/Final/Learning_Rig/bee_0408_1_rev/cam1_2026-04-08_16-30-17.mp4,1579.0,1701.5,1323,1378,1835,2025,0.8220035
627,/Volumes/SmithL0/2026/BIOL470/Final/Learning_Rig/bee_0408_1_rev/cam1_2026-04-08_16-30-17.mp4,1580.0,1701.0,1323,1377,1837,2025,0.82058513
628,/Volumes/SmithL0/2026/BIOL470/Final/Learning_Rig/bee_0408_1_rev/cam1_2026-04-08_16-30-17.mp4,1580.0,1701.0,1324,1377,1836,2025,0.81837124
629,/Volumes/SmithL0/2026/BIOL470/Final/Learning_Rig/bee_0408_1_rev/cam1_2026-04-08_16-30-17.mp4,1580.5,1701.0,1324,1377,1837,2025,0.81832343
630,/Volumes/SmithL0/2026/BIOL470/Final/Learning_Rig/bee_0408_1_rev/cam1_2026-04-08_16-30-17.mp4,1581.0,1700.5,1324,1377,1838,2024,0.8168541
631,/Volumes/SmithL0/2026/BIOL470/Final/Learning_Rig/bee_0408_1_rev/cam1_2026-04-08_16-30-17.mp4,1580.0,1700.5,1323,1377,1837,2024,0.81762385
632,/Volumes/SmithL0/2026/BIOL470/Final/Learning_Rig/bee_0408_1_rev/cam1_2026-04-08_16-30-17.mp4,1580.5,1700.5,1323,1377,1838,2024,0.8179583
633,/Volumes/SmithL0/2026/BIOL470/Final/Learning_Rig/bee_0408_1_rev/cam1_2026-04-08_16-30-17.mp4,1580.0,1701.0,1324,1377,1836,2025,0.81540084
634,/Volumes/SmithL0/2026/BIOL470/Final/Learning_Rig/bee_0408_1_rev/cam1_2026-04-08_16-30-17.mp4,1580.5,1701.0,1323,1377,1838,2025,0.8162235
635,/Volumes/SmithL0/2026/BIOL470/Final/Learning_Rig/bee_0408_1_rev/cam1_2026-04-08_16-30-17.mp4,1580.0,1701.5,1324,1377,1836,2026,0.81600624
636,/Volumes/SmithL0/2026/BIOL470/Final/Learning_Rig/bee_0408_1_rev/cam1_2026-04-08_16-30-17.mp4,1580.5,1702.0,1324,1377,1837,2027,0.8170234
637,/Volumes/SmithL0/2026/BIOL470/Final/Learning_Rig/bee_0408_1_rev/cam1_2026-04-08_16-30-17.mp4,1579.5,1701.5,1324,1377,1835,2026,0.8163571
638,/Volumes/SmithL0/2026/BIOL470/Final/Learning_Rig/bee_0408_1_rev/cam1_2026-04-08_16-30-17.mp4,1580.0,1701.5,1324,1378,1836,2025,0.8168736
639,/Volumes/SmithL0/2026/BIOL470/Final/Learning_Rig/bee_0408_1_rev/cam1_2026-04-08_16-30-17.mp4,1580.0,1701.0,1324,1377,1836,2025,0.8166588
640,/Volumes/SmithL0/2026/BIOL470/Final/Learning_Rig/bee_0408_1_rev/cam1_2026-04-08_16-30-17.mp4,1580.5,1701.0,1324,1377,1837,2025,0.8169829
641,/Volumes/SmithL0/2026/BIOL470/Final/Learning_Rig/bee_0408_1_rev/cam1_2026-04-08_16-30-17.mp4,1581.0,1702.0,1325,1377,1837,2027,0.8181636
642,/Volumes/SmithL0/2026/BIOL470/Final/Learning_Rig/bee_0408_1_rev/cam1_2026-04-08_16-30-17.mp4,1581.0,1700.0,1325,1376,1837,2024,0.81710154
643,/Volumes/SmithL0/2026/BIOL470/Final/Learning_Rig/bee_0408_1_rev/cam1_2026-04-08_16-30-17.mp4,1580.0,1700.5,1324,1376,1836,2025,0.8178534
644,/Volumes/SmithL0/2026/BIOL470/Final/Learning_Rig/bee_0408_1_rev/cam1_2026-04-08_16-30-17.mp4,1580.5,1700.5,1324,1376,1837,2025,0.81815135
645,/Volumes/SmithL0/2026/BIOL470/Final/Learning_Rig/bee_0408_1_rev/cam1_2026-04-08_16-30-17.mp4,1579.5,1703.0,1324,1376,1835,2030,0.8190098
646,/Volumes/SmithL0/2026/BIOL470/Final/Learning_Rig/bee_0408_1_rev/cam1_2026-04-08_16-30-17.mp4,1579.5,1702.0,1324,1377,1835,2027,0.8198451
647,/Volumes/SmithL0/2026/BIOL470/Final/Learning_Rig/bee_0408_1_rev/cam1_2026-04-08_16-30-17.mp4,1579.5,1702.5,1324,1378,1835,2027,0.81961614
648,/Volumes/SmithL0/2026/BIOL470/Final/Learning_Rig/bee_0408_1_rev/cam1_2026-04-08_16-30-17.mp4,1580.0,1702.5,1324,1377,1836,2028,0.819643
649,/Volumes/SmithL0/2026/BIOL470/Final/Learning_Rig/bee_0408_1_rev/cam1_2026-04-08_16-30-17.mp4,1580.0,1702.0,1324,1376,1836,2028,0.81531864
650,/Volumes/SmithL0/2026/BIOL470/Final/Learning_Rig/bee_0408_1_rev/cam1_2026-04-08_16-30-17.mp4,1581.0,1703.0,1325,1376,1837,2030,0.814563
651,/Volumes/SmithL0/2026/BIOL470/Final/Learning_Rig/bee_0408_1_rev/cam1_2026-04-08_16-30-17.mp4,1579.5,1702.0,1325,1377,1834,2027,0.8151709
652,/Volumes/SmithL0/2026/BIOL470/Final/Learning_Rig/bee_0408_1_rev/cam1_2026-04-08_16-30-17.mp4,1580.0,1700.0,1325,1376,1835,2024,0.8140481
653,/Volumes/SmithL0/2026/BIOL470/Final/Learning_Rig/bee_0408_1_rev/cam1_2026-04-08_16-30-17.mp4,1580.5,1700.5,1325,1376,1836,2025,0.81341225
654,/Volumes/SmithL0/2026/BIOL470/Final/Learning_Rig/bee_0408_1_rev/cam1_2026-04-08_16-30-17.mp4,1580.5,1700.5,1325,1376,1836,2025,0.8105082
655,/Volumes/SmithL0/2026/BIOL470/Final/Learning_Rig/bee_0408_1_rev/cam1_2026-04-08_16-30-17.mp4,1580.0,1701.0,1324,1377,1836,2025,0.8113727
656,/Volumes/SmithL0/2026/BIOL470/Final/Learning_Rig/bee_0408_1_rev/cam1_2026-04-08_16-30-17.mp4,1579.5,1700.5,1324,1376,1835,2025,0.81343216
657,/Volumes/SmithL0/2026/BIOL470/Final/Learning_Rig/bee_0408_1_rev/cam1_2026-04-08_16-30-17.mp4,1580.0,1701.0,1325,1377,1835,2025,0.8120149
658,/Volumes/SmithL0/2026/BIOL470/Final/Learning_Rig/bee_0408_1_rev/cam1_2026-04-08_16-30-17.mp4,1580.0,1700.5,1325,1377,1835,2024,0.81362593
659,/Volumes/SmithL0/2026/BIOL470/Final/Learning_Rig/bee_0408_1_rev/cam1_2026-04-08_16-30-17.mp4,1580.0,1701.5,1325,1376,1835,2027,0.81368285
660,/Volumes/SmithL0/2026/BIOL470/Final/Learning_Rig/bee_0408_1_rev/cam1_2026-04-08_16-30-17.mp4,1580.5,1700.0,1325,1376,1836,2024,0.815676
661,/Volumes/SmithL0/2026/BIOL470/Final/Learning_Rig/bee_0408_1_rev/cam1_2026-04-08_16-30-17.mp4,1580.0,1700.0,1325,1376,1835,2024,0.81415045
662,/Volumes/SmithL0/2026/BIOL470/Final/Learning_Rig/bee_0408_1_rev/cam1_2026-04-08_16-30-17.mp4,1580.5,1700.0,1325,1376,1836,2024,0.8098611
663,/Volumes/SmithL0/2026/BIOL470/Final/Learning_Rig/bee_0408_1_rev/cam1_2026-04-08_16-30-17.mp4,1580.5,1699.5,1324,1376,1837,2023,0.8101783
664,/Volumes/SmithL0/2026/BIOL470/Final/Learning_Rig/bee_0408_1_rev/cam1_2026-04-08_16-30-17.mp4,1580.5,1700.5,1325,1377,1836,2024,0.8142839
665,/Volumes/SmithL0/2026/BIOL470/Final/Learning_Rig/bee_0408_1_rev/cam1_2026-04-08_16-30-17.mp4,1579.5,1699.5,1324,1377,1835,2022,0.8172275
666,/Volumes/SmithL0/2026/BIOL470/Final/Learning_Rig/bee_0408_1_rev/cam1_2026-04-08_16-30-17.mp4,1580.0,1700.0,1324,1377,1836,2023,0.816984
667,/Volumes/SmithL0/2026/BIOL470/Final/Learning_Rig/bee_0408_1_rev/cam1_2026-04-08_16-30-17.mp4,1580.5,1699.5,1324,1377,1837,2022,0.81554186
668,/Volumes/SmithL0/2026/BIOL470/Final/Learning_Rig/bee_0408_1_rev/cam1_2026-04-08_16-30-17.mp4,1581.5,1700.0,1325,1378,1838,2022,0.81481075
669,/Volumes/SmithL0/2026/BIOL470/Final/Learning_Rig/bee_0408_1_rev/cam1_2026-04-08_16-30-17.mp4,1580.5,1699.5,1325,1377,1836,2022,0.81654716
670,/Volumes/SmithL0/2026/BIOL470/Final/Learning_Rig/bee_0408_1_rev/cam1_2026-04-08_16-30-17.mp4,1581.0,1700.5,1325,1378,1837,2023,0.8176004
671,/Volumes/SmithL0/2026/BIOL470/Final/Learning_Rig/bee_0408_1_rev/cam1_2026-04-08_16-30-17.mp4,1581.0,1700.0,1325,1377,1837,2023,0.81266665
672,/Volumes/SmithL0/2026/BIOL470/Final/Learning_Rig/bee_0408_1_rev/cam1_2026-04-08_16-30-17.mp4,1580.5,1701.0,1325,1378,1836,2024,0.81206626
673,/Volumes/SmithL0/2026/BIOL470/Final/Learning_Rig/bee_0408_1_rev/cam1_2026-04-08_16-30-17.mp4,1580.0,1700.5,1325,1378,1835,2023,0.81404203
674,/Volumes/SmithL0/2026/BIOL470/Final/Learning_Rig/bee_0408_1_rev/cam1_2026-04-08_16-30-17.mp4,1580.5,1700.5,1324,1376,1837,2025,0.8166952
675,/Volumes/SmithL0/2026/BIOL470/Final/Learning_Rig/bee_0408_1_rev/cam1_2026-04-08_16-30-17.mp4,1580.5,1701.0,1324,1376,1837,2026,0.8087192
676,/Volumes/SmithL0/2026/BIOL470/Final/Learning_Rig/bee_0408_1_rev/cam1_2026-04-08_16-30-17.mp4,1581.0,1701.0,1324,1377,1838,2025,0.8095965
677,/Volumes/SmithL0/2026/BIOL470/Final/Learning_Rig/bee_0408_1_rev/cam1_2026-04-08_16-30-17.mp4,1581.0,1700.5,1325,1377,1837,2024,0.8089023
678,/Volumes/SmithL0/2026/BIOL470/Final/Learning_Rig/bee_0408_1_rev/cam1_2026-04-08_16-30-17.mp4,1581.0,1701.0,1325,1377,1837,2025,0.8171442
679,/Volumes/SmithL0/2026/BIOL470/Final/Learning_Rig/bee_0408_1_rev/cam1_2026-04-08_16-30-17.mp4,1579.5,1701.0,1325,1377,1834,2025,0.8172851
680,/Volumes/SmithL0/2026/BIOL470/Final/Learning_Rig/bee_0408_1_rev/cam1_2026-04-08_16-30-17.mp4,1579.0,1700.5,1325,1378,1833,2023,0.82100374
681,/Volumes/SmithL0/2026/BIOL470/Final/Learning_Rig/bee_0408_1_rev/cam1_2026-04-08_16-30-17.mp4,1580.0,1700.0,1325,1377,1835,2023,0.8156467
682,/Volumes/SmithL0/2026/BIOL470/Final/Learning_Rig/bee_0408_1_rev/cam1_2026-04-08_16-30-17.mp4,1580.5,1701.0,1325,1377,1836,2025,0.8186164
683,/Volumes/SmithL0/2026/BIOL470/Final/Learning_Rig/bee_0408_1_rev/cam1_2026-04-08_16-30-17.mp4,1580.5,1702.0,1324,1378,1837,2026,0.8181427
684,/Volumes/SmithL0/2026/BIOL470/Final/Learning_Rig/bee_0408_1_rev/cam1_2026-04-08_16-30-17.mp4,1581.0,1701.0,1325,1377,1837,2025,0.81932425
685,/Volumes/SmithL0/2026/BIOL470/Final/Learning_Rig/bee_0408_1_rev/cam1_2026-04-08_16-30-17.mp4,1581.0,1701.5,1324,1377,1838,2026,0.8175432
686,/Volumes/SmithL0/2026/BIOL470/Final/Learning_Rig/bee_0408_1_rev/cam1_2026-04-08_16-30-17.mp4,1580.5,1700.5,1324,1376,1837,2025,0.8193924
687,/Volumes/SmithL0/2026/BIOL470/Final/Learning_Rig/bee_0408_1_rev/cam1_2026-04-08_16-30-17.mp4,1580.5,1700.0,1324,1376,1837,2024,0.8179317
688,/Volumes/SmithL0/2026/BIOL470/Final/Learning_Rig/bee_0408_1_rev/cam1_2026-04-08_16-30-17.mp4,1581.0,1701.0,1325,1377,1837,2025,0.81477326
689,/Volumes/SmithL0/2026/BIOL470/Final/Learning_Rig/bee_0408_1_rev/cam1_2026-04-08_16-30-17.mp4,1581.0,1700.5,1325,1377,1837,2024,0.81508523
690,/Volumes/SmithL0/2026/BIOL470/Final/Learning_Rig/bee_0408_1_rev/cam1_2026-04-08_16-30-17.mp4,1580.0,1700.0,1324,1377,1836,2023,0.81853527
691,/Volumes/SmithL0/2026/BIOL470/Final/Learning_Rig/bee_0408_1_rev/cam1_2026-04-08_16-30-17.mp4,1580.0,1700.0,1325,1377,1835,2023,0.8113181
692,/Volumes/SmithL0/2026/BIOL470/Final/Learning_Rig/bee_0408_1_rev/cam1_2026-04-08_16-30-17.mp4,1579.5,1700.5,1324,1377,1835,2024,0.8159614
693,/Volumes/SmithL0/2026/BIOL470/Final/Learning_Rig/bee_0408_1_rev/cam1_2026-04-08_16-30-17.mp4,1580.0,1700.5,1325,1377,1835,2024,0.8140712
694,/Volumes/SmithL0/2026/BIOL470/Final/Learning_Rig/bee_0408_1_rev/cam1_2026-04-08_16-30-17.mp4,1580.0,1700.0,1324,1376,1836,2024,0.81384766
695,/Volumes/SmithL0/2026/BIOL470/Final/Learning_Rig/bee_0408_1_rev/cam1_2026-04-08_16-30-17.mp4,1580.0,1700.5,1324,1376,1836,2025,0.81544363
696,/Volumes/SmithL0/2026/BIOL470/Final/Learning_Rig/bee_0408_1_rev/cam1_2026-04-08_16-30-17.mp4,1579.5,1699.5,1324,1376,1835,2023,0.8177674
697,/Volumes/SmithL0/2026/BIOL470/Final/Learning_Rig/bee_0408_1_rev/cam1_2026-04-08_16-30-17.mp4,1580.0,1700.0,1324,1377,1836,2023,0.8131379
698,/Volumes/SmithL0/2026/BIOL470/Final/Learning_Rig/bee_0408_1_rev/cam1_2026-04-08_16-30-17.mp4,1580.0,1700.5,1324,1377,1836,2024,0.817645
699,/Volumes/SmithL0/2026/BIOL470/Final/Learning_Rig/bee_0408_1_rev/cam1_2026-04-08_16-30-17.mp4,1580.0,1701.0,1325,1377,1835,2025,0.8147878
700,/Volumes/SmithL0/2026/BIOL470/Final/Learning_Rig/bee_0408_1_rev/cam1_2026-04-08_16-30-17.mp4,1580.0,1701.0,1324,1377,1836,2025,0.8166626
701,/Volumes/SmithL0/2026/BIOL470/Final/Learning_Rig/bee_0408_1_rev/cam1_2026-04-08_16-30-17.mp4,1580.0,1701.0,1325,1377,1835,2025,0.81725365
702,/Volumes/SmithL0/2026/BIOL470/Final/Learning_Rig/bee_0408_1_rev/cam1_2026-04-08_16-30-17.mp4,1580.0,1701.0,1325,1377,1835,2025,0.81242245
703,/Volumes/SmithL0/2026/BIOL470/Final/Learning_Rig/bee_0408_1_rev/cam1_2026-04-08_16-30-17.mp4,1579.5,1701.0,1325,1377,1834,2025,0.8112314
704,/Volumes/SmithL0/2026/BIOL470/Final/Learning_Rig/bee_0408_1_rev/cam1_2026-04-08_16-30-17.mp4,1579.0,1701.0,1325,1377,1833,2025,0.8152314
705,/Volumes/SmithL0/2026/BIOL470/Final/Learning_Rig/bee_0408_1_rev/cam1_2026-04-08_16-30-17.mp4,1580.0,1701.5,1325,1378,1835,2025,0.81579596
706,/Volumes/SmithL0/2026/BIOL470/Final/Learning_Rig/bee_0408_1_rev/cam1_2026-04-08_16-30-17.mp4,1580.0,1702.0,1325,1378,1835,2026,0.8193388
707,/Volumes/SmithL0/2026/BIOL470/Final/Learning_Rig/bee_0408_1_rev/cam1_2026-04-08_16-30-17.mp4,1579.5,1702.0,1325,1378,1834,2026,0.8145563
708,/Volumes/SmithL0/2026/BIOL470/Final/Learning_Rig/bee_0408_1_rev/cam1_2026-04-08_16-30-17.mp4,1580.5,1702.5,1325,1378,1836,2027,0.8179728
709,/Volumes/SmithL0/2026/BIOL470/Final/Learning_Rig/bee_0408_1_rev/cam1_2026-04-08_16-30-17.mp4,1580.0,1702.0,1325,1378,1835,2026,0.8177557
710,/Volumes/SmithL0/2026/BIOL470/Final/Learning_Rig/bee_0408_1_rev/cam1_2026-04-08_16-30-17.mp4,1580.5,1701.5,1324,1378,1837,2025,0.81766164
711,/Volumes/SmithL0/2026/BIOL470/Final/Learning_Rig/bee_0408_1_rev/cam1_2026-04-08_16-30-17.mp4,1580.0,1700.5,1324,1378,1836,2023,0.81710595
712,/Volumes/SmithL0/2026/BIOL470/Final/Learning_Rig/bee_0408_1_rev/cam1_2026-04-08_16-30-17.mp4,1579.0,1701.5,1324,1378,1834,2025,0.820671
713,/Volumes/SmithL0/2026/BIOL470/Final/Learning_Rig/bee_0408_1_rev/cam1_2026-04-08_16-30-17.mp4,1579.5,1701.0,1324,1378,1835,2024,0.81970775
714,/Volumes/SmithL0/2026/BIOL470/Final/Learning_Rig/bee_0408_1_rev/cam1_2026-04-08_16-30-17.mp4,1580.0,1701.5,1324,1378,1836,2025,0.823505
715,/Volumes/SmithL0/2026/BIOL470/Final/Learning_Rig/bee_0408_1_rev/cam1_2026-04-08_16-30-17.mp4,1579.5,1701.0,1323,1378,1836,2024,0.81871855
716,/Volumes/SmithL0/2026/BIOL470/Final/Learning_Rig/bee_0408_1_rev/cam1_2026-04-08_16-30-17.mp4,1580.5,1700.0,1323,1377,1838,2023,0.8158085
717,/Volumes/SmithL0/2026/BIOL470/Final/Learning_Rig/bee_0408_1_rev/cam1_2026-04-08_16-30-17.mp4,1580.5,1700.5,1323,1377,1838,2024,0.81737983
718,/Volumes/SmithL0/2026/BIOL470/Final/Learning_Rig/bee_0408_1_rev/cam1_2026-04-08_16-30-17.mp4,1580.0,1700.5,1323,1377,1837,2024,0.8189695
719,/Volumes/SmithL0/2026/BIOL470/Final/Learning_Rig/bee_0408_1_rev/cam1_2026-04-08_16-30-17.mp4,1580.0,1700.0,1325,1377,1835,2023,0.81352156
720,/Volumes/SmithL0/2026/BIOL470/Final/Learning_Rig/bee_0408_1_rev/cam1_2026-04-08_16-30-17.mp4,1579.0,1701.5,1325,1378,1833,2025,0.81850725
721,/Volumes/SmithL0/2026/BIOL470/Final/Learning_Rig/bee_0408_1_rev/cam1_2026-04-08_16-30-17.mp4,1579.0,1701.0,1325,1377,1833,2025,0.8162787
722,/Volumes/SmithL0/2026/BIOL470/Final/Learning_Rig/bee_0408_1_rev/cam1_2026-04-08_16-30-17.mp4,1579.5,1700.5,1324,1377,1835,2024,0.8143827
723,/Volumes/SmithL0/2026/BIOL470/Final/Learning_Rig/bee_0408_1_rev/cam1_2026-04-08_16-30-17.mp4,1580.0,1700.5,1324,1377,1836,2024,0.8139341
724,/Volumes/SmithL0/2026/BIOL470/Final/Learning_Rig/bee_0408_1_rev/cam1_2026-04-08_16-30-17.mp4,1580.5,1701.0,1325,1378,1836,2024,0.81623197
725,/Volumes/SmithL0/2026/BIOL470/Final/Learning_Rig/bee_0408_1_rev/cam1_2026-04-08_16-30-17.mp4,1579.5,1701.0,1325,1378,1834,2024,0.816387
726,/Volumes/SmithL0/2026/BIOL470/Final/Learning_Rig/bee_0408_1_rev/cam1_2026-04-08_16-30-17.mp4,1580.0,1700.0,1325,1378,1835,2022,0.8157387
727,/Volumes/SmithL0/2026/BIOL470/Final/Learning_Rig/bee_0408_1_rev/cam1_2026-04-08_16-30-17.mp4,1580.0,1700.0,1325,1377,1835,2023,0.81572145
728,/Volumes/SmithL0/2026/BIOL470/Final/Learning_Rig/bee_0408_1_rev/cam1_2026-04-08_16-30-17.mp4,1580.0,1700.0,1325,1377,1835,2023,0.81561035
729,/Volumes/SmithL0/2026/BIOL470/Final/Learning_Rig/bee_0408_1_rev/cam1_2026-04-08_16-30-17.mp4,1580.0,1700.5,1324,1377,1836,2024,0.81618816
730,/Volumes/SmithL0/2026/BIOL470/Final/Learning_Rig/bee_0408_1_rev/cam1_2026-04-08_16-30-17.mp4,1580.0,1700.5,1324,1377,1836,2024,0.8116368
731,/Volumes/SmithL0/2026/BIOL470/Final/Learning_Rig/bee_0408_1_rev/cam1_2026-04-08_16-30-17.mp4,1580.0,1702.0,1324,1378,1836,2026,0.81030416
732,/Volumes/SmithL0/2026/BIOL470/Final/Learning_Rig/bee_0408_1_rev/cam1_2026-04-08_16-30-17.mp4,1580.0,1701.0,1324,1377,1836,2025,0.81224686
733,/Volumes/SmithL0/2026/BIOL470/Final/Learning_Rig/bee_0408_1_rev/cam1_2026-04-08_16-30-17.mp4,1579.5,1702.0,1325,1378,1834,2026,0.8139477
734,/Volumes/SmithL0/2026/BIOL470/Final/Learning_Rig/bee_0408_1_rev/cam1_2026-04-08_16-30-17.mp4,1580.5,1701.5,1325,1378,1836,2025,0.8162783
735,/Volumes/SmithL0/2026/BIOL470/Final/Learning_Rig/bee_0408_1_rev/cam1_2026-04-08_16-30-17.mp4,1579.0,1702.5,1324,1378,1834,2027,0.81597364
736,/Volumes/SmithL0/2026/BIOL470/Final/Learning_Rig/bee_0408_1_rev/cam1_2026-04-08_16-30-17.mp4,1579.5,1702.0,1325,1378,1834,2026,0.81030905
737,/Volumes/SmithL0/2026/BIOL470/Final/Learning_Rig/bee_0408_1_rev/cam1_2026-04-08_16-30-17.mp4,1579.0,1701.0,1324,1378,1834,2024,0.81433046
738,/Volumes/SmithL0/2026/BIOL470/Final/Learning_Rig/bee_0408_1_rev/cam1_2026-04-08_16-30-17.mp4,1579.5,1701.5,1325,1378,1834,2025,0.81770813
739,/Volumes/SmithL0/2026/BIOL470/Final/Learning_Rig/bee_0408_1_rev/cam1_2026-04-08_16-30-17.mp4,1579.5,1701.0,1325,1377,1834,2025,0.8173314
740,/Volumes/SmithL0/2026/BIOL470/Final/Learning_Rig/bee_0408_1_rev/cam1_2026-04-08_16-30-17.mp4,1580.5,1701.0,1324,1377,1837,2025,0.81429183
741,/Volumes/SmithL0/2026/BIOL470/Final/Learning_Rig/bee_0408_1_rev/cam1_2026-04-08_16-30-17.mp4,1580.0,1701.0,1323,1377,1837,2025,0.81814027
742,/Volumes/SmithL0/2026/BIOL470/Final/Learning_Rig/bee_0408_1_rev/cam1_2026-04-08_16-30-17.mp4,1580.0,1701.0,1324,1377,1836,2025,0.81472397
743,/Volumes/SmithL0/2026/BIOL470/Final/Learning_Rig/bee_0408_1_rev/cam1_2026-04-08_16-30-17.mp4,1580.0,1701.5,1324,1377,1836,2026,0.81604904
744,/Volumes/SmithL0/2026/BIOL470/Final/Learning_Rig/bee_0408_1_rev/cam1_2026-04-08_16-30-17.mp4,1581.0,1701.5,1324,1377,1838,2026,0.8161585
745,/Volumes/SmithL0/2026/BIOL470/Final/Learning_Rig/bee_0408_1_rev/cam1_2026-04-08_16-30-17.mp4,1581.0,1703.0,1324,1377,1838,2029,0.8192142
746,/Volumes/SmithL0/2026/BIOL470/Final/Learning_Rig/bee_0408_1_rev/cam1_2026-04-08_16-30-17.mp4,1580.5,1702.0,1325,1377,1836,2027,0.8123754
747,/Volumes/SmithL0/2026/BIOL470/Final/Learning_Rig/bee_0408_1_rev/cam1_2026-04-08_16-30-17.mp4,1580.5,1701.5,1325,1377,1836,2026,0.81568414
748,/Volumes/SmithL0/2026/BIOL470/Final/Learning_Rig/bee_0408_1_rev/cam1_2026-04-08_16-30-17.mp4,1580.5,1702.0,1326,1377,1835,2027,0.81579274
749,/Volumes/SmithL0/2026/BIOL470/Final/Learning_Rig/bee_0408_1_rev/cam1_2026-04-08_16-30-17.mp4,1580.0,1701.5,1325,1377,1835,2026,0.8106669
750,/Volumes/SmithL0/2026/BIOL470/Final/Learning_Rig/bee_0408_1_rev/cam1_2026-04-08_16-30-17.mp4,1581.0,1700.0,1325,1377,1837,2023,0.8121289
751,/Volumes/SmithL0/2026/BIOL470/Final/Learning_Rig/bee_0408_1_rev/cam1_2026-04-08_16-30-17.mp4,1579.5,1699.5,1324,1377,1835,2022,0.81751215
752,/Volumes/SmithL0/2026/BIOL470/Final/Learning_Rig/bee_0408_1_rev/cam1_2026-04-08_16-30-17.mp4,1580.0,1700.0,1325,1377,1835,2023,0.8158343
753,/Volumes/SmithL0/2026/BIOL470/Final/Learning_Rig/bee_0408_1_rev/cam1_2026-04-08_16-30-17.mp4,1579.5,1701.5,1325,1377,1834,2026,0.8117069
754,/Volumes/SmithL0/2026/BIOL470/Final/Learning_Rig/bee_0408_1_rev/cam1_2026-04-08_16-30-17.mp4,1580.5,1701.5,1325,1377,1836,2026,0.8112023
755,/Volumes/SmithL0/2026/BIOL470/Final/Learning_Rig/bee_0408_1_rev/cam1_2026-04-08_16-30-17.mp4,1580.0,1702.0,1324,1377,1836,2027,0.8117318
756,/Volumes/SmithL0/2026/BIOL470/Final/Learning_Rig/bee_0408_1_rev/cam1_2026-04-08_16-30-17.mp4,1580.5,1701.0,1325,1377,1836,2025,0.8147401
757,/Volumes/SmithL0/2026/BIOL470/Final/Learning_Rig/bee_0408_1_rev/cam1_2026-04-08_16-30-17.mp4,1580.5,1702.0,1324,1377,1837,2027,0.81669074
758,/Volumes/SmithL0/2026/BIOL470/Final/Learning_Rig/bee_0408_1_rev/cam1_2026-04-08_16-30-17.mp4,1581.0,1701.0,1324,1377,1838,2025,0.8147362
759,/Volumes/SmithL0/2026/BIOL470/Final/Learning_Rig/bee_0408_1_rev/cam1_2026-04-08_16-30-17.mp4,1581.0,1702.0,1325,1378,1837,2026,0.81181496
760,/Volumes/SmithL0/2026/BIOL470/Final/Learning_Rig/bee_0408_1_rev/cam1_2026-04-08_16-30-17.mp4,1580.5,1701.5,1325,1378,1836,2025,0.8150417
761,/Volumes/SmithL0/2026/BIOL470/Final/Learning_Rig/bee_0408_1_rev/cam1_2026-04-08_16-30-17.mp4,1579.5,1702.0,1325,1379,1834,2025,0.81455964
762,/Volumes/SmithL0/2026/BIOL470/Final/Learning_Rig/bee_0408_1_rev/cam1_2026-04-08_16-30-17.mp4,1580.0,1702.0,1325,1379,1835,2025,0.8139154
763,/Volumes/SmithL0/2026/BIOL470/Final/Learning_Rig/bee_0408_1_rev/cam1_2026-04-08_16-30-17.mp4,1580.0,1703.0,1325,1379,1835,2027,0.8124784
764,/Volumes/SmithL0/2026/BIOL470/Final/Learning_Rig/bee_0408_1_rev/cam1_2026-04-08_16-30-17.mp4,1580.5,1702.5,1325,1378,1836,2027,0.8139741
765,/Volumes/SmithL0/2026/BIOL470/Final/Learning_Rig/bee_0408_1_rev/cam1_2026-04-08_16-30-17.mp4,1580.0,1702.0,1324,1378,1836,2026,0.8180364
766,/Volumes/SmithL0/2026/BIOL470/Final/Learning_Rig/bee_0408_1_rev/cam1_2026-04-08_16-30-17.mp4,1579.5,1703.5,1324,1379,1835,2028,0.8178269
767,/Volumes/SmithL0/2026/BIOL470/Final/Learning_Rig/bee_0408_1_rev/cam1_2026-04-08_16-30-17.mp4,1580.0,1702.5,1324,1378,1836,2027,0.8141611
768,/Volumes/SmithL0/2026/BIOL470/Final/Learning_Rig/bee_0408_1_rev/cam1_2026-04-08_16-30-17.mp4,1579.5,1703.0,1325,1379,1834,2027,0.8161442
769,/Volumes/SmithL0/2026/BIOL470/Final/Learning_Rig/bee_0408_1_rev/cam1_2026-04-08_16-30-17.mp4,1580.5,1702.0,1325,1378,1836,2026,0.815381
770,/Volumes/SmithL0/2026/BIOL470/Final/Learning_Rig/bee_0408_1_rev/cam1_2026-04-08_16-30-17.mp4,1579.0,1702.0,1324,1378,1834,2026,0.81673974
771,/Volumes/SmithL0/2026/BIOL470/Final/Learning_Rig/bee_0408_1_rev/cam1_2026-04-08_16-30-17.mp4,1579.0,1702.0,1324,1378,1834,2026,0.81736124
772,/Volumes/SmithL0/2026/BIOL470/Final/Learning_Rig/bee_0408_1_rev/cam1_2026-04-08_16-30-17.mp4,1579.5,1701.0,1324,1378,1835,2024,0.81771404
773,/Volumes/SmithL0/2026/BIOL470/Final/Learning_Rig/bee_0408_1_rev/cam1_2026-04-08_16-30-17.mp4,1580.5,1702.5,1324,1378,1837,2027,0.8162932
774,/Volumes/SmithL0/2026/BIOL470/Final/Learning_Rig/bee_0408_1_rev/cam1_2026-04-08_16-30-17.mp4,1580.0,1702.0,1324,1378,1836,2026,0.8159978
775,/Volumes/SmithL0/2026/BIOL470/Final/Learning_Rig/bee_0408_1_rev/cam1_2026-04-08_16-30-17.mp4,1580.0,1703.0,1325,1379,1835,2027,0.81403565
776,/Volumes/SmithL0/2026/BIOL470/Final/Learning_Rig/bee_0408_1_rev/cam1_2026-04-08_16-30-17.mp4,1580.0,1702.0,1324,1378,1836,2026,0.8155536
777,/Volumes/SmithL0/2026/BIOL470/Final/Learning_Rig/bee_0408_1_rev/cam1_2026-04-08_16-30-17.mp4,1579.0,1702.0,1325,1379,1833,2025,0.81358784
778,/Volumes/SmithL0/2026/BIOL470/Final/Learning_Rig/bee_0408_1_rev/cam1_2026-04-08_16-30-17.mp4,1580.0,1702.0,1325,1379,1835,2025,0.81849086
779,/Volumes/SmithL0/2026/BIOL470/Final/Learning_Rig/bee_0408_1_rev/cam1_2026-04-08_16-30-17.mp4,1579.5,1700.0,1325,1378,1834,2022,0.8212363
780,/Volumes/SmithL0/2026/BIOL470/Final/Learning_Rig/bee_0408_1_rev/cam1_2026-04-08_16-30-17.mp4,1580.0,1702.5,1324,1378,1836,2027,0.8156279
781,/Volumes/SmithL0/2026/BIOL470/Final/Learning_Rig/bee_0408_1_rev/cam1_2026-04-08_16-30-17.mp4,1580.0,1702.0,1324,1377,1836,2027,0.81560004
782,/Volumes/SmithL0/2026/BIOL470/Final/Learning_Rig/bee_0408_1_rev/cam1_2026-04-08_16-30-17.mp4,1580.5,1701.5,1324,1377,1837,2026,0.8169511
783,/Volumes/SmithL0/2026/BIOL470/Final/Learning_Rig/bee_0408_1_rev/cam1_2026-04-08_16-30-17.mp4,1580.0,1701.5,1325,1377,1835,2026,0.814078
784,/Volumes/SmithL0/2026/BIOL470/Final/Learning_Rig/bee_0408_1_rev/cam1_2026-04-08_16-30-17.mp4,1580.5,1701.5,1325,1378,1836,2025,0.8120217
785,/Volumes/SmithL0/2026/BIOL470/Final/Learning_Rig/bee_0408_1_rev/cam1_2026-04-08_16-30-17.mp4,1580.0,1701.5,1325,1378,1835,2025,0.8155446
786,/Volumes/SmithL0/2026/BIOL470/Final/Learning_Rig/bee_0408_1_rev/cam1_2026-04-08_16-30-17.mp4,1580.0,1701.5,1324,1378,1836,2025,0.8179709
787,/Volumes/SmithL0/2026/BIOL470/Final/Learning_Rig/bee_0408_1_rev/cam1_2026-04-08_16-30-17.mp4,1580.5,1702.0,1325,1378,1836,2026,0.814654
788,/Volumes/SmithL0/2026/BIOL470/Final/Learning_Rig/bee_0408_1_rev/cam1_2026-04-08_16-30-17.mp4,1579.5,1701.0,1324,1377,1835,2025,0.81569624
789,/Volumes/SmithL0/2026/BIOL470/Final/Learning_Rig/bee_0408_1_rev/cam1_2026-04-08_16-30-17.mp4,1580.5,1700.5,1324,1377,1837,2024,0.81694216
790,/Volumes/SmithL0/2026/BIOL470/Final/Learning_Rig/bee_0408_1_rev/cam1_2026-04-08_16-30-17.mp4,1580.0,1700.5,1324,1377,1836,2024,0.81840277
791,/Volumes/SmithL0/2026/BIOL470/Final/Learning_Rig/bee_0408_1_rev/cam1_2026-04-08_16-30-17.mp4,1580.0,1700.5,1325,1378,1835,2023,0.8176395
792,/Volumes/SmithL0/2026/BIOL470/Final/Learning_Rig/bee_0408_1_rev/cam1_2026-04-08_16-30-17.mp4,1580.0,1701.5,1325,1378,1835,2025,0.8171026
793,/Volumes/SmithL0/2026/BIOL470/Final/Learning_Rig/bee_0408_1_rev/cam1_2026-04-08_16-30-17.mp4,1581.0,1701.5,1326,1377,1836,2026,0.8118785
794,/Volumes/SmithL0/2026/BIOL470/Final/Learning_Rig/bee_0408_1_rev/cam1_2026-04-08_16-30-17.mp4,1579.5,1701.0,1325,1377,1834,2025,0.8176904
795,/Volumes/SmithL0/2026/BIOL470/Final/Learning_Rig/bee_0408_1_rev/cam1_2026-04-08_16-30-17.mp4,1579.0,1700.5,1324,1377,1834,2024,0.8159289
796,/Volumes/SmithL0/2026/BIOL470/Final/Learning_Rig/bee_0408_1_rev/cam1_2026-04-08_16-30-17.mp4,1579.0,1702.0,1325,1378,1833,2026,0.81424266
797,/Volumes/SmithL0/2026/BIOL470/Final/Learning_Rig/bee_0408_1_rev/cam1_2026-04-08_16-30-17.mp4,1579.0,1701.0,1325,1377,1833,2025,0.81095064
798,/Volumes/SmithL0/2026/BIOL470/Final/Learning_Rig/bee_0408_1_rev/cam1_2026-04-08_16-30-17.mp4,1579.5,1701.5,1325,1378,1834,2025,0.8159227
799,/Volumes/SmithL0/2026/BIOL470/Final/Learning_Rig/bee_0408_1_rev/cam1_2026-04-08_16-30-17.mp4,1579.5,1701.5,1324,1378,1835,2025,0.818126
800,/Volumes/SmithL0/2026/BIOL470/Final/Learning_Rig/bee_0408_1_rev/cam1_2026-04-08_16-30-17.mp4,1579.5,1702.0,1324,1379,1835,2025,0.8210649
801,/Volumes/SmithL0/2026/BIOL470/Final/Learning_Rig/bee_0408_1_rev/cam1_2026-04-08_16-30-17.mp4,1580.5,1703.0,1325,1379,1836,2027,0.8145527
802,/Volumes/SmithL0/2026/BIOL470/Final/Learning_Rig/bee_0408_1_rev/cam1_2026-04-08_16-30-17.mp4,1579.0,1702.0,1324,1378,1834,2026,0.8165954
803,/Volumes/SmithL0/2026/BIOL470/Final/Learning_Rig/bee_0408_1_rev/cam1_2026-04-08_16-30-17.mp4,1580.0,1702.5,1325,1378,1835,2027,0.81740904
804,/Volumes/SmithL0/2026/BIOL470/Final/Learning_Rig/bee_0408_1_rev/cam1_2026-04-08_16-30-17.mp4,1579.0,1702.0,1325,1378,1833,2026,0.8182831
805,/Volumes/SmithL0/2026/BIOL470/Final/Learning_Rig/bee_0408_1_rev/cam1_2026-04-08_16-30-17.mp4,1579.5,1702.0,1325,1378,1834,2026,0.8163956
806,/Volumes/SmithL0/2026/BIOL470/Final/Learning_Rig/bee_0408_1_rev/cam1_2026-04-08_16-30-17.mp4,1580.0,1702.0,1325,1378,1835,2026,0.81649196
807,/Volumes/SmithL0/2026/BIOL470/Final/Learning_Rig/bee_0408_1_rev/cam1_2026-04-08_16-30-17.mp4,1580.0,1701.0,1324,1377,1836,2025,0.81771994
808,/Volumes/SmithL0/2026/BIOL470/Final/Learning_Rig/bee_0408_1_rev/cam1_2026-04-08_16-30-17.mp4,1580.0,1702.0,1324,1378,1836,2026,0.8172509
809,/Volumes/SmithL0/2026/BIOL470/Final/Learning_Rig/bee_0408_1_rev/cam1_2026-04-08_16-30-17.mp4,1580.5,1701.5,1325,1377,1836,2026,0.81305206
810,/Volumes/SmithL0/2026/BIOL470/Final/Learning_Rig/bee_0408_1_rev/cam1_2026-04-08_16-30-17.mp4,1580.0,1700.5,1325,1377,1835,2024,0.808904
811,/Volumes/SmithL0/2026/BIOL470/Final/Learning_Rig/bee_0408_1_rev/cam1_2026-04-08_16-30-17.mp4,1580.5,1701.0,1326,1377,1835,2025,0.80268264
812,/Volumes/SmithL0/2026/BIOL470/Final/Learning_Rig/bee_0408_1_rev/cam1_2026-04-08_16-30-17.mp4,1579.5,1701.0,1325,1377,1834,2025,0.81339175
813,/Volumes/SmithL0/2026/BIOL470/Final/Learning_Rig/bee_0408_1_rev/cam1_2026-04-08_16-30-17.mp4,1580.5,1700.5,1325,1377,1836,2024,0.8157126
814,/Volumes/SmithL0/2026/BIOL470/Final/Learning_Rig/bee_0408_1_rev/cam1_2026-04-08_16-30-17.mp4,1580.0,1701.0,1325,1377,1835,2025,0.81280786
815,/Volumes/SmithL0/2026/BIOL470/Final/Learning_Rig/bee_0408_1_rev/cam1_2026-04-08_16-30-17.mp4,1581.0,1701.0,1325,1377,1837,2025,0.8108999
816,/Volumes/SmithL0/2026/BIOL470/Final/Learning_Rig/bee_0408_1_rev/cam1_2026-04-08_16-30-17.mp4,1580.5,1702.0,1326,1378,1835,2026,0.8132012
817,/Volumes/SmithL0/2026/BIOL470/Final/Learning_Rig/bee_0408_1_rev/cam1_2026-04-08_16-30-17.mp4,1580.0,1701.5,1325,1378,1835,2025,0.8165583
818,/Volumes/SmithL0/2026/BIOL470/Final/Learning_Rig/bee_0408_1_rev/cam1_2026-04-08_16-30-17.mp4,1580.5,1701.5,1326,1378,1835,2025,0.8129022
819,/Volumes/SmithL0/2026/BIOL470/Final/Learning_Rig/bee_0408_1_rev/cam1_2026-04-08_16-30-17.mp4,1580.0,1701.0,1324,1377,1836,2025,0.81498444
820,/Volumes/SmithL0/2026/BIOL470/Final/Learning_Rig/bee_0408_1_rev/cam1_2026-04-08_16-30-17.mp4,1581.0,1701.5,1324,1377,1838,2026,0.819807
821,/Volumes/SmithL0/2026/BIOL470/Final/Learning_Rig/bee_0408_1_rev/cam1_2026-04-08_16-30-17.mp4,1580.0,1701.0,1323,1376,1837,2026,0.8189395
822,/Volumes/SmithL0/2026/BIOL470/Final/Learning_Rig/bee_0408_1_rev/cam1_2026-04-08_16-30-17.mp4,1580.0,1701.5,1324,1377,1836,2026,0.82157505
823,/Volumes/SmithL0/2026/BIOL470/Final/Learning_Rig/bee_0408_1_rev/cam1_2026-04-08_16-30-17.mp4,1580.0,1701.5,1324,1377,1836,2026,0.82049346
824,/Volumes/SmithL0/2026/BIOL470/Final/Learning_Rig/bee_0408_1_rev/cam1_2026-04-08_16-30-17.mp4,1580.0,1701.5,1324,1377,1836,2026,0.8201531
825,/Volumes/SmithL0/2026/BIOL470/Final/Learning_Rig/bee_0408_1_rev/cam1_2026-04-08_16-30-17.mp4,1580.5,1701.5,1324,1377,1837,2026,0.81430525
826,/Volumes/SmithL0/2026/BIOL470/Final/Learning_Rig/bee_0408_1_rev/cam1_2026-04-08_16-30-17.mp4,1580.5,1701.0,1324,1377,1837,2025,0.81426924
827,/Volumes/SmithL0/2026/BIOL470/Final/Learning_Rig/bee_0408_1_rev/cam1_2026-04-08_16-30-17.mp4,1580.0,1701.5,1325,1377,1835,2026,0.80509764
828,/Volumes/SmithL0/2026/BIOL470/Final/Learning_Rig/bee_0408_1_rev/cam1_2026-04-08_16-30-17.mp4,1579.5,1701.5,1324,1377,1835,2026,0.8082924
829,/Volumes/SmithL0/2026/BIOL470/Final/Learning_Rig/bee_0408_1_rev/cam1_2026-04-08_16-30-17.mp4,1580.0,1701.5,1324,1377,1836,2026,0.80628866
830,/Volumes/SmithL0/2026/BIOL470/Final/Learning_Rig/bee_0408_1_rev/cam1_2026-04-08_16-30-17.mp4,1579.0,1701.5,1325,1379,1833,2024,0.8157418
831,/Volumes/SmithL0/2026/BIOL470/Final/Learning_Rig/bee_0408_1_rev/cam1_2026-04-08_16-30-17.mp4,1580.0,1700.5,1325,1377,1835,2024,0.8100738
832,/Volumes/SmithL0/2026/BIOL470/Final/Learning_Rig/bee_0408_1_rev/cam1_2026-04-08_16-30-17.mp4,1580.5,1702.0,1324,1377,1837,2027,0.81331635
833,/Volumes/SmithL0/2026/BIOL470/Final/Learning_Rig/bee_0408_1_rev/cam1_2026-04-08_16-30-17.mp4,1580.5,1701.5,1323,1377,1838,2026,0.81680185
834,/Volumes/SmithL0/2026/BIOL470/Final/Learning_Rig/bee_0408_1_rev/cam1_2026-04-08_16-30-17.mp4,1581.0,1701.0,1323,1377,1839,2025,0.8169906
835,/Volumes/SmithL0/2026/BIOL470/Final/Learning_Rig/bee_0408_1_rev/cam1_2026-04-08_16-30-17.mp4,1581.0,1701.0,1325,1377,1837,2025,0.8107678
836,/Volumes/SmithL0/2026/BIOL470/Final/Learning_Rig/bee_0408_1_rev/cam1_2026-04-08_16-30-17.mp4,1580.5,1701.0,1324,1377,1837,2025,0.8113297
837,/Volumes/SmithL0/2026/BIOL470/Final/Learning_Rig/bee_0408_1_rev/cam1_2026-04-08_16-30-17.mp4,1580.5,1702.5,1325,1378,1836,2027,0.81215566
838,/Volumes/SmithL0/2026/BIOL470/Final/Learning_Rig/bee_0408_1_rev/cam1_2026-04-08_16-30-17.mp4,1580.0,1702.0,1325,1378,1835,2026,0.81136763
839,/Volumes/SmithL0/2026/BIOL470/Final/Learning_Rig/bee_0408_1_rev/cam1_2026-04-08_16-30-17.mp4,1581.0,1702.0,1325,1378,1837,2026,0.80785954
840,/Volumes/SmithL0/2026/BIOL470/Final/Learning_Rig/bee_0408_1_rev/cam1_2026-04-08_16-30-17.mp4,1580.0,1702.0,1324,1378,1836,2026,0.81032425
841,/Volumes/SmithL0/2026/BIOL470/Final/Learning_Rig/bee_0408_1_rev/cam1_2026-04-08_16-30-17.mp4,1580.5,1702.5,1324,1378,1837,2027,0.8126618
842,/Volumes/SmithL0/2026/BIOL470/Final/Learning_Rig/bee_0408_1_rev/cam1_2026-04-08_16-30-17.mp4,1580.5,1702.0,1324,1378,1837,2026,0.8137559
843,/Volumes/SmithL0/2026/BIOL470/Final/Learning_Rig/bee_0408_1_rev/cam1_2026-04-08_16-30-17.mp4,1580.5,1701.0,1324,1378,1837,2024,0.81517905
844,/Volumes/SmithL0/2026/BIOL470/Final/Learning_Rig/bee_0408_1_rev/cam1_2026-04-08_16-30-17.mp4,1580.0,1701.0,1323,1378,1837,2024,0.81852216
845,/Volumes/SmithL0/2026/BIOL470/Final/Learning_Rig/bee_0408_1_rev/cam1_2026-04-08_16-30-17.mp4,1580.5,1701.0,1324,1378,1837,2024,0.81604224
846,/Volumes/SmithL0/2026/BIOL470/Final/Learning_Rig/bee_0408_1_rev/cam1_2026-04-08_16-30-17.mp4,1579.5,1702.5,1324,1379,1835,2026,0.81848574
847,/Volumes/SmithL0/2026/BIOL470/Final/Learning_Rig/bee_0408_1_rev/cam1_2026-04-08_16-30-17.mp4,1580.0,1701.5,1324,1378,1836,2025,0.81684
848,/Volumes/SmithL0/2026/BIOL470/Final/Learning_Rig/bee_0408_1_rev/cam1_2026-04-08_16-30-17.mp4,1579.5,1701.5,1325,1379,1834,2024,0.817138
849,/Volumes/SmithL0/2026/BIOL470/Final/Learning_Rig/bee_0408_1_rev/cam1_2026-04-08_16-30-17.mp4,1580.0,1700.5,1325,1377,1835,2024,0.808883
850,/Volumes/SmithL0/2026/BIOL470/Final/Learning_Rig/bee_0408_1_rev/cam1_2026-04-08_16-30-17.mp4,1580.0,1701.0,1325,1378,1835,2024,0.81400937
851,/Volumes/SmithL0/2026/BIOL470/Final/Learning_Rig/bee_0408_1_rev/cam1_2026-04-08_16-30-17.mp4,1580.5,1702.0,1325,1378,1836,2026,0.8105929
852,/Volumes/SmithL0/2026/BIOL470/Final/Learning_Rig/bee_0408_1_rev/cam1_2026-04-08_16-30-17.mp4,1580.0,1702.0,1325,1377,1835,2027,0.8110114
853,/Volumes/SmithL0/2026/BIOL470/Final/Learning_Rig/bee_0408_1_rev/cam1_2026-04-08_16-30-17.mp4,1580.5,1700.5,1325,1377,1836,2024,0.81297976
854,/Volumes/SmithL0/2026/BIOL470/Final/Learning_Rig/bee_0408_1_rev/cam1_2026-04-08_16-30-17.mp4,1580.5,1701.0,1325,1376,1836,2026,0.8044672
855,/Volumes/SmithL0/2026/BIOL470/Final/Learning_Rig/bee_0408_1_rev/cam1_2026-04-08_16-30-17.mp4,1580.5,1701.5,1324,1377,1837,2026,0.81328034
856,/Volumes/SmithL0/2026/BIOL470/Final/Learning_Rig/bee_0408_1_rev/cam1_2026-04-08_16-30-17.mp4,1581.0,1701.0,1324,1376,1838,2026,0.8165002
857,/Volumes/SmithL0/2026/BIOL470/Final/Learning_Rig/bee_0408_1_rev/cam1_2026-04-08_16-30-17.mp4,1581.0,1701.5,1324,1377,1838,2026,0.81450397
858,/Volumes/SmithL0/2026/BIOL470/Final/Learning_Rig/bee_0408_1_rev/cam1_2026-04-08_16-30-17.mp4,1581.0,1701.5,1324,1376,1838,2027,0.81398076
859,/Volumes/SmithL0/2026/BIOL470/Final/Learning_Rig/bee_0408_1_rev/cam1_2026-04-08_16-30-17.mp4,1580.5,1701.0,1324,1376,1837,2026,0.8166281
860,/Volumes/SmithL0/2026/BIOL470/Final/Learning_Rig/bee_0408_1_rev/cam1_2026-04-08_16-30-17.mp4,1580.5,1701.0,1324,1376,1837,2026,0.81781244
861,/Volumes/SmithL0/2026/BIOL470/Final/Learning_Rig/bee_0408_1_rev/cam1_2026-04-08_16-30-17.mp4,1581.0,1701.0,1324,1377,1838,2025,0.81494606
862,/Volumes/SmithL0/2026/BIOL470/Final/Learning_Rig/bee_0408_1_rev/cam1_2026-04-08_16-30-17.mp4,1581.0,1701.0,1324,1377,1838,2025,0.8134064
863,/Volumes/SmithL0/2026/BIOL470/Final/Learning_Rig/bee_0408_1_rev/cam1_2026-04-08_16-30-17.mp4,1580.0,1701.5,1324,1377,1836,2026,0.8143151
864,/Volumes/SmithL0/2026/BIOL470/Final/Learning_Rig/bee_0408_1_rev/cam1_2026-04-08_16-30-17.mp4,1580.0,1701.5,1324,1377,1836,2026,0.8162985
865,/Volumes/SmithL0/2026/BIOL470/Final/Learning_Rig/bee_0408_1_rev/cam1_2026-04-08_16-30-17.mp4,1579.5,1701.5,1325,1377,1834,2026,0.81613374
866,/Volumes/SmithL0/2026/BIOL470/Final/Learning_Rig/bee_0408_1_rev/cam1_2026-04-08_16-30-17.mp4,1580.0,1701.5,1324,1378,1836,2025,0.81885767
867,/Volumes/SmithL0/2026/BIOL470/Final/Learning_Rig/bee_0408_1_rev/cam1_2026-04-08_16-30-17.mp4,1579.5,1702.0,1325,1378,1834,2026,0.818126
868,/Volumes/SmithL0/2026/BIOL470/Final/Learning_Rig/bee_0408_1_rev/cam1_2026-04-08_16-30-17.mp4,1580.0,1702.5,1324,1378,1836,2027,0.8174964
869,/Volumes/SmithL0/2026/BIOL470/Final/Learning_Rig/bee_0408_1_rev/cam1_2026-04-08_16-30-17.mp4,1580.0,1701.0,1324,1377,1836,2025,0.8164267
870,/Volumes/SmithL0/2026/BIOL470/Final/Learning_Rig/bee_0408_1_rev/cam1_2026-04-08_16-30-17.mp4,1580.0,1702.0,1325,1377,1835,2027,0.8044526
871,/Volumes/SmithL0/2026/BIOL470/Final/Learning_Rig/bee_0408_1_rev/cam1_2026-04-08_16-30-17.mp4,1581.0,1702.0,1326,1377,1836,2027,0.80918366
872,/Volumes/SmithL0/2026/BIOL470/Final/Learning_Rig/bee_0408_1_rev/cam1_2026-04-08_16-30-17.mp4,1580.5,1703.0,1325,1377,1836,2029,0.80980194
873,/Volumes/SmithL0/2026/BIOL470/Final/Learning_Rig/bee_0408_1_rev/cam1_2026-04-08_16-30-17.mp4,1580.5,1703.0,1324,1377,1837,2029,0.816965
874,/Volumes/SmithL0/2026/BIOL470/Final/Learning_Rig/bee_0408_1_rev/cam1_2026-04-08_16-30-17.mp4,1580.5,1702.5,1325,1378,1836,2027,0.81366163
875,/Volumes/SmithL0/2026/BIOL470/Final/Learning_Rig/bee_0408_1_rev/cam1_2026-04-08_16-30-17.mp4,1581.0,1702.5,1325,1378,1837,2027,0.8140388
876,/Volumes/SmithL0/2026/BIOL470/Final/Learning_Rig/bee_0408_1_rev/cam1_2026-04-08_16-30-17.mp4,1580.0,1703.0,1323,1377,1837,2029,0.8150345
877,/Volumes/SmithL0/2026/BIOL470/Final/Learning_Rig/bee_0408_1_rev/cam1_2026-04-08_16-30-17.mp4,1580.0,1702.0,1324,1378,1836,2026,0.8141337
878,/Volumes/SmithL0/2026/BIOL470/Final/Learning_Rig/bee_0408_1_rev/cam1_2026-04-08_16-30-17.mp4,1580.5,1701.5,1324,1378,1837,2025,0.8156676
879,/Volumes/SmithL0/2026/BIOL470/Final/Learning_Rig/bee_0408_1_rev/cam1_2026-04-08_16-30-17.mp4,1580.5,1700.5,1324,1376,1837,2025,0.8114869
880,/Volumes/SmithL0/2026/BIOL470/Final/Learning_Rig/bee_0408_1_rev/cam1_2026-04-08_16-30-17.mp4,1580.5,1701.0,1324,1377,1837,2025,0.8134013
881,/Volumes/SmithL0/2026/BIOL470/Final/Learning_Rig/bee_0408_1_rev/cam1_2026-04-08_16-30-17.mp4,1581.0,1701.0,1325,1376,1837,2026,0.81077904
882,/Volumes/SmithL0/2026/BIOL470/Final/Learning_Rig/bee_0408_1_rev/cam1_2026-04-08_16-30-17.mp4,1580.5,1701.0,1325,1377,1836,2025,0.8136629
883,/Volumes/SmithL0/2026/BIOL470/Final/Learning_Rig/bee_0408_1_rev/cam1_2026-04-08_16-30-17.mp4,1581.0,1702.0,1325,1378,1837,2026,0.8106093
884,/Volumes/SmithL0/2026/BIOL470/Final/Learning_Rig/bee_0408_1_rev/cam1_2026-04-08_16-30-17.mp4,1581.0,1702.0,1325,1378,1837,2026,0.8159131
885,/Volumes/SmithL0/2026/BIOL470/Final/Learning_Rig/bee_0408_1_rev/cam1_2026-04-08_16-30-17.mp4,1580.0,1701.5,1324,1377,1836,2026,0.8162452
886,/Volumes/SmithL0/2026/BIOL470/Final/Learning_Rig/bee_0408_1_rev/cam1_2026-04-08_16-30-17.mp4,1580.5,1701.5,1324,1378,1837,2025,0.8162534
887,/Volumes/SmithL0/2026/BIOL470/Final/Learning_Rig/bee_0408_1_rev/cam1_2026-04-08_16-30-17.mp4,1580.0,1701.5,1324,1377,1836,2026,0.81850046
888,/Volumes/SmithL0/2026/BIOL470/Final/Learning_Rig/bee_0408_1_rev/cam1_2026-04-08_16-30-17.mp4,1580.0,1702.5,1325,1378,1835,2027,0.8162169
889,/Volumes/SmithL0/2026/BIOL470/Final/Learning_Rig/bee_0408_1_rev/cam1_2026-04-08_16-30-17.mp4,1579.5,1702.0,1324,1378,1835,2026,0.81682086
890,/Volumes/SmithL0/2026/BIOL470/Final/Learning_Rig/bee_0408_1_rev/cam1_2026-04-08_16-30-17.mp4,1579.0,1703.0,1324,1378,1834,2028,0.8178202
891,/Volumes/SmithL0/2026/BIOL470/Final/Learning_Rig/bee_0408_1_rev/cam1_2026-04-08_16-30-17.mp4,1580.0,1702.0,1324,1377,1836,2027,0.8150967
892,/Volumes/SmithL0/2026/BIOL470/Final/Learning_Rig/bee_0408_1_rev/cam1_2026-04-08_16-30-17.mp4,1579.0,1702.5,1324,1378,1834,2027,0.8170576
893,/Volumes/SmithL0/2026/BIOL470/Final/Learning_Rig/bee_0408_1_rev/cam1_2026-04-08_16-30-17.mp4,1579.0,1702.0,1324,1376,1834,2028,0.8157163
894,/Volumes/SmithL0/2026/BIOL470/Final/Learning_Rig/bee_0408_1_rev/cam1_2026-04-08_16-30-17.mp4,1579.5,1701.0,1325,1376,1834,2026,0.8151911
895,/Volumes/SmithL0/2026/BIOL470/Final/Learning_Rig/bee_0408_1_rev/cam1_2026-04-08_16-30-17.mp4,1579.5,1700.5,1325,1376,1834,2025,0.81397104
896,/Volumes/SmithL0/2026/BIOL470/Final/Learning_Rig/bee_0408_1_rev/cam1_2026-04-08_16-30-17.mp4,1579.5,1701.0,1324,1377,1835,2025,0.81546223
897,/Volumes/SmithL0/2026/BIOL470/Final/Learning_Rig/bee_0408_1_rev/cam1_2026-04-08_16-30-17.mp4,1580.0,1701.0,1325,1377,1835,2025,0.8116771
898,/Volumes/SmithL0/2026/BIOL470/Final/Learning_Rig/bee_0408_1_rev/cam1_2026-04-08_16-30-17.mp4,1579.5,1701.0,1324,1377,1835,2025,0.8140961
899,/Volumes/SmithL0/2026/BIOL470/Final/Learning_Rig/bee_0408_1_rev/cam1_2026-04-08_16-30-17.mp4,1579.0,1700.5,1324,1376,1834,2025,0.81047565
900,/Volumes/SmithL0/2026/BIOL470/Final/Learning_Rig/bee_0408_1_rev/cam1_2026-04-08_16-30-17.mp4,1580.0,1701.0,1324,1377,1836,2025,0.8114395
901,/Volumes/SmithL0/2026/BIOL470/Final/Learning_Rig/bee_0408_1_rev/cam1_2026-04-08_16-30-17.mp4,1580.0,1701.5,1323,1377,1837,2026,0.8160688
902,/Volumes/SmithL0/2026/BIOL470/Final/Learning_Rig/bee_0408_1_rev/cam1_2026-04-08_16-30-17.mp4,1580.0,1701.0,1323,1377,1837,2025,0.81873995
903,/Volumes/SmithL0/2026/BIOL470/Final/Learning_Rig/bee_0408_1_rev/cam1_2026-04-08_16-30-17.mp4,1579.5,1700.5,1324,1377,1835,2024,0.81635267
904,/Volumes/SmithL0/2026/BIOL470/Final/Learning_Rig/bee_0408_1_rev/cam1_2026-04-08_16-30-17.mp4,1579.5,1703.0,1324,1378,1835,2028,0.81750095
905,/Volumes/SmithL0/2026/BIOL470/Final/Learning_Rig/bee_0408_1_rev/cam1_2026-04-08_16-30-17.mp4,1579.5,1701.5,1324,1377,1835,2026,0.81470245
906,/Volumes/SmithL0/2026/BIOL470/Final/Learning_Rig/bee_0408_1_rev/cam1_2026-04-08_16-30-17.mp4,1579.5,1702.5,1324,1378,1835,2027,0.8193399
907,/Volumes/SmithL0/2026/BIOL470/Final/Learning_Rig/bee_0408_1_rev/cam1_2026-04-08_16-30-17.mp4,1579.0,1701.0,1324,1378,1834,2024,0.81761014
908,/Volumes/SmithL0/2026/BIOL470/Final/Learning_Rig/bee_0408_1_rev/cam1_2026-04-08_16-30-17.mp4,1580.0,1701.0,1325,1377,1835,2025,0.8173349
909,/Volumes/SmithL0/2026/BIOL470/Final/Learning_Rig/bee_0408_1_rev/cam1_2026-04-08_16-30-17.mp4,1580.0,1701.5,1324,1378,1836,2025,0.8169567
910,/Volumes/SmithL0/2026/BIOL470/Final/Learning_Rig/bee_0408_1_rev/cam1_2026-04-08_16-30-17.mp4,1579.5,1702.5,1324,1378,1835,2027,0.818449
911,/Volumes/SmithL0/2026/BIOL470/Final/Learning_Rig/bee_0408_1_rev/cam1_2026-04-08_16-30-17.mp4,1580.0,1703.0,1325,1379,1835,2027,0.8197015
912,/Volumes/SmithL0/2026/BIOL470/Final/Learning_Rig/bee_0408_1_rev/cam1_2026-04-08_16-30-17.mp4,1580.5,1702.0,1324,1378,1837,2026,0.8207179
913,/Volumes/SmithL0/2026/BIOL470/Final/Learning_Rig/bee_0408_1_rev/cam1_2026-04-08_16-30-17.mp4,1580.5,1701.5,1324,1378,1837,2025,0.8205553
914,/Volumes/SmithL0/2026/BIOL470/Final/Learning_Rig/bee_0408_1_rev/cam1_2026-04-08_16-30-17.mp4,1580.0,1701.5,1324,1378,1836,2025,0.820118
915,/Volumes/SmithL0/2026/BIOL470/Final/Learning_Rig/bee_0408_1_rev/cam1_2026-04-08_16-30-17.mp4,1579.5,1701.0,1325,1378,1834,2024,0.8192104
916,/Volumes/SmithL0/2026/BIOL470/Final/Learning_Rig/bee_0408_1_rev/cam1_2026-04-08_16-30-17.mp4,1579.5,1701.5,1325,1378,1834,2025,0.8167854
917,/Volumes/SmithL0/2026/BIOL470/Final/Learning_Rig/bee_0408_1_rev/cam1_2026-04-08_16-30-17.mp4,1580.5,1701.5,1325,1378,1836,2025,0.8136482
918,/Volumes/SmithL0/2026/BIOL470/Final/Learning_Rig/bee_0408_1_rev/cam1_2026-04-08_16-30-17.mp4,1580.5,1701.5,1325,1378,1836,2025,0.81235385
919,/Volumes/SmithL0/2026/BIOL470/Final/Learning_Rig/bee_0408_1_rev/cam1_2026-04-08_16-30-17.mp4,1580.0,1701.5,1326,1378,1834,2025,0.8093338
920,/Volumes/SmithL0/2026/BIOL470/Final/Learning_Rig/bee_0408_1_rev/cam1_2026-04-08_16-30-17.mp4,1579.5,1700.0,1325,1377,1834,2023,0.81224734
921,/Volumes/SmithL0/2026/BIOL470/Final/Learning_Rig/bee_0408_1_rev/cam1_2026-04-08_16-30-17.mp4,1580.5,1701.5,1325,1377,1836,2026,0.81351113
922,/Volumes/SmithL0/2026/BIOL470/Final/Learning_Rig/bee_0408_1_rev/cam1_2026-04-08_16-30-17.mp4,1580.5,1700.5,1325,1377,1836,2024,0.81307906
923,/Volumes/SmithL0/2026/BIOL470/Final/Learning_Rig/bee_0408_1_rev/cam1_2026-04-08_16-30-17.mp4,1580.5,1702.0,1325,1377,1836,2027,0.8075545
924,/Volumes/SmithL0/2026/BIOL470/Final/Learning_Rig/bee_0408_1_rev/cam1_2026-04-08_16-30-17.mp4,1580.0,1701.0,1325,1377,1835,2025,0.8123464
925,/Volumes/SmithL0/2026/BIOL470/Final/Learning_Rig/bee_0408_1_rev/cam1_2026-04-08_16-30-17.mp4,1581.0,1701.0,1325,1377,1837,2025,0.8096192
926,/Volumes/SmithL0/2026/BIOL470/Final/Learning_Rig/bee_0408_1_rev/cam1_2026-04-08_16-30-17.mp4,1581.0,1701.5,1325,1377,1837,2026,0.8141274
927,/Volumes/SmithL0/2026/BIOL470/Final/Learning_Rig/bee_0408_1_rev/cam1_2026-04-08_16-30-17.mp4,1580.5,1701.0,1325,1378,1836,2024,0.81432945
928,/Volumes/SmithL0/2026/BIOL470/Final/Learning_Rig/bee_0408_1_rev/cam1_2026-04-08_16-30-17.mp4,1580.5,1700.5,1325,1378,1836,2023,0.80819917
929,/Volumes/SmithL0/2026/BIOL470/Final/Learning_Rig/bee_0408_1_rev/cam1_2026-04-08_16-30-17.mp4,1581.0,1701.0,1325,1378,1837,2024,0.81398356
930,/Volumes/SmithL0/2026/BIOL470/Final/Learning_Rig/bee_0408_1_rev/cam1_2026-04-08_16-30-17.mp4,1580.0,1700.5,1323,1377,1837,2024,0.81965744
931,/Volumes/SmithL0/2026/BIOL470/Final/Learning_Rig/bee_0408_1_rev/cam1_2026-04-08_16-30-17.mp4,1580.5,1701.0,1323,1377,1838,2025,0.81797206
932,/Volumes/SmithL0/2026/BIOL470/Final/Learning_Rig/bee_0408_1_rev/cam1_2026-04-08_16-30-17.mp4,1580.0,1701.0,1323,1377,1837,2025,0.81905025
933,/Volumes/SmithL0/2026/BIOL470/Final/Learning_Rig/bee_0408_1_rev/cam1_2026-04-08_16-30-17.mp4,1580.5,1701.5,1324,1378,1837,2025,0.81662184
934,/Volumes/SmithL0/2026/BIOL470/Final/Learning_Rig/bee_0408_1_rev/cam1_2026-04-08_16-30-17.mp4,1581.0,1701.5,1324,1377,1838,2026,0.8154827
935,/Volumes/SmithL0/2026/BIOL470/Final/Learning_Rig/bee_0408_1_rev/cam1_2026-04-08_16-30-17.mp4,1580.0,1701.5,1324,1377,1836,2026,0.8126259
936,/Volumes/SmithL0/2026/BIOL470/Final/Learning_Rig/bee_0408_1_rev/cam1_2026-04-08_16-30-17.mp4,1580.0,1701.0,1324,1377,1836,2025,0.81452745
937,/Volumes/SmithL0/2026/BIOL470/Final/Learning_Rig/bee_0408_1_rev/cam1_2026-04-08_16-30-17.mp4,1580.0,1700.0,1325,1376,1835,2024,0.80546117
938,/Volumes/SmithL0/2026/BIOL470/Final/Learning_Rig/bee_0408_1_rev/cam1_2026-04-08_16-30-17.mp4,1580.5,1701.0,1325,1376,1836,2026,0.8028828
939,/Volumes/SmithL0/2026/BIOL470/Final/Learning_Rig/bee_0408_1_rev/cam1_2026-04-08_16-30-17.mp4,1579.5,1701.5,1324,1377,1835,2026,0.8107202
940,/Volumes/SmithL0/2026/BIOL470/Final/Learning_Rig/bee_0408_1_rev/cam1_2026-04-08_16-30-17.mp4,1580.0,1702.0,1324,1377,1836,2027,0.81267583
941,/Volumes/SmithL0/2026/BIOL470/Final/Learning_Rig/bee_0408_1_rev/cam1_2026-04-08_16-30-17.mp4,1580.0,1701.5,1325,1377,1835,2026,0.8118133
942,/Volumes/SmithL0/2026/BIOL470/Final/Learning_Rig/bee_0408_1_rev/cam1_2026-04-08_16-30-17.mp4,1580.0,1702.0,1325,1377,1835,2027,0.81341547
943,/Volumes/SmithL0/2026/BIOL470/Final/Learning_Rig/bee_0408_1_rev/cam1_2026-04-08_16-30-17.mp4,1580.5,1701.0,1324,1376,1837,2026,0.81159806
944,/Volumes/SmithL0/2026/BIOL470/Final/Learning_Rig/bee_0408_1_rev/cam1_2026-04-08_16-30-17.mp4,1580.5,1701.5,1324,1377,1837,2026,0.8132135
945,/Volumes/SmithL0/2026/BIOL470/Final/Learning_Rig/bee_0408_1_rev/cam1_2026-04-08_16-30-17.mp4,1579.0,1702.0,1325,1377,1833,2027,0.8130857
946,/Volumes/SmithL0/2026/BIOL470/Final/Learning_Rig/bee_0408_1_rev/cam1_2026-04-08_16-30-17.mp4,1579.0,1701.0,1324,1377,1834,2025,0.8160463
947,/Volumes/SmithL0/2026/BIOL470/Final/Learning_Rig/bee_0408_1_rev/cam1_2026-04-08_16-30-17.mp4,1580.0,1700.5,1325,1376,1835,2025,0.8110745
948,/Volumes/SmithL0/2026/BIOL470/Final/Learning_Rig/bee_0408_1_rev/cam1_2026-04-08_16-30-17.mp4,1580.0,1700.0,1325,1376,1835,2024,0.8109419
949,/Volumes/SmithL0/2026/BIOL470/Final/Learning_Rig/bee_0408_1_rev/cam1_2026-04-08_16-30-17.mp4,1580.0,1699.5,1324,1377,1836,2022,0.8146601
950,/Volumes/SmithL0/2026/BIOL470/Final/Learning_Rig/bee_0408_1_rev/cam1_2026-04-08_16-30-17.mp4,1579.5,1699.0,1324,1376,1835,2022,0.8201996
951,/Volumes/SmithL0/2026/BIOL470/Final/Learning_Rig/bee_0408_1_rev/cam1_2026-04-08_16-30-17.mp4,1580.0,1699.5,1325,1376,1835,2023,0.80663604
952,/Volumes/SmithL0/2026/BIOL470/Final/Learning_Rig/bee_0408_1_rev/cam1_2026-04-08_16-30-17.mp4,1580.0,1700.0,1325,1377,1835,2023,0.8045245
953,/Volumes/SmithL0/2026/BIOL470/Final/Learning_Rig/bee_0408_1_rev/cam1_2026-04-08_16-30-17.mp4,1580.0,1701.5,1324,1377,1836,2026,0.8084358
954,/Volumes/SmithL0/2026/BIOL470/Final/Learning_Rig/bee_0408_1_rev/cam1_2026-04-08_16-30-17.mp4,1580.5,1701.0,1325,1377,1836,2025,0.8095752
955,/Volumes/SmithL0/2026/BIOL470/Final/Learning_Rig/bee_0408_1_rev/cam1_2026-04-08_16-30-17.mp4,1580.5,1701.5,1325,1377,1836,2026,0.81558275
956,/Volumes/SmithL0/2026/BIOL470/Final/Learning_Rig/bee_0408_1_rev/cam1_2026-04-08_16-30-17.mp4,1580.5,1702.5,1325,1377,1836,2028,0.81794846
957,/Volumes/SmithL0/2026/BIOL470/Final/Learning_Rig/bee_0408_1_rev/cam1_2026-04-08_16-30-17.mp4,1580.0,1701.5,1325,1376,1835,2027,0.81476706
958,/Volumes/SmithL0/2026/BIOL470/Final/Learning_Rig/bee_0408_1_rev/cam1_2026-04-08_16-30-17.mp4,1580.0,1702.5,1324,1377,1836,2028,0.8191111
959,/Volumes/SmithL0/2026/BIOL470/Final/Learning_Rig/bee_0408_1_rev/cam1_2026-04-08_16-30-17.mp4,1580.5,1702.5,1324,1377,1837,2028,0.8148718
960,/Volumes/SmithL0/2026/BIOL470/Final/Learning_Rig/bee_0408_1_rev/cam1_2026-04-08_16-30-17.mp4,1580.5,1701.5,1324,1377,1837,2026,0.81888676
961,/Volumes/SmithL0/2026/BIOL470/Final/Learning_Rig/bee_0408_1_rev/cam1_2026-04-08_16-30-17.mp4,1581.5,1701.5,1325,1377,1838,2026,0.8108964
962,/Volumes/SmithL0/2026/BIOL470/Final/Learning_Rig/bee_0408_1_rev/cam1_2026-04-08_16-30-17.mp4,1581.5,1702.0,1325,1377,1838,2027,0.81059563
963,/Volumes/SmithL0/2026/BIOL470/Final/Learning_Rig/bee_0408_1_rev/cam1_2026-04-08_16-30-17.mp4,1581.0,1701.0,1324,1376,1838,2026,0.80880284
964,/Volumes/SmithL0/2026/BIOL470/Final/Learning_Rig/bee_0408_1_rev/cam1_2026-04-08_16-30-17.mp4,1580.5,1701.0,1324,1377,1837,2025,0.8165773
965,/Volumes/SmithL0/2026/BIOL470/Final/Learning_Rig/bee_0408_1_rev/cam1_2026-04-08_16-30-17.mp4,1580.0,1701.5,1324,1377,1836,2026,0.8159535
