,filepath,x_centroid,y_centroid,x_min,y_min,x_max,y_max,detection_confidence
0,/Volumes/SmithL0/2026/BIOL470/Final/Learning_Rig/bee_0408_1_fwd/cam1_2026-04-08_16-15-57.mp4,1220.5,2193.5,886,1878,1555,2509,0.7945775
1,/Volumes/SmithL0/2026/BIOL470/Final/Learning_Rig/bee_0408_1_fwd/cam1_2026-04-08_16-15-57.mp4,1217.0,2185.5,880,1865,1554,2506,0.813897
2,/Volumes/SmithL0/2026/BIOL470/Final/Learning_Rig/bee_0408_1_fwd/cam1_2026-04-08_16-15-57.mp4,1230.5,2192.0,910,1876,1551,2508,0.8106846
3,/Volumes/SmithL0/2026/BIOL470/Final/Learning_Rig/bee_0408_1_fwd/cam1_2026-04-08_16-15-57.mp4,1221.5,2189.5,892,1875,1551,2504,0.816907
4,/Volumes/SmithL0/2026/BIOL470/Final/Learning_Rig/bee_0408_1_fwd/cam1_2026-04-08_16-15-57.mp4,1241.0,2194.0,927,1879,1555,2509,0.8162713
5,/Volumes/SmithL0/2026/BIOL470/Final/Learning_Rig/bee_0408_1_fwd/cam1_2026-04-08_16-15-57.mp4,1232.0,2186.0,912,1868,1552,2504,0.8135904
6,/Volumes/SmithL0/2026/BIOL470/Final/Learning_Rig/bee_0408_1_fwd/cam1_2026-04-08_16-15-57.mp4,1213.5,2200.0,876,1896,1551,2504,0.80556095
7,/Volumes/SmithL0/2026/BIOL470/Final/Learning_Rig/bee_0408_1_fwd/cam1_2026-04-08_16-15-57.mp4,1215.5,2195.5,878,1888,1553,2503,0.8100074
8,/Volumes/SmithL0/2026/BIOL470/Final/Learning_Rig/bee_0408_1_fwd/cam1_2026-04-08_16-15-57.mp4,1200.0,2201.5,847,1901,1553,2502,0.8068888
9,/Volumes/SmithL0/2026/BIOL470/Final/Learning_Rig/bee_0408_1_fwd/cam1_2026-04-08_16-15-57.mp4,1206.5,2210.0,862,1917,1551,2503,0.80609
10,/Volumes/SmithL0/2026/BIOL470/Final/Learning_Rig/bee_0408_1_fwd/cam1_2026-04-08_16-15-57.mp4,1205.0,2208.5,860,1915,1550,2502,0.81138223
11,/Volumes/SmithL0/2026/BIOL470/Final/Learning_Rig/bee_0408_1_fwd/cam1_2026-04-08_16-15-57.mp4,1213.0,2211.0,874,1917,1552,2505,0.8092976
12,/Volumes/SmithL0/2026/BIOL470/Final/Learning_Rig/bee_0408_1_fwd/cam1_2026-04-08_16-15-57.mp4,1213.0,2205.0,879,1905,1547,2505,0.8100628
13,/Volumes/SmithL0/2026/BIOL470/Final/Learning_Rig/bee_0408_1_fwd/cam1_2026-04-08_16-15-57.mp4,1236.5,2209.5,929,1912,1544,2507,0.8104341
14,/Volumes/SmithL0/2026/BIOL470/Final/Learning_Rig/bee_0408_1_fwd/cam1_2026-04-08_16-15-57.mp4,1227.5,2207.0,907,1907,1548,2507,0.8078905
15,/Volumes/SmithL0/2026/BIOL470/Final/Learning_Rig/bee_0408_1_fwd/cam1_2026-04-08_16-15-57.mp4,1217.5,2208.0,886,1910,1549,2506,0.8078259
16,/Volumes/SmithL0/2026/BIOL470/Final/Learning_Rig/bee_0408_1_fwd/cam1_2026-04-08_16-15-57.mp4,1205.0,2211.5,858,1917,1552,2506,0.8095836
17,/Volumes/SmithL0/2026/BIOL470/Final/Learning_Rig/bee_0408_1_fwd/cam1_2026-04-08_16-15-57.mp4,1202.0,2208.0,852,1911,1552,2505,0.8038577
18,/Volumes/SmithL0/2026/BIOL470/Final/Learning_Rig/bee_0408_1_fwd/cam1_2026-04-08_16-15-57.mp4,1222.0,2211.5,892,1916,1552,2507,0.80414504
19,/Volumes/SmithL0/2026/BIOL470/Final/Learning_Rig/bee_0408_1_fwd/cam1_2026-04-08_16-15-57.mp4,1234.5,2212.0,919,1913,1550,2511,0.80636966
20,/Volumes/SmithL0/2026/BIOL470/Final/Learning_Rig/bee_0408_1_fwd/cam1_2026-04-08_16-15-57.mp4,1216.0,2217.0,900,1925,1532,2509,0.8082566
21,/Volumes/SmithL0/2026/BIOL470/Final/Learning_Rig/bee_0408_1_fwd/cam1_2026-04-08_16-15-57.mp4,1213.0,2212.0,878,1916,1548,2508,0.8080975
22,/Volumes/SmithL0/2026/BIOL470/Final/Learning_Rig/bee_0408_1_fwd/cam1_2026-04-08_16-15-57.mp4,1231.0,2213.5,919,1920,1543,2507,0.8079827
23,/Volumes/SmithL0/2026/BIOL470/Final/Learning_Rig/bee_0408_1_fwd/cam1_2026-04-08_16-15-57.mp4,1219.5,2212.5,889,1916,1550,2509,0.8113853
24,/Volumes/SmithL0/2026/BIOL470/Final/Learning_Rig/bee_0408_1_fwd/cam1_2026-04-08_16-15-57.mp4,1223.5,2212.0,899,1917,1548,2507,0.811577
25,/Volumes/SmithL0/2026/BIOL470/Final/Learning_Rig/bee_0408_1_fwd/cam1_2026-04-08_16-15-57.mp4,1244.0,2214.5,943,1919,1545,2510,0.80472445
26,/Volumes/SmithL0/2026/BIOL470/Final/Learning_Rig/bee_0408_1_fwd/cam1_2026-04-08_16-15-57.mp4,1243.0,2205.0,941,1900,1545,2510,0.80642915
27,/Volumes/SmithL0/2026/BIOL470/Final/Learning_Rig/bee_0408_1_fwd/cam1_2026-04-08_16-15-57.mp4,1222.5,2213.5,924,1915,1521,2512,0.80738527
28,/Volumes/SmithL0/2026/BIOL470/Final/Learning_Rig/bee_0408_1_fwd/cam1_2026-04-08_16-15-57.mp4,1237.0,2211.0,926,1915,1548,2507,0.8177737
29,/Volumes/SmithL0/2026/BIOL470/Final/Learning_Rig/bee_0408_1_fwd/cam1_2026-04-08_16-15-57.mp4,1224.0,2215.5,926,1920,1522,2511,0.81331503
30,/Volumes/SmithL0/2026/BIOL470/Final/Learning_Rig/bee_0408_1_fwd/cam1_2026-04-08_16-15-57.mp4,1234.0,2212.5,921,1914,1547,2511,0.81539917
31,/Volumes/SmithL0/2026/BIOL470/Final/Learning_Rig/bee_0408_1_fwd/cam1_2026-04-08_16-15-57.mp4,1208.5,2200.5,863,1895,1554,2506,0.8147813
32,/Volumes/SmithL0/2026/BIOL470/Final/Learning_Rig/bee_0408_1_fwd/cam1_2026-04-08_16-15-57.mp4,1209.5,2201.0,868,1904,1551,2498,0.8080255
33,/Volumes/SmithL0/2026/BIOL470/Final/Learning_Rig/bee_0408_1_fwd/cam1_2026-04-08_16-15-57.mp4,1215.5,2226.5,881,1953,1550,2500,0.81424046
34,/Volumes/SmithL0/2026/BIOL470/Final/Learning_Rig/bee_0408_1_fwd/cam1_2026-04-08_16-15-57.mp4,1229.0,2199.5,894,1908,1564,2491,0.8306575
35,/Volumes/SmithL0/2026/BIOL470/Final/Learning_Rig/bee_0408_1_fwd/cam1_2026-04-08_16-15-57.mp4,1219.0,2175.0,886,1884,1552,2466,0.8297304
36,/Volumes/SmithL0/2026/BIOL470/Final/Learning_Rig/bee_0408_1_fwd/cam1_2026-04-08_16-15-57.mp4,1223.0,2174.5,894,1885,1552,2464,0.82542104
37,/Volumes/SmithL0/2026/BIOL470/Final/Learning_Rig/bee_0408_1_fwd/cam1_2026-04-08_16-15-57.mp4,1226.5,2173.5,897,1885,1556,2462,0.82037306
38,/Volumes/SmithL0/2026/BIOL470/Final/Learning_Rig/bee_0408_1_fwd/cam1_2026-04-08_16-15-57.mp4,1233.0,2208.5,911,1908,1555,2509,0.8107163
39,/Volumes/SmithL0/2026/BIOL470/Final/Learning_Rig/bee_0408_1_fwd/cam1_2026-04-08_16-15-57.mp4,1259.0,2173.5,961,1876,1557,2471,0.8089833
40,/Volumes/SmithL0/2026/BIOL470/Final/Learning_Rig/bee_0408_1_fwd/cam1_2026-04-08_16-15-57.mp4,1240.5,2163.0,936,1856,1545,2470,0.8189373
41,/Volumes/SmithL0/2026/BIOL470/Final/Learning_Rig/bee_0408_1_fwd/cam1_2026-04-08_16-15-57.mp4,1202.5,2161.0,886,1860,1519,2462,0.8212746
42,/Volumes/SmithL0/2026/BIOL470/Final/Learning_Rig/bee_0408_1_fwd/cam1_2026-04-08_16-15-57.mp4,1207.5,2157.0,887,1858,1528,2456,0.81971747
43,/Volumes/SmithL0/2026/BIOL470/Final/Learning_Rig/bee_0408_1_fwd/cam1_2026-04-08_16-15-57.mp4,1214.0,2155.5,886,1859,1542,2452,0.8235455
44,/Volumes/SmithL0/2026/BIOL470/Final/Learning_Rig/bee_0408_1_fwd/cam1_2026-04-08_16-15-57.mp4,1226.0,2156.0,904,1859,1548,2453,0.8213137
45,/Volumes/SmithL0/2026/BIOL470/Final/Learning_Rig/bee_0408_1_fwd/cam1_2026-04-08_16-15-57.mp4,1234.0,2154.0,908,1856,1560,2452,0.8208416
46,/Volumes/SmithL0/2026/BIOL470/Final/Learning_Rig/bee_0408_1_fwd/cam1_2026-04-08_16-15-57.mp4,1233.5,2153.5,909,1859,1558,2448,0.8241066
47,/Volumes/SmithL0/2026/BIOL470/Final/Learning_Rig/bee_0408_1_fwd/cam1_2026-04-08_16-15-57.mp4,1245.0,2149.5,911,1857,1579,2442,0.81002223
48,/Volumes/SmithL0/2026/BIOL470/Final/Learning_Rig/bee_0408_1_fwd/cam1_2026-04-08_16-15-57.mp4,1247.0,2156.5,928,1860,1566,2453,0.80309975
49,/Volumes/SmithL0/2026/BIOL470/Final/Learning_Rig/bee_0408_1_fwd/cam1_2026-04-08_16-15-57.mp4,1248.0,2107.5,937,1783,1559,2432,0.8102554
50,/Volumes/SmithL0/2026/BIOL470/Final/Learning_Rig/bee_0408_1_fwd/cam1_2026-04-08_16-15-57.mp4,1247.0,2122.5,957,1788,1537,2457,0.8248875
51,/Volumes/SmithL0/2026/BIOL470/Final/Learning_Rig/bee_0408_1_fwd/cam1_2026-04-08_16-15-57.mp4,1238.0,2117.0,966,1787,1510,2447,0.82346773
52,/Volumes/SmithL0/2026/BIOL470/Final/Learning_Rig/bee_0408_1_fwd/cam1_2026-04-08_16-15-57.mp4,1264.5,2117.5,1003,1769,1526,2466,0.8154097
53,/Volumes/SmithL0/2026/BIOL470/Final/Learning_Rig/bee_0408_1_fwd/cam1_2026-04-08_16-15-57.mp4,1282.0,2117.5,1009,1771,1555,2464,0.8237171
54,/Volumes/SmithL0/2026/BIOL470/Final/Learning_Rig/bee_0408_1_fwd/cam1_2026-04-08_16-15-57.mp4,1294.5,2112.0,1000,1764,1589,2460,0.80019015
55,/Volumes/SmithL0/2026/BIOL470/Final/Learning_Rig/bee_0408_1_fwd/cam1_2026-04-08_16-15-57.mp4,1304.5,2099.0,1021,1775,1588,2423,0.8416128
56,/Volumes/SmithL0/2026/BIOL470/Final/Learning_Rig/bee_0408_1_fwd/cam1_2026-04-08_16-15-57.mp4,1379.0,2099.5,1033,1773,1725,2426,0.8387836
57,/Volumes/SmithL0/2026/BIOL470/Final/Learning_Rig/bee_0408_1_fwd/cam1_2026-04-08_16-15-57.mp4,1413.0,2086.0,1048,1773,1778,2399,0.82529503
58,/Volumes/SmithL0/2026/BIOL470/Final/Learning_Rig/bee_0408_1_fwd/cam1_2026-04-08_16-15-57.mp4,1423.5,2098.5,1063,1790,1784,2407,0.83879095
59,/Volumes/SmithL0/2026/BIOL470/Final/Learning_Rig/bee_0408_1_fwd/cam1_2026-04-08_16-15-57.mp4,1472.5,2074.5,1078,1766,1867,2383,0.79349434
60,/Volumes/SmithL0/2026/BIOL470/Final/Learning_Rig/bee_0408_1_fwd/cam1_2026-04-08_16-15-57.mp4,1561.0,2042.5,1167,1737,1955,2348,0.78313166
61,/Volumes/SmithL0/2026/BIOL470/Final/Learning_Rig/bee_0408_1_fwd/cam1_2026-04-08_16-15-57.mp4,1618.0,2077.0,1225,1778,2011,2376,0.7897729
62,/Volumes/SmithL0/2026/BIOL470/Final/Learning_Rig/bee_0408_1_fwd/cam1_2026-04-08_16-15-57.mp4,1702.5,2071.0,1310,1812,2095,2330,0.7700393
63,/Volumes/SmithL0/2026/BIOL470/Final/Learning_Rig/bee_0408_1_fwd/cam1_2026-04-08_16-15-57.mp4,1799.5,2084.0,1424,1816,2175,2352,0.6790128
64,/Volumes/SmithL0/2026/BIOL470/Final/Learning_Rig/bee_0408_1_fwd/cam1_2026-04-08_16-15-57.mp4,1730.5,2079.0,1335,1812,2126,2346,0.7863498
65,/Volumes/SmithL0/2026/BIOL470/Final/Learning_Rig/bee_0408_1_fwd/cam1_2026-04-08_16-15-57.mp4,1702.0,2097.0,1307,1817,2097,2377,0.78809327
66,/Volumes/SmithL0/2026/BIOL470/Final/Learning_Rig/bee_0408_1_fwd/cam1_2026-04-08_16-15-57.mp4,1698.0,2079.0,1316,1795,2080,2363,0.8250104
67,/Volumes/SmithL0/2026/BIOL470/Final/Learning_Rig/bee_0408_1_fwd/cam1_2026-04-08_16-15-57.mp4,1799.0,2012.5,1455,1690,2143,2335,0.787956
68,/Volumes/SmithL0/2026/BIOL470/Final/Learning_Rig/bee_0408_1_fwd/cam1_2026-04-08_16-15-57.mp4,1753.5,2040.0,1403,1739,2104,2341,0.7734622
69,/Volumes/SmithL0/2026/BIOL470/Final/Learning_Rig/bee_0408_1_fwd/cam1_2026-04-08_16-15-57.mp4,1729.5,2013.5,1392,1668,2067,2359,0.7980019
70,/Volumes/SmithL0/2026/BIOL470/Final/Learning_Rig/bee_0408_1_fwd/cam1_2026-04-08_16-15-57.mp4,1686.5,2125.0,1363,1833,2010,2417,0.70639974
71,/Volumes/SmithL0/2026/BIOL470/Final/Learning_Rig/bee_0408_1_fwd/cam1_2026-04-08_16-15-57.mp4,1630.5,2104.5,1315,1768,1946,2441,0.81294936
72,/Volumes/SmithL0/2026/BIOL470/Final/Learning_Rig/bee_0408_1_fwd/cam1_2026-04-08_16-15-57.mp4,1658.0,2137.0,1355,1786,1961,2488,0.81897765
73,/Volumes/SmithL0/2026/BIOL470/Final/Learning_Rig/bee_0408_1_fwd/cam1_2026-04-08_16-15-57.mp4,1603.5,2165.0,1264,1813,1943,2517,0.8544118
74,/Volumes/SmithL0/2026/BIOL470/Final/Learning_Rig/bee_0408_1_fwd/cam1_2026-04-08_16-15-57.mp4,1585.0,2189.5,1280,1794,1890,2585,0.81379855
75,/Volumes/SmithL0/2026/BIOL470/Final/Learning_Rig/bee_0408_1_fwd/cam1_2026-04-08_16-15-57.mp4,1540.0,2154.0,1218,1773,1862,2535,0.83296466
76,/Volumes/SmithL0/2026/BIOL470/Final/Learning_Rig/bee_0408_1_fwd/cam1_2026-04-08_16-15-57.mp4,1527.0,2128.5,1215,1754,1839,2503,0.81445897
77,/Volumes/SmithL0/2026/BIOL470/Final/Learning_Rig/bee_0408_1_fwd/cam1_2026-04-08_16-15-57.mp4,1539.0,2088.0,1222,1718,1856,2458,0.81627625
78,/Volumes/SmithL0/2026/BIOL470/Final/Learning_Rig/bee_0408_1_fwd/cam1_2026-04-08_16-15-57.mp4,1527.5,2075.0,1222,1701,1833,2449,0.8252388
79,/Volumes/SmithL0/2026/BIOL470/Final/Learning_Rig/bee_0408_1_fwd/cam1_2026-04-08_16-15-57.mp4,1494.0,2005.0,1208,1661,1780,2349,0.81340396
80,/Volumes/SmithL0/2026/BIOL470/Final/Learning_Rig/bee_0408_1_fwd/cam1_2026-04-08_16-15-57.mp4,1484.5,1989.0,1193,1644,1776,2334,0.796194
81,/Volumes/SmithL0/2026/BIOL470/Final/Learning_Rig/bee_0408_1_fwd/cam1_2026-04-08_16-15-57.mp4,1469.0,1904.5,1175,1574,1763,2235,0.8186269
82,/Volumes/SmithL0/2026/BIOL470/Final/Learning_Rig/bee_0408_1_fwd/cam1_2026-04-08_16-15-57.mp4,1420.0,1719.0,1134,1345,1706,2093,0.8198254
83,/Volumes/SmithL0/2026/BIOL470/Final/Learning_Rig/bee_0408_1_fwd/cam1_2026-04-08_16-15-57.mp4,1385.5,1673.5,1062,1313,1709,2034,0.8214154
84,/Volumes/SmithL0/2026/BIOL470/Final/Learning_Rig/bee_0408_1_fwd/cam1_2026-04-08_16-15-57.mp4,1312.5,1612.5,972,1286,1653,1939,0.78150344
85,/Volumes/SmithL0/2026/BIOL470/Final/Learning_Rig/bee_0408_1_fwd/cam1_2026-04-08_16-15-57.mp4,1253.5,1576.5,902,1252,1605,1901,0.794282
86,/Volumes/SmithL0/2026/BIOL470/Final/Learning_Rig/bee_0408_1_fwd/cam1_2026-04-08_16-15-57.mp4,1255.0,1445.5,900,1118,1610,1773,0.77862126
87,/Volumes/SmithL0/2026/BIOL470/Final/Learning_Rig/bee_0408_1_fwd/cam1_2026-04-08_16-15-57.mp4,1176.0,1373.0,877,1042,1475,1704,0.7892563
88,/Volumes/SmithL0/2026/BIOL470/Final/Learning_Rig/bee_0408_1_fwd/cam1_2026-04-08_16-15-57.mp4,1149.5,1263.0,870,915,1429,1611,0.82871485
89,/Volumes/SmithL0/2026/BIOL470/Final/Learning_Rig/bee_0408_1_fwd/cam1_2026-04-08_16-15-57.mp4,1127.0,1149.5,855,798,1399,1501,0.8384434
90,/Volumes/SmithL0/2026/BIOL470/Final/Learning_Rig/bee_0408_1_fwd/cam1_2026-04-08_16-15-57.mp4,1175.0,1092.0,900,750,1450,1434,0.79408616
91,/Volumes/SmithL0/2026/BIOL470/Final/Learning_Rig/bee_0408_1_fwd/cam1_2026-04-08_16-15-57.mp4,1145.5,1035.5,877,663,1414,1408,0.8176466
92,/Volumes/SmithL0/2026/BIOL470/Final/Learning_Rig/bee_0408_1_fwd/cam1_2026-04-08_16-15-57.mp4,1143.5,946.0,894,581,1393,1311,0.83580893
93,/Volumes/SmithL0/2026/BIOL470/Final/Learning_Rig/bee_0408_1_fwd/cam1_2026-04-08_16-15-57.mp4,1137.0,926.0,835,553,1439,1299,0.8363606
94,/Volumes/SmithL0/2026/BIOL470/Final/Learning_Rig/bee_0408_1_fwd/cam1_2026-04-08_16-15-57.mp4,1134.0,919.0,827,549,1441,1289,0.8476507
95,/Volumes/SmithL0/2026/BIOL470/Final/Learning_Rig/bee_0408_1_fwd/cam1_2026-04-08_16-15-57.mp4,1161.0,918.5,856,548,1466,1289,0.83282864
96,/Volumes/SmithL0/2026/BIOL470/Final/Learning_Rig/bee_0408_1_fwd/cam1_2026-04-08_16-15-57.mp4,1182.5,946.5,860,586,1505,1307,0.8125691
97,/Volumes/SmithL0/2026/BIOL470/Final/Learning_Rig/bee_0408_1_fwd/cam1_2026-04-08_16-15-57.mp4,1222.0,948.0,879,603,1565,1293,0.7849989
98,/Volumes/SmithL0/2026/BIOL470/Final/Learning_Rig/bee_0408_1_fwd/cam1_2026-04-08_16-15-57.mp4,1232.5,989.5,905,672,1560,1307,0.8173197
99,/Volumes/SmithL0/2026/BIOL470/Final/Learning_Rig/bee_0408_1_fwd/cam1_2026-04-08_16-15-57.mp4,1204.5,934.5,891,572,1518,1297,0.8232789
100,/Volumes/SmithL0/2026/BIOL470/Final/Learning_Rig/bee_0408_1_fwd/cam1_2026-04-08_16-15-57.mp4,1195.5,921.0,903,559,1488,1283,0.81150204
101,/Volumes/SmithL0/2026/BIOL470/Final/Learning_Rig/bee_0408_1_fwd/cam1_2026-04-08_16-15-57.mp4,1166.5,905.5,849,560,1484,1251,0.81858915
102,/Volumes/SmithL0/2026/BIOL470/Final/Learning_Rig/bee_0408_1_fwd/cam1_2026-04-08_16-15-57.mp4,1149.5,903.5,841,559,1458,1248,0.828829
103,/Volumes/SmithL0/2026/BIOL470/Final/Learning_Rig/bee_0408_1_fwd/cam1_2026-04-08_16-15-57.mp4,1166.5,942.5,813,588,1520,1297,0.8327531
104,/Volumes/SmithL0/2026/BIOL470/Final/Learning_Rig/bee_0408_1_fwd/cam1_2026-04-08_16-15-57.mp4,1212.0,960.5,838,618,1586,1303,0.6733588
105,/Volumes/SmithL0/2026/BIOL470/Final/Learning_Rig/bee_0408_1_fwd/cam1_2026-04-08_16-15-57.mp4,1252.5,1029.5,911,715,1594,1344,0.8077244
106,/Volumes/SmithL0/2026/BIOL470/Final/Learning_Rig/bee_0408_1_fwd/cam1_2026-04-08_16-15-57.mp4,1240.0,980.0,890,655,1590,1305,0.80654967
107,/Volumes/SmithL0/2026/BIOL470/Final/Learning_Rig/bee_0408_1_fwd/cam1_2026-04-08_16-15-57.mp4,1206.5,979.5,853,637,1560,1322,0.7830125
108,/Volumes/SmithL0/2026/BIOL470/Final/Learning_Rig/bee_0408_1_fwd/cam1_2026-04-08_16-15-57.mp4,1189.0,975.5,842,639,1536,1312,0.7444172
109,/Volumes/SmithL0/2026/BIOL470/Final/Learning_Rig/bee_0408_1_fwd/cam1_2026-04-08_16-15-57.mp4,1249.5,1046.0,897,707,1602,1385,0.81397325
110,/Volumes/SmithL0/2026/BIOL470/Final/Learning_Rig/bee_0408_1_fwd/cam1_2026-04-08_16-15-57.mp4,1249.5,1048.0,899,685,1600,1411,0.7922659
111,/Volumes/SmithL0/2026/BIOL470/Final/Learning_Rig/bee_0408_1_fwd/cam1_2026-04-08_16-15-57.mp4,1272.5,1079.5,932,740,1613,1419,0.79300684
112,/Volumes/SmithL0/2026/BIOL470/Final/Learning_Rig/bee_0408_1_fwd/cam1_2026-04-08_16-15-57.mp4,1274.0,1106.0,924,774,1624,1438,0.7920421
113,/Volumes/SmithL0/2026/BIOL470/Final/Learning_Rig/bee_0408_1_fwd/cam1_2026-04-08_16-15-57.mp4,1301.0,1134.5,911,830,1691,1439,0.79198086
114,/Volumes/SmithL0/2026/BIOL470/Final/Learning_Rig/bee_0408_1_fwd/cam1_2026-04-08_16-15-57.mp4,1277.0,1178.0,873,868,1681,1488,0.7782319
115,/Volumes/SmithL0/2026/BIOL470/Final/Learning_Rig/bee_0408_1_fwd/cam1_2026-04-08_16-15-57.mp4,1262.5,1205.5,863,859,1662,1552,0.8050619
116,/Volumes/SmithL0/2026/BIOL470/Final/Learning_Rig/bee_0408_1_fwd/cam1_2026-04-08_16-15-57.mp4,1317.5,1200.0,944,834,1691,1566,0.81762487
117,/Volumes/SmithL0/2026/BIOL470/Final/Learning_Rig/bee_0408_1_fwd/cam1_2026-04-08_16-15-57.mp4,1316.0,1197.5,956,843,1676,1552,0.8074673
118,/Volumes/SmithL0/2026/BIOL470/Final/Learning_Rig/bee_0408_1_fwd/cam1_2026-04-08_16-15-57.mp4,1451.5,1313.0,1153,932,1750,1694,0.76859665
119,/Volumes/SmithL0/2026/BIOL470/Final/Learning_Rig/bee_0408_1_fwd/cam1_2026-04-08_16-15-57.mp4,1335.0,1332.5,969,961,1701,1704,0.82374644
120,/Volumes/SmithL0/2026/BIOL470/Final/Learning_Rig/bee_0408_1_fwd/cam1_2026-04-08_16-15-57.mp4,1417.0,1361.0,1067,978,1767,1744,0.74404174
121,/Volumes/SmithL0/2026/BIOL470/Final/Learning_Rig/bee_0408_1_fwd/cam1_2026-04-08_16-15-57.mp4,1437.5,1450.5,1075,1053,1800,1848,0.7553353
122,/Volumes/SmithL0/2026/BIOL470/Final/Learning_Rig/bee_0408_1_fwd/cam1_2026-04-08_16-15-57.mp4,1358.5,1553.0,1060,1150,1657,1956,0.8010277
123,/Volumes/SmithL0/2026/BIOL470/Final/Learning_Rig/bee_0408_1_fwd/cam1_2026-04-08_16-15-57.mp4,1334.5,1689.0,1022,1313,1647,2065,0.81319493
124,/Volumes/SmithL0/2026/BIOL470/Final/Learning_Rig/bee_0408_1_fwd/cam1_2026-04-08_16-15-57.mp4,1232.5,1898.0,907,1564,1558,2232,0.81580305
125,/Volumes/SmithL0/2026/BIOL470/Final/Learning_Rig/bee_0408_1_fwd/cam1_2026-04-08_16-15-57.mp4,1180.0,1936.5,910,1617,1450,2256,0.8584538
126,/Volumes/SmithL0/2026/BIOL470/Final/Learning_Rig/bee_0408_1_fwd/cam1_2026-04-08_16-15-57.mp4,1197.0,2050.5,938,1690,1456,2411,0.8202576
127,/Volumes/SmithL0/2026/BIOL470/Final/Learning_Rig/bee_0408_1_fwd/cam1_2026-04-08_16-15-57.mp4,1201.0,2073.0,918,1732,1484,2414,0.8129556
128,/Volumes/SmithL0/2026/BIOL470/Final/Learning_Rig/bee_0408_1_fwd/cam1_2026-04-08_16-15-57.mp4,1153.5,2080.5,868,1748,1439,2413,0.8215923
129,/Volumes/SmithL0/2026/BIOL470/Final/Learning_Rig/bee_0408_1_fwd/cam1_2026-04-08_16-15-57.mp4,1152.0,2057.0,856,1718,1448,2396,0.82664675
130,/Volumes/SmithL0/2026/BIOL470/Final/Learning_Rig/bee_0408_1_fwd/cam1_2026-04-08_16-15-57.mp4,1174.5,2027.5,891,1691,1458,2364,0.83745223
131,/Volumes/SmithL0/2026/BIOL470/Final/Learning_Rig/bee_0408_1_fwd/cam1_2026-04-08_16-15-57.mp4,1148.5,2015.5,838,1687,1459,2344,0.8387703
132,/Volumes/SmithL0/2026/BIOL470/Final/Learning_Rig/bee_0408_1_fwd/cam1_2026-04-08_16-15-57.mp4,1179.5,1994.0,866,1661,1493,2327,0.78589827
133,/Volumes/SmithL0/2026/BIOL470/Final/Learning_Rig/bee_0408_1_fwd/cam1_2026-04-08_16-15-57.mp4,1184.5,1966.0,872,1632,1497,2300,0.8286515
134,/Volumes/SmithL0/2026/BIOL470/Final/Learning_Rig/bee_0408_1_fwd/cam1_2026-04-08_16-15-57.mp4,1223.5,1931.0,900,1583,1547,2279,0.8170574
135,/Volumes/SmithL0/2026/BIOL470/Final/Learning_Rig/bee_0408_1_fwd/cam1_2026-04-08_16-15-57.mp4,1352.0,1929.5,985,1566,1719,2293,0.7677844
136,/Volumes/SmithL0/2026/BIOL470/Final/Learning_Rig/bee_0408_1_fwd/cam1_2026-04-08_16-15-57.mp4,1380.0,2027.0,1051,1642,1709,2412,0.84165967
137,/Volumes/SmithL0/2026/BIOL470/Final/Learning_Rig/bee_0408_1_fwd/cam1_2026-04-08_16-15-57.mp4,1463.0,2084.0,1128,1735,1798,2433,0.8071745
138,/Volumes/SmithL0/2026/BIOL470/Final/Learning_Rig/bee_0408_1_fwd/cam1_2026-04-08_16-15-57.mp4,1513.5,2091.0,1175,1759,1852,2423,0.82258505
139,/Volumes/SmithL0/2026/BIOL470/Final/Learning_Rig/bee_0408_1_fwd/cam1_2026-04-08_16-15-57.mp4,1565.0,2089.5,1218,1758,1912,2421,0.84244514
140,/Volumes/SmithL0/2026/BIOL470/Final/Learning_Rig/bee_0408_1_fwd/cam1_2026-04-08_16-15-57.mp4,1610.0,2131.0,1248,1788,1972,2474,0.8457863
141,/Volumes/SmithL0/2026/BIOL470/Final/Learning_Rig/bee_0408_1_fwd/cam1_2026-04-08_16-15-57.mp4,1654.0,2199.5,1307,1875,2001,2524,0.784227
142,/Volumes/SmithL0/2026/BIOL470/Final/Learning_Rig/bee_0408_1_fwd/cam1_2026-04-08_16-15-57.mp4,1550.5,2183.5,1171,1850,1930,2517,0.7861605
143,/Volumes/SmithL0/2026/BIOL470/Final/Learning_Rig/bee_0408_1_fwd/cam1_2026-04-08_16-15-57.mp4,1533.5,2108.5,1160,1773,1907,2444,0.8284809
144,/Volumes/SmithL0/2026/BIOL470/Final/Learning_Rig/bee_0408_1_fwd/cam1_2026-04-08_16-15-57.mp4,1479.5,2073.0,1145,1736,1814,2410,0.8187297
145,/Volumes/SmithL0/2026/BIOL470/Final/Learning_Rig/bee_0408_1_fwd/cam1_2026-04-08_16-15-57.mp4,1437.0,2053.5,1152,1691,1722,2416,0.85295075
146,/Volumes/SmithL0/2026/BIOL470/Final/Learning_Rig/bee_0408_1_fwd/cam1_2026-04-08_16-15-57.mp4,1416.5,2080.5,1095,1707,1738,2454,0.81593996
147,/Volumes/SmithL0/2026/BIOL470/Final/Learning_Rig/bee_0408_1_fwd/cam1_2026-04-08_16-15-57.mp4,1316.5,2085.0,996,1731,1637,2439,0.80116326
148,/Volumes/SmithL0/2026/BIOL470/Final/Learning_Rig/bee_0408_1_fwd/cam1_2026-04-08_16-15-57.mp4,1242.0,2093.0,923,1773,1561,2413,0.81508785
149,/Volumes/SmithL0/2026/BIOL470/Final/Learning_Rig/bee_0408_1_fwd/cam1_2026-04-08_16-15-57.mp4,1243.0,2134.0,898,1826,1588,2442,0.79150766
150,/Volumes/SmithL0/2026/BIOL470/Final/Learning_Rig/bee_0408_1_fwd/cam1_2026-04-08_16-15-57.mp4,1236.0,2145.0,869,1838,1603,2452,0.77506006
151,/Volumes/SmithL0/2026/BIOL470/Final/Learning_Rig/bee_0408_1_fwd/cam1_2026-04-08_16-15-57.mp4,1247.0,2067.5,891,1829,1603,2306,0.7981483
152,/Volumes/SmithL0/2026/BIOL470/Final/Learning_Rig/bee_0408_1_fwd/cam1_2026-04-08_16-15-57.mp4,1270.5,2030.5,898,1750,1643,2311,0.78068334
153,/Volumes/SmithL0/2026/BIOL470/Final/Learning_Rig/bee_0408_1_fwd/cam1_2026-04-08_16-15-57.mp4,1277.0,2017.5,888,1722,1666,2313,0.82367784
154,/Volumes/SmithL0/2026/BIOL470/Final/Learning_Rig/bee_0408_1_fwd/cam1_2026-04-08_16-15-57.mp4,1211.0,2005.5,828,1698,1594,2313,0.8129196
155,/Volumes/SmithL0/2026/BIOL470/Final/Learning_Rig/bee_0408_1_fwd/cam1_2026-04-08_16-15-57.mp4,1198.5,1996.0,810,1686,1587,2306,0.8269722
156,/Volumes/SmithL0/2026/BIOL470/Final/Learning_Rig/bee_0408_1_fwd/cam1_2026-04-08_16-15-57.mp4,1234.5,2005.5,839,1703,1630,2308,0.8095762
157,/Volumes/SmithL0/2026/BIOL470/Final/Learning_Rig/bee_0408_1_fwd/cam1_2026-04-08_16-15-57.mp4,1261.5,2013.0,874,1717,1649,2309,0.8225487
158,/Volumes/SmithL0/2026/BIOL470/Final/Learning_Rig/bee_0408_1_fwd/cam1_2026-04-08_16-15-57.mp4,1285.5,1994.0,904,1681,1667,2307,0.8205284
159,/Volumes/SmithL0/2026/BIOL470/Final/Learning_Rig/bee_0408_1_fwd/cam1_2026-04-08_16-15-57.mp4,1322.5,1963.0,947,1654,1698,2272,0.8273851
160,/Volumes/SmithL0/2026/BIOL470/Final/Learning_Rig/bee_0408_1_fwd/cam1_2026-04-08_16-15-57.mp4,1271.0,1907.5,914,1572,1628,2243,0.8186752
161,/Volumes/SmithL0/2026/BIOL470/Final/Learning_Rig/bee_0408_1_fwd/cam1_2026-04-08_16-15-57.mp4,1218.0,1804.5,876,1474,1560,2135,0.79251283
162,/Volumes/SmithL0/2026/BIOL470/Final/Learning_Rig/bee_0408_1_fwd/cam1_2026-04-08_16-15-57.mp4,1097.0,1595.5,818,1258,1376,1933,0.82021856
163,/Volumes/SmithL0/2026/BIOL470/Final/Learning_Rig/bee_0408_1_fwd/cam1_2026-04-08_16-15-57.mp4,1109.0,1486.0,847,1131,1371,1841,0.82167065
164,/Volumes/SmithL0/2026/BIOL470/Final/Learning_Rig/bee_0408_1_fwd/cam1_2026-04-08_16-15-57.mp4,1129.0,1402.0,842,1016,1416,1788,0.8265493
165,/Volumes/SmithL0/2026/BIOL470/Final/Learning_Rig/bee_0408_1_fwd/cam1_2026-04-08_16-15-57.mp4,1135.5,1301.0,842,957,1429,1645,0.82663167
166,/Volumes/SmithL0/2026/BIOL470/Final/Learning_Rig/bee_0408_1_fwd/cam1_2026-04-08_16-15-57.mp4,1099.0,1233.5,831,862,1367,1605,0.8286258
167,/Volumes/SmithL0/2026/BIOL470/Final/Learning_Rig/bee_0408_1_fwd/cam1_2026-04-08_16-15-57.mp4,1125.0,1146.0,835,773,1415,1519,0.8396088
168,/Volumes/SmithL0/2026/BIOL470/Final/Learning_Rig/bee_0408_1_fwd/cam1_2026-04-08_16-15-57.mp4,1103.5,1053.0,844,692,1363,1414,0.8240528
169,/Volumes/SmithL0/2026/BIOL470/Final/Learning_Rig/bee_0408_1_fwd/cam1_2026-04-08_16-15-57.mp4,1099.5,1032.5,840,664,1359,1401,0.84932595
170,/Volumes/SmithL0/2026/BIOL470/Final/Learning_Rig/bee_0408_1_fwd/cam1_2026-04-08_16-15-57.mp4,1122.0,911.5,836,535,1408,1288,0.80999976
171,/Volumes/SmithL0/2026/BIOL470/Final/Learning_Rig/bee_0408_1_fwd/cam1_2026-04-08_16-15-57.mp4,1187.5,942.0,892,574,1483,1310,0.80591553
172,/Volumes/SmithL0/2026/BIOL470/Final/Learning_Rig/bee_0408_1_fwd/cam1_2026-04-08_16-15-57.mp4,1186.5,964.0,893,609,1480,1319,0.7935294
173,/Volumes/SmithL0/2026/BIOL470/Final/Learning_Rig/bee_0408_1_fwd/cam1_2026-04-08_16-15-57.mp4,1210.0,1023.0,934,659,1486,1387,0.82501984
174,/Volumes/SmithL0/2026/BIOL470/Final/Learning_Rig/bee_0408_1_fwd/cam1_2026-04-08_16-15-57.mp4,1261.0,1036.0,914,665,1608,1407,0.7977941
175,/Volumes/SmithL0/2026/BIOL470/Final/Learning_Rig/bee_0408_1_fwd/cam1_2026-04-08_16-15-57.mp4,1254.0,1068.5,906,729,1602,1408,0.7426648
176,/Volumes/SmithL0/2026/BIOL470/Final/Learning_Rig/bee_0408_1_fwd/cam1_2026-04-08_16-15-57.mp4,1320.0,1061.0,945,689,1695,1433,0.82504314
177,/Volumes/SmithL0/2026/BIOL470/Final/Learning_Rig/bee_0408_1_fwd/cam1_2026-04-08_16-15-57.mp4,1369.0,1036.0,980,644,1758,1428,0.8043263
178,/Volumes/SmithL0/2026/BIOL470/Final/Learning_Rig/bee_0408_1_fwd/cam1_2026-04-08_16-15-57.mp4,1365.5,786.0,1077,430,1654,1142,0.78584486
179,/Volumes/SmithL0/2026/BIOL470/Final/Learning_Rig/bee_0408_1_fwd/cam1_2026-04-08_16-15-57.mp4,1377.0,738.5,1049,373,1705,1104,0.8367718
180,/Volumes/SmithL0/2026/BIOL470/Final/Learning_Rig/bee_0408_1_fwd/cam1_2026-04-08_16-15-57.mp4,1530.5,702.0,1202,363,1859,1041,0.8290693
181,/Volumes/SmithL0/2026/BIOL470/Final/Learning_Rig/bee_0408_1_fwd/cam1_2026-04-08_16-15-57.mp4,1606.0,674.5,1243,337,1969,1012,0.8321943
182,/Volumes/SmithL0/2026/BIOL470/Final/Learning_Rig/bee_0408_1_fwd/cam1_2026-04-08_16-15-57.mp4,1720.5,601.5,1364,270,2077,933,0.81880593
183,/Volumes/SmithL0/2026/BIOL470/Final/Learning_Rig/bee_0408_1_fwd/cam1_2026-04-08_16-15-57.mp4,1806.5,530.5,1453,209,2160,852,0.86504555
184,/Volumes/SmithL0/2026/BIOL470/Final/Learning_Rig/bee_0408_1_fwd/cam1_2026-04-08_16-15-57.mp4,1813.5,489.5,1457,143,2170,836,0.8311783
185,/Volumes/SmithL0/2026/BIOL470/Final/Learning_Rig/bee_0408_1_fwd/cam1_2026-04-08_16-15-57.mp4,1837.0,501.0,1455,163,2219,839,0.81939787
186,/Volumes/SmithL0/2026/BIOL470/Final/Learning_Rig/bee_0408_1_fwd/cam1_2026-04-08_16-15-57.mp4,1853.0,521.5,1470,208,2236,835,0.8141575
187,/Volumes/SmithL0/2026/BIOL470/Final/Learning_Rig/bee_0408_1_fwd/cam1_2026-04-08_16-15-57.mp4,1855.0,519.5,1478,205,2232,834,0.80920154
188,/Volumes/SmithL0/2026/BIOL470/Final/Learning_Rig/bee_0408_1_fwd/cam1_2026-04-08_16-15-57.mp4,1870.0,493.5,1505,134,2235,853,0.8269665
189,/Volumes/SmithL0/2026/BIOL470/Final/Learning_Rig/bee_0408_1_fwd/cam1_2026-04-08_16-15-57.mp4,1876.0,503.5,1554,134,2198,873,0.8246197
190,/Volumes/SmithL0/2026/BIOL470/Final/Learning_Rig/bee_0408_1_fwd/cam1_2026-04-08_16-15-57.mp4,1842.0,542.0,1548,157,2136,927,0.8111378
191,/Volumes/SmithL0/2026/BIOL470/Final/Learning_Rig/bee_0408_1_fwd/cam1_2026-04-08_16-15-57.mp4,1842.0,598.0,1551,214,2133,982,0.70972073
192,/Volumes/SmithL0/2026/BIOL470/Final/Learning_Rig/bee_0408_1_fwd/cam1_2026-04-08_16-15-57.mp4,1519.0,454.5,1185,71,1853,838,0.83535665
193,/Volumes/SmithL0/2026/BIOL470/Final/Learning_Rig/bee_0408_1_fwd/cam1_2026-04-08_16-15-57.mp4,1509.5,451.0,1177,78,1842,824,0.84315073
194,/Volumes/SmithL0/2026/BIOL470/Final/Learning_Rig/bee_0408_1_fwd/cam1_2026-04-08_16-15-57.mp4,1492.0,467.0,1178,127,1806,807,0.80620784
195,/Volumes/SmithL0/2026/BIOL470/Final/Learning_Rig/bee_0408_1_fwd/cam1_2026-04-08_16-15-57.mp4,1443.5,453.0,1054,135,1833,771,0.8118242
196,/Volumes/SmithL0/2026/BIOL470/Final/Learning_Rig/bee_0408_1_fwd/cam1_2026-04-08_16-15-57.mp4,1307.0,425.5,940,132,1674,719,0.82549375
197,/Volumes/SmithL0/2026/BIOL470/Final/Learning_Rig/bee_0408_1_fwd/cam1_2026-04-08_16-15-57.mp4,1293.0,418.5,917,130,1669,707,0.8311734
198,/Volumes/SmithL0/2026/BIOL470/Final/Learning_Rig/bee_0408_1_fwd/cam1_2026-04-08_16-15-57.mp4,1319.0,424.5,933,134,1705,715,0.8366871
199,/Volumes/SmithL0/2026/BIOL470/Final/Learning_Rig/bee_0408_1_fwd/cam1_2026-04-08_16-15-57.mp4,1332.5,415.5,932,115,1733,716,0.83221424
200,/Volumes/SmithL0/2026/BIOL470/Final/Learning_Rig/bee_0408_1_fwd/cam1_2026-04-08_16-15-57.mp4,1286.0,463.0,881,138,1691,788,0.8127044
201,/Volumes/SmithL0/2026/BIOL470/Final/Learning_Rig/bee_0408_1_fwd/cam1_2026-04-08_16-15-57.mp4,1293.0,457.0,897,136,1689,778,0.8171368
202,/Volumes/SmithL0/2026/BIOL470/Final/Learning_Rig/bee_0408_1_fwd/cam1_2026-04-08_16-15-57.mp4,1306.0,481.5,896,147,1716,816,0.79203147
203,/Volumes/SmithL0/2026/BIOL470/Final/Learning_Rig/bee_0408_1_fwd/cam1_2026-04-08_16-15-57.mp4,1273.0,480.0,878,122,1668,838,0.82334775
204,/Volumes/SmithL0/2026/BIOL470/Final/Learning_Rig/bee_0408_1_fwd/cam1_2026-04-08_16-15-57.mp4,1260.0,554.5,872,218,1648,891,0.8429811
205,/Volumes/SmithL0/2026/BIOL470/Final/Learning_Rig/bee_0408_1_fwd/cam1_2026-04-08_16-15-57.mp4,1256.0,666.5,906,325,1606,1008,0.81244624
206,/Volumes/SmithL0/2026/BIOL470/Final/Learning_Rig/bee_0408_1_fwd/cam1_2026-04-08_16-15-57.mp4,1186.0,821.5,905,450,1467,1193,0.8052551
207,/Volumes/SmithL0/2026/BIOL470/Final/Learning_Rig/bee_0408_1_fwd/cam1_2026-04-08_16-15-57.mp4,1189.5,816.5,913,452,1466,1181,0.7898306
208,/Volumes/SmithL0/2026/BIOL470/Final/Learning_Rig/bee_0408_1_fwd/cam1_2026-04-08_16-15-57.mp4,1203.0,782.5,922,433,1484,1132,0.79743516
209,/Volumes/SmithL0/2026/BIOL470/Final/Learning_Rig/bee_0408_1_fwd/cam1_2026-04-08_16-15-57.mp4,1216.0,752.5,927,397,1505,1108,0.81657887
210,/Volumes/SmithL0/2026/BIOL470/Final/Learning_Rig/bee_0408_1_fwd/cam1_2026-04-08_16-15-57.mp4,1203.0,696.0,871,383,1535,1009,0.8037318
211,/Volumes/SmithL0/2026/BIOL470/Final/Learning_Rig/bee_0408_1_fwd/cam1_2026-04-08_16-15-57.mp4,1266.0,672.0,930,356,1602,988,0.7891403
212,/Volumes/SmithL0/2026/BIOL470/Final/Learning_Rig/bee_0408_1_fwd/cam1_2026-04-08_16-15-57.mp4,1278.5,678.5,955,339,1602,1018,0.8086774
213,/Volumes/SmithL0/2026/BIOL470/Final/Learning_Rig/bee_0408_1_fwd/cam1_2026-04-08_16-15-57.mp4,1300.5,622.0,971,289,1630,955,0.81186795
214,/Volumes/SmithL0/2026/BIOL470/Final/Learning_Rig/bee_0408_1_fwd/cam1_2026-04-08_16-15-57.mp4,1328.0,578.5,990,241,1666,916,0.78720117
215,/Volumes/SmithL0/2026/BIOL470/Final/Learning_Rig/bee_0408_1_fwd/cam1_2026-04-08_16-15-57.mp4,1298.0,505.5,894,145,1702,866,0.81633455
216,/Volumes/SmithL0/2026/BIOL470/Final/Learning_Rig/bee_0408_1_fwd/cam1_2026-04-08_16-15-57.mp4,1270.5,483.5,885,145,1656,822,0.79450846
217,/Volumes/SmithL0/2026/BIOL470/Final/Learning_Rig/bee_0408_1_fwd/cam1_2026-04-08_16-15-57.mp4,1315.5,475.5,943,151,1688,800,0.8319514
218,/Volumes/SmithL0/2026/BIOL470/Final/Learning_Rig/bee_0408_1_fwd/cam1_2026-04-08_16-15-57.mp4,1283.0,475.5,923,147,1643,804,0.8090827
219,/Volumes/SmithL0/2026/BIOL470/Final/Learning_Rig/bee_0408_1_fwd/cam1_2026-04-08_16-15-57.mp4,1261.5,529.0,970,180,1553,878,0.8272809
220,/Volumes/SmithL0/2026/BIOL470/Final/Learning_Rig/bee_0408_1_fwd/cam1_2026-04-08_16-15-57.mp4,1270.5,561.0,965,198,1576,924,0.8018658
221,/Volumes/SmithL0/2026/BIOL470/Final/Learning_Rig/bee_0408_1_fwd/cam1_2026-04-08_16-15-57.mp4,1265.0,591.5,934,249,1596,934,0.81880194
222,/Volumes/SmithL0/2026/BIOL470/Final/Learning_Rig/bee_0408_1_fwd/cam1_2026-04-08_16-15-57.mp4,1247.5,669.0,896,295,1599,1043,0.8218583
223,/Volumes/SmithL0/2026/BIOL470/Final/Learning_Rig/bee_0408_1_fwd/cam1_2026-04-08_16-15-57.mp4,1141.0,738.5,899,347,1383,1130,0.76293343
224,/Volumes/SmithL0/2026/BIOL470/Final/Learning_Rig/bee_0408_1_fwd/cam1_2026-04-08_16-15-57.mp4,1234.5,821.0,879,518,1590,1124,0.7138964
225,/Volumes/SmithL0/2026/BIOL470/Final/Learning_Rig/bee_0408_1_fwd/cam1_2026-04-08_16-15-57.mp4,1143.5,870.5,890,621,1397,1120,0.5523731
226,/Volumes/SmithL0/2026/BIOL470/Final/Learning_Rig/bee_0408_1_fwd/cam1_2026-04-08_16-15-57.mp4,1182.0,824.5,823,439,1541,1210,0.8155831
227,/Volumes/SmithL0/2026/BIOL470/Final/Learning_Rig/bee_0408_1_fwd/cam1_2026-04-08_16-15-57.mp4,1110.0,849.0,818,483,1402,1215,0.7892091
228,/Volumes/SmithL0/2026/BIOL470/Final/Learning_Rig/bee_0408_1_fwd/cam1_2026-04-08_16-15-57.mp4,1229.0,894.0,842,543,1616,1245,0.79318476
229,/Volumes/SmithL0/2026/BIOL470/Final/Learning_Rig/bee_0408_1_fwd/cam1_2026-04-08_16-15-57.mp4,1209.5,928.5,865,607,1554,1250,0.8301456
230,/Volumes/SmithL0/2026/BIOL470/Final/Learning_Rig/bee_0408_1_fwd/cam1_2026-04-08_16-15-57.mp4,1272.0,955.5,901,659,1643,1252,0.7756872
231,/Volumes/SmithL0/2026/BIOL470/Final/Learning_Rig/bee_0408_1_fwd/cam1_2026-04-08_16-15-57.mp4,1292.5,953.0,921,657,1664,1249,0.8062273
232,/Volumes/SmithL0/2026/BIOL470/Final/Learning_Rig/bee_0408_1_fwd/cam1_2026-04-08_16-15-57.mp4,1299.5,964.0,929,653,1670,1275,0.78826183
233,/Volumes/SmithL0/2026/BIOL470/Final/Learning_Rig/bee_0408_1_fwd/cam1_2026-04-08_16-15-57.mp4,1379.5,954.5,990,657,1769,1252,0.8212029
234,/Volumes/SmithL0/2026/BIOL470/Final/Learning_Rig/bee_0408_1_fwd/cam1_2026-04-08_16-15-57.mp4,1417.0,953.0,1032,644,1802,1262,0.8053327
235,/Volumes/SmithL0/2026/BIOL470/Final/Learning_Rig/bee_0408_1_fwd/cam1_2026-04-08_16-15-57.mp4,1504.5,881.0,1116,596,1893,1166,0.72421134
236,/Volumes/SmithL0/2026/BIOL470/Final/Learning_Rig/bee_0408_1_fwd/cam1_2026-04-08_16-15-57.mp4,1492.5,815.5,1107,612,1878,1019,0.5304789
237,/Volumes/SmithL0/2026/BIOL470/Final/Learning_Rig/bee_0408_1_fwd/cam1_2026-04-08_16-15-57.mp4,1751.0,782.5,1362,484,2140,1081,0.80122274
238,/Volumes/SmithL0/2026/BIOL470/Final/Learning_Rig/bee_0408_1_fwd/cam1_2026-04-08_16-15-57.mp4,1859.5,696.5,1493,370,2226,1023,0.79966503
239,/Volumes/SmithL0/2026/BIOL470/Final/Learning_Rig/bee_0408_1_fwd/cam1_2026-04-08_16-15-57.mp4,1868.0,671.0,1522,351,2214,991,0.7959381
240,/Volumes/SmithL0/2026/BIOL470/Final/Learning_Rig/bee_0408_1_fwd/cam1_2026-04-08_16-15-57.mp4,1870.5,599.0,1584,240,2157,958,0.80757445
241,/Volumes/SmithL0/2026/BIOL470/Final/Learning_Rig/bee_0408_1_fwd/cam1_2026-04-08_16-15-57.mp4,1855.0,581.0,1577,217,2133,945,0.79363143
242,/Volumes/SmithL0/2026/BIOL470/Final/Learning_Rig/bee_0408_1_fwd/cam1_2026-04-08_16-15-57.mp4,1854.5,580.5,1547,224,2162,937,0.80805665
243,/Volumes/SmithL0/2026/BIOL470/Final/Learning_Rig/bee_0408_1_fwd/cam1_2026-04-08_16-15-57.mp4,1717.5,650.0,1319,310,2116,990,0.77650386
244,/Volumes/SmithL0/2026/BIOL470/Final/Learning_Rig/bee_0408_1_fwd/cam1_2026-04-08_16-15-57.mp4,1662.5,771.5,1284,490,2041,1053,0.7908668
245,/Volumes/SmithL0/2026/BIOL470/Final/Learning_Rig/bee_0408_1_fwd/cam1_2026-04-08_16-15-57.mp4,1636.5,917.0,1271,549,2002,1285,0.8272599
246,/Volumes/SmithL0/2026/BIOL470/Final/Learning_Rig/bee_0408_1_fwd/cam1_2026-04-08_16-15-57.mp4,1576.0,932.5,1216,555,1936,1310,0.8143698
247,/Volumes/SmithL0/2026/BIOL470/Final/Learning_Rig/bee_0408_1_fwd/cam1_2026-04-08_16-15-57.mp4,1620.5,1073.5,1246,711,1995,1436,0.79611516
248,/Volumes/SmithL0/2026/BIOL470/Final/Learning_Rig/bee_0408_1_fwd/cam1_2026-04-08_16-15-57.mp4,1595.5,1154.5,1272,778,1919,1531,0.7835434
249,/Volumes/SmithL0/2026/BIOL470/Final/Learning_Rig/bee_0408_1_fwd/cam1_2026-04-08_16-15-57.mp4,1613.0,1179.5,1282,828,1944,1531,0.80630624
250,/Volumes/SmithL0/2026/BIOL470/Final/Learning_Rig/bee_0408_1_fwd/cam1_2026-04-08_16-15-57.mp4,1673.0,1266.5,1335,906,2011,1627,0.7949524
251,/Volumes/SmithL0/2026/BIOL470/Final/Learning_Rig/bee_0408_1_fwd/cam1_2026-04-08_16-15-57.mp4,1812.5,1614.5,1466,1269,2159,1960,0.8296159
252,/Volumes/SmithL0/2026/BIOL470/Final/Learning_Rig/bee_0408_1_fwd/cam1_2026-04-08_16-15-57.mp4,1813.5,1732.0,1512,1360,2115,2104,0.79829353
253,/Volumes/SmithL0/2026/BIOL470/Final/Learning_Rig/bee_0408_1_fwd/cam1_2026-04-08_16-15-57.mp4,1786.0,1816.5,1515,1446,2057,2187,0.7858617
254,/Volumes/SmithL0/2026/BIOL470/Final/Learning_Rig/bee_0408_1_fwd/cam1_2026-04-08_16-15-57.mp4,1780.5,1860.0,1529,1479,2032,2241,0.80643517
255,/Volumes/SmithL0/2026/BIOL470/Final/Learning_Rig/bee_0408_1_fwd/cam1_2026-04-08_16-15-57.mp4,1767.0,1959.5,1514,1578,2020,2341,0.81953365
256,/Volumes/SmithL0/2026/BIOL470/Final/Learning_Rig/bee_0408_1_fwd/cam1_2026-04-08_16-15-57.mp4,1703.0,2130.0,1443,1750,1963,2510,0.83914125
257,/Volumes/SmithL0/2026/BIOL470/Final/Learning_Rig/bee_0408_1_fwd/cam1_2026-04-08_16-15-57.mp4,1728.0,2155.5,1461,1805,1995,2506,0.819743
258,/Volumes/SmithL0/2026/BIOL470/Final/Learning_Rig/bee_0408_1_fwd/cam1_2026-04-08_16-15-57.mp4,1744.0,2081.5,1463,1725,2025,2438,0.7977966
259,/Volumes/SmithL0/2026/BIOL470/Final/Learning_Rig/bee_0408_1_fwd/cam1_2026-04-08_16-15-57.mp4,1641.5,2078.0,1314,1712,1969,2444,0.80503994
260,/Volumes/SmithL0/2026/BIOL470/Final/Learning_Rig/bee_0408_1_fwd/cam1_2026-04-08_16-15-57.mp4,1634.5,2068.0,1295,1733,1974,2403,0.80794173
261,/Volumes/SmithL0/2026/BIOL470/Final/Learning_Rig/bee_0408_1_fwd/cam1_2026-04-08_16-15-57.mp4,1626.5,2050.0,1274,1753,1979,2347,0.8123224
262,/Volumes/SmithL0/2026/BIOL470/Final/Learning_Rig/bee_0408_1_fwd/cam1_2026-04-08_16-15-57.mp4,1598.0,2054.0,1233,1757,1963,2351,0.7830183
263,/Volumes/SmithL0/2026/BIOL470/Final/Learning_Rig/bee_0408_1_fwd/cam1_2026-04-08_16-15-57.mp4,1608.5,2127.5,1262,1831,1955,2424,0.8143066
264,/Volumes/SmithL0/2026/BIOL470/Final/Learning_Rig/bee_0408_1_fwd/cam1_2026-04-08_16-15-57.mp4,1606.5,2193.0,1254,1885,1959,2501,0.8174798
265,/Volumes/SmithL0/2026/BIOL470/Final/Learning_Rig/bee_0408_1_fwd/cam1_2026-04-08_16-15-57.mp4,1280.0,2239.0,908,1942,1652,2536,0.81925464
266,/Volumes/SmithL0/2026/BIOL470/Final/Learning_Rig/bee_0408_1_fwd/cam1_2026-04-08_16-15-57.mp4,1228.5,2221.0,853,1929,1604,2513,0.81349665
267,/Volumes/SmithL0/2026/BIOL470/Final/Learning_Rig/bee_0408_1_fwd/cam1_2026-04-08_16-15-57.mp4,1217.5,2233.0,841,1935,1594,2531,0.80238825
268,/Volumes/SmithL0/2026/BIOL470/Final/Learning_Rig/bee_0408_1_fwd/cam1_2026-04-08_16-15-57.mp4,1218.5,2247.0,852,1956,1585,2538,0.8092186
269,/Volumes/SmithL0/2026/BIOL470/Final/Learning_Rig/bee_0408_1_fwd/cam1_2026-04-08_16-15-57.mp4,1215.0,2237.5,852,1940,1578,2535,0.813465
270,/Volumes/SmithL0/2026/BIOL470/Final/Learning_Rig/bee_0408_1_fwd/cam1_2026-04-08_16-15-57.mp4,1203.0,2236.0,855,1937,1551,2535,0.8157341
271,/Volumes/SmithL0/2026/BIOL470/Final/Learning_Rig/bee_0408_1_fwd/cam1_2026-04-08_16-15-57.mp4,1144.5,2236.0,809,1936,1480,2536,0.83388144
272,/Volumes/SmithL0/2026/BIOL470/Final/Learning_Rig/bee_0408_1_fwd/cam1_2026-04-08_16-15-57.mp4,1213.5,2235.0,842,1936,1585,2534,0.80754364
273,/Volumes/SmithL0/2026/BIOL470/Final/Learning_Rig/bee_0408_1_fwd/cam1_2026-04-08_16-15-57.mp4,1191.5,2204.0,815,1880,1568,2528,0.7938198
274,/Volumes/SmithL0/2026/BIOL470/Final/Learning_Rig/bee_0408_1_fwd/cam1_2026-04-08_16-15-57.mp4,1171.0,2180.0,842,1831,1500,2529,0.8007542
275,/Volumes/SmithL0/2026/BIOL470/Final/Learning_Rig/bee_0408_1_fwd/cam1_2026-04-08_16-15-57.mp4,1203.5,2237.0,844,1939,1563,2535,0.79425025
276,/Volumes/SmithL0/2026/BIOL470/Final/Learning_Rig/bee_0408_1_fwd/cam1_2026-04-08_16-15-57.mp4,1140.0,2225.5,794,1921,1486,2530,0.7951144
277,/Volumes/SmithL0/2026/BIOL470/Final/Learning_Rig/bee_0408_1_fwd/cam1_2026-04-08_16-15-57.mp4,1163.0,2209.5,831,1889,1495,2530,0.79530793
278,/Volumes/SmithL0/2026/BIOL470/Final/Learning_Rig/bee_0408_1_fwd/cam1_2026-04-08_16-15-57.mp4,1161.0,2214.5,812,1907,1510,2522,0.79363126
279,/Volumes/SmithL0/2026/BIOL470/Final/Learning_Rig/bee_0408_1_fwd/cam1_2026-04-08_16-15-57.mp4,1160.0,2257.5,833,1965,1487,2550,0.82396394
280,/Volumes/SmithL0/2026/BIOL470/Final/Learning_Rig/bee_0408_1_fwd/cam1_2026-04-08_16-15-57.mp4,1169.5,2256.0,851,1957,1488,2555,0.8322732
281,/Volumes/SmithL0/2026/BIOL470/Final/Learning_Rig/bee_0408_1_fwd/cam1_2026-04-08_16-15-57.mp4,1156.0,2244.5,844,1946,1468,2543,0.8192136
282,/Volumes/SmithL0/2026/BIOL470/Final/Learning_Rig/bee_0408_1_fwd/cam1_2026-04-08_16-15-57.mp4,1144.0,2193.5,838,1871,1450,2516,0.8389123
283,/Volumes/SmithL0/2026/BIOL470/Final/Learning_Rig/bee_0408_1_fwd/cam1_2026-04-08_16-15-57.mp4,1114.0,2214.5,806,1915,1422,2514,0.81120795
284,/Volumes/SmithL0/2026/BIOL470/Final/Learning_Rig/bee_0408_1_fwd/cam1_2026-04-08_16-15-57.mp4,1102.5,2216.0,810,1912,1395,2520,0.804035
285,/Volumes/SmithL0/2026/BIOL470/Final/Learning_Rig/bee_0408_1_fwd/cam1_2026-04-08_16-15-57.mp4,1142.0,2198.5,835,1889,1449,2508,0.7990208
286,/Volumes/SmithL0/2026/BIOL470/Final/Learning_Rig/bee_0408_1_fwd/cam1_2026-04-08_16-15-57.mp4,1132.5,2222.0,804,1896,1461,2548,0.79235977
287,/Volumes/SmithL0/2026/BIOL470/Final/Learning_Rig/bee_0408_1_fwd/cam1_2026-04-08_16-15-57.mp4,1148.5,2195.5,835,1875,1462,2516,0.81895846
288,/Volumes/SmithL0/2026/BIOL470/Final/Learning_Rig/bee_0408_1_fwd/cam1_2026-04-08_16-15-57.mp4,1171.0,2190.0,843,1847,1499,2533,0.81331587
289,/Volumes/SmithL0/2026/BIOL470/Final/Learning_Rig/bee_0408_1_fwd/cam1_2026-04-08_16-15-57.mp4,1203.0,2233.0,855,1939,1551,2527,0.82925683
290,/Volumes/SmithL0/2026/BIOL470/Final/Learning_Rig/bee_0408_1_fwd/cam1_2026-04-08_16-15-57.mp4,1177.5,2224.0,856,1916,1499,2532,0.836333
291,/Volumes/SmithL0/2026/BIOL470/Final/Learning_Rig/bee_0408_1_fwd/cam1_2026-04-08_16-15-57.mp4,1172.5,2245.0,854,1938,1491,2552,0.81302387
292,/Volumes/SmithL0/2026/BIOL470/Final/Learning_Rig/bee_0408_1_fwd/cam1_2026-04-08_16-15-57.mp4,1160.0,2229.5,835,1918,1485,2541,0.8100076
293,/Volumes/SmithL0/2026/BIOL470/Final/Learning_Rig/bee_0408_1_fwd/cam1_2026-04-08_16-15-57.mp4,1148.0,2207.5,842,1888,1454,2527,0.8228991
294,/Volumes/SmithL0/2026/BIOL470/Final/Learning_Rig/bee_0408_1_fwd/cam1_2026-04-08_16-15-57.mp4,1142.5,2206.0,839,1884,1446,2528,0.8264249
295,/Volumes/SmithL0/2026/BIOL470/Final/Learning_Rig/bee_0408_1_fwd/cam1_2026-04-08_16-15-57.mp4,1147.5,2200.5,838,1874,1457,2527,0.8279223
296,/Volumes/SmithL0/2026/BIOL470/Final/Learning_Rig/bee_0408_1_fwd/cam1_2026-04-08_16-15-57.mp4,1145.5,2220.5,830,1930,1461,2511,0.8312971
297,/Volumes/SmithL0/2026/BIOL470/Final/Learning_Rig/bee_0408_1_fwd/cam1_2026-04-08_16-15-57.mp4,1141.5,2215.0,788,1926,1495,2504,0.80544794
298,/Volumes/SmithL0/2026/BIOL470/Final/Learning_Rig/bee_0408_1_fwd/cam1_2026-04-08_16-15-57.mp4,1180.0,2154.0,803,1872,1557,2436,0.80294263
299,/Volumes/SmithL0/2026/BIOL470/Final/Learning_Rig/bee_0408_1_fwd/cam1_2026-04-08_16-15-57.mp4,1200.5,2140.0,811,1849,1590,2431,0.8159184
300,/Volumes/SmithL0/2026/BIOL470/Final/Learning_Rig/bee_0408_1_fwd/cam1_2026-04-08_16-15-57.mp4,1191.5,2095.0,799,1766,1584,2424,0.8002561
301,/Volumes/SmithL0/2026/BIOL470/Final/Learning_Rig/bee_0408_1_fwd/cam1_2026-04-08_16-15-57.mp4,1200.0,2039.0,824,1759,1576,2319,0.80586714
302,/Volumes/SmithL0/2026/BIOL470/Final/Learning_Rig/bee_0408_1_fwd/cam1_2026-04-08_16-15-57.mp4,1225.5,2032.5,854,1741,1597,2324,0.81181264
303,/Volumes/SmithL0/2026/BIOL470/Final/Learning_Rig/bee_0408_1_fwd/cam1_2026-04-08_16-15-57.mp4,1274.5,2052.0,886,1731,1663,2373,0.79937845
304,/Volumes/SmithL0/2026/BIOL470/Final/Learning_Rig/bee_0408_1_fwd/cam1_2026-04-08_16-15-57.mp4,1315.5,2038.0,929,1752,1702,2324,0.7802404
305,/Volumes/SmithL0/2026/BIOL470/Final/Learning_Rig/bee_0408_1_fwd/cam1_2026-04-08_16-15-57.mp4,1332.5,2042.5,948,1759,1717,2326,0.8001081
306,/Volumes/SmithL0/2026/BIOL470/Final/Learning_Rig/bee_0408_1_fwd/cam1_2026-04-08_16-15-57.mp4,1403.0,2144.0,998,1734,1808,2554,0.80520487
307,/Volumes/SmithL0/2026/BIOL470/Final/Learning_Rig/bee_0408_1_fwd/cam1_2026-04-08_16-15-57.mp4,1404.0,2061.5,1039,1704,1769,2419,0.81688815
308,/Volumes/SmithL0/2026/BIOL470/Final/Learning_Rig/bee_0408_1_fwd/cam1_2026-04-08_16-15-57.mp4,1354.5,2056.5,996,1692,1713,2421,0.79419225
309,/Volumes/SmithL0/2026/BIOL470/Final/Learning_Rig/bee_0408_1_fwd/cam1_2026-04-08_16-15-57.mp4,1305.5,2170.5,955,1858,1656,2483,0.81255245
310,/Volumes/SmithL0/2026/BIOL470/Final/Learning_Rig/bee_0408_1_fwd/cam1_2026-04-08_16-15-57.mp4,1240.5,2187.0,913,1844,1568,2530,0.79327524
311,/Volumes/SmithL0/2026/BIOL470/Final/Learning_Rig/bee_0408_1_fwd/cam1_2026-04-08_16-15-57.mp4,1221.0,2235.0,864,1934,1578,2536,0.78703994
312,/Volumes/SmithL0/2026/BIOL470/Final/Learning_Rig/bee_0408_1_fwd/cam1_2026-04-08_16-15-57.mp4,1215.0,2228.0,851,1930,1579,2526,0.79464334
313,/Volumes/SmithL0/2026/BIOL470/Final/Learning_Rig/bee_0408_1_fwd/cam1_2026-04-08_16-15-57.mp4,1195.5,2223.5,833,1905,1558,2542,0.79583126
314,/Volumes/SmithL0/2026/BIOL470/Final/Learning_Rig/bee_0408_1_fwd/cam1_2026-04-08_16-15-57.mp4,1164.5,2247.0,841,1951,1488,2543,0.7975052
315,/Volumes/SmithL0/2026/BIOL470/Final/Learning_Rig/bee_0408_1_fwd/cam1_2026-04-08_16-15-57.mp4,1250.5,2236.5,894,1942,1607,2531,0.8109533
316,/Volumes/SmithL0/2026/BIOL470/Final/Learning_Rig/bee_0408_1_fwd/cam1_2026-04-08_16-15-57.mp4,1178.0,2203.0,897,1905,1459,2501,0.82325155
317,/Volumes/SmithL0/2026/BIOL470/Final/Learning_Rig/bee_0408_1_fwd/cam1_2026-04-08_16-15-57.mp4,1165.5,2205.0,853,1875,1478,2535,0.7958446
318,/Volumes/SmithL0/2026/BIOL470/Final/Learning_Rig/bee_0408_1_fwd/cam1_2026-04-08_16-15-57.mp4,1156.5,2188.0,852,1848,1461,2528,0.8117406
319,/Volumes/SmithL0/2026/BIOL470/Final/Learning_Rig/bee_0408_1_fwd/cam1_2026-04-08_16-15-57.mp4,1180.0,2206.5,904,1880,1456,2533,0.81078535
320,/Volumes/SmithL0/2026/BIOL470/Final/Learning_Rig/bee_0408_1_fwd/cam1_2026-04-08_16-15-57.mp4,1159.5,2201.5,861,1856,1458,2547,0.8240221
321,/Volumes/SmithL0/2026/BIOL470/Final/Learning_Rig/bee_0408_1_fwd/cam1_2026-04-08_16-15-57.mp4,1172.0,2173.0,893,1810,1451,2536,0.8102738
322,/Volumes/SmithL0/2026/BIOL470/Final/Learning_Rig/bee_0408_1_fwd/cam1_2026-04-08_16-15-57.mp4,1197.5,2176.5,934,1808,1461,2545,0.84661835
323,/Volumes/SmithL0/2026/BIOL470/Final/Learning_Rig/bee_0408_1_fwd/cam1_2026-04-08_16-15-57.mp4,1327.5,2137.0,989,1826,1666,2448,0.8133725
324,/Volumes/SmithL0/2026/BIOL470/Final/Learning_Rig/bee_0408_1_fwd/cam1_2026-04-08_16-15-57.mp4,1472.5,2153.0,1084,1884,1861,2422,0.7487158
325,/Volumes/SmithL0/2026/BIOL470/Final/Learning_Rig/bee_0408_1_fwd/cam1_2026-04-08_16-15-57.mp4,1651.0,2177.5,1274,1867,2028,2488,0.7379585
326,/Volumes/SmithL0/2026/BIOL470/Final/Learning_Rig/bee_0408_1_fwd/cam1_2026-04-08_16-15-57.mp4,1782.0,2141.5,1391,1863,2173,2420,0.787996
327,/Volumes/SmithL0/2026/BIOL470/Final/Learning_Rig/bee_0408_1_fwd/cam1_2026-04-08_16-15-57.mp4,1783.0,2047.5,1465,1736,2101,2359,0.7757391
328,/Volumes/SmithL0/2026/BIOL470/Final/Learning_Rig/bee_0408_1_fwd/cam1_2026-04-08_16-15-57.mp4,1774.5,1953.5,1488,1601,2061,2306,0.7714448
329,/Volumes/SmithL0/2026/BIOL470/Final/Learning_Rig/bee_0408_1_fwd/cam1_2026-04-08_16-15-57.mp4,1741.0,1929.0,1434,1569,2048,2289,0.8109207
330,/Volumes/SmithL0/2026/BIOL470/Final/Learning_Rig/bee_0408_1_fwd/cam1_2026-04-08_16-15-57.mp4,1731.5,1889.0,1425,1533,2038,2245,0.7897314
331,/Volumes/SmithL0/2026/BIOL470/Final/Learning_Rig/bee_0408_1_fwd/cam1_2026-04-08_16-15-57.mp4,1673.5,1849.0,1339,1481,2008,2217,0.8004851
332,/Volumes/SmithL0/2026/BIOL470/Final/Learning_Rig/bee_0408_1_fwd/cam1_2026-04-08_16-15-57.mp4,1545.5,1780.5,1204,1423,1887,2138,0.7651395
333,/Volumes/SmithL0/2026/BIOL470/Final/Learning_Rig/bee_0408_1_fwd/cam1_2026-04-08_16-15-57.mp4,1209.0,1485.5,903,1151,1515,1820,0.8340744
334,/Volumes/SmithL0/2026/BIOL470/Final/Learning_Rig/bee_0408_1_fwd/cam1_2026-04-08_16-15-57.mp4,1147.0,1313.0,852,966,1442,1660,0.80546254
335,/Volumes/SmithL0/2026/BIOL470/Final/Learning_Rig/bee_0408_1_fwd/cam1_2026-04-08_16-15-57.mp4,1138.5,1239.0,848,877,1429,1601,0.8129806
336,/Volumes/SmithL0/2026/BIOL470/Final/Learning_Rig/bee_0408_1_fwd/cam1_2026-04-08_16-15-57.mp4,1116.5,1258.5,841,888,1392,1629,0.83128464
337,/Volumes/SmithL0/2026/BIOL470/Final/Learning_Rig/bee_0408_1_fwd/cam1_2026-04-08_16-15-57.mp4,1143.5,1272.0,848,913,1439,1631,0.8295509
338,/Volumes/SmithL0/2026/BIOL470/Final/Learning_Rig/bee_0408_1_fwd/cam1_2026-04-08_16-15-57.mp4,1146.5,1255.5,853,912,1440,1599,0.84000623
339,/Volumes/SmithL0/2026/BIOL470/Final/Learning_Rig/bee_0408_1_fwd/cam1_2026-04-08_16-15-57.mp4,1114.5,1127.5,844,769,1385,1486,0.8285885
340,/Volumes/SmithL0/2026/BIOL470/Final/Learning_Rig/bee_0408_1_fwd/cam1_2026-04-08_16-15-57.mp4,1132.5,1033.5,861,666,1404,1401,0.8380945
341,/Volumes/SmithL0/2026/BIOL470/Final/Learning_Rig/bee_0408_1_fwd/cam1_2026-04-08_16-15-57.mp4,1135.0,902.0,835,528,1435,1276,0.82291156
342,/Volumes/SmithL0/2026/BIOL470/Final/Learning_Rig/bee_0408_1_fwd/cam1_2026-04-08_16-15-57.mp4,1131.0,833.5,848,457,1414,1210,0.8061308
343,/Volumes/SmithL0/2026/BIOL470/Final/Learning_Rig/bee_0408_1_fwd/cam1_2026-04-08_16-15-57.mp4,1121.5,741.0,844,387,1399,1095,0.82909817
344,/Volumes/SmithL0/2026/BIOL470/Final/Learning_Rig/bee_0408_1_fwd/cam1_2026-04-08_16-15-57.mp4,1128.5,670.5,856,314,1401,1027,0.8088318
345,/Volumes/SmithL0/2026/BIOL470/Final/Learning_Rig/bee_0408_1_fwd/cam1_2026-04-08_16-15-57.mp4,1158.0,558.0,893,198,1423,918,0.8087104
346,/Volumes/SmithL0/2026/BIOL470/Final/Learning_Rig/bee_0408_1_fwd/cam1_2026-04-08_16-15-57.mp4,1177.5,520.0,897,138,1458,902,0.82276535
347,/Volumes/SmithL0/2026/BIOL470/Final/Learning_Rig/bee_0408_1_fwd/cam1_2026-04-08_16-15-57.mp4,1176.5,496.0,850,144,1503,848,0.8346089
348,/Volumes/SmithL0/2026/BIOL470/Final/Learning_Rig/bee_0408_1_fwd/cam1_2026-04-08_16-15-57.mp4,1171.0,484.5,836,141,1506,828,0.83267486
349,/Volumes/SmithL0/2026/BIOL470/Final/Learning_Rig/bee_0408_1_fwd/cam1_2026-04-08_16-15-57.mp4,1187.0,559.5,851,209,1523,910,0.8192613
350,/Volumes/SmithL0/2026/BIOL470/Final/Learning_Rig/bee_0408_1_fwd/cam1_2026-04-08_16-15-57.mp4,1189.0,514.0,847,165,1531,863,0.835182
351,/Volumes/SmithL0/2026/BIOL470/Final/Learning_Rig/bee_0408_1_fwd/cam1_2026-04-08_16-15-57.mp4,1201.5,517.0,811,161,1592,873,0.73731184
352,/Volumes/SmithL0/2026/BIOL470/Final/Learning_Rig/bee_0408_1_fwd/cam1_2026-04-08_16-15-57.mp4,1200.0,502.5,799,151,1601,854,0.6450935
353,/Volumes/SmithL0/2026/BIOL470/Final/Learning_Rig/bee_0408_1_fwd/cam1_2026-04-08_16-15-57.mp4,1210.0,639.0,824,415,1596,863,0.5752844
354,/Volumes/SmithL0/2026/BIOL470/Final/Learning_Rig/bee_0408_1_fwd/cam1_2026-04-08_16-15-57.mp4,1199.5,496.0,797,150,1602,842,0.8099035
355,/Volumes/SmithL0/2026/BIOL470/Final/Learning_Rig/bee_0408_1_fwd/cam1_2026-04-08_16-15-57.mp4,1239.5,486.5,871,152,1608,821,0.80829895
356,/Volumes/SmithL0/2026/BIOL470/Final/Learning_Rig/bee_0408_1_fwd/cam1_2026-04-08_16-15-57.mp4,1225.5,462.5,888,133,1563,792,0.8139677
357,/Volumes/SmithL0/2026/BIOL470/Final/Learning_Rig/bee_0408_1_fwd/cam1_2026-04-08_16-15-57.mp4,1198.0,465.0,895,140,1501,790,0.80269754
358,/Volumes/SmithL0/2026/BIOL470/Final/Learning_Rig/bee_0408_1_fwd/cam1_2026-04-08_16-15-57.mp4,1175.5,450.0,853,98,1498,802,0.82097566
359,/Volumes/SmithL0/2026/BIOL470/Final/Learning_Rig/bee_0408_1_fwd/cam1_2026-04-08_16-15-57.mp4,1165.5,451.5,860,93,1471,810,0.8162451
360,/Volumes/SmithL0/2026/BIOL470/Final/Learning_Rig/bee_0408_1_fwd/cam1_2026-04-08_16-15-57.mp4,1209.5,497.0,841,157,1578,837,0.8346164
361,/Volumes/SmithL0/2026/BIOL470/Final/Learning_Rig/bee_0408_1_fwd/cam1_2026-04-08_16-15-57.mp4,1234.5,568.5,835,255,1634,882,0.8161846
362,/Volumes/SmithL0/2026/BIOL470/Final/Learning_Rig/bee_0408_1_fwd/cam1_2026-04-08_16-15-57.mp4,1218.5,622.5,823,317,1614,928,0.80787313
363,/Volumes/SmithL0/2026/BIOL470/Final/Learning_Rig/bee_0408_1_fwd/cam1_2026-04-08_16-15-57.mp4,1225.5,631.0,836,308,1615,954,0.8161849
364,/Volumes/SmithL0/2026/BIOL470/Final/Learning_Rig/bee_0408_1_fwd/cam1_2026-04-08_16-15-57.mp4,1196.0,755.5,836,440,1556,1071,0.78498125
365,/Volumes/SmithL0/2026/BIOL470/Final/Learning_Rig/bee_0408_1_fwd/cam1_2026-04-08_16-15-57.mp4,1210.0,847.5,865,500,1555,1195,0.79124403
366,/Volumes/SmithL0/2026/BIOL470/Final/Learning_Rig/bee_0408_1_fwd/cam1_2026-04-08_16-15-57.mp4,1206.0,730.0,871,507,1541,953,0.56505865
367,/Volumes/SmithL0/2026/BIOL470/Final/Learning_Rig/bee_0408_1_fwd/cam1_2026-04-08_16-15-57.mp4,1199.0,885.5,839,547,1559,1224,0.8105639
368,/Volumes/SmithL0/2026/BIOL470/Final/Learning_Rig/bee_0408_1_fwd/cam1_2026-04-08_16-15-57.mp4,1183.0,895.5,823,559,1543,1232,0.80258906
369,/Volumes/SmithL0/2026/BIOL470/Final/Learning_Rig/bee_0408_1_fwd/cam1_2026-04-08_16-15-57.mp4,1227.5,903.0,836,580,1619,1226,0.7980772
370,/Volumes/SmithL0/2026/BIOL470/Final/Learning_Rig/bee_0408_1_fwd/cam1_2026-04-08_16-15-57.mp4,1235.5,957.5,835,602,1636,1313,0.7397229
371,/Volumes/SmithL0/2026/BIOL470/Final/Learning_Rig/bee_0408_1_fwd/cam1_2026-04-08_16-15-57.mp4,1216.0,829.5,824,519,1608,1140,0.62196976
372,/Volumes/SmithL0/2026/BIOL470/Final/Learning_Rig/bee_0408_1_fwd/cam1_2026-04-08_16-15-57.mp4,1233.5,887.5,823,512,1644,1263,0.7540795
373,/Volumes/SmithL0/2026/BIOL470/Final/Learning_Rig/bee_0408_1_fwd/cam1_2026-04-08_16-15-57.mp4,1240.5,945.0,852,615,1629,1275,0.7355359
374,/Volumes/SmithL0/2026/BIOL470/Final/Learning_Rig/bee_0408_1_fwd/cam1_2026-04-08_16-15-57.mp4,1215.5,976.5,846,654,1585,1299,0.8157399
375,/Volumes/SmithL0/2026/BIOL470/Final/Learning_Rig/bee_0408_1_fwd/cam1_2026-04-08_16-15-57.mp4,1174.0,1168.0,882,784,1466,1552,0.8269796
376,/Volumes/SmithL0/2026/BIOL470/Final/Learning_Rig/bee_0408_1_fwd/cam1_2026-04-08_16-15-57.mp4,1161.5,1302.0,863,944,1460,1660,0.7692078
377,/Volumes/SmithL0/2026/BIOL470/Final/Learning_Rig/bee_0408_1_fwd/cam1_2026-04-08_16-15-57.mp4,1126.5,1440.0,835,1038,1418,1842,0.83492196
378,/Volumes/SmithL0/2026/BIOL470/Final/Learning_Rig/bee_0408_1_fwd/cam1_2026-04-08_16-15-57.mp4,1154.5,1540.0,860,1155,1449,1925,0.80219084
379,/Volumes/SmithL0/2026/BIOL470/Final/Learning_Rig/bee_0408_1_fwd/cam1_2026-04-08_16-15-57.mp4,1173.5,1547.5,878,1174,1469,1921,0.8180008
380,/Volumes/SmithL0/2026/BIOL470/Final/Learning_Rig/bee_0408_1_fwd/cam1_2026-04-08_16-15-57.mp4,1169.0,1481.0,894,1092,1444,1870,0.7831227
381,/Volumes/SmithL0/2026/BIOL470/Final/Learning_Rig/bee_0408_1_fwd/cam1_2026-04-08_16-15-57.mp4,1171.0,1441.5,911,1061,1431,1822,0.8181538
382,/Volumes/SmithL0/2026/BIOL470/Final/Learning_Rig/bee_0408_1_fwd/cam1_2026-04-08_16-15-57.mp4,1261.0,1483.5,920,1125,1602,1842,0.8093845
383,/Volumes/SmithL0/2026/BIOL470/Final/Learning_Rig/bee_0408_1_fwd/cam1_2026-04-08_16-15-57.mp4,1309.0,1487.5,929,1145,1689,1830,0.8324417
384,/Volumes/SmithL0/2026/BIOL470/Final/Learning_Rig/bee_0408_1_fwd/cam1_2026-04-08_16-15-57.mp4,1451.5,1497.0,1090,1151,1813,1843,0.8036557
385,/Volumes/SmithL0/2026/BIOL470/Final/Learning_Rig/bee_0408_1_fwd/cam1_2026-04-08_16-15-57.mp4,1537.0,1582.5,1160,1232,1914,1933,0.80395406
386,/Volumes/SmithL0/2026/BIOL470/Final/Learning_Rig/bee_0408_1_fwd/cam1_2026-04-08_16-15-57.mp4,1590.5,1499.5,1159,1160,2022,1839,0.79997426
387,/Volumes/SmithL0/2026/BIOL470/Final/Learning_Rig/bee_0408_1_fwd/cam1_2026-04-08_16-15-57.mp4,1581.5,1498.5,1150,1157,2013,1840,0.79163843
388,/Volumes/SmithL0/2026/BIOL470/Final/Learning_Rig/bee_0408_1_fwd/cam1_2026-04-08_16-15-57.mp4,1429.5,1494.5,1040,1162,1819,1827,0.788186
389,/Volumes/SmithL0/2026/BIOL470/Final/Learning_Rig/bee_0408_1_fwd/cam1_2026-04-08_16-15-57.mp4,1376.0,1473.0,972,1128,1780,1818,0.788269
390,/Volumes/SmithL0/2026/BIOL470/Final/Learning_Rig/bee_0408_1_fwd/cam1_2026-04-08_16-15-57.mp4,1332.0,1425.0,963,1085,1701,1765,0.8254701
391,/Volumes/SmithL0/2026/BIOL470/Final/Learning_Rig/bee_0408_1_fwd/cam1_2026-04-08_16-15-57.mp4,1306.5,1348.5,990,1012,1623,1685,0.76996243
392,/Volumes/SmithL0/2026/BIOL470/Final/Learning_Rig/bee_0408_1_fwd/cam1_2026-04-08_16-15-57.mp4,1251.0,1294.5,987,945,1515,1644,0.7951048
393,/Volumes/SmithL0/2026/BIOL470/Final/Learning_Rig/bee_0408_1_fwd/cam1_2026-04-08_16-15-57.mp4,1243.0,1276.0,916,906,1570,1646,0.7967777
394,/Volumes/SmithL0/2026/BIOL470/Final/Learning_Rig/bee_0408_1_fwd/cam1_2026-04-08_16-15-57.mp4,1114.0,1241.0,836,867,1392,1615,0.8440331
395,/Volumes/SmithL0/2026/BIOL470/Final/Learning_Rig/bee_0408_1_fwd/cam1_2026-04-08_16-15-57.mp4,1135.0,1209.0,828,852,1442,1566,0.8217644
396,/Volumes/SmithL0/2026/BIOL470/Final/Learning_Rig/bee_0408_1_fwd/cam1_2026-04-08_16-15-57.mp4,1134.0,1194.0,831,862,1437,1526,0.838243
397,/Volumes/SmithL0/2026/BIOL470/Final/Learning_Rig/bee_0408_1_fwd/cam1_2026-04-08_16-15-57.mp4,1135.0,1142.0,823,821,1447,1463,0.8318106
398,/Volumes/SmithL0/2026/BIOL470/Final/Learning_Rig/bee_0408_1_fwd/cam1_2026-04-08_16-15-57.mp4,1128.0,1047.5,834,689,1422,1406,0.82513654
399,/Volumes/SmithL0/2026/BIOL470/Final/Learning_Rig/bee_0408_1_fwd/cam1_2026-04-08_16-15-57.mp4,1153.5,922.0,846,556,1461,1288,0.7987858
400,/Volumes/SmithL0/2026/BIOL470/Final/Learning_Rig/bee_0408_1_fwd/cam1_2026-04-08_16-15-57.mp4,1147.5,824.0,840,455,1455,1193,0.8345711
401,/Volumes/SmithL0/2026/BIOL470/Final/Learning_Rig/bee_0408_1_fwd/cam1_2026-04-08_16-15-57.mp4,1149.5,738.5,882,375,1417,1102,0.8369218
402,/Volumes/SmithL0/2026/BIOL470/Final/Learning_Rig/bee_0408_1_fwd/cam1_2026-04-08_16-15-57.mp4,1143.5,612.0,845,242,1442,982,0.83911675
403,/Volumes/SmithL0/2026/BIOL470/Final/Learning_Rig/bee_0408_1_fwd/cam1_2026-04-08_16-15-57.mp4,1164.5,613.5,855,257,1474,970,0.83567464
404,/Volumes/SmithL0/2026/BIOL470/Final/Learning_Rig/bee_0408_1_fwd/cam1_2026-04-08_16-15-57.mp4,1169.5,580.5,860,238,1479,923,0.8241865
405,/Volumes/SmithL0/2026/BIOL470/Final/Learning_Rig/bee_0408_1_fwd/cam1_2026-04-08_16-15-57.mp4,1110.0,508.5,739,151,1481,866,0.80474925
406,/Volumes/SmithL0/2026/BIOL470/Final/Learning_Rig/bee_0408_1_fwd/cam1_2026-04-08_16-15-57.mp4,1185.5,496.0,891,113,1480,879,0.7957095
407,/Volumes/SmithL0/2026/BIOL470/Final/Learning_Rig/bee_0408_1_fwd/cam1_2026-04-08_16-15-57.mp4,1176.5,491.5,889,138,1464,845,0.7944078
408,/Volumes/SmithL0/2026/BIOL470/Final/Learning_Rig/bee_0408_1_fwd/cam1_2026-04-08_16-15-57.mp4,1186.0,460.5,908,78,1464,843,0.8245296
409,/Volumes/SmithL0/2026/BIOL470/Final/Learning_Rig/bee_0408_1_fwd/cam1_2026-04-08_16-15-57.mp4,1161.0,465.0,875,109,1447,821,0.8255058
410,/Volumes/SmithL0/2026/BIOL470/Final/Learning_Rig/bee_0408_1_fwd/cam1_2026-04-08_16-15-57.mp4,1168.0,485.5,880,141,1456,830,0.83466256
411,/Volumes/SmithL0/2026/BIOL470/Final/Learning_Rig/bee_0408_1_fwd/cam1_2026-04-08_16-15-57.mp4,1154.0,482.5,843,126,1465,839,0.7996768
412,/Volumes/SmithL0/2026/BIOL470/Final/Learning_Rig/bee_0408_1_fwd/cam1_2026-04-08_16-15-57.mp4,1194.5,472.0,903,112,1486,832,0.7884255
413,/Volumes/SmithL0/2026/BIOL470/Final/Learning_Rig/bee_0408_1_fwd/cam1_2026-04-08_16-15-57.mp4,1214.0,458.5,938,103,1490,814,0.7986097
414,/Volumes/SmithL0/2026/BIOL470/Final/Learning_Rig/bee_0408_1_fwd/cam1_2026-04-08_16-15-57.mp4,1192.5,453.5,877,94,1508,813,0.81939787
415,/Volumes/SmithL0/2026/BIOL470/Final/Learning_Rig/bee_0408_1_fwd/cam1_2026-04-08_16-15-57.mp4,1238.5,450.0,871,87,1606,813,0.82261974
416,/Volumes/SmithL0/2026/BIOL470/Final/Learning_Rig/bee_0408_1_fwd/cam1_2026-04-08_16-15-57.mp4,1206.5,441.0,865,78,1548,804,0.83368933
417,/Volumes/SmithL0/2026/BIOL470/Final/Learning_Rig/bee_0408_1_fwd/cam1_2026-04-08_16-15-57.mp4,1232.5,432.0,871,84,1594,780,0.8184617
418,/Volumes/SmithL0/2026/BIOL470/Final/Learning_Rig/bee_0408_1_fwd/cam1_2026-04-08_16-15-57.mp4,1253.0,417.0,881,84,1625,750,0.82974195
419,/Volumes/SmithL0/2026/BIOL470/Final/Learning_Rig/bee_0408_1_fwd/cam1_2026-04-08_16-15-57.mp4,1204.0,414.5,853,94,1555,735,0.8403442
420,/Volumes/SmithL0/2026/BIOL470/Final/Learning_Rig/bee_0408_1_fwd/cam1_2026-04-08_16-15-57.mp4,1275.5,493.5,879,167,1672,820,0.811982
421,/Volumes/SmithL0/2026/BIOL470/Final/Learning_Rig/bee_0408_1_fwd/cam1_2026-04-08_16-15-57.mp4,1268.0,530.5,879,215,1657,846,0.8117404
422,/Volumes/SmithL0/2026/BIOL470/Final/Learning_Rig/bee_0408_1_fwd/cam1_2026-04-08_16-15-57.mp4,1291.0,511.0,934,144,1648,878,0.80328804
423,/Volumes/SmithL0/2026/BIOL470/Final/Learning_Rig/bee_0408_1_fwd/cam1_2026-04-08_16-15-57.mp4,1286.5,519.0,930,140,1643,898,0.8031721
424,/Volumes/SmithL0/2026/BIOL470/Final/Learning_Rig/bee_0408_1_fwd/cam1_2026-04-08_16-15-57.mp4,1218.0,622.0,835,334,1601,910,0.80565107
425,/Volumes/SmithL0/2026/BIOL470/Final/Learning_Rig/bee_0408_1_fwd/cam1_2026-04-08_16-15-57.mp4,1222.0,606.0,836,328,1608,884,0.80390555
426,/Volumes/SmithL0/2026/BIOL470/Final/Learning_Rig/bee_0408_1_fwd/cam1_2026-04-08_16-15-57.mp4,1259.5,605.5,856,298,1663,913,0.8055172
427,/Volumes/SmithL0/2026/BIOL470/Final/Learning_Rig/bee_0408_1_fwd/cam1_2026-04-08_16-15-57.mp4,1299.0,627.5,929,329,1669,926,0.799728
428,/Volumes/SmithL0/2026/BIOL470/Final/Learning_Rig/bee_0408_1_fwd/cam1_2026-04-08_16-15-57.mp4,1251.0,665.5,895,324,1607,1007,0.7872712
429,/Volumes/SmithL0/2026/BIOL470/Final/Learning_Rig/bee_0408_1_fwd/cam1_2026-04-08_16-15-57.mp4,1211.5,763.0,885,430,1538,1096,0.8058762
430,/Volumes/SmithL0/2026/BIOL470/Final/Learning_Rig/bee_0408_1_fwd/cam1_2026-04-08_16-15-57.mp4,1201.0,892.5,905,496,1497,1289,0.80189955
431,/Volumes/SmithL0/2026/BIOL470/Final/Learning_Rig/bee_0408_1_fwd/cam1_2026-04-08_16-15-57.mp4,1137.5,955.5,829,593,1446,1318,0.78977144
432,/Volumes/SmithL0/2026/BIOL470/Final/Learning_Rig/bee_0408_1_fwd/cam1_2026-04-08_16-15-57.mp4,1198.0,998.5,896,655,1500,1342,0.7920715
433,/Volumes/SmithL0/2026/BIOL470/Final/Learning_Rig/bee_0408_1_fwd/cam1_2026-04-08_16-15-57.mp4,1251.5,984.0,912,627,1591,1341,0.8042404
434,/Volumes/SmithL0/2026/BIOL470/Final/Learning_Rig/bee_0408_1_fwd/cam1_2026-04-08_16-15-57.mp4,1319.5,947.5,962,563,1677,1332,0.80738807
435,/Volumes/SmithL0/2026/BIOL470/Final/Learning_Rig/bee_0408_1_fwd/cam1_2026-04-08_16-15-57.mp4,1315.5,814.5,961,562,1670,1067,0.79355216
436,/Volumes/SmithL0/2026/BIOL470/Final/Learning_Rig/bee_0408_1_fwd/cam1_2026-04-08_16-15-57.mp4,1323.0,961.0,984,560,1662,1362,0.811441
437,/Volumes/SmithL0/2026/BIOL470/Final/Learning_Rig/bee_0408_1_fwd/cam1_2026-04-08_16-15-57.mp4,1352.5,979.0,981,566,1724,1392,0.7972045
438,/Volumes/SmithL0/2026/BIOL470/Final/Learning_Rig/bee_0408_1_fwd/cam1_2026-04-08_16-15-57.mp4,1429.0,1015.5,1106,614,1752,1417,0.8162261
439,/Volumes/SmithL0/2026/BIOL470/Final/Learning_Rig/bee_0408_1_fwd/cam1_2026-04-08_16-15-57.mp4,1555.0,1215.5,1208,832,1902,1599,0.82426834
440,/Volumes/SmithL0/2026/BIOL470/Final/Learning_Rig/bee_0408_1_fwd/cam1_2026-04-08_16-15-57.mp4,1580.5,1346.0,1295,958,1866,1734,0.8194571
441,/Volumes/SmithL0/2026/BIOL470/Final/Learning_Rig/bee_0408_1_fwd/cam1_2026-04-08_16-15-57.mp4,1690.5,1517.5,1304,1131,2077,1904,0.81083876
442,/Volumes/SmithL0/2026/BIOL470/Final/Learning_Rig/bee_0408_1_fwd/cam1_2026-04-08_16-15-57.mp4,1752.5,1665.0,1461,1284,2044,2046,0.8276592
443,/Volumes/SmithL0/2026/BIOL470/Final/Learning_Rig/bee_0408_1_fwd/cam1_2026-04-08_16-15-57.mp4,1765.5,1889.5,1450,1486,2081,2293,0.83116955
444,/Volumes/SmithL0/2026/BIOL470/Final/Learning_Rig/bee_0408_1_fwd/cam1_2026-04-08_16-15-57.mp4,1676.5,2015.5,1406,1630,1947,2401,0.80451614
445,/Volumes/SmithL0/2026/BIOL470/Final/Learning_Rig/bee_0408_1_fwd/cam1_2026-04-08_16-15-57.mp4,1402.0,2199.0,1086,1852,1718,2546,0.8007946
446,/Volumes/SmithL0/2026/BIOL470/Final/Learning_Rig/bee_0408_1_fwd/cam1_2026-04-08_16-15-57.mp4,1241.5,2187.5,899,1848,1584,2527,0.8086208
447,/Volumes/SmithL0/2026/BIOL470/Final/Learning_Rig/bee_0408_1_fwd/cam1_2026-04-08_16-15-57.mp4,1226.5,2180.5,888,1844,1565,2517,0.8150493
448,/Volumes/SmithL0/2026/BIOL470/Final/Learning_Rig/bee_0408_1_fwd/cam1_2026-04-08_16-15-57.mp4,1226.0,2207.0,891,1904,1561,2510,0.8289409
449,/Volumes/SmithL0/2026/BIOL470/Final/Learning_Rig/bee_0408_1_fwd/cam1_2026-04-08_16-15-57.mp4,1252.0,2183.0,912,1869,1592,2497,0.8201577
450,/Volumes/SmithL0/2026/BIOL470/Final/Learning_Rig/bee_0408_1_fwd/cam1_2026-04-08_16-15-57.mp4,1267.0,2175.0,925,1842,1609,2508,0.8302079
451,/Volumes/SmithL0/2026/BIOL470/Final/Learning_Rig/bee_0408_1_fwd/cam1_2026-04-08_16-15-57.mp4,1310.0,2108.5,969,1816,1651,2401,0.80689096
452,/Volumes/SmithL0/2026/BIOL470/Final/Learning_Rig/bee_0408_1_fwd/cam1_2026-04-08_16-15-57.mp4,1314.5,2074.5,991,1744,1638,2405,0.8223865
453,/Volumes/SmithL0/2026/BIOL470/Final/Learning_Rig/bee_0408_1_fwd/cam1_2026-04-08_16-15-57.mp4,1383.0,2031.0,1097,1672,1669,2390,0.8740981
454,/Volumes/SmithL0/2026/BIOL470/Final/Learning_Rig/bee_0408_1_fwd/cam1_2026-04-08_16-15-57.mp4,1374.0,2054.5,1114,1676,1634,2433,0.808069
455,/Volumes/SmithL0/2026/BIOL470/Final/Learning_Rig/bee_0408_1_fwd/cam1_2026-04-08_16-15-57.mp4,1439.5,2122.0,1111,1774,1768,2470,0.8309141
456,/Volumes/SmithL0/2026/BIOL470/Final/Learning_Rig/bee_0408_1_fwd/cam1_2026-04-08_16-15-57.mp4,1608.0,2234.5,1276,1870,1940,2599,0.7647971
457,/Volumes/SmithL0/2026/BIOL470/Final/Learning_Rig/bee_0408_1_fwd/cam1_2026-04-08_16-15-57.mp4,1764.0,2204.0,1408,1871,2120,2537,0.780204
458,/Volumes/SmithL0/2026/BIOL470/Final/Learning_Rig/bee_0408_1_fwd/cam1_2026-04-08_16-15-57.mp4,1750.0,2252.0,1391,1934,2109,2570,0.7571102
459,/Volumes/SmithL0/2026/BIOL470/Final/Learning_Rig/bee_0408_1_fwd/cam1_2026-04-08_16-15-57.mp4,1724.5,2201.5,1368,1873,2081,2530,0.79795855
460,/Volumes/SmithL0/2026/BIOL470/Final/Learning_Rig/bee_0408_1_fwd/cam1_2026-04-08_16-15-57.mp4,1717.0,2183.5,1355,1858,2079,2509,0.8027918
461,/Volumes/SmithL0/2026/BIOL470/Final/Learning_Rig/bee_0408_1_fwd/cam1_2026-04-08_16-15-57.mp4,1698.0,2162.5,1321,1857,2075,2468,0.7787117
462,/Volumes/SmithL0/2026/BIOL470/Final/Learning_Rig/bee_0408_1_fwd/cam1_2026-04-08_16-15-57.mp4,1691.0,2151.0,1307,1862,2075,2440,0.7356008
463,/Volumes/SmithL0/2026/BIOL470/Final/Learning_Rig/bee_0408_1_fwd/cam1_2026-04-08_16-15-57.mp4,1703.0,2298.5,1305,1869,2101,2728,0.72332263
464,/Volumes/SmithL0/2026/BIOL470/Final/Learning_Rig/bee_0408_1_fwd/cam1_2026-04-08_16-15-57.mp4,1779.5,2087.5,1393,1760,2166,2415,0.82574767
465,/Volumes/SmithL0/2026/BIOL470/Final/Learning_Rig/bee_0408_1_fwd/cam1_2026-04-08_16-15-57.mp4,1810.0,2071.0,1448,1741,2172,2401,0.80029637
466,/Volumes/SmithL0/2026/BIOL470/Final/Learning_Rig/bee_0408_1_fwd/cam1_2026-04-08_16-15-57.mp4,1787.0,1973.0,1466,1674,2108,2272,0.8009462
467,/Volumes/SmithL0/2026/BIOL470/Final/Learning_Rig/bee_0408_1_fwd/cam1_2026-04-08_16-15-57.mp4,1759.5,1926.0,1509,1575,2010,2277,0.7941642
468,/Volumes/SmithL0/2026/BIOL470/Final/Learning_Rig/bee_0408_1_fwd/cam1_2026-04-08_16-15-57.mp4,1718.0,1835.5,1373,1468,2063,2203,0.8351494
469,/Volumes/SmithL0/2026/BIOL470/Final/Learning_Rig/bee_0408_1_fwd/cam1_2026-04-08_16-15-57.mp4,1633.5,1737.0,1244,1367,2023,2107,0.8165053
470,/Volumes/SmithL0/2026/BIOL470/Final/Learning_Rig/bee_0408_1_fwd/cam1_2026-04-08_16-15-57.mp4,1537.5,1739.5,1217,1383,1858,2096,0.75911295
471,/Volumes/SmithL0/2026/BIOL470/Final/Learning_Rig/bee_0408_1_fwd/cam1_2026-04-08_16-15-57.mp4,1439.0,1689.5,1061,1349,1817,2030,0.8100703
472,/Volumes/SmithL0/2026/BIOL470/Final/Learning_Rig/bee_0408_1_fwd/cam1_2026-04-08_16-15-57.mp4,1268.5,1646.5,923,1339,1614,1954,0.8374268
473,/Volumes/SmithL0/2026/BIOL470/Final/Learning_Rig/bee_0408_1_fwd/cam1_2026-04-08_16-15-57.mp4,1265.0,1595.0,906,1306,1624,1884,0.8064511
474,/Volumes/SmithL0/2026/BIOL470/Final/Learning_Rig/bee_0408_1_fwd/cam1_2026-04-08_16-15-57.mp4,1256.0,1527.5,880,1210,1632,1845,0.81985706
475,/Volumes/SmithL0/2026/BIOL470/Final/Learning_Rig/bee_0408_1_fwd/cam1_2026-04-08_16-15-57.mp4,1155.5,1439.0,858,1096,1453,1782,0.83513695
476,/Volumes/SmithL0/2026/BIOL470/Final/Learning_Rig/bee_0408_1_fwd/cam1_2026-04-08_16-15-57.mp4,1134.5,1337.5,849,982,1420,1693,0.8064659
477,/Volumes/SmithL0/2026/BIOL470/Final/Learning_Rig/bee_0408_1_fwd/cam1_2026-04-08_16-15-57.mp4,1126.0,1299.5,827,953,1425,1646,0.79364675
478,/Volumes/SmithL0/2026/BIOL470/Final/Learning_Rig/bee_0408_1_fwd/cam1_2026-04-08_16-15-57.mp4,1116.0,1253.0,851,879,1381,1627,0.8030351
479,/Volumes/SmithL0/2026/BIOL470/Final/Learning_Rig/bee_0408_1_fwd/cam1_2026-04-08_16-15-57.mp4,1123.0,1187.0,851,833,1395,1541,0.82943094
480,/Volumes/SmithL0/2026/BIOL470/Final/Learning_Rig/bee_0408_1_fwd/cam1_2026-04-08_16-15-57.mp4,1162.5,887.5,886,486,1439,1289,0.8229916
481,/Volumes/SmithL0/2026/BIOL470/Final/Learning_Rig/bee_0408_1_fwd/cam1_2026-04-08_16-15-57.mp4,1214.0,803.5,948,440,1480,1167,0.8188792
482,/Volumes/SmithL0/2026/BIOL470/Final/Learning_Rig/bee_0408_1_fwd/cam1_2026-04-08_16-15-57.mp4,1247.0,711.0,936,336,1558,1086,0.80971706
483,/Volumes/SmithL0/2026/BIOL470/Final/Learning_Rig/bee_0408_1_fwd/cam1_2026-04-08_16-15-57.mp4,1210.5,655.0,915,278,1506,1032,0.8025054
484,/Volumes/SmithL0/2026/BIOL470/Final/Learning_Rig/bee_0408_1_fwd/cam1_2026-04-08_16-15-57.mp4,1144.0,545.0,858,159,1430,931,0.8433145
485,/Volumes/SmithL0/2026/BIOL470/Final/Learning_Rig/bee_0408_1_fwd/cam1_2026-04-08_16-15-57.mp4,1174.5,472.0,878,83,1471,861,0.82549417
486,/Volumes/SmithL0/2026/BIOL470/Final/Learning_Rig/bee_0408_1_fwd/cam1_2026-04-08_16-15-57.mp4,1203.0,568.0,900,174,1506,962,0.80511403
487,/Volumes/SmithL0/2026/BIOL470/Final/Learning_Rig/bee_0408_1_fwd/cam1_2026-04-08_16-15-57.mp4,1123.5,616.0,858,230,1389,1002,0.8488797
488,/Volumes/SmithL0/2026/BIOL470/Final/Learning_Rig/bee_0408_1_fwd/cam1_2026-04-08_16-15-57.mp4,1218.5,724.5,945,354,1492,1095,0.82618123
489,/Volumes/SmithL0/2026/BIOL470/Final/Learning_Rig/bee_0408_1_fwd/cam1_2026-04-08_16-15-57.mp4,1280.5,749.5,956,378,1605,1121,0.8346229
490,/Volumes/SmithL0/2026/BIOL470/Final/Learning_Rig/bee_0408_1_fwd/cam1_2026-04-08_16-15-57.mp4,1360.5,836.5,998,514,1723,1159,0.8232629
491,/Volumes/SmithL0/2026/BIOL470/Final/Learning_Rig/bee_0408_1_fwd/cam1_2026-04-08_16-15-57.mp4,1420.0,868.5,1032,536,1808,1201,0.763039
492,/Volumes/SmithL0/2026/BIOL470/Final/Learning_Rig/bee_0408_1_fwd/cam1_2026-04-08_16-15-57.mp4,1475.5,880.5,1064,547,1887,1214,0.8010651
493,/Volumes/SmithL0/2026/BIOL470/Final/Learning_Rig/bee_0408_1_fwd/cam1_2026-04-08_16-15-57.mp4,1566.5,882.5,1159,553,1974,1212,0.78107136
494,/Volumes/SmithL0/2026/BIOL470/Final/Learning_Rig/bee_0408_1_fwd/cam1_2026-04-08_16-15-57.mp4,1648.5,922.5,1239,577,2058,1268,0.80780584
495,/Volumes/SmithL0/2026/BIOL470/Final/Learning_Rig/bee_0408_1_fwd/cam1_2026-04-08_16-15-57.mp4,1741.5,848.0,1351,573,2132,1123,0.7975225
496,/Volumes/SmithL0/2026/BIOL470/Final/Learning_Rig/bee_0408_1_fwd/cam1_2026-04-08_16-15-57.mp4,1901.0,829.0,1508,554,2294,1104,0.78300774
497,/Volumes/SmithL0/2026/BIOL470/Final/Learning_Rig/bee_0408_1_fwd/cam1_2026-04-08_16-15-57.mp4,1915.5,844.5,1578,538,2253,1151,0.72869533
498,/Volumes/SmithL0/2026/BIOL470/Final/Learning_Rig/bee_0408_1_fwd/cam1_2026-04-08_16-15-57.mp4,1912.5,836.0,1530,523,2295,1149,0.7297995
499,/Volumes/SmithL0/2026/BIOL470/Final/Learning_Rig/bee_0408_1_fwd/cam1_2026-04-08_16-15-57.mp4,1847.5,844.5,1426,523,2269,1166,0.7833278
500,/Volumes/SmithL0/2026/BIOL470/Final/Learning_Rig/bee_0408_1_fwd/cam1_2026-04-08_16-15-57.mp4,1752.0,875.0,1390,560,2114,1190,0.79151034
501,/Volumes/SmithL0/2026/BIOL470/Final/Learning_Rig/bee_0408_1_fwd/cam1_2026-04-08_16-15-57.mp4,1741.5,905.5,1401,564,2082,1247,0.79810387
502,/Volumes/SmithL0/2026/BIOL470/Final/Learning_Rig/bee_0408_1_fwd/cam1_2026-04-08_16-15-57.mp4,1785.5,1015.5,1408,634,2163,1397,0.8100794
503,/Volumes/SmithL0/2026/BIOL470/Final/Learning_Rig/bee_0408_1_fwd/cam1_2026-04-08_16-15-57.mp4,1776.0,1000.5,1426,659,2126,1342,0.8202435
504,/Volumes/SmithL0/2026/BIOL470/Final/Learning_Rig/bee_0408_1_fwd/cam1_2026-04-08_16-15-57.mp4,1775.0,1073.5,1475,690,2075,1457,0.8045305
505,/Volumes/SmithL0/2026/BIOL470/Final/Learning_Rig/bee_0408_1_fwd/cam1_2026-04-08_16-15-57.mp4,1776.5,1181.0,1455,788,2098,1574,0.8162503
506,/Volumes/SmithL0/2026/BIOL470/Final/Learning_Rig/bee_0408_1_fwd/cam1_2026-04-08_16-15-57.mp4,1777.0,1441.5,1452,1050,2102,1833,0.8214092
507,/Volumes/SmithL0/2026/BIOL470/Final/Learning_Rig/bee_0408_1_fwd/cam1_2026-04-08_16-15-57.mp4,1788.0,1582.0,1523,1193,2053,1971,0.82649934
508,/Volumes/SmithL0/2026/BIOL470/Final/Learning_Rig/bee_0408_1_fwd/cam1_2026-04-08_16-15-57.mp4,1822.5,1730.5,1501,1360,2144,2101,0.81658596
509,/Volumes/SmithL0/2026/BIOL470/Final/Learning_Rig/bee_0408_1_fwd/cam1_2026-04-08_16-15-57.mp4,1817.0,1910.5,1576,1553,2058,2268,0.8227375
510,/Volumes/SmithL0/2026/BIOL470/Final/Learning_Rig/bee_0408_1_fwd/cam1_2026-04-08_16-15-57.mp4,1894.0,2028.5,1586,1706,2202,2351,0.75640893
511,/Volumes/SmithL0/2026/BIOL470/Final/Learning_Rig/bee_0408_1_fwd/cam1_2026-04-08_16-15-57.mp4,1925.5,2113.0,1634,1775,2217,2451,0.8247405
512,/Volumes/SmithL0/2026/BIOL470/Final/Learning_Rig/bee_0408_1_fwd/cam1_2026-04-08_16-15-57.mp4,1908.5,2260.5,1650,1923,2167,2598,0.81064546
513,/Volumes/SmithL0/2026/BIOL470/Final/Learning_Rig/bee_0408_1_fwd/cam1_2026-04-08_16-15-57.mp4,1881.0,2267.0,1598,1929,2164,2605,0.7620598
514,/Volumes/SmithL0/2026/BIOL470/Final/Learning_Rig/bee_0408_1_fwd/cam1_2026-04-08_16-15-57.mp4,1850.5,2205.5,1578,1902,2123,2509,0.76378334
515,/Volumes/SmithL0/2026/BIOL470/Final/Learning_Rig/bee_0408_1_fwd/cam1_2026-04-08_16-15-57.mp4,1852.0,2204.5,1611,1863,2093,2546,0.7684716
516,/Volumes/SmithL0/2026/BIOL470/Final/Learning_Rig/bee_0408_1_fwd/cam1_2026-04-08_16-15-57.mp4,1809.0,2183.5,1509,1862,2109,2505,0.81589293
517,/Volumes/SmithL0/2026/BIOL470/Final/Learning_Rig/bee_0408_1_fwd/cam1_2026-04-08_16-15-57.mp4,1771.5,2144.5,1505,1781,2038,2508,0.84386593
518,/Volumes/SmithL0/2026/BIOL470/Final/Learning_Rig/bee_0408_1_fwd/cam1_2026-04-08_16-15-57.mp4,1496.5,2186.5,1157,1880,1836,2493,0.8275583
519,/Volumes/SmithL0/2026/BIOL470/Final/Learning_Rig/bee_0408_1_fwd/cam1_2026-04-08_16-15-57.mp4,1421.5,2196.0,1076,1879,1767,2513,0.8403882
520,/Volumes/SmithL0/2026/BIOL470/Final/Learning_Rig/bee_0408_1_fwd/cam1_2026-04-08_16-15-57.mp4,1317.0,2165.0,977,1854,1657,2476,0.79862577
521,/Volumes/SmithL0/2026/BIOL470/Final/Learning_Rig/bee_0408_1_fwd/cam1_2026-04-08_16-15-57.mp4,1259.5,2224.5,905,1928,1614,2521,0.7923282
522,/Volumes/SmithL0/2026/BIOL470/Final/Learning_Rig/bee_0408_1_fwd/cam1_2026-04-08_16-15-57.mp4,1262.5,2183.5,901,1891,1624,2476,0.7979754
523,/Volumes/SmithL0/2026/BIOL470/Final/Learning_Rig/bee_0408_1_fwd/cam1_2026-04-08_16-15-57.mp4,1280.0,2214.5,904,1915,1656,2514,0.79146814
524,/Volumes/SmithL0/2026/BIOL470/Final/Learning_Rig/bee_0408_1_fwd/cam1_2026-04-08_16-15-57.mp4,1282.5,2154.0,898,1865,1667,2443,0.7839563
525,/Volumes/SmithL0/2026/BIOL470/Final/Learning_Rig/bee_0408_1_fwd/cam1_2026-04-08_16-15-57.mp4,1297.0,2140.0,919,1873,1675,2407,0.78366977
526,/Volumes/SmithL0/2026/BIOL470/Final/Learning_Rig/bee_0408_1_fwd/cam1_2026-04-08_16-15-57.mp4,1251.5,2083.5,889,1814,1614,2353,0.8188343
527,/Volumes/SmithL0/2026/BIOL470/Final/Learning_Rig/bee_0408_1_fwd/cam1_2026-04-08_16-15-57.mp4,1251.5,2100.0,906,1776,1597,2424,0.8238297
528,/Volumes/SmithL0/2026/BIOL470/Final/Learning_Rig/bee_0408_1_fwd/cam1_2026-04-08_16-15-57.mp4,1230.5,2069.5,884,1731,1577,2408,0.7891659
529,/Volumes/SmithL0/2026/BIOL470/Final/Learning_Rig/bee_0408_1_fwd/cam1_2026-04-08_16-15-57.mp4,1211.0,2018.0,865,1693,1557,2343,0.8026426
530,/Volumes/SmithL0/2026/BIOL470/Final/Learning_Rig/bee_0408_1_fwd/cam1_2026-04-08_16-15-57.mp4,1206.5,2004.0,852,1661,1561,2347,0.81152916
531,/Volumes/SmithL0/2026/BIOL470/Final/Learning_Rig/bee_0408_1_fwd/cam1_2026-04-08_16-15-57.mp4,1206.5,2074.5,916,1729,1497,2420,0.7785157
532,/Volumes/SmithL0/2026/BIOL470/Final/Learning_Rig/bee_0408_1_fwd/cam1_2026-04-08_16-15-57.mp4,1282.5,2013.5,912,1669,1653,2358,0.8247194
533,/Volumes/SmithL0/2026/BIOL470/Final/Learning_Rig/bee_0408_1_fwd/cam1_2026-04-08_16-15-57.mp4,1303.5,1924.5,1002,1576,1605,2273,0.8456175
534,/Volumes/SmithL0/2026/BIOL470/Final/Learning_Rig/bee_0408_1_fwd/cam1_2026-04-08_16-15-57.mp4,1283.0,1806.0,1008,1447,1558,2165,0.8156749
535,/Volumes/SmithL0/2026/BIOL470/Final/Learning_Rig/bee_0408_1_fwd/cam1_2026-04-08_16-15-57.mp4,1291.0,1737.5,1015,1369,1567,2106,0.8297191
536,/Volumes/SmithL0/2026/BIOL470/Final/Learning_Rig/bee_0408_1_fwd/cam1_2026-04-08_16-15-57.mp4,1158.0,1584.0,863,1235,1453,1933,0.8107362
537,/Volumes/SmithL0/2026/BIOL470/Final/Learning_Rig/bee_0408_1_fwd/cam1_2026-04-08_16-15-57.mp4,1153.0,1414.5,852,1061,1454,1768,0.82731074
538,/Volumes/SmithL0/2026/BIOL470/Final/Learning_Rig/bee_0408_1_fwd/cam1_2026-04-08_16-15-57.mp4,1181.5,974.5,909,605,1454,1344,0.81810874
539,/Volumes/SmithL0/2026/BIOL470/Final/Learning_Rig/bee_0408_1_fwd/cam1_2026-04-08_16-15-57.mp4,1192.0,904.0,890,512,1494,1296,0.8205337
540,/Volumes/SmithL0/2026/BIOL470/Final/Learning_Rig/bee_0408_1_fwd/cam1_2026-04-08_16-15-57.mp4,1170.0,723.5,877,360,1463,1087,0.8506207
541,/Volumes/SmithL0/2026/BIOL470/Final/Learning_Rig/bee_0408_1_fwd/cam1_2026-04-08_16-15-57.mp4,1182.0,556.0,884,179,1480,933,0.80152076
542,/Volumes/SmithL0/2026/BIOL470/Final/Learning_Rig/bee_0408_1_fwd/cam1_2026-04-08_16-15-57.mp4,1188.5,536.0,885,143,1492,929,0.8288687
543,/Volumes/SmithL0/2026/BIOL470/Final/Learning_Rig/bee_0408_1_fwd/cam1_2026-04-08_16-15-57.mp4,1196.5,539.0,904,142,1489,936,0.8277078
544,/Volumes/SmithL0/2026/BIOL470/Final/Learning_Rig/bee_0408_1_fwd/cam1_2026-04-08_16-15-57.mp4,1190.5,642.5,913,250,1468,1035,0.8414959
545,/Volumes/SmithL0/2026/BIOL470/Final/Learning_Rig/bee_0408_1_fwd/cam1_2026-04-08_16-15-57.mp4,1202.0,673.0,900,314,1504,1032,0.8418476
546,/Volumes/SmithL0/2026/BIOL470/Final/Learning_Rig/bee_0408_1_fwd/cam1_2026-04-08_16-15-57.mp4,1208.0,667.5,913,310,1503,1025,0.8236028
547,/Volumes/SmithL0/2026/BIOL470/Final/Learning_Rig/bee_0408_1_fwd/cam1_2026-04-08_16-15-57.mp4,1203.0,674.5,935,322,1471,1027,0.8195769
548,/Volumes/SmithL0/2026/BIOL470/Final/Learning_Rig/bee_0408_1_fwd/cam1_2026-04-08_16-15-57.mp4,1130.5,669.5,945,322,1316,1017,0.7243852
549,/Volumes/SmithL0/2026/BIOL470/Final/Learning_Rig/bee_0408_1_fwd/cam1_2026-04-08_16-15-57.mp4,1232.0,765.5,919,511,1545,1020,0.7157586
550,/Volumes/SmithL0/2026/BIOL470/Final/Learning_Rig/bee_0408_1_fwd/cam1_2026-04-08_16-15-57.mp4,1202.5,688.0,930,356,1475,1020,0.8431843
551,/Volumes/SmithL0/2026/BIOL470/Final/Learning_Rig/bee_0408_1_fwd/cam1_2026-04-08_16-15-57.mp4,1105.5,688.5,931,357,1280,1020,0.76235414
552,/Volumes/SmithL0/2026/BIOL470/Final/Learning_Rig/bee_0408_1_fwd/cam1_2026-04-08_16-15-57.mp4,1234.0,763.0,923,501,1545,1025,0.5995807
553,/Volumes/SmithL0/2026/BIOL470/Final/Learning_Rig/bee_0408_1_fwd/cam1_2026-04-08_16-15-57.mp4,1231.5,716.0,908,355,1555,1077,0.8326926
554,/Volumes/SmithL0/2026/BIOL470/Final/Learning_Rig/bee_0408_1_fwd/cam1_2026-04-08_16-15-57.mp4,1302.0,750.0,1011,381,1593,1119,0.8047506
555,/Volumes/SmithL0/2026/BIOL470/Final/Learning_Rig/bee_0408_1_fwd/cam1_2026-04-08_16-15-57.mp4,1328.0,781.5,1002,446,1654,1117,0.8228786
556,/Volumes/SmithL0/2026/BIOL470/Final/Learning_Rig/bee_0408_1_fwd/cam1_2026-04-08_16-15-57.mp4,1322.5,824.5,953,512,1692,1137,0.8251479
557,/Volumes/SmithL0/2026/BIOL470/Final/Learning_Rig/bee_0408_1_fwd/cam1_2026-04-08_16-15-57.mp4,1298.0,806.0,901,502,1695,1110,0.8164131
558,/Volumes/SmithL0/2026/BIOL470/Final/Learning_Rig/bee_0408_1_fwd/cam1_2026-04-08_16-15-57.mp4,1250.0,817.0,845,533,1655,1101,0.80989873
559,/Volumes/SmithL0/2026/BIOL470/Final/Learning_Rig/bee_0408_1_fwd/cam1_2026-04-08_16-15-57.mp4,1260.0,855.5,848,491,1672,1220,0.8284372
560,/Volumes/SmithL0/2026/BIOL470/Final/Learning_Rig/bee_0408_1_fwd/cam1_2026-04-08_16-15-57.mp4,1277.0,856.0,876,491,1678,1221,0.8288391
561,/Volumes/SmithL0/2026/BIOL470/Final/Learning_Rig/bee_0408_1_fwd/cam1_2026-04-08_16-15-57.mp4,1328.0,867.0,929,514,1727,1220,0.79735124
562,/Volumes/SmithL0/2026/BIOL470/Final/Learning_Rig/bee_0408_1_fwd/cam1_2026-04-08_16-15-57.mp4,1396.0,834.0,997,544,1795,1124,0.796812
563,/Volumes/SmithL0/2026/BIOL470/Final/Learning_Rig/bee_0408_1_fwd/cam1_2026-04-08_16-15-57.mp4,1400.5,853.5,995,553,1806,1154,0.7903457
564,/Volumes/SmithL0/2026/BIOL470/Final/Learning_Rig/bee_0408_1_fwd/cam1_2026-04-08_16-15-57.mp4,1357.0,833.0,974,532,1740,1134,0.8191151
565,/Volumes/SmithL0/2026/BIOL470/Final/Learning_Rig/bee_0408_1_fwd/cam1_2026-04-08_16-15-57.mp4,1297.0,812.0,908,523,1686,1101,0.81855386
566,/Volumes/SmithL0/2026/BIOL470/Final/Learning_Rig/bee_0408_1_fwd/cam1_2026-04-08_16-15-57.mp4,1205.5,685.0,874,338,1537,1032,0.82569444
567,/Volumes/SmithL0/2026/BIOL470/Final/Learning_Rig/bee_0408_1_fwd/cam1_2026-04-08_16-15-57.mp4,1261.0,619.5,922,262,1600,977,0.8259989
568,/Volumes/SmithL0/2026/BIOL470/Final/Learning_Rig/bee_0408_1_fwd/cam1_2026-04-08_16-15-57.mp4,1318.5,618.0,1019,255,1618,981,0.82845604
569,/Volumes/SmithL0/2026/BIOL470/Final/Learning_Rig/bee_0408_1_fwd/cam1_2026-04-08_16-15-57.mp4,1360.0,637.5,1024,267,1696,1008,0.8122766
570,/Volumes/SmithL0/2026/BIOL470/Final/Learning_Rig/bee_0408_1_fwd/cam1_2026-04-08_16-15-57.mp4,1249.0,630.0,1035,260,1463,1000,0.69928944
571,/Volumes/SmithL0/2026/BIOL470/Final/Learning_Rig/bee_0408_1_fwd/cam1_2026-04-08_16-15-57.mp4,1238.5,631.5,1047,272,1430,991,0.78061754
572,/Volumes/SmithL0/2026/BIOL470/Final/Learning_Rig/bee_0408_1_fwd/cam1_2026-04-08_16-15-57.mp4,1387.5,642.5,1045,301,1730,984,0.7160512
573,/Volumes/SmithL0/2026/BIOL470/Final/Learning_Rig/bee_0408_1_fwd/cam1_2026-04-08_16-15-57.mp4,1389.0,759.5,1033,520,1745,999,0.54456913
574,/Volumes/SmithL0/2026/BIOL470/Final/Learning_Rig/bee_0408_1_fwd/cam1_2026-04-08_16-15-57.mp4,1255.0,635.0,1078,268,1432,1002,0.7812878
575,/Volumes/SmithL0/2026/BIOL470/Final/Learning_Rig/bee_0408_1_fwd/cam1_2026-04-08_16-15-57.mp4,1407.5,648.5,1074,301,1741,996,0.7605551
576,/Volumes/SmithL0/2026/BIOL470/Final/Learning_Rig/bee_0408_1_fwd/cam1_2026-04-08_16-15-57.mp4,1414.0,774.0,1079,538,1749,1010,0.61593544
577,/Volumes/SmithL0/2026/BIOL470/Final/Learning_Rig/bee_0408_1_fwd/cam1_2026-04-08_16-15-57.mp4,1358.0,741.0,1042,384,1674,1098,0.81828326
578,/Volumes/SmithL0/2026/BIOL470/Final/Learning_Rig/bee_0408_1_fwd/cam1_2026-04-08_16-15-57.mp4,1385.0,791.0,1100,427,1670,1155,0.81519455
579,/Volumes/SmithL0/2026/BIOL470/Final/Learning_Rig/bee_0408_1_fwd/cam1_2026-04-08_16-15-57.mp4,1526.0,784.0,1182,375,1870,1193,0.8150536
580,/Volumes/SmithL0/2026/BIOL470/Final/Learning_Rig/bee_0408_1_fwd/cam1_2026-04-08_16-15-57.mp4,1523.0,757.0,1237,374,1809,1140,0.8266256
581,/Volumes/SmithL0/2026/BIOL470/Final/Learning_Rig/bee_0408_1_fwd/cam1_2026-04-08_16-15-57.mp4,1551.0,824.5,1231,463,1871,1186,0.8339951
582,/Volumes/SmithL0/2026/BIOL470/Final/Learning_Rig/bee_0408_1_fwd/cam1_2026-04-08_16-15-57.mp4,1579.5,849.5,1261,487,1898,1212,0.84599787
583,/Volumes/SmithL0/2026/BIOL470/Final/Learning_Rig/bee_0408_1_fwd/cam1_2026-04-08_16-15-57.mp4,1631.0,867.5,1300,521,1962,1214,0.8419055
584,/Volumes/SmithL0/2026/BIOL470/Final/Learning_Rig/bee_0408_1_fwd/cam1_2026-04-08_16-15-57.mp4,1689.5,872.5,1353,540,2026,1205,0.80352914
585,/Volumes/SmithL0/2026/BIOL470/Final/Learning_Rig/bee_0408_1_fwd/cam1_2026-04-08_16-15-57.mp4,1766.0,837.0,1420,540,2112,1134,0.8159226
586,/Volumes/SmithL0/2026/BIOL470/Final/Learning_Rig/bee_0408_1_fwd/cam1_2026-04-08_16-15-57.mp4,1795.5,794.0,1430,476,2161,1112,0.8287345
587,/Volumes/SmithL0/2026/BIOL470/Final/Learning_Rig/bee_0408_1_fwd/cam1_2026-04-08_16-15-57.mp4,1768.0,846.0,1407,525,2129,1167,0.83724564
588,/Volumes/SmithL0/2026/BIOL470/Final/Learning_Rig/bee_0408_1_fwd/cam1_2026-04-08_16-15-57.mp4,1767.5,831.0,1396,503,2139,1159,0.82375956
589,/Volumes/SmithL0/2026/BIOL470/Final/Learning_Rig/bee_0408_1_fwd/cam1_2026-04-08_16-15-57.mp4,1741.0,830.5,1351,478,2131,1183,0.81363827
590,/Volumes/SmithL0/2026/BIOL470/Final/Learning_Rig/bee_0408_1_fwd/cam1_2026-04-08_16-15-57.mp4,1700.5,801.0,1313,464,2088,1138,0.7994946
591,/Volumes/SmithL0/2026/BIOL470/Final/Learning_Rig/bee_0408_1_fwd/cam1_2026-04-08_16-15-57.mp4,1758.5,853.5,1412,525,2105,1182,0.7928192
592,/Volumes/SmithL0/2026/BIOL470/Final/Learning_Rig/bee_0408_1_fwd/cam1_2026-04-08_16-15-57.mp4,1840.0,883.0,1484,562,2196,1204,0.81490535
593,/Volumes/SmithL0/2026/BIOL470/Final/Learning_Rig/bee_0408_1_fwd/cam1_2026-04-08_16-15-57.mp4,1839.0,950.0,1471,643,2207,1257,0.82210195
594,/Volumes/SmithL0/2026/BIOL470/Final/Learning_Rig/bee_0408_1_fwd/cam1_2026-04-08_16-15-57.mp4,1850.5,989.5,1493,646,2208,1333,0.80790734
595,/Volumes/SmithL0/2026/BIOL470/Final/Learning_Rig/bee_0408_1_fwd/cam1_2026-04-08_16-15-57.mp4,1921.0,1066.0,1574,742,2268,1390,0.7896548
596,/Volumes/SmithL0/2026/BIOL470/Final/Learning_Rig/bee_0408_1_fwd/cam1_2026-04-08_16-15-57.mp4,1906.0,1067.0,1624,734,2188,1400,0.80083674
597,/Volumes/SmithL0/2026/BIOL470/Final/Learning_Rig/bee_0408_1_fwd/cam1_2026-04-08_16-15-57.mp4,1910.5,1147.5,1677,761,2144,1534,0.8287045
598,/Volumes/SmithL0/2026/BIOL470/Final/Learning_Rig/bee_0408_1_fwd/cam1_2026-04-08_16-15-57.mp4,1895.0,1194.0,1661,788,2129,1600,0.82714283
599,/Volumes/SmithL0/2026/BIOL470/Final/Learning_Rig/bee_0408_1_fwd/cam1_2026-04-08_16-15-57.mp4,1847.5,1253.0,1580,859,2115,1647,0.8103886
600,/Volumes/SmithL0/2026/BIOL470/Final/Learning_Rig/bee_0408_1_fwd/cam1_2026-04-08_16-15-57.mp4,1733.0,1324.0,1406,959,2060,1689,0.808142
601,/Volumes/SmithL0/2026/BIOL470/Final/Learning_Rig/bee_0408_1_fwd/cam1_2026-04-08_16-15-57.mp4,1377.5,1437.5,1006,1115,1749,1760,0.8277107
602,/Volumes/SmithL0/2026/BIOL470/Final/Learning_Rig/bee_0408_1_fwd/cam1_2026-04-08_16-15-57.mp4,1290.5,1467.0,943,1118,1638,1816,0.8236938
603,/Volumes/SmithL0/2026/BIOL470/Final/Learning_Rig/bee_0408_1_fwd/cam1_2026-04-08_16-15-57.mp4,1231.0,1626.0,917,1291,1545,1961,0.79592097
604,/Volumes/SmithL0/2026/BIOL470/Final/Learning_Rig/bee_0408_1_fwd/cam1_2026-04-08_16-15-57.mp4,1207.5,1756.5,891,1370,1524,2143,0.8122291
605,/Volumes/SmithL0/2026/BIOL470/Final/Learning_Rig/bee_0408_1_fwd/cam1_2026-04-08_16-15-57.mp4,1252.0,1867.5,915,1477,1589,2258,0.80976945
606,/Volumes/SmithL0/2026/BIOL470/Final/Learning_Rig/bee_0408_1_fwd/cam1_2026-04-08_16-15-57.mp4,1289.0,1933.0,996,1570,1582,2296,0.8564038
607,/Volumes/SmithL0/2026/BIOL470/Final/Learning_Rig/bee_0408_1_fwd/cam1_2026-04-08_16-15-57.mp4,1441.0,2061.5,1110,1732,1772,2391,0.837396
608,/Volumes/SmithL0/2026/BIOL470/Final/Learning_Rig/bee_0408_1_fwd/cam1_2026-04-08_16-15-57.mp4,1530.5,2091.0,1199,1774,1862,2408,0.8123626
609,/Volumes/SmithL0/2026/BIOL470/Final/Learning_Rig/bee_0408_1_fwd/cam1_2026-04-08_16-15-57.mp4,1610.0,2215.5,1252,1873,1968,2558,0.8465852
610,/Volumes/SmithL0/2026/BIOL470/Final/Learning_Rig/bee_0408_1_fwd/cam1_2026-04-08_16-15-57.mp4,1667.0,2229.5,1310,1937,2024,2522,0.7813945
611,/Volumes/SmithL0/2026/BIOL470/Final/Learning_Rig/bee_0408_1_fwd/cam1_2026-04-08_16-15-57.mp4,1703.5,2198.5,1350,1886,2057,2511,0.82099843
612,/Volumes/SmithL0/2026/BIOL470/Final/Learning_Rig/bee_0408_1_fwd/cam1_2026-04-08_16-15-57.mp4,1684.0,2182.5,1328,1875,2040,2490,0.80894613
613,/Volumes/SmithL0/2026/BIOL470/Final/Learning_Rig/bee_0408_1_fwd/cam1_2026-04-08_16-15-57.mp4,1668.5,2216.5,1306,1910,2031,2523,0.75455624
614,/Volumes/SmithL0/2026/BIOL470/Final/Learning_Rig/bee_0408_1_fwd/cam1_2026-04-08_16-15-57.mp4,1711.0,2230.0,1360,1938,2062,2522,0.78837115
615,/Volumes/SmithL0/2026/BIOL470/Final/Learning_Rig/bee_0408_1_fwd/cam1_2026-04-08_16-15-57.mp4,1747.0,2235.0,1426,1948,2068,2522,0.7774287
616,/Volumes/SmithL0/2026/BIOL470/Final/Learning_Rig/bee_0408_1_fwd/cam1_2026-04-08_16-15-57.mp4,1743.5,2241.0,1421,1953,2066,2529,0.7972004
617,/Volumes/SmithL0/2026/BIOL470/Final/Learning_Rig/bee_0408_1_fwd/cam1_2026-04-08_16-15-57.mp4,1739.5,2245.5,1414,1965,2065,2526,0.7898018
618,/Volumes/SmithL0/2026/BIOL470/Final/Learning_Rig/bee_0408_1_fwd/cam1_2026-04-08_16-15-57.mp4,1749.0,2247.0,1423,1956,2075,2538,0.7605396
619,/Volumes/SmithL0/2026/BIOL470/Final/Learning_Rig/bee_0408_1_fwd/cam1_2026-04-08_16-15-57.mp4,1817.5,2282.5,1479,1994,2156,2571,0.80623704
620,/Volumes/SmithL0/2026/BIOL470/Final/Learning_Rig/bee_0408_1_fwd/cam1_2026-04-08_16-15-57.mp4,1813.5,2288.5,1471,1982,2156,2595,0.81552726
621,/Volumes/SmithL0/2026/BIOL470/Final/Learning_Rig/bee_0408_1_fwd/cam1_2026-04-08_16-15-57.mp4,1819.0,2277.5,1473,1959,2165,2596,0.83265156
622,/Volumes/SmithL0/2026/BIOL470/Final/Learning_Rig/bee_0408_1_fwd/cam1_2026-04-08_16-15-57.mp4,1798.0,2262.0,1472,1953,2124,2571,0.82924646
623,/Volumes/SmithL0/2026/BIOL470/Final/Learning_Rig/bee_0408_1_fwd/cam1_2026-04-08_16-15-57.mp4,1875.5,2287.0,1556,1949,2195,2625,0.8062817
624,/Volumes/SmithL0/2026/BIOL470/Final/Learning_Rig/bee_0408_1_fwd/cam1_2026-04-08_16-15-57.mp4,1794.5,2224.5,1467,1875,2122,2574,0.79862756
625,/Volumes/SmithL0/2026/BIOL470/Final/Learning_Rig/bee_0408_1_fwd/cam1_2026-04-08_16-15-57.mp4,1825.5,2232.0,1491,1879,2160,2585,0.82350457
626,/Volumes/SmithL0/2026/BIOL470/Final/Learning_Rig/bee_0408_1_fwd/cam1_2026-04-08_16-15-57.mp4,1827.5,2231.0,1497,1870,2158,2592,0.83486545
627,/Volumes/SmithL0/2026/BIOL470/Final/Learning_Rig/bee_0408_1_fwd/cam1_2026-04-08_16-15-57.mp4,1828.5,2225.0,1506,1871,2151,2579,0.83070946
628,/Volumes/SmithL0/2026/BIOL470/Final/Learning_Rig/bee_0408_1_fwd/cam1_2026-04-08_16-15-57.mp4,1818.5,2256.5,1504,1905,2133,2608,0.8256073
629,/Volumes/SmithL0/2026/BIOL470/Final/Learning_Rig/bee_0408_1_fwd/cam1_2026-04-08_16-15-57.mp4,1806.5,2234.5,1493,1897,2120,2572,0.8252171
630,/Volumes/SmithL0/2026/BIOL470/Final/Learning_Rig/bee_0408_1_fwd/cam1_2026-04-08_16-15-57.mp4,1810.0,2232.0,1484,1888,2136,2576,0.8336634
631,/Volumes/SmithL0/2026/BIOL470/Final/Learning_Rig/bee_0408_1_fwd/cam1_2026-04-08_16-15-57.mp4,1812.0,2206.0,1483,1875,2141,2537,0.80896026
632,/Volumes/SmithL0/2026/BIOL470/Final/Learning_Rig/bee_0408_1_fwd/cam1_2026-04-08_16-15-57.mp4,1805.5,2205.5,1470,1874,2141,2537,0.80714387
633,/Volumes/SmithL0/2026/BIOL470/Final/Learning_Rig/bee_0408_1_fwd/cam1_2026-04-08_16-15-57.mp4,1784.5,2200.5,1451,1871,2118,2530,0.8052493
634,/Volumes/SmithL0/2026/BIOL470/Final/Learning_Rig/bee_0408_1_fwd/cam1_2026-04-08_16-15-57.mp4,1783.5,2201.0,1453,1872,2114,2530,0.8057979
635,/Volumes/SmithL0/2026/BIOL470/Final/Learning_Rig/bee_0408_1_fwd/cam1_2026-04-08_16-15-57.mp4,1787.5,2203.0,1465,1864,2110,2542,0.7996885
636,/Volumes/SmithL0/2026/BIOL470/Final/Learning_Rig/bee_0408_1_fwd/cam1_2026-04-08_16-15-57.mp4,1790.5,2205.5,1469,1865,2112,2546,0.79298913
637,/Volumes/SmithL0/2026/BIOL470/Final/Learning_Rig/bee_0408_1_fwd/cam1_2026-04-08_16-15-57.mp4,1769.5,2206.0,1426,1867,2113,2545,0.7985448
638,/Volumes/SmithL0/2026/BIOL470/Final/Learning_Rig/bee_0408_1_fwd/cam1_2026-04-08_16-15-57.mp4,1755.5,2188.0,1403,1869,2108,2507,0.79517967
639,/Volumes/SmithL0/2026/BIOL470/Final/Learning_Rig/bee_0408_1_fwd/cam1_2026-04-08_16-15-57.mp4,1707.5,2174.5,1343,1843,2072,2506,0.77494043
640,/Volumes/SmithL0/2026/BIOL470/Final/Learning_Rig/bee_0408_1_fwd/cam1_2026-04-08_16-15-57.mp4,1663.5,2182.5,1317,1857,2010,2508,0.7574268
641,/Volumes/SmithL0/2026/BIOL470/Final/Learning_Rig/bee_0408_1_fwd/cam1_2026-04-08_16-15-57.mp4,1673.5,2234.5,1341,1858,2006,2611,0.73597395
642,/Volumes/SmithL0/2026/BIOL470/Final/Learning_Rig/bee_0408_1_fwd/cam1_2026-04-08_16-15-57.mp4,1619.0,2189.5,1284,1856,1954,2523,0.78719306
643,/Volumes/SmithL0/2026/BIOL470/Final/Learning_Rig/bee_0408_1_fwd/cam1_2026-04-08_16-15-57.mp4,1604.0,2147.5,1288,1859,1920,2436,0.80700356
644,/Volumes/SmithL0/2026/BIOL470/Final/Learning_Rig/bee_0408_1_fwd/cam1_2026-04-08_16-15-57.mp4,1588.5,2098.5,1287,1789,1890,2408,0.7956884
645,/Volumes/SmithL0/2026/BIOL470/Final/Learning_Rig/bee_0408_1_fwd/cam1_2026-04-08_16-15-57.mp4,1556.0,2110.0,1240,1781,1872,2439,0.82245237
646,/Volumes/SmithL0/2026/BIOL470/Final/Learning_Rig/bee_0408_1_fwd/cam1_2026-04-08_16-15-57.mp4,1551.5,2116.5,1235,1775,1868,2458,0.81381965
647,/Volumes/SmithL0/2026/BIOL470/Final/Learning_Rig/bee_0408_1_fwd/cam1_2026-04-08_16-15-57.mp4,1548.5,2086.0,1221,1759,1876,2413,0.8301471
648,/Volumes/SmithL0/2026/BIOL470/Final/Learning_Rig/bee_0408_1_fwd/cam1_2026-04-08_16-15-57.mp4,1560.0,2089.0,1231,1772,1889,2406,0.81164914
649,/Volumes/SmithL0/2026/BIOL470/Final/Learning_Rig/bee_0408_1_fwd/cam1_2026-04-08_16-15-57.mp4,1624.5,2151.5,1283,1855,1966,2448,0.83450294
650,/Volumes/SmithL0/2026/BIOL470/Final/Learning_Rig/bee_0408_1_fwd/cam1_2026-04-08_16-15-57.mp4,1617.5,2154.0,1283,1856,1952,2452,0.8404687
651,/Volumes/SmithL0/2026/BIOL470/Final/Learning_Rig/bee_0408_1_fwd/cam1_2026-04-08_16-15-57.mp4,1602.0,2152.0,1282,1852,1922,2452,0.8326
652,/Volumes/SmithL0/2026/BIOL470/Final/Learning_Rig/bee_0408_1_fwd/cam1_2026-04-08_16-15-57.mp4,1610.5,2146.5,1281,1841,1940,2452,0.83007866
653,/Volumes/SmithL0/2026/BIOL470/Final/Learning_Rig/bee_0408_1_fwd/cam1_2026-04-08_16-15-57.mp4,1616.5,2148.5,1284,1845,1949,2452,0.8344814
654,/Volumes/SmithL0/2026/BIOL470/Final/Learning_Rig/bee_0408_1_fwd/cam1_2026-04-08_16-15-57.mp4,1621.0,2152.5,1285,1850,1957,2455,0.8388023
655,/Volumes/SmithL0/2026/BIOL470/Final/Learning_Rig/bee_0408_1_fwd/cam1_2026-04-08_16-15-57.mp4,1626.0,2160.5,1289,1859,1963,2462,0.8407865
656,/Volumes/SmithL0/2026/BIOL470/Final/Learning_Rig/bee_0408_1_fwd/cam1_2026-04-08_16-15-57.mp4,1636.5,2151.0,1292,1862,1981,2440,0.8284088
657,/Volumes/SmithL0/2026/BIOL470/Final/Learning_Rig/bee_0408_1_fwd/cam1_2026-04-08_16-15-57.mp4,1648.5,2160.5,1308,1870,1989,2451,0.8082446
658,/Volumes/SmithL0/2026/BIOL470/Final/Learning_Rig/bee_0408_1_fwd/cam1_2026-04-08_16-15-57.mp4,1668.5,2184.5,1361,1877,1976,2492,0.7717489
659,/Volumes/SmithL0/2026/BIOL470/Final/Learning_Rig/bee_0408_1_fwd/cam1_2026-04-08_16-15-57.mp4,1678.0,2230.5,1367,1950,1989,2511,0.77297634
660,/Volumes/SmithL0/2026/BIOL470/Final/Learning_Rig/bee_0408_1_fwd/cam1_2026-04-08_16-15-57.mp4,1661.0,2251.5,1303,1958,2019,2545,0.73974407
661,/Volumes/SmithL0/2026/BIOL470/Final/Learning_Rig/bee_0408_1_fwd/cam1_2026-04-08_16-15-57.mp4,1624.5,2194.5,1274,1906,1975,2483,0.80535173
662,/Volumes/SmithL0/2026/BIOL470/Final/Learning_Rig/bee_0408_1_fwd/cam1_2026-04-08_16-15-57.mp4,1650.5,2221.0,1286,1945,2015,2497,0.78346366
663,/Volumes/SmithL0/2026/BIOL470/Final/Learning_Rig/bee_0408_1_fwd/cam1_2026-04-08_16-15-57.mp4,1650.5,2207.5,1288,1947,2013,2468,0.7831269
664,/Volumes/SmithL0/2026/BIOL470/Final/Learning_Rig/bee_0408_1_fwd/cam1_2026-04-08_16-15-57.mp4,1647.0,2199.0,1287,1947,2007,2451,0.7869966
665,/Volumes/SmithL0/2026/BIOL470/Final/Learning_Rig/bee_0408_1_fwd/cam1_2026-04-08_16-15-57.mp4,1644.5,2202.5,1285,1949,2004,2456,0.7947537
666,/Volumes/SmithL0/2026/BIOL470/Final/Learning_Rig/bee_0408_1_fwd/cam1_2026-04-08_16-15-57.mp4,1631.5,2185.5,1256,1908,2007,2463,0.79741925
667,/Volumes/SmithL0/2026/BIOL470/Final/Learning_Rig/bee_0408_1_fwd/cam1_2026-04-08_16-15-57.mp4,1638.0,2189.0,1265,1919,2011,2459,0.79122597
668,/Volumes/SmithL0/2026/BIOL470/Final/Learning_Rig/bee_0408_1_fwd/cam1_2026-04-08_16-15-57.mp4,1596.5,2159.5,1211,1858,1982,2461,0.8063211
669,/Volumes/SmithL0/2026/BIOL470/Final/Learning_Rig/bee_0408_1_fwd/cam1_2026-04-08_16-15-57.mp4,1563.5,2157.5,1173,1864,1954,2451,0.81881267
670,/Volumes/SmithL0/2026/BIOL470/Final/Learning_Rig/bee_0408_1_fwd/cam1_2026-04-08_16-15-57.mp4,1522.0,2136.5,1146,1831,1898,2442,0.78959465
671,/Volumes/SmithL0/2026/BIOL470/Final/Learning_Rig/bee_0408_1_fwd/cam1_2026-04-08_16-15-57.mp4,1534.0,2283.5,1145,1847,1923,2720,0.72878444
672,/Volumes/SmithL0/2026/BIOL470/Final/Learning_Rig/bee_0408_1_fwd/cam1_2026-04-08_16-15-57.mp4,1524.5,2073.5,1139,1748,1910,2399,0.77571666
673,/Volumes/SmithL0/2026/BIOL470/Final/Learning_Rig/bee_0408_1_fwd/cam1_2026-04-08_16-15-57.mp4,1496.0,2066.5,1104,1749,1888,2384,0.81278485
674,/Volumes/SmithL0/2026/BIOL470/Final/Learning_Rig/bee_0408_1_fwd/cam1_2026-04-08_16-15-57.mp4,1469.5,2032.5,1082,1690,1857,2375,0.7994618
675,/Volumes/SmithL0/2026/BIOL470/Final/Learning_Rig/bee_0408_1_fwd/cam1_2026-04-08_16-15-57.mp4,1449.0,1987.0,1095,1657,1803,2317,0.8264398
676,/Volumes/SmithL0/2026/BIOL470/Final/Learning_Rig/bee_0408_1_fwd/cam1_2026-04-08_16-15-57.mp4,1361.5,1894.5,1059,1561,1664,2228,0.80883586
677,/Volumes/SmithL0/2026/BIOL470/Final/Learning_Rig/bee_0408_1_fwd/cam1_2026-04-08_16-15-57.mp4,1311.5,1829.5,974,1460,1649,2199,0.85471267
678,/Volumes/SmithL0/2026/BIOL470/Final/Learning_Rig/bee_0408_1_fwd/cam1_2026-04-08_16-15-57.mp4,1287.5,1783.0,948,1428,1627,2138,0.8036363
679,/Volumes/SmithL0/2026/BIOL470/Final/Learning_Rig/bee_0408_1_fwd/cam1_2026-04-08_16-15-57.mp4,1220.0,1713.5,887,1365,1553,2062,0.81738466
680,/Volumes/SmithL0/2026/BIOL470/Final/Learning_Rig/bee_0408_1_fwd/cam1_2026-04-08_16-15-57.mp4,1127.0,1659.5,836,1303,1418,2016,0.85452104
681,/Volumes/SmithL0/2026/BIOL470/Final/Learning_Rig/bee_0408_1_fwd/cam1_2026-04-08_16-15-57.mp4,1125.5,1663.0,843,1298,1408,2028,0.8493262
682,/Volumes/SmithL0/2026/BIOL470/Final/Learning_Rig/bee_0408_1_fwd/cam1_2026-04-08_16-15-57.mp4,1150.5,1672.0,792,1338,1509,2006,0.80585134
683,/Volumes/SmithL0/2026/BIOL470/Final/Learning_Rig/bee_0408_1_fwd/cam1_2026-04-08_16-15-57.mp4,1163.5,1777.0,784,1533,1543,2021,0.76558197
684,/Volumes/SmithL0/2026/BIOL470/Final/Learning_Rig/bee_0408_1_fwd/cam1_2026-04-08_16-15-57.mp4,1166.0,1677.5,792,1326,1540,2029,0.7187927
685,/Volumes/SmithL0/2026/BIOL470/Final/Learning_Rig/bee_0408_1_fwd/cam1_2026-04-08_16-15-57.mp4,1176.5,1819.5,797,1549,1556,2090,0.80538845
686,/Volumes/SmithL0/2026/BIOL470/Final/Learning_Rig/bee_0408_1_fwd/cam1_2026-04-08_16-15-57.mp4,1178.0,1697.0,803,1315,1553,2079,0.67938155
687,/Volumes/SmithL0/2026/BIOL470/Final/Learning_Rig/bee_0408_1_fwd/cam1_2026-04-08_16-15-57.mp4,1203.5,1756.0,839,1432,1568,2080,0.8257988
688,/Volumes/SmithL0/2026/BIOL470/Final/Learning_Rig/bee_0408_1_fwd/cam1_2026-04-08_16-15-57.mp4,1192.0,1882.5,848,1545,1536,2220,0.82788277
689,/Volumes/SmithL0/2026/BIOL470/Final/Learning_Rig/bee_0408_1_fwd/cam1_2026-04-08_16-15-57.mp4,1226.5,1913.5,921,1600,1532,2227,0.8161024
690,/Volumes/SmithL0/2026/BIOL470/Final/Learning_Rig/bee_0408_1_fwd/cam1_2026-04-08_16-15-57.mp4,1190.5,2000.5,897,1667,1484,2334,0.796318
691,/Volumes/SmithL0/2026/BIOL470/Final/Learning_Rig/bee_0408_1_fwd/cam1_2026-04-08_16-15-57.mp4,1188.0,2066.0,895,1698,1481,2434,0.7978869
692,/Volumes/SmithL0/2026/BIOL470/Final/Learning_Rig/bee_0408_1_fwd/cam1_2026-04-08_16-15-57.mp4,1215.5,2104.5,916,1770,1515,2439,0.8119748
693,/Volumes/SmithL0/2026/BIOL470/Final/Learning_Rig/bee_0408_1_fwd/cam1_2026-04-08_16-15-57.mp4,1174.0,2087.0,913,1776,1435,2398,0.82251424
694,/Volumes/SmithL0/2026/BIOL470/Final/Learning_Rig/bee_0408_1_fwd/cam1_2026-04-08_16-15-57.mp4,1200.5,2043.0,887,1746,1514,2340,0.82358116
695,/Volumes/SmithL0/2026/BIOL470/Final/Learning_Rig/bee_0408_1_fwd/cam1_2026-04-08_16-15-57.mp4,1215.5,2014.5,897,1710,1534,2319,0.8091834
696,/Volumes/SmithL0/2026/BIOL470/Final/Learning_Rig/bee_0408_1_fwd/cam1_2026-04-08_16-15-57.mp4,1188.0,1999.0,885,1677,1491,2321,0.8149982
697,/Volumes/SmithL0/2026/BIOL470/Final/Learning_Rig/bee_0408_1_fwd/cam1_2026-04-08_16-15-57.mp4,1193.5,2004.0,930,1664,1457,2344,0.81779855
698,/Volumes/SmithL0/2026/BIOL470/Final/Learning_Rig/bee_0408_1_fwd/cam1_2026-04-08_16-15-57.mp4,1230.5,2026.0,953,1655,1508,2397,0.8230005
699,/Volumes/SmithL0/2026/BIOL470/Final/Learning_Rig/bee_0408_1_fwd/cam1_2026-04-08_16-15-57.mp4,1258.0,2096.5,972,1756,1544,2437,0.8106146
700,/Volumes/SmithL0/2026/BIOL470/Final/Learning_Rig/bee_0408_1_fwd/cam1_2026-04-08_16-15-57.mp4,1495.5,2189.5,1130,1879,1861,2500,0.83386195
701,/Volumes/SmithL0/2026/BIOL470/Final/Learning_Rig/bee_0408_1_fwd/cam1_2026-04-08_16-15-57.mp4,1552.5,2227.5,1201,1931,1904,2524,0.7820513
702,/Volumes/SmithL0/2026/BIOL470/Final/Learning_Rig/bee_0408_1_fwd/cam1_2026-04-08_16-15-57.mp4,1665.5,2274.0,1303,1962,2028,2586,0.7814305
703,/Volumes/SmithL0/2026/BIOL470/Final/Learning_Rig/bee_0408_1_fwd/cam1_2026-04-08_16-15-57.mp4,1721.0,2241.5,1347,1957,2095,2526,0.73894966
704,/Volumes/SmithL0/2026/BIOL470/Final/Learning_Rig/bee_0408_1_fwd/cam1_2026-04-08_16-15-57.mp4,1760.0,2245.0,1368,1955,2152,2535,0.7772345
705,/Volumes/SmithL0/2026/BIOL470/Final/Learning_Rig/bee_0408_1_fwd/cam1_2026-04-08_16-15-57.mp4,1682.0,2224.0,1295,1927,2069,2521,0.7848567
706,/Volumes/SmithL0/2026/BIOL470/Final/Learning_Rig/bee_0408_1_fwd/cam1_2026-04-08_16-15-57.mp4,1604.5,2214.0,1218,1916,1991,2512,0.79040664
707,/Volumes/SmithL0/2026/BIOL470/Final/Learning_Rig/bee_0408_1_fwd/cam1_2026-04-08_16-15-57.mp4,1546.5,2176.5,1160,1896,1933,2457,0.8151468
708,/Volumes/SmithL0/2026/BIOL470/Final/Learning_Rig/bee_0408_1_fwd/cam1_2026-04-08_16-15-57.mp4,1527.5,2212.5,1165,1893,1890,2532,0.8379485
709,/Volumes/SmithL0/2026/BIOL470/Final/Learning_Rig/bee_0408_1_fwd/cam1_2026-04-08_16-15-57.mp4,1459.0,2181.5,1225,1807,1693,2556,0.82491505
710,/Volumes/SmithL0/2026/BIOL470/Final/Learning_Rig/bee_0408_1_fwd/cam1_2026-04-08_16-15-57.mp4,1448.5,2104.5,1162,1758,1735,2451,0.80397886
711,/Volumes/SmithL0/2026/BIOL470/Final/Learning_Rig/bee_0408_1_fwd/cam1_2026-04-08_16-15-57.mp4,1380.5,2071.0,1066,1734,1695,2408,0.7990354
712,/Volumes/SmithL0/2026/BIOL470/Final/Learning_Rig/bee_0408_1_fwd/cam1_2026-04-08_16-15-57.mp4,1270.0,2119.0,926,1829,1614,2409,0.80434984
713,/Volumes/SmithL0/2026/BIOL470/Final/Learning_Rig/bee_0408_1_fwd/cam1_2026-04-08_16-15-57.mp4,1241.5,2115.5,882,1836,1601,2395,0.8175605
714,/Volumes/SmithL0/2026/BIOL470/Final/Learning_Rig/bee_0408_1_fwd/cam1_2026-04-08_16-15-57.mp4,1243.5,2071.0,889,1772,1598,2370,0.82162344
715,/Volumes/SmithL0/2026/BIOL470/Final/Learning_Rig/bee_0408_1_fwd/cam1_2026-04-08_16-15-57.mp4,1264.5,2038.0,886,1743,1643,2333,0.80860615
716,/Volumes/SmithL0/2026/BIOL470/Final/Learning_Rig/bee_0408_1_fwd/cam1_2026-04-08_16-15-57.mp4,1279.5,1979.5,896,1670,1663,2289,0.81997347
717,/Volumes/SmithL0/2026/BIOL470/Final/Learning_Rig/bee_0408_1_fwd/cam1_2026-04-08_16-15-57.mp4,1235.0,1956.0,879,1654,1591,2258,0.8354232
718,/Volumes/SmithL0/2026/BIOL470/Final/Learning_Rig/bee_0408_1_fwd/cam1_2026-04-08_16-15-57.mp4,1221.0,1719.0,873,1399,1569,2039,0.72029185
719,/Volumes/SmithL0/2026/BIOL470/Final/Learning_Rig/bee_0408_1_fwd/cam1_2026-04-08_16-15-57.mp4,1182.5,1657.0,868,1316,1497,1998,0.7974765
720,/Volumes/SmithL0/2026/BIOL470/Final/Learning_Rig/bee_0408_1_fwd/cam1_2026-04-08_16-15-57.mp4,1136.5,1525.0,825,1177,1448,1873,0.8481436
721,/Volumes/SmithL0/2026/BIOL470/Final/Learning_Rig/bee_0408_1_fwd/cam1_2026-04-08_16-15-57.mp4,1118.5,1491.0,810,1150,1427,1832,0.788076
722,/Volumes/SmithL0/2026/BIOL470/Final/Learning_Rig/bee_0408_1_fwd/cam1_2026-04-08_16-15-57.mp4,1154.5,1461.5,863,1101,1446,1822,0.79892963
723,/Volumes/SmithL0/2026/BIOL470/Final/Learning_Rig/bee_0408_1_fwd/cam1_2026-04-08_16-15-57.mp4,1173.5,1504.0,877,1130,1470,1878,0.8124234
724,/Volumes/SmithL0/2026/BIOL470/Final/Learning_Rig/bee_0408_1_fwd/cam1_2026-04-08_16-15-57.mp4,1205.0,1531.5,899,1151,1511,1912,0.8355769
725,/Volumes/SmithL0/2026/BIOL470/Final/Learning_Rig/bee_0408_1_fwd/cam1_2026-04-08_16-15-57.mp4,1200.0,1554.0,903,1166,1497,1942,0.8104101
726,/Volumes/SmithL0/2026/BIOL470/Final/Learning_Rig/bee_0408_1_fwd/cam1_2026-04-08_16-15-57.mp4,1229.5,1654.0,905,1290,1554,2018,0.8507576
727,/Volumes/SmithL0/2026/BIOL470/Final/Learning_Rig/bee_0408_1_fwd/cam1_2026-04-08_16-15-57.mp4,1258.0,1653.0,929,1287,1587,2019,0.837843
728,/Volumes/SmithL0/2026/BIOL470/Final/Learning_Rig/bee_0408_1_fwd/cam1_2026-04-08_16-15-57.mp4,1267.5,1643.5,943,1276,1592,2011,0.82279855
729,/Volumes/SmithL0/2026/BIOL470/Final/Learning_Rig/bee_0408_1_fwd/cam1_2026-04-08_16-15-57.mp4,1268.0,1641.0,939,1278,1597,2004,0.8240775
730,/Volumes/SmithL0/2026/BIOL470/Final/Learning_Rig/bee_0408_1_fwd/cam1_2026-04-08_16-15-57.mp4,1257.0,1619.5,922,1269,1592,1970,0.81179696
731,/Volumes/SmithL0/2026/BIOL470/Final/Learning_Rig/bee_0408_1_fwd/cam1_2026-04-08_16-15-57.mp4,1220.5,1601.0,937,1254,1504,1948,0.8256323
732,/Volumes/SmithL0/2026/BIOL470/Final/Learning_Rig/bee_0408_1_fwd/cam1_2026-04-08_16-15-57.mp4,1210.5,1555.5,939,1220,1482,1891,0.8293135
733,/Volumes/SmithL0/2026/BIOL470/Final/Learning_Rig/bee_0408_1_fwd/cam1_2026-04-08_16-15-57.mp4,1206.0,1508.0,929,1169,1483,1847,0.83432657
734,/Volumes/SmithL0/2026/BIOL470/Final/Learning_Rig/bee_0408_1_fwd/cam1_2026-04-08_16-15-57.mp4,1193.5,1492.5,932,1145,1455,1840,0.8053551
735,/Volumes/SmithL0/2026/BIOL470/Final/Learning_Rig/bee_0408_1_fwd/cam1_2026-04-08_16-15-57.mp4,1199.5,1404.0,931,1059,1468,1749,0.8334298
736,/Volumes/SmithL0/2026/BIOL470/Final/Learning_Rig/bee_0408_1_fwd/cam1_2026-04-08_16-15-57.mp4,1254.5,1145.5,982,789,1527,1502,0.791791
737,/Volumes/SmithL0/2026/BIOL470/Final/Learning_Rig/bee_0408_1_fwd/cam1_2026-04-08_16-15-57.mp4,1308.5,980.0,1014,615,1603,1345,0.8047276
738,/Volumes/SmithL0/2026/BIOL470/Final/Learning_Rig/bee_0408_1_fwd/cam1_2026-04-08_16-15-57.mp4,1350.5,789.0,1030,404,1671,1174,0.82535696
739,/Volumes/SmithL0/2026/BIOL470/Final/Learning_Rig/bee_0408_1_fwd/cam1_2026-04-08_16-15-57.mp4,1318.0,747.5,1050,355,1586,1140,0.82297087
740,/Volumes/SmithL0/2026/BIOL470/Final/Learning_Rig/bee_0408_1_fwd/cam1_2026-04-08_16-15-57.mp4,1282.0,740.5,1044,356,1520,1125,0.81152815
741,/Volumes/SmithL0/2026/BIOL470/Final/Learning_Rig/bee_0408_1_fwd/cam1_2026-04-08_16-15-57.mp4,1273.5,707.5,1033,317,1514,1098,0.83014274
742,/Volumes/SmithL0/2026/BIOL470/Final/Learning_Rig/bee_0408_1_fwd/cam1_2026-04-08_16-15-57.mp4,1315.0,679.5,1045,291,1585,1068,0.82401145
743,/Volumes/SmithL0/2026/BIOL470/Final/Learning_Rig/bee_0408_1_fwd/cam1_2026-04-08_16-15-57.mp4,1311.0,635.0,1032,256,1590,1014,0.8169151
744,/Volumes/SmithL0/2026/BIOL470/Final/Learning_Rig/bee_0408_1_fwd/cam1_2026-04-08_16-15-57.mp4,1309.5,623.5,1029,238,1590,1009,0.821942
745,/Volumes/SmithL0/2026/BIOL470/Final/Learning_Rig/bee_0408_1_fwd/cam1_2026-04-08_16-15-57.mp4,1349.0,609.0,1039,223,1659,995,0.82018805
746,/Volumes/SmithL0/2026/BIOL470/Final/Learning_Rig/bee_0408_1_fwd/cam1_2026-04-08_16-15-57.mp4,1387.5,544.0,1034,152,1741,936,0.81198835
747,/Volumes/SmithL0/2026/BIOL470/Final/Learning_Rig/bee_0408_1_fwd/cam1_2026-04-08_16-15-57.mp4,1401.0,543.5,1049,157,1753,930,0.8244129
748,/Volumes/SmithL0/2026/BIOL470/Final/Learning_Rig/bee_0408_1_fwd/cam1_2026-04-08_16-15-57.mp4,1425.5,500.5,1097,143,1754,858,0.8204296
749,/Volumes/SmithL0/2026/BIOL470/Final/Learning_Rig/bee_0408_1_fwd/cam1_2026-04-08_16-15-57.mp4,1443.0,481.0,1088,131,1798,831,0.7868204
750,/Volumes/SmithL0/2026/BIOL470/Final/Learning_Rig/bee_0408_1_fwd/cam1_2026-04-08_16-15-57.mp4,1471.5,477.0,1092,135,1851,819,0.8235514
751,/Volumes/SmithL0/2026/BIOL470/Final/Learning_Rig/bee_0408_1_fwd/cam1_2026-04-08_16-15-57.mp4,1478.5,448.5,1092,138,1865,759,0.8473591
752,/Volumes/SmithL0/2026/BIOL470/Final/Learning_Rig/bee_0408_1_fwd/cam1_2026-04-08_16-15-57.mp4,1530.0,428.0,1126,129,1934,727,0.8297472
753,/Volumes/SmithL0/2026/BIOL470/Final/Learning_Rig/bee_0408_1_fwd/cam1_2026-04-08_16-15-57.mp4,1590.5,435.5,1211,133,1970,738,0.8324636
754,/Volumes/SmithL0/2026/BIOL470/Final/Learning_Rig/bee_0408_1_fwd/cam1_2026-04-08_16-15-57.mp4,1638.0,416.0,1253,115,2023,717,0.830061
755,/Volumes/SmithL0/2026/BIOL470/Final/Learning_Rig/bee_0408_1_fwd/cam1_2026-04-08_16-15-57.mp4,1803.5,412.5,1401,111,2206,714,0.77328426
756,/Volumes/SmithL0/2026/BIOL470/Final/Learning_Rig/bee_0408_1_fwd/cam1_2026-04-08_16-15-57.mp4,1862.5,387.5,1460,113,2265,662,0.8008045
757,/Volumes/SmithL0/2026/BIOL470/Final/Learning_Rig/bee_0408_1_fwd/cam1_2026-04-08_16-15-57.mp4,1856.5,398.5,1458,67,2255,730,0.84117115
758,/Volumes/SmithL0/2026/BIOL470/Final/Learning_Rig/bee_0408_1_fwd/cam1_2026-04-08_16-15-57.mp4,1821.5,452.0,1473,101,2170,803,0.83859617
759,/Volumes/SmithL0/2026/BIOL470/Final/Learning_Rig/bee_0408_1_fwd/cam1_2026-04-08_16-15-57.mp4,1783.5,459.0,1464,117,2103,801,0.80334
760,/Volumes/SmithL0/2026/BIOL470/Final/Learning_Rig/bee_0408_1_fwd/cam1_2026-04-08_16-15-57.mp4,1775.0,516.5,1486,146,2064,887,0.81121117
761,/Volumes/SmithL0/2026/BIOL470/Final/Learning_Rig/bee_0408_1_fwd/cam1_2026-04-08_16-15-57.mp4,1762.5,544.0,1481,165,2044,923,0.810003
762,/Volumes/SmithL0/2026/BIOL470/Final/Learning_Rig/bee_0408_1_fwd/cam1_2026-04-08_16-15-57.mp4,1712.5,547.5,1427,156,1998,939,0.82638097
763,/Volumes/SmithL0/2026/BIOL470/Final/Learning_Rig/bee_0408_1_fwd/cam1_2026-04-08_16-15-57.mp4,1725.0,649.0,1408,259,2042,1039,0.8004983
764,/Volumes/SmithL0/2026/BIOL470/Final/Learning_Rig/bee_0408_1_fwd/cam1_2026-04-08_16-15-57.mp4,1727.0,643.0,1422,255,2032,1031,0.82462066
765,/Volumes/SmithL0/2026/BIOL470/Final/Learning_Rig/bee_0408_1_fwd/cam1_2026-04-08_16-15-57.mp4,1678.5,656.0,1403,266,1954,1046,0.8213242
766,/Volumes/SmithL0/2026/BIOL470/Final/Learning_Rig/bee_0408_1_fwd/cam1_2026-04-08_16-15-57.mp4,1678.5,663.5,1387,292,1970,1035,0.82285255
767,/Volumes/SmithL0/2026/BIOL470/Final/Learning_Rig/bee_0408_1_fwd/cam1_2026-04-08_16-15-57.mp4,1674.0,663.0,1378,299,1970,1027,0.821141
768,/Volumes/SmithL0/2026/BIOL470/Final/Learning_Rig/bee_0408_1_fwd/cam1_2026-04-08_16-15-57.mp4,1615.0,701.0,1302,330,1928,1072,0.8362162
769,/Volumes/SmithL0/2026/BIOL470/Final/Learning_Rig/bee_0408_1_fwd/cam1_2026-04-08_16-15-57.mp4,1579.5,683.0,1219,338,1940,1028,0.8351756
770,/Volumes/SmithL0/2026/BIOL470/Final/Learning_Rig/bee_0408_1_fwd/cam1_2026-04-08_16-15-57.mp4,1490.5,694.5,1115,352,1866,1037,0.8257174
771,/Volumes/SmithL0/2026/BIOL470/Final/Learning_Rig/bee_0408_1_fwd/cam1_2026-04-08_16-15-57.mp4,1377.5,713.5,977,367,1778,1060,0.81326556
772,/Volumes/SmithL0/2026/BIOL470/Final/Learning_Rig/bee_0408_1_fwd/cam1_2026-04-08_16-15-57.mp4,1140.5,740.0,997,489,1284,991,0.5292809
773,/Volumes/SmithL0/2026/BIOL470/Final/Learning_Rig/bee_0408_1_fwd/cam1_2026-04-08_16-15-57.mp4,1316.5,662.5,942,344,1691,981,0.8203071
774,/Volumes/SmithL0/2026/BIOL470/Final/Learning_Rig/bee_0408_1_fwd/cam1_2026-04-08_16-15-57.mp4,1276.0,617.0,931,306,1621,928,0.8276506
775,/Volumes/SmithL0/2026/BIOL470/Final/Learning_Rig/bee_0408_1_fwd/cam1_2026-04-08_16-15-57.mp4,1236.5,561.0,935,211,1538,911,0.82861364
776,/Volumes/SmithL0/2026/BIOL470/Final/Learning_Rig/bee_0408_1_fwd/cam1_2026-04-08_16-15-57.mp4,1195.0,503.0,874,176,1516,830,0.8186388
777,/Volumes/SmithL0/2026/BIOL470/Final/Learning_Rig/bee_0408_1_fwd/cam1_2026-04-08_16-15-57.mp4,1303.5,521.5,944,217,1663,826,0.831601
778,/Volumes/SmithL0/2026/BIOL470/Final/Learning_Rig/bee_0408_1_fwd/cam1_2026-04-08_16-15-57.mp4,1320.5,535.0,954,224,1687,846,0.81675875
779,/Volumes/SmithL0/2026/BIOL470/Final/Learning_Rig/bee_0408_1_fwd/cam1_2026-04-08_16-15-57.mp4,1327.5,530.0,961,196,1694,864,0.81790733
780,/Volumes/SmithL0/2026/BIOL470/Final/Learning_Rig/bee_0408_1_fwd/cam1_2026-04-08_16-15-57.mp4,1108.0,551.5,974,249,1242,854,0.5229499
781,/Volumes/SmithL0/2026/BIOL470/Final/Learning_Rig/bee_0408_1_fwd/cam1_2026-04-08_16-15-57.mp4,1366.5,563.5,974,197,1759,930,0.79788136
782,/Volumes/SmithL0/2026/BIOL470/Final/Learning_Rig/bee_0408_1_fwd/cam1_2026-04-08_16-15-57.mp4,1355.0,656.0,952,355,1758,957,0.8108748
783,/Volumes/SmithL0/2026/BIOL470/Final/Learning_Rig/bee_0408_1_fwd/cam1_2026-04-08_16-15-57.mp4,1322.0,662.5,918,345,1726,980,0.80320716
784,/Volumes/SmithL0/2026/BIOL470/Final/Learning_Rig/bee_0408_1_fwd/cam1_2026-04-08_16-15-57.mp4,1358.0,666.5,943,339,1773,994,0.81131
785,/Volumes/SmithL0/2026/BIOL470/Final/Learning_Rig/bee_0408_1_fwd/cam1_2026-04-08_16-15-57.mp4,1394.5,668.5,971,341,1818,996,0.81793785
786,/Volumes/SmithL0/2026/BIOL470/Final/Learning_Rig/bee_0408_1_fwd/cam1_2026-04-08_16-15-57.mp4,1408.5,688.0,1007,378,1810,998,0.7913103
787,/Volumes/SmithL0/2026/BIOL470/Final/Learning_Rig/bee_0408_1_fwd/cam1_2026-04-08_16-15-57.mp4,1457.5,671.0,1034,357,1881,985,0.79953015
788,/Volumes/SmithL0/2026/BIOL470/Final/Learning_Rig/bee_0408_1_fwd/cam1_2026-04-08_16-15-57.mp4,1506.5,647.0,1114,349,1899,945,0.80594796
789,/Volumes/SmithL0/2026/BIOL470/Final/Learning_Rig/bee_0408_1_fwd/cam1_2026-04-08_16-15-57.mp4,1530.5,660.5,1152,347,1909,974,0.79985845
790,/Volumes/SmithL0/2026/BIOL470/Final/Learning_Rig/bee_0408_1_fwd/cam1_2026-04-08_16-15-57.mp4,1602.5,650.0,1202,312,2003,988,0.6204011
791,/Volumes/SmithL0/2026/BIOL470/Final/Learning_Rig/bee_0408_1_fwd/cam1_2026-04-08_16-15-57.mp4,1477.0,654.5,1215,314,1739,995,0.5824536
792,/Volumes/SmithL0/2026/BIOL470/Final/Learning_Rig/bee_0408_1_fwd/cam1_2026-04-08_16-15-57.mp4,1670.5,709.0,1329,323,2012,1095,0.81907576
793,/Volumes/SmithL0/2026/BIOL470/Final/Learning_Rig/bee_0408_1_fwd/cam1_2026-04-08_16-15-57.mp4,1729.0,701.0,1378,322,2080,1080,0.8088769
794,/Volumes/SmithL0/2026/BIOL470/Final/Learning_Rig/bee_0408_1_fwd/cam1_2026-04-08_16-15-57.mp4,1672.5,611.5,1352,342,1993,881,0.8339874
795,/Volumes/SmithL0/2026/BIOL470/Final/Learning_Rig/bee_0408_1_fwd/cam1_2026-04-08_16-15-57.mp4,1702.5,708.0,1340,341,2065,1075,0.7921861
796,/Volumes/SmithL0/2026/BIOL470/Final/Learning_Rig/bee_0408_1_fwd/cam1_2026-04-08_16-15-57.mp4,1668.5,719.0,1342,351,1995,1087,0.86874664
797,/Volumes/SmithL0/2026/BIOL470/Final/Learning_Rig/bee_0408_1_fwd/cam1_2026-04-08_16-15-57.mp4,1722.5,739.5,1339,352,2106,1127,0.8178608
798,/Volumes/SmithL0/2026/BIOL470/Final/Learning_Rig/bee_0408_1_fwd/cam1_2026-04-08_16-15-57.mp4,1708.5,754.0,1346,362,2071,1146,0.8006347
799,/Volumes/SmithL0/2026/BIOL470/Final/Learning_Rig/bee_0408_1_fwd/cam1_2026-04-08_16-15-57.mp4,1701.5,771.0,1347,370,2056,1172,0.816716
800,/Volumes/SmithL0/2026/BIOL470/Final/Learning_Rig/bee_0408_1_fwd/cam1_2026-04-08_16-15-57.mp4,1663.0,799.0,1331,417,1995,1181,0.81747836
801,/Volumes/SmithL0/2026/BIOL470/Final/Learning_Rig/bee_0408_1_fwd/cam1_2026-04-08_16-15-57.mp4,1656.5,801.0,1329,424,1984,1178,0.81666785
802,/Volumes/SmithL0/2026/BIOL470/Final/Learning_Rig/bee_0408_1_fwd/cam1_2026-04-08_16-15-57.mp4,1674.5,825.0,1320,468,2029,1182,0.81882066
803,/Volumes/SmithL0/2026/BIOL470/Final/Learning_Rig/bee_0408_1_fwd/cam1_2026-04-08_16-15-57.mp4,1640.0,810.5,1318,438,1962,1183,0.8387535
804,/Volumes/SmithL0/2026/BIOL470/Final/Learning_Rig/bee_0408_1_fwd/cam1_2026-04-08_16-15-57.mp4,1652.5,820.0,1316,451,1989,1189,0.83520937
805,/Volumes/SmithL0/2026/BIOL470/Final/Learning_Rig/bee_0408_1_fwd/cam1_2026-04-08_16-15-57.mp4,1586.0,803.0,1299,407,1873,1199,0.8570786
806,/Volumes/SmithL0/2026/BIOL470/Final/Learning_Rig/bee_0408_1_fwd/cam1_2026-04-08_16-15-57.mp4,1589.5,876.5,1288,537,1891,1216,0.8238322
807,/Volumes/SmithL0/2026/BIOL470/Final/Learning_Rig/bee_0408_1_fwd/cam1_2026-04-08_16-15-57.mp4,1589.5,921.0,1267,563,1912,1279,0.8466816
808,/Volumes/SmithL0/2026/BIOL470/Final/Learning_Rig/bee_0408_1_fwd/cam1_2026-04-08_16-15-57.mp4,1592.5,937.5,1260,600,1925,1275,0.85337406
809,/Volumes/SmithL0/2026/BIOL470/Final/Learning_Rig/bee_0408_1_fwd/cam1_2026-04-08_16-15-57.mp4,1557.0,898.5,1205,553,1909,1244,0.84784687
810,/Volumes/SmithL0/2026/BIOL470/Final/Learning_Rig/bee_0408_1_fwd/cam1_2026-04-08_16-15-57.mp4,1484.5,898.0,1122,557,1847,1239,0.8134548
811,/Volumes/SmithL0/2026/BIOL470/Final/Learning_Rig/bee_0408_1_fwd/cam1_2026-04-08_16-15-57.mp4,1459.5,929.0,1099,558,1820,1300,0.8251466
812,/Volumes/SmithL0/2026/BIOL470/Final/Learning_Rig/bee_0408_1_fwd/cam1_2026-04-08_16-15-57.mp4,1462.0,939.5,1090,581,1834,1298,0.85163134
813,/Volumes/SmithL0/2026/BIOL470/Final/Learning_Rig/bee_0408_1_fwd/cam1_2026-04-08_16-15-57.mp4,1437.0,1011.0,1075,739,1799,1283,0.81247234
814,/Volumes/SmithL0/2026/BIOL470/Final/Learning_Rig/bee_0408_1_fwd/cam1_2026-04-08_16-15-57.mp4,1398.5,1056.0,1059,742,1738,1370,0.8309553
815,/Volumes/SmithL0/2026/BIOL470/Final/Learning_Rig/bee_0408_1_fwd/cam1_2026-04-08_16-15-57.mp4,1412.0,1101.5,1057,746,1767,1457,0.8433257
816,/Volumes/SmithL0/2026/BIOL470/Final/Learning_Rig/bee_0408_1_fwd/cam1_2026-04-08_16-15-57.mp4,1405.5,1200.0,1051,857,1760,1543,0.8359213
817,/Volumes/SmithL0/2026/BIOL470/Final/Learning_Rig/bee_0408_1_fwd/cam1_2026-04-08_16-15-57.mp4,1493.0,1412.5,1143,1093,1843,1732,0.8300372
818,/Volumes/SmithL0/2026/BIOL470/Final/Learning_Rig/bee_0408_1_fwd/cam1_2026-04-08_16-15-57.mp4,1567.0,1513.5,1214,1162,1920,1865,0.8115589
819,/Volumes/SmithL0/2026/BIOL470/Final/Learning_Rig/bee_0408_1_fwd/cam1_2026-04-08_16-15-57.mp4,1682.0,1686.0,1365,1355,1999,2017,0.81451094
820,/Volumes/SmithL0/2026/BIOL470/Final/Learning_Rig/bee_0408_1_fwd/cam1_2026-04-08_16-15-57.mp4,1720.0,1715.5,1377,1366,2063,2065,0.80998194
821,/Volumes/SmithL0/2026/BIOL470/Final/Learning_Rig/bee_0408_1_fwd/cam1_2026-04-08_16-15-57.mp4,1731.0,1871.0,1374,1548,2088,2194,0.81222963
822,/Volumes/SmithL0/2026/BIOL470/Final/Learning_Rig/bee_0408_1_fwd/cam1_2026-04-08_16-15-57.mp4,1808.0,1950.0,1514,1638,2102,2262,0.79184264
823,/Volumes/SmithL0/2026/BIOL470/Final/Learning_Rig/bee_0408_1_fwd/cam1_2026-04-08_16-15-57.mp4,1842.5,2086.5,1532,1765,2153,2408,0.8195156
824,/Volumes/SmithL0/2026/BIOL470/Final/Learning_Rig/bee_0408_1_fwd/cam1_2026-04-08_16-15-57.mp4,1822.0,2090.5,1528,1770,2116,2411,0.8060187
825,/Volumes/SmithL0/2026/BIOL470/Final/Learning_Rig/bee_0408_1_fwd/cam1_2026-04-08_16-15-57.mp4,1748.5,2098.0,1506,1776,1991,2420,0.81152105
826,/Volumes/SmithL0/2026/BIOL470/Final/Learning_Rig/bee_0408_1_fwd/cam1_2026-04-08_16-15-57.mp4,1743.5,2092.5,1496,1767,1991,2418,0.79203373
827,/Volumes/SmithL0/2026/BIOL470/Final/Learning_Rig/bee_0408_1_fwd/cam1_2026-04-08_16-15-57.mp4,1792.5,2096.0,1456,1774,2129,2418,0.7682029
828,/Volumes/SmithL0/2026/BIOL470/Final/Learning_Rig/bee_0408_1_fwd/cam1_2026-04-08_16-15-57.mp4,1710.5,2092.0,1388,1767,2033,2417,0.79542667
829,/Volumes/SmithL0/2026/BIOL470/Final/Learning_Rig/bee_0408_1_fwd/cam1_2026-04-08_16-15-57.mp4,1678.5,2104.5,1440,1756,1917,2453,0.81332594
830,/Volumes/SmithL0/2026/BIOL470/Final/Learning_Rig/bee_0408_1_fwd/cam1_2026-04-08_16-15-57.mp4,1706.0,2166.0,1390,1795,2022,2537,0.8343274
831,/Volumes/SmithL0/2026/BIOL470/Final/Learning_Rig/bee_0408_1_fwd/cam1_2026-04-08_16-15-57.mp4,1508.0,2176.0,1205,1853,1811,2499,0.8106091
832,/Volumes/SmithL0/2026/BIOL470/Final/Learning_Rig/bee_0408_1_fwd/cam1_2026-04-08_16-15-57.mp4,1393.0,2201.0,1067,1877,1719,2525,0.8271264
833,/Volumes/SmithL0/2026/BIOL470/Final/Learning_Rig/bee_0408_1_fwd/cam1_2026-04-08_16-15-57.mp4,1339.0,2191.0,1013,1875,1665,2507,0.8323227
834,/Volumes/SmithL0/2026/BIOL470/Final/Learning_Rig/bee_0408_1_fwd/cam1_2026-04-08_16-15-57.mp4,1303.0,2174.5,958,1913,1648,2436,0.81647366
835,/Volumes/SmithL0/2026/BIOL470/Final/Learning_Rig/bee_0408_1_fwd/cam1_2026-04-08_16-15-57.mp4,1273.5,2112.5,939,1795,1608,2430,0.81761634
836,/Volumes/SmithL0/2026/BIOL470/Final/Learning_Rig/bee_0408_1_fwd/cam1_2026-04-08_16-15-57.mp4,1266.0,2094.0,927,1762,1605,2426,0.80722296
837,/Volumes/SmithL0/2026/BIOL470/Final/Learning_Rig/bee_0408_1_fwd/cam1_2026-04-08_16-15-57.mp4,1281.0,2090.5,948,1741,1614,2440,0.8187978
838,/Volumes/SmithL0/2026/BIOL470/Final/Learning_Rig/bee_0408_1_fwd/cam1_2026-04-08_16-15-57.mp4,1305.5,2151.5,960,1848,1651,2455,0.8232465
839,/Volumes/SmithL0/2026/BIOL470/Final/Learning_Rig/bee_0408_1_fwd/cam1_2026-04-08_16-15-57.mp4,1343.0,2099.0,1053,1762,1633,2436,0.81111044
840,/Volumes/SmithL0/2026/BIOL470/Final/Learning_Rig/bee_0408_1_fwd/cam1_2026-04-08_16-15-57.mp4,1359.0,2115.0,1109,1765,1609,2465,0.8218397
841,/Volumes/SmithL0/2026/BIOL470/Final/Learning_Rig/bee_0408_1_fwd/cam1_2026-04-08_16-15-57.mp4,1398.0,2104.5,1137,1772,1659,2437,0.83294934
842,/Volumes/SmithL0/2026/BIOL470/Final/Learning_Rig/bee_0408_1_fwd/cam1_2026-04-08_16-15-57.mp4,1479.5,2092.5,1130,1771,1829,2414,0.82290727
843,/Volumes/SmithL0/2026/BIOL470/Final/Learning_Rig/bee_0408_1_fwd/cam1_2026-04-08_16-15-57.mp4,1503.5,2082.5,1162,1765,1845,2400,0.82067883
844,/Volumes/SmithL0/2026/BIOL470/Final/Learning_Rig/bee_0408_1_fwd/cam1_2026-04-08_16-15-57.mp4,1569.0,2090.0,1210,1765,1928,2415,0.82140124
845,/Volumes/SmithL0/2026/BIOL470/Final/Learning_Rig/bee_0408_1_fwd/cam1_2026-04-08_16-15-57.mp4,1800.0,2086.5,1422,1844,2178,2329,0.7925061
846,/Volumes/SmithL0/2026/BIOL470/Final/Learning_Rig/bee_0408_1_fwd/cam1_2026-04-08_16-15-57.mp4,1829.0,2063.5,1453,1757,2205,2370,0.7974981
847,/Volumes/SmithL0/2026/BIOL470/Final/Learning_Rig/bee_0408_1_fwd/cam1_2026-04-08_16-15-57.mp4,1751.5,2047.0,1391,1760,2112,2334,0.8025445
848,/Volumes/SmithL0/2026/BIOL470/Final/Learning_Rig/bee_0408_1_fwd/cam1_2026-04-08_16-15-57.mp4,1742.0,2034.0,1436,1707,2048,2361,0.8162532
849,/Volumes/SmithL0/2026/BIOL470/Final/Learning_Rig/bee_0408_1_fwd/cam1_2026-04-08_16-15-57.mp4,1734.5,2019.0,1449,1696,2020,2342,0.7654176
850,/Volumes/SmithL0/2026/BIOL470/Final/Learning_Rig/bee_0408_1_fwd/cam1_2026-04-08_16-15-57.mp4,1683.0,1996.5,1408,1645,1958,2348,0.77909684
851,/Volumes/SmithL0/2026/BIOL470/Final/Learning_Rig/bee_0408_1_fwd/cam1_2026-04-08_16-15-57.mp4,1666.0,1964.0,1399,1632,1933,2296,0.64765745
852,/Volumes/SmithL0/2026/BIOL470/Final/Learning_Rig/bee_0408_1_fwd/cam1_2026-04-08_16-15-57.mp4,1604.5,1905.5,1314,1559,1895,2252,0.72873056
853,/Volumes/SmithL0/2026/BIOL470/Final/Learning_Rig/bee_0408_1_fwd/cam1_2026-04-08_16-15-57.mp4,1563.5,1786.5,1182,1405,1945,2168,0.83971024
854,/Volumes/SmithL0/2026/BIOL470/Final/Learning_Rig/bee_0408_1_fwd/cam1_2026-04-08_16-15-57.mp4,1493.0,1685.0,1159,1329,1827,2041,0.7943986
855,/Volumes/SmithL0/2026/BIOL470/Final/Learning_Rig/bee_0408_1_fwd/cam1_2026-04-08_16-15-57.mp4,1369.0,1623.0,1035,1226,1703,2020,0.7892394
856,/Volumes/SmithL0/2026/BIOL470/Final/Learning_Rig/bee_0408_1_fwd/cam1_2026-04-08_16-15-57.mp4,1356.0,1539.0,1002,1174,1710,1904,0.8290509
857,/Volumes/SmithL0/2026/BIOL470/Final/Learning_Rig/bee_0408_1_fwd/cam1_2026-04-08_16-15-57.mp4,1290.0,1489.5,986,1153,1594,1826,0.8203434
858,/Volumes/SmithL0/2026/BIOL470/Final/Learning_Rig/bee_0408_1_fwd/cam1_2026-04-08_16-15-57.mp4,1236.0,1368.5,913,1019,1559,1718,0.8210157
859,/Volumes/SmithL0/2026/BIOL470/Final/Learning_Rig/bee_0408_1_fwd/cam1_2026-04-08_16-15-57.mp4,1203.0,1169.5,921,803,1485,1536,0.8013424
860,/Volumes/SmithL0/2026/BIOL470/Final/Learning_Rig/bee_0408_1_fwd/cam1_2026-04-08_16-15-57.mp4,1196.0,1034.5,912,665,1480,1404,0.83009017
861,/Volumes/SmithL0/2026/BIOL470/Final/Learning_Rig/bee_0408_1_fwd/cam1_2026-04-08_16-15-57.mp4,1212.0,928.5,932,561,1492,1296,0.81781596
862,/Volumes/SmithL0/2026/BIOL470/Final/Learning_Rig/bee_0408_1_fwd/cam1_2026-04-08_16-15-57.mp4,1203.5,855.0,925,468,1482,1242,0.81305665
863,/Volumes/SmithL0/2026/BIOL470/Final/Learning_Rig/bee_0408_1_fwd/cam1_2026-04-08_16-15-57.mp4,1179.5,720.5,914,351,1445,1090,0.8370422
864,/Volumes/SmithL0/2026/BIOL470/Final/Learning_Rig/bee_0408_1_fwd/cam1_2026-04-08_16-15-57.mp4,1178.0,539.5,911,171,1445,908,0.84122455
865,/Volumes/SmithL0/2026/BIOL470/Final/Learning_Rig/bee_0408_1_fwd/cam1_2026-04-08_16-15-57.mp4,1212.0,449.5,894,58,1530,841,0.8223145
866,/Volumes/SmithL0/2026/BIOL470/Final/Learning_Rig/bee_0408_1_fwd/cam1_2026-04-08_16-15-57.mp4,1226.0,508.0,907,110,1545,906,0.83167464
867,/Volumes/SmithL0/2026/BIOL470/Final/Learning_Rig/bee_0408_1_fwd/cam1_2026-04-08_16-15-57.mp4,1239.5,527.5,924,162,1555,893,0.85578173
868,/Volumes/SmithL0/2026/BIOL470/Final/Learning_Rig/bee_0408_1_fwd/cam1_2026-04-08_16-15-57.mp4,1246.0,562.5,926,203,1566,922,0.8086872
869,/Volumes/SmithL0/2026/BIOL470/Final/Learning_Rig/bee_0408_1_fwd/cam1_2026-04-08_16-15-57.mp4,1245.5,593.5,930,238,1561,949,0.81580555
870,/Volumes/SmithL0/2026/BIOL470/Final/Learning_Rig/bee_0408_1_fwd/cam1_2026-04-08_16-15-57.mp4,1268.0,623.0,932,253,1604,993,0.80190915
871,/Volumes/SmithL0/2026/BIOL470/Final/Learning_Rig/bee_0408_1_fwd/cam1_2026-04-08_16-15-57.mp4,1344.5,624.0,1004,246,1685,1002,0.8342696
872,/Volumes/SmithL0/2026/BIOL470/Final/Learning_Rig/bee_0408_1_fwd/cam1_2026-04-08_16-15-57.mp4,1282.0,688.0,927,340,1637,1036,0.81004673
873,/Volumes/SmithL0/2026/BIOL470/Final/Learning_Rig/bee_0408_1_fwd/cam1_2026-04-08_16-15-57.mp4,1268.0,691.5,925,355,1611,1028,0.81088215
874,/Volumes/SmithL0/2026/BIOL470/Final/Learning_Rig/bee_0408_1_fwd/cam1_2026-04-08_16-15-57.mp4,1302.0,699.5,924,370,1680,1029,0.8135315
875,/Volumes/SmithL0/2026/BIOL470/Final/Learning_Rig/bee_0408_1_fwd/cam1_2026-04-08_16-15-57.mp4,1333.5,686.5,934,366,1733,1007,0.6491889
876,/Volumes/SmithL0/2026/BIOL470/Final/Learning_Rig/bee_0408_1_fwd/cam1_2026-04-08_16-15-57.mp4,1379.0,696.0,995,353,1763,1039,0.82192916
877,/Volumes/SmithL0/2026/BIOL470/Final/Learning_Rig/bee_0408_1_fwd/cam1_2026-04-08_16-15-57.mp4,1348.0,736.0,1045,359,1651,1113,0.8403473
878,/Volumes/SmithL0/2026/BIOL470/Final/Learning_Rig/bee_0408_1_fwd/cam1_2026-04-08_16-15-57.mp4,1421.0,809.5,1104,486,1738,1133,0.8137342
879,/Volumes/SmithL0/2026/BIOL470/Final/Learning_Rig/bee_0408_1_fwd/cam1_2026-04-08_16-15-57.mp4,1487.5,849.0,1147,460,1828,1238,0.8317142
880,/Volumes/SmithL0/2026/BIOL470/Final/Learning_Rig/bee_0408_1_fwd/cam1_2026-04-08_16-15-57.mp4,1504.0,796.5,1169,396,1839,1197,0.8053427
881,/Volumes/SmithL0/2026/BIOL470/Final/Learning_Rig/bee_0408_1_fwd/cam1_2026-04-08_16-15-57.mp4,1545.5,774.0,1240,374,1851,1174,0.833021
882,/Volumes/SmithL0/2026/BIOL470/Final/Learning_Rig/bee_0408_1_fwd/cam1_2026-04-08_16-15-57.mp4,1599.0,729.5,1305,355,1893,1104,0.8347148
883,/Volumes/SmithL0/2026/BIOL470/Final/Learning_Rig/bee_0408_1_fwd/cam1_2026-04-08_16-15-57.mp4,1617.5,719.0,1344,345,1891,1093,0.83629215
884,/Volumes/SmithL0/2026/BIOL470/Final/Learning_Rig/bee_0408_1_fwd/cam1_2026-04-08_16-15-57.mp4,1617.0,757.5,1311,401,1923,1114,0.7560146
885,/Volumes/SmithL0/2026/BIOL470/Final/Learning_Rig/bee_0408_1_fwd/cam1_2026-04-08_16-15-57.mp4,1696.0,795.0,1331,467,2061,1123,0.8335801
886,/Volumes/SmithL0/2026/BIOL470/Final/Learning_Rig/bee_0408_1_fwd/cam1_2026-04-08_16-15-57.mp4,1738.0,798.5,1355,475,2121,1122,0.80447054
887,/Volumes/SmithL0/2026/BIOL470/Final/Learning_Rig/bee_0408_1_fwd/cam1_2026-04-08_16-15-57.mp4,1771.0,799.5,1409,476,2133,1123,0.7943333
888,/Volumes/SmithL0/2026/BIOL470/Final/Learning_Rig/bee_0408_1_fwd/cam1_2026-04-08_16-15-57.mp4,1865.0,849.0,1452,508,2278,1190,0.80850077
889,/Volumes/SmithL0/2026/BIOL470/Final/Learning_Rig/bee_0408_1_fwd/cam1_2026-04-08_16-15-57.mp4,1906.0,784.5,1542,456,2270,1113,0.8167946
890,/Volumes/SmithL0/2026/BIOL470/Final/Learning_Rig/bee_0408_1_fwd/cam1_2026-04-08_16-15-57.mp4,1921.5,787.0,1567,454,2276,1120,0.8019525
891,/Volumes/SmithL0/2026/BIOL470/Final/Learning_Rig/bee_0408_1_fwd/cam1_2026-04-08_16-15-57.mp4,1960.5,685.5,1657,340,2264,1031,0.81773573
892,/Volumes/SmithL0/2026/BIOL470/Final/Learning_Rig/bee_0408_1_fwd/cam1_2026-04-08_16-15-57.mp4,1924.0,716.5,1609,361,2239,1072,0.8378581
893,/Volumes/SmithL0/2026/BIOL470/Final/Learning_Rig/bee_0408_1_fwd/cam1_2026-04-08_16-15-57.mp4,1905.0,737.0,1542,425,2268,1049,0.825973
894,/Volumes/SmithL0/2026/BIOL470/Final/Learning_Rig/bee_0408_1_fwd/cam1_2026-04-08_16-15-57.mp4,1786.0,732.0,1492,455,2080,1009,0.78933233
895,/Volumes/SmithL0/2026/BIOL470/Final/Learning_Rig/bee_0408_1_fwd/cam1_2026-04-08_16-15-57.mp4,1761.5,778.0,1480,442,2043,1114,0.77143115
896,/Volumes/SmithL0/2026/BIOL470/Final/Learning_Rig/bee_0408_1_fwd/cam1_2026-04-08_16-15-57.mp4,1852.5,817.5,1494,440,2211,1195,0.7839785
897,/Volumes/SmithL0/2026/BIOL470/Final/Learning_Rig/bee_0408_1_fwd/cam1_2026-04-08_16-15-57.mp4,1865.5,871.0,1530,531,2201,1211,0.8236121
898,/Volumes/SmithL0/2026/BIOL470/Final/Learning_Rig/bee_0408_1_fwd/cam1_2026-04-08_16-15-57.mp4,1900.5,937.5,1569,566,2232,1309,0.80764997
899,/Volumes/SmithL0/2026/BIOL470/Final/Learning_Rig/bee_0408_1_fwd/cam1_2026-04-08_16-15-57.mp4,1772.0,907.0,1461,530,2083,1284,0.80999625
900,/Volumes/SmithL0/2026/BIOL470/Final/Learning_Rig/bee_0408_1_fwd/cam1_2026-04-08_16-15-57.mp4,1764.5,851.0,1418,488,2111,1214,0.82371926
901,/Volumes/SmithL0/2026/BIOL470/Final/Learning_Rig/bee_0408_1_fwd/cam1_2026-04-08_16-15-57.mp4,1694.0,838.0,1364,464,2024,1212,0.82200944
902,/Volumes/SmithL0/2026/BIOL470/Final/Learning_Rig/bee_0408_1_fwd/cam1_2026-04-08_16-15-57.mp4,1611.5,859.5,1351,482,1872,1237,0.83071774
903,/Volumes/SmithL0/2026/BIOL470/Final/Learning_Rig/bee_0408_1_fwd/cam1_2026-04-08_16-15-57.mp4,1549.0,864.0,1217,491,1881,1237,0.82171416
904,/Volumes/SmithL0/2026/BIOL470/Final/Learning_Rig/bee_0408_1_fwd/cam1_2026-04-08_16-15-57.mp4,1512.0,932.5,1184,563,1840,1302,0.8263569
905,/Volumes/SmithL0/2026/BIOL470/Final/Learning_Rig/bee_0408_1_fwd/cam1_2026-04-08_16-15-57.mp4,1414.0,1030.0,1061,662,1767,1398,0.8135391
906,/Volumes/SmithL0/2026/BIOL470/Final/Learning_Rig/bee_0408_1_fwd/cam1_2026-04-08_16-15-57.mp4,1372.5,1005.0,1035,680,1710,1330,0.8037005
907,/Volumes/SmithL0/2026/BIOL470/Final/Learning_Rig/bee_0408_1_fwd/cam1_2026-04-08_16-15-57.mp4,1279.0,956.0,936,587,1622,1325,0.79862285
908,/Volumes/SmithL0/2026/BIOL470/Final/Learning_Rig/bee_0408_1_fwd/cam1_2026-04-08_16-15-57.mp4,1200.5,1338.5,908,962,1493,1715,0.83624244
909,/Volumes/SmithL0/2026/BIOL470/Final/Learning_Rig/bee_0408_1_fwd/cam1_2026-04-08_16-15-57.mp4,1178.5,1441.5,866,1063,1491,1820,0.8221612
910,/Volumes/SmithL0/2026/BIOL470/Final/Learning_Rig/bee_0408_1_fwd/cam1_2026-04-08_16-15-57.mp4,1183.5,1564.5,890,1182,1477,1947,0.81798726
911,/Volumes/SmithL0/2026/BIOL470/Final/Learning_Rig/bee_0408_1_fwd/cam1_2026-04-08_16-15-57.mp4,1156.5,1670.5,875,1286,1438,2055,0.790481
912,/Volumes/SmithL0/2026/BIOL470/Final/Learning_Rig/bee_0408_1_fwd/cam1_2026-04-08_16-15-57.mp4,1140.0,1776.0,887,1383,1393,2169,0.76600003
913,/Volumes/SmithL0/2026/BIOL470/Final/Learning_Rig/bee_0408_1_fwd/cam1_2026-04-08_16-15-57.mp4,1142.5,1904.0,894,1519,1391,2289,0.822627
914,/Volumes/SmithL0/2026/BIOL470/Final/Learning_Rig/bee_0408_1_fwd/cam1_2026-04-08_16-15-57.mp4,1154.5,2005.0,899,1630,1410,2380,0.81093305
915,/Volumes/SmithL0/2026/BIOL470/Final/Learning_Rig/bee_0408_1_fwd/cam1_2026-04-08_16-15-57.mp4,1294.0,2101.0,964,1771,1624,2431,0.8099203
916,/Volumes/SmithL0/2026/BIOL470/Final/Learning_Rig/bee_0408_1_fwd/cam1_2026-04-08_16-15-57.mp4,1362.5,2129.0,1022,1821,1703,2437,0.8067583
917,/Volumes/SmithL0/2026/BIOL470/Final/Learning_Rig/bee_0408_1_fwd/cam1_2026-04-08_16-15-57.mp4,1462.0,2143.5,1104,1860,1820,2427,0.8188991
918,/Volumes/SmithL0/2026/BIOL470/Final/Learning_Rig/bee_0408_1_fwd/cam1_2026-04-08_16-15-57.mp4,1546.5,2230.0,1183,1890,1910,2570,0.7673663
919,/Volumes/SmithL0/2026/BIOL470/Final/Learning_Rig/bee_0408_1_fwd/cam1_2026-04-08_16-15-57.mp4,1635.0,2211.0,1271,1865,1999,2557,0.7787792
920,/Volumes/SmithL0/2026/BIOL470/Final/Learning_Rig/bee_0408_1_fwd/cam1_2026-04-08_16-15-57.mp4,1705.5,2213.5,1358,1851,2053,2576,0.59921765
921,/Volumes/SmithL0/2026/BIOL470/Final/Learning_Rig/bee_0408_1_fwd/cam1_2026-04-08_16-15-57.mp4,1728.0,2275.0,1381,1960,2075,2590,0.7668795
922,/Volumes/SmithL0/2026/BIOL470/Final/Learning_Rig/bee_0408_1_fwd/cam1_2026-04-08_16-15-57.mp4,1736.0,2280.5,1366,1936,2106,2625,0.72602075
923,/Volumes/SmithL0/2026/BIOL470/Final/Learning_Rig/bee_0408_1_fwd/cam1_2026-04-08_16-15-57.mp4,1757.0,2279.5,1384,1938,2130,2621,0.7508624
924,/Volumes/SmithL0/2026/BIOL470/Final/Learning_Rig/bee_0408_1_fwd/cam1_2026-04-08_16-15-57.mp4,1746.5,2290.5,1388,1935,2105,2646,0.74590504
925,/Volumes/SmithL0/2026/BIOL470/Final/Learning_Rig/bee_0408_1_fwd/cam1_2026-04-08_16-15-57.mp4,1739.5,2197.0,1410,1881,2069,2513,0.8321072
926,/Volumes/SmithL0/2026/BIOL470/Final/Learning_Rig/bee_0408_1_fwd/cam1_2026-04-08_16-15-57.mp4,1727.0,2156.0,1398,1867,2056,2445,0.82794327
927,/Volumes/SmithL0/2026/BIOL470/Final/Learning_Rig/bee_0408_1_fwd/cam1_2026-04-08_16-15-57.mp4,1667.0,2198.0,1383,1857,1951,2539,0.7892391
928,/Volumes/SmithL0/2026/BIOL470/Final/Learning_Rig/bee_0408_1_fwd/cam1_2026-04-08_16-15-57.mp4,1621.0,2182.0,1374,1840,1868,2524,0.7986278
929,/Volumes/SmithL0/2026/BIOL470/Final/Learning_Rig/bee_0408_1_fwd/cam1_2026-04-08_16-15-57.mp4,1557.5,2197.5,1288,1840,1827,2555,0.8173863
930,/Volumes/SmithL0/2026/BIOL470/Final/Learning_Rig/bee_0408_1_fwd/cam1_2026-04-08_16-15-57.mp4,1544.5,2207.0,1246,1864,1843,2550,0.78467053
931,/Volumes/SmithL0/2026/BIOL470/Final/Learning_Rig/bee_0408_1_fwd/cam1_2026-04-08_16-15-57.mp4,1488.0,2199.5,1113,1872,1863,2527,0.8265684
932,/Volumes/SmithL0/2026/BIOL470/Final/Learning_Rig/bee_0408_1_fwd/cam1_2026-04-08_16-15-57.mp4,1379.5,2203.0,1035,1874,1724,2532,0.8117082
933,/Volumes/SmithL0/2026/BIOL470/Final/Learning_Rig/bee_0408_1_fwd/cam1_2026-04-08_16-15-57.mp4,1293.5,2172.0,954,1875,1633,2469,0.8216781
934,/Volumes/SmithL0/2026/BIOL470/Final/Learning_Rig/bee_0408_1_fwd/cam1_2026-04-08_16-15-57.mp4,1257.5,2166.5,920,1876,1595,2457,0.81621283
935,/Volumes/SmithL0/2026/BIOL470/Final/Learning_Rig/bee_0408_1_fwd/cam1_2026-04-08_16-15-57.mp4,1261.0,2160.0,924,1874,1598,2446,0.83219594
936,/Volumes/SmithL0/2026/BIOL470/Final/Learning_Rig/bee_0408_1_fwd/cam1_2026-04-08_16-15-57.mp4,1278.5,2159.5,938,1875,1619,2444,0.81678945
937,/Volumes/SmithL0/2026/BIOL470/Final/Learning_Rig/bee_0408_1_fwd/cam1_2026-04-08_16-15-57.mp4,1281.5,2151.0,921,1882,1642,2420,0.8268281
938,/Volumes/SmithL0/2026/BIOL470/Final/Learning_Rig/bee_0408_1_fwd/cam1_2026-04-08_16-15-57.mp4,1303.5,2141.0,957,1877,1650,2405,0.8252532
939,/Volumes/SmithL0/2026/BIOL470/Final/Learning_Rig/bee_0408_1_fwd/cam1_2026-04-08_16-15-57.mp4,1321.5,2146.0,978,1873,1665,2419,0.8281789
940,/Volumes/SmithL0/2026/BIOL470/Final/Learning_Rig/bee_0408_1_fwd/cam1_2026-04-08_16-15-57.mp4,1326.5,2142.5,986,1862,1667,2423,0.8046239
941,/Volumes/SmithL0/2026/BIOL470/Final/Learning_Rig/bee_0408_1_fwd/cam1_2026-04-08_16-15-57.mp4,1359.0,2086.5,1103,1713,1615,2460,0.79728633
942,/Volumes/SmithL0/2026/BIOL470/Final/Learning_Rig/bee_0408_1_fwd/cam1_2026-04-08_16-15-57.mp4,1367.0,2073.0,1110,1712,1624,2434,0.795511
943,/Volumes/SmithL0/2026/BIOL470/Final/Learning_Rig/bee_0408_1_fwd/cam1_2026-04-08_16-15-57.mp4,1385.0,2087.5,1069,1759,1701,2416,0.7915052
944,/Volumes/SmithL0/2026/BIOL470/Final/Learning_Rig/bee_0408_1_fwd/cam1_2026-04-08_16-15-57.mp4,1461.5,2121.5,1120,1789,1803,2454,0.8251751
945,/Volumes/SmithL0/2026/BIOL470/Final/Learning_Rig/bee_0408_1_fwd/cam1_2026-04-08_16-15-57.mp4,1628.5,2160.0,1258,1863,1999,2457,0.81397367
946,/Volumes/SmithL0/2026/BIOL470/Final/Learning_Rig/bee_0408_1_fwd/cam1_2026-04-08_16-15-57.mp4,1677.5,2145.0,1295,1855,2060,2435,0.80231994
947,/Volumes/SmithL0/2026/BIOL470/Final/Learning_Rig/bee_0408_1_fwd/cam1_2026-04-08_16-15-57.mp4,1740.0,2207.0,1351,1859,2129,2555,0.70507836
948,/Volumes/SmithL0/2026/BIOL470/Final/Learning_Rig/bee_0408_1_fwd/cam1_2026-04-08_16-15-57.mp4,1761.5,2142.0,1389,1850,2134,2434,0.75729436
949,/Volumes/SmithL0/2026/BIOL470/Final/Learning_Rig/bee_0408_1_fwd/cam1_2026-04-08_16-15-57.mp4,1762.0,2263.0,1376,1866,2148,2660,0.5531774
950,/Volumes/SmithL0/2026/BIOL470/Final/Learning_Rig/bee_0408_1_fwd/cam1_2026-04-08_16-15-57.mp4,1725.0,2143.5,1366,1834,2084,2453,0.81115144
951,/Volumes/SmithL0/2026/BIOL470/Final/Learning_Rig/bee_0408_1_fwd/cam1_2026-04-08_16-15-57.mp4,1742.5,2147.0,1373,1834,2112,2460,0.806279
952,/Volumes/SmithL0/2026/BIOL470/Final/Learning_Rig/bee_0408_1_fwd/cam1_2026-04-08_16-15-57.mp4,1785.5,2171.5,1398,1902,2173,2441,0.76361346
953,/Volumes/SmithL0/2026/BIOL470/Final/Learning_Rig/bee_0408_1_fwd/cam1_2026-04-08_16-15-57.mp4,1741.5,2163.5,1391,1872,2092,2455,0.7659177
954,/Volumes/SmithL0/2026/BIOL470/Final/Learning_Rig/bee_0408_1_fwd/cam1_2026-04-08_16-15-57.mp4,1737.0,2198.5,1375,1879,2099,2518,0.80737853
955,/Volumes/SmithL0/2026/BIOL470/Final/Learning_Rig/bee_0408_1_fwd/cam1_2026-04-08_16-15-57.mp4,1733.0,2253.0,1370,1941,2096,2565,0.7741328
956,/Volumes/SmithL0/2026/BIOL470/Final/Learning_Rig/bee_0408_1_fwd/cam1_2026-04-08_16-15-57.mp4,1689.5,2242.5,1338,1914,2041,2571,0.7779408
957,/Volumes/SmithL0/2026/BIOL470/Final/Learning_Rig/bee_0408_1_fwd/cam1_2026-04-08_16-15-57.mp4,1656.5,2222.5,1304,1866,2009,2579,0.8163053
958,/Volumes/SmithL0/2026/BIOL470/Final/Learning_Rig/bee_0408_1_fwd/cam1_2026-04-08_16-15-57.mp4,1547.0,2195.0,1295,1864,1799,2526,0.76918215
959,/Volumes/SmithL0/2026/BIOL470/Final/Learning_Rig/bee_0408_1_fwd/cam1_2026-04-08_16-15-57.mp4,1487.5,2161.5,1210,1789,1765,2534,0.8077584
960,/Volumes/SmithL0/2026/BIOL470/Final/Learning_Rig/bee_0408_1_fwd/cam1_2026-04-08_16-15-57.mp4,1436.0,2164.0,1176,1791,1696,2537,0.8199874
961,/Volumes/SmithL0/2026/BIOL470/Final/Learning_Rig/bee_0408_1_fwd/cam1_2026-04-08_16-15-57.mp4,1399.0,2181.5,1086,1828,1712,2535,0.8085329
962,/Volumes/SmithL0/2026/BIOL470/Final/Learning_Rig/bee_0408_1_fwd/cam1_2026-04-08_16-15-57.mp4,1359.5,2196.0,1050,1856,1669,2536,0.81999904
963,/Volumes/SmithL0/2026/BIOL470/Final/Learning_Rig/bee_0408_1_fwd/cam1_2026-04-08_16-15-57.mp4,1336.0,2199.0,1013,1870,1659,2528,0.83329654
964,/Volumes/SmithL0/2026/BIOL470/Final/Learning_Rig/bee_0408_1_fwd/cam1_2026-04-08_16-15-57.mp4,1291.5,2209.5,954,1955,1629,2464,0.81765044
965,/Volumes/SmithL0/2026/BIOL470/Final/Learning_Rig/bee_0408_1_fwd/cam1_2026-04-08_16-15-57.mp4,1286.5,2205.0,944,1953,1629,2457,0.8120067
966,/Volumes/SmithL0/2026/BIOL470/Final/Learning_Rig/bee_0408_1_fwd/cam1_2026-04-08_16-15-57.mp4,1356.0,2200.5,978,1956,1734,2445,0.8158978
967,/Volumes/SmithL0/2026/BIOL470/Final/Learning_Rig/bee_0408_1_fwd/cam1_2026-04-08_16-15-57.mp4,1313.5,2201.5,930,1953,1697,2450,0.7995699
968,/Volumes/SmithL0/2026/BIOL470/Final/Learning_Rig/bee_0408_1_fwd/cam1_2026-04-08_16-15-57.mp4,1317.5,2160.0,989,1920,1646,2400,0.7894832
969,/Volumes/SmithL0/2026/BIOL470/Final/Learning_Rig/bee_0408_1_fwd/cam1_2026-04-08_16-15-57.mp4,1233.5,2130.5,866,1863,1601,2398,0.79775596
970,/Volumes/SmithL0/2026/BIOL470/Final/Learning_Rig/bee_0408_1_fwd/cam1_2026-04-08_16-15-57.mp4,1238.5,2080.0,885,1761,1592,2399,0.85171133
971,/Volumes/SmithL0/2026/BIOL470/Final/Learning_Rig/bee_0408_1_fwd/cam1_2026-04-08_16-15-57.mp4,1262.0,2090.5,922,1784,1602,2397,0.84687304
972,/Volumes/SmithL0/2026/BIOL470/Final/Learning_Rig/bee_0408_1_fwd/cam1_2026-04-08_16-15-57.mp4,1229.5,1914.0,917,1589,1542,2239,0.806163
973,/Volumes/SmithL0/2026/BIOL470/Final/Learning_Rig/bee_0408_1_fwd/cam1_2026-04-08_16-15-57.mp4,1179.0,1806.0,837,1469,1521,2143,0.79504704
974,/Volumes/SmithL0/2026/BIOL470/Final/Learning_Rig/bee_0408_1_fwd/cam1_2026-04-08_16-15-57.mp4,1140.0,1713.5,851,1364,1429,2063,0.8519447
975,/Volumes/SmithL0/2026/BIOL470/Final/Learning_Rig/bee_0408_1_fwd/cam1_2026-04-08_16-15-57.mp4,1116.0,1637.0,839,1282,1393,1992,0.8368213
976,/Volumes/SmithL0/2026/BIOL470/Final/Learning_Rig/bee_0408_1_fwd/cam1_2026-04-08_16-15-57.mp4,1109.5,1396.5,840,1048,1379,1745,0.80407554
977,/Volumes/SmithL0/2026/BIOL470/Final/Learning_Rig/bee_0408_1_fwd/cam1_2026-04-08_16-15-57.mp4,1140.5,1291.0,848,933,1433,1649,0.83581924
978,/Volumes/SmithL0/2026/BIOL470/Final/Learning_Rig/bee_0408_1_fwd/cam1_2026-04-08_16-15-57.mp4,1148.0,1210.5,862,841,1434,1580,0.803332
979,/Volumes/SmithL0/2026/BIOL470/Final/Learning_Rig/bee_0408_1_fwd/cam1_2026-04-08_16-15-57.mp4,1166.0,1139.5,850,773,1482,1506,0.8118312
980,/Volumes/SmithL0/2026/BIOL470/Final/Learning_Rig/bee_0408_1_fwd/cam1_2026-04-08_16-15-57.mp4,1185.5,1039.5,895,669,1476,1410,0.84328127
981,/Volumes/SmithL0/2026/BIOL470/Final/Learning_Rig/bee_0408_1_fwd/cam1_2026-04-08_16-15-57.mp4,1218.5,979.5,953,612,1484,1347,0.8120401
982,/Volumes/SmithL0/2026/BIOL470/Final/Learning_Rig/bee_0408_1_fwd/cam1_2026-04-08_16-15-57.mp4,1212.0,728.5,942,356,1482,1101,0.820471
983,/Volumes/SmithL0/2026/BIOL470/Final/Learning_Rig/bee_0408_1_fwd/cam1_2026-04-08_16-15-57.mp4,1330.5,601.5,970,218,1691,985,0.80715644
984,/Volumes/SmithL0/2026/BIOL470/Final/Learning_Rig/bee_0408_1_fwd/cam1_2026-04-08_16-15-57.mp4,1355.5,544.0,1057,166,1654,922,0.82931507
985,/Volumes/SmithL0/2026/BIOL470/Final/Learning_Rig/bee_0408_1_fwd/cam1_2026-04-08_16-15-57.mp4,1410.0,555.0,1067,189,1753,921,0.8323414
986,/Volumes/SmithL0/2026/BIOL470/Final/Learning_Rig/bee_0408_1_fwd/cam1_2026-04-08_16-15-57.mp4,1370.0,524.5,1071,151,1669,898,0.8096802
987,/Volumes/SmithL0/2026/BIOL470/Final/Learning_Rig/bee_0408_1_fwd/cam1_2026-04-08_16-15-57.mp4,1366.5,526.5,1054,150,1679,903,0.819937
988,/Volumes/SmithL0/2026/BIOL470/Final/Learning_Rig/bee_0408_1_fwd/cam1_2026-04-08_16-15-57.mp4,1324.5,509.5,1063,131,1586,888,0.7955579
989,/Volumes/SmithL0/2026/BIOL470/Final/Learning_Rig/bee_0408_1_fwd/cam1_2026-04-08_16-15-57.mp4,1351.0,510.5,1055,131,1647,890,0.8350955
990,/Volumes/SmithL0/2026/BIOL470/Final/Learning_Rig/bee_0408_1_fwd/cam1_2026-04-08_16-15-57.mp4,1339.0,614.0,1020,206,1658,1022,0.85066116
991,/Volumes/SmithL0/2026/BIOL470/Final/Learning_Rig/bee_0408_1_fwd/cam1_2026-04-08_16-15-57.mp4,1348.5,644.0,1033,260,1664,1028,0.8155368
992,/Volumes/SmithL0/2026/BIOL470/Final/Learning_Rig/bee_0408_1_fwd/cam1_2026-04-08_16-15-57.mp4,1335.5,759.0,1028,500,1643,1018,0.58664227
993,/Volumes/SmithL0/2026/BIOL470/Final/Learning_Rig/bee_0408_1_fwd/cam1_2026-04-08_16-15-57.mp4,1357.5,672.0,1041,313,1674,1031,0.8243484
994,/Volumes/SmithL0/2026/BIOL470/Final/Learning_Rig/bee_0408_1_fwd/cam1_2026-04-08_16-15-57.mp4,1342.0,640.5,1033,277,1651,1004,0.8196782
995,/Volumes/SmithL0/2026/BIOL470/Final/Learning_Rig/bee_0408_1_fwd/cam1_2026-04-08_16-15-57.mp4,1363.5,607.5,1036,264,1691,951,0.8208969
996,/Volumes/SmithL0/2026/BIOL470/Final/Learning_Rig/bee_0408_1_fwd/cam1_2026-04-08_16-15-57.mp4,1461.5,601.5,1153,274,1770,929,0.8109213
997,/Volumes/SmithL0/2026/BIOL470/Final/Learning_Rig/bee_0408_1_fwd/cam1_2026-04-08_16-15-57.mp4,1535.5,561.5,1164,237,1907,886,0.7934463
998,/Volumes/SmithL0/2026/BIOL470/Final/Learning_Rig/bee_0408_1_fwd/cam1_2026-04-08_16-15-57.mp4,1597.5,593.5,1193,220,2002,967,0.80603284
999,/Volumes/SmithL0/2026/BIOL470/Final/Learning_Rig/bee_0408_1_fwd/cam1_2026-04-08_16-15-57.mp4,1751.5,484.0,1344,141,2159,827,0.80002594
1000,/Volumes/SmithL0/2026/BIOL470/Final/Learning_Rig/bee_0408_1_fwd/cam1_2026-04-08_16-15-57.mp4,1842.0,459.5,1455,97,2229,822,0.8207368
1001,/Volumes/SmithL0/2026/BIOL470/Final/Learning_Rig/bee_0408_1_fwd/cam1_2026-04-08_16-15-57.mp4,1833.0,476.0,1454,116,2212,836,0.8001544
1002,/Volumes/SmithL0/2026/BIOL470/Final/Learning_Rig/bee_0408_1_fwd/cam1_2026-04-08_16-15-57.mp4,1796.0,452.5,1434,73,2158,832,0.8120169
1003,/Volumes/SmithL0/2026/BIOL470/Final/Learning_Rig/bee_0408_1_fwd/cam1_2026-04-08_16-15-57.mp4,1802.0,450.5,1445,70,2159,831,0.80270076
1004,/Volumes/SmithL0/2026/BIOL470/Final/Learning_Rig/bee_0408_1_fwd/cam1_2026-04-08_16-15-57.mp4,1760.5,506.5,1370,132,2151,881,0.7845274
1005,/Volumes/SmithL0/2026/BIOL470/Final/Learning_Rig/bee_0408_1_fwd/cam1_2026-04-08_16-15-57.mp4,1775.5,531.0,1401,235,2150,827,0.7851569
1006,/Volumes/SmithL0/2026/BIOL470/Final/Learning_Rig/bee_0408_1_fwd/cam1_2026-04-08_16-15-57.mp4,1818.5,492.5,1426,162,2211,823,0.7835203
1007,/Volumes/SmithL0/2026/BIOL470/Final/Learning_Rig/bee_0408_1_fwd/cam1_2026-04-08_16-15-57.mp4,1862.0,448.0,1473,152,2251,744,0.81730294
1008,/Volumes/SmithL0/2026/BIOL470/Final/Learning_Rig/bee_0408_1_fwd/cam1_2026-04-08_16-15-57.mp4,1907.5,448.5,1536,147,2279,750,0.81074786
1009,/Volumes/SmithL0/2026/BIOL470/Final/Learning_Rig/bee_0408_1_fwd/cam1_2026-04-08_16-15-57.mp4,1894.0,452.5,1506,146,2282,759,0.7985846
