,filepath,x_centroid,y_centroid,x_min,y_min,x_max,y_max,detection_confidence
0,/Volumes/SmithL0/2026/BIOL470/Final/Learning_Rig/bee_0408_1_fwd/cam1_2026-04-08_16-18-02.mp4,1978.0,842.5,1656,483,2300,1202,0.84067386
1,/Volumes/SmithL0/2026/BIOL470/Final/Learning_Rig/bee_0408_1_fwd/cam1_2026-04-08_16-18-02.mp4,1954.0,842.5,1661,478,2247,1207,0.80758834
2,/Volumes/SmithL0/2026/BIOL470/Final/Learning_Rig/bee_0408_1_fwd/cam1_2026-04-08_16-18-02.mp4,1948.5,831.5,1659,448,2238,1215,0.80305815
3,/Volumes/SmithL0/2026/BIOL470/Final/Learning_Rig/bee_0408_1_fwd/cam1_2026-04-08_16-18-02.mp4,1956.5,836.0,1659,456,2254,1216,0.810125
4,/Volumes/SmithL0/2026/BIOL470/Final/Learning_Rig/bee_0408_1_fwd/cam1_2026-04-08_16-18-02.mp4,1913.0,841.5,1640,458,2186,1225,0.84427387
5,/Volumes/SmithL0/2026/BIOL470/Final/Learning_Rig/bee_0408_1_fwd/cam1_2026-04-08_16-18-02.mp4,1906.5,840.0,1642,454,2171,1226,0.83713186
6,/Volumes/SmithL0/2026/BIOL470/Final/Learning_Rig/bee_0408_1_fwd/cam1_2026-04-08_16-18-02.mp4,1916.5,836.5,1642,443,2191,1230,0.8165674
7,/Volumes/SmithL0/2026/BIOL470/Final/Learning_Rig/bee_0408_1_fwd/cam1_2026-04-08_16-18-02.mp4,1916.5,834.0,1650,449,2183,1219,0.8197083
8,/Volumes/SmithL0/2026/BIOL470/Final/Learning_Rig/bee_0408_1_fwd/cam1_2026-04-08_16-18-02.mp4,1910.5,853.0,1635,460,2186,1246,0.82610077
9,/Volumes/SmithL0/2026/BIOL470/Final/Learning_Rig/bee_0408_1_fwd/cam1_2026-04-08_16-18-02.mp4,1885.5,850.0,1605,456,2166,1244,0.82546467
10,/Volumes/SmithL0/2026/BIOL470/Final/Learning_Rig/bee_0408_1_fwd/cam1_2026-04-08_16-18-02.mp4,1917.5,858.5,1629,479,2206,1238,0.82306033
11,/Volumes/SmithL0/2026/BIOL470/Final/Learning_Rig/bee_0408_1_fwd/cam1_2026-04-08_16-18-02.mp4,1901.5,860.5,1615,481,2188,1240,0.82456857
12,/Volumes/SmithL0/2026/BIOL470/Final/Learning_Rig/bee_0408_1_fwd/cam1_2026-04-08_16-18-02.mp4,1929.5,857.5,1629,492,2230,1223,0.83002114
13,/Volumes/SmithL0/2026/BIOL470/Final/Learning_Rig/bee_0408_1_fwd/cam1_2026-04-08_16-18-02.mp4,1934.5,873.5,1614,532,2255,1215,0.82085854
14,/Volumes/SmithL0/2026/BIOL470/Final/Learning_Rig/bee_0408_1_fwd/cam1_2026-04-08_16-18-02.mp4,1936.5,876.0,1607,538,2266,1214,0.8242154
15,/Volumes/SmithL0/2026/BIOL470/Final/Learning_Rig/bee_0408_1_fwd/cam1_2026-04-08_16-18-02.mp4,1959.0,869.0,1609,528,2309,1210,0.8146626
16,/Volumes/SmithL0/2026/BIOL470/Final/Learning_Rig/bee_0408_1_fwd/cam1_2026-04-08_16-18-02.mp4,1974.5,840.0,1624,546,2325,1134,0.82518095
17,/Volumes/SmithL0/2026/BIOL470/Final/Learning_Rig/bee_0408_1_fwd/cam1_2026-04-08_16-18-02.mp4,1970.5,829.5,1634,550,2307,1109,0.8083549
18,/Volumes/SmithL0/2026/BIOL470/Final/Learning_Rig/bee_0408_1_fwd/cam1_2026-04-08_16-18-02.mp4,1983.0,827.0,1646,545,2320,1109,0.8063446
19,/Volumes/SmithL0/2026/BIOL470/Final/Learning_Rig/bee_0408_1_fwd/cam1_2026-04-08_16-18-02.mp4,1966.0,827.0,1613,517,2319,1137,0.81623524
20,/Volumes/SmithL0/2026/BIOL470/Final/Learning_Rig/bee_0408_1_fwd/cam1_2026-04-08_16-18-02.mp4,1942.0,820.5,1621,525,2263,1116,0.78914356
21,/Volumes/SmithL0/2026/BIOL470/Final/Learning_Rig/bee_0408_1_fwd/cam1_2026-04-08_16-18-02.mp4,1963.0,804.0,1626,526,2300,1082,0.7926163
22,/Volumes/SmithL0/2026/BIOL470/Final/Learning_Rig/bee_0408_1_fwd/cam1_2026-04-08_16-18-02.mp4,1956.5,801.0,1634,518,2279,1084,0.77623296
23,/Volumes/SmithL0/2026/BIOL470/Final/Learning_Rig/bee_0408_1_fwd/cam1_2026-04-08_16-18-02.mp4,1925.5,803.0,1630,538,2221,1068,0.7825097
24,/Volumes/SmithL0/2026/BIOL470/Final/Learning_Rig/bee_0408_1_fwd/cam1_2026-04-08_16-18-02.mp4,1935.0,792.0,1636,523,2234,1061,0.7975701
25,/Volumes/SmithL0/2026/BIOL470/Final/Learning_Rig/bee_0408_1_fwd/cam1_2026-04-08_16-18-02.mp4,1935.0,773.5,1639,477,2231,1070,0.7969362
26,/Volumes/SmithL0/2026/BIOL470/Final/Learning_Rig/bee_0408_1_fwd/cam1_2026-04-08_16-18-02.mp4,1926.0,778.5,1628,482,2224,1075,0.7949097
27,/Volumes/SmithL0/2026/BIOL470/Final/Learning_Rig/bee_0408_1_fwd/cam1_2026-04-08_16-18-02.mp4,1932.5,780.5,1611,485,2254,1076,0.78050697
28,/Volumes/SmithL0/2026/BIOL470/Final/Learning_Rig/bee_0408_1_fwd/cam1_2026-04-08_16-18-02.mp4,1945.5,790.5,1631,489,2260,1092,0.7700993
29,/Volumes/SmithL0/2026/BIOL470/Final/Learning_Rig/bee_0408_1_fwd/cam1_2026-04-08_16-18-02.mp4,1969.0,816.5,1656,521,2282,1112,0.82095975
30,/Volumes/SmithL0/2026/BIOL470/Final/Learning_Rig/bee_0408_1_fwd/cam1_2026-04-08_16-18-02.mp4,1953.5,796.5,1646,481,2261,1112,0.8038329
31,/Volumes/SmithL0/2026/BIOL470/Final/Learning_Rig/bee_0408_1_fwd/cam1_2026-04-08_16-18-02.mp4,2077.5,795.0,1910,484,2245,1106,0.7200135
32,/Volumes/SmithL0/2026/BIOL470/Final/Learning_Rig/bee_0408_1_fwd/cam1_2026-04-08_16-18-02.mp4,1806.0,839.0,1672,579,1940,1099,0.5806313
33,/Volumes/SmithL0/2026/BIOL470/Final/Learning_Rig/bee_0408_1_fwd/cam1_2026-04-08_16-18-02.mp4,1957.5,819.0,1657,523,2258,1115,0.8312919
34,/Volumes/SmithL0/2026/BIOL470/Final/Learning_Rig/bee_0408_1_fwd/cam1_2026-04-08_16-18-02.mp4,1809.0,835.0,1669,565,1949,1105,0.5999145
35,/Volumes/SmithL0/2026/BIOL470/Final/Learning_Rig/bee_0408_1_fwd/cam1_2026-04-08_16-18-02.mp4,1961.0,837.5,1662,537,2260,1138,0.75873166
36,/Volumes/SmithL0/2026/BIOL470/Final/Learning_Rig/bee_0408_1_fwd/cam1_2026-04-08_16-18-02.mp4,1951.5,861.0,1645,520,2258,1202,0.7913007
37,/Volumes/SmithL0/2026/BIOL470/Final/Learning_Rig/bee_0408_1_fwd/cam1_2026-04-08_16-18-02.mp4,1914.5,837.5,1617,474,2212,1201,0.8315679
38,/Volumes/SmithL0/2026/BIOL470/Final/Learning_Rig/bee_0408_1_fwd/cam1_2026-04-08_16-18-02.mp4,1879.0,838.0,1622,474,2136,1202,0.82401097
39,/Volumes/SmithL0/2026/BIOL470/Final/Learning_Rig/bee_0408_1_fwd/cam1_2026-04-08_16-18-02.mp4,1811.5,843.5,1536,467,2087,1220,0.84024376
40,/Volumes/SmithL0/2026/BIOL470/Final/Learning_Rig/bee_0408_1_fwd/cam1_2026-04-08_16-18-02.mp4,1788.0,830.5,1512,458,2064,1203,0.8352338
41,/Volumes/SmithL0/2026/BIOL470/Final/Learning_Rig/bee_0408_1_fwd/cam1_2026-04-08_16-18-02.mp4,1740.0,853.5,1480,480,2000,1227,0.8117421
42,/Volumes/SmithL0/2026/BIOL470/Final/Learning_Rig/bee_0408_1_fwd/cam1_2026-04-08_16-18-02.mp4,1848.5,856.5,1477,491,2220,1222,0.52024376
43,/Volumes/SmithL0/2026/BIOL470/Final/Learning_Rig/bee_0408_1_fwd/cam1_2026-04-08_16-18-02.mp4,1760.0,855.5,1485,481,2035,1230,0.817159
44,/Volumes/SmithL0/2026/BIOL470/Final/Learning_Rig/bee_0408_1_fwd/cam1_2026-04-08_16-18-02.mp4,1804.0,854.5,1549,493,2059,1216,0.83534324
45,/Volumes/SmithL0/2026/BIOL470/Final/Learning_Rig/bee_0408_1_fwd/cam1_2026-04-08_16-18-02.mp4,1800.5,860.0,1544,497,2057,1223,0.820702
46,/Volumes/SmithL0/2026/BIOL470/Final/Learning_Rig/bee_0408_1_fwd/cam1_2026-04-08_16-18-02.mp4,1782.0,924.0,1537,548,2027,1300,0.83820015
47,/Volumes/SmithL0/2026/BIOL470/Final/Learning_Rig/bee_0408_1_fwd/cam1_2026-04-08_16-18-02.mp4,1758.5,968.5,1486,626,2031,1311,0.8153802
48,/Volumes/SmithL0/2026/BIOL470/Final/Learning_Rig/bee_0408_1_fwd/cam1_2026-04-08_16-18-02.mp4,1791.5,954.5,1479,585,2104,1324,0.8112631
49,/Volumes/SmithL0/2026/BIOL470/Final/Learning_Rig/bee_0408_1_fwd/cam1_2026-04-08_16-18-02.mp4,1782.0,945.0,1472,574,2092,1316,0.82369566
50,/Volumes/SmithL0/2026/BIOL470/Final/Learning_Rig/bee_0408_1_fwd/cam1_2026-04-08_16-18-02.mp4,1763.5,930.0,1456,559,2071,1301,0.8284422
51,/Volumes/SmithL0/2026/BIOL470/Final/Learning_Rig/bee_0408_1_fwd/cam1_2026-04-08_16-18-02.mp4,1749.0,928.0,1416,553,2082,1303,0.8251098
52,/Volumes/SmithL0/2026/BIOL470/Final/Learning_Rig/bee_0408_1_fwd/cam1_2026-04-08_16-18-02.mp4,1739.0,921.0,1394,550,2084,1292,0.8221396
53,/Volumes/SmithL0/2026/BIOL470/Final/Learning_Rig/bee_0408_1_fwd/cam1_2026-04-08_16-18-02.mp4,1727.5,914.5,1361,546,2094,1283,0.84006363
54,/Volumes/SmithL0/2026/BIOL470/Final/Learning_Rig/bee_0408_1_fwd/cam1_2026-04-08_16-18-02.mp4,1716.0,897.5,1359,551,2073,1244,0.820457
55,/Volumes/SmithL0/2026/BIOL470/Final/Learning_Rig/bee_0408_1_fwd/cam1_2026-04-08_16-18-02.mp4,1716.5,896.0,1360,551,2073,1241,0.814549
56,/Volumes/SmithL0/2026/BIOL470/Final/Learning_Rig/bee_0408_1_fwd/cam1_2026-04-08_16-18-02.mp4,1692.5,878.0,1332,536,2053,1220,0.80183125
57,/Volumes/SmithL0/2026/BIOL470/Final/Learning_Rig/bee_0408_1_fwd/cam1_2026-04-08_16-18-02.mp4,1694.5,882.0,1338,541,2051,1223,0.79924923
58,/Volumes/SmithL0/2026/BIOL470/Final/Learning_Rig/bee_0408_1_fwd/cam1_2026-04-08_16-18-02.mp4,1691.5,877.5,1335,536,2048,1219,0.7952845
59,/Volumes/SmithL0/2026/BIOL470/Final/Learning_Rig/bee_0408_1_fwd/cam1_2026-04-08_16-18-02.mp4,1682.0,878.0,1339,536,2025,1220,0.79115534
60,/Volumes/SmithL0/2026/BIOL470/Final/Learning_Rig/bee_0408_1_fwd/cam1_2026-04-08_16-18-02.mp4,1694.0,876.5,1339,534,2049,1219,0.80232745
61,/Volumes/SmithL0/2026/BIOL470/Final/Learning_Rig/bee_0408_1_fwd/cam1_2026-04-08_16-18-02.mp4,1693.5,881.5,1341,540,2046,1223,0.79794055
62,/Volumes/SmithL0/2026/BIOL470/Final/Learning_Rig/bee_0408_1_fwd/cam1_2026-04-08_16-18-02.mp4,1696.0,873.5,1339,534,2053,1213,0.80090004
63,/Volumes/SmithL0/2026/BIOL470/Final/Learning_Rig/bee_0408_1_fwd/cam1_2026-04-08_16-18-02.mp4,1694.5,873.5,1338,534,2051,1213,0.7950302
64,/Volumes/SmithL0/2026/BIOL470/Final/Learning_Rig/bee_0408_1_fwd/cam1_2026-04-08_16-18-02.mp4,1696.0,875.0,1341,533,2051,1217,0.8015269
65,/Volumes/SmithL0/2026/BIOL470/Final/Learning_Rig/bee_0408_1_fwd/cam1_2026-04-08_16-18-02.mp4,1697.5,874.5,1347,534,2048,1215,0.8041327
66,/Volumes/SmithL0/2026/BIOL470/Final/Learning_Rig/bee_0408_1_fwd/cam1_2026-04-08_16-18-02.mp4,1705.5,875.5,1360,539,2051,1212,0.8132039
67,/Volumes/SmithL0/2026/BIOL470/Final/Learning_Rig/bee_0408_1_fwd/cam1_2026-04-08_16-18-02.mp4,1707.5,874.0,1363,538,2052,1210,0.8072126
68,/Volumes/SmithL0/2026/BIOL470/Final/Learning_Rig/bee_0408_1_fwd/cam1_2026-04-08_16-18-02.mp4,1711.0,873.5,1367,537,2055,1210,0.81010014
69,/Volumes/SmithL0/2026/BIOL470/Final/Learning_Rig/bee_0408_1_fwd/cam1_2026-04-08_16-18-02.mp4,1709.0,873.5,1365,533,2053,1214,0.8103991
70,/Volumes/SmithL0/2026/BIOL470/Final/Learning_Rig/bee_0408_1_fwd/cam1_2026-04-08_16-18-02.mp4,1703.5,871.0,1363,532,2044,1210,0.80787647
71,/Volumes/SmithL0/2026/BIOL470/Final/Learning_Rig/bee_0408_1_fwd/cam1_2026-04-08_16-18-02.mp4,1691.0,873.0,1354,532,2028,1214,0.8080995
72,/Volumes/SmithL0/2026/BIOL470/Final/Learning_Rig/bee_0408_1_fwd/cam1_2026-04-08_16-18-02.mp4,1706.0,882.5,1356,536,2056,1229,0.8060093
73,/Volumes/SmithL0/2026/BIOL470/Final/Learning_Rig/bee_0408_1_fwd/cam1_2026-04-08_16-18-02.mp4,1702.5,892.5,1358,541,2047,1244,0.80597425
74,/Volumes/SmithL0/2026/BIOL470/Final/Learning_Rig/bee_0408_1_fwd/cam1_2026-04-08_16-18-02.mp4,1705.0,893.5,1361,542,2049,1245,0.81138825
75,/Volumes/SmithL0/2026/BIOL470/Final/Learning_Rig/bee_0408_1_fwd/cam1_2026-04-08_16-18-02.mp4,1699.0,891.5,1360,537,2038,1246,0.82252437
76,/Volumes/SmithL0/2026/BIOL470/Final/Learning_Rig/bee_0408_1_fwd/cam1_2026-04-08_16-18-02.mp4,1702.5,895.0,1356,539,2049,1251,0.82023424
77,/Volumes/SmithL0/2026/BIOL470/Final/Learning_Rig/bee_0408_1_fwd/cam1_2026-04-08_16-18-02.mp4,1666.0,897.5,1343,545,1989,1250,0.8221279
78,/Volumes/SmithL0/2026/BIOL470/Final/Learning_Rig/bee_0408_1_fwd/cam1_2026-04-08_16-18-02.mp4,1669.5,892.0,1356,544,1983,1240,0.8071203
79,/Volumes/SmithL0/2026/BIOL470/Final/Learning_Rig/bee_0408_1_fwd/cam1_2026-04-08_16-18-02.mp4,1659.5,888.0,1349,545,1970,1231,0.82438755
80,/Volumes/SmithL0/2026/BIOL470/Final/Learning_Rig/bee_0408_1_fwd/cam1_2026-04-08_16-18-02.mp4,1661.5,886.0,1351,542,1972,1230,0.8224329
81,/Volumes/SmithL0/2026/BIOL470/Final/Learning_Rig/bee_0408_1_fwd/cam1_2026-04-08_16-18-02.mp4,1663.0,885.0,1353,536,1973,1234,0.8139424
82,/Volumes/SmithL0/2026/BIOL470/Final/Learning_Rig/bee_0408_1_fwd/cam1_2026-04-08_16-18-02.mp4,1665.0,882.5,1355,535,1975,1230,0.80946815
83,/Volumes/SmithL0/2026/BIOL470/Final/Learning_Rig/bee_0408_1_fwd/cam1_2026-04-08_16-18-02.mp4,1666.5,885.5,1358,531,1975,1240,0.81708676
84,/Volumes/SmithL0/2026/BIOL470/Final/Learning_Rig/bee_0408_1_fwd/cam1_2026-04-08_16-18-02.mp4,1664.0,916.5,1360,596,1968,1237,0.8365466
85,/Volumes/SmithL0/2026/BIOL470/Final/Learning_Rig/bee_0408_1_fwd/cam1_2026-04-08_16-18-02.mp4,1668.5,908.5,1362,585,1975,1232,0.8247519
86,/Volumes/SmithL0/2026/BIOL470/Final/Learning_Rig/bee_0408_1_fwd/cam1_2026-04-08_16-18-02.mp4,1664.0,921.5,1360,588,1968,1255,0.82768923
87,/Volumes/SmithL0/2026/BIOL470/Final/Learning_Rig/bee_0408_1_fwd/cam1_2026-04-08_16-18-02.mp4,1664.5,940.5,1360,626,1969,1255,0.8352091
88,/Volumes/SmithL0/2026/BIOL470/Final/Learning_Rig/bee_0408_1_fwd/cam1_2026-04-08_16-18-02.mp4,1658.0,921.5,1358,597,1958,1246,0.83278656
89,/Volumes/SmithL0/2026/BIOL470/Final/Learning_Rig/bee_0408_1_fwd/cam1_2026-04-08_16-18-02.mp4,1657.5,917.0,1358,588,1957,1246,0.82676995
90,/Volumes/SmithL0/2026/BIOL470/Final/Learning_Rig/bee_0408_1_fwd/cam1_2026-04-08_16-18-02.mp4,1661.0,924.0,1359,605,1963,1243,0.82852244
91,/Volumes/SmithL0/2026/BIOL470/Final/Learning_Rig/bee_0408_1_fwd/cam1_2026-04-08_16-18-02.mp4,1660.5,926.5,1358,609,1963,1244,0.8282553
92,/Volumes/SmithL0/2026/BIOL470/Final/Learning_Rig/bee_0408_1_fwd/cam1_2026-04-08_16-18-02.mp4,1663.5,916.5,1359,590,1968,1243,0.81514806
93,/Volumes/SmithL0/2026/BIOL470/Final/Learning_Rig/bee_0408_1_fwd/cam1_2026-04-08_16-18-02.mp4,1660.5,921.0,1358,598,1963,1244,0.81633645
94,/Volumes/SmithL0/2026/BIOL470/Final/Learning_Rig/bee_0408_1_fwd/cam1_2026-04-08_16-18-02.mp4,1659.0,914.5,1357,581,1961,1248,0.8306473
95,/Volumes/SmithL0/2026/BIOL470/Final/Learning_Rig/bee_0408_1_fwd/cam1_2026-04-08_16-18-02.mp4,1659.5,917.0,1357,585,1962,1249,0.82661843
96,/Volumes/SmithL0/2026/BIOL470/Final/Learning_Rig/bee_0408_1_fwd/cam1_2026-04-08_16-18-02.mp4,1660.5,928.0,1357,606,1964,1250,0.83259815
97,/Volumes/SmithL0/2026/BIOL470/Final/Learning_Rig/bee_0408_1_fwd/cam1_2026-04-08_16-18-02.mp4,1658.5,924.0,1357,598,1960,1250,0.8347485
98,/Volumes/SmithL0/2026/BIOL470/Final/Learning_Rig/bee_0408_1_fwd/cam1_2026-04-08_16-18-02.mp4,1662.0,938.5,1358,626,1966,1251,0.8285813
99,/Volumes/SmithL0/2026/BIOL470/Final/Learning_Rig/bee_0408_1_fwd/cam1_2026-04-08_16-18-02.mp4,1658.5,921.0,1357,589,1960,1253,0.8241868
100,/Volumes/SmithL0/2026/BIOL470/Final/Learning_Rig/bee_0408_1_fwd/cam1_2026-04-08_16-18-02.mp4,1661.5,901.0,1354,557,1969,1245,0.8156103
101,/Volumes/SmithL0/2026/BIOL470/Final/Learning_Rig/bee_0408_1_fwd/cam1_2026-04-08_16-18-02.mp4,1654.5,898.5,1357,557,1952,1240,0.80709034
102,/Volumes/SmithL0/2026/BIOL470/Final/Learning_Rig/bee_0408_1_fwd/cam1_2026-04-08_16-18-02.mp4,1662.5,895.5,1352,559,1973,1232,0.8064734
103,/Volumes/SmithL0/2026/BIOL470/Final/Learning_Rig/bee_0408_1_fwd/cam1_2026-04-08_16-18-02.mp4,1662.5,905.0,1356,568,1969,1242,0.8131187
104,/Volumes/SmithL0/2026/BIOL470/Final/Learning_Rig/bee_0408_1_fwd/cam1_2026-04-08_16-18-02.mp4,1666.5,930.5,1357,616,1976,1245,0.8278983
105,/Volumes/SmithL0/2026/BIOL470/Final/Learning_Rig/bee_0408_1_fwd/cam1_2026-04-08_16-18-02.mp4,1672.0,928.0,1359,615,1985,1241,0.83067304
106,/Volumes/SmithL0/2026/BIOL470/Final/Learning_Rig/bee_0408_1_fwd/cam1_2026-04-08_16-18-02.mp4,1669.0,925.5,1358,606,1980,1245,0.8217194
107,/Volumes/SmithL0/2026/BIOL470/Final/Learning_Rig/bee_0408_1_fwd/cam1_2026-04-08_16-18-02.mp4,1672.0,908.0,1357,571,1987,1245,0.8184256
108,/Volumes/SmithL0/2026/BIOL470/Final/Learning_Rig/bee_0408_1_fwd/cam1_2026-04-08_16-18-02.mp4,1653.0,934.0,1346,623,1960,1245,0.8436321
109,/Volumes/SmithL0/2026/BIOL470/Final/Learning_Rig/bee_0408_1_fwd/cam1_2026-04-08_16-18-02.mp4,1652.0,948.5,1340,642,1964,1255,0.8309451
110,/Volumes/SmithL0/2026/BIOL470/Final/Learning_Rig/bee_0408_1_fwd/cam1_2026-04-08_16-18-02.mp4,1639.0,954.5,1312,632,1966,1277,0.8389504
111,/Volumes/SmithL0/2026/BIOL470/Final/Learning_Rig/bee_0408_1_fwd/cam1_2026-04-08_16-18-02.mp4,1630.5,974.5,1305,648,1956,1301,0.821482
112,/Volumes/SmithL0/2026/BIOL470/Final/Learning_Rig/bee_0408_1_fwd/cam1_2026-04-08_16-18-02.mp4,1633.0,977.0,1307,645,1959,1309,0.8297152
113,/Volumes/SmithL0/2026/BIOL470/Final/Learning_Rig/bee_0408_1_fwd/cam1_2026-04-08_16-18-02.mp4,1619.0,984.5,1286,652,1952,1317,0.8117919
114,/Volumes/SmithL0/2026/BIOL470/Final/Learning_Rig/bee_0408_1_fwd/cam1_2026-04-08_16-18-02.mp4,1555.5,976.0,1249,637,1862,1315,0.8354578
115,/Volumes/SmithL0/2026/BIOL470/Final/Learning_Rig/bee_0408_1_fwd/cam1_2026-04-08_16-18-02.mp4,1554.0,973.5,1241,631,1867,1316,0.831676
116,/Volumes/SmithL0/2026/BIOL470/Final/Learning_Rig/bee_0408_1_fwd/cam1_2026-04-08_16-18-02.mp4,1544.5,974.5,1227,630,1862,1319,0.83432186
117,/Volumes/SmithL0/2026/BIOL470/Final/Learning_Rig/bee_0408_1_fwd/cam1_2026-04-08_16-18-02.mp4,1510.5,971.0,1180,622,1841,1320,0.8375913
118,/Volumes/SmithL0/2026/BIOL470/Final/Learning_Rig/bee_0408_1_fwd/cam1_2026-04-08_16-18-02.mp4,1494.0,971.5,1160,621,1828,1322,0.8137715
119,/Volumes/SmithL0/2026/BIOL470/Final/Learning_Rig/bee_0408_1_fwd/cam1_2026-04-08_16-18-02.mp4,1489.5,969.5,1158,630,1821,1309,0.80562127
120,/Volumes/SmithL0/2026/BIOL470/Final/Learning_Rig/bee_0408_1_fwd/cam1_2026-04-08_16-18-02.mp4,1479.5,957.0,1156,605,1803,1309,0.8236976
121,/Volumes/SmithL0/2026/BIOL470/Final/Learning_Rig/bee_0408_1_fwd/cam1_2026-04-08_16-18-02.mp4,1485.5,954.5,1156,602,1815,1307,0.8234003
122,/Volumes/SmithL0/2026/BIOL470/Final/Learning_Rig/bee_0408_1_fwd/cam1_2026-04-08_16-18-02.mp4,1466.5,962.0,1132,607,1801,1317,0.82143915
123,/Volumes/SmithL0/2026/BIOL470/Final/Learning_Rig/bee_0408_1_fwd/cam1_2026-04-08_16-18-02.mp4,1462.0,967.5,1131,615,1793,1320,0.8246343
124,/Volumes/SmithL0/2026/BIOL470/Final/Learning_Rig/bee_0408_1_fwd/cam1_2026-04-08_16-18-02.mp4,1455.5,967.0,1110,614,1801,1320,0.826298
125,/Volumes/SmithL0/2026/BIOL470/Final/Learning_Rig/bee_0408_1_fwd/cam1_2026-04-08_16-18-02.mp4,1436.5,960.0,1109,616,1764,1304,0.83217394
126,/Volumes/SmithL0/2026/BIOL470/Final/Learning_Rig/bee_0408_1_fwd/cam1_2026-04-08_16-18-02.mp4,1434.0,961.5,1102,610,1766,1313,0.8353336
127,/Volumes/SmithL0/2026/BIOL470/Final/Learning_Rig/bee_0408_1_fwd/cam1_2026-04-08_16-18-02.mp4,1423.0,975.0,1078,630,1768,1320,0.82713753
128,/Volumes/SmithL0/2026/BIOL470/Final/Learning_Rig/bee_0408_1_fwd/cam1_2026-04-08_16-18-02.mp4,1434.0,1013.0,1074,629,1794,1397,0.8433304
129,/Volumes/SmithL0/2026/BIOL470/Final/Learning_Rig/bee_0408_1_fwd/cam1_2026-04-08_16-18-02.mp4,1415.0,967.0,1061,630,1769,1304,0.8009363
130,/Volumes/SmithL0/2026/BIOL470/Final/Learning_Rig/bee_0408_1_fwd/cam1_2026-04-08_16-18-02.mp4,1428.0,969.0,1062,619,1794,1319,0.79787946
131,/Volumes/SmithL0/2026/BIOL470/Final/Learning_Rig/bee_0408_1_fwd/cam1_2026-04-08_16-18-02.mp4,1440.5,971.0,1060,620,1821,1322,0.7717511
132,/Volumes/SmithL0/2026/BIOL470/Final/Learning_Rig/bee_0408_1_fwd/cam1_2026-04-08_16-18-02.mp4,1426.5,968.0,1039,627,1814,1309,0.814934
133,/Volumes/SmithL0/2026/BIOL470/Final/Learning_Rig/bee_0408_1_fwd/cam1_2026-04-08_16-18-02.mp4,1356.5,970.0,1043,633,1670,1307,0.79540694
134,/Volumes/SmithL0/2026/BIOL470/Final/Learning_Rig/bee_0408_1_fwd/cam1_2026-04-08_16-18-02.mp4,1374.0,939.5,1058,582,1690,1297,0.7894122
135,/Volumes/SmithL0/2026/BIOL470/Final/Learning_Rig/bee_0408_1_fwd/cam1_2026-04-08_16-18-02.mp4,1355.5,928.5,1059,579,1652,1278,0.81560093
136,/Volumes/SmithL0/2026/BIOL470/Final/Learning_Rig/bee_0408_1_fwd/cam1_2026-04-08_16-18-02.mp4,1366.0,932.0,1054,577,1678,1287,0.8131958
137,/Volumes/SmithL0/2026/BIOL470/Final/Learning_Rig/bee_0408_1_fwd/cam1_2026-04-08_16-18-02.mp4,1367.5,923.5,1051,561,1684,1286,0.7905035
138,/Volumes/SmithL0/2026/BIOL470/Final/Learning_Rig/bee_0408_1_fwd/cam1_2026-04-08_16-18-02.mp4,1380.5,920.0,1053,554,1708,1286,0.78328353
139,/Volumes/SmithL0/2026/BIOL470/Final/Learning_Rig/bee_0408_1_fwd/cam1_2026-04-08_16-18-02.mp4,1374.5,880.0,1060,544,1689,1216,0.7810923
140,/Volumes/SmithL0/2026/BIOL470/Final/Learning_Rig/bee_0408_1_fwd/cam1_2026-04-08_16-18-02.mp4,1423.5,889.5,1126,545,1721,1234,0.8046353
141,/Volumes/SmithL0/2026/BIOL470/Final/Learning_Rig/bee_0408_1_fwd/cam1_2026-04-08_16-18-02.mp4,1427.5,922.0,1145,555,1710,1289,0.8221032
142,/Volumes/SmithL0/2026/BIOL470/Final/Learning_Rig/bee_0408_1_fwd/cam1_2026-04-08_16-18-02.mp4,1438.5,910.0,1137,561,1740,1259,0.82236594
143,/Volumes/SmithL0/2026/BIOL470/Final/Learning_Rig/bee_0408_1_fwd/cam1_2026-04-08_16-18-02.mp4,1459.0,944.0,1155,601,1763,1287,0.8348281
144,/Volumes/SmithL0/2026/BIOL470/Final/Learning_Rig/bee_0408_1_fwd/cam1_2026-04-08_16-18-02.mp4,1476.0,956.5,1171,628,1781,1285,0.8327197
145,/Volumes/SmithL0/2026/BIOL470/Final/Learning_Rig/bee_0408_1_fwd/cam1_2026-04-08_16-18-02.mp4,1515.5,982.0,1182,656,1849,1308,0.83173597
146,/Volumes/SmithL0/2026/BIOL470/Final/Learning_Rig/bee_0408_1_fwd/cam1_2026-04-08_16-18-02.mp4,1526.0,1010.5,1199,705,1853,1316,0.8151242
147,/Volumes/SmithL0/2026/BIOL470/Final/Learning_Rig/bee_0408_1_fwd/cam1_2026-04-08_16-18-02.mp4,1529.5,1040.5,1226,751,1833,1330,0.7969426
148,/Volumes/SmithL0/2026/BIOL470/Final/Learning_Rig/bee_0408_1_fwd/cam1_2026-04-08_16-18-02.mp4,1521.5,1042.5,1244,759,1799,1326,0.7978918
149,/Volumes/SmithL0/2026/BIOL470/Final/Learning_Rig/bee_0408_1_fwd/cam1_2026-04-08_16-18-02.mp4,1583.0,1056.5,1258,784,1908,1329,0.8033506
150,/Volumes/SmithL0/2026/BIOL470/Final/Learning_Rig/bee_0408_1_fwd/cam1_2026-04-08_16-18-02.mp4,1563.5,1065.0,1295,793,1832,1337,0.7265675
151,/Volumes/SmithL0/2026/BIOL470/Final/Learning_Rig/bee_0408_1_fwd/cam1_2026-04-08_16-18-02.mp4,1591.0,1082.0,1318,779,1864,1385,0.7533315
152,/Volumes/SmithL0/2026/BIOL470/Final/Learning_Rig/bee_0408_1_fwd/cam1_2026-04-08_16-18-02.mp4,1606.5,1090.0,1346,783,1867,1397,0.77357525
153,/Volumes/SmithL0/2026/BIOL470/Final/Learning_Rig/bee_0408_1_fwd/cam1_2026-04-08_16-18-02.mp4,1645.5,1127.0,1325,821,1966,1433,0.77145284
154,/Volumes/SmithL0/2026/BIOL470/Final/Learning_Rig/bee_0408_1_fwd/cam1_2026-04-08_16-18-02.mp4,1614.0,1120.5,1353,800,1875,1441,0.8009681
155,/Volumes/SmithL0/2026/BIOL470/Final/Learning_Rig/bee_0408_1_fwd/cam1_2026-04-08_16-18-02.mp4,1627.0,1133.5,1369,792,1885,1475,0.83226436
156,/Volumes/SmithL0/2026/BIOL470/Final/Learning_Rig/bee_0408_1_fwd/cam1_2026-04-08_16-18-02.mp4,1696.5,1196.0,1393,860,2000,1532,0.80636346
157,/Volumes/SmithL0/2026/BIOL470/Final/Learning_Rig/bee_0408_1_fwd/cam1_2026-04-08_16-18-02.mp4,1657.0,1207.0,1404,860,1910,1554,0.81651443
158,/Volumes/SmithL0/2026/BIOL470/Final/Learning_Rig/bee_0408_1_fwd/cam1_2026-04-08_16-18-02.mp4,1640.0,1208.0,1404,858,1876,1558,0.7991862
159,/Volumes/SmithL0/2026/BIOL470/Final/Learning_Rig/bee_0408_1_fwd/cam1_2026-04-08_16-18-02.mp4,1654.5,1223.5,1408,854,1901,1593,0.770358
160,/Volumes/SmithL0/2026/BIOL470/Final/Learning_Rig/bee_0408_1_fwd/cam1_2026-04-08_16-18-02.mp4,1678.5,1237.0,1404,866,1953,1608,0.8050908
161,/Volumes/SmithL0/2026/BIOL470/Final/Learning_Rig/bee_0408_1_fwd/cam1_2026-04-08_16-18-02.mp4,1690.0,1271.5,1415,899,1965,1644,0.79827124
162,/Volumes/SmithL0/2026/BIOL470/Final/Learning_Rig/bee_0408_1_fwd/cam1_2026-04-08_16-18-02.mp4,1715.5,1344.5,1451,966,1980,1723,0.82978576
163,/Volumes/SmithL0/2026/BIOL470/Final/Learning_Rig/bee_0408_1_fwd/cam1_2026-04-08_16-18-02.mp4,1755.0,1349.5,1451,975,2059,1724,0.824339
164,/Volumes/SmithL0/2026/BIOL470/Final/Learning_Rig/bee_0408_1_fwd/cam1_2026-04-08_16-18-02.mp4,1793.0,1381.5,1486,1033,2100,1730,0.79130554
165,/Volumes/SmithL0/2026/BIOL470/Final/Learning_Rig/bee_0408_1_fwd/cam1_2026-04-08_16-18-02.mp4,1790.0,1417.5,1480,1080,2100,1755,0.81096905
166,/Volumes/SmithL0/2026/BIOL470/Final/Learning_Rig/bee_0408_1_fwd/cam1_2026-04-08_16-18-02.mp4,1815.5,1468.5,1540,1094,2091,1843,0.83054733
167,/Volumes/SmithL0/2026/BIOL470/Final/Learning_Rig/bee_0408_1_fwd/cam1_2026-04-08_16-18-02.mp4,1818.0,1510.0,1547,1129,2089,1891,0.8330735
168,/Volumes/SmithL0/2026/BIOL470/Final/Learning_Rig/bee_0408_1_fwd/cam1_2026-04-08_16-18-02.mp4,1829.5,1570.5,1580,1190,2079,1951,0.75314105
169,/Volumes/SmithL0/2026/BIOL470/Final/Learning_Rig/bee_0408_1_fwd/cam1_2026-04-08_16-18-02.mp4,1802.5,1640.0,1560,1274,2045,2006,0.82941335
170,/Volumes/SmithL0/2026/BIOL470/Final/Learning_Rig/bee_0408_1_fwd/cam1_2026-04-08_16-18-02.mp4,1797.5,1636.0,1550,1275,2045,1997,0.8379002
171,/Volumes/SmithL0/2026/BIOL470/Final/Learning_Rig/bee_0408_1_fwd/cam1_2026-04-08_16-18-02.mp4,1722.5,1684.5,1397,1320,2048,2049,0.74580824
172,/Volumes/SmithL0/2026/BIOL470/Final/Learning_Rig/bee_0408_1_fwd/cam1_2026-04-08_16-18-02.mp4,1696.0,1734.0,1415,1360,1977,2108,0.788218
173,/Volumes/SmithL0/2026/BIOL470/Final/Learning_Rig/bee_0408_1_fwd/cam1_2026-04-08_16-18-02.mp4,1657.0,1752.5,1377,1354,1937,2151,0.72807145
174,/Volumes/SmithL0/2026/BIOL470/Final/Learning_Rig/bee_0408_1_fwd/cam1_2026-04-08_16-18-02.mp4,1643.0,1805.5,1384,1381,1902,2230,0.5120968
175,/Volumes/SmithL0/2026/BIOL470/Final/Learning_Rig/bee_0408_1_fwd/cam1_2026-04-08_16-18-02.mp4,1645.5,1807.0,1377,1394,1914,2220,0.5093405
176,/Volumes/SmithL0/2026/BIOL470/Final/Learning_Rig/bee_0408_1_fwd/cam1_2026-04-08_16-18-02.mp4,1640.0,1812.5,1362,1453,1918,2172,0.57061386
177,/Volumes/SmithL0/2026/BIOL470/Final/Learning_Rig/bee_0408_1_fwd/cam1_2026-04-08_16-18-02.mp4,1638.5,1837.5,1378,1464,1899,2211,0.72097915
178,/Volumes/SmithL0/2026/BIOL470/Final/Learning_Rig/bee_0408_1_fwd/cam1_2026-04-08_16-18-02.mp4,1650.0,1839.5,1374,1474,1926,2205,0.71328914
179,/Volumes/SmithL0/2026/BIOL470/Final/Learning_Rig/bee_0408_1_fwd/cam1_2026-04-08_16-18-02.mp4,1682.0,1900.5,1415,1565,1949,2236,0.6907882
180,/Volumes/SmithL0/2026/BIOL470/Final/Learning_Rig/bee_0408_1_fwd/cam1_2026-04-08_16-18-02.mp4,1746.0,1946.0,1468,1593,2024,2299,0.7837962
181,/Volumes/SmithL0/2026/BIOL470/Final/Learning_Rig/bee_0408_1_fwd/cam1_2026-04-08_16-18-02.mp4,1787.5,1973.5,1472,1645,2103,2302,0.79330194
182,/Volumes/SmithL0/2026/BIOL470/Final/Learning_Rig/bee_0408_1_fwd/cam1_2026-04-08_16-18-02.mp4,1794.5,1990.5,1473,1674,2116,2307,0.8130586
183,/Volumes/SmithL0/2026/BIOL470/Final/Learning_Rig/bee_0408_1_fwd/cam1_2026-04-08_16-18-02.mp4,1736.0,1990.5,1464,1675,2008,2306,0.81065756
184,/Volumes/SmithL0/2026/BIOL470/Final/Learning_Rig/bee_0408_1_fwd/cam1_2026-04-08_16-18-02.mp4,1700.0,2002.5,1482,1673,1918,2332,0.75794655
185,/Volumes/SmithL0/2026/BIOL470/Final/Learning_Rig/bee_0408_1_fwd/cam1_2026-04-08_16-18-02.mp4,1810.5,1997.5,1482,1660,2139,2335,0.71795046
186,/Volumes/SmithL0/2026/BIOL470/Final/Learning_Rig/bee_0408_1_fwd/cam1_2026-04-08_16-18-02.mp4,1701.0,1997.0,1500,1666,1902,2328,0.6899741
187,/Volumes/SmithL0/2026/BIOL470/Final/Learning_Rig/bee_0408_1_fwd/cam1_2026-04-08_16-18-02.mp4,1727.5,1997.5,1502,1663,1953,2332,0.634266
188,/Volumes/SmithL0/2026/BIOL470/Final/Learning_Rig/bee_0408_1_fwd/cam1_2026-04-08_16-18-02.mp4,1730.0,1998.5,1500,1657,1960,2340,0.6233093
189,/Volumes/SmithL0/2026/BIOL470/Final/Learning_Rig/bee_0408_1_fwd/cam1_2026-04-08_16-18-02.mp4,1708.5,2076.5,1477,1733,1940,2420,0.82943267
190,/Volumes/SmithL0/2026/BIOL470/Final/Learning_Rig/bee_0408_1_fwd/cam1_2026-04-08_16-18-02.mp4,1710.0,2090.5,1482,1751,1938,2430,0.82735455
191,/Volumes/SmithL0/2026/BIOL470/Final/Learning_Rig/bee_0408_1_fwd/cam1_2026-04-08_16-18-02.mp4,1737.5,2100.5,1475,1759,2000,2442,0.814684
192,/Volumes/SmithL0/2026/BIOL470/Final/Learning_Rig/bee_0408_1_fwd/cam1_2026-04-08_16-18-02.mp4,1728.5,2080.5,1445,1748,2012,2413,0.8073555
193,/Volumes/SmithL0/2026/BIOL470/Final/Learning_Rig/bee_0408_1_fwd/cam1_2026-04-08_16-18-02.mp4,1701.0,2054.5,1396,1745,2006,2364,0.74118054
194,/Volumes/SmithL0/2026/BIOL470/Final/Learning_Rig/bee_0408_1_fwd/cam1_2026-04-08_16-18-02.mp4,1686.5,2048.5,1430,1703,1943,2394,0.8371366
195,/Volumes/SmithL0/2026/BIOL470/Final/Learning_Rig/bee_0408_1_fwd/cam1_2026-04-08_16-18-02.mp4,1684.5,2056.5,1429,1700,1940,2413,0.8342081
196,/Volumes/SmithL0/2026/BIOL470/Final/Learning_Rig/bee_0408_1_fwd/cam1_2026-04-08_16-18-02.mp4,1648.5,2060.5,1380,1705,1917,2416,0.81662095
197,/Volumes/SmithL0/2026/BIOL470/Final/Learning_Rig/bee_0408_1_fwd/cam1_2026-04-08_16-18-02.mp4,1627.5,2092.5,1364,1752,1891,2433,0.82827234
198,/Volumes/SmithL0/2026/BIOL470/Final/Learning_Rig/bee_0408_1_fwd/cam1_2026-04-08_16-18-02.mp4,1664.5,2104.0,1415,1787,1914,2421,0.8233138
199,/Volumes/SmithL0/2026/BIOL470/Final/Learning_Rig/bee_0408_1_fwd/cam1_2026-04-08_16-18-02.mp4,1704.0,2104.5,1403,1799,2005,2410,0.7997452
200,/Volumes/SmithL0/2026/BIOL470/Final/Learning_Rig/bee_0408_1_fwd/cam1_2026-04-08_16-18-02.mp4,1705.5,2108.0,1363,1818,2048,2398,0.80659956
201,/Volumes/SmithL0/2026/BIOL470/Final/Learning_Rig/bee_0408_1_fwd/cam1_2026-04-08_16-18-02.mp4,1725.5,2129.0,1394,1844,2057,2414,0.80341077
202,/Volumes/SmithL0/2026/BIOL470/Final/Learning_Rig/bee_0408_1_fwd/cam1_2026-04-08_16-18-02.mp4,1737.0,2133.0,1406,1853,2068,2413,0.814658
203,/Volumes/SmithL0/2026/BIOL470/Final/Learning_Rig/bee_0408_1_fwd/cam1_2026-04-08_16-18-02.mp4,1739.0,2136.5,1409,1857,2069,2416,0.8169347
204,/Volumes/SmithL0/2026/BIOL470/Final/Learning_Rig/bee_0408_1_fwd/cam1_2026-04-08_16-18-02.mp4,1716.5,2143.5,1418,1856,2015,2431,0.82744145
205,/Volumes/SmithL0/2026/BIOL470/Final/Learning_Rig/bee_0408_1_fwd/cam1_2026-04-08_16-18-02.mp4,1721.0,2149.5,1437,1852,2005,2447,0.84010583
206,/Volumes/SmithL0/2026/BIOL470/Final/Learning_Rig/bee_0408_1_fwd/cam1_2026-04-08_16-18-02.mp4,1742.0,2148.5,1479,1834,2005,2463,0.79801464
207,/Volumes/SmithL0/2026/BIOL470/Final/Learning_Rig/bee_0408_1_fwd/cam1_2026-04-08_16-18-02.mp4,1750.0,2131.0,1492,1803,2008,2459,0.83723867
208,/Volumes/SmithL0/2026/BIOL470/Final/Learning_Rig/bee_0408_1_fwd/cam1_2026-04-08_16-18-02.mp4,1736.5,2120.5,1470,1793,2003,2448,0.83434457
209,/Volumes/SmithL0/2026/BIOL470/Final/Learning_Rig/bee_0408_1_fwd/cam1_2026-04-08_16-18-02.mp4,1694.5,2108.5,1453,1766,1936,2451,0.830952
210,/Volumes/SmithL0/2026/BIOL470/Final/Learning_Rig/bee_0408_1_fwd/cam1_2026-04-08_16-18-02.mp4,1667.5,2105.0,1400,1764,1935,2446,0.8114073
211,/Volumes/SmithL0/2026/BIOL470/Final/Learning_Rig/bee_0408_1_fwd/cam1_2026-04-08_16-18-02.mp4,1636.5,2078.0,1335,1749,1938,2407,0.81841516
212,/Volumes/SmithL0/2026/BIOL470/Final/Learning_Rig/bee_0408_1_fwd/cam1_2026-04-08_16-18-02.mp4,1610.0,2056.5,1293,1742,1927,2371,0.8155128
213,/Volumes/SmithL0/2026/BIOL470/Final/Learning_Rig/bee_0408_1_fwd/cam1_2026-04-08_16-18-02.mp4,1585.0,2065.0,1268,1767,1902,2363,0.8039184
214,/Volumes/SmithL0/2026/BIOL470/Final/Learning_Rig/bee_0408_1_fwd/cam1_2026-04-08_16-18-02.mp4,1573.5,2074.5,1238,1788,1909,2361,0.7846052
215,/Volumes/SmithL0/2026/BIOL470/Final/Learning_Rig/bee_0408_1_fwd/cam1_2026-04-08_16-18-02.mp4,1562.0,2090.5,1209,1817,1915,2364,0.73158145
216,/Volumes/SmithL0/2026/BIOL470/Final/Learning_Rig/bee_0408_1_fwd/cam1_2026-04-08_16-18-02.mp4,1561.0,2109.5,1201,1844,1921,2375,0.7732483
217,/Volumes/SmithL0/2026/BIOL470/Final/Learning_Rig/bee_0408_1_fwd/cam1_2026-04-08_16-18-02.mp4,1448.5,2172.5,1083,1862,1814,2483,0.78697896
218,/Volumes/SmithL0/2026/BIOL470/Final/Learning_Rig/bee_0408_1_fwd/cam1_2026-04-08_16-18-02.mp4,1441.5,2190.0,1083,1953,1800,2427,0.80693454
219,/Volumes/SmithL0/2026/BIOL470/Final/Learning_Rig/bee_0408_1_fwd/cam1_2026-04-08_16-18-02.mp4,1435.5,2190.0,1074,1954,1797,2426,0.8232946
220,/Volumes/SmithL0/2026/BIOL470/Final/Learning_Rig/bee_0408_1_fwd/cam1_2026-04-08_16-18-02.mp4,1415.5,2207.0,1063,1965,1768,2449,0.82519996
221,/Volumes/SmithL0/2026/BIOL470/Final/Learning_Rig/bee_0408_1_fwd/cam1_2026-04-08_16-18-02.mp4,1411.5,2209.0,1055,1967,1768,2451,0.8198625
222,/Volumes/SmithL0/2026/BIOL470/Final/Learning_Rig/bee_0408_1_fwd/cam1_2026-04-08_16-18-02.mp4,1418.0,2238.0,1022,1998,1814,2478,0.75413686
223,/Volumes/SmithL0/2026/BIOL470/Final/Learning_Rig/bee_0408_1_fwd/cam1_2026-04-08_16-18-02.mp4,1413.5,2258.5,1022,2046,1805,2471,0.7779876
224,/Volumes/SmithL0/2026/BIOL470/Final/Learning_Rig/bee_0408_1_fwd/cam1_2026-04-08_16-18-02.mp4,1427.0,2281.5,1034,2052,1820,2511,0.79912525
225,/Volumes/SmithL0/2026/BIOL470/Final/Learning_Rig/bee_0408_1_fwd/cam1_2026-04-08_16-18-02.mp4,1374.5,2290.5,988,2050,1761,2531,0.83138573
226,/Volumes/SmithL0/2026/BIOL470/Final/Learning_Rig/bee_0408_1_fwd/cam1_2026-04-08_16-18-02.mp4,1352.0,2293.0,981,2057,1723,2529,0.8116485
227,/Volumes/SmithL0/2026/BIOL470/Final/Learning_Rig/bee_0408_1_fwd/cam1_2026-04-08_16-18-02.mp4,1339.0,2297.5,975,2061,1703,2534,0.8025757
228,/Volumes/SmithL0/2026/BIOL470/Final/Learning_Rig/bee_0408_1_fwd/cam1_2026-04-08_16-18-02.mp4,1337.5,2293.0,969,2059,1706,2527,0.8033726
229,/Volumes/SmithL0/2026/BIOL470/Final/Learning_Rig/bee_0408_1_fwd/cam1_2026-04-08_16-18-02.mp4,1317.5,2285.0,948,2050,1687,2520,0.79609835
230,/Volumes/SmithL0/2026/BIOL470/Final/Learning_Rig/bee_0408_1_fwd/cam1_2026-04-08_16-18-02.mp4,1310.0,2286.5,944,2050,1676,2523,0.7919254
231,/Volumes/SmithL0/2026/BIOL470/Final/Learning_Rig/bee_0408_1_fwd/cam1_2026-04-08_16-18-02.mp4,1290.0,2254.0,923,1961,1657,2547,0.81125444
232,/Volumes/SmithL0/2026/BIOL470/Final/Learning_Rig/bee_0408_1_fwd/cam1_2026-04-08_16-18-02.mp4,1284.0,2125.0,894,1809,1674,2441,0.7807454
233,/Volumes/SmithL0/2026/BIOL470/Final/Learning_Rig/bee_0408_1_fwd/cam1_2026-04-08_16-18-02.mp4,1265.0,2130.5,883,1814,1647,2447,0.8118614
234,/Volumes/SmithL0/2026/BIOL470/Final/Learning_Rig/bee_0408_1_fwd/cam1_2026-04-08_16-18-02.mp4,1269.5,2134.0,900,1822,1639,2446,0.81120396
235,/Volumes/SmithL0/2026/BIOL470/Final/Learning_Rig/bee_0408_1_fwd/cam1_2026-04-08_16-18-02.mp4,1257.0,2199.0,910,1872,1604,2526,0.83323747
236,/Volumes/SmithL0/2026/BIOL470/Final/Learning_Rig/bee_0408_1_fwd/cam1_2026-04-08_16-18-02.mp4,1246.5,2203.0,916,1868,1577,2538,0.8178982
237,/Volumes/SmithL0/2026/BIOL470/Final/Learning_Rig/bee_0408_1_fwd/cam1_2026-04-08_16-18-02.mp4,1256.0,2181.0,928,1827,1584,2535,0.82695544
238,/Volumes/SmithL0/2026/BIOL470/Final/Learning_Rig/bee_0408_1_fwd/cam1_2026-04-08_16-18-02.mp4,1252.5,2159.5,923,1806,1582,2513,0.83554167
239,/Volumes/SmithL0/2026/BIOL470/Final/Learning_Rig/bee_0408_1_fwd/cam1_2026-04-08_16-18-02.mp4,1238.0,2177.5,890,1825,1586,2530,0.8489396
240,/Volumes/SmithL0/2026/BIOL470/Final/Learning_Rig/bee_0408_1_fwd/cam1_2026-04-08_16-18-02.mp4,1229.0,2191.0,871,1838,1587,2544,0.82718
241,/Volumes/SmithL0/2026/BIOL470/Final/Learning_Rig/bee_0408_1_fwd/cam1_2026-04-08_16-18-02.mp4,1232.0,2202.5,880,1866,1584,2539,0.8241604
242,/Volumes/SmithL0/2026/BIOL470/Final/Learning_Rig/bee_0408_1_fwd/cam1_2026-04-08_16-18-02.mp4,1245.5,2192.0,898,1860,1593,2524,0.8206442
243,/Volumes/SmithL0/2026/BIOL470/Final/Learning_Rig/bee_0408_1_fwd/cam1_2026-04-08_16-18-02.mp4,1230.0,2193.5,876,1869,1584,2518,0.82958835
244,/Volumes/SmithL0/2026/BIOL470/Final/Learning_Rig/bee_0408_1_fwd/cam1_2026-04-08_16-18-02.mp4,1149.0,2224.5,861,1934,1437,2515,0.8227868
245,/Volumes/SmithL0/2026/BIOL470/Final/Learning_Rig/bee_0408_1_fwd/cam1_2026-04-08_16-18-02.mp4,1150.5,2220.0,860,1922,1441,2518,0.8274311
246,/Volumes/SmithL0/2026/BIOL470/Final/Learning_Rig/bee_0408_1_fwd/cam1_2026-04-08_16-18-02.mp4,1150.0,2242.0,855,1958,1445,2526,0.80916834
247,/Volumes/SmithL0/2026/BIOL470/Final/Learning_Rig/bee_0408_1_fwd/cam1_2026-04-08_16-18-02.mp4,1146.0,2238.0,853,1948,1439,2528,0.7962459
248,/Volumes/SmithL0/2026/BIOL470/Final/Learning_Rig/bee_0408_1_fwd/cam1_2026-04-08_16-18-02.mp4,1162.5,2226.0,868,1943,1457,2509,0.8254855
249,/Volumes/SmithL0/2026/BIOL470/Final/Learning_Rig/bee_0408_1_fwd/cam1_2026-04-08_16-18-02.mp4,1136.0,2132.0,809,1864,1463,2400,0.8192427
250,/Volumes/SmithL0/2026/BIOL470/Final/Learning_Rig/bee_0408_1_fwd/cam1_2026-04-08_16-18-02.mp4,1162.5,2130.5,821,1864,1504,2397,0.79942274
251,/Volumes/SmithL0/2026/BIOL470/Final/Learning_Rig/bee_0408_1_fwd/cam1_2026-04-08_16-18-02.mp4,1200.5,2120.0,855,1818,1546,2422,0.8107022
252,/Volumes/SmithL0/2026/BIOL470/Final/Learning_Rig/bee_0408_1_fwd/cam1_2026-04-08_16-18-02.mp4,1244.0,2107.5,890,1792,1598,2423,0.82239205
253,/Volumes/SmithL0/2026/BIOL470/Final/Learning_Rig/bee_0408_1_fwd/cam1_2026-04-08_16-18-02.mp4,1264.0,2101.0,907,1784,1621,2418,0.81806326
254,/Volumes/SmithL0/2026/BIOL470/Final/Learning_Rig/bee_0408_1_fwd/cam1_2026-04-08_16-18-02.mp4,1307.5,2074.5,955,1816,1660,2333,0.80869424
255,/Volumes/SmithL0/2026/BIOL470/Final/Learning_Rig/bee_0408_1_fwd/cam1_2026-04-08_16-18-02.mp4,1478.5,2050.5,1091,1767,1866,2334,0.8071591
256,/Volumes/SmithL0/2026/BIOL470/Final/Learning_Rig/bee_0408_1_fwd/cam1_2026-04-08_16-18-02.mp4,1499.5,2053.5,1118,1754,1881,2353,0.840753
257,/Volumes/SmithL0/2026/BIOL470/Final/Learning_Rig/bee_0408_1_fwd/cam1_2026-04-08_16-18-02.mp4,1521.5,2062.0,1161,1777,1882,2347,0.8108742
258,/Volumes/SmithL0/2026/BIOL470/Final/Learning_Rig/bee_0408_1_fwd/cam1_2026-04-08_16-18-02.mp4,1519.5,2099.5,1171,1794,1868,2405,0.84207785
259,/Volumes/SmithL0/2026/BIOL470/Final/Learning_Rig/bee_0408_1_fwd/cam1_2026-04-08_16-18-02.mp4,1509.5,2136.0,1156,1851,1863,2421,0.84040505
260,/Volumes/SmithL0/2026/BIOL470/Final/Learning_Rig/bee_0408_1_fwd/cam1_2026-04-08_16-18-02.mp4,1496.0,2134.0,1142,1852,1850,2416,0.8234975
261,/Volumes/SmithL0/2026/BIOL470/Final/Learning_Rig/bee_0408_1_fwd/cam1_2026-04-08_16-18-02.mp4,1471.5,2129.5,1093,1833,1850,2426,0.82383555
262,/Volumes/SmithL0/2026/BIOL470/Final/Learning_Rig/bee_0408_1_fwd/cam1_2026-04-08_16-18-02.mp4,1507.0,2112.0,1142,1834,1872,2390,0.8238922
263,/Volumes/SmithL0/2026/BIOL470/Final/Learning_Rig/bee_0408_1_fwd/cam1_2026-04-08_16-18-02.mp4,1533.0,2094.0,1151,1770,1915,2418,0.81099075
264,/Volumes/SmithL0/2026/BIOL470/Final/Learning_Rig/bee_0408_1_fwd/cam1_2026-04-08_16-18-02.mp4,1537.0,2042.0,1159,1755,1915,2329,0.8253504
265,/Volumes/SmithL0/2026/BIOL470/Final/Learning_Rig/bee_0408_1_fwd/cam1_2026-04-08_16-18-02.mp4,1599.5,2058.0,1230,1761,1969,2355,0.8277362
266,/Volumes/SmithL0/2026/BIOL470/Final/Learning_Rig/bee_0408_1_fwd/cam1_2026-04-08_16-18-02.mp4,1695.5,1971.5,1320,1633,2071,2310,0.7996221
267,/Volumes/SmithL0/2026/BIOL470/Final/Learning_Rig/bee_0408_1_fwd/cam1_2026-04-08_16-18-02.mp4,1800.0,1923.5,1449,1627,2151,2220,0.7998311
268,/Volumes/SmithL0/2026/BIOL470/Final/Learning_Rig/bee_0408_1_fwd/cam1_2026-04-08_16-18-02.mp4,1787.5,1910.0,1444,1610,2131,2210,0.8068542
269,/Volumes/SmithL0/2026/BIOL470/Final/Learning_Rig/bee_0408_1_fwd/cam1_2026-04-08_16-18-02.mp4,1784.0,1912.0,1423,1612,2145,2212,0.7488237
270,/Volumes/SmithL0/2026/BIOL470/Final/Learning_Rig/bee_0408_1_fwd/cam1_2026-04-08_16-18-02.mp4,1802.5,1931.0,1437,1659,2168,2203,0.8062085
271,/Volumes/SmithL0/2026/BIOL470/Final/Learning_Rig/bee_0408_1_fwd/cam1_2026-04-08_16-18-02.mp4,1733.0,1927.5,1457,1657,2009,2198,0.79762363
272,/Volumes/SmithL0/2026/BIOL470/Final/Learning_Rig/bee_0408_1_fwd/cam1_2026-04-08_16-18-02.mp4,1752.5,1917.0,1472,1664,2033,2170,0.8062349
273,/Volumes/SmithL0/2026/BIOL470/Final/Learning_Rig/bee_0408_1_fwd/cam1_2026-04-08_16-18-02.mp4,1747.5,1916.5,1481,1649,2014,2184,0.82026273
274,/Volumes/SmithL0/2026/BIOL470/Final/Learning_Rig/bee_0408_1_fwd/cam1_2026-04-08_16-18-02.mp4,1755.0,1940.0,1485,1656,2025,2224,0.8128162
275,/Volumes/SmithL0/2026/BIOL470/Final/Learning_Rig/bee_0408_1_fwd/cam1_2026-04-08_16-18-02.mp4,1755.0,1941.5,1480,1652,2030,2231,0.7689166
276,/Volumes/SmithL0/2026/BIOL470/Final/Learning_Rig/bee_0408_1_fwd/cam1_2026-04-08_16-18-02.mp4,1782.0,1969.0,1453,1681,2111,2257,0.7850113
277,/Volumes/SmithL0/2026/BIOL470/Final/Learning_Rig/bee_0408_1_fwd/cam1_2026-04-08_16-18-02.mp4,1767.0,1943.0,1453,1659,2081,2227,0.8273796
278,/Volumes/SmithL0/2026/BIOL470/Final/Learning_Rig/bee_0408_1_fwd/cam1_2026-04-08_16-18-02.mp4,1733.5,1915.0,1469,1582,1998,2248,0.8326956
279,/Volumes/SmithL0/2026/BIOL470/Final/Learning_Rig/bee_0408_1_fwd/cam1_2026-04-08_16-18-02.mp4,1713.0,1905.0,1450,1574,1976,2236,0.8392287
280,/Volumes/SmithL0/2026/BIOL470/Final/Learning_Rig/bee_0408_1_fwd/cam1_2026-04-08_16-18-02.mp4,1709.0,1921.0,1434,1581,1984,2261,0.74343324
281,/Volumes/SmithL0/2026/BIOL470/Final/Learning_Rig/bee_0408_1_fwd/cam1_2026-04-08_16-18-02.mp4,1730.0,1900.5,1473,1574,1987,2227,0.7451537
282,/Volumes/SmithL0/2026/BIOL470/Final/Learning_Rig/bee_0408_1_fwd/cam1_2026-04-08_16-18-02.mp4,1726.5,1900.5,1459,1571,1994,2230,0.7989626
283,/Volumes/SmithL0/2026/BIOL470/Final/Learning_Rig/bee_0408_1_fwd/cam1_2026-04-08_16-18-02.mp4,1722.0,1906.0,1467,1574,1977,2238,0.6430242
284,/Volumes/SmithL0/2026/BIOL470/Final/Learning_Rig/bee_0408_1_fwd/cam1_2026-04-08_16-18-02.mp4,1772.0,1922.5,1502,1595,2042,2250,0.7865611
285,/Volumes/SmithL0/2026/BIOL470/Final/Learning_Rig/bee_0408_1_fwd/cam1_2026-04-08_16-18-02.mp4,1736.0,1925.5,1460,1605,2012,2246,0.605065
286,/Volumes/SmithL0/2026/BIOL470/Final/Learning_Rig/bee_0408_1_fwd/cam1_2026-04-08_16-18-02.mp4,1761.0,1957.5,1507,1620,2015,2295,0.8126952
287,/Volumes/SmithL0/2026/BIOL470/Final/Learning_Rig/bee_0408_1_fwd/cam1_2026-04-08_16-18-02.mp4,1759.5,1957.5,1489,1608,2030,2307,0.75449103
288,/Volumes/SmithL0/2026/BIOL470/Final/Learning_Rig/bee_0408_1_fwd/cam1_2026-04-08_16-18-02.mp4,1726.0,1980.5,1453,1634,1999,2327,0.8014474
289,/Volumes/SmithL0/2026/BIOL470/Final/Learning_Rig/bee_0408_1_fwd/cam1_2026-04-08_16-18-02.mp4,1663.5,1978.0,1350,1646,1977,2310,0.6375167
290,/Volumes/SmithL0/2026/BIOL470/Final/Learning_Rig/bee_0408_1_fwd/cam1_2026-04-08_16-18-02.mp4,1691.5,1969.5,1377,1634,2006,2305,0.80790913
291,/Volumes/SmithL0/2026/BIOL470/Final/Learning_Rig/bee_0408_1_fwd/cam1_2026-04-08_16-18-02.mp4,1663.0,1973.5,1338,1634,1988,2313,0.80316633
292,/Volumes/SmithL0/2026/BIOL470/Final/Learning_Rig/bee_0408_1_fwd/cam1_2026-04-08_16-18-02.mp4,1719.5,1968.0,1410,1629,2029,2307,0.8184185
293,/Volumes/SmithL0/2026/BIOL470/Final/Learning_Rig/bee_0408_1_fwd/cam1_2026-04-08_16-18-02.mp4,1731.0,1952.0,1425,1598,2037,2306,0.8249908
294,/Volumes/SmithL0/2026/BIOL470/Final/Learning_Rig/bee_0408_1_fwd/cam1_2026-04-08_16-18-02.mp4,1728.5,1974.0,1425,1624,2032,2324,0.8249205
295,/Volumes/SmithL0/2026/BIOL470/Final/Learning_Rig/bee_0408_1_fwd/cam1_2026-04-08_16-18-02.mp4,1783.5,1952.0,1535,1600,2032,2304,0.8326496
296,/Volumes/SmithL0/2026/BIOL470/Final/Learning_Rig/bee_0408_1_fwd/cam1_2026-04-08_16-18-02.mp4,1798.0,1926.5,1531,1587,2065,2266,0.8005526
297,/Volumes/SmithL0/2026/BIOL470/Final/Learning_Rig/bee_0408_1_fwd/cam1_2026-04-08_16-18-02.mp4,1786.0,1947.0,1523,1592,2049,2302,0.8452354
298,/Volumes/SmithL0/2026/BIOL470/Final/Learning_Rig/bee_0408_1_fwd/cam1_2026-04-08_16-18-02.mp4,1800.5,1955.5,1552,1595,2049,2316,0.8449832
299,/Volumes/SmithL0/2026/BIOL470/Final/Learning_Rig/bee_0408_1_fwd/cam1_2026-04-08_16-18-02.mp4,1788.5,1968.0,1557,1609,2020,2327,0.84134454
300,/Volumes/SmithL0/2026/BIOL470/Final/Learning_Rig/bee_0408_1_fwd/cam1_2026-04-08_16-18-02.mp4,1788.5,2000.5,1551,1659,2026,2342,0.8052696
301,/Volumes/SmithL0/2026/BIOL470/Final/Learning_Rig/bee_0408_1_fwd/cam1_2026-04-08_16-18-02.mp4,1783.0,2017.0,1543,1672,2023,2362,0.8152761
302,/Volumes/SmithL0/2026/BIOL470/Final/Learning_Rig/bee_0408_1_fwd/cam1_2026-04-08_16-18-02.mp4,1775.0,2018.0,1546,1674,2004,2362,0.81614804
303,/Volumes/SmithL0/2026/BIOL470/Final/Learning_Rig/bee_0408_1_fwd/cam1_2026-04-08_16-18-02.mp4,1724.5,2084.5,1444,1731,2005,2438,0.8123327
304,/Volumes/SmithL0/2026/BIOL470/Final/Learning_Rig/bee_0408_1_fwd/cam1_2026-04-08_16-18-02.mp4,1719.5,2114.5,1424,1777,2015,2452,0.80568945
305,/Volumes/SmithL0/2026/BIOL470/Final/Learning_Rig/bee_0408_1_fwd/cam1_2026-04-08_16-18-02.mp4,1680.0,2136.5,1390,1832,1970,2441,0.7493969
306,/Volumes/SmithL0/2026/BIOL470/Final/Learning_Rig/bee_0408_1_fwd/cam1_2026-04-08_16-18-02.mp4,1702.0,2145.0,1399,1856,2005,2434,0.80574524
307,/Volumes/SmithL0/2026/BIOL470/Final/Learning_Rig/bee_0408_1_fwd/cam1_2026-04-08_16-18-02.mp4,1705.0,2147.0,1392,1862,2018,2432,0.8215537
308,/Volumes/SmithL0/2026/BIOL470/Final/Learning_Rig/bee_0408_1_fwd/cam1_2026-04-08_16-18-02.mp4,1708.0,2161.0,1370,1887,2046,2435,0.808553
309,/Volumes/SmithL0/2026/BIOL470/Final/Learning_Rig/bee_0408_1_fwd/cam1_2026-04-08_16-18-02.mp4,1697.0,2166.5,1405,1868,1989,2465,0.8355799
310,/Volumes/SmithL0/2026/BIOL470/Final/Learning_Rig/bee_0408_1_fwd/cam1_2026-04-08_16-18-02.mp4,1695.5,2166.0,1406,1869,1985,2463,0.82052577
311,/Volumes/SmithL0/2026/BIOL470/Final/Learning_Rig/bee_0408_1_fwd/cam1_2026-04-08_16-18-02.mp4,1691.0,2164.0,1407,1867,1975,2461,0.8018725
312,/Volumes/SmithL0/2026/BIOL470/Final/Learning_Rig/bee_0408_1_fwd/cam1_2026-04-08_16-18-02.mp4,1697.5,2168.5,1393,1886,2002,2451,0.7632857
313,/Volumes/SmithL0/2026/BIOL470/Final/Learning_Rig/bee_0408_1_fwd/cam1_2026-04-08_16-18-02.mp4,1697.5,2159.0,1395,1884,2000,2434,0.75076306
314,/Volumes/SmithL0/2026/BIOL470/Final/Learning_Rig/bee_0408_1_fwd/cam1_2026-04-08_16-18-02.mp4,1681.5,2172.5,1310,1919,2053,2426,0.79191303
315,/Volumes/SmithL0/2026/BIOL470/Final/Learning_Rig/bee_0408_1_fwd/cam1_2026-04-08_16-18-02.mp4,1679.0,2166.0,1298,1920,2060,2412,0.6946346
316,/Volumes/SmithL0/2026/BIOL470/Final/Learning_Rig/bee_0408_1_fwd/cam1_2026-04-08_16-18-02.mp4,1683.5,2152.5,1299,1902,2068,2403,0.58344096
317,/Volumes/SmithL0/2026/BIOL470/Final/Learning_Rig/bee_0408_1_fwd/cam1_2026-04-08_16-18-02.mp4,1691.0,2149.5,1299,1903,2083,2396,0.5461021
318,/Volumes/SmithL0/2026/BIOL470/Final/Learning_Rig/bee_0408_1_fwd/cam1_2026-04-08_16-18-02.mp4,1696.5,2138.0,1306,1877,2087,2399,0.7487441
319,/Volumes/SmithL0/2026/BIOL470/Final/Learning_Rig/bee_0408_1_fwd/cam1_2026-04-08_16-18-02.mp4,1699.5,2173.5,1321,1942,2078,2405,0.75073063
320,/Volumes/SmithL0/2026/BIOL470/Final/Learning_Rig/bee_0408_1_fwd/cam1_2026-04-08_16-18-02.mp4,1702.0,2178.5,1315,1946,2089,2411,0.75933033
321,/Volumes/SmithL0/2026/BIOL470/Final/Learning_Rig/bee_0408_1_fwd/cam1_2026-04-08_16-18-02.mp4,1714.5,2190.0,1329,1952,2100,2428,0.7509761
322,/Volumes/SmithL0/2026/BIOL470/Final/Learning_Rig/bee_0408_1_fwd/cam1_2026-04-08_16-18-02.mp4,1721.5,2189.0,1338,1954,2105,2424,0.7579662
323,/Volumes/SmithL0/2026/BIOL470/Final/Learning_Rig/bee_0408_1_fwd/cam1_2026-04-08_16-18-02.mp4,1723.5,2198.0,1347,1959,2100,2437,0.7605918
324,/Volumes/SmithL0/2026/BIOL470/Final/Learning_Rig/bee_0408_1_fwd/cam1_2026-04-08_16-18-02.mp4,1737.5,2198.0,1361,1965,2114,2431,0.7818073
325,/Volumes/SmithL0/2026/BIOL470/Final/Learning_Rig/bee_0408_1_fwd/cam1_2026-04-08_16-18-02.mp4,1741.0,2197.0,1362,1966,2120,2428,0.7898234
326,/Volumes/SmithL0/2026/BIOL470/Final/Learning_Rig/bee_0408_1_fwd/cam1_2026-04-08_16-18-02.mp4,1768.0,2196.0,1391,1965,2145,2427,0.7822542
327,/Volumes/SmithL0/2026/BIOL470/Final/Learning_Rig/bee_0408_1_fwd/cam1_2026-04-08_16-18-02.mp4,1775.5,2205.5,1405,1976,2146,2435,0.7791827
328,/Volumes/SmithL0/2026/BIOL470/Final/Learning_Rig/bee_0408_1_fwd/cam1_2026-04-08_16-18-02.mp4,1786.0,2207.0,1407,1972,2165,2442,0.7784196
329,/Volumes/SmithL0/2026/BIOL470/Final/Learning_Rig/bee_0408_1_fwd/cam1_2026-04-08_16-18-02.mp4,1798.0,2206.5,1433,1980,2163,2433,0.80431575
330,/Volumes/SmithL0/2026/BIOL470/Final/Learning_Rig/bee_0408_1_fwd/cam1_2026-04-08_16-18-02.mp4,1784.5,2236.5,1418,1978,2151,2495,0.7993686
331,/Volumes/SmithL0/2026/BIOL470/Final/Learning_Rig/bee_0408_1_fwd/cam1_2026-04-08_16-18-02.mp4,1791.5,2213.0,1429,1976,2154,2450,0.7988574
332,/Volumes/SmithL0/2026/BIOL470/Final/Learning_Rig/bee_0408_1_fwd/cam1_2026-04-08_16-18-02.mp4,1797.5,2239.5,1438,1963,2157,2516,0.7764932
333,/Volumes/SmithL0/2026/BIOL470/Final/Learning_Rig/bee_0408_1_fwd/cam1_2026-04-08_16-18-02.mp4,1795.0,2207.0,1425,1969,2165,2445,0.7958146
334,/Volumes/SmithL0/2026/BIOL470/Final/Learning_Rig/bee_0408_1_fwd/cam1_2026-04-08_16-18-02.mp4,1810.5,2246.5,1463,1967,2158,2526,0.79504985
335,/Volumes/SmithL0/2026/BIOL470/Final/Learning_Rig/bee_0408_1_fwd/cam1_2026-04-08_16-18-02.mp4,1803.5,2268.0,1459,1967,2148,2569,0.80410993
336,/Volumes/SmithL0/2026/BIOL470/Final/Learning_Rig/bee_0408_1_fwd/cam1_2026-04-08_16-18-02.mp4,1789.0,2191.0,1439,1959,2139,2423,0.78994817
337,/Volumes/SmithL0/2026/BIOL470/Final/Learning_Rig/bee_0408_1_fwd/cam1_2026-04-08_16-18-02.mp4,1746.5,2182.0,1373,1938,2120,2426,0.74277025
338,/Volumes/SmithL0/2026/BIOL470/Final/Learning_Rig/bee_0408_1_fwd/cam1_2026-04-08_16-18-02.mp4,1745.5,2176.5,1384,1899,2107,2454,0.58577156
339,/Volumes/SmithL0/2026/BIOL470/Final/Learning_Rig/bee_0408_1_fwd/cam1_2026-04-08_16-18-02.mp4,1722.5,2185.5,1368,1925,2077,2446,0.7512201
340,/Volumes/SmithL0/2026/BIOL470/Final/Learning_Rig/bee_0408_1_fwd/cam1_2026-04-08_16-18-02.mp4,1775.5,2148.5,1437,1851,2114,2446,0.7574442
341,/Volumes/SmithL0/2026/BIOL470/Final/Learning_Rig/bee_0408_1_fwd/cam1_2026-04-08_16-18-02.mp4,1781.0,2127.5,1433,1797,2129,2458,0.75219864
342,/Volumes/SmithL0/2026/BIOL470/Final/Learning_Rig/bee_0408_1_fwd/cam1_2026-04-08_16-18-02.mp4,1785.0,2231.5,1439,1965,2131,2498,0.77398366
343,/Volumes/SmithL0/2026/BIOL470/Final/Learning_Rig/bee_0408_1_fwd/cam1_2026-04-08_16-18-02.mp4,1785.0,2236.0,1440,1964,2130,2508,0.6986656
344,/Volumes/SmithL0/2026/BIOL470/Final/Learning_Rig/bee_0408_1_fwd/cam1_2026-04-08_16-18-02.mp4,1797.5,2209.0,1449,1960,2146,2458,0.7888818
345,/Volumes/SmithL0/2026/BIOL470/Final/Learning_Rig/bee_0408_1_fwd/cam1_2026-04-08_16-18-02.mp4,1803.0,2210.5,1447,1960,2159,2461,0.7485853
346,/Volumes/SmithL0/2026/BIOL470/Final/Learning_Rig/bee_0408_1_fwd/cam1_2026-04-08_16-18-02.mp4,1755.0,2187.0,1378,1874,2132,2500,0.5299523
347,/Volumes/SmithL0/2026/BIOL470/Final/Learning_Rig/bee_0408_1_fwd/cam1_2026-04-08_16-18-02.mp4,1716.0,2166.5,1326,1835,2106,2498,0.6646445
348,/Volumes/SmithL0/2026/BIOL470/Final/Learning_Rig/bee_0408_1_fwd/cam1_2026-04-08_16-18-02.mp4,1700.0,2085.5,1325,1841,2075,2330,0.77584976
349,/Volumes/SmithL0/2026/BIOL470/Final/Learning_Rig/bee_0408_1_fwd/cam1_2026-04-08_16-18-02.mp4,1678.0,2114.0,1292,1847,2064,2381,0.77648383
350,/Volumes/SmithL0/2026/BIOL470/Final/Learning_Rig/bee_0408_1_fwd/cam1_2026-04-08_16-18-02.mp4,1625.5,2064.0,1251,1809,2000,2319,0.7698169
351,/Volumes/SmithL0/2026/BIOL470/Final/Learning_Rig/bee_0408_1_fwd/cam1_2026-04-08_16-18-02.mp4,1573.5,2012.5,1191,1766,1956,2259,0.7548244
352,/Volumes/SmithL0/2026/BIOL470/Final/Learning_Rig/bee_0408_1_fwd/cam1_2026-04-08_16-18-02.mp4,1525.5,1964.5,1150,1684,1901,2245,0.7734516
353,/Volumes/SmithL0/2026/BIOL470/Final/Learning_Rig/bee_0408_1_fwd/cam1_2026-04-08_16-18-02.mp4,1517.0,1969.0,1147,1686,1887,2252,0.8156765
354,/Volumes/SmithL0/2026/BIOL470/Final/Learning_Rig/bee_0408_1_fwd/cam1_2026-04-08_16-18-02.mp4,1507.5,1971.5,1134,1693,1881,2250,0.80564225
355,/Volumes/SmithL0/2026/BIOL470/Final/Learning_Rig/bee_0408_1_fwd/cam1_2026-04-08_16-18-02.mp4,1512.0,1948.0,1144,1672,1880,2224,0.79286397
356,/Volumes/SmithL0/2026/BIOL470/Final/Learning_Rig/bee_0408_1_fwd/cam1_2026-04-08_16-18-02.mp4,1509.5,1955.0,1147,1673,1872,2237,0.7915811
357,/Volumes/SmithL0/2026/BIOL470/Final/Learning_Rig/bee_0408_1_fwd/cam1_2026-04-08_16-18-02.mp4,1504.0,1938.5,1143,1659,1865,2218,0.78572196
358,/Volumes/SmithL0/2026/BIOL470/Final/Learning_Rig/bee_0408_1_fwd/cam1_2026-04-08_16-18-02.mp4,1515.0,1922.5,1167,1626,1863,2219,0.8178057
359,/Volumes/SmithL0/2026/BIOL470/Final/Learning_Rig/bee_0408_1_fwd/cam1_2026-04-08_16-18-02.mp4,1510.5,1941.0,1163,1645,1858,2237,0.8112978
360,/Volumes/SmithL0/2026/BIOL470/Final/Learning_Rig/bee_0408_1_fwd/cam1_2026-04-08_16-18-02.mp4,1494.5,1953.5,1158,1655,1831,2252,0.7880369
361,/Volumes/SmithL0/2026/BIOL470/Final/Learning_Rig/bee_0408_1_fwd/cam1_2026-04-08_16-18-02.mp4,1482.5,1978.5,1149,1655,1816,2302,0.7611494
362,/Volumes/SmithL0/2026/BIOL470/Final/Learning_Rig/bee_0408_1_fwd/cam1_2026-04-08_16-18-02.mp4,1473.5,1979.0,1127,1655,1820,2303,0.7549563
363,/Volumes/SmithL0/2026/BIOL470/Final/Learning_Rig/bee_0408_1_fwd/cam1_2026-04-08_16-18-02.mp4,1461.5,1975.5,1115,1654,1808,2297,0.7722934
364,/Volumes/SmithL0/2026/BIOL470/Final/Learning_Rig/bee_0408_1_fwd/cam1_2026-04-08_16-18-02.mp4,1458.5,1975.5,1110,1652,1807,2299,0.7640286
365,/Volumes/SmithL0/2026/BIOL470/Final/Learning_Rig/bee_0408_1_fwd/cam1_2026-04-08_16-18-02.mp4,1458.5,1975.0,1110,1651,1807,2299,0.7455988
366,/Volumes/SmithL0/2026/BIOL470/Final/Learning_Rig/bee_0408_1_fwd/cam1_2026-04-08_16-18-02.mp4,1452.0,1966.0,1113,1637,1791,2295,0.7645412
367,/Volumes/SmithL0/2026/BIOL470/Final/Learning_Rig/bee_0408_1_fwd/cam1_2026-04-08_16-18-02.mp4,1454.0,1959.5,1102,1609,1806,2310,0.78763646
368,/Volumes/SmithL0/2026/BIOL470/Final/Learning_Rig/bee_0408_1_fwd/cam1_2026-04-08_16-18-02.mp4,1453.5,1954.0,1110,1598,1797,2310,0.80983555
369,/Volumes/SmithL0/2026/BIOL470/Final/Learning_Rig/bee_0408_1_fwd/cam1_2026-04-08_16-18-02.mp4,1424.5,1940.0,1106,1583,1743,2297,0.7627361
370,/Volumes/SmithL0/2026/BIOL470/Final/Learning_Rig/bee_0408_1_fwd/cam1_2026-04-08_16-18-02.mp4,1386.5,1933.0,1095,1573,1678,2293,0.7793758
371,/Volumes/SmithL0/2026/BIOL470/Final/Learning_Rig/bee_0408_1_fwd/cam1_2026-04-08_16-18-02.mp4,1366.5,1906.5,1096,1566,1637,2247,0.7266065
372,/Volumes/SmithL0/2026/BIOL470/Final/Learning_Rig/bee_0408_1_fwd/cam1_2026-04-08_16-18-02.mp4,1385.5,1896.5,1085,1547,1686,2246,0.7748413
373,/Volumes/SmithL0/2026/BIOL470/Final/Learning_Rig/bee_0408_1_fwd/cam1_2026-04-08_16-18-02.mp4,1392.5,1893.5,1071,1532,1714,2255,0.76779675
374,/Volumes/SmithL0/2026/BIOL470/Final/Learning_Rig/bee_0408_1_fwd/cam1_2026-04-08_16-18-02.mp4,1338.5,1876.0,1073,1511,1604,2241,0.8095634
375,/Volumes/SmithL0/2026/BIOL470/Final/Learning_Rig/bee_0408_1_fwd/cam1_2026-04-08_16-18-02.mp4,1340.5,1872.0,1059,1501,1622,2243,0.814636
376,/Volumes/SmithL0/2026/BIOL470/Final/Learning_Rig/bee_0408_1_fwd/cam1_2026-04-08_16-18-02.mp4,1329.0,1859.0,1050,1488,1608,2230,0.8130649
377,/Volumes/SmithL0/2026/BIOL470/Final/Learning_Rig/bee_0408_1_fwd/cam1_2026-04-08_16-18-02.mp4,1331.0,1855.5,1050,1486,1612,2225,0.80858594
378,/Volumes/SmithL0/2026/BIOL470/Final/Learning_Rig/bee_0408_1_fwd/cam1_2026-04-08_16-18-02.mp4,1411.0,1847.5,1041,1554,1781,2141,0.7896771
379,/Volumes/SmithL0/2026/BIOL470/Final/Learning_Rig/bee_0408_1_fwd/cam1_2026-04-08_16-18-02.mp4,1419.5,1849.5,1041,1552,1798,2147,0.7922601
380,/Volumes/SmithL0/2026/BIOL470/Final/Learning_Rig/bee_0408_1_fwd/cam1_2026-04-08_16-18-02.mp4,1407.5,1889.0,1013,1556,1802,2222,0.7831052
381,/Volumes/SmithL0/2026/BIOL470/Final/Learning_Rig/bee_0408_1_fwd/cam1_2026-04-08_16-18-02.mp4,1392.5,1855.0,1003,1540,1782,2170,0.8135425
382,/Volumes/SmithL0/2026/BIOL470/Final/Learning_Rig/bee_0408_1_fwd/cam1_2026-04-08_16-18-02.mp4,1362.0,1872.0,978,1552,1746,2192,0.788399
383,/Volumes/SmithL0/2026/BIOL470/Final/Learning_Rig/bee_0408_1_fwd/cam1_2026-04-08_16-18-02.mp4,1342.5,1860.0,970,1532,1715,2188,0.7064396
384,/Volumes/SmithL0/2026/BIOL470/Final/Learning_Rig/bee_0408_1_fwd/cam1_2026-04-08_16-18-02.mp4,1238.0,1772.5,906,1456,1570,2089,0.77119845
385,/Volumes/SmithL0/2026/BIOL470/Final/Learning_Rig/bee_0408_1_fwd/cam1_2026-04-08_16-18-02.mp4,1240.0,1783.0,933,1451,1547,2115,0.81807107
386,/Volumes/SmithL0/2026/BIOL470/Final/Learning_Rig/bee_0408_1_fwd/cam1_2026-04-08_16-18-02.mp4,1243.5,1811.0,930,1454,1557,2168,0.7746213
387,/Volumes/SmithL0/2026/BIOL470/Final/Learning_Rig/bee_0408_1_fwd/cam1_2026-04-08_16-18-02.mp4,1250.0,1818.0,922,1453,1578,2183,0.77202195
388,/Volumes/SmithL0/2026/BIOL470/Final/Learning_Rig/bee_0408_1_fwd/cam1_2026-04-08_16-18-02.mp4,1258.0,1831.5,935,1451,1581,2212,0.788512
389,/Volumes/SmithL0/2026/BIOL470/Final/Learning_Rig/bee_0408_1_fwd/cam1_2026-04-08_16-18-02.mp4,1282.5,1833.5,970,1460,1595,2207,0.8051503
390,/Volumes/SmithL0/2026/BIOL470/Final/Learning_Rig/bee_0408_1_fwd/cam1_2026-04-08_16-18-02.mp4,1221.5,1897.0,946,1559,1497,2235,0.82660735
391,/Volumes/SmithL0/2026/BIOL470/Final/Learning_Rig/bee_0408_1_fwd/cam1_2026-04-08_16-18-02.mp4,1231.0,1912.0,951,1585,1511,2239,0.8216746
392,/Volumes/SmithL0/2026/BIOL470/Final/Learning_Rig/bee_0408_1_fwd/cam1_2026-04-08_16-18-02.mp4,1239.5,1959.0,951,1613,1528,2305,0.841909
393,/Volumes/SmithL0/2026/BIOL470/Final/Learning_Rig/bee_0408_1_fwd/cam1_2026-04-08_16-18-02.mp4,1228.0,1997.5,947,1663,1509,2332,0.81634516
394,/Volumes/SmithL0/2026/BIOL470/Final/Learning_Rig/bee_0408_1_fwd/cam1_2026-04-08_16-18-02.mp4,1225.0,2005.0,934,1675,1516,2335,0.8086947
395,/Volumes/SmithL0/2026/BIOL470/Final/Learning_Rig/bee_0408_1_fwd/cam1_2026-04-08_16-18-02.mp4,1211.5,2046.5,899,1743,1524,2350,0.8232571
396,/Volumes/SmithL0/2026/BIOL470/Final/Learning_Rig/bee_0408_1_fwd/cam1_2026-04-08_16-18-02.mp4,1238.0,2048.5,894,1769,1582,2328,0.83945143
397,/Volumes/SmithL0/2026/BIOL470/Final/Learning_Rig/bee_0408_1_fwd/cam1_2026-04-08_16-18-02.mp4,1224.5,2066.5,879,1781,1570,2352,0.8505546
398,/Volumes/SmithL0/2026/BIOL470/Final/Learning_Rig/bee_0408_1_fwd/cam1_2026-04-08_16-18-02.mp4,1235.0,2128.5,868,1854,1602,2403,0.8118076
399,/Volumes/SmithL0/2026/BIOL470/Final/Learning_Rig/bee_0408_1_fwd/cam1_2026-04-08_16-18-02.mp4,1234.5,2135.0,871,1853,1598,2417,0.81490934
400,/Volumes/SmithL0/2026/BIOL470/Final/Learning_Rig/bee_0408_1_fwd/cam1_2026-04-08_16-18-02.mp4,1244.5,2120.5,888,1858,1601,2383,0.80828756
401,/Volumes/SmithL0/2026/BIOL470/Final/Learning_Rig/bee_0408_1_fwd/cam1_2026-04-08_16-18-02.mp4,1266.0,2120.5,915,1869,1617,2372,0.7782499
402,/Volumes/SmithL0/2026/BIOL470/Final/Learning_Rig/bee_0408_1_fwd/cam1_2026-04-08_16-18-02.mp4,1320.5,2149.5,965,1903,1676,2396,0.8079431
403,/Volumes/SmithL0/2026/BIOL470/Final/Learning_Rig/bee_0408_1_fwd/cam1_2026-04-08_16-18-02.mp4,1374.5,2185.5,1004,1946,1745,2425,0.8239166
404,/Volumes/SmithL0/2026/BIOL470/Final/Learning_Rig/bee_0408_1_fwd/cam1_2026-04-08_16-18-02.mp4,1490.0,2202.5,1121,1955,1859,2450,0.82065684
405,/Volumes/SmithL0/2026/BIOL470/Final/Learning_Rig/bee_0408_1_fwd/cam1_2026-04-08_16-18-02.mp4,1567.0,2236.0,1195,1971,1939,2501,0.7961875
406,/Volumes/SmithL0/2026/BIOL470/Final/Learning_Rig/bee_0408_1_fwd/cam1_2026-04-08_16-18-02.mp4,1599.0,2239.5,1223,1967,1975,2512,0.7882707
407,/Volumes/SmithL0/2026/BIOL470/Final/Learning_Rig/bee_0408_1_fwd/cam1_2026-04-08_16-18-02.mp4,1611.0,2248.5,1244,1962,1978,2535,0.7927783
408,/Volumes/SmithL0/2026/BIOL470/Final/Learning_Rig/bee_0408_1_fwd/cam1_2026-04-08_16-18-02.mp4,1622.5,2249.5,1256,1973,1989,2526,0.8108156
409,/Volumes/SmithL0/2026/BIOL470/Final/Learning_Rig/bee_0408_1_fwd/cam1_2026-04-08_16-18-02.mp4,1627.5,2245.5,1260,1966,1995,2525,0.80371755
410,/Volumes/SmithL0/2026/BIOL470/Final/Learning_Rig/bee_0408_1_fwd/cam1_2026-04-08_16-18-02.mp4,1622.0,2249.5,1252,1987,1992,2512,0.8007044
411,/Volumes/SmithL0/2026/BIOL470/Final/Learning_Rig/bee_0408_1_fwd/cam1_2026-04-08_16-18-02.mp4,1618.5,2279.0,1235,2045,2002,2513,0.8041957
412,/Volumes/SmithL0/2026/BIOL470/Final/Learning_Rig/bee_0408_1_fwd/cam1_2026-04-08_16-18-02.mp4,1635.5,2319.0,1259,2080,2012,2558,0.79458636
413,/Volumes/SmithL0/2026/BIOL470/Final/Learning_Rig/bee_0408_1_fwd/cam1_2026-04-08_16-18-02.mp4,1650.5,2332.5,1270,2068,2031,2597,0.80277973
414,/Volumes/SmithL0/2026/BIOL470/Final/Learning_Rig/bee_0408_1_fwd/cam1_2026-04-08_16-18-02.mp4,1659.5,2334.0,1299,2080,2020,2588,0.8008623
415,/Volumes/SmithL0/2026/BIOL470/Final/Learning_Rig/bee_0408_1_fwd/cam1_2026-04-08_16-18-02.mp4,1668.0,2337.5,1300,2086,2036,2589,0.7829863
416,/Volumes/SmithL0/2026/BIOL470/Final/Learning_Rig/bee_0408_1_fwd/cam1_2026-04-08_16-18-02.mp4,1691.5,2337.0,1321,2083,2062,2591,0.7604646
417,/Volumes/SmithL0/2026/BIOL470/Final/Learning_Rig/bee_0408_1_fwd/cam1_2026-04-08_16-18-02.mp4,1690.0,2339.0,1320,2084,2060,2594,0.7923185
418,/Volumes/SmithL0/2026/BIOL470/Final/Learning_Rig/bee_0408_1_fwd/cam1_2026-04-08_16-18-02.mp4,1700.5,2351.0,1329,2101,2072,2601,0.7616926
419,/Volumes/SmithL0/2026/BIOL470/Final/Learning_Rig/bee_0408_1_fwd/cam1_2026-04-08_16-18-02.mp4,1686.0,2350.0,1314,2120,2058,2580,0.7665216
420,/Volumes/SmithL0/2026/BIOL470/Final/Learning_Rig/bee_0408_1_fwd/cam1_2026-04-08_16-18-02.mp4,1691.0,2314.5,1304,2061,2078,2568,0.8143157
421,/Volumes/SmithL0/2026/BIOL470/Final/Learning_Rig/bee_0408_1_fwd/cam1_2026-04-08_16-18-02.mp4,1696.0,2265.0,1303,1980,2089,2550,0.7951408
422,/Volumes/SmithL0/2026/BIOL470/Final/Learning_Rig/bee_0408_1_fwd/cam1_2026-04-08_16-18-02.mp4,1702.5,2246.5,1318,1947,2087,2546,0.7686667
423,/Volumes/SmithL0/2026/BIOL470/Final/Learning_Rig/bee_0408_1_fwd/cam1_2026-04-08_16-18-02.mp4,1611.5,2287.0,1337,2033,1886,2541,0.6292851
424,/Volumes/SmithL0/2026/BIOL470/Final/Learning_Rig/bee_0408_1_fwd/cam1_2026-04-08_16-18-02.mp4,1706.5,2250.0,1313,1955,2100,2545,0.7862547
425,/Volumes/SmithL0/2026/BIOL470/Final/Learning_Rig/bee_0408_1_fwd/cam1_2026-04-08_16-18-02.mp4,1705.0,2232.5,1326,1953,2084,2512,0.7923921
426,/Volumes/SmithL0/2026/BIOL470/Final/Learning_Rig/bee_0408_1_fwd/cam1_2026-04-08_16-18-02.mp4,1752.0,2260.5,1402,1961,2102,2560,0.8249827
427,/Volumes/SmithL0/2026/BIOL470/Final/Learning_Rig/bee_0408_1_fwd/cam1_2026-04-08_16-18-02.mp4,1769.0,2292.5,1422,1997,2116,2588,0.7864087
428,/Volumes/SmithL0/2026/BIOL470/Final/Learning_Rig/bee_0408_1_fwd/cam1_2026-04-08_16-18-02.mp4,1778.5,2289.5,1458,1977,2099,2602,0.7968215
429,/Volumes/SmithL0/2026/BIOL470/Final/Learning_Rig/bee_0408_1_fwd/cam1_2026-04-08_16-18-02.mp4,1759.0,2284.0,1463,1961,2055,2607,0.8069311
430,/Volumes/SmithL0/2026/BIOL470/Final/Learning_Rig/bee_0408_1_fwd/cam1_2026-04-08_16-18-02.mp4,1782.0,2271.0,1514,1927,2050,2615,0.7855976
431,/Volumes/SmithL0/2026/BIOL470/Final/Learning_Rig/bee_0408_1_fwd/cam1_2026-04-08_16-18-02.mp4,1762.5,2258.0,1475,1909,2050,2607,0.82702893
432,/Volumes/SmithL0/2026/BIOL470/Final/Learning_Rig/bee_0408_1_fwd/cam1_2026-04-08_16-18-02.mp4,1773.0,2236.0,1488,1877,2058,2595,0.83671945
433,/Volumes/SmithL0/2026/BIOL470/Final/Learning_Rig/bee_0408_1_fwd/cam1_2026-04-08_16-18-02.mp4,1770.0,2213.0,1488,1874,2052,2552,0.8137984
434,/Volumes/SmithL0/2026/BIOL470/Final/Learning_Rig/bee_0408_1_fwd/cam1_2026-04-08_16-18-02.mp4,1796.0,2194.5,1513,1858,2079,2531,0.8161131
435,/Volumes/SmithL0/2026/BIOL470/Final/Learning_Rig/bee_0408_1_fwd/cam1_2026-04-08_16-18-02.mp4,1814.5,2166.5,1530,1813,2099,2520,0.848124
436,/Volumes/SmithL0/2026/BIOL470/Final/Learning_Rig/bee_0408_1_fwd/cam1_2026-04-08_16-18-02.mp4,1824.0,2118.0,1527,1776,2121,2460,0.82181877
437,/Volumes/SmithL0/2026/BIOL470/Final/Learning_Rig/bee_0408_1_fwd/cam1_2026-04-08_16-18-02.mp4,1835.5,2097.5,1549,1756,2122,2439,0.81661546
438,/Volumes/SmithL0/2026/BIOL470/Final/Learning_Rig/bee_0408_1_fwd/cam1_2026-04-08_16-18-02.mp4,1843.5,2026.5,1576,1666,2111,2387,0.8166184
439,/Volumes/SmithL0/2026/BIOL470/Final/Learning_Rig/bee_0408_1_fwd/cam1_2026-04-08_16-18-02.mp4,1856.0,1974.5,1577,1612,2135,2337,0.7802575
440,/Volumes/SmithL0/2026/BIOL470/Final/Learning_Rig/bee_0408_1_fwd/cam1_2026-04-08_16-18-02.mp4,1826.5,1934.5,1580,1577,2073,2292,0.8087877
441,/Volumes/SmithL0/2026/BIOL470/Final/Learning_Rig/bee_0408_1_fwd/cam1_2026-04-08_16-18-02.mp4,1852.5,1916.5,1589,1559,2116,2274,0.8115456
442,/Volumes/SmithL0/2026/BIOL470/Final/Learning_Rig/bee_0408_1_fwd/cam1_2026-04-08_16-18-02.mp4,1842.0,1921.5,1593,1560,2091,2283,0.7958828
443,/Volumes/SmithL0/2026/BIOL470/Final/Learning_Rig/bee_0408_1_fwd/cam1_2026-04-08_16-18-02.mp4,1863.5,1928.5,1592,1556,2135,2301,0.8152083
444,/Volumes/SmithL0/2026/BIOL470/Final/Learning_Rig/bee_0408_1_fwd/cam1_2026-04-08_16-18-02.mp4,1859.0,1923.0,1580,1595,2138,2251,0.73279965
445,/Volumes/SmithL0/2026/BIOL470/Final/Learning_Rig/bee_0408_1_fwd/cam1_2026-04-08_16-18-02.mp4,1864.0,1915.0,1574,1578,2154,2252,0.84388286
446,/Volumes/SmithL0/2026/BIOL470/Final/Learning_Rig/bee_0408_1_fwd/cam1_2026-04-08_16-18-02.mp4,1857.5,1926.0,1568,1601,2147,2251,0.8366491
447,/Volumes/SmithL0/2026/BIOL470/Final/Learning_Rig/bee_0408_1_fwd/cam1_2026-04-08_16-18-02.mp4,1840.5,1914.0,1560,1593,2121,2235,0.83368003
448,/Volumes/SmithL0/2026/BIOL470/Final/Learning_Rig/bee_0408_1_fwd/cam1_2026-04-08_16-18-02.mp4,1827.0,1906.5,1545,1584,2109,2229,0.8286157
449,/Volumes/SmithL0/2026/BIOL470/Final/Learning_Rig/bee_0408_1_fwd/cam1_2026-04-08_16-18-02.mp4,1812.0,1883.0,1532,1562,2092,2204,0.8175973
450,/Volumes/SmithL0/2026/BIOL470/Final/Learning_Rig/bee_0408_1_fwd/cam1_2026-04-08_16-18-02.mp4,1793.0,1850.5,1503,1532,2083,2169,0.8308293
451,/Volumes/SmithL0/2026/BIOL470/Final/Learning_Rig/bee_0408_1_fwd/cam1_2026-04-08_16-18-02.mp4,1789.5,1796.0,1504,1457,2075,2135,0.8020733
452,/Volumes/SmithL0/2026/BIOL470/Final/Learning_Rig/bee_0408_1_fwd/cam1_2026-04-08_16-18-02.mp4,1725.0,1876.0,1446,1498,2004,2254,0.79256016
453,/Volumes/SmithL0/2026/BIOL470/Final/Learning_Rig/bee_0408_1_fwd/cam1_2026-04-08_16-18-02.mp4,1647.0,1917.5,1311,1554,1983,2281,0.80418146
454,/Volumes/SmithL0/2026/BIOL470/Final/Learning_Rig/bee_0408_1_fwd/cam1_2026-04-08_16-18-02.mp4,1614.0,1966.0,1254,1591,1974,2341,0.85045266
455,/Volumes/SmithL0/2026/BIOL470/Final/Learning_Rig/bee_0408_1_fwd/cam1_2026-04-08_16-18-02.mp4,1609.5,1960.5,1256,1568,1963,2353,0.8412486
456,/Volumes/SmithL0/2026/BIOL470/Final/Learning_Rig/bee_0408_1_fwd/cam1_2026-04-08_16-18-02.mp4,1629.0,1990.0,1266,1644,1992,2336,0.80230314
457,/Volumes/SmithL0/2026/BIOL470/Final/Learning_Rig/bee_0408_1_fwd/cam1_2026-04-08_16-18-02.mp4,1682.5,2073.0,1304,1745,2061,2401,0.8201794
458,/Volumes/SmithL0/2026/BIOL470/Final/Learning_Rig/bee_0408_1_fwd/cam1_2026-04-08_16-18-02.mp4,1722.0,2143.0,1354,1798,2090,2488,0.8295727
459,/Volumes/SmithL0/2026/BIOL470/Final/Learning_Rig/bee_0408_1_fwd/cam1_2026-04-08_16-18-02.mp4,1777.5,2167.0,1457,1853,2098,2481,0.7745472
460,/Volumes/SmithL0/2026/BIOL470/Final/Learning_Rig/bee_0408_1_fwd/cam1_2026-04-08_16-18-02.mp4,1775.0,2164.0,1442,1860,2108,2468,0.7461306
461,/Volumes/SmithL0/2026/BIOL470/Final/Learning_Rig/bee_0408_1_fwd/cam1_2026-04-08_16-18-02.mp4,1766.0,2184.0,1467,1867,2065,2501,0.7811486
462,/Volumes/SmithL0/2026/BIOL470/Final/Learning_Rig/bee_0408_1_fwd/cam1_2026-04-08_16-18-02.mp4,1771.5,2207.0,1491,1874,2052,2540,0.79030806
463,/Volumes/SmithL0/2026/BIOL470/Final/Learning_Rig/bee_0408_1_fwd/cam1_2026-04-08_16-18-02.mp4,1750.5,2223.5,1423,1874,2078,2573,0.7918348
464,/Volumes/SmithL0/2026/BIOL470/Final/Learning_Rig/bee_0408_1_fwd/cam1_2026-04-08_16-18-02.mp4,1769.5,2263.5,1464,1945,2075,2582,0.78383553
465,/Volumes/SmithL0/2026/BIOL470/Final/Learning_Rig/bee_0408_1_fwd/cam1_2026-04-08_16-18-02.mp4,1794.5,2261.0,1529,1958,2060,2564,0.8170168
466,/Volumes/SmithL0/2026/BIOL470/Final/Learning_Rig/bee_0408_1_fwd/cam1_2026-04-08_16-18-02.mp4,1814.0,2259.0,1546,1951,2082,2567,0.8235445
467,/Volumes/SmithL0/2026/BIOL470/Final/Learning_Rig/bee_0408_1_fwd/cam1_2026-04-08_16-18-02.mp4,1779.5,2260.5,1548,1927,2011,2594,0.8282818
468,/Volumes/SmithL0/2026/BIOL470/Final/Learning_Rig/bee_0408_1_fwd/cam1_2026-04-08_16-18-02.mp4,1780.5,2248.0,1517,1903,2044,2593,0.8297777
469,/Volumes/SmithL0/2026/BIOL470/Final/Learning_Rig/bee_0408_1_fwd/cam1_2026-04-08_16-18-02.mp4,1761.5,2253.5,1482,1914,2041,2593,0.8099628
470,/Volumes/SmithL0/2026/BIOL470/Final/Learning_Rig/bee_0408_1_fwd/cam1_2026-04-08_16-18-02.mp4,1762.5,2279.5,1464,1965,2061,2594,0.79447967
471,/Volumes/SmithL0/2026/BIOL470/Final/Learning_Rig/bee_0408_1_fwd/cam1_2026-04-08_16-18-02.mp4,1752.5,2284.0,1451,1959,2054,2609,0.7938772
472,/Volumes/SmithL0/2026/BIOL470/Final/Learning_Rig/bee_0408_1_fwd/cam1_2026-04-08_16-18-02.mp4,1737.0,2278.5,1458,1971,2016,2586,0.8171036
473,/Volumes/SmithL0/2026/BIOL470/Final/Learning_Rig/bee_0408_1_fwd/cam1_2026-04-08_16-18-02.mp4,1726.5,2265.5,1454,1924,1999,2607,0.8291182
474,/Volumes/SmithL0/2026/BIOL470/Final/Learning_Rig/bee_0408_1_fwd/cam1_2026-04-08_16-18-02.mp4,1724.0,2258.0,1453,1913,1995,2603,0.8221267
475,/Volumes/SmithL0/2026/BIOL470/Final/Learning_Rig/bee_0408_1_fwd/cam1_2026-04-08_16-18-02.mp4,1711.5,2247.5,1461,1908,1962,2587,0.81648695
476,/Volumes/SmithL0/2026/BIOL470/Final/Learning_Rig/bee_0408_1_fwd/cam1_2026-04-08_16-18-02.mp4,1718.0,2203.5,1453,1873,1983,2534,0.797898
477,/Volumes/SmithL0/2026/BIOL470/Final/Learning_Rig/bee_0408_1_fwd/cam1_2026-04-08_16-18-02.mp4,1740.5,2165.5,1460,1830,2021,2501,0.80679244
478,/Volumes/SmithL0/2026/BIOL470/Final/Learning_Rig/bee_0408_1_fwd/cam1_2026-04-08_16-18-02.mp4,1744.0,2078.5,1466,1726,2022,2431,0.8305007
479,/Volumes/SmithL0/2026/BIOL470/Final/Learning_Rig/bee_0408_1_fwd/cam1_2026-04-08_16-18-02.mp4,1781.0,2052.5,1508,1699,2054,2406,0.83131415
480,/Volumes/SmithL0/2026/BIOL470/Final/Learning_Rig/bee_0408_1_fwd/cam1_2026-04-08_16-18-02.mp4,1768.5,2027.0,1455,1675,2082,2379,0.82054454
481,/Volumes/SmithL0/2026/BIOL470/Final/Learning_Rig/bee_0408_1_fwd/cam1_2026-04-08_16-18-02.mp4,1779.5,2001.0,1483,1658,2076,2344,0.7911178
482,/Volumes/SmithL0/2026/BIOL470/Final/Learning_Rig/bee_0408_1_fwd/cam1_2026-04-08_16-18-02.mp4,1792.0,1983.5,1496,1632,2088,2335,0.7791688
483,/Volumes/SmithL0/2026/BIOL470/Final/Learning_Rig/bee_0408_1_fwd/cam1_2026-04-08_16-18-02.mp4,1812.5,1952.0,1535,1603,2090,2301,0.7985202
484,/Volumes/SmithL0/2026/BIOL470/Final/Learning_Rig/bee_0408_1_fwd/cam1_2026-04-08_16-18-02.mp4,1821.0,1982.5,1536,1634,2106,2331,0.8174633
485,/Volumes/SmithL0/2026/BIOL470/Final/Learning_Rig/bee_0408_1_fwd/cam1_2026-04-08_16-18-02.mp4,1817.5,1964.5,1523,1633,2112,2296,0.84050643
486,/Volumes/SmithL0/2026/BIOL470/Final/Learning_Rig/bee_0408_1_fwd/cam1_2026-04-08_16-18-02.mp4,1791.0,1927.5,1477,1617,2105,2238,0.84250736
487,/Volumes/SmithL0/2026/BIOL470/Final/Learning_Rig/bee_0408_1_fwd/cam1_2026-04-08_16-18-02.mp4,1762.0,1948.5,1425,1655,2099,2242,0.80234325
488,/Volumes/SmithL0/2026/BIOL470/Final/Learning_Rig/bee_0408_1_fwd/cam1_2026-04-08_16-18-02.mp4,1737.5,1934.5,1382,1643,2093,2226,0.7753487
489,/Volumes/SmithL0/2026/BIOL470/Final/Learning_Rig/bee_0408_1_fwd/cam1_2026-04-08_16-18-02.mp4,1711.5,1887.0,1351,1587,2072,2187,0.7662762
490,/Volumes/SmithL0/2026/BIOL470/Final/Learning_Rig/bee_0408_1_fwd/cam1_2026-04-08_16-18-02.mp4,1681.5,1859.0,1291,1594,2072,2124,0.76741856
491,/Volumes/SmithL0/2026/BIOL470/Final/Learning_Rig/bee_0408_1_fwd/cam1_2026-04-08_16-18-02.mp4,1632.5,1849.0,1249,1576,2016,2122,0.66811997
492,/Volumes/SmithL0/2026/BIOL470/Final/Learning_Rig/bee_0408_1_fwd/cam1_2026-04-08_16-18-02.mp4,1575.0,1849.0,1196,1571,1954,2127,0.76692563
493,/Volumes/SmithL0/2026/BIOL470/Final/Learning_Rig/bee_0408_1_fwd/cam1_2026-04-08_16-18-02.mp4,1495.0,1823.5,1117,1517,1873,2130,0.785675
494,/Volumes/SmithL0/2026/BIOL470/Final/Learning_Rig/bee_0408_1_fwd/cam1_2026-04-08_16-18-02.mp4,1491.5,1845.5,1108,1556,1875,2135,0.7508105
495,/Volumes/SmithL0/2026/BIOL470/Final/Learning_Rig/bee_0408_1_fwd/cam1_2026-04-08_16-18-02.mp4,1410.0,1809.5,1034,1522,1786,2097,0.7264954
496,/Volumes/SmithL0/2026/BIOL470/Final/Learning_Rig/bee_0408_1_fwd/cam1_2026-04-08_16-18-02.mp4,1396.0,1805.5,1028,1545,1764,2066,0.7062012
497,/Volumes/SmithL0/2026/BIOL470/Final/Learning_Rig/bee_0408_1_fwd/cam1_2026-04-08_16-18-02.mp4,1401.5,1822.5,1049,1559,1754,2086,0.76710445
498,/Volumes/SmithL0/2026/BIOL470/Final/Learning_Rig/bee_0408_1_fwd/cam1_2026-04-08_16-18-02.mp4,1401.0,1938.5,1047,1557,1755,2320,0.75541735
499,/Volumes/SmithL0/2026/BIOL470/Final/Learning_Rig/bee_0408_1_fwd/cam1_2026-04-08_16-18-02.mp4,1419.5,1828.0,1083,1547,1756,2109,0.81685567
500,/Volumes/SmithL0/2026/BIOL470/Final/Learning_Rig/bee_0408_1_fwd/cam1_2026-04-08_16-18-02.mp4,1416.5,1829.5,1090,1530,1743,2129,0.8233668
501,/Volumes/SmithL0/2026/BIOL470/Final/Learning_Rig/bee_0408_1_fwd/cam1_2026-04-08_16-18-02.mp4,1420.5,1850.5,1096,1529,1745,2172,0.85297793
502,/Volumes/SmithL0/2026/BIOL470/Final/Learning_Rig/bee_0408_1_fwd/cam1_2026-04-08_16-18-02.mp4,1442.0,1839.5,1130,1488,1754,2191,0.84752053
503,/Volumes/SmithL0/2026/BIOL470/Final/Learning_Rig/bee_0408_1_fwd/cam1_2026-04-08_16-18-02.mp4,1463.5,1821.5,1170,1462,1757,2181,0.8338546
504,/Volumes/SmithL0/2026/BIOL470/Final/Learning_Rig/bee_0408_1_fwd/cam1_2026-04-08_16-18-02.mp4,1494.5,1796.5,1225,1410,1764,2183,0.82749856
505,/Volumes/SmithL0/2026/BIOL470/Final/Learning_Rig/bee_0408_1_fwd/cam1_2026-04-08_16-18-02.mp4,1452.0,1749.5,1140,1377,1764,2122,0.8171326
506,/Volumes/SmithL0/2026/BIOL470/Final/Learning_Rig/bee_0408_1_fwd/cam1_2026-04-08_16-18-02.mp4,1482.0,1727.5,1211,1360,1753,2095,0.809924
507,/Volumes/SmithL0/2026/BIOL470/Final/Learning_Rig/bee_0408_1_fwd/cam1_2026-04-08_16-18-02.mp4,1488.0,1647.0,1223,1282,1753,2012,0.8520603
508,/Volumes/SmithL0/2026/BIOL470/Final/Learning_Rig/bee_0408_1_fwd/cam1_2026-04-08_16-18-02.mp4,1478.0,1631.0,1212,1262,1744,2000,0.8269164
509,/Volumes/SmithL0/2026/BIOL470/Final/Learning_Rig/bee_0408_1_fwd/cam1_2026-04-08_16-18-02.mp4,1480.0,1625.5,1210,1260,1750,1991,0.801258
510,/Volumes/SmithL0/2026/BIOL470/Final/Learning_Rig/bee_0408_1_fwd/cam1_2026-04-08_16-18-02.mp4,1483.5,1665.5,1209,1287,1758,2044,0.8202253
511,/Volumes/SmithL0/2026/BIOL470/Final/Learning_Rig/bee_0408_1_fwd/cam1_2026-04-08_16-18-02.mp4,1473.5,1700.0,1196,1316,1751,2084,0.8258071
512,/Volumes/SmithL0/2026/BIOL470/Final/Learning_Rig/bee_0408_1_fwd/cam1_2026-04-08_16-18-02.mp4,1477.5,1684.5,1210,1316,1745,2053,0.8170985
513,/Volumes/SmithL0/2026/BIOL470/Final/Learning_Rig/bee_0408_1_fwd/cam1_2026-04-08_16-18-02.mp4,1500.0,1674.5,1229,1308,1771,2041,0.8350083
514,/Volumes/SmithL0/2026/BIOL470/Final/Learning_Rig/bee_0408_1_fwd/cam1_2026-04-08_16-18-02.mp4,1528.0,1606.5,1156,1288,1900,1925,0.7972464
515,/Volumes/SmithL0/2026/BIOL470/Final/Learning_Rig/bee_0408_1_fwd/cam1_2026-04-08_16-18-02.mp4,1522.5,1598.5,1141,1287,1904,1910,0.7944258
516,/Volumes/SmithL0/2026/BIOL470/Final/Learning_Rig/bee_0408_1_fwd/cam1_2026-04-08_16-18-02.mp4,1506.5,1567.0,1120,1279,1893,1855,0.8131057
517,/Volumes/SmithL0/2026/BIOL470/Final/Learning_Rig/bee_0408_1_fwd/cam1_2026-04-08_16-18-02.mp4,1501.0,1578.0,1121,1281,1881,1875,0.80422276
518,/Volumes/SmithL0/2026/BIOL470/Final/Learning_Rig/bee_0408_1_fwd/cam1_2026-04-08_16-18-02.mp4,1477.0,1573.0,1105,1280,1849,1866,0.804391
519,/Volumes/SmithL0/2026/BIOL470/Final/Learning_Rig/bee_0408_1_fwd/cam1_2026-04-08_16-18-02.mp4,1438.0,1634.0,1077,1350,1799,1918,0.7729794
520,/Volumes/SmithL0/2026/BIOL470/Final/Learning_Rig/bee_0408_1_fwd/cam1_2026-04-08_16-18-02.mp4,1427.0,1635.0,1087,1338,1767,1932,0.77143776
521,/Volumes/SmithL0/2026/BIOL470/Final/Learning_Rig/bee_0408_1_fwd/cam1_2026-04-08_16-18-02.mp4,1421.5,1699.0,1100,1403,1743,1995,0.810559
522,/Volumes/SmithL0/2026/BIOL470/Final/Learning_Rig/bee_0408_1_fwd/cam1_2026-04-08_16-18-02.mp4,1346.0,1864.5,1042,1508,1650,2221,0.78158516
523,/Volumes/SmithL0/2026/BIOL470/Final/Learning_Rig/bee_0408_1_fwd/cam1_2026-04-08_16-18-02.mp4,1306.5,1871.5,1001,1527,1612,2216,0.7643084
524,/Volumes/SmithL0/2026/BIOL470/Final/Learning_Rig/bee_0408_1_fwd/cam1_2026-04-08_16-18-02.mp4,1281.5,1899.0,978,1556,1585,2242,0.7805213
525,/Volumes/SmithL0/2026/BIOL470/Final/Learning_Rig/bee_0408_1_fwd/cam1_2026-04-08_16-18-02.mp4,1253.0,1945.5,962,1649,1544,2242,0.8551128
526,/Volumes/SmithL0/2026/BIOL470/Final/Learning_Rig/bee_0408_1_fwd/cam1_2026-04-08_16-18-02.mp4,1248.0,1955.0,953,1660,1543,2250,0.8415356
527,/Volumes/SmithL0/2026/BIOL470/Final/Learning_Rig/bee_0408_1_fwd/cam1_2026-04-08_16-18-02.mp4,1249.0,1950.0,953,1684,1545,2216,0.8375379
528,/Volumes/SmithL0/2026/BIOL470/Final/Learning_Rig/bee_0408_1_fwd/cam1_2026-04-08_16-18-02.mp4,1248.5,1961.0,958,1602,1539,2320,0.84397936
529,/Volumes/SmithL0/2026/BIOL470/Final/Learning_Rig/bee_0408_1_fwd/cam1_2026-04-08_16-18-02.mp4,1243.0,1952.0,924,1577,1562,2327,0.8216271
530,/Volumes/SmithL0/2026/BIOL470/Final/Learning_Rig/bee_0408_1_fwd/cam1_2026-04-08_16-18-02.mp4,1191.5,1934.5,895,1582,1488,2287,0.7912369
531,/Volumes/SmithL0/2026/BIOL470/Final/Learning_Rig/bee_0408_1_fwd/cam1_2026-04-08_16-18-02.mp4,1238.0,1889.5,883,1550,1593,2229,0.81240654
532,/Volumes/SmithL0/2026/BIOL470/Final/Learning_Rig/bee_0408_1_fwd/cam1_2026-04-08_16-18-02.mp4,1207.0,1881.0,891,1539,1523,2223,0.7998429
533,/Volumes/SmithL0/2026/BIOL470/Final/Learning_Rig/bee_0408_1_fwd/cam1_2026-04-08_16-18-02.mp4,1117.5,1874.5,864,1550,1371,2199,0.7978314
534,/Volumes/SmithL0/2026/BIOL470/Final/Learning_Rig/bee_0408_1_fwd/cam1_2026-04-08_16-18-02.mp4,1168.5,1870.0,862,1537,1475,2203,0.8032424
535,/Volumes/SmithL0/2026/BIOL470/Final/Learning_Rig/bee_0408_1_fwd/cam1_2026-04-08_16-18-02.mp4,1075.0,1865.5,854,1555,1296,2176,0.8027596
536,/Volumes/SmithL0/2026/BIOL470/Final/Learning_Rig/bee_0408_1_fwd/cam1_2026-04-08_16-18-02.mp4,1179.5,1871.5,840,1549,1519,2194,0.7401042
537,/Volumes/SmithL0/2026/BIOL470/Final/Learning_Rig/bee_0408_1_fwd/cam1_2026-04-08_16-18-02.mp4,1101.0,1899.5,820,1607,1382,2192,0.82918113
538,/Volumes/SmithL0/2026/BIOL470/Final/Learning_Rig/bee_0408_1_fwd/cam1_2026-04-08_16-18-02.mp4,1121.5,1899.0,837,1597,1406,2201,0.8162973
539,/Volumes/SmithL0/2026/BIOL470/Final/Learning_Rig/bee_0408_1_fwd/cam1_2026-04-08_16-18-02.mp4,1079.0,1927.0,856,1647,1302,2207,0.8106335
540,/Volumes/SmithL0/2026/BIOL470/Final/Learning_Rig/bee_0408_1_fwd/cam1_2026-04-08_16-18-02.mp4,1197.0,1932.5,844,1652,1550,2213,0.6929256
541,/Volumes/SmithL0/2026/BIOL470/Final/Learning_Rig/bee_0408_1_fwd/cam1_2026-04-08_16-18-02.mp4,1137.5,1935.5,821,1667,1454,2204,0.80594033
542,/Volumes/SmithL0/2026/BIOL470/Final/Learning_Rig/bee_0408_1_fwd/cam1_2026-04-08_16-18-02.mp4,1051.5,1934.0,836,1665,1267,2203,0.78371954
543,/Volumes/SmithL0/2026/BIOL470/Final/Learning_Rig/bee_0408_1_fwd/cam1_2026-04-08_16-18-02.mp4,1076.0,1917.0,800,1637,1352,2197,0.809009
544,/Volumes/SmithL0/2026/BIOL470/Final/Learning_Rig/bee_0408_1_fwd/cam1_2026-04-08_16-18-02.mp4,1101.0,1929.5,783,1634,1419,2225,0.73792094
545,/Volumes/SmithL0/2026/BIOL470/Final/Learning_Rig/bee_0408_1_fwd/cam1_2026-04-08_16-18-02.mp4,1213.5,2016.5,848,1790,1579,2243,0.78681886
546,/Volumes/SmithL0/2026/BIOL470/Final/Learning_Rig/bee_0408_1_fwd/cam1_2026-04-08_16-18-02.mp4,1240.0,2005.5,890,1745,1590,2266,0.7824834
547,/Volumes/SmithL0/2026/BIOL470/Final/Learning_Rig/bee_0408_1_fwd/cam1_2026-04-08_16-18-02.mp4,1308.5,2005.5,951,1700,1666,2311,0.8170047
548,/Volumes/SmithL0/2026/BIOL470/Final/Learning_Rig/bee_0408_1_fwd/cam1_2026-04-08_16-18-02.mp4,1322.0,2026.0,965,1715,1679,2337,0.8100137
549,/Volumes/SmithL0/2026/BIOL470/Final/Learning_Rig/bee_0408_1_fwd/cam1_2026-04-08_16-18-02.mp4,1379.0,2076.5,1021,1819,1737,2334,0.79093057
550,/Volumes/SmithL0/2026/BIOL470/Final/Learning_Rig/bee_0408_1_fwd/cam1_2026-04-08_16-18-02.mp4,1589.0,2147.0,1241,1869,1937,2425,0.775106
551,/Volumes/SmithL0/2026/BIOL470/Final/Learning_Rig/bee_0408_1_fwd/cam1_2026-04-08_16-18-02.mp4,1608.5,2181.5,1252,1934,1965,2429,0.7960288
552,/Volumes/SmithL0/2026/BIOL470/Final/Learning_Rig/bee_0408_1_fwd/cam1_2026-04-08_16-18-02.mp4,1550.5,2171.5,1189,1920,1912,2423,0.7607426
553,/Volumes/SmithL0/2026/BIOL470/Final/Learning_Rig/bee_0408_1_fwd/cam1_2026-04-08_16-18-02.mp4,1536.5,2137.5,1172,1869,1901,2406,0.7883016
554,/Volumes/SmithL0/2026/BIOL470/Final/Learning_Rig/bee_0408_1_fwd/cam1_2026-04-08_16-18-02.mp4,1507.0,2135.0,1155,1874,1859,2396,0.7866354
555,/Volumes/SmithL0/2026/BIOL470/Final/Learning_Rig/bee_0408_1_fwd/cam1_2026-04-08_16-18-02.mp4,1496.0,2144.5,1119,1881,1873,2408,0.7498197
556,/Volumes/SmithL0/2026/BIOL470/Final/Learning_Rig/bee_0408_1_fwd/cam1_2026-04-08_16-18-02.mp4,1490.0,2300.5,1106,1879,1874,2722,0.6827228
557,/Volumes/SmithL0/2026/BIOL470/Final/Learning_Rig/bee_0408_1_fwd/cam1_2026-04-08_16-18-02.mp4,1449.5,2162.5,1091,1872,1808,2453,0.79991317
558,/Volumes/SmithL0/2026/BIOL470/Final/Learning_Rig/bee_0408_1_fwd/cam1_2026-04-08_16-18-02.mp4,1447.5,2158.5,1100,1867,1795,2450,0.77303344
559,/Volumes/SmithL0/2026/BIOL470/Final/Learning_Rig/bee_0408_1_fwd/cam1_2026-04-08_16-18-02.mp4,1435.5,2140.0,1098,1846,1773,2434,0.79113555
560,/Volumes/SmithL0/2026/BIOL470/Final/Learning_Rig/bee_0408_1_fwd/cam1_2026-04-08_16-18-02.mp4,1440.5,2141.5,1116,1851,1765,2432,0.794274
561,/Volumes/SmithL0/2026/BIOL470/Final/Learning_Rig/bee_0408_1_fwd/cam1_2026-04-08_16-18-02.mp4,1455.5,2136.5,1146,1857,1765,2416,0.8227134
562,/Volumes/SmithL0/2026/BIOL470/Final/Learning_Rig/bee_0408_1_fwd/cam1_2026-04-08_16-18-02.mp4,1469.0,2116.5,1152,1827,1786,2406,0.81468725
563,/Volumes/SmithL0/2026/BIOL470/Final/Learning_Rig/bee_0408_1_fwd/cam1_2026-04-08_16-18-02.mp4,1482.5,2120.5,1149,1849,1816,2392,0.8009874
564,/Volumes/SmithL0/2026/BIOL470/Final/Learning_Rig/bee_0408_1_fwd/cam1_2026-04-08_16-18-02.mp4,1508.0,2098.5,1153,1837,1863,2360,0.8082071
565,/Volumes/SmithL0/2026/BIOL470/Final/Learning_Rig/bee_0408_1_fwd/cam1_2026-04-08_16-18-02.mp4,1548.5,2133.0,1193,1858,1904,2408,0.80637276
566,/Volumes/SmithL0/2026/BIOL470/Final/Learning_Rig/bee_0408_1_fwd/cam1_2026-04-08_16-18-02.mp4,1624.5,2134.0,1259,1851,1990,2417,0.7983185
567,/Volumes/SmithL0/2026/BIOL470/Final/Learning_Rig/bee_0408_1_fwd/cam1_2026-04-08_16-18-02.mp4,1635.0,2113.0,1262,1809,2008,2417,0.79723644
568,/Volumes/SmithL0/2026/BIOL470/Final/Learning_Rig/bee_0408_1_fwd/cam1_2026-04-08_16-18-02.mp4,1656.5,2116.5,1301,1810,2012,2423,0.8186196
569,/Volumes/SmithL0/2026/BIOL470/Final/Learning_Rig/bee_0408_1_fwd/cam1_2026-04-08_16-18-02.mp4,1719.0,2132.0,1398,1828,2040,2436,0.7707863
570,/Volumes/SmithL0/2026/BIOL470/Final/Learning_Rig/bee_0408_1_fwd/cam1_2026-04-08_16-18-02.mp4,1759.5,2124.0,1455,1787,2064,2461,0.7974156
571,/Volumes/SmithL0/2026/BIOL470/Final/Learning_Rig/bee_0408_1_fwd/cam1_2026-04-08_16-18-02.mp4,1773.5,2141.5,1471,1798,2076,2485,0.8433238
572,/Volumes/SmithL0/2026/BIOL470/Final/Learning_Rig/bee_0408_1_fwd/cam1_2026-04-08_16-18-02.mp4,1778.5,2146.5,1472,1799,2085,2494,0.83874637
573,/Volumes/SmithL0/2026/BIOL470/Final/Learning_Rig/bee_0408_1_fwd/cam1_2026-04-08_16-18-02.mp4,1783.0,2139.0,1477,1798,2089,2480,0.83448976
574,/Volumes/SmithL0/2026/BIOL470/Final/Learning_Rig/bee_0408_1_fwd/cam1_2026-04-08_16-18-02.mp4,1797.0,2126.5,1502,1794,2092,2459,0.80645967
575,/Volumes/SmithL0/2026/BIOL470/Final/Learning_Rig/bee_0408_1_fwd/cam1_2026-04-08_16-18-02.mp4,1822.0,2152.5,1537,1795,2107,2510,0.8046814
576,/Volumes/SmithL0/2026/BIOL470/Final/Learning_Rig/bee_0408_1_fwd/cam1_2026-04-08_16-18-02.mp4,1842.5,2158.0,1562,1796,2123,2520,0.77744615
577,/Volumes/SmithL0/2026/BIOL470/Final/Learning_Rig/bee_0408_1_fwd/cam1_2026-04-08_16-18-02.mp4,1859.0,2157.0,1580,1794,2138,2520,0.77932954
578,/Volumes/SmithL0/2026/BIOL470/Final/Learning_Rig/bee_0408_1_fwd/cam1_2026-04-08_16-18-02.mp4,1847.0,2166.0,1548,1805,2146,2527,0.7783766
579,/Volumes/SmithL0/2026/BIOL470/Final/Learning_Rig/bee_0408_1_fwd/cam1_2026-04-08_16-18-02.mp4,1858.0,2154.5,1591,1793,2125,2516,0.80113554
580,/Volumes/SmithL0/2026/BIOL470/Final/Learning_Rig/bee_0408_1_fwd/cam1_2026-04-08_16-18-02.mp4,1821.0,2100.0,1508,1785,2134,2415,0.81490874
581,/Volumes/SmithL0/2026/BIOL470/Final/Learning_Rig/bee_0408_1_fwd/cam1_2026-04-08_16-18-02.mp4,1820.5,2089.0,1477,1767,2164,2411,0.82362175
582,/Volumes/SmithL0/2026/BIOL470/Final/Learning_Rig/bee_0408_1_fwd/cam1_2026-04-08_16-18-02.mp4,1819.5,2064.5,1471,1733,2168,2396,0.8040753
583,/Volumes/SmithL0/2026/BIOL470/Final/Learning_Rig/bee_0408_1_fwd/cam1_2026-04-08_16-18-02.mp4,1818.5,2125.0,1464,1851,2173,2399,0.6972686
584,/Volumes/SmithL0/2026/BIOL470/Final/Learning_Rig/bee_0408_1_fwd/cam1_2026-04-08_16-18-02.mp4,1776.0,2124.0,1398,1849,2154,2399,0.7141955
585,/Volumes/SmithL0/2026/BIOL470/Final/Learning_Rig/bee_0408_1_fwd/cam1_2026-04-08_16-18-02.mp4,1784.0,2088.5,1391,1775,2177,2402,0.78548026
586,/Volumes/SmithL0/2026/BIOL470/Final/Learning_Rig/bee_0408_1_fwd/cam1_2026-04-08_16-18-02.mp4,1734.5,2113.5,1384,1785,2085,2442,0.75754666
587,/Volumes/SmithL0/2026/BIOL470/Final/Learning_Rig/bee_0408_1_fwd/cam1_2026-04-08_16-18-02.mp4,1717.0,2128.0,1361,1839,2073,2417,0.7936219
588,/Volumes/SmithL0/2026/BIOL470/Final/Learning_Rig/bee_0408_1_fwd/cam1_2026-04-08_16-18-02.mp4,1707.5,2133.0,1354,1858,2061,2408,0.7581328
589,/Volumes/SmithL0/2026/BIOL470/Final/Learning_Rig/bee_0408_1_fwd/cam1_2026-04-08_16-18-02.mp4,1720.5,2125.5,1354,1863,2087,2388,0.7864326
590,/Volumes/SmithL0/2026/BIOL470/Final/Learning_Rig/bee_0408_1_fwd/cam1_2026-04-08_16-18-02.mp4,1685.5,2126.5,1326,1855,2045,2398,0.77255553
591,/Volumes/SmithL0/2026/BIOL470/Final/Learning_Rig/bee_0408_1_fwd/cam1_2026-04-08_16-18-02.mp4,1664.5,2141.5,1316,1847,2013,2436,0.7671301
592,/Volumes/SmithL0/2026/BIOL470/Final/Learning_Rig/bee_0408_1_fwd/cam1_2026-04-08_16-18-02.mp4,1652.5,2115.0,1339,1796,1966,2434,0.81141543
593,/Volumes/SmithL0/2026/BIOL470/Final/Learning_Rig/bee_0408_1_fwd/cam1_2026-04-08_16-18-02.mp4,1637.0,2102.5,1309,1773,1965,2432,0.8260281
594,/Volumes/SmithL0/2026/BIOL470/Final/Learning_Rig/bee_0408_1_fwd/cam1_2026-04-08_16-18-02.mp4,1576.5,2116.5,1304,1776,1849,2457,0.82630795
595,/Volumes/SmithL0/2026/BIOL470/Final/Learning_Rig/bee_0408_1_fwd/cam1_2026-04-08_16-18-02.mp4,1564.5,2136.5,1317,1787,1812,2486,0.81689435
596,/Volumes/SmithL0/2026/BIOL470/Final/Learning_Rig/bee_0408_1_fwd/cam1_2026-04-08_16-18-02.mp4,1590.5,2149.0,1344,1792,1837,2506,0.849504
597,/Volumes/SmithL0/2026/BIOL470/Final/Learning_Rig/bee_0408_1_fwd/cam1_2026-04-08_16-18-02.mp4,1625.0,2114.5,1348,1779,1902,2450,0.81881946
598,/Volumes/SmithL0/2026/BIOL470/Final/Learning_Rig/bee_0408_1_fwd/cam1_2026-04-08_16-18-02.mp4,1595.5,2095.5,1314,1776,1877,2415,0.8249152
599,/Volumes/SmithL0/2026/BIOL470/Final/Learning_Rig/bee_0408_1_fwd/cam1_2026-04-08_16-18-02.mp4,1621.0,2110.5,1301,1821,1941,2400,0.79675907
600,/Volumes/SmithL0/2026/BIOL470/Final/Learning_Rig/bee_0408_1_fwd/cam1_2026-04-08_16-18-02.mp4,1629.0,2106.0,1294,1862,1964,2350,0.76428854
601,/Volumes/SmithL0/2026/BIOL470/Final/Learning_Rig/bee_0408_1_fwd/cam1_2026-04-08_16-18-02.mp4,1626.0,2109.0,1282,1855,1970,2363,0.80266434
602,/Volumes/SmithL0/2026/BIOL470/Final/Learning_Rig/bee_0408_1_fwd/cam1_2026-04-08_16-18-02.mp4,1613.5,2056.5,1257,1765,1970,2348,0.8011328
603,/Volumes/SmithL0/2026/BIOL470/Final/Learning_Rig/bee_0408_1_fwd/cam1_2026-04-08_16-18-02.mp4,1611.5,2051.5,1253,1745,1970,2358,0.80082774
604,/Volumes/SmithL0/2026/BIOL470/Final/Learning_Rig/bee_0408_1_fwd/cam1_2026-04-08_16-18-02.mp4,1614.0,2076.5,1245,1755,1983,2398,0.80409324
605,/Volumes/SmithL0/2026/BIOL470/Final/Learning_Rig/bee_0408_1_fwd/cam1_2026-04-08_16-18-02.mp4,1626.0,2099.0,1255,1791,1997,2407,0.8143606
606,/Volumes/SmithL0/2026/BIOL470/Final/Learning_Rig/bee_0408_1_fwd/cam1_2026-04-08_16-18-02.mp4,1641.5,2086.5,1264,1770,2019,2403,0.74760586
607,/Volumes/SmithL0/2026/BIOL470/Final/Learning_Rig/bee_0408_1_fwd/cam1_2026-04-08_16-18-02.mp4,1623.0,2133.0,1260,1858,1986,2408,0.79737073
608,/Volumes/SmithL0/2026/BIOL470/Final/Learning_Rig/bee_0408_1_fwd/cam1_2026-04-08_16-18-02.mp4,1612.5,2155.0,1251,1887,1974,2423,0.7743039
609,/Volumes/SmithL0/2026/BIOL470/Final/Learning_Rig/bee_0408_1_fwd/cam1_2026-04-08_16-18-02.mp4,1604.0,2230.0,1253,1961,1955,2499,0.8151163
610,/Volumes/SmithL0/2026/BIOL470/Final/Learning_Rig/bee_0408_1_fwd/cam1_2026-04-08_16-18-02.mp4,1608.0,2229.5,1250,1957,1966,2502,0.8119189
611,/Volumes/SmithL0/2026/BIOL470/Final/Learning_Rig/bee_0408_1_fwd/cam1_2026-04-08_16-18-02.mp4,1609.0,2216.5,1250,1911,1968,2522,0.8049802
612,/Volumes/SmithL0/2026/BIOL470/Final/Learning_Rig/bee_0408_1_fwd/cam1_2026-04-08_16-18-02.mp4,1637.5,2225.5,1262,1909,2013,2542,0.77379215
613,/Volumes/SmithL0/2026/BIOL470/Final/Learning_Rig/bee_0408_1_fwd/cam1_2026-04-08_16-18-02.mp4,1602.0,2234.0,1280,1918,1924,2550,0.80690295
614,/Volumes/SmithL0/2026/BIOL470/Final/Learning_Rig/bee_0408_1_fwd/cam1_2026-04-08_16-18-02.mp4,1643.5,2260.5,1294,1991,1993,2530,0.801982
615,/Volumes/SmithL0/2026/BIOL470/Final/Learning_Rig/bee_0408_1_fwd/cam1_2026-04-08_16-18-02.mp4,1636.0,2264.5,1293,1983,1979,2546,0.8238743
616,/Volumes/SmithL0/2026/BIOL470/Final/Learning_Rig/bee_0408_1_fwd/cam1_2026-04-08_16-18-02.mp4,1620.0,2271.0,1268,1976,1972,2566,0.83894664
617,/Volumes/SmithL0/2026/BIOL470/Final/Learning_Rig/bee_0408_1_fwd/cam1_2026-04-08_16-18-02.mp4,1629.0,2280.0,1290,1985,1968,2575,0.8142349
618,/Volumes/SmithL0/2026/BIOL470/Final/Learning_Rig/bee_0408_1_fwd/cam1_2026-04-08_16-18-02.mp4,1626.5,2286.0,1286,1981,1967,2591,0.8174455
619,/Volumes/SmithL0/2026/BIOL470/Final/Learning_Rig/bee_0408_1_fwd/cam1_2026-04-08_16-18-02.mp4,1651.5,2286.5,1346,1977,1957,2596,0.81539154
620,/Volumes/SmithL0/2026/BIOL470/Final/Learning_Rig/bee_0408_1_fwd/cam1_2026-04-08_16-18-02.mp4,1652.5,2292.0,1352,1987,1953,2597,0.82570535
621,/Volumes/SmithL0/2026/BIOL470/Final/Learning_Rig/bee_0408_1_fwd/cam1_2026-04-08_16-18-02.mp4,1657.5,2294.5,1361,1998,1954,2591,0.8072127
622,/Volumes/SmithL0/2026/BIOL470/Final/Learning_Rig/bee_0408_1_fwd/cam1_2026-04-08_16-18-02.mp4,1656.5,2280.5,1362,1979,1951,2582,0.8131986
623,/Volumes/SmithL0/2026/BIOL470/Final/Learning_Rig/bee_0408_1_fwd/cam1_2026-04-08_16-18-02.mp4,1659.0,2284.0,1355,1976,1963,2592,0.79855776
624,/Volumes/SmithL0/2026/BIOL470/Final/Learning_Rig/bee_0408_1_fwd/cam1_2026-04-08_16-18-02.mp4,1673.5,2276.0,1371,1967,1976,2585,0.7940878
625,/Volumes/SmithL0/2026/BIOL470/Final/Learning_Rig/bee_0408_1_fwd/cam1_2026-04-08_16-18-02.mp4,1581.0,2272.5,1281,1977,1881,2568,0.8280115
626,/Volumes/SmithL0/2026/BIOL470/Final/Learning_Rig/bee_0408_1_fwd/cam1_2026-04-08_16-18-02.mp4,1591.5,2307.0,1279,2056,1904,2558,0.8113739
627,/Volumes/SmithL0/2026/BIOL470/Final/Learning_Rig/bee_0408_1_fwd/cam1_2026-04-08_16-18-02.mp4,1574.5,2300.5,1253,2044,1896,2557,0.81486446
628,/Volumes/SmithL0/2026/BIOL470/Final/Learning_Rig/bee_0408_1_fwd/cam1_2026-04-08_16-18-02.mp4,1547.0,2308.0,1208,2044,1886,2572,0.81536525
629,/Volumes/SmithL0/2026/BIOL470/Final/Learning_Rig/bee_0408_1_fwd/cam1_2026-04-08_16-18-02.mp4,1525.0,2301.5,1180,2049,1870,2554,0.8455142
630,/Volumes/SmithL0/2026/BIOL470/Final/Learning_Rig/bee_0408_1_fwd/cam1_2026-04-08_16-18-02.mp4,1467.0,2254.0,1133,1974,1801,2534,0.8366718
631,/Volumes/SmithL0/2026/BIOL470/Final/Learning_Rig/bee_0408_1_fwd/cam1_2026-04-08_16-18-02.mp4,1443.0,2261.0,1123,1971,1763,2551,0.85075754
632,/Volumes/SmithL0/2026/BIOL470/Final/Learning_Rig/bee_0408_1_fwd/cam1_2026-04-08_16-18-02.mp4,1394.5,2246.5,1076,1950,1713,2543,0.83608526
633,/Volumes/SmithL0/2026/BIOL470/Final/Learning_Rig/bee_0408_1_fwd/cam1_2026-04-08_16-18-02.mp4,1390.5,2249.0,1077,1961,1704,2537,0.8337548
634,/Volumes/SmithL0/2026/BIOL470/Final/Learning_Rig/bee_0408_1_fwd/cam1_2026-04-08_16-18-02.mp4,1392.0,2237.5,1060,1932,1724,2543,0.8208515
635,/Volumes/SmithL0/2026/BIOL470/Final/Learning_Rig/bee_0408_1_fwd/cam1_2026-04-08_16-18-02.mp4,1358.5,2249.0,1045,1941,1672,2557,0.83784175
636,/Volumes/SmithL0/2026/BIOL470/Final/Learning_Rig/bee_0408_1_fwd/cam1_2026-04-08_16-18-02.mp4,1345.0,2256.5,1035,1957,1655,2556,0.8341746
637,/Volumes/SmithL0/2026/BIOL470/Final/Learning_Rig/bee_0408_1_fwd/cam1_2026-04-08_16-18-02.mp4,1321.5,2261.5,987,1998,1656,2525,0.83067936
638,/Volumes/SmithL0/2026/BIOL470/Final/Learning_Rig/bee_0408_1_fwd/cam1_2026-04-08_16-18-02.mp4,1319.0,2262.5,984,2001,1654,2524,0.82382834
639,/Volumes/SmithL0/2026/BIOL470/Final/Learning_Rig/bee_0408_1_fwd/cam1_2026-04-08_16-18-02.mp4,1299.0,2197.0,933,1939,1665,2455,0.8156699
640,/Volumes/SmithL0/2026/BIOL470/Final/Learning_Rig/bee_0408_1_fwd/cam1_2026-04-08_16-18-02.mp4,1303.0,2219.0,945,1971,1661,2467,0.818291
641,/Volumes/SmithL0/2026/BIOL470/Final/Learning_Rig/bee_0408_1_fwd/cam1_2026-04-08_16-18-02.mp4,1231.5,2141.0,883,1876,1580,2406,0.8152972
642,/Volumes/SmithL0/2026/BIOL470/Final/Learning_Rig/bee_0408_1_fwd/cam1_2026-04-08_16-18-02.mp4,1216.5,2099.5,855,1785,1578,2414,0.8078234
643,/Volumes/SmithL0/2026/BIOL470/Final/Learning_Rig/bee_0408_1_fwd/cam1_2026-04-08_16-18-02.mp4,1208.0,2111.0,862,1801,1554,2421,0.802573
644,/Volumes/SmithL0/2026/BIOL470/Final/Learning_Rig/bee_0408_1_fwd/cam1_2026-04-08_16-18-02.mp4,1199.5,2136.5,856,1846,1543,2427,0.813376
645,/Volumes/SmithL0/2026/BIOL470/Final/Learning_Rig/bee_0408_1_fwd/cam1_2026-04-08_16-18-02.mp4,1118.5,2094.0,784,1856,1453,2332,0.8262233
646,/Volumes/SmithL0/2026/BIOL470/Final/Learning_Rig/bee_0408_1_fwd/cam1_2026-04-08_16-18-02.mp4,1117.0,2089.0,787,1858,1447,2320,0.83918667
647,/Volumes/SmithL0/2026/BIOL470/Final/Learning_Rig/bee_0408_1_fwd/cam1_2026-04-08_16-18-02.mp4,1090.0,2090.5,762,1851,1418,2330,0.83841467
648,/Volumes/SmithL0/2026/BIOL470/Final/Learning_Rig/bee_0408_1_fwd/cam1_2026-04-08_16-18-02.mp4,1083.5,2042.0,794,1758,1373,2326,0.8476066
649,/Volumes/SmithL0/2026/BIOL470/Final/Learning_Rig/bee_0408_1_fwd/cam1_2026-04-08_16-18-02.mp4,1069.5,2039.5,786,1749,1353,2330,0.79854035
650,/Volumes/SmithL0/2026/BIOL470/Final/Learning_Rig/bee_0408_1_fwd/cam1_2026-04-08_16-18-02.mp4,1061.5,2026.0,786,1728,1337,2324,0.8159725
651,/Volumes/SmithL0/2026/BIOL470/Final/Learning_Rig/bee_0408_1_fwd/cam1_2026-04-08_16-18-02.mp4,1044.0,2014.5,785,1706,1303,2323,0.831775
652,/Volumes/SmithL0/2026/BIOL470/Final/Learning_Rig/bee_0408_1_fwd/cam1_2026-04-08_16-18-02.mp4,1042.5,2004.5,795,1692,1290,2317,0.83130884
653,/Volumes/SmithL0/2026/BIOL470/Final/Learning_Rig/bee_0408_1_fwd/cam1_2026-04-08_16-18-02.mp4,1040.5,2004.0,796,1694,1285,2314,0.8340505
654,/Volumes/SmithL0/2026/BIOL470/Final/Learning_Rig/bee_0408_1_fwd/cam1_2026-04-08_16-18-02.mp4,1039.5,2001.5,795,1691,1284,2312,0.84006506
655,/Volumes/SmithL0/2026/BIOL470/Final/Learning_Rig/bee_0408_1_fwd/cam1_2026-04-08_16-18-02.mp4,1039.5,1997.0,795,1685,1284,2309,0.836142
656,/Volumes/SmithL0/2026/BIOL470/Final/Learning_Rig/bee_0408_1_fwd/cam1_2026-04-08_16-18-02.mp4,1037.0,1990.5,794,1678,1280,2303,0.8366571
657,/Volumes/SmithL0/2026/BIOL470/Final/Learning_Rig/bee_0408_1_fwd/cam1_2026-04-08_16-18-02.mp4,1039.0,1986.5,797,1676,1281,2297,0.8366255
658,/Volumes/SmithL0/2026/BIOL470/Final/Learning_Rig/bee_0408_1_fwd/cam1_2026-04-08_16-18-02.mp4,1040.5,1985.0,799,1676,1282,2294,0.8289671
659,/Volumes/SmithL0/2026/BIOL470/Final/Learning_Rig/bee_0408_1_fwd/cam1_2026-04-08_16-18-02.mp4,1046.5,1981.0,803,1676,1290,2286,0.8129487
660,/Volumes/SmithL0/2026/BIOL470/Final/Learning_Rig/bee_0408_1_fwd/cam1_2026-04-08_16-18-02.mp4,1062.0,1973.5,795,1693,1329,2254,0.81236094
661,/Volumes/SmithL0/2026/BIOL470/Final/Learning_Rig/bee_0408_1_fwd/cam1_2026-04-08_16-18-02.mp4,1117.0,1964.5,811,1701,1423,2228,0.8144561
662,/Volumes/SmithL0/2026/BIOL470/Final/Learning_Rig/bee_0408_1_fwd/cam1_2026-04-08_16-18-02.mp4,1114.5,1967.5,811,1703,1418,2232,0.81365407
663,/Volumes/SmithL0/2026/BIOL470/Final/Learning_Rig/bee_0408_1_fwd/cam1_2026-04-08_16-18-02.mp4,1161.0,1984.5,818,1717,1504,2252,0.80852
664,/Volumes/SmithL0/2026/BIOL470/Final/Learning_Rig/bee_0408_1_fwd/cam1_2026-04-08_16-18-02.mp4,1214.0,1983.5,857,1727,1571,2240,0.8129105
665,/Volumes/SmithL0/2026/BIOL470/Final/Learning_Rig/bee_0408_1_fwd/cam1_2026-04-08_16-18-02.mp4,1232.5,1976.5,876,1733,1589,2220,0.7985044
666,/Volumes/SmithL0/2026/BIOL470/Final/Learning_Rig/bee_0408_1_fwd/cam1_2026-04-08_16-18-02.mp4,1214.5,1976.5,873,1725,1556,2228,0.8000752
667,/Volumes/SmithL0/2026/BIOL470/Final/Learning_Rig/bee_0408_1_fwd/cam1_2026-04-08_16-18-02.mp4,1237.5,1970.0,890,1698,1585,2242,0.7349907
668,/Volumes/SmithL0/2026/BIOL470/Final/Learning_Rig/bee_0408_1_fwd/cam1_2026-04-08_16-18-02.mp4,1273.0,1984.5,936,1713,1610,2256,0.79475915
669,/Volumes/SmithL0/2026/BIOL470/Final/Learning_Rig/bee_0408_1_fwd/cam1_2026-04-08_16-18-02.mp4,1294.5,1990.0,975,1723,1614,2257,0.82105124
670,/Volumes/SmithL0/2026/BIOL470/Final/Learning_Rig/bee_0408_1_fwd/cam1_2026-04-08_16-18-02.mp4,1353.0,2002.5,1014,1746,1692,2259,0.7914055
671,/Volumes/SmithL0/2026/BIOL470/Final/Learning_Rig/bee_0408_1_fwd/cam1_2026-04-08_16-18-02.mp4,1406.5,2037.5,1063,1749,1750,2326,0.8075986
672,/Volumes/SmithL0/2026/BIOL470/Final/Learning_Rig/bee_0408_1_fwd/cam1_2026-04-08_16-18-02.mp4,1431.0,2050.0,1079,1775,1783,2325,0.8026659
673,/Volumes/SmithL0/2026/BIOL470/Final/Learning_Rig/bee_0408_1_fwd/cam1_2026-04-08_16-18-02.mp4,1447.5,2050.0,1095,1771,1800,2329,0.7739268
674,/Volumes/SmithL0/2026/BIOL470/Final/Learning_Rig/bee_0408_1_fwd/cam1_2026-04-08_16-18-02.mp4,1454.0,2052.5,1098,1774,1810,2331,0.7536681
675,/Volumes/SmithL0/2026/BIOL470/Final/Learning_Rig/bee_0408_1_fwd/cam1_2026-04-08_16-18-02.mp4,1409.0,2052.5,1100,1775,1718,2330,0.79242575
676,/Volumes/SmithL0/2026/BIOL470/Final/Learning_Rig/bee_0408_1_fwd/cam1_2026-04-08_16-18-02.mp4,1415.5,2052.0,1094,1774,1737,2330,0.80614805
677,/Volumes/SmithL0/2026/BIOL470/Final/Learning_Rig/bee_0408_1_fwd/cam1_2026-04-08_16-18-02.mp4,1426.5,2056.0,1077,1799,1776,2313,0.81210154
678,/Volumes/SmithL0/2026/BIOL470/Final/Learning_Rig/bee_0408_1_fwd/cam1_2026-04-08_16-18-02.mp4,1429.0,2062.0,1073,1807,1785,2317,0.8124913
679,/Volumes/SmithL0/2026/BIOL470/Final/Learning_Rig/bee_0408_1_fwd/cam1_2026-04-08_16-18-02.mp4,1431.5,2070.0,1072,1818,1791,2322,0.8078535
680,/Volumes/SmithL0/2026/BIOL470/Final/Learning_Rig/bee_0408_1_fwd/cam1_2026-04-08_16-18-02.mp4,1436.0,2069.0,1071,1810,1801,2328,0.8137338
681,/Volumes/SmithL0/2026/BIOL470/Final/Learning_Rig/bee_0408_1_fwd/cam1_2026-04-08_16-18-02.mp4,1446.5,2090.0,1081,1846,1812,2334,0.7966855
682,/Volumes/SmithL0/2026/BIOL470/Final/Learning_Rig/bee_0408_1_fwd/cam1_2026-04-08_16-18-02.mp4,1448.5,2101.5,1083,1850,1814,2353,0.80090916
683,/Volumes/SmithL0/2026/BIOL470/Final/Learning_Rig/bee_0408_1_fwd/cam1_2026-04-08_16-18-02.mp4,1471.5,2088.0,1109,1774,1834,2402,0.8232513
684,/Volumes/SmithL0/2026/BIOL470/Final/Learning_Rig/bee_0408_1_fwd/cam1_2026-04-08_16-18-02.mp4,1469.5,2106.5,1103,1787,1836,2426,0.82667315
685,/Volumes/SmithL0/2026/BIOL470/Final/Learning_Rig/bee_0408_1_fwd/cam1_2026-04-08_16-18-02.mp4,1482.5,2056.0,1116,1787,1849,2325,0.7967426
686,/Volumes/SmithL0/2026/BIOL470/Final/Learning_Rig/bee_0408_1_fwd/cam1_2026-04-08_16-18-02.mp4,1487.5,2056.5,1121,1789,1854,2324,0.8004469
687,/Volumes/SmithL0/2026/BIOL470/Final/Learning_Rig/bee_0408_1_fwd/cam1_2026-04-08_16-18-02.mp4,1493.0,2054.0,1128,1787,1858,2321,0.80044395
688,/Volumes/SmithL0/2026/BIOL470/Final/Learning_Rig/bee_0408_1_fwd/cam1_2026-04-08_16-18-02.mp4,1497.0,2055.0,1135,1791,1859,2319,0.80507183
689,/Volumes/SmithL0/2026/BIOL470/Final/Learning_Rig/bee_0408_1_fwd/cam1_2026-04-08_16-18-02.mp4,1496.0,2054.5,1131,1803,1861,2306,0.7789518
690,/Volumes/SmithL0/2026/BIOL470/Final/Learning_Rig/bee_0408_1_fwd/cam1_2026-04-08_16-18-02.mp4,1501.5,2060.0,1129,1809,1874,2311,0.7981896
691,/Volumes/SmithL0/2026/BIOL470/Final/Learning_Rig/bee_0408_1_fwd/cam1_2026-04-08_16-18-02.mp4,1490.5,2048.0,1123,1790,1858,2306,0.7637174
692,/Volumes/SmithL0/2026/BIOL470/Final/Learning_Rig/bee_0408_1_fwd/cam1_2026-04-08_16-18-02.mp4,1490.0,2044.0,1121,1785,1859,2303,0.7560384
693,/Volumes/SmithL0/2026/BIOL470/Final/Learning_Rig/bee_0408_1_fwd/cam1_2026-04-08_16-18-02.mp4,1490.0,2047.5,1121,1791,1859,2304,0.77309155
694,/Volumes/SmithL0/2026/BIOL470/Final/Learning_Rig/bee_0408_1_fwd/cam1_2026-04-08_16-18-02.mp4,1487.5,2045.5,1121,1787,1854,2304,0.7695644
695,/Volumes/SmithL0/2026/BIOL470/Final/Learning_Rig/bee_0408_1_fwd/cam1_2026-04-08_16-18-02.mp4,1479.0,2049.0,1121,1790,1837,2308,0.7550426
696,/Volumes/SmithL0/2026/BIOL470/Final/Learning_Rig/bee_0408_1_fwd/cam1_2026-04-08_16-18-02.mp4,1488.0,2051.0,1122,1794,1854,2308,0.75880885
697,/Volumes/SmithL0/2026/BIOL470/Final/Learning_Rig/bee_0408_1_fwd/cam1_2026-04-08_16-18-02.mp4,1488.0,2051.0,1121,1792,1855,2310,0.7643699
698,/Volumes/SmithL0/2026/BIOL470/Final/Learning_Rig/bee_0408_1_fwd/cam1_2026-04-08_16-18-02.mp4,1469.5,2053.0,1119,1800,1820,2306,0.74835837
699,/Volumes/SmithL0/2026/BIOL470/Final/Learning_Rig/bee_0408_1_fwd/cam1_2026-04-08_16-18-02.mp4,1474.5,2056.0,1124,1799,1825,2313,0.75502837
700,/Volumes/SmithL0/2026/BIOL470/Final/Learning_Rig/bee_0408_1_fwd/cam1_2026-04-08_16-18-02.mp4,1497.0,2052.5,1146,1773,1848,2332,0.7822303
701,/Volumes/SmithL0/2026/BIOL470/Final/Learning_Rig/bee_0408_1_fwd/cam1_2026-04-08_16-18-02.mp4,1492.5,2046.5,1150,1764,1835,2329,0.80372185
702,/Volumes/SmithL0/2026/BIOL470/Final/Learning_Rig/bee_0408_1_fwd/cam1_2026-04-08_16-18-02.mp4,1516.5,2046.0,1151,1773,1882,2319,0.80236614
703,/Volumes/SmithL0/2026/BIOL470/Final/Learning_Rig/bee_0408_1_fwd/cam1_2026-04-08_16-18-02.mp4,1492.5,2043.5,1154,1769,1831,2318,0.8055345
704,/Volumes/SmithL0/2026/BIOL470/Final/Learning_Rig/bee_0408_1_fwd/cam1_2026-04-08_16-18-02.mp4,1484.5,2042.5,1154,1769,1815,2316,0.8031183
705,/Volumes/SmithL0/2026/BIOL470/Final/Learning_Rig/bee_0408_1_fwd/cam1_2026-04-08_16-18-02.mp4,1482.5,2044.5,1154,1768,1811,2321,0.8011153
706,/Volumes/SmithL0/2026/BIOL470/Final/Learning_Rig/bee_0408_1_fwd/cam1_2026-04-08_16-18-02.mp4,1482.5,2043.0,1154,1770,1811,2316,0.8074735
707,/Volumes/SmithL0/2026/BIOL470/Final/Learning_Rig/bee_0408_1_fwd/cam1_2026-04-08_16-18-02.mp4,1509.5,2046.0,1156,1772,1863,2320,0.81864685
708,/Volumes/SmithL0/2026/BIOL470/Final/Learning_Rig/bee_0408_1_fwd/cam1_2026-04-08_16-18-02.mp4,1505.5,2039.5,1158,1766,1853,2313,0.8223812
709,/Volumes/SmithL0/2026/BIOL470/Final/Learning_Rig/bee_0408_1_fwd/cam1_2026-04-08_16-18-02.mp4,1507.5,2036.0,1158,1763,1857,2309,0.8223165
710,/Volumes/SmithL0/2026/BIOL470/Final/Learning_Rig/bee_0408_1_fwd/cam1_2026-04-08_16-18-02.mp4,1508.0,2035.5,1159,1762,1857,2309,0.8193598
711,/Volumes/SmithL0/2026/BIOL470/Final/Learning_Rig/bee_0408_1_fwd/cam1_2026-04-08_16-18-02.mp4,1511.5,2035.5,1158,1762,1865,2309,0.8124263
712,/Volumes/SmithL0/2026/BIOL470/Final/Learning_Rig/bee_0408_1_fwd/cam1_2026-04-08_16-18-02.mp4,1513.5,2040.0,1159,1764,1868,2316,0.80548
713,/Volumes/SmithL0/2026/BIOL470/Final/Learning_Rig/bee_0408_1_fwd/cam1_2026-04-08_16-18-02.mp4,1518.0,2037.0,1162,1763,1874,2311,0.8033531
714,/Volumes/SmithL0/2026/BIOL470/Final/Learning_Rig/bee_0408_1_fwd/cam1_2026-04-08_16-18-02.mp4,1520.5,2038.0,1163,1764,1878,2312,0.8060977
715,/Volumes/SmithL0/2026/BIOL470/Final/Learning_Rig/bee_0408_1_fwd/cam1_2026-04-08_16-18-02.mp4,1512.0,2049.5,1157,1764,1867,2335,0.81733906
716,/Volumes/SmithL0/2026/BIOL470/Final/Learning_Rig/bee_0408_1_fwd/cam1_2026-04-08_16-18-02.mp4,1501.5,2023.5,1156,1765,1847,2282,0.81525177
717,/Volumes/SmithL0/2026/BIOL470/Final/Learning_Rig/bee_0408_1_fwd/cam1_2026-04-08_16-18-02.mp4,1490.0,2000.5,1153,1765,1827,2236,0.81130344
718,/Volumes/SmithL0/2026/BIOL470/Final/Learning_Rig/bee_0408_1_fwd/cam1_2026-04-08_16-18-02.mp4,1469.5,1981.0,1167,1670,1772,2292,0.809409
719,/Volumes/SmithL0/2026/BIOL470/Final/Learning_Rig/bee_0408_1_fwd/cam1_2026-04-08_16-18-02.mp4,1480.5,1989.5,1187,1664,1774,2315,0.82284456
720,/Volumes/SmithL0/2026/BIOL470/Final/Learning_Rig/bee_0408_1_fwd/cam1_2026-04-08_16-18-02.mp4,1515.5,1987.5,1197,1660,1834,2315,0.8166867
721,/Volumes/SmithL0/2026/BIOL470/Final/Learning_Rig/bee_0408_1_fwd/cam1_2026-04-08_16-18-02.mp4,1501.5,1989.5,1208,1658,1795,2321,0.8142302
722,/Volumes/SmithL0/2026/BIOL470/Final/Learning_Rig/bee_0408_1_fwd/cam1_2026-04-08_16-18-02.mp4,1496.0,1990.5,1243,1663,1749,2318,0.78631395
723,/Volumes/SmithL0/2026/BIOL470/Final/Learning_Rig/bee_0408_1_fwd/cam1_2026-04-08_16-18-02.mp4,1529.0,1982.5,1281,1634,1777,2331,0.80325156
724,/Volumes/SmithL0/2026/BIOL470/Final/Learning_Rig/bee_0408_1_fwd/cam1_2026-04-08_16-18-02.mp4,1533.5,1988.0,1270,1637,1797,2339,0.8033706
725,/Volumes/SmithL0/2026/BIOL470/Final/Learning_Rig/bee_0408_1_fwd/cam1_2026-04-08_16-18-02.mp4,1545.5,1995.5,1274,1640,1817,2351,0.7965899
726,/Volumes/SmithL0/2026/BIOL470/Final/Learning_Rig/bee_0408_1_fwd/cam1_2026-04-08_16-18-02.mp4,1540.5,1988.0,1268,1633,1813,2343,0.805339
727,/Volumes/SmithL0/2026/BIOL470/Final/Learning_Rig/bee_0408_1_fwd/cam1_2026-04-08_16-18-02.mp4,1541.0,1990.5,1269,1634,1813,2347,0.8099972
728,/Volumes/SmithL0/2026/BIOL470/Final/Learning_Rig/bee_0408_1_fwd/cam1_2026-04-08_16-18-02.mp4,1542.5,2001.5,1273,1645,1812,2358,0.8055457
729,/Volumes/SmithL0/2026/BIOL470/Final/Learning_Rig/bee_0408_1_fwd/cam1_2026-04-08_16-18-02.mp4,1561.5,2002.0,1287,1658,1836,2346,0.81366235
730,/Volumes/SmithL0/2026/BIOL470/Final/Learning_Rig/bee_0408_1_fwd/cam1_2026-04-08_16-18-02.mp4,1565.0,1999.5,1284,1652,1846,2347,0.80047053
731,/Volumes/SmithL0/2026/BIOL470/Final/Learning_Rig/bee_0408_1_fwd/cam1_2026-04-08_16-18-02.mp4,1586.0,1988.0,1304,1645,1868,2331,0.80574965
732,/Volumes/SmithL0/2026/BIOL470/Final/Learning_Rig/bee_0408_1_fwd/cam1_2026-04-08_16-18-02.mp4,1578.5,1976.0,1300,1617,1857,2335,0.81974506
733,/Volumes/SmithL0/2026/BIOL470/Final/Learning_Rig/bee_0408_1_fwd/cam1_2026-04-08_16-18-02.mp4,1574.0,1984.5,1291,1615,1857,2354,0.8218305
734,/Volumes/SmithL0/2026/BIOL470/Final/Learning_Rig/bee_0408_1_fwd/cam1_2026-04-08_16-18-02.mp4,1582.0,1986.0,1295,1607,1869,2365,0.80830383
735,/Volumes/SmithL0/2026/BIOL470/Final/Learning_Rig/bee_0408_1_fwd/cam1_2026-04-08_16-18-02.mp4,1605.0,2022.0,1309,1666,1901,2378,0.80243146
736,/Volumes/SmithL0/2026/BIOL470/Final/Learning_Rig/bee_0408_1_fwd/cam1_2026-04-08_16-18-02.mp4,1654.0,2023.0,1396,1676,1912,2370,0.8222968
737,/Volumes/SmithL0/2026/BIOL470/Final/Learning_Rig/bee_0408_1_fwd/cam1_2026-04-08_16-18-02.mp4,1674.0,2058.0,1376,1731,1972,2385,0.821508
738,/Volumes/SmithL0/2026/BIOL470/Final/Learning_Rig/bee_0408_1_fwd/cam1_2026-04-08_16-18-02.mp4,1744.5,2122.5,1431,1817,2058,2428,0.8253513
739,/Volumes/SmithL0/2026/BIOL470/Final/Learning_Rig/bee_0408_1_fwd/cam1_2026-04-08_16-18-02.mp4,1791.0,2130.0,1470,1844,2112,2416,0.80790514
740,/Volumes/SmithL0/2026/BIOL470/Final/Learning_Rig/bee_0408_1_fwd/cam1_2026-04-08_16-18-02.mp4,1815.5,2128.0,1472,1849,2159,2407,0.82539517
741,/Volumes/SmithL0/2026/BIOL470/Final/Learning_Rig/bee_0408_1_fwd/cam1_2026-04-08_16-18-02.mp4,1808.0,2111.5,1465,1853,2151,2370,0.8161243
742,/Volumes/SmithL0/2026/BIOL470/Final/Learning_Rig/bee_0408_1_fwd/cam1_2026-04-08_16-18-02.mp4,1817.5,2121.0,1482,1833,2153,2409,0.8228168
743,/Volumes/SmithL0/2026/BIOL470/Final/Learning_Rig/bee_0408_1_fwd/cam1_2026-04-08_16-18-02.mp4,1819.0,2114.5,1482,1804,2156,2425,0.82836926
744,/Volumes/SmithL0/2026/BIOL470/Final/Learning_Rig/bee_0408_1_fwd/cam1_2026-04-08_16-18-02.mp4,1792.0,2087.5,1465,1774,2119,2401,0.8105522
745,/Volumes/SmithL0/2026/BIOL470/Final/Learning_Rig/bee_0408_1_fwd/cam1_2026-04-08_16-18-02.mp4,1801.0,2085.0,1466,1753,2136,2417,0.80536056
746,/Volumes/SmithL0/2026/BIOL470/Final/Learning_Rig/bee_0408_1_fwd/cam1_2026-04-08_16-18-02.mp4,1805.0,2079.0,1474,1734,2136,2424,0.80880135
747,/Volumes/SmithL0/2026/BIOL470/Final/Learning_Rig/bee_0408_1_fwd/cam1_2026-04-08_16-18-02.mp4,1811.5,2074.0,1491,1720,2132,2428,0.8064888
748,/Volumes/SmithL0/2026/BIOL470/Final/Learning_Rig/bee_0408_1_fwd/cam1_2026-04-08_16-18-02.mp4,1810.5,2073.5,1492,1721,2129,2426,0.80954677
749,/Volumes/SmithL0/2026/BIOL470/Final/Learning_Rig/bee_0408_1_fwd/cam1_2026-04-08_16-18-02.mp4,1772.0,2071.0,1522,1705,2022,2437,0.8210751
750,/Volumes/SmithL0/2026/BIOL470/Final/Learning_Rig/bee_0408_1_fwd/cam1_2026-04-08_16-18-02.mp4,1735.5,2081.0,1482,1720,1989,2442,0.8183842
751,/Volumes/SmithL0/2026/BIOL470/Final/Learning_Rig/bee_0408_1_fwd/cam1_2026-04-08_16-18-02.mp4,1728.5,2086.5,1473,1725,1984,2448,0.83090335
752,/Volumes/SmithL0/2026/BIOL470/Final/Learning_Rig/bee_0408_1_fwd/cam1_2026-04-08_16-18-02.mp4,1783.0,2094.5,1512,1749,2054,2440,0.8114564
753,/Volumes/SmithL0/2026/BIOL470/Final/Learning_Rig/bee_0408_1_fwd/cam1_2026-04-08_16-18-02.mp4,1795.5,2176.0,1534,1861,2057,2491,0.8229674
754,/Volumes/SmithL0/2026/BIOL470/Final/Learning_Rig/bee_0408_1_fwd/cam1_2026-04-08_16-18-02.mp4,1784.5,2173.5,1463,1888,2106,2459,0.80298525
755,/Volumes/SmithL0/2026/BIOL470/Final/Learning_Rig/bee_0408_1_fwd/cam1_2026-04-08_16-18-02.mp4,1783.5,2206.0,1458,1949,2109,2463,0.80631536
756,/Volumes/SmithL0/2026/BIOL470/Final/Learning_Rig/bee_0408_1_fwd/cam1_2026-04-08_16-18-02.mp4,1781.0,2208.0,1458,1957,2104,2459,0.7717722
757,/Volumes/SmithL0/2026/BIOL470/Final/Learning_Rig/bee_0408_1_fwd/cam1_2026-04-08_16-18-02.mp4,1781.0,2227.5,1454,1958,2108,2497,0.78861815
758,/Volumes/SmithL0/2026/BIOL470/Final/Learning_Rig/bee_0408_1_fwd/cam1_2026-04-08_16-18-02.mp4,1784.0,2227.0,1447,1950,2121,2504,0.8004568
759,/Volumes/SmithL0/2026/BIOL470/Final/Learning_Rig/bee_0408_1_fwd/cam1_2026-04-08_16-18-02.mp4,1791.5,2230.5,1450,1953,2133,2508,0.80391
760,/Volumes/SmithL0/2026/BIOL470/Final/Learning_Rig/bee_0408_1_fwd/cam1_2026-04-08_16-18-02.mp4,1792.5,2223.5,1448,1944,2137,2503,0.8009813
761,/Volumes/SmithL0/2026/BIOL470/Final/Learning_Rig/bee_0408_1_fwd/cam1_2026-04-08_16-18-02.mp4,1812.5,2229.0,1448,1953,2177,2505,0.7605935
762,/Volumes/SmithL0/2026/BIOL470/Final/Learning_Rig/bee_0408_1_fwd/cam1_2026-04-08_16-18-02.mp4,1820.0,2221.5,1456,1953,2184,2490,0.7070924
763,/Volumes/SmithL0/2026/BIOL470/Final/Learning_Rig/bee_0408_1_fwd/cam1_2026-04-08_16-18-02.mp4,1823.0,2221.0,1466,1957,2180,2485,0.7781535
764,/Volumes/SmithL0/2026/BIOL470/Final/Learning_Rig/bee_0408_1_fwd/cam1_2026-04-08_16-18-02.mp4,1829.5,2239.0,1454,1960,2205,2518,0.722241
765,/Volumes/SmithL0/2026/BIOL470/Final/Learning_Rig/bee_0408_1_fwd/cam1_2026-04-08_16-18-02.mp4,1830.5,2244.5,1456,1965,2205,2524,0.71254885
766,/Volumes/SmithL0/2026/BIOL470/Final/Learning_Rig/bee_0408_1_fwd/cam1_2026-04-08_16-18-02.mp4,1831.5,2230.5,1460,1951,2203,2510,0.7388157
767,/Volumes/SmithL0/2026/BIOL470/Final/Learning_Rig/bee_0408_1_fwd/cam1_2026-04-08_16-18-02.mp4,1834.0,2219.5,1470,1956,2198,2483,0.69162977
768,/Volumes/SmithL0/2026/BIOL470/Final/Learning_Rig/bee_0408_1_fwd/cam1_2026-04-08_16-18-02.mp4,1834.5,2211.5,1469,1952,2200,2471,0.70531833
769,/Volumes/SmithL0/2026/BIOL470/Final/Learning_Rig/bee_0408_1_fwd/cam1_2026-04-08_16-18-02.mp4,1833.5,2209.0,1467,1951,2200,2467,0.7431111
770,/Volumes/SmithL0/2026/BIOL470/Final/Learning_Rig/bee_0408_1_fwd/cam1_2026-04-08_16-18-02.mp4,1833.5,2209.0,1468,1951,2199,2467,0.7509314
771,/Volumes/SmithL0/2026/BIOL470/Final/Learning_Rig/bee_0408_1_fwd/cam1_2026-04-08_16-18-02.mp4,1834.5,2223.0,1469,1947,2200,2499,0.72697693
772,/Volumes/SmithL0/2026/BIOL470/Final/Learning_Rig/bee_0408_1_fwd/cam1_2026-04-08_16-18-02.mp4,1830.0,2230.0,1453,1967,2207,2493,0.71764034
773,/Volumes/SmithL0/2026/BIOL470/Final/Learning_Rig/bee_0408_1_fwd/cam1_2026-04-08_16-18-02.mp4,1829.5,2229.5,1449,1962,2210,2497,0.7343723
774,/Volumes/SmithL0/2026/BIOL470/Final/Learning_Rig/bee_0408_1_fwd/cam1_2026-04-08_16-18-02.mp4,1827.5,2228.0,1448,1964,2207,2492,0.67863935
775,/Volumes/SmithL0/2026/BIOL470/Final/Learning_Rig/bee_0408_1_fwd/cam1_2026-04-08_16-18-02.mp4,1833.0,2214.0,1463,1945,2203,2483,0.7015455
776,/Volumes/SmithL0/2026/BIOL470/Final/Learning_Rig/bee_0408_1_fwd/cam1_2026-04-08_16-18-02.mp4,1827.0,2224.5,1452,1966,2202,2483,0.72257584
777,/Volumes/SmithL0/2026/BIOL470/Final/Learning_Rig/bee_0408_1_fwd/cam1_2026-04-08_16-18-02.mp4,1834.5,2232.0,1462,1962,2207,2502,0.6899047
778,/Volumes/SmithL0/2026/BIOL470/Final/Learning_Rig/bee_0408_1_fwd/cam1_2026-04-08_16-18-02.mp4,1834.5,2229.5,1469,1942,2200,2517,0.7013008
779,/Volumes/SmithL0/2026/BIOL470/Final/Learning_Rig/bee_0408_1_fwd/cam1_2026-04-08_16-18-02.mp4,1833.5,2219.0,1478,1943,2189,2495,0.70754194
780,/Volumes/SmithL0/2026/BIOL470/Final/Learning_Rig/bee_0408_1_fwd/cam1_2026-04-08_16-18-02.mp4,1828.0,2218.5,1453,1947,2203,2490,0.6823215
781,/Volumes/SmithL0/2026/BIOL470/Final/Learning_Rig/bee_0408_1_fwd/cam1_2026-04-08_16-18-02.mp4,1848.0,2226.5,1490,1944,2206,2509,0.73544705
782,/Volumes/SmithL0/2026/BIOL470/Final/Learning_Rig/bee_0408_1_fwd/cam1_2026-04-08_16-18-02.mp4,1867.0,2233.0,1527,1953,2207,2513,0.6734736
783,/Volumes/SmithL0/2026/BIOL470/Final/Learning_Rig/bee_0408_1_fwd/cam1_2026-04-08_16-18-02.mp4,1871.5,2210.5,1519,1963,2224,2458,0.7375241
784,/Volumes/SmithL0/2026/BIOL470/Final/Learning_Rig/bee_0408_1_fwd/cam1_2026-04-08_16-18-02.mp4,1884.0,2212.0,1538,1958,2230,2466,0.7488157
785,/Volumes/SmithL0/2026/BIOL470/Final/Learning_Rig/bee_0408_1_fwd/cam1_2026-04-08_16-18-02.mp4,1882.5,2209.5,1543,1960,2222,2459,0.77823806
786,/Volumes/SmithL0/2026/BIOL470/Final/Learning_Rig/bee_0408_1_fwd/cam1_2026-04-08_16-18-02.mp4,1886.5,2207.0,1550,1957,2223,2457,0.7688006
787,/Volumes/SmithL0/2026/BIOL470/Final/Learning_Rig/bee_0408_1_fwd/cam1_2026-04-08_16-18-02.mp4,1885.5,2200.5,1550,1948,2221,2453,0.74323237
788,/Volumes/SmithL0/2026/BIOL470/Final/Learning_Rig/bee_0408_1_fwd/cam1_2026-04-08_16-18-02.mp4,1879.0,2201.5,1548,1951,2210,2452,0.70069665
789,/Volumes/SmithL0/2026/BIOL470/Final/Learning_Rig/bee_0408_1_fwd/cam1_2026-04-08_16-18-02.mp4,1887.0,2205.0,1539,1948,2235,2462,0.65924823
790,/Volumes/SmithL0/2026/BIOL470/Final/Learning_Rig/bee_0408_1_fwd/cam1_2026-04-08_16-18-02.mp4,1876.0,2201.0,1533,1935,2219,2467,0.5524425
791,/Volumes/SmithL0/2026/BIOL470/Final/Learning_Rig/bee_0408_1_fwd/cam1_2026-04-08_16-18-02.mp4,1890.0,2212.5,1528,1954,2252,2471,0.70632964
792,/Volumes/SmithL0/2026/BIOL470/Final/Learning_Rig/bee_0408_1_fwd/cam1_2026-04-08_16-18-02.mp4,1889.5,2206.0,1541,1950,2238,2462,0.68496865
793,/Volumes/SmithL0/2026/BIOL470/Final/Learning_Rig/bee_0408_1_fwd/cam1_2026-04-08_16-18-02.mp4,1875.5,2198.5,1551,1949,2200,2448,0.7676305
794,/Volumes/SmithL0/2026/BIOL470/Final/Learning_Rig/bee_0408_1_fwd/cam1_2026-04-08_16-18-02.mp4,1886.0,2193.5,1559,1963,2213,2424,0.79660314
795,/Volumes/SmithL0/2026/BIOL470/Final/Learning_Rig/bee_0408_1_fwd/cam1_2026-04-08_16-18-02.mp4,1714.0,2228.5,1551,2048,1877,2409,0.6745716
796,/Volumes/SmithL0/2026/BIOL470/Final/Learning_Rig/bee_0408_1_fwd/cam1_2026-04-08_16-18-02.mp4,1669.5,2224.0,1535,2058,1804,2390,0.7032005
797,/Volumes/SmithL0/2026/BIOL470/Final/Learning_Rig/bee_0408_1_fwd/cam1_2026-04-08_16-18-02.mp4,1863.0,2190.5,1528,1956,2198,2425,0.69101346
798,/Volumes/SmithL0/2026/BIOL470/Final/Learning_Rig/bee_0408_1_fwd/cam1_2026-04-08_16-18-02.mp4,1668.5,2221.5,1533,2055,1804,2388,0.5733491
799,/Volumes/SmithL0/2026/BIOL470/Final/Learning_Rig/bee_0408_1_fwd/cam1_2026-04-08_16-18-02.mp4,1866.0,2192.0,1531,1955,2201,2429,0.68510497
800,/Volumes/SmithL0/2026/BIOL470/Final/Learning_Rig/bee_0408_1_fwd/cam1_2026-04-08_16-18-02.mp4,1859.0,2204.5,1555,1985,2163,2424,0.6114677
801,/Volumes/SmithL0/2026/BIOL470/Final/Learning_Rig/bee_0408_1_fwd/cam1_2026-04-08_16-18-02.mp4,1669.5,2233.0,1539,2053,1800,2413,0.55582714
802,/Volumes/SmithL0/2026/BIOL470/Final/Learning_Rig/bee_0408_1_fwd/cam1_2026-04-08_16-18-02.mp4,1893.5,2199.5,1500,1981,2287,2418,0.66504836
803,/Volumes/SmithL0/2026/BIOL470/Final/Learning_Rig/bee_0408_1_fwd/cam1_2026-04-08_16-18-02.mp4,1820.0,2179.0,1475,1959,2165,2399,0.5395968
804,/Volumes/SmithL0/2026/BIOL470/Final/Learning_Rig/bee_0408_1_fwd/cam1_2026-04-08_16-18-02.mp4,1866.0,2193.0,1480,1963,2252,2423,0.68442905
805,/Volumes/SmithL0/2026/BIOL470/Final/Learning_Rig/bee_0408_1_fwd/cam1_2026-04-08_16-18-02.mp4,1847.0,2191.5,1461,1963,2233,2420,0.6084694
806,/Volumes/SmithL0/2026/BIOL470/Final/Learning_Rig/bee_0408_1_fwd/cam1_2026-04-08_16-18-02.mp4,1817.0,2208.0,1434,1969,2200,2447,0.7576362
807,/Volumes/SmithL0/2026/BIOL470/Final/Learning_Rig/bee_0408_1_fwd/cam1_2026-04-08_16-18-02.mp4,1714.0,2214.0,1316,1957,2112,2471,0.76854086
808,/Volumes/SmithL0/2026/BIOL470/Final/Learning_Rig/bee_0408_1_fwd/cam1_2026-04-08_16-18-02.mp4,1644.5,2216.5,1281,1960,2008,2473,0.7913886
809,/Volumes/SmithL0/2026/BIOL470/Final/Learning_Rig/bee_0408_1_fwd/cam1_2026-04-08_16-18-02.mp4,1550.0,2206.5,1182,1957,1918,2456,0.8033861
810,/Volumes/SmithL0/2026/BIOL470/Final/Learning_Rig/bee_0408_1_fwd/cam1_2026-04-08_16-18-02.mp4,1375.0,2238.0,1010,1975,1740,2501,0.80921316
811,/Volumes/SmithL0/2026/BIOL470/Final/Learning_Rig/bee_0408_1_fwd/cam1_2026-04-08_16-18-02.mp4,1362.5,2246.5,1004,1975,1721,2518,0.8111728
812,/Volumes/SmithL0/2026/BIOL470/Final/Learning_Rig/bee_0408_1_fwd/cam1_2026-04-08_16-18-02.mp4,1353.5,2233.5,1003,1971,1704,2496,0.783503
813,/Volumes/SmithL0/2026/BIOL470/Final/Learning_Rig/bee_0408_1_fwd/cam1_2026-04-08_16-18-02.mp4,1344.5,2266.5,990,2001,1699,2532,0.8146842
814,/Volumes/SmithL0/2026/BIOL470/Final/Learning_Rig/bee_0408_1_fwd/cam1_2026-04-08_16-18-02.mp4,1349.5,2276.0,998,2048,1701,2504,0.7794826
815,/Volumes/SmithL0/2026/BIOL470/Final/Learning_Rig/bee_0408_1_fwd/cam1_2026-04-08_16-18-02.mp4,1356.0,2286.5,1012,2061,1700,2512,0.79696375
816,/Volumes/SmithL0/2026/BIOL470/Final/Learning_Rig/bee_0408_1_fwd/cam1_2026-04-08_16-18-02.mp4,1374.0,2287.5,1035,2061,1713,2514,0.80906504
817,/Volumes/SmithL0/2026/BIOL470/Final/Learning_Rig/bee_0408_1_fwd/cam1_2026-04-08_16-18-02.mp4,1347.5,2296.5,1012,2066,1683,2527,0.8239621
818,/Volumes/SmithL0/2026/BIOL470/Final/Learning_Rig/bee_0408_1_fwd/cam1_2026-04-08_16-18-02.mp4,1344.0,2297.5,1010,2068,1678,2527,0.8250353
819,/Volumes/SmithL0/2026/BIOL470/Final/Learning_Rig/bee_0408_1_fwd/cam1_2026-04-08_16-18-02.mp4,1346.5,2304.0,999,2064,1694,2544,0.82210016
820,/Volumes/SmithL0/2026/BIOL470/Final/Learning_Rig/bee_0408_1_fwd/cam1_2026-04-08_16-18-02.mp4,1347.0,2302.5,992,2059,1702,2546,0.8109958
821,/Volumes/SmithL0/2026/BIOL470/Final/Learning_Rig/bee_0408_1_fwd/cam1_2026-04-08_16-18-02.mp4,1355.0,2306.0,991,2069,1719,2543,0.8151067
822,/Volumes/SmithL0/2026/BIOL470/Final/Learning_Rig/bee_0408_1_fwd/cam1_2026-04-08_16-18-02.mp4,1367.0,2314.5,997,2079,1737,2550,0.80934334
823,/Volumes/SmithL0/2026/BIOL470/Final/Learning_Rig/bee_0408_1_fwd/cam1_2026-04-08_16-18-02.mp4,1348.5,2316.0,970,2079,1727,2553,0.806746
824,/Volumes/SmithL0/2026/BIOL470/Final/Learning_Rig/bee_0408_1_fwd/cam1_2026-04-08_16-18-02.mp4,1319.0,2305.0,941,2069,1697,2541,0.77998817
825,/Volumes/SmithL0/2026/BIOL470/Final/Learning_Rig/bee_0408_1_fwd/cam1_2026-04-08_16-18-02.mp4,1309.0,2325.0,938,2091,1680,2559,0.78230107
826,/Volumes/SmithL0/2026/BIOL470/Final/Learning_Rig/bee_0408_1_fwd/cam1_2026-04-08_16-18-02.mp4,1311.0,2315.5,938,2074,1684,2557,0.78864795
827,/Volumes/SmithL0/2026/BIOL470/Final/Learning_Rig/bee_0408_1_fwd/cam1_2026-04-08_16-18-02.mp4,1304.0,2309.5,937,2073,1671,2546,0.7930634
828,/Volumes/SmithL0/2026/BIOL470/Final/Learning_Rig/bee_0408_1_fwd/cam1_2026-04-08_16-18-02.mp4,1295.0,2318.0,921,2079,1669,2557,0.7748533
829,/Volumes/SmithL0/2026/BIOL470/Final/Learning_Rig/bee_0408_1_fwd/cam1_2026-04-08_16-18-02.mp4,1287.5,2332.5,919,2101,1656,2564,0.76893014
830,/Volumes/SmithL0/2026/BIOL470/Final/Learning_Rig/bee_0408_1_fwd/cam1_2026-04-08_16-18-02.mp4,1264.0,2318.5,899,2092,1629,2545,0.7245879
831,/Volumes/SmithL0/2026/BIOL470/Final/Learning_Rig/bee_0408_1_fwd/cam1_2026-04-08_16-18-02.mp4,1250.5,2344.5,894,2118,1607,2571,0.7645462
832,/Volumes/SmithL0/2026/BIOL470/Final/Learning_Rig/bee_0408_1_fwd/cam1_2026-04-08_16-18-02.mp4,1235.0,2310.5,882,2069,1588,2552,0.77087134
833,/Volumes/SmithL0/2026/BIOL470/Final/Learning_Rig/bee_0408_1_fwd/cam1_2026-04-08_16-18-02.mp4,1231.0,2298.0,871,2048,1591,2548,0.8006235
834,/Volumes/SmithL0/2026/BIOL470/Final/Learning_Rig/bee_0408_1_fwd/cam1_2026-04-08_16-18-02.mp4,1224.5,2291.5,856,2044,1593,2539,0.7988694
835,/Volumes/SmithL0/2026/BIOL470/Final/Learning_Rig/bee_0408_1_fwd/cam1_2026-04-08_16-18-02.mp4,1235.0,2292.5,856,2041,1614,2544,0.80466586
836,/Volumes/SmithL0/2026/BIOL470/Final/Learning_Rig/bee_0408_1_fwd/cam1_2026-04-08_16-18-02.mp4,1239.5,2270.0,864,2027,1615,2513,0.7576422
837,/Volumes/SmithL0/2026/BIOL470/Final/Learning_Rig/bee_0408_1_fwd/cam1_2026-04-08_16-18-02.mp4,1227.5,2249.0,856,1973,1599,2525,0.787791
838,/Volumes/SmithL0/2026/BIOL470/Final/Learning_Rig/bee_0408_1_fwd/cam1_2026-04-08_16-18-02.mp4,1260.0,2239.0,905,1956,1615,2522,0.82675415
839,/Volumes/SmithL0/2026/BIOL470/Final/Learning_Rig/bee_0408_1_fwd/cam1_2026-04-08_16-18-02.mp4,1281.5,2234.5,905,1963,1658,2506,0.8232581
840,/Volumes/SmithL0/2026/BIOL470/Final/Learning_Rig/bee_0408_1_fwd/cam1_2026-04-08_16-18-02.mp4,1293.0,2240.5,919,1958,1667,2523,0.8148983
841,/Volumes/SmithL0/2026/BIOL470/Final/Learning_Rig/bee_0408_1_fwd/cam1_2026-04-08_16-18-02.mp4,1295.0,2199.5,926,1880,1664,2519,0.8142139
842,/Volumes/SmithL0/2026/BIOL470/Final/Learning_Rig/bee_0408_1_fwd/cam1_2026-04-08_16-18-02.mp4,1293.0,2204.5,939,1886,1647,2523,0.81783813
843,/Volumes/SmithL0/2026/BIOL470/Final/Learning_Rig/bee_0408_1_fwd/cam1_2026-04-08_16-18-02.mp4,1292.0,2224.5,970,1919,1614,2530,0.83373946
844,/Volumes/SmithL0/2026/BIOL470/Final/Learning_Rig/bee_0408_1_fwd/cam1_2026-04-08_16-18-02.mp4,1301.5,2228.0,991,1915,1612,2541,0.8533533
845,/Volumes/SmithL0/2026/BIOL470/Final/Learning_Rig/bee_0408_1_fwd/cam1_2026-04-08_16-18-02.mp4,1300.0,2208.5,993,1873,1607,2544,0.8472523
846,/Volumes/SmithL0/2026/BIOL470/Final/Learning_Rig/bee_0408_1_fwd/cam1_2026-04-08_16-18-02.mp4,1268.0,2207.0,907,1876,1629,2538,0.8152809
847,/Volumes/SmithL0/2026/BIOL470/Final/Learning_Rig/bee_0408_1_fwd/cam1_2026-04-08_16-18-02.mp4,1205.5,2197.5,950,1863,1461,2532,0.8410493
848,/Volumes/SmithL0/2026/BIOL470/Final/Learning_Rig/bee_0408_1_fwd/cam1_2026-04-08_16-18-02.mp4,1181.0,2178.5,926,1853,1436,2504,0.8439644
849,/Volumes/SmithL0/2026/BIOL470/Final/Learning_Rig/bee_0408_1_fwd/cam1_2026-04-08_16-18-02.mp4,1178.5,2173.0,921,1847,1436,2499,0.8293048
850,/Volumes/SmithL0/2026/BIOL470/Final/Learning_Rig/bee_0408_1_fwd/cam1_2026-04-08_16-18-02.mp4,1158.0,2126.5,906,1806,1410,2447,0.81935555
851,/Volumes/SmithL0/2026/BIOL470/Final/Learning_Rig/bee_0408_1_fwd/cam1_2026-04-08_16-18-02.mp4,1161.5,2104.5,909,1771,1414,2438,0.8206552
852,/Volumes/SmithL0/2026/BIOL470/Final/Learning_Rig/bee_0408_1_fwd/cam1_2026-04-08_16-18-02.mp4,1164.0,2072.0,916,1737,1412,2407,0.8099489
853,/Volumes/SmithL0/2026/BIOL470/Final/Learning_Rig/bee_0408_1_fwd/cam1_2026-04-08_16-18-02.mp4,1169.0,2067.5,916,1734,1422,2401,0.8112982
854,/Volumes/SmithL0/2026/BIOL470/Final/Learning_Rig/bee_0408_1_fwd/cam1_2026-04-08_16-18-02.mp4,1177.0,2053.5,922,1714,1432,2393,0.81720227
855,/Volumes/SmithL0/2026/BIOL470/Final/Learning_Rig/bee_0408_1_fwd/cam1_2026-04-08_16-18-02.mp4,1155.5,2067.0,901,1738,1410,2396,0.8137019
856,/Volumes/SmithL0/2026/BIOL470/Final/Learning_Rig/bee_0408_1_fwd/cam1_2026-04-08_16-18-02.mp4,1167.0,2066.5,906,1733,1428,2400,0.82567996
857,/Volumes/SmithL0/2026/BIOL470/Final/Learning_Rig/bee_0408_1_fwd/cam1_2026-04-08_16-18-02.mp4,1161.0,2059.0,913,1721,1409,2397,0.81933856
858,/Volumes/SmithL0/2026/BIOL470/Final/Learning_Rig/bee_0408_1_fwd/cam1_2026-04-08_16-18-02.mp4,1158.5,2030.5,906,1717,1411,2344,0.8369194
859,/Volumes/SmithL0/2026/BIOL470/Final/Learning_Rig/bee_0408_1_fwd/cam1_2026-04-08_16-18-02.mp4,1165.0,2021.0,909,1706,1421,2336,0.8403977
860,/Volumes/SmithL0/2026/BIOL470/Final/Learning_Rig/bee_0408_1_fwd/cam1_2026-04-08_16-18-02.mp4,1168.5,2017.5,919,1704,1418,2331,0.84067804
861,/Volumes/SmithL0/2026/BIOL470/Final/Learning_Rig/bee_0408_1_fwd/cam1_2026-04-08_16-18-02.mp4,1174.0,2005.5,918,1683,1430,2328,0.8282409
862,/Volumes/SmithL0/2026/BIOL470/Final/Learning_Rig/bee_0408_1_fwd/cam1_2026-04-08_16-18-02.mp4,1156.5,1987.5,900,1671,1413,2304,0.8100268
863,/Volumes/SmithL0/2026/BIOL470/Final/Learning_Rig/bee_0408_1_fwd/cam1_2026-04-08_16-18-02.mp4,1157.0,1985.5,902,1670,1412,2301,0.8063772
864,/Volumes/SmithL0/2026/BIOL470/Final/Learning_Rig/bee_0408_1_fwd/cam1_2026-04-08_16-18-02.mp4,1159.5,1985.5,912,1666,1407,2305,0.79776764
865,/Volumes/SmithL0/2026/BIOL470/Final/Learning_Rig/bee_0408_1_fwd/cam1_2026-04-08_16-18-02.mp4,1164.0,1982.0,919,1659,1409,2305,0.7983677
866,/Volumes/SmithL0/2026/BIOL470/Final/Learning_Rig/bee_0408_1_fwd/cam1_2026-04-08_16-18-02.mp4,1150.0,1923.0,892,1600,1408,2246,0.8090997
867,/Volumes/SmithL0/2026/BIOL470/Final/Learning_Rig/bee_0408_1_fwd/cam1_2026-04-08_16-18-02.mp4,1177.5,1896.0,895,1556,1460,2236,0.7940428
868,/Volumes/SmithL0/2026/BIOL470/Final/Learning_Rig/bee_0408_1_fwd/cam1_2026-04-08_16-18-02.mp4,1186.0,1850.0,902,1499,1470,2201,0.81338286
869,/Volumes/SmithL0/2026/BIOL470/Final/Learning_Rig/bee_0408_1_fwd/cam1_2026-04-08_16-18-02.mp4,1225.5,1821.0,905,1486,1546,2156,0.8052437
870,/Volumes/SmithL0/2026/BIOL470/Final/Learning_Rig/bee_0408_1_fwd/cam1_2026-04-08_16-18-02.mp4,1172.5,1804.5,903,1472,1442,2137,0.7823676
871,/Volumes/SmithL0/2026/BIOL470/Final/Learning_Rig/bee_0408_1_fwd/cam1_2026-04-08_16-18-02.mp4,1193.5,1800.0,918,1458,1469,2142,0.7960667
872,/Volumes/SmithL0/2026/BIOL470/Final/Learning_Rig/bee_0408_1_fwd/cam1_2026-04-08_16-18-02.mp4,1194.5,1798.5,926,1466,1463,2131,0.806191
873,/Volumes/SmithL0/2026/BIOL470/Final/Learning_Rig/bee_0408_1_fwd/cam1_2026-04-08_16-18-02.mp4,1216.0,1781.0,923,1455,1509,2107,0.808241
874,/Volumes/SmithL0/2026/BIOL470/Final/Learning_Rig/bee_0408_1_fwd/cam1_2026-04-08_16-18-02.mp4,1230.5,1769.0,923,1453,1538,2085,0.8248827
875,/Volumes/SmithL0/2026/BIOL470/Final/Learning_Rig/bee_0408_1_fwd/cam1_2026-04-08_16-18-02.mp4,1240.0,1731.5,927,1406,1553,2057,0.83368754
876,/Volumes/SmithL0/2026/BIOL470/Final/Learning_Rig/bee_0408_1_fwd/cam1_2026-04-08_16-18-02.mp4,1256.0,1718.5,946,1397,1566,2040,0.8013015
877,/Volumes/SmithL0/2026/BIOL470/Final/Learning_Rig/bee_0408_1_fwd/cam1_2026-04-08_16-18-02.mp4,1263.0,1694.0,941,1373,1585,2015,0.7898647
878,/Volumes/SmithL0/2026/BIOL470/Final/Learning_Rig/bee_0408_1_fwd/cam1_2026-04-08_16-18-02.mp4,1286.5,1680.5,966,1348,1607,2013,0.83466977
879,/Volumes/SmithL0/2026/BIOL470/Final/Learning_Rig/bee_0408_1_fwd/cam1_2026-04-08_16-18-02.mp4,1291.5,1672.5,970,1331,1613,2014,0.8375154
880,/Volumes/SmithL0/2026/BIOL470/Final/Learning_Rig/bee_0408_1_fwd/cam1_2026-04-08_16-18-02.mp4,1382.5,1628.5,999,1320,1766,1937,0.8331572
881,/Volumes/SmithL0/2026/BIOL470/Final/Learning_Rig/bee_0408_1_fwd/cam1_2026-04-08_16-18-02.mp4,1420.5,1626.5,1045,1334,1796,1919,0.8100826
882,/Volumes/SmithL0/2026/BIOL470/Final/Learning_Rig/bee_0408_1_fwd/cam1_2026-04-08_16-18-02.mp4,1442.0,1624.5,1056,1342,1828,1907,0.8067772
883,/Volumes/SmithL0/2026/BIOL470/Final/Learning_Rig/bee_0408_1_fwd/cam1_2026-04-08_16-18-02.mp4,1460.0,1621.0,1080,1347,1840,1895,0.7925068
884,/Volumes/SmithL0/2026/BIOL470/Final/Learning_Rig/bee_0408_1_fwd/cam1_2026-04-08_16-18-02.mp4,1499.5,1606.0,1130,1360,1869,1852,0.79926544
885,/Volumes/SmithL0/2026/BIOL470/Final/Learning_Rig/bee_0408_1_fwd/cam1_2026-04-08_16-18-02.mp4,1524.0,1642.5,1131,1367,1917,1918,0.7828025
886,/Volumes/SmithL0/2026/BIOL470/Final/Learning_Rig/bee_0408_1_fwd/cam1_2026-04-08_16-18-02.mp4,1591.5,1625.5,1212,1367,1971,1884,0.76625925
887,/Volumes/SmithL0/2026/BIOL470/Final/Learning_Rig/bee_0408_1_fwd/cam1_2026-04-08_16-18-02.mp4,1621.5,1643.0,1242,1364,2001,1922,0.7915918
888,/Volumes/SmithL0/2026/BIOL470/Final/Learning_Rig/bee_0408_1_fwd/cam1_2026-04-08_16-18-02.mp4,1614.5,1639.0,1222,1364,2007,1914,0.78555316
889,/Volumes/SmithL0/2026/BIOL470/Final/Learning_Rig/bee_0408_1_fwd/cam1_2026-04-08_16-18-02.mp4,1612.5,1634.0,1212,1360,2013,1908,0.7727621
890,/Volumes/SmithL0/2026/BIOL470/Final/Learning_Rig/bee_0408_1_fwd/cam1_2026-04-08_16-18-02.mp4,1621.0,1630.5,1224,1360,2018,1901,0.7737165
891,/Volumes/SmithL0/2026/BIOL470/Final/Learning_Rig/bee_0408_1_fwd/cam1_2026-04-08_16-18-02.mp4,1624.0,1630.5,1227,1360,2021,1901,0.77314943
892,/Volumes/SmithL0/2026/BIOL470/Final/Learning_Rig/bee_0408_1_fwd/cam1_2026-04-08_16-18-02.mp4,1664.0,1595.5,1263,1361,2065,1830,0.75170064
893,/Volumes/SmithL0/2026/BIOL470/Final/Learning_Rig/bee_0408_1_fwd/cam1_2026-04-08_16-18-02.mp4,1678.0,1598.0,1271,1360,2085,1836,0.7647282
894,/Volumes/SmithL0/2026/BIOL470/Final/Learning_Rig/bee_0408_1_fwd/cam1_2026-04-08_16-18-02.mp4,1676.0,1610.0,1294,1360,2058,1860,0.7875351
895,/Volumes/SmithL0/2026/BIOL470/Final/Learning_Rig/bee_0408_1_fwd/cam1_2026-04-08_16-18-02.mp4,1682.5,1627.5,1303,1360,2062,1895,0.788731
896,/Volumes/SmithL0/2026/BIOL470/Final/Learning_Rig/bee_0408_1_fwd/cam1_2026-04-08_16-18-02.mp4,1680.5,1623.5,1299,1363,2062,1884,0.7726122
897,/Volumes/SmithL0/2026/BIOL470/Final/Learning_Rig/bee_0408_1_fwd/cam1_2026-04-08_16-18-02.mp4,1695.5,1639.0,1285,1363,2106,1915,0.77490526
898,/Volumes/SmithL0/2026/BIOL470/Final/Learning_Rig/bee_0408_1_fwd/cam1_2026-04-08_16-18-02.mp4,1678.5,1630.0,1292,1360,2065,1900,0.8003882
899,/Volumes/SmithL0/2026/BIOL470/Final/Learning_Rig/bee_0408_1_fwd/cam1_2026-04-08_16-18-02.mp4,1672.5,1630.0,1280,1355,2065,1905,0.79284126
900,/Volumes/SmithL0/2026/BIOL470/Final/Learning_Rig/bee_0408_1_fwd/cam1_2026-04-08_16-18-02.mp4,1669.0,1631.0,1279,1354,2059,1908,0.8015573
901,/Volumes/SmithL0/2026/BIOL470/Final/Learning_Rig/bee_0408_1_fwd/cam1_2026-04-08_16-18-02.mp4,1666.0,1634.5,1277,1355,2055,1914,0.78780127
902,/Volumes/SmithL0/2026/BIOL470/Final/Learning_Rig/bee_0408_1_fwd/cam1_2026-04-08_16-18-02.mp4,1655.5,1643.0,1274,1354,2037,1932,0.78034276
903,/Volumes/SmithL0/2026/BIOL470/Final/Learning_Rig/bee_0408_1_fwd/cam1_2026-04-08_16-18-02.mp4,1645.5,1643.0,1273,1352,2018,1934,0.78728426
904,/Volumes/SmithL0/2026/BIOL470/Final/Learning_Rig/bee_0408_1_fwd/cam1_2026-04-08_16-18-02.mp4,1639.5,1658.0,1268,1344,2011,1972,0.80405253
905,/Volumes/SmithL0/2026/BIOL470/Final/Learning_Rig/bee_0408_1_fwd/cam1_2026-04-08_16-18-02.mp4,1634.5,1665.0,1259,1343,2010,1987,0.80946857
906,/Volumes/SmithL0/2026/BIOL470/Final/Learning_Rig/bee_0408_1_fwd/cam1_2026-04-08_16-18-02.mp4,1631.5,1678.5,1239,1346,2024,2011,0.80357957
907,/Volumes/SmithL0/2026/BIOL470/Final/Learning_Rig/bee_0408_1_fwd/cam1_2026-04-08_16-18-02.mp4,1631.5,1685.0,1239,1348,2024,2022,0.8010385
908,/Volumes/SmithL0/2026/BIOL470/Final/Learning_Rig/bee_0408_1_fwd/cam1_2026-04-08_16-18-02.mp4,1619.0,1689.0,1232,1350,2006,2028,0.8030327
909,/Volumes/SmithL0/2026/BIOL470/Final/Learning_Rig/bee_0408_1_fwd/cam1_2026-04-08_16-18-02.mp4,1635.5,1695.5,1240,1355,2031,2036,0.7571905
910,/Volumes/SmithL0/2026/BIOL470/Final/Learning_Rig/bee_0408_1_fwd/cam1_2026-04-08_16-18-02.mp4,1640.0,1639.5,1264,1355,2016,1924,0.8192993
911,/Volumes/SmithL0/2026/BIOL470/Final/Learning_Rig/bee_0408_1_fwd/cam1_2026-04-08_16-18-02.mp4,1586.5,1635.0,1283,1350,1890,1920,0.81675285
912,/Volumes/SmithL0/2026/BIOL470/Final/Learning_Rig/bee_0408_1_fwd/cam1_2026-04-08_16-18-02.mp4,1590.5,1632.0,1290,1339,1891,1925,0.825321
913,/Volumes/SmithL0/2026/BIOL470/Final/Learning_Rig/bee_0408_1_fwd/cam1_2026-04-08_16-18-02.mp4,1598.0,1628.5,1304,1317,1892,1940,0.828655
914,/Volumes/SmithL0/2026/BIOL470/Final/Learning_Rig/bee_0408_1_fwd/cam1_2026-04-08_16-18-02.mp4,1604.0,1624.0,1314,1310,1894,1938,0.8320923
915,/Volumes/SmithL0/2026/BIOL470/Final/Learning_Rig/bee_0408_1_fwd/cam1_2026-04-08_16-18-02.mp4,1605.0,1620.0,1316,1305,1894,1935,0.8267544
916,/Volumes/SmithL0/2026/BIOL470/Final/Learning_Rig/bee_0408_1_fwd/cam1_2026-04-08_16-18-02.mp4,1607.0,1613.5,1318,1303,1896,1924,0.8228818
917,/Volumes/SmithL0/2026/BIOL470/Final/Learning_Rig/bee_0408_1_fwd/cam1_2026-04-08_16-18-02.mp4,1610.0,1616.5,1323,1302,1897,1931,0.820553
918,/Volumes/SmithL0/2026/BIOL470/Final/Learning_Rig/bee_0408_1_fwd/cam1_2026-04-08_16-18-02.mp4,1611.0,1616.0,1324,1301,1898,1931,0.8251027
919,/Volumes/SmithL0/2026/BIOL470/Final/Learning_Rig/bee_0408_1_fwd/cam1_2026-04-08_16-18-02.mp4,1610.5,1616.0,1323,1303,1898,1929,0.8252477
920,/Volumes/SmithL0/2026/BIOL470/Final/Learning_Rig/bee_0408_1_fwd/cam1_2026-04-08_16-18-02.mp4,1612.0,1616.5,1326,1306,1898,1927,0.82206213
921,/Volumes/SmithL0/2026/BIOL470/Final/Learning_Rig/bee_0408_1_fwd/cam1_2026-04-08_16-18-02.mp4,1612.0,1615.0,1325,1307,1899,1923,0.83005863
922,/Volumes/SmithL0/2026/BIOL470/Final/Learning_Rig/bee_0408_1_fwd/cam1_2026-04-08_16-18-02.mp4,1614.0,1613.5,1327,1308,1901,1919,0.82858557
923,/Volumes/SmithL0/2026/BIOL470/Final/Learning_Rig/bee_0408_1_fwd/cam1_2026-04-08_16-18-02.mp4,1614.5,1611.5,1326,1309,1903,1914,0.832642
924,/Volumes/SmithL0/2026/BIOL470/Final/Learning_Rig/bee_0408_1_fwd/cam1_2026-04-08_16-18-02.mp4,1615.0,1610.5,1326,1315,1904,1906,0.82880145
925,/Volumes/SmithL0/2026/BIOL470/Final/Learning_Rig/bee_0408_1_fwd/cam1_2026-04-08_16-18-02.mp4,1625.0,1608.5,1325,1303,1925,1914,0.82929415
926,/Volumes/SmithL0/2026/BIOL470/Final/Learning_Rig/bee_0408_1_fwd/cam1_2026-04-08_16-18-02.mp4,1625.0,1609.5,1325,1303,1925,1916,0.8289684
927,/Volumes/SmithL0/2026/BIOL470/Final/Learning_Rig/bee_0408_1_fwd/cam1_2026-04-08_16-18-02.mp4,1614.5,1610.0,1325,1316,1904,1904,0.82763386
928,/Volumes/SmithL0/2026/BIOL470/Final/Learning_Rig/bee_0408_1_fwd/cam1_2026-04-08_16-18-02.mp4,1614.0,1610.0,1323,1316,1905,1904,0.8286552
929,/Volumes/SmithL0/2026/BIOL470/Final/Learning_Rig/bee_0408_1_fwd/cam1_2026-04-08_16-18-02.mp4,1616.5,1615.0,1322,1317,1911,1913,0.82758856
930,/Volumes/SmithL0/2026/BIOL470/Final/Learning_Rig/bee_0408_1_fwd/cam1_2026-04-08_16-18-02.mp4,1606.0,1619.5,1312,1322,1900,1917,0.8341584
931,/Volumes/SmithL0/2026/BIOL470/Final/Learning_Rig/bee_0408_1_fwd/cam1_2026-04-08_16-18-02.mp4,1605.5,1628.5,1312,1323,1899,1934,0.83179134
932,/Volumes/SmithL0/2026/BIOL470/Final/Learning_Rig/bee_0408_1_fwd/cam1_2026-04-08_16-18-02.mp4,1608.0,1631.0,1318,1322,1898,1940,0.8297305
933,/Volumes/SmithL0/2026/BIOL470/Final/Learning_Rig/bee_0408_1_fwd/cam1_2026-04-08_16-18-02.mp4,1610.0,1632.0,1321,1324,1899,1940,0.83005846
934,/Volumes/SmithL0/2026/BIOL470/Final/Learning_Rig/bee_0408_1_fwd/cam1_2026-04-08_16-18-02.mp4,1612.5,1624.0,1325,1322,1900,1926,0.82916695
935,/Volumes/SmithL0/2026/BIOL470/Final/Learning_Rig/bee_0408_1_fwd/cam1_2026-04-08_16-18-02.mp4,1614.5,1621.5,1327,1320,1902,1923,0.8297845
936,/Volumes/SmithL0/2026/BIOL470/Final/Learning_Rig/bee_0408_1_fwd/cam1_2026-04-08_16-18-02.mp4,1616.5,1622.0,1330,1319,1903,1925,0.82465255
937,/Volumes/SmithL0/2026/BIOL470/Final/Learning_Rig/bee_0408_1_fwd/cam1_2026-04-08_16-18-02.mp4,1620.0,1627.5,1332,1314,1908,1941,0.8292689
938,/Volumes/SmithL0/2026/BIOL470/Final/Learning_Rig/bee_0408_1_fwd/cam1_2026-04-08_16-18-02.mp4,1619.5,1624.5,1332,1314,1907,1935,0.8251771
939,/Volumes/SmithL0/2026/BIOL470/Final/Learning_Rig/bee_0408_1_fwd/cam1_2026-04-08_16-18-02.mp4,1620.0,1626.0,1333,1315,1907,1937,0.82098836
940,/Volumes/SmithL0/2026/BIOL470/Final/Learning_Rig/bee_0408_1_fwd/cam1_2026-04-08_16-18-02.mp4,1620.5,1621.0,1333,1314,1908,1928,0.8256499
941,/Volumes/SmithL0/2026/BIOL470/Final/Learning_Rig/bee_0408_1_fwd/cam1_2026-04-08_16-18-02.mp4,1619.5,1633.0,1332,1313,1907,1953,0.83400923
942,/Volumes/SmithL0/2026/BIOL470/Final/Learning_Rig/bee_0408_1_fwd/cam1_2026-04-08_16-18-02.mp4,1619.5,1616.0,1330,1306,1909,1926,0.8216555
943,/Volumes/SmithL0/2026/BIOL470/Final/Learning_Rig/bee_0408_1_fwd/cam1_2026-04-08_16-18-02.mp4,1620.5,1620.0,1330,1311,1911,1929,0.82139564
944,/Volumes/SmithL0/2026/BIOL470/Final/Learning_Rig/bee_0408_1_fwd/cam1_2026-04-08_16-18-02.mp4,1643.5,1614.0,1335,1301,1952,1927,0.82451683
945,/Volumes/SmithL0/2026/BIOL470/Final/Learning_Rig/bee_0408_1_fwd/cam1_2026-04-08_16-18-02.mp4,1644.5,1612.5,1336,1301,1953,1924,0.8288404
946,/Volumes/SmithL0/2026/BIOL470/Final/Learning_Rig/bee_0408_1_fwd/cam1_2026-04-08_16-18-02.mp4,1645.0,1613.5,1336,1303,1954,1924,0.82933176
947,/Volumes/SmithL0/2026/BIOL470/Final/Learning_Rig/bee_0408_1_fwd/cam1_2026-04-08_16-18-02.mp4,1646.0,1613.0,1337,1302,1955,1924,0.8348732
948,/Volumes/SmithL0/2026/BIOL470/Final/Learning_Rig/bee_0408_1_fwd/cam1_2026-04-08_16-18-02.mp4,1646.0,1612.5,1339,1303,1953,1922,0.8340728
949,/Volumes/SmithL0/2026/BIOL470/Final/Learning_Rig/bee_0408_1_fwd/cam1_2026-04-08_16-18-02.mp4,1646.5,1614.0,1339,1302,1954,1926,0.83343685
950,/Volumes/SmithL0/2026/BIOL470/Final/Learning_Rig/bee_0408_1_fwd/cam1_2026-04-08_16-18-02.mp4,1647.5,1614.5,1340,1301,1955,1928,0.8318498
951,/Volumes/SmithL0/2026/BIOL470/Final/Learning_Rig/bee_0408_1_fwd/cam1_2026-04-08_16-18-02.mp4,1646.5,1617.0,1339,1302,1954,1932,0.8296309
952,/Volumes/SmithL0/2026/BIOL470/Final/Learning_Rig/bee_0408_1_fwd/cam1_2026-04-08_16-18-02.mp4,1646.5,1616.0,1339,1301,1954,1931,0.83008677
953,/Volumes/SmithL0/2026/BIOL470/Final/Learning_Rig/bee_0408_1_fwd/cam1_2026-04-08_16-18-02.mp4,1648.5,1615.0,1340,1300,1957,1930,0.83151776
954,/Volumes/SmithL0/2026/BIOL470/Final/Learning_Rig/bee_0408_1_fwd/cam1_2026-04-08_16-18-02.mp4,1649.5,1614.5,1341,1300,1958,1929,0.8310182
955,/Volumes/SmithL0/2026/BIOL470/Final/Learning_Rig/bee_0408_1_fwd/cam1_2026-04-08_16-18-02.mp4,1649.5,1613.0,1339,1298,1960,1928,0.8321116
956,/Volumes/SmithL0/2026/BIOL470/Final/Learning_Rig/bee_0408_1_fwd/cam1_2026-04-08_16-18-02.mp4,1648.0,1611.5,1336,1296,1960,1927,0.8277106
957,/Volumes/SmithL0/2026/BIOL470/Final/Learning_Rig/bee_0408_1_fwd/cam1_2026-04-08_16-18-02.mp4,1647.5,1611.5,1336,1296,1959,1927,0.82909334
958,/Volumes/SmithL0/2026/BIOL470/Final/Learning_Rig/bee_0408_1_fwd/cam1_2026-04-08_16-18-02.mp4,1648.5,1610.0,1337,1296,1960,1924,0.8293009
959,/Volumes/SmithL0/2026/BIOL470/Final/Learning_Rig/bee_0408_1_fwd/cam1_2026-04-08_16-18-02.mp4,1651.0,1610.5,1339,1296,1963,1925,0.8272528
960,/Volumes/SmithL0/2026/BIOL470/Final/Learning_Rig/bee_0408_1_fwd/cam1_2026-04-08_16-18-02.mp4,1633.0,1600.0,1337,1314,1929,1886,0.8130009
961,/Volumes/SmithL0/2026/BIOL470/Final/Learning_Rig/bee_0408_1_fwd/cam1_2026-04-08_16-18-02.mp4,1642.0,1590.0,1329,1313,1955,1867,0.8028082
962,/Volumes/SmithL0/2026/BIOL470/Final/Learning_Rig/bee_0408_1_fwd/cam1_2026-04-08_16-18-02.mp4,1638.0,1605.0,1316,1315,1960,1895,0.7909799
963,/Volumes/SmithL0/2026/BIOL470/Final/Learning_Rig/bee_0408_1_fwd/cam1_2026-04-08_16-18-02.mp4,1652.5,1609.5,1316,1319,1989,1900,0.7926667
964,/Volumes/SmithL0/2026/BIOL470/Final/Learning_Rig/bee_0408_1_fwd/cam1_2026-04-08_16-18-02.mp4,1681.0,1609.0,1309,1318,2053,1900,0.7859981
965,/Volumes/SmithL0/2026/BIOL470/Final/Learning_Rig/bee_0408_1_fwd/cam1_2026-04-08_16-18-02.mp4,1667.5,1609.0,1312,1320,2023,1898,0.7904107
966,/Volumes/SmithL0/2026/BIOL470/Final/Learning_Rig/bee_0408_1_fwd/cam1_2026-04-08_16-18-02.mp4,1677.0,1609.5,1315,1319,2039,1900,0.7911177
967,/Volumes/SmithL0/2026/BIOL470/Final/Learning_Rig/bee_0408_1_fwd/cam1_2026-04-08_16-18-02.mp4,1676.5,1609.0,1317,1320,2036,1898,0.7925739
968,/Volumes/SmithL0/2026/BIOL470/Final/Learning_Rig/bee_0408_1_fwd/cam1_2026-04-08_16-18-02.mp4,1680.0,1608.5,1318,1316,2042,1901,0.78872794
969,/Volumes/SmithL0/2026/BIOL470/Final/Learning_Rig/bee_0408_1_fwd/cam1_2026-04-08_16-18-02.mp4,1678.0,1609.0,1319,1317,2037,1901,0.78846675
970,/Volumes/SmithL0/2026/BIOL470/Final/Learning_Rig/bee_0408_1_fwd/cam1_2026-04-08_16-18-02.mp4,1674.0,1609.5,1319,1318,2029,1901,0.7885453
971,/Volumes/SmithL0/2026/BIOL470/Final/Learning_Rig/bee_0408_1_fwd/cam1_2026-04-08_16-18-02.mp4,1668.5,1613.5,1315,1318,2022,1909,0.79392856
972,/Volumes/SmithL0/2026/BIOL470/Final/Learning_Rig/bee_0408_1_fwd/cam1_2026-04-08_16-18-02.mp4,1588.0,1614.0,1280,1308,1896,1920,0.81773835
973,/Volumes/SmithL0/2026/BIOL470/Final/Learning_Rig/bee_0408_1_fwd/cam1_2026-04-08_16-18-02.mp4,1587.0,1617.0,1277,1307,1897,1927,0.817693
974,/Volumes/SmithL0/2026/BIOL470/Final/Learning_Rig/bee_0408_1_fwd/cam1_2026-04-08_16-18-02.mp4,1583.0,1624.0,1273,1312,1893,1936,0.83569866
975,/Volumes/SmithL0/2026/BIOL470/Final/Learning_Rig/bee_0408_1_fwd/cam1_2026-04-08_16-18-02.mp4,1583.5,1626.5,1275,1311,1892,1942,0.83668184
976,/Volumes/SmithL0/2026/BIOL470/Final/Learning_Rig/bee_0408_1_fwd/cam1_2026-04-08_16-18-02.mp4,1583.0,1631.0,1276,1314,1890,1948,0.8283077
977,/Volumes/SmithL0/2026/BIOL470/Final/Learning_Rig/bee_0408_1_fwd/cam1_2026-04-08_16-18-02.mp4,1583.5,1615.5,1278,1309,1889,1922,0.8279128
978,/Volumes/SmithL0/2026/BIOL470/Final/Learning_Rig/bee_0408_1_fwd/cam1_2026-04-08_16-18-02.mp4,1588.5,1614.5,1285,1302,1892,1927,0.82733995
979,/Volumes/SmithL0/2026/BIOL470/Final/Learning_Rig/bee_0408_1_fwd/cam1_2026-04-08_16-18-02.mp4,1594.0,1619.0,1292,1297,1896,1941,0.83665794
980,/Volumes/SmithL0/2026/BIOL470/Final/Learning_Rig/bee_0408_1_fwd/cam1_2026-04-08_16-18-02.mp4,1611.0,1639.0,1335,1296,1887,1982,0.80272424
981,/Volumes/SmithL0/2026/BIOL470/Final/Learning_Rig/bee_0408_1_fwd/cam1_2026-04-08_16-18-02.mp4,1626.5,1648.5,1351,1295,1902,2002,0.81321186
982,/Volumes/SmithL0/2026/BIOL470/Final/Learning_Rig/bee_0408_1_fwd/cam1_2026-04-08_16-18-02.mp4,1633.0,1676.5,1371,1303,1895,2050,0.7777097
983,/Volumes/SmithL0/2026/BIOL470/Final/Learning_Rig/bee_0408_1_fwd/cam1_2026-04-08_16-18-02.mp4,1673.5,1733.0,1434,1352,1913,2114,0.7582744
984,/Volumes/SmithL0/2026/BIOL470/Final/Learning_Rig/bee_0408_1_fwd/cam1_2026-04-08_16-18-02.mp4,1687.0,1737.0,1437,1364,1937,2110,0.79288757
985,/Volumes/SmithL0/2026/BIOL470/Final/Learning_Rig/bee_0408_1_fwd/cam1_2026-04-08_16-18-02.mp4,1676.5,1737.0,1435,1372,1918,2102,0.7766405
986,/Volumes/SmithL0/2026/BIOL470/Final/Learning_Rig/bee_0408_1_fwd/cam1_2026-04-08_16-18-02.mp4,1663.0,1718.0,1364,1385,1962,2051,0.8172642
987,/Volumes/SmithL0/2026/BIOL470/Final/Learning_Rig/bee_0408_1_fwd/cam1_2026-04-08_16-18-02.mp4,1676.5,1750.0,1369,1443,1984,2057,0.770755
988,/Volumes/SmithL0/2026/BIOL470/Final/Learning_Rig/bee_0408_1_fwd/cam1_2026-04-08_16-18-02.mp4,1681.0,1738.5,1362,1421,2000,2056,0.79561013
989,/Volumes/SmithL0/2026/BIOL470/Final/Learning_Rig/bee_0408_1_fwd/cam1_2026-04-08_16-18-02.mp4,1701.5,1744.0,1355,1444,2048,2044,0.7983483
990,/Volumes/SmithL0/2026/BIOL470/Final/Learning_Rig/bee_0408_1_fwd/cam1_2026-04-08_16-18-02.mp4,1695.0,1712.0,1359,1375,2031,2049,0.8082929
991,/Volumes/SmithL0/2026/BIOL470/Final/Learning_Rig/bee_0408_1_fwd/cam1_2026-04-08_16-18-02.mp4,1696.5,1699.5,1353,1363,2040,2036,0.8109514
992,/Volumes/SmithL0/2026/BIOL470/Final/Learning_Rig/bee_0408_1_fwd/cam1_2026-04-08_16-18-02.mp4,1696.5,1704.0,1341,1365,2052,2043,0.8188785
993,/Volumes/SmithL0/2026/BIOL470/Final/Learning_Rig/bee_0408_1_fwd/cam1_2026-04-08_16-18-02.mp4,1695.5,1697.0,1328,1366,2063,2028,0.79845864
994,/Volumes/SmithL0/2026/BIOL470/Final/Learning_Rig/bee_0408_1_fwd/cam1_2026-04-08_16-18-02.mp4,1686.5,1706.0,1323,1366,2050,2046,0.79425734
995,/Volumes/SmithL0/2026/BIOL470/Final/Learning_Rig/bee_0408_1_fwd/cam1_2026-04-08_16-18-02.mp4,1687.5,1698.0,1320,1366,2055,2030,0.7929416
996,/Volumes/SmithL0/2026/BIOL470/Final/Learning_Rig/bee_0408_1_fwd/cam1_2026-04-08_16-18-02.mp4,1687.0,1702.0,1320,1366,2054,2038,0.79754055
997,/Volumes/SmithL0/2026/BIOL470/Final/Learning_Rig/bee_0408_1_fwd/cam1_2026-04-08_16-18-02.mp4,1676.5,1703.0,1318,1366,2035,2040,0.79551756
998,/Volumes/SmithL0/2026/BIOL470/Final/Learning_Rig/bee_0408_1_fwd/cam1_2026-04-08_16-18-02.mp4,1671.0,1704.0,1311,1364,2031,2044,0.71845496
999,/Volumes/SmithL0/2026/BIOL470/Final/Learning_Rig/bee_0408_1_fwd/cam1_2026-04-08_16-18-02.mp4,1658.5,1854.5,1293,1605,2024,2104,0.6402296
1000,/Volumes/SmithL0/2026/BIOL470/Final/Learning_Rig/bee_0408_1_fwd/cam1_2026-04-08_16-18-02.mp4,1655.0,1853.5,1278,1607,2032,2100,0.570751
1001,/Volumes/SmithL0/2026/BIOL470/Final/Learning_Rig/bee_0408_1_fwd/cam1_2026-04-08_16-18-02.mp4,1653.0,1840.5,1277,1608,2029,2073,0.6315376
1002,/Volumes/SmithL0/2026/BIOL470/Final/Learning_Rig/bee_0408_1_fwd/cam1_2026-04-08_16-18-02.mp4,1647.5,1841.0,1277,1605,2018,2077,0.6922988
1003,/Volumes/SmithL0/2026/BIOL470/Final/Learning_Rig/bee_0408_1_fwd/cam1_2026-04-08_16-18-02.mp4,1624.5,1852.0,1252,1586,1997,2118,0.70264715
1004,/Volumes/SmithL0/2026/BIOL470/Final/Learning_Rig/bee_0408_1_fwd/cam1_2026-04-08_16-18-02.mp4,1638.5,1859.5,1277,1589,2000,2130,0.7554925
1005,/Volumes/SmithL0/2026/BIOL470/Final/Learning_Rig/bee_0408_1_fwd/cam1_2026-04-08_16-18-02.mp4,1636.0,1876.5,1280,1632,1992,2121,0.77612764
1006,/Volumes/SmithL0/2026/BIOL470/Final/Learning_Rig/bee_0408_1_fwd/cam1_2026-04-08_16-18-02.mp4,1635.0,1876.0,1279,1625,1991,2127,0.77627677
1007,/Volumes/SmithL0/2026/BIOL470/Final/Learning_Rig/bee_0408_1_fwd/cam1_2026-04-08_16-18-02.mp4,1637.0,1867.0,1279,1603,1995,2131,0.78528726
1008,/Volumes/SmithL0/2026/BIOL470/Final/Learning_Rig/bee_0408_1_fwd/cam1_2026-04-08_16-18-02.mp4,1626.5,1867.0,1277,1605,1976,2129,0.7826324
1009,/Volumes/SmithL0/2026/BIOL470/Final/Learning_Rig/bee_0408_1_fwd/cam1_2026-04-08_16-18-02.mp4,1623.0,1873.0,1273,1606,1973,2140,0.7812552
1010,/Volumes/SmithL0/2026/BIOL470/Final/Learning_Rig/bee_0408_1_fwd/cam1_2026-04-08_16-18-02.mp4,1618.0,1868.0,1267,1590,1969,2146,0.8083519
1011,/Volumes/SmithL0/2026/BIOL470/Final/Learning_Rig/bee_0408_1_fwd/cam1_2026-04-08_16-18-02.mp4,1630.0,1868.5,1258,1592,2002,2145,0.8012242
1012,/Volumes/SmithL0/2026/BIOL470/Final/Learning_Rig/bee_0408_1_fwd/cam1_2026-04-08_16-18-02.mp4,1641.5,1874.0,1276,1605,2007,2143,0.7861751
1013,/Volumes/SmithL0/2026/BIOL470/Final/Learning_Rig/bee_0408_1_fwd/cam1_2026-04-08_16-18-02.mp4,1642.0,1875.5,1276,1609,2008,2142,0.7742685
1014,/Volumes/SmithL0/2026/BIOL470/Final/Learning_Rig/bee_0408_1_fwd/cam1_2026-04-08_16-18-02.mp4,1645.0,1875.5,1278,1611,2012,2140,0.7513235
1015,/Volumes/SmithL0/2026/BIOL470/Final/Learning_Rig/bee_0408_1_fwd/cam1_2026-04-08_16-18-02.mp4,1644.0,1877.0,1275,1617,2013,2137,0.7330172
1016,/Volumes/SmithL0/2026/BIOL470/Final/Learning_Rig/bee_0408_1_fwd/cam1_2026-04-08_16-18-02.mp4,1644.0,1876.5,1276,1616,2012,2137,0.72417384
1017,/Volumes/SmithL0/2026/BIOL470/Final/Learning_Rig/bee_0408_1_fwd/cam1_2026-04-08_16-18-02.mp4,1649.0,1875.0,1278,1618,2020,2132,0.70986426
1018,/Volumes/SmithL0/2026/BIOL470/Final/Learning_Rig/bee_0408_1_fwd/cam1_2026-04-08_16-18-02.mp4,1645.0,1886.0,1273,1653,2017,2119,0.7879039
1019,/Volumes/SmithL0/2026/BIOL470/Final/Learning_Rig/bee_0408_1_fwd/cam1_2026-04-08_16-18-02.mp4,1648.5,1880.0,1281,1647,2016,2113,0.7438226
1020,/Volumes/SmithL0/2026/BIOL470/Final/Learning_Rig/bee_0408_1_fwd/cam1_2026-04-08_16-18-02.mp4,1648.0,1872.0,1279,1640,2017,2104,0.7395255
1021,/Volumes/SmithL0/2026/BIOL470/Final/Learning_Rig/bee_0408_1_fwd/cam1_2026-04-08_16-18-02.mp4,1644.5,1877.0,1276,1644,2013,2110,0.76794803
1022,/Volumes/SmithL0/2026/BIOL470/Final/Learning_Rig/bee_0408_1_fwd/cam1_2026-04-08_16-18-02.mp4,1626.5,1885.5,1252,1634,2001,2137,0.7802008
1023,/Volumes/SmithL0/2026/BIOL470/Final/Learning_Rig/bee_0408_1_fwd/cam1_2026-04-08_16-18-02.mp4,1614.5,1940.0,1237,1653,1992,2227,0.76720244
1024,/Volumes/SmithL0/2026/BIOL470/Final/Learning_Rig/bee_0408_1_fwd/cam1_2026-04-08_16-18-02.mp4,1601.0,1940.5,1224,1651,1978,2230,0.7834509
1025,/Volumes/SmithL0/2026/BIOL470/Final/Learning_Rig/bee_0408_1_fwd/cam1_2026-04-08_16-18-02.mp4,1568.5,1940.5,1190,1652,1947,2229,0.8071585
1026,/Volumes/SmithL0/2026/BIOL470/Final/Learning_Rig/bee_0408_1_fwd/cam1_2026-04-08_16-18-02.mp4,1531.0,1945.5,1177,1658,1885,2233,0.80254185
1027,/Volumes/SmithL0/2026/BIOL470/Final/Learning_Rig/bee_0408_1_fwd/cam1_2026-04-08_16-18-02.mp4,1528.0,1946.5,1177,1660,1879,2233,0.7977818
1028,/Volumes/SmithL0/2026/BIOL470/Final/Learning_Rig/bee_0408_1_fwd/cam1_2026-04-08_16-18-02.mp4,1505.0,1950.0,1156,1669,1854,2231,0.80053276
1029,/Volumes/SmithL0/2026/BIOL470/Final/Learning_Rig/bee_0408_1_fwd/cam1_2026-04-08_16-18-02.mp4,1466.0,1960.5,1138,1672,1794,2249,0.7783482
1030,/Volumes/SmithL0/2026/BIOL470/Final/Learning_Rig/bee_0408_1_fwd/cam1_2026-04-08_16-18-02.mp4,1408.5,1944.5,1086,1663,1731,2226,0.8037189
1031,/Volumes/SmithL0/2026/BIOL470/Final/Learning_Rig/bee_0408_1_fwd/cam1_2026-04-08_16-18-02.mp4,1397.5,1948.0,1076,1660,1719,2236,0.79291874
1032,/Volumes/SmithL0/2026/BIOL470/Final/Learning_Rig/bee_0408_1_fwd/cam1_2026-04-08_16-18-02.mp4,1393.5,1957.0,1060,1660,1727,2254,0.804289
1033,/Volumes/SmithL0/2026/BIOL470/Final/Learning_Rig/bee_0408_1_fwd/cam1_2026-04-08_16-18-02.mp4,1387.5,1955.5,1054,1656,1721,2255,0.81495327
1034,/Volumes/SmithL0/2026/BIOL470/Final/Learning_Rig/bee_0408_1_fwd/cam1_2026-04-08_16-18-02.mp4,1358.5,1953.5,1026,1647,1691,2260,0.7966016
1035,/Volumes/SmithL0/2026/BIOL470/Final/Learning_Rig/bee_0408_1_fwd/cam1_2026-04-08_16-18-02.mp4,1340.5,1950.0,1002,1651,1679,2249,0.8181681
1036,/Volumes/SmithL0/2026/BIOL470/Final/Learning_Rig/bee_0408_1_fwd/cam1_2026-04-08_16-18-02.mp4,1343.5,1946.5,998,1650,1689,2243,0.80244464
1037,/Volumes/SmithL0/2026/BIOL470/Final/Learning_Rig/bee_0408_1_fwd/cam1_2026-04-08_16-18-02.mp4,1327.5,1940.0,994,1644,1661,2236,0.81453353
1038,/Volumes/SmithL0/2026/BIOL470/Final/Learning_Rig/bee_0408_1_fwd/cam1_2026-04-08_16-18-02.mp4,1304.5,1940.5,957,1648,1652,2233,0.82387215
1039,/Volumes/SmithL0/2026/BIOL470/Final/Learning_Rig/bee_0408_1_fwd/cam1_2026-04-08_16-18-02.mp4,1288.5,1934.5,943,1635,1634,2234,0.795947
1040,/Volumes/SmithL0/2026/BIOL470/Final/Learning_Rig/bee_0408_1_fwd/cam1_2026-04-08_16-18-02.mp4,1292.5,1918.5,948,1617,1637,2220,0.82639694
1041,/Volumes/SmithL0/2026/BIOL470/Final/Learning_Rig/bee_0408_1_fwd/cam1_2026-04-08_16-18-02.mp4,1285.0,1919.0,947,1613,1623,2225,0.8074322
1042,/Volumes/SmithL0/2026/BIOL470/Final/Learning_Rig/bee_0408_1_fwd/cam1_2026-04-08_16-18-02.mp4,1267.0,1905.0,932,1591,1602,2219,0.79675317
1043,/Volumes/SmithL0/2026/BIOL470/Final/Learning_Rig/bee_0408_1_fwd/cam1_2026-04-08_16-18-02.mp4,1259.0,1893.0,926,1573,1592,2213,0.80702776
1044,/Volumes/SmithL0/2026/BIOL470/Final/Learning_Rig/bee_0408_1_fwd/cam1_2026-04-08_16-18-02.mp4,1241.5,1883.5,917,1566,1566,2201,0.85718924
1045,/Volumes/SmithL0/2026/BIOL470/Final/Learning_Rig/bee_0408_1_fwd/cam1_2026-04-08_16-18-02.mp4,1245.5,1877.0,923,1551,1568,2203,0.8422319
1046,/Volumes/SmithL0/2026/BIOL470/Final/Learning_Rig/bee_0408_1_fwd/cam1_2026-04-08_16-18-02.mp4,1212.0,1879.5,916,1560,1508,2199,0.82854277
1047,/Volumes/SmithL0/2026/BIOL470/Final/Learning_Rig/bee_0408_1_fwd/cam1_2026-04-08_16-18-02.mp4,1204.0,1877.0,921,1548,1487,2206,0.84649885
1048,/Volumes/SmithL0/2026/BIOL470/Final/Learning_Rig/bee_0408_1_fwd/cam1_2026-04-08_16-18-02.mp4,1209.0,1864.0,937,1511,1481,2217,0.8462752
1049,/Volumes/SmithL0/2026/BIOL470/Final/Learning_Rig/bee_0408_1_fwd/cam1_2026-04-08_16-18-02.mp4,1194.0,1854.0,904,1498,1484,2210,0.8250176
1050,/Volumes/SmithL0/2026/BIOL470/Final/Learning_Rig/bee_0408_1_fwd/cam1_2026-04-08_16-18-02.mp4,1195.0,1858.5,872,1512,1518,2205,0.8437336
1051,/Volumes/SmithL0/2026/BIOL470/Final/Learning_Rig/bee_0408_1_fwd/cam1_2026-04-08_16-18-02.mp4,1222.0,1837.0,871,1512,1573,2162,0.82033
1052,/Volumes/SmithL0/2026/BIOL470/Final/Learning_Rig/bee_0408_1_fwd/cam1_2026-04-08_16-18-02.mp4,1151.0,1836.0,886,1523,1416,2149,0.8168187
1053,/Volumes/SmithL0/2026/BIOL470/Final/Learning_Rig/bee_0408_1_fwd/cam1_2026-04-08_16-18-02.mp4,1164.5,1810.5,889,1488,1440,2133,0.8298769
1054,/Volumes/SmithL0/2026/BIOL470/Final/Learning_Rig/bee_0408_1_fwd/cam1_2026-04-08_16-18-02.mp4,1162.5,1821.5,883,1505,1442,2138,0.8207633
1055,/Volumes/SmithL0/2026/BIOL470/Final/Learning_Rig/bee_0408_1_fwd/cam1_2026-04-08_16-18-02.mp4,1163.5,1814.0,887,1499,1440,2129,0.8221829
1056,/Volumes/SmithL0/2026/BIOL470/Final/Learning_Rig/bee_0408_1_fwd/cam1_2026-04-08_16-18-02.mp4,1147.0,1783.5,869,1469,1425,2098,0.8320612
1057,/Volumes/SmithL0/2026/BIOL470/Final/Learning_Rig/bee_0408_1_fwd/cam1_2026-04-08_16-18-02.mp4,1149.5,1781.5,871,1469,1428,2094,0.83786225
1058,/Volumes/SmithL0/2026/BIOL470/Final/Learning_Rig/bee_0408_1_fwd/cam1_2026-04-08_16-18-02.mp4,1146.0,1782.5,864,1467,1428,2098,0.8412952
1059,/Volumes/SmithL0/2026/BIOL470/Final/Learning_Rig/bee_0408_1_fwd/cam1_2026-04-08_16-18-02.mp4,1124.5,1781.5,842,1494,1407,2069,0.8428128
1060,/Volumes/SmithL0/2026/BIOL470/Final/Learning_Rig/bee_0408_1_fwd/cam1_2026-04-08_16-18-02.mp4,1135.5,1776.5,844,1462,1427,2091,0.8408223
1061,/Volumes/SmithL0/2026/BIOL470/Final/Learning_Rig/bee_0408_1_fwd/cam1_2026-04-08_16-18-02.mp4,1153.5,1813.0,872,1522,1435,2104,0.8461143
1062,/Volumes/SmithL0/2026/BIOL470/Final/Learning_Rig/bee_0408_1_fwd/cam1_2026-04-08_16-18-02.mp4,1157.5,1813.0,874,1519,1441,2107,0.83548117
1063,/Volumes/SmithL0/2026/BIOL470/Final/Learning_Rig/bee_0408_1_fwd/cam1_2026-04-08_16-18-02.mp4,1149.0,1814.0,858,1529,1440,2099,0.83210194
1064,/Volumes/SmithL0/2026/BIOL470/Final/Learning_Rig/bee_0408_1_fwd/cam1_2026-04-08_16-18-02.mp4,1173.0,1817.5,852,1545,1494,2090,0.8226086
1065,/Volumes/SmithL0/2026/BIOL470/Final/Learning_Rig/bee_0408_1_fwd/cam1_2026-04-08_16-18-02.mp4,1185.5,1827.5,857,1557,1514,2098,0.80257833
1066,/Volumes/SmithL0/2026/BIOL470/Final/Learning_Rig/bee_0408_1_fwd/cam1_2026-04-08_16-18-02.mp4,1178.0,1824.5,811,1557,1545,2092,0.7989266
1067,/Volumes/SmithL0/2026/BIOL470/Final/Learning_Rig/bee_0408_1_fwd/cam1_2026-04-08_16-18-02.mp4,1168.0,1818.5,818,1560,1518,2077,0.81038314
1068,/Volumes/SmithL0/2026/BIOL470/Final/Learning_Rig/bee_0408_1_fwd/cam1_2026-04-08_16-18-02.mp4,1159.0,1754.5,813,1441,1505,2068,0.8111713
1069,/Volumes/SmithL0/2026/BIOL470/Final/Learning_Rig/bee_0408_1_fwd/cam1_2026-04-08_16-18-02.mp4,1182.0,1748.5,822,1436,1542,2061,0.8228793
1070,/Volumes/SmithL0/2026/BIOL470/Final/Learning_Rig/bee_0408_1_fwd/cam1_2026-04-08_16-18-02.mp4,1177.5,1751.0,826,1439,1529,2063,0.8175783
1071,/Volumes/SmithL0/2026/BIOL470/Final/Learning_Rig/bee_0408_1_fwd/cam1_2026-04-08_16-18-02.mp4,1180.5,1754.0,824,1441,1537,2067,0.8212946
1072,/Volumes/SmithL0/2026/BIOL470/Final/Learning_Rig/bee_0408_1_fwd/cam1_2026-04-08_16-18-02.mp4,1171.0,1770.0,827,1441,1515,2099,0.8133423
1073,/Volumes/SmithL0/2026/BIOL470/Final/Learning_Rig/bee_0408_1_fwd/cam1_2026-04-08_16-18-02.mp4,1177.0,1776.5,828,1442,1526,2111,0.8130598
1074,/Volumes/SmithL0/2026/BIOL470/Final/Learning_Rig/bee_0408_1_fwd/cam1_2026-04-08_16-18-02.mp4,1181.0,1777.0,835,1443,1527,2111,0.8277312
1075,/Volumes/SmithL0/2026/BIOL470/Final/Learning_Rig/bee_0408_1_fwd/cam1_2026-04-08_16-18-02.mp4,1189.0,1780.5,839,1445,1539,2116,0.82728976
1076,/Volumes/SmithL0/2026/BIOL470/Final/Learning_Rig/bee_0408_1_fwd/cam1_2026-04-08_16-18-02.mp4,1212.5,1754.0,865,1448,1560,2060,0.8425068
1077,/Volumes/SmithL0/2026/BIOL470/Final/Learning_Rig/bee_0408_1_fwd/cam1_2026-04-08_16-18-02.mp4,1212.5,1733.5,872,1448,1553,2019,0.8205216
1078,/Volumes/SmithL0/2026/BIOL470/Final/Learning_Rig/bee_0408_1_fwd/cam1_2026-04-08_16-18-02.mp4,1216.0,1730.0,879,1444,1553,2016,0.8324607
1079,/Volumes/SmithL0/2026/BIOL470/Final/Learning_Rig/bee_0408_1_fwd/cam1_2026-04-08_16-18-02.mp4,1242.0,1727.5,903,1437,1581,2018,0.83720696
1080,/Volumes/SmithL0/2026/BIOL470/Final/Learning_Rig/bee_0408_1_fwd/cam1_2026-04-08_16-18-02.mp4,1265.0,1694.5,922,1395,1608,1994,0.8312211
1081,/Volumes/SmithL0/2026/BIOL470/Final/Learning_Rig/bee_0408_1_fwd/cam1_2026-04-08_16-18-02.mp4,1304.0,1684.5,955,1393,1653,1976,0.826655
1082,/Volumes/SmithL0/2026/BIOL470/Final/Learning_Rig/bee_0408_1_fwd/cam1_2026-04-08_16-18-02.mp4,1371.5,1633.5,998,1326,1745,1941,0.8208722
1083,/Volumes/SmithL0/2026/BIOL470/Final/Learning_Rig/bee_0408_1_fwd/cam1_2026-04-08_16-18-02.mp4,1361.0,1635.5,999,1325,1723,1946,0.81571555
1084,/Volumes/SmithL0/2026/BIOL470/Final/Learning_Rig/bee_0408_1_fwd/cam1_2026-04-08_16-18-02.mp4,1349.5,1632.0,997,1321,1702,1943,0.81173235
1085,/Volumes/SmithL0/2026/BIOL470/Final/Learning_Rig/bee_0408_1_fwd/cam1_2026-04-08_16-18-02.mp4,1341.5,1635.0,986,1319,1697,1951,0.8144837
1086,/Volumes/SmithL0/2026/BIOL470/Final/Learning_Rig/bee_0408_1_fwd/cam1_2026-04-08_16-18-02.mp4,1344.0,1636.0,988,1319,1700,1953,0.8085283
1087,/Volumes/SmithL0/2026/BIOL470/Final/Learning_Rig/bee_0408_1_fwd/cam1_2026-04-08_16-18-02.mp4,1354.5,1649.5,1014,1323,1695,1976,0.8175588
1088,/Volumes/SmithL0/2026/BIOL470/Final/Learning_Rig/bee_0408_1_fwd/cam1_2026-04-08_16-18-02.mp4,1345.0,1638.0,994,1322,1696,1954,0.81624794
1089,/Volumes/SmithL0/2026/BIOL470/Final/Learning_Rig/bee_0408_1_fwd/cam1_2026-04-08_16-18-02.mp4,1342.0,1641.0,991,1326,1693,1956,0.81844366
1090,/Volumes/SmithL0/2026/BIOL470/Final/Learning_Rig/bee_0408_1_fwd/cam1_2026-04-08_16-18-02.mp4,1341.0,1630.0,991,1328,1691,1932,0.818242
1091,/Volumes/SmithL0/2026/BIOL470/Final/Learning_Rig/bee_0408_1_fwd/cam1_2026-04-08_16-18-02.mp4,1342.0,1628.5,991,1328,1693,1929,0.81843185
1092,/Volumes/SmithL0/2026/BIOL470/Final/Learning_Rig/bee_0408_1_fwd/cam1_2026-04-08_16-18-02.mp4,1342.5,1624.5,992,1325,1693,1924,0.8227034
1093,/Volumes/SmithL0/2026/BIOL470/Final/Learning_Rig/bee_0408_1_fwd/cam1_2026-04-08_16-18-02.mp4,1342.0,1625.0,991,1326,1693,1924,0.82003635
1094,/Volumes/SmithL0/2026/BIOL470/Final/Learning_Rig/bee_0408_1_fwd/cam1_2026-04-08_16-18-02.mp4,1340.0,1626.0,986,1325,1694,1927,0.8169797
1095,/Volumes/SmithL0/2026/BIOL470/Final/Learning_Rig/bee_0408_1_fwd/cam1_2026-04-08_16-18-02.mp4,1333.0,1631.5,971,1347,1695,1916,0.8078221
1096,/Volumes/SmithL0/2026/BIOL470/Final/Learning_Rig/bee_0408_1_fwd/cam1_2026-04-08_16-18-02.mp4,1330.5,1632.0,968,1345,1693,1919,0.80443406
1097,/Volumes/SmithL0/2026/BIOL470/Final/Learning_Rig/bee_0408_1_fwd/cam1_2026-04-08_16-18-02.mp4,1330.0,1631.5,964,1343,1696,1920,0.7965936
1098,/Volumes/SmithL0/2026/BIOL470/Final/Learning_Rig/bee_0408_1_fwd/cam1_2026-04-08_16-18-02.mp4,1329.0,1635.5,959,1352,1699,1919,0.80089563
1099,/Volumes/SmithL0/2026/BIOL470/Final/Learning_Rig/bee_0408_1_fwd/cam1_2026-04-08_16-18-02.mp4,1325.5,1632.5,961,1329,1690,1936,0.79775757
1100,/Volumes/SmithL0/2026/BIOL470/Final/Learning_Rig/bee_0408_1_fwd/cam1_2026-04-08_16-18-02.mp4,1327.5,1632.0,962,1327,1693,1937,0.7940935
1101,/Volumes/SmithL0/2026/BIOL470/Final/Learning_Rig/bee_0408_1_fwd/cam1_2026-04-08_16-18-02.mp4,1335.0,1640.0,974,1334,1696,1946,0.7917345
1102,/Volumes/SmithL0/2026/BIOL470/Final/Learning_Rig/bee_0408_1_fwd/cam1_2026-04-08_16-18-02.mp4,1343.5,1650.5,983,1350,1704,1951,0.79337305
1103,/Volumes/SmithL0/2026/BIOL470/Final/Learning_Rig/bee_0408_1_fwd/cam1_2026-04-08_16-18-02.mp4,1348.5,1643.0,990,1344,1707,1942,0.79260874
1104,/Volumes/SmithL0/2026/BIOL470/Final/Learning_Rig/bee_0408_1_fwd/cam1_2026-04-08_16-18-02.mp4,1255.5,1647.5,996,1359,1515,1936,0.7302306
1105,/Volumes/SmithL0/2026/BIOL470/Final/Learning_Rig/bee_0408_1_fwd/cam1_2026-04-08_16-18-02.mp4,1317.5,1644.0,1000,1344,1635,1944,0.7928438
1106,/Volumes/SmithL0/2026/BIOL470/Final/Learning_Rig/bee_0408_1_fwd/cam1_2026-04-08_16-18-02.mp4,1273.0,1644.0,1006,1345,1540,1943,0.79640174
1107,/Volumes/SmithL0/2026/BIOL470/Final/Learning_Rig/bee_0408_1_fwd/cam1_2026-04-08_16-18-02.mp4,1324.0,1645.5,1007,1343,1641,1948,0.79625124
1108,/Volumes/SmithL0/2026/BIOL470/Final/Learning_Rig/bee_0408_1_fwd/cam1_2026-04-08_16-18-02.mp4,1290.5,1644.5,1010,1344,1571,1945,0.7990792
1109,/Volumes/SmithL0/2026/BIOL470/Final/Learning_Rig/bee_0408_1_fwd/cam1_2026-04-08_16-18-02.mp4,1377.5,1645.0,1008,1342,1747,1948,0.7983538
1110,/Volumes/SmithL0/2026/BIOL470/Final/Learning_Rig/bee_0408_1_fwd/cam1_2026-04-08_16-18-02.mp4,1360.5,1645.5,1011,1342,1710,1949,0.8048797
1111,/Volumes/SmithL0/2026/BIOL470/Final/Learning_Rig/bee_0408_1_fwd/cam1_2026-04-08_16-18-02.mp4,1254.5,1649.5,1014,1352,1495,1947,0.74377286
1112,/Volumes/SmithL0/2026/BIOL470/Final/Learning_Rig/bee_0408_1_fwd/cam1_2026-04-08_16-18-02.mp4,1354.5,1643.5,1014,1340,1695,1947,0.8077923
1113,/Volumes/SmithL0/2026/BIOL470/Final/Learning_Rig/bee_0408_1_fwd/cam1_2026-04-08_16-18-02.mp4,1251.5,1647.0,1017,1350,1486,1944,0.7487986
1114,/Volumes/SmithL0/2026/BIOL470/Final/Learning_Rig/bee_0408_1_fwd/cam1_2026-04-08_16-18-02.mp4,1342.5,1644.5,1014,1341,1671,1948,0.80290055
1115,/Volumes/SmithL0/2026/BIOL470/Final/Learning_Rig/bee_0408_1_fwd/cam1_2026-04-08_16-18-02.mp4,1250.0,1648.0,1017,1350,1483,1946,0.7424857
1116,/Volumes/SmithL0/2026/BIOL470/Final/Learning_Rig/bee_0408_1_fwd/cam1_2026-04-08_16-18-02.mp4,1327.0,1646.0,1014,1341,1640,1951,0.8035043
1117,/Volumes/SmithL0/2026/BIOL470/Final/Learning_Rig/bee_0408_1_fwd/cam1_2026-04-08_16-18-02.mp4,1338.0,1645.5,1013,1339,1663,1952,0.80393076
1118,/Volumes/SmithL0/2026/BIOL470/Final/Learning_Rig/bee_0408_1_fwd/cam1_2026-04-08_16-18-02.mp4,1251.0,1653.0,1017,1356,1485,1950,0.69876355
1119,/Volumes/SmithL0/2026/BIOL470/Final/Learning_Rig/bee_0408_1_fwd/cam1_2026-04-08_16-18-02.mp4,1342.0,1646.0,1014,1340,1670,1952,0.80567086
1120,/Volumes/SmithL0/2026/BIOL470/Final/Learning_Rig/bee_0408_1_fwd/cam1_2026-04-08_16-18-02.mp4,1249.5,1651.0,1017,1351,1482,1951,0.75318146
1121,/Volumes/SmithL0/2026/BIOL470/Final/Learning_Rig/bee_0408_1_fwd/cam1_2026-04-08_16-18-02.mp4,1357.0,1647.0,1013,1341,1701,1953,0.8035164
1122,/Volumes/SmithL0/2026/BIOL470/Final/Learning_Rig/bee_0408_1_fwd/cam1_2026-04-08_16-18-02.mp4,1249.5,1650.5,1016,1351,1483,1950,0.7475293
1123,/Volumes/SmithL0/2026/BIOL470/Final/Learning_Rig/bee_0408_1_fwd/cam1_2026-04-08_16-18-02.mp4,1374.0,1647.0,1013,1340,1735,1954,0.80421174
1124,/Volumes/SmithL0/2026/BIOL470/Final/Learning_Rig/bee_0408_1_fwd/cam1_2026-04-08_16-18-02.mp4,1253.5,1650.5,1016,1350,1491,1951,0.7461685
1125,/Volumes/SmithL0/2026/BIOL470/Final/Learning_Rig/bee_0408_1_fwd/cam1_2026-04-08_16-18-02.mp4,1384.0,1648.0,1016,1341,1752,1955,0.80246085
1126,/Volumes/SmithL0/2026/BIOL470/Final/Learning_Rig/bee_0408_1_fwd/cam1_2026-04-08_16-18-02.mp4,1271.0,1650.5,1018,1351,1524,1950,0.7313911
1127,/Volumes/SmithL0/2026/BIOL470/Final/Learning_Rig/bee_0408_1_fwd/cam1_2026-04-08_16-18-02.mp4,1384.0,1650.0,1015,1342,1753,1958,0.8000622
1128,/Volumes/SmithL0/2026/BIOL470/Final/Learning_Rig/bee_0408_1_fwd/cam1_2026-04-08_16-18-02.mp4,1384.5,1651.0,1015,1343,1754,1959,0.800348
1129,/Volumes/SmithL0/2026/BIOL470/Final/Learning_Rig/bee_0408_1_fwd/cam1_2026-04-08_16-18-02.mp4,1384.5,1651.0,1016,1343,1753,1959,0.80084807
1130,/Volumes/SmithL0/2026/BIOL470/Final/Learning_Rig/bee_0408_1_fwd/cam1_2026-04-08_16-18-02.mp4,1380.5,1650.0,1007,1341,1754,1959,0.80431825
1131,/Volumes/SmithL0/2026/BIOL470/Final/Learning_Rig/bee_0408_1_fwd/cam1_2026-04-08_16-18-02.mp4,1382.0,1649.5,1009,1341,1755,1958,0.8062041
1132,/Volumes/SmithL0/2026/BIOL470/Final/Learning_Rig/bee_0408_1_fwd/cam1_2026-04-08_16-18-02.mp4,1380.5,1651.0,1007,1341,1754,1961,0.8061623
1133,/Volumes/SmithL0/2026/BIOL470/Final/Learning_Rig/bee_0408_1_fwd/cam1_2026-04-08_16-18-02.mp4,1381.5,1649.5,1011,1340,1752,1959,0.8071903
1134,/Volumes/SmithL0/2026/BIOL470/Final/Learning_Rig/bee_0408_1_fwd/cam1_2026-04-08_16-18-02.mp4,1382.0,1651.0,1012,1340,1752,1962,0.80717427
1135,/Volumes/SmithL0/2026/BIOL470/Final/Learning_Rig/bee_0408_1_fwd/cam1_2026-04-08_16-18-02.mp4,1382.0,1651.0,1011,1341,1753,1961,0.80785775
1136,/Volumes/SmithL0/2026/BIOL470/Final/Learning_Rig/bee_0408_1_fwd/cam1_2026-04-08_16-18-02.mp4,1384.0,1651.5,1015,1341,1753,1962,0.80829924
1137,/Volumes/SmithL0/2026/BIOL470/Final/Learning_Rig/bee_0408_1_fwd/cam1_2026-04-08_16-18-02.mp4,1383.0,1651.5,1015,1341,1751,1962,0.8087425
1138,/Volumes/SmithL0/2026/BIOL470/Final/Learning_Rig/bee_0408_1_fwd/cam1_2026-04-08_16-18-02.mp4,1383.0,1651.5,1015,1340,1751,1963,0.80852175
1139,/Volumes/SmithL0/2026/BIOL470/Final/Learning_Rig/bee_0408_1_fwd/cam1_2026-04-08_16-18-02.mp4,1384.0,1652.0,1017,1340,1751,1964,0.8080283
1140,/Volumes/SmithL0/2026/BIOL470/Final/Learning_Rig/bee_0408_1_fwd/cam1_2026-04-08_16-18-02.mp4,1383.5,1652.5,1017,1340,1750,1965,0.80688703
1141,/Volumes/SmithL0/2026/BIOL470/Final/Learning_Rig/bee_0408_1_fwd/cam1_2026-04-08_16-18-02.mp4,1383.0,1653.0,1017,1339,1749,1967,0.80882734
1142,/Volumes/SmithL0/2026/BIOL470/Final/Learning_Rig/bee_0408_1_fwd/cam1_2026-04-08_16-18-02.mp4,1383.5,1652.0,1018,1338,1749,1966,0.80861163
1143,/Volumes/SmithL0/2026/BIOL470/Final/Learning_Rig/bee_0408_1_fwd/cam1_2026-04-08_16-18-02.mp4,1384.0,1653.0,1019,1339,1749,1967,0.808583
1144,/Volumes/SmithL0/2026/BIOL470/Final/Learning_Rig/bee_0408_1_fwd/cam1_2026-04-08_16-18-02.mp4,1381.5,1653.0,1016,1339,1747,1967,0.8095377
1145,/Volumes/SmithL0/2026/BIOL470/Final/Learning_Rig/bee_0408_1_fwd/cam1_2026-04-08_16-18-02.mp4,1383.0,1653.5,1018,1341,1748,1966,0.8107531
1146,/Volumes/SmithL0/2026/BIOL470/Final/Learning_Rig/bee_0408_1_fwd/cam1_2026-04-08_16-18-02.mp4,1382.5,1653.0,1018,1342,1747,1964,0.810324
1147,/Volumes/SmithL0/2026/BIOL470/Final/Learning_Rig/bee_0408_1_fwd/cam1_2026-04-08_16-18-02.mp4,1383.5,1652.5,1021,1341,1746,1964,0.81086004
1148,/Volumes/SmithL0/2026/BIOL470/Final/Learning_Rig/bee_0408_1_fwd/cam1_2026-04-08_16-18-02.mp4,1383.0,1652.5,1021,1341,1745,1964,0.8088527
1149,/Volumes/SmithL0/2026/BIOL470/Final/Learning_Rig/bee_0408_1_fwd/cam1_2026-04-08_16-18-02.mp4,1384.0,1653.0,1021,1340,1747,1966,0.810471
1150,/Volumes/SmithL0/2026/BIOL470/Final/Learning_Rig/bee_0408_1_fwd/cam1_2026-04-08_16-18-02.mp4,1384.0,1652.0,1021,1340,1747,1964,0.8107141
1151,/Volumes/SmithL0/2026/BIOL470/Final/Learning_Rig/bee_0408_1_fwd/cam1_2026-04-08_16-18-02.mp4,1383.5,1652.5,1022,1339,1745,1966,0.8095649
1152,/Volumes/SmithL0/2026/BIOL470/Final/Learning_Rig/bee_0408_1_fwd/cam1_2026-04-08_16-18-02.mp4,1381.5,1650.5,1019,1338,1744,1963,0.8103713
1153,/Volumes/SmithL0/2026/BIOL470/Final/Learning_Rig/bee_0408_1_fwd/cam1_2026-04-08_16-18-02.mp4,1384.5,1652.0,1023,1340,1746,1964,0.81116974
1154,/Volumes/SmithL0/2026/BIOL470/Final/Learning_Rig/bee_0408_1_fwd/cam1_2026-04-08_16-18-02.mp4,1384.5,1650.5,1023,1339,1746,1962,0.81107736
1155,/Volumes/SmithL0/2026/BIOL470/Final/Learning_Rig/bee_0408_1_fwd/cam1_2026-04-08_16-18-02.mp4,1384.0,1652.0,1022,1339,1746,1965,0.80952567
1156,/Volumes/SmithL0/2026/BIOL470/Final/Learning_Rig/bee_0408_1_fwd/cam1_2026-04-08_16-18-02.mp4,1385.5,1653.0,1023,1340,1748,1966,0.8095748
1157,/Volumes/SmithL0/2026/BIOL470/Final/Learning_Rig/bee_0408_1_fwd/cam1_2026-04-08_16-18-02.mp4,1387.0,1651.0,1021,1341,1753,1961,0.81339306
1158,/Volumes/SmithL0/2026/BIOL470/Final/Learning_Rig/bee_0408_1_fwd/cam1_2026-04-08_16-18-02.mp4,1377.5,1647.5,1005,1342,1750,1953,0.7999107
1159,/Volumes/SmithL0/2026/BIOL470/Final/Learning_Rig/bee_0408_1_fwd/cam1_2026-04-08_16-18-02.mp4,1365.0,1638.5,994,1352,1736,1925,0.8030259
1160,/Volumes/SmithL0/2026/BIOL470/Final/Learning_Rig/bee_0408_1_fwd/cam1_2026-04-08_16-18-02.mp4,1366.0,1640.0,995,1352,1737,1928,0.7994598
1161,/Volumes/SmithL0/2026/BIOL470/Final/Learning_Rig/bee_0408_1_fwd/cam1_2026-04-08_16-18-02.mp4,1365.5,1641.5,995,1353,1736,1930,0.811036
1162,/Volumes/SmithL0/2026/BIOL470/Final/Learning_Rig/bee_0408_1_fwd/cam1_2026-04-08_16-18-02.mp4,1359.5,1643.0,993,1352,1726,1934,0.7980212
1163,/Volumes/SmithL0/2026/BIOL470/Final/Learning_Rig/bee_0408_1_fwd/cam1_2026-04-08_16-18-02.mp4,1361.0,1647.0,993,1350,1729,1944,0.8082537
1164,/Volumes/SmithL0/2026/BIOL470/Final/Learning_Rig/bee_0408_1_fwd/cam1_2026-04-08_16-18-02.mp4,1363.5,1643.5,993,1348,1734,1939,0.79879797
1165,/Volumes/SmithL0/2026/BIOL470/Final/Learning_Rig/bee_0408_1_fwd/cam1_2026-04-08_16-18-02.mp4,1361.0,1643.0,991,1346,1731,1940,0.8076745
1166,/Volumes/SmithL0/2026/BIOL470/Final/Learning_Rig/bee_0408_1_fwd/cam1_2026-04-08_16-18-02.mp4,1366.0,1647.5,990,1345,1742,1950,0.80858433
1167,/Volumes/SmithL0/2026/BIOL470/Final/Learning_Rig/bee_0408_1_fwd/cam1_2026-04-08_16-18-02.mp4,1367.0,1647.5,991,1345,1743,1950,0.81382954
1168,/Volumes/SmithL0/2026/BIOL470/Final/Learning_Rig/bee_0408_1_fwd/cam1_2026-04-08_16-18-02.mp4,1362.0,1643.0,988,1345,1736,1941,0.8102298
1169,/Volumes/SmithL0/2026/BIOL470/Final/Learning_Rig/bee_0408_1_fwd/cam1_2026-04-08_16-18-02.mp4,1362.5,1640.5,990,1344,1735,1937,0.799642
1170,/Volumes/SmithL0/2026/BIOL470/Final/Learning_Rig/bee_0408_1_fwd/cam1_2026-04-08_16-18-02.mp4,1361.0,1639.0,989,1344,1733,1934,0.8002837
1171,/Volumes/SmithL0/2026/BIOL470/Final/Learning_Rig/bee_0408_1_fwd/cam1_2026-04-08_16-18-02.mp4,1361.0,1638.0,991,1344,1731,1932,0.80556756
1172,/Volumes/SmithL0/2026/BIOL470/Final/Learning_Rig/bee_0408_1_fwd/cam1_2026-04-08_16-18-02.mp4,1361.0,1638.5,991,1343,1731,1934,0.81106025
1173,/Volumes/SmithL0/2026/BIOL470/Final/Learning_Rig/bee_0408_1_fwd/cam1_2026-04-08_16-18-02.mp4,1362.0,1637.0,991,1342,1733,1932,0.80458856
1174,/Volumes/SmithL0/2026/BIOL470/Final/Learning_Rig/bee_0408_1_fwd/cam1_2026-04-08_16-18-02.mp4,1358.5,1634.0,990,1344,1727,1924,0.7833568
1175,/Volumes/SmithL0/2026/BIOL470/Final/Learning_Rig/bee_0408_1_fwd/cam1_2026-04-08_16-18-02.mp4,1356.5,1633.5,991,1342,1722,1925,0.7740376
1176,/Volumes/SmithL0/2026/BIOL470/Final/Learning_Rig/bee_0408_1_fwd/cam1_2026-04-08_16-18-02.mp4,1365.0,1640.0,994,1340,1736,1940,0.7770381
1177,/Volumes/SmithL0/2026/BIOL470/Final/Learning_Rig/bee_0408_1_fwd/cam1_2026-04-08_16-18-02.mp4,1365.0,1640.0,995,1340,1735,1940,0.77961963
1178,/Volumes/SmithL0/2026/BIOL470/Final/Learning_Rig/bee_0408_1_fwd/cam1_2026-04-08_16-18-02.mp4,1360.5,1633.0,994,1344,1727,1922,0.7939392
1179,/Volumes/SmithL0/2026/BIOL470/Final/Learning_Rig/bee_0408_1_fwd/cam1_2026-04-08_16-18-02.mp4,1360.0,1632.5,993,1344,1727,1921,0.7775351
1180,/Volumes/SmithL0/2026/BIOL470/Final/Learning_Rig/bee_0408_1_fwd/cam1_2026-04-08_16-18-02.mp4,1364.5,1640.0,994,1340,1735,1940,0.7811588
1181,/Volumes/SmithL0/2026/BIOL470/Final/Learning_Rig/bee_0408_1_fwd/cam1_2026-04-08_16-18-02.mp4,1365.5,1638.0,996,1339,1735,1937,0.7852785
1182,/Volumes/SmithL0/2026/BIOL470/Final/Learning_Rig/bee_0408_1_fwd/cam1_2026-04-08_16-18-02.mp4,1366.0,1638.5,996,1339,1736,1938,0.7859459
1183,/Volumes/SmithL0/2026/BIOL470/Final/Learning_Rig/bee_0408_1_fwd/cam1_2026-04-08_16-18-02.mp4,1363.5,1637.5,994,1337,1733,1938,0.7854705
1184,/Volumes/SmithL0/2026/BIOL470/Final/Learning_Rig/bee_0408_1_fwd/cam1_2026-04-08_16-18-02.mp4,1363.0,1638.0,994,1338,1732,1938,0.7833672
1185,/Volumes/SmithL0/2026/BIOL470/Final/Learning_Rig/bee_0408_1_fwd/cam1_2026-04-08_16-18-02.mp4,1355.5,1637.0,981,1332,1730,1942,0.79562867
1186,/Volumes/SmithL0/2026/BIOL470/Final/Learning_Rig/bee_0408_1_fwd/cam1_2026-04-08_16-18-02.mp4,1341.5,1640.5,971,1341,1712,1940,0.78392386
1187,/Volumes/SmithL0/2026/BIOL470/Final/Learning_Rig/bee_0408_1_fwd/cam1_2026-04-08_16-18-02.mp4,1315.5,1637.5,970,1361,1661,1914,0.8186198
1188,/Volumes/SmithL0/2026/BIOL470/Final/Learning_Rig/bee_0408_1_fwd/cam1_2026-04-08_16-18-02.mp4,1319.0,1653.0,971,1367,1667,1939,0.80656445
1189,/Volumes/SmithL0/2026/BIOL470/Final/Learning_Rig/bee_0408_1_fwd/cam1_2026-04-08_16-18-02.mp4,1334.0,1644.5,981,1363,1687,1926,0.76265645
1190,/Volumes/SmithL0/2026/BIOL470/Final/Learning_Rig/bee_0408_1_fwd/cam1_2026-04-08_16-18-02.mp4,1328.5,1655.5,987,1371,1670,1940,0.7313944
1191,/Volumes/SmithL0/2026/BIOL470/Final/Learning_Rig/bee_0408_1_fwd/cam1_2026-04-08_16-18-02.mp4,1338.5,1646.0,985,1365,1692,1927,0.7333443
1192,/Volumes/SmithL0/2026/BIOL470/Final/Learning_Rig/bee_0408_1_fwd/cam1_2026-04-08_16-18-02.mp4,1360.0,1653.0,1006,1363,1714,1943,0.7365349
1193,/Volumes/SmithL0/2026/BIOL470/Final/Learning_Rig/bee_0408_1_fwd/cam1_2026-04-08_16-18-02.mp4,1353.0,1649.0,1008,1365,1698,1933,0.75005114
1194,/Volumes/SmithL0/2026/BIOL470/Final/Learning_Rig/bee_0408_1_fwd/cam1_2026-04-08_16-18-02.mp4,1380.0,1644.5,1013,1364,1747,1925,0.75404894
1195,/Volumes/SmithL0/2026/BIOL470/Final/Learning_Rig/bee_0408_1_fwd/cam1_2026-04-08_16-18-02.mp4,1383.5,1641.5,1026,1364,1741,1919,0.6286861
1196,/Volumes/SmithL0/2026/BIOL470/Final/Learning_Rig/bee_0408_1_fwd/cam1_2026-04-08_16-18-02.mp4,1415.5,1641.0,1035,1361,1796,1921,0.76388294
1197,/Volumes/SmithL0/2026/BIOL470/Final/Learning_Rig/bee_0408_1_fwd/cam1_2026-04-08_16-18-02.mp4,1415.0,1633.0,1038,1360,1792,1906,0.786703
1198,/Volumes/SmithL0/2026/BIOL470/Final/Learning_Rig/bee_0408_1_fwd/cam1_2026-04-08_16-18-02.mp4,1407.0,1644.5,1038,1362,1776,1927,0.80055106
1199,/Volumes/SmithL0/2026/BIOL470/Final/Learning_Rig/bee_0408_1_fwd/cam1_2026-04-08_16-18-02.mp4,1407.0,1642.5,1036,1363,1778,1922,0.788087
1200,/Volumes/SmithL0/2026/BIOL470/Final/Learning_Rig/bee_0408_1_fwd/cam1_2026-04-08_16-18-02.mp4,1411.0,1644.5,1042,1364,1780,1925,0.79147637
1201,/Volumes/SmithL0/2026/BIOL470/Final/Learning_Rig/bee_0408_1_fwd/cam1_2026-04-08_16-18-02.mp4,1405.0,1648.0,1038,1365,1772,1931,0.8004035
1202,/Volumes/SmithL0/2026/BIOL470/Final/Learning_Rig/bee_0408_1_fwd/cam1_2026-04-08_16-18-02.mp4,1411.5,1647.0,1041,1364,1782,1930,0.7909946
1203,/Volumes/SmithL0/2026/BIOL470/Final/Learning_Rig/bee_0408_1_fwd/cam1_2026-04-08_16-18-02.mp4,1414.5,1647.5,1047,1366,1782,1929,0.7914953
1204,/Volumes/SmithL0/2026/BIOL470/Final/Learning_Rig/bee_0408_1_fwd/cam1_2026-04-08_16-18-02.mp4,1412.5,1644.5,1047,1366,1778,1923,0.80878717
1205,/Volumes/SmithL0/2026/BIOL470/Final/Learning_Rig/bee_0408_1_fwd/cam1_2026-04-08_16-18-02.mp4,1410.5,1640.0,1045,1366,1776,1914,0.81407535
1206,/Volumes/SmithL0/2026/BIOL470/Final/Learning_Rig/bee_0408_1_fwd/cam1_2026-04-08_16-18-02.mp4,1415.5,1647.5,1047,1366,1784,1929,0.7963855
1207,/Volumes/SmithL0/2026/BIOL470/Final/Learning_Rig/bee_0408_1_fwd/cam1_2026-04-08_16-18-02.mp4,1437.5,1650.5,1052,1367,1823,1934,0.7681805
1208,/Volumes/SmithL0/2026/BIOL470/Final/Learning_Rig/bee_0408_1_fwd/cam1_2026-04-08_16-18-02.mp4,1433.5,1649.0,1052,1367,1815,1931,0.776394
1209,/Volumes/SmithL0/2026/BIOL470/Final/Learning_Rig/bee_0408_1_fwd/cam1_2026-04-08_16-18-02.mp4,1435.5,1636.0,1054,1366,1817,1906,0.77575845
1210,/Volumes/SmithL0/2026/BIOL470/Final/Learning_Rig/bee_0408_1_fwd/cam1_2026-04-08_16-18-02.mp4,1439.0,1646.5,1043,1367,1835,1926,0.74313194
1211,/Volumes/SmithL0/2026/BIOL470/Final/Learning_Rig/bee_0408_1_fwd/cam1_2026-04-08_16-18-02.mp4,1432.5,1624.0,1057,1368,1808,1880,0.77520365
1212,/Volumes/SmithL0/2026/BIOL470/Final/Learning_Rig/bee_0408_1_fwd/cam1_2026-04-08_16-18-02.mp4,1438.0,1637.0,1055,1367,1821,1907,0.79043007
1213,/Volumes/SmithL0/2026/BIOL470/Final/Learning_Rig/bee_0408_1_fwd/cam1_2026-04-08_16-18-02.mp4,1432.5,1619.5,1052,1366,1813,1873,0.7973018
1214,/Volumes/SmithL0/2026/BIOL470/Final/Learning_Rig/bee_0408_1_fwd/cam1_2026-04-08_16-18-02.mp4,1436.5,1596.0,1049,1365,1824,1827,0.7705882
1215,/Volumes/SmithL0/2026/BIOL470/Final/Learning_Rig/bee_0408_1_fwd/cam1_2026-04-08_16-18-02.mp4,1443.5,1594.5,1052,1366,1835,1823,0.7658155
1216,/Volumes/SmithL0/2026/BIOL470/Final/Learning_Rig/bee_0408_1_fwd/cam1_2026-04-08_16-18-02.mp4,1446.5,1632.5,1050,1366,1843,1899,0.75587815
1217,/Volumes/SmithL0/2026/BIOL470/Final/Learning_Rig/bee_0408_1_fwd/cam1_2026-04-08_16-18-02.mp4,1433.0,1634.0,1054,1323,1812,1945,0.7853463
1218,/Volumes/SmithL0/2026/BIOL470/Final/Learning_Rig/bee_0408_1_fwd/cam1_2026-04-08_16-18-02.mp4,1432.5,1638.5,1061,1339,1804,1938,0.79746985
1219,/Volumes/SmithL0/2026/BIOL470/Final/Learning_Rig/bee_0408_1_fwd/cam1_2026-04-08_16-18-02.mp4,1441.0,1623.5,1065,1354,1817,1893,0.7977586
1220,/Volumes/SmithL0/2026/BIOL470/Final/Learning_Rig/bee_0408_1_fwd/cam1_2026-04-08_16-18-02.mp4,1423.0,1586.5,1045,1355,1801,1818,0.8058989
1221,/Volumes/SmithL0/2026/BIOL470/Final/Learning_Rig/bee_0408_1_fwd/cam1_2026-04-08_16-18-02.mp4,1406.5,1682.5,1016,1343,1797,2022,0.63841456
1222,/Volumes/SmithL0/2026/BIOL470/Final/Learning_Rig/bee_0408_1_fwd/cam1_2026-04-08_16-18-02.mp4,1427.5,1628.0,1055,1355,1800,1901,0.79596007
1223,/Volumes/SmithL0/2026/BIOL470/Final/Learning_Rig/bee_0408_1_fwd/cam1_2026-04-08_16-18-02.mp4,1427.0,1584.5,1055,1356,1799,1813,0.80253965
1224,/Volumes/SmithL0/2026/BIOL470/Final/Learning_Rig/bee_0408_1_fwd/cam1_2026-04-08_16-18-02.mp4,1429.0,1686.5,1049,1361,1809,2012,0.63607126
1225,/Volumes/SmithL0/2026/BIOL470/Final/Learning_Rig/bee_0408_1_fwd/cam1_2026-04-08_16-18-02.mp4,1429.0,1583.0,1056,1358,1802,1808,0.80247426
1226,/Volumes/SmithL0/2026/BIOL470/Final/Learning_Rig/bee_0408_1_fwd/cam1_2026-04-08_16-18-02.mp4,1432.0,1588.5,1057,1360,1807,1817,0.78664476
1227,/Volumes/SmithL0/2026/BIOL470/Final/Learning_Rig/bee_0408_1_fwd/cam1_2026-04-08_16-18-02.mp4,1411.0,1746.5,1014,1352,1808,2141,0.58295643
1228,/Volumes/SmithL0/2026/BIOL470/Final/Learning_Rig/bee_0408_1_fwd/cam1_2026-04-08_16-18-02.mp4,1432.5,1591.0,1055,1361,1810,1821,0.7845904
1229,/Volumes/SmithL0/2026/BIOL470/Final/Learning_Rig/bee_0408_1_fwd/cam1_2026-04-08_16-18-02.mp4,1412.5,1727.5,1017,1353,1808,2102,0.6562336
1230,/Volumes/SmithL0/2026/BIOL470/Final/Learning_Rig/bee_0408_1_fwd/cam1_2026-04-08_16-18-02.mp4,1427.5,1595.0,1046,1363,1809,1827,0.7995591
1231,/Volumes/SmithL0/2026/BIOL470/Final/Learning_Rig/bee_0408_1_fwd/cam1_2026-04-08_16-18-02.mp4,1413.5,1693.5,1016,1356,1811,2031,0.6057809
1232,/Volumes/SmithL0/2026/BIOL470/Final/Learning_Rig/bee_0408_1_fwd/cam1_2026-04-08_16-18-02.mp4,1432.0,1589.5,1057,1364,1807,1815,0.78930295
1233,/Volumes/SmithL0/2026/BIOL470/Final/Learning_Rig/bee_0408_1_fwd/cam1_2026-04-08_16-18-02.mp4,1414.0,1738.5,1017,1355,1811,2122,0.50085723
1234,/Volumes/SmithL0/2026/BIOL470/Final/Learning_Rig/bee_0408_1_fwd/cam1_2026-04-08_16-18-02.mp4,1433.0,1593.0,1055,1364,1811,1822,0.781946
1235,/Volumes/SmithL0/2026/BIOL470/Final/Learning_Rig/bee_0408_1_fwd/cam1_2026-04-08_16-18-02.mp4,1420.0,1705.5,1026,1355,1814,2056,0.7163045
1236,/Volumes/SmithL0/2026/BIOL470/Final/Learning_Rig/bee_0408_1_fwd/cam1_2026-04-08_16-18-02.mp4,1433.0,1598.5,1054,1367,1812,1830,0.7867181
1237,/Volumes/SmithL0/2026/BIOL470/Final/Learning_Rig/bee_0408_1_fwd/cam1_2026-04-08_16-18-02.mp4,1423.0,1708.0,1030,1359,1816,2057,0.75353545
1238,/Volumes/SmithL0/2026/BIOL470/Final/Learning_Rig/bee_0408_1_fwd/cam1_2026-04-08_16-18-02.mp4,1439.0,1648.5,1054,1368,1824,1929,0.7873636
1239,/Volumes/SmithL0/2026/BIOL470/Final/Learning_Rig/bee_0408_1_fwd/cam1_2026-04-08_16-18-02.mp4,1445.5,1649.5,1054,1368,1837,1931,0.7913606
1240,/Volumes/SmithL0/2026/BIOL470/Final/Learning_Rig/bee_0408_1_fwd/cam1_2026-04-08_16-18-02.mp4,1448.5,1647.0,1054,1370,1843,1924,0.8059248
1241,/Volumes/SmithL0/2026/BIOL470/Final/Learning_Rig/bee_0408_1_fwd/cam1_2026-04-08_16-18-02.mp4,1446.0,1646.0,1054,1369,1838,1923,0.8004072
1242,/Volumes/SmithL0/2026/BIOL470/Final/Learning_Rig/bee_0408_1_fwd/cam1_2026-04-08_16-18-02.mp4,1440.0,1642.0,1049,1368,1831,1916,0.79647183
1243,/Volumes/SmithL0/2026/BIOL470/Final/Learning_Rig/bee_0408_1_fwd/cam1_2026-04-08_16-18-02.mp4,1420.0,1593.0,1031,1363,1809,1823,0.7987668
1244,/Volumes/SmithL0/2026/BIOL470/Final/Learning_Rig/bee_0408_1_fwd/cam1_2026-04-08_16-18-02.mp4,1408.0,1737.0,1000,1353,1816,2121,0.6774115
1245,/Volumes/SmithL0/2026/BIOL470/Final/Learning_Rig/bee_0408_1_fwd/cam1_2026-04-08_16-18-02.mp4,1421.0,1597.5,1039,1367,1803,1828,0.7878908
1246,/Volumes/SmithL0/2026/BIOL470/Final/Learning_Rig/bee_0408_1_fwd/cam1_2026-04-08_16-18-02.mp4,1410.0,1696.5,1011,1355,1809,2038,0.77045864
1247,/Volumes/SmithL0/2026/BIOL470/Final/Learning_Rig/bee_0408_1_fwd/cam1_2026-04-08_16-18-02.mp4,1419.0,1616.5,1031,1368,1807,1865,0.7948108
1248,/Volumes/SmithL0/2026/BIOL470/Final/Learning_Rig/bee_0408_1_fwd/cam1_2026-04-08_16-18-02.mp4,1414.5,1622.5,1032,1368,1797,1877,0.7896879
1249,/Volumes/SmithL0/2026/BIOL470/Final/Learning_Rig/bee_0408_1_fwd/cam1_2026-04-08_16-18-02.mp4,1424.5,1605.5,1034,1366,1815,1845,0.79504657
1250,/Volumes/SmithL0/2026/BIOL470/Final/Learning_Rig/bee_0408_1_fwd/cam1_2026-04-08_16-18-02.mp4,1402.0,1653.0,1013,1358,1791,1948,0.81246996
1251,/Volumes/SmithL0/2026/BIOL470/Final/Learning_Rig/bee_0408_1_fwd/cam1_2026-04-08_16-18-02.mp4,1410.5,1646.0,1033,1364,1788,1928,0.80631924
1252,/Volumes/SmithL0/2026/BIOL470/Final/Learning_Rig/bee_0408_1_fwd/cam1_2026-04-08_16-18-02.mp4,1428.5,1654.5,1040,1358,1817,1951,0.7900833
1253,/Volumes/SmithL0/2026/BIOL470/Final/Learning_Rig/bee_0408_1_fwd/cam1_2026-04-08_16-18-02.mp4,1520.5,1667.5,1106,1369,1935,1966,0.75401837
1254,/Volumes/SmithL0/2026/BIOL470/Final/Learning_Rig/bee_0408_1_fwd/cam1_2026-04-08_16-18-02.mp4,1447.5,1678.5,1095,1364,1800,1993,0.7524117
1255,/Volumes/SmithL0/2026/BIOL470/Final/Learning_Rig/bee_0408_1_fwd/cam1_2026-04-08_16-18-02.mp4,1445.5,1673.5,1108,1369,1783,1978,0.79980206
1256,/Volumes/SmithL0/2026/BIOL470/Final/Learning_Rig/bee_0408_1_fwd/cam1_2026-04-08_16-18-02.mp4,1444.5,1632.5,1116,1369,1773,1896,0.7840622
1257,/Volumes/SmithL0/2026/BIOL470/Final/Learning_Rig/bee_0408_1_fwd/cam1_2026-04-08_16-18-02.mp4,1463.0,1668.0,1135,1371,1791,1965,0.7560145
1258,/Volumes/SmithL0/2026/BIOL470/Final/Learning_Rig/bee_0408_1_fwd/cam1_2026-04-08_16-18-02.mp4,1458.5,1646.0,1132,1366,1785,1926,0.77487296
1259,/Volumes/SmithL0/2026/BIOL470/Final/Learning_Rig/bee_0408_1_fwd/cam1_2026-04-08_16-18-02.mp4,1456.5,1790.0,1128,1370,1785,2210,0.7398113
1260,/Volumes/SmithL0/2026/BIOL470/Final/Learning_Rig/bee_0408_1_fwd/cam1_2026-04-08_16-18-02.mp4,1442.0,1661.5,1113,1374,1771,1949,0.7281248
1261,/Volumes/SmithL0/2026/BIOL470/Final/Learning_Rig/bee_0408_1_fwd/cam1_2026-04-08_16-18-02.mp4,1463.5,1808.0,1134,1371,1793,2245,0.7425478
1262,/Volumes/SmithL0/2026/BIOL470/Final/Learning_Rig/bee_0408_1_fwd/cam1_2026-04-08_16-18-02.mp4,1454.0,1613.5,1135,1375,1773,1852,0.62474406
1263,/Volumes/SmithL0/2026/BIOL470/Final/Learning_Rig/bee_0408_1_fwd/cam1_2026-04-08_16-18-02.mp4,1467.5,1807.5,1140,1369,1795,2246,0.75665325
1264,/Volumes/SmithL0/2026/BIOL470/Final/Learning_Rig/bee_0408_1_fwd/cam1_2026-04-08_16-18-02.mp4,1459.0,1611.5,1142,1374,1776,1849,0.6447188
1265,/Volumes/SmithL0/2026/BIOL470/Final/Learning_Rig/bee_0408_1_fwd/cam1_2026-04-08_16-18-02.mp4,1449.5,1734.0,1118,1362,1781,2106,0.76243144
1266,/Volumes/SmithL0/2026/BIOL470/Final/Learning_Rig/bee_0408_1_fwd/cam1_2026-04-08_16-18-02.mp4,1454.5,1608.5,1131,1365,1778,1852,0.7281835
1267,/Volumes/SmithL0/2026/BIOL470/Final/Learning_Rig/bee_0408_1_fwd/cam1_2026-04-08_16-18-02.mp4,1466.0,1602.0,1168,1366,1764,1838,0.7297926
1268,/Volumes/SmithL0/2026/BIOL470/Final/Learning_Rig/bee_0408_1_fwd/cam1_2026-04-08_16-18-02.mp4,1476.0,1582.5,1184,1321,1768,1844,0.79929477
1269,/Volumes/SmithL0/2026/BIOL470/Final/Learning_Rig/bee_0408_1_fwd/cam1_2026-04-08_16-18-02.mp4,1474.0,1769.5,1174,1337,1774,2202,0.673077
1270,/Volumes/SmithL0/2026/BIOL470/Final/Learning_Rig/bee_0408_1_fwd/cam1_2026-04-08_16-18-02.mp4,1460.0,1607.0,1148,1347,1772,1867,0.78658485
1271,/Volumes/SmithL0/2026/BIOL470/Final/Learning_Rig/bee_0408_1_fwd/cam1_2026-04-08_16-18-02.mp4,1457.5,1727.5,1139,1347,1776,2108,0.6938709
1272,/Volumes/SmithL0/2026/BIOL470/Final/Learning_Rig/bee_0408_1_fwd/cam1_2026-04-08_16-18-02.mp4,1449.0,1633.0,1145,1358,1753,1908,0.767834
1273,/Volumes/SmithL0/2026/BIOL470/Final/Learning_Rig/bee_0408_1_fwd/cam1_2026-04-08_16-18-02.mp4,1458.0,1723.0,1129,1365,1787,2081,0.61743706
1274,/Volumes/SmithL0/2026/BIOL470/Final/Learning_Rig/bee_0408_1_fwd/cam1_2026-04-08_16-18-02.mp4,1468.5,1644.5,1147,1368,1790,1921,0.7477249
1275,/Volumes/SmithL0/2026/BIOL470/Final/Learning_Rig/bee_0408_1_fwd/cam1_2026-04-08_16-18-02.mp4,1451.0,1621.0,1163,1342,1739,1900,0.7885054
1276,/Volumes/SmithL0/2026/BIOL470/Final/Learning_Rig/bee_0408_1_fwd/cam1_2026-04-08_16-18-02.mp4,1440.5,1639.5,1138,1354,1743,1925,0.7950091
1277,/Volumes/SmithL0/2026/BIOL470/Final/Learning_Rig/bee_0408_1_fwd/cam1_2026-04-08_16-18-02.mp4,1438.0,1635.5,1138,1353,1738,1918,0.79278094
1278,/Volumes/SmithL0/2026/BIOL470/Final/Learning_Rig/bee_0408_1_fwd/cam1_2026-04-08_16-18-02.mp4,1447.5,1764.0,1138,1360,1757,2168,0.76042867
1279,/Volumes/SmithL0/2026/BIOL470/Final/Learning_Rig/bee_0408_1_fwd/cam1_2026-04-08_16-18-02.mp4,1438.0,1635.0,1140,1351,1736,1919,0.7995955
1280,/Volumes/SmithL0/2026/BIOL470/Final/Learning_Rig/bee_0408_1_fwd/cam1_2026-04-08_16-18-02.mp4,1448.0,1753.0,1140,1358,1756,2148,0.75651157
1281,/Volumes/SmithL0/2026/BIOL470/Final/Learning_Rig/bee_0408_1_fwd/cam1_2026-04-08_16-18-02.mp4,1434.5,1637.0,1138,1352,1731,1922,0.80793995
1282,/Volumes/SmithL0/2026/BIOL470/Final/Learning_Rig/bee_0408_1_fwd/cam1_2026-04-08_16-18-02.mp4,1445.5,1770.5,1139,1360,1752,2181,0.76964676
1283,/Volumes/SmithL0/2026/BIOL470/Final/Learning_Rig/bee_0408_1_fwd/cam1_2026-04-08_16-18-02.mp4,1434.5,1640.5,1137,1353,1732,1928,0.80623186
1284,/Volumes/SmithL0/2026/BIOL470/Final/Learning_Rig/bee_0408_1_fwd/cam1_2026-04-08_16-18-02.mp4,1445.5,1792.5,1139,1360,1752,2225,0.7722745
1285,/Volumes/SmithL0/2026/BIOL470/Final/Learning_Rig/bee_0408_1_fwd/cam1_2026-04-08_16-18-02.mp4,1434.5,1643.0,1139,1356,1730,1930,0.8034012
1286,/Volumes/SmithL0/2026/BIOL470/Final/Learning_Rig/bee_0408_1_fwd/cam1_2026-04-08_16-18-02.mp4,1447.0,1806.0,1141,1362,1753,2250,0.77486056
1287,/Volumes/SmithL0/2026/BIOL470/Final/Learning_Rig/bee_0408_1_fwd/cam1_2026-04-08_16-18-02.mp4,1434.5,1648.0,1140,1356,1729,1940,0.81171405
1288,/Volumes/SmithL0/2026/BIOL470/Final/Learning_Rig/bee_0408_1_fwd/cam1_2026-04-08_16-18-02.mp4,1446.5,1780.5,1143,1362,1750,2199,0.7775656
1289,/Volumes/SmithL0/2026/BIOL470/Final/Learning_Rig/bee_0408_1_fwd/cam1_2026-04-08_16-18-02.mp4,1434.0,1647.5,1141,1355,1727,1940,0.81287223
1290,/Volumes/SmithL0/2026/BIOL470/Final/Learning_Rig/bee_0408_1_fwd/cam1_2026-04-08_16-18-02.mp4,1447.0,1792.0,1144,1361,1750,2223,0.77990043
1291,/Volumes/SmithL0/2026/BIOL470/Final/Learning_Rig/bee_0408_1_fwd/cam1_2026-04-08_16-18-02.mp4,1435.0,1647.0,1142,1356,1728,1938,0.81037647
1292,/Volumes/SmithL0/2026/BIOL470/Final/Learning_Rig/bee_0408_1_fwd/cam1_2026-04-08_16-18-02.mp4,1447.5,1779.5,1145,1362,1750,2197,0.78472453
1293,/Volumes/SmithL0/2026/BIOL470/Final/Learning_Rig/bee_0408_1_fwd/cam1_2026-04-08_16-18-02.mp4,1435.5,1645.0,1143,1353,1728,1937,0.81344575
1294,/Volumes/SmithL0/2026/BIOL470/Final/Learning_Rig/bee_0408_1_fwd/cam1_2026-04-08_16-18-02.mp4,1448.0,1779.5,1146,1359,1750,2200,0.78210294
1295,/Volumes/SmithL0/2026/BIOL470/Final/Learning_Rig/bee_0408_1_fwd/cam1_2026-04-08_16-18-02.mp4,1435.5,1643.0,1143,1352,1728,1934,0.8169735
1296,/Volumes/SmithL0/2026/BIOL470/Final/Learning_Rig/bee_0408_1_fwd/cam1_2026-04-08_16-18-02.mp4,1436.5,1647.5,1144,1358,1729,1937,0.81347847
1297,/Volumes/SmithL0/2026/BIOL470/Final/Learning_Rig/bee_0408_1_fwd/cam1_2026-04-08_16-18-02.mp4,1436.5,1648.0,1144,1357,1729,1939,0.81150746
1298,/Volumes/SmithL0/2026/BIOL470/Final/Learning_Rig/bee_0408_1_fwd/cam1_2026-04-08_16-18-02.mp4,1448.0,1772.0,1146,1364,1750,2180,0.7805364
1299,/Volumes/SmithL0/2026/BIOL470/Final/Learning_Rig/bee_0408_1_fwd/cam1_2026-04-08_16-18-02.mp4,1436.5,1648.0,1144,1356,1729,1940,0.8134221
1300,/Volumes/SmithL0/2026/BIOL470/Final/Learning_Rig/bee_0408_1_fwd/cam1_2026-04-08_16-18-02.mp4,1436.0,1644.5,1143,1355,1729,1934,0.81283385
1301,/Volumes/SmithL0/2026/BIOL470/Final/Learning_Rig/bee_0408_1_fwd/cam1_2026-04-08_16-18-02.mp4,1448.0,1770.5,1145,1362,1751,2179,0.77964675
1302,/Volumes/SmithL0/2026/BIOL470/Final/Learning_Rig/bee_0408_1_fwd/cam1_2026-04-08_16-18-02.mp4,1436.5,1643.0,1144,1352,1729,1934,0.81276155
1303,/Volumes/SmithL0/2026/BIOL470/Final/Learning_Rig/bee_0408_1_fwd/cam1_2026-04-08_16-18-02.mp4,1448.5,1759.5,1145,1359,1752,2160,0.77835375
1304,/Volumes/SmithL0/2026/BIOL470/Final/Learning_Rig/bee_0408_1_fwd/cam1_2026-04-08_16-18-02.mp4,1436.5,1646.0,1144,1355,1729,1937,0.8103297
1305,/Volumes/SmithL0/2026/BIOL470/Final/Learning_Rig/bee_0408_1_fwd/cam1_2026-04-08_16-18-02.mp4,1437.0,1647.0,1144,1357,1730,1937,0.8043551
1306,/Volumes/SmithL0/2026/BIOL470/Final/Learning_Rig/bee_0408_1_fwd/cam1_2026-04-08_16-18-02.mp4,1449.0,1785.5,1146,1365,1752,2206,0.7786156
1307,/Volumes/SmithL0/2026/BIOL470/Final/Learning_Rig/bee_0408_1_fwd/cam1_2026-04-08_16-18-02.mp4,1436.0,1646.5,1144,1357,1728,1936,0.8074739
1308,/Volumes/SmithL0/2026/BIOL470/Final/Learning_Rig/bee_0408_1_fwd/cam1_2026-04-08_16-18-02.mp4,1448.5,1769.0,1146,1365,1751,2173,0.7792348
1309,/Volumes/SmithL0/2026/BIOL470/Final/Learning_Rig/bee_0408_1_fwd/cam1_2026-04-08_16-18-02.mp4,1436.5,1646.0,1144,1356,1729,1936,0.8086057
1310,/Volumes/SmithL0/2026/BIOL470/Final/Learning_Rig/bee_0408_1_fwd/cam1_2026-04-08_16-18-02.mp4,1448.0,1761.0,1145,1364,1751,2158,0.7784075
1311,/Volumes/SmithL0/2026/BIOL470/Final/Learning_Rig/bee_0408_1_fwd/cam1_2026-04-08_16-18-02.mp4,1436.0,1647.0,1144,1356,1728,1938,0.809808
1312,/Volumes/SmithL0/2026/BIOL470/Final/Learning_Rig/bee_0408_1_fwd/cam1_2026-04-08_16-18-02.mp4,1435.5,1651.5,1143,1358,1728,1945,0.8037267
1313,/Volumes/SmithL0/2026/BIOL470/Final/Learning_Rig/bee_0408_1_fwd/cam1_2026-04-08_16-18-02.mp4,1447.0,1786.5,1145,1365,1749,2208,0.780991
1314,/Volumes/SmithL0/2026/BIOL470/Final/Learning_Rig/bee_0408_1_fwd/cam1_2026-04-08_16-18-02.mp4,1437.0,1649.0,1143,1358,1731,1940,0.8066577
1315,/Volumes/SmithL0/2026/BIOL470/Final/Learning_Rig/bee_0408_1_fwd/cam1_2026-04-08_16-18-02.mp4,1447.5,1764.0,1145,1366,1750,2162,0.77573663
1316,/Volumes/SmithL0/2026/BIOL470/Final/Learning_Rig/bee_0408_1_fwd/cam1_2026-04-08_16-18-02.mp4,1437.5,1647.0,1143,1357,1732,1937,0.8029246
1317,/Volumes/SmithL0/2026/BIOL470/Final/Learning_Rig/bee_0408_1_fwd/cam1_2026-04-08_16-18-02.mp4,1448.0,1796.5,1145,1365,1751,2228,0.7778416
1318,/Volumes/SmithL0/2026/BIOL470/Final/Learning_Rig/bee_0408_1_fwd/cam1_2026-04-08_16-18-02.mp4,1438.5,1647.0,1144,1359,1733,1935,0.80209464
1319,/Volumes/SmithL0/2026/BIOL470/Final/Learning_Rig/bee_0408_1_fwd/cam1_2026-04-08_16-18-02.mp4,1448.0,1797.5,1145,1367,1751,2228,0.77526814
1320,/Volumes/SmithL0/2026/BIOL470/Final/Learning_Rig/bee_0408_1_fwd/cam1_2026-04-08_16-18-02.mp4,1438.5,1645.5,1143,1358,1734,1933,0.80352944
1321,/Volumes/SmithL0/2026/BIOL470/Final/Learning_Rig/bee_0408_1_fwd/cam1_2026-04-08_16-18-02.mp4,1447.5,1792.5,1144,1367,1751,2218,0.77131724
1322,/Volumes/SmithL0/2026/BIOL470/Final/Learning_Rig/bee_0408_1_fwd/cam1_2026-04-08_16-18-02.mp4,1438.0,1646.0,1143,1359,1733,1933,0.7983407
1323,/Volumes/SmithL0/2026/BIOL470/Final/Learning_Rig/bee_0408_1_fwd/cam1_2026-04-08_16-18-02.mp4,1447.5,1803.5,1144,1367,1751,2240,0.7756565
1324,/Volumes/SmithL0/2026/BIOL470/Final/Learning_Rig/bee_0408_1_fwd/cam1_2026-04-08_16-18-02.mp4,1438.5,1647.0,1143,1358,1734,1936,0.7983063
1325,/Volumes/SmithL0/2026/BIOL470/Final/Learning_Rig/bee_0408_1_fwd/cam1_2026-04-08_16-18-02.mp4,1447.5,1801.0,1144,1366,1751,2236,0.777363
1326,/Volumes/SmithL0/2026/BIOL470/Final/Learning_Rig/bee_0408_1_fwd/cam1_2026-04-08_16-18-02.mp4,1439.0,1646.0,1144,1359,1734,1933,0.7957698
1327,/Volumes/SmithL0/2026/BIOL470/Final/Learning_Rig/bee_0408_1_fwd/cam1_2026-04-08_16-18-02.mp4,1447.5,1809.0,1145,1367,1750,2251,0.7802249
1328,/Volumes/SmithL0/2026/BIOL470/Final/Learning_Rig/bee_0408_1_fwd/cam1_2026-04-08_16-18-02.mp4,1439.0,1647.5,1144,1361,1734,1934,0.7944825
1329,/Volumes/SmithL0/2026/BIOL470/Final/Learning_Rig/bee_0408_1_fwd/cam1_2026-04-08_16-18-02.mp4,1448.0,1805.0,1145,1369,1751,2241,0.773954
1330,/Volumes/SmithL0/2026/BIOL470/Final/Learning_Rig/bee_0408_1_fwd/cam1_2026-04-08_16-18-02.mp4,1439.5,1647.5,1144,1361,1735,1934,0.7983053
1331,/Volumes/SmithL0/2026/BIOL470/Final/Learning_Rig/bee_0408_1_fwd/cam1_2026-04-08_16-18-02.mp4,1448.0,1795.0,1144,1369,1752,2221,0.7745418
1332,/Volumes/SmithL0/2026/BIOL470/Final/Learning_Rig/bee_0408_1_fwd/cam1_2026-04-08_16-18-02.mp4,1440.0,1649.0,1145,1361,1735,1937,0.7952585
1333,/Volumes/SmithL0/2026/BIOL470/Final/Learning_Rig/bee_0408_1_fwd/cam1_2026-04-08_16-18-02.mp4,1450.0,1793.5,1145,1368,1755,2219,0.7765488
1334,/Volumes/SmithL0/2026/BIOL470/Final/Learning_Rig/bee_0408_1_fwd/cam1_2026-04-08_16-18-02.mp4,1440.5,1648.5,1145,1362,1736,1935,0.7913448
1335,/Volumes/SmithL0/2026/BIOL470/Final/Learning_Rig/bee_0408_1_fwd/cam1_2026-04-08_16-18-02.mp4,1450.5,1787.0,1145,1369,1756,2205,0.775791
1336,/Volumes/SmithL0/2026/BIOL470/Final/Learning_Rig/bee_0408_1_fwd/cam1_2026-04-08_16-18-02.mp4,1440.0,1650.0,1145,1361,1735,1939,0.7972083
1337,/Volumes/SmithL0/2026/BIOL470/Final/Learning_Rig/bee_0408_1_fwd/cam1_2026-04-08_16-18-02.mp4,1440.0,1649.5,1145,1361,1735,1938,0.7968822
1338,/Volumes/SmithL0/2026/BIOL470/Final/Learning_Rig/bee_0408_1_fwd/cam1_2026-04-08_16-18-02.mp4,1450.0,1773.5,1145,1369,1755,2178,0.7777539
1339,/Volumes/SmithL0/2026/BIOL470/Final/Learning_Rig/bee_0408_1_fwd/cam1_2026-04-08_16-18-02.mp4,1439.0,1646.0,1144,1359,1734,1933,0.7987084
1340,/Volumes/SmithL0/2026/BIOL470/Final/Learning_Rig/bee_0408_1_fwd/cam1_2026-04-08_16-18-02.mp4,1449.5,1778.5,1144,1367,1755,2190,0.7774598
1341,/Volumes/SmithL0/2026/BIOL470/Final/Learning_Rig/bee_0408_1_fwd/cam1_2026-04-08_16-18-02.mp4,1438.0,1645.0,1143,1360,1733,1930,0.79846495
1342,/Volumes/SmithL0/2026/BIOL470/Final/Learning_Rig/bee_0408_1_fwd/cam1_2026-04-08_16-18-02.mp4,1449.0,1777.0,1144,1368,1754,2186,0.7759806
1343,/Volumes/SmithL0/2026/BIOL470/Final/Learning_Rig/bee_0408_1_fwd/cam1_2026-04-08_16-18-02.mp4,1438.0,1644.5,1144,1358,1732,1931,0.79995364
1344,/Volumes/SmithL0/2026/BIOL470/Final/Learning_Rig/bee_0408_1_fwd/cam1_2026-04-08_16-18-02.mp4,1449.0,1792.0,1143,1367,1755,2217,0.77812606
1345,/Volumes/SmithL0/2026/BIOL470/Final/Learning_Rig/bee_0408_1_fwd/cam1_2026-04-08_16-18-02.mp4,1439.0,1645.5,1144,1363,1734,1928,0.79475385
1346,/Volumes/SmithL0/2026/BIOL470/Final/Learning_Rig/bee_0408_1_fwd/cam1_2026-04-08_16-18-02.mp4,1448.5,1786.0,1143,1370,1754,2202,0.78278863
1347,/Volumes/SmithL0/2026/BIOL470/Final/Learning_Rig/bee_0408_1_fwd/cam1_2026-04-08_16-18-02.mp4,1438.5,1646.5,1144,1362,1733,1931,0.79065335
1348,/Volumes/SmithL0/2026/BIOL470/Final/Learning_Rig/bee_0408_1_fwd/cam1_2026-04-08_16-18-02.mp4,1447.5,1806.5,1143,1370,1752,2243,0.7812343
1349,/Volumes/SmithL0/2026/BIOL470/Final/Learning_Rig/bee_0408_1_fwd/cam1_2026-04-08_16-18-02.mp4,1439.0,1647.0,1144,1363,1734,1931,0.79558796
1350,/Volumes/SmithL0/2026/BIOL470/Final/Learning_Rig/bee_0408_1_fwd/cam1_2026-04-08_16-18-02.mp4,1448.0,1791.5,1144,1370,1752,2213,0.77825844
1351,/Volumes/SmithL0/2026/BIOL470/Final/Learning_Rig/bee_0408_1_fwd/cam1_2026-04-08_16-18-02.mp4,1438.5,1647.5,1144,1361,1733,1934,0.7951811
1352,/Volumes/SmithL0/2026/BIOL470/Final/Learning_Rig/bee_0408_1_fwd/cam1_2026-04-08_16-18-02.mp4,1447.5,1801.0,1144,1369,1751,2233,0.7781516
1353,/Volumes/SmithL0/2026/BIOL470/Final/Learning_Rig/bee_0408_1_fwd/cam1_2026-04-08_16-18-02.mp4,1438.5,1647.5,1144,1362,1733,1933,0.791066
1354,/Volumes/SmithL0/2026/BIOL470/Final/Learning_Rig/bee_0408_1_fwd/cam1_2026-04-08_16-18-02.mp4,1450.0,1796.5,1145,1370,1755,2223,0.7800053
1355,/Volumes/SmithL0/2026/BIOL470/Final/Learning_Rig/bee_0408_1_fwd/cam1_2026-04-08_16-18-02.mp4,1438.5,1647.0,1144,1363,1733,1931,0.78705424
1356,/Volumes/SmithL0/2026/BIOL470/Final/Learning_Rig/bee_0408_1_fwd/cam1_2026-04-08_16-18-02.mp4,1451.0,1783.0,1144,1370,1758,2196,0.77607566
1357,/Volumes/SmithL0/2026/BIOL470/Final/Learning_Rig/bee_0408_1_fwd/cam1_2026-04-08_16-18-02.mp4,1439.0,1647.5,1145,1362,1733,1933,0.7908914
1358,/Volumes/SmithL0/2026/BIOL470/Final/Learning_Rig/bee_0408_1_fwd/cam1_2026-04-08_16-18-02.mp4,1451.0,1781.0,1144,1370,1758,2192,0.7762894
1359,/Volumes/SmithL0/2026/BIOL470/Final/Learning_Rig/bee_0408_1_fwd/cam1_2026-04-08_16-18-02.mp4,1438.5,1646.5,1144,1361,1733,1932,0.78585327
1360,/Volumes/SmithL0/2026/BIOL470/Final/Learning_Rig/bee_0408_1_fwd/cam1_2026-04-08_16-18-02.mp4,1451.5,1799.0,1144,1368,1759,2230,0.77829105
1361,/Volumes/SmithL0/2026/BIOL470/Final/Learning_Rig/bee_0408_1_fwd/cam1_2026-04-08_16-18-02.mp4,1440.0,1648.5,1145,1362,1735,1935,0.78763735
1362,/Volumes/SmithL0/2026/BIOL470/Final/Learning_Rig/bee_0408_1_fwd/cam1_2026-04-08_16-18-02.mp4,1452.0,1786.5,1145,1370,1759,2203,0.7751849
1363,/Volumes/SmithL0/2026/BIOL470/Final/Learning_Rig/bee_0408_1_fwd/cam1_2026-04-08_16-18-02.mp4,1439.5,1647.5,1145,1362,1734,1933,0.7863326
1364,/Volumes/SmithL0/2026/BIOL470/Final/Learning_Rig/bee_0408_1_fwd/cam1_2026-04-08_16-18-02.mp4,1451.5,1785.0,1145,1370,1758,2200,0.77900934
1365,/Volumes/SmithL0/2026/BIOL470/Final/Learning_Rig/bee_0408_1_fwd/cam1_2026-04-08_16-18-02.mp4,1439.5,1645.5,1145,1362,1734,1929,0.7862494
1366,/Volumes/SmithL0/2026/BIOL470/Final/Learning_Rig/bee_0408_1_fwd/cam1_2026-04-08_16-18-02.mp4,1451.0,1800.5,1145,1370,1757,2231,0.77138853
1367,/Volumes/SmithL0/2026/BIOL470/Final/Learning_Rig/bee_0408_1_fwd/cam1_2026-04-08_16-18-02.mp4,1441.0,1649.0,1145,1363,1737,1935,0.7916021
1368,/Volumes/SmithL0/2026/BIOL470/Final/Learning_Rig/bee_0408_1_fwd/cam1_2026-04-08_16-18-02.mp4,1452.0,1759.0,1146,1371,1758,2147,0.7758818
1369,/Volumes/SmithL0/2026/BIOL470/Final/Learning_Rig/bee_0408_1_fwd/cam1_2026-04-08_16-18-02.mp4,1441.5,1649.0,1145,1365,1738,1933,0.7882814
1370,/Volumes/SmithL0/2026/BIOL470/Final/Learning_Rig/bee_0408_1_fwd/cam1_2026-04-08_16-18-02.mp4,1452.5,1774.0,1145,1372,1760,2176,0.7762756
1371,/Volumes/SmithL0/2026/BIOL470/Final/Learning_Rig/bee_0408_1_fwd/cam1_2026-04-08_16-18-02.mp4,1441.5,1650.5,1145,1364,1738,1937,0.78252393
1372,/Volumes/SmithL0/2026/BIOL470/Final/Learning_Rig/bee_0408_1_fwd/cam1_2026-04-08_16-18-02.mp4,1440.5,1649.0,1145,1364,1736,1934,0.7869431
1373,/Volumes/SmithL0/2026/BIOL470/Final/Learning_Rig/bee_0408_1_fwd/cam1_2026-04-08_16-18-02.mp4,1441.5,1649.5,1145,1365,1738,1934,0.7841017
1374,/Volumes/SmithL0/2026/BIOL470/Final/Learning_Rig/bee_0408_1_fwd/cam1_2026-04-08_16-18-02.mp4,1441.5,1650.5,1145,1364,1738,1937,0.7891642
1375,/Volumes/SmithL0/2026/BIOL470/Final/Learning_Rig/bee_0408_1_fwd/cam1_2026-04-08_16-18-02.mp4,1442.0,1648.0,1145,1363,1739,1933,0.7951811
1376,/Volumes/SmithL0/2026/BIOL470/Final/Learning_Rig/bee_0408_1_fwd/cam1_2026-04-08_16-18-02.mp4,1442.5,1646.0,1145,1362,1740,1930,0.7972016
1377,/Volumes/SmithL0/2026/BIOL470/Final/Learning_Rig/bee_0408_1_fwd/cam1_2026-04-08_16-18-02.mp4,1442.0,1647.0,1144,1361,1740,1933,0.7935176
1378,/Volumes/SmithL0/2026/BIOL470/Final/Learning_Rig/bee_0408_1_fwd/cam1_2026-04-08_16-18-02.mp4,1442.0,1647.0,1145,1361,1739,1933,0.7946399
1379,/Volumes/SmithL0/2026/BIOL470/Final/Learning_Rig/bee_0408_1_fwd/cam1_2026-04-08_16-18-02.mp4,1442.5,1646.0,1145,1362,1740,1930,0.7919847
1380,/Volumes/SmithL0/2026/BIOL470/Final/Learning_Rig/bee_0408_1_fwd/cam1_2026-04-08_16-18-02.mp4,1441.5,1648.0,1145,1363,1738,1933,0.78942996
1381,/Volumes/SmithL0/2026/BIOL470/Final/Learning_Rig/bee_0408_1_fwd/cam1_2026-04-08_16-18-02.mp4,1441.0,1648.0,1145,1363,1737,1933,0.78322315
1382,/Volumes/SmithL0/2026/BIOL470/Final/Learning_Rig/bee_0408_1_fwd/cam1_2026-04-08_16-18-02.mp4,1441.5,1649.5,1145,1364,1738,1935,0.77646387
1383,/Volumes/SmithL0/2026/BIOL470/Final/Learning_Rig/bee_0408_1_fwd/cam1_2026-04-08_16-18-02.mp4,1455.0,1719.5,1144,1372,1766,2067,0.7772169
1384,/Volumes/SmithL0/2026/BIOL470/Final/Learning_Rig/bee_0408_1_fwd/cam1_2026-04-08_16-18-02.mp4,1442.0,1649.0,1145,1365,1739,1933,0.784694
1385,/Volumes/SmithL0/2026/BIOL470/Final/Learning_Rig/bee_0408_1_fwd/cam1_2026-04-08_16-18-02.mp4,1441.0,1647.5,1144,1365,1738,1930,0.7793017
1386,/Volumes/SmithL0/2026/BIOL470/Final/Learning_Rig/bee_0408_1_fwd/cam1_2026-04-08_16-18-02.mp4,1441.5,1644.0,1145,1365,1738,1923,0.78659743
1387,/Volumes/SmithL0/2026/BIOL470/Final/Learning_Rig/bee_0408_1_fwd/cam1_2026-04-08_16-18-02.mp4,1441.5,1643.0,1144,1365,1739,1921,0.7764631
1388,/Volumes/SmithL0/2026/BIOL470/Final/Learning_Rig/bee_0408_1_fwd/cam1_2026-04-08_16-18-02.mp4,1453.5,1780.5,1142,1373,1765,2188,0.7737702
1389,/Volumes/SmithL0/2026/BIOL470/Final/Learning_Rig/bee_0408_1_fwd/cam1_2026-04-08_16-18-02.mp4,1442.0,1644.5,1145,1364,1739,1925,0.7867047
1390,/Volumes/SmithL0/2026/BIOL470/Final/Learning_Rig/bee_0408_1_fwd/cam1_2026-04-08_16-18-02.mp4,1441.0,1646.5,1144,1363,1738,1930,0.78664446
1391,/Volumes/SmithL0/2026/BIOL470/Final/Learning_Rig/bee_0408_1_fwd/cam1_2026-04-08_16-18-02.mp4,1441.0,1644.5,1144,1363,1738,1926,0.7884646
1392,/Volumes/SmithL0/2026/BIOL470/Final/Learning_Rig/bee_0408_1_fwd/cam1_2026-04-08_16-18-02.mp4,1441.5,1644.5,1144,1362,1739,1927,0.7860712
1393,/Volumes/SmithL0/2026/BIOL470/Final/Learning_Rig/bee_0408_1_fwd/cam1_2026-04-08_16-18-02.mp4,1442.0,1640.5,1144,1363,1740,1918,0.7908626
1394,/Volumes/SmithL0/2026/BIOL470/Final/Learning_Rig/bee_0408_1_fwd/cam1_2026-04-08_16-18-02.mp4,1441.5,1644.5,1144,1364,1739,1925,0.7873781
1395,/Volumes/SmithL0/2026/BIOL470/Final/Learning_Rig/bee_0408_1_fwd/cam1_2026-04-08_16-18-02.mp4,1441.5,1644.0,1144,1364,1739,1924,0.7833705
1396,/Volumes/SmithL0/2026/BIOL470/Final/Learning_Rig/bee_0408_1_fwd/cam1_2026-04-08_16-18-02.mp4,1441.0,1644.0,1144,1363,1738,1925,0.7761577
1397,/Volumes/SmithL0/2026/BIOL470/Final/Learning_Rig/bee_0408_1_fwd/cam1_2026-04-08_16-18-02.mp4,1455.0,1781.5,1143,1372,1767,2191,0.766748
1398,/Volumes/SmithL0/2026/BIOL470/Final/Learning_Rig/bee_0408_1_fwd/cam1_2026-04-08_16-18-02.mp4,1442.0,1644.5,1144,1363,1740,1926,0.78254676
1399,/Volumes/SmithL0/2026/BIOL470/Final/Learning_Rig/bee_0408_1_fwd/cam1_2026-04-08_16-18-02.mp4,1442.0,1647.5,1144,1366,1740,1929,0.7825394
1400,/Volumes/SmithL0/2026/BIOL470/Final/Learning_Rig/bee_0408_1_fwd/cam1_2026-04-08_16-18-02.mp4,1442.0,1647.0,1144,1365,1740,1929,0.7885435
1401,/Volumes/SmithL0/2026/BIOL470/Final/Learning_Rig/bee_0408_1_fwd/cam1_2026-04-08_16-18-02.mp4,1443.0,1644.5,1145,1365,1741,1924,0.7827305
1402,/Volumes/SmithL0/2026/BIOL470/Final/Learning_Rig/bee_0408_1_fwd/cam1_2026-04-08_16-18-02.mp4,1443.0,1645.5,1145,1366,1741,1925,0.78648794
1403,/Volumes/SmithL0/2026/BIOL470/Final/Learning_Rig/bee_0408_1_fwd/cam1_2026-04-08_16-18-02.mp4,1443.5,1647.5,1146,1366,1741,1929,0.77649295
1404,/Volumes/SmithL0/2026/BIOL470/Final/Learning_Rig/bee_0408_1_fwd/cam1_2026-04-08_16-18-02.mp4,1442.5,1647.5,1146,1366,1739,1929,0.782291
1405,/Volumes/SmithL0/2026/BIOL470/Final/Learning_Rig/bee_0408_1_fwd/cam1_2026-04-08_16-18-02.mp4,1442.5,1646.5,1146,1365,1739,1928,0.78092396
1406,/Volumes/SmithL0/2026/BIOL470/Final/Learning_Rig/bee_0408_1_fwd/cam1_2026-04-08_16-18-02.mp4,1442.5,1647.5,1145,1364,1740,1931,0.7917304
1407,/Volumes/SmithL0/2026/BIOL470/Final/Learning_Rig/bee_0408_1_fwd/cam1_2026-04-08_16-18-02.mp4,1442.5,1646.5,1145,1363,1740,1930,0.7914598
1408,/Volumes/SmithL0/2026/BIOL470/Final/Learning_Rig/bee_0408_1_fwd/cam1_2026-04-08_16-18-02.mp4,1443.0,1649.0,1145,1365,1741,1933,0.7904469
1409,/Volumes/SmithL0/2026/BIOL470/Final/Learning_Rig/bee_0408_1_fwd/cam1_2026-04-08_16-18-02.mp4,1443.0,1651.0,1145,1365,1741,1937,0.78783226
1410,/Volumes/SmithL0/2026/BIOL470/Final/Learning_Rig/bee_0408_1_fwd/cam1_2026-04-08_16-18-02.mp4,1443.5,1649.0,1146,1366,1741,1932,0.7874827
1411,/Volumes/SmithL0/2026/BIOL470/Final/Learning_Rig/bee_0408_1_fwd/cam1_2026-04-08_16-18-02.mp4,1443.5,1650.5,1146,1366,1741,1935,0.7861171
1412,/Volumes/SmithL0/2026/BIOL470/Final/Learning_Rig/bee_0408_1_fwd/cam1_2026-04-08_16-18-02.mp4,1442.5,1648.5,1145,1365,1740,1932,0.791311
1413,/Volumes/SmithL0/2026/BIOL470/Final/Learning_Rig/bee_0408_1_fwd/cam1_2026-04-08_16-18-02.mp4,1443.5,1649.5,1146,1367,1741,1932,0.7814067
1414,/Volumes/SmithL0/2026/BIOL470/Final/Learning_Rig/bee_0408_1_fwd/cam1_2026-04-08_16-18-02.mp4,1444.0,1649.0,1146,1367,1742,1931,0.78544825
1415,/Volumes/SmithL0/2026/BIOL470/Final/Learning_Rig/bee_0408_1_fwd/cam1_2026-04-08_16-18-02.mp4,1443.5,1650.5,1146,1366,1741,1935,0.78703755
1416,/Volumes/SmithL0/2026/BIOL470/Final/Learning_Rig/bee_0408_1_fwd/cam1_2026-04-08_16-18-02.mp4,1444.0,1649.0,1146,1366,1742,1932,0.7801269
1417,/Volumes/SmithL0/2026/BIOL470/Final/Learning_Rig/bee_0408_1_fwd/cam1_2026-04-08_16-18-02.mp4,1459.5,1647.0,1145,1374,1774,1920,0.78169376
1418,/Volumes/SmithL0/2026/BIOL470/Final/Learning_Rig/bee_0408_1_fwd/cam1_2026-04-08_16-18-02.mp4,1443.5,1647.5,1146,1366,1741,1929,0.77722275
1419,/Volumes/SmithL0/2026/BIOL470/Final/Learning_Rig/bee_0408_1_fwd/cam1_2026-04-08_16-18-02.mp4,1460.0,1666.5,1145,1375,1775,1958,0.7754657
1420,/Volumes/SmithL0/2026/BIOL470/Final/Learning_Rig/bee_0408_1_fwd/cam1_2026-04-08_16-18-02.mp4,1445.0,1649.0,1146,1367,1744,1931,0.7818326
1421,/Volumes/SmithL0/2026/BIOL470/Final/Learning_Rig/bee_0408_1_fwd/cam1_2026-04-08_16-18-02.mp4,1445.0,1648.0,1146,1366,1744,1930,0.7803797
1422,/Volumes/SmithL0/2026/BIOL470/Final/Learning_Rig/bee_0408_1_fwd/cam1_2026-04-08_16-18-02.mp4,1460.0,1664.0,1144,1375,1776,1953,0.77210337
1423,/Volumes/SmithL0/2026/BIOL470/Final/Learning_Rig/bee_0408_1_fwd/cam1_2026-04-08_16-18-02.mp4,1445.0,1648.0,1146,1366,1744,1930,0.7800501
1424,/Volumes/SmithL0/2026/BIOL470/Final/Learning_Rig/bee_0408_1_fwd/cam1_2026-04-08_16-18-02.mp4,1444.5,1649.5,1145,1367,1744,1932,0.78092855
1425,/Volumes/SmithL0/2026/BIOL470/Final/Learning_Rig/bee_0408_1_fwd/cam1_2026-04-08_16-18-02.mp4,1460.0,1649.0,1144,1374,1776,1924,0.78045243
1426,/Volumes/SmithL0/2026/BIOL470/Final/Learning_Rig/bee_0408_1_fwd/cam1_2026-04-08_16-18-02.mp4,1460.5,1653.0,1145,1374,1776,1932,0.7793196
1427,/Volumes/SmithL0/2026/BIOL470/Final/Learning_Rig/bee_0408_1_fwd/cam1_2026-04-08_16-18-02.mp4,1459.0,1639.0,1144,1372,1774,1906,0.78677976
1428,/Volumes/SmithL0/2026/BIOL470/Final/Learning_Rig/bee_0408_1_fwd/cam1_2026-04-08_16-18-02.mp4,1459.5,1639.5,1144,1373,1775,1906,0.78572774
1429,/Volumes/SmithL0/2026/BIOL470/Final/Learning_Rig/bee_0408_1_fwd/cam1_2026-04-08_16-18-02.mp4,1459.0,1643.0,1143,1373,1775,1913,0.786362
1430,/Volumes/SmithL0/2026/BIOL470/Final/Learning_Rig/bee_0408_1_fwd/cam1_2026-04-08_16-18-02.mp4,1459.0,1645.5,1143,1372,1775,1919,0.7858992
1431,/Volumes/SmithL0/2026/BIOL470/Final/Learning_Rig/bee_0408_1_fwd/cam1_2026-04-08_16-18-02.mp4,1459.5,1645.0,1143,1374,1776,1916,0.78339124
1432,/Volumes/SmithL0/2026/BIOL470/Final/Learning_Rig/bee_0408_1_fwd/cam1_2026-04-08_16-18-02.mp4,1443.5,1651.0,1144,1367,1743,1935,0.7739459
1433,/Volumes/SmithL0/2026/BIOL470/Final/Learning_Rig/bee_0408_1_fwd/cam1_2026-04-08_16-18-02.mp4,1459.5,1653.0,1143,1375,1776,1931,0.7779025
1434,/Volumes/SmithL0/2026/BIOL470/Final/Learning_Rig/bee_0408_1_fwd/cam1_2026-04-08_16-18-02.mp4,1459.5,1665.0,1143,1375,1776,1955,0.7755847
1435,/Volumes/SmithL0/2026/BIOL470/Final/Learning_Rig/bee_0408_1_fwd/cam1_2026-04-08_16-18-02.mp4,1460.0,1664.0,1143,1375,1777,1953,0.77892524
1436,/Volumes/SmithL0/2026/BIOL470/Final/Learning_Rig/bee_0408_1_fwd/cam1_2026-04-08_16-18-02.mp4,1460.5,1668.0,1144,1375,1777,1961,0.7731677
1437,/Volumes/SmithL0/2026/BIOL470/Final/Learning_Rig/bee_0408_1_fwd/cam1_2026-04-08_16-18-02.mp4,1445.5,1649.0,1145,1368,1746,1930,0.77323437
1438,/Volumes/SmithL0/2026/BIOL470/Final/Learning_Rig/bee_0408_1_fwd/cam1_2026-04-08_16-18-02.mp4,1445.5,1647.0,1145,1367,1746,1927,0.77480984
1439,/Volumes/SmithL0/2026/BIOL470/Final/Learning_Rig/bee_0408_1_fwd/cam1_2026-04-08_16-18-02.mp4,1446.0,1648.5,1145,1367,1747,1930,0.77173764
1440,/Volumes/SmithL0/2026/BIOL470/Final/Learning_Rig/bee_0408_1_fwd/cam1_2026-04-08_16-18-02.mp4,1460.5,1650.5,1143,1375,1778,1926,0.7712465
1441,/Volumes/SmithL0/2026/BIOL470/Final/Learning_Rig/bee_0408_1_fwd/cam1_2026-04-08_16-18-02.mp4,1459.5,1641.5,1143,1374,1776,1909,0.7775709
1442,/Volumes/SmithL0/2026/BIOL470/Final/Learning_Rig/bee_0408_1_fwd/cam1_2026-04-08_16-18-02.mp4,1459.5,1645.0,1143,1374,1776,1916,0.77716887
1443,/Volumes/SmithL0/2026/BIOL470/Final/Learning_Rig/bee_0408_1_fwd/cam1_2026-04-08_16-18-02.mp4,1445.0,1649.5,1144,1367,1746,1932,0.7757439
1444,/Volumes/SmithL0/2026/BIOL470/Final/Learning_Rig/bee_0408_1_fwd/cam1_2026-04-08_16-18-02.mp4,1459.0,1650.5,1143,1375,1775,1926,0.77859277
1445,/Volumes/SmithL0/2026/BIOL470/Final/Learning_Rig/bee_0408_1_fwd/cam1_2026-04-08_16-18-02.mp4,1459.5,1653.5,1143,1375,1776,1932,0.7783981
1446,/Volumes/SmithL0/2026/BIOL470/Final/Learning_Rig/bee_0408_1_fwd/cam1_2026-04-08_16-18-02.mp4,1458.5,1646.5,1142,1375,1775,1918,0.78356355
