,filepath,x_centroid,y_centroid,x_min,y_min,x_max,y_max,detection_confidence
0,/Volumes/SmithL0/2026/BIOL470/Final/Learning_Rig/bee_0408_1_fwd/cam1_2026-04-08_16-24-15.mp4,1577.5,1700.5,1318,1383,1837,2018,0.8208902
1,/Volumes/SmithL0/2026/BIOL470/Final/Learning_Rig/bee_0408_1_fwd/cam1_2026-04-08_16-24-15.mp4,1580.0,1698.5,1320,1380,1840,2017,0.8160335
2,/Volumes/SmithL0/2026/BIOL470/Final/Learning_Rig/bee_0408_1_fwd/cam1_2026-04-08_16-24-15.mp4,1578.0,1697.5,1318,1381,1838,2014,0.81653047
3,/Volumes/SmithL0/2026/BIOL470/Final/Learning_Rig/bee_0408_1_fwd/cam1_2026-04-08_16-24-15.mp4,1577.5,1697.0,1319,1382,1836,2012,0.8214272
4,/Volumes/SmithL0/2026/BIOL470/Final/Learning_Rig/bee_0408_1_fwd/cam1_2026-04-08_16-24-15.mp4,1577.5,1696.5,1318,1381,1837,2012,0.82088184
5,/Volumes/SmithL0/2026/BIOL470/Final/Learning_Rig/bee_0408_1_fwd/cam1_2026-04-08_16-24-15.mp4,1577.5,1697.5,1318,1382,1837,2013,0.8202412
6,/Volumes/SmithL0/2026/BIOL470/Final/Learning_Rig/bee_0408_1_fwd/cam1_2026-04-08_16-24-15.mp4,1576.5,1697.5,1318,1381,1835,2014,0.8236481
7,/Volumes/SmithL0/2026/BIOL470/Final/Learning_Rig/bee_0408_1_fwd/cam1_2026-04-08_16-24-15.mp4,1575.5,1697.0,1318,1381,1833,2013,0.82018775
8,/Volumes/SmithL0/2026/BIOL470/Final/Learning_Rig/bee_0408_1_fwd/cam1_2026-04-08_16-24-15.mp4,1576.0,1697.5,1318,1381,1834,2014,0.82263297
9,/Volumes/SmithL0/2026/BIOL470/Final/Learning_Rig/bee_0408_1_fwd/cam1_2026-04-08_16-24-15.mp4,1577.0,1698.0,1317,1381,1837,2015,0.82348365
10,/Volumes/SmithL0/2026/BIOL470/Final/Learning_Rig/bee_0408_1_fwd/cam1_2026-04-08_16-24-15.mp4,1577.5,1697.5,1318,1380,1837,2015,0.8206182
11,/Volumes/SmithL0/2026/BIOL470/Final/Learning_Rig/bee_0408_1_fwd/cam1_2026-04-08_16-24-15.mp4,1576.5,1696.0,1317,1380,1836,2012,0.8219827
12,/Volumes/SmithL0/2026/BIOL470/Final/Learning_Rig/bee_0408_1_fwd/cam1_2026-04-08_16-24-15.mp4,1577.5,1697.0,1318,1381,1837,2013,0.81948113
13,/Volumes/SmithL0/2026/BIOL470/Final/Learning_Rig/bee_0408_1_fwd/cam1_2026-04-08_16-24-15.mp4,1577.0,1696.5,1318,1380,1836,2013,0.8188835
14,/Volumes/SmithL0/2026/BIOL470/Final/Learning_Rig/bee_0408_1_fwd/cam1_2026-04-08_16-24-15.mp4,1578.0,1696.0,1318,1381,1838,2011,0.82161975
15,/Volumes/SmithL0/2026/BIOL470/Final/Learning_Rig/bee_0408_1_fwd/cam1_2026-04-08_16-24-15.mp4,1577.5,1697.5,1318,1381,1837,2014,0.81835645
16,/Volumes/SmithL0/2026/BIOL470/Final/Learning_Rig/bee_0408_1_fwd/cam1_2026-04-08_16-24-15.mp4,1577.0,1696.5,1318,1380,1836,2013,0.81893456
17,/Volumes/SmithL0/2026/BIOL470/Final/Learning_Rig/bee_0408_1_fwd/cam1_2026-04-08_16-24-15.mp4,1576.0,1697.5,1318,1381,1834,2014,0.82084805
18,/Volumes/SmithL0/2026/BIOL470/Final/Learning_Rig/bee_0408_1_fwd/cam1_2026-04-08_16-24-15.mp4,1577.0,1698.0,1318,1381,1836,2015,0.82072735
19,/Volumes/SmithL0/2026/BIOL470/Final/Learning_Rig/bee_0408_1_fwd/cam1_2026-04-08_16-24-15.mp4,1577.0,1698.0,1318,1381,1836,2015,0.8211258
20,/Volumes/SmithL0/2026/BIOL470/Final/Learning_Rig/bee_0408_1_fwd/cam1_2026-04-08_16-24-15.mp4,1578.0,1698.5,1318,1381,1838,2016,0.8250634
21,/Volumes/SmithL0/2026/BIOL470/Final/Learning_Rig/bee_0408_1_fwd/cam1_2026-04-08_16-24-15.mp4,1578.5,1697.5,1319,1381,1838,2014,0.8229629
22,/Volumes/SmithL0/2026/BIOL470/Final/Learning_Rig/bee_0408_1_fwd/cam1_2026-04-08_16-24-15.mp4,1578.0,1697.0,1319,1380,1837,2014,0.8203814
23,/Volumes/SmithL0/2026/BIOL470/Final/Learning_Rig/bee_0408_1_fwd/cam1_2026-04-08_16-24-15.mp4,1578.0,1696.5,1319,1380,1837,2013,0.81879795
24,/Volumes/SmithL0/2026/BIOL470/Final/Learning_Rig/bee_0408_1_fwd/cam1_2026-04-08_16-24-15.mp4,1578.5,1696.5,1320,1380,1837,2013,0.8192873
25,/Volumes/SmithL0/2026/BIOL470/Final/Learning_Rig/bee_0408_1_fwd/cam1_2026-04-08_16-24-15.mp4,1577.5,1696.0,1320,1380,1835,2012,0.8214316
26,/Volumes/SmithL0/2026/BIOL470/Final/Learning_Rig/bee_0408_1_fwd/cam1_2026-04-08_16-24-15.mp4,1577.0,1697.5,1319,1380,1835,2015,0.8210644
27,/Volumes/SmithL0/2026/BIOL470/Final/Learning_Rig/bee_0408_1_fwd/cam1_2026-04-08_16-24-15.mp4,1575.0,1697.5,1318,1381,1832,2014,0.82382613
28,/Volumes/SmithL0/2026/BIOL470/Final/Learning_Rig/bee_0408_1_fwd/cam1_2026-04-08_16-24-15.mp4,1576.5,1699.0,1318,1381,1835,2017,0.8181846
29,/Volumes/SmithL0/2026/BIOL470/Final/Learning_Rig/bee_0408_1_fwd/cam1_2026-04-08_16-24-15.mp4,1576.5,1696.5,1318,1381,1835,2012,0.81890744
30,/Volumes/SmithL0/2026/BIOL470/Final/Learning_Rig/bee_0408_1_fwd/cam1_2026-04-08_16-24-15.mp4,1577.5,1696.0,1317,1380,1838,2012,0.82304484
31,/Volumes/SmithL0/2026/BIOL470/Final/Learning_Rig/bee_0408_1_fwd/cam1_2026-04-08_16-24-15.mp4,1577.5,1697.0,1319,1380,1836,2014,0.8193392
32,/Volumes/SmithL0/2026/BIOL470/Final/Learning_Rig/bee_0408_1_fwd/cam1_2026-04-08_16-24-15.mp4,1578.0,1699.0,1319,1381,1837,2017,0.8221402
33,/Volumes/SmithL0/2026/BIOL470/Final/Learning_Rig/bee_0408_1_fwd/cam1_2026-04-08_16-24-15.mp4,1577.5,1698.5,1319,1380,1836,2017,0.8248499
34,/Volumes/SmithL0/2026/BIOL470/Final/Learning_Rig/bee_0408_1_fwd/cam1_2026-04-08_16-24-15.mp4,1577.5,1698.0,1318,1381,1837,2015,0.82453144
35,/Volumes/SmithL0/2026/BIOL470/Final/Learning_Rig/bee_0408_1_fwd/cam1_2026-04-08_16-24-15.mp4,1578.0,1698.0,1319,1381,1837,2015,0.82186687
36,/Volumes/SmithL0/2026/BIOL470/Final/Learning_Rig/bee_0408_1_fwd/cam1_2026-04-08_16-24-15.mp4,1578.5,1697.5,1319,1381,1838,2014,0.8207855
37,/Volumes/SmithL0/2026/BIOL470/Final/Learning_Rig/bee_0408_1_fwd/cam1_2026-04-08_16-24-15.mp4,1578.0,1697.0,1319,1380,1837,2014,0.8183682
38,/Volumes/SmithL0/2026/BIOL470/Final/Learning_Rig/bee_0408_1_fwd/cam1_2026-04-08_16-24-15.mp4,1580.5,1696.0,1320,1378,1841,2014,0.81577945
39,/Volumes/SmithL0/2026/BIOL470/Final/Learning_Rig/bee_0408_1_fwd/cam1_2026-04-08_16-24-15.mp4,1580.0,1696.0,1320,1378,1840,2014,0.8135179
40,/Volumes/SmithL0/2026/BIOL470/Final/Learning_Rig/bee_0408_1_fwd/cam1_2026-04-08_16-24-15.mp4,1577.5,1696.5,1319,1380,1836,2013,0.82096523
41,/Volumes/SmithL0/2026/BIOL470/Final/Learning_Rig/bee_0408_1_fwd/cam1_2026-04-08_16-24-15.mp4,1578.0,1696.0,1319,1381,1837,2011,0.822527
42,/Volumes/SmithL0/2026/BIOL470/Final/Learning_Rig/bee_0408_1_fwd/cam1_2026-04-08_16-24-15.mp4,1577.5,1696.0,1319,1381,1836,2011,0.8180308
43,/Volumes/SmithL0/2026/BIOL470/Final/Learning_Rig/bee_0408_1_fwd/cam1_2026-04-08_16-24-15.mp4,1577.5,1696.0,1319,1381,1836,2011,0.8195954
44,/Volumes/SmithL0/2026/BIOL470/Final/Learning_Rig/bee_0408_1_fwd/cam1_2026-04-08_16-24-15.mp4,1577.5,1698.0,1318,1381,1837,2015,0.8267437
45,/Volumes/SmithL0/2026/BIOL470/Final/Learning_Rig/bee_0408_1_fwd/cam1_2026-04-08_16-24-15.mp4,1577.0,1698.0,1319,1381,1835,2015,0.8234739
46,/Volumes/SmithL0/2026/BIOL470/Final/Learning_Rig/bee_0408_1_fwd/cam1_2026-04-08_16-24-15.mp4,1576.5,1696.5,1318,1381,1835,2012,0.8240644
47,/Volumes/SmithL0/2026/BIOL470/Final/Learning_Rig/bee_0408_1_fwd/cam1_2026-04-08_16-24-15.mp4,1576.0,1697.5,1318,1380,1834,2015,0.8219068
48,/Volumes/SmithL0/2026/BIOL470/Final/Learning_Rig/bee_0408_1_fwd/cam1_2026-04-08_16-24-15.mp4,1577.0,1698.5,1318,1381,1836,2016,0.8224265
49,/Volumes/SmithL0/2026/BIOL470/Final/Learning_Rig/bee_0408_1_fwd/cam1_2026-04-08_16-24-15.mp4,1576.0,1698.0,1317,1380,1835,2016,0.8253083
50,/Volumes/SmithL0/2026/BIOL470/Final/Learning_Rig/bee_0408_1_fwd/cam1_2026-04-08_16-24-15.mp4,1577.0,1698.0,1318,1381,1836,2015,0.8238617
51,/Volumes/SmithL0/2026/BIOL470/Final/Learning_Rig/bee_0408_1_fwd/cam1_2026-04-08_16-24-15.mp4,1577.5,1697.5,1319,1381,1836,2014,0.81861895
52,/Volumes/SmithL0/2026/BIOL470/Final/Learning_Rig/bee_0408_1_fwd/cam1_2026-04-08_16-24-15.mp4,1577.5,1697.0,1318,1380,1837,2014,0.82169664
53,/Volumes/SmithL0/2026/BIOL470/Final/Learning_Rig/bee_0408_1_fwd/cam1_2026-04-08_16-24-15.mp4,1577.5,1698.5,1318,1381,1837,2016,0.82118464
54,/Volumes/SmithL0/2026/BIOL470/Final/Learning_Rig/bee_0408_1_fwd/cam1_2026-04-08_16-24-15.mp4,1578.0,1697.5,1319,1381,1837,2014,0.8231393
55,/Volumes/SmithL0/2026/BIOL470/Final/Learning_Rig/bee_0408_1_fwd/cam1_2026-04-08_16-24-15.mp4,1578.5,1697.0,1319,1380,1838,2014,0.82096523
56,/Volumes/SmithL0/2026/BIOL470/Final/Learning_Rig/bee_0408_1_fwd/cam1_2026-04-08_16-24-15.mp4,1578.0,1696.5,1318,1380,1838,2013,0.82373154
57,/Volumes/SmithL0/2026/BIOL470/Final/Learning_Rig/bee_0408_1_fwd/cam1_2026-04-08_16-24-15.mp4,1576.5,1697.5,1317,1381,1836,2014,0.82237726
58,/Volumes/SmithL0/2026/BIOL470/Final/Learning_Rig/bee_0408_1_fwd/cam1_2026-04-08_16-24-15.mp4,1579.0,1697.0,1320,1379,1838,2015,0.8152682
59,/Volumes/SmithL0/2026/BIOL470/Final/Learning_Rig/bee_0408_1_fwd/cam1_2026-04-08_16-24-15.mp4,1576.5,1697.5,1318,1381,1835,2014,0.8241047
60,/Volumes/SmithL0/2026/BIOL470/Final/Learning_Rig/bee_0408_1_fwd/cam1_2026-04-08_16-24-15.mp4,1579.5,1697.0,1320,1379,1839,2015,0.8166477
61,/Volumes/SmithL0/2026/BIOL470/Final/Learning_Rig/bee_0408_1_fwd/cam1_2026-04-08_16-24-15.mp4,1576.0,1698.0,1318,1381,1834,2015,0.8214199
62,/Volumes/SmithL0/2026/BIOL470/Final/Learning_Rig/bee_0408_1_fwd/cam1_2026-04-08_16-24-15.mp4,1575.5,1697.5,1318,1380,1833,2015,0.818663
63,/Volumes/SmithL0/2026/BIOL470/Final/Learning_Rig/bee_0408_1_fwd/cam1_2026-04-08_16-24-15.mp4,1574.5,1697.5,1318,1380,1831,2015,0.8192616
64,/Volumes/SmithL0/2026/BIOL470/Final/Learning_Rig/bee_0408_1_fwd/cam1_2026-04-08_16-24-15.mp4,1575.0,1697.0,1318,1380,1832,2014,0.81764185
65,/Volumes/SmithL0/2026/BIOL470/Final/Learning_Rig/bee_0408_1_fwd/cam1_2026-04-08_16-24-15.mp4,1576.0,1697.0,1318,1380,1834,2014,0.8213425
66,/Volumes/SmithL0/2026/BIOL470/Final/Learning_Rig/bee_0408_1_fwd/cam1_2026-04-08_16-24-15.mp4,1576.5,1697.5,1319,1381,1834,2014,0.82271004
67,/Volumes/SmithL0/2026/BIOL470/Final/Learning_Rig/bee_0408_1_fwd/cam1_2026-04-08_16-24-15.mp4,1576.5,1696.5,1319,1380,1834,2013,0.82011056
68,/Volumes/SmithL0/2026/BIOL470/Final/Learning_Rig/bee_0408_1_fwd/cam1_2026-04-08_16-24-15.mp4,1577.0,1696.0,1319,1380,1835,2012,0.8196355
69,/Volumes/SmithL0/2026/BIOL470/Final/Learning_Rig/bee_0408_1_fwd/cam1_2026-04-08_16-24-15.mp4,1576.5,1698.5,1318,1381,1835,2016,0.82100374
70,/Volumes/SmithL0/2026/BIOL470/Final/Learning_Rig/bee_0408_1_fwd/cam1_2026-04-08_16-24-15.mp4,1576.0,1697.5,1317,1381,1835,2014,0.82338285
71,/Volumes/SmithL0/2026/BIOL470/Final/Learning_Rig/bee_0408_1_fwd/cam1_2026-04-08_16-24-15.mp4,1576.5,1696.0,1318,1380,1835,2012,0.8203942
72,/Volumes/SmithL0/2026/BIOL470/Final/Learning_Rig/bee_0408_1_fwd/cam1_2026-04-08_16-24-15.mp4,1577.0,1695.5,1318,1380,1836,2011,0.8228563
73,/Volumes/SmithL0/2026/BIOL470/Final/Learning_Rig/bee_0408_1_fwd/cam1_2026-04-08_16-24-15.mp4,1576.0,1696.0,1318,1381,1834,2011,0.8257046
74,/Volumes/SmithL0/2026/BIOL470/Final/Learning_Rig/bee_0408_1_fwd/cam1_2026-04-08_16-24-15.mp4,1576.0,1696.0,1318,1381,1834,2011,0.82618237
75,/Volumes/SmithL0/2026/BIOL470/Final/Learning_Rig/bee_0408_1_fwd/cam1_2026-04-08_16-24-15.mp4,1575.5,1695.5,1318,1380,1833,2011,0.82151395
76,/Volumes/SmithL0/2026/BIOL470/Final/Learning_Rig/bee_0408_1_fwd/cam1_2026-04-08_16-24-15.mp4,1576.0,1695.0,1318,1380,1834,2010,0.8201181
77,/Volumes/SmithL0/2026/BIOL470/Final/Learning_Rig/bee_0408_1_fwd/cam1_2026-04-08_16-24-15.mp4,1576.5,1696.0,1319,1380,1834,2012,0.8214498
78,/Volumes/SmithL0/2026/BIOL470/Final/Learning_Rig/bee_0408_1_fwd/cam1_2026-04-08_16-24-15.mp4,1576.5,1696.0,1318,1380,1835,2012,0.82444227
79,/Volumes/SmithL0/2026/BIOL470/Final/Learning_Rig/bee_0408_1_fwd/cam1_2026-04-08_16-24-15.mp4,1576.5,1695.0,1318,1379,1835,2011,0.82199454
80,/Volumes/SmithL0/2026/BIOL470/Final/Learning_Rig/bee_0408_1_fwd/cam1_2026-04-08_16-24-15.mp4,1575.5,1696.5,1317,1380,1834,2013,0.8200519
81,/Volumes/SmithL0/2026/BIOL470/Final/Learning_Rig/bee_0408_1_fwd/cam1_2026-04-08_16-24-15.mp4,1578.0,1695.5,1320,1377,1836,2014,0.81759685
82,/Volumes/SmithL0/2026/BIOL470/Final/Learning_Rig/bee_0408_1_fwd/cam1_2026-04-08_16-24-15.mp4,1574.5,1696.5,1317,1380,1832,2013,0.8241622
83,/Volumes/SmithL0/2026/BIOL470/Final/Learning_Rig/bee_0408_1_fwd/cam1_2026-04-08_16-24-15.mp4,1578.0,1694.5,1319,1377,1837,2012,0.8173299
84,/Volumes/SmithL0/2026/BIOL470/Final/Learning_Rig/bee_0408_1_fwd/cam1_2026-04-08_16-24-15.mp4,1576.0,1696.5,1317,1380,1835,2013,0.8175944
85,/Volumes/SmithL0/2026/BIOL470/Final/Learning_Rig/bee_0408_1_fwd/cam1_2026-04-08_16-24-15.mp4,1578.5,1695.5,1319,1377,1838,2014,0.8172876
86,/Volumes/SmithL0/2026/BIOL470/Final/Learning_Rig/bee_0408_1_fwd/cam1_2026-04-08_16-24-15.mp4,1574.5,1697.0,1317,1379,1832,2015,0.8211926
87,/Volumes/SmithL0/2026/BIOL470/Final/Learning_Rig/bee_0408_1_fwd/cam1_2026-04-08_16-24-15.mp4,1576.0,1697.0,1318,1380,1834,2014,0.82456225
88,/Volumes/SmithL0/2026/BIOL470/Final/Learning_Rig/bee_0408_1_fwd/cam1_2026-04-08_16-24-15.mp4,1575.5,1697.0,1317,1380,1834,2014,0.8211002
89,/Volumes/SmithL0/2026/BIOL470/Final/Learning_Rig/bee_0408_1_fwd/cam1_2026-04-08_16-24-15.mp4,1575.0,1697.0,1317,1381,1833,2013,0.8231083
90,/Volumes/SmithL0/2026/BIOL470/Final/Learning_Rig/bee_0408_1_fwd/cam1_2026-04-08_16-24-15.mp4,1580.0,1695.5,1320,1378,1840,2013,0.8165688
91,/Volumes/SmithL0/2026/BIOL470/Final/Learning_Rig/bee_0408_1_fwd/cam1_2026-04-08_16-24-15.mp4,1580.0,1696.5,1320,1378,1840,2015,0.8146441
92,/Volumes/SmithL0/2026/BIOL470/Final/Learning_Rig/bee_0408_1_fwd/cam1_2026-04-08_16-24-15.mp4,1579.5,1696.0,1320,1378,1839,2014,0.8132944
93,/Volumes/SmithL0/2026/BIOL470/Final/Learning_Rig/bee_0408_1_fwd/cam1_2026-04-08_16-24-15.mp4,1579.5,1697.0,1320,1378,1839,2016,0.8178818
94,/Volumes/SmithL0/2026/BIOL470/Final/Learning_Rig/bee_0408_1_fwd/cam1_2026-04-08_16-24-15.mp4,1577.5,1696.5,1318,1380,1837,2013,0.82084274
95,/Volumes/SmithL0/2026/BIOL470/Final/Learning_Rig/bee_0408_1_fwd/cam1_2026-04-08_16-24-15.mp4,1576.0,1697.0,1317,1380,1835,2014,0.82279474
96,/Volumes/SmithL0/2026/BIOL470/Final/Learning_Rig/bee_0408_1_fwd/cam1_2026-04-08_16-24-15.mp4,1576.5,1696.0,1317,1380,1836,2012,0.8199912
97,/Volumes/SmithL0/2026/BIOL470/Final/Learning_Rig/bee_0408_1_fwd/cam1_2026-04-08_16-24-15.mp4,1576.0,1697.0,1316,1381,1836,2013,0.8247257
98,/Volumes/SmithL0/2026/BIOL470/Final/Learning_Rig/bee_0408_1_fwd/cam1_2026-04-08_16-24-15.mp4,1576.5,1697.0,1317,1380,1836,2014,0.8265547
99,/Volumes/SmithL0/2026/BIOL470/Final/Learning_Rig/bee_0408_1_fwd/cam1_2026-04-08_16-24-15.mp4,1576.0,1697.5,1317,1380,1835,2015,0.8251078
100,/Volumes/SmithL0/2026/BIOL470/Final/Learning_Rig/bee_0408_1_fwd/cam1_2026-04-08_16-24-15.mp4,1575.5,1697.5,1318,1380,1833,2015,0.82220125
101,/Volumes/SmithL0/2026/BIOL470/Final/Learning_Rig/bee_0408_1_fwd/cam1_2026-04-08_16-24-15.mp4,1576.0,1696.5,1319,1380,1833,2013,0.81934553
102,/Volumes/SmithL0/2026/BIOL470/Final/Learning_Rig/bee_0408_1_fwd/cam1_2026-04-08_16-24-15.mp4,1574.5,1696.5,1317,1380,1832,2013,0.82628876
103,/Volumes/SmithL0/2026/BIOL470/Final/Learning_Rig/bee_0408_1_fwd/cam1_2026-04-08_16-24-15.mp4,1575.0,1697.0,1318,1380,1832,2014,0.8193466
104,/Volumes/SmithL0/2026/BIOL470/Final/Learning_Rig/bee_0408_1_fwd/cam1_2026-04-08_16-24-15.mp4,1574.5,1697.0,1318,1380,1831,2014,0.82127607
105,/Volumes/SmithL0/2026/BIOL470/Final/Learning_Rig/bee_0408_1_fwd/cam1_2026-04-08_16-24-15.mp4,1574.0,1696.5,1317,1379,1831,2014,0.8236789
106,/Volumes/SmithL0/2026/BIOL470/Final/Learning_Rig/bee_0408_1_fwd/cam1_2026-04-08_16-24-15.mp4,1575.5,1697.5,1317,1380,1834,2015,0.821645
107,/Volumes/SmithL0/2026/BIOL470/Final/Learning_Rig/bee_0408_1_fwd/cam1_2026-04-08_16-24-15.mp4,1579.0,1696.0,1318,1377,1840,2015,0.8182267
108,/Volumes/SmithL0/2026/BIOL470/Final/Learning_Rig/bee_0408_1_fwd/cam1_2026-04-08_16-24-15.mp4,1575.5,1697.5,1316,1380,1835,2015,0.81904954
109,/Volumes/SmithL0/2026/BIOL470/Final/Learning_Rig/bee_0408_1_fwd/cam1_2026-04-08_16-24-15.mp4,1576.0,1697.0,1317,1380,1835,2014,0.8227542
110,/Volumes/SmithL0/2026/BIOL470/Final/Learning_Rig/bee_0408_1_fwd/cam1_2026-04-08_16-24-15.mp4,1579.5,1695.5,1319,1378,1840,2013,0.8166719
111,/Volumes/SmithL0/2026/BIOL470/Final/Learning_Rig/bee_0408_1_fwd/cam1_2026-04-08_16-24-15.mp4,1579.0,1695.5,1319,1378,1839,2013,0.8171299
112,/Volumes/SmithL0/2026/BIOL470/Final/Learning_Rig/bee_0408_1_fwd/cam1_2026-04-08_16-24-15.mp4,1579.0,1696.5,1319,1379,1839,2014,0.8167407
113,/Volumes/SmithL0/2026/BIOL470/Final/Learning_Rig/bee_0408_1_fwd/cam1_2026-04-08_16-24-15.mp4,1576.5,1698.0,1317,1381,1836,2015,0.8224774
114,/Volumes/SmithL0/2026/BIOL470/Final/Learning_Rig/bee_0408_1_fwd/cam1_2026-04-08_16-24-15.mp4,1576.0,1698.5,1315,1381,1837,2016,0.82588077
115,/Volumes/SmithL0/2026/BIOL470/Final/Learning_Rig/bee_0408_1_fwd/cam1_2026-04-08_16-24-15.mp4,1576.0,1698.5,1316,1381,1836,2016,0.82462597
116,/Volumes/SmithL0/2026/BIOL470/Final/Learning_Rig/bee_0408_1_fwd/cam1_2026-04-08_16-24-15.mp4,1576.0,1697.0,1316,1380,1836,2014,0.82307124
117,/Volumes/SmithL0/2026/BIOL470/Final/Learning_Rig/bee_0408_1_fwd/cam1_2026-04-08_16-24-15.mp4,1575.5,1697.0,1317,1380,1834,2014,0.8179609
118,/Volumes/SmithL0/2026/BIOL470/Final/Learning_Rig/bee_0408_1_fwd/cam1_2026-04-08_16-24-15.mp4,1575.5,1697.5,1317,1380,1834,2015,0.81869256
119,/Volumes/SmithL0/2026/BIOL470/Final/Learning_Rig/bee_0408_1_fwd/cam1_2026-04-08_16-24-15.mp4,1575.0,1697.0,1316,1380,1834,2014,0.82634777
120,/Volumes/SmithL0/2026/BIOL470/Final/Learning_Rig/bee_0408_1_fwd/cam1_2026-04-08_16-24-15.mp4,1575.0,1696.5,1317,1380,1833,2013,0.8230285
121,/Volumes/SmithL0/2026/BIOL470/Final/Learning_Rig/bee_0408_1_fwd/cam1_2026-04-08_16-24-15.mp4,1575.0,1697.5,1317,1381,1833,2014,0.81884813
122,/Volumes/SmithL0/2026/BIOL470/Final/Learning_Rig/bee_0408_1_fwd/cam1_2026-04-08_16-24-15.mp4,1578.5,1696.0,1320,1378,1837,2014,0.8158559
123,/Volumes/SmithL0/2026/BIOL470/Final/Learning_Rig/bee_0408_1_fwd/cam1_2026-04-08_16-24-15.mp4,1580.0,1696.5,1320,1378,1840,2015,0.8155504
124,/Volumes/SmithL0/2026/BIOL470/Final/Learning_Rig/bee_0408_1_fwd/cam1_2026-04-08_16-24-15.mp4,1577.0,1698.0,1318,1381,1836,2015,0.8198596
125,/Volumes/SmithL0/2026/BIOL470/Final/Learning_Rig/bee_0408_1_fwd/cam1_2026-04-08_16-24-15.mp4,1579.0,1697.0,1319,1378,1839,2016,0.81572694
126,/Volumes/SmithL0/2026/BIOL470/Final/Learning_Rig/bee_0408_1_fwd/cam1_2026-04-08_16-24-15.mp4,1579.0,1696.5,1319,1378,1839,2015,0.818517
127,/Volumes/SmithL0/2026/BIOL470/Final/Learning_Rig/bee_0408_1_fwd/cam1_2026-04-08_16-24-15.mp4,1579.0,1695.0,1319,1377,1839,2013,0.8169629
128,/Volumes/SmithL0/2026/BIOL470/Final/Learning_Rig/bee_0408_1_fwd/cam1_2026-04-08_16-24-15.mp4,1579.0,1695.5,1319,1378,1839,2013,0.81529033
129,/Volumes/SmithL0/2026/BIOL470/Final/Learning_Rig/bee_0408_1_fwd/cam1_2026-04-08_16-24-15.mp4,1579.0,1696.0,1319,1378,1839,2014,0.8147409
130,/Volumes/SmithL0/2026/BIOL470/Final/Learning_Rig/bee_0408_1_fwd/cam1_2026-04-08_16-24-15.mp4,1579.0,1696.0,1319,1378,1839,2014,0.8142345
131,/Volumes/SmithL0/2026/BIOL470/Final/Learning_Rig/bee_0408_1_fwd/cam1_2026-04-08_16-24-15.mp4,1579.0,1696.0,1319,1378,1839,2014,0.8137355
132,/Volumes/SmithL0/2026/BIOL470/Final/Learning_Rig/bee_0408_1_fwd/cam1_2026-04-08_16-24-15.mp4,1579.0,1695.5,1319,1378,1839,2013,0.81445605
133,/Volumes/SmithL0/2026/BIOL470/Final/Learning_Rig/bee_0408_1_fwd/cam1_2026-04-08_16-24-15.mp4,1579.5,1696.5,1319,1378,1840,2015,0.81377983
134,/Volumes/SmithL0/2026/BIOL470/Final/Learning_Rig/bee_0408_1_fwd/cam1_2026-04-08_16-24-15.mp4,1577.5,1698.5,1318,1381,1837,2016,0.816456
135,/Volumes/SmithL0/2026/BIOL470/Final/Learning_Rig/bee_0408_1_fwd/cam1_2026-04-08_16-24-15.mp4,1579.5,1697.0,1319,1379,1840,2015,0.8161085
136,/Volumes/SmithL0/2026/BIOL470/Final/Learning_Rig/bee_0408_1_fwd/cam1_2026-04-08_16-24-15.mp4,1576.5,1699.0,1317,1381,1836,2017,0.8216696
137,/Volumes/SmithL0/2026/BIOL470/Final/Learning_Rig/bee_0408_1_fwd/cam1_2026-04-08_16-24-15.mp4,1575.5,1698.0,1318,1381,1833,2015,0.8191076
138,/Volumes/SmithL0/2026/BIOL470/Final/Learning_Rig/bee_0408_1_fwd/cam1_2026-04-08_16-24-15.mp4,1575.0,1697.5,1317,1381,1833,2014,0.816886
139,/Volumes/SmithL0/2026/BIOL470/Final/Learning_Rig/bee_0408_1_fwd/cam1_2026-04-08_16-24-15.mp4,1578.0,1695.5,1319,1378,1837,2013,0.8158765
140,/Volumes/SmithL0/2026/BIOL470/Final/Learning_Rig/bee_0408_1_fwd/cam1_2026-04-08_16-24-15.mp4,1574.0,1698.0,1317,1381,1831,2015,0.81654227
141,/Volumes/SmithL0/2026/BIOL470/Final/Learning_Rig/bee_0408_1_fwd/cam1_2026-04-08_16-24-15.mp4,1578.0,1695.0,1319,1378,1837,2012,0.81372935
142,/Volumes/SmithL0/2026/BIOL470/Final/Learning_Rig/bee_0408_1_fwd/cam1_2026-04-08_16-24-15.mp4,1575.5,1696.5,1317,1381,1834,2012,0.8187303
143,/Volumes/SmithL0/2026/BIOL470/Final/Learning_Rig/bee_0408_1_fwd/cam1_2026-04-08_16-24-15.mp4,1575.5,1697.0,1317,1381,1834,2013,0.8162997
144,/Volumes/SmithL0/2026/BIOL470/Final/Learning_Rig/bee_0408_1_fwd/cam1_2026-04-08_16-24-15.mp4,1575.5,1696.5,1316,1381,1835,2012,0.82154953
145,/Volumes/SmithL0/2026/BIOL470/Final/Learning_Rig/bee_0408_1_fwd/cam1_2026-04-08_16-24-15.mp4,1575.0,1697.5,1316,1381,1834,2014,0.82579297
146,/Volumes/SmithL0/2026/BIOL470/Final/Learning_Rig/bee_0408_1_fwd/cam1_2026-04-08_16-24-15.mp4,1576.0,1698.5,1316,1381,1836,2016,0.8232495
147,/Volumes/SmithL0/2026/BIOL470/Final/Learning_Rig/bee_0408_1_fwd/cam1_2026-04-08_16-24-15.mp4,1576.0,1698.0,1317,1381,1835,2015,0.8174884
148,/Volumes/SmithL0/2026/BIOL470/Final/Learning_Rig/bee_0408_1_fwd/cam1_2026-04-08_16-24-15.mp4,1577.0,1698.0,1318,1382,1836,2014,0.816835
149,/Volumes/SmithL0/2026/BIOL470/Final/Learning_Rig/bee_0408_1_fwd/cam1_2026-04-08_16-24-15.mp4,1579.0,1696.5,1319,1379,1839,2014,0.8168364
150,/Volumes/SmithL0/2026/BIOL470/Final/Learning_Rig/bee_0408_1_fwd/cam1_2026-04-08_16-24-15.mp4,1576.0,1697.5,1317,1381,1835,2014,0.8221128
151,/Volumes/SmithL0/2026/BIOL470/Final/Learning_Rig/bee_0408_1_fwd/cam1_2026-04-08_16-24-15.mp4,1575.5,1698.0,1317,1381,1834,2015,0.82033366
152,/Volumes/SmithL0/2026/BIOL470/Final/Learning_Rig/bee_0408_1_fwd/cam1_2026-04-08_16-24-15.mp4,1579.5,1696.5,1319,1379,1840,2014,0.8157913
153,/Volumes/SmithL0/2026/BIOL470/Final/Learning_Rig/bee_0408_1_fwd/cam1_2026-04-08_16-24-15.mp4,1578.5,1696.0,1319,1378,1838,2014,0.81608206
154,/Volumes/SmithL0/2026/BIOL470/Final/Learning_Rig/bee_0408_1_fwd/cam1_2026-04-08_16-24-15.mp4,1575.0,1698.0,1316,1381,1834,2015,0.8193847
155,/Volumes/SmithL0/2026/BIOL470/Final/Learning_Rig/bee_0408_1_fwd/cam1_2026-04-08_16-24-15.mp4,1575.5,1698.5,1315,1382,1836,2015,0.82804227
156,/Volumes/SmithL0/2026/BIOL470/Final/Learning_Rig/bee_0408_1_fwd/cam1_2026-04-08_16-24-15.mp4,1579.0,1697.0,1319,1379,1839,2015,0.8172907
157,/Volumes/SmithL0/2026/BIOL470/Final/Learning_Rig/bee_0408_1_fwd/cam1_2026-04-08_16-24-15.mp4,1578.5,1697.0,1319,1379,1838,2015,0.8174576
158,/Volumes/SmithL0/2026/BIOL470/Final/Learning_Rig/bee_0408_1_fwd/cam1_2026-04-08_16-24-15.mp4,1576.0,1698.0,1317,1381,1835,2015,0.8220414
159,/Volumes/SmithL0/2026/BIOL470/Final/Learning_Rig/bee_0408_1_fwd/cam1_2026-04-08_16-24-15.mp4,1579.5,1697.0,1319,1378,1840,2016,0.81694186
160,/Volumes/SmithL0/2026/BIOL470/Final/Learning_Rig/bee_0408_1_fwd/cam1_2026-04-08_16-24-15.mp4,1576.0,1697.5,1317,1381,1835,2014,0.82049453
161,/Volumes/SmithL0/2026/BIOL470/Final/Learning_Rig/bee_0408_1_fwd/cam1_2026-04-08_16-24-15.mp4,1578.5,1696.0,1319,1378,1838,2014,0.81328523
162,/Volumes/SmithL0/2026/BIOL470/Final/Learning_Rig/bee_0408_1_fwd/cam1_2026-04-08_16-24-15.mp4,1578.0,1696.0,1318,1378,1838,2014,0.8154098
163,/Volumes/SmithL0/2026/BIOL470/Final/Learning_Rig/bee_0408_1_fwd/cam1_2026-04-08_16-24-15.mp4,1579.0,1695.5,1319,1378,1839,2013,0.815214
164,/Volumes/SmithL0/2026/BIOL470/Final/Learning_Rig/bee_0408_1_fwd/cam1_2026-04-08_16-24-15.mp4,1575.5,1696.5,1317,1381,1834,2012,0.820716
165,/Volumes/SmithL0/2026/BIOL470/Final/Learning_Rig/bee_0408_1_fwd/cam1_2026-04-08_16-24-15.mp4,1579.0,1694.5,1319,1377,1839,2012,0.8177682
166,/Volumes/SmithL0/2026/BIOL470/Final/Learning_Rig/bee_0408_1_fwd/cam1_2026-04-08_16-24-15.mp4,1576.0,1696.0,1316,1381,1836,2011,0.8202604
167,/Volumes/SmithL0/2026/BIOL470/Final/Learning_Rig/bee_0408_1_fwd/cam1_2026-04-08_16-24-15.mp4,1578.5,1695.0,1318,1378,1839,2012,0.81848824
168,/Volumes/SmithL0/2026/BIOL470/Final/Learning_Rig/bee_0408_1_fwd/cam1_2026-04-08_16-24-15.mp4,1576.0,1697.5,1316,1381,1836,2014,0.8203536
169,/Volumes/SmithL0/2026/BIOL470/Final/Learning_Rig/bee_0408_1_fwd/cam1_2026-04-08_16-24-15.mp4,1574.5,1698.0,1315,1381,1834,2015,0.8208268
170,/Volumes/SmithL0/2026/BIOL470/Final/Learning_Rig/bee_0408_1_fwd/cam1_2026-04-08_16-24-15.mp4,1578.0,1695.5,1318,1378,1838,2013,0.81777865
171,/Volumes/SmithL0/2026/BIOL470/Final/Learning_Rig/bee_0408_1_fwd/cam1_2026-04-08_16-24-15.mp4,1578.0,1696.0,1318,1378,1838,2014,0.81941587
172,/Volumes/SmithL0/2026/BIOL470/Final/Learning_Rig/bee_0408_1_fwd/cam1_2026-04-08_16-24-15.mp4,1578.0,1696.5,1318,1380,1838,2013,0.8191868
173,/Volumes/SmithL0/2026/BIOL470/Final/Learning_Rig/bee_0408_1_fwd/cam1_2026-04-08_16-24-15.mp4,1575.5,1697.0,1315,1381,1836,2013,0.82034266
174,/Volumes/SmithL0/2026/BIOL470/Final/Learning_Rig/bee_0408_1_fwd/cam1_2026-04-08_16-24-15.mp4,1574.5,1697.0,1315,1382,1834,2012,0.82123804
175,/Volumes/SmithL0/2026/BIOL470/Final/Learning_Rig/bee_0408_1_fwd/cam1_2026-04-08_16-24-15.mp4,1575.5,1697.5,1316,1382,1835,2013,0.81947803
176,/Volumes/SmithL0/2026/BIOL470/Final/Learning_Rig/bee_0408_1_fwd/cam1_2026-04-08_16-24-15.mp4,1575.0,1697.5,1316,1382,1834,2013,0.8208883
177,/Volumes/SmithL0/2026/BIOL470/Final/Learning_Rig/bee_0408_1_fwd/cam1_2026-04-08_16-24-15.mp4,1574.5,1697.5,1316,1381,1833,2014,0.81971174
178,/Volumes/SmithL0/2026/BIOL470/Final/Learning_Rig/bee_0408_1_fwd/cam1_2026-04-08_16-24-15.mp4,1575.0,1696.5,1316,1381,1834,2012,0.8211283
179,/Volumes/SmithL0/2026/BIOL470/Final/Learning_Rig/bee_0408_1_fwd/cam1_2026-04-08_16-24-15.mp4,1578.0,1695.5,1318,1379,1838,2012,0.81726515
180,/Volumes/SmithL0/2026/BIOL470/Final/Learning_Rig/bee_0408_1_fwd/cam1_2026-04-08_16-24-15.mp4,1577.0,1696.5,1318,1379,1836,2014,0.81680787
181,/Volumes/SmithL0/2026/BIOL470/Final/Learning_Rig/bee_0408_1_fwd/cam1_2026-04-08_16-24-15.mp4,1573.5,1699.5,1315,1382,1832,2017,0.8244905
182,/Volumes/SmithL0/2026/BIOL470/Final/Learning_Rig/bee_0408_1_fwd/cam1_2026-04-08_16-24-15.mp4,1573.5,1698.5,1315,1381,1832,2016,0.82002586
183,/Volumes/SmithL0/2026/BIOL470/Final/Learning_Rig/bee_0408_1_fwd/cam1_2026-04-08_16-24-15.mp4,1574.5,1699.5,1316,1381,1833,2018,0.8198682
184,/Volumes/SmithL0/2026/BIOL470/Final/Learning_Rig/bee_0408_1_fwd/cam1_2026-04-08_16-24-15.mp4,1577.5,1697.5,1319,1379,1836,2016,0.8193577
185,/Volumes/SmithL0/2026/BIOL470/Final/Learning_Rig/bee_0408_1_fwd/cam1_2026-04-08_16-24-15.mp4,1574.0,1698.5,1316,1381,1832,2016,0.8246952
186,/Volumes/SmithL0/2026/BIOL470/Final/Learning_Rig/bee_0408_1_fwd/cam1_2026-04-08_16-24-15.mp4,1574.0,1697.5,1316,1381,1832,2014,0.8270554
187,/Volumes/SmithL0/2026/BIOL470/Final/Learning_Rig/bee_0408_1_fwd/cam1_2026-04-08_16-24-15.mp4,1574.5,1697.0,1316,1381,1833,2013,0.82121766
188,/Volumes/SmithL0/2026/BIOL470/Final/Learning_Rig/bee_0408_1_fwd/cam1_2026-04-08_16-24-15.mp4,1574.5,1697.5,1316,1382,1833,2013,0.8247353
189,/Volumes/SmithL0/2026/BIOL470/Final/Learning_Rig/bee_0408_1_fwd/cam1_2026-04-08_16-24-15.mp4,1574.5,1696.5,1316,1381,1833,2012,0.82090837
190,/Volumes/SmithL0/2026/BIOL470/Final/Learning_Rig/bee_0408_1_fwd/cam1_2026-04-08_16-24-15.mp4,1574.0,1697.0,1316,1381,1832,2013,0.821733
191,/Volumes/SmithL0/2026/BIOL470/Final/Learning_Rig/bee_0408_1_fwd/cam1_2026-04-08_16-24-15.mp4,1576.5,1696.0,1319,1378,1834,2014,0.81892025
192,/Volumes/SmithL0/2026/BIOL470/Final/Learning_Rig/bee_0408_1_fwd/cam1_2026-04-08_16-24-15.mp4,1576.5,1696.0,1318,1378,1835,2014,0.8167862
193,/Volumes/SmithL0/2026/BIOL470/Final/Learning_Rig/bee_0408_1_fwd/cam1_2026-04-08_16-24-15.mp4,1576.0,1696.0,1318,1379,1834,2013,0.8156443
194,/Volumes/SmithL0/2026/BIOL470/Final/Learning_Rig/bee_0408_1_fwd/cam1_2026-04-08_16-24-15.mp4,1573.5,1697.0,1316,1381,1831,2013,0.819421
195,/Volumes/SmithL0/2026/BIOL470/Final/Learning_Rig/bee_0408_1_fwd/cam1_2026-04-08_16-24-15.mp4,1573.5,1697.0,1316,1381,1831,2013,0.8197979
196,/Volumes/SmithL0/2026/BIOL470/Final/Learning_Rig/bee_0408_1_fwd/cam1_2026-04-08_16-24-15.mp4,1574.0,1697.5,1316,1381,1832,2014,0.8202859
197,/Volumes/SmithL0/2026/BIOL470/Final/Learning_Rig/bee_0408_1_fwd/cam1_2026-04-08_16-24-15.mp4,1574.0,1697.0,1315,1381,1833,2013,0.82156366
198,/Volumes/SmithL0/2026/BIOL470/Final/Learning_Rig/bee_0408_1_fwd/cam1_2026-04-08_16-24-15.mp4,1575.0,1697.0,1315,1382,1835,2012,0.81904554
199,/Volumes/SmithL0/2026/BIOL470/Final/Learning_Rig/bee_0408_1_fwd/cam1_2026-04-08_16-24-15.mp4,1578.0,1696.0,1318,1380,1838,2012,0.8163586
200,/Volumes/SmithL0/2026/BIOL470/Final/Learning_Rig/bee_0408_1_fwd/cam1_2026-04-08_16-24-15.mp4,1574.5,1696.5,1315,1381,1834,2012,0.81824887
201,/Volumes/SmithL0/2026/BIOL470/Final/Learning_Rig/bee_0408_1_fwd/cam1_2026-04-08_16-24-15.mp4,1578.5,1695.5,1318,1379,1839,2012,0.81450915
202,/Volumes/SmithL0/2026/BIOL470/Final/Learning_Rig/bee_0408_1_fwd/cam1_2026-04-08_16-24-15.mp4,1578.0,1696.0,1318,1379,1838,2013,0.8145428
203,/Volumes/SmithL0/2026/BIOL470/Final/Learning_Rig/bee_0408_1_fwd/cam1_2026-04-08_16-24-15.mp4,1577.5,1696.5,1318,1379,1837,2014,0.81331706
204,/Volumes/SmithL0/2026/BIOL470/Final/Learning_Rig/bee_0408_1_fwd/cam1_2026-04-08_16-24-15.mp4,1575.0,1698.5,1315,1381,1835,2016,0.8176688
205,/Volumes/SmithL0/2026/BIOL470/Final/Learning_Rig/bee_0408_1_fwd/cam1_2026-04-08_16-24-15.mp4,1574.5,1699.0,1316,1381,1833,2017,0.81791115
206,/Volumes/SmithL0/2026/BIOL470/Final/Learning_Rig/bee_0408_1_fwd/cam1_2026-04-08_16-24-15.mp4,1578.0,1698.0,1318,1379,1838,2017,0.8174374
207,/Volumes/SmithL0/2026/BIOL470/Final/Learning_Rig/bee_0408_1_fwd/cam1_2026-04-08_16-24-15.mp4,1574.0,1698.5,1315,1382,1833,2015,0.82288677
208,/Volumes/SmithL0/2026/BIOL470/Final/Learning_Rig/bee_0408_1_fwd/cam1_2026-04-08_16-24-15.mp4,1574.5,1697.0,1316,1382,1833,2012,0.8243915
209,/Volumes/SmithL0/2026/BIOL470/Final/Learning_Rig/bee_0408_1_fwd/cam1_2026-04-08_16-24-15.mp4,1575.0,1697.0,1316,1381,1834,2013,0.82013947
210,/Volumes/SmithL0/2026/BIOL470/Final/Learning_Rig/bee_0408_1_fwd/cam1_2026-04-08_16-24-15.mp4,1574.5,1696.5,1316,1382,1833,2011,0.81860113
211,/Volumes/SmithL0/2026/BIOL470/Final/Learning_Rig/bee_0408_1_fwd/cam1_2026-04-08_16-24-15.mp4,1574.0,1697.5,1317,1382,1831,2013,0.8165549
212,/Volumes/SmithL0/2026/BIOL470/Final/Learning_Rig/bee_0408_1_fwd/cam1_2026-04-08_16-24-15.mp4,1572.5,1698.0,1316,1382,1829,2014,0.8175988
213,/Volumes/SmithL0/2026/BIOL470/Final/Learning_Rig/bee_0408_1_fwd/cam1_2026-04-08_16-24-15.mp4,1572.0,1699.0,1316,1382,1828,2016,0.817462
214,/Volumes/SmithL0/2026/BIOL470/Final/Learning_Rig/bee_0408_1_fwd/cam1_2026-04-08_16-24-15.mp4,1577.5,1696.0,1318,1379,1837,2013,0.8166891
215,/Volumes/SmithL0/2026/BIOL470/Final/Learning_Rig/bee_0408_1_fwd/cam1_2026-04-08_16-24-15.mp4,1574.5,1698.5,1316,1382,1833,2015,0.81691164
216,/Volumes/SmithL0/2026/BIOL470/Final/Learning_Rig/bee_0408_1_fwd/cam1_2026-04-08_16-24-15.mp4,1576.5,1697.0,1318,1379,1835,2015,0.81629807
217,/Volumes/SmithL0/2026/BIOL470/Final/Learning_Rig/bee_0408_1_fwd/cam1_2026-04-08_16-24-15.mp4,1573.0,1697.5,1316,1381,1830,2014,0.819779
218,/Volumes/SmithL0/2026/BIOL470/Final/Learning_Rig/bee_0408_1_fwd/cam1_2026-04-08_16-24-15.mp4,1572.0,1697.5,1315,1381,1829,2014,0.8212783
219,/Volumes/SmithL0/2026/BIOL470/Final/Learning_Rig/bee_0408_1_fwd/cam1_2026-04-08_16-24-15.mp4,1573.0,1697.5,1315,1381,1831,2014,0.81866795
220,/Volumes/SmithL0/2026/BIOL470/Final/Learning_Rig/bee_0408_1_fwd/cam1_2026-04-08_16-24-15.mp4,1573.0,1698.5,1315,1381,1831,2016,0.82100564
221,/Volumes/SmithL0/2026/BIOL470/Final/Learning_Rig/bee_0408_1_fwd/cam1_2026-04-08_16-24-15.mp4,1572.5,1697.0,1315,1381,1830,2013,0.8194449
222,/Volumes/SmithL0/2026/BIOL470/Final/Learning_Rig/bee_0408_1_fwd/cam1_2026-04-08_16-24-15.mp4,1576.5,1696.5,1318,1379,1835,2014,0.8153802
223,/Volumes/SmithL0/2026/BIOL470/Final/Learning_Rig/bee_0408_1_fwd/cam1_2026-04-08_16-24-15.mp4,1573.0,1697.5,1315,1381,1831,2014,0.822023
224,/Volumes/SmithL0/2026/BIOL470/Final/Learning_Rig/bee_0408_1_fwd/cam1_2026-04-08_16-24-15.mp4,1574.0,1697.0,1316,1380,1832,2014,0.82398725
225,/Volumes/SmithL0/2026/BIOL470/Final/Learning_Rig/bee_0408_1_fwd/cam1_2026-04-08_16-24-15.mp4,1574.0,1698.0,1315,1381,1833,2015,0.8242901
226,/Volumes/SmithL0/2026/BIOL470/Final/Learning_Rig/bee_0408_1_fwd/cam1_2026-04-08_16-24-15.mp4,1573.0,1697.5,1315,1380,1831,2015,0.8205955
227,/Volumes/SmithL0/2026/BIOL470/Final/Learning_Rig/bee_0408_1_fwd/cam1_2026-04-08_16-24-15.mp4,1573.5,1697.5,1315,1380,1832,2015,0.82282186
228,/Volumes/SmithL0/2026/BIOL470/Final/Learning_Rig/bee_0408_1_fwd/cam1_2026-04-08_16-24-15.mp4,1574.0,1696.5,1315,1380,1833,2013,0.82435656
229,/Volumes/SmithL0/2026/BIOL470/Final/Learning_Rig/bee_0408_1_fwd/cam1_2026-04-08_16-24-15.mp4,1574.5,1695.5,1314,1381,1835,2010,0.82388335
230,/Volumes/SmithL0/2026/BIOL470/Final/Learning_Rig/bee_0408_1_fwd/cam1_2026-04-08_16-24-15.mp4,1578.0,1694.5,1318,1378,1838,2011,0.81672335
231,/Volumes/SmithL0/2026/BIOL470/Final/Learning_Rig/bee_0408_1_fwd/cam1_2026-04-08_16-24-15.mp4,1575.0,1696.5,1316,1381,1834,2012,0.82387507
232,/Volumes/SmithL0/2026/BIOL470/Final/Learning_Rig/bee_0408_1_fwd/cam1_2026-04-08_16-24-15.mp4,1575.0,1696.5,1316,1381,1834,2012,0.82159996
233,/Volumes/SmithL0/2026/BIOL470/Final/Learning_Rig/bee_0408_1_fwd/cam1_2026-04-08_16-24-15.mp4,1575.5,1696.5,1316,1381,1835,2012,0.82041013
234,/Volumes/SmithL0/2026/BIOL470/Final/Learning_Rig/bee_0408_1_fwd/cam1_2026-04-08_16-24-15.mp4,1575.0,1696.0,1317,1381,1833,2011,0.8172067
235,/Volumes/SmithL0/2026/BIOL470/Final/Learning_Rig/bee_0408_1_fwd/cam1_2026-04-08_16-24-15.mp4,1578.0,1695.5,1318,1379,1838,2012,0.8165721
236,/Volumes/SmithL0/2026/BIOL470/Final/Learning_Rig/bee_0408_1_fwd/cam1_2026-04-08_16-24-15.mp4,1578.5,1695.5,1317,1379,1840,2012,0.8150203
237,/Volumes/SmithL0/2026/BIOL470/Final/Learning_Rig/bee_0408_1_fwd/cam1_2026-04-08_16-24-15.mp4,1578.0,1696.0,1318,1379,1838,2013,0.81764966
238,/Volumes/SmithL0/2026/BIOL470/Final/Learning_Rig/bee_0408_1_fwd/cam1_2026-04-08_16-24-15.mp4,1578.5,1696.5,1318,1379,1839,2014,0.819614
239,/Volumes/SmithL0/2026/BIOL470/Final/Learning_Rig/bee_0408_1_fwd/cam1_2026-04-08_16-24-15.mp4,1573.5,1697.0,1315,1382,1832,2012,0.8211536
240,/Volumes/SmithL0/2026/BIOL470/Final/Learning_Rig/bee_0408_1_fwd/cam1_2026-04-08_16-24-15.mp4,1574.5,1697.0,1316,1381,1833,2013,0.8222189
241,/Volumes/SmithL0/2026/BIOL470/Final/Learning_Rig/bee_0408_1_fwd/cam1_2026-04-08_16-24-15.mp4,1575.0,1697.0,1316,1382,1834,2012,0.82200164
242,/Volumes/SmithL0/2026/BIOL470/Final/Learning_Rig/bee_0408_1_fwd/cam1_2026-04-08_16-24-15.mp4,1574.5,1697.0,1316,1382,1833,2012,0.82111067
243,/Volumes/SmithL0/2026/BIOL470/Final/Learning_Rig/bee_0408_1_fwd/cam1_2026-04-08_16-24-15.mp4,1574.5,1697.5,1315,1382,1834,2013,0.82165366
244,/Volumes/SmithL0/2026/BIOL470/Final/Learning_Rig/bee_0408_1_fwd/cam1_2026-04-08_16-24-15.mp4,1574.5,1696.5,1315,1381,1834,2012,0.82192856
245,/Volumes/SmithL0/2026/BIOL470/Final/Learning_Rig/bee_0408_1_fwd/cam1_2026-04-08_16-24-15.mp4,1574.5,1696.0,1315,1381,1834,2011,0.8226595
246,/Volumes/SmithL0/2026/BIOL470/Final/Learning_Rig/bee_0408_1_fwd/cam1_2026-04-08_16-24-15.mp4,1574.0,1696.5,1315,1381,1833,2012,0.8171886
247,/Volumes/SmithL0/2026/BIOL470/Final/Learning_Rig/bee_0408_1_fwd/cam1_2026-04-08_16-24-15.mp4,1573.5,1696.0,1316,1381,1831,2011,0.8163563
248,/Volumes/SmithL0/2026/BIOL470/Final/Learning_Rig/bee_0408_1_fwd/cam1_2026-04-08_16-24-15.mp4,1573.5,1696.5,1316,1381,1831,2012,0.81791663
249,/Volumes/SmithL0/2026/BIOL470/Final/Learning_Rig/bee_0408_1_fwd/cam1_2026-04-08_16-24-15.mp4,1574.0,1696.5,1316,1382,1832,2011,0.8211081
250,/Volumes/SmithL0/2026/BIOL470/Final/Learning_Rig/bee_0408_1_fwd/cam1_2026-04-08_16-24-15.mp4,1573.0,1697.5,1315,1382,1831,2013,0.82353127
251,/Volumes/SmithL0/2026/BIOL470/Final/Learning_Rig/bee_0408_1_fwd/cam1_2026-04-08_16-24-15.mp4,1573.5,1697.0,1315,1382,1832,2012,0.8218431
252,/Volumes/SmithL0/2026/BIOL470/Final/Learning_Rig/bee_0408_1_fwd/cam1_2026-04-08_16-24-15.mp4,1573.5,1697.5,1315,1381,1832,2014,0.82629526
253,/Volumes/SmithL0/2026/BIOL470/Final/Learning_Rig/bee_0408_1_fwd/cam1_2026-04-08_16-24-15.mp4,1574.0,1697.5,1315,1382,1833,2013,0.8198368
254,/Volumes/SmithL0/2026/BIOL470/Final/Learning_Rig/bee_0408_1_fwd/cam1_2026-04-08_16-24-15.mp4,1573.5,1697.0,1315,1382,1832,2012,0.8205045
255,/Volumes/SmithL0/2026/BIOL470/Final/Learning_Rig/bee_0408_1_fwd/cam1_2026-04-08_16-24-15.mp4,1577.0,1696.0,1318,1379,1836,2013,0.8172503
256,/Volumes/SmithL0/2026/BIOL470/Final/Learning_Rig/bee_0408_1_fwd/cam1_2026-04-08_16-24-15.mp4,1573.0,1698.0,1315,1381,1831,2015,0.81985563
257,/Volumes/SmithL0/2026/BIOL470/Final/Learning_Rig/bee_0408_1_fwd/cam1_2026-04-08_16-24-15.mp4,1573.0,1697.0,1316,1381,1830,2013,0.8189437
258,/Volumes/SmithL0/2026/BIOL470/Final/Learning_Rig/bee_0408_1_fwd/cam1_2026-04-08_16-24-15.mp4,1574.0,1698.0,1316,1381,1832,2015,0.8182602
259,/Volumes/SmithL0/2026/BIOL470/Final/Learning_Rig/bee_0408_1_fwd/cam1_2026-04-08_16-24-15.mp4,1573.0,1697.0,1316,1381,1830,2013,0.81899035
260,/Volumes/SmithL0/2026/BIOL470/Final/Learning_Rig/bee_0408_1_fwd/cam1_2026-04-08_16-24-15.mp4,1572.0,1697.0,1315,1382,1829,2012,0.8197191
261,/Volumes/SmithL0/2026/BIOL470/Final/Learning_Rig/bee_0408_1_fwd/cam1_2026-04-08_16-24-15.mp4,1572.0,1696.5,1315,1382,1829,2011,0.8195602
262,/Volumes/SmithL0/2026/BIOL470/Final/Learning_Rig/bee_0408_1_fwd/cam1_2026-04-08_16-24-15.mp4,1572.5,1696.5,1314,1382,1831,2011,0.8251513
263,/Volumes/SmithL0/2026/BIOL470/Final/Learning_Rig/bee_0408_1_fwd/cam1_2026-04-08_16-24-15.mp4,1571.5,1695.5,1314,1381,1829,2010,0.8246924
264,/Volumes/SmithL0/2026/BIOL470/Final/Learning_Rig/bee_0408_1_fwd/cam1_2026-04-08_16-24-15.mp4,1572.5,1696.5,1314,1382,1831,2011,0.82041377
265,/Volumes/SmithL0/2026/BIOL470/Final/Learning_Rig/bee_0408_1_fwd/cam1_2026-04-08_16-24-15.mp4,1573.0,1696.0,1314,1381,1832,2011,0.8213134
266,/Volumes/SmithL0/2026/BIOL470/Final/Learning_Rig/bee_0408_1_fwd/cam1_2026-04-08_16-24-15.mp4,1573.5,1697.0,1315,1382,1832,2012,0.8183788
267,/Volumes/SmithL0/2026/BIOL470/Final/Learning_Rig/bee_0408_1_fwd/cam1_2026-04-08_16-24-15.mp4,1573.0,1697.0,1315,1381,1831,2013,0.8195446
268,/Volumes/SmithL0/2026/BIOL470/Final/Learning_Rig/bee_0408_1_fwd/cam1_2026-04-08_16-24-15.mp4,1575.5,1696.5,1318,1379,1833,2014,0.8155271
269,/Volumes/SmithL0/2026/BIOL470/Final/Learning_Rig/bee_0408_1_fwd/cam1_2026-04-08_16-24-15.mp4,1572.5,1697.5,1316,1381,1829,2014,0.81925297
270,/Volumes/SmithL0/2026/BIOL470/Final/Learning_Rig/bee_0408_1_fwd/cam1_2026-04-08_16-24-15.mp4,1573.5,1697.0,1315,1381,1832,2013,0.8212669
271,/Volumes/SmithL0/2026/BIOL470/Final/Learning_Rig/bee_0408_1_fwd/cam1_2026-04-08_16-24-15.mp4,1574.0,1697.0,1315,1381,1833,2013,0.81845737
272,/Volumes/SmithL0/2026/BIOL470/Final/Learning_Rig/bee_0408_1_fwd/cam1_2026-04-08_16-24-15.mp4,1573.5,1697.5,1314,1381,1833,2014,0.8221606
273,/Volumes/SmithL0/2026/BIOL470/Final/Learning_Rig/bee_0408_1_fwd/cam1_2026-04-08_16-24-15.mp4,1573.0,1696.5,1314,1381,1832,2012,0.8189812
274,/Volumes/SmithL0/2026/BIOL470/Final/Learning_Rig/bee_0408_1_fwd/cam1_2026-04-08_16-24-15.mp4,1572.5,1697.5,1314,1382,1831,2013,0.820785
275,/Volumes/SmithL0/2026/BIOL470/Final/Learning_Rig/bee_0408_1_fwd/cam1_2026-04-08_16-24-15.mp4,1572.0,1697.5,1313,1382,1831,2013,0.82398254
276,/Volumes/SmithL0/2026/BIOL470/Final/Learning_Rig/bee_0408_1_fwd/cam1_2026-04-08_16-24-15.mp4,1572.5,1698.0,1314,1382,1831,2014,0.82385576
277,/Volumes/SmithL0/2026/BIOL470/Final/Learning_Rig/bee_0408_1_fwd/cam1_2026-04-08_16-24-15.mp4,1572.5,1698.0,1314,1382,1831,2014,0.82194936
278,/Volumes/SmithL0/2026/BIOL470/Final/Learning_Rig/bee_0408_1_fwd/cam1_2026-04-08_16-24-15.mp4,1576.0,1697.0,1317,1379,1835,2015,0.8173938
279,/Volumes/SmithL0/2026/BIOL470/Final/Learning_Rig/bee_0408_1_fwd/cam1_2026-04-08_16-24-15.mp4,1572.5,1699.0,1315,1382,1830,2016,0.819618
280,/Volumes/SmithL0/2026/BIOL470/Final/Learning_Rig/bee_0408_1_fwd/cam1_2026-04-08_16-24-15.mp4,1572.5,1699.0,1315,1381,1830,2017,0.82013565
281,/Volumes/SmithL0/2026/BIOL470/Final/Learning_Rig/bee_0408_1_fwd/cam1_2026-04-08_16-24-15.mp4,1573.0,1700.0,1314,1383,1832,2017,0.8244843
282,/Volumes/SmithL0/2026/BIOL470/Final/Learning_Rig/bee_0408_1_fwd/cam1_2026-04-08_16-24-15.mp4,1574.0,1698.0,1314,1382,1834,2014,0.8248389
283,/Volumes/SmithL0/2026/BIOL470/Final/Learning_Rig/bee_0408_1_fwd/cam1_2026-04-08_16-24-15.mp4,1573.5,1698.0,1314,1382,1833,2014,0.82810926
284,/Volumes/SmithL0/2026/BIOL470/Final/Learning_Rig/bee_0408_1_fwd/cam1_2026-04-08_16-24-15.mp4,1573.5,1698.0,1314,1382,1833,2014,0.82739675
285,/Volumes/SmithL0/2026/BIOL470/Final/Learning_Rig/bee_0408_1_fwd/cam1_2026-04-08_16-24-15.mp4,1573.0,1698.5,1315,1382,1831,2015,0.82417274
286,/Volumes/SmithL0/2026/BIOL470/Final/Learning_Rig/bee_0408_1_fwd/cam1_2026-04-08_16-24-15.mp4,1572.5,1698.0,1315,1382,1830,2014,0.8233786
287,/Volumes/SmithL0/2026/BIOL470/Final/Learning_Rig/bee_0408_1_fwd/cam1_2026-04-08_16-24-15.mp4,1573.0,1697.0,1315,1382,1831,2012,0.8224423
288,/Volumes/SmithL0/2026/BIOL470/Final/Learning_Rig/bee_0408_1_fwd/cam1_2026-04-08_16-24-15.mp4,1573.5,1697.5,1315,1382,1832,2013,0.82391214
289,/Volumes/SmithL0/2026/BIOL470/Final/Learning_Rig/bee_0408_1_fwd/cam1_2026-04-08_16-24-15.mp4,1573.5,1698.0,1315,1382,1832,2014,0.822761
290,/Volumes/SmithL0/2026/BIOL470/Final/Learning_Rig/bee_0408_1_fwd/cam1_2026-04-08_16-24-15.mp4,1573.5,1698.0,1315,1382,1832,2014,0.8252145
291,/Volumes/SmithL0/2026/BIOL470/Final/Learning_Rig/bee_0408_1_fwd/cam1_2026-04-08_16-24-15.mp4,1573.5,1698.0,1315,1382,1832,2014,0.8189584
292,/Volumes/SmithL0/2026/BIOL470/Final/Learning_Rig/bee_0408_1_fwd/cam1_2026-04-08_16-24-15.mp4,1573.5,1697.0,1316,1381,1831,2013,0.81685317
293,/Volumes/SmithL0/2026/BIOL470/Final/Learning_Rig/bee_0408_1_fwd/cam1_2026-04-08_16-24-15.mp4,1574.0,1697.0,1315,1382,1833,2012,0.8213994
294,/Volumes/SmithL0/2026/BIOL470/Final/Learning_Rig/bee_0408_1_fwd/cam1_2026-04-08_16-24-15.mp4,1573.0,1696.0,1315,1382,1831,2010,0.8208874
295,/Volumes/SmithL0/2026/BIOL470/Final/Learning_Rig/bee_0408_1_fwd/cam1_2026-04-08_16-24-15.mp4,1574.0,1697.0,1315,1382,1833,2012,0.81976706
296,/Volumes/SmithL0/2026/BIOL470/Final/Learning_Rig/bee_0408_1_fwd/cam1_2026-04-08_16-24-15.mp4,1574.0,1696.5,1315,1382,1833,2011,0.8210202
297,/Volumes/SmithL0/2026/BIOL470/Final/Learning_Rig/bee_0408_1_fwd/cam1_2026-04-08_16-24-15.mp4,1573.0,1696.5,1314,1381,1832,2012,0.8193305
298,/Volumes/SmithL0/2026/BIOL470/Final/Learning_Rig/bee_0408_1_fwd/cam1_2026-04-08_16-24-15.mp4,1573.0,1696.5,1314,1382,1832,2011,0.8193271
299,/Volumes/SmithL0/2026/BIOL470/Final/Learning_Rig/bee_0408_1_fwd/cam1_2026-04-08_16-24-15.mp4,1573.5,1697.0,1315,1382,1832,2012,0.8203006
300,/Volumes/SmithL0/2026/BIOL470/Final/Learning_Rig/bee_0408_1_fwd/cam1_2026-04-08_16-24-15.mp4,1572.5,1698.5,1314,1383,1831,2014,0.8225109
301,/Volumes/SmithL0/2026/BIOL470/Final/Learning_Rig/bee_0408_1_fwd/cam1_2026-04-08_16-24-15.mp4,1573.0,1697.5,1315,1382,1831,2013,0.8194251
302,/Volumes/SmithL0/2026/BIOL470/Final/Learning_Rig/bee_0408_1_fwd/cam1_2026-04-08_16-24-15.mp4,1573.0,1699.0,1315,1382,1831,2016,0.81825644
303,/Volumes/SmithL0/2026/BIOL470/Final/Learning_Rig/bee_0408_1_fwd/cam1_2026-04-08_16-24-15.mp4,1572.5,1698.0,1314,1381,1831,2015,0.8233622
304,/Volumes/SmithL0/2026/BIOL470/Final/Learning_Rig/bee_0408_1_fwd/cam1_2026-04-08_16-24-15.mp4,1573.5,1697.5,1315,1381,1832,2014,0.81844693
305,/Volumes/SmithL0/2026/BIOL470/Final/Learning_Rig/bee_0408_1_fwd/cam1_2026-04-08_16-24-15.mp4,1575.5,1696.5,1317,1380,1834,2013,0.8164548
306,/Volumes/SmithL0/2026/BIOL470/Final/Learning_Rig/bee_0408_1_fwd/cam1_2026-04-08_16-24-15.mp4,1576.0,1696.0,1318,1380,1834,2012,0.81608707
307,/Volumes/SmithL0/2026/BIOL470/Final/Learning_Rig/bee_0408_1_fwd/cam1_2026-04-08_16-24-15.mp4,1572.0,1697.5,1314,1382,1830,2013,0.81889886
308,/Volumes/SmithL0/2026/BIOL470/Final/Learning_Rig/bee_0408_1_fwd/cam1_2026-04-08_16-24-15.mp4,1572.0,1696.5,1314,1382,1830,2011,0.8229888
309,/Volumes/SmithL0/2026/BIOL470/Final/Learning_Rig/bee_0408_1_fwd/cam1_2026-04-08_16-24-15.mp4,1571.5,1698.0,1314,1382,1829,2014,0.8255688
310,/Volumes/SmithL0/2026/BIOL470/Final/Learning_Rig/bee_0408_1_fwd/cam1_2026-04-08_16-24-15.mp4,1571.5,1697.0,1314,1382,1829,2012,0.8202416
311,/Volumes/SmithL0/2026/BIOL470/Final/Learning_Rig/bee_0408_1_fwd/cam1_2026-04-08_16-24-15.mp4,1573.0,1696.5,1315,1382,1831,2011,0.8170739
312,/Volumes/SmithL0/2026/BIOL470/Final/Learning_Rig/bee_0408_1_fwd/cam1_2026-04-08_16-24-15.mp4,1573.0,1695.5,1315,1382,1831,2009,0.8179617
313,/Volumes/SmithL0/2026/BIOL470/Final/Learning_Rig/bee_0408_1_fwd/cam1_2026-04-08_16-24-15.mp4,1572.0,1696.0,1314,1382,1830,2010,0.8218243
314,/Volumes/SmithL0/2026/BIOL470/Final/Learning_Rig/bee_0408_1_fwd/cam1_2026-04-08_16-24-15.mp4,1572.0,1695.5,1314,1382,1830,2009,0.82318556
315,/Volumes/SmithL0/2026/BIOL470/Final/Learning_Rig/bee_0408_1_fwd/cam1_2026-04-08_16-24-15.mp4,1572.5,1695.5,1314,1382,1831,2009,0.8164358
316,/Volumes/SmithL0/2026/BIOL470/Final/Learning_Rig/bee_0408_1_fwd/cam1_2026-04-08_16-24-15.mp4,1572.5,1696.5,1314,1382,1831,2011,0.82220227
317,/Volumes/SmithL0/2026/BIOL470/Final/Learning_Rig/bee_0408_1_fwd/cam1_2026-04-08_16-24-15.mp4,1572.5,1697.0,1314,1382,1831,2012,0.8183388
318,/Volumes/SmithL0/2026/BIOL470/Final/Learning_Rig/bee_0408_1_fwd/cam1_2026-04-08_16-24-15.mp4,1573.0,1696.0,1314,1382,1832,2010,0.8184001
319,/Volumes/SmithL0/2026/BIOL470/Final/Learning_Rig/bee_0408_1_fwd/cam1_2026-04-08_16-24-15.mp4,1572.5,1696.5,1314,1381,1831,2012,0.8248946
320,/Volumes/SmithL0/2026/BIOL470/Final/Learning_Rig/bee_0408_1_fwd/cam1_2026-04-08_16-24-15.mp4,1572.0,1696.0,1314,1381,1830,2011,0.8237054
321,/Volumes/SmithL0/2026/BIOL470/Final/Learning_Rig/bee_0408_1_fwd/cam1_2026-04-08_16-24-15.mp4,1577.0,1695.0,1317,1377,1837,2013,0.8161363
322,/Volumes/SmithL0/2026/BIOL470/Final/Learning_Rig/bee_0408_1_fwd/cam1_2026-04-08_16-24-15.mp4,1576.5,1695.0,1317,1377,1836,2013,0.81433773
323,/Volumes/SmithL0/2026/BIOL470/Final/Learning_Rig/bee_0408_1_fwd/cam1_2026-04-08_16-24-15.mp4,1572.5,1697.5,1315,1380,1830,2015,0.8151343
324,/Volumes/SmithL0/2026/BIOL470/Final/Learning_Rig/bee_0408_1_fwd/cam1_2026-04-08_16-24-15.mp4,1576.5,1695.5,1317,1377,1836,2014,0.81108403
325,/Volumes/SmithL0/2026/BIOL470/Final/Learning_Rig/bee_0408_1_fwd/cam1_2026-04-08_16-24-15.mp4,1576.0,1694.5,1317,1377,1835,2012,0.8113114
326,/Volumes/SmithL0/2026/BIOL470/Final/Learning_Rig/bee_0408_1_fwd/cam1_2026-04-08_16-24-15.mp4,1572.0,1697.5,1314,1380,1830,2015,0.8190098
327,/Volumes/SmithL0/2026/BIOL470/Final/Learning_Rig/bee_0408_1_fwd/cam1_2026-04-08_16-24-15.mp4,1572.0,1696.0,1315,1380,1829,2012,0.8175939
328,/Volumes/SmithL0/2026/BIOL470/Final/Learning_Rig/bee_0408_1_fwd/cam1_2026-04-08_16-24-15.mp4,1572.0,1697.0,1314,1380,1830,2014,0.82160366
329,/Volumes/SmithL0/2026/BIOL470/Final/Learning_Rig/bee_0408_1_fwd/cam1_2026-04-08_16-24-15.mp4,1572.0,1696.5,1314,1380,1830,2013,0.82142556
330,/Volumes/SmithL0/2026/BIOL470/Final/Learning_Rig/bee_0408_1_fwd/cam1_2026-04-08_16-24-15.mp4,1572.5,1697.0,1314,1380,1831,2014,0.8215199
331,/Volumes/SmithL0/2026/BIOL470/Final/Learning_Rig/bee_0408_1_fwd/cam1_2026-04-08_16-24-15.mp4,1572.5,1698.0,1314,1380,1831,2016,0.82432634
332,/Volumes/SmithL0/2026/BIOL470/Final/Learning_Rig/bee_0408_1_fwd/cam1_2026-04-08_16-24-15.mp4,1572.5,1697.0,1314,1380,1831,2014,0.8199093
333,/Volumes/SmithL0/2026/BIOL470/Final/Learning_Rig/bee_0408_1_fwd/cam1_2026-04-08_16-24-15.mp4,1571.5,1696.5,1313,1380,1830,2013,0.82612824
334,/Volumes/SmithL0/2026/BIOL470/Final/Learning_Rig/bee_0408_1_fwd/cam1_2026-04-08_16-24-15.mp4,1570.5,1697.0,1313,1380,1828,2014,0.82583207
335,/Volumes/SmithL0/2026/BIOL470/Final/Learning_Rig/bee_0408_1_fwd/cam1_2026-04-08_16-24-15.mp4,1572.0,1697.5,1314,1380,1830,2015,0.8213123
336,/Volumes/SmithL0/2026/BIOL470/Final/Learning_Rig/bee_0408_1_fwd/cam1_2026-04-08_16-24-15.mp4,1572.0,1697.0,1314,1379,1830,2015,0.8217892
337,/Volumes/SmithL0/2026/BIOL470/Final/Learning_Rig/bee_0408_1_fwd/cam1_2026-04-08_16-24-15.mp4,1571.5,1696.5,1314,1379,1829,2014,0.82133734
338,/Volumes/SmithL0/2026/BIOL470/Final/Learning_Rig/bee_0408_1_fwd/cam1_2026-04-08_16-24-15.mp4,1571.5,1696.0,1314,1379,1829,2013,0.81733084
339,/Volumes/SmithL0/2026/BIOL470/Final/Learning_Rig/bee_0408_1_fwd/cam1_2026-04-08_16-24-15.mp4,1571.5,1697.5,1314,1380,1829,2015,0.8212183
340,/Volumes/SmithL0/2026/BIOL470/Final/Learning_Rig/bee_0408_1_fwd/cam1_2026-04-08_16-24-15.mp4,1572.0,1697.0,1314,1379,1830,2015,0.8205156
341,/Volumes/SmithL0/2026/BIOL470/Final/Learning_Rig/bee_0408_1_fwd/cam1_2026-04-08_16-24-15.mp4,1571.5,1696.0,1314,1380,1829,2012,0.8198397
342,/Volumes/SmithL0/2026/BIOL470/Final/Learning_Rig/bee_0408_1_fwd/cam1_2026-04-08_16-24-15.mp4,1571.5,1695.5,1314,1379,1829,2012,0.81372005
343,/Volumes/SmithL0/2026/BIOL470/Final/Learning_Rig/bee_0408_1_fwd/cam1_2026-04-08_16-24-15.mp4,1571.0,1696.5,1314,1380,1828,2013,0.8197434
344,/Volumes/SmithL0/2026/BIOL470/Final/Learning_Rig/bee_0408_1_fwd/cam1_2026-04-08_16-24-15.mp4,1571.5,1696.0,1314,1379,1829,2013,0.8163813
345,/Volumes/SmithL0/2026/BIOL470/Final/Learning_Rig/bee_0408_1_fwd/cam1_2026-04-08_16-24-15.mp4,1572.0,1696.0,1314,1379,1830,2013,0.8135393
346,/Volumes/SmithL0/2026/BIOL470/Final/Learning_Rig/bee_0408_1_fwd/cam1_2026-04-08_16-24-15.mp4,1572.0,1696.0,1314,1379,1830,2013,0.8181136
347,/Volumes/SmithL0/2026/BIOL470/Final/Learning_Rig/bee_0408_1_fwd/cam1_2026-04-08_16-24-15.mp4,1571.5,1695.5,1314,1379,1829,2012,0.81840205
348,/Volumes/SmithL0/2026/BIOL470/Final/Learning_Rig/bee_0408_1_fwd/cam1_2026-04-08_16-24-15.mp4,1571.5,1695.0,1313,1379,1830,2011,0.82188696
349,/Volumes/SmithL0/2026/BIOL470/Final/Learning_Rig/bee_0408_1_fwd/cam1_2026-04-08_16-24-15.mp4,1571.5,1695.0,1314,1379,1829,2011,0.8176203
350,/Volumes/SmithL0/2026/BIOL470/Final/Learning_Rig/bee_0408_1_fwd/cam1_2026-04-08_16-24-15.mp4,1572.0,1695.0,1314,1380,1830,2010,0.8164872
351,/Volumes/SmithL0/2026/BIOL470/Final/Learning_Rig/bee_0408_1_fwd/cam1_2026-04-08_16-24-15.mp4,1572.5,1696.5,1314,1380,1831,2013,0.8209004
352,/Volumes/SmithL0/2026/BIOL470/Final/Learning_Rig/bee_0408_1_fwd/cam1_2026-04-08_16-24-15.mp4,1572.0,1697.5,1314,1380,1830,2015,0.8223437
353,/Volumes/SmithL0/2026/BIOL470/Final/Learning_Rig/bee_0408_1_fwd/cam1_2026-04-08_16-24-15.mp4,1571.5,1697.5,1314,1379,1829,2016,0.81788474
354,/Volumes/SmithL0/2026/BIOL470/Final/Learning_Rig/bee_0408_1_fwd/cam1_2026-04-08_16-24-15.mp4,1571.5,1696.5,1314,1380,1829,2013,0.8180156
355,/Volumes/SmithL0/2026/BIOL470/Final/Learning_Rig/bee_0408_1_fwd/cam1_2026-04-08_16-24-15.mp4,1571.5,1695.0,1313,1380,1830,2010,0.8243516
356,/Volumes/SmithL0/2026/BIOL470/Final/Learning_Rig/bee_0408_1_fwd/cam1_2026-04-08_16-24-15.mp4,1572.5,1695.5,1315,1380,1830,2011,0.81455344
357,/Volumes/SmithL0/2026/BIOL470/Final/Learning_Rig/bee_0408_1_fwd/cam1_2026-04-08_16-24-15.mp4,1572.0,1695.0,1314,1380,1830,2010,0.8187938
358,/Volumes/SmithL0/2026/BIOL470/Final/Learning_Rig/bee_0408_1_fwd/cam1_2026-04-08_16-24-15.mp4,1572.0,1696.0,1314,1380,1830,2012,0.8188092
359,/Volumes/SmithL0/2026/BIOL470/Final/Learning_Rig/bee_0408_1_fwd/cam1_2026-04-08_16-24-15.mp4,1572.5,1696.0,1314,1380,1831,2012,0.8170999
360,/Volumes/SmithL0/2026/BIOL470/Final/Learning_Rig/bee_0408_1_fwd/cam1_2026-04-08_16-24-15.mp4,1572.5,1697.0,1314,1380,1831,2014,0.8179519
361,/Volumes/SmithL0/2026/BIOL470/Final/Learning_Rig/bee_0408_1_fwd/cam1_2026-04-08_16-24-15.mp4,1571.0,1696.0,1314,1379,1828,2013,0.8184552
362,/Volumes/SmithL0/2026/BIOL470/Final/Learning_Rig/bee_0408_1_fwd/cam1_2026-04-08_16-24-15.mp4,1572.0,1696.0,1314,1380,1830,2012,0.81588835
363,/Volumes/SmithL0/2026/BIOL470/Final/Learning_Rig/bee_0408_1_fwd/cam1_2026-04-08_16-24-15.mp4,1571.0,1696.0,1314,1379,1828,2013,0.81793606
364,/Volumes/SmithL0/2026/BIOL470/Final/Learning_Rig/bee_0408_1_fwd/cam1_2026-04-08_16-24-15.mp4,1571.5,1695.5,1314,1380,1829,2011,0.8174469
365,/Volumes/SmithL0/2026/BIOL470/Final/Learning_Rig/bee_0408_1_fwd/cam1_2026-04-08_16-24-15.mp4,1575.0,1694.0,1316,1377,1834,2011,0.8132183
366,/Volumes/SmithL0/2026/BIOL470/Final/Learning_Rig/bee_0408_1_fwd/cam1_2026-04-08_16-24-15.mp4,1574.0,1695.5,1316,1377,1832,2014,0.81475294
367,/Volumes/SmithL0/2026/BIOL470/Final/Learning_Rig/bee_0408_1_fwd/cam1_2026-04-08_16-24-15.mp4,1575.0,1694.5,1316,1378,1834,2011,0.8133213
368,/Volumes/SmithL0/2026/BIOL470/Final/Learning_Rig/bee_0408_1_fwd/cam1_2026-04-08_16-24-15.mp4,1575.0,1694.5,1316,1378,1834,2011,0.80821407
369,/Volumes/SmithL0/2026/BIOL470/Final/Learning_Rig/bee_0408_1_fwd/cam1_2026-04-08_16-24-15.mp4,1574.5,1695.0,1316,1378,1833,2012,0.8117022
370,/Volumes/SmithL0/2026/BIOL470/Final/Learning_Rig/bee_0408_1_fwd/cam1_2026-04-08_16-24-15.mp4,1576.0,1695.0,1317,1378,1835,2012,0.81352305
371,/Volumes/SmithL0/2026/BIOL470/Final/Learning_Rig/bee_0408_1_fwd/cam1_2026-04-08_16-24-15.mp4,1571.5,1695.0,1315,1380,1828,2010,0.8166995
372,/Volumes/SmithL0/2026/BIOL470/Final/Learning_Rig/bee_0408_1_fwd/cam1_2026-04-08_16-24-15.mp4,1572.0,1695.5,1315,1380,1829,2011,0.8141916
373,/Volumes/SmithL0/2026/BIOL470/Final/Learning_Rig/bee_0408_1_fwd/cam1_2026-04-08_16-24-15.mp4,1572.0,1696.5,1315,1380,1829,2013,0.8183609
374,/Volumes/SmithL0/2026/BIOL470/Final/Learning_Rig/bee_0408_1_fwd/cam1_2026-04-08_16-24-15.mp4,1576.0,1694.0,1317,1377,1835,2011,0.812826
375,/Volumes/SmithL0/2026/BIOL470/Final/Learning_Rig/bee_0408_1_fwd/cam1_2026-04-08_16-24-15.mp4,1576.5,1694.5,1317,1377,1836,2012,0.8138795
376,/Volumes/SmithL0/2026/BIOL470/Final/Learning_Rig/bee_0408_1_fwd/cam1_2026-04-08_16-24-15.mp4,1574.0,1695.5,1316,1380,1832,2011,0.8164577
377,/Volumes/SmithL0/2026/BIOL470/Final/Learning_Rig/bee_0408_1_fwd/cam1_2026-04-08_16-24-15.mp4,1576.0,1695.0,1318,1378,1834,2012,0.81784904
378,/Volumes/SmithL0/2026/BIOL470/Final/Learning_Rig/bee_0408_1_fwd/cam1_2026-04-08_16-24-15.mp4,1575.5,1695.0,1318,1378,1833,2012,0.81529367
379,/Volumes/SmithL0/2026/BIOL470/Final/Learning_Rig/bee_0408_1_fwd/cam1_2026-04-08_16-24-15.mp4,1576.5,1694.0,1318,1377,1835,2011,0.8157427
380,/Volumes/SmithL0/2026/BIOL470/Final/Learning_Rig/bee_0408_1_fwd/cam1_2026-04-08_16-24-15.mp4,1576.5,1693.5,1318,1377,1835,2010,0.8164183
381,/Volumes/SmithL0/2026/BIOL470/Final/Learning_Rig/bee_0408_1_fwd/cam1_2026-04-08_16-24-15.mp4,1571.5,1695.5,1315,1380,1828,2011,0.81832576
382,/Volumes/SmithL0/2026/BIOL470/Final/Learning_Rig/bee_0408_1_fwd/cam1_2026-04-08_16-24-15.mp4,1571.0,1696.0,1314,1380,1828,2012,0.8201818
383,/Volumes/SmithL0/2026/BIOL470/Final/Learning_Rig/bee_0408_1_fwd/cam1_2026-04-08_16-24-15.mp4,1570.5,1695.5,1315,1380,1826,2011,0.81715983
384,/Volumes/SmithL0/2026/BIOL470/Final/Learning_Rig/bee_0408_1_fwd/cam1_2026-04-08_16-24-15.mp4,1570.0,1695.5,1315,1381,1825,2010,0.8198586
385,/Volumes/SmithL0/2026/BIOL470/Final/Learning_Rig/bee_0408_1_fwd/cam1_2026-04-08_16-24-15.mp4,1570.0,1695.5,1315,1380,1825,2011,0.8178604
386,/Volumes/SmithL0/2026/BIOL470/Final/Learning_Rig/bee_0408_1_fwd/cam1_2026-04-08_16-24-15.mp4,1570.5,1696.0,1315,1380,1826,2012,0.8188355
387,/Volumes/SmithL0/2026/BIOL470/Final/Learning_Rig/bee_0408_1_fwd/cam1_2026-04-08_16-24-15.mp4,1570.5,1695.0,1314,1380,1827,2010,0.81911665
388,/Volumes/SmithL0/2026/BIOL470/Final/Learning_Rig/bee_0408_1_fwd/cam1_2026-04-08_16-24-15.mp4,1570.5,1696.5,1315,1380,1826,2013,0.81514883
389,/Volumes/SmithL0/2026/BIOL470/Final/Learning_Rig/bee_0408_1_fwd/cam1_2026-04-08_16-24-15.mp4,1570.0,1695.5,1315,1380,1825,2011,0.8140461
390,/Volumes/SmithL0/2026/BIOL470/Final/Learning_Rig/bee_0408_1_fwd/cam1_2026-04-08_16-24-15.mp4,1571.0,1695.5,1315,1380,1827,2011,0.81409466
391,/Volumes/SmithL0/2026/BIOL470/Final/Learning_Rig/bee_0408_1_fwd/cam1_2026-04-08_16-24-15.mp4,1574.0,1694.5,1317,1377,1831,2012,0.81407183
392,/Volumes/SmithL0/2026/BIOL470/Final/Learning_Rig/bee_0408_1_fwd/cam1_2026-04-08_16-24-15.mp4,1574.0,1693.0,1317,1377,1831,2009,0.8142632
393,/Volumes/SmithL0/2026/BIOL470/Final/Learning_Rig/bee_0408_1_fwd/cam1_2026-04-08_16-24-15.mp4,1573.5,1693.0,1317,1377,1830,2009,0.8157219
394,/Volumes/SmithL0/2026/BIOL470/Final/Learning_Rig/bee_0408_1_fwd/cam1_2026-04-08_16-24-15.mp4,1573.5,1694.0,1317,1377,1830,2011,0.8161108
395,/Volumes/SmithL0/2026/BIOL470/Final/Learning_Rig/bee_0408_1_fwd/cam1_2026-04-08_16-24-15.mp4,1570.0,1695.5,1314,1379,1826,2012,0.81836116
396,/Volumes/SmithL0/2026/BIOL470/Final/Learning_Rig/bee_0408_1_fwd/cam1_2026-04-08_16-24-15.mp4,1571.0,1694.5,1315,1380,1827,2009,0.8174949
397,/Volumes/SmithL0/2026/BIOL470/Final/Learning_Rig/bee_0408_1_fwd/cam1_2026-04-08_16-24-15.mp4,1574.5,1693.5,1317,1377,1832,2010,0.8176083
398,/Volumes/SmithL0/2026/BIOL470/Final/Learning_Rig/bee_0408_1_fwd/cam1_2026-04-08_16-24-15.mp4,1570.5,1695.0,1314,1380,1827,2010,0.82014084
399,/Volumes/SmithL0/2026/BIOL470/Final/Learning_Rig/bee_0408_1_fwd/cam1_2026-04-08_16-24-15.mp4,1570.5,1695.0,1315,1380,1826,2010,0.82004
400,/Volumes/SmithL0/2026/BIOL470/Final/Learning_Rig/bee_0408_1_fwd/cam1_2026-04-08_16-24-15.mp4,1570.0,1694.5,1315,1379,1825,2010,0.8187158
401,/Volumes/SmithL0/2026/BIOL470/Final/Learning_Rig/bee_0408_1_fwd/cam1_2026-04-08_16-24-15.mp4,1569.5,1695.0,1315,1379,1824,2011,0.81935906
402,/Volumes/SmithL0/2026/BIOL470/Final/Learning_Rig/bee_0408_1_fwd/cam1_2026-04-08_16-24-15.mp4,1569.5,1696.0,1315,1379,1824,2013,0.8193035
403,/Volumes/SmithL0/2026/BIOL470/Final/Learning_Rig/bee_0408_1_fwd/cam1_2026-04-08_16-24-15.mp4,1570.5,1696.5,1315,1379,1826,2014,0.81849086
404,/Volumes/SmithL0/2026/BIOL470/Final/Learning_Rig/bee_0408_1_fwd/cam1_2026-04-08_16-24-15.mp4,1574.5,1694.0,1318,1376,1831,2012,0.81529397
405,/Volumes/SmithL0/2026/BIOL470/Final/Learning_Rig/bee_0408_1_fwd/cam1_2026-04-08_16-24-15.mp4,1574.0,1693.5,1318,1376,1830,2011,0.81547445
406,/Volumes/SmithL0/2026/BIOL470/Final/Learning_Rig/bee_0408_1_fwd/cam1_2026-04-08_16-24-15.mp4,1574.5,1693.5,1318,1376,1831,2011,0.8144018
407,/Volumes/SmithL0/2026/BIOL470/Final/Learning_Rig/bee_0408_1_fwd/cam1_2026-04-08_16-24-15.mp4,1574.0,1692.5,1318,1375,1830,2010,0.8142471
408,/Volumes/SmithL0/2026/BIOL470/Final/Learning_Rig/bee_0408_1_fwd/cam1_2026-04-08_16-24-15.mp4,1574.5,1693.0,1318,1376,1831,2010,0.8138877
409,/Volumes/SmithL0/2026/BIOL470/Final/Learning_Rig/bee_0408_1_fwd/cam1_2026-04-08_16-24-15.mp4,1574.0,1692.5,1318,1376,1830,2009,0.8161502
410,/Volumes/SmithL0/2026/BIOL470/Final/Learning_Rig/bee_0408_1_fwd/cam1_2026-04-08_16-24-15.mp4,1575.0,1692.0,1318,1376,1832,2008,0.8148778
411,/Volumes/SmithL0/2026/BIOL470/Final/Learning_Rig/bee_0408_1_fwd/cam1_2026-04-08_16-24-15.mp4,1574.5,1692.5,1318,1376,1831,2009,0.8165621
412,/Volumes/SmithL0/2026/BIOL470/Final/Learning_Rig/bee_0408_1_fwd/cam1_2026-04-08_16-24-15.mp4,1570.5,1694.0,1316,1379,1825,2009,0.81813294
413,/Volumes/SmithL0/2026/BIOL470/Final/Learning_Rig/bee_0408_1_fwd/cam1_2026-04-08_16-24-15.mp4,1573.5,1692.0,1318,1375,1829,2009,0.8166915
414,/Volumes/SmithL0/2026/BIOL470/Final/Learning_Rig/bee_0408_1_fwd/cam1_2026-04-08_16-24-15.mp4,1569.0,1694.0,1315,1379,1823,2009,0.8200849
415,/Volumes/SmithL0/2026/BIOL470/Final/Learning_Rig/bee_0408_1_fwd/cam1_2026-04-08_16-24-15.mp4,1571.0,1693.0,1315,1378,1827,2008,0.8142036
416,/Volumes/SmithL0/2026/BIOL470/Final/Learning_Rig/bee_0408_1_fwd/cam1_2026-04-08_16-24-15.mp4,1570.0,1695.0,1315,1379,1825,2011,0.81770176
417,/Volumes/SmithL0/2026/BIOL470/Final/Learning_Rig/bee_0408_1_fwd/cam1_2026-04-08_16-24-15.mp4,1571.0,1694.0,1315,1378,1827,2010,0.8176495
418,/Volumes/SmithL0/2026/BIOL470/Final/Learning_Rig/bee_0408_1_fwd/cam1_2026-04-08_16-24-15.mp4,1570.5,1693.5,1315,1378,1826,2009,0.81449
419,/Volumes/SmithL0/2026/BIOL470/Final/Learning_Rig/bee_0408_1_fwd/cam1_2026-04-08_16-24-15.mp4,1574.0,1691.5,1318,1375,1830,2008,0.8152357
420,/Volumes/SmithL0/2026/BIOL470/Final/Learning_Rig/bee_0408_1_fwd/cam1_2026-04-08_16-24-15.mp4,1573.0,1692.0,1317,1376,1829,2008,0.815739
421,/Volumes/SmithL0/2026/BIOL470/Final/Learning_Rig/bee_0408_1_fwd/cam1_2026-04-08_16-24-15.mp4,1574.0,1692.5,1318,1376,1830,2009,0.8136175
422,/Volumes/SmithL0/2026/BIOL470/Final/Learning_Rig/bee_0408_1_fwd/cam1_2026-04-08_16-24-15.mp4,1569.5,1694.0,1315,1378,1824,2010,0.8146828
423,/Volumes/SmithL0/2026/BIOL470/Final/Learning_Rig/bee_0408_1_fwd/cam1_2026-04-08_16-24-15.mp4,1574.0,1693.0,1318,1376,1830,2010,0.8148243
424,/Volumes/SmithL0/2026/BIOL470/Final/Learning_Rig/bee_0408_1_fwd/cam1_2026-04-08_16-24-15.mp4,1573.5,1692.5,1318,1376,1829,2009,0.8164054
425,/Volumes/SmithL0/2026/BIOL470/Final/Learning_Rig/bee_0408_1_fwd/cam1_2026-04-08_16-24-15.mp4,1574.0,1693.0,1318,1376,1830,2010,0.8137185
426,/Volumes/SmithL0/2026/BIOL470/Final/Learning_Rig/bee_0408_1_fwd/cam1_2026-04-08_16-24-15.mp4,1575.0,1691.0,1318,1375,1832,2007,0.81481314
427,/Volumes/SmithL0/2026/BIOL470/Final/Learning_Rig/bee_0408_1_fwd/cam1_2026-04-08_16-24-15.mp4,1574.5,1692.0,1318,1375,1831,2009,0.8113503
428,/Volumes/SmithL0/2026/BIOL470/Final/Learning_Rig/bee_0408_1_fwd/cam1_2026-04-08_16-24-15.mp4,1574.0,1692.5,1318,1376,1830,2009,0.81406754
429,/Volumes/SmithL0/2026/BIOL470/Final/Learning_Rig/bee_0408_1_fwd/cam1_2026-04-08_16-24-15.mp4,1574.0,1693.0,1318,1376,1830,2010,0.81298715
430,/Volumes/SmithL0/2026/BIOL470/Final/Learning_Rig/bee_0408_1_fwd/cam1_2026-04-08_16-24-15.mp4,1574.5,1692.5,1318,1376,1831,2009,0.81351835
431,/Volumes/SmithL0/2026/BIOL470/Final/Learning_Rig/bee_0408_1_fwd/cam1_2026-04-08_16-24-15.mp4,1570.5,1695.0,1315,1379,1826,2011,0.8163295
432,/Volumes/SmithL0/2026/BIOL470/Final/Learning_Rig/bee_0408_1_fwd/cam1_2026-04-08_16-24-15.mp4,1571.0,1695.5,1316,1378,1826,2013,0.8160114
433,/Volumes/SmithL0/2026/BIOL470/Final/Learning_Rig/bee_0408_1_fwd/cam1_2026-04-08_16-24-15.mp4,1573.5,1693.0,1318,1376,1829,2010,0.81451446
434,/Volumes/SmithL0/2026/BIOL470/Final/Learning_Rig/bee_0408_1_fwd/cam1_2026-04-08_16-24-15.mp4,1573.5,1693.0,1318,1376,1829,2010,0.8161303
435,/Volumes/SmithL0/2026/BIOL470/Final/Learning_Rig/bee_0408_1_fwd/cam1_2026-04-08_16-24-15.mp4,1571.0,1694.5,1316,1378,1826,2011,0.815444
436,/Volumes/SmithL0/2026/BIOL470/Final/Learning_Rig/bee_0408_1_fwd/cam1_2026-04-08_16-24-15.mp4,1571.0,1694.5,1316,1379,1826,2010,0.81556785
437,/Volumes/SmithL0/2026/BIOL470/Final/Learning_Rig/bee_0408_1_fwd/cam1_2026-04-08_16-24-15.mp4,1570.5,1694.0,1316,1379,1825,2009,0.817969
438,/Volumes/SmithL0/2026/BIOL470/Final/Learning_Rig/bee_0408_1_fwd/cam1_2026-04-08_16-24-15.mp4,1571.0,1694.0,1315,1379,1827,2009,0.8173747
439,/Volumes/SmithL0/2026/BIOL470/Final/Learning_Rig/bee_0408_1_fwd/cam1_2026-04-08_16-24-15.mp4,1572.0,1694.5,1316,1379,1828,2010,0.8172465
440,/Volumes/SmithL0/2026/BIOL470/Final/Learning_Rig/bee_0408_1_fwd/cam1_2026-04-08_16-24-15.mp4,1575.0,1693.0,1318,1375,1832,2011,0.81456405
441,/Volumes/SmithL0/2026/BIOL470/Final/Learning_Rig/bee_0408_1_fwd/cam1_2026-04-08_16-24-15.mp4,1571.5,1694.0,1316,1378,1827,2010,0.81586164
442,/Volumes/SmithL0/2026/BIOL470/Final/Learning_Rig/bee_0408_1_fwd/cam1_2026-04-08_16-24-15.mp4,1572.5,1694.5,1317,1378,1828,2011,0.8179604
443,/Volumes/SmithL0/2026/BIOL470/Final/Learning_Rig/bee_0408_1_fwd/cam1_2026-04-08_16-24-15.mp4,1575.5,1692.5,1318,1375,1833,2010,0.8147824
444,/Volumes/SmithL0/2026/BIOL470/Final/Learning_Rig/bee_0408_1_fwd/cam1_2026-04-08_16-24-15.mp4,1574.5,1693.0,1318,1375,1831,2011,0.81515133
445,/Volumes/SmithL0/2026/BIOL470/Final/Learning_Rig/bee_0408_1_fwd/cam1_2026-04-08_16-24-15.mp4,1574.5,1693.0,1318,1375,1831,2011,0.81405616
446,/Volumes/SmithL0/2026/BIOL470/Final/Learning_Rig/bee_0408_1_fwd/cam1_2026-04-08_16-24-15.mp4,1574.5,1693.5,1319,1375,1830,2012,0.8128522
447,/Volumes/SmithL0/2026/BIOL470/Final/Learning_Rig/bee_0408_1_fwd/cam1_2026-04-08_16-24-15.mp4,1574.0,1693.0,1318,1375,1830,2011,0.8133322
448,/Volumes/SmithL0/2026/BIOL470/Final/Learning_Rig/bee_0408_1_fwd/cam1_2026-04-08_16-24-15.mp4,1571.0,1695.5,1316,1378,1826,2013,0.8250676
449,/Volumes/SmithL0/2026/BIOL470/Final/Learning_Rig/bee_0408_1_fwd/cam1_2026-04-08_16-24-15.mp4,1571.5,1693.5,1316,1377,1827,2010,0.82377183
450,/Volumes/SmithL0/2026/BIOL470/Final/Learning_Rig/bee_0408_1_fwd/cam1_2026-04-08_16-24-15.mp4,1572.0,1693.5,1316,1376,1828,2011,0.817858
451,/Volumes/SmithL0/2026/BIOL470/Final/Learning_Rig/bee_0408_1_fwd/cam1_2026-04-08_16-24-15.mp4,1571.5,1694.0,1316,1377,1827,2011,0.8188982
452,/Volumes/SmithL0/2026/BIOL470/Final/Learning_Rig/bee_0408_1_fwd/cam1_2026-04-08_16-24-15.mp4,1569.5,1694.5,1316,1377,1823,2012,0.81694525
453,/Volumes/SmithL0/2026/BIOL470/Final/Learning_Rig/bee_0408_1_fwd/cam1_2026-04-08_16-24-15.mp4,1569.5,1695.0,1316,1377,1823,2013,0.8166154
454,/Volumes/SmithL0/2026/BIOL470/Final/Learning_Rig/bee_0408_1_fwd/cam1_2026-04-08_16-24-15.mp4,1573.5,1693.5,1318,1375,1829,2012,0.8136819
455,/Volumes/SmithL0/2026/BIOL470/Final/Learning_Rig/bee_0408_1_fwd/cam1_2026-04-08_16-24-15.mp4,1574.0,1693.5,1317,1375,1831,2012,0.8136732
456,/Volumes/SmithL0/2026/BIOL470/Final/Learning_Rig/bee_0408_1_fwd/cam1_2026-04-08_16-24-15.mp4,1573.5,1694.5,1317,1374,1830,2015,0.8134933
457,/Volumes/SmithL0/2026/BIOL470/Final/Learning_Rig/bee_0408_1_fwd/cam1_2026-04-08_16-24-15.mp4,1573.0,1695.0,1317,1374,1829,2016,0.8147042
458,/Volumes/SmithL0/2026/BIOL470/Final/Learning_Rig/bee_0408_1_fwd/cam1_2026-04-08_16-24-15.mp4,1573.5,1694.5,1318,1375,1829,2014,0.8134655
459,/Volumes/SmithL0/2026/BIOL470/Final/Learning_Rig/bee_0408_1_fwd/cam1_2026-04-08_16-24-15.mp4,1573.5,1693.5,1318,1374,1829,2013,0.8144433
460,/Volumes/SmithL0/2026/BIOL470/Final/Learning_Rig/bee_0408_1_fwd/cam1_2026-04-08_16-24-15.mp4,1573.5,1694.0,1318,1375,1829,2013,0.8158976
461,/Volumes/SmithL0/2026/BIOL470/Final/Learning_Rig/bee_0408_1_fwd/cam1_2026-04-08_16-24-15.mp4,1572.5,1694.5,1317,1375,1828,2014,0.8138809
462,/Volumes/SmithL0/2026/BIOL470/Final/Learning_Rig/bee_0408_1_fwd/cam1_2026-04-08_16-24-15.mp4,1573.0,1694.0,1317,1374,1829,2014,0.8142313
463,/Volumes/SmithL0/2026/BIOL470/Final/Learning_Rig/bee_0408_1_fwd/cam1_2026-04-08_16-24-15.mp4,1571.0,1694.5,1315,1377,1827,2012,0.8187585
464,/Volumes/SmithL0/2026/BIOL470/Final/Learning_Rig/bee_0408_1_fwd/cam1_2026-04-08_16-24-15.mp4,1570.5,1696.0,1316,1377,1825,2015,0.8168092
465,/Volumes/SmithL0/2026/BIOL470/Final/Learning_Rig/bee_0408_1_fwd/cam1_2026-04-08_16-24-15.mp4,1570.0,1696.5,1316,1378,1824,2015,0.81743526
466,/Volumes/SmithL0/2026/BIOL470/Final/Learning_Rig/bee_0408_1_fwd/cam1_2026-04-08_16-24-15.mp4,1570.0,1696.5,1315,1378,1825,2015,0.8217805
467,/Volumes/SmithL0/2026/BIOL470/Final/Learning_Rig/bee_0408_1_fwd/cam1_2026-04-08_16-24-15.mp4,1571.5,1695.0,1316,1377,1827,2013,0.81663007
468,/Volumes/SmithL0/2026/BIOL470/Final/Learning_Rig/bee_0408_1_fwd/cam1_2026-04-08_16-24-15.mp4,1570.5,1696.5,1315,1378,1826,2015,0.82180005
469,/Volumes/SmithL0/2026/BIOL470/Final/Learning_Rig/bee_0408_1_fwd/cam1_2026-04-08_16-24-15.mp4,1574.5,1693.5,1317,1375,1832,2012,0.81203145
470,/Volumes/SmithL0/2026/BIOL470/Final/Learning_Rig/bee_0408_1_fwd/cam1_2026-04-08_16-24-15.mp4,1571.5,1695.0,1315,1378,1828,2012,0.8128757
471,/Volumes/SmithL0/2026/BIOL470/Final/Learning_Rig/bee_0408_1_fwd/cam1_2026-04-08_16-24-15.mp4,1574.5,1692.5,1318,1375,1831,2010,0.8132631
472,/Volumes/SmithL0/2026/BIOL470/Final/Learning_Rig/bee_0408_1_fwd/cam1_2026-04-08_16-24-15.mp4,1574.0,1693.0,1318,1375,1830,2011,0.8111614
473,/Volumes/SmithL0/2026/BIOL470/Final/Learning_Rig/bee_0408_1_fwd/cam1_2026-04-08_16-24-15.mp4,1569.5,1694.0,1315,1377,1824,2011,0.8163617
474,/Volumes/SmithL0/2026/BIOL470/Final/Learning_Rig/bee_0408_1_fwd/cam1_2026-04-08_16-24-15.mp4,1570.5,1694.0,1316,1377,1825,2011,0.81606454
475,/Volumes/SmithL0/2026/BIOL470/Final/Learning_Rig/bee_0408_1_fwd/cam1_2026-04-08_16-24-15.mp4,1570.0,1695.0,1316,1377,1824,2013,0.8182186
476,/Volumes/SmithL0/2026/BIOL470/Final/Learning_Rig/bee_0408_1_fwd/cam1_2026-04-08_16-24-15.mp4,1571.0,1694.5,1316,1377,1826,2012,0.8150575
477,/Volumes/SmithL0/2026/BIOL470/Final/Learning_Rig/bee_0408_1_fwd/cam1_2026-04-08_16-24-15.mp4,1575.0,1692.5,1318,1374,1832,2011,0.81434053
478,/Volumes/SmithL0/2026/BIOL470/Final/Learning_Rig/bee_0408_1_fwd/cam1_2026-04-08_16-24-15.mp4,1570.5,1694.0,1316,1377,1825,2011,0.8165433
479,/Volumes/SmithL0/2026/BIOL470/Final/Learning_Rig/bee_0408_1_fwd/cam1_2026-04-08_16-24-15.mp4,1570.0,1694.0,1315,1376,1825,2012,0.818887
480,/Volumes/SmithL0/2026/BIOL470/Final/Learning_Rig/bee_0408_1_fwd/cam1_2026-04-08_16-24-15.mp4,1573.5,1693.0,1318,1374,1829,2012,0.81314
481,/Volumes/SmithL0/2026/BIOL470/Final/Learning_Rig/bee_0408_1_fwd/cam1_2026-04-08_16-24-15.mp4,1573.0,1691.0,1318,1372,1828,2010,0.81234646
482,/Volumes/SmithL0/2026/BIOL470/Final/Learning_Rig/bee_0408_1_fwd/cam1_2026-04-08_16-24-15.mp4,1573.5,1690.5,1318,1372,1829,2009,0.81345624
483,/Volumes/SmithL0/2026/BIOL470/Final/Learning_Rig/bee_0408_1_fwd/cam1_2026-04-08_16-24-15.mp4,1570.0,1692.0,1316,1375,1824,2009,0.8155303
484,/Volumes/SmithL0/2026/BIOL470/Final/Learning_Rig/bee_0408_1_fwd/cam1_2026-04-08_16-24-15.mp4,1569.5,1691.5,1316,1375,1823,2008,0.8128088
485,/Volumes/SmithL0/2026/BIOL470/Final/Learning_Rig/bee_0408_1_fwd/cam1_2026-04-08_16-24-15.mp4,1573.5,1691.0,1317,1373,1830,2009,0.8122232
486,/Volumes/SmithL0/2026/BIOL470/Final/Learning_Rig/bee_0408_1_fwd/cam1_2026-04-08_16-24-15.mp4,1569.5,1693.0,1315,1376,1824,2010,0.81663144
487,/Volumes/SmithL0/2026/BIOL470/Final/Learning_Rig/bee_0408_1_fwd/cam1_2026-04-08_16-24-15.mp4,1570.0,1692.5,1315,1376,1825,2009,0.81469375
488,/Volumes/SmithL0/2026/BIOL470/Final/Learning_Rig/bee_0408_1_fwd/cam1_2026-04-08_16-24-15.mp4,1570.0,1694.0,1316,1377,1824,2011,0.81371397
489,/Volumes/SmithL0/2026/BIOL470/Final/Learning_Rig/bee_0408_1_fwd/cam1_2026-04-08_16-24-15.mp4,1574.5,1693.5,1318,1375,1831,2012,0.8119997
490,/Volumes/SmithL0/2026/BIOL470/Final/Learning_Rig/bee_0408_1_fwd/cam1_2026-04-08_16-24-15.mp4,1574.5,1693.0,1318,1375,1831,2011,0.8131998
491,/Volumes/SmithL0/2026/BIOL470/Final/Learning_Rig/bee_0408_1_fwd/cam1_2026-04-08_16-24-15.mp4,1572.0,1693.5,1316,1377,1828,2010,0.8146138
492,/Volumes/SmithL0/2026/BIOL470/Final/Learning_Rig/bee_0408_1_fwd/cam1_2026-04-08_16-24-15.mp4,1572.0,1694.5,1315,1377,1829,2012,0.81641763
493,/Volumes/SmithL0/2026/BIOL470/Final/Learning_Rig/bee_0408_1_fwd/cam1_2026-04-08_16-24-15.mp4,1571.5,1694.0,1315,1378,1828,2010,0.81676096
494,/Volumes/SmithL0/2026/BIOL470/Final/Learning_Rig/bee_0408_1_fwd/cam1_2026-04-08_16-24-15.mp4,1571.0,1693.5,1316,1378,1826,2009,0.81653804
495,/Volumes/SmithL0/2026/BIOL470/Final/Learning_Rig/bee_0408_1_fwd/cam1_2026-04-08_16-24-15.mp4,1570.5,1695.0,1315,1378,1826,2012,0.8173675
496,/Volumes/SmithL0/2026/BIOL470/Final/Learning_Rig/bee_0408_1_fwd/cam1_2026-04-08_16-24-15.mp4,1570.0,1694.0,1315,1378,1825,2010,0.8192128
497,/Volumes/SmithL0/2026/BIOL470/Final/Learning_Rig/bee_0408_1_fwd/cam1_2026-04-08_16-24-15.mp4,1571.0,1694.0,1316,1377,1826,2011,0.8147673
498,/Volumes/SmithL0/2026/BIOL470/Final/Learning_Rig/bee_0408_1_fwd/cam1_2026-04-08_16-24-15.mp4,1571.5,1694.5,1315,1376,1828,2013,0.8168503
499,/Volumes/SmithL0/2026/BIOL470/Final/Learning_Rig/bee_0408_1_fwd/cam1_2026-04-08_16-24-15.mp4,1570.0,1695.0,1315,1377,1825,2013,0.8228002
500,/Volumes/SmithL0/2026/BIOL470/Final/Learning_Rig/bee_0408_1_fwd/cam1_2026-04-08_16-24-15.mp4,1570.0,1695.0,1315,1377,1825,2013,0.8213356
501,/Volumes/SmithL0/2026/BIOL470/Final/Learning_Rig/bee_0408_1_fwd/cam1_2026-04-08_16-24-15.mp4,1570.5,1695.0,1316,1377,1825,2013,0.8144694
502,/Volumes/SmithL0/2026/BIOL470/Final/Learning_Rig/bee_0408_1_fwd/cam1_2026-04-08_16-24-15.mp4,1571.0,1695.0,1316,1377,1826,2013,0.81604695
503,/Volumes/SmithL0/2026/BIOL470/Final/Learning_Rig/bee_0408_1_fwd/cam1_2026-04-08_16-24-15.mp4,1574.5,1693.0,1318,1375,1831,2011,0.81207246
504,/Volumes/SmithL0/2026/BIOL470/Final/Learning_Rig/bee_0408_1_fwd/cam1_2026-04-08_16-24-15.mp4,1575.0,1693.5,1317,1375,1833,2012,0.81320274
505,/Volumes/SmithL0/2026/BIOL470/Final/Learning_Rig/bee_0408_1_fwd/cam1_2026-04-08_16-24-15.mp4,1574.0,1692.5,1318,1375,1830,2010,0.81094193
506,/Volumes/SmithL0/2026/BIOL470/Final/Learning_Rig/bee_0408_1_fwd/cam1_2026-04-08_16-24-15.mp4,1575.0,1693.0,1317,1375,1833,2011,0.8129922
507,/Volumes/SmithL0/2026/BIOL470/Final/Learning_Rig/bee_0408_1_fwd/cam1_2026-04-08_16-24-15.mp4,1571.0,1693.0,1316,1377,1826,2009,0.8114771
508,/Volumes/SmithL0/2026/BIOL470/Final/Learning_Rig/bee_0408_1_fwd/cam1_2026-04-08_16-24-15.mp4,1571.5,1694.5,1315,1379,1828,2010,0.8243163
509,/Volumes/SmithL0/2026/BIOL470/Final/Learning_Rig/bee_0408_1_fwd/cam1_2026-04-08_16-24-15.mp4,1571.5,1695.0,1315,1378,1828,2012,0.8195536
510,/Volumes/SmithL0/2026/BIOL470/Final/Learning_Rig/bee_0408_1_fwd/cam1_2026-04-08_16-24-15.mp4,1569.5,1695.0,1316,1377,1823,2013,0.81572443
511,/Volumes/SmithL0/2026/BIOL470/Final/Learning_Rig/bee_0408_1_fwd/cam1_2026-04-08_16-24-15.mp4,1572.5,1693.5,1318,1375,1827,2012,0.8145066
512,/Volumes/SmithL0/2026/BIOL470/Final/Learning_Rig/bee_0408_1_fwd/cam1_2026-04-08_16-24-15.mp4,1573.5,1694.0,1317,1375,1830,2013,0.81450206
513,/Volumes/SmithL0/2026/BIOL470/Final/Learning_Rig/bee_0408_1_fwd/cam1_2026-04-08_16-24-15.mp4,1570.5,1695.5,1315,1378,1826,2013,0.81497836
514,/Volumes/SmithL0/2026/BIOL470/Final/Learning_Rig/bee_0408_1_fwd/cam1_2026-04-08_16-24-15.mp4,1571.5,1695.0,1315,1377,1828,2013,0.817213
515,/Volumes/SmithL0/2026/BIOL470/Final/Learning_Rig/bee_0408_1_fwd/cam1_2026-04-08_16-24-15.mp4,1569.0,1695.5,1314,1377,1824,2014,0.8245862
516,/Volumes/SmithL0/2026/BIOL470/Final/Learning_Rig/bee_0408_1_fwd/cam1_2026-04-08_16-24-15.mp4,1569.0,1695.5,1314,1378,1824,2013,0.82492495
517,/Volumes/SmithL0/2026/BIOL470/Final/Learning_Rig/bee_0408_1_fwd/cam1_2026-04-08_16-24-15.mp4,1569.5,1696.0,1315,1378,1824,2014,0.8223801
518,/Volumes/SmithL0/2026/BIOL470/Final/Learning_Rig/bee_0408_1_fwd/cam1_2026-04-08_16-24-15.mp4,1569.0,1695.5,1315,1377,1823,2014,0.8224533
519,/Volumes/SmithL0/2026/BIOL470/Final/Learning_Rig/bee_0408_1_fwd/cam1_2026-04-08_16-24-15.mp4,1570.0,1695.0,1316,1377,1824,2013,0.816925
520,/Volumes/SmithL0/2026/BIOL470/Final/Learning_Rig/bee_0408_1_fwd/cam1_2026-04-08_16-24-15.mp4,1571.0,1694.5,1316,1377,1826,2012,0.8152696
521,/Volumes/SmithL0/2026/BIOL470/Final/Learning_Rig/bee_0408_1_fwd/cam1_2026-04-08_16-24-15.mp4,1570.0,1696.5,1315,1378,1825,2015,0.81660086
522,/Volumes/SmithL0/2026/BIOL470/Final/Learning_Rig/bee_0408_1_fwd/cam1_2026-04-08_16-24-15.mp4,1571.0,1695.0,1315,1377,1827,2013,0.81423897
523,/Volumes/SmithL0/2026/BIOL470/Final/Learning_Rig/bee_0408_1_fwd/cam1_2026-04-08_16-24-15.mp4,1571.0,1694.0,1315,1377,1827,2011,0.81562036
524,/Volumes/SmithL0/2026/BIOL470/Final/Learning_Rig/bee_0408_1_fwd/cam1_2026-04-08_16-24-15.mp4,1571.0,1694.0,1315,1377,1827,2011,0.8150591
525,/Volumes/SmithL0/2026/BIOL470/Final/Learning_Rig/bee_0408_1_fwd/cam1_2026-04-08_16-24-15.mp4,1570.5,1694.5,1315,1377,1826,2012,0.8146905
526,/Volumes/SmithL0/2026/BIOL470/Final/Learning_Rig/bee_0408_1_fwd/cam1_2026-04-08_16-24-15.mp4,1570.5,1695.0,1315,1377,1826,2013,0.8143552
527,/Volumes/SmithL0/2026/BIOL470/Final/Learning_Rig/bee_0408_1_fwd/cam1_2026-04-08_16-24-15.mp4,1574.0,1692.5,1317,1374,1831,2011,0.810723
528,/Volumes/SmithL0/2026/BIOL470/Final/Learning_Rig/bee_0408_1_fwd/cam1_2026-04-08_16-24-15.mp4,1575.0,1692.5,1317,1375,1833,2010,0.81071043
529,/Volumes/SmithL0/2026/BIOL470/Final/Learning_Rig/bee_0408_1_fwd/cam1_2026-04-08_16-24-15.mp4,1571.0,1694.5,1315,1377,1827,2012,0.8143043
530,/Volumes/SmithL0/2026/BIOL470/Final/Learning_Rig/bee_0408_1_fwd/cam1_2026-04-08_16-24-15.mp4,1569.5,1695.0,1315,1377,1824,2013,0.81945366
531,/Volumes/SmithL0/2026/BIOL470/Final/Learning_Rig/bee_0408_1_fwd/cam1_2026-04-08_16-24-15.mp4,1570.0,1694.0,1315,1377,1825,2011,0.8184106
532,/Volumes/SmithL0/2026/BIOL470/Final/Learning_Rig/bee_0408_1_fwd/cam1_2026-04-08_16-24-15.mp4,1570.0,1695.0,1314,1377,1826,2013,0.81917465
533,/Volumes/SmithL0/2026/BIOL470/Final/Learning_Rig/bee_0408_1_fwd/cam1_2026-04-08_16-24-15.mp4,1570.0,1694.0,1315,1377,1825,2011,0.8154855
534,/Volumes/SmithL0/2026/BIOL470/Final/Learning_Rig/bee_0408_1_fwd/cam1_2026-04-08_16-24-15.mp4,1570.0,1694.0,1315,1377,1825,2011,0.8162302
535,/Volumes/SmithL0/2026/BIOL470/Final/Learning_Rig/bee_0408_1_fwd/cam1_2026-04-08_16-24-15.mp4,1574.5,1693.0,1317,1375,1832,2011,0.81308395
536,/Volumes/SmithL0/2026/BIOL470/Final/Learning_Rig/bee_0408_1_fwd/cam1_2026-04-08_16-24-15.mp4,1570.5,1694.0,1315,1378,1826,2010,0.81444234
537,/Volumes/SmithL0/2026/BIOL470/Final/Learning_Rig/bee_0408_1_fwd/cam1_2026-04-08_16-24-15.mp4,1576.0,1693.0,1317,1375,1835,2011,0.80892193
538,/Volumes/SmithL0/2026/BIOL470/Final/Learning_Rig/bee_0408_1_fwd/cam1_2026-04-08_16-24-15.mp4,1575.0,1691.5,1317,1374,1833,2009,0.8105575
539,/Volumes/SmithL0/2026/BIOL470/Final/Learning_Rig/bee_0408_1_fwd/cam1_2026-04-08_16-24-15.mp4,1575.0,1693.0,1317,1375,1833,2011,0.80940604
540,/Volumes/SmithL0/2026/BIOL470/Final/Learning_Rig/bee_0408_1_fwd/cam1_2026-04-08_16-24-15.mp4,1574.0,1693.0,1318,1375,1830,2011,0.81361204
541,/Volumes/SmithL0/2026/BIOL470/Final/Learning_Rig/bee_0408_1_fwd/cam1_2026-04-08_16-24-15.mp4,1570.5,1694.0,1316,1377,1825,2011,0.81699306
542,/Volumes/SmithL0/2026/BIOL470/Final/Learning_Rig/bee_0408_1_fwd/cam1_2026-04-08_16-24-15.mp4,1570.5,1694.0,1316,1378,1825,2010,0.816989
543,/Volumes/SmithL0/2026/BIOL470/Final/Learning_Rig/bee_0408_1_fwd/cam1_2026-04-08_16-24-15.mp4,1574.5,1693.0,1318,1375,1831,2011,0.8161299
544,/Volumes/SmithL0/2026/BIOL470/Final/Learning_Rig/bee_0408_1_fwd/cam1_2026-04-08_16-24-15.mp4,1571.0,1694.5,1316,1378,1826,2011,0.8173833
545,/Volumes/SmithL0/2026/BIOL470/Final/Learning_Rig/bee_0408_1_fwd/cam1_2026-04-08_16-24-15.mp4,1573.0,1692.5,1318,1374,1828,2011,0.8154889
546,/Volumes/SmithL0/2026/BIOL470/Final/Learning_Rig/bee_0408_1_fwd/cam1_2026-04-08_16-24-15.mp4,1568.5,1694.5,1316,1376,1821,2013,0.814797
547,/Volumes/SmithL0/2026/BIOL470/Final/Learning_Rig/bee_0408_1_fwd/cam1_2026-04-08_16-24-15.mp4,1570.0,1694.0,1316,1377,1824,2011,0.81402236
548,/Volumes/SmithL0/2026/BIOL470/Final/Learning_Rig/bee_0408_1_fwd/cam1_2026-04-08_16-24-15.mp4,1573.0,1693.0,1317,1374,1829,2012,0.8132906
549,/Volumes/SmithL0/2026/BIOL470/Final/Learning_Rig/bee_0408_1_fwd/cam1_2026-04-08_16-24-15.mp4,1574.5,1693.0,1318,1375,1831,2011,0.81351525
550,/Volumes/SmithL0/2026/BIOL470/Final/Learning_Rig/bee_0408_1_fwd/cam1_2026-04-08_16-24-15.mp4,1574.5,1692.5,1318,1375,1831,2010,0.8141534
551,/Volumes/SmithL0/2026/BIOL470/Final/Learning_Rig/bee_0408_1_fwd/cam1_2026-04-08_16-24-15.mp4,1571.0,1694.0,1315,1378,1827,2010,0.81865925
552,/Volumes/SmithL0/2026/BIOL470/Final/Learning_Rig/bee_0408_1_fwd/cam1_2026-04-08_16-24-15.mp4,1574.5,1693.5,1317,1375,1832,2012,0.8142056
553,/Volumes/SmithL0/2026/BIOL470/Final/Learning_Rig/bee_0408_1_fwd/cam1_2026-04-08_16-24-15.mp4,1574.0,1694.5,1318,1375,1830,2014,0.8146063
554,/Volumes/SmithL0/2026/BIOL470/Final/Learning_Rig/bee_0408_1_fwd/cam1_2026-04-08_16-24-15.mp4,1575.0,1693.5,1318,1375,1832,2012,0.8119934
555,/Volumes/SmithL0/2026/BIOL470/Final/Learning_Rig/bee_0408_1_fwd/cam1_2026-04-08_16-24-15.mp4,1575.0,1693.5,1318,1375,1832,2012,0.8114147
556,/Volumes/SmithL0/2026/BIOL470/Final/Learning_Rig/bee_0408_1_fwd/cam1_2026-04-08_16-24-15.mp4,1575.5,1692.5,1318,1374,1833,2011,0.80858433
557,/Volumes/SmithL0/2026/BIOL470/Final/Learning_Rig/bee_0408_1_fwd/cam1_2026-04-08_16-24-15.mp4,1574.5,1692.5,1318,1375,1831,2010,0.81133676
558,/Volumes/SmithL0/2026/BIOL470/Final/Learning_Rig/bee_0408_1_fwd/cam1_2026-04-08_16-24-15.mp4,1571.0,1694.0,1316,1377,1826,2011,0.81699306
559,/Volumes/SmithL0/2026/BIOL470/Final/Learning_Rig/bee_0408_1_fwd/cam1_2026-04-08_16-24-15.mp4,1571.0,1694.5,1316,1377,1826,2012,0.8152017
560,/Volumes/SmithL0/2026/BIOL470/Final/Learning_Rig/bee_0408_1_fwd/cam1_2026-04-08_16-24-15.mp4,1570.5,1694.5,1314,1377,1827,2012,0.82564354
561,/Volumes/SmithL0/2026/BIOL470/Final/Learning_Rig/bee_0408_1_fwd/cam1_2026-04-08_16-24-15.mp4,1574.0,1694.0,1317,1375,1831,2013,0.8139208
562,/Volumes/SmithL0/2026/BIOL470/Final/Learning_Rig/bee_0408_1_fwd/cam1_2026-04-08_16-24-15.mp4,1570.0,1695.0,1315,1377,1825,2013,0.81699836
563,/Volumes/SmithL0/2026/BIOL470/Final/Learning_Rig/bee_0408_1_fwd/cam1_2026-04-08_16-24-15.mp4,1570.5,1696.5,1316,1378,1825,2015,0.81407595
564,/Volumes/SmithL0/2026/BIOL470/Final/Learning_Rig/bee_0408_1_fwd/cam1_2026-04-08_16-24-15.mp4,1574.5,1694.0,1318,1375,1831,2013,0.81210196
565,/Volumes/SmithL0/2026/BIOL470/Final/Learning_Rig/bee_0408_1_fwd/cam1_2026-04-08_16-24-15.mp4,1574.5,1694.0,1317,1374,1832,2014,0.81283164
566,/Volumes/SmithL0/2026/BIOL470/Final/Learning_Rig/bee_0408_1_fwd/cam1_2026-04-08_16-24-15.mp4,1574.0,1693.5,1317,1374,1831,2013,0.8121987
567,/Volumes/SmithL0/2026/BIOL470/Final/Learning_Rig/bee_0408_1_fwd/cam1_2026-04-08_16-24-15.mp4,1573.5,1693.0,1318,1375,1829,2011,0.8109602
568,/Volumes/SmithL0/2026/BIOL470/Final/Learning_Rig/bee_0408_1_fwd/cam1_2026-04-08_16-24-15.mp4,1574.5,1694.5,1318,1376,1831,2013,0.81228054
569,/Volumes/SmithL0/2026/BIOL470/Final/Learning_Rig/bee_0408_1_fwd/cam1_2026-04-08_16-24-15.mp4,1574.0,1694.0,1318,1375,1830,2013,0.8128465
570,/Volumes/SmithL0/2026/BIOL470/Final/Learning_Rig/bee_0408_1_fwd/cam1_2026-04-08_16-24-15.mp4,1574.0,1692.5,1318,1374,1830,2011,0.81309354
571,/Volumes/SmithL0/2026/BIOL470/Final/Learning_Rig/bee_0408_1_fwd/cam1_2026-04-08_16-24-15.mp4,1570.5,1695.0,1315,1377,1826,2013,0.8175349
572,/Volumes/SmithL0/2026/BIOL470/Final/Learning_Rig/bee_0408_1_fwd/cam1_2026-04-08_16-24-15.mp4,1574.5,1694.0,1318,1375,1831,2013,0.8134433
573,/Volumes/SmithL0/2026/BIOL470/Final/Learning_Rig/bee_0408_1_fwd/cam1_2026-04-08_16-24-15.mp4,1573.5,1694.0,1317,1375,1830,2013,0.8128717
574,/Volumes/SmithL0/2026/BIOL470/Final/Learning_Rig/bee_0408_1_fwd/cam1_2026-04-08_16-24-15.mp4,1570.5,1694.5,1316,1377,1825,2012,0.81712353
575,/Volumes/SmithL0/2026/BIOL470/Final/Learning_Rig/bee_0408_1_fwd/cam1_2026-04-08_16-24-15.mp4,1571.0,1694.0,1316,1377,1826,2011,0.81774735
576,/Volumes/SmithL0/2026/BIOL470/Final/Learning_Rig/bee_0408_1_fwd/cam1_2026-04-08_16-24-15.mp4,1571.0,1694.5,1316,1377,1826,2012,0.81611925
577,/Volumes/SmithL0/2026/BIOL470/Final/Learning_Rig/bee_0408_1_fwd/cam1_2026-04-08_16-24-15.mp4,1574.5,1692.0,1318,1374,1831,2010,0.81404513
578,/Volumes/SmithL0/2026/BIOL470/Final/Learning_Rig/bee_0408_1_fwd/cam1_2026-04-08_16-24-15.mp4,1574.0,1693.0,1318,1375,1830,2011,0.8157163
579,/Volumes/SmithL0/2026/BIOL470/Final/Learning_Rig/bee_0408_1_fwd/cam1_2026-04-08_16-24-15.mp4,1573.5,1692.0,1317,1374,1830,2010,0.8128588
580,/Volumes/SmithL0/2026/BIOL470/Final/Learning_Rig/bee_0408_1_fwd/cam1_2026-04-08_16-24-15.mp4,1570.5,1693.5,1316,1377,1825,2010,0.8144639
581,/Volumes/SmithL0/2026/BIOL470/Final/Learning_Rig/bee_0408_1_fwd/cam1_2026-04-08_16-24-15.mp4,1573.0,1694.0,1317,1374,1829,2014,0.81213975
582,/Volumes/SmithL0/2026/BIOL470/Final/Learning_Rig/bee_0408_1_fwd/cam1_2026-04-08_16-24-15.mp4,1572.5,1693.5,1317,1374,1828,2013,0.8111305
583,/Volumes/SmithL0/2026/BIOL470/Final/Learning_Rig/bee_0408_1_fwd/cam1_2026-04-08_16-24-15.mp4,1570.0,1694.5,1316,1377,1824,2012,0.81437564
584,/Volumes/SmithL0/2026/BIOL470/Final/Learning_Rig/bee_0408_1_fwd/cam1_2026-04-08_16-24-15.mp4,1574.5,1693.0,1318,1374,1831,2012,0.8119189
585,/Volumes/SmithL0/2026/BIOL470/Final/Learning_Rig/bee_0408_1_fwd/cam1_2026-04-08_16-24-15.mp4,1574.5,1693.0,1318,1374,1831,2012,0.81020606
586,/Volumes/SmithL0/2026/BIOL470/Final/Learning_Rig/bee_0408_1_fwd/cam1_2026-04-08_16-24-15.mp4,1573.5,1693.5,1318,1374,1829,2013,0.812655
587,/Volumes/SmithL0/2026/BIOL470/Final/Learning_Rig/bee_0408_1_fwd/cam1_2026-04-08_16-24-15.mp4,1574.5,1693.0,1317,1374,1832,2012,0.81157666
588,/Volumes/SmithL0/2026/BIOL470/Final/Learning_Rig/bee_0408_1_fwd/cam1_2026-04-08_16-24-15.mp4,1570.5,1695.0,1315,1377,1826,2013,0.8158182
589,/Volumes/SmithL0/2026/BIOL470/Final/Learning_Rig/bee_0408_1_fwd/cam1_2026-04-08_16-24-15.mp4,1570.5,1694.5,1315,1377,1826,2012,0.8167852
590,/Volumes/SmithL0/2026/BIOL470/Final/Learning_Rig/bee_0408_1_fwd/cam1_2026-04-08_16-24-15.mp4,1571.0,1695.5,1315,1377,1827,2014,0.8153184
591,/Volumes/SmithL0/2026/BIOL470/Final/Learning_Rig/bee_0408_1_fwd/cam1_2026-04-08_16-24-15.mp4,1570.0,1695.5,1315,1376,1825,2015,0.8158723
592,/Volumes/SmithL0/2026/BIOL470/Final/Learning_Rig/bee_0408_1_fwd/cam1_2026-04-08_16-24-15.mp4,1570.5,1695.0,1315,1377,1826,2013,0.8182223
593,/Volumes/SmithL0/2026/BIOL470/Final/Learning_Rig/bee_0408_1_fwd/cam1_2026-04-08_16-24-15.mp4,1569.5,1695.5,1315,1377,1824,2014,0.8170877
594,/Volumes/SmithL0/2026/BIOL470/Final/Learning_Rig/bee_0408_1_fwd/cam1_2026-04-08_16-24-15.mp4,1570.0,1695.0,1315,1377,1825,2013,0.8165748
595,/Volumes/SmithL0/2026/BIOL470/Final/Learning_Rig/bee_0408_1_fwd/cam1_2026-04-08_16-24-15.mp4,1569.0,1694.5,1315,1377,1823,2012,0.81656206
596,/Volumes/SmithL0/2026/BIOL470/Final/Learning_Rig/bee_0408_1_fwd/cam1_2026-04-08_16-24-15.mp4,1569.5,1694.5,1315,1377,1824,2012,0.8167202
597,/Volumes/SmithL0/2026/BIOL470/Final/Learning_Rig/bee_0408_1_fwd/cam1_2026-04-08_16-24-15.mp4,1571.5,1694.5,1316,1377,1827,2012,0.81371206
598,/Volumes/SmithL0/2026/BIOL470/Final/Learning_Rig/bee_0408_1_fwd/cam1_2026-04-08_16-24-15.mp4,1571.0,1695.0,1316,1377,1826,2013,0.8151314
599,/Volumes/SmithL0/2026/BIOL470/Final/Learning_Rig/bee_0408_1_fwd/cam1_2026-04-08_16-24-15.mp4,1570.5,1694.5,1316,1377,1825,2012,0.81697017
600,/Volumes/SmithL0/2026/BIOL470/Final/Learning_Rig/bee_0408_1_fwd/cam1_2026-04-08_16-24-15.mp4,1570.0,1694.5,1316,1377,1824,2012,0.81565225
601,/Volumes/SmithL0/2026/BIOL470/Final/Learning_Rig/bee_0408_1_fwd/cam1_2026-04-08_16-24-15.mp4,1569.5,1693.5,1315,1377,1824,2010,0.8221955
602,/Volumes/SmithL0/2026/BIOL470/Final/Learning_Rig/bee_0408_1_fwd/cam1_2026-04-08_16-24-15.mp4,1569.5,1694.5,1316,1377,1823,2012,0.816384
603,/Volumes/SmithL0/2026/BIOL470/Final/Learning_Rig/bee_0408_1_fwd/cam1_2026-04-08_16-24-15.mp4,1570.0,1694.5,1315,1377,1825,2012,0.8188742
604,/Volumes/SmithL0/2026/BIOL470/Final/Learning_Rig/bee_0408_1_fwd/cam1_2026-04-08_16-24-15.mp4,1569.0,1695.5,1315,1377,1823,2014,0.81854326
605,/Volumes/SmithL0/2026/BIOL470/Final/Learning_Rig/bee_0408_1_fwd/cam1_2026-04-08_16-24-15.mp4,1569.0,1696.5,1315,1377,1823,2016,0.81747437
606,/Volumes/SmithL0/2026/BIOL470/Final/Learning_Rig/bee_0408_1_fwd/cam1_2026-04-08_16-24-15.mp4,1569.5,1696.5,1315,1377,1824,2016,0.8154674
607,/Volumes/SmithL0/2026/BIOL470/Final/Learning_Rig/bee_0408_1_fwd/cam1_2026-04-08_16-24-15.mp4,1570.0,1696.5,1315,1377,1825,2016,0.81822824
608,/Volumes/SmithL0/2026/BIOL470/Final/Learning_Rig/bee_0408_1_fwd/cam1_2026-04-08_16-24-15.mp4,1571.0,1696.0,1315,1378,1827,2014,0.8168131
609,/Volumes/SmithL0/2026/BIOL470/Final/Learning_Rig/bee_0408_1_fwd/cam1_2026-04-08_16-24-15.mp4,1573.0,1693.5,1317,1375,1829,2012,0.8119578
610,/Volumes/SmithL0/2026/BIOL470/Final/Learning_Rig/bee_0408_1_fwd/cam1_2026-04-08_16-24-15.mp4,1570.0,1695.5,1315,1378,1825,2013,0.8190478
611,/Volumes/SmithL0/2026/BIOL470/Final/Learning_Rig/bee_0408_1_fwd/cam1_2026-04-08_16-24-15.mp4,1573.0,1694.0,1317,1375,1829,2013,0.8131134
612,/Volumes/SmithL0/2026/BIOL470/Final/Learning_Rig/bee_0408_1_fwd/cam1_2026-04-08_16-24-15.mp4,1573.5,1694.0,1317,1375,1830,2013,0.8119236
613,/Volumes/SmithL0/2026/BIOL470/Final/Learning_Rig/bee_0408_1_fwd/cam1_2026-04-08_16-24-15.mp4,1570.5,1694.0,1316,1377,1825,2011,0.82057995
614,/Volumes/SmithL0/2026/BIOL470/Final/Learning_Rig/bee_0408_1_fwd/cam1_2026-04-08_16-24-15.mp4,1570.5,1694.5,1316,1377,1825,2012,0.8208957
615,/Volumes/SmithL0/2026/BIOL470/Final/Learning_Rig/bee_0408_1_fwd/cam1_2026-04-08_16-24-15.mp4,1571.0,1694.0,1316,1376,1826,2012,0.8195471
616,/Volumes/SmithL0/2026/BIOL470/Final/Learning_Rig/bee_0408_1_fwd/cam1_2026-04-08_16-24-15.mp4,1570.5,1694.0,1316,1376,1825,2012,0.82076025
617,/Volumes/SmithL0/2026/BIOL470/Final/Learning_Rig/bee_0408_1_fwd/cam1_2026-04-08_16-24-15.mp4,1571.5,1694.0,1316,1376,1827,2012,0.8174273
618,/Volumes/SmithL0/2026/BIOL470/Final/Learning_Rig/bee_0408_1_fwd/cam1_2026-04-08_16-24-15.mp4,1571.0,1694.5,1316,1376,1826,2013,0.8138619
619,/Volumes/SmithL0/2026/BIOL470/Final/Learning_Rig/bee_0408_1_fwd/cam1_2026-04-08_16-24-15.mp4,1571.0,1694.0,1316,1376,1826,2012,0.8140478
620,/Volumes/SmithL0/2026/BIOL470/Final/Learning_Rig/bee_0408_1_fwd/cam1_2026-04-08_16-24-15.mp4,1570.5,1694.0,1316,1376,1825,2012,0.81242347
621,/Volumes/SmithL0/2026/BIOL470/Final/Learning_Rig/bee_0408_1_fwd/cam1_2026-04-08_16-24-15.mp4,1570.0,1694.0,1315,1376,1825,2012,0.81675327
622,/Volumes/SmithL0/2026/BIOL470/Final/Learning_Rig/bee_0408_1_fwd/cam1_2026-04-08_16-24-15.mp4,1570.5,1694.0,1315,1376,1826,2012,0.81403375
623,/Volumes/SmithL0/2026/BIOL470/Final/Learning_Rig/bee_0408_1_fwd/cam1_2026-04-08_16-24-15.mp4,1570.5,1694.0,1315,1376,1826,2012,0.8190476
624,/Volumes/SmithL0/2026/BIOL470/Final/Learning_Rig/bee_0408_1_fwd/cam1_2026-04-08_16-24-15.mp4,1571.0,1694.0,1315,1375,1827,2013,0.81700134
625,/Volumes/SmithL0/2026/BIOL470/Final/Learning_Rig/bee_0408_1_fwd/cam1_2026-04-08_16-24-15.mp4,1570.5,1693.5,1315,1376,1826,2011,0.815789
626,/Volumes/SmithL0/2026/BIOL470/Final/Learning_Rig/bee_0408_1_fwd/cam1_2026-04-08_16-24-15.mp4,1569.5,1693.0,1315,1376,1824,2010,0.8166469
627,/Volumes/SmithL0/2026/BIOL470/Final/Learning_Rig/bee_0408_1_fwd/cam1_2026-04-08_16-24-15.mp4,1570.0,1693.5,1315,1377,1825,2010,0.8147165
628,/Volumes/SmithL0/2026/BIOL470/Final/Learning_Rig/bee_0408_1_fwd/cam1_2026-04-08_16-24-15.mp4,1570.5,1694.0,1315,1377,1826,2011,0.8189827
629,/Volumes/SmithL0/2026/BIOL470/Final/Learning_Rig/bee_0408_1_fwd/cam1_2026-04-08_16-24-15.mp4,1570.0,1693.5,1314,1377,1826,2010,0.8201975
630,/Volumes/SmithL0/2026/BIOL470/Final/Learning_Rig/bee_0408_1_fwd/cam1_2026-04-08_16-24-15.mp4,1570.5,1696.0,1315,1377,1826,2015,0.81851417
631,/Volumes/SmithL0/2026/BIOL470/Final/Learning_Rig/bee_0408_1_fwd/cam1_2026-04-08_16-24-15.mp4,1570.5,1697.0,1315,1377,1826,2017,0.8181419
632,/Volumes/SmithL0/2026/BIOL470/Final/Learning_Rig/bee_0408_1_fwd/cam1_2026-04-08_16-24-15.mp4,1570.5,1695.0,1315,1377,1826,2013,0.81749064
633,/Volumes/SmithL0/2026/BIOL470/Final/Learning_Rig/bee_0408_1_fwd/cam1_2026-04-08_16-24-15.mp4,1570.0,1694.5,1315,1377,1825,2012,0.816828
634,/Volumes/SmithL0/2026/BIOL470/Final/Learning_Rig/bee_0408_1_fwd/cam1_2026-04-08_16-24-15.mp4,1570.0,1696.0,1315,1377,1825,2015,0.81777346
635,/Volumes/SmithL0/2026/BIOL470/Final/Learning_Rig/bee_0408_1_fwd/cam1_2026-04-08_16-24-15.mp4,1569.5,1695.0,1315,1377,1824,2013,0.8160786
636,/Volumes/SmithL0/2026/BIOL470/Final/Learning_Rig/bee_0408_1_fwd/cam1_2026-04-08_16-24-15.mp4,1569.5,1695.5,1314,1377,1825,2014,0.81859386
637,/Volumes/SmithL0/2026/BIOL470/Final/Learning_Rig/bee_0408_1_fwd/cam1_2026-04-08_16-24-15.mp4,1570.0,1696.0,1315,1377,1825,2015,0.8185322
638,/Volumes/SmithL0/2026/BIOL470/Final/Learning_Rig/bee_0408_1_fwd/cam1_2026-04-08_16-24-15.mp4,1569.5,1695.5,1315,1376,1824,2015,0.8161454
639,/Volumes/SmithL0/2026/BIOL470/Final/Learning_Rig/bee_0408_1_fwd/cam1_2026-04-08_16-24-15.mp4,1572.0,1694.0,1317,1374,1827,2014,0.8106439
640,/Volumes/SmithL0/2026/BIOL470/Final/Learning_Rig/bee_0408_1_fwd/cam1_2026-04-08_16-24-15.mp4,1572.5,1694.5,1317,1374,1828,2015,0.80734885
641,/Volumes/SmithL0/2026/BIOL470/Final/Learning_Rig/bee_0408_1_fwd/cam1_2026-04-08_16-24-15.mp4,1574.0,1694.0,1317,1373,1831,2015,0.8105954
642,/Volumes/SmithL0/2026/BIOL470/Final/Learning_Rig/bee_0408_1_fwd/cam1_2026-04-08_16-24-15.mp4,1572.5,1694.0,1317,1374,1828,2014,0.8135616
643,/Volumes/SmithL0/2026/BIOL470/Final/Learning_Rig/bee_0408_1_fwd/cam1_2026-04-08_16-24-15.mp4,1569.5,1694.0,1315,1376,1824,2012,0.81398827
644,/Volumes/SmithL0/2026/BIOL470/Final/Learning_Rig/bee_0408_1_fwd/cam1_2026-04-08_16-24-15.mp4,1570.0,1694.5,1315,1376,1825,2013,0.8159288
645,/Volumes/SmithL0/2026/BIOL470/Final/Learning_Rig/bee_0408_1_fwd/cam1_2026-04-08_16-24-15.mp4,1573.5,1692.5,1317,1373,1830,2012,0.81094193
646,/Volumes/SmithL0/2026/BIOL470/Final/Learning_Rig/bee_0408_1_fwd/cam1_2026-04-08_16-24-15.mp4,1569.5,1693.5,1315,1376,1824,2011,0.8181168
647,/Volumes/SmithL0/2026/BIOL470/Final/Learning_Rig/bee_0408_1_fwd/cam1_2026-04-08_16-24-15.mp4,1569.5,1694.0,1315,1376,1824,2012,0.81536984
648,/Volumes/SmithL0/2026/BIOL470/Final/Learning_Rig/bee_0408_1_fwd/cam1_2026-04-08_16-24-15.mp4,1573.0,1692.5,1316,1373,1830,2012,0.8103494
649,/Volumes/SmithL0/2026/BIOL470/Final/Learning_Rig/bee_0408_1_fwd/cam1_2026-04-08_16-24-15.mp4,1569.5,1695.5,1315,1376,1824,2015,0.81688106
650,/Volumes/SmithL0/2026/BIOL470/Final/Learning_Rig/bee_0408_1_fwd/cam1_2026-04-08_16-24-15.mp4,1569.5,1695.0,1314,1376,1825,2014,0.8183968
651,/Volumes/SmithL0/2026/BIOL470/Final/Learning_Rig/bee_0408_1_fwd/cam1_2026-04-08_16-24-15.mp4,1570.0,1695.0,1315,1377,1825,2013,0.8201653
652,/Volumes/SmithL0/2026/BIOL470/Final/Learning_Rig/bee_0408_1_fwd/cam1_2026-04-08_16-24-15.mp4,1569.5,1695.0,1315,1377,1824,2013,0.81663233
653,/Volumes/SmithL0/2026/BIOL470/Final/Learning_Rig/bee_0408_1_fwd/cam1_2026-04-08_16-24-15.mp4,1569.5,1696.0,1315,1377,1824,2015,0.8175048
654,/Volumes/SmithL0/2026/BIOL470/Final/Learning_Rig/bee_0408_1_fwd/cam1_2026-04-08_16-24-15.mp4,1569.5,1695.5,1315,1377,1824,2014,0.8193299
655,/Volumes/SmithL0/2026/BIOL470/Final/Learning_Rig/bee_0408_1_fwd/cam1_2026-04-08_16-24-15.mp4,1569.0,1695.0,1315,1376,1823,2014,0.8210665
656,/Volumes/SmithL0/2026/BIOL470/Final/Learning_Rig/bee_0408_1_fwd/cam1_2026-04-08_16-24-15.mp4,1568.0,1695.0,1314,1376,1822,2014,0.8223799
657,/Volumes/SmithL0/2026/BIOL470/Final/Learning_Rig/bee_0408_1_fwd/cam1_2026-04-08_16-24-15.mp4,1568.5,1694.5,1314,1376,1823,2013,0.8185853
658,/Volumes/SmithL0/2026/BIOL470/Final/Learning_Rig/bee_0408_1_fwd/cam1_2026-04-08_16-24-15.mp4,1568.5,1695.0,1314,1376,1823,2014,0.820364
659,/Volumes/SmithL0/2026/BIOL470/Final/Learning_Rig/bee_0408_1_fwd/cam1_2026-04-08_16-24-15.mp4,1572.0,1693.5,1317,1374,1827,2013,0.810481
660,/Volumes/SmithL0/2026/BIOL470/Final/Learning_Rig/bee_0408_1_fwd/cam1_2026-04-08_16-24-15.mp4,1568.0,1693.5,1315,1376,1821,2011,0.8189589
661,/Volumes/SmithL0/2026/BIOL470/Final/Learning_Rig/bee_0408_1_fwd/cam1_2026-04-08_16-24-15.mp4,1568.5,1695.5,1315,1376,1822,2015,0.8197406
662,/Volumes/SmithL0/2026/BIOL470/Final/Learning_Rig/bee_0408_1_fwd/cam1_2026-04-08_16-24-15.mp4,1569.5,1694.5,1314,1376,1825,2013,0.8232298
663,/Volumes/SmithL0/2026/BIOL470/Final/Learning_Rig/bee_0408_1_fwd/cam1_2026-04-08_16-24-15.mp4,1569.0,1695.0,1315,1376,1823,2014,0.8230935
664,/Volumes/SmithL0/2026/BIOL470/Final/Learning_Rig/bee_0408_1_fwd/cam1_2026-04-08_16-24-15.mp4,1569.5,1694.0,1315,1375,1824,2013,0.8184551
665,/Volumes/SmithL0/2026/BIOL470/Final/Learning_Rig/bee_0408_1_fwd/cam1_2026-04-08_16-24-15.mp4,1569.5,1694.0,1315,1375,1824,2013,0.8185102
666,/Volumes/SmithL0/2026/BIOL470/Final/Learning_Rig/bee_0408_1_fwd/cam1_2026-04-08_16-24-15.mp4,1570.0,1694.0,1316,1375,1824,2013,0.81658244
667,/Volumes/SmithL0/2026/BIOL470/Final/Learning_Rig/bee_0408_1_fwd/cam1_2026-04-08_16-24-15.mp4,1570.5,1694.0,1316,1375,1825,2013,0.81436265
668,/Volumes/SmithL0/2026/BIOL470/Final/Learning_Rig/bee_0408_1_fwd/cam1_2026-04-08_16-24-15.mp4,1570.5,1693.5,1315,1375,1826,2012,0.81946313
669,/Volumes/SmithL0/2026/BIOL470/Final/Learning_Rig/bee_0408_1_fwd/cam1_2026-04-08_16-24-15.mp4,1570.5,1694.5,1315,1374,1826,2015,0.81750435
670,/Volumes/SmithL0/2026/BIOL470/Final/Learning_Rig/bee_0408_1_fwd/cam1_2026-04-08_16-24-15.mp4,1570.0,1693.5,1315,1374,1825,2013,0.81897885
671,/Volumes/SmithL0/2026/BIOL470/Final/Learning_Rig/bee_0408_1_fwd/cam1_2026-04-08_16-24-15.mp4,1570.5,1693.5,1315,1374,1826,2013,0.8149301
672,/Volumes/SmithL0/2026/BIOL470/Final/Learning_Rig/bee_0408_1_fwd/cam1_2026-04-08_16-24-15.mp4,1570.5,1694.0,1315,1374,1826,2014,0.8110535
673,/Volumes/SmithL0/2026/BIOL470/Final/Learning_Rig/bee_0408_1_fwd/cam1_2026-04-08_16-24-15.mp4,1571.0,1694.0,1315,1374,1827,2014,0.8180339
674,/Volumes/SmithL0/2026/BIOL470/Final/Learning_Rig/bee_0408_1_fwd/cam1_2026-04-08_16-24-15.mp4,1571.0,1694.0,1316,1374,1826,2014,0.8139543
675,/Volumes/SmithL0/2026/BIOL470/Final/Learning_Rig/bee_0408_1_fwd/cam1_2026-04-08_16-24-15.mp4,1570.5,1693.5,1315,1374,1826,2013,0.8137556
676,/Volumes/SmithL0/2026/BIOL470/Final/Learning_Rig/bee_0408_1_fwd/cam1_2026-04-08_16-24-15.mp4,1573.0,1691.5,1316,1372,1830,2011,0.8099766
677,/Volumes/SmithL0/2026/BIOL470/Final/Learning_Rig/bee_0408_1_fwd/cam1_2026-04-08_16-24-15.mp4,1573.0,1691.0,1316,1372,1830,2010,0.80982214
678,/Volumes/SmithL0/2026/BIOL470/Final/Learning_Rig/bee_0408_1_fwd/cam1_2026-04-08_16-24-15.mp4,1570.0,1692.0,1316,1374,1824,2010,0.81320775
679,/Volumes/SmithL0/2026/BIOL470/Final/Learning_Rig/bee_0408_1_fwd/cam1_2026-04-08_16-24-15.mp4,1569.5,1693.0,1316,1374,1823,2012,0.8192259
680,/Volumes/SmithL0/2026/BIOL470/Final/Learning_Rig/bee_0408_1_fwd/cam1_2026-04-08_16-24-15.mp4,1569.0,1693.5,1316,1374,1822,2013,0.8147591
681,/Volumes/SmithL0/2026/BIOL470/Final/Learning_Rig/bee_0408_1_fwd/cam1_2026-04-08_16-24-15.mp4,1568.5,1694.5,1315,1374,1822,2015,0.81717384
682,/Volumes/SmithL0/2026/BIOL470/Final/Learning_Rig/bee_0408_1_fwd/cam1_2026-04-08_16-24-15.mp4,1568.0,1694.5,1315,1375,1821,2014,0.82314515
683,/Volumes/SmithL0/2026/BIOL470/Final/Learning_Rig/bee_0408_1_fwd/cam1_2026-04-08_16-24-15.mp4,1569.5,1694.0,1315,1375,1824,2013,0.817914
684,/Volumes/SmithL0/2026/BIOL470/Final/Learning_Rig/bee_0408_1_fwd/cam1_2026-04-08_16-24-15.mp4,1569.0,1693.5,1315,1375,1823,2012,0.8178765
685,/Volumes/SmithL0/2026/BIOL470/Final/Learning_Rig/bee_0408_1_fwd/cam1_2026-04-08_16-24-15.mp4,1570.0,1693.5,1315,1374,1825,2013,0.81549865
686,/Volumes/SmithL0/2026/BIOL470/Final/Learning_Rig/bee_0408_1_fwd/cam1_2026-04-08_16-24-15.mp4,1570.0,1692.5,1315,1374,1825,2011,0.8131383
687,/Volumes/SmithL0/2026/BIOL470/Final/Learning_Rig/bee_0408_1_fwd/cam1_2026-04-08_16-24-15.mp4,1573.5,1692.5,1317,1372,1830,2013,0.8108531
688,/Volumes/SmithL0/2026/BIOL470/Final/Learning_Rig/bee_0408_1_fwd/cam1_2026-04-08_16-24-15.mp4,1574.0,1693.0,1318,1372,1830,2014,0.8142557
689,/Volumes/SmithL0/2026/BIOL470/Final/Learning_Rig/bee_0408_1_fwd/cam1_2026-04-08_16-24-15.mp4,1571.0,1693.0,1316,1374,1826,2012,0.81695586
690,/Volumes/SmithL0/2026/BIOL470/Final/Learning_Rig/bee_0408_1_fwd/cam1_2026-04-08_16-24-15.mp4,1570.0,1693.5,1315,1375,1825,2012,0.81729025
691,/Volumes/SmithL0/2026/BIOL470/Final/Learning_Rig/bee_0408_1_fwd/cam1_2026-04-08_16-24-15.mp4,1571.0,1694.5,1315,1375,1827,2014,0.81827897
692,/Volumes/SmithL0/2026/BIOL470/Final/Learning_Rig/bee_0408_1_fwd/cam1_2026-04-08_16-24-15.mp4,1571.0,1695.0,1315,1376,1827,2014,0.82090056
693,/Volumes/SmithL0/2026/BIOL470/Final/Learning_Rig/bee_0408_1_fwd/cam1_2026-04-08_16-24-15.mp4,1570.0,1694.5,1314,1376,1826,2013,0.82019997
694,/Volumes/SmithL0/2026/BIOL470/Final/Learning_Rig/bee_0408_1_fwd/cam1_2026-04-08_16-24-15.mp4,1569.5,1694.5,1314,1376,1825,2013,0.8220225
695,/Volumes/SmithL0/2026/BIOL470/Final/Learning_Rig/bee_0408_1_fwd/cam1_2026-04-08_16-24-15.mp4,1570.0,1694.5,1314,1376,1826,2013,0.8218505
696,/Volumes/SmithL0/2026/BIOL470/Final/Learning_Rig/bee_0408_1_fwd/cam1_2026-04-08_16-24-15.mp4,1570.5,1694.0,1315,1375,1826,2013,0.81874025
697,/Volumes/SmithL0/2026/BIOL470/Final/Learning_Rig/bee_0408_1_fwd/cam1_2026-04-08_16-24-15.mp4,1571.0,1693.0,1315,1375,1827,2011,0.8116135
698,/Volumes/SmithL0/2026/BIOL470/Final/Learning_Rig/bee_0408_1_fwd/cam1_2026-04-08_16-24-15.mp4,1573.0,1692.0,1317,1373,1829,2011,0.8121461
699,/Volumes/SmithL0/2026/BIOL470/Final/Learning_Rig/bee_0408_1_fwd/cam1_2026-04-08_16-24-15.mp4,1573.5,1691.0,1317,1372,1830,2010,0.80987924
700,/Volumes/SmithL0/2026/BIOL470/Final/Learning_Rig/bee_0408_1_fwd/cam1_2026-04-08_16-24-15.mp4,1572.5,1692.0,1316,1372,1829,2012,0.8096057
701,/Volumes/SmithL0/2026/BIOL470/Final/Learning_Rig/bee_0408_1_fwd/cam1_2026-04-08_16-24-15.mp4,1569.5,1692.5,1315,1375,1824,2010,0.8140496
702,/Volumes/SmithL0/2026/BIOL470/Final/Learning_Rig/bee_0408_1_fwd/cam1_2026-04-08_16-24-15.mp4,1571.5,1692.5,1316,1373,1827,2012,0.8118573
703,/Volumes/SmithL0/2026/BIOL470/Final/Learning_Rig/bee_0408_1_fwd/cam1_2026-04-08_16-24-15.mp4,1569.0,1693.0,1315,1374,1823,2012,0.8137841
704,/Volumes/SmithL0/2026/BIOL470/Final/Learning_Rig/bee_0408_1_fwd/cam1_2026-04-08_16-24-15.mp4,1569.0,1693.0,1315,1375,1823,2011,0.8112238
705,/Volumes/SmithL0/2026/BIOL470/Final/Learning_Rig/bee_0408_1_fwd/cam1_2026-04-08_16-24-15.mp4,1569.5,1693.0,1315,1375,1824,2011,0.8117318
706,/Volumes/SmithL0/2026/BIOL470/Final/Learning_Rig/bee_0408_1_fwd/cam1_2026-04-08_16-24-15.mp4,1569.5,1693.5,1314,1376,1825,2011,0.81652206
707,/Volumes/SmithL0/2026/BIOL470/Final/Learning_Rig/bee_0408_1_fwd/cam1_2026-04-08_16-24-15.mp4,1570.0,1693.0,1314,1375,1826,2011,0.816492
708,/Volumes/SmithL0/2026/BIOL470/Final/Learning_Rig/bee_0408_1_fwd/cam1_2026-04-08_16-24-15.mp4,1570.0,1693.5,1314,1376,1826,2011,0.82043
709,/Volumes/SmithL0/2026/BIOL470/Final/Learning_Rig/bee_0408_1_fwd/cam1_2026-04-08_16-24-15.mp4,1570.0,1693.5,1315,1376,1825,2011,0.81682986
710,/Volumes/SmithL0/2026/BIOL470/Final/Learning_Rig/bee_0408_1_fwd/cam1_2026-04-08_16-24-15.mp4,1570.0,1694.0,1315,1376,1825,2012,0.81293565
711,/Volumes/SmithL0/2026/BIOL470/Final/Learning_Rig/bee_0408_1_fwd/cam1_2026-04-08_16-24-15.mp4,1572.0,1691.0,1317,1373,1827,2009,0.81044704
712,/Volumes/SmithL0/2026/BIOL470/Final/Learning_Rig/bee_0408_1_fwd/cam1_2026-04-08_16-24-15.mp4,1569.5,1693.5,1315,1376,1824,2011,0.8118039
713,/Volumes/SmithL0/2026/BIOL470/Final/Learning_Rig/bee_0408_1_fwd/cam1_2026-04-08_16-24-15.mp4,1570.0,1693.5,1315,1375,1825,2012,0.81306374
714,/Volumes/SmithL0/2026/BIOL470/Final/Learning_Rig/bee_0408_1_fwd/cam1_2026-04-08_16-24-15.mp4,1572.5,1692.5,1316,1373,1829,2012,0.81250703
715,/Volumes/SmithL0/2026/BIOL470/Final/Learning_Rig/bee_0408_1_fwd/cam1_2026-04-08_16-24-15.mp4,1568.0,1693.5,1315,1375,1821,2012,0.8156884
716,/Volumes/SmithL0/2026/BIOL470/Final/Learning_Rig/bee_0408_1_fwd/cam1_2026-04-08_16-24-15.mp4,1567.5,1694.0,1314,1376,1821,2012,0.81650925
717,/Volumes/SmithL0/2026/BIOL470/Final/Learning_Rig/bee_0408_1_fwd/cam1_2026-04-08_16-24-15.mp4,1569.5,1694.5,1315,1376,1824,2013,0.81597865
718,/Volumes/SmithL0/2026/BIOL470/Final/Learning_Rig/bee_0408_1_fwd/cam1_2026-04-08_16-24-15.mp4,1573.0,1693.0,1316,1373,1830,2013,0.8145655
719,/Volumes/SmithL0/2026/BIOL470/Final/Learning_Rig/bee_0408_1_fwd/cam1_2026-04-08_16-24-15.mp4,1573.0,1692.5,1316,1373,1830,2012,0.8143009
720,/Volumes/SmithL0/2026/BIOL470/Final/Learning_Rig/bee_0408_1_fwd/cam1_2026-04-08_16-24-15.mp4,1569.0,1695.5,1314,1376,1824,2015,0.8182986
721,/Volumes/SmithL0/2026/BIOL470/Final/Learning_Rig/bee_0408_1_fwd/cam1_2026-04-08_16-24-15.mp4,1568.5,1694.0,1314,1375,1823,2013,0.81509674
722,/Volumes/SmithL0/2026/BIOL470/Final/Learning_Rig/bee_0408_1_fwd/cam1_2026-04-08_16-24-15.mp4,1568.0,1694.0,1314,1375,1822,2013,0.819019
723,/Volumes/SmithL0/2026/BIOL470/Final/Learning_Rig/bee_0408_1_fwd/cam1_2026-04-08_16-24-15.mp4,1568.5,1694.5,1315,1375,1822,2014,0.8164793
724,/Volumes/SmithL0/2026/BIOL470/Final/Learning_Rig/bee_0408_1_fwd/cam1_2026-04-08_16-24-15.mp4,1569.0,1694.5,1315,1376,1823,2013,0.8160104
725,/Volumes/SmithL0/2026/BIOL470/Final/Learning_Rig/bee_0408_1_fwd/cam1_2026-04-08_16-24-15.mp4,1569.0,1695.0,1315,1376,1823,2014,0.8173308
726,/Volumes/SmithL0/2026/BIOL470/Final/Learning_Rig/bee_0408_1_fwd/cam1_2026-04-08_16-24-15.mp4,1573.0,1693.5,1316,1373,1830,2014,0.81307274
727,/Volumes/SmithL0/2026/BIOL470/Final/Learning_Rig/bee_0408_1_fwd/cam1_2026-04-08_16-24-15.mp4,1568.0,1695.5,1315,1376,1821,2015,0.8186709
728,/Volumes/SmithL0/2026/BIOL470/Final/Learning_Rig/bee_0408_1_fwd/cam1_2026-04-08_16-24-15.mp4,1569.0,1695.5,1315,1376,1823,2015,0.81790763
729,/Volumes/SmithL0/2026/BIOL470/Final/Learning_Rig/bee_0408_1_fwd/cam1_2026-04-08_16-24-15.mp4,1569.5,1695.5,1315,1376,1824,2015,0.81658655
730,/Volumes/SmithL0/2026/BIOL470/Final/Learning_Rig/bee_0408_1_fwd/cam1_2026-04-08_16-24-15.mp4,1569.5,1696.0,1315,1376,1824,2016,0.8189265
731,/Volumes/SmithL0/2026/BIOL470/Final/Learning_Rig/bee_0408_1_fwd/cam1_2026-04-08_16-24-15.mp4,1568.5,1694.5,1315,1375,1822,2014,0.8194729
732,/Volumes/SmithL0/2026/BIOL470/Final/Learning_Rig/bee_0408_1_fwd/cam1_2026-04-08_16-24-15.mp4,1568.0,1695.0,1314,1376,1822,2014,0.8224955
733,/Volumes/SmithL0/2026/BIOL470/Final/Learning_Rig/bee_0408_1_fwd/cam1_2026-04-08_16-24-15.mp4,1568.5,1695.0,1315,1376,1822,2014,0.81825626
734,/Volumes/SmithL0/2026/BIOL470/Final/Learning_Rig/bee_0408_1_fwd/cam1_2026-04-08_16-24-15.mp4,1569.5,1695.0,1315,1376,1824,2014,0.8197965
735,/Volumes/SmithL0/2026/BIOL470/Final/Learning_Rig/bee_0408_1_fwd/cam1_2026-04-08_16-24-15.mp4,1569.0,1695.0,1314,1375,1824,2015,0.81934196
736,/Volumes/SmithL0/2026/BIOL470/Final/Learning_Rig/bee_0408_1_fwd/cam1_2026-04-08_16-24-15.mp4,1569.0,1694.0,1315,1375,1823,2013,0.8191866
737,/Volumes/SmithL0/2026/BIOL470/Final/Learning_Rig/bee_0408_1_fwd/cam1_2026-04-08_16-24-15.mp4,1568.0,1693.5,1314,1375,1822,2012,0.81974405
738,/Volumes/SmithL0/2026/BIOL470/Final/Learning_Rig/bee_0408_1_fwd/cam1_2026-04-08_16-24-15.mp4,1568.0,1693.0,1314,1375,1822,2011,0.82110584
739,/Volumes/SmithL0/2026/BIOL470/Final/Learning_Rig/bee_0408_1_fwd/cam1_2026-04-08_16-24-15.mp4,1569.0,1695.0,1314,1376,1824,2014,0.82085824
740,/Volumes/SmithL0/2026/BIOL470/Final/Learning_Rig/bee_0408_1_fwd/cam1_2026-04-08_16-24-15.mp4,1569.0,1693.5,1315,1375,1823,2012,0.813963
741,/Volumes/SmithL0/2026/BIOL470/Final/Learning_Rig/bee_0408_1_fwd/cam1_2026-04-08_16-24-15.mp4,1568.5,1694.0,1315,1374,1822,2014,0.8178984
742,/Volumes/SmithL0/2026/BIOL470/Final/Learning_Rig/bee_0408_1_fwd/cam1_2026-04-08_16-24-15.mp4,1568.5,1694.0,1315,1374,1822,2014,0.81855243
743,/Volumes/SmithL0/2026/BIOL470/Final/Learning_Rig/bee_0408_1_fwd/cam1_2026-04-08_16-24-15.mp4,1568.5,1695.0,1315,1374,1822,2016,0.8185048
744,/Volumes/SmithL0/2026/BIOL470/Final/Learning_Rig/bee_0408_1_fwd/cam1_2026-04-08_16-24-15.mp4,1569.0,1695.0,1315,1375,1823,2015,0.8145091
745,/Volumes/SmithL0/2026/BIOL470/Final/Learning_Rig/bee_0408_1_fwd/cam1_2026-04-08_16-24-15.mp4,1570.0,1695.0,1315,1376,1825,2014,0.8173875
746,/Volumes/SmithL0/2026/BIOL470/Final/Learning_Rig/bee_0408_1_fwd/cam1_2026-04-08_16-24-15.mp4,1569.5,1695.0,1314,1376,1825,2014,0.82396454
747,/Volumes/SmithL0/2026/BIOL470/Final/Learning_Rig/bee_0408_1_fwd/cam1_2026-04-08_16-24-15.mp4,1570.0,1695.5,1314,1376,1826,2015,0.81741893
748,/Volumes/SmithL0/2026/BIOL470/Final/Learning_Rig/bee_0408_1_fwd/cam1_2026-04-08_16-24-15.mp4,1570.5,1696.0,1315,1376,1826,2016,0.8188411
749,/Volumes/SmithL0/2026/BIOL470/Final/Learning_Rig/bee_0408_1_fwd/cam1_2026-04-08_16-24-15.mp4,1570.0,1696.0,1314,1376,1826,2016,0.8235342
750,/Volumes/SmithL0/2026/BIOL470/Final/Learning_Rig/bee_0408_1_fwd/cam1_2026-04-08_16-24-15.mp4,1570.5,1695.0,1315,1377,1826,2013,0.8174026
751,/Volumes/SmithL0/2026/BIOL470/Final/Learning_Rig/bee_0408_1_fwd/cam1_2026-04-08_16-24-15.mp4,1570.0,1694.5,1314,1376,1826,2013,0.815048
752,/Volumes/SmithL0/2026/BIOL470/Final/Learning_Rig/bee_0408_1_fwd/cam1_2026-04-08_16-24-15.mp4,1573.0,1693.0,1315,1373,1831,2013,0.8096334
753,/Volumes/SmithL0/2026/BIOL470/Final/Learning_Rig/bee_0408_1_fwd/cam1_2026-04-08_16-24-15.mp4,1569.0,1693.5,1315,1375,1823,2012,0.81407195
754,/Volumes/SmithL0/2026/BIOL470/Final/Learning_Rig/bee_0408_1_fwd/cam1_2026-04-08_16-24-15.mp4,1570.0,1694.0,1315,1375,1825,2013,0.8131385
755,/Volumes/SmithL0/2026/BIOL470/Final/Learning_Rig/bee_0408_1_fwd/cam1_2026-04-08_16-24-15.mp4,1570.0,1694.0,1314,1375,1826,2013,0.8202451
756,/Volumes/SmithL0/2026/BIOL470/Final/Learning_Rig/bee_0408_1_fwd/cam1_2026-04-08_16-24-15.mp4,1570.0,1694.0,1314,1375,1826,2013,0.81691104
757,/Volumes/SmithL0/2026/BIOL470/Final/Learning_Rig/bee_0408_1_fwd/cam1_2026-04-08_16-24-15.mp4,1570.5,1694.5,1314,1375,1827,2014,0.8209886
758,/Volumes/SmithL0/2026/BIOL470/Final/Learning_Rig/bee_0408_1_fwd/cam1_2026-04-08_16-24-15.mp4,1569.5,1694.5,1314,1376,1825,2013,0.822895
759,/Volumes/SmithL0/2026/BIOL470/Final/Learning_Rig/bee_0408_1_fwd/cam1_2026-04-08_16-24-15.mp4,1569.5,1695.0,1315,1375,1824,2015,0.81854606
760,/Volumes/SmithL0/2026/BIOL470/Final/Learning_Rig/bee_0408_1_fwd/cam1_2026-04-08_16-24-15.mp4,1569.5,1695.5,1314,1376,1825,2015,0.8182186
761,/Volumes/SmithL0/2026/BIOL470/Final/Learning_Rig/bee_0408_1_fwd/cam1_2026-04-08_16-24-15.mp4,1568.5,1695.0,1315,1376,1822,2014,0.81880534
762,/Volumes/SmithL0/2026/BIOL470/Final/Learning_Rig/bee_0408_1_fwd/cam1_2026-04-08_16-24-15.mp4,1569.0,1695.5,1315,1376,1823,2015,0.8165647
763,/Volumes/SmithL0/2026/BIOL470/Final/Learning_Rig/bee_0408_1_fwd/cam1_2026-04-08_16-24-15.mp4,1569.5,1694.5,1315,1375,1824,2014,0.81542134
764,/Volumes/SmithL0/2026/BIOL470/Final/Learning_Rig/bee_0408_1_fwd/cam1_2026-04-08_16-24-15.mp4,1570.0,1695.0,1315,1376,1825,2014,0.8169844
765,/Volumes/SmithL0/2026/BIOL470/Final/Learning_Rig/bee_0408_1_fwd/cam1_2026-04-08_16-24-15.mp4,1569.5,1694.5,1315,1376,1824,2013,0.81549007
766,/Volumes/SmithL0/2026/BIOL470/Final/Learning_Rig/bee_0408_1_fwd/cam1_2026-04-08_16-24-15.mp4,1573.5,1692.5,1317,1372,1830,2013,0.81142807
767,/Volumes/SmithL0/2026/BIOL470/Final/Learning_Rig/bee_0408_1_fwd/cam1_2026-04-08_16-24-15.mp4,1570.0,1693.0,1316,1374,1824,2012,0.8141508
768,/Volumes/SmithL0/2026/BIOL470/Final/Learning_Rig/bee_0408_1_fwd/cam1_2026-04-08_16-24-15.mp4,1569.5,1694.0,1315,1375,1824,2013,0.8167693
769,/Volumes/SmithL0/2026/BIOL470/Final/Learning_Rig/bee_0408_1_fwd/cam1_2026-04-08_16-24-15.mp4,1570.0,1694.0,1315,1374,1825,2014,0.8169682
770,/Volumes/SmithL0/2026/BIOL470/Final/Learning_Rig/bee_0408_1_fwd/cam1_2026-04-08_16-24-15.mp4,1570.5,1695.0,1315,1376,1826,2014,0.8165146
771,/Volumes/SmithL0/2026/BIOL470/Final/Learning_Rig/bee_0408_1_fwd/cam1_2026-04-08_16-24-15.mp4,1570.5,1695.5,1315,1375,1826,2016,0.81637126
772,/Volumes/SmithL0/2026/BIOL470/Final/Learning_Rig/bee_0408_1_fwd/cam1_2026-04-08_16-24-15.mp4,1570.5,1694.5,1315,1375,1826,2014,0.8179579
773,/Volumes/SmithL0/2026/BIOL470/Final/Learning_Rig/bee_0408_1_fwd/cam1_2026-04-08_16-24-15.mp4,1568.5,1695.0,1313,1375,1824,2015,0.8261151
774,/Volumes/SmithL0/2026/BIOL470/Final/Learning_Rig/bee_0408_1_fwd/cam1_2026-04-08_16-24-15.mp4,1569.5,1695.0,1315,1376,1824,2014,0.81697106
775,/Volumes/SmithL0/2026/BIOL470/Final/Learning_Rig/bee_0408_1_fwd/cam1_2026-04-08_16-24-15.mp4,1569.0,1694.5,1315,1375,1823,2014,0.8133733
776,/Volumes/SmithL0/2026/BIOL470/Final/Learning_Rig/bee_0408_1_fwd/cam1_2026-04-08_16-24-15.mp4,1572.5,1693.5,1316,1373,1829,2014,0.8125903
777,/Volumes/SmithL0/2026/BIOL470/Final/Learning_Rig/bee_0408_1_fwd/cam1_2026-04-08_16-24-15.mp4,1573.0,1693.0,1316,1373,1830,2013,0.8111377
778,/Volumes/SmithL0/2026/BIOL470/Final/Learning_Rig/bee_0408_1_fwd/cam1_2026-04-08_16-24-15.mp4,1573.0,1692.0,1317,1373,1829,2011,0.8118914
779,/Volumes/SmithL0/2026/BIOL470/Final/Learning_Rig/bee_0408_1_fwd/cam1_2026-04-08_16-24-15.mp4,1569.5,1693.5,1315,1375,1824,2012,0.8146054
780,/Volumes/SmithL0/2026/BIOL470/Final/Learning_Rig/bee_0408_1_fwd/cam1_2026-04-08_16-24-15.mp4,1571.0,1692.5,1316,1373,1826,2012,0.81177384
781,/Volumes/SmithL0/2026/BIOL470/Final/Learning_Rig/bee_0408_1_fwd/cam1_2026-04-08_16-24-15.mp4,1571.5,1693.0,1316,1373,1827,2013,0.8117417
782,/Volumes/SmithL0/2026/BIOL470/Final/Learning_Rig/bee_0408_1_fwd/cam1_2026-04-08_16-24-15.mp4,1568.5,1695.0,1314,1376,1823,2014,0.81730735
783,/Volumes/SmithL0/2026/BIOL470/Final/Learning_Rig/bee_0408_1_fwd/cam1_2026-04-08_16-24-15.mp4,1569.0,1693.5,1315,1374,1823,2013,0.8184171
784,/Volumes/SmithL0/2026/BIOL470/Final/Learning_Rig/bee_0408_1_fwd/cam1_2026-04-08_16-24-15.mp4,1572.0,1692.5,1316,1372,1828,2013,0.81210643
785,/Volumes/SmithL0/2026/BIOL470/Final/Learning_Rig/bee_0408_1_fwd/cam1_2026-04-08_16-24-15.mp4,1571.5,1692.5,1316,1372,1827,2013,0.8103061
786,/Volumes/SmithL0/2026/BIOL470/Final/Learning_Rig/bee_0408_1_fwd/cam1_2026-04-08_16-24-15.mp4,1571.0,1692.5,1316,1372,1826,2013,0.81251013
787,/Volumes/SmithL0/2026/BIOL470/Final/Learning_Rig/bee_0408_1_fwd/cam1_2026-04-08_16-24-15.mp4,1571.5,1693.0,1315,1372,1828,2014,0.81409425
788,/Volumes/SmithL0/2026/BIOL470/Final/Learning_Rig/bee_0408_1_fwd/cam1_2026-04-08_16-24-15.mp4,1571.5,1692.5,1316,1373,1827,2012,0.8127441
789,/Volumes/SmithL0/2026/BIOL470/Final/Learning_Rig/bee_0408_1_fwd/cam1_2026-04-08_16-24-15.mp4,1568.5,1694.0,1314,1375,1823,2013,0.81693554
790,/Volumes/SmithL0/2026/BIOL470/Final/Learning_Rig/bee_0408_1_fwd/cam1_2026-04-08_16-24-15.mp4,1569.0,1695.0,1315,1375,1823,2015,0.81464064
791,/Volumes/SmithL0/2026/BIOL470/Final/Learning_Rig/bee_0408_1_fwd/cam1_2026-04-08_16-24-15.mp4,1569.0,1695.5,1315,1376,1823,2015,0.81471443
792,/Volumes/SmithL0/2026/BIOL470/Final/Learning_Rig/bee_0408_1_fwd/cam1_2026-04-08_16-24-15.mp4,1568.5,1694.5,1315,1376,1822,2013,0.8128838
793,/Volumes/SmithL0/2026/BIOL470/Final/Learning_Rig/bee_0408_1_fwd/cam1_2026-04-08_16-24-15.mp4,1568.5,1695.0,1315,1375,1822,2015,0.8111044
794,/Volumes/SmithL0/2026/BIOL470/Final/Learning_Rig/bee_0408_1_fwd/cam1_2026-04-08_16-24-15.mp4,1568.0,1695.5,1314,1375,1822,2016,0.81771934
795,/Volumes/SmithL0/2026/BIOL470/Final/Learning_Rig/bee_0408_1_fwd/cam1_2026-04-08_16-24-15.mp4,1568.5,1694.5,1314,1375,1823,2014,0.8182338
796,/Volumes/SmithL0/2026/BIOL470/Final/Learning_Rig/bee_0408_1_fwd/cam1_2026-04-08_16-24-15.mp4,1568.5,1695.0,1314,1375,1823,2015,0.8167436
797,/Volumes/SmithL0/2026/BIOL470/Final/Learning_Rig/bee_0408_1_fwd/cam1_2026-04-08_16-24-15.mp4,1569.5,1694.0,1314,1375,1825,2013,0.8158266
798,/Volumes/SmithL0/2026/BIOL470/Final/Learning_Rig/bee_0408_1_fwd/cam1_2026-04-08_16-24-15.mp4,1573.0,1692.5,1316,1372,1830,2013,0.8114925
799,/Volumes/SmithL0/2026/BIOL470/Final/Learning_Rig/bee_0408_1_fwd/cam1_2026-04-08_16-24-15.mp4,1568.5,1693.0,1315,1375,1822,2011,0.8128796
800,/Volumes/SmithL0/2026/BIOL470/Final/Learning_Rig/bee_0408_1_fwd/cam1_2026-04-08_16-24-15.mp4,1568.5,1694.0,1315,1376,1822,2012,0.81660885
801,/Volumes/SmithL0/2026/BIOL470/Final/Learning_Rig/bee_0408_1_fwd/cam1_2026-04-08_16-24-15.mp4,1569.5,1695.5,1316,1376,1823,2015,0.81710833
802,/Volumes/SmithL0/2026/BIOL470/Final/Learning_Rig/bee_0408_1_fwd/cam1_2026-04-08_16-24-15.mp4,1570.5,1694.5,1316,1375,1825,2014,0.8154686
803,/Volumes/SmithL0/2026/BIOL470/Final/Learning_Rig/bee_0408_1_fwd/cam1_2026-04-08_16-24-15.mp4,1570.0,1695.0,1315,1376,1825,2014,0.8165051
804,/Volumes/SmithL0/2026/BIOL470/Final/Learning_Rig/bee_0408_1_fwd/cam1_2026-04-08_16-24-15.mp4,1569.5,1694.5,1315,1376,1824,2013,0.8136276
805,/Volumes/SmithL0/2026/BIOL470/Final/Learning_Rig/bee_0408_1_fwd/cam1_2026-04-08_16-24-15.mp4,1570.5,1694.0,1315,1375,1826,2013,0.8098294
806,/Volumes/SmithL0/2026/BIOL470/Final/Learning_Rig/bee_0408_1_fwd/cam1_2026-04-08_16-24-15.mp4,1574.5,1693.0,1317,1373,1832,2013,0.8068149
807,/Volumes/SmithL0/2026/BIOL470/Final/Learning_Rig/bee_0408_1_fwd/cam1_2026-04-08_16-24-15.mp4,1574.0,1692.0,1316,1372,1832,2012,0.8108404
808,/Volumes/SmithL0/2026/BIOL470/Final/Learning_Rig/bee_0408_1_fwd/cam1_2026-04-08_16-24-15.mp4,1570.0,1692.5,1315,1375,1825,2010,0.8179694
809,/Volumes/SmithL0/2026/BIOL470/Final/Learning_Rig/bee_0408_1_fwd/cam1_2026-04-08_16-24-15.mp4,1569.5,1692.5,1315,1374,1824,2011,0.8221543
810,/Volumes/SmithL0/2026/BIOL470/Final/Learning_Rig/bee_0408_1_fwd/cam1_2026-04-08_16-24-15.mp4,1569.0,1694.0,1314,1375,1824,2013,0.8233922
811,/Volumes/SmithL0/2026/BIOL470/Final/Learning_Rig/bee_0408_1_fwd/cam1_2026-04-08_16-24-15.mp4,1570.0,1694.0,1315,1374,1825,2014,0.8193651
812,/Volumes/SmithL0/2026/BIOL470/Final/Learning_Rig/bee_0408_1_fwd/cam1_2026-04-08_16-24-15.mp4,1569.0,1693.5,1315,1375,1823,2012,0.81764644
813,/Volumes/SmithL0/2026/BIOL470/Final/Learning_Rig/bee_0408_1_fwd/cam1_2026-04-08_16-24-15.mp4,1569.0,1694.0,1314,1375,1824,2013,0.81891084
814,/Volumes/SmithL0/2026/BIOL470/Final/Learning_Rig/bee_0408_1_fwd/cam1_2026-04-08_16-24-15.mp4,1569.5,1695.5,1315,1375,1824,2016,0.81529886
815,/Volumes/SmithL0/2026/BIOL470/Final/Learning_Rig/bee_0408_1_fwd/cam1_2026-04-08_16-24-15.mp4,1569.5,1695.0,1315,1374,1824,2016,0.8141547
816,/Volumes/SmithL0/2026/BIOL470/Final/Learning_Rig/bee_0408_1_fwd/cam1_2026-04-08_16-24-15.mp4,1569.0,1696.0,1315,1375,1823,2017,0.81666094
817,/Volumes/SmithL0/2026/BIOL470/Final/Learning_Rig/bee_0408_1_fwd/cam1_2026-04-08_16-24-15.mp4,1568.5,1694.0,1314,1374,1823,2014,0.81718403
818,/Volumes/SmithL0/2026/BIOL470/Final/Learning_Rig/bee_0408_1_fwd/cam1_2026-04-08_16-24-15.mp4,1568.5,1695.5,1314,1375,1823,2016,0.82115185
819,/Volumes/SmithL0/2026/BIOL470/Final/Learning_Rig/bee_0408_1_fwd/cam1_2026-04-08_16-24-15.mp4,1568.5,1695.5,1314,1375,1823,2016,0.8194785
820,/Volumes/SmithL0/2026/BIOL470/Final/Learning_Rig/bee_0408_1_fwd/cam1_2026-04-08_16-24-15.mp4,1568.0,1695.0,1315,1375,1821,2015,0.8155097
821,/Volumes/SmithL0/2026/BIOL470/Final/Learning_Rig/bee_0408_1_fwd/cam1_2026-04-08_16-24-15.mp4,1567.5,1694.5,1315,1374,1820,2015,0.81678385
822,/Volumes/SmithL0/2026/BIOL470/Final/Learning_Rig/bee_0408_1_fwd/cam1_2026-04-08_16-24-15.mp4,1568.5,1695.5,1315,1374,1822,2017,0.81843275
823,/Volumes/SmithL0/2026/BIOL470/Final/Learning_Rig/bee_0408_1_fwd/cam1_2026-04-08_16-24-15.mp4,1569.5,1694.5,1315,1373,1824,2016,0.8177876
824,/Volumes/SmithL0/2026/BIOL470/Final/Learning_Rig/bee_0408_1_fwd/cam1_2026-04-08_16-24-15.mp4,1569.0,1696.0,1315,1374,1823,2018,0.8161991
825,/Volumes/SmithL0/2026/BIOL470/Final/Learning_Rig/bee_0408_1_fwd/cam1_2026-04-08_16-24-15.mp4,1569.5,1693.5,1315,1373,1824,2014,0.8161231
826,/Volumes/SmithL0/2026/BIOL470/Final/Learning_Rig/bee_0408_1_fwd/cam1_2026-04-08_16-24-15.mp4,1569.0,1693.0,1314,1374,1824,2012,0.8227617
827,/Volumes/SmithL0/2026/BIOL470/Final/Learning_Rig/bee_0408_1_fwd/cam1_2026-04-08_16-24-15.mp4,1569.5,1692.0,1314,1373,1825,2011,0.81818175
828,/Volumes/SmithL0/2026/BIOL470/Final/Learning_Rig/bee_0408_1_fwd/cam1_2026-04-08_16-24-15.mp4,1568.5,1694.0,1314,1374,1823,2014,0.8213627
829,/Volumes/SmithL0/2026/BIOL470/Final/Learning_Rig/bee_0408_1_fwd/cam1_2026-04-08_16-24-15.mp4,1568.5,1693.5,1314,1373,1823,2014,0.8180356
830,/Volumes/SmithL0/2026/BIOL470/Final/Learning_Rig/bee_0408_1_fwd/cam1_2026-04-08_16-24-15.mp4,1569.0,1693.0,1314,1373,1824,2013,0.8191854
831,/Volumes/SmithL0/2026/BIOL470/Final/Learning_Rig/bee_0408_1_fwd/cam1_2026-04-08_16-24-15.mp4,1569.0,1692.5,1314,1373,1824,2012,0.81796426
832,/Volumes/SmithL0/2026/BIOL470/Final/Learning_Rig/bee_0408_1_fwd/cam1_2026-04-08_16-24-15.mp4,1570.0,1692.0,1314,1373,1826,2011,0.81412333
833,/Volumes/SmithL0/2026/BIOL470/Final/Learning_Rig/bee_0408_1_fwd/cam1_2026-04-08_16-24-15.mp4,1569.5,1692.5,1314,1373,1825,2012,0.8203485
834,/Volumes/SmithL0/2026/BIOL470/Final/Learning_Rig/bee_0408_1_fwd/cam1_2026-04-08_16-24-15.mp4,1570.5,1693.0,1314,1373,1827,2013,0.8205019
835,/Volumes/SmithL0/2026/BIOL470/Final/Learning_Rig/bee_0408_1_fwd/cam1_2026-04-08_16-24-15.mp4,1569.0,1693.5,1313,1374,1825,2013,0.82084763
836,/Volumes/SmithL0/2026/BIOL470/Final/Learning_Rig/bee_0408_1_fwd/cam1_2026-04-08_16-24-15.mp4,1569.5,1692.5,1314,1374,1825,2011,0.8180828
837,/Volumes/SmithL0/2026/BIOL470/Final/Learning_Rig/bee_0408_1_fwd/cam1_2026-04-08_16-24-15.mp4,1569.0,1694.0,1313,1374,1825,2014,0.82112
838,/Volumes/SmithL0/2026/BIOL470/Final/Learning_Rig/bee_0408_1_fwd/cam1_2026-04-08_16-24-15.mp4,1568.5,1693.5,1314,1374,1823,2013,0.8226788
839,/Volumes/SmithL0/2026/BIOL470/Final/Learning_Rig/bee_0408_1_fwd/cam1_2026-04-08_16-24-15.mp4,1568.0,1694.5,1314,1374,1822,2015,0.81738603
840,/Volumes/SmithL0/2026/BIOL470/Final/Learning_Rig/bee_0408_1_fwd/cam1_2026-04-08_16-24-15.mp4,1569.5,1693.5,1314,1374,1825,2013,0.82137376
841,/Volumes/SmithL0/2026/BIOL470/Final/Learning_Rig/bee_0408_1_fwd/cam1_2026-04-08_16-24-15.mp4,1570.0,1694.0,1314,1374,1826,2014,0.81848556
842,/Volumes/SmithL0/2026/BIOL470/Final/Learning_Rig/bee_0408_1_fwd/cam1_2026-04-08_16-24-15.mp4,1569.5,1693.5,1314,1374,1825,2013,0.81659395
843,/Volumes/SmithL0/2026/BIOL470/Final/Learning_Rig/bee_0408_1_fwd/cam1_2026-04-08_16-24-15.mp4,1569.0,1693.5,1314,1374,1824,2013,0.8143285
844,/Volumes/SmithL0/2026/BIOL470/Final/Learning_Rig/bee_0408_1_fwd/cam1_2026-04-08_16-24-15.mp4,1568.5,1694.0,1314,1374,1823,2014,0.817129
845,/Volumes/SmithL0/2026/BIOL470/Final/Learning_Rig/bee_0408_1_fwd/cam1_2026-04-08_16-24-15.mp4,1569.5,1692.5,1314,1374,1825,2011,0.81963193
846,/Volumes/SmithL0/2026/BIOL470/Final/Learning_Rig/bee_0408_1_fwd/cam1_2026-04-08_16-24-15.mp4,1571.0,1692.0,1315,1374,1827,2010,0.81438196
847,/Volumes/SmithL0/2026/BIOL470/Final/Learning_Rig/bee_0408_1_fwd/cam1_2026-04-08_16-24-15.mp4,1571.0,1692.5,1315,1374,1827,2011,0.81493765
848,/Volumes/SmithL0/2026/BIOL470/Final/Learning_Rig/bee_0408_1_fwd/cam1_2026-04-08_16-24-15.mp4,1570.0,1692.5,1314,1373,1826,2012,0.8167731
849,/Volumes/SmithL0/2026/BIOL470/Final/Learning_Rig/bee_0408_1_fwd/cam1_2026-04-08_16-24-15.mp4,1569.0,1693.5,1314,1374,1824,2013,0.8188565
850,/Volumes/SmithL0/2026/BIOL470/Final/Learning_Rig/bee_0408_1_fwd/cam1_2026-04-08_16-24-15.mp4,1569.5,1692.0,1314,1374,1825,2010,0.81781477
851,/Volumes/SmithL0/2026/BIOL470/Final/Learning_Rig/bee_0408_1_fwd/cam1_2026-04-08_16-24-15.mp4,1570.0,1693.5,1315,1373,1825,2014,0.81369805
852,/Volumes/SmithL0/2026/BIOL470/Final/Learning_Rig/bee_0408_1_fwd/cam1_2026-04-08_16-24-15.mp4,1569.5,1693.0,1314,1374,1825,2012,0.81731516
853,/Volumes/SmithL0/2026/BIOL470/Final/Learning_Rig/bee_0408_1_fwd/cam1_2026-04-08_16-24-15.mp4,1570.5,1694.0,1315,1374,1826,2014,0.8148134
854,/Volumes/SmithL0/2026/BIOL470/Final/Learning_Rig/bee_0408_1_fwd/cam1_2026-04-08_16-24-15.mp4,1569.5,1694.0,1314,1374,1825,2014,0.8196675
855,/Volumes/SmithL0/2026/BIOL470/Final/Learning_Rig/bee_0408_1_fwd/cam1_2026-04-08_16-24-15.mp4,1569.5,1695.0,1315,1374,1824,2016,0.8175763
856,/Volumes/SmithL0/2026/BIOL470/Final/Learning_Rig/bee_0408_1_fwd/cam1_2026-04-08_16-24-15.mp4,1573.5,1693.0,1316,1372,1831,2014,0.811465
857,/Volumes/SmithL0/2026/BIOL470/Final/Learning_Rig/bee_0408_1_fwd/cam1_2026-04-08_16-24-15.mp4,1570.0,1694.0,1314,1373,1826,2015,0.8155172
858,/Volumes/SmithL0/2026/BIOL470/Final/Learning_Rig/bee_0408_1_fwd/cam1_2026-04-08_16-24-15.mp4,1570.5,1694.5,1315,1374,1826,2015,0.8129719
859,/Volumes/SmithL0/2026/BIOL470/Final/Learning_Rig/bee_0408_1_fwd/cam1_2026-04-08_16-24-15.mp4,1574.0,1692.0,1315,1371,1833,2013,0.8080842
860,/Volumes/SmithL0/2026/BIOL470/Final/Learning_Rig/bee_0408_1_fwd/cam1_2026-04-08_16-24-15.mp4,1570.0,1694.5,1314,1374,1826,2015,0.809999
861,/Volumes/SmithL0/2026/BIOL470/Final/Learning_Rig/bee_0408_1_fwd/cam1_2026-04-08_16-24-15.mp4,1570.0,1693.0,1314,1373,1826,2013,0.812959
862,/Volumes/SmithL0/2026/BIOL470/Final/Learning_Rig/bee_0408_1_fwd/cam1_2026-04-08_16-24-15.mp4,1570.0,1693.5,1314,1373,1826,2014,0.81763273
863,/Volumes/SmithL0/2026/BIOL470/Final/Learning_Rig/bee_0408_1_fwd/cam1_2026-04-08_16-24-15.mp4,1572.5,1691.5,1315,1372,1830,2011,0.81098515
864,/Volumes/SmithL0/2026/BIOL470/Final/Learning_Rig/bee_0408_1_fwd/cam1_2026-04-08_16-24-15.mp4,1569.0,1693.5,1314,1374,1824,2013,0.8201079
865,/Volumes/SmithL0/2026/BIOL470/Final/Learning_Rig/bee_0408_1_fwd/cam1_2026-04-08_16-24-15.mp4,1569.5,1693.5,1315,1374,1824,2013,0.81427884
866,/Volumes/SmithL0/2026/BIOL470/Final/Learning_Rig/bee_0408_1_fwd/cam1_2026-04-08_16-24-15.mp4,1569.0,1693.0,1314,1374,1824,2012,0.8162691
867,/Volumes/SmithL0/2026/BIOL470/Final/Learning_Rig/bee_0408_1_fwd/cam1_2026-04-08_16-24-15.mp4,1573.0,1691.5,1315,1371,1831,2012,0.81125605
868,/Volumes/SmithL0/2026/BIOL470/Final/Learning_Rig/bee_0408_1_fwd/cam1_2026-04-08_16-24-15.mp4,1569.0,1693.5,1313,1374,1825,2013,0.82254946
869,/Volumes/SmithL0/2026/BIOL470/Final/Learning_Rig/bee_0408_1_fwd/cam1_2026-04-08_16-24-15.mp4,1568.0,1692.5,1313,1373,1823,2012,0.8245643
870,/Volumes/SmithL0/2026/BIOL470/Final/Learning_Rig/bee_0408_1_fwd/cam1_2026-04-08_16-24-15.mp4,1573.5,1692.5,1316,1371,1831,2014,0.8127279
871,/Volumes/SmithL0/2026/BIOL470/Final/Learning_Rig/bee_0408_1_fwd/cam1_2026-04-08_16-24-15.mp4,1569.5,1693.5,1315,1373,1824,2014,0.81653416
872,/Volumes/SmithL0/2026/BIOL470/Final/Learning_Rig/bee_0408_1_fwd/cam1_2026-04-08_16-24-15.mp4,1569.0,1694.5,1314,1374,1824,2015,0.8196598
873,/Volumes/SmithL0/2026/BIOL470/Final/Learning_Rig/bee_0408_1_fwd/cam1_2026-04-08_16-24-15.mp4,1569.0,1692.5,1314,1373,1824,2012,0.81327486
874,/Volumes/SmithL0/2026/BIOL470/Final/Learning_Rig/bee_0408_1_fwd/cam1_2026-04-08_16-24-15.mp4,1571.5,1692.0,1316,1371,1827,2013,0.8115881
875,/Volumes/SmithL0/2026/BIOL470/Final/Learning_Rig/bee_0408_1_fwd/cam1_2026-04-08_16-24-15.mp4,1568.0,1693.0,1315,1373,1821,2013,0.8136551
876,/Volumes/SmithL0/2026/BIOL470/Final/Learning_Rig/bee_0408_1_fwd/cam1_2026-04-08_16-24-15.mp4,1571.5,1692.0,1315,1371,1828,2013,0.81127566
877,/Volumes/SmithL0/2026/BIOL470/Final/Learning_Rig/bee_0408_1_fwd/cam1_2026-04-08_16-24-15.mp4,1568.0,1693.0,1314,1373,1822,2013,0.81380206
878,/Volumes/SmithL0/2026/BIOL470/Final/Learning_Rig/bee_0408_1_fwd/cam1_2026-04-08_16-24-15.mp4,1568.5,1694.0,1315,1374,1822,2014,0.8148786
879,/Volumes/SmithL0/2026/BIOL470/Final/Learning_Rig/bee_0408_1_fwd/cam1_2026-04-08_16-24-15.mp4,1568.0,1693.0,1314,1374,1822,2012,0.819923
880,/Volumes/SmithL0/2026/BIOL470/Final/Learning_Rig/bee_0408_1_fwd/cam1_2026-04-08_16-24-15.mp4,1568.5,1694.0,1314,1375,1823,2013,0.8208618
881,/Volumes/SmithL0/2026/BIOL470/Final/Learning_Rig/bee_0408_1_fwd/cam1_2026-04-08_16-24-15.mp4,1568.5,1693.5,1314,1374,1823,2013,0.8199102
882,/Volumes/SmithL0/2026/BIOL470/Final/Learning_Rig/bee_0408_1_fwd/cam1_2026-04-08_16-24-15.mp4,1567.5,1693.5,1314,1375,1821,2012,0.8196159
883,/Volumes/SmithL0/2026/BIOL470/Final/Learning_Rig/bee_0408_1_fwd/cam1_2026-04-08_16-24-15.mp4,1567.5,1693.5,1314,1374,1821,2013,0.8211131
884,/Volumes/SmithL0/2026/BIOL470/Final/Learning_Rig/bee_0408_1_fwd/cam1_2026-04-08_16-24-15.mp4,1567.0,1694.5,1314,1375,1820,2014,0.81987405
885,/Volumes/SmithL0/2026/BIOL470/Final/Learning_Rig/bee_0408_1_fwd/cam1_2026-04-08_16-24-15.mp4,1568.0,1695.0,1315,1375,1821,2015,0.8123736
886,/Volumes/SmithL0/2026/BIOL470/Final/Learning_Rig/bee_0408_1_fwd/cam1_2026-04-08_16-24-15.mp4,1567.5,1695.0,1315,1375,1820,2015,0.81416357
887,/Volumes/SmithL0/2026/BIOL470/Final/Learning_Rig/bee_0408_1_fwd/cam1_2026-04-08_16-24-15.mp4,1568.0,1694.0,1315,1375,1821,2013,0.81530106
888,/Volumes/SmithL0/2026/BIOL470/Final/Learning_Rig/bee_0408_1_fwd/cam1_2026-04-08_16-24-15.mp4,1567.0,1694.0,1314,1375,1820,2013,0.8198119
889,/Volumes/SmithL0/2026/BIOL470/Final/Learning_Rig/bee_0408_1_fwd/cam1_2026-04-08_16-24-15.mp4,1567.0,1695.0,1314,1375,1820,2015,0.8200923
890,/Volumes/SmithL0/2026/BIOL470/Final/Learning_Rig/bee_0408_1_fwd/cam1_2026-04-08_16-24-15.mp4,1567.0,1694.5,1314,1375,1820,2014,0.81822443
891,/Volumes/SmithL0/2026/BIOL470/Final/Learning_Rig/bee_0408_1_fwd/cam1_2026-04-08_16-24-15.mp4,1567.0,1694.0,1314,1374,1820,2014,0.8216459
892,/Volumes/SmithL0/2026/BIOL470/Final/Learning_Rig/bee_0408_1_fwd/cam1_2026-04-08_16-24-15.mp4,1566.5,1694.0,1314,1375,1819,2013,0.8199123
893,/Volumes/SmithL0/2026/BIOL470/Final/Learning_Rig/bee_0408_1_fwd/cam1_2026-04-08_16-24-15.mp4,1567.5,1693.5,1315,1374,1820,2013,0.8145953
894,/Volumes/SmithL0/2026/BIOL470/Final/Learning_Rig/bee_0408_1_fwd/cam1_2026-04-08_16-24-15.mp4,1567.0,1693.5,1315,1374,1819,2013,0.8164562
895,/Volumes/SmithL0/2026/BIOL470/Final/Learning_Rig/bee_0408_1_fwd/cam1_2026-04-08_16-24-15.mp4,1567.0,1694.5,1314,1374,1820,2015,0.8212762
896,/Volumes/SmithL0/2026/BIOL470/Final/Learning_Rig/bee_0408_1_fwd/cam1_2026-04-08_16-24-15.mp4,1567.5,1693.5,1314,1374,1821,2013,0.81654066
897,/Volumes/SmithL0/2026/BIOL470/Final/Learning_Rig/bee_0408_1_fwd/cam1_2026-04-08_16-24-15.mp4,1571.0,1692.0,1315,1372,1827,2012,0.81391543
898,/Volumes/SmithL0/2026/BIOL470/Final/Learning_Rig/bee_0408_1_fwd/cam1_2026-04-08_16-24-15.mp4,1568.0,1693.0,1315,1374,1821,2012,0.8135638
899,/Volumes/SmithL0/2026/BIOL470/Final/Learning_Rig/bee_0408_1_fwd/cam1_2026-04-08_16-24-15.mp4,1569.0,1693.0,1315,1374,1823,2012,0.81706583
900,/Volumes/SmithL0/2026/BIOL470/Final/Learning_Rig/bee_0408_1_fwd/cam1_2026-04-08_16-24-15.mp4,1570.5,1692.0,1315,1372,1826,2012,0.8147499
901,/Volumes/SmithL0/2026/BIOL470/Final/Learning_Rig/bee_0408_1_fwd/cam1_2026-04-08_16-24-15.mp4,1570.5,1691.5,1315,1372,1826,2011,0.8138865
902,/Volumes/SmithL0/2026/BIOL470/Final/Learning_Rig/bee_0408_1_fwd/cam1_2026-04-08_16-24-15.mp4,1567.0,1693.5,1314,1374,1820,2013,0.821885
903,/Volumes/SmithL0/2026/BIOL470/Final/Learning_Rig/bee_0408_1_fwd/cam1_2026-04-08_16-24-15.mp4,1567.5,1693.5,1314,1373,1821,2014,0.8216668
904,/Volumes/SmithL0/2026/BIOL470/Final/Learning_Rig/bee_0408_1_fwd/cam1_2026-04-08_16-24-15.mp4,1567.5,1693.5,1313,1373,1822,2014,0.82406604
905,/Volumes/SmithL0/2026/BIOL470/Final/Learning_Rig/bee_0408_1_fwd/cam1_2026-04-08_16-24-15.mp4,1566.5,1693.5,1313,1373,1820,2014,0.82439107
906,/Volumes/SmithL0/2026/BIOL470/Final/Learning_Rig/bee_0408_1_fwd/cam1_2026-04-08_16-24-15.mp4,1567.0,1693.0,1314,1373,1820,2013,0.8207339
907,/Volumes/SmithL0/2026/BIOL470/Final/Learning_Rig/bee_0408_1_fwd/cam1_2026-04-08_16-24-15.mp4,1567.5,1692.0,1314,1373,1821,2011,0.8209191
908,/Volumes/SmithL0/2026/BIOL470/Final/Learning_Rig/bee_0408_1_fwd/cam1_2026-04-08_16-24-15.mp4,1568.5,1692.0,1314,1373,1823,2011,0.8163691
909,/Volumes/SmithL0/2026/BIOL470/Final/Learning_Rig/bee_0408_1_fwd/cam1_2026-04-08_16-24-15.mp4,1568.5,1692.5,1315,1373,1822,2012,0.81769735
910,/Volumes/SmithL0/2026/BIOL470/Final/Learning_Rig/bee_0408_1_fwd/cam1_2026-04-08_16-24-15.mp4,1568.5,1691.5,1315,1373,1822,2010,0.8150442
911,/Volumes/SmithL0/2026/BIOL470/Final/Learning_Rig/bee_0408_1_fwd/cam1_2026-04-08_16-24-15.mp4,1571.5,1690.5,1316,1371,1827,2010,0.8125457
912,/Volumes/SmithL0/2026/BIOL470/Final/Learning_Rig/bee_0408_1_fwd/cam1_2026-04-08_16-24-15.mp4,1567.5,1690.5,1315,1372,1820,2009,0.8134467
913,/Volumes/SmithL0/2026/BIOL470/Final/Learning_Rig/bee_0408_1_fwd/cam1_2026-04-08_16-24-15.mp4,1567.0,1691.5,1315,1372,1819,2011,0.8153119
914,/Volumes/SmithL0/2026/BIOL470/Final/Learning_Rig/bee_0408_1_fwd/cam1_2026-04-08_16-24-15.mp4,1567.0,1690.5,1315,1372,1819,2009,0.8159088
915,/Volumes/SmithL0/2026/BIOL470/Final/Learning_Rig/bee_0408_1_fwd/cam1_2026-04-08_16-24-15.mp4,1567.5,1691.5,1315,1373,1820,2010,0.8156616
916,/Volumes/SmithL0/2026/BIOL470/Final/Learning_Rig/bee_0408_1_fwd/cam1_2026-04-08_16-24-15.mp4,1570.0,1690.5,1316,1372,1824,2009,0.81558627
917,/Volumes/SmithL0/2026/BIOL470/Final/Learning_Rig/bee_0408_1_fwd/cam1_2026-04-08_16-24-15.mp4,1571.5,1690.5,1316,1371,1827,2010,0.8148348
918,/Volumes/SmithL0/2026/BIOL470/Final/Learning_Rig/bee_0408_1_fwd/cam1_2026-04-08_16-24-15.mp4,1571.0,1691.0,1316,1371,1826,2011,0.8127906
919,/Volumes/SmithL0/2026/BIOL470/Final/Learning_Rig/bee_0408_1_fwd/cam1_2026-04-08_16-24-15.mp4,1572.0,1690.5,1316,1371,1828,2010,0.8122344
920,/Volumes/SmithL0/2026/BIOL470/Final/Learning_Rig/bee_0408_1_fwd/cam1_2026-04-08_16-24-15.mp4,1568.0,1692.0,1315,1373,1821,2011,0.8125726
921,/Volumes/SmithL0/2026/BIOL470/Final/Learning_Rig/bee_0408_1_fwd/cam1_2026-04-08_16-24-15.mp4,1569.5,1690.0,1315,1371,1824,2009,0.8107157
922,/Volumes/SmithL0/2026/BIOL470/Final/Learning_Rig/bee_0408_1_fwd/cam1_2026-04-08_16-24-15.mp4,1567.5,1691.5,1315,1374,1820,2009,0.8137184
923,/Volumes/SmithL0/2026/BIOL470/Final/Learning_Rig/bee_0408_1_fwd/cam1_2026-04-08_16-24-15.mp4,1566.0,1691.5,1314,1373,1818,2010,0.81620204
924,/Volumes/SmithL0/2026/BIOL470/Final/Learning_Rig/bee_0408_1_fwd/cam1_2026-04-08_16-24-15.mp4,1570.5,1691.0,1316,1371,1825,2011,0.81254995
925,/Volumes/SmithL0/2026/BIOL470/Final/Learning_Rig/bee_0408_1_fwd/cam1_2026-04-08_16-24-15.mp4,1569.5,1690.0,1315,1371,1824,2009,0.8118499
926,/Volumes/SmithL0/2026/BIOL470/Final/Learning_Rig/bee_0408_1_fwd/cam1_2026-04-08_16-24-15.mp4,1567.0,1692.5,1314,1373,1820,2012,0.81514883
927,/Volumes/SmithL0/2026/BIOL470/Final/Learning_Rig/bee_0408_1_fwd/cam1_2026-04-08_16-24-15.mp4,1566.5,1691.5,1314,1373,1819,2010,0.8180961
928,/Volumes/SmithL0/2026/BIOL470/Final/Learning_Rig/bee_0408_1_fwd/cam1_2026-04-08_16-24-15.mp4,1566.5,1691.5,1314,1373,1819,2010,0.8158115
929,/Volumes/SmithL0/2026/BIOL470/Final/Learning_Rig/bee_0408_1_fwd/cam1_2026-04-08_16-24-15.mp4,1570.0,1690.0,1316,1371,1824,2009,0.81354135
930,/Volumes/SmithL0/2026/BIOL470/Final/Learning_Rig/bee_0408_1_fwd/cam1_2026-04-08_16-24-15.mp4,1566.5,1692.5,1314,1374,1819,2011,0.81693596
931,/Volumes/SmithL0/2026/BIOL470/Final/Learning_Rig/bee_0408_1_fwd/cam1_2026-04-08_16-24-15.mp4,1566.5,1692.5,1314,1374,1819,2011,0.82088375
932,/Volumes/SmithL0/2026/BIOL470/Final/Learning_Rig/bee_0408_1_fwd/cam1_2026-04-08_16-24-15.mp4,1566.5,1693.5,1314,1375,1819,2012,0.81754
933,/Volumes/SmithL0/2026/BIOL470/Final/Learning_Rig/bee_0408_1_fwd/cam1_2026-04-08_16-24-15.mp4,1567.0,1692.5,1314,1374,1820,2011,0.8149824
934,/Volumes/SmithL0/2026/BIOL470/Final/Learning_Rig/bee_0408_1_fwd/cam1_2026-04-08_16-24-15.mp4,1568.5,1694.0,1314,1375,1823,2013,0.818501
935,/Volumes/SmithL0/2026/BIOL470/Final/Learning_Rig/bee_0408_1_fwd/cam1_2026-04-08_16-24-15.mp4,1567.5,1692.5,1314,1374,1821,2011,0.81373274
936,/Volumes/SmithL0/2026/BIOL470/Final/Learning_Rig/bee_0408_1_fwd/cam1_2026-04-08_16-24-15.mp4,1570.5,1690.0,1315,1371,1826,2009,0.813493
937,/Volumes/SmithL0/2026/BIOL470/Final/Learning_Rig/bee_0408_1_fwd/cam1_2026-04-08_16-24-15.mp4,1569.0,1690.5,1315,1371,1823,2010,0.8161793
938,/Volumes/SmithL0/2026/BIOL470/Final/Learning_Rig/bee_0408_1_fwd/cam1_2026-04-08_16-24-15.mp4,1570.0,1691.5,1316,1372,1824,2011,0.8165201
939,/Volumes/SmithL0/2026/BIOL470/Final/Learning_Rig/bee_0408_1_fwd/cam1_2026-04-08_16-24-15.mp4,1566.0,1693.5,1314,1374,1818,2013,0.8196998
940,/Volumes/SmithL0/2026/BIOL470/Final/Learning_Rig/bee_0408_1_fwd/cam1_2026-04-08_16-24-15.mp4,1566.5,1693.0,1314,1373,1819,2013,0.8215355
941,/Volumes/SmithL0/2026/BIOL470/Final/Learning_Rig/bee_0408_1_fwd/cam1_2026-04-08_16-24-15.mp4,1568.0,1693.0,1315,1373,1821,2013,0.81784034
942,/Volumes/SmithL0/2026/BIOL470/Final/Learning_Rig/bee_0408_1_fwd/cam1_2026-04-08_16-24-15.mp4,1567.5,1692.0,1314,1372,1821,2012,0.8184229
943,/Volumes/SmithL0/2026/BIOL470/Final/Learning_Rig/bee_0408_1_fwd/cam1_2026-04-08_16-24-15.mp4,1569.0,1691.0,1315,1372,1823,2010,0.8153654
944,/Volumes/SmithL0/2026/BIOL470/Final/Learning_Rig/bee_0408_1_fwd/cam1_2026-04-08_16-24-15.mp4,1567.0,1690.5,1314,1372,1820,2009,0.8167786
945,/Volumes/SmithL0/2026/BIOL470/Final/Learning_Rig/bee_0408_1_fwd/cam1_2026-04-08_16-24-15.mp4,1566.5,1691.5,1314,1373,1819,2010,0.8209327
946,/Volumes/SmithL0/2026/BIOL470/Final/Learning_Rig/bee_0408_1_fwd/cam1_2026-04-08_16-24-15.mp4,1567.0,1691.0,1314,1373,1820,2009,0.816813
947,/Volumes/SmithL0/2026/BIOL470/Final/Learning_Rig/bee_0408_1_fwd/cam1_2026-04-08_16-24-15.mp4,1566.0,1690.0,1314,1373,1818,2007,0.8169122
948,/Volumes/SmithL0/2026/BIOL470/Final/Learning_Rig/bee_0408_1_fwd/cam1_2026-04-08_16-24-15.mp4,1567.0,1690.5,1314,1374,1820,2007,0.817027
949,/Volumes/SmithL0/2026/BIOL470/Final/Learning_Rig/bee_0408_1_fwd/cam1_2026-04-08_16-24-15.mp4,1566.0,1691.0,1314,1374,1818,2008,0.8137483
950,/Volumes/SmithL0/2026/BIOL470/Final/Learning_Rig/bee_0408_1_fwd/cam1_2026-04-08_16-24-15.mp4,1567.0,1691.0,1314,1373,1820,2009,0.8178108
951,/Volumes/SmithL0/2026/BIOL470/Final/Learning_Rig/bee_0408_1_fwd/cam1_2026-04-08_16-24-15.mp4,1567.0,1690.5,1313,1374,1821,2007,0.8207137
952,/Volumes/SmithL0/2026/BIOL470/Final/Learning_Rig/bee_0408_1_fwd/cam1_2026-04-08_16-24-15.mp4,1567.5,1690.5,1315,1373,1820,2008,0.815375
953,/Volumes/SmithL0/2026/BIOL470/Final/Learning_Rig/bee_0408_1_fwd/cam1_2026-04-08_16-24-15.mp4,1566.5,1690.5,1314,1373,1819,2008,0.8154139
954,/Volumes/SmithL0/2026/BIOL470/Final/Learning_Rig/bee_0408_1_fwd/cam1_2026-04-08_16-24-15.mp4,1568.0,1690.5,1315,1374,1821,2007,0.81369096
955,/Volumes/SmithL0/2026/BIOL470/Final/Learning_Rig/bee_0408_1_fwd/cam1_2026-04-08_16-24-15.mp4,1568.0,1692.0,1314,1374,1822,2010,0.8163772
956,/Volumes/SmithL0/2026/BIOL470/Final/Learning_Rig/bee_0408_1_fwd/cam1_2026-04-08_16-24-15.mp4,1568.0,1692.0,1314,1374,1822,2010,0.82225865
957,/Volumes/SmithL0/2026/BIOL470/Final/Learning_Rig/bee_0408_1_fwd/cam1_2026-04-08_16-24-15.mp4,1568.0,1692.5,1314,1374,1822,2011,0.8181872
958,/Volumes/SmithL0/2026/BIOL470/Final/Learning_Rig/bee_0408_1_fwd/cam1_2026-04-08_16-24-15.mp4,1568.0,1693.5,1314,1375,1822,2012,0.8198384
959,/Volumes/SmithL0/2026/BIOL470/Final/Learning_Rig/bee_0408_1_fwd/cam1_2026-04-08_16-24-15.mp4,1572.0,1691.5,1316,1372,1828,2011,0.8154838
960,/Volumes/SmithL0/2026/BIOL470/Final/Learning_Rig/bee_0408_1_fwd/cam1_2026-04-08_16-24-15.mp4,1568.0,1692.5,1314,1373,1822,2012,0.81591135
961,/Volumes/SmithL0/2026/BIOL470/Final/Learning_Rig/bee_0408_1_fwd/cam1_2026-04-08_16-24-15.mp4,1570.5,1691.5,1315,1371,1826,2012,0.81451637
962,/Volumes/SmithL0/2026/BIOL470/Final/Learning_Rig/bee_0408_1_fwd/cam1_2026-04-08_16-24-15.mp4,1570.5,1692.0,1315,1372,1826,2012,0.81431365
