,filepath,x_centroid,y_centroid,x_min,y_min,x_max,y_max,detection_confidence
0,/Volumes/SmithL0/2026/BIOL470/Final/Learning_Rig/bee_0408_1_fwd/cam1_2026-04-08_16-20-55.mp4,1462.0,1642.0,1141,1373,1783,1911,0.7872224
1,/Volumes/SmithL0/2026/BIOL470/Final/Learning_Rig/bee_0408_1_fwd/cam1_2026-04-08_16-20-55.mp4,1461.5,1641.5,1140,1371,1783,1912,0.7870011
2,/Volumes/SmithL0/2026/BIOL470/Final/Learning_Rig/bee_0408_1_fwd/cam1_2026-04-08_16-20-55.mp4,1462.0,1644.5,1141,1372,1783,1917,0.7848887
3,/Volumes/SmithL0/2026/BIOL470/Final/Learning_Rig/bee_0408_1_fwd/cam1_2026-04-08_16-20-55.mp4,1461.0,1641.5,1140,1373,1782,1910,0.78433686
4,/Volumes/SmithL0/2026/BIOL470/Final/Learning_Rig/bee_0408_1_fwd/cam1_2026-04-08_16-20-55.mp4,1461.0,1639.0,1140,1372,1782,1906,0.78926414
5,/Volumes/SmithL0/2026/BIOL470/Final/Learning_Rig/bee_0408_1_fwd/cam1_2026-04-08_16-20-55.mp4,1461.5,1641.5,1141,1373,1782,1910,0.78936946
6,/Volumes/SmithL0/2026/BIOL470/Final/Learning_Rig/bee_0408_1_fwd/cam1_2026-04-08_16-20-55.mp4,1461.0,1642.0,1140,1373,1782,1911,0.78674537
7,/Volumes/SmithL0/2026/BIOL470/Final/Learning_Rig/bee_0408_1_fwd/cam1_2026-04-08_16-20-55.mp4,1462.0,1644.0,1141,1374,1783,1914,0.78378624
8,/Volumes/SmithL0/2026/BIOL470/Final/Learning_Rig/bee_0408_1_fwd/cam1_2026-04-08_16-20-55.mp4,1462.0,1653.5,1140,1374,1784,1933,0.7783579
9,/Volumes/SmithL0/2026/BIOL470/Final/Learning_Rig/bee_0408_1_fwd/cam1_2026-04-08_16-20-55.mp4,1463.0,1657.5,1141,1373,1785,1942,0.77633786
10,/Volumes/SmithL0/2026/BIOL470/Final/Learning_Rig/bee_0408_1_fwd/cam1_2026-04-08_16-20-55.mp4,1462.0,1646.0,1141,1374,1783,1918,0.78513336
11,/Volumes/SmithL0/2026/BIOL470/Final/Learning_Rig/bee_0408_1_fwd/cam1_2026-04-08_16-20-55.mp4,1461.5,1641.0,1141,1373,1782,1909,0.78682536
12,/Volumes/SmithL0/2026/BIOL470/Final/Learning_Rig/bee_0408_1_fwd/cam1_2026-04-08_16-20-55.mp4,1461.5,1641.0,1141,1374,1782,1908,0.7819813
13,/Volumes/SmithL0/2026/BIOL470/Final/Learning_Rig/bee_0408_1_fwd/cam1_2026-04-08_16-20-55.mp4,1462.5,1643.5,1141,1373,1784,1914,0.78079337
14,/Volumes/SmithL0/2026/BIOL470/Final/Learning_Rig/bee_0408_1_fwd/cam1_2026-04-08_16-20-55.mp4,1462.0,1639.0,1141,1373,1783,1905,0.78466797
15,/Volumes/SmithL0/2026/BIOL470/Final/Learning_Rig/bee_0408_1_fwd/cam1_2026-04-08_16-20-55.mp4,1462.0,1640.0,1141,1373,1783,1907,0.7855264
16,/Volumes/SmithL0/2026/BIOL470/Final/Learning_Rig/bee_0408_1_fwd/cam1_2026-04-08_16-20-55.mp4,1461.5,1640.0,1140,1374,1783,1906,0.7856405
17,/Volumes/SmithL0/2026/BIOL470/Final/Learning_Rig/bee_0408_1_fwd/cam1_2026-04-08_16-20-55.mp4,1461.5,1645.0,1140,1374,1783,1916,0.7835816
18,/Volumes/SmithL0/2026/BIOL470/Final/Learning_Rig/bee_0408_1_fwd/cam1_2026-04-08_16-20-55.mp4,1462.0,1645.0,1141,1373,1783,1917,0.7809002
19,/Volumes/SmithL0/2026/BIOL470/Final/Learning_Rig/bee_0408_1_fwd/cam1_2026-04-08_16-20-55.mp4,1462.0,1642.5,1141,1373,1783,1912,0.782143
20,/Volumes/SmithL0/2026/BIOL470/Final/Learning_Rig/bee_0408_1_fwd/cam1_2026-04-08_16-20-55.mp4,1462.0,1640.0,1141,1372,1783,1908,0.78269666
21,/Volumes/SmithL0/2026/BIOL470/Final/Learning_Rig/bee_0408_1_fwd/cam1_2026-04-08_16-20-55.mp4,1461.5,1640.5,1140,1373,1783,1908,0.7827352
22,/Volumes/SmithL0/2026/BIOL470/Final/Learning_Rig/bee_0408_1_fwd/cam1_2026-04-08_16-20-55.mp4,1462.0,1644.0,1140,1374,1784,1914,0.7785851
23,/Volumes/SmithL0/2026/BIOL470/Final/Learning_Rig/bee_0408_1_fwd/cam1_2026-04-08_16-20-55.mp4,1462.0,1649.0,1140,1375,1784,1923,0.78334075
24,/Volumes/SmithL0/2026/BIOL470/Final/Learning_Rig/bee_0408_1_fwd/cam1_2026-04-08_16-20-55.mp4,1462.0,1639.5,1141,1374,1783,1905,0.7826122
25,/Volumes/SmithL0/2026/BIOL470/Final/Learning_Rig/bee_0408_1_fwd/cam1_2026-04-08_16-20-55.mp4,1461.5,1640.5,1141,1374,1782,1907,0.7857587
26,/Volumes/SmithL0/2026/BIOL470/Final/Learning_Rig/bee_0408_1_fwd/cam1_2026-04-08_16-20-55.mp4,1461.5,1641.5,1140,1375,1783,1908,0.7822623
27,/Volumes/SmithL0/2026/BIOL470/Final/Learning_Rig/bee_0408_1_fwd/cam1_2026-04-08_16-20-55.mp4,1461.0,1642.0,1140,1375,1782,1909,0.7849493
28,/Volumes/SmithL0/2026/BIOL470/Final/Learning_Rig/bee_0408_1_fwd/cam1_2026-04-08_16-20-55.mp4,1461.5,1641.0,1141,1375,1782,1907,0.78509736
29,/Volumes/SmithL0/2026/BIOL470/Final/Learning_Rig/bee_0408_1_fwd/cam1_2026-04-08_16-20-55.mp4,1461.5,1640.0,1141,1374,1782,1906,0.7858328
30,/Volumes/SmithL0/2026/BIOL470/Final/Learning_Rig/bee_0408_1_fwd/cam1_2026-04-08_16-20-55.mp4,1462.5,1643.5,1142,1373,1783,1914,0.7848875
31,/Volumes/SmithL0/2026/BIOL470/Final/Learning_Rig/bee_0408_1_fwd/cam1_2026-04-08_16-20-55.mp4,1462.5,1642.5,1142,1373,1783,1912,0.7846377
32,/Volumes/SmithL0/2026/BIOL470/Final/Learning_Rig/bee_0408_1_fwd/cam1_2026-04-08_16-20-55.mp4,1462.5,1641.5,1142,1373,1783,1910,0.78305954
33,/Volumes/SmithL0/2026/BIOL470/Final/Learning_Rig/bee_0408_1_fwd/cam1_2026-04-08_16-20-55.mp4,1463.0,1642.0,1142,1372,1784,1912,0.7820053
34,/Volumes/SmithL0/2026/BIOL470/Final/Learning_Rig/bee_0408_1_fwd/cam1_2026-04-08_16-20-55.mp4,1462.0,1639.0,1140,1373,1784,1905,0.7846598
35,/Volumes/SmithL0/2026/BIOL470/Final/Learning_Rig/bee_0408_1_fwd/cam1_2026-04-08_16-20-55.mp4,1462.0,1641.5,1139,1372,1785,1911,0.7866011
36,/Volumes/SmithL0/2026/BIOL470/Final/Learning_Rig/bee_0408_1_fwd/cam1_2026-04-08_16-20-55.mp4,1462.0,1650.5,1139,1373,1785,1928,0.78183234
37,/Volumes/SmithL0/2026/BIOL470/Final/Learning_Rig/bee_0408_1_fwd/cam1_2026-04-08_16-20-55.mp4,1461.0,1639.5,1138,1372,1784,1907,0.783638
38,/Volumes/SmithL0/2026/BIOL470/Final/Learning_Rig/bee_0408_1_fwd/cam1_2026-04-08_16-20-55.mp4,1459.5,1638.0,1139,1371,1780,1905,0.7903578
39,/Volumes/SmithL0/2026/BIOL470/Final/Learning_Rig/bee_0408_1_fwd/cam1_2026-04-08_16-20-55.mp4,1461.0,1638.0,1141,1371,1781,1905,0.7842309
40,/Volumes/SmithL0/2026/BIOL470/Final/Learning_Rig/bee_0408_1_fwd/cam1_2026-04-08_16-20-55.mp4,1460.0,1639.0,1140,1371,1780,1907,0.78391933
41,/Volumes/SmithL0/2026/BIOL470/Final/Learning_Rig/bee_0408_1_fwd/cam1_2026-04-08_16-20-55.mp4,1460.0,1640.0,1140,1373,1780,1907,0.78324085
42,/Volumes/SmithL0/2026/BIOL470/Final/Learning_Rig/bee_0408_1_fwd/cam1_2026-04-08_16-20-55.mp4,1451.0,1641.0,1140,1372,1762,1910,0.79369766
43,/Volumes/SmithL0/2026/BIOL470/Final/Learning_Rig/bee_0408_1_fwd/cam1_2026-04-08_16-20-55.mp4,1448.5,1652.5,1138,1372,1759,1933,0.79709226
44,/Volumes/SmithL0/2026/BIOL470/Final/Learning_Rig/bee_0408_1_fwd/cam1_2026-04-08_16-20-55.mp4,1449.0,1792.5,1140,1373,1758,2212,0.78195995
45,/Volumes/SmithL0/2026/BIOL470/Final/Learning_Rig/bee_0408_1_fwd/cam1_2026-04-08_16-20-55.mp4,1441.5,1655.5,1143,1368,1740,1943,0.7645214
46,/Volumes/SmithL0/2026/BIOL470/Final/Learning_Rig/bee_0408_1_fwd/cam1_2026-04-08_16-20-55.mp4,1450.0,1821.0,1141,1372,1759,2270,0.77777094
47,/Volumes/SmithL0/2026/BIOL470/Final/Learning_Rig/bee_0408_1_fwd/cam1_2026-04-08_16-20-55.mp4,1442.5,1658.0,1141,1374,1744,1942,0.75178754
48,/Volumes/SmithL0/2026/BIOL470/Final/Learning_Rig/bee_0408_1_fwd/cam1_2026-04-08_16-20-55.mp4,1451.0,1823.0,1142,1373,1760,2273,0.7762379
49,/Volumes/SmithL0/2026/BIOL470/Final/Learning_Rig/bee_0408_1_fwd/cam1_2026-04-08_16-20-55.mp4,1443.5,1659.5,1142,1374,1745,1945,0.74897146
50,/Volumes/SmithL0/2026/BIOL470/Final/Learning_Rig/bee_0408_1_fwd/cam1_2026-04-08_16-20-55.mp4,1433.0,1651.5,1135,1356,1731,1947,0.80516034
51,/Volumes/SmithL0/2026/BIOL470/Final/Learning_Rig/bee_0408_1_fwd/cam1_2026-04-08_16-20-55.mp4,1443.0,1780.5,1137,1362,1749,2199,0.7990911
52,/Volumes/SmithL0/2026/BIOL470/Final/Learning_Rig/bee_0408_1_fwd/cam1_2026-04-08_16-20-55.mp4,1426.0,1643.5,1131,1350,1721,1937,0.82201946
53,/Volumes/SmithL0/2026/BIOL470/Final/Learning_Rig/bee_0408_1_fwd/cam1_2026-04-08_16-20-55.mp4,1440.0,1651.5,1106,1359,1774,1944,0.8144294
54,/Volumes/SmithL0/2026/BIOL470/Final/Learning_Rig/bee_0408_1_fwd/cam1_2026-04-08_16-20-55.mp4,1444.5,1626.0,1101,1363,1788,1889,0.80368114
55,/Volumes/SmithL0/2026/BIOL470/Final/Learning_Rig/bee_0408_1_fwd/cam1_2026-04-08_16-20-55.mp4,1444.0,1621.0,1100,1361,1788,1881,0.8045308
56,/Volumes/SmithL0/2026/BIOL470/Final/Learning_Rig/bee_0408_1_fwd/cam1_2026-04-08_16-20-55.mp4,1446.0,1619.5,1097,1362,1795,1877,0.79015434
57,/Volumes/SmithL0/2026/BIOL470/Final/Learning_Rig/bee_0408_1_fwd/cam1_2026-04-08_16-20-55.mp4,1445.5,1617.5,1094,1361,1797,1874,0.78089505
58,/Volumes/SmithL0/2026/BIOL470/Final/Learning_Rig/bee_0408_1_fwd/cam1_2026-04-08_16-20-55.mp4,1444.5,1615.5,1094,1361,1795,1870,0.7821431
59,/Volumes/SmithL0/2026/BIOL470/Final/Learning_Rig/bee_0408_1_fwd/cam1_2026-04-08_16-20-55.mp4,1445.5,1616.5,1094,1362,1797,1871,0.7883331
60,/Volumes/SmithL0/2026/BIOL470/Final/Learning_Rig/bee_0408_1_fwd/cam1_2026-04-08_16-20-55.mp4,1445.0,1617.5,1095,1362,1795,1873,0.7911366
61,/Volumes/SmithL0/2026/BIOL470/Final/Learning_Rig/bee_0408_1_fwd/cam1_2026-04-08_16-20-55.mp4,1446.0,1624.5,1097,1363,1795,1886,0.79263324
62,/Volumes/SmithL0/2026/BIOL470/Final/Learning_Rig/bee_0408_1_fwd/cam1_2026-04-08_16-20-55.mp4,1446.5,1616.0,1097,1361,1796,1871,0.7790834
63,/Volumes/SmithL0/2026/BIOL470/Final/Learning_Rig/bee_0408_1_fwd/cam1_2026-04-08_16-20-55.mp4,1447.0,1615.5,1097,1361,1797,1870,0.77974373
64,/Volumes/SmithL0/2026/BIOL470/Final/Learning_Rig/bee_0408_1_fwd/cam1_2026-04-08_16-20-55.mp4,1449.0,1618.5,1096,1361,1802,1876,0.7765401
65,/Volumes/SmithL0/2026/BIOL470/Final/Learning_Rig/bee_0408_1_fwd/cam1_2026-04-08_16-20-55.mp4,1448.5,1616.0,1097,1361,1800,1871,0.7751179
66,/Volumes/SmithL0/2026/BIOL470/Final/Learning_Rig/bee_0408_1_fwd/cam1_2026-04-08_16-20-55.mp4,1448.5,1615.0,1097,1362,1800,1868,0.77630126
67,/Volumes/SmithL0/2026/BIOL470/Final/Learning_Rig/bee_0408_1_fwd/cam1_2026-04-08_16-20-55.mp4,1448.0,1615.5,1096,1361,1800,1870,0.7787421
68,/Volumes/SmithL0/2026/BIOL470/Final/Learning_Rig/bee_0408_1_fwd/cam1_2026-04-08_16-20-55.mp4,1448.0,1615.5,1097,1361,1799,1870,0.7772708
69,/Volumes/SmithL0/2026/BIOL470/Final/Learning_Rig/bee_0408_1_fwd/cam1_2026-04-08_16-20-55.mp4,1449.0,1615.0,1098,1361,1800,1869,0.77854246
70,/Volumes/SmithL0/2026/BIOL470/Final/Learning_Rig/bee_0408_1_fwd/cam1_2026-04-08_16-20-55.mp4,1449.0,1615.5,1099,1362,1799,1869,0.7822761
71,/Volumes/SmithL0/2026/BIOL470/Final/Learning_Rig/bee_0408_1_fwd/cam1_2026-04-08_16-20-55.mp4,1449.5,1616.0,1100,1362,1799,1870,0.78244364
72,/Volumes/SmithL0/2026/BIOL470/Final/Learning_Rig/bee_0408_1_fwd/cam1_2026-04-08_16-20-55.mp4,1449.0,1617.0,1100,1362,1798,1872,0.78830856
73,/Volumes/SmithL0/2026/BIOL470/Final/Learning_Rig/bee_0408_1_fwd/cam1_2026-04-08_16-20-55.mp4,1449.5,1618.5,1100,1362,1799,1875,0.79031855
74,/Volumes/SmithL0/2026/BIOL470/Final/Learning_Rig/bee_0408_1_fwd/cam1_2026-04-08_16-20-55.mp4,1450.0,1619.0,1101,1362,1799,1876,0.78850085
75,/Volumes/SmithL0/2026/BIOL470/Final/Learning_Rig/bee_0408_1_fwd/cam1_2026-04-08_16-20-55.mp4,1450.5,1619.5,1102,1362,1799,1877,0.7865657
76,/Volumes/SmithL0/2026/BIOL470/Final/Learning_Rig/bee_0408_1_fwd/cam1_2026-04-08_16-20-55.mp4,1449.5,1619.5,1102,1362,1797,1877,0.79205036
77,/Volumes/SmithL0/2026/BIOL470/Final/Learning_Rig/bee_0408_1_fwd/cam1_2026-04-08_16-20-55.mp4,1449.5,1619.5,1101,1362,1798,1877,0.7892788
78,/Volumes/SmithL0/2026/BIOL470/Final/Learning_Rig/bee_0408_1_fwd/cam1_2026-04-08_16-20-55.mp4,1450.0,1619.5,1102,1362,1798,1877,0.7871423
79,/Volumes/SmithL0/2026/BIOL470/Final/Learning_Rig/bee_0408_1_fwd/cam1_2026-04-08_16-20-55.mp4,1449.5,1619.5,1101,1362,1798,1877,0.78706205
80,/Volumes/SmithL0/2026/BIOL470/Final/Learning_Rig/bee_0408_1_fwd/cam1_2026-04-08_16-20-55.mp4,1450.0,1619.0,1101,1363,1799,1875,0.78642607
81,/Volumes/SmithL0/2026/BIOL470/Final/Learning_Rig/bee_0408_1_fwd/cam1_2026-04-08_16-20-55.mp4,1449.5,1621.0,1103,1362,1796,1880,0.79612535
82,/Volumes/SmithL0/2026/BIOL470/Final/Learning_Rig/bee_0408_1_fwd/cam1_2026-04-08_16-20-55.mp4,1431.0,1629.0,1096,1358,1766,1900,0.80714244
83,/Volumes/SmithL0/2026/BIOL470/Final/Learning_Rig/bee_0408_1_fwd/cam1_2026-04-08_16-20-55.mp4,1434.0,1630.0,1102,1353,1766,1907,0.8068771
84,/Volumes/SmithL0/2026/BIOL470/Final/Learning_Rig/bee_0408_1_fwd/cam1_2026-04-08_16-20-55.mp4,1432.5,1620.5,1118,1330,1747,1911,0.8072195
85,/Volumes/SmithL0/2026/BIOL470/Final/Learning_Rig/bee_0408_1_fwd/cam1_2026-04-08_16-20-55.mp4,1438.5,1804.0,1121,1335,1756,2273,0.7659805
86,/Volumes/SmithL0/2026/BIOL470/Final/Learning_Rig/bee_0408_1_fwd/cam1_2026-04-08_16-20-55.mp4,1428.5,1651.5,1126,1340,1731,1963,0.8130035
87,/Volumes/SmithL0/2026/BIOL470/Final/Learning_Rig/bee_0408_1_fwd/cam1_2026-04-08_16-20-55.mp4,1443.5,1679.5,1135,1345,1752,2014,0.82795733
88,/Volumes/SmithL0/2026/BIOL470/Final/Learning_Rig/bee_0408_1_fwd/cam1_2026-04-08_16-20-55.mp4,1456.5,1683.5,1145,1352,1768,2015,0.8267188
89,/Volumes/SmithL0/2026/BIOL470/Final/Learning_Rig/bee_0408_1_fwd/cam1_2026-04-08_16-20-55.mp4,1435.5,1689.0,1143,1350,1728,2028,0.82019824
90,/Volumes/SmithL0/2026/BIOL470/Final/Learning_Rig/bee_0408_1_fwd/cam1_2026-04-08_16-20-55.mp4,1440.0,1690.5,1145,1357,1735,2024,0.80079633
91,/Volumes/SmithL0/2026/BIOL470/Final/Learning_Rig/bee_0408_1_fwd/cam1_2026-04-08_16-20-55.mp4,1459.0,1689.0,1144,1356,1774,2022,0.81697094
92,/Volumes/SmithL0/2026/BIOL470/Final/Learning_Rig/bee_0408_1_fwd/cam1_2026-04-08_16-20-55.mp4,1443.5,1691.5,1142,1361,1745,2022,0.8108885
93,/Volumes/SmithL0/2026/BIOL470/Final/Learning_Rig/bee_0408_1_fwd/cam1_2026-04-08_16-20-55.mp4,1430.5,1694.0,1111,1382,1750,2006,0.80125546
94,/Volumes/SmithL0/2026/BIOL470/Final/Learning_Rig/bee_0408_1_fwd/cam1_2026-04-08_16-20-55.mp4,1433.0,1689.0,1095,1395,1771,1983,0.82481754
95,/Volumes/SmithL0/2026/BIOL470/Final/Learning_Rig/bee_0408_1_fwd/cam1_2026-04-08_16-20-55.mp4,1425.5,1729.0,1084,1437,1767,2021,0.80055064
96,/Volumes/SmithL0/2026/BIOL470/Final/Learning_Rig/bee_0408_1_fwd/cam1_2026-04-08_16-20-55.mp4,1416.0,1710.5,1072,1381,1760,2040,0.80975044
97,/Volumes/SmithL0/2026/BIOL470/Final/Learning_Rig/bee_0408_1_fwd/cam1_2026-04-08_16-20-55.mp4,1396.5,1719.5,1067,1361,1726,2078,0.7903665
98,/Volumes/SmithL0/2026/BIOL470/Final/Learning_Rig/bee_0408_1_fwd/cam1_2026-04-08_16-20-55.mp4,1359.0,1730.5,1028,1437,1690,2024,0.7916622
99,/Volumes/SmithL0/2026/BIOL470/Final/Learning_Rig/bee_0408_1_fwd/cam1_2026-04-08_16-20-55.mp4,1354.5,1732.0,1022,1429,1687,2035,0.78990823
100,/Volumes/SmithL0/2026/BIOL470/Final/Learning_Rig/bee_0408_1_fwd/cam1_2026-04-08_16-20-55.mp4,1351.5,1746.5,1021,1428,1682,2065,0.79141986
101,/Volumes/SmithL0/2026/BIOL470/Final/Learning_Rig/bee_0408_1_fwd/cam1_2026-04-08_16-20-55.mp4,1350.0,1732.0,1024,1420,1676,2044,0.79083043
102,/Volumes/SmithL0/2026/BIOL470/Final/Learning_Rig/bee_0408_1_fwd/cam1_2026-04-08_16-20-55.mp4,1348.0,1730.0,1028,1416,1668,2044,0.77930117
103,/Volumes/SmithL0/2026/BIOL470/Final/Learning_Rig/bee_0408_1_fwd/cam1_2026-04-08_16-20-55.mp4,1338.5,1758.5,1025,1417,1652,2100,0.80011797
104,/Volumes/SmithL0/2026/BIOL470/Final/Learning_Rig/bee_0408_1_fwd/cam1_2026-04-08_16-20-55.mp4,1327.0,1782.0,1010,1437,1644,2127,0.8001545
105,/Volumes/SmithL0/2026/BIOL470/Final/Learning_Rig/bee_0408_1_fwd/cam1_2026-04-08_16-20-55.mp4,1317.5,1790.0,1007,1437,1628,2143,0.80174774
106,/Volumes/SmithL0/2026/BIOL470/Final/Learning_Rig/bee_0408_1_fwd/cam1_2026-04-08_16-20-55.mp4,1304.5,1778.5,1008,1426,1601,2131,0.8255508
107,/Volumes/SmithL0/2026/BIOL470/Final/Learning_Rig/bee_0408_1_fwd/cam1_2026-04-08_16-20-55.mp4,1308.5,1778.5,1009,1426,1608,2131,0.83267784
108,/Volumes/SmithL0/2026/BIOL470/Final/Learning_Rig/bee_0408_1_fwd/cam1_2026-04-08_16-20-55.mp4,1308.0,1779.0,1008,1426,1608,2132,0.8219609
109,/Volumes/SmithL0/2026/BIOL470/Final/Learning_Rig/bee_0408_1_fwd/cam1_2026-04-08_16-20-55.mp4,1316.5,1778.5,1017,1426,1616,2131,0.83265096
110,/Volumes/SmithL0/2026/BIOL470/Final/Learning_Rig/bee_0408_1_fwd/cam1_2026-04-08_16-20-55.mp4,1317.5,1778.5,1018,1424,1617,2133,0.8365172
111,/Volumes/SmithL0/2026/BIOL470/Final/Learning_Rig/bee_0408_1_fwd/cam1_2026-04-08_16-20-55.mp4,1301.5,1771.0,1016,1411,1587,2131,0.8099195
112,/Volumes/SmithL0/2026/BIOL470/Final/Learning_Rig/bee_0408_1_fwd/cam1_2026-04-08_16-20-55.mp4,1287.0,1769.5,994,1406,1580,2133,0.7819484
113,/Volumes/SmithL0/2026/BIOL470/Final/Learning_Rig/bee_0408_1_fwd/cam1_2026-04-08_16-20-55.mp4,1285.5,1784.0,993,1403,1578,2165,0.7755027
114,/Volumes/SmithL0/2026/BIOL470/Final/Learning_Rig/bee_0408_1_fwd/cam1_2026-04-08_16-20-55.mp4,1281.5,1787.5,1005,1408,1558,2167,0.7766043
115,/Volumes/SmithL0/2026/BIOL470/Final/Learning_Rig/bee_0408_1_fwd/cam1_2026-04-08_16-20-55.mp4,1288.5,1778.5,994,1403,1583,2154,0.78354335
116,/Volumes/SmithL0/2026/BIOL470/Final/Learning_Rig/bee_0408_1_fwd/cam1_2026-04-08_16-20-55.mp4,1286.5,1780.5,994,1400,1579,2161,0.7837611
117,/Volumes/SmithL0/2026/BIOL470/Final/Learning_Rig/bee_0408_1_fwd/cam1_2026-04-08_16-20-55.mp4,1285.0,1787.0,992,1400,1578,2174,0.77574754
118,/Volumes/SmithL0/2026/BIOL470/Final/Learning_Rig/bee_0408_1_fwd/cam1_2026-04-08_16-20-55.mp4,1282.0,1804.5,985,1408,1579,2201,0.77383155
119,/Volumes/SmithL0/2026/BIOL470/Final/Learning_Rig/bee_0408_1_fwd/cam1_2026-04-08_16-20-55.mp4,1282.5,1801.5,984,1412,1581,2191,0.76327705
120,/Volumes/SmithL0/2026/BIOL470/Final/Learning_Rig/bee_0408_1_fwd/cam1_2026-04-08_16-20-55.mp4,1282.0,1813.0,986,1404,1578,2222,0.74661076
121,/Volumes/SmithL0/2026/BIOL470/Final/Learning_Rig/bee_0408_1_fwd/cam1_2026-04-08_16-20-55.mp4,1274.5,1802.5,993,1394,1556,2211,0.77064323
122,/Volumes/SmithL0/2026/BIOL470/Final/Learning_Rig/bee_0408_1_fwd/cam1_2026-04-08_16-20-55.mp4,1278.5,1768.0,997,1393,1560,2143,0.80194104
123,/Volumes/SmithL0/2026/BIOL470/Final/Learning_Rig/bee_0408_1_fwd/cam1_2026-04-08_16-20-55.mp4,1273.0,1764.5,992,1396,1554,2133,0.80194587
124,/Volumes/SmithL0/2026/BIOL470/Final/Learning_Rig/bee_0408_1_fwd/cam1_2026-04-08_16-20-55.mp4,1274.0,1735.5,1000,1385,1548,2086,0.81192213
125,/Volumes/SmithL0/2026/BIOL470/Final/Learning_Rig/bee_0408_1_fwd/cam1_2026-04-08_16-20-55.mp4,1277.5,1688.5,998,1371,1557,2006,0.78776944
126,/Volumes/SmithL0/2026/BIOL470/Final/Learning_Rig/bee_0408_1_fwd/cam1_2026-04-08_16-20-55.mp4,1273.5,1701.0,995,1374,1552,2028,0.79595923
127,/Volumes/SmithL0/2026/BIOL470/Final/Learning_Rig/bee_0408_1_fwd/cam1_2026-04-08_16-20-55.mp4,1260.0,1688.0,979,1369,1541,2007,0.7959606
128,/Volumes/SmithL0/2026/BIOL470/Final/Learning_Rig/bee_0408_1_fwd/cam1_2026-04-08_16-20-55.mp4,1256.5,1674.5,967,1348,1546,2001,0.82401097
129,/Volumes/SmithL0/2026/BIOL470/Final/Learning_Rig/bee_0408_1_fwd/cam1_2026-04-08_16-20-55.mp4,1243.5,1678.0,952,1336,1535,2020,0.82432175
130,/Volumes/SmithL0/2026/BIOL470/Final/Learning_Rig/bee_0408_1_fwd/cam1_2026-04-08_16-20-55.mp4,1264.0,1629.5,958,1319,1570,1940,0.81393725
131,/Volumes/SmithL0/2026/BIOL470/Final/Learning_Rig/bee_0408_1_fwd/cam1_2026-04-08_16-20-55.mp4,1262.5,1621.5,949,1305,1576,1938,0.81786484
132,/Volumes/SmithL0/2026/BIOL470/Final/Learning_Rig/bee_0408_1_fwd/cam1_2026-04-08_16-20-55.mp4,1237.0,1637.5,935,1317,1539,1958,0.83608085
133,/Volumes/SmithL0/2026/BIOL470/Final/Learning_Rig/bee_0408_1_fwd/cam1_2026-04-08_16-20-55.mp4,1233.0,1611.5,943,1303,1523,1920,0.8570193
134,/Volumes/SmithL0/2026/BIOL470/Final/Learning_Rig/bee_0408_1_fwd/cam1_2026-04-08_16-20-55.mp4,1237.0,1606.0,939,1295,1535,1917,0.86221147
135,/Volumes/SmithL0/2026/BIOL470/Final/Learning_Rig/bee_0408_1_fwd/cam1_2026-04-08_16-20-55.mp4,1262.0,1610.0,941,1297,1583,1923,0.8416864
136,/Volumes/SmithL0/2026/BIOL470/Final/Learning_Rig/bee_0408_1_fwd/cam1_2026-04-08_16-20-55.mp4,1227.0,1606.0,935,1299,1519,1913,0.827481
137,/Volumes/SmithL0/2026/BIOL470/Final/Learning_Rig/bee_0408_1_fwd/cam1_2026-04-08_16-20-55.mp4,1222.5,1606.0,935,1298,1510,1914,0.82313406
138,/Volumes/SmithL0/2026/BIOL470/Final/Learning_Rig/bee_0408_1_fwd/cam1_2026-04-08_16-20-55.mp4,1218.5,1606.5,936,1291,1501,1922,0.81045157
139,/Volumes/SmithL0/2026/BIOL470/Final/Learning_Rig/bee_0408_1_fwd/cam1_2026-04-08_16-20-55.mp4,1222.5,1596.0,948,1276,1497,1916,0.81807506
140,/Volumes/SmithL0/2026/BIOL470/Final/Learning_Rig/bee_0408_1_fwd/cam1_2026-04-08_16-20-55.mp4,1246.5,1613.5,954,1287,1539,1940,0.82510424
141,/Volumes/SmithL0/2026/BIOL470/Final/Learning_Rig/bee_0408_1_fwd/cam1_2026-04-08_16-20-55.mp4,1233.0,1636.5,951,1292,1515,1981,0.8276027
142,/Volumes/SmithL0/2026/BIOL470/Final/Learning_Rig/bee_0408_1_fwd/cam1_2026-04-08_16-20-55.mp4,1233.0,1657.0,958,1285,1508,2029,0.8338791
143,/Volumes/SmithL0/2026/BIOL470/Final/Learning_Rig/bee_0408_1_fwd/cam1_2026-04-08_16-20-55.mp4,1278.0,1673.5,1027,1301,1529,2046,0.7994853
144,/Volumes/SmithL0/2026/BIOL470/Final/Learning_Rig/bee_0408_1_fwd/cam1_2026-04-08_16-20-55.mp4,1282.5,1673.5,1038,1307,1527,2040,0.79319996
145,/Volumes/SmithL0/2026/BIOL470/Final/Learning_Rig/bee_0408_1_fwd/cam1_2026-04-08_16-20-55.mp4,1286.5,1675.5,1045,1311,1528,2040,0.7829255
146,/Volumes/SmithL0/2026/BIOL470/Final/Learning_Rig/bee_0408_1_fwd/cam1_2026-04-08_16-20-55.mp4,1295.5,1696.0,1035,1351,1556,2041,0.794193
147,/Volumes/SmithL0/2026/BIOL470/Final/Learning_Rig/bee_0408_1_fwd/cam1_2026-04-08_16-20-55.mp4,1323.5,1745.5,1069,1419,1578,2072,0.7924375
148,/Volumes/SmithL0/2026/BIOL470/Final/Learning_Rig/bee_0408_1_fwd/cam1_2026-04-08_16-20-55.mp4,1328.5,1834.0,1058,1446,1599,2222,0.7971573
149,/Volumes/SmithL0/2026/BIOL470/Final/Learning_Rig/bee_0408_1_fwd/cam1_2026-04-08_16-20-55.mp4,1327.5,1839.0,1050,1474,1605,2204,0.8191297
150,/Volumes/SmithL0/2026/BIOL470/Final/Learning_Rig/bee_0408_1_fwd/cam1_2026-04-08_16-20-55.mp4,1331.0,1875.0,1045,1521,1617,2229,0.8194659
151,/Volumes/SmithL0/2026/BIOL470/Final/Learning_Rig/bee_0408_1_fwd/cam1_2026-04-08_16-20-55.mp4,1369.0,1898.5,1064,1564,1674,2233,0.8071218
152,/Volumes/SmithL0/2026/BIOL470/Final/Learning_Rig/bee_0408_1_fwd/cam1_2026-04-08_16-20-55.mp4,1384.0,1926.5,1087,1599,1681,2254,0.78295296
153,/Volumes/SmithL0/2026/BIOL470/Final/Learning_Rig/bee_0408_1_fwd/cam1_2026-04-08_16-20-55.mp4,1399.0,1996.0,1110,1660,1688,2332,0.8263087
154,/Volumes/SmithL0/2026/BIOL470/Final/Learning_Rig/bee_0408_1_fwd/cam1_2026-04-08_16-20-55.mp4,1404.5,2007.5,1109,1673,1700,2342,0.8361991
155,/Volumes/SmithL0/2026/BIOL470/Final/Learning_Rig/bee_0408_1_fwd/cam1_2026-04-08_16-20-55.mp4,1431.5,2007.0,1098,1713,1765,2301,0.82698536
156,/Volumes/SmithL0/2026/BIOL470/Final/Learning_Rig/bee_0408_1_fwd/cam1_2026-04-08_16-20-55.mp4,1438.0,2030.5,1093,1728,1783,2333,0.8216528
157,/Volumes/SmithL0/2026/BIOL470/Final/Learning_Rig/bee_0408_1_fwd/cam1_2026-04-08_16-20-55.mp4,1455.5,2005.5,1107,1703,1804,2308,0.8063182
158,/Volumes/SmithL0/2026/BIOL470/Final/Learning_Rig/bee_0408_1_fwd/cam1_2026-04-08_16-20-55.mp4,1486.5,2025.5,1104,1749,1869,2302,0.828102
159,/Volumes/SmithL0/2026/BIOL470/Final/Learning_Rig/bee_0408_1_fwd/cam1_2026-04-08_16-20-55.mp4,1530.5,2020.0,1152,1733,1909,2307,0.80444545
160,/Volumes/SmithL0/2026/BIOL470/Final/Learning_Rig/bee_0408_1_fwd/cam1_2026-04-08_16-20-55.mp4,1571.0,2027.0,1180,1740,1962,2314,0.8115302
161,/Volumes/SmithL0/2026/BIOL470/Final/Learning_Rig/bee_0408_1_fwd/cam1_2026-04-08_16-20-55.mp4,1599.0,2044.0,1221,1776,1977,2312,0.77859366
162,/Volumes/SmithL0/2026/BIOL470/Final/Learning_Rig/bee_0408_1_fwd/cam1_2026-04-08_16-20-55.mp4,1634.5,2094.5,1275,1856,1994,2333,0.8120302
163,/Volumes/SmithL0/2026/BIOL470/Final/Learning_Rig/bee_0408_1_fwd/cam1_2026-04-08_16-20-55.mp4,1553.5,2095.5,1276,1848,1831,2343,0.7987269
164,/Volumes/SmithL0/2026/BIOL470/Final/Learning_Rig/bee_0408_1_fwd/cam1_2026-04-08_16-20-55.mp4,1548.5,2077.0,1277,1793,1820,2361,0.78040785
165,/Volumes/SmithL0/2026/BIOL470/Final/Learning_Rig/bee_0408_1_fwd/cam1_2026-04-08_16-20-55.mp4,1619.0,2093.5,1276,1771,1962,2416,0.8090554
166,/Volumes/SmithL0/2026/BIOL470/Final/Learning_Rig/bee_0408_1_fwd/cam1_2026-04-08_16-20-55.mp4,1547.0,2071.0,1275,1765,1819,2377,0.7929299
167,/Volumes/SmithL0/2026/BIOL470/Final/Learning_Rig/bee_0408_1_fwd/cam1_2026-04-08_16-20-55.mp4,1580.5,2055.5,1275,1762,1886,2349,0.79734933
168,/Volumes/SmithL0/2026/BIOL470/Final/Learning_Rig/bee_0408_1_fwd/cam1_2026-04-08_16-20-55.mp4,1587.5,2038.0,1267,1760,1908,2316,0.7668368
169,/Volumes/SmithL0/2026/BIOL470/Final/Learning_Rig/bee_0408_1_fwd/cam1_2026-04-08_16-20-55.mp4,1604.5,2002.5,1254,1757,1955,2248,0.79938257
170,/Volumes/SmithL0/2026/BIOL470/Final/Learning_Rig/bee_0408_1_fwd/cam1_2026-04-08_16-20-55.mp4,1608.5,1992.0,1253,1749,1964,2235,0.8224627
171,/Volumes/SmithL0/2026/BIOL470/Final/Learning_Rig/bee_0408_1_fwd/cam1_2026-04-08_16-20-55.mp4,1619.0,2002.0,1260,1753,1978,2251,0.8152174
172,/Volumes/SmithL0/2026/BIOL470/Final/Learning_Rig/bee_0408_1_fwd/cam1_2026-04-08_16-20-55.mp4,1636.0,2011.5,1276,1754,1996,2269,0.79443306
173,/Volumes/SmithL0/2026/BIOL470/Final/Learning_Rig/bee_0408_1_fwd/cam1_2026-04-08_16-20-55.mp4,1653.0,2022.0,1283,1751,2023,2293,0.77428955
174,/Volumes/SmithL0/2026/BIOL470/Final/Learning_Rig/bee_0408_1_fwd/cam1_2026-04-08_16-20-55.mp4,1671.0,2009.0,1293,1678,2049,2340,0.77178824
175,/Volumes/SmithL0/2026/BIOL470/Final/Learning_Rig/bee_0408_1_fwd/cam1_2026-04-08_16-20-55.mp4,1737.0,1952.5,1378,1634,2096,2271,0.81294346
176,/Volumes/SmithL0/2026/BIOL470/Final/Learning_Rig/bee_0408_1_fwd/cam1_2026-04-08_16-20-55.mp4,1747.5,1975.0,1382,1632,2113,2318,0.79891276
177,/Volumes/SmithL0/2026/BIOL470/Final/Learning_Rig/bee_0408_1_fwd/cam1_2026-04-08_16-20-55.mp4,1766.0,1969.0,1400,1642,2132,2296,0.8168354
178,/Volumes/SmithL0/2026/BIOL470/Final/Learning_Rig/bee_0408_1_fwd/cam1_2026-04-08_16-20-55.mp4,1771.0,1946.5,1419,1637,2123,2256,0.8163069
179,/Volumes/SmithL0/2026/BIOL470/Final/Learning_Rig/bee_0408_1_fwd/cam1_2026-04-08_16-20-55.mp4,1758.5,1950.0,1418,1639,2099,2261,0.8149365
180,/Volumes/SmithL0/2026/BIOL470/Final/Learning_Rig/bee_0408_1_fwd/cam1_2026-04-08_16-20-55.mp4,1737.5,1967.5,1407,1640,2068,2295,0.82484233
181,/Volumes/SmithL0/2026/BIOL470/Final/Learning_Rig/bee_0408_1_fwd/cam1_2026-04-08_16-20-55.mp4,1729.5,1969.5,1434,1626,2025,2313,0.79666597
182,/Volumes/SmithL0/2026/BIOL470/Final/Learning_Rig/bee_0408_1_fwd/cam1_2026-04-08_16-20-55.mp4,1700.5,1970.0,1412,1615,1989,2325,0.7846521
183,/Volumes/SmithL0/2026/BIOL470/Final/Learning_Rig/bee_0408_1_fwd/cam1_2026-04-08_16-20-55.mp4,1656.0,1950.0,1418,1592,1894,2308,0.814008
184,/Volumes/SmithL0/2026/BIOL470/Final/Learning_Rig/bee_0408_1_fwd/cam1_2026-04-08_16-20-55.mp4,1718.5,1940.5,1411,1582,2026,2299,0.82879597
185,/Volumes/SmithL0/2026/BIOL470/Final/Learning_Rig/bee_0408_1_fwd/cam1_2026-04-08_16-20-55.mp4,1708.5,1912.5,1420,1574,1997,2251,0.8026937
186,/Volumes/SmithL0/2026/BIOL470/Final/Learning_Rig/bee_0408_1_fwd/cam1_2026-04-08_16-20-55.mp4,1722.0,1899.0,1439,1563,2005,2235,0.8006415
187,/Volumes/SmithL0/2026/BIOL470/Final/Learning_Rig/bee_0408_1_fwd/cam1_2026-04-08_16-20-55.mp4,1727.5,1884.0,1450,1545,2005,2223,0.8120759
188,/Volumes/SmithL0/2026/BIOL470/Final/Learning_Rig/bee_0408_1_fwd/cam1_2026-04-08_16-20-55.mp4,1714.5,1877.0,1427,1525,2002,2229,0.816644
189,/Volumes/SmithL0/2026/BIOL470/Final/Learning_Rig/bee_0408_1_fwd/cam1_2026-04-08_16-20-55.mp4,1714.0,1885.5,1430,1544,1998,2227,0.8140131
190,/Volumes/SmithL0/2026/BIOL470/Final/Learning_Rig/bee_0408_1_fwd/cam1_2026-04-08_16-20-55.mp4,1710.0,1876.5,1425,1538,1995,2215,0.83900595
191,/Volumes/SmithL0/2026/BIOL470/Final/Learning_Rig/bee_0408_1_fwd/cam1_2026-04-08_16-20-55.mp4,1696.0,1820.0,1372,1496,2020,2144,0.8520661
192,/Volumes/SmithL0/2026/BIOL470/Final/Learning_Rig/bee_0408_1_fwd/cam1_2026-04-08_16-20-55.mp4,1718.0,1806.5,1370,1479,2066,2134,0.82354563
193,/Volumes/SmithL0/2026/BIOL470/Final/Learning_Rig/bee_0408_1_fwd/cam1_2026-04-08_16-20-55.mp4,1713.5,1819.5,1356,1531,2071,2108,0.7245734
194,/Volumes/SmithL0/2026/BIOL470/Final/Learning_Rig/bee_0408_1_fwd/cam1_2026-04-08_16-20-55.mp4,1720.0,1743.0,1355,1378,2085,2108,0.7170226
195,/Volumes/SmithL0/2026/BIOL470/Final/Learning_Rig/bee_0408_1_fwd/cam1_2026-04-08_16-20-55.mp4,1734.5,1723.5,1352,1409,2117,2038,0.634915
196,/Volumes/SmithL0/2026/BIOL470/Final/Learning_Rig/bee_0408_1_fwd/cam1_2026-04-08_16-20-55.mp4,1747.0,1709.5,1350,1358,2144,2061,0.76661533
197,/Volumes/SmithL0/2026/BIOL470/Final/Learning_Rig/bee_0408_1_fwd/cam1_2026-04-08_16-20-55.mp4,1742.0,1713.5,1338,1366,2146,2061,0.80844057
198,/Volumes/SmithL0/2026/BIOL470/Final/Learning_Rig/bee_0408_1_fwd/cam1_2026-04-08_16-20-55.mp4,1733.0,1681.0,1340,1360,2126,2002,0.79742646
199,/Volumes/SmithL0/2026/BIOL470/Final/Learning_Rig/bee_0408_1_fwd/cam1_2026-04-08_16-20-55.mp4,1718.5,1687.5,1372,1358,2065,2017,0.82894325
200,/Volumes/SmithL0/2026/BIOL470/Final/Learning_Rig/bee_0408_1_fwd/cam1_2026-04-08_16-20-55.mp4,1707.0,1692.5,1360,1363,2054,2022,0.8274923
201,/Volumes/SmithL0/2026/BIOL470/Final/Learning_Rig/bee_0408_1_fwd/cam1_2026-04-08_16-20-55.mp4,1693.0,1701.0,1353,1375,2033,2027,0.8134696
202,/Volumes/SmithL0/2026/BIOL470/Final/Learning_Rig/bee_0408_1_fwd/cam1_2026-04-08_16-20-55.mp4,1685.5,1693.5,1358,1364,2013,2023,0.8130952
203,/Volumes/SmithL0/2026/BIOL470/Final/Learning_Rig/bee_0408_1_fwd/cam1_2026-04-08_16-20-55.mp4,1681.5,1692.0,1353,1363,2010,2021,0.806891
204,/Volumes/SmithL0/2026/BIOL470/Final/Learning_Rig/bee_0408_1_fwd/cam1_2026-04-08_16-20-55.mp4,1673.0,1703.0,1352,1384,1994,2022,0.8027448
205,/Volumes/SmithL0/2026/BIOL470/Final/Learning_Rig/bee_0408_1_fwd/cam1_2026-04-08_16-20-55.mp4,1655.5,1715.5,1357,1376,1954,2055,0.81727916
206,/Volumes/SmithL0/2026/BIOL470/Final/Learning_Rig/bee_0408_1_fwd/cam1_2026-04-08_16-20-55.mp4,1639.5,1774.5,1324,1429,1955,2120,0.78809404
207,/Volumes/SmithL0/2026/BIOL470/Final/Learning_Rig/bee_0408_1_fwd/cam1_2026-04-08_16-20-55.mp4,1636.0,1794.0,1347,1430,1925,2158,0.79830426
208,/Volumes/SmithL0/2026/BIOL470/Final/Learning_Rig/bee_0408_1_fwd/cam1_2026-04-08_16-20-55.mp4,1635.5,1799.0,1351,1439,1920,2159,0.7962552
209,/Volumes/SmithL0/2026/BIOL470/Final/Learning_Rig/bee_0408_1_fwd/cam1_2026-04-08_16-20-55.mp4,1627.5,1816.5,1339,1413,1916,2220,0.7900628
210,/Volumes/SmithL0/2026/BIOL470/Final/Learning_Rig/bee_0408_1_fwd/cam1_2026-04-08_16-20-55.mp4,1645.5,1842.5,1349,1473,1942,2212,0.82464105
211,/Volumes/SmithL0/2026/BIOL470/Final/Learning_Rig/bee_0408_1_fwd/cam1_2026-04-08_16-20-55.mp4,1625.5,1834.0,1354,1471,1897,2197,0.7906437
212,/Volumes/SmithL0/2026/BIOL470/Final/Learning_Rig/bee_0408_1_fwd/cam1_2026-04-08_16-20-55.mp4,1625.5,1843.5,1351,1475,1900,2212,0.79484874
213,/Volumes/SmithL0/2026/BIOL470/Final/Learning_Rig/bee_0408_1_fwd/cam1_2026-04-08_16-20-55.mp4,1627.0,1849.0,1347,1490,1907,2208,0.80425483
214,/Volumes/SmithL0/2026/BIOL470/Final/Learning_Rig/bee_0408_1_fwd/cam1_2026-04-08_16-20-55.mp4,1627.5,1849.5,1349,1487,1906,2212,0.7997933
215,/Volumes/SmithL0/2026/BIOL470/Final/Learning_Rig/bee_0408_1_fwd/cam1_2026-04-08_16-20-55.mp4,1651.0,1861.5,1348,1514,1954,2209,0.81337667
216,/Volumes/SmithL0/2026/BIOL470/Final/Learning_Rig/bee_0408_1_fwd/cam1_2026-04-08_16-20-55.mp4,1729.5,1917.5,1400,1620,2059,2215,0.8020944
217,/Volumes/SmithL0/2026/BIOL470/Final/Learning_Rig/bee_0408_1_fwd/cam1_2026-04-08_16-20-55.mp4,1700.0,1889.5,1380,1558,2020,2221,0.8066783
218,/Volumes/SmithL0/2026/BIOL470/Final/Learning_Rig/bee_0408_1_fwd/cam1_2026-04-08_16-20-55.mp4,1695.5,1899.0,1378,1564,2013,2234,0.80955094
219,/Volumes/SmithL0/2026/BIOL470/Final/Learning_Rig/bee_0408_1_fwd/cam1_2026-04-08_16-20-55.mp4,1685.0,1907.0,1364,1572,2006,2242,0.8154131
220,/Volumes/SmithL0/2026/BIOL470/Final/Learning_Rig/bee_0408_1_fwd/cam1_2026-04-08_16-20-55.mp4,1672.5,1911.5,1363,1572,1982,2251,0.7906252
221,/Volumes/SmithL0/2026/BIOL470/Final/Learning_Rig/bee_0408_1_fwd/cam1_2026-04-08_16-20-55.mp4,1638.5,1904.0,1301,1570,1976,2238,0.80905527
222,/Volumes/SmithL0/2026/BIOL470/Final/Learning_Rig/bee_0408_1_fwd/cam1_2026-04-08_16-20-55.mp4,1642.0,1917.0,1300,1579,1984,2255,0.7771401
223,/Volumes/SmithL0/2026/BIOL470/Final/Learning_Rig/bee_0408_1_fwd/cam1_2026-04-08_16-20-55.mp4,1633.5,1930.5,1271,1587,1996,2274,0.8120245
224,/Volumes/SmithL0/2026/BIOL470/Final/Learning_Rig/bee_0408_1_fwd/cam1_2026-04-08_16-20-55.mp4,1636.0,1925.5,1293,1592,1979,2259,0.76088184
225,/Volumes/SmithL0/2026/BIOL470/Final/Learning_Rig/bee_0408_1_fwd/cam1_2026-04-08_16-20-55.mp4,1626.0,1924.5,1282,1586,1970,2263,0.79265076
226,/Volumes/SmithL0/2026/BIOL470/Final/Learning_Rig/bee_0408_1_fwd/cam1_2026-04-08_16-20-55.mp4,1663.5,1939.0,1291,1589,2036,2289,0.8053629
227,/Volumes/SmithL0/2026/BIOL470/Final/Learning_Rig/bee_0408_1_fwd/cam1_2026-04-08_16-20-55.mp4,1635.5,1941.0,1300,1590,1971,2292,0.81959534
228,/Volumes/SmithL0/2026/BIOL470/Final/Learning_Rig/bee_0408_1_fwd/cam1_2026-04-08_16-20-55.mp4,1599.5,1963.5,1269,1592,1930,2335,0.8001176
229,/Volumes/SmithL0/2026/BIOL470/Final/Learning_Rig/bee_0408_1_fwd/cam1_2026-04-08_16-20-55.mp4,1631.0,1958.0,1292,1606,1970,2310,0.79543644
230,/Volumes/SmithL0/2026/BIOL470/Final/Learning_Rig/bee_0408_1_fwd/cam1_2026-04-08_16-20-55.mp4,1588.0,1969.0,1260,1596,1916,2342,0.79255545
231,/Volumes/SmithL0/2026/BIOL470/Final/Learning_Rig/bee_0408_1_fwd/cam1_2026-04-08_16-20-55.mp4,1619.5,1969.0,1282,1614,1957,2324,0.77672887
232,/Volumes/SmithL0/2026/BIOL470/Final/Learning_Rig/bee_0408_1_fwd/cam1_2026-04-08_16-20-55.mp4,1632.0,1958.5,1300,1600,1964,2317,0.8187086
233,/Volumes/SmithL0/2026/BIOL470/Final/Learning_Rig/bee_0408_1_fwd/cam1_2026-04-08_16-20-55.mp4,1629.5,1960.0,1301,1592,1958,2328,0.80764467
234,/Volumes/SmithL0/2026/BIOL470/Final/Learning_Rig/bee_0408_1_fwd/cam1_2026-04-08_16-20-55.mp4,1633.5,1953.5,1301,1596,1966,2311,0.8404399
235,/Volumes/SmithL0/2026/BIOL470/Final/Learning_Rig/bee_0408_1_fwd/cam1_2026-04-08_16-20-55.mp4,1626.0,1952.0,1295,1588,1957,2316,0.8362334
236,/Volumes/SmithL0/2026/BIOL470/Final/Learning_Rig/bee_0408_1_fwd/cam1_2026-04-08_16-20-55.mp4,1638.5,1953.0,1296,1580,1981,2326,0.82463175
237,/Volumes/SmithL0/2026/BIOL470/Final/Learning_Rig/bee_0408_1_fwd/cam1_2026-04-08_16-20-55.mp4,1636.5,1961.5,1317,1593,1956,2330,0.81712043
238,/Volumes/SmithL0/2026/BIOL470/Final/Learning_Rig/bee_0408_1_fwd/cam1_2026-04-08_16-20-55.mp4,1630.5,1966.5,1306,1609,1955,2324,0.7907305
239,/Volumes/SmithL0/2026/BIOL470/Final/Learning_Rig/bee_0408_1_fwd/cam1_2026-04-08_16-20-55.mp4,1641.5,1981.5,1304,1623,1979,2340,0.71520513
240,/Volumes/SmithL0/2026/BIOL470/Final/Learning_Rig/bee_0408_1_fwd/cam1_2026-04-08_16-20-55.mp4,1589.5,1978.5,1220,1611,1959,2346,0.59269744
241,/Volumes/SmithL0/2026/BIOL470/Final/Learning_Rig/bee_0408_1_fwd/cam1_2026-04-08_16-20-55.mp4,1651.0,1976.0,1349,1603,1953,2349,0.791376
242,/Volumes/SmithL0/2026/BIOL470/Final/Learning_Rig/bee_0408_1_fwd/cam1_2026-04-08_16-20-55.mp4,1607.5,1983.5,1235,1626,1980,2341,0.68241316
243,/Volumes/SmithL0/2026/BIOL470/Final/Learning_Rig/bee_0408_1_fwd/cam1_2026-04-08_16-20-55.mp4,1575.0,1984.0,1184,1628,1966,2340,0.5469669
244,/Volumes/SmithL0/2026/BIOL470/Final/Learning_Rig/bee_0408_1_fwd/cam1_2026-04-08_16-20-55.mp4,1570.5,1975.0,1177,1610,1964,2340,0.65319854
245,/Volumes/SmithL0/2026/BIOL470/Final/Learning_Rig/bee_0408_1_fwd/cam1_2026-04-08_16-20-55.mp4,1689.0,1984.5,1399,1624,1979,2345,0.76897204
246,/Volumes/SmithL0/2026/BIOL470/Final/Learning_Rig/bee_0408_1_fwd/cam1_2026-04-08_16-20-55.mp4,1685.5,1971.0,1399,1603,1972,2339,0.75104374
247,/Volumes/SmithL0/2026/BIOL470/Final/Learning_Rig/bee_0408_1_fwd/cam1_2026-04-08_16-20-55.mp4,1687.0,1977.5,1399,1618,1975,2337,0.76071733
248,/Volumes/SmithL0/2026/BIOL470/Final/Learning_Rig/bee_0408_1_fwd/cam1_2026-04-08_16-20-55.mp4,1685.0,1981.0,1405,1625,1965,2337,0.69461644
249,/Volumes/SmithL0/2026/BIOL470/Final/Learning_Rig/bee_0408_1_fwd/cam1_2026-04-08_16-20-55.mp4,1641.0,1982.0,1314,1626,1968,2338,0.6922819
250,/Volumes/SmithL0/2026/BIOL470/Final/Learning_Rig/bee_0408_1_fwd/cam1_2026-04-08_16-20-55.mp4,1595.5,1978.0,1229,1617,1962,2339,0.61133134
251,/Volumes/SmithL0/2026/BIOL470/Final/Learning_Rig/bee_0408_1_fwd/cam1_2026-04-08_16-20-55.mp4,1674.0,1991.0,1417,1637,1931,2345,0.711902
252,/Volumes/SmithL0/2026/BIOL470/Final/Learning_Rig/bee_0408_1_fwd/cam1_2026-04-08_16-20-55.mp4,1595.0,1983.5,1228,1628,1962,2339,0.691012
253,/Volumes/SmithL0/2026/BIOL470/Final/Learning_Rig/bee_0408_1_fwd/cam1_2026-04-08_16-20-55.mp4,1639.5,1987.0,1304,1634,1975,2340,0.68214786
254,/Volumes/SmithL0/2026/BIOL470/Final/Learning_Rig/bee_0408_1_fwd/cam1_2026-04-08_16-20-55.mp4,1672.0,1995.5,1386,1659,1958,2332,0.67097497
255,/Volumes/SmithL0/2026/BIOL470/Final/Learning_Rig/bee_0408_1_fwd/cam1_2026-04-08_16-20-55.mp4,1578.5,1993.0,1177,1649,1980,2337,0.6228397
256,/Volumes/SmithL0/2026/BIOL470/Final/Learning_Rig/bee_0408_1_fwd/cam1_2026-04-08_16-20-55.mp4,1695.0,1996.5,1406,1664,1984,2329,0.73126215
257,/Volumes/SmithL0/2026/BIOL470/Final/Learning_Rig/bee_0408_1_fwd/cam1_2026-04-08_16-20-55.mp4,1699.0,2003.0,1422,1670,1976,2336,0.76569337
258,/Volumes/SmithL0/2026/BIOL470/Final/Learning_Rig/bee_0408_1_fwd/cam1_2026-04-08_16-20-55.mp4,1646.5,2001.5,1315,1671,1978,2332,0.76695454
259,/Volumes/SmithL0/2026/BIOL470/Final/Learning_Rig/bee_0408_1_fwd/cam1_2026-04-08_16-20-55.mp4,1698.5,2004.0,1396,1671,2001,2337,0.7890735
260,/Volumes/SmithL0/2026/BIOL470/Final/Learning_Rig/bee_0408_1_fwd/cam1_2026-04-08_16-20-55.mp4,1679.0,2000.5,1380,1663,1978,2338,0.78476465
261,/Volumes/SmithL0/2026/BIOL470/Final/Learning_Rig/bee_0408_1_fwd/cam1_2026-04-08_16-20-55.mp4,1683.0,2001.0,1391,1665,1975,2337,0.7802395
262,/Volumes/SmithL0/2026/BIOL470/Final/Learning_Rig/bee_0408_1_fwd/cam1_2026-04-08_16-20-55.mp4,1680.5,2004.5,1418,1673,1943,2336,0.79045975
263,/Volumes/SmithL0/2026/BIOL470/Final/Learning_Rig/bee_0408_1_fwd/cam1_2026-04-08_16-20-55.mp4,1681.5,2005.5,1419,1673,1944,2338,0.79141486
264,/Volumes/SmithL0/2026/BIOL470/Final/Learning_Rig/bee_0408_1_fwd/cam1_2026-04-08_16-20-55.mp4,1675.5,2004.5,1420,1673,1931,2336,0.79462165
265,/Volumes/SmithL0/2026/BIOL470/Final/Learning_Rig/bee_0408_1_fwd/cam1_2026-04-08_16-20-55.mp4,1683.5,2004.0,1419,1674,1948,2334,0.79875517
266,/Volumes/SmithL0/2026/BIOL470/Final/Learning_Rig/bee_0408_1_fwd/cam1_2026-04-08_16-20-55.mp4,1681.0,2002.0,1420,1674,1942,2330,0.80164117
267,/Volumes/SmithL0/2026/BIOL470/Final/Learning_Rig/bee_0408_1_fwd/cam1_2026-04-08_16-20-55.mp4,1685.0,2001.5,1420,1675,1950,2328,0.80377257
268,/Volumes/SmithL0/2026/BIOL470/Final/Learning_Rig/bee_0408_1_fwd/cam1_2026-04-08_16-20-55.mp4,1690.0,2002.0,1420,1675,1960,2329,0.80391973
269,/Volumes/SmithL0/2026/BIOL470/Final/Learning_Rig/bee_0408_1_fwd/cam1_2026-04-08_16-20-55.mp4,1690.0,2002.5,1419,1675,1961,2330,0.8034958
270,/Volumes/SmithL0/2026/BIOL470/Final/Learning_Rig/bee_0408_1_fwd/cam1_2026-04-08_16-20-55.mp4,1689.0,2003.0,1421,1676,1957,2330,0.7999793
271,/Volumes/SmithL0/2026/BIOL470/Final/Learning_Rig/bee_0408_1_fwd/cam1_2026-04-08_16-20-55.mp4,1689.5,2004.0,1420,1678,1959,2330,0.8045896
272,/Volumes/SmithL0/2026/BIOL470/Final/Learning_Rig/bee_0408_1_fwd/cam1_2026-04-08_16-20-55.mp4,1687.0,2005.0,1421,1678,1953,2332,0.802778
273,/Volumes/SmithL0/2026/BIOL470/Final/Learning_Rig/bee_0408_1_fwd/cam1_2026-04-08_16-20-55.mp4,1689.0,2006.0,1419,1678,1959,2334,0.8015481
274,/Volumes/SmithL0/2026/BIOL470/Final/Learning_Rig/bee_0408_1_fwd/cam1_2026-04-08_16-20-55.mp4,1692.0,2007.0,1419,1678,1965,2336,0.8026865
275,/Volumes/SmithL0/2026/BIOL470/Final/Learning_Rig/bee_0408_1_fwd/cam1_2026-04-08_16-20-55.mp4,1693.0,2008.5,1422,1682,1964,2335,0.7963219
276,/Volumes/SmithL0/2026/BIOL470/Final/Learning_Rig/bee_0408_1_fwd/cam1_2026-04-08_16-20-55.mp4,1688.5,2006.5,1425,1680,1952,2333,0.8011854
277,/Volumes/SmithL0/2026/BIOL470/Final/Learning_Rig/bee_0408_1_fwd/cam1_2026-04-08_16-20-55.mp4,1697.0,2009.0,1419,1682,1975,2336,0.80643016
278,/Volumes/SmithL0/2026/BIOL470/Final/Learning_Rig/bee_0408_1_fwd/cam1_2026-04-08_16-20-55.mp4,1705.5,2015.0,1417,1685,1994,2345,0.81931907
279,/Volumes/SmithL0/2026/BIOL470/Final/Learning_Rig/bee_0408_1_fwd/cam1_2026-04-08_16-20-55.mp4,1709.5,2016.0,1416,1684,2003,2348,0.8068246
280,/Volumes/SmithL0/2026/BIOL470/Final/Learning_Rig/bee_0408_1_fwd/cam1_2026-04-08_16-20-55.mp4,1720.5,2019.0,1417,1688,2024,2350,0.7719972
281,/Volumes/SmithL0/2026/BIOL470/Final/Learning_Rig/bee_0408_1_fwd/cam1_2026-04-08_16-20-55.mp4,1679.0,2051.0,1421,1702,1937,2400,0.7261155
282,/Volumes/SmithL0/2026/BIOL470/Final/Learning_Rig/bee_0408_1_fwd/cam1_2026-04-08_16-20-55.mp4,1742.0,2086.0,1425,1729,2059,2443,0.78085965
283,/Volumes/SmithL0/2026/BIOL470/Final/Learning_Rig/bee_0408_1_fwd/cam1_2026-04-08_16-20-55.mp4,1726.0,2088.0,1413,1758,2039,2418,0.7770994
284,/Volumes/SmithL0/2026/BIOL470/Final/Learning_Rig/bee_0408_1_fwd/cam1_2026-04-08_16-20-55.mp4,1687.0,2085.0,1344,1764,2030,2406,0.77907234
285,/Volumes/SmithL0/2026/BIOL470/Final/Learning_Rig/bee_0408_1_fwd/cam1_2026-04-08_16-20-55.mp4,1623.5,2084.5,1317,1757,1930,2412,0.8032927
286,/Volumes/SmithL0/2026/BIOL470/Final/Learning_Rig/bee_0408_1_fwd/cam1_2026-04-08_16-20-55.mp4,1615.5,2068.0,1306,1756,1925,2380,0.7954579
287,/Volumes/SmithL0/2026/BIOL470/Final/Learning_Rig/bee_0408_1_fwd/cam1_2026-04-08_16-20-55.mp4,1616.0,2058.0,1288,1758,1944,2358,0.803664
288,/Volumes/SmithL0/2026/BIOL470/Final/Learning_Rig/bee_0408_1_fwd/cam1_2026-04-08_16-20-55.mp4,1620.0,2062.5,1301,1781,1939,2344,0.8020805
289,/Volumes/SmithL0/2026/BIOL470/Final/Learning_Rig/bee_0408_1_fwd/cam1_2026-04-08_16-20-55.mp4,1607.0,2056.5,1289,1777,1925,2336,0.7889358
290,/Volumes/SmithL0/2026/BIOL470/Final/Learning_Rig/bee_0408_1_fwd/cam1_2026-04-08_16-20-55.mp4,1588.5,2073.5,1253,1821,1924,2326,0.7877096
291,/Volumes/SmithL0/2026/BIOL470/Final/Learning_Rig/bee_0408_1_fwd/cam1_2026-04-08_16-20-55.mp4,1577.5,2073.5,1215,1825,1940,2322,0.762675
292,/Volumes/SmithL0/2026/BIOL470/Final/Learning_Rig/bee_0408_1_fwd/cam1_2026-04-08_16-20-55.mp4,1577.5,2075.0,1214,1825,1941,2325,0.78126585
293,/Volumes/SmithL0/2026/BIOL470/Final/Learning_Rig/bee_0408_1_fwd/cam1_2026-04-08_16-20-55.mp4,1577.5,2076.0,1213,1827,1942,2325,0.7756526
294,/Volumes/SmithL0/2026/BIOL470/Final/Learning_Rig/bee_0408_1_fwd/cam1_2026-04-08_16-20-55.mp4,1578.5,2077.0,1216,1828,1941,2326,0.7909576
295,/Volumes/SmithL0/2026/BIOL470/Final/Learning_Rig/bee_0408_1_fwd/cam1_2026-04-08_16-20-55.mp4,1579.5,2078.5,1218,1831,1941,2326,0.78276855
296,/Volumes/SmithL0/2026/BIOL470/Final/Learning_Rig/bee_0408_1_fwd/cam1_2026-04-08_16-20-55.mp4,1582.5,2077.5,1225,1829,1940,2326,0.7858792
297,/Volumes/SmithL0/2026/BIOL470/Final/Learning_Rig/bee_0408_1_fwd/cam1_2026-04-08_16-20-55.mp4,1580.5,2081.0,1221,1834,1940,2328,0.7992624
298,/Volumes/SmithL0/2026/BIOL470/Final/Learning_Rig/bee_0408_1_fwd/cam1_2026-04-08_16-20-55.mp4,1583.5,2080.0,1226,1833,1941,2327,0.7938917
299,/Volumes/SmithL0/2026/BIOL470/Final/Learning_Rig/bee_0408_1_fwd/cam1_2026-04-08_16-20-55.mp4,1581.0,2078.0,1220,1829,1942,2327,0.78960425
300,/Volumes/SmithL0/2026/BIOL470/Final/Learning_Rig/bee_0408_1_fwd/cam1_2026-04-08_16-20-55.mp4,1577.5,2078.5,1214,1829,1941,2328,0.79522663
301,/Volumes/SmithL0/2026/BIOL470/Final/Learning_Rig/bee_0408_1_fwd/cam1_2026-04-08_16-20-55.mp4,1582.0,2078.5,1223,1830,1941,2327,0.7855882
302,/Volumes/SmithL0/2026/BIOL470/Final/Learning_Rig/bee_0408_1_fwd/cam1_2026-04-08_16-20-55.mp4,1581.0,2078.5,1220,1829,1942,2328,0.7894606
303,/Volumes/SmithL0/2026/BIOL470/Final/Learning_Rig/bee_0408_1_fwd/cam1_2026-04-08_16-20-55.mp4,1578.5,2079.0,1215,1829,1942,2329,0.79062545
304,/Volumes/SmithL0/2026/BIOL470/Final/Learning_Rig/bee_0408_1_fwd/cam1_2026-04-08_16-20-55.mp4,1580.0,2083.0,1214,1837,1946,2329,0.7848888
305,/Volumes/SmithL0/2026/BIOL470/Final/Learning_Rig/bee_0408_1_fwd/cam1_2026-04-08_16-20-55.mp4,1578.0,2058.5,1215,1781,1941,2336,0.7961088
306,/Volumes/SmithL0/2026/BIOL470/Final/Learning_Rig/bee_0408_1_fwd/cam1_2026-04-08_16-20-55.mp4,1575.5,2056.0,1212,1772,1939,2340,0.80219316
307,/Volumes/SmithL0/2026/BIOL470/Final/Learning_Rig/bee_0408_1_fwd/cam1_2026-04-08_16-20-55.mp4,1576.0,2056.5,1213,1772,1939,2341,0.80311817
308,/Volumes/SmithL0/2026/BIOL470/Final/Learning_Rig/bee_0408_1_fwd/cam1_2026-04-08_16-20-55.mp4,1578.0,2056.0,1214,1773,1942,2339,0.7915968
309,/Volumes/SmithL0/2026/BIOL470/Final/Learning_Rig/bee_0408_1_fwd/cam1_2026-04-08_16-20-55.mp4,1584.5,2085.0,1211,1839,1958,2331,0.7604431
310,/Volumes/SmithL0/2026/BIOL470/Final/Learning_Rig/bee_0408_1_fwd/cam1_2026-04-08_16-20-55.mp4,1584.0,2093.0,1206,1854,1962,2332,0.64295876
311,/Volumes/SmithL0/2026/BIOL470/Final/Learning_Rig/bee_0408_1_fwd/cam1_2026-04-08_16-20-55.mp4,1584.0,2094.5,1208,1855,1960,2334,0.7068281
312,/Volumes/SmithL0/2026/BIOL470/Final/Learning_Rig/bee_0408_1_fwd/cam1_2026-04-08_16-20-55.mp4,1587.0,2095.0,1210,1855,1964,2335,0.6912949
313,/Volumes/SmithL0/2026/BIOL470/Final/Learning_Rig/bee_0408_1_fwd/cam1_2026-04-08_16-20-55.mp4,1587.5,2092.5,1208,1851,1967,2334,0.61798453
314,/Volumes/SmithL0/2026/BIOL470/Final/Learning_Rig/bee_0408_1_fwd/cam1_2026-04-08_16-20-55.mp4,1590.5,2074.0,1212,1819,1969,2329,0.70361465
315,/Volumes/SmithL0/2026/BIOL470/Final/Learning_Rig/bee_0408_1_fwd/cam1_2026-04-08_16-20-55.mp4,1588.5,2075.0,1214,1821,1963,2329,0.7155565
316,/Volumes/SmithL0/2026/BIOL470/Final/Learning_Rig/bee_0408_1_fwd/cam1_2026-04-08_16-20-55.mp4,1611.5,2086.0,1240,1841,1983,2331,0.7641202
317,/Volumes/SmithL0/2026/BIOL470/Final/Learning_Rig/bee_0408_1_fwd/cam1_2026-04-08_16-20-55.mp4,1622.0,2068.5,1251,1807,1993,2330,0.7766769
318,/Volumes/SmithL0/2026/BIOL470/Final/Learning_Rig/bee_0408_1_fwd/cam1_2026-04-08_16-20-55.mp4,1626.5,2065.5,1254,1803,1999,2328,0.77461666
319,/Volumes/SmithL0/2026/BIOL470/Final/Learning_Rig/bee_0408_1_fwd/cam1_2026-04-08_16-20-55.mp4,1626.5,2069.0,1256,1810,1997,2328,0.7556648
320,/Volumes/SmithL0/2026/BIOL470/Final/Learning_Rig/bee_0408_1_fwd/cam1_2026-04-08_16-20-55.mp4,1624.5,2090.0,1254,1860,1995,2320,0.7982778
321,/Volumes/SmithL0/2026/BIOL470/Final/Learning_Rig/bee_0408_1_fwd/cam1_2026-04-08_16-20-55.mp4,1622.0,2097.5,1256,1877,1988,2318,0.77651155
322,/Volumes/SmithL0/2026/BIOL470/Final/Learning_Rig/bee_0408_1_fwd/cam1_2026-04-08_16-20-55.mp4,1625.5,2062.5,1255,1794,1996,2331,0.7983017
323,/Volumes/SmithL0/2026/BIOL470/Final/Learning_Rig/bee_0408_1_fwd/cam1_2026-04-08_16-20-55.mp4,1627.0,2069.0,1258,1797,1996,2341,0.7888747
324,/Volumes/SmithL0/2026/BIOL470/Final/Learning_Rig/bee_0408_1_fwd/cam1_2026-04-08_16-20-55.mp4,1624.5,2060.5,1256,1791,1993,2330,0.7859227
325,/Volumes/SmithL0/2026/BIOL470/Final/Learning_Rig/bee_0408_1_fwd/cam1_2026-04-08_16-20-55.mp4,1625.5,2069.5,1257,1795,1994,2344,0.7861217
326,/Volumes/SmithL0/2026/BIOL470/Final/Learning_Rig/bee_0408_1_fwd/cam1_2026-04-08_16-20-55.mp4,1625.5,2089.5,1258,1832,1993,2347,0.7792389
327,/Volumes/SmithL0/2026/BIOL470/Final/Learning_Rig/bee_0408_1_fwd/cam1_2026-04-08_16-20-55.mp4,1625.0,2075.5,1255,1811,1995,2340,0.7761978
328,/Volumes/SmithL0/2026/BIOL470/Final/Learning_Rig/bee_0408_1_fwd/cam1_2026-04-08_16-20-55.mp4,1617.0,2056.0,1241,1787,1993,2325,0.7818689
329,/Volumes/SmithL0/2026/BIOL470/Final/Learning_Rig/bee_0408_1_fwd/cam1_2026-04-08_16-20-55.mp4,1592.5,2054.5,1199,1786,1986,2323,0.7728767
330,/Volumes/SmithL0/2026/BIOL470/Final/Learning_Rig/bee_0408_1_fwd/cam1_2026-04-08_16-20-55.mp4,1591.5,2084.0,1198,1848,1985,2320,0.78506213
331,/Volumes/SmithL0/2026/BIOL470/Final/Learning_Rig/bee_0408_1_fwd/cam1_2026-04-08_16-20-55.mp4,1593.5,2116.5,1192,1911,1995,2322,0.65477073
332,/Volumes/SmithL0/2026/BIOL470/Final/Learning_Rig/bee_0408_1_fwd/cam1_2026-04-08_16-20-55.mp4,1583.5,2114.0,1182,1898,1985,2330,0.6906866
333,/Volumes/SmithL0/2026/BIOL470/Final/Learning_Rig/bee_0408_1_fwd/cam1_2026-04-08_16-20-55.mp4,1583.0,2113.5,1181,1895,1985,2332,0.7089198
334,/Volumes/SmithL0/2026/BIOL470/Final/Learning_Rig/bee_0408_1_fwd/cam1_2026-04-08_16-20-55.mp4,1574.5,2132.0,1185,1858,1964,2406,0.7523008
335,/Volumes/SmithL0/2026/BIOL470/Final/Learning_Rig/bee_0408_1_fwd/cam1_2026-04-08_16-20-55.mp4,1563.5,2134.0,1176,1864,1951,2404,0.7056762
336,/Volumes/SmithL0/2026/BIOL470/Final/Learning_Rig/bee_0408_1_fwd/cam1_2026-04-08_16-20-55.mp4,1549.5,2120.5,1176,1841,1923,2400,0.63182014
337,/Volumes/SmithL0/2026/BIOL470/Final/Learning_Rig/bee_0408_1_fwd/cam1_2026-04-08_16-20-55.mp4,1530.5,2118.0,1162,1822,1899,2414,0.685999
338,/Volumes/SmithL0/2026/BIOL470/Final/Learning_Rig/bee_0408_1_fwd/cam1_2026-04-08_16-20-55.mp4,1518.0,2133.0,1148,1828,1888,2438,0.74119717
339,/Volumes/SmithL0/2026/BIOL470/Final/Learning_Rig/bee_0408_1_fwd/cam1_2026-04-08_16-20-55.mp4,1509.0,2118.5,1150,1811,1868,2426,0.73765564
340,/Volumes/SmithL0/2026/BIOL470/Final/Learning_Rig/bee_0408_1_fwd/cam1_2026-04-08_16-20-55.mp4,1508.0,2116.0,1150,1807,1866,2425,0.7545848
341,/Volumes/SmithL0/2026/BIOL470/Final/Learning_Rig/bee_0408_1_fwd/cam1_2026-04-08_16-20-55.mp4,1475.5,2116.5,1131,1814,1820,2419,0.7105957
342,/Volumes/SmithL0/2026/BIOL470/Final/Learning_Rig/bee_0408_1_fwd/cam1_2026-04-08_16-20-55.mp4,1468.0,2125.5,1122,1824,1814,2427,0.7093415
343,/Volumes/SmithL0/2026/BIOL470/Final/Learning_Rig/bee_0408_1_fwd/cam1_2026-04-08_16-20-55.mp4,1464.5,2124.5,1121,1809,1808,2440,0.78647524
344,/Volumes/SmithL0/2026/BIOL470/Final/Learning_Rig/bee_0408_1_fwd/cam1_2026-04-08_16-20-55.mp4,1422.5,2119.0,1096,1794,1749,2444,0.8113261
345,/Volumes/SmithL0/2026/BIOL470/Final/Learning_Rig/bee_0408_1_fwd/cam1_2026-04-08_16-20-55.mp4,1384.5,2111.5,1052,1778,1717,2445,0.8315048
346,/Volumes/SmithL0/2026/BIOL470/Final/Learning_Rig/bee_0408_1_fwd/cam1_2026-04-08_16-20-55.mp4,1369.5,2110.5,1047,1776,1692,2445,0.81993043
347,/Volumes/SmithL0/2026/BIOL470/Final/Learning_Rig/bee_0408_1_fwd/cam1_2026-04-08_16-20-55.mp4,1393.5,2106.5,1046,1774,1741,2439,0.8234033
348,/Volumes/SmithL0/2026/BIOL470/Final/Learning_Rig/bee_0408_1_fwd/cam1_2026-04-08_16-20-55.mp4,1369.0,2104.0,1022,1762,1716,2446,0.82089984
349,/Volumes/SmithL0/2026/BIOL470/Final/Learning_Rig/bee_0408_1_fwd/cam1_2026-04-08_16-20-55.mp4,1308.0,2056.5,1041,1696,1575,2417,0.8011247
350,/Volumes/SmithL0/2026/BIOL470/Final/Learning_Rig/bee_0408_1_fwd/cam1_2026-04-08_16-20-55.mp4,1374.0,2023.0,1047,1689,1701,2357,0.796011
351,/Volumes/SmithL0/2026/BIOL470/Final/Learning_Rig/bee_0408_1_fwd/cam1_2026-04-08_16-20-55.mp4,1410.0,2012.0,1052,1682,1768,2342,0.8365972
352,/Volumes/SmithL0/2026/BIOL470/Final/Learning_Rig/bee_0408_1_fwd/cam1_2026-04-08_16-20-55.mp4,1408.0,2006.5,1053,1669,1763,2344,0.8437342
353,/Volumes/SmithL0/2026/BIOL470/Final/Learning_Rig/bee_0408_1_fwd/cam1_2026-04-08_16-20-55.mp4,1420.0,2007.5,1053,1676,1787,2339,0.8289137
354,/Volumes/SmithL0/2026/BIOL470/Final/Learning_Rig/bee_0408_1_fwd/cam1_2026-04-08_16-20-55.mp4,1418.0,2023.5,1058,1701,1778,2346,0.81496
355,/Volumes/SmithL0/2026/BIOL470/Final/Learning_Rig/bee_0408_1_fwd/cam1_2026-04-08_16-20-55.mp4,1454.0,2031.0,1106,1723,1802,2339,0.812856
356,/Volumes/SmithL0/2026/BIOL470/Final/Learning_Rig/bee_0408_1_fwd/cam1_2026-04-08_16-20-55.mp4,1451.5,2054.0,1089,1751,1814,2357,0.79607964
357,/Volumes/SmithL0/2026/BIOL470/Final/Learning_Rig/bee_0408_1_fwd/cam1_2026-04-08_16-20-55.mp4,1470.5,2053.5,1127,1751,1814,2356,0.7876487
358,/Volumes/SmithL0/2026/BIOL470/Final/Learning_Rig/bee_0408_1_fwd/cam1_2026-04-08_16-20-55.mp4,1474.0,2056.5,1128,1753,1820,2360,0.7994201
359,/Volumes/SmithL0/2026/BIOL470/Final/Learning_Rig/bee_0408_1_fwd/cam1_2026-04-08_16-20-55.mp4,1480.5,2056.5,1129,1754,1832,2359,0.81100965
360,/Volumes/SmithL0/2026/BIOL470/Final/Learning_Rig/bee_0408_1_fwd/cam1_2026-04-08_16-20-55.mp4,1513.0,2055.5,1171,1762,1855,2349,0.80708534
361,/Volumes/SmithL0/2026/BIOL470/Final/Learning_Rig/bee_0408_1_fwd/cam1_2026-04-08_16-20-55.mp4,1517.0,2056.0,1173,1763,1861,2349,0.8049678
362,/Volumes/SmithL0/2026/BIOL470/Final/Learning_Rig/bee_0408_1_fwd/cam1_2026-04-08_16-20-55.mp4,1524.0,2051.5,1180,1756,1868,2347,0.80075693
363,/Volumes/SmithL0/2026/BIOL470/Final/Learning_Rig/bee_0408_1_fwd/cam1_2026-04-08_16-20-55.mp4,1533.5,2050.5,1185,1753,1882,2348,0.80794525
364,/Volumes/SmithL0/2026/BIOL470/Final/Learning_Rig/bee_0408_1_fwd/cam1_2026-04-08_16-20-55.mp4,1538.5,2044.0,1190,1741,1887,2347,0.79696727
365,/Volumes/SmithL0/2026/BIOL470/Final/Learning_Rig/bee_0408_1_fwd/cam1_2026-04-08_16-20-55.mp4,1536.5,2038.0,1190,1729,1883,2347,0.8104032
366,/Volumes/SmithL0/2026/BIOL470/Final/Learning_Rig/bee_0408_1_fwd/cam1_2026-04-08_16-20-55.mp4,1536.5,2053.0,1183,1758,1890,2348,0.8283618
367,/Volumes/SmithL0/2026/BIOL470/Final/Learning_Rig/bee_0408_1_fwd/cam1_2026-04-08_16-20-55.mp4,1535.0,2057.0,1175,1766,1895,2348,0.8249942
368,/Volumes/SmithL0/2026/BIOL470/Final/Learning_Rig/bee_0408_1_fwd/cam1_2026-04-08_16-20-55.mp4,1546.5,2057.0,1182,1769,1911,2345,0.78975844
369,/Volumes/SmithL0/2026/BIOL470/Final/Learning_Rig/bee_0408_1_fwd/cam1_2026-04-08_16-20-55.mp4,1552.5,2053.5,1197,1757,1908,2350,0.77577794
370,/Volumes/SmithL0/2026/BIOL470/Final/Learning_Rig/bee_0408_1_fwd/cam1_2026-04-08_16-20-55.mp4,1552.5,2021.5,1200,1696,1905,2347,0.7287921
371,/Volumes/SmithL0/2026/BIOL470/Final/Learning_Rig/bee_0408_1_fwd/cam1_2026-04-08_16-20-55.mp4,1545.5,2024.0,1190,1712,1901,2336,0.78244114
372,/Volumes/SmithL0/2026/BIOL470/Final/Learning_Rig/bee_0408_1_fwd/cam1_2026-04-08_16-20-55.mp4,1540.5,2021.5,1183,1709,1898,2334,0.79545593
373,/Volumes/SmithL0/2026/BIOL470/Final/Learning_Rig/bee_0408_1_fwd/cam1_2026-04-08_16-20-55.mp4,1541.0,2001.0,1184,1690,1898,2312,0.77879936
374,/Volumes/SmithL0/2026/BIOL470/Final/Learning_Rig/bee_0408_1_fwd/cam1_2026-04-08_16-20-55.mp4,1540.0,2001.5,1184,1693,1896,2310,0.74281096
375,/Volumes/SmithL0/2026/BIOL470/Final/Learning_Rig/bee_0408_1_fwd/cam1_2026-04-08_16-20-55.mp4,1538.5,1990.5,1182,1675,1895,2306,0.7360143
376,/Volumes/SmithL0/2026/BIOL470/Final/Learning_Rig/bee_0408_1_fwd/cam1_2026-04-08_16-20-55.mp4,1538.0,1996.5,1182,1690,1894,2303,0.6527095
377,/Volumes/SmithL0/2026/BIOL470/Final/Learning_Rig/bee_0408_1_fwd/cam1_2026-04-08_16-20-55.mp4,1541.5,1976.0,1187,1653,1896,2299,0.73984677
378,/Volumes/SmithL0/2026/BIOL470/Final/Learning_Rig/bee_0408_1_fwd/cam1_2026-04-08_16-20-55.mp4,1543.0,1978.0,1190,1656,1896,2300,0.7507422
379,/Volumes/SmithL0/2026/BIOL470/Final/Learning_Rig/bee_0408_1_fwd/cam1_2026-04-08_16-20-55.mp4,1546.0,1982.0,1197,1662,1895,2302,0.73360777
380,/Volumes/SmithL0/2026/BIOL470/Final/Learning_Rig/bee_0408_1_fwd/cam1_2026-04-08_16-20-55.mp4,1550.0,1983.5,1205,1656,1895,2311,0.73625785
381,/Volumes/SmithL0/2026/BIOL470/Final/Learning_Rig/bee_0408_1_fwd/cam1_2026-04-08_16-20-55.mp4,1560.5,2046.5,1197,1689,1924,2404,0.75972533
382,/Volumes/SmithL0/2026/BIOL470/Final/Learning_Rig/bee_0408_1_fwd/cam1_2026-04-08_16-20-55.mp4,1543.0,1980.5,1192,1661,1894,2300,0.7457842
383,/Volumes/SmithL0/2026/BIOL470/Final/Learning_Rig/bee_0408_1_fwd/cam1_2026-04-08_16-20-55.mp4,1549.5,1979.0,1204,1656,1895,2302,0.7485928
384,/Volumes/SmithL0/2026/BIOL470/Final/Learning_Rig/bee_0408_1_fwd/cam1_2026-04-08_16-20-55.mp4,1541.0,1981.0,1189,1659,1893,2303,0.74262136
385,/Volumes/SmithL0/2026/BIOL470/Final/Learning_Rig/bee_0408_1_fwd/cam1_2026-04-08_16-20-55.mp4,1548.5,1979.0,1205,1658,1892,2300,0.7489944
386,/Volumes/SmithL0/2026/BIOL470/Final/Learning_Rig/bee_0408_1_fwd/cam1_2026-04-08_16-20-55.mp4,1557.5,2054.5,1194,1684,1921,2425,0.76371753
387,/Volumes/SmithL0/2026/BIOL470/Final/Learning_Rig/bee_0408_1_fwd/cam1_2026-04-08_16-20-55.mp4,1557.5,2049.0,1196,1681,1919,2417,0.7530135
388,/Volumes/SmithL0/2026/BIOL470/Final/Learning_Rig/bee_0408_1_fwd/cam1_2026-04-08_16-20-55.mp4,1539.0,1979.0,1194,1666,1884,2292,0.7626374
389,/Volumes/SmithL0/2026/BIOL470/Final/Learning_Rig/bee_0408_1_fwd/cam1_2026-04-08_16-20-55.mp4,1543.0,1990.5,1198,1676,1888,2305,0.7629383
390,/Volumes/SmithL0/2026/BIOL470/Final/Learning_Rig/bee_0408_1_fwd/cam1_2026-04-08_16-20-55.mp4,1545.0,1976.0,1202,1646,1888,2306,0.755343
391,/Volumes/SmithL0/2026/BIOL470/Final/Learning_Rig/bee_0408_1_fwd/cam1_2026-04-08_16-20-55.mp4,1536.0,1983.5,1188,1670,1884,2297,0.7644443
392,/Volumes/SmithL0/2026/BIOL470/Final/Learning_Rig/bee_0408_1_fwd/cam1_2026-04-08_16-20-55.mp4,1534.0,1979.5,1186,1667,1882,2292,0.7885487
393,/Volumes/SmithL0/2026/BIOL470/Final/Learning_Rig/bee_0408_1_fwd/cam1_2026-04-08_16-20-55.mp4,1534.5,1983.5,1184,1668,1885,2299,0.79103005
394,/Volumes/SmithL0/2026/BIOL470/Final/Learning_Rig/bee_0408_1_fwd/cam1_2026-04-08_16-20-55.mp4,1542.0,1978.5,1202,1661,1882,2296,0.7408221
395,/Volumes/SmithL0/2026/BIOL470/Final/Learning_Rig/bee_0408_1_fwd/cam1_2026-04-08_16-20-55.mp4,1547.5,1986.5,1206,1668,1889,2305,0.70756334
396,/Volumes/SmithL0/2026/BIOL470/Final/Learning_Rig/bee_0408_1_fwd/cam1_2026-04-08_16-20-55.mp4,1534.5,1982.0,1188,1661,1881,2303,0.74155533
397,/Volumes/SmithL0/2026/BIOL470/Final/Learning_Rig/bee_0408_1_fwd/cam1_2026-04-08_16-20-55.mp4,1544.0,1982.0,1202,1665,1886,2299,0.68051296
398,/Volumes/SmithL0/2026/BIOL470/Final/Learning_Rig/bee_0408_1_fwd/cam1_2026-04-08_16-20-55.mp4,1544.5,1983.0,1204,1667,1885,2299,0.6490586
399,/Volumes/SmithL0/2026/BIOL470/Final/Learning_Rig/bee_0408_1_fwd/cam1_2026-04-08_16-20-55.mp4,1543.0,1981.5,1204,1670,1882,2293,0.7118278
400,/Volumes/SmithL0/2026/BIOL470/Final/Learning_Rig/bee_0408_1_fwd/cam1_2026-04-08_16-20-55.mp4,1542.5,1979.5,1202,1668,1883,2291,0.7265072
401,/Volumes/SmithL0/2026/BIOL470/Final/Learning_Rig/bee_0408_1_fwd/cam1_2026-04-08_16-20-55.mp4,1542.5,1994.0,1203,1662,1882,2326,0.7162697
402,/Volumes/SmithL0/2026/BIOL470/Final/Learning_Rig/bee_0408_1_fwd/cam1_2026-04-08_16-20-55.mp4,1545.5,1983.0,1205,1666,1886,2300,0.68435866
403,/Volumes/SmithL0/2026/BIOL470/Final/Learning_Rig/bee_0408_1_fwd/cam1_2026-04-08_16-20-55.mp4,1547.5,1986.0,1207,1668,1888,2304,0.64352435
404,/Volumes/SmithL0/2026/BIOL470/Final/Learning_Rig/bee_0408_1_fwd/cam1_2026-04-08_16-20-55.mp4,1546.0,1983.5,1206,1666,1886,2301,0.59070486
405,/Volumes/SmithL0/2026/BIOL470/Final/Learning_Rig/bee_0408_1_fwd/cam1_2026-04-08_16-20-55.mp4,1544.5,1981.5,1204,1665,1885,2298,0.69216704
406,/Volumes/SmithL0/2026/BIOL470/Final/Learning_Rig/bee_0408_1_fwd/cam1_2026-04-08_16-20-55.mp4,1539.0,1978.5,1196,1666,1882,2291,0.72244436
407,/Volumes/SmithL0/2026/BIOL470/Final/Learning_Rig/bee_0408_1_fwd/cam1_2026-04-08_16-20-55.mp4,1527.5,1974.5,1174,1664,1881,2285,0.7867187
408,/Volumes/SmithL0/2026/BIOL470/Final/Learning_Rig/bee_0408_1_fwd/cam1_2026-04-08_16-20-55.mp4,1533.0,1963.5,1181,1655,1885,2272,0.7657617
409,/Volumes/SmithL0/2026/BIOL470/Final/Learning_Rig/bee_0408_1_fwd/cam1_2026-04-08_16-20-55.mp4,1537.5,2011.0,1179,1661,1896,2361,0.76559657
410,/Volumes/SmithL0/2026/BIOL470/Final/Learning_Rig/bee_0408_1_fwd/cam1_2026-04-08_16-20-55.mp4,1533.5,1975.0,1201,1651,1866,2299,0.765169
411,/Volumes/SmithL0/2026/BIOL470/Final/Learning_Rig/bee_0408_1_fwd/cam1_2026-04-08_16-20-55.mp4,1531.0,1976.5,1191,1633,1871,2320,0.773252
412,/Volumes/SmithL0/2026/BIOL470/Final/Learning_Rig/bee_0408_1_fwd/cam1_2026-04-08_16-20-55.mp4,1525.5,1976.5,1178,1623,1873,2330,0.76804775
413,/Volumes/SmithL0/2026/BIOL470/Final/Learning_Rig/bee_0408_1_fwd/cam1_2026-04-08_16-20-55.mp4,1527.5,1978.5,1181,1621,1874,2336,0.7767693
414,/Volumes/SmithL0/2026/BIOL470/Final/Learning_Rig/bee_0408_1_fwd/cam1_2026-04-08_16-20-55.mp4,1535.5,1964.0,1195,1622,1876,2306,0.71095234
415,/Volumes/SmithL0/2026/BIOL470/Final/Learning_Rig/bee_0408_1_fwd/cam1_2026-04-08_16-20-55.mp4,1536.0,1961.5,1196,1621,1876,2302,0.71492183
416,/Volumes/SmithL0/2026/BIOL470/Final/Learning_Rig/bee_0408_1_fwd/cam1_2026-04-08_16-20-55.mp4,1534.5,1963.5,1196,1629,1873,2298,0.7565902
417,/Volumes/SmithL0/2026/BIOL470/Final/Learning_Rig/bee_0408_1_fwd/cam1_2026-04-08_16-20-55.mp4,1531.0,1963.0,1187,1623,1875,2303,0.7829158
418,/Volumes/SmithL0/2026/BIOL470/Final/Learning_Rig/bee_0408_1_fwd/cam1_2026-04-08_16-20-55.mp4,1530.0,1965.5,1187,1622,1873,2309,0.78320134
419,/Volumes/SmithL0/2026/BIOL470/Final/Learning_Rig/bee_0408_1_fwd/cam1_2026-04-08_16-20-55.mp4,1529.5,1961.5,1185,1618,1874,2305,0.7851485
420,/Volumes/SmithL0/2026/BIOL470/Final/Learning_Rig/bee_0408_1_fwd/cam1_2026-04-08_16-20-55.mp4,1532.5,1966.0,1190,1625,1875,2307,0.78657836
421,/Volumes/SmithL0/2026/BIOL470/Final/Learning_Rig/bee_0408_1_fwd/cam1_2026-04-08_16-20-55.mp4,1536.0,1965.5,1196,1628,1876,2303,0.7249312
422,/Volumes/SmithL0/2026/BIOL470/Final/Learning_Rig/bee_0408_1_fwd/cam1_2026-04-08_16-20-55.mp4,1540.5,1973.5,1205,1644,1876,2303,0.7675604
423,/Volumes/SmithL0/2026/BIOL470/Final/Learning_Rig/bee_0408_1_fwd/cam1_2026-04-08_16-20-55.mp4,1558.5,1982.5,1229,1652,1888,2313,0.79715824
424,/Volumes/SmithL0/2026/BIOL470/Final/Learning_Rig/bee_0408_1_fwd/cam1_2026-04-08_16-20-55.mp4,1558.0,1982.0,1228,1654,1888,2310,0.8014933
425,/Volumes/SmithL0/2026/BIOL470/Final/Learning_Rig/bee_0408_1_fwd/cam1_2026-04-08_16-20-55.mp4,1552.0,1978.0,1221,1650,1883,2306,0.7846802
426,/Volumes/SmithL0/2026/BIOL470/Final/Learning_Rig/bee_0408_1_fwd/cam1_2026-04-08_16-20-55.mp4,1546.0,1979.0,1218,1650,1874,2308,0.76972526
427,/Volumes/SmithL0/2026/BIOL470/Final/Learning_Rig/bee_0408_1_fwd/cam1_2026-04-08_16-20-55.mp4,1546.5,1976.5,1218,1649,1875,2304,0.7691503
428,/Volumes/SmithL0/2026/BIOL470/Final/Learning_Rig/bee_0408_1_fwd/cam1_2026-04-08_16-20-55.mp4,1547.5,1973.5,1219,1644,1876,2303,0.7708305
429,/Volumes/SmithL0/2026/BIOL470/Final/Learning_Rig/bee_0408_1_fwd/cam1_2026-04-08_16-20-55.mp4,1547.0,1974.0,1217,1647,1877,2301,0.76976943
430,/Volumes/SmithL0/2026/BIOL470/Final/Learning_Rig/bee_0408_1_fwd/cam1_2026-04-08_16-20-55.mp4,1540.0,1978.0,1200,1650,1880,2306,0.77239
431,/Volumes/SmithL0/2026/BIOL470/Final/Learning_Rig/bee_0408_1_fwd/cam1_2026-04-08_16-20-55.mp4,1544.5,1975.5,1212,1649,1877,2302,0.77020645
432,/Volumes/SmithL0/2026/BIOL470/Final/Learning_Rig/bee_0408_1_fwd/cam1_2026-04-08_16-20-55.mp4,1552.0,1975.0,1221,1639,1883,2311,0.7860374
433,/Volumes/SmithL0/2026/BIOL470/Final/Learning_Rig/bee_0408_1_fwd/cam1_2026-04-08_16-20-55.mp4,1556.5,1975.0,1231,1640,1882,2310,0.79005456
434,/Volumes/SmithL0/2026/BIOL470/Final/Learning_Rig/bee_0408_1_fwd/cam1_2026-04-08_16-20-55.mp4,1556.0,1979.0,1231,1648,1881,2310,0.81151813
435,/Volumes/SmithL0/2026/BIOL470/Final/Learning_Rig/bee_0408_1_fwd/cam1_2026-04-08_16-20-55.mp4,1559.0,1991.0,1221,1650,1897,2332,0.8000972
436,/Volumes/SmithL0/2026/BIOL470/Final/Learning_Rig/bee_0408_1_fwd/cam1_2026-04-08_16-20-55.mp4,1552.5,1969.5,1222,1635,1883,2304,0.7979044
437,/Volumes/SmithL0/2026/BIOL470/Final/Learning_Rig/bee_0408_1_fwd/cam1_2026-04-08_16-20-55.mp4,1555.0,1970.5,1227,1637,1883,2304,0.79746526
438,/Volumes/SmithL0/2026/BIOL470/Final/Learning_Rig/bee_0408_1_fwd/cam1_2026-04-08_16-20-55.mp4,1543.5,1970.5,1212,1644,1875,2297,0.79581463
439,/Volumes/SmithL0/2026/BIOL470/Final/Learning_Rig/bee_0408_1_fwd/cam1_2026-04-08_16-20-55.mp4,1542.5,1971.5,1211,1643,1874,2300,0.788688
440,/Volumes/SmithL0/2026/BIOL470/Final/Learning_Rig/bee_0408_1_fwd/cam1_2026-04-08_16-20-55.mp4,1544.5,1973.5,1218,1644,1871,2303,0.7822206
441,/Volumes/SmithL0/2026/BIOL470/Final/Learning_Rig/bee_0408_1_fwd/cam1_2026-04-08_16-20-55.mp4,1542.0,1976.5,1217,1642,1867,2311,0.78938943
442,/Volumes/SmithL0/2026/BIOL470/Final/Learning_Rig/bee_0408_1_fwd/cam1_2026-04-08_16-20-55.mp4,1539.0,1976.0,1214,1643,1864,2309,0.78517395
443,/Volumes/SmithL0/2026/BIOL470/Final/Learning_Rig/bee_0408_1_fwd/cam1_2026-04-08_16-20-55.mp4,1539.0,1977.0,1213,1646,1865,2308,0.7836611
444,/Volumes/SmithL0/2026/BIOL470/Final/Learning_Rig/bee_0408_1_fwd/cam1_2026-04-08_16-20-55.mp4,1536.5,1977.0,1208,1645,1865,2309,0.77785206
445,/Volumes/SmithL0/2026/BIOL470/Final/Learning_Rig/bee_0408_1_fwd/cam1_2026-04-08_16-20-55.mp4,1536.5,1981.0,1209,1648,1864,2314,0.77689487
446,/Volumes/SmithL0/2026/BIOL470/Final/Learning_Rig/bee_0408_1_fwd/cam1_2026-04-08_16-20-55.mp4,1537.5,1980.0,1211,1646,1864,2314,0.7756787
447,/Volumes/SmithL0/2026/BIOL470/Final/Learning_Rig/bee_0408_1_fwd/cam1_2026-04-08_16-20-55.mp4,1538.0,1980.0,1211,1648,1865,2312,0.785872
448,/Volumes/SmithL0/2026/BIOL470/Final/Learning_Rig/bee_0408_1_fwd/cam1_2026-04-08_16-20-55.mp4,1537.5,1979.5,1211,1648,1864,2311,0.78687274
449,/Volumes/SmithL0/2026/BIOL470/Final/Learning_Rig/bee_0408_1_fwd/cam1_2026-04-08_16-20-55.mp4,1536.0,1980.5,1209,1648,1863,2313,0.77960014
450,/Volumes/SmithL0/2026/BIOL470/Final/Learning_Rig/bee_0408_1_fwd/cam1_2026-04-08_16-20-55.mp4,1535.0,1979.5,1208,1649,1862,2310,0.7743718
451,/Volumes/SmithL0/2026/BIOL470/Final/Learning_Rig/bee_0408_1_fwd/cam1_2026-04-08_16-20-55.mp4,1535.0,1977.0,1208,1647,1862,2307,0.77524585
452,/Volumes/SmithL0/2026/BIOL470/Final/Learning_Rig/bee_0408_1_fwd/cam1_2026-04-08_16-20-55.mp4,1534.0,1977.5,1207,1645,1861,2310,0.77310866
453,/Volumes/SmithL0/2026/BIOL470/Final/Learning_Rig/bee_0408_1_fwd/cam1_2026-04-08_16-20-55.mp4,1532.5,1983.0,1205,1648,1860,2318,0.782407
454,/Volumes/SmithL0/2026/BIOL470/Final/Learning_Rig/bee_0408_1_fwd/cam1_2026-04-08_16-20-55.mp4,1532.5,1986.0,1207,1649,1858,2323,0.7873655
455,/Volumes/SmithL0/2026/BIOL470/Final/Learning_Rig/bee_0408_1_fwd/cam1_2026-04-08_16-20-55.mp4,1532.5,1979.0,1209,1648,1856,2310,0.7890654
456,/Volumes/SmithL0/2026/BIOL470/Final/Learning_Rig/bee_0408_1_fwd/cam1_2026-04-08_16-20-55.mp4,1532.5,1975.5,1210,1648,1855,2303,0.78958577
457,/Volumes/SmithL0/2026/BIOL470/Final/Learning_Rig/bee_0408_1_fwd/cam1_2026-04-08_16-20-55.mp4,1533.5,1975.5,1211,1648,1856,2303,0.791072
458,/Volumes/SmithL0/2026/BIOL470/Final/Learning_Rig/bee_0408_1_fwd/cam1_2026-04-08_16-20-55.mp4,1543.0,1979.5,1221,1636,1865,2323,0.809263
459,/Volumes/SmithL0/2026/BIOL470/Final/Learning_Rig/bee_0408_1_fwd/cam1_2026-04-08_16-20-55.mp4,1544.5,1981.0,1222,1634,1867,2328,0.81178397
460,/Volumes/SmithL0/2026/BIOL470/Final/Learning_Rig/bee_0408_1_fwd/cam1_2026-04-08_16-20-55.mp4,1545.0,1979.5,1224,1634,1866,2325,0.8185384
461,/Volumes/SmithL0/2026/BIOL470/Final/Learning_Rig/bee_0408_1_fwd/cam1_2026-04-08_16-20-55.mp4,1540.5,1974.5,1223,1643,1858,2306,0.8060046
462,/Volumes/SmithL0/2026/BIOL470/Final/Learning_Rig/bee_0408_1_fwd/cam1_2026-04-08_16-20-55.mp4,1540.0,1975.0,1222,1644,1858,2306,0.80384314
463,/Volumes/SmithL0/2026/BIOL470/Final/Learning_Rig/bee_0408_1_fwd/cam1_2026-04-08_16-20-55.mp4,1545.0,1979.0,1226,1635,1864,2323,0.8221455
464,/Volumes/SmithL0/2026/BIOL470/Final/Learning_Rig/bee_0408_1_fwd/cam1_2026-04-08_16-20-55.mp4,1545.0,1977.5,1225,1633,1865,2322,0.82538766
465,/Volumes/SmithL0/2026/BIOL470/Final/Learning_Rig/bee_0408_1_fwd/cam1_2026-04-08_16-20-55.mp4,1537.0,1979.5,1217,1635,1857,2324,0.81424844
466,/Volumes/SmithL0/2026/BIOL470/Final/Learning_Rig/bee_0408_1_fwd/cam1_2026-04-08_16-20-55.mp4,1533.0,1976.0,1217,1644,1849,2308,0.8004708
467,/Volumes/SmithL0/2026/BIOL470/Final/Learning_Rig/bee_0408_1_fwd/cam1_2026-04-08_16-20-55.mp4,1531.0,1978.5,1215,1647,1847,2310,0.80185187
468,/Volumes/SmithL0/2026/BIOL470/Final/Learning_Rig/bee_0408_1_fwd/cam1_2026-04-08_16-20-55.mp4,1532.5,1977.5,1218,1649,1847,2306,0.8058305
469,/Volumes/SmithL0/2026/BIOL470/Final/Learning_Rig/bee_0408_1_fwd/cam1_2026-04-08_16-20-55.mp4,1531.0,1978.5,1218,1649,1844,2308,0.804338
470,/Volumes/SmithL0/2026/BIOL470/Final/Learning_Rig/bee_0408_1_fwd/cam1_2026-04-08_16-20-55.mp4,1527.0,1985.0,1209,1650,1845,2320,0.81135905
471,/Volumes/SmithL0/2026/BIOL470/Final/Learning_Rig/bee_0408_1_fwd/cam1_2026-04-08_16-20-55.mp4,1527.5,1984.5,1212,1649,1843,2320,0.8136811
472,/Volumes/SmithL0/2026/BIOL470/Final/Learning_Rig/bee_0408_1_fwd/cam1_2026-04-08_16-20-55.mp4,1528.0,1984.5,1213,1651,1843,2318,0.82221866
473,/Volumes/SmithL0/2026/BIOL470/Final/Learning_Rig/bee_0408_1_fwd/cam1_2026-04-08_16-20-55.mp4,1530.0,1985.0,1216,1653,1844,2317,0.82162964
474,/Volumes/SmithL0/2026/BIOL470/Final/Learning_Rig/bee_0408_1_fwd/cam1_2026-04-08_16-20-55.mp4,1524.0,1984.0,1202,1651,1846,2317,0.81914866
475,/Volumes/SmithL0/2026/BIOL470/Final/Learning_Rig/bee_0408_1_fwd/cam1_2026-04-08_16-20-55.mp4,1528.5,1984.5,1214,1650,1843,2319,0.8028654
476,/Volumes/SmithL0/2026/BIOL470/Final/Learning_Rig/bee_0408_1_fwd/cam1_2026-04-08_16-20-55.mp4,1526.0,1979.0,1207,1639,1845,2319,0.81439096
477,/Volumes/SmithL0/2026/BIOL470/Final/Learning_Rig/bee_0408_1_fwd/cam1_2026-04-08_16-20-55.mp4,1552.0,1987.5,1242,1650,1862,2325,0.8116103
478,/Volumes/SmithL0/2026/BIOL470/Final/Learning_Rig/bee_0408_1_fwd/cam1_2026-04-08_16-20-55.mp4,1547.0,1990.5,1244,1647,1850,2334,0.79665333
479,/Volumes/SmithL0/2026/BIOL470/Final/Learning_Rig/bee_0408_1_fwd/cam1_2026-04-08_16-20-55.mp4,1528.5,1983.5,1247,1627,1810,2340,0.7951965
480,/Volumes/SmithL0/2026/BIOL470/Final/Learning_Rig/bee_0408_1_fwd/cam1_2026-04-08_16-20-55.mp4,1534.0,1994.0,1238,1648,1830,2340,0.78025174
481,/Volumes/SmithL0/2026/BIOL470/Final/Learning_Rig/bee_0408_1_fwd/cam1_2026-04-08_16-20-55.mp4,1523.0,2003.5,1231,1672,1815,2335,0.79584193
482,/Volumes/SmithL0/2026/BIOL470/Final/Learning_Rig/bee_0408_1_fwd/cam1_2026-04-08_16-20-55.mp4,1519.5,2011.0,1217,1671,1822,2351,0.84340525
483,/Volumes/SmithL0/2026/BIOL470/Final/Learning_Rig/bee_0408_1_fwd/cam1_2026-04-08_16-20-55.mp4,1517.5,2018.0,1217,1672,1818,2364,0.8427819
484,/Volumes/SmithL0/2026/BIOL470/Final/Learning_Rig/bee_0408_1_fwd/cam1_2026-04-08_16-20-55.mp4,1519.5,2018.0,1217,1672,1822,2364,0.83510584
485,/Volumes/SmithL0/2026/BIOL470/Final/Learning_Rig/bee_0408_1_fwd/cam1_2026-04-08_16-20-55.mp4,1554.5,2017.5,1218,1672,1891,2363,0.79509795
486,/Volumes/SmithL0/2026/BIOL470/Final/Learning_Rig/bee_0408_1_fwd/cam1_2026-04-08_16-20-55.mp4,1549.5,2015.5,1221,1666,1878,2365,0.7981906
487,/Volumes/SmithL0/2026/BIOL470/Final/Learning_Rig/bee_0408_1_fwd/cam1_2026-04-08_16-20-55.mp4,1547.5,2001.5,1237,1660,1858,2343,0.7907259
488,/Volumes/SmithL0/2026/BIOL470/Final/Learning_Rig/bee_0408_1_fwd/cam1_2026-04-08_16-20-55.mp4,1540.0,1979.5,1235,1637,1845,2322,0.7849974
489,/Volumes/SmithL0/2026/BIOL470/Final/Learning_Rig/bee_0408_1_fwd/cam1_2026-04-08_16-20-55.mp4,1539.5,1977.0,1238,1636,1841,2318,0.7428506
490,/Volumes/SmithL0/2026/BIOL470/Final/Learning_Rig/bee_0408_1_fwd/cam1_2026-04-08_16-20-55.mp4,1577.0,1985.5,1306,1650,1848,2321,0.7338339
491,/Volumes/SmithL0/2026/BIOL470/Final/Learning_Rig/bee_0408_1_fwd/cam1_2026-04-08_16-20-55.mp4,1583.0,1988.0,1300,1657,1866,2319,0.76614225
492,/Volumes/SmithL0/2026/BIOL470/Final/Learning_Rig/bee_0408_1_fwd/cam1_2026-04-08_16-20-55.mp4,1578.5,1987.5,1285,1663,1872,2312,0.761111
493,/Volumes/SmithL0/2026/BIOL470/Final/Learning_Rig/bee_0408_1_fwd/cam1_2026-04-08_16-20-55.mp4,1585.0,1991.5,1280,1666,1890,2317,0.77954435
494,/Volumes/SmithL0/2026/BIOL470/Final/Learning_Rig/bee_0408_1_fwd/cam1_2026-04-08_16-20-55.mp4,1605.0,1986.5,1297,1660,1913,2313,0.7967093
495,/Volumes/SmithL0/2026/BIOL470/Final/Learning_Rig/bee_0408_1_fwd/cam1_2026-04-08_16-20-55.mp4,1576.0,1988.5,1274,1663,1878,2314,0.81090695
496,/Volumes/SmithL0/2026/BIOL470/Final/Learning_Rig/bee_0408_1_fwd/cam1_2026-04-08_16-20-55.mp4,1570.0,1997.0,1281,1656,1859,2338,0.8066717
497,/Volumes/SmithL0/2026/BIOL470/Final/Learning_Rig/bee_0408_1_fwd/cam1_2026-04-08_16-20-55.mp4,1572.0,1994.0,1282,1666,1862,2322,0.8043295
498,/Volumes/SmithL0/2026/BIOL470/Final/Learning_Rig/bee_0408_1_fwd/cam1_2026-04-08_16-20-55.mp4,1575.0,1967.0,1257,1668,1893,2266,0.8058179
499,/Volumes/SmithL0/2026/BIOL470/Final/Learning_Rig/bee_0408_1_fwd/cam1_2026-04-08_16-20-55.mp4,1578.0,1960.0,1243,1666,1913,2254,0.800192
500,/Volumes/SmithL0/2026/BIOL470/Final/Learning_Rig/bee_0408_1_fwd/cam1_2026-04-08_16-20-55.mp4,1586.5,1964.0,1212,1673,1961,2255,0.7826877
501,/Volumes/SmithL0/2026/BIOL470/Final/Learning_Rig/bee_0408_1_fwd/cam1_2026-04-08_16-20-55.mp4,1590.0,1956.0,1208,1666,1972,2246,0.7853226
502,/Volumes/SmithL0/2026/BIOL470/Final/Learning_Rig/bee_0408_1_fwd/cam1_2026-04-08_16-20-55.mp4,1593.0,1947.0,1201,1665,1985,2229,0.79231936
503,/Volumes/SmithL0/2026/BIOL470/Final/Learning_Rig/bee_0408_1_fwd/cam1_2026-04-08_16-20-55.mp4,1583.5,1949.0,1182,1667,1985,2231,0.77864176
504,/Volumes/SmithL0/2026/BIOL470/Final/Learning_Rig/bee_0408_1_fwd/cam1_2026-04-08_16-20-55.mp4,1607.5,1939.5,1183,1656,2032,2223,0.76531297
505,/Volumes/SmithL0/2026/BIOL470/Final/Learning_Rig/bee_0408_1_fwd/cam1_2026-04-08_16-20-55.mp4,1635.0,1940.5,1224,1661,2046,2220,0.7750272
506,/Volumes/SmithL0/2026/BIOL470/Final/Learning_Rig/bee_0408_1_fwd/cam1_2026-04-08_16-20-55.mp4,1654.0,1939.0,1231,1671,2077,2207,0.79114324
507,/Volumes/SmithL0/2026/BIOL470/Final/Learning_Rig/bee_0408_1_fwd/cam1_2026-04-08_16-20-55.mp4,1651.0,1930.0,1225,1641,2077,2219,0.73364574
508,/Volumes/SmithL0/2026/BIOL470/Final/Learning_Rig/bee_0408_1_fwd/cam1_2026-04-08_16-20-55.mp4,1658.5,1940.0,1256,1654,2061,2226,0.75592935
509,/Volumes/SmithL0/2026/BIOL470/Final/Learning_Rig/bee_0408_1_fwd/cam1_2026-04-08_16-20-55.mp4,1688.5,1944.5,1317,1662,2060,2227,0.74760085
510,/Volumes/SmithL0/2026/BIOL470/Final/Learning_Rig/bee_0408_1_fwd/cam1_2026-04-08_16-20-55.mp4,1769.0,1958.5,1393,1662,2145,2255,0.8081941
511,/Volumes/SmithL0/2026/BIOL470/Final/Learning_Rig/bee_0408_1_fwd/cam1_2026-04-08_16-20-55.mp4,1765.0,1980.0,1406,1658,2124,2302,0.78674966
512,/Volumes/SmithL0/2026/BIOL470/Final/Learning_Rig/bee_0408_1_fwd/cam1_2026-04-08_16-20-55.mp4,1772.0,1984.0,1406,1663,2138,2305,0.7911892
513,/Volumes/SmithL0/2026/BIOL470/Final/Learning_Rig/bee_0408_1_fwd/cam1_2026-04-08_16-20-55.mp4,1760.5,1988.0,1408,1669,2113,2307,0.7887079
514,/Volumes/SmithL0/2026/BIOL470/Final/Learning_Rig/bee_0408_1_fwd/cam1_2026-04-08_16-20-55.mp4,1765.5,1989.5,1418,1669,2113,2310,0.7828616
515,/Volumes/SmithL0/2026/BIOL470/Final/Learning_Rig/bee_0408_1_fwd/cam1_2026-04-08_16-20-55.mp4,1759.5,1986.0,1417,1661,2102,2311,0.77966803
516,/Volumes/SmithL0/2026/BIOL470/Final/Learning_Rig/bee_0408_1_fwd/cam1_2026-04-08_16-20-55.mp4,1775.5,1994.0,1438,1661,2113,2327,0.78972274
517,/Volumes/SmithL0/2026/BIOL470/Final/Learning_Rig/bee_0408_1_fwd/cam1_2026-04-08_16-20-55.mp4,1772.0,1985.0,1434,1653,2110,2317,0.7964168
518,/Volumes/SmithL0/2026/BIOL470/Final/Learning_Rig/bee_0408_1_fwd/cam1_2026-04-08_16-20-55.mp4,1768.5,1976.0,1431,1641,2106,2311,0.79623264
519,/Volumes/SmithL0/2026/BIOL470/Final/Learning_Rig/bee_0408_1_fwd/cam1_2026-04-08_16-20-55.mp4,1768.0,1978.5,1457,1637,2079,2320,0.7773683
520,/Volumes/SmithL0/2026/BIOL470/Final/Learning_Rig/bee_0408_1_fwd/cam1_2026-04-08_16-20-55.mp4,1765.5,1971.0,1458,1634,2073,2308,0.77140427
521,/Volumes/SmithL0/2026/BIOL470/Final/Learning_Rig/bee_0408_1_fwd/cam1_2026-04-08_16-20-55.mp4,1762.0,1964.5,1454,1624,2070,2305,0.78082657
522,/Volumes/SmithL0/2026/BIOL470/Final/Learning_Rig/bee_0408_1_fwd/cam1_2026-04-08_16-20-55.mp4,1763.0,1956.5,1455,1613,2071,2300,0.7891408
523,/Volumes/SmithL0/2026/BIOL470/Final/Learning_Rig/bee_0408_1_fwd/cam1_2026-04-08_16-20-55.mp4,1753.0,1980.0,1433,1643,2073,2317,0.82430327
524,/Volumes/SmithL0/2026/BIOL470/Final/Learning_Rig/bee_0408_1_fwd/cam1_2026-04-08_16-20-55.mp4,1747.0,1987.0,1425,1658,2069,2316,0.7737015
525,/Volumes/SmithL0/2026/BIOL470/Final/Learning_Rig/bee_0408_1_fwd/cam1_2026-04-08_16-20-55.mp4,1742.5,1987.0,1418,1659,2067,2315,0.77524215
526,/Volumes/SmithL0/2026/BIOL470/Final/Learning_Rig/bee_0408_1_fwd/cam1_2026-04-08_16-20-55.mp4,1729.5,2006.0,1445,1664,2014,2348,0.8007208
527,/Volumes/SmithL0/2026/BIOL470/Final/Learning_Rig/bee_0408_1_fwd/cam1_2026-04-08_16-20-55.mp4,1730.0,2034.5,1450,1676,2010,2393,0.80066645
528,/Volumes/SmithL0/2026/BIOL470/Final/Learning_Rig/bee_0408_1_fwd/cam1_2026-04-08_16-20-55.mp4,1725.0,2039.0,1454,1680,1996,2398,0.827809
529,/Volumes/SmithL0/2026/BIOL470/Final/Learning_Rig/bee_0408_1_fwd/cam1_2026-04-08_16-20-55.mp4,1733.5,2040.0,1455,1680,2012,2400,0.85142475
530,/Volumes/SmithL0/2026/BIOL470/Final/Learning_Rig/bee_0408_1_fwd/cam1_2026-04-08_16-20-55.mp4,1713.0,2056.5,1430,1714,1996,2399,0.81862706
531,/Volumes/SmithL0/2026/BIOL470/Final/Learning_Rig/bee_0408_1_fwd/cam1_2026-04-08_16-20-55.mp4,1703.0,2054.5,1417,1712,1989,2397,0.81165195
532,/Volumes/SmithL0/2026/BIOL470/Final/Learning_Rig/bee_0408_1_fwd/cam1_2026-04-08_16-20-55.mp4,1710.0,2015.0,1412,1674,2008,2356,0.84262437
533,/Volumes/SmithL0/2026/BIOL470/Final/Learning_Rig/bee_0408_1_fwd/cam1_2026-04-08_16-20-55.mp4,1698.0,2004.0,1421,1673,1975,2335,0.84129405
534,/Volumes/SmithL0/2026/BIOL470/Final/Learning_Rig/bee_0408_1_fwd/cam1_2026-04-08_16-20-55.mp4,1681.0,1997.5,1387,1670,1975,2325,0.8191703
535,/Volumes/SmithL0/2026/BIOL470/Final/Learning_Rig/bee_0408_1_fwd/cam1_2026-04-08_16-20-55.mp4,1688.5,1985.0,1404,1665,1973,2305,0.8159834
536,/Volumes/SmithL0/2026/BIOL470/Final/Learning_Rig/bee_0408_1_fwd/cam1_2026-04-08_16-20-55.mp4,1699.5,1946.5,1412,1648,1987,2245,0.81426257
537,/Volumes/SmithL0/2026/BIOL470/Final/Learning_Rig/bee_0408_1_fwd/cam1_2026-04-08_16-20-55.mp4,1695.0,1939.0,1415,1622,1975,2256,0.8094859
538,/Volumes/SmithL0/2026/BIOL470/Final/Learning_Rig/bee_0408_1_fwd/cam1_2026-04-08_16-20-55.mp4,1699.0,1930.5,1425,1610,1973,2251,0.8160785
539,/Volumes/SmithL0/2026/BIOL470/Final/Learning_Rig/bee_0408_1_fwd/cam1_2026-04-08_16-20-55.mp4,1695.5,1925.0,1420,1601,1971,2249,0.8123595
540,/Volumes/SmithL0/2026/BIOL470/Final/Learning_Rig/bee_0408_1_fwd/cam1_2026-04-08_16-20-55.mp4,1700.0,1915.0,1425,1589,1975,2241,0.80893373
541,/Volumes/SmithL0/2026/BIOL470/Final/Learning_Rig/bee_0408_1_fwd/cam1_2026-04-08_16-20-55.mp4,1687.5,1906.0,1416,1575,1959,2237,0.817712
542,/Volumes/SmithL0/2026/BIOL470/Final/Learning_Rig/bee_0408_1_fwd/cam1_2026-04-08_16-20-55.mp4,1667.5,1897.0,1394,1561,1941,2233,0.8133506
543,/Volumes/SmithL0/2026/BIOL470/Final/Learning_Rig/bee_0408_1_fwd/cam1_2026-04-08_16-20-55.mp4,1648.0,1898.0,1363,1565,1933,2231,0.8108457
544,/Volumes/SmithL0/2026/BIOL470/Final/Learning_Rig/bee_0408_1_fwd/cam1_2026-04-08_16-20-55.mp4,1651.5,1873.5,1361,1542,1942,2205,0.80043405
545,/Volumes/SmithL0/2026/BIOL470/Final/Learning_Rig/bee_0408_1_fwd/cam1_2026-04-08_16-20-55.mp4,1653.5,1871.5,1363,1539,1944,2204,0.8014134
546,/Volumes/SmithL0/2026/BIOL470/Final/Learning_Rig/bee_0408_1_fwd/cam1_2026-04-08_16-20-55.mp4,1656.0,1873.5,1369,1541,1943,2206,0.8068422
547,/Volumes/SmithL0/2026/BIOL470/Final/Learning_Rig/bee_0408_1_fwd/cam1_2026-04-08_16-20-55.mp4,1658.0,1859.5,1364,1518,1952,2201,0.8070604
548,/Volumes/SmithL0/2026/BIOL470/Final/Learning_Rig/bee_0408_1_fwd/cam1_2026-04-08_16-20-55.mp4,1657.0,1855.5,1364,1512,1950,2199,0.8062915
549,/Volumes/SmithL0/2026/BIOL470/Final/Learning_Rig/bee_0408_1_fwd/cam1_2026-04-08_16-20-55.mp4,1659.5,1850.5,1364,1504,1955,2197,0.8044215
550,/Volumes/SmithL0/2026/BIOL470/Final/Learning_Rig/bee_0408_1_fwd/cam1_2026-04-08_16-20-55.mp4,1664.0,1810.0,1391,1456,1937,2164,0.800388
551,/Volumes/SmithL0/2026/BIOL470/Final/Learning_Rig/bee_0408_1_fwd/cam1_2026-04-08_16-20-55.mp4,1656.0,1813.5,1391,1445,1921,2182,0.74183637
552,/Volumes/SmithL0/2026/BIOL470/Final/Learning_Rig/bee_0408_1_fwd/cam1_2026-04-08_16-20-55.mp4,1660.0,1816.5,1380,1434,1940,2199,0.6789426
553,/Volumes/SmithL0/2026/BIOL470/Final/Learning_Rig/bee_0408_1_fwd/cam1_2026-04-08_16-20-55.mp4,1666.0,1812.5,1386,1427,1946,2198,0.653204
554,/Volumes/SmithL0/2026/BIOL470/Final/Learning_Rig/bee_0408_1_fwd/cam1_2026-04-08_16-20-55.mp4,1649.5,1785.0,1362,1404,1937,2166,0.7405333
555,/Volumes/SmithL0/2026/BIOL470/Final/Learning_Rig/bee_0408_1_fwd/cam1_2026-04-08_16-20-55.mp4,1628.5,1788.5,1356,1421,1901,2156,0.7268058
556,/Volumes/SmithL0/2026/BIOL470/Final/Learning_Rig/bee_0408_1_fwd/cam1_2026-04-08_16-20-55.mp4,1630.0,1756.0,1362,1389,1898,2123,0.82015795
557,/Volumes/SmithL0/2026/BIOL470/Final/Learning_Rig/bee_0408_1_fwd/cam1_2026-04-08_16-20-55.mp4,1633.0,1750.0,1369,1385,1897,2115,0.8347981
558,/Volumes/SmithL0/2026/BIOL470/Final/Learning_Rig/bee_0408_1_fwd/cam1_2026-04-08_16-20-55.mp4,1648.5,1732.0,1403,1370,1894,2094,0.794004
559,/Volumes/SmithL0/2026/BIOL470/Final/Learning_Rig/bee_0408_1_fwd/cam1_2026-04-08_16-20-55.mp4,1663.5,1728.5,1404,1367,1923,2090,0.8055746
560,/Volumes/SmithL0/2026/BIOL470/Final/Learning_Rig/bee_0408_1_fwd/cam1_2026-04-08_16-20-55.mp4,1659.0,1726.0,1405,1365,1913,2087,0.8052151
561,/Volumes/SmithL0/2026/BIOL470/Final/Learning_Rig/bee_0408_1_fwd/cam1_2026-04-08_16-20-55.mp4,1655.0,1728.5,1410,1367,1900,2090,0.797053
562,/Volumes/SmithL0/2026/BIOL470/Final/Learning_Rig/bee_0408_1_fwd/cam1_2026-04-08_16-20-55.mp4,1648.0,1729.0,1404,1369,1892,2089,0.7945233
563,/Volumes/SmithL0/2026/BIOL470/Final/Learning_Rig/bee_0408_1_fwd/cam1_2026-04-08_16-20-55.mp4,1649.0,1726.0,1405,1368,1893,2084,0.79427856
564,/Volumes/SmithL0/2026/BIOL470/Final/Learning_Rig/bee_0408_1_fwd/cam1_2026-04-08_16-20-55.mp4,1652.5,1719.0,1407,1367,1898,2071,0.8016901
565,/Volumes/SmithL0/2026/BIOL470/Final/Learning_Rig/bee_0408_1_fwd/cam1_2026-04-08_16-20-55.mp4,1632.5,1706.5,1360,1366,1905,2047,0.79343265
566,/Volumes/SmithL0/2026/BIOL470/Final/Learning_Rig/bee_0408_1_fwd/cam1_2026-04-08_16-20-55.mp4,1664.5,1695.0,1354,1358,1975,2032,0.77291775
567,/Volumes/SmithL0/2026/BIOL470/Final/Learning_Rig/bee_0408_1_fwd/cam1_2026-04-08_16-20-55.mp4,1670.0,1690.0,1351,1362,1989,2018,0.79487413
568,/Volumes/SmithL0/2026/BIOL470/Final/Learning_Rig/bee_0408_1_fwd/cam1_2026-04-08_16-20-55.mp4,1674.0,1691.0,1329,1360,2019,2022,0.7926688
569,/Volumes/SmithL0/2026/BIOL470/Final/Learning_Rig/bee_0408_1_fwd/cam1_2026-04-08_16-20-55.mp4,1695.0,1687.0,1347,1363,2043,2011,0.79097503
570,/Volumes/SmithL0/2026/BIOL470/Final/Learning_Rig/bee_0408_1_fwd/cam1_2026-04-08_16-20-55.mp4,1705.0,1694.0,1344,1365,2066,2023,0.78317326
571,/Volumes/SmithL0/2026/BIOL470/Final/Learning_Rig/bee_0408_1_fwd/cam1_2026-04-08_16-20-55.mp4,1668.5,1674.0,1294,1362,2043,1986,0.7833608
572,/Volumes/SmithL0/2026/BIOL470/Final/Learning_Rig/bee_0408_1_fwd/cam1_2026-04-08_16-20-55.mp4,1689.0,1658.5,1314,1362,2064,1955,0.79285824
573,/Volumes/SmithL0/2026/BIOL470/Final/Learning_Rig/bee_0408_1_fwd/cam1_2026-04-08_16-20-55.mp4,1670.0,1644.0,1285,1357,2055,1931,0.77544284
574,/Volumes/SmithL0/2026/BIOL470/Final/Learning_Rig/bee_0408_1_fwd/cam1_2026-04-08_16-20-55.mp4,1666.0,1660.0,1285,1364,2047,1956,0.7669181
575,/Volumes/SmithL0/2026/BIOL470/Final/Learning_Rig/bee_0408_1_fwd/cam1_2026-04-08_16-20-55.mp4,1685.0,1653.5,1309,1366,2061,1941,0.7706607
576,/Volumes/SmithL0/2026/BIOL470/Final/Learning_Rig/bee_0408_1_fwd/cam1_2026-04-08_16-20-55.mp4,1684.5,1653.5,1304,1366,2065,1941,0.77197903
577,/Volumes/SmithL0/2026/BIOL470/Final/Learning_Rig/bee_0408_1_fwd/cam1_2026-04-08_16-20-55.mp4,1681.0,1652.0,1299,1366,2063,1938,0.7747628
578,/Volumes/SmithL0/2026/BIOL470/Final/Learning_Rig/bee_0408_1_fwd/cam1_2026-04-08_16-20-55.mp4,1661.5,1647.5,1277,1364,2046,1931,0.77144045
579,/Volumes/SmithL0/2026/BIOL470/Final/Learning_Rig/bee_0408_1_fwd/cam1_2026-04-08_16-20-55.mp4,1660.5,1631.5,1288,1365,2033,1898,0.757836
580,/Volumes/SmithL0/2026/BIOL470/Final/Learning_Rig/bee_0408_1_fwd/cam1_2026-04-08_16-20-55.mp4,1638.0,1638.5,1276,1363,2000,1914,0.71057636
581,/Volumes/SmithL0/2026/BIOL470/Final/Learning_Rig/bee_0408_1_fwd/cam1_2026-04-08_16-20-55.mp4,1645.5,1626.0,1267,1363,2024,1889,0.7476376
582,/Volumes/SmithL0/2026/BIOL470/Final/Learning_Rig/bee_0408_1_fwd/cam1_2026-04-08_16-20-55.mp4,1624.0,1643.0,1257,1345,1991,1941,0.78672796
583,/Volumes/SmithL0/2026/BIOL470/Final/Learning_Rig/bee_0408_1_fwd/cam1_2026-04-08_16-20-55.mp4,1642.5,1649.0,1253,1358,2032,1940,0.78778774
584,/Volumes/SmithL0/2026/BIOL470/Final/Learning_Rig/bee_0408_1_fwd/cam1_2026-04-08_16-20-55.mp4,1611.0,1688.5,1231,1364,1991,2013,0.745099
585,/Volumes/SmithL0/2026/BIOL470/Final/Learning_Rig/bee_0408_1_fwd/cam1_2026-04-08_16-20-55.mp4,1556.0,1700.5,1215,1357,1897,2044,0.76810837
586,/Volumes/SmithL0/2026/BIOL470/Final/Learning_Rig/bee_0408_1_fwd/cam1_2026-04-08_16-20-55.mp4,1539.5,1670.0,1234,1348,1845,1992,0.7818957
587,/Volumes/SmithL0/2026/BIOL470/Final/Learning_Rig/bee_0408_1_fwd/cam1_2026-04-08_16-20-55.mp4,1530.0,1670.0,1235,1341,1825,1999,0.78792554
588,/Volumes/SmithL0/2026/BIOL470/Final/Learning_Rig/bee_0408_1_fwd/cam1_2026-04-08_16-20-55.mp4,1545.5,1670.0,1246,1320,1845,2020,0.7817263
589,/Volumes/SmithL0/2026/BIOL470/Final/Learning_Rig/bee_0408_1_fwd/cam1_2026-04-08_16-20-55.mp4,1575.0,1647.0,1242,1324,1908,1970,0.7744701
590,/Volumes/SmithL0/2026/BIOL470/Final/Learning_Rig/bee_0408_1_fwd/cam1_2026-04-08_16-20-55.mp4,1565.0,1781.5,1244,1315,1886,2248,0.7539918
591,/Volumes/SmithL0/2026/BIOL470/Final/Learning_Rig/bee_0408_1_fwd/cam1_2026-04-08_16-20-55.mp4,1549.5,1763.0,1244,1306,1855,2220,0.77770436
592,/Volumes/SmithL0/2026/BIOL470/Final/Learning_Rig/bee_0408_1_fwd/cam1_2026-04-08_16-20-55.mp4,1545.5,1760.5,1244,1304,1847,2217,0.78613394
593,/Volumes/SmithL0/2026/BIOL470/Final/Learning_Rig/bee_0408_1_fwd/cam1_2026-04-08_16-20-55.mp4,1545.5,1706.5,1260,1308,1831,2105,0.777507
594,/Volumes/SmithL0/2026/BIOL470/Final/Learning_Rig/bee_0408_1_fwd/cam1_2026-04-08_16-20-55.mp4,1520.5,1661.5,1256,1292,1785,2031,0.81992394
595,/Volumes/SmithL0/2026/BIOL470/Final/Learning_Rig/bee_0408_1_fwd/cam1_2026-04-08_16-20-55.mp4,1514.5,1657.0,1241,1290,1788,2024,0.8372483
596,/Volumes/SmithL0/2026/BIOL470/Final/Learning_Rig/bee_0408_1_fwd/cam1_2026-04-08_16-20-55.mp4,1514.5,1663.0,1240,1292,1789,2034,0.82437575
597,/Volumes/SmithL0/2026/BIOL470/Final/Learning_Rig/bee_0408_1_fwd/cam1_2026-04-08_16-20-55.mp4,1511.0,1662.0,1233,1291,1789,2033,0.8294888
598,/Volumes/SmithL0/2026/BIOL470/Final/Learning_Rig/bee_0408_1_fwd/cam1_2026-04-08_16-20-55.mp4,1512.0,1670.0,1238,1298,1786,2042,0.8176785
599,/Volumes/SmithL0/2026/BIOL470/Final/Learning_Rig/bee_0408_1_fwd/cam1_2026-04-08_16-20-55.mp4,1521.5,1653.5,1245,1297,1798,2010,0.7894135
600,/Volumes/SmithL0/2026/BIOL470/Final/Learning_Rig/bee_0408_1_fwd/cam1_2026-04-08_16-20-55.mp4,1522.0,1656.5,1246,1303,1798,2010,0.7667493
601,/Volumes/SmithL0/2026/BIOL470/Final/Learning_Rig/bee_0408_1_fwd/cam1_2026-04-08_16-20-55.mp4,1547.0,1678.0,1307,1312,1787,2044,0.79605204
602,/Volumes/SmithL0/2026/BIOL470/Final/Learning_Rig/bee_0408_1_fwd/cam1_2026-04-08_16-20-55.mp4,1557.5,1686.0,1315,1319,1800,2053,0.76940495
603,/Volumes/SmithL0/2026/BIOL470/Final/Learning_Rig/bee_0408_1_fwd/cam1_2026-04-08_16-20-55.mp4,1571.0,1700.0,1326,1344,1816,2056,0.78430885
604,/Volumes/SmithL0/2026/BIOL470/Final/Learning_Rig/bee_0408_1_fwd/cam1_2026-04-08_16-20-55.mp4,1572.5,1701.5,1328,1347,1817,2056,0.7810731
605,/Volumes/SmithL0/2026/BIOL470/Final/Learning_Rig/bee_0408_1_fwd/cam1_2026-04-08_16-20-55.mp4,1578.0,1715.5,1335,1349,1821,2082,0.7808349
606,/Volumes/SmithL0/2026/BIOL470/Final/Learning_Rig/bee_0408_1_fwd/cam1_2026-04-08_16-20-55.mp4,1578.5,1793.5,1326,1347,1831,2240,0.7424177
607,/Volumes/SmithL0/2026/BIOL470/Final/Learning_Rig/bee_0408_1_fwd/cam1_2026-04-08_16-20-55.mp4,1580.5,1803.0,1329,1350,1832,2256,0.7418282
608,/Volumes/SmithL0/2026/BIOL470/Final/Learning_Rig/bee_0408_1_fwd/cam1_2026-04-08_16-20-55.mp4,1583.5,1739.0,1343,1354,1824,2124,0.75253755
609,/Volumes/SmithL0/2026/BIOL470/Final/Learning_Rig/bee_0408_1_fwd/cam1_2026-04-08_16-20-55.mp4,1583.5,1700.0,1345,1346,1822,2054,0.78710216
610,/Volumes/SmithL0/2026/BIOL470/Final/Learning_Rig/bee_0408_1_fwd/cam1_2026-04-08_16-20-55.mp4,1585.0,1695.5,1346,1346,1824,2045,0.78761363
611,/Volumes/SmithL0/2026/BIOL470/Final/Learning_Rig/bee_0408_1_fwd/cam1_2026-04-08_16-20-55.mp4,1585.0,1692.0,1344,1346,1826,2038,0.78650194
612,/Volumes/SmithL0/2026/BIOL470/Final/Learning_Rig/bee_0408_1_fwd/cam1_2026-04-08_16-20-55.mp4,1583.0,1688.5,1344,1347,1822,2030,0.80002284
613,/Volumes/SmithL0/2026/BIOL470/Final/Learning_Rig/bee_0408_1_fwd/cam1_2026-04-08_16-20-55.mp4,1585.5,1682.5,1344,1348,1827,2017,0.80958694
614,/Volumes/SmithL0/2026/BIOL470/Final/Learning_Rig/bee_0408_1_fwd/cam1_2026-04-08_16-20-55.mp4,1586.0,1682.5,1343,1350,1829,2015,0.80608916
615,/Volumes/SmithL0/2026/BIOL470/Final/Learning_Rig/bee_0408_1_fwd/cam1_2026-04-08_16-20-55.mp4,1588.5,1677.0,1327,1358,1850,1996,0.81153715
616,/Volumes/SmithL0/2026/BIOL470/Final/Learning_Rig/bee_0408_1_fwd/cam1_2026-04-08_16-20-55.mp4,1595.0,1682.5,1340,1363,1850,2002,0.79626185
617,/Volumes/SmithL0/2026/BIOL470/Final/Learning_Rig/bee_0408_1_fwd/cam1_2026-04-08_16-20-55.mp4,1596.0,1682.0,1337,1370,1855,1994,0.80909014
618,/Volumes/SmithL0/2026/BIOL470/Final/Learning_Rig/bee_0408_1_fwd/cam1_2026-04-08_16-20-55.mp4,1596.0,1685.0,1337,1369,1855,2001,0.79667693
619,/Volumes/SmithL0/2026/BIOL470/Final/Learning_Rig/bee_0408_1_fwd/cam1_2026-04-08_16-20-55.mp4,1598.0,1682.5,1340,1370,1856,1995,0.8148235
620,/Volumes/SmithL0/2026/BIOL470/Final/Learning_Rig/bee_0408_1_fwd/cam1_2026-04-08_16-20-55.mp4,1597.5,1683.5,1341,1370,1854,1997,0.819838
621,/Volumes/SmithL0/2026/BIOL470/Final/Learning_Rig/bee_0408_1_fwd/cam1_2026-04-08_16-20-55.mp4,1595.5,1682.5,1338,1369,1853,1996,0.8246245
622,/Volumes/SmithL0/2026/BIOL470/Final/Learning_Rig/bee_0408_1_fwd/cam1_2026-04-08_16-20-55.mp4,1594.5,1682.5,1336,1369,1853,1996,0.82785237
623,/Volumes/SmithL0/2026/BIOL470/Final/Learning_Rig/bee_0408_1_fwd/cam1_2026-04-08_16-20-55.mp4,1594.5,1683.0,1337,1369,1852,1997,0.81921214
624,/Volumes/SmithL0/2026/BIOL470/Final/Learning_Rig/bee_0408_1_fwd/cam1_2026-04-08_16-20-55.mp4,1594.5,1683.5,1337,1369,1852,1998,0.81678283
625,/Volumes/SmithL0/2026/BIOL470/Final/Learning_Rig/bee_0408_1_fwd/cam1_2026-04-08_16-20-55.mp4,1594.5,1683.0,1337,1369,1852,1997,0.8272196
626,/Volumes/SmithL0/2026/BIOL470/Final/Learning_Rig/bee_0408_1_fwd/cam1_2026-04-08_16-20-55.mp4,1594.0,1683.5,1336,1370,1852,1997,0.8272946
627,/Volumes/SmithL0/2026/BIOL470/Final/Learning_Rig/bee_0408_1_fwd/cam1_2026-04-08_16-20-55.mp4,1594.0,1684.0,1336,1370,1852,1998,0.8247401
628,/Volumes/SmithL0/2026/BIOL470/Final/Learning_Rig/bee_0408_1_fwd/cam1_2026-04-08_16-20-55.mp4,1593.5,1684.0,1335,1370,1852,1998,0.8238736
629,/Volumes/SmithL0/2026/BIOL470/Final/Learning_Rig/bee_0408_1_fwd/cam1_2026-04-08_16-20-55.mp4,1591.5,1683.0,1333,1369,1850,1997,0.83067054
630,/Volumes/SmithL0/2026/BIOL470/Final/Learning_Rig/bee_0408_1_fwd/cam1_2026-04-08_16-20-55.mp4,1590.5,1684.0,1334,1368,1847,2000,0.8176034
631,/Volumes/SmithL0/2026/BIOL470/Final/Learning_Rig/bee_0408_1_fwd/cam1_2026-04-08_16-20-55.mp4,1588.5,1680.5,1332,1362,1845,1999,0.821484
632,/Volumes/SmithL0/2026/BIOL470/Final/Learning_Rig/bee_0408_1_fwd/cam1_2026-04-08_16-20-55.mp4,1588.5,1681.5,1333,1364,1844,1999,0.813954
633,/Volumes/SmithL0/2026/BIOL470/Final/Learning_Rig/bee_0408_1_fwd/cam1_2026-04-08_16-20-55.mp4,1588.0,1680.0,1332,1360,1844,2000,0.80889326
634,/Volumes/SmithL0/2026/BIOL470/Final/Learning_Rig/bee_0408_1_fwd/cam1_2026-04-08_16-20-55.mp4,1588.5,1681.5,1332,1364,1845,1999,0.8218881
635,/Volumes/SmithL0/2026/BIOL470/Final/Learning_Rig/bee_0408_1_fwd/cam1_2026-04-08_16-20-55.mp4,1588.5,1679.5,1333,1359,1844,2000,0.8177225
636,/Volumes/SmithL0/2026/BIOL470/Final/Learning_Rig/bee_0408_1_fwd/cam1_2026-04-08_16-20-55.mp4,1588.5,1681.5,1332,1361,1845,2002,0.8208199
637,/Volumes/SmithL0/2026/BIOL470/Final/Learning_Rig/bee_0408_1_fwd/cam1_2026-04-08_16-20-55.mp4,1589.0,1680.5,1334,1359,1844,2002,0.80995405
638,/Volumes/SmithL0/2026/BIOL470/Final/Learning_Rig/bee_0408_1_fwd/cam1_2026-04-08_16-20-55.mp4,1589.0,1681.5,1334,1360,1844,2003,0.80635035
639,/Volumes/SmithL0/2026/BIOL470/Final/Learning_Rig/bee_0408_1_fwd/cam1_2026-04-08_16-20-55.mp4,1589.0,1680.0,1333,1359,1845,2001,0.8095694
640,/Volumes/SmithL0/2026/BIOL470/Final/Learning_Rig/bee_0408_1_fwd/cam1_2026-04-08_16-20-55.mp4,1588.5,1679.0,1332,1358,1845,2000,0.8135832
641,/Volumes/SmithL0/2026/BIOL470/Final/Learning_Rig/bee_0408_1_fwd/cam1_2026-04-08_16-20-55.mp4,1588.5,1679.5,1332,1359,1845,2000,0.8170528
642,/Volumes/SmithL0/2026/BIOL470/Final/Learning_Rig/bee_0408_1_fwd/cam1_2026-04-08_16-20-55.mp4,1588.5,1679.0,1332,1358,1845,2000,0.810128
643,/Volumes/SmithL0/2026/BIOL470/Final/Learning_Rig/bee_0408_1_fwd/cam1_2026-04-08_16-20-55.mp4,1588.5,1679.0,1332,1357,1845,2001,0.8025645
644,/Volumes/SmithL0/2026/BIOL470/Final/Learning_Rig/bee_0408_1_fwd/cam1_2026-04-08_16-20-55.mp4,1589.0,1679.5,1332,1359,1846,2000,0.81030643
645,/Volumes/SmithL0/2026/BIOL470/Final/Learning_Rig/bee_0408_1_fwd/cam1_2026-04-08_16-20-55.mp4,1589.0,1680.0,1332,1359,1846,2001,0.8060356
646,/Volumes/SmithL0/2026/BIOL470/Final/Learning_Rig/bee_0408_1_fwd/cam1_2026-04-08_16-20-55.mp4,1589.5,1680.5,1333,1360,1846,2001,0.8106432
647,/Volumes/SmithL0/2026/BIOL470/Final/Learning_Rig/bee_0408_1_fwd/cam1_2026-04-08_16-20-55.mp4,1589.5,1680.5,1333,1360,1846,2001,0.80440027
648,/Volumes/SmithL0/2026/BIOL470/Final/Learning_Rig/bee_0408_1_fwd/cam1_2026-04-08_16-20-55.mp4,1589.5,1681.0,1333,1360,1846,2002,0.81307113
649,/Volumes/SmithL0/2026/BIOL470/Final/Learning_Rig/bee_0408_1_fwd/cam1_2026-04-08_16-20-55.mp4,1589.5,1680.0,1333,1359,1846,2001,0.81323785
650,/Volumes/SmithL0/2026/BIOL470/Final/Learning_Rig/bee_0408_1_fwd/cam1_2026-04-08_16-20-55.mp4,1589.5,1680.5,1333,1360,1846,2001,0.8164269
651,/Volumes/SmithL0/2026/BIOL470/Final/Learning_Rig/bee_0408_1_fwd/cam1_2026-04-08_16-20-55.mp4,1590.0,1681.0,1334,1361,1846,2001,0.8080872
652,/Volumes/SmithL0/2026/BIOL470/Final/Learning_Rig/bee_0408_1_fwd/cam1_2026-04-08_16-20-55.mp4,1590.0,1681.0,1334,1360,1846,2002,0.80273736
653,/Volumes/SmithL0/2026/BIOL470/Final/Learning_Rig/bee_0408_1_fwd/cam1_2026-04-08_16-20-55.mp4,1590.0,1681.0,1334,1360,1846,2002,0.80596936
654,/Volumes/SmithL0/2026/BIOL470/Final/Learning_Rig/bee_0408_1_fwd/cam1_2026-04-08_16-20-55.mp4,1589.0,1680.5,1332,1360,1846,2001,0.8097799
655,/Volumes/SmithL0/2026/BIOL470/Final/Learning_Rig/bee_0408_1_fwd/cam1_2026-04-08_16-20-55.mp4,1589.0,1681.5,1332,1361,1846,2002,0.814419
656,/Volumes/SmithL0/2026/BIOL470/Final/Learning_Rig/bee_0408_1_fwd/cam1_2026-04-08_16-20-55.mp4,1589.0,1681.0,1332,1361,1846,2001,0.8182221
657,/Volumes/SmithL0/2026/BIOL470/Final/Learning_Rig/bee_0408_1_fwd/cam1_2026-04-08_16-20-55.mp4,1589.5,1680.5,1332,1360,1847,2001,0.81926817
658,/Volumes/SmithL0/2026/BIOL470/Final/Learning_Rig/bee_0408_1_fwd/cam1_2026-04-08_16-20-55.mp4,1589.5,1681.0,1332,1361,1847,2001,0.82398796
659,/Volumes/SmithL0/2026/BIOL470/Final/Learning_Rig/bee_0408_1_fwd/cam1_2026-04-08_16-20-55.mp4,1590.0,1681.0,1333,1360,1847,2002,0.81602985
660,/Volumes/SmithL0/2026/BIOL470/Final/Learning_Rig/bee_0408_1_fwd/cam1_2026-04-08_16-20-55.mp4,1590.0,1681.0,1333,1360,1847,2002,0.8163728
661,/Volumes/SmithL0/2026/BIOL470/Final/Learning_Rig/bee_0408_1_fwd/cam1_2026-04-08_16-20-55.mp4,1589.5,1682.5,1332,1359,1847,2006,0.80887103
662,/Volumes/SmithL0/2026/BIOL470/Final/Learning_Rig/bee_0408_1_fwd/cam1_2026-04-08_16-20-55.mp4,1589.5,1685.0,1332,1359,1847,2011,0.78957766
663,/Volumes/SmithL0/2026/BIOL470/Final/Learning_Rig/bee_0408_1_fwd/cam1_2026-04-08_16-20-55.mp4,1586.5,1690.0,1326,1366,1847,2014,0.79176706
664,/Volumes/SmithL0/2026/BIOL470/Final/Learning_Rig/bee_0408_1_fwd/cam1_2026-04-08_16-20-55.mp4,1587.0,1689.5,1327,1366,1847,2013,0.79388344
665,/Volumes/SmithL0/2026/BIOL470/Final/Learning_Rig/bee_0408_1_fwd/cam1_2026-04-08_16-20-55.mp4,1590.0,1685.5,1333,1362,1847,2009,0.7968059
666,/Volumes/SmithL0/2026/BIOL470/Final/Learning_Rig/bee_0408_1_fwd/cam1_2026-04-08_16-20-55.mp4,1587.0,1690.5,1327,1366,1847,2015,0.7980542
667,/Volumes/SmithL0/2026/BIOL470/Final/Learning_Rig/bee_0408_1_fwd/cam1_2026-04-08_16-20-55.mp4,1590.0,1686.5,1333,1364,1847,2009,0.80521274
668,/Volumes/SmithL0/2026/BIOL470/Final/Learning_Rig/bee_0408_1_fwd/cam1_2026-04-08_16-20-55.mp4,1589.0,1686.5,1331,1363,1847,2010,0.80043155
669,/Volumes/SmithL0/2026/BIOL470/Final/Learning_Rig/bee_0408_1_fwd/cam1_2026-04-08_16-20-55.mp4,1590.0,1685.5,1332,1363,1848,2008,0.80975145
670,/Volumes/SmithL0/2026/BIOL470/Final/Learning_Rig/bee_0408_1_fwd/cam1_2026-04-08_16-20-55.mp4,1589.5,1687.0,1331,1364,1848,2010,0.8067912
671,/Volumes/SmithL0/2026/BIOL470/Final/Learning_Rig/bee_0408_1_fwd/cam1_2026-04-08_16-20-55.mp4,1590.0,1688.0,1332,1364,1848,2012,0.7974726
672,/Volumes/SmithL0/2026/BIOL470/Final/Learning_Rig/bee_0408_1_fwd/cam1_2026-04-08_16-20-55.mp4,1590.0,1688.0,1333,1364,1847,2012,0.7989973
673,/Volumes/SmithL0/2026/BIOL470/Final/Learning_Rig/bee_0408_1_fwd/cam1_2026-04-08_16-20-55.mp4,1587.5,1691.0,1328,1367,1847,2015,0.7982972
674,/Volumes/SmithL0/2026/BIOL470/Final/Learning_Rig/bee_0408_1_fwd/cam1_2026-04-08_16-20-55.mp4,1590.5,1688.5,1333,1365,1848,2012,0.8084962
675,/Volumes/SmithL0/2026/BIOL470/Final/Learning_Rig/bee_0408_1_fwd/cam1_2026-04-08_16-20-55.mp4,1590.0,1688.0,1333,1365,1847,2011,0.8096404
676,/Volumes/SmithL0/2026/BIOL470/Final/Learning_Rig/bee_0408_1_fwd/cam1_2026-04-08_16-20-55.mp4,1590.5,1687.5,1333,1365,1848,2010,0.80835146
677,/Volumes/SmithL0/2026/BIOL470/Final/Learning_Rig/bee_0408_1_fwd/cam1_2026-04-08_16-20-55.mp4,1590.5,1687.5,1333,1365,1848,2010,0.81038386
678,/Volumes/SmithL0/2026/BIOL470/Final/Learning_Rig/bee_0408_1_fwd/cam1_2026-04-08_16-20-55.mp4,1590.5,1686.5,1333,1365,1848,2008,0.8113885
679,/Volumes/SmithL0/2026/BIOL470/Final/Learning_Rig/bee_0408_1_fwd/cam1_2026-04-08_16-20-55.mp4,1590.5,1687.0,1333,1366,1848,2008,0.8065633
680,/Volumes/SmithL0/2026/BIOL470/Final/Learning_Rig/bee_0408_1_fwd/cam1_2026-04-08_16-20-55.mp4,1591.0,1688.0,1334,1368,1848,2008,0.809901
681,/Volumes/SmithL0/2026/BIOL470/Final/Learning_Rig/bee_0408_1_fwd/cam1_2026-04-08_16-20-55.mp4,1591.0,1687.5,1334,1368,1848,2007,0.816716
682,/Volumes/SmithL0/2026/BIOL470/Final/Learning_Rig/bee_0408_1_fwd/cam1_2026-04-08_16-20-55.mp4,1591.0,1688.5,1334,1368,1848,2009,0.8058911
683,/Volumes/SmithL0/2026/BIOL470/Final/Learning_Rig/bee_0408_1_fwd/cam1_2026-04-08_16-20-55.mp4,1591.0,1688.5,1334,1368,1848,2009,0.8145268
684,/Volumes/SmithL0/2026/BIOL470/Final/Learning_Rig/bee_0408_1_fwd/cam1_2026-04-08_16-20-55.mp4,1590.5,1688.5,1333,1367,1848,2010,0.80952555
685,/Volumes/SmithL0/2026/BIOL470/Final/Learning_Rig/bee_0408_1_fwd/cam1_2026-04-08_16-20-55.mp4,1591.0,1687.0,1334,1364,1848,2010,0.8043559
686,/Volumes/SmithL0/2026/BIOL470/Final/Learning_Rig/bee_0408_1_fwd/cam1_2026-04-08_16-20-55.mp4,1591.0,1686.0,1334,1362,1848,2010,0.79845303
687,/Volumes/SmithL0/2026/BIOL470/Final/Learning_Rig/bee_0408_1_fwd/cam1_2026-04-08_16-20-55.mp4,1590.5,1685.0,1333,1361,1848,2009,0.8063864
688,/Volumes/SmithL0/2026/BIOL470/Final/Learning_Rig/bee_0408_1_fwd/cam1_2026-04-08_16-20-55.mp4,1590.0,1685.5,1332,1360,1848,2011,0.7976024
689,/Volumes/SmithL0/2026/BIOL470/Final/Learning_Rig/bee_0408_1_fwd/cam1_2026-04-08_16-20-55.mp4,1590.5,1686.0,1334,1361,1847,2011,0.7916796
690,/Volumes/SmithL0/2026/BIOL470/Final/Learning_Rig/bee_0408_1_fwd/cam1_2026-04-08_16-20-55.mp4,1589.5,1686.5,1332,1362,1847,2011,0.79930836
691,/Volumes/SmithL0/2026/BIOL470/Final/Learning_Rig/bee_0408_1_fwd/cam1_2026-04-08_16-20-55.mp4,1589.5,1686.0,1332,1361,1847,2011,0.7995581
692,/Volumes/SmithL0/2026/BIOL470/Final/Learning_Rig/bee_0408_1_fwd/cam1_2026-04-08_16-20-55.mp4,1590.0,1684.5,1333,1361,1847,2008,0.80442375
693,/Volumes/SmithL0/2026/BIOL470/Final/Learning_Rig/bee_0408_1_fwd/cam1_2026-04-08_16-20-55.mp4,1588.0,1688.0,1329,1365,1847,2011,0.7959905
694,/Volumes/SmithL0/2026/BIOL470/Final/Learning_Rig/bee_0408_1_fwd/cam1_2026-04-08_16-20-55.mp4,1588.0,1687.5,1330,1365,1846,2010,0.78532314
695,/Volumes/SmithL0/2026/BIOL470/Final/Learning_Rig/bee_0408_1_fwd/cam1_2026-04-08_16-20-55.mp4,1588.0,1687.5,1330,1365,1846,2010,0.7878565
696,/Volumes/SmithL0/2026/BIOL470/Final/Learning_Rig/bee_0408_1_fwd/cam1_2026-04-08_16-20-55.mp4,1590.5,1684.5,1334,1361,1847,2008,0.79856855
697,/Volumes/SmithL0/2026/BIOL470/Final/Learning_Rig/bee_0408_1_fwd/cam1_2026-04-08_16-20-55.mp4,1588.0,1690.5,1329,1366,1847,2015,0.79625994
698,/Volumes/SmithL0/2026/BIOL470/Final/Learning_Rig/bee_0408_1_fwd/cam1_2026-04-08_16-20-55.mp4,1588.0,1690.5,1329,1366,1847,2015,0.79779446
699,/Volumes/SmithL0/2026/BIOL470/Final/Learning_Rig/bee_0408_1_fwd/cam1_2026-04-08_16-20-55.mp4,1590.5,1687.0,1334,1363,1847,2011,0.79830045
700,/Volumes/SmithL0/2026/BIOL470/Final/Learning_Rig/bee_0408_1_fwd/cam1_2026-04-08_16-20-55.mp4,1590.5,1687.0,1334,1363,1847,2011,0.794857
701,/Volumes/SmithL0/2026/BIOL470/Final/Learning_Rig/bee_0408_1_fwd/cam1_2026-04-08_16-20-55.mp4,1591.0,1687.0,1335,1364,1847,2010,0.80340445
702,/Volumes/SmithL0/2026/BIOL470/Final/Learning_Rig/bee_0408_1_fwd/cam1_2026-04-08_16-20-55.mp4,1591.0,1687.5,1335,1364,1847,2011,0.7997986
703,/Volumes/SmithL0/2026/BIOL470/Final/Learning_Rig/bee_0408_1_fwd/cam1_2026-04-08_16-20-55.mp4,1591.0,1687.0,1334,1362,1848,2012,0.80269307
704,/Volumes/SmithL0/2026/BIOL470/Final/Learning_Rig/bee_0408_1_fwd/cam1_2026-04-08_16-20-55.mp4,1588.5,1691.0,1329,1366,1848,2016,0.8022447
705,/Volumes/SmithL0/2026/BIOL470/Final/Learning_Rig/bee_0408_1_fwd/cam1_2026-04-08_16-20-55.mp4,1588.5,1690.5,1329,1367,1848,2014,0.80104333
706,/Volumes/SmithL0/2026/BIOL470/Final/Learning_Rig/bee_0408_1_fwd/cam1_2026-04-08_16-20-55.mp4,1588.5,1690.0,1329,1367,1848,2013,0.80364585
707,/Volumes/SmithL0/2026/BIOL470/Final/Learning_Rig/bee_0408_1_fwd/cam1_2026-04-08_16-20-55.mp4,1592.0,1687.0,1335,1363,1849,2011,0.80586547
708,/Volumes/SmithL0/2026/BIOL470/Final/Learning_Rig/bee_0408_1_fwd/cam1_2026-04-08_16-20-55.mp4,1592.0,1685.5,1336,1362,1848,2009,0.80455744
709,/Volumes/SmithL0/2026/BIOL470/Final/Learning_Rig/bee_0408_1_fwd/cam1_2026-04-08_16-20-55.mp4,1592.0,1687.0,1336,1362,1848,2012,0.7970362
710,/Volumes/SmithL0/2026/BIOL470/Final/Learning_Rig/bee_0408_1_fwd/cam1_2026-04-08_16-20-55.mp4,1592.0,1685.0,1337,1362,1847,2008,0.80672824
711,/Volumes/SmithL0/2026/BIOL470/Final/Learning_Rig/bee_0408_1_fwd/cam1_2026-04-08_16-20-55.mp4,1592.0,1686.5,1336,1362,1848,2011,0.7978684
712,/Volumes/SmithL0/2026/BIOL470/Final/Learning_Rig/bee_0408_1_fwd/cam1_2026-04-08_16-20-55.mp4,1588.5,1692.5,1330,1366,1847,2019,0.79331213
713,/Volumes/SmithL0/2026/BIOL470/Final/Learning_Rig/bee_0408_1_fwd/cam1_2026-04-08_16-20-55.mp4,1588.5,1691.5,1330,1367,1847,2016,0.7943749
714,/Volumes/SmithL0/2026/BIOL470/Final/Learning_Rig/bee_0408_1_fwd/cam1_2026-04-08_16-20-55.mp4,1588.5,1691.5,1330,1367,1847,2016,0.7918201
715,/Volumes/SmithL0/2026/BIOL470/Final/Learning_Rig/bee_0408_1_fwd/cam1_2026-04-08_16-20-55.mp4,1588.0,1694.0,1329,1368,1847,2020,0.80247116
716,/Volumes/SmithL0/2026/BIOL470/Final/Learning_Rig/bee_0408_1_fwd/cam1_2026-04-08_16-20-55.mp4,1588.5,1694.0,1330,1368,1847,2020,0.7903367
717,/Volumes/SmithL0/2026/BIOL470/Final/Learning_Rig/bee_0408_1_fwd/cam1_2026-04-08_16-20-55.mp4,1589.0,1694.5,1331,1368,1847,2021,0.7903222
718,/Volumes/SmithL0/2026/BIOL470/Final/Learning_Rig/bee_0408_1_fwd/cam1_2026-04-08_16-20-55.mp4,1588.0,1696.0,1329,1368,1847,2024,0.8045155
719,/Volumes/SmithL0/2026/BIOL470/Final/Learning_Rig/bee_0408_1_fwd/cam1_2026-04-08_16-20-55.mp4,1588.5,1696.0,1329,1368,1848,2024,0.80450106
720,/Volumes/SmithL0/2026/BIOL470/Final/Learning_Rig/bee_0408_1_fwd/cam1_2026-04-08_16-20-55.mp4,1588.5,1696.5,1329,1368,1848,2025,0.8081531
721,/Volumes/SmithL0/2026/BIOL470/Final/Learning_Rig/bee_0408_1_fwd/cam1_2026-04-08_16-20-55.mp4,1589.0,1696.5,1330,1368,1848,2025,0.803695
722,/Volumes/SmithL0/2026/BIOL470/Final/Learning_Rig/bee_0408_1_fwd/cam1_2026-04-08_16-20-55.mp4,1588.5,1695.5,1329,1368,1848,2023,0.8057785
723,/Volumes/SmithL0/2026/BIOL470/Final/Learning_Rig/bee_0408_1_fwd/cam1_2026-04-08_16-20-55.mp4,1588.0,1695.5,1328,1368,1848,2023,0.80606306
724,/Volumes/SmithL0/2026/BIOL470/Final/Learning_Rig/bee_0408_1_fwd/cam1_2026-04-08_16-20-55.mp4,1588.0,1693.5,1329,1368,1847,2019,0.80036694
725,/Volumes/SmithL0/2026/BIOL470/Final/Learning_Rig/bee_0408_1_fwd/cam1_2026-04-08_16-20-55.mp4,1588.0,1692.5,1330,1368,1846,2017,0.7970943
726,/Volumes/SmithL0/2026/BIOL470/Final/Learning_Rig/bee_0408_1_fwd/cam1_2026-04-08_16-20-55.mp4,1588.5,1694.0,1330,1368,1847,2020,0.8023913
727,/Volumes/SmithL0/2026/BIOL470/Final/Learning_Rig/bee_0408_1_fwd/cam1_2026-04-08_16-20-55.mp4,1589.0,1691.5,1331,1368,1847,2015,0.79742515
728,/Volumes/SmithL0/2026/BIOL470/Final/Learning_Rig/bee_0408_1_fwd/cam1_2026-04-08_16-20-55.mp4,1589.0,1692.5,1331,1368,1847,2017,0.7943666
729,/Volumes/SmithL0/2026/BIOL470/Final/Learning_Rig/bee_0408_1_fwd/cam1_2026-04-08_16-20-55.mp4,1589.0,1691.0,1331,1368,1847,2014,0.79480493
730,/Volumes/SmithL0/2026/BIOL470/Final/Learning_Rig/bee_0408_1_fwd/cam1_2026-04-08_16-20-55.mp4,1588.5,1692.5,1330,1368,1847,2017,0.8035843
731,/Volumes/SmithL0/2026/BIOL470/Final/Learning_Rig/bee_0408_1_fwd/cam1_2026-04-08_16-20-55.mp4,1589.0,1690.5,1331,1368,1847,2013,0.800494
732,/Volumes/SmithL0/2026/BIOL470/Final/Learning_Rig/bee_0408_1_fwd/cam1_2026-04-08_16-20-55.mp4,1589.0,1691.5,1331,1368,1847,2015,0.80262554
733,/Volumes/SmithL0/2026/BIOL470/Final/Learning_Rig/bee_0408_1_fwd/cam1_2026-04-08_16-20-55.mp4,1589.0,1691.5,1331,1368,1847,2015,0.79779994
734,/Volumes/SmithL0/2026/BIOL470/Final/Learning_Rig/bee_0408_1_fwd/cam1_2026-04-08_16-20-55.mp4,1589.0,1692.0,1331,1368,1847,2016,0.80215293
735,/Volumes/SmithL0/2026/BIOL470/Final/Learning_Rig/bee_0408_1_fwd/cam1_2026-04-08_16-20-55.mp4,1589.0,1693.0,1331,1368,1847,2018,0.8032549
736,/Volumes/SmithL0/2026/BIOL470/Final/Learning_Rig/bee_0408_1_fwd/cam1_2026-04-08_16-20-55.mp4,1588.5,1692.0,1329,1368,1848,2016,0.80971324
737,/Volumes/SmithL0/2026/BIOL470/Final/Learning_Rig/bee_0408_1_fwd/cam1_2026-04-08_16-20-55.mp4,1589.0,1691.0,1331,1369,1847,2013,0.80885714
738,/Volumes/SmithL0/2026/BIOL470/Final/Learning_Rig/bee_0408_1_fwd/cam1_2026-04-08_16-20-55.mp4,1588.0,1691.0,1329,1368,1847,2014,0.8089015
739,/Volumes/SmithL0/2026/BIOL470/Final/Learning_Rig/bee_0408_1_fwd/cam1_2026-04-08_16-20-55.mp4,1588.5,1691.5,1330,1369,1847,2014,0.8041974
740,/Volumes/SmithL0/2026/BIOL470/Final/Learning_Rig/bee_0408_1_fwd/cam1_2026-04-08_16-20-55.mp4,1588.5,1691.5,1330,1369,1847,2014,0.80100894
741,/Volumes/SmithL0/2026/BIOL470/Final/Learning_Rig/bee_0408_1_fwd/cam1_2026-04-08_16-20-55.mp4,1588.5,1692.5,1330,1369,1847,2016,0.7967363
742,/Volumes/SmithL0/2026/BIOL470/Final/Learning_Rig/bee_0408_1_fwd/cam1_2026-04-08_16-20-55.mp4,1588.5,1693.0,1330,1369,1847,2017,0.8002978
743,/Volumes/SmithL0/2026/BIOL470/Final/Learning_Rig/bee_0408_1_fwd/cam1_2026-04-08_16-20-55.mp4,1588.5,1692.0,1330,1369,1847,2015,0.8008697
744,/Volumes/SmithL0/2026/BIOL470/Final/Learning_Rig/bee_0408_1_fwd/cam1_2026-04-08_16-20-55.mp4,1588.0,1692.0,1329,1369,1847,2015,0.8053456
745,/Volumes/SmithL0/2026/BIOL470/Final/Learning_Rig/bee_0408_1_fwd/cam1_2026-04-08_16-20-55.mp4,1588.0,1691.0,1329,1369,1847,2013,0.8092073
746,/Volumes/SmithL0/2026/BIOL470/Final/Learning_Rig/bee_0408_1_fwd/cam1_2026-04-08_16-20-55.mp4,1588.5,1693.0,1330,1369,1847,2017,0.80639625
747,/Volumes/SmithL0/2026/BIOL470/Final/Learning_Rig/bee_0408_1_fwd/cam1_2026-04-08_16-20-55.mp4,1588.5,1692.5,1330,1369,1847,2016,0.80712056
748,/Volumes/SmithL0/2026/BIOL470/Final/Learning_Rig/bee_0408_1_fwd/cam1_2026-04-08_16-20-55.mp4,1588.0,1692.5,1330,1369,1846,2016,0.80296963
749,/Volumes/SmithL0/2026/BIOL470/Final/Learning_Rig/bee_0408_1_fwd/cam1_2026-04-08_16-20-55.mp4,1588.5,1693.0,1330,1369,1847,2017,0.80362546
750,/Volumes/SmithL0/2026/BIOL470/Final/Learning_Rig/bee_0408_1_fwd/cam1_2026-04-08_16-20-55.mp4,1588.5,1692.5,1330,1369,1847,2016,0.8036148
751,/Volumes/SmithL0/2026/BIOL470/Final/Learning_Rig/bee_0408_1_fwd/cam1_2026-04-08_16-20-55.mp4,1588.0,1693.0,1329,1369,1847,2017,0.8071357
752,/Volumes/SmithL0/2026/BIOL470/Final/Learning_Rig/bee_0408_1_fwd/cam1_2026-04-08_16-20-55.mp4,1588.0,1692.0,1330,1369,1846,2015,0.8063593
753,/Volumes/SmithL0/2026/BIOL470/Final/Learning_Rig/bee_0408_1_fwd/cam1_2026-04-08_16-20-55.mp4,1587.5,1689.5,1329,1369,1846,2010,0.8094652
754,/Volumes/SmithL0/2026/BIOL470/Final/Learning_Rig/bee_0408_1_fwd/cam1_2026-04-08_16-20-55.mp4,1588.0,1689.0,1330,1369,1846,2009,0.80740327
755,/Volumes/SmithL0/2026/BIOL470/Final/Learning_Rig/bee_0408_1_fwd/cam1_2026-04-08_16-20-55.mp4,1592.0,1688.5,1336,1369,1848,2008,0.8053239
756,/Volumes/SmithL0/2026/BIOL470/Final/Learning_Rig/bee_0408_1_fwd/cam1_2026-04-08_16-20-55.mp4,1592.0,1688.5,1336,1369,1848,2008,0.8053599
757,/Volumes/SmithL0/2026/BIOL470/Final/Learning_Rig/bee_0408_1_fwd/cam1_2026-04-08_16-20-55.mp4,1588.5,1689.0,1331,1369,1846,2009,0.8062972
758,/Volumes/SmithL0/2026/BIOL470/Final/Learning_Rig/bee_0408_1_fwd/cam1_2026-04-08_16-20-55.mp4,1591.5,1689.0,1335,1369,1848,2009,0.8105398
759,/Volumes/SmithL0/2026/BIOL470/Final/Learning_Rig/bee_0408_1_fwd/cam1_2026-04-08_16-20-55.mp4,1591.5,1689.5,1335,1369,1848,2010,0.8072391
760,/Volumes/SmithL0/2026/BIOL470/Final/Learning_Rig/bee_0408_1_fwd/cam1_2026-04-08_16-20-55.mp4,1588.5,1689.0,1330,1369,1847,2009,0.80460805
761,/Volumes/SmithL0/2026/BIOL470/Final/Learning_Rig/bee_0408_1_fwd/cam1_2026-04-08_16-20-55.mp4,1588.5,1689.5,1330,1369,1847,2010,0.80587816
762,/Volumes/SmithL0/2026/BIOL470/Final/Learning_Rig/bee_0408_1_fwd/cam1_2026-04-08_16-20-55.mp4,1588.5,1689.5,1330,1369,1847,2010,0.8044929
763,/Volumes/SmithL0/2026/BIOL470/Final/Learning_Rig/bee_0408_1_fwd/cam1_2026-04-08_16-20-55.mp4,1588.0,1688.5,1329,1369,1847,2008,0.81009066
764,/Volumes/SmithL0/2026/BIOL470/Final/Learning_Rig/bee_0408_1_fwd/cam1_2026-04-08_16-20-55.mp4,1588.5,1689.0,1329,1369,1848,2009,0.8083036
765,/Volumes/SmithL0/2026/BIOL470/Final/Learning_Rig/bee_0408_1_fwd/cam1_2026-04-08_16-20-55.mp4,1593.0,1688.5,1337,1370,1849,2007,0.80786186
766,/Volumes/SmithL0/2026/BIOL470/Final/Learning_Rig/bee_0408_1_fwd/cam1_2026-04-08_16-20-55.mp4,1588.5,1688.0,1330,1369,1847,2007,0.80431324
767,/Volumes/SmithL0/2026/BIOL470/Final/Learning_Rig/bee_0408_1_fwd/cam1_2026-04-08_16-20-55.mp4,1593.0,1687.5,1337,1369,1849,2006,0.8092517
768,/Volumes/SmithL0/2026/BIOL470/Final/Learning_Rig/bee_0408_1_fwd/cam1_2026-04-08_16-20-55.mp4,1593.0,1687.5,1337,1369,1849,2006,0.8046523
769,/Volumes/SmithL0/2026/BIOL470/Final/Learning_Rig/bee_0408_1_fwd/cam1_2026-04-08_16-20-55.mp4,1593.0,1687.5,1337,1369,1849,2006,0.80547816
770,/Volumes/SmithL0/2026/BIOL470/Final/Learning_Rig/bee_0408_1_fwd/cam1_2026-04-08_16-20-55.mp4,1593.0,1687.0,1337,1369,1849,2005,0.8048724
771,/Volumes/SmithL0/2026/BIOL470/Final/Learning_Rig/bee_0408_1_fwd/cam1_2026-04-08_16-20-55.mp4,1593.0,1687.0,1337,1369,1849,2005,0.8105279
772,/Volumes/SmithL0/2026/BIOL470/Final/Learning_Rig/bee_0408_1_fwd/cam1_2026-04-08_16-20-55.mp4,1592.0,1687.5,1336,1369,1848,2006,0.80692154
773,/Volumes/SmithL0/2026/BIOL470/Final/Learning_Rig/bee_0408_1_fwd/cam1_2026-04-08_16-20-55.mp4,1591.5,1687.5,1335,1369,1848,2006,0.80616003
774,/Volumes/SmithL0/2026/BIOL470/Final/Learning_Rig/bee_0408_1_fwd/cam1_2026-04-08_16-20-55.mp4,1592.0,1687.0,1336,1369,1848,2005,0.8019872
775,/Volumes/SmithL0/2026/BIOL470/Final/Learning_Rig/bee_0408_1_fwd/cam1_2026-04-08_16-20-55.mp4,1591.5,1687.0,1336,1369,1847,2005,0.813732
776,/Volumes/SmithL0/2026/BIOL470/Final/Learning_Rig/bee_0408_1_fwd/cam1_2026-04-08_16-20-55.mp4,1591.0,1687.5,1335,1369,1847,2006,0.813507
777,/Volumes/SmithL0/2026/BIOL470/Final/Learning_Rig/bee_0408_1_fwd/cam1_2026-04-08_16-20-55.mp4,1591.0,1687.5,1335,1369,1847,2006,0.8129095
778,/Volumes/SmithL0/2026/BIOL470/Final/Learning_Rig/bee_0408_1_fwd/cam1_2026-04-08_16-20-55.mp4,1591.5,1687.5,1335,1369,1848,2006,0.8093156
779,/Volumes/SmithL0/2026/BIOL470/Final/Learning_Rig/bee_0408_1_fwd/cam1_2026-04-08_16-20-55.mp4,1591.5,1687.5,1335,1369,1848,2006,0.81235015
780,/Volumes/SmithL0/2026/BIOL470/Final/Learning_Rig/bee_0408_1_fwd/cam1_2026-04-08_16-20-55.mp4,1591.0,1687.5,1335,1369,1847,2006,0.8085298
781,/Volumes/SmithL0/2026/BIOL470/Final/Learning_Rig/bee_0408_1_fwd/cam1_2026-04-08_16-20-55.mp4,1591.0,1687.5,1335,1369,1847,2006,0.8134352
782,/Volumes/SmithL0/2026/BIOL470/Final/Learning_Rig/bee_0408_1_fwd/cam1_2026-04-08_16-20-55.mp4,1588.0,1689.5,1330,1369,1846,2010,0.8049794
783,/Volumes/SmithL0/2026/BIOL470/Final/Learning_Rig/bee_0408_1_fwd/cam1_2026-04-08_16-20-55.mp4,1591.5,1688.0,1336,1369,1847,2007,0.81080914
784,/Volumes/SmithL0/2026/BIOL470/Final/Learning_Rig/bee_0408_1_fwd/cam1_2026-04-08_16-20-55.mp4,1587.5,1688.0,1329,1369,1846,2007,0.8016376
785,/Volumes/SmithL0/2026/BIOL470/Final/Learning_Rig/bee_0408_1_fwd/cam1_2026-04-08_16-20-55.mp4,1590.5,1688.0,1335,1369,1846,2007,0.8063648
786,/Volumes/SmithL0/2026/BIOL470/Final/Learning_Rig/bee_0408_1_fwd/cam1_2026-04-08_16-20-55.mp4,1590.5,1688.0,1334,1369,1847,2007,0.81063277
787,/Volumes/SmithL0/2026/BIOL470/Final/Learning_Rig/bee_0408_1_fwd/cam1_2026-04-08_16-20-55.mp4,1587.0,1689.5,1328,1369,1846,2010,0.81020397
788,/Volumes/SmithL0/2026/BIOL470/Final/Learning_Rig/bee_0408_1_fwd/cam1_2026-04-08_16-20-55.mp4,1587.0,1689.0,1328,1369,1846,2009,0.8042656
789,/Volumes/SmithL0/2026/BIOL470/Final/Learning_Rig/bee_0408_1_fwd/cam1_2026-04-08_16-20-55.mp4,1590.5,1689.0,1333,1369,1848,2009,0.80782855
790,/Volumes/SmithL0/2026/BIOL470/Final/Learning_Rig/bee_0408_1_fwd/cam1_2026-04-08_16-20-55.mp4,1591.0,1688.5,1334,1369,1848,2008,0.80858314
791,/Volumes/SmithL0/2026/BIOL470/Final/Learning_Rig/bee_0408_1_fwd/cam1_2026-04-08_16-20-55.mp4,1591.5,1688.0,1335,1369,1848,2007,0.8085517
792,/Volumes/SmithL0/2026/BIOL470/Final/Learning_Rig/bee_0408_1_fwd/cam1_2026-04-08_16-20-55.mp4,1591.5,1688.0,1335,1369,1848,2007,0.8048567
793,/Volumes/SmithL0/2026/BIOL470/Final/Learning_Rig/bee_0408_1_fwd/cam1_2026-04-08_16-20-55.mp4,1590.5,1688.0,1333,1369,1848,2007,0.8126982
794,/Volumes/SmithL0/2026/BIOL470/Final/Learning_Rig/bee_0408_1_fwd/cam1_2026-04-08_16-20-55.mp4,1590.5,1688.0,1333,1369,1848,2007,0.8151055
795,/Volumes/SmithL0/2026/BIOL470/Final/Learning_Rig/bee_0408_1_fwd/cam1_2026-04-08_16-20-55.mp4,1590.5,1687.5,1333,1369,1848,2006,0.8139475
796,/Volumes/SmithL0/2026/BIOL470/Final/Learning_Rig/bee_0408_1_fwd/cam1_2026-04-08_16-20-55.mp4,1590.5,1688.0,1333,1369,1848,2007,0.8140034
797,/Volumes/SmithL0/2026/BIOL470/Final/Learning_Rig/bee_0408_1_fwd/cam1_2026-04-08_16-20-55.mp4,1590.5,1688.0,1333,1369,1848,2007,0.81592274
798,/Volumes/SmithL0/2026/BIOL470/Final/Learning_Rig/bee_0408_1_fwd/cam1_2026-04-08_16-20-55.mp4,1586.5,1688.5,1327,1369,1846,2008,0.8121496
799,/Volumes/SmithL0/2026/BIOL470/Final/Learning_Rig/bee_0408_1_fwd/cam1_2026-04-08_16-20-55.mp4,1591.0,1687.0,1334,1369,1848,2005,0.8103288
800,/Volumes/SmithL0/2026/BIOL470/Final/Learning_Rig/bee_0408_1_fwd/cam1_2026-04-08_16-20-55.mp4,1587.0,1688.0,1328,1369,1846,2007,0.80412364
801,/Volumes/SmithL0/2026/BIOL470/Final/Learning_Rig/bee_0408_1_fwd/cam1_2026-04-08_16-20-55.mp4,1587.5,1687.5,1329,1369,1846,2006,0.80255836
802,/Volumes/SmithL0/2026/BIOL470/Final/Learning_Rig/bee_0408_1_fwd/cam1_2026-04-08_16-20-55.mp4,1590.5,1688.0,1334,1369,1847,2007,0.80839574
803,/Volumes/SmithL0/2026/BIOL470/Final/Learning_Rig/bee_0408_1_fwd/cam1_2026-04-08_16-20-55.mp4,1590.0,1688.0,1333,1369,1847,2007,0.81735235
804,/Volumes/SmithL0/2026/BIOL470/Final/Learning_Rig/bee_0408_1_fwd/cam1_2026-04-08_16-20-55.mp4,1590.0,1687.5,1333,1369,1847,2006,0.8171125
805,/Volumes/SmithL0/2026/BIOL470/Final/Learning_Rig/bee_0408_1_fwd/cam1_2026-04-08_16-20-55.mp4,1590.0,1687.5,1333,1369,1847,2006,0.8162791
806,/Volumes/SmithL0/2026/BIOL470/Final/Learning_Rig/bee_0408_1_fwd/cam1_2026-04-08_16-20-55.mp4,1589.5,1687.0,1333,1369,1846,2005,0.8149471
807,/Volumes/SmithL0/2026/BIOL470/Final/Learning_Rig/bee_0408_1_fwd/cam1_2026-04-08_16-20-55.mp4,1590.0,1688.0,1334,1369,1846,2007,0.80809057
808,/Volumes/SmithL0/2026/BIOL470/Final/Learning_Rig/bee_0408_1_fwd/cam1_2026-04-08_16-20-55.mp4,1586.5,1688.0,1327,1369,1846,2007,0.8076069
809,/Volumes/SmithL0/2026/BIOL470/Final/Learning_Rig/bee_0408_1_fwd/cam1_2026-04-08_16-20-55.mp4,1586.5,1689.0,1327,1369,1846,2009,0.8101823
810,/Volumes/SmithL0/2026/BIOL470/Final/Learning_Rig/bee_0408_1_fwd/cam1_2026-04-08_16-20-55.mp4,1586.5,1688.5,1327,1369,1846,2008,0.8115097
811,/Volumes/SmithL0/2026/BIOL470/Final/Learning_Rig/bee_0408_1_fwd/cam1_2026-04-08_16-20-55.mp4,1589.5,1687.5,1333,1370,1846,2005,0.81072897
812,/Volumes/SmithL0/2026/BIOL470/Final/Learning_Rig/bee_0408_1_fwd/cam1_2026-04-08_16-20-55.mp4,1589.5,1687.0,1333,1370,1846,2004,0.812488
813,/Volumes/SmithL0/2026/BIOL470/Final/Learning_Rig/bee_0408_1_fwd/cam1_2026-04-08_16-20-55.mp4,1586.5,1687.5,1327,1369,1846,2006,0.8114986
814,/Volumes/SmithL0/2026/BIOL470/Final/Learning_Rig/bee_0408_1_fwd/cam1_2026-04-08_16-20-55.mp4,1586.0,1688.5,1327,1369,1845,2008,0.8112841
815,/Volumes/SmithL0/2026/BIOL470/Final/Learning_Rig/bee_0408_1_fwd/cam1_2026-04-08_16-20-55.mp4,1589.5,1689.0,1333,1369,1846,2009,0.8138678
816,/Volumes/SmithL0/2026/BIOL470/Final/Learning_Rig/bee_0408_1_fwd/cam1_2026-04-08_16-20-55.mp4,1589.5,1689.0,1333,1370,1846,2008,0.8163174
817,/Volumes/SmithL0/2026/BIOL470/Final/Learning_Rig/bee_0408_1_fwd/cam1_2026-04-08_16-20-55.mp4,1588.0,1689.0,1330,1370,1846,2008,0.81292534
818,/Volumes/SmithL0/2026/BIOL470/Final/Learning_Rig/bee_0408_1_fwd/cam1_2026-04-08_16-20-55.mp4,1586.0,1689.0,1327,1369,1845,2009,0.8100489
819,/Volumes/SmithL0/2026/BIOL470/Final/Learning_Rig/bee_0408_1_fwd/cam1_2026-04-08_16-20-55.mp4,1586.0,1689.5,1327,1370,1845,2009,0.8127527
820,/Volumes/SmithL0/2026/BIOL470/Final/Learning_Rig/bee_0408_1_fwd/cam1_2026-04-08_16-20-55.mp4,1585.5,1689.0,1326,1369,1845,2009,0.812585
821,/Volumes/SmithL0/2026/BIOL470/Final/Learning_Rig/bee_0408_1_fwd/cam1_2026-04-08_16-20-55.mp4,1586.0,1688.5,1327,1369,1845,2008,0.80972886
822,/Volumes/SmithL0/2026/BIOL470/Final/Learning_Rig/bee_0408_1_fwd/cam1_2026-04-08_16-20-55.mp4,1585.5,1688.5,1326,1369,1845,2008,0.8092005
823,/Volumes/SmithL0/2026/BIOL470/Final/Learning_Rig/bee_0408_1_fwd/cam1_2026-04-08_16-20-55.mp4,1586.0,1688.0,1327,1369,1845,2007,0.810542
824,/Volumes/SmithL0/2026/BIOL470/Final/Learning_Rig/bee_0408_1_fwd/cam1_2026-04-08_16-20-55.mp4,1586.0,1688.0,1327,1369,1845,2007,0.8109657
825,/Volumes/SmithL0/2026/BIOL470/Final/Learning_Rig/bee_0408_1_fwd/cam1_2026-04-08_16-20-55.mp4,1586.0,1689.0,1327,1369,1845,2009,0.81157345
826,/Volumes/SmithL0/2026/BIOL470/Final/Learning_Rig/bee_0408_1_fwd/cam1_2026-04-08_16-20-55.mp4,1586.0,1688.5,1326,1369,1846,2008,0.81025356
827,/Volumes/SmithL0/2026/BIOL470/Final/Learning_Rig/bee_0408_1_fwd/cam1_2026-04-08_16-20-55.mp4,1589.5,1688.0,1332,1369,1847,2007,0.8102824
828,/Volumes/SmithL0/2026/BIOL470/Final/Learning_Rig/bee_0408_1_fwd/cam1_2026-04-08_16-20-55.mp4,1588.5,1688.0,1331,1369,1846,2007,0.8171018
829,/Volumes/SmithL0/2026/BIOL470/Final/Learning_Rig/bee_0408_1_fwd/cam1_2026-04-08_16-20-55.mp4,1588.5,1688.0,1331,1369,1846,2007,0.81752217
830,/Volumes/SmithL0/2026/BIOL470/Final/Learning_Rig/bee_0408_1_fwd/cam1_2026-04-08_16-20-55.mp4,1588.5,1688.5,1331,1370,1846,2007,0.8166444
831,/Volumes/SmithL0/2026/BIOL470/Final/Learning_Rig/bee_0408_1_fwd/cam1_2026-04-08_16-20-55.mp4,1588.0,1688.0,1330,1370,1846,2006,0.8264606
832,/Volumes/SmithL0/2026/BIOL470/Final/Learning_Rig/bee_0408_1_fwd/cam1_2026-04-08_16-20-55.mp4,1588.5,1689.0,1331,1370,1846,2008,0.8198588
833,/Volumes/SmithL0/2026/BIOL470/Final/Learning_Rig/bee_0408_1_fwd/cam1_2026-04-08_16-20-55.mp4,1588.0,1688.5,1330,1370,1846,2007,0.81567657
834,/Volumes/SmithL0/2026/BIOL470/Final/Learning_Rig/bee_0408_1_fwd/cam1_2026-04-08_16-20-55.mp4,1588.0,1689.0,1330,1370,1846,2008,0.80818844
835,/Volumes/SmithL0/2026/BIOL470/Final/Learning_Rig/bee_0408_1_fwd/cam1_2026-04-08_16-20-55.mp4,1587.5,1688.5,1329,1370,1846,2007,0.8183754
836,/Volumes/SmithL0/2026/BIOL470/Final/Learning_Rig/bee_0408_1_fwd/cam1_2026-04-08_16-20-55.mp4,1586.5,1688.5,1329,1370,1844,2007,0.81527036
837,/Volumes/SmithL0/2026/BIOL470/Final/Learning_Rig/bee_0408_1_fwd/cam1_2026-04-08_16-20-55.mp4,1586.5,1688.5,1329,1370,1844,2007,0.8173652
838,/Volumes/SmithL0/2026/BIOL470/Final/Learning_Rig/bee_0408_1_fwd/cam1_2026-04-08_16-20-55.mp4,1587.5,1689.0,1329,1370,1846,2008,0.81022704
839,/Volumes/SmithL0/2026/BIOL470/Final/Learning_Rig/bee_0408_1_fwd/cam1_2026-04-08_16-20-55.mp4,1587.5,1688.5,1330,1370,1845,2007,0.8178751
840,/Volumes/SmithL0/2026/BIOL470/Final/Learning_Rig/bee_0408_1_fwd/cam1_2026-04-08_16-20-55.mp4,1588.0,1689.0,1330,1370,1846,2008,0.8108305
841,/Volumes/SmithL0/2026/BIOL470/Final/Learning_Rig/bee_0408_1_fwd/cam1_2026-04-08_16-20-55.mp4,1588.0,1688.5,1330,1370,1846,2007,0.8144837
842,/Volumes/SmithL0/2026/BIOL470/Final/Learning_Rig/bee_0408_1_fwd/cam1_2026-04-08_16-20-55.mp4,1587.0,1689.5,1329,1370,1845,2009,0.8118961
843,/Volumes/SmithL0/2026/BIOL470/Final/Learning_Rig/bee_0408_1_fwd/cam1_2026-04-08_16-20-55.mp4,1586.5,1689.0,1329,1371,1844,2007,0.816862
844,/Volumes/SmithL0/2026/BIOL470/Final/Learning_Rig/bee_0408_1_fwd/cam1_2026-04-08_16-20-55.mp4,1585.0,1689.0,1325,1370,1845,2008,0.8083214
845,/Volumes/SmithL0/2026/BIOL470/Final/Learning_Rig/bee_0408_1_fwd/cam1_2026-04-08_16-20-55.mp4,1587.5,1689.0,1330,1371,1845,2007,0.81891537
846,/Volumes/SmithL0/2026/BIOL470/Final/Learning_Rig/bee_0408_1_fwd/cam1_2026-04-08_16-20-55.mp4,1588.0,1689.5,1331,1371,1845,2008,0.81991345
847,/Volumes/SmithL0/2026/BIOL470/Final/Learning_Rig/bee_0408_1_fwd/cam1_2026-04-08_16-20-55.mp4,1587.0,1689.0,1329,1370,1845,2008,0.8292066
848,/Volumes/SmithL0/2026/BIOL470/Final/Learning_Rig/bee_0408_1_fwd/cam1_2026-04-08_16-20-55.mp4,1587.0,1688.5,1329,1370,1845,2007,0.81543547
849,/Volumes/SmithL0/2026/BIOL470/Final/Learning_Rig/bee_0408_1_fwd/cam1_2026-04-08_16-20-55.mp4,1587.0,1689.0,1329,1370,1845,2008,0.81983
850,/Volumes/SmithL0/2026/BIOL470/Final/Learning_Rig/bee_0408_1_fwd/cam1_2026-04-08_16-20-55.mp4,1587.0,1688.0,1329,1370,1845,2006,0.82041955
851,/Volumes/SmithL0/2026/BIOL470/Final/Learning_Rig/bee_0408_1_fwd/cam1_2026-04-08_16-20-55.mp4,1587.0,1688.5,1329,1370,1845,2007,0.8254815
852,/Volumes/SmithL0/2026/BIOL470/Final/Learning_Rig/bee_0408_1_fwd/cam1_2026-04-08_16-20-55.mp4,1587.0,1689.0,1329,1370,1845,2008,0.81431687
853,/Volumes/SmithL0/2026/BIOL470/Final/Learning_Rig/bee_0408_1_fwd/cam1_2026-04-08_16-20-55.mp4,1587.0,1689.5,1328,1371,1846,2008,0.82556313
854,/Volumes/SmithL0/2026/BIOL470/Final/Learning_Rig/bee_0408_1_fwd/cam1_2026-04-08_16-20-55.mp4,1587.5,1689.0,1329,1370,1846,2008,0.81877846
855,/Volumes/SmithL0/2026/BIOL470/Final/Learning_Rig/bee_0408_1_fwd/cam1_2026-04-08_16-20-55.mp4,1588.0,1690.0,1330,1371,1846,2009,0.8211645
856,/Volumes/SmithL0/2026/BIOL470/Final/Learning_Rig/bee_0408_1_fwd/cam1_2026-04-08_16-20-55.mp4,1587.5,1689.0,1329,1371,1846,2007,0.8191753
857,/Volumes/SmithL0/2026/BIOL470/Final/Learning_Rig/bee_0408_1_fwd/cam1_2026-04-08_16-20-55.mp4,1584.5,1689.0,1324,1370,1845,2008,0.81291026
858,/Volumes/SmithL0/2026/BIOL470/Final/Learning_Rig/bee_0408_1_fwd/cam1_2026-04-08_16-20-55.mp4,1585.0,1690.0,1325,1370,1845,2010,0.812097
859,/Volumes/SmithL0/2026/BIOL470/Final/Learning_Rig/bee_0408_1_fwd/cam1_2026-04-08_16-20-55.mp4,1585.0,1690.0,1324,1370,1846,2010,0.8116148
860,/Volumes/SmithL0/2026/BIOL470/Final/Learning_Rig/bee_0408_1_fwd/cam1_2026-04-08_16-20-55.mp4,1584.0,1689.0,1324,1370,1844,2008,0.8085665
861,/Volumes/SmithL0/2026/BIOL470/Final/Learning_Rig/bee_0408_1_fwd/cam1_2026-04-08_16-20-55.mp4,1584.0,1689.0,1324,1370,1844,2008,0.81264055
862,/Volumes/SmithL0/2026/BIOL470/Final/Learning_Rig/bee_0408_1_fwd/cam1_2026-04-08_16-20-55.mp4,1584.5,1690.0,1324,1370,1845,2010,0.8133274
863,/Volumes/SmithL0/2026/BIOL470/Final/Learning_Rig/bee_0408_1_fwd/cam1_2026-04-08_16-20-55.mp4,1587.0,1689.5,1329,1371,1845,2008,0.82088554
864,/Volumes/SmithL0/2026/BIOL470/Final/Learning_Rig/bee_0408_1_fwd/cam1_2026-04-08_16-20-55.mp4,1587.0,1688.5,1329,1371,1845,2006,0.8167171
865,/Volumes/SmithL0/2026/BIOL470/Final/Learning_Rig/bee_0408_1_fwd/cam1_2026-04-08_16-20-55.mp4,1586.5,1688.5,1329,1370,1844,2007,0.8212075
866,/Volumes/SmithL0/2026/BIOL470/Final/Learning_Rig/bee_0408_1_fwd/cam1_2026-04-08_16-20-55.mp4,1586.5,1688.5,1329,1371,1844,2006,0.81832975
867,/Volumes/SmithL0/2026/BIOL470/Final/Learning_Rig/bee_0408_1_fwd/cam1_2026-04-08_16-20-55.mp4,1586.5,1689.0,1328,1371,1845,2007,0.81999034
868,/Volumes/SmithL0/2026/BIOL470/Final/Learning_Rig/bee_0408_1_fwd/cam1_2026-04-08_16-20-55.mp4,1586.0,1689.0,1328,1371,1844,2007,0.82026064
869,/Volumes/SmithL0/2026/BIOL470/Final/Learning_Rig/bee_0408_1_fwd/cam1_2026-04-08_16-20-55.mp4,1585.5,1689.5,1327,1371,1844,2008,0.8163161
870,/Volumes/SmithL0/2026/BIOL470/Final/Learning_Rig/bee_0408_1_fwd/cam1_2026-04-08_16-20-55.mp4,1585.5,1689.5,1326,1371,1845,2008,0.8115451
871,/Volumes/SmithL0/2026/BIOL470/Final/Learning_Rig/bee_0408_1_fwd/cam1_2026-04-08_16-20-55.mp4,1584.0,1689.0,1323,1370,1845,2008,0.807491
872,/Volumes/SmithL0/2026/BIOL470/Final/Learning_Rig/bee_0408_1_fwd/cam1_2026-04-08_16-20-55.mp4,1584.0,1689.0,1324,1370,1844,2008,0.8096223
873,/Volumes/SmithL0/2026/BIOL470/Final/Learning_Rig/bee_0408_1_fwd/cam1_2026-04-08_16-20-55.mp4,1583.0,1688.5,1323,1370,1843,2007,0.8057208
874,/Volumes/SmithL0/2026/BIOL470/Final/Learning_Rig/bee_0408_1_fwd/cam1_2026-04-08_16-20-55.mp4,1583.5,1689.5,1326,1371,1841,2008,0.81219
875,/Volumes/SmithL0/2026/BIOL470/Final/Learning_Rig/bee_0408_1_fwd/cam1_2026-04-08_16-20-55.mp4,1584.5,1689.0,1326,1371,1843,2007,0.818504
876,/Volumes/SmithL0/2026/BIOL470/Final/Learning_Rig/bee_0408_1_fwd/cam1_2026-04-08_16-20-55.mp4,1584.0,1688.5,1326,1371,1842,2006,0.8113538
877,/Volumes/SmithL0/2026/BIOL470/Final/Learning_Rig/bee_0408_1_fwd/cam1_2026-04-08_16-20-55.mp4,1584.0,1688.5,1325,1371,1843,2006,0.8200913
878,/Volumes/SmithL0/2026/BIOL470/Final/Learning_Rig/bee_0408_1_fwd/cam1_2026-04-08_16-20-55.mp4,1583.5,1689.0,1325,1371,1842,2007,0.819084
879,/Volumes/SmithL0/2026/BIOL470/Final/Learning_Rig/bee_0408_1_fwd/cam1_2026-04-08_16-20-55.mp4,1584.5,1689.0,1326,1370,1843,2008,0.82275116
880,/Volumes/SmithL0/2026/BIOL470/Final/Learning_Rig/bee_0408_1_fwd/cam1_2026-04-08_16-20-55.mp4,1585.5,1689.0,1327,1371,1844,2007,0.82457197
881,/Volumes/SmithL0/2026/BIOL470/Final/Learning_Rig/bee_0408_1_fwd/cam1_2026-04-08_16-20-55.mp4,1584.0,1689.5,1326,1371,1842,2008,0.8237417
882,/Volumes/SmithL0/2026/BIOL470/Final/Learning_Rig/bee_0408_1_fwd/cam1_2026-04-08_16-20-55.mp4,1584.5,1689.0,1327,1371,1842,2007,0.81455356
883,/Volumes/SmithL0/2026/BIOL470/Final/Learning_Rig/bee_0408_1_fwd/cam1_2026-04-08_16-20-55.mp4,1584.0,1689.0,1326,1371,1842,2007,0.81354773
884,/Volumes/SmithL0/2026/BIOL470/Final/Learning_Rig/bee_0408_1_fwd/cam1_2026-04-08_16-20-55.mp4,1583.5,1688.5,1323,1370,1844,2007,0.810489
885,/Volumes/SmithL0/2026/BIOL470/Final/Learning_Rig/bee_0408_1_fwd/cam1_2026-04-08_16-20-55.mp4,1583.5,1688.5,1323,1370,1844,2007,0.8089547
886,/Volumes/SmithL0/2026/BIOL470/Final/Learning_Rig/bee_0408_1_fwd/cam1_2026-04-08_16-20-55.mp4,1583.5,1689.0,1323,1370,1844,2008,0.8111434
887,/Volumes/SmithL0/2026/BIOL470/Final/Learning_Rig/bee_0408_1_fwd/cam1_2026-04-08_16-20-55.mp4,1583.5,1689.0,1323,1370,1844,2008,0.80981493
888,/Volumes/SmithL0/2026/BIOL470/Final/Learning_Rig/bee_0408_1_fwd/cam1_2026-04-08_16-20-55.mp4,1584.5,1688.5,1326,1371,1843,2006,0.8132625
889,/Volumes/SmithL0/2026/BIOL470/Final/Learning_Rig/bee_0408_1_fwd/cam1_2026-04-08_16-20-55.mp4,1584.0,1688.0,1325,1370,1843,2006,0.82028335
890,/Volumes/SmithL0/2026/BIOL470/Final/Learning_Rig/bee_0408_1_fwd/cam1_2026-04-08_16-20-55.mp4,1583.0,1688.5,1324,1370,1842,2007,0.8189324
891,/Volumes/SmithL0/2026/BIOL470/Final/Learning_Rig/bee_0408_1_fwd/cam1_2026-04-08_16-20-55.mp4,1584.0,1689.5,1325,1370,1843,2009,0.817811
892,/Volumes/SmithL0/2026/BIOL470/Final/Learning_Rig/bee_0408_1_fwd/cam1_2026-04-08_16-20-55.mp4,1584.5,1689.0,1326,1370,1843,2008,0.8136211
893,/Volumes/SmithL0/2026/BIOL470/Final/Learning_Rig/bee_0408_1_fwd/cam1_2026-04-08_16-20-55.mp4,1584.5,1689.0,1326,1370,1843,2008,0.81783617
894,/Volumes/SmithL0/2026/BIOL470/Final/Learning_Rig/bee_0408_1_fwd/cam1_2026-04-08_16-20-55.mp4,1584.0,1689.0,1325,1370,1843,2008,0.82086915
895,/Volumes/SmithL0/2026/BIOL470/Final/Learning_Rig/bee_0408_1_fwd/cam1_2026-04-08_16-20-55.mp4,1583.5,1689.0,1325,1370,1842,2008,0.8241866
896,/Volumes/SmithL0/2026/BIOL470/Final/Learning_Rig/bee_0408_1_fwd/cam1_2026-04-08_16-20-55.mp4,1584.0,1688.5,1326,1370,1842,2007,0.82325315
897,/Volumes/SmithL0/2026/BIOL470/Final/Learning_Rig/bee_0408_1_fwd/cam1_2026-04-08_16-20-55.mp4,1584.0,1689.0,1325,1370,1843,2008,0.8221728
898,/Volumes/SmithL0/2026/BIOL470/Final/Learning_Rig/bee_0408_1_fwd/cam1_2026-04-08_16-20-55.mp4,1584.0,1688.5,1324,1370,1844,2007,0.83407366
899,/Volumes/SmithL0/2026/BIOL470/Final/Learning_Rig/bee_0408_1_fwd/cam1_2026-04-08_16-20-55.mp4,1584.0,1688.5,1325,1371,1843,2006,0.825114
900,/Volumes/SmithL0/2026/BIOL470/Final/Learning_Rig/bee_0408_1_fwd/cam1_2026-04-08_16-20-55.mp4,1583.5,1688.5,1326,1370,1841,2007,0.82325137
901,/Volumes/SmithL0/2026/BIOL470/Final/Learning_Rig/bee_0408_1_fwd/cam1_2026-04-08_16-20-55.mp4,1583.0,1689.5,1327,1370,1839,2009,0.8188861
902,/Volumes/SmithL0/2026/BIOL470/Final/Learning_Rig/bee_0408_1_fwd/cam1_2026-04-08_16-20-55.mp4,1581.0,1689.0,1324,1370,1838,2008,0.81742865
903,/Volumes/SmithL0/2026/BIOL470/Final/Learning_Rig/bee_0408_1_fwd/cam1_2026-04-08_16-20-55.mp4,1582.5,1688.0,1325,1370,1840,2006,0.8177844
904,/Volumes/SmithL0/2026/BIOL470/Final/Learning_Rig/bee_0408_1_fwd/cam1_2026-04-08_16-20-55.mp4,1582.0,1689.0,1325,1370,1839,2008,0.8211456
905,/Volumes/SmithL0/2026/BIOL470/Final/Learning_Rig/bee_0408_1_fwd/cam1_2026-04-08_16-20-55.mp4,1582.5,1688.5,1327,1370,1838,2007,0.812748
906,/Volumes/SmithL0/2026/BIOL470/Final/Learning_Rig/bee_0408_1_fwd/cam1_2026-04-08_16-20-55.mp4,1583.0,1689.0,1323,1370,1843,2008,0.808582
907,/Volumes/SmithL0/2026/BIOL470/Final/Learning_Rig/bee_0408_1_fwd/cam1_2026-04-08_16-20-55.mp4,1583.5,1689.0,1324,1370,1843,2008,0.8103877
908,/Volumes/SmithL0/2026/BIOL470/Final/Learning_Rig/bee_0408_1_fwd/cam1_2026-04-08_16-20-55.mp4,1583.0,1689.0,1324,1370,1842,2008,0.8063573
909,/Volumes/SmithL0/2026/BIOL470/Final/Learning_Rig/bee_0408_1_fwd/cam1_2026-04-08_16-20-55.mp4,1584.5,1688.5,1327,1370,1842,2007,0.81332815
910,/Volumes/SmithL0/2026/BIOL470/Final/Learning_Rig/bee_0408_1_fwd/cam1_2026-04-08_16-20-55.mp4,1584.0,1688.5,1324,1370,1844,2007,0.81081474
911,/Volumes/SmithL0/2026/BIOL470/Final/Learning_Rig/bee_0408_1_fwd/cam1_2026-04-08_16-20-55.mp4,1584.0,1688.5,1323,1370,1845,2007,0.80818766
912,/Volumes/SmithL0/2026/BIOL470/Final/Learning_Rig/bee_0408_1_fwd/cam1_2026-04-08_16-20-55.mp4,1583.5,1688.5,1323,1370,1844,2007,0.8040047
913,/Volumes/SmithL0/2026/BIOL470/Final/Learning_Rig/bee_0408_1_fwd/cam1_2026-04-08_16-20-55.mp4,1584.0,1689.0,1326,1370,1842,2008,0.8144721
914,/Volumes/SmithL0/2026/BIOL470/Final/Learning_Rig/bee_0408_1_fwd/cam1_2026-04-08_16-20-55.mp4,1584.5,1688.5,1325,1370,1844,2007,0.8213087
915,/Volumes/SmithL0/2026/BIOL470/Final/Learning_Rig/bee_0408_1_fwd/cam1_2026-04-08_16-20-55.mp4,1583.0,1689.0,1324,1370,1842,2008,0.8255417
916,/Volumes/SmithL0/2026/BIOL470/Final/Learning_Rig/bee_0408_1_fwd/cam1_2026-04-08_16-20-55.mp4,1583.5,1688.5,1326,1370,1841,2007,0.81706476
917,/Volumes/SmithL0/2026/BIOL470/Final/Learning_Rig/bee_0408_1_fwd/cam1_2026-04-08_16-20-55.mp4,1584.0,1689.0,1323,1370,1845,2008,0.8108916
918,/Volumes/SmithL0/2026/BIOL470/Final/Learning_Rig/bee_0408_1_fwd/cam1_2026-04-08_16-20-55.mp4,1583.0,1689.0,1322,1370,1844,2008,0.8094519
919,/Volumes/SmithL0/2026/BIOL470/Final/Learning_Rig/bee_0408_1_fwd/cam1_2026-04-08_16-20-55.mp4,1583.0,1689.0,1323,1370,1843,2008,0.81217754
920,/Volumes/SmithL0/2026/BIOL470/Final/Learning_Rig/bee_0408_1_fwd/cam1_2026-04-08_16-20-55.mp4,1582.5,1689.5,1322,1370,1843,2009,0.81251734
921,/Volumes/SmithL0/2026/BIOL470/Final/Learning_Rig/bee_0408_1_fwd/cam1_2026-04-08_16-20-55.mp4,1582.5,1688.5,1322,1370,1843,2007,0.8147662
922,/Volumes/SmithL0/2026/BIOL470/Final/Learning_Rig/bee_0408_1_fwd/cam1_2026-04-08_16-20-55.mp4,1583.0,1689.0,1323,1370,1843,2008,0.8134597
923,/Volumes/SmithL0/2026/BIOL470/Final/Learning_Rig/bee_0408_1_fwd/cam1_2026-04-08_16-20-55.mp4,1582.5,1689.5,1322,1370,1843,2009,0.8154317
924,/Volumes/SmithL0/2026/BIOL470/Final/Learning_Rig/bee_0408_1_fwd/cam1_2026-04-08_16-20-55.mp4,1582.5,1688.5,1323,1370,1842,2007,0.8127
925,/Volumes/SmithL0/2026/BIOL470/Final/Learning_Rig/bee_0408_1_fwd/cam1_2026-04-08_16-20-55.mp4,1582.0,1689.0,1322,1370,1842,2008,0.81114835
926,/Volumes/SmithL0/2026/BIOL470/Final/Learning_Rig/bee_0408_1_fwd/cam1_2026-04-08_16-20-55.mp4,1582.5,1688.5,1325,1370,1840,2007,0.82518333
927,/Volumes/SmithL0/2026/BIOL470/Final/Learning_Rig/bee_0408_1_fwd/cam1_2026-04-08_16-20-55.mp4,1582.5,1688.0,1322,1370,1843,2006,0.8118839
928,/Volumes/SmithL0/2026/BIOL470/Final/Learning_Rig/bee_0408_1_fwd/cam1_2026-04-08_16-20-55.mp4,1583.0,1688.5,1325,1371,1841,2006,0.8218537
929,/Volumes/SmithL0/2026/BIOL470/Final/Learning_Rig/bee_0408_1_fwd/cam1_2026-04-08_16-20-55.mp4,1582.5,1688.0,1323,1370,1842,2006,0.80809945
930,/Volumes/SmithL0/2026/BIOL470/Final/Learning_Rig/bee_0408_1_fwd/cam1_2026-04-08_16-20-55.mp4,1582.5,1689.5,1323,1370,1842,2009,0.80825216
931,/Volumes/SmithL0/2026/BIOL470/Final/Learning_Rig/bee_0408_1_fwd/cam1_2026-04-08_16-20-55.mp4,1583.5,1688.5,1326,1370,1841,2007,0.8170818
932,/Volumes/SmithL0/2026/BIOL470/Final/Learning_Rig/bee_0408_1_fwd/cam1_2026-04-08_16-20-55.mp4,1583.0,1690.0,1325,1370,1841,2010,0.81787544
933,/Volumes/SmithL0/2026/BIOL470/Final/Learning_Rig/bee_0408_1_fwd/cam1_2026-04-08_16-20-55.mp4,1583.0,1689.0,1325,1370,1841,2008,0.81816417
934,/Volumes/SmithL0/2026/BIOL470/Final/Learning_Rig/bee_0408_1_fwd/cam1_2026-04-08_16-20-55.mp4,1582.5,1689.0,1326,1370,1839,2008,0.8185306
935,/Volumes/SmithL0/2026/BIOL470/Final/Learning_Rig/bee_0408_1_fwd/cam1_2026-04-08_16-20-55.mp4,1582.5,1689.0,1323,1370,1842,2008,0.8107967
936,/Volumes/SmithL0/2026/BIOL470/Final/Learning_Rig/bee_0408_1_fwd/cam1_2026-04-08_16-20-55.mp4,1582.0,1689.0,1326,1370,1838,2008,0.81424963
937,/Volumes/SmithL0/2026/BIOL470/Final/Learning_Rig/bee_0408_1_fwd/cam1_2026-04-08_16-20-55.mp4,1582.0,1690.0,1324,1371,1840,2009,0.81683
938,/Volumes/SmithL0/2026/BIOL470/Final/Learning_Rig/bee_0408_1_fwd/cam1_2026-04-08_16-20-55.mp4,1582.0,1689.5,1322,1370,1842,2009,0.8105092
939,/Volumes/SmithL0/2026/BIOL470/Final/Learning_Rig/bee_0408_1_fwd/cam1_2026-04-08_16-20-55.mp4,1583.0,1690.0,1325,1370,1841,2010,0.8125596
940,/Volumes/SmithL0/2026/BIOL470/Final/Learning_Rig/bee_0408_1_fwd/cam1_2026-04-08_16-20-55.mp4,1581.5,1690.0,1322,1370,1841,2010,0.8097951
941,/Volumes/SmithL0/2026/BIOL470/Final/Learning_Rig/bee_0408_1_fwd/cam1_2026-04-08_16-20-55.mp4,1580.5,1688.0,1324,1370,1837,2006,0.8141609
942,/Volumes/SmithL0/2026/BIOL470/Final/Learning_Rig/bee_0408_1_fwd/cam1_2026-04-08_16-20-55.mp4,1583.0,1688.0,1324,1371,1842,2005,0.8153374
943,/Volumes/SmithL0/2026/BIOL470/Final/Learning_Rig/bee_0408_1_fwd/cam1_2026-04-08_16-20-55.mp4,1583.5,1687.0,1325,1370,1842,2004,0.81569505
944,/Volumes/SmithL0/2026/BIOL470/Final/Learning_Rig/bee_0408_1_fwd/cam1_2026-04-08_16-20-55.mp4,1583.0,1688.5,1325,1372,1841,2005,0.82147384
945,/Volumes/SmithL0/2026/BIOL470/Final/Learning_Rig/bee_0408_1_fwd/cam1_2026-04-08_16-20-55.mp4,1582.0,1688.0,1324,1371,1840,2005,0.82368565
946,/Volumes/SmithL0/2026/BIOL470/Final/Learning_Rig/bee_0408_1_fwd/cam1_2026-04-08_16-20-55.mp4,1582.5,1687.5,1324,1372,1841,2003,0.8204284
947,/Volumes/SmithL0/2026/BIOL470/Final/Learning_Rig/bee_0408_1_fwd/cam1_2026-04-08_16-20-55.mp4,1582.0,1688.5,1325,1372,1839,2005,0.8224137
948,/Volumes/SmithL0/2026/BIOL470/Final/Learning_Rig/bee_0408_1_fwd/cam1_2026-04-08_16-20-55.mp4,1582.0,1689.0,1325,1372,1839,2006,0.8171834
949,/Volumes/SmithL0/2026/BIOL470/Final/Learning_Rig/bee_0408_1_fwd/cam1_2026-04-08_16-20-55.mp4,1583.0,1689.0,1322,1371,1844,2007,0.81592226
950,/Volumes/SmithL0/2026/BIOL470/Final/Learning_Rig/bee_0408_1_fwd/cam1_2026-04-08_16-20-55.mp4,1582.5,1688.5,1322,1371,1843,2006,0.80889714
951,/Volumes/SmithL0/2026/BIOL470/Final/Learning_Rig/bee_0408_1_fwd/cam1_2026-04-08_16-20-55.mp4,1582.0,1688.5,1321,1371,1843,2006,0.8117888
952,/Volumes/SmithL0/2026/BIOL470/Final/Learning_Rig/bee_0408_1_fwd/cam1_2026-04-08_16-20-55.mp4,1581.5,1689.0,1322,1372,1841,2006,0.8033427
953,/Volumes/SmithL0/2026/BIOL470/Final/Learning_Rig/bee_0408_1_fwd/cam1_2026-04-08_16-20-55.mp4,1581.5,1688.0,1323,1371,1840,2005,0.80817956
954,/Volumes/SmithL0/2026/BIOL470/Final/Learning_Rig/bee_0408_1_fwd/cam1_2026-04-08_16-20-55.mp4,1582.0,1688.5,1323,1372,1841,2005,0.8160871
955,/Volumes/SmithL0/2026/BIOL470/Final/Learning_Rig/bee_0408_1_fwd/cam1_2026-04-08_16-20-55.mp4,1582.0,1688.0,1323,1371,1841,2005,0.8166243
956,/Volumes/SmithL0/2026/BIOL470/Final/Learning_Rig/bee_0408_1_fwd/cam1_2026-04-08_16-20-55.mp4,1582.5,1688.0,1323,1371,1842,2005,0.8154655
957,/Volumes/SmithL0/2026/BIOL470/Final/Learning_Rig/bee_0408_1_fwd/cam1_2026-04-08_16-20-55.mp4,1582.0,1688.5,1323,1372,1841,2005,0.81908435
958,/Volumes/SmithL0/2026/BIOL470/Final/Learning_Rig/bee_0408_1_fwd/cam1_2026-04-08_16-20-55.mp4,1580.5,1688.5,1325,1374,1836,2003,0.8228892
959,/Volumes/SmithL0/2026/BIOL470/Final/Learning_Rig/bee_0408_1_fwd/cam1_2026-04-08_16-20-55.mp4,1581.5,1687.5,1323,1371,1840,2004,0.8161599
960,/Volumes/SmithL0/2026/BIOL470/Final/Learning_Rig/bee_0408_1_fwd/cam1_2026-04-08_16-20-55.mp4,1581.5,1687.5,1323,1371,1840,2004,0.81525713
961,/Volumes/SmithL0/2026/BIOL470/Final/Learning_Rig/bee_0408_1_fwd/cam1_2026-04-08_16-20-55.mp4,1581.0,1688.0,1323,1371,1839,2005,0.81667554
962,/Volumes/SmithL0/2026/BIOL470/Final/Learning_Rig/bee_0408_1_fwd/cam1_2026-04-08_16-20-55.mp4,1581.5,1688.0,1323,1371,1840,2005,0.8154824
963,/Volumes/SmithL0/2026/BIOL470/Final/Learning_Rig/bee_0408_1_fwd/cam1_2026-04-08_16-20-55.mp4,1581.0,1687.5,1322,1371,1840,2004,0.81634337
964,/Volumes/SmithL0/2026/BIOL470/Final/Learning_Rig/bee_0408_1_fwd/cam1_2026-04-08_16-20-55.mp4,1581.0,1688.5,1323,1372,1839,2005,0.81272006
965,/Volumes/SmithL0/2026/BIOL470/Final/Learning_Rig/bee_0408_1_fwd/cam1_2026-04-08_16-20-55.mp4,1580.5,1688.5,1322,1372,1839,2005,0.80862015
966,/Volumes/SmithL0/2026/BIOL470/Final/Learning_Rig/bee_0408_1_fwd/cam1_2026-04-08_16-20-55.mp4,1580.5,1688.5,1322,1372,1839,2005,0.81548095
967,/Volumes/SmithL0/2026/BIOL470/Final/Learning_Rig/bee_0408_1_fwd/cam1_2026-04-08_16-20-55.mp4,1580.5,1690.5,1324,1375,1837,2006,0.81952846
968,/Volumes/SmithL0/2026/BIOL470/Final/Learning_Rig/bee_0408_1_fwd/cam1_2026-04-08_16-20-55.mp4,1581.0,1690.0,1324,1375,1838,2005,0.82473606
969,/Volumes/SmithL0/2026/BIOL470/Final/Learning_Rig/bee_0408_1_fwd/cam1_2026-04-08_16-20-55.mp4,1580.5,1690.0,1325,1374,1836,2006,0.8215162
970,/Volumes/SmithL0/2026/BIOL470/Final/Learning_Rig/bee_0408_1_fwd/cam1_2026-04-08_16-20-55.mp4,1580.0,1689.5,1324,1374,1836,2005,0.8191987
971,/Volumes/SmithL0/2026/BIOL470/Final/Learning_Rig/bee_0408_1_fwd/cam1_2026-04-08_16-20-55.mp4,1580.0,1689.5,1323,1375,1837,2004,0.82170224
972,/Volumes/SmithL0/2026/BIOL470/Final/Learning_Rig/bee_0408_1_fwd/cam1_2026-04-08_16-20-55.mp4,1579.0,1689.5,1323,1375,1835,2004,0.8324556
973,/Volumes/SmithL0/2026/BIOL470/Final/Learning_Rig/bee_0408_1_fwd/cam1_2026-04-08_16-20-55.mp4,1579.5,1689.5,1323,1375,1836,2004,0.82706326
974,/Volumes/SmithL0/2026/BIOL470/Final/Learning_Rig/bee_0408_1_fwd/cam1_2026-04-08_16-20-55.mp4,1580.5,1689.5,1324,1374,1837,2005,0.8274661
975,/Volumes/SmithL0/2026/BIOL470/Final/Learning_Rig/bee_0408_1_fwd/cam1_2026-04-08_16-20-55.mp4,1581.0,1689.5,1325,1374,1837,2005,0.8268576
976,/Volumes/SmithL0/2026/BIOL470/Final/Learning_Rig/bee_0408_1_fwd/cam1_2026-04-08_16-20-55.mp4,1582.0,1689.5,1325,1374,1839,2005,0.8250892
977,/Volumes/SmithL0/2026/BIOL470/Final/Learning_Rig/bee_0408_1_fwd/cam1_2026-04-08_16-20-55.mp4,1581.5,1690.0,1324,1374,1839,2006,0.822667
978,/Volumes/SmithL0/2026/BIOL470/Final/Learning_Rig/bee_0408_1_fwd/cam1_2026-04-08_16-20-55.mp4,1581.5,1691.0,1324,1375,1839,2007,0.8158582
979,/Volumes/SmithL0/2026/BIOL470/Final/Learning_Rig/bee_0408_1_fwd/cam1_2026-04-08_16-20-55.mp4,1582.0,1689.5,1322,1372,1842,2007,0.8119915
980,/Volumes/SmithL0/2026/BIOL470/Final/Learning_Rig/bee_0408_1_fwd/cam1_2026-04-08_16-20-55.mp4,1582.0,1689.0,1322,1372,1842,2006,0.8110899
981,/Volumes/SmithL0/2026/BIOL470/Final/Learning_Rig/bee_0408_1_fwd/cam1_2026-04-08_16-20-55.mp4,1582.0,1688.5,1322,1372,1842,2005,0.8134893
982,/Volumes/SmithL0/2026/BIOL470/Final/Learning_Rig/bee_0408_1_fwd/cam1_2026-04-08_16-20-55.mp4,1581.0,1689.5,1323,1375,1839,2004,0.8156914
983,/Volumes/SmithL0/2026/BIOL470/Final/Learning_Rig/bee_0408_1_fwd/cam1_2026-04-08_16-20-55.mp4,1581.5,1688.5,1321,1372,1842,2005,0.81539536
984,/Volumes/SmithL0/2026/BIOL470/Final/Learning_Rig/bee_0408_1_fwd/cam1_2026-04-08_16-20-55.mp4,1581.5,1689.0,1321,1373,1842,2005,0.8147935
985,/Volumes/SmithL0/2026/BIOL470/Final/Learning_Rig/bee_0408_1_fwd/cam1_2026-04-08_16-20-55.mp4,1581.5,1689.0,1321,1373,1842,2005,0.8148741
986,/Volumes/SmithL0/2026/BIOL470/Final/Learning_Rig/bee_0408_1_fwd/cam1_2026-04-08_16-20-55.mp4,1581.5,1688.0,1321,1372,1842,2004,0.8135637
987,/Volumes/SmithL0/2026/BIOL470/Final/Learning_Rig/bee_0408_1_fwd/cam1_2026-04-08_16-20-55.mp4,1582.0,1688.5,1322,1373,1842,2004,0.8128504
988,/Volumes/SmithL0/2026/BIOL470/Final/Learning_Rig/bee_0408_1_fwd/cam1_2026-04-08_16-20-55.mp4,1582.0,1688.5,1322,1373,1842,2004,0.8117755
989,/Volumes/SmithL0/2026/BIOL470/Final/Learning_Rig/bee_0408_1_fwd/cam1_2026-04-08_16-20-55.mp4,1581.0,1689.5,1325,1376,1837,2003,0.82252413
990,/Volumes/SmithL0/2026/BIOL470/Final/Learning_Rig/bee_0408_1_fwd/cam1_2026-04-08_16-20-55.mp4,1581.5,1689.0,1322,1373,1841,2005,0.8166936
991,/Volumes/SmithL0/2026/BIOL470/Final/Learning_Rig/bee_0408_1_fwd/cam1_2026-04-08_16-20-55.mp4,1581.5,1688.5,1322,1373,1841,2004,0.8142323
992,/Volumes/SmithL0/2026/BIOL470/Final/Learning_Rig/bee_0408_1_fwd/cam1_2026-04-08_16-20-55.mp4,1582.0,1688.5,1322,1373,1842,2004,0.8109295
993,/Volumes/SmithL0/2026/BIOL470/Final/Learning_Rig/bee_0408_1_fwd/cam1_2026-04-08_16-20-55.mp4,1581.0,1689.0,1322,1373,1840,2005,0.8140734
994,/Volumes/SmithL0/2026/BIOL470/Final/Learning_Rig/bee_0408_1_fwd/cam1_2026-04-08_16-20-55.mp4,1582.0,1690.0,1324,1375,1840,2005,0.8168059
995,/Volumes/SmithL0/2026/BIOL470/Final/Learning_Rig/bee_0408_1_fwd/cam1_2026-04-08_16-20-55.mp4,1582.0,1690.0,1324,1375,1840,2005,0.8208463
996,/Volumes/SmithL0/2026/BIOL470/Final/Learning_Rig/bee_0408_1_fwd/cam1_2026-04-08_16-20-55.mp4,1583.0,1691.0,1325,1375,1841,2007,0.8181655
997,/Volumes/SmithL0/2026/BIOL470/Final/Learning_Rig/bee_0408_1_fwd/cam1_2026-04-08_16-20-55.mp4,1582.0,1689.5,1322,1373,1842,2006,0.814822
998,/Volumes/SmithL0/2026/BIOL470/Final/Learning_Rig/bee_0408_1_fwd/cam1_2026-04-08_16-20-55.mp4,1582.0,1690.0,1324,1376,1840,2004,0.8185349
999,/Volumes/SmithL0/2026/BIOL470/Final/Learning_Rig/bee_0408_1_fwd/cam1_2026-04-08_16-20-55.mp4,1581.5,1690.0,1325,1376,1838,2004,0.8202109
1000,/Volumes/SmithL0/2026/BIOL470/Final/Learning_Rig/bee_0408_1_fwd/cam1_2026-04-08_16-20-55.mp4,1581.5,1691.0,1324,1376,1839,2006,0.8205856
1001,/Volumes/SmithL0/2026/BIOL470/Final/Learning_Rig/bee_0408_1_fwd/cam1_2026-04-08_16-20-55.mp4,1582.0,1692.0,1324,1377,1840,2007,0.8182242
1002,/Volumes/SmithL0/2026/BIOL470/Final/Learning_Rig/bee_0408_1_fwd/cam1_2026-04-08_16-20-55.mp4,1581.5,1691.0,1323,1375,1840,2007,0.81689024
1003,/Volumes/SmithL0/2026/BIOL470/Final/Learning_Rig/bee_0408_1_fwd/cam1_2026-04-08_16-20-55.mp4,1580.5,1690.0,1322,1376,1839,2004,0.8187677
1004,/Volumes/SmithL0/2026/BIOL470/Final/Learning_Rig/bee_0408_1_fwd/cam1_2026-04-08_16-20-55.mp4,1581.0,1690.0,1322,1376,1840,2004,0.8179656
1005,/Volumes/SmithL0/2026/BIOL470/Final/Learning_Rig/bee_0408_1_fwd/cam1_2026-04-08_16-20-55.mp4,1580.5,1690.0,1323,1376,1838,2004,0.82076925
1006,/Volumes/SmithL0/2026/BIOL470/Final/Learning_Rig/bee_0408_1_fwd/cam1_2026-04-08_16-20-55.mp4,1581.0,1688.0,1321,1372,1841,2004,0.81723887
1007,/Volumes/SmithL0/2026/BIOL470/Final/Learning_Rig/bee_0408_1_fwd/cam1_2026-04-08_16-20-55.mp4,1581.0,1689.0,1322,1373,1840,2005,0.8178109
1008,/Volumes/SmithL0/2026/BIOL470/Final/Learning_Rig/bee_0408_1_fwd/cam1_2026-04-08_16-20-55.mp4,1581.0,1689.0,1322,1373,1840,2005,0.814231
1009,/Volumes/SmithL0/2026/BIOL470/Final/Learning_Rig/bee_0408_1_fwd/cam1_2026-04-08_16-20-55.mp4,1581.5,1689.5,1322,1373,1841,2006,0.81430036
1010,/Volumes/SmithL0/2026/BIOL470/Final/Learning_Rig/bee_0408_1_fwd/cam1_2026-04-08_16-20-55.mp4,1580.5,1691.5,1324,1376,1837,2007,0.81708086
1011,/Volumes/SmithL0/2026/BIOL470/Final/Learning_Rig/bee_0408_1_fwd/cam1_2026-04-08_16-20-55.mp4,1579.5,1691.0,1323,1376,1836,2006,0.81904274
1012,/Volumes/SmithL0/2026/BIOL470/Final/Learning_Rig/bee_0408_1_fwd/cam1_2026-04-08_16-20-55.mp4,1580.0,1690.5,1323,1376,1837,2005,0.8207945
1013,/Volumes/SmithL0/2026/BIOL470/Final/Learning_Rig/bee_0408_1_fwd/cam1_2026-04-08_16-20-55.mp4,1580.0,1689.5,1322,1376,1838,2003,0.8309618
1014,/Volumes/SmithL0/2026/BIOL470/Final/Learning_Rig/bee_0408_1_fwd/cam1_2026-04-08_16-20-55.mp4,1580.0,1690.0,1322,1376,1838,2004,0.82679343
1015,/Volumes/SmithL0/2026/BIOL470/Final/Learning_Rig/bee_0408_1_fwd/cam1_2026-04-08_16-20-55.mp4,1580.0,1690.0,1323,1376,1837,2004,0.8205703
1016,/Volumes/SmithL0/2026/BIOL470/Final/Learning_Rig/bee_0408_1_fwd/cam1_2026-04-08_16-20-55.mp4,1580.0,1690.0,1323,1376,1837,2004,0.81888413
1017,/Volumes/SmithL0/2026/BIOL470/Final/Learning_Rig/bee_0408_1_fwd/cam1_2026-04-08_16-20-55.mp4,1580.0,1690.5,1324,1376,1836,2005,0.81560117
1018,/Volumes/SmithL0/2026/BIOL470/Final/Learning_Rig/bee_0408_1_fwd/cam1_2026-04-08_16-20-55.mp4,1579.0,1690.0,1323,1376,1835,2004,0.81907463
1019,/Volumes/SmithL0/2026/BIOL470/Final/Learning_Rig/bee_0408_1_fwd/cam1_2026-04-08_16-20-55.mp4,1578.0,1690.5,1321,1376,1835,2005,0.819124
1020,/Volumes/SmithL0/2026/BIOL470/Final/Learning_Rig/bee_0408_1_fwd/cam1_2026-04-08_16-20-55.mp4,1580.5,1690.0,1321,1374,1840,2006,0.81323904
1021,/Volumes/SmithL0/2026/BIOL470/Final/Learning_Rig/bee_0408_1_fwd/cam1_2026-04-08_16-20-55.mp4,1579.5,1689.5,1321,1374,1838,2005,0.81353515
1022,/Volumes/SmithL0/2026/BIOL470/Final/Learning_Rig/bee_0408_1_fwd/cam1_2026-04-08_16-20-55.mp4,1580.0,1689.0,1321,1373,1839,2005,0.8136617
1023,/Volumes/SmithL0/2026/BIOL470/Final/Learning_Rig/bee_0408_1_fwd/cam1_2026-04-08_16-20-55.mp4,1581.0,1689.5,1321,1374,1841,2005,0.8156269
1024,/Volumes/SmithL0/2026/BIOL470/Final/Learning_Rig/bee_0408_1_fwd/cam1_2026-04-08_16-20-55.mp4,1581.0,1689.0,1321,1374,1841,2004,0.81372374
1025,/Volumes/SmithL0/2026/BIOL470/Final/Learning_Rig/bee_0408_1_fwd/cam1_2026-04-08_16-20-55.mp4,1580.0,1690.0,1322,1376,1838,2004,0.8172743
1026,/Volumes/SmithL0/2026/BIOL470/Final/Learning_Rig/bee_0408_1_fwd/cam1_2026-04-08_16-20-55.mp4,1581.0,1690.5,1323,1377,1839,2004,0.8135615
1027,/Volumes/SmithL0/2026/BIOL470/Final/Learning_Rig/bee_0408_1_fwd/cam1_2026-04-08_16-20-55.mp4,1580.0,1690.0,1322,1376,1838,2004,0.8276885
1028,/Volumes/SmithL0/2026/BIOL470/Final/Learning_Rig/bee_0408_1_fwd/cam1_2026-04-08_16-20-55.mp4,1580.0,1690.0,1322,1376,1838,2004,0.8205239
1029,/Volumes/SmithL0/2026/BIOL470/Final/Learning_Rig/bee_0408_1_fwd/cam1_2026-04-08_16-20-55.mp4,1581.5,1689.0,1321,1373,1842,2005,0.8120036
1030,/Volumes/SmithL0/2026/BIOL470/Final/Learning_Rig/bee_0408_1_fwd/cam1_2026-04-08_16-20-55.mp4,1579.5,1690.5,1320,1375,1839,2006,0.8230712
1031,/Volumes/SmithL0/2026/BIOL470/Final/Learning_Rig/bee_0408_1_fwd/cam1_2026-04-08_16-20-55.mp4,1578.5,1691.0,1320,1376,1837,2006,0.8227354
1032,/Volumes/SmithL0/2026/BIOL470/Final/Learning_Rig/bee_0408_1_fwd/cam1_2026-04-08_16-20-55.mp4,1578.5,1690.5,1319,1376,1838,2005,0.82236594
1033,/Volumes/SmithL0/2026/BIOL470/Final/Learning_Rig/bee_0408_1_fwd/cam1_2026-04-08_16-20-55.mp4,1579.5,1691.0,1320,1376,1839,2006,0.8198898
1034,/Volumes/SmithL0/2026/BIOL470/Final/Learning_Rig/bee_0408_1_fwd/cam1_2026-04-08_16-20-55.mp4,1579.5,1691.0,1320,1376,1839,2006,0.81943655
1035,/Volumes/SmithL0/2026/BIOL470/Final/Learning_Rig/bee_0408_1_fwd/cam1_2026-04-08_16-20-55.mp4,1579.5,1691.0,1321,1377,1838,2005,0.82448345
1036,/Volumes/SmithL0/2026/BIOL470/Final/Learning_Rig/bee_0408_1_fwd/cam1_2026-04-08_16-20-55.mp4,1578.0,1691.5,1320,1377,1836,2006,0.8243583
1037,/Volumes/SmithL0/2026/BIOL470/Final/Learning_Rig/bee_0408_1_fwd/cam1_2026-04-08_16-20-55.mp4,1577.5,1691.0,1320,1376,1835,2006,0.82531285
1038,/Volumes/SmithL0/2026/BIOL470/Final/Learning_Rig/bee_0408_1_fwd/cam1_2026-04-08_16-20-55.mp4,1577.5,1691.5,1320,1377,1835,2006,0.82133883
1039,/Volumes/SmithL0/2026/BIOL470/Final/Learning_Rig/bee_0408_1_fwd/cam1_2026-04-08_16-20-55.mp4,1578.0,1691.5,1320,1377,1836,2006,0.8203817
1040,/Volumes/SmithL0/2026/BIOL470/Final/Learning_Rig/bee_0408_1_fwd/cam1_2026-04-08_16-20-55.mp4,1578.5,1691.0,1321,1377,1836,2005,0.8234893
1041,/Volumes/SmithL0/2026/BIOL470/Final/Learning_Rig/bee_0408_1_fwd/cam1_2026-04-08_16-20-55.mp4,1578.5,1691.5,1321,1376,1836,2007,0.82457453
1042,/Volumes/SmithL0/2026/BIOL470/Final/Learning_Rig/bee_0408_1_fwd/cam1_2026-04-08_16-20-55.mp4,1579.0,1692.5,1321,1377,1837,2008,0.8230223
1043,/Volumes/SmithL0/2026/BIOL470/Final/Learning_Rig/bee_0408_1_fwd/cam1_2026-04-08_16-20-55.mp4,1579.0,1691.5,1321,1376,1837,2007,0.818128
1044,/Volumes/SmithL0/2026/BIOL470/Final/Learning_Rig/bee_0408_1_fwd/cam1_2026-04-08_16-20-55.mp4,1577.0,1691.5,1321,1376,1833,2007,0.818999
1045,/Volumes/SmithL0/2026/BIOL470/Final/Learning_Rig/bee_0408_1_fwd/cam1_2026-04-08_16-20-55.mp4,1578.0,1691.5,1322,1376,1834,2007,0.81871486
1046,/Volumes/SmithL0/2026/BIOL470/Final/Learning_Rig/bee_0408_1_fwd/cam1_2026-04-08_16-20-55.mp4,1578.5,1692.0,1322,1376,1835,2008,0.81633973
1047,/Volumes/SmithL0/2026/BIOL470/Final/Learning_Rig/bee_0408_1_fwd/cam1_2026-04-08_16-20-55.mp4,1577.0,1691.5,1320,1376,1834,2007,0.81804585
1048,/Volumes/SmithL0/2026/BIOL470/Final/Learning_Rig/bee_0408_1_fwd/cam1_2026-04-08_16-20-55.mp4,1577.0,1690.5,1321,1375,1833,2006,0.81729126
1049,/Volumes/SmithL0/2026/BIOL470/Final/Learning_Rig/bee_0408_1_fwd/cam1_2026-04-08_16-20-55.mp4,1578.5,1690.0,1321,1375,1836,2005,0.81913227
1050,/Volumes/SmithL0/2026/BIOL470/Final/Learning_Rig/bee_0408_1_fwd/cam1_2026-04-08_16-20-55.mp4,1577.5,1690.5,1320,1375,1835,2006,0.81811094
1051,/Volumes/SmithL0/2026/BIOL470/Final/Learning_Rig/bee_0408_1_fwd/cam1_2026-04-08_16-20-55.mp4,1577.0,1690.5,1321,1375,1833,2006,0.8162362
1052,/Volumes/SmithL0/2026/BIOL470/Final/Learning_Rig/bee_0408_1_fwd/cam1_2026-04-08_16-20-55.mp4,1580.0,1690.0,1321,1373,1839,2007,0.8129413
1053,/Volumes/SmithL0/2026/BIOL470/Final/Learning_Rig/bee_0408_1_fwd/cam1_2026-04-08_16-20-55.mp4,1578.0,1691.0,1323,1375,1833,2007,0.8164024
1054,/Volumes/SmithL0/2026/BIOL470/Final/Learning_Rig/bee_0408_1_fwd/cam1_2026-04-08_16-20-55.mp4,1578.0,1690.5,1323,1375,1833,2006,0.81603926
1055,/Volumes/SmithL0/2026/BIOL470/Final/Learning_Rig/bee_0408_1_fwd/cam1_2026-04-08_16-20-55.mp4,1577.0,1690.5,1321,1375,1833,2006,0.8225529
1056,/Volumes/SmithL0/2026/BIOL470/Final/Learning_Rig/bee_0408_1_fwd/cam1_2026-04-08_16-20-55.mp4,1577.5,1691.0,1322,1375,1833,2007,0.8245596
1057,/Volumes/SmithL0/2026/BIOL470/Final/Learning_Rig/bee_0408_1_fwd/cam1_2026-04-08_16-20-55.mp4,1577.5,1691.0,1322,1376,1833,2006,0.82407093
1058,/Volumes/SmithL0/2026/BIOL470/Final/Learning_Rig/bee_0408_1_fwd/cam1_2026-04-08_16-20-55.mp4,1578.0,1690.0,1323,1375,1833,2005,0.8160426
1059,/Volumes/SmithL0/2026/BIOL470/Final/Learning_Rig/bee_0408_1_fwd/cam1_2026-04-08_16-20-55.mp4,1577.5,1690.5,1322,1375,1833,2006,0.81835586
1060,/Volumes/SmithL0/2026/BIOL470/Final/Learning_Rig/bee_0408_1_fwd/cam1_2026-04-08_16-20-55.mp4,1578.0,1690.5,1322,1375,1834,2006,0.8166847
1061,/Volumes/SmithL0/2026/BIOL470/Final/Learning_Rig/bee_0408_1_fwd/cam1_2026-04-08_16-20-55.mp4,1579.0,1690.5,1323,1375,1835,2006,0.8205817
1062,/Volumes/SmithL0/2026/BIOL470/Final/Learning_Rig/bee_0408_1_fwd/cam1_2026-04-08_16-20-55.mp4,1578.5,1690.5,1321,1375,1836,2006,0.8240663
1063,/Volumes/SmithL0/2026/BIOL470/Final/Learning_Rig/bee_0408_1_fwd/cam1_2026-04-08_16-20-55.mp4,1577.5,1690.0,1320,1376,1835,2004,0.83382815
1064,/Volumes/SmithL0/2026/BIOL470/Final/Learning_Rig/bee_0408_1_fwd/cam1_2026-04-08_16-20-55.mp4,1580.5,1690.0,1320,1373,1841,2007,0.8146083
1065,/Volumes/SmithL0/2026/BIOL470/Final/Learning_Rig/bee_0408_1_fwd/cam1_2026-04-08_16-20-55.mp4,1580.5,1689.0,1320,1372,1841,2006,0.8115706
1066,/Volumes/SmithL0/2026/BIOL470/Final/Learning_Rig/bee_0408_1_fwd/cam1_2026-04-08_16-20-55.mp4,1579.0,1691.5,1321,1376,1837,2007,0.8183494
1067,/Volumes/SmithL0/2026/BIOL470/Final/Learning_Rig/bee_0408_1_fwd/cam1_2026-04-08_16-20-55.mp4,1578.5,1690.5,1321,1375,1836,2006,0.819778
1068,/Volumes/SmithL0/2026/BIOL470/Final/Learning_Rig/bee_0408_1_fwd/cam1_2026-04-08_16-20-55.mp4,1580.0,1690.5,1322,1375,1838,2006,0.8148725
1069,/Volumes/SmithL0/2026/BIOL470/Final/Learning_Rig/bee_0408_1_fwd/cam1_2026-04-08_16-20-55.mp4,1579.0,1690.0,1321,1374,1837,2006,0.81930727
1070,/Volumes/SmithL0/2026/BIOL470/Final/Learning_Rig/bee_0408_1_fwd/cam1_2026-04-08_16-20-55.mp4,1578.5,1689.0,1321,1373,1836,2005,0.82065266
1071,/Volumes/SmithL0/2026/BIOL470/Final/Learning_Rig/bee_0408_1_fwd/cam1_2026-04-08_16-20-55.mp4,1578.0,1689.0,1320,1374,1836,2004,0.8298296
1072,/Volumes/SmithL0/2026/BIOL470/Final/Learning_Rig/bee_0408_1_fwd/cam1_2026-04-08_16-20-55.mp4,1578.5,1689.0,1320,1374,1837,2004,0.82387733
1073,/Volumes/SmithL0/2026/BIOL470/Final/Learning_Rig/bee_0408_1_fwd/cam1_2026-04-08_16-20-55.mp4,1578.0,1689.5,1321,1375,1835,2004,0.82038456
1074,/Volumes/SmithL0/2026/BIOL470/Final/Learning_Rig/bee_0408_1_fwd/cam1_2026-04-08_16-20-55.mp4,1578.0,1689.5,1321,1374,1835,2005,0.82131964
1075,/Volumes/SmithL0/2026/BIOL470/Final/Learning_Rig/bee_0408_1_fwd/cam1_2026-04-08_16-20-55.mp4,1577.5,1690.0,1321,1374,1834,2006,0.82050943
1076,/Volumes/SmithL0/2026/BIOL470/Final/Learning_Rig/bee_0408_1_fwd/cam1_2026-04-08_16-20-55.mp4,1579.0,1689.0,1320,1372,1838,2006,0.81310743
1077,/Volumes/SmithL0/2026/BIOL470/Final/Learning_Rig/bee_0408_1_fwd/cam1_2026-04-08_16-20-55.mp4,1578.0,1690.5,1321,1375,1835,2006,0.8149106
1078,/Volumes/SmithL0/2026/BIOL470/Final/Learning_Rig/bee_0408_1_fwd/cam1_2026-04-08_16-20-55.mp4,1579.5,1688.5,1320,1372,1839,2005,0.8125377
1079,/Volumes/SmithL0/2026/BIOL470/Final/Learning_Rig/bee_0408_1_fwd/cam1_2026-04-08_16-20-55.mp4,1577.5,1690.0,1320,1374,1835,2006,0.8149937
1080,/Volumes/SmithL0/2026/BIOL470/Final/Learning_Rig/bee_0408_1_fwd/cam1_2026-04-08_16-20-55.mp4,1581.0,1689.0,1320,1371,1842,2007,0.8106749
1081,/Volumes/SmithL0/2026/BIOL470/Final/Learning_Rig/bee_0408_1_fwd/cam1_2026-04-08_16-20-55.mp4,1579.0,1690.0,1321,1373,1837,2007,0.8149892
1082,/Volumes/SmithL0/2026/BIOL470/Final/Learning_Rig/bee_0408_1_fwd/cam1_2026-04-08_16-20-55.mp4,1580.5,1689.0,1320,1371,1841,2007,0.81135255
1083,/Volumes/SmithL0/2026/BIOL470/Final/Learning_Rig/bee_0408_1_fwd/cam1_2026-04-08_16-20-55.mp4,1580.0,1690.0,1320,1372,1840,2008,0.8120711
1084,/Volumes/SmithL0/2026/BIOL470/Final/Learning_Rig/bee_0408_1_fwd/cam1_2026-04-08_16-20-55.mp4,1577.5,1690.5,1321,1374,1834,2007,0.8130429
1085,/Volumes/SmithL0/2026/BIOL470/Final/Learning_Rig/bee_0408_1_fwd/cam1_2026-04-08_16-20-55.mp4,1577.5,1689.5,1321,1374,1834,2005,0.81237334
1086,/Volumes/SmithL0/2026/BIOL470/Final/Learning_Rig/bee_0408_1_fwd/cam1_2026-04-08_16-20-55.mp4,1579.5,1689.0,1321,1372,1838,2006,0.8084115
1087,/Volumes/SmithL0/2026/BIOL470/Final/Learning_Rig/bee_0408_1_fwd/cam1_2026-04-08_16-20-55.mp4,1576.5,1690.5,1320,1375,1833,2006,0.8101785
1088,/Volumes/SmithL0/2026/BIOL470/Final/Learning_Rig/bee_0408_1_fwd/cam1_2026-04-08_16-20-55.mp4,1577.0,1691.5,1320,1375,1834,2008,0.81294054
1089,/Volumes/SmithL0/2026/BIOL470/Final/Learning_Rig/bee_0408_1_fwd/cam1_2026-04-08_16-20-55.mp4,1576.0,1691.0,1320,1375,1832,2007,0.81885153
1090,/Volumes/SmithL0/2026/BIOL470/Final/Learning_Rig/bee_0408_1_fwd/cam1_2026-04-08_16-20-55.mp4,1576.5,1690.5,1320,1375,1833,2006,0.8149153
1091,/Volumes/SmithL0/2026/BIOL470/Final/Learning_Rig/bee_0408_1_fwd/cam1_2026-04-08_16-20-55.mp4,1578.0,1691.0,1319,1375,1837,2007,0.82176626
1092,/Volumes/SmithL0/2026/BIOL470/Final/Learning_Rig/bee_0408_1_fwd/cam1_2026-04-08_16-20-55.mp4,1579.0,1691.5,1320,1375,1838,2008,0.8207098
1093,/Volumes/SmithL0/2026/BIOL470/Final/Learning_Rig/bee_0408_1_fwd/cam1_2026-04-08_16-20-55.mp4,1578.5,1691.5,1319,1375,1838,2008,0.8198735
1094,/Volumes/SmithL0/2026/BIOL470/Final/Learning_Rig/bee_0408_1_fwd/cam1_2026-04-08_16-20-55.mp4,1578.0,1691.5,1319,1375,1837,2008,0.82138205
1095,/Volumes/SmithL0/2026/BIOL470/Final/Learning_Rig/bee_0408_1_fwd/cam1_2026-04-08_16-20-55.mp4,1579.0,1692.0,1320,1375,1838,2009,0.8212082
1096,/Volumes/SmithL0/2026/BIOL470/Final/Learning_Rig/bee_0408_1_fwd/cam1_2026-04-08_16-20-55.mp4,1578.0,1691.5,1319,1375,1837,2008,0.8211362
1097,/Volumes/SmithL0/2026/BIOL470/Final/Learning_Rig/bee_0408_1_fwd/cam1_2026-04-08_16-20-55.mp4,1578.0,1691.0,1319,1375,1837,2007,0.81965464
1098,/Volumes/SmithL0/2026/BIOL470/Final/Learning_Rig/bee_0408_1_fwd/cam1_2026-04-08_16-20-55.mp4,1578.0,1691.0,1319,1375,1837,2007,0.82312155
1099,/Volumes/SmithL0/2026/BIOL470/Final/Learning_Rig/bee_0408_1_fwd/cam1_2026-04-08_16-20-55.mp4,1577.5,1691.0,1319,1375,1836,2007,0.8176229
1100,/Volumes/SmithL0/2026/BIOL470/Final/Learning_Rig/bee_0408_1_fwd/cam1_2026-04-08_16-20-55.mp4,1577.0,1690.5,1318,1374,1836,2007,0.8276881
1101,/Volumes/SmithL0/2026/BIOL470/Final/Learning_Rig/bee_0408_1_fwd/cam1_2026-04-08_16-20-55.mp4,1578.0,1691.5,1320,1375,1836,2008,0.8203021
1102,/Volumes/SmithL0/2026/BIOL470/Final/Learning_Rig/bee_0408_1_fwd/cam1_2026-04-08_16-20-55.mp4,1577.5,1691.5,1319,1375,1836,2008,0.81848216
1103,/Volumes/SmithL0/2026/BIOL470/Final/Learning_Rig/bee_0408_1_fwd/cam1_2026-04-08_16-20-55.mp4,1577.0,1691.5,1319,1375,1835,2008,0.82151765
1104,/Volumes/SmithL0/2026/BIOL470/Final/Learning_Rig/bee_0408_1_fwd/cam1_2026-04-08_16-20-55.mp4,1576.5,1690.5,1319,1375,1834,2006,0.8193355
1105,/Volumes/SmithL0/2026/BIOL470/Final/Learning_Rig/bee_0408_1_fwd/cam1_2026-04-08_16-20-55.mp4,1576.5,1690.5,1319,1375,1834,2006,0.81602526
1106,/Volumes/SmithL0/2026/BIOL470/Final/Learning_Rig/bee_0408_1_fwd/cam1_2026-04-08_16-20-55.mp4,1577.0,1690.5,1320,1375,1834,2006,0.8143394
1107,/Volumes/SmithL0/2026/BIOL470/Final/Learning_Rig/bee_0408_1_fwd/cam1_2026-04-08_16-20-55.mp4,1576.0,1691.5,1319,1375,1833,2008,0.8189498
1108,/Volumes/SmithL0/2026/BIOL470/Final/Learning_Rig/bee_0408_1_fwd/cam1_2026-04-08_16-20-55.mp4,1577.5,1691.0,1320,1375,1835,2007,0.82112724
1109,/Volumes/SmithL0/2026/BIOL470/Final/Learning_Rig/bee_0408_1_fwd/cam1_2026-04-08_16-20-55.mp4,1576.5,1692.0,1319,1376,1834,2008,0.8220895
1110,/Volumes/SmithL0/2026/BIOL470/Final/Learning_Rig/bee_0408_1_fwd/cam1_2026-04-08_16-20-55.mp4,1577.0,1692.0,1319,1375,1835,2009,0.82055986
1111,/Volumes/SmithL0/2026/BIOL470/Final/Learning_Rig/bee_0408_1_fwd/cam1_2026-04-08_16-20-55.mp4,1577.5,1691.5,1319,1375,1836,2008,0.81891036
1112,/Volumes/SmithL0/2026/BIOL470/Final/Learning_Rig/bee_0408_1_fwd/cam1_2026-04-08_16-20-55.mp4,1577.5,1691.5,1320,1375,1835,2008,0.81841034
1113,/Volumes/SmithL0/2026/BIOL470/Final/Learning_Rig/bee_0408_1_fwd/cam1_2026-04-08_16-20-55.mp4,1577.5,1691.5,1318,1375,1837,2008,0.82496655
1114,/Volumes/SmithL0/2026/BIOL470/Final/Learning_Rig/bee_0408_1_fwd/cam1_2026-04-08_16-20-55.mp4,1577.5,1690.5,1319,1375,1836,2006,0.8231105
1115,/Volumes/SmithL0/2026/BIOL470/Final/Learning_Rig/bee_0408_1_fwd/cam1_2026-04-08_16-20-55.mp4,1578.0,1691.0,1319,1375,1837,2007,0.82216316
1116,/Volumes/SmithL0/2026/BIOL470/Final/Learning_Rig/bee_0408_1_fwd/cam1_2026-04-08_16-20-55.mp4,1578.0,1691.0,1320,1375,1836,2007,0.8164529
1117,/Volumes/SmithL0/2026/BIOL470/Final/Learning_Rig/bee_0408_1_fwd/cam1_2026-04-08_16-20-55.mp4,1578.5,1692.0,1320,1376,1837,2008,0.81766677
1118,/Volumes/SmithL0/2026/BIOL470/Final/Learning_Rig/bee_0408_1_fwd/cam1_2026-04-08_16-20-55.mp4,1579.0,1692.0,1321,1375,1837,2009,0.8181599
1119,/Volumes/SmithL0/2026/BIOL470/Final/Learning_Rig/bee_0408_1_fwd/cam1_2026-04-08_16-20-55.mp4,1579.0,1691.5,1320,1375,1838,2008,0.81833845
1120,/Volumes/SmithL0/2026/BIOL470/Final/Learning_Rig/bee_0408_1_fwd/cam1_2026-04-08_16-20-55.mp4,1580.0,1690.0,1320,1372,1840,2008,0.8117418
1121,/Volumes/SmithL0/2026/BIOL470/Final/Learning_Rig/bee_0408_1_fwd/cam1_2026-04-08_16-20-55.mp4,1577.5,1691.5,1320,1374,1835,2009,0.81591564
1122,/Volumes/SmithL0/2026/BIOL470/Final/Learning_Rig/bee_0408_1_fwd/cam1_2026-04-08_16-20-55.mp4,1577.5,1691.0,1319,1373,1836,2009,0.82263577
1123,/Volumes/SmithL0/2026/BIOL470/Final/Learning_Rig/bee_0408_1_fwd/cam1_2026-04-08_16-20-55.mp4,1577.0,1691.0,1319,1373,1835,2009,0.8243173
1124,/Volumes/SmithL0/2026/BIOL470/Final/Learning_Rig/bee_0408_1_fwd/cam1_2026-04-08_16-20-55.mp4,1577.5,1690.5,1320,1373,1835,2008,0.8235514
1125,/Volumes/SmithL0/2026/BIOL470/Final/Learning_Rig/bee_0408_1_fwd/cam1_2026-04-08_16-20-55.mp4,1578.0,1690.5,1320,1373,1836,2008,0.8226328
1126,/Volumes/SmithL0/2026/BIOL470/Final/Learning_Rig/bee_0408_1_fwd/cam1_2026-04-08_16-20-55.mp4,1575.0,1691.5,1320,1373,1830,2010,0.81565446
1127,/Volumes/SmithL0/2026/BIOL470/Final/Learning_Rig/bee_0408_1_fwd/cam1_2026-04-08_16-20-55.mp4,1575.5,1692.0,1319,1373,1832,2011,0.8188361
1128,/Volumes/SmithL0/2026/BIOL470/Final/Learning_Rig/bee_0408_1_fwd/cam1_2026-04-08_16-20-55.mp4,1575.5,1692.0,1319,1373,1832,2011,0.8154364
1129,/Volumes/SmithL0/2026/BIOL470/Final/Learning_Rig/bee_0408_1_fwd/cam1_2026-04-08_16-20-55.mp4,1575.0,1691.5,1318,1373,1832,2010,0.8238119
1130,/Volumes/SmithL0/2026/BIOL470/Final/Learning_Rig/bee_0408_1_fwd/cam1_2026-04-08_16-20-55.mp4,1575.5,1691.0,1319,1373,1832,2009,0.82035065
1131,/Volumes/SmithL0/2026/BIOL470/Final/Learning_Rig/bee_0408_1_fwd/cam1_2026-04-08_16-20-55.mp4,1575.5,1690.0,1319,1373,1832,2007,0.8209021
1132,/Volumes/SmithL0/2026/BIOL470/Final/Learning_Rig/bee_0408_1_fwd/cam1_2026-04-08_16-20-55.mp4,1577.0,1691.0,1320,1373,1834,2009,0.81876856
1133,/Volumes/SmithL0/2026/BIOL470/Final/Learning_Rig/bee_0408_1_fwd/cam1_2026-04-08_16-20-55.mp4,1577.0,1691.0,1320,1373,1834,2009,0.8224695
1134,/Volumes/SmithL0/2026/BIOL470/Final/Learning_Rig/bee_0408_1_fwd/cam1_2026-04-08_16-20-55.mp4,1577.0,1691.0,1320,1373,1834,2009,0.8160957
1135,/Volumes/SmithL0/2026/BIOL470/Final/Learning_Rig/bee_0408_1_fwd/cam1_2026-04-08_16-20-55.mp4,1577.5,1690.5,1320,1373,1835,2008,0.81825095
1136,/Volumes/SmithL0/2026/BIOL470/Final/Learning_Rig/bee_0408_1_fwd/cam1_2026-04-08_16-20-55.mp4,1577.0,1691.0,1320,1373,1834,2009,0.8197128
1137,/Volumes/SmithL0/2026/BIOL470/Final/Learning_Rig/bee_0408_1_fwd/cam1_2026-04-08_16-20-55.mp4,1576.0,1691.5,1319,1373,1833,2010,0.81931895
1138,/Volumes/SmithL0/2026/BIOL470/Final/Learning_Rig/bee_0408_1_fwd/cam1_2026-04-08_16-20-55.mp4,1576.5,1691.0,1320,1373,1833,2009,0.81509334
1139,/Volumes/SmithL0/2026/BIOL470/Final/Learning_Rig/bee_0408_1_fwd/cam1_2026-04-08_16-20-55.mp4,1577.0,1691.5,1319,1373,1835,2010,0.81899655
1140,/Volumes/SmithL0/2026/BIOL470/Final/Learning_Rig/bee_0408_1_fwd/cam1_2026-04-08_16-20-55.mp4,1576.5,1691.0,1320,1372,1833,2010,0.8165636
1141,/Volumes/SmithL0/2026/BIOL470/Final/Learning_Rig/bee_0408_1_fwd/cam1_2026-04-08_16-20-55.mp4,1576.5,1691.0,1320,1373,1833,2009,0.8121813
1142,/Volumes/SmithL0/2026/BIOL470/Final/Learning_Rig/bee_0408_1_fwd/cam1_2026-04-08_16-20-55.mp4,1576.5,1691.5,1319,1373,1834,2010,0.8110115
1143,/Volumes/SmithL0/2026/BIOL470/Final/Learning_Rig/bee_0408_1_fwd/cam1_2026-04-08_16-20-55.mp4,1579.0,1690.0,1319,1371,1839,2009,0.8067293
1144,/Volumes/SmithL0/2026/BIOL470/Final/Learning_Rig/bee_0408_1_fwd/cam1_2026-04-08_16-20-55.mp4,1579.0,1690.0,1319,1371,1839,2009,0.8073156
1145,/Volumes/SmithL0/2026/BIOL470/Final/Learning_Rig/bee_0408_1_fwd/cam1_2026-04-08_16-20-55.mp4,1578.5,1689.5,1319,1371,1838,2008,0.80655354
1146,/Volumes/SmithL0/2026/BIOL470/Final/Learning_Rig/bee_0408_1_fwd/cam1_2026-04-08_16-20-55.mp4,1579.0,1690.5,1318,1371,1840,2010,0.80898577
1147,/Volumes/SmithL0/2026/BIOL470/Final/Learning_Rig/bee_0408_1_fwd/cam1_2026-04-08_16-20-55.mp4,1580.0,1690.0,1319,1371,1841,2009,0.8110453
1148,/Volumes/SmithL0/2026/BIOL470/Final/Learning_Rig/bee_0408_1_fwd/cam1_2026-04-08_16-20-55.mp4,1577.0,1691.0,1319,1373,1835,2009,0.81500703
1149,/Volumes/SmithL0/2026/BIOL470/Final/Learning_Rig/bee_0408_1_fwd/cam1_2026-04-08_16-20-55.mp4,1575.5,1690.5,1317,1374,1834,2007,0.8266156
1150,/Volumes/SmithL0/2026/BIOL470/Final/Learning_Rig/bee_0408_1_fwd/cam1_2026-04-08_16-20-55.mp4,1575.0,1691.0,1317,1374,1833,2008,0.8294646
1151,/Volumes/SmithL0/2026/BIOL470/Final/Learning_Rig/bee_0408_1_fwd/cam1_2026-04-08_16-20-55.mp4,1575.5,1691.5,1317,1374,1834,2009,0.8202165
1152,/Volumes/SmithL0/2026/BIOL470/Final/Learning_Rig/bee_0408_1_fwd/cam1_2026-04-08_16-20-55.mp4,1574.5,1691.5,1317,1374,1832,2009,0.82117456
1153,/Volumes/SmithL0/2026/BIOL470/Final/Learning_Rig/bee_0408_1_fwd/cam1_2026-04-08_16-20-55.mp4,1576.0,1691.0,1319,1373,1833,2009,0.81370896
1154,/Volumes/SmithL0/2026/BIOL470/Final/Learning_Rig/bee_0408_1_fwd/cam1_2026-04-08_16-20-55.mp4,1577.5,1691.0,1320,1373,1835,2009,0.8165754
1155,/Volumes/SmithL0/2026/BIOL470/Final/Learning_Rig/bee_0408_1_fwd/cam1_2026-04-08_16-20-55.mp4,1575.5,1690.5,1319,1373,1832,2008,0.81499994
1156,/Volumes/SmithL0/2026/BIOL470/Final/Learning_Rig/bee_0408_1_fwd/cam1_2026-04-08_16-20-55.mp4,1576.5,1689.5,1318,1373,1835,2006,0.813624
1157,/Volumes/SmithL0/2026/BIOL470/Final/Learning_Rig/bee_0408_1_fwd/cam1_2026-04-08_16-20-55.mp4,1576.5,1690.0,1319,1373,1834,2007,0.81487197
1158,/Volumes/SmithL0/2026/BIOL470/Final/Learning_Rig/bee_0408_1_fwd/cam1_2026-04-08_16-20-55.mp4,1577.0,1690.5,1319,1372,1835,2009,0.8162195
1159,/Volumes/SmithL0/2026/BIOL470/Final/Learning_Rig/bee_0408_1_fwd/cam1_2026-04-08_16-20-55.mp4,1577.0,1690.0,1320,1372,1834,2008,0.8136906
1160,/Volumes/SmithL0/2026/BIOL470/Final/Learning_Rig/bee_0408_1_fwd/cam1_2026-04-08_16-20-55.mp4,1576.5,1689.5,1318,1372,1835,2007,0.8202009
1161,/Volumes/SmithL0/2026/BIOL470/Final/Learning_Rig/bee_0408_1_fwd/cam1_2026-04-08_16-20-55.mp4,1577.5,1690.0,1318,1373,1837,2007,0.8196273
1162,/Volumes/SmithL0/2026/BIOL470/Final/Learning_Rig/bee_0408_1_fwd/cam1_2026-04-08_16-20-55.mp4,1576.5,1690.0,1318,1373,1835,2007,0.8271725
1163,/Volumes/SmithL0/2026/BIOL470/Final/Learning_Rig/bee_0408_1_fwd/cam1_2026-04-08_16-20-55.mp4,1576.0,1691.0,1319,1374,1833,2008,0.82298183
1164,/Volumes/SmithL0/2026/BIOL470/Final/Learning_Rig/bee_0408_1_fwd/cam1_2026-04-08_16-20-55.mp4,1576.5,1691.0,1319,1374,1834,2008,0.8232596
1165,/Volumes/SmithL0/2026/BIOL470/Final/Learning_Rig/bee_0408_1_fwd/cam1_2026-04-08_16-20-55.mp4,1576.0,1691.5,1319,1374,1833,2009,0.8193736
1166,/Volumes/SmithL0/2026/BIOL470/Final/Learning_Rig/bee_0408_1_fwd/cam1_2026-04-08_16-20-55.mp4,1577.5,1691.5,1320,1374,1835,2009,0.8122601
1167,/Volumes/SmithL0/2026/BIOL470/Final/Learning_Rig/bee_0408_1_fwd/cam1_2026-04-08_16-20-55.mp4,1576.5,1691.0,1320,1374,1833,2008,0.8161845
1168,/Volumes/SmithL0/2026/BIOL470/Final/Learning_Rig/bee_0408_1_fwd/cam1_2026-04-08_16-20-55.mp4,1576.5,1692.0,1320,1374,1833,2010,0.8132654
1169,/Volumes/SmithL0/2026/BIOL470/Final/Learning_Rig/bee_0408_1_fwd/cam1_2026-04-08_16-20-55.mp4,1576.0,1692.0,1319,1374,1833,2010,0.8202177
1170,/Volumes/SmithL0/2026/BIOL470/Final/Learning_Rig/bee_0408_1_fwd/cam1_2026-04-08_16-20-55.mp4,1576.0,1692.5,1320,1375,1832,2010,0.8134663
1171,/Volumes/SmithL0/2026/BIOL470/Final/Learning_Rig/bee_0408_1_fwd/cam1_2026-04-08_16-20-55.mp4,1575.0,1691.5,1318,1374,1832,2009,0.81877595
1172,/Volumes/SmithL0/2026/BIOL470/Final/Learning_Rig/bee_0408_1_fwd/cam1_2026-04-08_16-20-55.mp4,1575.5,1691.0,1319,1373,1832,2009,0.8139947
1173,/Volumes/SmithL0/2026/BIOL470/Final/Learning_Rig/bee_0408_1_fwd/cam1_2026-04-08_16-20-55.mp4,1575.5,1691.5,1318,1374,1833,2009,0.814776
1174,/Volumes/SmithL0/2026/BIOL470/Final/Learning_Rig/bee_0408_1_fwd/cam1_2026-04-08_16-20-55.mp4,1576.0,1692.0,1319,1374,1833,2010,0.813728
1175,/Volumes/SmithL0/2026/BIOL470/Final/Learning_Rig/bee_0408_1_fwd/cam1_2026-04-08_16-20-55.mp4,1575.0,1692.0,1318,1374,1832,2010,0.81734955
1176,/Volumes/SmithL0/2026/BIOL470/Final/Learning_Rig/bee_0408_1_fwd/cam1_2026-04-08_16-20-55.mp4,1575.5,1692.0,1318,1374,1833,2010,0.81832373
1177,/Volumes/SmithL0/2026/BIOL470/Final/Learning_Rig/bee_0408_1_fwd/cam1_2026-04-08_16-20-55.mp4,1575.5,1692.0,1319,1375,1832,2009,0.820207
1178,/Volumes/SmithL0/2026/BIOL470/Final/Learning_Rig/bee_0408_1_fwd/cam1_2026-04-08_16-20-55.mp4,1575.5,1691.0,1318,1375,1833,2007,0.8185294
1179,/Volumes/SmithL0/2026/BIOL470/Final/Learning_Rig/bee_0408_1_fwd/cam1_2026-04-08_16-20-55.mp4,1576.5,1690.5,1320,1374,1833,2007,0.8141554
1180,/Volumes/SmithL0/2026/BIOL470/Final/Learning_Rig/bee_0408_1_fwd/cam1_2026-04-08_16-20-55.mp4,1577.5,1690.5,1319,1374,1836,2007,0.81750154
1181,/Volumes/SmithL0/2026/BIOL470/Final/Learning_Rig/bee_0408_1_fwd/cam1_2026-04-08_16-20-55.mp4,1576.0,1690.0,1319,1374,1833,2006,0.8117386
1182,/Volumes/SmithL0/2026/BIOL470/Final/Learning_Rig/bee_0408_1_fwd/cam1_2026-04-08_16-20-55.mp4,1579.5,1689.0,1320,1372,1839,2006,0.8096076
1183,/Volumes/SmithL0/2026/BIOL470/Final/Learning_Rig/bee_0408_1_fwd/cam1_2026-04-08_16-20-55.mp4,1578.0,1689.5,1319,1372,1837,2007,0.81072897
1184,/Volumes/SmithL0/2026/BIOL470/Final/Learning_Rig/bee_0408_1_fwd/cam1_2026-04-08_16-20-55.mp4,1575.5,1691.0,1319,1374,1832,2008,0.81078225
1185,/Volumes/SmithL0/2026/BIOL470/Final/Learning_Rig/bee_0408_1_fwd/cam1_2026-04-08_16-20-55.mp4,1575.5,1691.0,1319,1375,1832,2007,0.81424016
1186,/Volumes/SmithL0/2026/BIOL470/Final/Learning_Rig/bee_0408_1_fwd/cam1_2026-04-08_16-20-55.mp4,1578.5,1691.0,1319,1372,1838,2010,0.8115524
1187,/Volumes/SmithL0/2026/BIOL470/Final/Learning_Rig/bee_0408_1_fwd/cam1_2026-04-08_16-20-55.mp4,1578.5,1691.0,1319,1372,1838,2010,0.81046253
1188,/Volumes/SmithL0/2026/BIOL470/Final/Learning_Rig/bee_0408_1_fwd/cam1_2026-04-08_16-20-55.mp4,1575.5,1692.0,1318,1375,1833,2009,0.8142059
1189,/Volumes/SmithL0/2026/BIOL470/Final/Learning_Rig/bee_0408_1_fwd/cam1_2026-04-08_16-20-55.mp4,1575.0,1691.5,1317,1375,1833,2008,0.8210326
1190,/Volumes/SmithL0/2026/BIOL470/Final/Learning_Rig/bee_0408_1_fwd/cam1_2026-04-08_16-20-55.mp4,1574.5,1691.5,1318,1374,1831,2009,0.82153744
1191,/Volumes/SmithL0/2026/BIOL470/Final/Learning_Rig/bee_0408_1_fwd/cam1_2026-04-08_16-20-55.mp4,1576.0,1691.0,1318,1374,1834,2008,0.81933266
1192,/Volumes/SmithL0/2026/BIOL470/Final/Learning_Rig/bee_0408_1_fwd/cam1_2026-04-08_16-20-55.mp4,1575.0,1690.0,1318,1374,1832,2006,0.81866354
1193,/Volumes/SmithL0/2026/BIOL470/Final/Learning_Rig/bee_0408_1_fwd/cam1_2026-04-08_16-20-55.mp4,1574.5,1690.0,1318,1374,1831,2006,0.8209201
1194,/Volumes/SmithL0/2026/BIOL470/Final/Learning_Rig/bee_0408_1_fwd/cam1_2026-04-08_16-20-55.mp4,1575.0,1690.0,1318,1374,1832,2006,0.82417953
1195,/Volumes/SmithL0/2026/BIOL470/Final/Learning_Rig/bee_0408_1_fwd/cam1_2026-04-08_16-20-55.mp4,1574.0,1690.5,1317,1374,1831,2007,0.8190231
1196,/Volumes/SmithL0/2026/BIOL470/Final/Learning_Rig/bee_0408_1_fwd/cam1_2026-04-08_16-20-55.mp4,1575.5,1690.5,1319,1374,1832,2007,0.81373453
1197,/Volumes/SmithL0/2026/BIOL470/Final/Learning_Rig/bee_0408_1_fwd/cam1_2026-04-08_16-20-55.mp4,1575.0,1690.0,1317,1373,1833,2007,0.8242253
1198,/Volumes/SmithL0/2026/BIOL470/Final/Learning_Rig/bee_0408_1_fwd/cam1_2026-04-08_16-20-55.mp4,1575.0,1691.0,1318,1374,1832,2008,0.818676
1199,/Volumes/SmithL0/2026/BIOL470/Final/Learning_Rig/bee_0408_1_fwd/cam1_2026-04-08_16-20-55.mp4,1574.5,1691.0,1317,1375,1832,2007,0.8280432
1200,/Volumes/SmithL0/2026/BIOL470/Final/Learning_Rig/bee_0408_1_fwd/cam1_2026-04-08_16-20-55.mp4,1575.5,1690.0,1319,1372,1832,2008,0.81932193
1201,/Volumes/SmithL0/2026/BIOL470/Final/Learning_Rig/bee_0408_1_fwd/cam1_2026-04-08_16-20-55.mp4,1575.5,1691.5,1318,1374,1833,2009,0.81769
1202,/Volumes/SmithL0/2026/BIOL470/Final/Learning_Rig/bee_0408_1_fwd/cam1_2026-04-08_16-20-55.mp4,1576.0,1690.5,1318,1373,1834,2008,0.82154644
1203,/Volumes/SmithL0/2026/BIOL470/Final/Learning_Rig/bee_0408_1_fwd/cam1_2026-04-08_16-20-55.mp4,1576.5,1691.0,1318,1373,1835,2009,0.8205661
1204,/Volumes/SmithL0/2026/BIOL470/Final/Learning_Rig/bee_0408_1_fwd/cam1_2026-04-08_16-20-55.mp4,1575.5,1691.5,1318,1374,1833,2009,0.82103676
1205,/Volumes/SmithL0/2026/BIOL470/Final/Learning_Rig/bee_0408_1_fwd/cam1_2026-04-08_16-20-55.mp4,1576.0,1691.5,1319,1374,1833,2009,0.8146548
1206,/Volumes/SmithL0/2026/BIOL470/Final/Learning_Rig/bee_0408_1_fwd/cam1_2026-04-08_16-20-55.mp4,1575.5,1691.0,1318,1374,1833,2008,0.82037586
1207,/Volumes/SmithL0/2026/BIOL470/Final/Learning_Rig/bee_0408_1_fwd/cam1_2026-04-08_16-20-55.mp4,1575.5,1691.0,1318,1373,1833,2009,0.8205012
1208,/Volumes/SmithL0/2026/BIOL470/Final/Learning_Rig/bee_0408_1_fwd/cam1_2026-04-08_16-20-55.mp4,1575.5,1691.0,1318,1373,1833,2009,0.82508916
1209,/Volumes/SmithL0/2026/BIOL470/Final/Learning_Rig/bee_0408_1_fwd/cam1_2026-04-08_16-20-55.mp4,1575.5,1692.0,1319,1374,1832,2010,0.8195296
1210,/Volumes/SmithL0/2026/BIOL470/Final/Learning_Rig/bee_0408_1_fwd/cam1_2026-04-08_16-20-55.mp4,1578.0,1690.5,1320,1372,1836,2009,0.81387687
1211,/Volumes/SmithL0/2026/BIOL470/Final/Learning_Rig/bee_0408_1_fwd/cam1_2026-04-08_16-20-55.mp4,1575.5,1692.0,1319,1374,1832,2010,0.81437296
1212,/Volumes/SmithL0/2026/BIOL470/Final/Learning_Rig/bee_0408_1_fwd/cam1_2026-04-08_16-20-55.mp4,1576.5,1692.0,1318,1374,1835,2010,0.81996393
1213,/Volumes/SmithL0/2026/BIOL470/Final/Learning_Rig/bee_0408_1_fwd/cam1_2026-04-08_16-20-55.mp4,1576.0,1691.5,1319,1374,1833,2009,0.8180871
1214,/Volumes/SmithL0/2026/BIOL470/Final/Learning_Rig/bee_0408_1_fwd/cam1_2026-04-08_16-20-55.mp4,1576.0,1691.5,1318,1374,1834,2009,0.8188828
1215,/Volumes/SmithL0/2026/BIOL470/Final/Learning_Rig/bee_0408_1_fwd/cam1_2026-04-08_16-20-55.mp4,1576.0,1692.5,1318,1374,1834,2011,0.8150592
1216,/Volumes/SmithL0/2026/BIOL470/Final/Learning_Rig/bee_0408_1_fwd/cam1_2026-04-08_16-20-55.mp4,1579.0,1690.5,1318,1371,1840,2010,0.81490576
1217,/Volumes/SmithL0/2026/BIOL470/Final/Learning_Rig/bee_0408_1_fwd/cam1_2026-04-08_16-20-55.mp4,1576.5,1691.0,1318,1373,1835,2009,0.81736845
1218,/Volumes/SmithL0/2026/BIOL470/Final/Learning_Rig/bee_0408_1_fwd/cam1_2026-04-08_16-20-55.mp4,1575.5,1691.0,1318,1373,1833,2009,0.8183099
1219,/Volumes/SmithL0/2026/BIOL470/Final/Learning_Rig/bee_0408_1_fwd/cam1_2026-04-08_16-20-55.mp4,1575.0,1690.0,1318,1373,1832,2007,0.820371
1220,/Volumes/SmithL0/2026/BIOL470/Final/Learning_Rig/bee_0408_1_fwd/cam1_2026-04-08_16-20-55.mp4,1577.5,1690.5,1318,1371,1837,2010,0.8149238
1221,/Volumes/SmithL0/2026/BIOL470/Final/Learning_Rig/bee_0408_1_fwd/cam1_2026-04-08_16-20-55.mp4,1579.0,1690.0,1319,1371,1839,2009,0.814405
1222,/Volumes/SmithL0/2026/BIOL470/Final/Learning_Rig/bee_0408_1_fwd/cam1_2026-04-08_16-20-55.mp4,1579.5,1690.0,1319,1371,1840,2009,0.81410676
1223,/Volumes/SmithL0/2026/BIOL470/Final/Learning_Rig/bee_0408_1_fwd/cam1_2026-04-08_16-20-55.mp4,1579.5,1690.5,1320,1371,1839,2010,0.8135274
1224,/Volumes/SmithL0/2026/BIOL470/Final/Learning_Rig/bee_0408_1_fwd/cam1_2026-04-08_16-20-55.mp4,1578.5,1691.5,1319,1372,1838,2011,0.81274825
1225,/Volumes/SmithL0/2026/BIOL470/Final/Learning_Rig/bee_0408_1_fwd/cam1_2026-04-08_16-20-55.mp4,1578.5,1691.0,1319,1372,1838,2010,0.8109523
1226,/Volumes/SmithL0/2026/BIOL470/Final/Learning_Rig/bee_0408_1_fwd/cam1_2026-04-08_16-20-55.mp4,1577.5,1691.0,1319,1371,1836,2011,0.8080867
1227,/Volumes/SmithL0/2026/BIOL470/Final/Learning_Rig/bee_0408_1_fwd/cam1_2026-04-08_16-20-55.mp4,1577.5,1691.5,1319,1371,1836,2012,0.8110213
1228,/Volumes/SmithL0/2026/BIOL470/Final/Learning_Rig/bee_0408_1_fwd/cam1_2026-04-08_16-20-55.mp4,1575.5,1693.0,1318,1373,1833,2013,0.8173382
1229,/Volumes/SmithL0/2026/BIOL470/Final/Learning_Rig/bee_0408_1_fwd/cam1_2026-04-08_16-20-55.mp4,1575.0,1692.5,1317,1373,1833,2012,0.81955653
1230,/Volumes/SmithL0/2026/BIOL470/Final/Learning_Rig/bee_0408_1_fwd/cam1_2026-04-08_16-20-55.mp4,1579.0,1692.0,1318,1372,1840,2012,0.81346947
1231,/Volumes/SmithL0/2026/BIOL470/Final/Learning_Rig/bee_0408_1_fwd/cam1_2026-04-08_16-20-55.mp4,1575.5,1693.0,1316,1374,1835,2012,0.82094586
1232,/Volumes/SmithL0/2026/BIOL470/Final/Learning_Rig/bee_0408_1_fwd/cam1_2026-04-08_16-20-55.mp4,1577.5,1691.5,1318,1372,1837,2011,0.8072078
1233,/Volumes/SmithL0/2026/BIOL470/Final/Learning_Rig/bee_0408_1_fwd/cam1_2026-04-08_16-20-55.mp4,1578.0,1691.5,1318,1372,1838,2011,0.8108088
1234,/Volumes/SmithL0/2026/BIOL470/Final/Learning_Rig/bee_0408_1_fwd/cam1_2026-04-08_16-20-55.mp4,1575.0,1692.0,1317,1374,1833,2010,0.8134933
1235,/Volumes/SmithL0/2026/BIOL470/Final/Learning_Rig/bee_0408_1_fwd/cam1_2026-04-08_16-20-55.mp4,1575.5,1693.0,1317,1375,1834,2011,0.81886685
1236,/Volumes/SmithL0/2026/BIOL470/Final/Learning_Rig/bee_0408_1_fwd/cam1_2026-04-08_16-20-55.mp4,1575.5,1691.5,1318,1374,1833,2009,0.8166802
1237,/Volumes/SmithL0/2026/BIOL470/Final/Learning_Rig/bee_0408_1_fwd/cam1_2026-04-08_16-20-55.mp4,1576.5,1692.0,1318,1374,1835,2010,0.81774825
1238,/Volumes/SmithL0/2026/BIOL470/Final/Learning_Rig/bee_0408_1_fwd/cam1_2026-04-08_16-20-55.mp4,1575.5,1691.5,1316,1374,1835,2009,0.82775503
1239,/Volumes/SmithL0/2026/BIOL470/Final/Learning_Rig/bee_0408_1_fwd/cam1_2026-04-08_16-20-55.mp4,1576.5,1692.0,1318,1375,1835,2009,0.8151502
1240,/Volumes/SmithL0/2026/BIOL470/Final/Learning_Rig/bee_0408_1_fwd/cam1_2026-04-08_16-20-55.mp4,1576.0,1692.5,1316,1374,1836,2011,0.8199098
1241,/Volumes/SmithL0/2026/BIOL470/Final/Learning_Rig/bee_0408_1_fwd/cam1_2026-04-08_16-20-55.mp4,1576.5,1692.5,1318,1374,1835,2011,0.81280214
1242,/Volumes/SmithL0/2026/BIOL470/Final/Learning_Rig/bee_0408_1_fwd/cam1_2026-04-08_16-20-55.mp4,1576.5,1692.0,1318,1373,1835,2011,0.81746036
1243,/Volumes/SmithL0/2026/BIOL470/Final/Learning_Rig/bee_0408_1_fwd/cam1_2026-04-08_16-20-55.mp4,1576.0,1692.0,1317,1373,1835,2011,0.81788486
1244,/Volumes/SmithL0/2026/BIOL470/Final/Learning_Rig/bee_0408_1_fwd/cam1_2026-04-08_16-20-55.mp4,1575.5,1692.0,1318,1374,1833,2010,0.8228047
1245,/Volumes/SmithL0/2026/BIOL470/Final/Learning_Rig/bee_0408_1_fwd/cam1_2026-04-08_16-20-55.mp4,1574.5,1692.0,1318,1374,1831,2010,0.821216
1246,/Volumes/SmithL0/2026/BIOL470/Final/Learning_Rig/bee_0408_1_fwd/cam1_2026-04-08_16-20-55.mp4,1573.5,1692.0,1318,1374,1829,2010,0.81972176
1247,/Volumes/SmithL0/2026/BIOL470/Final/Learning_Rig/bee_0408_1_fwd/cam1_2026-04-08_16-20-55.mp4,1575.0,1691.5,1318,1374,1832,2009,0.81726456
1248,/Volumes/SmithL0/2026/BIOL470/Final/Learning_Rig/bee_0408_1_fwd/cam1_2026-04-08_16-20-55.mp4,1578.5,1690.5,1319,1372,1838,2009,0.8137606
1249,/Volumes/SmithL0/2026/BIOL470/Final/Learning_Rig/bee_0408_1_fwd/cam1_2026-04-08_16-20-55.mp4,1579.0,1690.0,1319,1372,1839,2008,0.81164384
1250,/Volumes/SmithL0/2026/BIOL470/Final/Learning_Rig/bee_0408_1_fwd/cam1_2026-04-08_16-20-55.mp4,1578.0,1689.5,1319,1372,1837,2007,0.81132084
1251,/Volumes/SmithL0/2026/BIOL470/Final/Learning_Rig/bee_0408_1_fwd/cam1_2026-04-08_16-20-55.mp4,1575.5,1691.5,1318,1374,1833,2009,0.8146929
1252,/Volumes/SmithL0/2026/BIOL470/Final/Learning_Rig/bee_0408_1_fwd/cam1_2026-04-08_16-20-55.mp4,1574.5,1691.5,1317,1374,1832,2009,0.8200832
1253,/Volumes/SmithL0/2026/BIOL470/Final/Learning_Rig/bee_0408_1_fwd/cam1_2026-04-08_16-20-55.mp4,1573.5,1690.5,1317,1374,1830,2007,0.8222477
1254,/Volumes/SmithL0/2026/BIOL470/Final/Learning_Rig/bee_0408_1_fwd/cam1_2026-04-08_16-20-55.mp4,1575.0,1691.0,1318,1374,1832,2008,0.8204531
1255,/Volumes/SmithL0/2026/BIOL470/Final/Learning_Rig/bee_0408_1_fwd/cam1_2026-04-08_16-20-55.mp4,1574.0,1690.5,1317,1374,1831,2007,0.82376117
1256,/Volumes/SmithL0/2026/BIOL470/Final/Learning_Rig/bee_0408_1_fwd/cam1_2026-04-08_16-20-55.mp4,1574.5,1690.5,1317,1374,1832,2007,0.8229288
1257,/Volumes/SmithL0/2026/BIOL470/Final/Learning_Rig/bee_0408_1_fwd/cam1_2026-04-08_16-20-55.mp4,1575.0,1692.0,1318,1374,1832,2010,0.81672436
1258,/Volumes/SmithL0/2026/BIOL470/Final/Learning_Rig/bee_0408_1_fwd/cam1_2026-04-08_16-20-55.mp4,1577.5,1691.0,1318,1372,1837,2010,0.8137949
1259,/Volumes/SmithL0/2026/BIOL470/Final/Learning_Rig/bee_0408_1_fwd/cam1_2026-04-08_16-20-55.mp4,1574.5,1691.0,1317,1373,1832,2009,0.8157578
1260,/Volumes/SmithL0/2026/BIOL470/Final/Learning_Rig/bee_0408_1_fwd/cam1_2026-04-08_16-20-55.mp4,1574.5,1691.0,1317,1374,1832,2008,0.8160142
1261,/Volumes/SmithL0/2026/BIOL470/Final/Learning_Rig/bee_0408_1_fwd/cam1_2026-04-08_16-20-55.mp4,1574.5,1692.0,1317,1374,1832,2010,0.8149869
1262,/Volumes/SmithL0/2026/BIOL470/Final/Learning_Rig/bee_0408_1_fwd/cam1_2026-04-08_16-20-55.mp4,1574.5,1692.5,1317,1374,1832,2011,0.81724864
1263,/Volumes/SmithL0/2026/BIOL470/Final/Learning_Rig/bee_0408_1_fwd/cam1_2026-04-08_16-20-55.mp4,1574.5,1692.0,1317,1374,1832,2010,0.81255454
1264,/Volumes/SmithL0/2026/BIOL470/Final/Learning_Rig/bee_0408_1_fwd/cam1_2026-04-08_16-20-55.mp4,1578.0,1691.0,1318,1372,1838,2010,0.8117627
1265,/Volumes/SmithL0/2026/BIOL470/Final/Learning_Rig/bee_0408_1_fwd/cam1_2026-04-08_16-20-55.mp4,1575.0,1691.5,1318,1373,1832,2010,0.81262314
1266,/Volumes/SmithL0/2026/BIOL470/Final/Learning_Rig/bee_0408_1_fwd/cam1_2026-04-08_16-20-55.mp4,1574.0,1692.0,1319,1373,1829,2011,0.8123068
1267,/Volumes/SmithL0/2026/BIOL470/Final/Learning_Rig/bee_0408_1_fwd/cam1_2026-04-08_16-20-55.mp4,1577.0,1690.5,1319,1371,1835,2010,0.81249684
1268,/Volumes/SmithL0/2026/BIOL470/Final/Learning_Rig/bee_0408_1_fwd/cam1_2026-04-08_16-20-55.mp4,1573.0,1692.5,1317,1374,1829,2011,0.8216579
1269,/Volumes/SmithL0/2026/BIOL470/Final/Learning_Rig/bee_0408_1_fwd/cam1_2026-04-08_16-20-55.mp4,1574.0,1693.0,1318,1374,1830,2012,0.8149363
1270,/Volumes/SmithL0/2026/BIOL470/Final/Learning_Rig/bee_0408_1_fwd/cam1_2026-04-08_16-20-55.mp4,1575.0,1692.5,1318,1374,1832,2011,0.8173063
1271,/Volumes/SmithL0/2026/BIOL470/Final/Learning_Rig/bee_0408_1_fwd/cam1_2026-04-08_16-20-55.mp4,1575.5,1693.0,1318,1374,1833,2012,0.8191636
1272,/Volumes/SmithL0/2026/BIOL470/Final/Learning_Rig/bee_0408_1_fwd/cam1_2026-04-08_16-20-55.mp4,1575.0,1692.5,1317,1374,1833,2011,0.82253367
1273,/Volumes/SmithL0/2026/BIOL470/Final/Learning_Rig/bee_0408_1_fwd/cam1_2026-04-08_16-20-55.mp4,1574.5,1692.5,1317,1374,1832,2011,0.8201171
1274,/Volumes/SmithL0/2026/BIOL470/Final/Learning_Rig/bee_0408_1_fwd/cam1_2026-04-08_16-20-55.mp4,1574.5,1693.0,1317,1374,1832,2012,0.8205024
1275,/Volumes/SmithL0/2026/BIOL470/Final/Learning_Rig/bee_0408_1_fwd/cam1_2026-04-08_16-20-55.mp4,1575.0,1693.5,1317,1375,1833,2012,0.8153279
1276,/Volumes/SmithL0/2026/BIOL470/Final/Learning_Rig/bee_0408_1_fwd/cam1_2026-04-08_16-20-55.mp4,1578.5,1692.0,1318,1372,1839,2012,0.8131398
1277,/Volumes/SmithL0/2026/BIOL470/Final/Learning_Rig/bee_0408_1_fwd/cam1_2026-04-08_16-20-55.mp4,1575.0,1693.5,1318,1375,1832,2012,0.82039326
1278,/Volumes/SmithL0/2026/BIOL470/Final/Learning_Rig/bee_0408_1_fwd/cam1_2026-04-08_16-20-55.mp4,1578.5,1692.0,1318,1372,1839,2012,0.8125398
1279,/Volumes/SmithL0/2026/BIOL470/Final/Learning_Rig/bee_0408_1_fwd/cam1_2026-04-08_16-20-55.mp4,1575.5,1692.5,1317,1374,1834,2011,0.81770587
1280,/Volumes/SmithL0/2026/BIOL470/Final/Learning_Rig/bee_0408_1_fwd/cam1_2026-04-08_16-20-55.mp4,1579.0,1692.0,1318,1372,1840,2012,0.81000304
1281,/Volumes/SmithL0/2026/BIOL470/Final/Learning_Rig/bee_0408_1_fwd/cam1_2026-04-08_16-20-55.mp4,1579.0,1692.5,1319,1372,1839,2013,0.81010705
1282,/Volumes/SmithL0/2026/BIOL470/Final/Learning_Rig/bee_0408_1_fwd/cam1_2026-04-08_16-20-55.mp4,1579.0,1691.5,1318,1371,1840,2012,0.80920273
1283,/Volumes/SmithL0/2026/BIOL470/Final/Learning_Rig/bee_0408_1_fwd/cam1_2026-04-08_16-20-55.mp4,1574.5,1691.5,1317,1373,1832,2010,0.82007855
1284,/Volumes/SmithL0/2026/BIOL470/Final/Learning_Rig/bee_0408_1_fwd/cam1_2026-04-08_16-20-55.mp4,1574.5,1692.5,1317,1374,1832,2011,0.81576693
1285,/Volumes/SmithL0/2026/BIOL470/Final/Learning_Rig/bee_0408_1_fwd/cam1_2026-04-08_16-20-55.mp4,1575.0,1693.5,1318,1374,1832,2013,0.81512946
1286,/Volumes/SmithL0/2026/BIOL470/Final/Learning_Rig/bee_0408_1_fwd/cam1_2026-04-08_16-20-55.mp4,1578.0,1691.0,1318,1372,1838,2010,0.8117789
1287,/Volumes/SmithL0/2026/BIOL470/Final/Learning_Rig/bee_0408_1_fwd/cam1_2026-04-08_16-20-55.mp4,1578.0,1690.5,1318,1372,1838,2009,0.81054467
1288,/Volumes/SmithL0/2026/BIOL470/Final/Learning_Rig/bee_0408_1_fwd/cam1_2026-04-08_16-20-55.mp4,1578.0,1690.0,1319,1371,1837,2009,0.8114559
1289,/Volumes/SmithL0/2026/BIOL470/Final/Learning_Rig/bee_0408_1_fwd/cam1_2026-04-08_16-20-55.mp4,1577.0,1690.0,1318,1371,1836,2009,0.8093786
1290,/Volumes/SmithL0/2026/BIOL470/Final/Learning_Rig/bee_0408_1_fwd/cam1_2026-04-08_16-20-55.mp4,1573.5,1693.0,1317,1374,1830,2012,0.8213972
1291,/Volumes/SmithL0/2026/BIOL470/Final/Learning_Rig/bee_0408_1_fwd/cam1_2026-04-08_16-20-55.mp4,1575.0,1692.0,1318,1374,1832,2010,0.81888634
1292,/Volumes/SmithL0/2026/BIOL470/Final/Learning_Rig/bee_0408_1_fwd/cam1_2026-04-08_16-20-55.mp4,1575.0,1691.5,1318,1372,1832,2011,0.818775
1293,/Volumes/SmithL0/2026/BIOL470/Final/Learning_Rig/bee_0408_1_fwd/cam1_2026-04-08_16-20-55.mp4,1576.0,1692.5,1318,1373,1834,2012,0.8173095
1294,/Volumes/SmithL0/2026/BIOL470/Final/Learning_Rig/bee_0408_1_fwd/cam1_2026-04-08_16-20-55.mp4,1577.5,1690.5,1318,1372,1837,2009,0.81598824
1295,/Volumes/SmithL0/2026/BIOL470/Final/Learning_Rig/bee_0408_1_fwd/cam1_2026-04-08_16-20-55.mp4,1580.0,1689.5,1318,1370,1842,2009,0.80979216
1296,/Volumes/SmithL0/2026/BIOL470/Final/Learning_Rig/bee_0408_1_fwd/cam1_2026-04-08_16-20-55.mp4,1577.0,1691.5,1317,1372,1837,2011,0.8212909
1297,/Volumes/SmithL0/2026/BIOL470/Final/Learning_Rig/bee_0408_1_fwd/cam1_2026-04-08_16-20-55.mp4,1576.5,1691.0,1317,1373,1836,2009,0.8208032
1298,/Volumes/SmithL0/2026/BIOL470/Final/Learning_Rig/bee_0408_1_fwd/cam1_2026-04-08_16-20-55.mp4,1575.5,1690.5,1317,1373,1834,2008,0.81962717
1299,/Volumes/SmithL0/2026/BIOL470/Final/Learning_Rig/bee_0408_1_fwd/cam1_2026-04-08_16-20-55.mp4,1575.0,1691.0,1317,1373,1833,2009,0.817128
1300,/Volumes/SmithL0/2026/BIOL470/Final/Learning_Rig/bee_0408_1_fwd/cam1_2026-04-08_16-20-55.mp4,1576.0,1690.5,1318,1373,1834,2008,0.8143593
1301,/Volumes/SmithL0/2026/BIOL470/Final/Learning_Rig/bee_0408_1_fwd/cam1_2026-04-08_16-20-55.mp4,1575.5,1692.0,1318,1373,1833,2011,0.8139873
1302,/Volumes/SmithL0/2026/BIOL470/Final/Learning_Rig/bee_0408_1_fwd/cam1_2026-04-08_16-20-55.mp4,1577.5,1691.0,1318,1371,1837,2011,0.8111537
1303,/Volumes/SmithL0/2026/BIOL470/Final/Learning_Rig/bee_0408_1_fwd/cam1_2026-04-08_16-20-55.mp4,1575.5,1691.5,1318,1373,1833,2010,0.810887
1304,/Volumes/SmithL0/2026/BIOL470/Final/Learning_Rig/bee_0408_1_fwd/cam1_2026-04-08_16-20-55.mp4,1576.0,1690.0,1319,1373,1833,2007,0.80977696
1305,/Volumes/SmithL0/2026/BIOL470/Final/Learning_Rig/bee_0408_1_fwd/cam1_2026-04-08_16-20-55.mp4,1573.5,1690.5,1317,1373,1830,2008,0.8202719
1306,/Volumes/SmithL0/2026/BIOL470/Final/Learning_Rig/bee_0408_1_fwd/cam1_2026-04-08_16-20-55.mp4,1575.0,1691.5,1319,1373,1831,2010,0.81289387
1307,/Volumes/SmithL0/2026/BIOL470/Final/Learning_Rig/bee_0408_1_fwd/cam1_2026-04-08_16-20-55.mp4,1576.0,1692.5,1317,1373,1835,2012,0.8158668
