,filepath,x_centroid,y_centroid,x_min,y_min,x_max,y_max,detection_confidence
0,/Volumes/SmithL0/2026/BIOL470/Final/Learning_Rig/bee_0408_2/bee_0408_2_rev_green_accident/cam1_2026-04-08_18-07-13.mp4,1256.0,1962.0,1018,1689,1494,2235,0.799644
1,/Volumes/SmithL0/2026/BIOL470/Final/Learning_Rig/bee_0408_2/bee_0408_2_rev_green_accident/cam1_2026-04-08_18-07-13.mp4,1253.0,1966.0,1019,1704,1487,2228,0.81007326
2,/Volumes/SmithL0/2026/BIOL470/Final/Learning_Rig/bee_0408_2/bee_0408_2_rev_green_accident/cam1_2026-04-08_18-07-13.mp4,1254.0,1960.0,1017,1687,1491,2233,0.79989547
3,/Volumes/SmithL0/2026/BIOL470/Final/Learning_Rig/bee_0408_2/bee_0408_2_rev_green_accident/cam1_2026-04-08_18-07-13.mp4,1253.0,1958.5,1014,1684,1492,2233,0.8012462
4,/Volumes/SmithL0/2026/BIOL470/Final/Learning_Rig/bee_0408_2/bee_0408_2_rev_green_accident/cam1_2026-04-08_18-07-13.mp4,1249.5,1958.5,1007,1685,1492,2232,0.7995457
5,/Volumes/SmithL0/2026/BIOL470/Final/Learning_Rig/bee_0408_2/bee_0408_2_rev_green_accident/cam1_2026-04-08_18-07-13.mp4,1234.5,1957.5,1005,1683,1464,2232,0.8150418
6,/Volumes/SmithL0/2026/BIOL470/Final/Learning_Rig/bee_0408_2/bee_0408_2_rev_green_accident/cam1_2026-04-08_18-07-13.mp4,1224.5,1949.0,1007,1682,1442,2216,0.81679666
7,/Volumes/SmithL0/2026/BIOL470/Final/Learning_Rig/bee_0408_2/bee_0408_2_rev_green_accident/cam1_2026-04-08_18-07-13.mp4,1222.5,1945.0,1005,1680,1440,2210,0.81085604
8,/Volumes/SmithL0/2026/BIOL470/Final/Learning_Rig/bee_0408_2/bee_0408_2_rev_green_accident/cam1_2026-04-08_18-07-13.mp4,1224.0,1939.0,986,1678,1462,2200,0.80069184
9,/Volumes/SmithL0/2026/BIOL470/Final/Learning_Rig/bee_0408_2/bee_0408_2_rev_green_accident/cam1_2026-04-08_18-07-13.mp4,1231.0,1932.0,985,1666,1477,2198,0.8022765
10,/Volumes/SmithL0/2026/BIOL470/Final/Learning_Rig/bee_0408_2/bee_0408_2_rev_green_accident/cam1_2026-04-08_18-07-13.mp4,1230.5,1928.5,983,1664,1478,2193,0.80787474
11,/Volumes/SmithL0/2026/BIOL470/Final/Learning_Rig/bee_0408_2/bee_0408_2_rev_green_accident/cam1_2026-04-08_18-07-13.mp4,1241.5,1925.5,985,1662,1498,2189,0.8152561
12,/Volumes/SmithL0/2026/BIOL470/Final/Learning_Rig/bee_0408_2/bee_0408_2_rev_green_accident/cam1_2026-04-08_18-07-13.mp4,1242.0,1927.0,1002,1665,1482,2189,0.82041675
13,/Volumes/SmithL0/2026/BIOL470/Final/Learning_Rig/bee_0408_2/bee_0408_2_rev_green_accident/cam1_2026-04-08_18-07-13.mp4,1241.5,1923.0,984,1659,1499,2187,0.81660694
14,/Volumes/SmithL0/2026/BIOL470/Final/Learning_Rig/bee_0408_2/bee_0408_2_rev_green_accident/cam1_2026-04-08_18-07-13.mp4,1236.0,1921.5,984,1658,1488,2185,0.82479525
15,/Volumes/SmithL0/2026/BIOL470/Final/Learning_Rig/bee_0408_2/bee_0408_2_rev_green_accident/cam1_2026-04-08_18-07-13.mp4,1242.0,1923.0,1004,1660,1480,2186,0.8210049
16,/Volumes/SmithL0/2026/BIOL470/Final/Learning_Rig/bee_0408_2/bee_0408_2_rev_green_accident/cam1_2026-04-08_18-07-13.mp4,1247.0,1923.0,1016,1660,1478,2186,0.829054
17,/Volumes/SmithL0/2026/BIOL470/Final/Learning_Rig/bee_0408_2/bee_0408_2_rev_green_accident/cam1_2026-04-08_18-07-13.mp4,1247.5,1923.0,1019,1660,1476,2186,0.83113277
18,/Volumes/SmithL0/2026/BIOL470/Final/Learning_Rig/bee_0408_2/bee_0408_2_rev_green_accident/cam1_2026-04-08_18-07-13.mp4,1266.5,1923.5,1055,1663,1478,2184,0.8335204
19,/Volumes/SmithL0/2026/BIOL470/Final/Learning_Rig/bee_0408_2/bee_0408_2_rev_green_accident/cam1_2026-04-08_18-07-13.mp4,1265.0,1925.0,1057,1664,1473,2186,0.8347794
20,/Volumes/SmithL0/2026/BIOL470/Final/Learning_Rig/bee_0408_2/bee_0408_2_rev_green_accident/cam1_2026-04-08_18-07-13.mp4,1266.0,1925.0,1056,1667,1476,2183,0.8193828
21,/Volumes/SmithL0/2026/BIOL470/Final/Learning_Rig/bee_0408_2/bee_0408_2_rev_green_accident/cam1_2026-04-08_18-07-13.mp4,1265.0,1926.0,1056,1667,1474,2185,0.8357786
22,/Volumes/SmithL0/2026/BIOL470/Final/Learning_Rig/bee_0408_2/bee_0408_2_rev_green_accident/cam1_2026-04-08_18-07-13.mp4,1269.0,1928.5,1057,1671,1481,2186,0.83241075
23,/Volumes/SmithL0/2026/BIOL470/Final/Learning_Rig/bee_0408_2/bee_0408_2_rev_green_accident/cam1_2026-04-08_18-07-13.mp4,1268.0,1932.5,1057,1678,1479,2187,0.8272471
24,/Volumes/SmithL0/2026/BIOL470/Final/Learning_Rig/bee_0408_2/bee_0408_2_rev_green_accident/cam1_2026-04-08_18-07-13.mp4,1250.5,1933.0,1056,1680,1445,2186,0.8250537
25,/Volumes/SmithL0/2026/BIOL470/Final/Learning_Rig/bee_0408_2/bee_0408_2_rev_green_accident/cam1_2026-04-08_18-07-13.mp4,1252.0,1933.0,1057,1679,1447,2187,0.84201324
26,/Volumes/SmithL0/2026/BIOL470/Final/Learning_Rig/bee_0408_2/bee_0408_2_rev_green_accident/cam1_2026-04-08_18-07-13.mp4,1246.5,1935.5,1041,1674,1452,2197,0.82445735
27,/Volumes/SmithL0/2026/BIOL470/Final/Learning_Rig/bee_0408_2/bee_0408_2_rev_green_accident/cam1_2026-04-08_18-07-13.mp4,1235.0,1937.5,1041,1679,1429,2196,0.83350277
28,/Volumes/SmithL0/2026/BIOL470/Final/Learning_Rig/bee_0408_2/bee_0408_2_rev_green_accident/cam1_2026-04-08_18-07-13.mp4,1215.0,1941.0,1015,1683,1415,2199,0.8152727
29,/Volumes/SmithL0/2026/BIOL470/Final/Learning_Rig/bee_0408_2/bee_0408_2_rev_green_accident/cam1_2026-04-08_18-07-13.mp4,1221.0,1946.0,1016,1697,1426,2195,0.814849
30,/Volumes/SmithL0/2026/BIOL470/Final/Learning_Rig/bee_0408_2/bee_0408_2_rev_green_accident/cam1_2026-04-08_18-07-13.mp4,1224.5,1946.0,1023,1696,1426,2196,0.80433494
31,/Volumes/SmithL0/2026/BIOL470/Final/Learning_Rig/bee_0408_2/bee_0408_2_rev_green_accident/cam1_2026-04-08_18-07-13.mp4,1236.0,1954.0,1027,1714,1445,2194,0.80595356
32,/Volumes/SmithL0/2026/BIOL470/Final/Learning_Rig/bee_0408_2/bee_0408_2_rev_green_accident/cam1_2026-04-08_18-07-13.mp4,1232.0,1953.0,1026,1712,1438,2194,0.811972
33,/Volumes/SmithL0/2026/BIOL470/Final/Learning_Rig/bee_0408_2/bee_0408_2_rev_green_accident/cam1_2026-04-08_18-07-13.mp4,1241.0,1955.0,1026,1715,1456,2195,0.8116788
34,/Volumes/SmithL0/2026/BIOL470/Final/Learning_Rig/bee_0408_2/bee_0408_2_rev_green_accident/cam1_2026-04-08_18-07-13.mp4,1277.5,1952.5,1037,1716,1518,2189,0.82223046
35,/Volumes/SmithL0/2026/BIOL470/Final/Learning_Rig/bee_0408_2/bee_0408_2_rev_green_accident/cam1_2026-04-08_18-07-13.mp4,1279.0,1954.0,1031,1708,1527,2200,0.8272066
36,/Volumes/SmithL0/2026/BIOL470/Final/Learning_Rig/bee_0408_2/bee_0408_2_rev_green_accident/cam1_2026-04-08_18-07-13.mp4,1281.5,1957.5,1035,1720,1528,2195,0.8236528
37,/Volumes/SmithL0/2026/BIOL470/Final/Learning_Rig/bee_0408_2/bee_0408_2_rev_green_accident/cam1_2026-04-08_18-07-13.mp4,1296.5,1946.0,1037,1700,1556,2192,0.8335435
38,/Volumes/SmithL0/2026/BIOL470/Final/Learning_Rig/bee_0408_2/bee_0408_2_rev_green_accident/cam1_2026-04-08_18-07-13.mp4,1293.5,1946.5,1036,1690,1551,2203,0.8414085
39,/Volumes/SmithL0/2026/BIOL470/Final/Learning_Rig/bee_0408_2/bee_0408_2_rev_green_accident/cam1_2026-04-08_18-07-13.mp4,1294.5,1945.5,1036,1690,1553,2201,0.8392574
40,/Volumes/SmithL0/2026/BIOL470/Final/Learning_Rig/bee_0408_2/bee_0408_2_rev_green_accident/cam1_2026-04-08_18-07-13.mp4,1295.5,1938.5,1039,1686,1552,2191,0.84013253
41,/Volumes/SmithL0/2026/BIOL470/Final/Learning_Rig/bee_0408_2/bee_0408_2_rev_green_accident/cam1_2026-04-08_18-07-13.mp4,1297.0,1938.0,1039,1685,1555,2191,0.8405268
42,/Volumes/SmithL0/2026/BIOL470/Final/Learning_Rig/bee_0408_2/bee_0408_2_rev_green_accident/cam1_2026-04-08_18-07-13.mp4,1293.0,1936.0,1044,1687,1542,2185,0.83525634
43,/Volumes/SmithL0/2026/BIOL470/Final/Learning_Rig/bee_0408_2/bee_0408_2_rev_green_accident/cam1_2026-04-08_18-07-13.mp4,1291.0,1936.5,1043,1687,1539,2186,0.83871275
44,/Volumes/SmithL0/2026/BIOL470/Final/Learning_Rig/bee_0408_2/bee_0408_2_rev_green_accident/cam1_2026-04-08_18-07-13.mp4,1283.5,1929.0,1049,1680,1518,2178,0.8321344
45,/Volumes/SmithL0/2026/BIOL470/Final/Learning_Rig/bee_0408_2/bee_0408_2_rev_green_accident/cam1_2026-04-08_18-07-13.mp4,1291.5,1854.0,1061,1571,1522,2137,0.79892594
46,/Volumes/SmithL0/2026/BIOL470/Final/Learning_Rig/bee_0408_2/bee_0408_2_rev_green_accident/cam1_2026-04-08_18-07-13.mp4,1295.0,1849.0,1060,1559,1530,2139,0.81245834
47,/Volumes/SmithL0/2026/BIOL470/Final/Learning_Rig/bee_0408_2/bee_0408_2_rev_green_accident/cam1_2026-04-08_18-07-13.mp4,1296.5,1849.0,1058,1561,1535,2137,0.8174283
48,/Volumes/SmithL0/2026/BIOL470/Final/Learning_Rig/bee_0408_2/bee_0408_2_rev_green_accident/cam1_2026-04-08_18-07-13.mp4,1295.0,1828.0,1054,1555,1536,2101,0.832673
49,/Volumes/SmithL0/2026/BIOL470/Final/Learning_Rig/bee_0408_2/bee_0408_2_rev_green_accident/cam1_2026-04-08_18-07-13.mp4,1294.0,1820.0,1054,1543,1534,2097,0.84909374
50,/Volumes/SmithL0/2026/BIOL470/Final/Learning_Rig/bee_0408_2/bee_0408_2_rev_green_accident/cam1_2026-04-08_18-07-13.mp4,1286.5,1798.5,1070,1508,1503,2089,0.8175354
51,/Volumes/SmithL0/2026/BIOL470/Final/Learning_Rig/bee_0408_2/bee_0408_2_rev_green_accident/cam1_2026-04-08_18-07-13.mp4,1272.5,1750.5,1055,1470,1490,2031,0.8361685
52,/Volumes/SmithL0/2026/BIOL470/Final/Learning_Rig/bee_0408_2/bee_0408_2_rev_green_accident/cam1_2026-04-08_18-07-13.mp4,1244.5,1681.0,1012,1428,1477,1934,0.7829143
53,/Volumes/SmithL0/2026/BIOL470/Final/Learning_Rig/bee_0408_2/bee_0408_2_rev_green_accident/cam1_2026-04-08_18-07-13.mp4,1260.5,1654.5,1029,1373,1492,1936,0.8119928
54,/Volumes/SmithL0/2026/BIOL470/Final/Learning_Rig/bee_0408_2/bee_0408_2_rev_green_accident/cam1_2026-04-08_18-07-13.mp4,1272.0,1633.0,1044,1356,1500,1910,0.8266943
55,/Volumes/SmithL0/2026/BIOL470/Final/Learning_Rig/bee_0408_2/bee_0408_2_rev_green_accident/cam1_2026-04-08_18-07-13.mp4,1214.0,1563.5,969,1254,1459,1873,0.81879693
56,/Volumes/SmithL0/2026/BIOL470/Final/Learning_Rig/bee_0408_2/bee_0408_2_rev_green_accident/cam1_2026-04-08_18-07-13.mp4,1234.5,1503.0,1016,1210,1453,1796,0.8213924
57,/Volumes/SmithL0/2026/BIOL470/Final/Learning_Rig/bee_0408_2/bee_0408_2_rev_green_accident/cam1_2026-04-08_18-07-13.mp4,1241.0,1465.5,1023,1177,1459,1754,0.79590553
58,/Volumes/SmithL0/2026/BIOL470/Final/Learning_Rig/bee_0408_2/bee_0408_2_rev_green_accident/cam1_2026-04-08_18-07-13.mp4,1282.5,1435.5,1047,1175,1518,1696,0.8035356
59,/Volumes/SmithL0/2026/BIOL470/Final/Learning_Rig/bee_0408_2/bee_0408_2_rev_green_accident/cam1_2026-04-08_18-07-13.mp4,1281.0,1445.5,1039,1184,1523,1707,0.80470157
60,/Volumes/SmithL0/2026/BIOL470/Final/Learning_Rig/bee_0408_2/bee_0408_2_rev_green_accident/cam1_2026-04-08_18-07-13.mp4,1299.5,1437.0,1043,1176,1556,1698,0.7993392
61,/Volumes/SmithL0/2026/BIOL470/Final/Learning_Rig/bee_0408_2/bee_0408_2_rev_green_accident/cam1_2026-04-08_18-07-13.mp4,1324.5,1435.5,1061,1184,1588,1687,0.79390526
62,/Volumes/SmithL0/2026/BIOL470/Final/Learning_Rig/bee_0408_2/bee_0408_2_rev_green_accident/cam1_2026-04-08_18-07-13.mp4,1331.0,1426.0,1057,1177,1605,1675,0.8093205
63,/Volumes/SmithL0/2026/BIOL470/Final/Learning_Rig/bee_0408_2/bee_0408_2_rev_green_accident/cam1_2026-04-08_18-07-13.mp4,1354.0,1426.0,1066,1175,1642,1677,0.8093042
64,/Volumes/SmithL0/2026/BIOL470/Final/Learning_Rig/bee_0408_2/bee_0408_2_rev_green_accident/cam1_2026-04-08_18-07-13.mp4,1403.5,1440.5,1095,1183,1712,1698,0.7945098
65,/Volumes/SmithL0/2026/BIOL470/Final/Learning_Rig/bee_0408_2/bee_0408_2_rev_green_accident/cam1_2026-04-08_18-07-13.mp4,1454.0,1439.5,1147,1180,1761,1699,0.7894888
66,/Volumes/SmithL0/2026/BIOL470/Final/Learning_Rig/bee_0408_2/bee_0408_2_rev_green_accident/cam1_2026-04-08_18-07-13.mp4,1490.0,1446.5,1187,1204,1793,1689,0.8149753
67,/Volumes/SmithL0/2026/BIOL470/Final/Learning_Rig/bee_0408_2/bee_0408_2_rev_green_accident/cam1_2026-04-08_18-07-13.mp4,1537.5,1484.5,1241,1267,1834,1702,0.81298226
68,/Volumes/SmithL0/2026/BIOL470/Final/Learning_Rig/bee_0408_2/bee_0408_2_rev_green_accident/cam1_2026-04-08_18-07-13.mp4,1633.5,1485.5,1305,1249,1962,1722,0.81491625
69,/Volumes/SmithL0/2026/BIOL470/Final/Learning_Rig/bee_0408_2/bee_0408_2_rev_green_accident/cam1_2026-04-08_18-07-13.mp4,1684.0,1508.0,1384,1270,1984,1746,0.81075406
70,/Volumes/SmithL0/2026/BIOL470/Final/Learning_Rig/bee_0408_2/bee_0408_2_rev_green_accident/cam1_2026-04-08_18-07-13.mp4,1764.0,1526.5,1482,1302,2046,1751,0.78129834
71,/Volumes/SmithL0/2026/BIOL470/Final/Learning_Rig/bee_0408_2/bee_0408_2_rev_green_accident/cam1_2026-04-08_18-07-13.mp4,1806.5,1594.5,1533,1366,2080,1823,0.8253408
72,/Volumes/SmithL0/2026/BIOL470/Final/Learning_Rig/bee_0408_2/bee_0408_2_rev_green_accident/cam1_2026-04-08_18-07-13.mp4,1794.0,1638.0,1537,1394,2051,1882,0.8245454
73,/Volumes/SmithL0/2026/BIOL470/Final/Learning_Rig/bee_0408_2/bee_0408_2_rev_green_accident/cam1_2026-04-08_18-07-13.mp4,1818.5,1642.5,1539,1389,2098,1896,0.8207505
74,/Volumes/SmithL0/2026/BIOL470/Final/Learning_Rig/bee_0408_2/bee_0408_2_rev_green_accident/cam1_2026-04-08_18-07-13.mp4,1728.5,1766.0,1514,1479,1943,2053,0.8150987
75,/Volumes/SmithL0/2026/BIOL470/Final/Learning_Rig/bee_0408_2/bee_0408_2_rev_green_accident/cam1_2026-04-08_18-07-13.mp4,1723.0,1771.5,1508,1484,1938,2059,0.81664956
76,/Volumes/SmithL0/2026/BIOL470/Final/Learning_Rig/bee_0408_2/bee_0408_2_rev_green_accident/cam1_2026-04-08_18-07-13.mp4,1723.0,1804.5,1507,1518,1939,2091,0.83268356
77,/Volumes/SmithL0/2026/BIOL470/Final/Learning_Rig/bee_0408_2/bee_0408_2_rev_green_accident/cam1_2026-04-08_18-07-13.mp4,1710.5,1848.0,1496,1560,1925,2136,0.8360132
78,/Volumes/SmithL0/2026/BIOL470/Final/Learning_Rig/bee_0408_2/bee_0408_2_rev_green_accident/cam1_2026-04-08_18-07-13.mp4,1653.5,1860.0,1446,1567,1861,2153,0.8310281
79,/Volumes/SmithL0/2026/BIOL470/Final/Learning_Rig/bee_0408_2/bee_0408_2_rev_green_accident/cam1_2026-04-08_18-07-13.mp4,1607.0,1908.5,1394,1629,1820,2188,0.82185346
80,/Volumes/SmithL0/2026/BIOL470/Final/Learning_Rig/bee_0408_2/bee_0408_2_rev_green_accident/cam1_2026-04-08_18-07-13.mp4,1580.0,1980.5,1358,1726,1802,2235,0.8352158
81,/Volumes/SmithL0/2026/BIOL470/Final/Learning_Rig/bee_0408_2/bee_0408_2_rev_green_accident/cam1_2026-04-08_18-07-13.mp4,1566.0,2048.5,1338,1777,1794,2320,0.8115436
82,/Volumes/SmithL0/2026/BIOL470/Final/Learning_Rig/bee_0408_2/bee_0408_2_rev_green_accident/cam1_2026-04-08_18-07-13.mp4,1524.0,2127.5,1298,1816,1750,2439,0.8035302
83,/Volumes/SmithL0/2026/BIOL470/Final/Learning_Rig/bee_0408_2/bee_0408_2_rev_green_accident/cam1_2026-04-08_18-07-13.mp4,1506.5,2100.5,1258,1829,1755,2372,0.82220286
84,/Volumes/SmithL0/2026/BIOL470/Final/Learning_Rig/bee_0408_2/bee_0408_2_rev_green_accident/cam1_2026-04-08_18-07-13.mp4,1502.5,2065.5,1243,1811,1762,2320,0.8298076
85,/Volumes/SmithL0/2026/BIOL470/Final/Learning_Rig/bee_0408_2/bee_0408_2_rev_green_accident/cam1_2026-04-08_18-07-13.mp4,1486.5,2034.0,1211,1808,1762,2260,0.79580104
86,/Volumes/SmithL0/2026/BIOL470/Final/Learning_Rig/bee_0408_2/bee_0408_2_rev_green_accident/cam1_2026-04-08_18-07-13.mp4,1472.5,2002.0,1183,1783,1762,2221,0.8063118
87,/Volumes/SmithL0/2026/BIOL470/Final/Learning_Rig/bee_0408_2/bee_0408_2_rev_green_accident/cam1_2026-04-08_18-07-13.mp4,1393.0,1966.0,1103,1769,1683,2163,0.7758223
88,/Volumes/SmithL0/2026/BIOL470/Final/Learning_Rig/bee_0408_2/bee_0408_2_rev_green_accident/cam1_2026-04-08_18-07-13.mp4,1365.0,1989.5,1077,1760,1653,2219,0.8118807
89,/Volumes/SmithL0/2026/BIOL470/Final/Learning_Rig/bee_0408_2/bee_0408_2_rev_green_accident/cam1_2026-04-08_18-07-13.mp4,1337.0,1956.5,1042,1754,1632,2159,0.8079701
90,/Volumes/SmithL0/2026/BIOL470/Final/Learning_Rig/bee_0408_2/bee_0408_2_rev_green_accident/cam1_2026-04-08_18-07-13.mp4,1270.5,1943.5,977,1739,1564,2148,0.82031053
91,/Volumes/SmithL0/2026/BIOL470/Final/Learning_Rig/bee_0408_2/bee_0408_2_rev_green_accident/cam1_2026-04-08_18-07-13.mp4,1230.0,1919.5,920,1698,1540,2141,0.81980443
92,/Volumes/SmithL0/2026/BIOL470/Final/Learning_Rig/bee_0408_2/bee_0408_2_rev_green_accident/cam1_2026-04-08_18-07-13.mp4,1147.0,1966.5,870,1760,1424,2173,0.81281155
93,/Volumes/SmithL0/2026/BIOL470/Final/Learning_Rig/bee_0408_2/bee_0408_2_rev_green_accident/cam1_2026-04-08_18-07-13.mp4,1149.0,1979.5,868,1757,1430,2202,0.82735395
94,/Volumes/SmithL0/2026/BIOL470/Final/Learning_Rig/bee_0408_2/bee_0408_2_rev_green_accident/cam1_2026-04-08_18-07-13.mp4,1168.5,2018.0,898,1775,1439,2261,0.81859726
95,/Volumes/SmithL0/2026/BIOL470/Final/Learning_Rig/bee_0408_2/bee_0408_2_rev_green_accident/cam1_2026-04-08_18-07-13.mp4,1190.5,2041.0,940,1796,1441,2286,0.8194849
96,/Volumes/SmithL0/2026/BIOL470/Final/Learning_Rig/bee_0408_2/bee_0408_2_rev_green_accident/cam1_2026-04-08_18-07-13.mp4,1194.0,2046.0,947,1802,1441,2290,0.81769663
97,/Volumes/SmithL0/2026/BIOL470/Final/Learning_Rig/bee_0408_2/bee_0408_2_rev_green_accident/cam1_2026-04-08_18-07-13.mp4,1261.5,2097.0,1063,1825,1460,2369,0.7396682
98,/Volumes/SmithL0/2026/BIOL470/Final/Learning_Rig/bee_0408_2/bee_0408_2_rev_green_accident/cam1_2026-04-08_18-07-13.mp4,1252.5,2095.5,996,1837,1509,2354,0.7253797
99,/Volumes/SmithL0/2026/BIOL470/Final/Learning_Rig/bee_0408_2/bee_0408_2_rev_green_accident/cam1_2026-04-08_18-07-13.mp4,1283.5,2098.5,1052,1842,1515,2355,0.69568986
100,/Volumes/SmithL0/2026/BIOL470/Final/Learning_Rig/bee_0408_2/bee_0408_2_rev_green_accident/cam1_2026-04-08_18-07-13.mp4,1273.0,2108.0,1021,1859,1525,2357,0.6888317
101,/Volumes/SmithL0/2026/BIOL470/Final/Learning_Rig/bee_0408_2/bee_0408_2_rev_green_accident/cam1_2026-04-08_18-07-13.mp4,1258.0,2095.5,992,1850,1524,2341,0.5786067
102,/Volumes/SmithL0/2026/BIOL470/Final/Learning_Rig/bee_0408_2/bee_0408_2_rev_green_accident/cam1_2026-04-08_18-07-13.mp4,1250.5,2077.5,992,1850,1509,2305,0.53978205
103,/Volumes/SmithL0/2026/BIOL470/Final/Learning_Rig/bee_0408_2/bee_0408_2_rev_green_accident/cam1_2026-04-08_18-07-13.mp4,1244.0,2075.5,980,1854,1508,2297,0.56101984
104,/Volumes/SmithL0/2026/BIOL470/Final/Learning_Rig/bee_0408_2/bee_0408_2_rev_green_accident/cam1_2026-04-08_18-07-13.mp4,1227.0,2056.5,951,1821,1503,2292,0.5872608
105,/Volumes/SmithL0/2026/BIOL470/Final/Learning_Rig/bee_0408_2/bee_0408_2_rev_green_accident/cam1_2026-04-08_18-07-13.mp4,1234.0,2046.5,951,1800,1517,2293,0.7068911
106,/Volumes/SmithL0/2026/BIOL470/Final/Learning_Rig/bee_0408_2/bee_0408_2_rev_green_accident/cam1_2026-04-08_18-07-13.mp4,1231.5,2072.0,949,1854,1514,2290,0.75502694
107,/Volumes/SmithL0/2026/BIOL470/Final/Learning_Rig/bee_0408_2/bee_0408_2_rev_green_accident/cam1_2026-04-08_18-07-13.mp4,1231.5,2071.5,947,1853,1516,2290,0.7938098
108,/Volumes/SmithL0/2026/BIOL470/Final/Learning_Rig/bee_0408_2/bee_0408_2_rev_green_accident/cam1_2026-04-08_18-07-13.mp4,1239.5,2073.0,950,1856,1529,2290,0.75375116
109,/Volumes/SmithL0/2026/BIOL470/Final/Learning_Rig/bee_0408_2/bee_0408_2_rev_green_accident/cam1_2026-04-08_18-07-13.mp4,1241.5,2069.0,951,1850,1532,2288,0.81927776
110,/Volumes/SmithL0/2026/BIOL470/Final/Learning_Rig/bee_0408_2/bee_0408_2_rev_green_accident/cam1_2026-04-08_18-07-13.mp4,1242.5,2065.5,955,1845,1530,2286,0.81877637
111,/Volumes/SmithL0/2026/BIOL470/Final/Learning_Rig/bee_0408_2/bee_0408_2_rev_green_accident/cam1_2026-04-08_18-07-13.mp4,1249.0,2033.5,958,1823,1540,2244,0.8035883
112,/Volumes/SmithL0/2026/BIOL470/Final/Learning_Rig/bee_0408_2/bee_0408_2_rev_green_accident/cam1_2026-04-08_18-07-13.mp4,1262.0,2034.5,981,1825,1543,2244,0.80215544
113,/Volumes/SmithL0/2026/BIOL470/Final/Learning_Rig/bee_0408_2/bee_0408_2_rev_green_accident/cam1_2026-04-08_18-07-13.mp4,1270.0,2036.5,985,1841,1555,2232,0.81558055
114,/Volumes/SmithL0/2026/BIOL470/Final/Learning_Rig/bee_0408_2/bee_0408_2_rev_green_accident/cam1_2026-04-08_18-07-13.mp4,1275.5,2029.5,994,1830,1557,2229,0.8246578
115,/Volumes/SmithL0/2026/BIOL470/Final/Learning_Rig/bee_0408_2/bee_0408_2_rev_green_accident/cam1_2026-04-08_18-07-13.mp4,1276.5,2023.5,1001,1808,1552,2239,0.822173
116,/Volumes/SmithL0/2026/BIOL470/Final/Learning_Rig/bee_0408_2/bee_0408_2_rev_green_accident/cam1_2026-04-08_18-07-13.mp4,1273.5,2014.5,997,1792,1550,2237,0.8220793
117,/Volumes/SmithL0/2026/BIOL470/Final/Learning_Rig/bee_0408_2/bee_0408_2_rev_green_accident/cam1_2026-04-08_18-07-13.mp4,1294.5,1999.0,1033,1755,1556,2243,0.8453329
118,/Volumes/SmithL0/2026/BIOL470/Final/Learning_Rig/bee_0408_2/bee_0408_2_rev_green_accident/cam1_2026-04-08_18-07-13.mp4,1297.0,1984.5,1039,1723,1555,2246,0.85611004
119,/Volumes/SmithL0/2026/BIOL470/Final/Learning_Rig/bee_0408_2/bee_0408_2_rev_green_accident/cam1_2026-04-08_18-07-13.mp4,1301.5,1965.0,1044,1678,1559,2252,0.864536
120,/Volumes/SmithL0/2026/BIOL470/Final/Learning_Rig/bee_0408_2/bee_0408_2_rev_green_accident/cam1_2026-04-08_18-07-13.mp4,1303.5,1959.0,1049,1685,1558,2233,0.8468529
121,/Volumes/SmithL0/2026/BIOL470/Final/Learning_Rig/bee_0408_2/bee_0408_2_rev_green_accident/cam1_2026-04-08_18-07-13.mp4,1324.5,1955.0,1072,1680,1577,2230,0.8394707
122,/Volumes/SmithL0/2026/BIOL470/Final/Learning_Rig/bee_0408_2/bee_0408_2_rev_green_accident/cam1_2026-04-08_18-07-13.mp4,1304.5,1938.0,1055,1677,1554,2199,0.84910405
123,/Volumes/SmithL0/2026/BIOL470/Final/Learning_Rig/bee_0408_2/bee_0408_2_rev_green_accident/cam1_2026-04-08_18-07-13.mp4,1303.0,1898.0,1066,1625,1540,2171,0.83413047
124,/Volumes/SmithL0/2026/BIOL470/Final/Learning_Rig/bee_0408_2/bee_0408_2_rev_green_accident/cam1_2026-04-08_18-07-13.mp4,1327.0,1879.0,1112,1604,1542,2154,0.8326843
125,/Volumes/SmithL0/2026/BIOL470/Final/Learning_Rig/bee_0408_2/bee_0408_2_rev_green_accident/cam1_2026-04-08_18-07-13.mp4,1333.0,1858.0,1110,1586,1556,2130,0.85430205
126,/Volumes/SmithL0/2026/BIOL470/Final/Learning_Rig/bee_0408_2/bee_0408_2_rev_green_accident/cam1_2026-04-08_18-07-13.mp4,1365.0,1845.0,1118,1569,1612,2121,0.84436226
127,/Volumes/SmithL0/2026/BIOL470/Final/Learning_Rig/bee_0408_2/bee_0408_2_rev_green_accident/cam1_2026-04-08_18-07-13.mp4,1395.0,1843.5,1172,1575,1618,2112,0.8445944
128,/Volumes/SmithL0/2026/BIOL470/Final/Learning_Rig/bee_0408_2/bee_0408_2_rev_green_accident/cam1_2026-04-08_18-07-13.mp4,1412.5,1845.5,1157,1571,1668,2120,0.8456621
129,/Volumes/SmithL0/2026/BIOL470/Final/Learning_Rig/bee_0408_2/bee_0408_2_rev_green_accident/cam1_2026-04-08_18-07-13.mp4,1474.0,1847.5,1186,1595,1762,2100,0.8260144
130,/Volumes/SmithL0/2026/BIOL470/Final/Learning_Rig/bee_0408_2/bee_0408_2_rev_green_accident/cam1_2026-04-08_18-07-13.mp4,1489.5,1843.0,1195,1591,1784,2095,0.79945266
131,/Volumes/SmithL0/2026/BIOL470/Final/Learning_Rig/bee_0408_2/bee_0408_2_rev_green_accident/cam1_2026-04-08_18-07-13.mp4,1505.5,1834.5,1223,1579,1788,2090,0.81775063
132,/Volumes/SmithL0/2026/BIOL470/Final/Learning_Rig/bee_0408_2/bee_0408_2_rev_green_accident/cam1_2026-04-08_18-07-13.mp4,1523.0,1839.0,1244,1585,1802,2093,0.8273721
133,/Volumes/SmithL0/2026/BIOL470/Final/Learning_Rig/bee_0408_2/bee_0408_2_rev_green_accident/cam1_2026-04-08_18-07-13.mp4,1576.5,1833.5,1287,1579,1866,2088,0.8262401
134,/Volumes/SmithL0/2026/BIOL470/Final/Learning_Rig/bee_0408_2/bee_0408_2_rev_green_accident/cam1_2026-04-08_18-07-13.mp4,1560.5,1807.5,1264,1556,1857,2059,0.81978667
135,/Volumes/SmithL0/2026/BIOL470/Final/Learning_Rig/bee_0408_2/bee_0408_2_rev_green_accident/cam1_2026-04-08_18-07-13.mp4,1560.0,1810.0,1275,1545,1845,2075,0.81990606
136,/Volumes/SmithL0/2026/BIOL470/Final/Learning_Rig/bee_0408_2/bee_0408_2_rev_green_accident/cam1_2026-04-08_18-07-13.mp4,1563.5,1767.5,1278,1521,1849,2014,0.82978815
137,/Volumes/SmithL0/2026/BIOL470/Final/Learning_Rig/bee_0408_2/bee_0408_2_rev_green_accident/cam1_2026-04-08_18-07-13.mp4,1564.0,1733.5,1279,1454,1849,2013,0.78864914
138,/Volumes/SmithL0/2026/BIOL470/Final/Learning_Rig/bee_0408_2/bee_0408_2_rev_green_accident/cam1_2026-04-08_18-07-13.mp4,1561.5,1770.0,1280,1455,1843,2085,0.8048144
139,/Volumes/SmithL0/2026/BIOL470/Final/Learning_Rig/bee_0408_2/bee_0408_2_rev_green_accident/cam1_2026-04-08_18-07-13.mp4,1570.5,1692.0,1295,1444,1846,1940,0.8016034
140,/Volumes/SmithL0/2026/BIOL470/Final/Learning_Rig/bee_0408_2/bee_0408_2_rev_green_accident/cam1_2026-04-08_18-07-13.mp4,1561.0,1643.5,1282,1344,1840,1943,0.804313
141,/Volumes/SmithL0/2026/BIOL470/Final/Learning_Rig/bee_0408_2/bee_0408_2_rev_green_accident/cam1_2026-04-08_18-07-13.mp4,1560.5,1612.5,1293,1334,1828,1891,0.8132016
142,/Volumes/SmithL0/2026/BIOL470/Final/Learning_Rig/bee_0408_2/bee_0408_2_rev_green_accident/cam1_2026-04-08_18-07-13.mp4,1562.5,1600.0,1290,1329,1835,1871,0.8114613
143,/Volumes/SmithL0/2026/BIOL470/Final/Learning_Rig/bee_0408_2/bee_0408_2_rev_green_accident/cam1_2026-04-08_18-07-13.mp4,1629.0,1587.0,1347,1314,1911,1860,0.8122122
144,/Volumes/SmithL0/2026/BIOL470/Final/Learning_Rig/bee_0408_2/bee_0408_2_rev_green_accident/cam1_2026-04-08_18-07-13.mp4,1635.0,1526.5,1347,1245,1923,1808,0.8251428
145,/Volumes/SmithL0/2026/BIOL470/Final/Learning_Rig/bee_0408_2/bee_0408_2_rev_green_accident/cam1_2026-04-08_18-07-13.mp4,1672.0,1535.5,1387,1280,1957,1791,0.80778986
146,/Volumes/SmithL0/2026/BIOL470/Final/Learning_Rig/bee_0408_2/bee_0408_2_rev_green_accident/cam1_2026-04-08_18-07-13.mp4,1709.0,1522.5,1431,1239,1987,1806,0.8046213
147,/Volumes/SmithL0/2026/BIOL470/Final/Learning_Rig/bee_0408_2/bee_0408_2_rev_green_accident/cam1_2026-04-08_18-07-13.mp4,1729.0,1527.5,1445,1250,2013,1805,0.81970036
148,/Volumes/SmithL0/2026/BIOL470/Final/Learning_Rig/bee_0408_2/bee_0408_2_rev_green_accident/cam1_2026-04-08_18-07-13.mp4,1739.5,1530.5,1449,1246,2030,1815,0.81426346
149,/Volumes/SmithL0/2026/BIOL470/Final/Learning_Rig/bee_0408_2/bee_0408_2_rev_green_accident/cam1_2026-04-08_18-07-13.mp4,1728.5,1514.0,1442,1220,2015,1808,0.8158232
150,/Volumes/SmithL0/2026/BIOL470/Final/Learning_Rig/bee_0408_2/bee_0408_2_rev_green_accident/cam1_2026-04-08_18-07-13.mp4,1731.0,1515.0,1441,1221,2021,1809,0.81510043
151,/Volumes/SmithL0/2026/BIOL470/Final/Learning_Rig/bee_0408_2/bee_0408_2_rev_green_accident/cam1_2026-04-08_18-07-13.mp4,1724.0,1524.0,1444,1238,2004,1810,0.8132092
152,/Volumes/SmithL0/2026/BIOL470/Final/Learning_Rig/bee_0408_2/bee_0408_2_rev_green_accident/cam1_2026-04-08_18-07-13.mp4,1706.5,1513.0,1425,1229,1988,1797,0.8015501
153,/Volumes/SmithL0/2026/BIOL470/Final/Learning_Rig/bee_0408_2/bee_0408_2_rev_green_accident/cam1_2026-04-08_18-07-13.mp4,1690.0,1514.0,1404,1229,1976,1799,0.7926059
154,/Volumes/SmithL0/2026/BIOL470/Final/Learning_Rig/bee_0408_2/bee_0408_2_rev_green_accident/cam1_2026-04-08_18-07-13.mp4,1691.5,1513.0,1407,1225,1976,1801,0.793408
155,/Volumes/SmithL0/2026/BIOL470/Final/Learning_Rig/bee_0408_2/bee_0408_2_rev_green_accident/cam1_2026-04-08_18-07-13.mp4,1674.0,1508.5,1387,1229,1961,1788,0.8033028
156,/Volumes/SmithL0/2026/BIOL470/Final/Learning_Rig/bee_0408_2/bee_0408_2_rev_green_accident/cam1_2026-04-08_18-07-13.mp4,1667.0,1505.0,1383,1233,1951,1777,0.8058368
157,/Volumes/SmithL0/2026/BIOL470/Final/Learning_Rig/bee_0408_2/bee_0408_2_rev_green_accident/cam1_2026-04-08_18-07-13.mp4,1671.5,1502.5,1390,1224,1953,1781,0.8103614
158,/Volumes/SmithL0/2026/BIOL470/Final/Learning_Rig/bee_0408_2/bee_0408_2_rev_green_accident/cam1_2026-04-08_18-07-13.mp4,1672.5,1503.0,1390,1230,1955,1776,0.81097853
159,/Volumes/SmithL0/2026/BIOL470/Final/Learning_Rig/bee_0408_2/bee_0408_2_rev_green_accident/cam1_2026-04-08_18-07-13.mp4,1670.0,1501.5,1389,1229,1951,1774,0.8112427
160,/Volumes/SmithL0/2026/BIOL470/Final/Learning_Rig/bee_0408_2/bee_0408_2_rev_green_accident/cam1_2026-04-08_18-07-13.mp4,1669.0,1504.5,1386,1227,1952,1782,0.81083316
161,/Volumes/SmithL0/2026/BIOL470/Final/Learning_Rig/bee_0408_2/bee_0408_2_rev_green_accident/cam1_2026-04-08_18-07-13.mp4,1669.5,1486.0,1382,1220,1957,1752,0.807895
162,/Volumes/SmithL0/2026/BIOL470/Final/Learning_Rig/bee_0408_2/bee_0408_2_rev_green_accident/cam1_2026-04-08_18-07-13.mp4,1661.5,1508.0,1368,1229,1955,1787,0.79781467
163,/Volumes/SmithL0/2026/BIOL470/Final/Learning_Rig/bee_0408_2/bee_0408_2_rev_green_accident/cam1_2026-04-08_18-07-13.mp4,1650.5,1482.5,1358,1221,1943,1744,0.80140734
164,/Volumes/SmithL0/2026/BIOL470/Final/Learning_Rig/bee_0408_2/bee_0408_2_rev_green_accident/cam1_2026-04-08_18-07-13.mp4,1650.5,1506.0,1356,1230,1945,1782,0.79389995
165,/Volumes/SmithL0/2026/BIOL470/Final/Learning_Rig/bee_0408_2/bee_0408_2_rev_green_accident/cam1_2026-04-08_18-07-13.mp4,1655.0,1487.5,1360,1221,1950,1754,0.7957948
166,/Volumes/SmithL0/2026/BIOL470/Final/Learning_Rig/bee_0408_2/bee_0408_2_rev_green_accident/cam1_2026-04-08_18-07-13.mp4,1651.5,1512.5,1357,1229,1946,1796,0.7929579
167,/Volumes/SmithL0/2026/BIOL470/Final/Learning_Rig/bee_0408_2/bee_0408_2_rev_green_accident/cam1_2026-04-08_18-07-13.mp4,1646.0,1516.5,1353,1227,1939,1806,0.79159844
168,/Volumes/SmithL0/2026/BIOL470/Final/Learning_Rig/bee_0408_2/bee_0408_2_rev_green_accident/cam1_2026-04-08_18-07-13.mp4,1655.5,1518.0,1353,1228,1958,1808,0.7906894
169,/Volumes/SmithL0/2026/BIOL470/Final/Learning_Rig/bee_0408_2/bee_0408_2_rev_green_accident/cam1_2026-04-08_18-07-13.mp4,1644.5,1518.5,1351,1229,1938,1808,0.7948655
170,/Volumes/SmithL0/2026/BIOL470/Final/Learning_Rig/bee_0408_2/bee_0408_2_rev_green_accident/cam1_2026-04-08_18-07-13.mp4,1639.5,1518.5,1348,1228,1931,1809,0.79489785
171,/Volumes/SmithL0/2026/BIOL470/Final/Learning_Rig/bee_0408_2/bee_0408_2_rev_green_accident/cam1_2026-04-08_18-07-13.mp4,1630.0,1515.0,1348,1225,1912,1805,0.7987965
172,/Volumes/SmithL0/2026/BIOL470/Final/Learning_Rig/bee_0408_2/bee_0408_2_rev_green_accident/cam1_2026-04-08_18-07-13.mp4,1619.5,1515.0,1340,1224,1899,1806,0.80158067
173,/Volumes/SmithL0/2026/BIOL470/Final/Learning_Rig/bee_0408_2/bee_0408_2_rev_green_accident/cam1_2026-04-08_18-07-13.mp4,1611.0,1543.0,1325,1264,1897,1822,0.7997811
174,/Volumes/SmithL0/2026/BIOL470/Final/Learning_Rig/bee_0408_2/bee_0408_2_rev_green_accident/cam1_2026-04-08_18-07-13.mp4,1613.0,1544.0,1322,1267,1904,1821,0.79107916
175,/Volumes/SmithL0/2026/BIOL470/Final/Learning_Rig/bee_0408_2/bee_0408_2_rev_green_accident/cam1_2026-04-08_18-07-13.mp4,1607.5,1573.0,1321,1338,1894,1808,0.7802534
176,/Volumes/SmithL0/2026/BIOL470/Final/Learning_Rig/bee_0408_2/bee_0408_2_rev_green_accident/cam1_2026-04-08_18-07-13.mp4,1617.0,1571.5,1336,1339,1898,1804,0.74375457
177,/Volumes/SmithL0/2026/BIOL470/Final/Learning_Rig/bee_0408_2/bee_0408_2_rev_green_accident/cam1_2026-04-08_18-07-13.mp4,1517.5,1578.0,1338,1362,1697,1794,0.61734986
178,/Volumes/SmithL0/2026/BIOL470/Final/Learning_Rig/bee_0408_2/bee_0408_2_rev_green_accident/cam1_2026-04-08_18-07-13.mp4,1528.0,1578.5,1347,1361,1709,1796,0.72923136
179,/Volumes/SmithL0/2026/BIOL470/Final/Learning_Rig/bee_0408_2/bee_0408_2_rev_green_accident/cam1_2026-04-08_18-07-13.mp4,1593.5,1573.5,1345,1346,1842,1801,0.6272491
180,/Volumes/SmithL0/2026/BIOL470/Final/Learning_Rig/bee_0408_2/bee_0408_2_rev_green_accident/cam1_2026-04-08_18-07-13.mp4,1624.5,1575.0,1341,1347,1908,1803,0.7348131
181,/Volumes/SmithL0/2026/BIOL470/Final/Learning_Rig/bee_0408_2/bee_0408_2_rev_green_accident/cam1_2026-04-08_18-07-13.mp4,1539.0,1585.5,1347,1364,1731,1807,0.6184776
182,/Volumes/SmithL0/2026/BIOL470/Final/Learning_Rig/bee_0408_2/bee_0408_2_rev_green_accident/cam1_2026-04-08_18-07-13.mp4,1544.0,1577.5,1322,1358,1766,1797,0.7847172
183,/Volumes/SmithL0/2026/BIOL470/Final/Learning_Rig/bee_0408_2/bee_0408_2_rev_green_accident/cam1_2026-04-08_18-07-13.mp4,1601.5,1577.5,1316,1355,1887,1800,0.75566137
184,/Volumes/SmithL0/2026/BIOL470/Final/Learning_Rig/bee_0408_2/bee_0408_2_rev_green_accident/cam1_2026-04-08_18-07-13.mp4,1596.0,1572.5,1302,1337,1890,1808,0.822653
185,/Volumes/SmithL0/2026/BIOL470/Final/Learning_Rig/bee_0408_2/bee_0408_2_rev_green_accident/cam1_2026-04-08_18-07-13.mp4,1595.0,1574.0,1300,1343,1890,1805,0.8230546
186,/Volumes/SmithL0/2026/BIOL470/Final/Learning_Rig/bee_0408_2/bee_0408_2_rev_green_accident/cam1_2026-04-08_18-07-13.mp4,1589.0,1572.5,1301,1338,1877,1807,0.82290316
187,/Volumes/SmithL0/2026/BIOL470/Final/Learning_Rig/bee_0408_2/bee_0408_2_rev_green_accident/cam1_2026-04-08_18-07-13.mp4,1591.5,1571.0,1299,1336,1884,1806,0.8160131
188,/Volumes/SmithL0/2026/BIOL470/Final/Learning_Rig/bee_0408_2/bee_0408_2_rev_green_accident/cam1_2026-04-08_18-07-13.mp4,1583.5,1571.0,1307,1339,1860,1803,0.81037
189,/Volumes/SmithL0/2026/BIOL470/Final/Learning_Rig/bee_0408_2/bee_0408_2_rev_green_accident/cam1_2026-04-08_18-07-13.mp4,1590.0,1572.5,1312,1339,1868,1806,0.8125848
190,/Volumes/SmithL0/2026/BIOL470/Final/Learning_Rig/bee_0408_2/bee_0408_2_rev_green_accident/cam1_2026-04-08_18-07-13.mp4,1576.5,1562.5,1297,1327,1856,1798,0.8177417
191,/Volumes/SmithL0/2026/BIOL470/Final/Learning_Rig/bee_0408_2/bee_0408_2_rev_green_accident/cam1_2026-04-08_18-07-13.mp4,1574.5,1558.0,1295,1321,1854,1795,0.81559944
192,/Volumes/SmithL0/2026/BIOL470/Final/Learning_Rig/bee_0408_2/bee_0408_2_rev_green_accident/cam1_2026-04-08_18-07-13.mp4,1572.0,1536.0,1296,1331,1848,1741,0.80834883
193,/Volumes/SmithL0/2026/BIOL470/Final/Learning_Rig/bee_0408_2/bee_0408_2_rev_green_accident/cam1_2026-04-08_18-07-13.mp4,1582.0,1539.5,1302,1338,1862,1741,0.8016865
194,/Volumes/SmithL0/2026/BIOL470/Final/Learning_Rig/bee_0408_2/bee_0408_2_rev_green_accident/cam1_2026-04-08_18-07-13.mp4,1589.0,1535.5,1309,1337,1869,1734,0.80864465
195,/Volumes/SmithL0/2026/BIOL470/Final/Learning_Rig/bee_0408_2/bee_0408_2_rev_green_accident/cam1_2026-04-08_18-07-13.mp4,1594.5,1539.0,1315,1339,1874,1739,0.81501704
196,/Volumes/SmithL0/2026/BIOL470/Final/Learning_Rig/bee_0408_2/bee_0408_2_rev_green_accident/cam1_2026-04-08_18-07-13.mp4,1613.0,1545.5,1337,1345,1889,1746,0.82130265
197,/Volumes/SmithL0/2026/BIOL470/Final/Learning_Rig/bee_0408_2/bee_0408_2_rev_green_accident/cam1_2026-04-08_18-07-13.mp4,1608.0,1535.5,1326,1337,1890,1734,0.809177
198,/Volumes/SmithL0/2026/BIOL470/Final/Learning_Rig/bee_0408_2/bee_0408_2_rev_green_accident/cam1_2026-04-08_18-07-13.mp4,1602.0,1528.0,1318,1329,1886,1727,0.79882884
199,/Volumes/SmithL0/2026/BIOL470/Final/Learning_Rig/bee_0408_2/bee_0408_2_rev_green_accident/cam1_2026-04-08_18-07-13.mp4,1566.5,1527.0,1309,1313,1824,1741,0.7322745
200,/Volumes/SmithL0/2026/BIOL470/Final/Learning_Rig/bee_0408_2/bee_0408_2_rev_green_accident/cam1_2026-04-08_18-07-13.mp4,1579.0,1512.5,1308,1299,1850,1726,0.8036369
201,/Volumes/SmithL0/2026/BIOL470/Final/Learning_Rig/bee_0408_2/bee_0408_2_rev_green_accident/cam1_2026-04-08_18-07-13.mp4,1579.0,1509.0,1307,1293,1851,1725,0.81029177
202,/Volumes/SmithL0/2026/BIOL470/Final/Learning_Rig/bee_0408_2/bee_0408_2_rev_green_accident/cam1_2026-04-08_18-07-13.mp4,1578.5,1507.5,1307,1291,1850,1724,0.8103715
203,/Volumes/SmithL0/2026/BIOL470/Final/Learning_Rig/bee_0408_2/bee_0408_2_rev_green_accident/cam1_2026-04-08_18-07-13.mp4,1578.5,1508.5,1306,1290,1851,1727,0.80821115
204,/Volumes/SmithL0/2026/BIOL470/Final/Learning_Rig/bee_0408_2/bee_0408_2_rev_green_accident/cam1_2026-04-08_18-07-13.mp4,1573.0,1506.0,1305,1281,1841,1731,0.8071776
205,/Volumes/SmithL0/2026/BIOL470/Final/Learning_Rig/bee_0408_2/bee_0408_2_rev_green_accident/cam1_2026-04-08_18-07-13.mp4,1585.5,1498.0,1308,1253,1863,1743,0.8176696
206,/Volumes/SmithL0/2026/BIOL470/Final/Learning_Rig/bee_0408_2/bee_0408_2_rev_green_accident/cam1_2026-04-08_18-07-13.mp4,1586.0,1502.0,1298,1265,1874,1739,0.82044613
207,/Volumes/SmithL0/2026/BIOL470/Final/Learning_Rig/bee_0408_2/bee_0408_2_rev_green_accident/cam1_2026-04-08_18-07-13.mp4,1585.5,1503.0,1292,1267,1879,1739,0.81869775
208,/Volumes/SmithL0/2026/BIOL470/Final/Learning_Rig/bee_0408_2/bee_0408_2_rev_green_accident/cam1_2026-04-08_18-07-13.mp4,1586.0,1503.0,1290,1268,1882,1738,0.8138462
209,/Volumes/SmithL0/2026/BIOL470/Final/Learning_Rig/bee_0408_2/bee_0408_2_rev_green_accident/cam1_2026-04-08_18-07-13.mp4,1584.0,1503.5,1289,1269,1879,1738,0.8175911
210,/Volumes/SmithL0/2026/BIOL470/Final/Learning_Rig/bee_0408_2/bee_0408_2_rev_green_accident/cam1_2026-04-08_18-07-13.mp4,1561.5,1503.5,1279,1281,1844,1726,0.80554605
211,/Volumes/SmithL0/2026/BIOL470/Final/Learning_Rig/bee_0408_2/bee_0408_2_rev_green_accident/cam1_2026-04-08_18-07-13.mp4,1562.5,1504.5,1279,1282,1846,1727,0.80764276
212,/Volumes/SmithL0/2026/BIOL470/Final/Learning_Rig/bee_0408_2/bee_0408_2_rev_green_accident/cam1_2026-04-08_18-07-13.mp4,1561.0,1505.5,1274,1284,1848,1727,0.8096678
213,/Volumes/SmithL0/2026/BIOL470/Final/Learning_Rig/bee_0408_2/bee_0408_2_rev_green_accident/cam1_2026-04-08_18-07-13.mp4,1558.0,1507.0,1272,1285,1844,1729,0.80564094
214,/Volumes/SmithL0/2026/BIOL470/Final/Learning_Rig/bee_0408_2/bee_0408_2_rev_green_accident/cam1_2026-04-08_18-07-13.mp4,1555.5,1508.0,1270,1287,1841,1729,0.80371
215,/Volumes/SmithL0/2026/BIOL470/Final/Learning_Rig/bee_0408_2/bee_0408_2_rev_green_accident/cam1_2026-04-08_18-07-13.mp4,1560.0,1513.0,1277,1289,1843,1737,0.79982764
216,/Volumes/SmithL0/2026/BIOL470/Final/Learning_Rig/bee_0408_2/bee_0408_2_rev_green_accident/cam1_2026-04-08_18-07-13.mp4,1559.5,1514.0,1278,1291,1841,1737,0.7985857
217,/Volumes/SmithL0/2026/BIOL470/Final/Learning_Rig/bee_0408_2/bee_0408_2_rev_green_accident/cam1_2026-04-08_18-07-13.mp4,1558.0,1513.5,1279,1290,1837,1737,0.8032705
218,/Volumes/SmithL0/2026/BIOL470/Final/Learning_Rig/bee_0408_2/bee_0408_2_rev_green_accident/cam1_2026-04-08_18-07-13.mp4,1553.5,1508.5,1269,1287,1838,1730,0.8054889
219,/Volumes/SmithL0/2026/BIOL470/Final/Learning_Rig/bee_0408_2/bee_0408_2_rev_green_accident/cam1_2026-04-08_18-07-13.mp4,1553.5,1508.5,1268,1287,1839,1730,0.8028311
220,/Volumes/SmithL0/2026/BIOL470/Final/Learning_Rig/bee_0408_2/bee_0408_2_rev_green_accident/cam1_2026-04-08_18-07-13.mp4,1560.5,1512.0,1278,1288,1843,1736,0.79973376
221,/Volumes/SmithL0/2026/BIOL470/Final/Learning_Rig/bee_0408_2/bee_0408_2_rev_green_accident/cam1_2026-04-08_18-07-13.mp4,1552.5,1511.0,1270,1292,1835,1730,0.7901264
222,/Volumes/SmithL0/2026/BIOL470/Final/Learning_Rig/bee_0408_2/bee_0408_2_rev_green_accident/cam1_2026-04-08_18-07-13.mp4,1551.5,1513.5,1269,1295,1834,1732,0.78456306
223,/Volumes/SmithL0/2026/BIOL470/Final/Learning_Rig/bee_0408_2/bee_0408_2_rev_green_accident/cam1_2026-04-08_18-07-13.mp4,1549.5,1516.0,1267,1295,1832,1737,0.78348124
224,/Volumes/SmithL0/2026/BIOL470/Final/Learning_Rig/bee_0408_2/bee_0408_2_rev_green_accident/cam1_2026-04-08_18-07-13.mp4,1542.5,1516.0,1268,1292,1817,1740,0.7946593
225,/Volumes/SmithL0/2026/BIOL470/Final/Learning_Rig/bee_0408_2/bee_0408_2_rev_green_accident/cam1_2026-04-08_18-07-13.mp4,1537.5,1515.5,1264,1292,1811,1739,0.79535306
226,/Volumes/SmithL0/2026/BIOL470/Final/Learning_Rig/bee_0408_2/bee_0408_2_rev_green_accident/cam1_2026-04-08_18-07-13.mp4,1539.0,1516.0,1261,1294,1817,1738,0.7871624
227,/Volumes/SmithL0/2026/BIOL470/Final/Learning_Rig/bee_0408_2/bee_0408_2_rev_green_accident/cam1_2026-04-08_18-07-13.mp4,1502.0,1518.5,1259,1299,1745,1738,0.79999053
228,/Volumes/SmithL0/2026/BIOL470/Final/Learning_Rig/bee_0408_2/bee_0408_2_rev_green_accident/cam1_2026-04-08_18-07-13.mp4,1526.5,1518.5,1258,1301,1795,1736,0.79838854
229,/Volumes/SmithL0/2026/BIOL470/Final/Learning_Rig/bee_0408_2/bee_0408_2_rev_green_accident/cam1_2026-04-08_18-07-13.mp4,1523.0,1518.5,1257,1304,1789,1733,0.81784153
230,/Volumes/SmithL0/2026/BIOL470/Final/Learning_Rig/bee_0408_2/bee_0408_2_rev_green_accident/cam1_2026-04-08_18-07-13.mp4,1522.5,1522.0,1255,1310,1790,1734,0.8126945
231,/Volumes/SmithL0/2026/BIOL470/Final/Learning_Rig/bee_0408_2/bee_0408_2_rev_green_accident/cam1_2026-04-08_18-07-13.mp4,1521.5,1523.5,1255,1314,1788,1733,0.81210023
232,/Volumes/SmithL0/2026/BIOL470/Final/Learning_Rig/bee_0408_2/bee_0408_2_rev_green_accident/cam1_2026-04-08_18-07-13.mp4,1521.0,1523.0,1255,1314,1787,1732,0.80764467
233,/Volumes/SmithL0/2026/BIOL470/Final/Learning_Rig/bee_0408_2/bee_0408_2_rev_green_accident/cam1_2026-04-08_18-07-13.mp4,1522.5,1524.5,1255,1316,1790,1733,0.8071865
234,/Volumes/SmithL0/2026/BIOL470/Final/Learning_Rig/bee_0408_2/bee_0408_2_rev_green_accident/cam1_2026-04-08_18-07-13.mp4,1519.5,1525.5,1255,1317,1784,1734,0.81656754
235,/Volumes/SmithL0/2026/BIOL470/Final/Learning_Rig/bee_0408_2/bee_0408_2_rev_green_accident/cam1_2026-04-08_18-07-13.mp4,1528.0,1526.5,1254,1319,1802,1734,0.80598307
236,/Volumes/SmithL0/2026/BIOL470/Final/Learning_Rig/bee_0408_2/bee_0408_2_rev_green_accident/cam1_2026-04-08_18-07-13.mp4,1526.0,1525.5,1254,1319,1798,1732,0.80994934
237,/Volumes/SmithL0/2026/BIOL470/Final/Learning_Rig/bee_0408_2/bee_0408_2_rev_green_accident/cam1_2026-04-08_18-07-13.mp4,1524.5,1526.0,1254,1321,1795,1731,0.8172858
238,/Volumes/SmithL0/2026/BIOL470/Final/Learning_Rig/bee_0408_2/bee_0408_2_rev_green_accident/cam1_2026-04-08_18-07-13.mp4,1519.5,1526.5,1254,1321,1785,1732,0.81621444
239,/Volumes/SmithL0/2026/BIOL470/Final/Learning_Rig/bee_0408_2/bee_0408_2_rev_green_accident/cam1_2026-04-08_18-07-13.mp4,1519.5,1527.0,1254,1323,1785,1731,0.83048075
240,/Volumes/SmithL0/2026/BIOL470/Final/Learning_Rig/bee_0408_2/bee_0408_2_rev_green_accident/cam1_2026-04-08_18-07-13.mp4,1519.5,1528.5,1254,1325,1785,1732,0.8222914
241,/Volumes/SmithL0/2026/BIOL470/Final/Learning_Rig/bee_0408_2/bee_0408_2_rev_green_accident/cam1_2026-04-08_18-07-13.mp4,1520.0,1528.5,1254,1325,1786,1732,0.822117
242,/Volumes/SmithL0/2026/BIOL470/Final/Learning_Rig/bee_0408_2/bee_0408_2_rev_green_accident/cam1_2026-04-08_18-07-13.mp4,1518.5,1528.5,1254,1325,1783,1732,0.82568264
243,/Volumes/SmithL0/2026/BIOL470/Final/Learning_Rig/bee_0408_2/bee_0408_2_rev_green_accident/cam1_2026-04-08_18-07-13.mp4,1518.0,1529.0,1254,1324,1782,1734,0.8263839
244,/Volumes/SmithL0/2026/BIOL470/Final/Learning_Rig/bee_0408_2/bee_0408_2_rev_green_accident/cam1_2026-04-08_18-07-13.mp4,1518.5,1529.0,1254,1324,1783,1734,0.82736987
245,/Volumes/SmithL0/2026/BIOL470/Final/Learning_Rig/bee_0408_2/bee_0408_2_rev_green_accident/cam1_2026-04-08_18-07-13.mp4,1517.5,1530.5,1254,1327,1781,1734,0.82734084
246,/Volumes/SmithL0/2026/BIOL470/Final/Learning_Rig/bee_0408_2/bee_0408_2_rev_green_accident/cam1_2026-04-08_18-07-13.mp4,1516.5,1530.0,1253,1326,1780,1734,0.8266075
247,/Volumes/SmithL0/2026/BIOL470/Final/Learning_Rig/bee_0408_2/bee_0408_2_rev_green_accident/cam1_2026-04-08_18-07-13.mp4,1517.0,1530.5,1252,1328,1782,1733,0.82073605
248,/Volumes/SmithL0/2026/BIOL470/Final/Learning_Rig/bee_0408_2/bee_0408_2_rev_green_accident/cam1_2026-04-08_18-07-13.mp4,1517.5,1531.0,1253,1329,1782,1733,0.8147866
249,/Volumes/SmithL0/2026/BIOL470/Final/Learning_Rig/bee_0408_2/bee_0408_2_rev_green_accident/cam1_2026-04-08_18-07-13.mp4,1517.5,1530.5,1252,1330,1783,1731,0.8052201
250,/Volumes/SmithL0/2026/BIOL470/Final/Learning_Rig/bee_0408_2/bee_0408_2_rev_green_accident/cam1_2026-04-08_18-07-13.mp4,1518.0,1530.5,1252,1330,1784,1731,0.8121121
251,/Volumes/SmithL0/2026/BIOL470/Final/Learning_Rig/bee_0408_2/bee_0408_2_rev_green_accident/cam1_2026-04-08_18-07-13.mp4,1519.5,1531.0,1252,1331,1787,1731,0.8113647
252,/Volumes/SmithL0/2026/BIOL470/Final/Learning_Rig/bee_0408_2/bee_0408_2_rev_green_accident/cam1_2026-04-08_18-07-13.mp4,1520.5,1531.0,1253,1331,1788,1731,0.8068012
253,/Volumes/SmithL0/2026/BIOL470/Final/Learning_Rig/bee_0408_2/bee_0408_2_rev_green_accident/cam1_2026-04-08_18-07-13.mp4,1525.5,1528.5,1250,1328,1801,1729,0.8070259
254,/Volumes/SmithL0/2026/BIOL470/Final/Learning_Rig/bee_0408_2/bee_0408_2_rev_green_accident/cam1_2026-04-08_18-07-13.mp4,1521.0,1533.5,1256,1335,1786,1732,0.8033928
255,/Volumes/SmithL0/2026/BIOL470/Final/Learning_Rig/bee_0408_2/bee_0408_2_rev_green_accident/cam1_2026-04-08_18-07-13.mp4,1522.0,1534.0,1256,1336,1788,1732,0.8078997
256,/Volumes/SmithL0/2026/BIOL470/Final/Learning_Rig/bee_0408_2/bee_0408_2_rev_green_accident/cam1_2026-04-08_18-07-13.mp4,1523.0,1534.5,1257,1337,1789,1732,0.8059039
257,/Volumes/SmithL0/2026/BIOL470/Final/Learning_Rig/bee_0408_2/bee_0408_2_rev_green_accident/cam1_2026-04-08_18-07-13.mp4,1525.0,1530.5,1254,1331,1796,1730,0.8066793
258,/Volumes/SmithL0/2026/BIOL470/Final/Learning_Rig/bee_0408_2/bee_0408_2_rev_green_accident/cam1_2026-04-08_18-07-13.mp4,1526.5,1530.5,1255,1331,1798,1730,0.80316895
259,/Volumes/SmithL0/2026/BIOL470/Final/Learning_Rig/bee_0408_2/bee_0408_2_rev_green_accident/cam1_2026-04-08_18-07-13.mp4,1526.5,1530.0,1256,1331,1797,1729,0.8040697
260,/Volumes/SmithL0/2026/BIOL470/Final/Learning_Rig/bee_0408_2/bee_0408_2_rev_green_accident/cam1_2026-04-08_18-07-13.mp4,1526.5,1530.5,1256,1331,1797,1730,0.8050404
261,/Volumes/SmithL0/2026/BIOL470/Final/Learning_Rig/bee_0408_2/bee_0408_2_rev_green_accident/cam1_2026-04-08_18-07-13.mp4,1522.0,1535.5,1259,1337,1785,1734,0.8085955
262,/Volumes/SmithL0/2026/BIOL470/Final/Learning_Rig/bee_0408_2/bee_0408_2_rev_green_accident/cam1_2026-04-08_18-07-13.mp4,1523.5,1535.5,1258,1337,1789,1734,0.8152833
263,/Volumes/SmithL0/2026/BIOL470/Final/Learning_Rig/bee_0408_2/bee_0408_2_rev_green_accident/cam1_2026-04-08_18-07-13.mp4,1522.5,1535.0,1259,1337,1786,1733,0.81584746
264,/Volumes/SmithL0/2026/BIOL470/Final/Learning_Rig/bee_0408_2/bee_0408_2_rev_green_accident/cam1_2026-04-08_18-07-13.mp4,1523.5,1535.5,1260,1338,1787,1733,0.8131157
265,/Volumes/SmithL0/2026/BIOL470/Final/Learning_Rig/bee_0408_2/bee_0408_2_rev_green_accident/cam1_2026-04-08_18-07-13.mp4,1523.5,1536.0,1259,1338,1788,1734,0.8120525
266,/Volumes/SmithL0/2026/BIOL470/Final/Learning_Rig/bee_0408_2/bee_0408_2_rev_green_accident/cam1_2026-04-08_18-07-13.mp4,1523.5,1536.5,1259,1339,1788,1734,0.81432307
267,/Volumes/SmithL0/2026/BIOL470/Final/Learning_Rig/bee_0408_2/bee_0408_2_rev_green_accident/cam1_2026-04-08_18-07-13.mp4,1524.5,1537.5,1259,1341,1790,1734,0.81090885
268,/Volumes/SmithL0/2026/BIOL470/Final/Learning_Rig/bee_0408_2/bee_0408_2_rev_green_accident/cam1_2026-04-08_18-07-13.mp4,1518.5,1538.5,1255,1344,1782,1733,0.82218677
269,/Volumes/SmithL0/2026/BIOL470/Final/Learning_Rig/bee_0408_2/bee_0408_2_rev_green_accident/cam1_2026-04-08_18-07-13.mp4,1516.5,1539.5,1253,1345,1780,1734,0.82381344
270,/Volumes/SmithL0/2026/BIOL470/Final/Learning_Rig/bee_0408_2/bee_0408_2_rev_green_accident/cam1_2026-04-08_18-07-13.mp4,1502.5,1546.0,1244,1350,1761,1742,0.83509105
271,/Volumes/SmithL0/2026/BIOL470/Final/Learning_Rig/bee_0408_2/bee_0408_2_rev_green_accident/cam1_2026-04-08_18-07-13.mp4,1501.5,1546.5,1240,1351,1763,1742,0.8266022
272,/Volumes/SmithL0/2026/BIOL470/Final/Learning_Rig/bee_0408_2/bee_0408_2_rev_green_accident/cam1_2026-04-08_18-07-13.mp4,1501.5,1546.0,1238,1351,1765,1741,0.8196015
273,/Volumes/SmithL0/2026/BIOL470/Final/Learning_Rig/bee_0408_2/bee_0408_2_rev_green_accident/cam1_2026-04-08_18-07-13.mp4,1504.0,1545.5,1238,1350,1770,1741,0.8078938
274,/Volumes/SmithL0/2026/BIOL470/Final/Learning_Rig/bee_0408_2/bee_0408_2_rev_green_accident/cam1_2026-04-08_18-07-13.mp4,1503.5,1545.5,1241,1350,1766,1741,0.8176031
275,/Volumes/SmithL0/2026/BIOL470/Final/Learning_Rig/bee_0408_2/bee_0408_2_rev_green_accident/cam1_2026-04-08_18-07-13.mp4,1507.0,1546.0,1246,1350,1768,1742,0.8228095
276,/Volumes/SmithL0/2026/BIOL470/Final/Learning_Rig/bee_0408_2/bee_0408_2_rev_green_accident/cam1_2026-04-08_18-07-13.mp4,1511.0,1544.0,1246,1351,1776,1737,0.8216252
277,/Volumes/SmithL0/2026/BIOL470/Final/Learning_Rig/bee_0408_2/bee_0408_2_rev_green_accident/cam1_2026-04-08_18-07-13.mp4,1510.5,1543.5,1246,1350,1775,1737,0.82518905
278,/Volumes/SmithL0/2026/BIOL470/Final/Learning_Rig/bee_0408_2/bee_0408_2_rev_green_accident/cam1_2026-04-08_18-07-13.mp4,1511.0,1543.0,1246,1350,1776,1736,0.82103026
279,/Volumes/SmithL0/2026/BIOL470/Final/Learning_Rig/bee_0408_2/bee_0408_2_rev_green_accident/cam1_2026-04-08_18-07-13.mp4,1510.5,1543.0,1246,1350,1775,1736,0.82417864
280,/Volumes/SmithL0/2026/BIOL470/Final/Learning_Rig/bee_0408_2/bee_0408_2_rev_green_accident/cam1_2026-04-08_18-07-13.mp4,1509.5,1543.5,1247,1351,1772,1736,0.8300623
281,/Volumes/SmithL0/2026/BIOL470/Final/Learning_Rig/bee_0408_2/bee_0408_2_rev_green_accident/cam1_2026-04-08_18-07-13.mp4,1509.0,1543.5,1248,1351,1770,1736,0.83639497
282,/Volumes/SmithL0/2026/BIOL470/Final/Learning_Rig/bee_0408_2/bee_0408_2_rev_green_accident/cam1_2026-04-08_18-07-13.mp4,1509.5,1543.5,1250,1352,1769,1735,0.8431215
283,/Volumes/SmithL0/2026/BIOL470/Final/Learning_Rig/bee_0408_2/bee_0408_2_rev_green_accident/cam1_2026-04-08_18-07-13.mp4,1510.0,1543.0,1251,1351,1769,1735,0.8473424
284,/Volumes/SmithL0/2026/BIOL470/Final/Learning_Rig/bee_0408_2/bee_0408_2_rev_green_accident/cam1_2026-04-08_18-07-13.mp4,1510.0,1544.0,1251,1351,1769,1737,0.8434651
285,/Volumes/SmithL0/2026/BIOL470/Final/Learning_Rig/bee_0408_2/bee_0408_2_rev_green_accident/cam1_2026-04-08_18-07-13.mp4,1511.5,1544.0,1250,1352,1773,1736,0.84186137
286,/Volumes/SmithL0/2026/BIOL470/Final/Learning_Rig/bee_0408_2/bee_0408_2_rev_green_accident/cam1_2026-04-08_18-07-13.mp4,1513.5,1543.5,1252,1351,1775,1736,0.8410526
287,/Volumes/SmithL0/2026/BIOL470/Final/Learning_Rig/bee_0408_2/bee_0408_2_rev_green_accident/cam1_2026-04-08_18-07-13.mp4,1513.5,1541.5,1251,1350,1776,1733,0.83957845
288,/Volumes/SmithL0/2026/BIOL470/Final/Learning_Rig/bee_0408_2/bee_0408_2_rev_green_accident/cam1_2026-04-08_18-07-13.mp4,1512.5,1542.0,1251,1350,1774,1734,0.8407522
289,/Volumes/SmithL0/2026/BIOL470/Final/Learning_Rig/bee_0408_2/bee_0408_2_rev_green_accident/cam1_2026-04-08_18-07-13.mp4,1512.5,1541.5,1251,1349,1774,1734,0.8384307
290,/Volumes/SmithL0/2026/BIOL470/Final/Learning_Rig/bee_0408_2/bee_0408_2_rev_green_accident/cam1_2026-04-08_18-07-13.mp4,1513.0,1541.0,1251,1348,1775,1734,0.8338637
291,/Volumes/SmithL0/2026/BIOL470/Final/Learning_Rig/bee_0408_2/bee_0408_2_rev_green_accident/cam1_2026-04-08_18-07-13.mp4,1513.5,1540.0,1252,1348,1775,1732,0.8338799
292,/Volumes/SmithL0/2026/BIOL470/Final/Learning_Rig/bee_0408_2/bee_0408_2_rev_green_accident/cam1_2026-04-08_18-07-13.mp4,1514.0,1540.0,1252,1348,1776,1732,0.8312459
293,/Volumes/SmithL0/2026/BIOL470/Final/Learning_Rig/bee_0408_2/bee_0408_2_rev_green_accident/cam1_2026-04-08_18-07-13.mp4,1514.5,1539.5,1252,1347,1777,1732,0.83584
294,/Volumes/SmithL0/2026/BIOL470/Final/Learning_Rig/bee_0408_2/bee_0408_2_rev_green_accident/cam1_2026-04-08_18-07-13.mp4,1515.0,1539.5,1253,1347,1777,1732,0.8327723
295,/Volumes/SmithL0/2026/BIOL470/Final/Learning_Rig/bee_0408_2/bee_0408_2_rev_green_accident/cam1_2026-04-08_18-07-13.mp4,1514.5,1539.5,1252,1347,1777,1732,0.8319519
296,/Volumes/SmithL0/2026/BIOL470/Final/Learning_Rig/bee_0408_2/bee_0408_2_rev_green_accident/cam1_2026-04-08_18-07-13.mp4,1514.5,1540.0,1252,1347,1777,1733,0.8257707
297,/Volumes/SmithL0/2026/BIOL470/Final/Learning_Rig/bee_0408_2/bee_0408_2_rev_green_accident/cam1_2026-04-08_18-07-13.mp4,1515.5,1540.5,1253,1347,1778,1734,0.83046037
298,/Volumes/SmithL0/2026/BIOL470/Final/Learning_Rig/bee_0408_2/bee_0408_2_rev_green_accident/cam1_2026-04-08_18-07-13.mp4,1515.5,1539.5,1253,1347,1778,1732,0.8284122
299,/Volumes/SmithL0/2026/BIOL470/Final/Learning_Rig/bee_0408_2/bee_0408_2_rev_green_accident/cam1_2026-04-08_18-07-13.mp4,1515.5,1539.5,1253,1347,1778,1732,0.8237391
300,/Volumes/SmithL0/2026/BIOL470/Final/Learning_Rig/bee_0408_2/bee_0408_2_rev_green_accident/cam1_2026-04-08_18-07-13.mp4,1514.5,1539.5,1252,1347,1777,1732,0.82973415
301,/Volumes/SmithL0/2026/BIOL470/Final/Learning_Rig/bee_0408_2/bee_0408_2_rev_green_accident/cam1_2026-04-08_18-07-13.mp4,1515.0,1539.0,1253,1347,1777,1731,0.83134323
302,/Volumes/SmithL0/2026/BIOL470/Final/Learning_Rig/bee_0408_2/bee_0408_2_rev_green_accident/cam1_2026-04-08_18-07-13.mp4,1515.0,1540.0,1253,1348,1777,1732,0.83018076
303,/Volumes/SmithL0/2026/BIOL470/Final/Learning_Rig/bee_0408_2/bee_0408_2_rev_green_accident/cam1_2026-04-08_18-07-13.mp4,1515.0,1540.5,1253,1349,1777,1732,0.8281716
304,/Volumes/SmithL0/2026/BIOL470/Final/Learning_Rig/bee_0408_2/bee_0408_2_rev_green_accident/cam1_2026-04-08_18-07-13.mp4,1515.5,1540.0,1253,1348,1778,1732,0.8265533
305,/Volumes/SmithL0/2026/BIOL470/Final/Learning_Rig/bee_0408_2/bee_0408_2_rev_green_accident/cam1_2026-04-08_18-07-13.mp4,1515.0,1539.0,1253,1347,1777,1731,0.8325699
306,/Volumes/SmithL0/2026/BIOL470/Final/Learning_Rig/bee_0408_2/bee_0408_2_rev_green_accident/cam1_2026-04-08_18-07-13.mp4,1515.5,1539.5,1254,1348,1777,1731,0.8336859
307,/Volumes/SmithL0/2026/BIOL470/Final/Learning_Rig/bee_0408_2/bee_0408_2_rev_green_accident/cam1_2026-04-08_18-07-13.mp4,1516.0,1539.5,1254,1347,1778,1732,0.83344656
308,/Volumes/SmithL0/2026/BIOL470/Final/Learning_Rig/bee_0408_2/bee_0408_2_rev_green_accident/cam1_2026-04-08_18-07-13.mp4,1515.5,1540.5,1253,1348,1778,1733,0.8334561
309,/Volumes/SmithL0/2026/BIOL470/Final/Learning_Rig/bee_0408_2/bee_0408_2_rev_green_accident/cam1_2026-04-08_18-07-13.mp4,1516.0,1541.5,1254,1349,1778,1734,0.8314685
310,/Volumes/SmithL0/2026/BIOL470/Final/Learning_Rig/bee_0408_2/bee_0408_2_rev_green_accident/cam1_2026-04-08_18-07-13.mp4,1515.5,1540.5,1254,1348,1777,1733,0.8320941
311,/Volumes/SmithL0/2026/BIOL470/Final/Learning_Rig/bee_0408_2/bee_0408_2_rev_green_accident/cam1_2026-04-08_18-07-13.mp4,1515.5,1540.0,1254,1348,1777,1732,0.83643574
312,/Volumes/SmithL0/2026/BIOL470/Final/Learning_Rig/bee_0408_2/bee_0408_2_rev_green_accident/cam1_2026-04-08_18-07-13.mp4,1516.0,1539.5,1254,1347,1778,1732,0.83438784
313,/Volumes/SmithL0/2026/BIOL470/Final/Learning_Rig/bee_0408_2/bee_0408_2_rev_green_accident/cam1_2026-04-08_18-07-13.mp4,1516.5,1540.0,1254,1348,1779,1732,0.8319447
314,/Volumes/SmithL0/2026/BIOL470/Final/Learning_Rig/bee_0408_2/bee_0408_2_rev_green_accident/cam1_2026-04-08_18-07-13.mp4,1516.0,1540.0,1254,1348,1778,1732,0.8323348
315,/Volumes/SmithL0/2026/BIOL470/Final/Learning_Rig/bee_0408_2/bee_0408_2_rev_green_accident/cam1_2026-04-08_18-07-13.mp4,1516.0,1540.5,1254,1348,1778,1733,0.8306722
316,/Volumes/SmithL0/2026/BIOL470/Final/Learning_Rig/bee_0408_2/bee_0408_2_rev_green_accident/cam1_2026-04-08_18-07-13.mp4,1516.0,1540.5,1254,1348,1778,1733,0.8299694
317,/Volumes/SmithL0/2026/BIOL470/Final/Learning_Rig/bee_0408_2/bee_0408_2_rev_green_accident/cam1_2026-04-08_18-07-13.mp4,1516.0,1540.5,1254,1348,1778,1733,0.82925236
318,/Volumes/SmithL0/2026/BIOL470/Final/Learning_Rig/bee_0408_2/bee_0408_2_rev_green_accident/cam1_2026-04-08_18-07-13.mp4,1516.0,1540.0,1254,1348,1778,1732,0.83125615
319,/Volumes/SmithL0/2026/BIOL470/Final/Learning_Rig/bee_0408_2/bee_0408_2_rev_green_accident/cam1_2026-04-08_18-07-13.mp4,1516.0,1540.5,1254,1349,1778,1732,0.82910216
320,/Volumes/SmithL0/2026/BIOL470/Final/Learning_Rig/bee_0408_2/bee_0408_2_rev_green_accident/cam1_2026-04-08_18-07-13.mp4,1516.0,1539.5,1254,1348,1778,1731,0.833943
321,/Volumes/SmithL0/2026/BIOL470/Final/Learning_Rig/bee_0408_2/bee_0408_2_rev_green_accident/cam1_2026-04-08_18-07-13.mp4,1515.5,1540.5,1253,1349,1778,1732,0.8333195
322,/Volumes/SmithL0/2026/BIOL470/Final/Learning_Rig/bee_0408_2/bee_0408_2_rev_green_accident/cam1_2026-04-08_18-07-13.mp4,1516.0,1540.0,1254,1348,1778,1732,0.83280075
323,/Volumes/SmithL0/2026/BIOL470/Final/Learning_Rig/bee_0408_2/bee_0408_2_rev_green_accident/cam1_2026-04-08_18-07-13.mp4,1516.5,1539.5,1254,1347,1779,1732,0.8320589
324,/Volumes/SmithL0/2026/BIOL470/Final/Learning_Rig/bee_0408_2/bee_0408_2_rev_green_accident/cam1_2026-04-08_18-07-13.mp4,1516.0,1539.0,1254,1347,1778,1731,0.8279678
325,/Volumes/SmithL0/2026/BIOL470/Final/Learning_Rig/bee_0408_2/bee_0408_2_rev_green_accident/cam1_2026-04-08_18-07-13.mp4,1516.5,1539.5,1254,1347,1779,1732,0.8288286
326,/Volumes/SmithL0/2026/BIOL470/Final/Learning_Rig/bee_0408_2/bee_0408_2_rev_green_accident/cam1_2026-04-08_18-07-13.mp4,1517.0,1539.5,1255,1347,1779,1732,0.8293357
327,/Volumes/SmithL0/2026/BIOL470/Final/Learning_Rig/bee_0408_2/bee_0408_2_rev_green_accident/cam1_2026-04-08_18-07-13.mp4,1515.0,1538.0,1253,1346,1777,1730,0.83919
328,/Volumes/SmithL0/2026/BIOL470/Final/Learning_Rig/bee_0408_2/bee_0408_2_rev_green_accident/cam1_2026-04-08_18-07-13.mp4,1516.0,1538.5,1254,1346,1778,1731,0.8383324
329,/Volumes/SmithL0/2026/BIOL470/Final/Learning_Rig/bee_0408_2/bee_0408_2_rev_green_accident/cam1_2026-04-08_18-07-13.mp4,1517.0,1538.5,1254,1346,1780,1731,0.83568305
330,/Volumes/SmithL0/2026/BIOL470/Final/Learning_Rig/bee_0408_2/bee_0408_2_rev_green_accident/cam1_2026-04-08_18-07-13.mp4,1515.0,1537.5,1253,1343,1777,1732,0.83344257
331,/Volumes/SmithL0/2026/BIOL470/Final/Learning_Rig/bee_0408_2/bee_0408_2_rev_green_accident/cam1_2026-04-08_18-07-13.mp4,1515.0,1537.0,1253,1340,1777,1734,0.82614607
332,/Volumes/SmithL0/2026/BIOL470/Final/Learning_Rig/bee_0408_2/bee_0408_2_rev_green_accident/cam1_2026-04-08_18-07-13.mp4,1516.0,1536.5,1253,1338,1779,1735,0.81352824
333,/Volumes/SmithL0/2026/BIOL470/Final/Learning_Rig/bee_0408_2/bee_0408_2_rev_green_accident/cam1_2026-04-08_18-07-13.mp4,1516.0,1532.0,1255,1329,1777,1735,0.8051195
334,/Volumes/SmithL0/2026/BIOL470/Final/Learning_Rig/bee_0408_2/bee_0408_2_rev_green_accident/cam1_2026-04-08_18-07-13.mp4,1516.0,1532.0,1255,1328,1777,1736,0.8032341
335,/Volumes/SmithL0/2026/BIOL470/Final/Learning_Rig/bee_0408_2/bee_0408_2_rev_green_accident/cam1_2026-04-08_18-07-13.mp4,1515.5,1533.5,1254,1332,1777,1735,0.80478525
336,/Volumes/SmithL0/2026/BIOL470/Final/Learning_Rig/bee_0408_2/bee_0408_2_rev_green_accident/cam1_2026-04-08_18-07-13.mp4,1516.0,1534.5,1254,1334,1778,1735,0.8092578
337,/Volumes/SmithL0/2026/BIOL470/Final/Learning_Rig/bee_0408_2/bee_0408_2_rev_green_accident/cam1_2026-04-08_18-07-13.mp4,1517.5,1534.5,1254,1335,1781,1734,0.8066894
338,/Volumes/SmithL0/2026/BIOL470/Final/Learning_Rig/bee_0408_2/bee_0408_2_rev_green_accident/cam1_2026-04-08_18-07-13.mp4,1517.5,1534.0,1254,1335,1781,1733,0.8098581
339,/Volumes/SmithL0/2026/BIOL470/Final/Learning_Rig/bee_0408_2/bee_0408_2_rev_green_accident/cam1_2026-04-08_18-07-13.mp4,1518.0,1533.5,1253,1334,1783,1733,0.80213594
340,/Volumes/SmithL0/2026/BIOL470/Final/Learning_Rig/bee_0408_2/bee_0408_2_rev_green_accident/cam1_2026-04-08_18-07-13.mp4,1519.0,1533.0,1253,1333,1785,1733,0.7945686
341,/Volumes/SmithL0/2026/BIOL470/Final/Learning_Rig/bee_0408_2/bee_0408_2_rev_green_accident/cam1_2026-04-08_18-07-13.mp4,1522.5,1529.0,1252,1328,1793,1730,0.7923614
342,/Volumes/SmithL0/2026/BIOL470/Final/Learning_Rig/bee_0408_2/bee_0408_2_rev_green_accident/cam1_2026-04-08_18-07-13.mp4,1515.0,1533.0,1253,1334,1777,1732,0.8243319
343,/Volumes/SmithL0/2026/BIOL470/Final/Learning_Rig/bee_0408_2/bee_0408_2_rev_green_accident/cam1_2026-04-08_18-07-13.mp4,1515.5,1534.0,1254,1335,1777,1733,0.8180114
344,/Volumes/SmithL0/2026/BIOL470/Final/Learning_Rig/bee_0408_2/bee_0408_2_rev_green_accident/cam1_2026-04-08_18-07-13.mp4,1516.0,1534.5,1254,1334,1778,1735,0.81488466
345,/Volumes/SmithL0/2026/BIOL470/Final/Learning_Rig/bee_0408_2/bee_0408_2_rev_green_accident/cam1_2026-04-08_18-07-13.mp4,1516.5,1534.0,1254,1334,1779,1734,0.81351614
346,/Volumes/SmithL0/2026/BIOL470/Final/Learning_Rig/bee_0408_2/bee_0408_2_rev_green_accident/cam1_2026-04-08_18-07-13.mp4,1517.5,1534.5,1254,1334,1781,1735,0.8100067
347,/Volumes/SmithL0/2026/BIOL470/Final/Learning_Rig/bee_0408_2/bee_0408_2_rev_green_accident/cam1_2026-04-08_18-07-13.mp4,1517.0,1534.5,1255,1335,1779,1734,0.81021196
348,/Volumes/SmithL0/2026/BIOL470/Final/Learning_Rig/bee_0408_2/bee_0408_2_rev_green_accident/cam1_2026-04-08_18-07-13.mp4,1516.5,1535.5,1255,1336,1778,1735,0.8151257
349,/Volumes/SmithL0/2026/BIOL470/Final/Learning_Rig/bee_0408_2/bee_0408_2_rev_green_accident/cam1_2026-04-08_18-07-13.mp4,1516.0,1535.5,1255,1335,1777,1736,0.8142766
350,/Volumes/SmithL0/2026/BIOL470/Final/Learning_Rig/bee_0408_2/bee_0408_2_rev_green_accident/cam1_2026-04-08_18-07-13.mp4,1518.0,1534.0,1255,1334,1781,1734,0.8054084
351,/Volumes/SmithL0/2026/BIOL470/Final/Learning_Rig/bee_0408_2/bee_0408_2_rev_green_accident/cam1_2026-04-08_18-07-13.mp4,1518.0,1533.0,1254,1332,1782,1734,0.8062005
352,/Volumes/SmithL0/2026/BIOL470/Final/Learning_Rig/bee_0408_2/bee_0408_2_rev_green_accident/cam1_2026-04-08_18-07-13.mp4,1518.0,1534.0,1254,1333,1782,1735,0.8085621
353,/Volumes/SmithL0/2026/BIOL470/Final/Learning_Rig/bee_0408_2/bee_0408_2_rev_green_accident/cam1_2026-04-08_18-07-13.mp4,1518.5,1534.5,1254,1333,1783,1736,0.80157113
354,/Volumes/SmithL0/2026/BIOL470/Final/Learning_Rig/bee_0408_2/bee_0408_2_rev_green_accident/cam1_2026-04-08_18-07-13.mp4,1518.5,1534.5,1254,1333,1783,1736,0.8085193
355,/Volumes/SmithL0/2026/BIOL470/Final/Learning_Rig/bee_0408_2/bee_0408_2_rev_green_accident/cam1_2026-04-08_18-07-13.mp4,1519.0,1534.5,1254,1332,1784,1737,0.8032858
356,/Volumes/SmithL0/2026/BIOL470/Final/Learning_Rig/bee_0408_2/bee_0408_2_rev_green_accident/cam1_2026-04-08_18-07-13.mp4,1519.0,1535.5,1254,1333,1784,1738,0.807035
357,/Volumes/SmithL0/2026/BIOL470/Final/Learning_Rig/bee_0408_2/bee_0408_2_rev_green_accident/cam1_2026-04-08_18-07-13.mp4,1519.5,1535.0,1255,1333,1784,1737,0.8080813
358,/Volumes/SmithL0/2026/BIOL470/Final/Learning_Rig/bee_0408_2/bee_0408_2_rev_green_accident/cam1_2026-04-08_18-07-13.mp4,1519.0,1536.5,1254,1335,1784,1738,0.80807835
359,/Volumes/SmithL0/2026/BIOL470/Final/Learning_Rig/bee_0408_2/bee_0408_2_rev_green_accident/cam1_2026-04-08_18-07-13.mp4,1519.5,1535.5,1255,1335,1784,1736,0.8077008
360,/Volumes/SmithL0/2026/BIOL470/Final/Learning_Rig/bee_0408_2/bee_0408_2_rev_green_accident/cam1_2026-04-08_18-07-13.mp4,1519.0,1534.0,1255,1334,1783,1734,0.81031024
361,/Volumes/SmithL0/2026/BIOL470/Final/Learning_Rig/bee_0408_2/bee_0408_2_rev_green_accident/cam1_2026-04-08_18-07-13.mp4,1519.0,1534.5,1255,1335,1783,1734,0.8103267
362,/Volumes/SmithL0/2026/BIOL470/Final/Learning_Rig/bee_0408_2/bee_0408_2_rev_green_accident/cam1_2026-04-08_18-07-13.mp4,1518.5,1535.0,1254,1333,1783,1737,0.80566674
363,/Volumes/SmithL0/2026/BIOL470/Final/Learning_Rig/bee_0408_2/bee_0408_2_rev_green_accident/cam1_2026-04-08_18-07-13.mp4,1518.5,1535.5,1254,1334,1783,1737,0.8097633
364,/Volumes/SmithL0/2026/BIOL470/Final/Learning_Rig/bee_0408_2/bee_0408_2_rev_green_accident/cam1_2026-04-08_18-07-13.mp4,1519.0,1535.0,1254,1333,1784,1737,0.8088162
365,/Volumes/SmithL0/2026/BIOL470/Final/Learning_Rig/bee_0408_2/bee_0408_2_rev_green_accident/cam1_2026-04-08_18-07-13.mp4,1520.0,1535.0,1255,1334,1785,1736,0.80435425
366,/Volumes/SmithL0/2026/BIOL470/Final/Learning_Rig/bee_0408_2/bee_0408_2_rev_green_accident/cam1_2026-04-08_18-07-13.mp4,1519.5,1535.5,1255,1335,1784,1736,0.80868363
367,/Volumes/SmithL0/2026/BIOL470/Final/Learning_Rig/bee_0408_2/bee_0408_2_rev_green_accident/cam1_2026-04-08_18-07-13.mp4,1520.0,1535.0,1255,1333,1785,1737,0.8045577
368,/Volumes/SmithL0/2026/BIOL470/Final/Learning_Rig/bee_0408_2/bee_0408_2_rev_green_accident/cam1_2026-04-08_18-07-13.mp4,1520.0,1535.5,1255,1333,1785,1738,0.80454177
369,/Volumes/SmithL0/2026/BIOL470/Final/Learning_Rig/bee_0408_2/bee_0408_2_rev_green_accident/cam1_2026-04-08_18-07-13.mp4,1522.0,1529.5,1253,1328,1791,1731,0.8050444
370,/Volumes/SmithL0/2026/BIOL470/Final/Learning_Rig/bee_0408_2/bee_0408_2_rev_green_accident/cam1_2026-04-08_18-07-13.mp4,1518.5,1535.5,1255,1333,1782,1738,0.81180125
371,/Volumes/SmithL0/2026/BIOL470/Final/Learning_Rig/bee_0408_2/bee_0408_2_rev_green_accident/cam1_2026-04-08_18-07-13.mp4,1518.0,1536.0,1255,1334,1781,1738,0.8144079
372,/Volumes/SmithL0/2026/BIOL470/Final/Learning_Rig/bee_0408_2/bee_0408_2_rev_green_accident/cam1_2026-04-08_18-07-13.mp4,1518.5,1535.5,1256,1332,1781,1739,0.8184194
373,/Volumes/SmithL0/2026/BIOL470/Final/Learning_Rig/bee_0408_2/bee_0408_2_rev_green_accident/cam1_2026-04-08_18-07-13.mp4,1518.0,1535.0,1256,1333,1780,1737,0.81552684
374,/Volumes/SmithL0/2026/BIOL470/Final/Learning_Rig/bee_0408_2/bee_0408_2_rev_green_accident/cam1_2026-04-08_18-07-13.mp4,1517.5,1536.0,1257,1334,1778,1738,0.81890273
375,/Volumes/SmithL0/2026/BIOL470/Final/Learning_Rig/bee_0408_2/bee_0408_2_rev_green_accident/cam1_2026-04-08_18-07-13.mp4,1517.0,1536.0,1256,1334,1778,1738,0.8213296
376,/Volumes/SmithL0/2026/BIOL470/Final/Learning_Rig/bee_0408_2/bee_0408_2_rev_green_accident/cam1_2026-04-08_18-07-13.mp4,1517.0,1535.5,1257,1333,1777,1738,0.82381797
377,/Volumes/SmithL0/2026/BIOL470/Final/Learning_Rig/bee_0408_2/bee_0408_2_rev_green_accident/cam1_2026-04-08_18-07-13.mp4,1517.0,1535.5,1257,1333,1777,1738,0.8216594
378,/Volumes/SmithL0/2026/BIOL470/Final/Learning_Rig/bee_0408_2/bee_0408_2_rev_green_accident/cam1_2026-04-08_18-07-13.mp4,1518.0,1535.5,1258,1333,1778,1738,0.8221914
379,/Volumes/SmithL0/2026/BIOL470/Final/Learning_Rig/bee_0408_2/bee_0408_2_rev_green_accident/cam1_2026-04-08_18-07-13.mp4,1517.5,1536.5,1256,1334,1779,1739,0.81675875
380,/Volumes/SmithL0/2026/BIOL470/Final/Learning_Rig/bee_0408_2/bee_0408_2_rev_green_accident/cam1_2026-04-08_18-07-13.mp4,1517.0,1537.0,1255,1335,1779,1739,0.8147368
381,/Volumes/SmithL0/2026/BIOL470/Final/Learning_Rig/bee_0408_2/bee_0408_2_rev_green_accident/cam1_2026-04-08_18-07-13.mp4,1517.0,1536.0,1256,1335,1778,1737,0.81872565
382,/Volumes/SmithL0/2026/BIOL470/Final/Learning_Rig/bee_0408_2/bee_0408_2_rev_green_accident/cam1_2026-04-08_18-07-13.mp4,1516.5,1535.0,1255,1335,1778,1735,0.81915206
383,/Volumes/SmithL0/2026/BIOL470/Final/Learning_Rig/bee_0408_2/bee_0408_2_rev_green_accident/cam1_2026-04-08_18-07-13.mp4,1517.0,1536.5,1256,1334,1778,1739,0.81634337
384,/Volumes/SmithL0/2026/BIOL470/Final/Learning_Rig/bee_0408_2/bee_0408_2_rev_green_accident/cam1_2026-04-08_18-07-13.mp4,1516.5,1535.5,1255,1333,1778,1738,0.81423944
385,/Volumes/SmithL0/2026/BIOL470/Final/Learning_Rig/bee_0408_2/bee_0408_2_rev_green_accident/cam1_2026-04-08_18-07-13.mp4,1517.0,1536.0,1256,1333,1778,1739,0.81380624
386,/Volumes/SmithL0/2026/BIOL470/Final/Learning_Rig/bee_0408_2/bee_0408_2_rev_green_accident/cam1_2026-04-08_18-07-13.mp4,1517.0,1536.5,1256,1334,1778,1739,0.81574225
387,/Volumes/SmithL0/2026/BIOL470/Final/Learning_Rig/bee_0408_2/bee_0408_2_rev_green_accident/cam1_2026-04-08_18-07-13.mp4,1518.0,1536.5,1257,1334,1779,1739,0.8161543
388,/Volumes/SmithL0/2026/BIOL470/Final/Learning_Rig/bee_0408_2/bee_0408_2_rev_green_accident/cam1_2026-04-08_18-07-13.mp4,1517.5,1537.0,1257,1334,1778,1740,0.814603
389,/Volumes/SmithL0/2026/BIOL470/Final/Learning_Rig/bee_0408_2/bee_0408_2_rev_green_accident/cam1_2026-04-08_18-07-13.mp4,1517.0,1536.5,1257,1333,1777,1740,0.8151311
390,/Volumes/SmithL0/2026/BIOL470/Final/Learning_Rig/bee_0408_2/bee_0408_2_rev_green_accident/cam1_2026-04-08_18-07-13.mp4,1517.0,1535.5,1256,1333,1778,1738,0.81619996
391,/Volumes/SmithL0/2026/BIOL470/Final/Learning_Rig/bee_0408_2/bee_0408_2_rev_green_accident/cam1_2026-04-08_18-07-13.mp4,1517.0,1535.5,1257,1332,1777,1739,0.8170256
392,/Volumes/SmithL0/2026/BIOL470/Final/Learning_Rig/bee_0408_2/bee_0408_2_rev_green_accident/cam1_2026-04-08_18-07-13.mp4,1516.5,1535.5,1256,1333,1777,1738,0.8161373
393,/Volumes/SmithL0/2026/BIOL470/Final/Learning_Rig/bee_0408_2/bee_0408_2_rev_green_accident/cam1_2026-04-08_18-07-13.mp4,1516.5,1536.0,1256,1335,1777,1737,0.8180521
394,/Volumes/SmithL0/2026/BIOL470/Final/Learning_Rig/bee_0408_2/bee_0408_2_rev_green_accident/cam1_2026-04-08_18-07-13.mp4,1517.0,1537.0,1257,1335,1777,1739,0.8174348
395,/Volumes/SmithL0/2026/BIOL470/Final/Learning_Rig/bee_0408_2/bee_0408_2_rev_green_accident/cam1_2026-04-08_18-07-13.mp4,1516.5,1537.0,1256,1335,1777,1739,0.8164716
396,/Volumes/SmithL0/2026/BIOL470/Final/Learning_Rig/bee_0408_2/bee_0408_2_rev_green_accident/cam1_2026-04-08_18-07-13.mp4,1517.0,1537.5,1257,1335,1777,1740,0.8141513
397,/Volumes/SmithL0/2026/BIOL470/Final/Learning_Rig/bee_0408_2/bee_0408_2_rev_green_accident/cam1_2026-04-08_18-07-13.mp4,1517.0,1538.0,1257,1334,1777,1742,0.81491745
398,/Volumes/SmithL0/2026/BIOL470/Final/Learning_Rig/bee_0408_2/bee_0408_2_rev_green_accident/cam1_2026-04-08_18-07-13.mp4,1517.5,1537.5,1257,1335,1778,1740,0.81241965
399,/Volumes/SmithL0/2026/BIOL470/Final/Learning_Rig/bee_0408_2/bee_0408_2_rev_green_accident/cam1_2026-04-08_18-07-13.mp4,1517.5,1537.0,1257,1334,1778,1740,0.813434
400,/Volumes/SmithL0/2026/BIOL470/Final/Learning_Rig/bee_0408_2/bee_0408_2_rev_green_accident/cam1_2026-04-08_18-07-13.mp4,1518.0,1536.5,1258,1332,1778,1741,0.81352013
401,/Volumes/SmithL0/2026/BIOL470/Final/Learning_Rig/bee_0408_2/bee_0408_2_rev_green_accident/cam1_2026-04-08_18-07-13.mp4,1518.0,1536.5,1258,1334,1778,1739,0.8190766
402,/Volumes/SmithL0/2026/BIOL470/Final/Learning_Rig/bee_0408_2/bee_0408_2_rev_green_accident/cam1_2026-04-08_18-07-13.mp4,1518.0,1537.0,1258,1332,1778,1742,0.81329805
403,/Volumes/SmithL0/2026/BIOL470/Final/Learning_Rig/bee_0408_2/bee_0408_2_rev_green_accident/cam1_2026-04-08_18-07-13.mp4,1517.5,1536.5,1257,1333,1778,1740,0.81252193
404,/Volumes/SmithL0/2026/BIOL470/Final/Learning_Rig/bee_0408_2/bee_0408_2_rev_green_accident/cam1_2026-04-08_18-07-13.mp4,1518.0,1536.0,1258,1334,1778,1738,0.8137347
405,/Volumes/SmithL0/2026/BIOL470/Final/Learning_Rig/bee_0408_2/bee_0408_2_rev_green_accident/cam1_2026-04-08_18-07-13.mp4,1517.5,1535.5,1258,1333,1777,1738,0.8165731
406,/Volumes/SmithL0/2026/BIOL470/Final/Learning_Rig/bee_0408_2/bee_0408_2_rev_green_accident/cam1_2026-04-08_18-07-13.mp4,1518.0,1535.5,1258,1334,1778,1737,0.8180319
407,/Volumes/SmithL0/2026/BIOL470/Final/Learning_Rig/bee_0408_2/bee_0408_2_rev_green_accident/cam1_2026-04-08_18-07-13.mp4,1517.5,1535.0,1257,1334,1778,1736,0.81683564
408,/Volumes/SmithL0/2026/BIOL470/Final/Learning_Rig/bee_0408_2/bee_0408_2_rev_green_accident/cam1_2026-04-08_18-07-13.mp4,1518.0,1535.0,1258,1334,1778,1736,0.8152879
409,/Volumes/SmithL0/2026/BIOL470/Final/Learning_Rig/bee_0408_2/bee_0408_2_rev_green_accident/cam1_2026-04-08_18-07-13.mp4,1516.5,1536.0,1257,1334,1776,1738,0.81842977
410,/Volumes/SmithL0/2026/BIOL470/Final/Learning_Rig/bee_0408_2/bee_0408_2_rev_green_accident/cam1_2026-04-08_18-07-13.mp4,1517.0,1535.5,1257,1333,1777,1738,0.8162472
411,/Volumes/SmithL0/2026/BIOL470/Final/Learning_Rig/bee_0408_2/bee_0408_2_rev_green_accident/cam1_2026-04-08_18-07-13.mp4,1517.5,1535.0,1258,1332,1777,1738,0.8167933
412,/Volumes/SmithL0/2026/BIOL470/Final/Learning_Rig/bee_0408_2/bee_0408_2_rev_green_accident/cam1_2026-04-08_18-07-13.mp4,1517.5,1535.5,1258,1332,1777,1739,0.81303316
413,/Volumes/SmithL0/2026/BIOL470/Final/Learning_Rig/bee_0408_2/bee_0408_2_rev_green_accident/cam1_2026-04-08_18-07-13.mp4,1516.5,1535.5,1256,1332,1777,1739,0.8119373
414,/Volumes/SmithL0/2026/BIOL470/Final/Learning_Rig/bee_0408_2/bee_0408_2_rev_green_accident/cam1_2026-04-08_18-07-13.mp4,1516.0,1536.0,1256,1333,1776,1739,0.8135719
415,/Volumes/SmithL0/2026/BIOL470/Final/Learning_Rig/bee_0408_2/bee_0408_2_rev_green_accident/cam1_2026-04-08_18-07-13.mp4,1516.0,1535.5,1256,1332,1776,1739,0.81896585
416,/Volumes/SmithL0/2026/BIOL470/Final/Learning_Rig/bee_0408_2/bee_0408_2_rev_green_accident/cam1_2026-04-08_18-07-13.mp4,1516.0,1536.0,1256,1332,1776,1740,0.81779563
417,/Volumes/SmithL0/2026/BIOL470/Final/Learning_Rig/bee_0408_2/bee_0408_2_rev_green_accident/cam1_2026-04-08_18-07-13.mp4,1515.5,1536.0,1255,1332,1776,1740,0.8122339
418,/Volumes/SmithL0/2026/BIOL470/Final/Learning_Rig/bee_0408_2/bee_0408_2_rev_green_accident/cam1_2026-04-08_18-07-13.mp4,1516.0,1535.5,1256,1333,1776,1738,0.8158108
419,/Volumes/SmithL0/2026/BIOL470/Final/Learning_Rig/bee_0408_2/bee_0408_2_rev_green_accident/cam1_2026-04-08_18-07-13.mp4,1515.5,1535.0,1255,1332,1776,1738,0.8142742
420,/Volumes/SmithL0/2026/BIOL470/Final/Learning_Rig/bee_0408_2/bee_0408_2_rev_green_accident/cam1_2026-04-08_18-07-13.mp4,1517.5,1535.5,1258,1334,1777,1737,0.8219773
421,/Volumes/SmithL0/2026/BIOL470/Final/Learning_Rig/bee_0408_2/bee_0408_2_rev_green_accident/cam1_2026-04-08_18-07-13.mp4,1516.5,1536.0,1257,1334,1776,1738,0.81813186
422,/Volumes/SmithL0/2026/BIOL470/Final/Learning_Rig/bee_0408_2/bee_0408_2_rev_green_accident/cam1_2026-04-08_18-07-13.mp4,1517.5,1536.0,1258,1334,1777,1738,0.8214585
423,/Volumes/SmithL0/2026/BIOL470/Final/Learning_Rig/bee_0408_2/bee_0408_2_rev_green_accident/cam1_2026-04-08_18-07-13.mp4,1517.5,1536.0,1258,1334,1777,1738,0.81913465
424,/Volumes/SmithL0/2026/BIOL470/Final/Learning_Rig/bee_0408_2/bee_0408_2_rev_green_accident/cam1_2026-04-08_18-07-13.mp4,1517.5,1536.0,1258,1333,1777,1739,0.8210787
425,/Volumes/SmithL0/2026/BIOL470/Final/Learning_Rig/bee_0408_2/bee_0408_2_rev_green_accident/cam1_2026-04-08_18-07-13.mp4,1517.0,1536.0,1258,1333,1776,1739,0.81848854
426,/Volumes/SmithL0/2026/BIOL470/Final/Learning_Rig/bee_0408_2/bee_0408_2_rev_green_accident/cam1_2026-04-08_18-07-13.mp4,1517.0,1536.0,1257,1333,1777,1739,0.819394
427,/Volumes/SmithL0/2026/BIOL470/Final/Learning_Rig/bee_0408_2/bee_0408_2_rev_green_accident/cam1_2026-04-08_18-07-13.mp4,1516.5,1534.5,1257,1332,1776,1737,0.81707484
428,/Volumes/SmithL0/2026/BIOL470/Final/Learning_Rig/bee_0408_2/bee_0408_2_rev_green_accident/cam1_2026-04-08_18-07-13.mp4,1516.5,1534.5,1257,1332,1776,1737,0.81719947
429,/Volumes/SmithL0/2026/BIOL470/Final/Learning_Rig/bee_0408_2/bee_0408_2_rev_green_accident/cam1_2026-04-08_18-07-13.mp4,1517.5,1535.0,1258,1332,1777,1738,0.81855345
430,/Volumes/SmithL0/2026/BIOL470/Final/Learning_Rig/bee_0408_2/bee_0408_2_rev_green_accident/cam1_2026-04-08_18-07-13.mp4,1517.5,1535.5,1258,1334,1777,1737,0.8203726
431,/Volumes/SmithL0/2026/BIOL470/Final/Learning_Rig/bee_0408_2/bee_0408_2_rev_green_accident/cam1_2026-04-08_18-07-13.mp4,1517.5,1535.5,1258,1333,1777,1738,0.8174425
432,/Volumes/SmithL0/2026/BIOL470/Final/Learning_Rig/bee_0408_2/bee_0408_2_rev_green_accident/cam1_2026-04-08_18-07-13.mp4,1517.5,1535.5,1258,1333,1777,1738,0.81771207
433,/Volumes/SmithL0/2026/BIOL470/Final/Learning_Rig/bee_0408_2/bee_0408_2_rev_green_accident/cam1_2026-04-08_18-07-13.mp4,1518.0,1535.0,1259,1333,1777,1737,0.8184255
434,/Volumes/SmithL0/2026/BIOL470/Final/Learning_Rig/bee_0408_2/bee_0408_2_rev_green_accident/cam1_2026-04-08_18-07-13.mp4,1518.0,1536.0,1259,1333,1777,1739,0.8177652
435,/Volumes/SmithL0/2026/BIOL470/Final/Learning_Rig/bee_0408_2/bee_0408_2_rev_green_accident/cam1_2026-04-08_18-07-13.mp4,1517.5,1535.5,1258,1334,1777,1737,0.8217306
436,/Volumes/SmithL0/2026/BIOL470/Final/Learning_Rig/bee_0408_2/bee_0408_2_rev_green_accident/cam1_2026-04-08_18-07-13.mp4,1517.5,1534.5,1258,1333,1777,1736,0.8190414
437,/Volumes/SmithL0/2026/BIOL470/Final/Learning_Rig/bee_0408_2/bee_0408_2_rev_green_accident/cam1_2026-04-08_18-07-13.mp4,1517.5,1535.5,1258,1333,1777,1738,0.81857663
438,/Volumes/SmithL0/2026/BIOL470/Final/Learning_Rig/bee_0408_2/bee_0408_2_rev_green_accident/cam1_2026-04-08_18-07-13.mp4,1517.5,1535.0,1258,1334,1777,1736,0.8220491
439,/Volumes/SmithL0/2026/BIOL470/Final/Learning_Rig/bee_0408_2/bee_0408_2_rev_green_accident/cam1_2026-04-08_18-07-13.mp4,1518.0,1535.0,1259,1334,1777,1736,0.8230673
440,/Volumes/SmithL0/2026/BIOL470/Final/Learning_Rig/bee_0408_2/bee_0408_2_rev_green_accident/cam1_2026-04-08_18-07-13.mp4,1517.5,1535.0,1258,1334,1777,1736,0.8232757
441,/Volumes/SmithL0/2026/BIOL470/Final/Learning_Rig/bee_0408_2/bee_0408_2_rev_green_accident/cam1_2026-04-08_18-07-13.mp4,1517.5,1535.0,1258,1333,1777,1737,0.8230685
442,/Volumes/SmithL0/2026/BIOL470/Final/Learning_Rig/bee_0408_2/bee_0408_2_rev_green_accident/cam1_2026-04-08_18-07-13.mp4,1518.0,1535.5,1259,1333,1777,1738,0.8216748
443,/Volumes/SmithL0/2026/BIOL470/Final/Learning_Rig/bee_0408_2/bee_0408_2_rev_green_accident/cam1_2026-04-08_18-07-13.mp4,1517.5,1537.0,1258,1334,1777,1740,0.82182324
444,/Volumes/SmithL0/2026/BIOL470/Final/Learning_Rig/bee_0408_2/bee_0408_2_rev_green_accident/cam1_2026-04-08_18-07-13.mp4,1517.5,1536.0,1258,1334,1777,1738,0.8226837
445,/Volumes/SmithL0/2026/BIOL470/Final/Learning_Rig/bee_0408_2/bee_0408_2_rev_green_accident/cam1_2026-04-08_18-07-13.mp4,1518.0,1536.5,1259,1334,1777,1739,0.82292193
446,/Volumes/SmithL0/2026/BIOL470/Final/Learning_Rig/bee_0408_2/bee_0408_2_rev_green_accident/cam1_2026-04-08_18-07-13.mp4,1517.5,1535.5,1259,1333,1776,1738,0.8239013
447,/Volumes/SmithL0/2026/BIOL470/Final/Learning_Rig/bee_0408_2/bee_0408_2_rev_green_accident/cam1_2026-04-08_18-07-13.mp4,1518.5,1536.0,1260,1334,1777,1738,0.8231843
448,/Volumes/SmithL0/2026/BIOL470/Final/Learning_Rig/bee_0408_2/bee_0408_2_rev_green_accident/cam1_2026-04-08_18-07-13.mp4,1517.5,1536.0,1259,1333,1776,1739,0.82378894
449,/Volumes/SmithL0/2026/BIOL470/Final/Learning_Rig/bee_0408_2/bee_0408_2_rev_green_accident/cam1_2026-04-08_18-07-13.mp4,1517.5,1536.0,1259,1333,1776,1739,0.8213158
450,/Volumes/SmithL0/2026/BIOL470/Final/Learning_Rig/bee_0408_2/bee_0408_2_rev_green_accident/cam1_2026-04-08_18-07-13.mp4,1517.0,1537.0,1258,1334,1776,1740,0.8225503
451,/Volumes/SmithL0/2026/BIOL470/Final/Learning_Rig/bee_0408_2/bee_0408_2_rev_green_accident/cam1_2026-04-08_18-07-13.mp4,1517.0,1536.0,1258,1333,1776,1739,0.8218491
452,/Volumes/SmithL0/2026/BIOL470/Final/Learning_Rig/bee_0408_2/bee_0408_2_rev_green_accident/cam1_2026-04-08_18-07-13.mp4,1517.0,1536.0,1259,1334,1775,1738,0.8221008
453,/Volumes/SmithL0/2026/BIOL470/Final/Learning_Rig/bee_0408_2/bee_0408_2_rev_green_accident/cam1_2026-04-08_18-07-13.mp4,1517.0,1536.0,1258,1334,1776,1738,0.82113206
454,/Volumes/SmithL0/2026/BIOL470/Final/Learning_Rig/bee_0408_2/bee_0408_2_rev_green_accident/cam1_2026-04-08_18-07-13.mp4,1517.0,1536.0,1259,1334,1775,1738,0.8246163
455,/Volumes/SmithL0/2026/BIOL470/Final/Learning_Rig/bee_0408_2/bee_0408_2_rev_green_accident/cam1_2026-04-08_18-07-13.mp4,1516.5,1536.0,1258,1334,1775,1738,0.82418466
456,/Volumes/SmithL0/2026/BIOL470/Final/Learning_Rig/bee_0408_2/bee_0408_2_rev_green_accident/cam1_2026-04-08_18-07-13.mp4,1517.0,1536.5,1259,1335,1775,1738,0.8252891
457,/Volumes/SmithL0/2026/BIOL470/Final/Learning_Rig/bee_0408_2/bee_0408_2_rev_green_accident/cam1_2026-04-08_18-07-13.mp4,1517.0,1535.0,1258,1333,1776,1737,0.8198588
458,/Volumes/SmithL0/2026/BIOL470/Final/Learning_Rig/bee_0408_2/bee_0408_2_rev_green_accident/cam1_2026-04-08_18-07-13.mp4,1518.0,1535.5,1260,1333,1776,1738,0.81931657
459,/Volumes/SmithL0/2026/BIOL470/Final/Learning_Rig/bee_0408_2/bee_0408_2_rev_green_accident/cam1_2026-04-08_18-07-13.mp4,1518.0,1536.5,1259,1334,1777,1739,0.8199253
460,/Volumes/SmithL0/2026/BIOL470/Final/Learning_Rig/bee_0408_2/bee_0408_2_rev_green_accident/cam1_2026-04-08_18-07-13.mp4,1518.0,1536.5,1259,1334,1777,1739,0.81968904
461,/Volumes/SmithL0/2026/BIOL470/Final/Learning_Rig/bee_0408_2/bee_0408_2_rev_green_accident/cam1_2026-04-08_18-07-13.mp4,1517.5,1537.0,1258,1335,1777,1739,0.8199244
462,/Volumes/SmithL0/2026/BIOL470/Final/Learning_Rig/bee_0408_2/bee_0408_2_rev_green_accident/cam1_2026-04-08_18-07-13.mp4,1517.5,1538.0,1258,1336,1777,1740,0.8185924
463,/Volumes/SmithL0/2026/BIOL470/Final/Learning_Rig/bee_0408_2/bee_0408_2_rev_green_accident/cam1_2026-04-08_18-07-13.mp4,1518.0,1537.5,1258,1336,1778,1739,0.8197459
464,/Volumes/SmithL0/2026/BIOL470/Final/Learning_Rig/bee_0408_2/bee_0408_2_rev_green_accident/cam1_2026-04-08_18-07-13.mp4,1518.5,1538.0,1259,1336,1778,1740,0.8210877
465,/Volumes/SmithL0/2026/BIOL470/Final/Learning_Rig/bee_0408_2/bee_0408_2_rev_green_accident/cam1_2026-04-08_18-07-13.mp4,1518.0,1536.5,1259,1336,1777,1737,0.82243514
466,/Volumes/SmithL0/2026/BIOL470/Final/Learning_Rig/bee_0408_2/bee_0408_2_rev_green_accident/cam1_2026-04-08_18-07-13.mp4,1518.0,1537.0,1259,1337,1777,1737,0.82242626
467,/Volumes/SmithL0/2026/BIOL470/Final/Learning_Rig/bee_0408_2/bee_0408_2_rev_green_accident/cam1_2026-04-08_18-07-13.mp4,1518.0,1537.0,1259,1337,1777,1737,0.82173246
468,/Volumes/SmithL0/2026/BIOL470/Final/Learning_Rig/bee_0408_2/bee_0408_2_rev_green_accident/cam1_2026-04-08_18-07-13.mp4,1518.0,1538.5,1259,1338,1777,1739,0.8215872
469,/Volumes/SmithL0/2026/BIOL470/Final/Learning_Rig/bee_0408_2/bee_0408_2_rev_green_accident/cam1_2026-04-08_18-07-13.mp4,1518.0,1537.5,1259,1338,1777,1737,0.824552
470,/Volumes/SmithL0/2026/BIOL470/Final/Learning_Rig/bee_0408_2/bee_0408_2_rev_green_accident/cam1_2026-04-08_18-07-13.mp4,1518.0,1536.5,1259,1336,1777,1737,0.8275363
471,/Volumes/SmithL0/2026/BIOL470/Final/Learning_Rig/bee_0408_2/bee_0408_2_rev_green_accident/cam1_2026-04-08_18-07-13.mp4,1517.5,1537.0,1259,1336,1776,1738,0.82390404
472,/Volumes/SmithL0/2026/BIOL470/Final/Learning_Rig/bee_0408_2/bee_0408_2_rev_green_accident/cam1_2026-04-08_18-07-13.mp4,1517.5,1537.5,1259,1336,1776,1739,0.8244137
473,/Volumes/SmithL0/2026/BIOL470/Final/Learning_Rig/bee_0408_2/bee_0408_2_rev_green_accident/cam1_2026-04-08_18-07-13.mp4,1518.0,1537.5,1259,1336,1777,1739,0.8235302
474,/Volumes/SmithL0/2026/BIOL470/Final/Learning_Rig/bee_0408_2/bee_0408_2_rev_green_accident/cam1_2026-04-08_18-07-13.mp4,1518.0,1537.0,1259,1336,1777,1738,0.82461345
475,/Volumes/SmithL0/2026/BIOL470/Final/Learning_Rig/bee_0408_2/bee_0408_2_rev_green_accident/cam1_2026-04-08_18-07-13.mp4,1518.0,1537.0,1259,1336,1777,1738,0.82409936
476,/Volumes/SmithL0/2026/BIOL470/Final/Learning_Rig/bee_0408_2/bee_0408_2_rev_green_accident/cam1_2026-04-08_18-07-13.mp4,1518.5,1537.5,1260,1337,1777,1738,0.8234725
477,/Volumes/SmithL0/2026/BIOL470/Final/Learning_Rig/bee_0408_2/bee_0408_2_rev_green_accident/cam1_2026-04-08_18-07-13.mp4,1518.0,1537.0,1259,1336,1777,1738,0.8238831
478,/Volumes/SmithL0/2026/BIOL470/Final/Learning_Rig/bee_0408_2/bee_0408_2_rev_green_accident/cam1_2026-04-08_18-07-13.mp4,1517.5,1538.0,1259,1337,1776,1739,0.82401437
479,/Volumes/SmithL0/2026/BIOL470/Final/Learning_Rig/bee_0408_2/bee_0408_2_rev_green_accident/cam1_2026-04-08_18-07-13.mp4,1518.5,1537.0,1260,1336,1777,1738,0.82282394
480,/Volumes/SmithL0/2026/BIOL470/Final/Learning_Rig/bee_0408_2/bee_0408_2_rev_green_accident/cam1_2026-04-08_18-07-13.mp4,1518.5,1537.5,1259,1336,1778,1739,0.82149905
481,/Volumes/SmithL0/2026/BIOL470/Final/Learning_Rig/bee_0408_2/bee_0408_2_rev_green_accident/cam1_2026-04-08_18-07-13.mp4,1518.0,1536.5,1259,1336,1777,1737,0.8264729
482,/Volumes/SmithL0/2026/BIOL470/Final/Learning_Rig/bee_0408_2/bee_0408_2_rev_green_accident/cam1_2026-04-08_18-07-13.mp4,1518.0,1537.5,1259,1337,1777,1738,0.8242409
483,/Volumes/SmithL0/2026/BIOL470/Final/Learning_Rig/bee_0408_2/bee_0408_2_rev_green_accident/cam1_2026-04-08_18-07-13.mp4,1517.5,1537.5,1259,1337,1776,1738,0.82229865
484,/Volumes/SmithL0/2026/BIOL470/Final/Learning_Rig/bee_0408_2/bee_0408_2_rev_green_accident/cam1_2026-04-08_18-07-13.mp4,1518.0,1537.0,1259,1336,1777,1738,0.8217846
485,/Volumes/SmithL0/2026/BIOL470/Final/Learning_Rig/bee_0408_2/bee_0408_2_rev_green_accident/cam1_2026-04-08_18-07-13.mp4,1518.0,1537.5,1259,1336,1777,1739,0.818836
486,/Volumes/SmithL0/2026/BIOL470/Final/Learning_Rig/bee_0408_2/bee_0408_2_rev_green_accident/cam1_2026-04-08_18-07-13.mp4,1518.0,1537.5,1259,1336,1777,1739,0.81667936
487,/Volumes/SmithL0/2026/BIOL470/Final/Learning_Rig/bee_0408_2/bee_0408_2_rev_green_accident/cam1_2026-04-08_18-07-13.mp4,1518.5,1536.5,1260,1335,1777,1738,0.82058465
488,/Volumes/SmithL0/2026/BIOL470/Final/Learning_Rig/bee_0408_2/bee_0408_2_rev_green_accident/cam1_2026-04-08_18-07-13.mp4,1518.5,1537.0,1260,1336,1777,1738,0.8231665
489,/Volumes/SmithL0/2026/BIOL470/Final/Learning_Rig/bee_0408_2/bee_0408_2_rev_green_accident/cam1_2026-04-08_18-07-13.mp4,1518.0,1537.5,1259,1337,1777,1738,0.8245349
490,/Volumes/SmithL0/2026/BIOL470/Final/Learning_Rig/bee_0408_2/bee_0408_2_rev_green_accident/cam1_2026-04-08_18-07-13.mp4,1518.0,1537.5,1259,1336,1777,1739,0.8231143
491,/Volumes/SmithL0/2026/BIOL470/Final/Learning_Rig/bee_0408_2/bee_0408_2_rev_green_accident/cam1_2026-04-08_18-07-13.mp4,1518.5,1537.5,1259,1336,1778,1739,0.8230312
492,/Volumes/SmithL0/2026/BIOL470/Final/Learning_Rig/bee_0408_2/bee_0408_2_rev_green_accident/cam1_2026-04-08_18-07-13.mp4,1517.5,1537.0,1258,1335,1777,1739,0.8214985
493,/Volumes/SmithL0/2026/BIOL470/Final/Learning_Rig/bee_0408_2/bee_0408_2_rev_green_accident/cam1_2026-04-08_18-07-13.mp4,1517.5,1536.0,1258,1334,1777,1738,0.82109934
494,/Volumes/SmithL0/2026/BIOL470/Final/Learning_Rig/bee_0408_2/bee_0408_2_rev_green_accident/cam1_2026-04-08_18-07-13.mp4,1517.5,1537.0,1258,1335,1777,1739,0.8207226
495,/Volumes/SmithL0/2026/BIOL470/Final/Learning_Rig/bee_0408_2/bee_0408_2_rev_green_accident/cam1_2026-04-08_18-07-13.mp4,1517.5,1536.0,1258,1334,1777,1738,0.82041574
496,/Volumes/SmithL0/2026/BIOL470/Final/Learning_Rig/bee_0408_2/bee_0408_2_rev_green_accident/cam1_2026-04-08_18-07-13.mp4,1518.0,1536.5,1259,1334,1777,1739,0.8199863
497,/Volumes/SmithL0/2026/BIOL470/Final/Learning_Rig/bee_0408_2/bee_0408_2_rev_green_accident/cam1_2026-04-08_18-07-13.mp4,1518.0,1536.5,1260,1334,1776,1739,0.82085335
498,/Volumes/SmithL0/2026/BIOL470/Final/Learning_Rig/bee_0408_2/bee_0408_2_rev_green_accident/cam1_2026-04-08_18-07-13.mp4,1518.5,1537.5,1260,1336,1777,1739,0.81920546
499,/Volumes/SmithL0/2026/BIOL470/Final/Learning_Rig/bee_0408_2/bee_0408_2_rev_green_accident/cam1_2026-04-08_18-07-13.mp4,1518.5,1536.0,1260,1335,1777,1737,0.8216875
500,/Volumes/SmithL0/2026/BIOL470/Final/Learning_Rig/bee_0408_2/bee_0408_2_rev_green_accident/cam1_2026-04-08_18-07-13.mp4,1518.5,1536.5,1260,1336,1777,1737,0.82167006
501,/Volumes/SmithL0/2026/BIOL470/Final/Learning_Rig/bee_0408_2/bee_0408_2_rev_green_accident/cam1_2026-04-08_18-07-13.mp4,1517.5,1536.5,1259,1336,1776,1737,0.82433724
502,/Volumes/SmithL0/2026/BIOL470/Final/Learning_Rig/bee_0408_2/bee_0408_2_rev_green_accident/cam1_2026-04-08_18-07-13.mp4,1517.0,1536.0,1259,1336,1775,1736,0.8238845
503,/Volumes/SmithL0/2026/BIOL470/Final/Learning_Rig/bee_0408_2/bee_0408_2_rev_green_accident/cam1_2026-04-08_18-07-13.mp4,1517.5,1536.5,1259,1336,1776,1737,0.8248469
504,/Volumes/SmithL0/2026/BIOL470/Final/Learning_Rig/bee_0408_2/bee_0408_2_rev_green_accident/cam1_2026-04-08_18-07-13.mp4,1517.5,1537.5,1259,1337,1776,1738,0.82604116
505,/Volumes/SmithL0/2026/BIOL470/Final/Learning_Rig/bee_0408_2/bee_0408_2_rev_green_accident/cam1_2026-04-08_18-07-13.mp4,1517.5,1536.5,1259,1336,1776,1737,0.8235894
506,/Volumes/SmithL0/2026/BIOL470/Final/Learning_Rig/bee_0408_2/bee_0408_2_rev_green_accident/cam1_2026-04-08_18-07-13.mp4,1517.5,1536.5,1259,1336,1776,1737,0.82355106
507,/Volumes/SmithL0/2026/BIOL470/Final/Learning_Rig/bee_0408_2/bee_0408_2_rev_green_accident/cam1_2026-04-08_18-07-13.mp4,1517.0,1537.0,1258,1336,1776,1738,0.8223233
508,/Volumes/SmithL0/2026/BIOL470/Final/Learning_Rig/bee_0408_2/bee_0408_2_rev_green_accident/cam1_2026-04-08_18-07-13.mp4,1517.0,1537.5,1258,1336,1776,1739,0.8209482
509,/Volumes/SmithL0/2026/BIOL470/Final/Learning_Rig/bee_0408_2/bee_0408_2_rev_green_accident/cam1_2026-04-08_18-07-13.mp4,1517.5,1537.0,1259,1336,1776,1738,0.8224116
510,/Volumes/SmithL0/2026/BIOL470/Final/Learning_Rig/bee_0408_2/bee_0408_2_rev_green_accident/cam1_2026-04-08_18-07-13.mp4,1517.0,1536.5,1258,1335,1776,1738,0.8233107
511,/Volumes/SmithL0/2026/BIOL470/Final/Learning_Rig/bee_0408_2/bee_0408_2_rev_green_accident/cam1_2026-04-08_18-07-13.mp4,1517.5,1537.0,1258,1335,1777,1739,0.8195639
512,/Volumes/SmithL0/2026/BIOL470/Final/Learning_Rig/bee_0408_2/bee_0408_2_rev_green_accident/cam1_2026-04-08_18-07-13.mp4,1518.0,1537.0,1259,1335,1777,1739,0.8208474
513,/Volumes/SmithL0/2026/BIOL470/Final/Learning_Rig/bee_0408_2/bee_0408_2_rev_green_accident/cam1_2026-04-08_18-07-13.mp4,1519.0,1537.5,1260,1336,1778,1739,0.82154435
514,/Volumes/SmithL0/2026/BIOL470/Final/Learning_Rig/bee_0408_2/bee_0408_2_rev_green_accident/cam1_2026-04-08_18-07-13.mp4,1518.0,1536.5,1259,1335,1777,1738,0.8218813
515,/Volumes/SmithL0/2026/BIOL470/Final/Learning_Rig/bee_0408_2/bee_0408_2_rev_green_accident/cam1_2026-04-08_18-07-13.mp4,1518.5,1536.5,1259,1335,1778,1738,0.82253534
516,/Volumes/SmithL0/2026/BIOL470/Final/Learning_Rig/bee_0408_2/bee_0408_2_rev_green_accident/cam1_2026-04-08_18-07-13.mp4,1518.0,1536.5,1259,1335,1777,1738,0.8222772
517,/Volumes/SmithL0/2026/BIOL470/Final/Learning_Rig/bee_0408_2/bee_0408_2_rev_green_accident/cam1_2026-04-08_18-07-13.mp4,1518.0,1537.0,1259,1336,1777,1738,0.82032835
518,/Volumes/SmithL0/2026/BIOL470/Final/Learning_Rig/bee_0408_2/bee_0408_2_rev_green_accident/cam1_2026-04-08_18-07-13.mp4,1518.0,1536.5,1259,1335,1777,1738,0.8254936
519,/Volumes/SmithL0/2026/BIOL470/Final/Learning_Rig/bee_0408_2/bee_0408_2_rev_green_accident/cam1_2026-04-08_18-07-13.mp4,1518.0,1536.5,1259,1335,1777,1738,0.8221057
520,/Volumes/SmithL0/2026/BIOL470/Final/Learning_Rig/bee_0408_2/bee_0408_2_rev_green_accident/cam1_2026-04-08_18-07-13.mp4,1517.0,1536.5,1259,1335,1775,1738,0.8271223
521,/Volumes/SmithL0/2026/BIOL470/Final/Learning_Rig/bee_0408_2/bee_0408_2_rev_green_accident/cam1_2026-04-08_18-07-13.mp4,1516.5,1536.5,1258,1336,1775,1737,0.83095706
522,/Volumes/SmithL0/2026/BIOL470/Final/Learning_Rig/bee_0408_2/bee_0408_2_rev_green_accident/cam1_2026-04-08_18-07-13.mp4,1516.5,1536.5,1259,1336,1774,1737,0.830381
523,/Volumes/SmithL0/2026/BIOL470/Final/Learning_Rig/bee_0408_2/bee_0408_2_rev_green_accident/cam1_2026-04-08_18-07-13.mp4,1516.5,1536.5,1259,1335,1774,1738,0.82973653
524,/Volumes/SmithL0/2026/BIOL470/Final/Learning_Rig/bee_0408_2/bee_0408_2_rev_green_accident/cam1_2026-04-08_18-07-13.mp4,1517.0,1536.0,1260,1335,1774,1737,0.83104986
525,/Volumes/SmithL0/2026/BIOL470/Final/Learning_Rig/bee_0408_2/bee_0408_2_rev_green_accident/cam1_2026-04-08_18-07-13.mp4,1516.5,1535.5,1259,1334,1774,1737,0.82915545
526,/Volumes/SmithL0/2026/BIOL470/Final/Learning_Rig/bee_0408_2/bee_0408_2_rev_green_accident/cam1_2026-04-08_18-07-13.mp4,1517.0,1534.5,1259,1333,1775,1736,0.8292183
527,/Volumes/SmithL0/2026/BIOL470/Final/Learning_Rig/bee_0408_2/bee_0408_2_rev_green_accident/cam1_2026-04-08_18-07-13.mp4,1516.5,1535.0,1259,1334,1774,1736,0.82914734
528,/Volumes/SmithL0/2026/BIOL470/Final/Learning_Rig/bee_0408_2/bee_0408_2_rev_green_accident/cam1_2026-04-08_18-07-13.mp4,1517.0,1536.5,1259,1335,1775,1738,0.826684
529,/Volumes/SmithL0/2026/BIOL470/Final/Learning_Rig/bee_0408_2/bee_0408_2_rev_green_accident/cam1_2026-04-08_18-07-13.mp4,1518.0,1536.5,1260,1335,1776,1738,0.82304865
530,/Volumes/SmithL0/2026/BIOL470/Final/Learning_Rig/bee_0408_2/bee_0408_2_rev_green_accident/cam1_2026-04-08_18-07-13.mp4,1518.0,1537.0,1260,1334,1776,1740,0.8245821
531,/Volumes/SmithL0/2026/BIOL470/Final/Learning_Rig/bee_0408_2/bee_0408_2_rev_green_accident/cam1_2026-04-08_18-07-13.mp4,1517.5,1537.0,1259,1335,1776,1739,0.8242931
532,/Volumes/SmithL0/2026/BIOL470/Final/Learning_Rig/bee_0408_2/bee_0408_2_rev_green_accident/cam1_2026-04-08_18-07-13.mp4,1517.5,1536.5,1259,1334,1776,1739,0.8243074
533,/Volumes/SmithL0/2026/BIOL470/Final/Learning_Rig/bee_0408_2/bee_0408_2_rev_green_accident/cam1_2026-04-08_18-07-13.mp4,1517.5,1536.5,1259,1335,1776,1738,0.82549113
534,/Volumes/SmithL0/2026/BIOL470/Final/Learning_Rig/bee_0408_2/bee_0408_2_rev_green_accident/cam1_2026-04-08_18-07-13.mp4,1518.0,1536.5,1260,1336,1776,1737,0.8267802
535,/Volumes/SmithL0/2026/BIOL470/Final/Learning_Rig/bee_0408_2/bee_0408_2_rev_green_accident/cam1_2026-04-08_18-07-13.mp4,1517.5,1536.5,1260,1336,1775,1737,0.82837504
536,/Volumes/SmithL0/2026/BIOL470/Final/Learning_Rig/bee_0408_2/bee_0408_2_rev_green_accident/cam1_2026-04-08_18-07-13.mp4,1517.5,1536.0,1260,1335,1775,1737,0.8292249
537,/Volumes/SmithL0/2026/BIOL470/Final/Learning_Rig/bee_0408_2/bee_0408_2_rev_green_accident/cam1_2026-04-08_18-07-13.mp4,1517.0,1536.0,1259,1336,1775,1736,0.8309596
538,/Volumes/SmithL0/2026/BIOL470/Final/Learning_Rig/bee_0408_2/bee_0408_2_rev_green_accident/cam1_2026-04-08_18-07-13.mp4,1518.0,1536.0,1260,1336,1776,1736,0.8320594
539,/Volumes/SmithL0/2026/BIOL470/Final/Learning_Rig/bee_0408_2/bee_0408_2_rev_green_accident/cam1_2026-04-08_18-07-13.mp4,1517.5,1536.0,1259,1336,1776,1736,0.82822204
540,/Volumes/SmithL0/2026/BIOL470/Final/Learning_Rig/bee_0408_2/bee_0408_2_rev_green_accident/cam1_2026-04-08_18-07-13.mp4,1518.0,1536.5,1260,1335,1776,1738,0.8258736
541,/Volumes/SmithL0/2026/BIOL470/Final/Learning_Rig/bee_0408_2/bee_0408_2_rev_green_accident/cam1_2026-04-08_18-07-13.mp4,1517.5,1536.5,1259,1335,1776,1738,0.8255958
542,/Volumes/SmithL0/2026/BIOL470/Final/Learning_Rig/bee_0408_2/bee_0408_2_rev_green_accident/cam1_2026-04-08_18-07-13.mp4,1518.0,1536.0,1260,1335,1776,1737,0.82646257
543,/Volumes/SmithL0/2026/BIOL470/Final/Learning_Rig/bee_0408_2/bee_0408_2_rev_green_accident/cam1_2026-04-08_18-07-13.mp4,1518.0,1537.0,1260,1336,1776,1738,0.82406855
544,/Volumes/SmithL0/2026/BIOL470/Final/Learning_Rig/bee_0408_2/bee_0408_2_rev_green_accident/cam1_2026-04-08_18-07-13.mp4,1517.5,1536.5,1260,1336,1775,1737,0.82472706
545,/Volumes/SmithL0/2026/BIOL470/Final/Learning_Rig/bee_0408_2/bee_0408_2_rev_green_accident/cam1_2026-04-08_18-07-13.mp4,1517.5,1537.0,1260,1336,1775,1738,0.82685447
546,/Volumes/SmithL0/2026/BIOL470/Final/Learning_Rig/bee_0408_2/bee_0408_2_rev_green_accident/cam1_2026-04-08_18-07-13.mp4,1518.5,1537.0,1261,1336,1776,1738,0.8228455
547,/Volumes/SmithL0/2026/BIOL470/Final/Learning_Rig/bee_0408_2/bee_0408_2_rev_green_accident/cam1_2026-04-08_18-07-13.mp4,1517.0,1537.5,1259,1337,1775,1738,0.8258518
548,/Volumes/SmithL0/2026/BIOL470/Final/Learning_Rig/bee_0408_2/bee_0408_2_rev_green_accident/cam1_2026-04-08_18-07-13.mp4,1517.0,1537.0,1259,1337,1775,1737,0.8285791
549,/Volumes/SmithL0/2026/BIOL470/Final/Learning_Rig/bee_0408_2/bee_0408_2_rev_green_accident/cam1_2026-04-08_18-07-13.mp4,1517.0,1536.0,1259,1336,1775,1736,0.8303273
550,/Volumes/SmithL0/2026/BIOL470/Final/Learning_Rig/bee_0408_2/bee_0408_2_rev_green_accident/cam1_2026-04-08_18-07-13.mp4,1517.0,1537.0,1259,1338,1775,1736,0.8273177
551,/Volumes/SmithL0/2026/BIOL470/Final/Learning_Rig/bee_0408_2/bee_0408_2_rev_green_accident/cam1_2026-04-08_18-07-13.mp4,1517.0,1536.5,1259,1337,1775,1736,0.8293171
552,/Volumes/SmithL0/2026/BIOL470/Final/Learning_Rig/bee_0408_2/bee_0408_2_rev_green_accident/cam1_2026-04-08_18-07-13.mp4,1517.0,1535.5,1259,1335,1775,1736,0.82858914
553,/Volumes/SmithL0/2026/BIOL470/Final/Learning_Rig/bee_0408_2/bee_0408_2_rev_green_accident/cam1_2026-04-08_18-07-13.mp4,1517.0,1535.5,1259,1335,1775,1736,0.8290221
554,/Volumes/SmithL0/2026/BIOL470/Final/Learning_Rig/bee_0408_2/bee_0408_2_rev_green_accident/cam1_2026-04-08_18-07-13.mp4,1516.5,1535.5,1259,1335,1774,1736,0.8310654
555,/Volumes/SmithL0/2026/BIOL470/Final/Learning_Rig/bee_0408_2/bee_0408_2_rev_green_accident/cam1_2026-04-08_18-07-13.mp4,1516.5,1536.0,1259,1335,1774,1737,0.83088356
556,/Volumes/SmithL0/2026/BIOL470/Final/Learning_Rig/bee_0408_2/bee_0408_2_rev_green_accident/cam1_2026-04-08_18-07-13.mp4,1517.0,1535.0,1259,1334,1775,1736,0.8292741
557,/Volumes/SmithL0/2026/BIOL470/Final/Learning_Rig/bee_0408_2/bee_0408_2_rev_green_accident/cam1_2026-04-08_18-07-13.mp4,1517.5,1536.0,1260,1335,1775,1737,0.8256379
558,/Volumes/SmithL0/2026/BIOL470/Final/Learning_Rig/bee_0408_2/bee_0408_2_rev_green_accident/cam1_2026-04-08_18-07-13.mp4,1518.5,1537.0,1261,1335,1776,1739,0.8281563
559,/Volumes/SmithL0/2026/BIOL470/Final/Learning_Rig/bee_0408_2/bee_0408_2_rev_green_accident/cam1_2026-04-08_18-07-13.mp4,1517.5,1537.0,1259,1335,1776,1739,0.8271072
560,/Volumes/SmithL0/2026/BIOL470/Final/Learning_Rig/bee_0408_2/bee_0408_2_rev_green_accident/cam1_2026-04-08_18-07-13.mp4,1519.5,1537.5,1262,1335,1777,1740,0.82313967
561,/Volumes/SmithL0/2026/BIOL470/Final/Learning_Rig/bee_0408_2/bee_0408_2_rev_green_accident/cam1_2026-04-08_18-07-13.mp4,1518.0,1537.5,1260,1336,1776,1739,0.8269438
562,/Volumes/SmithL0/2026/BIOL470/Final/Learning_Rig/bee_0408_2/bee_0408_2_rev_green_accident/cam1_2026-04-08_18-07-13.mp4,1518.0,1537.0,1260,1336,1776,1738,0.8275491
563,/Volumes/SmithL0/2026/BIOL470/Final/Learning_Rig/bee_0408_2/bee_0408_2_rev_green_accident/cam1_2026-04-08_18-07-13.mp4,1518.0,1536.5,1260,1336,1776,1737,0.8270042
564,/Volumes/SmithL0/2026/BIOL470/Final/Learning_Rig/bee_0408_2/bee_0408_2_rev_green_accident/cam1_2026-04-08_18-07-13.mp4,1518.5,1537.0,1261,1336,1776,1738,0.8265674
565,/Volumes/SmithL0/2026/BIOL470/Final/Learning_Rig/bee_0408_2/bee_0408_2_rev_green_accident/cam1_2026-04-08_18-07-13.mp4,1518.0,1536.5,1260,1335,1776,1738,0.82888293
566,/Volumes/SmithL0/2026/BIOL470/Final/Learning_Rig/bee_0408_2/bee_0408_2_rev_green_accident/cam1_2026-04-08_18-07-13.mp4,1517.5,1536.5,1259,1335,1776,1738,0.82768637
567,/Volumes/SmithL0/2026/BIOL470/Final/Learning_Rig/bee_0408_2/bee_0408_2_rev_green_accident/cam1_2026-04-08_18-07-13.mp4,1518.0,1536.5,1260,1335,1776,1738,0.8260368
568,/Volumes/SmithL0/2026/BIOL470/Final/Learning_Rig/bee_0408_2/bee_0408_2_rev_green_accident/cam1_2026-04-08_18-07-13.mp4,1518.0,1537.0,1260,1336,1776,1738,0.8253408
569,/Volumes/SmithL0/2026/BIOL470/Final/Learning_Rig/bee_0408_2/bee_0408_2_rev_green_accident/cam1_2026-04-08_18-07-13.mp4,1518.5,1537.0,1261,1336,1776,1738,0.8256681
570,/Volumes/SmithL0/2026/BIOL470/Final/Learning_Rig/bee_0408_2/bee_0408_2_rev_green_accident/cam1_2026-04-08_18-07-13.mp4,1518.0,1538.0,1260,1337,1776,1739,0.8290389
571,/Volumes/SmithL0/2026/BIOL470/Final/Learning_Rig/bee_0408_2/bee_0408_2_rev_green_accident/cam1_2026-04-08_18-07-13.mp4,1518.0,1537.0,1260,1336,1776,1738,0.828642
572,/Volumes/SmithL0/2026/BIOL470/Final/Learning_Rig/bee_0408_2/bee_0408_2_rev_green_accident/cam1_2026-04-08_18-07-13.mp4,1518.5,1537.0,1261,1336,1776,1738,0.8282979
573,/Volumes/SmithL0/2026/BIOL470/Final/Learning_Rig/bee_0408_2/bee_0408_2_rev_green_accident/cam1_2026-04-08_18-07-13.mp4,1517.5,1537.0,1259,1335,1776,1739,0.82605684
574,/Volumes/SmithL0/2026/BIOL470/Final/Learning_Rig/bee_0408_2/bee_0408_2_rev_green_accident/cam1_2026-04-08_18-07-13.mp4,1518.5,1538.0,1260,1336,1777,1740,0.8268226
575,/Volumes/SmithL0/2026/BIOL470/Final/Learning_Rig/bee_0408_2/bee_0408_2_rev_green_accident/cam1_2026-04-08_18-07-13.mp4,1518.5,1537.5,1260,1336,1777,1739,0.8266309
576,/Volumes/SmithL0/2026/BIOL470/Final/Learning_Rig/bee_0408_2/bee_0408_2_rev_green_accident/cam1_2026-04-08_18-07-13.mp4,1518.0,1537.0,1260,1336,1776,1738,0.8301187
577,/Volumes/SmithL0/2026/BIOL470/Final/Learning_Rig/bee_0408_2/bee_0408_2_rev_green_accident/cam1_2026-04-08_18-07-13.mp4,1517.5,1536.0,1259,1335,1776,1737,0.827308
578,/Volumes/SmithL0/2026/BIOL470/Final/Learning_Rig/bee_0408_2/bee_0408_2_rev_green_accident/cam1_2026-04-08_18-07-13.mp4,1518.0,1536.5,1260,1336,1776,1737,0.82972574
579,/Volumes/SmithL0/2026/BIOL470/Final/Learning_Rig/bee_0408_2/bee_0408_2_rev_green_accident/cam1_2026-04-08_18-07-13.mp4,1517.0,1536.0,1259,1335,1775,1737,0.8285607
580,/Volumes/SmithL0/2026/BIOL470/Final/Learning_Rig/bee_0408_2/bee_0408_2_rev_green_accident/cam1_2026-04-08_18-07-13.mp4,1517.5,1536.0,1260,1334,1775,1738,0.8261081
581,/Volumes/SmithL0/2026/BIOL470/Final/Learning_Rig/bee_0408_2/bee_0408_2_rev_green_accident/cam1_2026-04-08_18-07-13.mp4,1517.5,1535.5,1260,1334,1775,1737,0.82875276
582,/Volumes/SmithL0/2026/BIOL470/Final/Learning_Rig/bee_0408_2/bee_0408_2_rev_green_accident/cam1_2026-04-08_18-07-13.mp4,1517.5,1536.0,1260,1334,1775,1738,0.83001477
583,/Volumes/SmithL0/2026/BIOL470/Final/Learning_Rig/bee_0408_2/bee_0408_2_rev_green_accident/cam1_2026-04-08_18-07-13.mp4,1517.5,1537.5,1260,1335,1775,1740,0.8259292
584,/Volumes/SmithL0/2026/BIOL470/Final/Learning_Rig/bee_0408_2/bee_0408_2_rev_green_accident/cam1_2026-04-08_18-07-13.mp4,1517.5,1537.0,1260,1334,1775,1740,0.827076
585,/Volumes/SmithL0/2026/BIOL470/Final/Learning_Rig/bee_0408_2/bee_0408_2_rev_green_accident/cam1_2026-04-08_18-07-13.mp4,1517.0,1536.0,1259,1334,1775,1738,0.8287214
586,/Volumes/SmithL0/2026/BIOL470/Final/Learning_Rig/bee_0408_2/bee_0408_2_rev_green_accident/cam1_2026-04-08_18-07-13.mp4,1517.5,1536.5,1260,1335,1775,1738,0.82917285
587,/Volumes/SmithL0/2026/BIOL470/Final/Learning_Rig/bee_0408_2/bee_0408_2_rev_green_accident/cam1_2026-04-08_18-07-13.mp4,1518.0,1537.0,1260,1335,1776,1739,0.82904553
588,/Volumes/SmithL0/2026/BIOL470/Final/Learning_Rig/bee_0408_2/bee_0408_2_rev_green_accident/cam1_2026-04-08_18-07-13.mp4,1518.0,1537.5,1260,1337,1776,1738,0.82948446
589,/Volumes/SmithL0/2026/BIOL470/Final/Learning_Rig/bee_0408_2/bee_0408_2_rev_green_accident/cam1_2026-04-08_18-07-13.mp4,1517.5,1536.0,1259,1336,1776,1736,0.82890475
590,/Volumes/SmithL0/2026/BIOL470/Final/Learning_Rig/bee_0408_2/bee_0408_2_rev_green_accident/cam1_2026-04-08_18-07-13.mp4,1517.0,1535.5,1259,1335,1775,1736,0.8294581
591,/Volumes/SmithL0/2026/BIOL470/Final/Learning_Rig/bee_0408_2/bee_0408_2_rev_green_accident/cam1_2026-04-08_18-07-13.mp4,1518.0,1536.0,1260,1335,1776,1737,0.8282844
592,/Volumes/SmithL0/2026/BIOL470/Final/Learning_Rig/bee_0408_2/bee_0408_2_rev_green_accident/cam1_2026-04-08_18-07-13.mp4,1518.5,1536.0,1261,1335,1776,1737,0.82757795
593,/Volumes/SmithL0/2026/BIOL470/Final/Learning_Rig/bee_0408_2/bee_0408_2_rev_green_accident/cam1_2026-04-08_18-07-13.mp4,1518.0,1535.0,1260,1334,1776,1736,0.8258185
594,/Volumes/SmithL0/2026/BIOL470/Final/Learning_Rig/bee_0408_2/bee_0408_2_rev_green_accident/cam1_2026-04-08_18-07-13.mp4,1519.0,1536.0,1261,1335,1777,1737,0.8240047
595,/Volumes/SmithL0/2026/BIOL470/Final/Learning_Rig/bee_0408_2/bee_0408_2_rev_green_accident/cam1_2026-04-08_18-07-13.mp4,1518.5,1536.5,1261,1335,1776,1738,0.82664514
596,/Volumes/SmithL0/2026/BIOL470/Final/Learning_Rig/bee_0408_2/bee_0408_2_rev_green_accident/cam1_2026-04-08_18-07-13.mp4,1518.5,1537.0,1261,1336,1776,1738,0.82756895
597,/Volumes/SmithL0/2026/BIOL470/Final/Learning_Rig/bee_0408_2/bee_0408_2_rev_green_accident/cam1_2026-04-08_18-07-13.mp4,1518.5,1536.5,1261,1335,1776,1738,0.8272557
598,/Volumes/SmithL0/2026/BIOL470/Final/Learning_Rig/bee_0408_2/bee_0408_2_rev_green_accident/cam1_2026-04-08_18-07-13.mp4,1519.0,1536.5,1262,1336,1776,1737,0.82948005
599,/Volumes/SmithL0/2026/BIOL470/Final/Learning_Rig/bee_0408_2/bee_0408_2_rev_green_accident/cam1_2026-04-08_18-07-13.mp4,1518.5,1536.5,1262,1335,1775,1738,0.8288062
600,/Volumes/SmithL0/2026/BIOL470/Final/Learning_Rig/bee_0408_2/bee_0408_2_rev_green_accident/cam1_2026-04-08_18-07-13.mp4,1519.5,1537.0,1263,1337,1776,1737,0.8306731
601,/Volumes/SmithL0/2026/BIOL470/Final/Learning_Rig/bee_0408_2/bee_0408_2_rev_green_accident/cam1_2026-04-08_18-07-13.mp4,1519.5,1536.5,1263,1336,1776,1737,0.82886344
602,/Volumes/SmithL0/2026/BIOL470/Final/Learning_Rig/bee_0408_2/bee_0408_2_rev_green_accident/cam1_2026-04-08_18-07-13.mp4,1519.5,1537.0,1263,1337,1776,1737,0.83000135
603,/Volumes/SmithL0/2026/BIOL470/Final/Learning_Rig/bee_0408_2/bee_0408_2_rev_green_accident/cam1_2026-04-08_18-07-13.mp4,1519.5,1536.0,1264,1335,1775,1737,0.830889
604,/Volumes/SmithL0/2026/BIOL470/Final/Learning_Rig/bee_0408_2/bee_0408_2_rev_green_accident/cam1_2026-04-08_18-07-13.mp4,1519.0,1537.0,1263,1336,1775,1738,0.82842284
605,/Volumes/SmithL0/2026/BIOL470/Final/Learning_Rig/bee_0408_2/bee_0408_2_rev_green_accident/cam1_2026-04-08_18-07-13.mp4,1518.0,1537.0,1262,1335,1774,1739,0.8283772
606,/Volumes/SmithL0/2026/BIOL470/Final/Learning_Rig/bee_0408_2/bee_0408_2_rev_green_accident/cam1_2026-04-08_18-07-13.mp4,1517.5,1537.0,1261,1335,1774,1739,0.8296762
607,/Volumes/SmithL0/2026/BIOL470/Final/Learning_Rig/bee_0408_2/bee_0408_2_rev_green_accident/cam1_2026-04-08_18-07-13.mp4,1519.5,1537.0,1263,1335,1776,1739,0.82557553
608,/Volumes/SmithL0/2026/BIOL470/Final/Learning_Rig/bee_0408_2/bee_0408_2_rev_green_accident/cam1_2026-04-08_18-07-13.mp4,1519.0,1536.5,1262,1334,1776,1739,0.826076
609,/Volumes/SmithL0/2026/BIOL470/Final/Learning_Rig/bee_0408_2/bee_0408_2_rev_green_accident/cam1_2026-04-08_18-07-13.mp4,1519.5,1536.5,1263,1335,1776,1738,0.825921
610,/Volumes/SmithL0/2026/BIOL470/Final/Learning_Rig/bee_0408_2/bee_0408_2_rev_green_accident/cam1_2026-04-08_18-07-13.mp4,1520.0,1537.0,1264,1335,1776,1739,0.82357323
611,/Volumes/SmithL0/2026/BIOL470/Final/Learning_Rig/bee_0408_2/bee_0408_2_rev_green_accident/cam1_2026-04-08_18-07-13.mp4,1518.5,1538.0,1262,1336,1775,1740,0.8241371
612,/Volumes/SmithL0/2026/BIOL470/Final/Learning_Rig/bee_0408_2/bee_0408_2_rev_green_accident/cam1_2026-04-08_18-07-13.mp4,1519.0,1537.5,1262,1336,1776,1739,0.826164
613,/Volumes/SmithL0/2026/BIOL470/Final/Learning_Rig/bee_0408_2/bee_0408_2_rev_green_accident/cam1_2026-04-08_18-07-13.mp4,1518.5,1537.0,1262,1335,1775,1739,0.82599086
614,/Volumes/SmithL0/2026/BIOL470/Final/Learning_Rig/bee_0408_2/bee_0408_2_rev_green_accident/cam1_2026-04-08_18-07-13.mp4,1519.0,1536.5,1262,1336,1776,1737,0.82927555
615,/Volumes/SmithL0/2026/BIOL470/Final/Learning_Rig/bee_0408_2/bee_0408_2_rev_green_accident/cam1_2026-04-08_18-07-13.mp4,1518.5,1536.5,1261,1335,1776,1738,0.82874
616,/Volumes/SmithL0/2026/BIOL470/Final/Learning_Rig/bee_0408_2/bee_0408_2_rev_green_accident/cam1_2026-04-08_18-07-13.mp4,1518.5,1535.5,1261,1334,1776,1737,0.8279617
617,/Volumes/SmithL0/2026/BIOL470/Final/Learning_Rig/bee_0408_2/bee_0408_2_rev_green_accident/cam1_2026-04-08_18-07-13.mp4,1518.5,1535.5,1261,1334,1776,1737,0.8288388
618,/Volumes/SmithL0/2026/BIOL470/Final/Learning_Rig/bee_0408_2/bee_0408_2_rev_green_accident/cam1_2026-04-08_18-07-13.mp4,1518.5,1536.0,1261,1334,1776,1738,0.82875365
619,/Volumes/SmithL0/2026/BIOL470/Final/Learning_Rig/bee_0408_2/bee_0408_2_rev_green_accident/cam1_2026-04-08_18-07-13.mp4,1518.5,1536.0,1262,1335,1775,1737,0.83034855
620,/Volumes/SmithL0/2026/BIOL470/Final/Learning_Rig/bee_0408_2/bee_0408_2_rev_green_accident/cam1_2026-04-08_18-07-13.mp4,1518.5,1537.0,1261,1336,1776,1738,0.8279802
621,/Volumes/SmithL0/2026/BIOL470/Final/Learning_Rig/bee_0408_2/bee_0408_2_rev_green_accident/cam1_2026-04-08_18-07-13.mp4,1519.5,1537.0,1264,1337,1775,1737,0.82961375
622,/Volumes/SmithL0/2026/BIOL470/Final/Learning_Rig/bee_0408_2/bee_0408_2_rev_green_accident/cam1_2026-04-08_18-07-13.mp4,1520.0,1536.5,1264,1337,1776,1736,0.8289223
623,/Volumes/SmithL0/2026/BIOL470/Final/Learning_Rig/bee_0408_2/bee_0408_2_rev_green_accident/cam1_2026-04-08_18-07-13.mp4,1519.0,1536.5,1262,1337,1776,1736,0.82939667
624,/Volumes/SmithL0/2026/BIOL470/Final/Learning_Rig/bee_0408_2/bee_0408_2_rev_green_accident/cam1_2026-04-08_18-07-13.mp4,1518.5,1536.5,1262,1336,1775,1737,0.82926613
625,/Volumes/SmithL0/2026/BIOL470/Final/Learning_Rig/bee_0408_2/bee_0408_2_rev_green_accident/cam1_2026-04-08_18-07-13.mp4,1518.0,1536.0,1261,1336,1775,1736,0.83073735
626,/Volumes/SmithL0/2026/BIOL470/Final/Learning_Rig/bee_0408_2/bee_0408_2_rev_green_accident/cam1_2026-04-08_18-07-13.mp4,1518.5,1535.5,1262,1335,1775,1736,0.8271708
627,/Volumes/SmithL0/2026/BIOL470/Final/Learning_Rig/bee_0408_2/bee_0408_2_rev_green_accident/cam1_2026-04-08_18-07-13.mp4,1518.5,1536.5,1262,1337,1775,1736,0.8279767
628,/Volumes/SmithL0/2026/BIOL470/Final/Learning_Rig/bee_0408_2/bee_0408_2_rev_green_accident/cam1_2026-04-08_18-07-13.mp4,1518.0,1536.5,1262,1336,1774,1737,0.82776463
629,/Volumes/SmithL0/2026/BIOL470/Final/Learning_Rig/bee_0408_2/bee_0408_2_rev_green_accident/cam1_2026-04-08_18-07-13.mp4,1519.0,1537.5,1263,1337,1775,1738,0.8302429
630,/Volumes/SmithL0/2026/BIOL470/Final/Learning_Rig/bee_0408_2/bee_0408_2_rev_green_accident/cam1_2026-04-08_18-07-13.mp4,1519.5,1538.5,1263,1337,1776,1740,0.8306763
631,/Volumes/SmithL0/2026/BIOL470/Final/Learning_Rig/bee_0408_2/bee_0408_2_rev_green_accident/cam1_2026-04-08_18-07-13.mp4,1520.5,1536.5,1265,1336,1776,1737,0.82858366
632,/Volumes/SmithL0/2026/BIOL470/Final/Learning_Rig/bee_0408_2/bee_0408_2_rev_green_accident/cam1_2026-04-08_18-07-13.mp4,1519.0,1536.5,1264,1336,1774,1737,0.8308971
633,/Volumes/SmithL0/2026/BIOL470/Final/Learning_Rig/bee_0408_2/bee_0408_2_rev_green_accident/cam1_2026-04-08_18-07-13.mp4,1518.0,1536.5,1263,1336,1773,1737,0.82957774
634,/Volumes/SmithL0/2026/BIOL470/Final/Learning_Rig/bee_0408_2/bee_0408_2_rev_green_accident/cam1_2026-04-08_18-07-13.mp4,1518.5,1537.0,1264,1336,1773,1738,0.8284328
635,/Volumes/SmithL0/2026/BIOL470/Final/Learning_Rig/bee_0408_2/bee_0408_2_rev_green_accident/cam1_2026-04-08_18-07-13.mp4,1519.0,1536.0,1264,1336,1774,1736,0.82891697
636,/Volumes/SmithL0/2026/BIOL470/Final/Learning_Rig/bee_0408_2/bee_0408_2_rev_green_accident/cam1_2026-04-08_18-07-13.mp4,1519.5,1536.0,1264,1336,1775,1736,0.8324526
637,/Volumes/SmithL0/2026/BIOL470/Final/Learning_Rig/bee_0408_2/bee_0408_2_rev_green_accident/cam1_2026-04-08_18-07-13.mp4,1519.0,1536.0,1262,1335,1776,1737,0.82683367
638,/Volumes/SmithL0/2026/BIOL470/Final/Learning_Rig/bee_0408_2/bee_0408_2_rev_green_accident/cam1_2026-04-08_18-07-13.mp4,1519.0,1536.5,1262,1336,1776,1737,0.8263169
639,/Volumes/SmithL0/2026/BIOL470/Final/Learning_Rig/bee_0408_2/bee_0408_2_rev_green_accident/cam1_2026-04-08_18-07-13.mp4,1518.5,1536.5,1261,1337,1776,1736,0.82836384
640,/Volumes/SmithL0/2026/BIOL470/Final/Learning_Rig/bee_0408_2/bee_0408_2_rev_green_accident/cam1_2026-04-08_18-07-13.mp4,1518.5,1536.0,1262,1337,1775,1735,0.83163244
641,/Volumes/SmithL0/2026/BIOL470/Final/Learning_Rig/bee_0408_2/bee_0408_2_rev_green_accident/cam1_2026-04-08_18-07-13.mp4,1519.0,1535.5,1262,1336,1776,1735,0.8309201
642,/Volumes/SmithL0/2026/BIOL470/Final/Learning_Rig/bee_0408_2/bee_0408_2_rev_green_accident/cam1_2026-04-08_18-07-13.mp4,1519.0,1536.5,1263,1337,1775,1736,0.8271559
643,/Volumes/SmithL0/2026/BIOL470/Final/Learning_Rig/bee_0408_2/bee_0408_2_rev_green_accident/cam1_2026-04-08_18-07-13.mp4,1519.0,1535.0,1262,1334,1776,1736,0.82542795
644,/Volumes/SmithL0/2026/BIOL470/Final/Learning_Rig/bee_0408_2/bee_0408_2_rev_green_accident/cam1_2026-04-08_18-07-13.mp4,1519.0,1536.0,1262,1336,1776,1736,0.82755286
645,/Volumes/SmithL0/2026/BIOL470/Final/Learning_Rig/bee_0408_2/bee_0408_2_rev_green_accident/cam1_2026-04-08_18-07-13.mp4,1519.0,1537.0,1262,1337,1776,1737,0.8259493
646,/Volumes/SmithL0/2026/BIOL470/Final/Learning_Rig/bee_0408_2/bee_0408_2_rev_green_accident/cam1_2026-04-08_18-07-13.mp4,1519.5,1536.5,1262,1336,1777,1737,0.8287621
647,/Volumes/SmithL0/2026/BIOL470/Final/Learning_Rig/bee_0408_2/bee_0408_2_rev_green_accident/cam1_2026-04-08_18-07-13.mp4,1519.5,1537.5,1262,1337,1777,1738,0.82975835
648,/Volumes/SmithL0/2026/BIOL470/Final/Learning_Rig/bee_0408_2/bee_0408_2_rev_green_accident/cam1_2026-04-08_18-07-13.mp4,1519.0,1536.0,1262,1336,1776,1736,0.83042294
649,/Volumes/SmithL0/2026/BIOL470/Final/Learning_Rig/bee_0408_2/bee_0408_2_rev_green_accident/cam1_2026-04-08_18-07-13.mp4,1518.5,1536.5,1262,1336,1775,1737,0.83172995
650,/Volumes/SmithL0/2026/BIOL470/Final/Learning_Rig/bee_0408_2/bee_0408_2_rev_green_accident/cam1_2026-04-08_18-07-13.mp4,1517.5,1536.0,1263,1336,1772,1736,0.83528984
651,/Volumes/SmithL0/2026/BIOL470/Final/Learning_Rig/bee_0408_2/bee_0408_2_rev_green_accident/cam1_2026-04-08_18-07-13.mp4,1518.5,1535.5,1263,1335,1774,1736,0.83145684
652,/Volumes/SmithL0/2026/BIOL470/Final/Learning_Rig/bee_0408_2/bee_0408_2_rev_green_accident/cam1_2026-04-08_18-07-13.mp4,1518.0,1535.5,1263,1336,1773,1735,0.83498764
653,/Volumes/SmithL0/2026/BIOL470/Final/Learning_Rig/bee_0408_2/bee_0408_2_rev_green_accident/cam1_2026-04-08_18-07-13.mp4,1518.0,1535.5,1262,1336,1774,1735,0.83524394
654,/Volumes/SmithL0/2026/BIOL470/Final/Learning_Rig/bee_0408_2/bee_0408_2_rev_green_accident/cam1_2026-04-08_18-07-13.mp4,1518.0,1535.5,1262,1336,1774,1735,0.83370095
655,/Volumes/SmithL0/2026/BIOL470/Final/Learning_Rig/bee_0408_2/bee_0408_2_rev_green_accident/cam1_2026-04-08_18-07-13.mp4,1518.5,1535.0,1262,1336,1775,1734,0.83196646
656,/Volumes/SmithL0/2026/BIOL470/Final/Learning_Rig/bee_0408_2/bee_0408_2_rev_green_accident/cam1_2026-04-08_18-07-13.mp4,1519.0,1535.5,1262,1336,1776,1735,0.83408356
657,/Volumes/SmithL0/2026/BIOL470/Final/Learning_Rig/bee_0408_2/bee_0408_2_rev_green_accident/cam1_2026-04-08_18-07-13.mp4,1520.0,1535.5,1264,1336,1776,1735,0.8333931
658,/Volumes/SmithL0/2026/BIOL470/Final/Learning_Rig/bee_0408_2/bee_0408_2_rev_green_accident/cam1_2026-04-08_18-07-13.mp4,1519.5,1537.0,1264,1337,1775,1737,0.8275599
659,/Volumes/SmithL0/2026/BIOL470/Final/Learning_Rig/bee_0408_2/bee_0408_2_rev_green_accident/cam1_2026-04-08_18-07-13.mp4,1519.5,1537.0,1263,1337,1776,1737,0.8200734
660,/Volumes/SmithL0/2026/BIOL470/Final/Learning_Rig/bee_0408_2/bee_0408_2_rev_green_accident/cam1_2026-04-08_18-07-13.mp4,1519.0,1537.5,1260,1340,1778,1735,0.82417184
661,/Volumes/SmithL0/2026/BIOL470/Final/Learning_Rig/bee_0408_2/bee_0408_2_rev_green_accident/cam1_2026-04-08_18-07-13.mp4,1518.0,1538.0,1260,1340,1776,1736,0.8283322
662,/Volumes/SmithL0/2026/BIOL470/Final/Learning_Rig/bee_0408_2/bee_0408_2_rev_green_accident/cam1_2026-04-08_18-07-13.mp4,1516.0,1537.5,1259,1339,1773,1736,0.83401716
663,/Volumes/SmithL0/2026/BIOL470/Final/Learning_Rig/bee_0408_2/bee_0408_2_rev_green_accident/cam1_2026-04-08_18-07-13.mp4,1516.5,1537.0,1259,1339,1774,1735,0.8385078
664,/Volumes/SmithL0/2026/BIOL470/Final/Learning_Rig/bee_0408_2/bee_0408_2_rev_green_accident/cam1_2026-04-08_18-07-13.mp4,1519.0,1535.5,1257,1337,1781,1734,0.83672506
665,/Volumes/SmithL0/2026/BIOL470/Final/Learning_Rig/bee_0408_2/bee_0408_2_rev_green_accident/cam1_2026-04-08_18-07-13.mp4,1518.0,1536.5,1255,1339,1781,1734,0.8299015
666,/Volumes/SmithL0/2026/BIOL470/Final/Learning_Rig/bee_0408_2/bee_0408_2_rev_green_accident/cam1_2026-04-08_18-07-13.mp4,1518.0,1538.5,1256,1339,1780,1738,0.83116436
667,/Volumes/SmithL0/2026/BIOL470/Final/Learning_Rig/bee_0408_2/bee_0408_2_rev_green_accident/cam1_2026-04-08_18-07-13.mp4,1515.5,1537.5,1254,1337,1777,1738,0.8399455
668,/Volumes/SmithL0/2026/BIOL470/Final/Learning_Rig/bee_0408_2/bee_0408_2_rev_green_accident/cam1_2026-04-08_18-07-13.mp4,1502.0,1534.5,1250,1330,1754,1739,0.8470909
669,/Volumes/SmithL0/2026/BIOL470/Final/Learning_Rig/bee_0408_2/bee_0408_2_rev_green_accident/cam1_2026-04-08_18-07-13.mp4,1500.5,1534.5,1248,1328,1753,1741,0.8457168
670,/Volumes/SmithL0/2026/BIOL470/Final/Learning_Rig/bee_0408_2/bee_0408_2_rev_green_accident/cam1_2026-04-08_18-07-13.mp4,1500.0,1533.0,1249,1326,1751,1740,0.8411961
671,/Volumes/SmithL0/2026/BIOL470/Final/Learning_Rig/bee_0408_2/bee_0408_2_rev_green_accident/cam1_2026-04-08_18-07-13.mp4,1498.5,1532.5,1246,1326,1751,1739,0.83224803
672,/Volumes/SmithL0/2026/BIOL470/Final/Learning_Rig/bee_0408_2/bee_0408_2_rev_green_accident/cam1_2026-04-08_18-07-13.mp4,1494.5,1530.0,1238,1326,1751,1734,0.8364573
673,/Volumes/SmithL0/2026/BIOL470/Final/Learning_Rig/bee_0408_2/bee_0408_2_rev_green_accident/cam1_2026-04-08_18-07-13.mp4,1495.0,1529.0,1235,1327,1755,1731,0.8380973
674,/Volumes/SmithL0/2026/BIOL470/Final/Learning_Rig/bee_0408_2/bee_0408_2_rev_green_accident/cam1_2026-04-08_18-07-13.mp4,1492.5,1528.5,1235,1328,1750,1729,0.8381249
675,/Volumes/SmithL0/2026/BIOL470/Final/Learning_Rig/bee_0408_2/bee_0408_2_rev_green_accident/cam1_2026-04-08_18-07-13.mp4,1485.5,1528.0,1224,1330,1747,1726,0.8165294
676,/Volumes/SmithL0/2026/BIOL470/Final/Learning_Rig/bee_0408_2/bee_0408_2_rev_green_accident/cam1_2026-04-08_18-07-13.mp4,1483.0,1506.0,1216,1288,1750,1724,0.82577395
677,/Volumes/SmithL0/2026/BIOL470/Final/Learning_Rig/bee_0408_2/bee_0408_2_rev_green_accident/cam1_2026-04-08_18-07-13.mp4,1476.5,1504.5,1203,1287,1750,1722,0.81660527
678,/Volumes/SmithL0/2026/BIOL470/Final/Learning_Rig/bee_0408_2/bee_0408_2_rev_green_accident/cam1_2026-04-08_18-07-13.mp4,1474.5,1502.5,1204,1286,1745,1719,0.81672186
679,/Volumes/SmithL0/2026/BIOL470/Final/Learning_Rig/bee_0408_2/bee_0408_2_rev_green_accident/cam1_2026-04-08_18-07-13.mp4,1480.5,1507.5,1214,1286,1747,1729,0.81275284
680,/Volumes/SmithL0/2026/BIOL470/Final/Learning_Rig/bee_0408_2/bee_0408_2_rev_green_accident/cam1_2026-04-08_18-07-13.mp4,1476.5,1504.0,1205,1280,1748,1728,0.81680393
681,/Volumes/SmithL0/2026/BIOL470/Final/Learning_Rig/bee_0408_2/bee_0408_2_rev_green_accident/cam1_2026-04-08_18-07-13.mp4,1479.5,1503.0,1208,1280,1751,1726,0.8213233
682,/Volumes/SmithL0/2026/BIOL470/Final/Learning_Rig/bee_0408_2/bee_0408_2_rev_green_accident/cam1_2026-04-08_18-07-13.mp4,1476.5,1506.0,1204,1278,1749,1734,0.81844324
683,/Volumes/SmithL0/2026/BIOL470/Final/Learning_Rig/bee_0408_2/bee_0408_2_rev_green_accident/cam1_2026-04-08_18-07-13.mp4,1478.0,1505.0,1202,1278,1754,1732,0.8221621
684,/Volumes/SmithL0/2026/BIOL470/Final/Learning_Rig/bee_0408_2/bee_0408_2_rev_green_accident/cam1_2026-04-08_18-07-13.mp4,1481.0,1508.0,1206,1277,1756,1739,0.82222664
685,/Volumes/SmithL0/2026/BIOL470/Final/Learning_Rig/bee_0408_2/bee_0408_2_rev_green_accident/cam1_2026-04-08_18-07-13.mp4,1487.5,1508.5,1215,1276,1760,1741,0.8265687
686,/Volumes/SmithL0/2026/BIOL470/Final/Learning_Rig/bee_0408_2/bee_0408_2_rev_green_accident/cam1_2026-04-08_18-07-13.mp4,1491.0,1508.5,1216,1277,1766,1740,0.8284401
687,/Volumes/SmithL0/2026/BIOL470/Final/Learning_Rig/bee_0408_2/bee_0408_2_rev_green_accident/cam1_2026-04-08_18-07-13.mp4,1493.5,1508.5,1212,1276,1775,1741,0.82405704
688,/Volumes/SmithL0/2026/BIOL470/Final/Learning_Rig/bee_0408_2/bee_0408_2_rev_green_accident/cam1_2026-04-08_18-07-13.mp4,1484.5,1509.0,1215,1276,1754,1742,0.82875425
689,/Volumes/SmithL0/2026/BIOL470/Final/Learning_Rig/bee_0408_2/bee_0408_2_rev_green_accident/cam1_2026-04-08_18-07-13.mp4,1483.0,1509.0,1215,1276,1751,1742,0.8262604
690,/Volumes/SmithL0/2026/BIOL470/Final/Learning_Rig/bee_0408_2/bee_0408_2_rev_green_accident/cam1_2026-04-08_18-07-13.mp4,1484.5,1509.0,1219,1277,1750,1741,0.82907885
691,/Volumes/SmithL0/2026/BIOL470/Final/Learning_Rig/bee_0408_2/bee_0408_2_rev_green_accident/cam1_2026-04-08_18-07-13.mp4,1485.5,1509.0,1218,1277,1753,1741,0.82883006
692,/Volumes/SmithL0/2026/BIOL470/Final/Learning_Rig/bee_0408_2/bee_0408_2_rev_green_accident/cam1_2026-04-08_18-07-13.mp4,1485.5,1509.0,1218,1277,1753,1741,0.82847685
693,/Volumes/SmithL0/2026/BIOL470/Final/Learning_Rig/bee_0408_2/bee_0408_2_rev_green_accident/cam1_2026-04-08_18-07-13.mp4,1485.0,1509.0,1217,1277,1753,1741,0.8236617
694,/Volumes/SmithL0/2026/BIOL470/Final/Learning_Rig/bee_0408_2/bee_0408_2_rev_green_accident/cam1_2026-04-08_18-07-13.mp4,1488.0,1507.5,1221,1277,1755,1738,0.82386804
695,/Volumes/SmithL0/2026/BIOL470/Final/Learning_Rig/bee_0408_2/bee_0408_2_rev_green_accident/cam1_2026-04-08_18-07-13.mp4,1490.0,1507.0,1225,1278,1755,1736,0.8250915
696,/Volumes/SmithL0/2026/BIOL470/Final/Learning_Rig/bee_0408_2/bee_0408_2_rev_green_accident/cam1_2026-04-08_18-07-13.mp4,1491.0,1505.5,1229,1278,1753,1733,0.8301393
697,/Volumes/SmithL0/2026/BIOL470/Final/Learning_Rig/bee_0408_2/bee_0408_2_rev_green_accident/cam1_2026-04-08_18-07-13.mp4,1491.5,1505.0,1231,1276,1752,1734,0.82692266
698,/Volumes/SmithL0/2026/BIOL470/Final/Learning_Rig/bee_0408_2/bee_0408_2_rev_green_accident/cam1_2026-04-08_18-07-13.mp4,1491.5,1505.0,1234,1277,1749,1733,0.82734835
699,/Volumes/SmithL0/2026/BIOL470/Final/Learning_Rig/bee_0408_2/bee_0408_2_rev_green_accident/cam1_2026-04-08_18-07-13.mp4,1494.0,1505.0,1237,1277,1751,1733,0.82805103
700,/Volumes/SmithL0/2026/BIOL470/Final/Learning_Rig/bee_0408_2/bee_0408_2_rev_green_accident/cam1_2026-04-08_18-07-13.mp4,1496.5,1502.0,1239,1277,1754,1727,0.83368415
701,/Volumes/SmithL0/2026/BIOL470/Final/Learning_Rig/bee_0408_2/bee_0408_2_rev_green_accident/cam1_2026-04-08_18-07-13.mp4,1495.5,1503.0,1238,1278,1753,1728,0.8319472
702,/Volumes/SmithL0/2026/BIOL470/Final/Learning_Rig/bee_0408_2/bee_0408_2_rev_green_accident/cam1_2026-04-08_18-07-13.mp4,1496.0,1504.5,1241,1279,1751,1730,0.8268249
703,/Volumes/SmithL0/2026/BIOL470/Final/Learning_Rig/bee_0408_2/bee_0408_2_rev_green_accident/cam1_2026-04-08_18-07-13.mp4,1499.0,1504.5,1244,1279,1754,1730,0.8216419
704,/Volumes/SmithL0/2026/BIOL470/Final/Learning_Rig/bee_0408_2/bee_0408_2_rev_green_accident/cam1_2026-04-08_18-07-13.mp4,1498.0,1504.5,1244,1279,1752,1730,0.821187
705,/Volumes/SmithL0/2026/BIOL470/Final/Learning_Rig/bee_0408_2/bee_0408_2_rev_green_accident/cam1_2026-04-08_18-07-13.mp4,1496.0,1505.5,1243,1279,1749,1732,0.81573576
706,/Volumes/SmithL0/2026/BIOL470/Final/Learning_Rig/bee_0408_2/bee_0408_2_rev_green_accident/cam1_2026-04-08_18-07-13.mp4,1496.5,1502.5,1242,1278,1751,1727,0.8266874
707,/Volumes/SmithL0/2026/BIOL470/Final/Learning_Rig/bee_0408_2/bee_0408_2_rev_green_accident/cam1_2026-04-08_18-07-13.mp4,1494.5,1502.0,1241,1278,1748,1726,0.83420026
708,/Volumes/SmithL0/2026/BIOL470/Final/Learning_Rig/bee_0408_2/bee_0408_2_rev_green_accident/cam1_2026-04-08_18-07-13.mp4,1494.5,1502.0,1241,1278,1748,1726,0.8346727
709,/Volumes/SmithL0/2026/BIOL470/Final/Learning_Rig/bee_0408_2/bee_0408_2_rev_green_accident/cam1_2026-04-08_18-07-13.mp4,1494.0,1502.5,1241,1278,1747,1727,0.83105594
710,/Volumes/SmithL0/2026/BIOL470/Final/Learning_Rig/bee_0408_2/bee_0408_2_rev_green_accident/cam1_2026-04-08_18-07-13.mp4,1493.0,1502.0,1240,1277,1746,1727,0.83249223
711,/Volumes/SmithL0/2026/BIOL470/Final/Learning_Rig/bee_0408_2/bee_0408_2_rev_green_accident/cam1_2026-04-08_18-07-13.mp4,1478.5,1500.0,1222,1276,1735,1724,0.8136973
712,/Volumes/SmithL0/2026/BIOL470/Final/Learning_Rig/bee_0408_2/bee_0408_2_rev_green_accident/cam1_2026-04-08_18-07-13.mp4,1456.0,1502.0,1210,1276,1702,1728,0.8259572
713,/Volumes/SmithL0/2026/BIOL470/Final/Learning_Rig/bee_0408_2/bee_0408_2_rev_green_accident/cam1_2026-04-08_18-07-13.mp4,1444.0,1507.5,1206,1277,1682,1738,0.81497747
714,/Volumes/SmithL0/2026/BIOL470/Final/Learning_Rig/bee_0408_2/bee_0408_2_rev_green_accident/cam1_2026-04-08_18-07-13.mp4,1429.0,1506.0,1192,1276,1666,1736,0.8301815
715,/Volumes/SmithL0/2026/BIOL470/Final/Learning_Rig/bee_0408_2/bee_0408_2_rev_green_accident/cam1_2026-04-08_18-07-13.mp4,1417.5,1505.5,1178,1276,1657,1735,0.8402681
716,/Volumes/SmithL0/2026/BIOL470/Final/Learning_Rig/bee_0408_2/bee_0408_2_rev_green_accident/cam1_2026-04-08_18-07-13.mp4,1420.5,1495.0,1172,1275,1669,1715,0.8309762
717,/Volumes/SmithL0/2026/BIOL470/Final/Learning_Rig/bee_0408_2/bee_0408_2_rev_green_accident/cam1_2026-04-08_18-07-13.mp4,1417.0,1487.5,1150,1276,1684,1699,0.83875763
718,/Volumes/SmithL0/2026/BIOL470/Final/Learning_Rig/bee_0408_2/bee_0408_2_rev_green_accident/cam1_2026-04-08_18-07-13.mp4,1400.0,1488.5,1143,1274,1657,1703,0.8514366
719,/Volumes/SmithL0/2026/BIOL470/Final/Learning_Rig/bee_0408_2/bee_0408_2_rev_green_accident/cam1_2026-04-08_18-07-13.mp4,1398.5,1497.0,1142,1273,1655,1721,0.84933513
720,/Volumes/SmithL0/2026/BIOL470/Final/Learning_Rig/bee_0408_2/bee_0408_2_rev_green_accident/cam1_2026-04-08_18-07-13.mp4,1391.0,1487.0,1149,1254,1633,1720,0.85056734
721,/Volumes/SmithL0/2026/BIOL470/Final/Learning_Rig/bee_0408_2/bee_0408_2_rev_green_accident/cam1_2026-04-08_18-07-13.mp4,1384.0,1484.0,1148,1235,1620,1733,0.85571295
722,/Volumes/SmithL0/2026/BIOL470/Final/Learning_Rig/bee_0408_2/bee_0408_2_rev_green_accident/cam1_2026-04-08_18-07-13.mp4,1382.5,1480.0,1150,1228,1615,1732,0.8523351
723,/Volumes/SmithL0/2026/BIOL470/Final/Learning_Rig/bee_0408_2/bee_0408_2_rev_green_accident/cam1_2026-04-08_18-07-13.mp4,1399.0,1482.0,1151,1224,1647,1740,0.840817
724,/Volumes/SmithL0/2026/BIOL470/Final/Learning_Rig/bee_0408_2/bee_0408_2_rev_green_accident/cam1_2026-04-08_18-07-13.mp4,1375.0,1497.5,1154,1225,1596,1770,0.8299661
725,/Volumes/SmithL0/2026/BIOL470/Final/Learning_Rig/bee_0408_2/bee_0408_2_rev_green_accident/cam1_2026-04-08_18-07-13.mp4,1395.0,1504.5,1195,1215,1595,1794,0.762176
726,/Volumes/SmithL0/2026/BIOL470/Final/Learning_Rig/bee_0408_2/bee_0408_2_rev_green_accident/cam1_2026-04-08_18-07-13.mp4,1455.5,1649.0,1208,1272,1703,2026,0.6483887
727,/Volumes/SmithL0/2026/BIOL470/Final/Learning_Rig/bee_0408_2/bee_0408_2_rev_green_accident/cam1_2026-04-08_18-07-13.mp4,1445.5,1625.5,1208,1272,1683,1979,0.7425568
728,/Volumes/SmithL0/2026/BIOL470/Final/Learning_Rig/bee_0408_2/bee_0408_2_rev_green_accident/cam1_2026-04-08_18-07-13.mp4,1444.0,1577.0,1209,1277,1679,1877,0.76514477
729,/Volumes/SmithL0/2026/BIOL470/Final/Learning_Rig/bee_0408_2/bee_0408_2_rev_green_accident/cam1_2026-04-08_18-07-13.mp4,1442.5,1568.5,1208,1288,1677,1849,0.79829186
730,/Volumes/SmithL0/2026/BIOL470/Final/Learning_Rig/bee_0408_2/bee_0408_2_rev_green_accident/cam1_2026-04-08_18-07-13.mp4,1444.0,1579.5,1207,1311,1681,1848,0.80568737
731,/Volumes/SmithL0/2026/BIOL470/Final/Learning_Rig/bee_0408_2/bee_0408_2_rev_green_accident/cam1_2026-04-08_18-07-13.mp4,1445.5,1603.5,1215,1353,1676,1854,0.8026819
732,/Volumes/SmithL0/2026/BIOL470/Final/Learning_Rig/bee_0408_2/bee_0408_2_rev_green_accident/cam1_2026-04-08_18-07-13.mp4,1449.5,1637.5,1236,1369,1663,1906,0.79755706
733,/Volumes/SmithL0/2026/BIOL470/Final/Learning_Rig/bee_0408_2/bee_0408_2_rev_green_accident/cam1_2026-04-08_18-07-13.mp4,1453.0,1700.5,1247,1423,1659,1978,0.7945504
734,/Volumes/SmithL0/2026/BIOL470/Final/Learning_Rig/bee_0408_2/bee_0408_2_rev_green_accident/cam1_2026-04-08_18-07-13.mp4,1445.5,1795.5,1239,1493,1652,2098,0.7818071
735,/Volumes/SmithL0/2026/BIOL470/Final/Learning_Rig/bee_0408_2/bee_0408_2_rev_green_accident/cam1_2026-04-08_18-07-13.mp4,1411.0,1812.0,1193,1529,1629,2095,0.7697679
736,/Volumes/SmithL0/2026/BIOL470/Final/Learning_Rig/bee_0408_2/bee_0408_2_rev_green_accident/cam1_2026-04-08_18-07-13.mp4,1399.0,1925.0,1177,1665,1621,2185,0.80587983
737,/Volumes/SmithL0/2026/BIOL470/Final/Learning_Rig/bee_0408_2/bee_0408_2_rev_green_accident/cam1_2026-04-08_18-07-13.mp4,1378.5,1976.0,1169,1713,1588,2239,0.6205304
738,/Volumes/SmithL0/2026/BIOL470/Final/Learning_Rig/bee_0408_2/bee_0408_2_rev_green_accident/cam1_2026-04-08_18-07-13.mp4,1320.0,2145.5,1060,1876,1580,2415,0.8196585
739,/Volumes/SmithL0/2026/BIOL470/Final/Learning_Rig/bee_0408_2/bee_0408_2_rev_green_accident/cam1_2026-04-08_18-07-13.mp4,1300.0,2151.0,1038,1879,1562,2423,0.7956288
740,/Volumes/SmithL0/2026/BIOL470/Final/Learning_Rig/bee_0408_2/bee_0408_2_rev_green_accident/cam1_2026-04-08_18-07-13.mp4,1295.5,2106.5,1037,1879,1554,2334,0.80389816
741,/Volumes/SmithL0/2026/BIOL470/Final/Learning_Rig/bee_0408_2/bee_0408_2_rev_green_accident/cam1_2026-04-08_18-07-13.mp4,1270.5,2108.5,985,1904,1556,2313,0.7950727
742,/Volumes/SmithL0/2026/BIOL470/Final/Learning_Rig/bee_0408_2/bee_0408_2_rev_green_accident/cam1_2026-04-08_18-07-13.mp4,1255.5,2113.5,965,1902,1546,2325,0.82119876
743,/Volumes/SmithL0/2026/BIOL470/Final/Learning_Rig/bee_0408_2/bee_0408_2_rev_green_accident/cam1_2026-04-08_18-07-13.mp4,1237.0,2100.5,949,1888,1525,2313,0.81663865
744,/Volumes/SmithL0/2026/BIOL470/Final/Learning_Rig/bee_0408_2/bee_0408_2_rev_green_accident/cam1_2026-04-08_18-07-13.mp4,1191.0,2067.5,894,1843,1488,2292,0.8037095
745,/Volumes/SmithL0/2026/BIOL470/Final/Learning_Rig/bee_0408_2/bee_0408_2_rev_green_accident/cam1_2026-04-08_18-07-13.mp4,1162.0,2041.5,884,1834,1440,2249,0.8121059
746,/Volumes/SmithL0/2026/BIOL470/Final/Learning_Rig/bee_0408_2/bee_0408_2_rev_green_accident/cam1_2026-04-08_18-07-13.mp4,1176.0,2033.5,902,1839,1450,2228,0.8046221
747,/Volumes/SmithL0/2026/BIOL470/Final/Learning_Rig/bee_0408_2/bee_0408_2_rev_green_accident/cam1_2026-04-08_18-07-13.mp4,1172.5,2044.5,902,1833,1443,2256,0.8022116
748,/Volumes/SmithL0/2026/BIOL470/Final/Learning_Rig/bee_0408_2/bee_0408_2_rev_green_accident/cam1_2026-04-08_18-07-13.mp4,1177.5,2042.0,906,1836,1449,2248,0.777348
749,/Volumes/SmithL0/2026/BIOL470/Final/Learning_Rig/bee_0408_2/bee_0408_2_rev_green_accident/cam1_2026-04-08_18-07-13.mp4,1169.0,2016.5,896,1776,1442,2257,0.8034879
750,/Volumes/SmithL0/2026/BIOL470/Final/Learning_Rig/bee_0408_2/bee_0408_2_rev_green_accident/cam1_2026-04-08_18-07-13.mp4,1167.0,2011.0,891,1770,1443,2252,0.82721454
751,/Volumes/SmithL0/2026/BIOL470/Final/Learning_Rig/bee_0408_2/bee_0408_2_rev_green_accident/cam1_2026-04-08_18-07-13.mp4,1169.0,2009.5,891,1770,1447,2249,0.8358151
752,/Volumes/SmithL0/2026/BIOL470/Final/Learning_Rig/bee_0408_2/bee_0408_2_rev_green_accident/cam1_2026-04-08_18-07-13.mp4,1188.5,2006.0,908,1768,1469,2244,0.8229991
753,/Volumes/SmithL0/2026/BIOL470/Final/Learning_Rig/bee_0408_2/bee_0408_2_rev_green_accident/cam1_2026-04-08_18-07-13.mp4,1194.0,2006.0,908,1769,1480,2243,0.81460077
754,/Volumes/SmithL0/2026/BIOL470/Final/Learning_Rig/bee_0408_2/bee_0408_2_rev_green_accident/cam1_2026-04-08_18-07-13.mp4,1202.0,2008.5,917,1774,1487,2243,0.8162291
755,/Volumes/SmithL0/2026/BIOL470/Final/Learning_Rig/bee_0408_2/bee_0408_2_rev_green_accident/cam1_2026-04-08_18-07-13.mp4,1204.0,2014.0,918,1778,1490,2250,0.8164154
756,/Volumes/SmithL0/2026/BIOL470/Final/Learning_Rig/bee_0408_2/bee_0408_2_rev_green_accident/cam1_2026-04-08_18-07-13.mp4,1219.0,2006.5,939,1781,1499,2232,0.80953634
757,/Volumes/SmithL0/2026/BIOL470/Final/Learning_Rig/bee_0408_2/bee_0408_2_rev_green_accident/cam1_2026-04-08_18-07-13.mp4,1224.5,2014.0,946,1785,1503,2243,0.8065639
758,/Volumes/SmithL0/2026/BIOL470/Final/Learning_Rig/bee_0408_2/bee_0408_2_rev_green_accident/cam1_2026-04-08_18-07-13.mp4,1238.5,2014.5,950,1785,1527,2244,0.7993206
759,/Volumes/SmithL0/2026/BIOL470/Final/Learning_Rig/bee_0408_2/bee_0408_2_rev_green_accident/cam1_2026-04-08_18-07-13.mp4,1230.0,2022.5,941,1786,1519,2259,0.810145
760,/Volumes/SmithL0/2026/BIOL470/Final/Learning_Rig/bee_0408_2/bee_0408_2_rev_green_accident/cam1_2026-04-08_18-07-13.mp4,1243.5,2015.5,955,1777,1532,2254,0.818335
761,/Volumes/SmithL0/2026/BIOL470/Final/Learning_Rig/bee_0408_2/bee_0408_2_rev_green_accident/cam1_2026-04-08_18-07-13.mp4,1269.5,2003.5,996,1765,1543,2242,0.84621936
762,/Volumes/SmithL0/2026/BIOL470/Final/Learning_Rig/bee_0408_2/bee_0408_2_rev_green_accident/cam1_2026-04-08_18-07-13.mp4,1308.0,1992.5,1030,1738,1586,2247,0.8173533
763,/Volumes/SmithL0/2026/BIOL470/Final/Learning_Rig/bee_0408_2/bee_0408_2_rev_green_accident/cam1_2026-04-08_18-07-13.mp4,1320.5,1994.5,1043,1738,1598,2251,0.82368726
764,/Volumes/SmithL0/2026/BIOL470/Final/Learning_Rig/bee_0408_2/bee_0408_2_rev_green_accident/cam1_2026-04-08_18-07-13.mp4,1321.0,1982.0,1040,1715,1602,2249,0.8288046
765,/Volumes/SmithL0/2026/BIOL470/Final/Learning_Rig/bee_0408_2/bee_0408_2_rev_green_accident/cam1_2026-04-08_18-07-13.mp4,1325.5,1982.5,1051,1718,1600,2247,0.8230838
766,/Volumes/SmithL0/2026/BIOL470/Final/Learning_Rig/bee_0408_2/bee_0408_2_rev_green_accident/cam1_2026-04-08_18-07-13.mp4,1328.0,1983.0,1056,1720,1600,2246,0.8050657
767,/Volumes/SmithL0/2026/BIOL470/Final/Learning_Rig/bee_0408_2/bee_0408_2_rev_green_accident/cam1_2026-04-08_18-07-13.mp4,1334.5,1984.0,1054,1716,1615,2252,0.8224345
768,/Volumes/SmithL0/2026/BIOL470/Final/Learning_Rig/bee_0408_2/bee_0408_2_rev_green_accident/cam1_2026-04-08_18-07-13.mp4,1375.0,1979.5,1106,1706,1644,2253,0.84613144
769,/Volumes/SmithL0/2026/BIOL470/Final/Learning_Rig/bee_0408_2/bee_0408_2_rev_green_accident/cam1_2026-04-08_18-07-13.mp4,1384.0,1979.5,1121,1709,1647,2250,0.83798015
770,/Volumes/SmithL0/2026/BIOL470/Final/Learning_Rig/bee_0408_2/bee_0408_2_rev_green_accident/cam1_2026-04-08_18-07-13.mp4,1414.5,1980.5,1171,1711,1658,2250,0.83414686
771,/Volumes/SmithL0/2026/BIOL470/Final/Learning_Rig/bee_0408_2/bee_0408_2_rev_green_accident/cam1_2026-04-08_18-07-13.mp4,1411.5,1980.5,1172,1710,1651,2251,0.8219962
772,/Volumes/SmithL0/2026/BIOL470/Final/Learning_Rig/bee_0408_2/bee_0408_2_rev_green_accident/cam1_2026-04-08_18-07-13.mp4,1403.5,1977.5,1174,1705,1633,2250,0.8371321
773,/Volumes/SmithL0/2026/BIOL470/Final/Learning_Rig/bee_0408_2/bee_0408_2_rev_green_accident/cam1_2026-04-08_18-07-13.mp4,1399.0,1981.0,1171,1713,1627,2249,0.8344552
774,/Volumes/SmithL0/2026/BIOL470/Final/Learning_Rig/bee_0408_2/bee_0408_2_rev_green_accident/cam1_2026-04-08_18-07-13.mp4,1416.5,1977.5,1189,1707,1644,2248,0.8495295
775,/Volumes/SmithL0/2026/BIOL470/Final/Learning_Rig/bee_0408_2/bee_0408_2_rev_green_accident/cam1_2026-04-08_18-07-13.mp4,1428.5,1979.0,1203,1708,1654,2250,0.8497447
776,/Volumes/SmithL0/2026/BIOL470/Final/Learning_Rig/bee_0408_2/bee_0408_2_rev_green_accident/cam1_2026-04-08_18-07-13.mp4,1490.0,2027.5,1249,1762,1731,2293,0.84625334
777,/Volumes/SmithL0/2026/BIOL470/Final/Learning_Rig/bee_0408_2/bee_0408_2_rev_green_accident/cam1_2026-04-08_18-07-13.mp4,1492.0,2030.0,1251,1765,1733,2295,0.846208
778,/Volumes/SmithL0/2026/BIOL470/Final/Learning_Rig/bee_0408_2/bee_0408_2_rev_green_accident/cam1_2026-04-08_18-07-13.mp4,1526.5,2051.5,1262,1789,1791,2314,0.82479125
779,/Volumes/SmithL0/2026/BIOL470/Final/Learning_Rig/bee_0408_2/bee_0408_2_rev_green_accident/cam1_2026-04-08_18-07-13.mp4,1533.5,2054.5,1248,1793,1819,2316,0.82823485
780,/Volumes/SmithL0/2026/BIOL470/Final/Learning_Rig/bee_0408_2/bee_0408_2_rev_green_accident/cam1_2026-04-08_18-07-13.mp4,1447.5,2081.5,1262,1803,1633,2360,0.81327367
781,/Volumes/SmithL0/2026/BIOL470/Final/Learning_Rig/bee_0408_2/bee_0408_2_rev_green_accident/cam1_2026-04-08_18-07-13.mp4,1552.0,2062.0,1266,1787,1838,2337,0.81391585
782,/Volumes/SmithL0/2026/BIOL470/Final/Learning_Rig/bee_0408_2/bee_0408_2_rev_green_accident/cam1_2026-04-08_18-07-13.mp4,1552.5,2059.5,1261,1782,1844,2337,0.81554294
783,/Volumes/SmithL0/2026/BIOL470/Final/Learning_Rig/bee_0408_2/bee_0408_2_rev_green_accident/cam1_2026-04-08_18-07-13.mp4,1548.5,2065.5,1272,1787,1825,2344,0.8071652
784,/Volumes/SmithL0/2026/BIOL470/Final/Learning_Rig/bee_0408_2/bee_0408_2_rev_green_accident/cam1_2026-04-08_18-07-13.mp4,1542.0,2079.5,1285,1792,1799,2367,0.8122745
785,/Volumes/SmithL0/2026/BIOL470/Final/Learning_Rig/bee_0408_2/bee_0408_2_rev_green_accident/cam1_2026-04-08_18-07-13.mp4,1601.5,2163.5,1310,1950,1893,2377,0.8055019
786,/Volumes/SmithL0/2026/BIOL470/Final/Learning_Rig/bee_0408_2/bee_0408_2_rev_green_accident/cam1_2026-04-08_18-07-13.mp4,1603.5,2163.5,1323,1951,1884,2376,0.7987746
787,/Volumes/SmithL0/2026/BIOL470/Final/Learning_Rig/bee_0408_2/bee_0408_2_rev_green_accident/cam1_2026-04-08_18-07-13.mp4,1615.0,2157.5,1346,1952,1884,2363,0.7924721
788,/Volumes/SmithL0/2026/BIOL470/Final/Learning_Rig/bee_0408_2/bee_0408_2_rev_green_accident/cam1_2026-04-08_18-07-13.mp4,1630.0,2154.5,1350,1945,1910,2364,0.81877196
789,/Volumes/SmithL0/2026/BIOL470/Final/Learning_Rig/bee_0408_2/bee_0408_2_rev_green_accident/cam1_2026-04-08_18-07-13.mp4,1649.0,2150.5,1346,1938,1952,2363,0.804968
790,/Volumes/SmithL0/2026/BIOL470/Final/Learning_Rig/bee_0408_2/bee_0408_2_rev_green_accident/cam1_2026-04-08_18-07-13.mp4,1639.5,2134.0,1396,1913,1883,2355,0.8023523
791,/Volumes/SmithL0/2026/BIOL470/Final/Learning_Rig/bee_0408_2/bee_0408_2_rev_green_accident/cam1_2026-04-08_18-07-13.mp4,1680.5,2136.5,1409,1918,1952,2355,0.8114326
792,/Volumes/SmithL0/2026/BIOL470/Final/Learning_Rig/bee_0408_2/bee_0408_2_rev_green_accident/cam1_2026-04-08_18-07-13.mp4,1679.0,2102.5,1406,1844,1952,2361,0.7994767
793,/Volumes/SmithL0/2026/BIOL470/Final/Learning_Rig/bee_0408_2/bee_0408_2_rev_green_accident/cam1_2026-04-08_18-07-13.mp4,1685.5,2084.5,1422,1841,1949,2328,0.81890523
794,/Volumes/SmithL0/2026/BIOL470/Final/Learning_Rig/bee_0408_2/bee_0408_2_rev_green_accident/cam1_2026-04-08_18-07-13.mp4,1697.0,2064.5,1431,1824,1963,2305,0.81980073
795,/Volumes/SmithL0/2026/BIOL470/Final/Learning_Rig/bee_0408_2/bee_0408_2_rev_green_accident/cam1_2026-04-08_18-07-13.mp4,1697.5,2063.0,1430,1824,1965,2302,0.8166488
796,/Volumes/SmithL0/2026/BIOL470/Final/Learning_Rig/bee_0408_2/bee_0408_2_rev_green_accident/cam1_2026-04-08_18-07-13.mp4,1683.5,2060.0,1429,1819,1938,2301,0.82914037
797,/Volumes/SmithL0/2026/BIOL470/Final/Learning_Rig/bee_0408_2/bee_0408_2_rev_green_accident/cam1_2026-04-08_18-07-13.mp4,1677.0,2035.0,1426,1775,1928,2295,0.8283179
798,/Volumes/SmithL0/2026/BIOL470/Final/Learning_Rig/bee_0408_2/bee_0408_2_rev_green_accident/cam1_2026-04-08_18-07-13.mp4,1636.0,1982.0,1421,1714,1851,2250,0.8287929
799,/Volumes/SmithL0/2026/BIOL470/Final/Learning_Rig/bee_0408_2/bee_0408_2_rev_green_accident/cam1_2026-04-08_18-07-13.mp4,1602.0,1965.0,1401,1698,1803,2232,0.832217
800,/Volumes/SmithL0/2026/BIOL470/Final/Learning_Rig/bee_0408_2/bee_0408_2_rev_green_accident/cam1_2026-04-08_18-07-13.mp4,1627.0,1938.5,1403,1664,1851,2213,0.84890264
801,/Volumes/SmithL0/2026/BIOL470/Final/Learning_Rig/bee_0408_2/bee_0408_2_rev_green_accident/cam1_2026-04-08_18-07-13.mp4,1647.5,1925.5,1430,1658,1865,2193,0.8477533
802,/Volumes/SmithL0/2026/BIOL470/Final/Learning_Rig/bee_0408_2/bee_0408_2_rev_green_accident/cam1_2026-04-08_18-07-13.mp4,1638.0,1898.0,1415,1643,1861,2153,0.8337986
803,/Volumes/SmithL0/2026/BIOL470/Final/Learning_Rig/bee_0408_2/bee_0408_2_rev_green_accident/cam1_2026-04-08_18-07-13.mp4,1634.0,1863.5,1417,1584,1851,2143,0.8268907
804,/Volumes/SmithL0/2026/BIOL470/Final/Learning_Rig/bee_0408_2/bee_0408_2_rev_green_accident/cam1_2026-04-08_18-07-13.mp4,1622.0,1841.5,1383,1561,1861,2122,0.8244413
805,/Volumes/SmithL0/2026/BIOL470/Final/Learning_Rig/bee_0408_2/bee_0408_2_rev_green_accident/cam1_2026-04-08_18-07-13.mp4,1613.0,1824.0,1370,1536,1856,2112,0.8245976
806,/Volumes/SmithL0/2026/BIOL470/Final/Learning_Rig/bee_0408_2/bee_0408_2_rev_green_accident/cam1_2026-04-08_18-07-13.mp4,1612.5,1772.0,1375,1486,1850,2058,0.827112
807,/Volumes/SmithL0/2026/BIOL470/Final/Learning_Rig/bee_0408_2/bee_0408_2_rev_green_accident/cam1_2026-04-08_18-07-13.mp4,1608.5,1759.0,1360,1472,1857,2046,0.84138536
808,/Volumes/SmithL0/2026/BIOL470/Final/Learning_Rig/bee_0408_2/bee_0408_2_rev_green_accident/cam1_2026-04-08_18-07-13.mp4,1611.5,1725.0,1370,1452,1853,1998,0.81556237
809,/Volumes/SmithL0/2026/BIOL470/Final/Learning_Rig/bee_0408_2/bee_0408_2_rev_green_accident/cam1_2026-04-08_18-07-13.mp4,1610.5,1689.5,1372,1425,1849,1954,0.8396268
810,/Volumes/SmithL0/2026/BIOL470/Final/Learning_Rig/bee_0408_2/bee_0408_2_rev_green_accident/cam1_2026-04-08_18-07-13.mp4,1673.0,1620.0,1449,1341,1897,1899,0.84996223
811,/Volumes/SmithL0/2026/BIOL470/Final/Learning_Rig/bee_0408_2/bee_0408_2_rev_green_accident/cam1_2026-04-08_18-07-13.mp4,1666.5,1567.5,1437,1286,1896,1849,0.8476863
812,/Volumes/SmithL0/2026/BIOL470/Final/Learning_Rig/bee_0408_2/bee_0408_2_rev_green_accident/cam1_2026-04-08_18-07-13.mp4,1708.5,1546.5,1458,1266,1959,1827,0.84810036
813,/Volumes/SmithL0/2026/BIOL470/Final/Learning_Rig/bee_0408_2/bee_0408_2_rev_green_accident/cam1_2026-04-08_18-07-13.mp4,1730.0,1556.5,1483,1277,1977,1836,0.82051665
814,/Volumes/SmithL0/2026/BIOL470/Final/Learning_Rig/bee_0408_2/bee_0408_2_rev_green_accident/cam1_2026-04-08_18-07-13.mp4,1759.5,1558.5,1493,1295,2026,1822,0.8229913
815,/Volumes/SmithL0/2026/BIOL470/Final/Learning_Rig/bee_0408_2/bee_0408_2_rev_green_accident/cam1_2026-04-08_18-07-13.mp4,1764.0,1555.0,1498,1291,2030,1819,0.8225841
816,/Volumes/SmithL0/2026/BIOL470/Final/Learning_Rig/bee_0408_2/bee_0408_2_rev_green_accident/cam1_2026-04-08_18-07-13.mp4,1762.0,1552.5,1494,1287,2030,1818,0.82802814
817,/Volumes/SmithL0/2026/BIOL470/Final/Learning_Rig/bee_0408_2/bee_0408_2_rev_green_accident/cam1_2026-04-08_18-07-13.mp4,1755.5,1550.0,1495,1282,2016,1818,0.82176465
818,/Volumes/SmithL0/2026/BIOL470/Final/Learning_Rig/bee_0408_2/bee_0408_2_rev_green_accident/cam1_2026-04-08_18-07-13.mp4,1755.0,1548.0,1494,1280,2016,1816,0.821377
819,/Volumes/SmithL0/2026/BIOL470/Final/Learning_Rig/bee_0408_2/bee_0408_2_rev_green_accident/cam1_2026-04-08_18-07-13.mp4,1754.5,1548.5,1493,1281,2016,1816,0.81360704
820,/Volumes/SmithL0/2026/BIOL470/Final/Learning_Rig/bee_0408_2/bee_0408_2_rev_green_accident/cam1_2026-04-08_18-07-13.mp4,1727.0,1554.5,1484,1270,1970,1839,0.80952555
821,/Volumes/SmithL0/2026/BIOL470/Final/Learning_Rig/bee_0408_2/bee_0408_2_rev_green_accident/cam1_2026-04-08_18-07-13.mp4,1726.5,1552.5,1496,1277,1957,1828,0.8276267
822,/Volumes/SmithL0/2026/BIOL470/Final/Learning_Rig/bee_0408_2/bee_0408_2_rev_green_accident/cam1_2026-04-08_18-07-13.mp4,1724.5,1547.0,1495,1265,1954,1829,0.82878476
823,/Volumes/SmithL0/2026/BIOL470/Final/Learning_Rig/bee_0408_2/bee_0408_2_rev_green_accident/cam1_2026-04-08_18-07-13.mp4,1726.0,1545.5,1497,1264,1955,1827,0.8284632
824,/Volumes/SmithL0/2026/BIOL470/Final/Learning_Rig/bee_0408_2/bee_0408_2_rev_green_accident/cam1_2026-04-08_18-07-13.mp4,1719.0,1546.5,1483,1259,1955,1834,0.8394057
825,/Volumes/SmithL0/2026/BIOL470/Final/Learning_Rig/bee_0408_2/bee_0408_2_rev_green_accident/cam1_2026-04-08_18-07-13.mp4,1719.0,1540.0,1485,1260,1953,1820,0.83385783
826,/Volumes/SmithL0/2026/BIOL470/Final/Learning_Rig/bee_0408_2/bee_0408_2_rev_green_accident/cam1_2026-04-08_18-07-13.mp4,1718.5,1536.5,1485,1255,1952,1818,0.8349388
827,/Volumes/SmithL0/2026/BIOL470/Final/Learning_Rig/bee_0408_2/bee_0408_2_rev_green_accident/cam1_2026-04-08_18-07-13.mp4,1716.5,1546.5,1480,1278,1953,1815,0.83523273
828,/Volumes/SmithL0/2026/BIOL470/Final/Learning_Rig/bee_0408_2/bee_0408_2_rev_green_accident/cam1_2026-04-08_18-07-13.mp4,1717.0,1554.0,1481,1292,1953,1816,0.8304831
829,/Volumes/SmithL0/2026/BIOL470/Final/Learning_Rig/bee_0408_2/bee_0408_2_rev_green_accident/cam1_2026-04-08_18-07-13.mp4,1715.5,1553.5,1478,1294,1953,1813,0.8322271
830,/Volumes/SmithL0/2026/BIOL470/Final/Learning_Rig/bee_0408_2/bee_0408_2_rev_green_accident/cam1_2026-04-08_18-07-13.mp4,1715.5,1549.0,1477,1290,1954,1808,0.83437544
831,/Volumes/SmithL0/2026/BIOL470/Final/Learning_Rig/bee_0408_2/bee_0408_2_rev_green_accident/cam1_2026-04-08_18-07-13.mp4,1717.0,1547.0,1476,1287,1958,1807,0.83484846
832,/Volumes/SmithL0/2026/BIOL470/Final/Learning_Rig/bee_0408_2/bee_0408_2_rev_green_accident/cam1_2026-04-08_18-07-13.mp4,1716.0,1545.5,1475,1283,1957,1808,0.8358651
833,/Volumes/SmithL0/2026/BIOL470/Final/Learning_Rig/bee_0408_2/bee_0408_2_rev_green_accident/cam1_2026-04-08_18-07-13.mp4,1702.5,1545.5,1477,1299,1928,1792,0.83636487
834,/Volumes/SmithL0/2026/BIOL470/Final/Learning_Rig/bee_0408_2/bee_0408_2_rev_green_accident/cam1_2026-04-08_18-07-13.mp4,1715.0,1542.0,1474,1278,1956,1806,0.8328976
835,/Volumes/SmithL0/2026/BIOL470/Final/Learning_Rig/bee_0408_2/bee_0408_2_rev_green_accident/cam1_2026-04-08_18-07-13.mp4,1701.5,1548.5,1478,1305,1925,1792,0.83481294
836,/Volumes/SmithL0/2026/BIOL470/Final/Learning_Rig/bee_0408_2/bee_0408_2_rev_green_accident/cam1_2026-04-08_18-07-13.mp4,1704.0,1560.5,1477,1327,1931,1794,0.8312558
837,/Volumes/SmithL0/2026/BIOL470/Final/Learning_Rig/bee_0408_2/bee_0408_2_rev_green_accident/cam1_2026-04-08_18-07-13.mp4,1707.0,1574.0,1470,1333,1944,1815,0.8281343
838,/Volumes/SmithL0/2026/BIOL470/Final/Learning_Rig/bee_0408_2/bee_0408_2_rev_green_accident/cam1_2026-04-08_18-07-13.mp4,1715.0,1564.0,1471,1318,1959,1810,0.83125293
839,/Volumes/SmithL0/2026/BIOL470/Final/Learning_Rig/bee_0408_2/bee_0408_2_rev_green_accident/cam1_2026-04-08_18-07-13.mp4,1709.5,1580.0,1471,1340,1948,1820,0.83512163
840,/Volumes/SmithL0/2026/BIOL470/Final/Learning_Rig/bee_0408_2/bee_0408_2_rev_green_accident/cam1_2026-04-08_18-07-13.mp4,1711.5,1582.5,1472,1343,1951,1822,0.8417077
841,/Volumes/SmithL0/2026/BIOL470/Final/Learning_Rig/bee_0408_2/bee_0408_2_rev_green_accident/cam1_2026-04-08_18-07-13.mp4,1703.5,1584.0,1469,1347,1938,1821,0.8363162
842,/Volumes/SmithL0/2026/BIOL470/Final/Learning_Rig/bee_0408_2/bee_0408_2_rev_green_accident/cam1_2026-04-08_18-07-13.mp4,1700.5,1585.5,1463,1352,1938,1819,0.8375824
843,/Volumes/SmithL0/2026/BIOL470/Final/Learning_Rig/bee_0408_2/bee_0408_2_rev_green_accident/cam1_2026-04-08_18-07-13.mp4,1700.0,1589.5,1463,1354,1937,1825,0.83924705
844,/Volumes/SmithL0/2026/BIOL470/Final/Learning_Rig/bee_0408_2/bee_0408_2_rev_green_accident/cam1_2026-04-08_18-07-13.mp4,1710.5,1571.5,1466,1328,1955,1815,0.83698267
845,/Volumes/SmithL0/2026/BIOL470/Final/Learning_Rig/bee_0408_2/bee_0408_2_rev_green_accident/cam1_2026-04-08_18-07-13.mp4,1711.5,1574.5,1467,1328,1956,1821,0.8385676
846,/Volumes/SmithL0/2026/BIOL470/Final/Learning_Rig/bee_0408_2/bee_0408_2_rev_green_accident/cam1_2026-04-08_18-07-13.mp4,1703.5,1571.0,1460,1320,1947,1822,0.8356607
847,/Volumes/SmithL0/2026/BIOL470/Final/Learning_Rig/bee_0408_2/bee_0408_2_rev_green_accident/cam1_2026-04-08_18-07-13.mp4,1713.0,1572.5,1485,1319,1941,1826,0.8387953
848,/Volumes/SmithL0/2026/BIOL470/Final/Learning_Rig/bee_0408_2/bee_0408_2_rev_green_accident/cam1_2026-04-08_18-07-13.mp4,1713.5,1576.0,1486,1324,1941,1828,0.83696985
849,/Volumes/SmithL0/2026/BIOL470/Final/Learning_Rig/bee_0408_2/bee_0408_2_rev_green_accident/cam1_2026-04-08_18-07-13.mp4,1714.5,1568.0,1487,1322,1942,1814,0.83842576
850,/Volumes/SmithL0/2026/BIOL470/Final/Learning_Rig/bee_0408_2/bee_0408_2_rev_green_accident/cam1_2026-04-08_18-07-13.mp4,1713.5,1563.0,1485,1321,1942,1805,0.83891934
851,/Volumes/SmithL0/2026/BIOL470/Final/Learning_Rig/bee_0408_2/bee_0408_2_rev_green_accident/cam1_2026-04-08_18-07-13.mp4,1702.5,1574.0,1460,1325,1945,1823,0.8428547
852,/Volumes/SmithL0/2026/BIOL470/Final/Learning_Rig/bee_0408_2/bee_0408_2_rev_green_accident/cam1_2026-04-08_18-07-13.mp4,1714.0,1578.5,1486,1326,1942,1831,0.8388862
853,/Volumes/SmithL0/2026/BIOL470/Final/Learning_Rig/bee_0408_2/bee_0408_2_rev_green_accident/cam1_2026-04-08_18-07-13.mp4,1715.0,1576.5,1488,1327,1942,1826,0.84104
854,/Volumes/SmithL0/2026/BIOL470/Final/Learning_Rig/bee_0408_2/bee_0408_2_rev_green_accident/cam1_2026-04-08_18-07-13.mp4,1702.5,1560.0,1456,1318,1949,1802,0.8463163
855,/Volumes/SmithL0/2026/BIOL470/Final/Learning_Rig/bee_0408_2/bee_0408_2_rev_green_accident/cam1_2026-04-08_18-07-13.mp4,1701.5,1560.0,1456,1318,1947,1802,0.84552026
856,/Volumes/SmithL0/2026/BIOL470/Final/Learning_Rig/bee_0408_2/bee_0408_2_rev_green_accident/cam1_2026-04-08_18-07-13.mp4,1701.5,1559.5,1456,1318,1947,1801,0.8475714
857,/Volumes/SmithL0/2026/BIOL470/Final/Learning_Rig/bee_0408_2/bee_0408_2_rev_green_accident/cam1_2026-04-08_18-07-13.mp4,1701.5,1560.5,1455,1320,1948,1801,0.8425621
858,/Volumes/SmithL0/2026/BIOL470/Final/Learning_Rig/bee_0408_2/bee_0408_2_rev_green_accident/cam1_2026-04-08_18-07-13.mp4,1702.0,1563.0,1456,1322,1948,1804,0.83937716
859,/Volumes/SmithL0/2026/BIOL470/Final/Learning_Rig/bee_0408_2/bee_0408_2_rev_green_accident/cam1_2026-04-08_18-07-13.mp4,1703.0,1564.0,1455,1324,1951,1804,0.8336248
860,/Volumes/SmithL0/2026/BIOL470/Final/Learning_Rig/bee_0408_2/bee_0408_2_rev_green_accident/cam1_2026-04-08_18-07-13.mp4,1705.0,1563.5,1454,1323,1956,1804,0.8370365
861,/Volumes/SmithL0/2026/BIOL470/Final/Learning_Rig/bee_0408_2/bee_0408_2_rev_green_accident/cam1_2026-04-08_18-07-13.mp4,1711.0,1562.5,1455,1316,1967,1809,0.82938194
862,/Volumes/SmithL0/2026/BIOL470/Final/Learning_Rig/bee_0408_2/bee_0408_2_rev_green_accident/cam1_2026-04-08_18-07-13.mp4,1702.5,1568.0,1456,1335,1949,1801,0.8321898
863,/Volumes/SmithL0/2026/BIOL470/Final/Learning_Rig/bee_0408_2/bee_0408_2_rev_green_accident/cam1_2026-04-08_18-07-13.mp4,1706.0,1581.5,1455,1347,1957,1816,0.8336658
864,/Volumes/SmithL0/2026/BIOL470/Final/Learning_Rig/bee_0408_2/bee_0408_2_rev_green_accident/cam1_2026-04-08_18-07-13.mp4,1707.5,1573.5,1457,1343,1958,1804,0.83413476
865,/Volumes/SmithL0/2026/BIOL470/Final/Learning_Rig/bee_0408_2/bee_0408_2_rev_green_accident/cam1_2026-04-08_18-07-13.mp4,1707.0,1583.0,1457,1352,1957,1814,0.8418156
866,/Volumes/SmithL0/2026/BIOL470/Final/Learning_Rig/bee_0408_2/bee_0408_2_rev_green_accident/cam1_2026-04-08_18-07-13.mp4,1705.5,1582.0,1455,1354,1956,1810,0.83530873
867,/Volumes/SmithL0/2026/BIOL470/Final/Learning_Rig/bee_0408_2/bee_0408_2_rev_green_accident/cam1_2026-04-08_18-07-13.mp4,1705.5,1583.0,1455,1353,1956,1813,0.839602
868,/Volumes/SmithL0/2026/BIOL470/Final/Learning_Rig/bee_0408_2/bee_0408_2_rev_green_accident/cam1_2026-04-08_18-07-13.mp4,1706.0,1585.5,1456,1356,1956,1815,0.8436292
869,/Volumes/SmithL0/2026/BIOL470/Final/Learning_Rig/bee_0408_2/bee_0408_2_rev_green_accident/cam1_2026-04-08_18-07-13.mp4,1706.5,1587.0,1456,1357,1957,1817,0.8438948
870,/Volumes/SmithL0/2026/BIOL470/Final/Learning_Rig/bee_0408_2/bee_0408_2_rev_green_accident/cam1_2026-04-08_18-07-13.mp4,1707.0,1586.5,1457,1359,1957,1814,0.83854634
871,/Volumes/SmithL0/2026/BIOL470/Final/Learning_Rig/bee_0408_2/bee_0408_2_rev_green_accident/cam1_2026-04-08_18-07-13.mp4,1706.0,1590.0,1456,1358,1956,1822,0.84094465
872,/Volumes/SmithL0/2026/BIOL470/Final/Learning_Rig/bee_0408_2/bee_0408_2_rev_green_accident/cam1_2026-04-08_18-07-13.mp4,1706.5,1596.5,1457,1357,1956,1836,0.85687196
873,/Volumes/SmithL0/2026/BIOL470/Final/Learning_Rig/bee_0408_2/bee_0408_2_rev_green_accident/cam1_2026-04-08_18-07-13.mp4,1707.5,1602.0,1458,1363,1957,1841,0.86064756
874,/Volumes/SmithL0/2026/BIOL470/Final/Learning_Rig/bee_0408_2/bee_0408_2_rev_green_accident/cam1_2026-04-08_18-07-13.mp4,1706.5,1608.0,1457,1356,1956,1860,0.8591094
875,/Volumes/SmithL0/2026/BIOL470/Final/Learning_Rig/bee_0408_2/bee_0408_2_rev_green_accident/cam1_2026-04-08_18-07-13.mp4,1706.0,1606.0,1456,1357,1956,1855,0.8569843
876,/Volumes/SmithL0/2026/BIOL470/Final/Learning_Rig/bee_0408_2/bee_0408_2_rev_green_accident/cam1_2026-04-08_18-07-13.mp4,1706.0,1611.0,1457,1369,1955,1853,0.84617656
877,/Volumes/SmithL0/2026/BIOL470/Final/Learning_Rig/bee_0408_2/bee_0408_2_rev_green_accident/cam1_2026-04-08_18-07-13.mp4,1706.0,1608.0,1456,1362,1956,1854,0.8525617
878,/Volumes/SmithL0/2026/BIOL470/Final/Learning_Rig/bee_0408_2/bee_0408_2_rev_green_accident/cam1_2026-04-08_18-07-13.mp4,1705.5,1611.5,1456,1367,1955,1856,0.8501328
879,/Volumes/SmithL0/2026/BIOL470/Final/Learning_Rig/bee_0408_2/bee_0408_2_rev_green_accident/cam1_2026-04-08_18-07-13.mp4,1705.5,1610.0,1456,1362,1955,1858,0.8557427
880,/Volumes/SmithL0/2026/BIOL470/Final/Learning_Rig/bee_0408_2/bee_0408_2_rev_green_accident/cam1_2026-04-08_18-07-13.mp4,1704.0,1612.0,1456,1360,1952,1864,0.8544273
881,/Volumes/SmithL0/2026/BIOL470/Final/Learning_Rig/bee_0408_2/bee_0408_2_rev_green_accident/cam1_2026-04-08_18-07-13.mp4,1700.0,1625.5,1454,1377,1946,1874,0.831342
882,/Volumes/SmithL0/2026/BIOL470/Final/Learning_Rig/bee_0408_2/bee_0408_2_rev_green_accident/cam1_2026-04-08_18-07-13.mp4,1706.5,1619.0,1457,1368,1956,1870,0.8435234
883,/Volumes/SmithL0/2026/BIOL470/Final/Learning_Rig/bee_0408_2/bee_0408_2_rev_green_accident/cam1_2026-04-08_18-07-13.mp4,1708.5,1620.5,1458,1374,1959,1867,0.83930385
884,/Volumes/SmithL0/2026/BIOL470/Final/Learning_Rig/bee_0408_2/bee_0408_2_rev_green_accident/cam1_2026-04-08_18-07-13.mp4,1708.0,1623.5,1458,1379,1958,1868,0.833989
885,/Volumes/SmithL0/2026/BIOL470/Final/Learning_Rig/bee_0408_2/bee_0408_2_rev_green_accident/cam1_2026-04-08_18-07-13.mp4,1700.0,1626.0,1454,1383,1946,1869,0.8340663
886,/Volumes/SmithL0/2026/BIOL470/Final/Learning_Rig/bee_0408_2/bee_0408_2_rev_green_accident/cam1_2026-04-08_18-07-13.mp4,1700.0,1624.5,1455,1382,1945,1867,0.8357314
887,/Volumes/SmithL0/2026/BIOL470/Final/Learning_Rig/bee_0408_2/bee_0408_2_rev_green_accident/cam1_2026-04-08_18-07-13.mp4,1700.0,1625.0,1455,1383,1945,1867,0.8331679
888,/Volumes/SmithL0/2026/BIOL470/Final/Learning_Rig/bee_0408_2/bee_0408_2_rev_green_accident/cam1_2026-04-08_18-07-13.mp4,1700.5,1625.0,1455,1382,1946,1868,0.8331702
889,/Volumes/SmithL0/2026/BIOL470/Final/Learning_Rig/bee_0408_2/bee_0408_2_rev_green_accident/cam1_2026-04-08_18-07-13.mp4,1700.5,1624.5,1456,1382,1945,1867,0.834078
890,/Volumes/SmithL0/2026/BIOL470/Final/Learning_Rig/bee_0408_2/bee_0408_2_rev_green_accident/cam1_2026-04-08_18-07-13.mp4,1701.5,1625.5,1456,1383,1947,1868,0.8330377
891,/Volumes/SmithL0/2026/BIOL470/Final/Learning_Rig/bee_0408_2/bee_0408_2_rev_green_accident/cam1_2026-04-08_18-07-13.mp4,1708.0,1621.0,1459,1377,1957,1865,0.8334233
892,/Volumes/SmithL0/2026/BIOL470/Final/Learning_Rig/bee_0408_2/bee_0408_2_rev_green_accident/cam1_2026-04-08_18-07-13.mp4,1708.0,1614.0,1459,1364,1957,1864,0.8450172
893,/Volumes/SmithL0/2026/BIOL470/Final/Learning_Rig/bee_0408_2/bee_0408_2_rev_green_accident/cam1_2026-04-08_18-07-13.mp4,1707.5,1614.5,1459,1366,1956,1863,0.8423055
894,/Volumes/SmithL0/2026/BIOL470/Final/Learning_Rig/bee_0408_2/bee_0408_2_rev_green_accident/cam1_2026-04-08_18-07-13.mp4,1706.5,1616.5,1459,1372,1954,1861,0.83761007
895,/Volumes/SmithL0/2026/BIOL470/Final/Learning_Rig/bee_0408_2/bee_0408_2_rev_green_accident/cam1_2026-04-08_18-07-13.mp4,1700.0,1625.0,1457,1386,1943,1864,0.8334664
896,/Volumes/SmithL0/2026/BIOL470/Final/Learning_Rig/bee_0408_2/bee_0408_2_rev_green_accident/cam1_2026-04-08_18-07-13.mp4,1707.5,1616.0,1460,1373,1955,1859,0.8351812
897,/Volumes/SmithL0/2026/BIOL470/Final/Learning_Rig/bee_0408_2/bee_0408_2_rev_green_accident/cam1_2026-04-08_18-07-13.mp4,1706.5,1615.5,1459,1373,1954,1858,0.8361341
898,/Volumes/SmithL0/2026/BIOL470/Final/Learning_Rig/bee_0408_2/bee_0408_2_rev_green_accident/cam1_2026-04-08_18-07-13.mp4,1707.0,1614.5,1458,1368,1956,1861,0.84929544
899,/Volumes/SmithL0/2026/BIOL470/Final/Learning_Rig/bee_0408_2/bee_0408_2_rev_green_accident/cam1_2026-04-08_18-07-13.mp4,1709.0,1618.5,1458,1373,1960,1864,0.8370731
900,/Volumes/SmithL0/2026/BIOL470/Final/Learning_Rig/bee_0408_2/bee_0408_2_rev_green_accident/cam1_2026-04-08_18-07-13.mp4,1709.5,1623.0,1459,1378,1960,1868,0.83858895
901,/Volumes/SmithL0/2026/BIOL470/Final/Learning_Rig/bee_0408_2/bee_0408_2_rev_green_accident/cam1_2026-04-08_18-07-13.mp4,1706.0,1626.5,1458,1387,1954,1866,0.8304408
902,/Volumes/SmithL0/2026/BIOL470/Final/Learning_Rig/bee_0408_2/bee_0408_2_rev_green_accident/cam1_2026-04-08_18-07-13.mp4,1710.0,1623.0,1460,1383,1960,1863,0.8312489
903,/Volumes/SmithL0/2026/BIOL470/Final/Learning_Rig/bee_0408_2/bee_0408_2_rev_green_accident/cam1_2026-04-08_18-07-13.mp4,1709.5,1620.0,1460,1379,1959,1861,0.8409534
904,/Volumes/SmithL0/2026/BIOL470/Final/Learning_Rig/bee_0408_2/bee_0408_2_rev_green_accident/cam1_2026-04-08_18-07-13.mp4,1707.0,1631.0,1460,1398,1954,1864,0.82924193
905,/Volumes/SmithL0/2026/BIOL470/Final/Learning_Rig/bee_0408_2/bee_0408_2_rev_green_accident/cam1_2026-04-08_18-07-13.mp4,1707.5,1630.0,1460,1396,1955,1864,0.826208
906,/Volumes/SmithL0/2026/BIOL470/Final/Learning_Rig/bee_0408_2/bee_0408_2_rev_green_accident/cam1_2026-04-08_18-07-13.mp4,1708.0,1628.0,1460,1391,1956,1865,0.82753146
907,/Volumes/SmithL0/2026/BIOL470/Final/Learning_Rig/bee_0408_2/bee_0408_2_rev_green_accident/cam1_2026-04-08_18-07-13.mp4,1712.0,1624.0,1461,1386,1963,1862,0.8286771
908,/Volumes/SmithL0/2026/BIOL470/Final/Learning_Rig/bee_0408_2/bee_0408_2_rev_green_accident/cam1_2026-04-08_18-07-13.mp4,1711.5,1624.0,1461,1384,1962,1864,0.8273192
909,/Volumes/SmithL0/2026/BIOL470/Final/Learning_Rig/bee_0408_2/bee_0408_2_rev_green_accident/cam1_2026-04-08_18-07-13.mp4,1711.5,1619.0,1461,1371,1962,1867,0.8385046
910,/Volumes/SmithL0/2026/BIOL470/Final/Learning_Rig/bee_0408_2/bee_0408_2_rev_green_accident/cam1_2026-04-08_18-07-13.mp4,1705.0,1626.0,1460,1387,1950,1865,0.82820153
911,/Volumes/SmithL0/2026/BIOL470/Final/Learning_Rig/bee_0408_2/bee_0408_2_rev_green_accident/cam1_2026-04-08_18-07-13.mp4,1708.5,1622.0,1457,1379,1960,1865,0.83330655
912,/Volumes/SmithL0/2026/BIOL470/Final/Learning_Rig/bee_0408_2/bee_0408_2_rev_green_accident/cam1_2026-04-08_18-07-13.mp4,1709.5,1628.5,1462,1391,1957,1866,0.827215
913,/Volumes/SmithL0/2026/BIOL470/Final/Learning_Rig/bee_0408_2/bee_0408_2_rev_green_accident/cam1_2026-04-08_18-07-13.mp4,1710.5,1624.5,1459,1384,1962,1865,0.83033687
914,/Volumes/SmithL0/2026/BIOL470/Final/Learning_Rig/bee_0408_2/bee_0408_2_rev_green_accident/cam1_2026-04-08_18-07-13.mp4,1712.0,1626.0,1460,1386,1964,1866,0.8305077
915,/Volumes/SmithL0/2026/BIOL470/Final/Learning_Rig/bee_0408_2/bee_0408_2_rev_green_accident/cam1_2026-04-08_18-07-13.mp4,1712.0,1625.5,1461,1385,1963,1866,0.8313612
916,/Volumes/SmithL0/2026/BIOL470/Final/Learning_Rig/bee_0408_2/bee_0408_2_rev_green_accident/cam1_2026-04-08_18-07-13.mp4,1712.0,1626.0,1461,1384,1963,1868,0.8286275
917,/Volumes/SmithL0/2026/BIOL470/Final/Learning_Rig/bee_0408_2/bee_0408_2_rev_green_accident/cam1_2026-04-08_18-07-13.mp4,1711.0,1630.5,1465,1399,1957,1862,0.8279529
918,/Volumes/SmithL0/2026/BIOL470/Final/Learning_Rig/bee_0408_2/bee_0408_2_rev_green_accident/cam1_2026-04-08_18-07-13.mp4,1709.5,1629.5,1465,1396,1954,1863,0.8269749
919,/Volumes/SmithL0/2026/BIOL470/Final/Learning_Rig/bee_0408_2/bee_0408_2_rev_green_accident/cam1_2026-04-08_18-07-13.mp4,1707.5,1634.5,1464,1403,1951,1866,0.8253159
920,/Volumes/SmithL0/2026/BIOL470/Final/Learning_Rig/bee_0408_2/bee_0408_2_rev_green_accident/cam1_2026-04-08_18-07-13.mp4,1707.0,1629.5,1464,1395,1950,1864,0.82756877
921,/Volumes/SmithL0/2026/BIOL470/Final/Learning_Rig/bee_0408_2/bee_0408_2_rev_green_accident/cam1_2026-04-08_18-07-13.mp4,1711.0,1624.0,1461,1382,1961,1866,0.82866746
922,/Volumes/SmithL0/2026/BIOL470/Final/Learning_Rig/bee_0408_2/bee_0408_2_rev_green_accident/cam1_2026-04-08_18-07-13.mp4,1706.5,1629.5,1464,1396,1949,1863,0.8287422
923,/Volumes/SmithL0/2026/BIOL470/Final/Learning_Rig/bee_0408_2/bee_0408_2_rev_green_accident/cam1_2026-04-08_18-07-13.mp4,1706.5,1630.0,1465,1397,1948,1863,0.83079666
924,/Volumes/SmithL0/2026/BIOL470/Final/Learning_Rig/bee_0408_2/bee_0408_2_rev_green_accident/cam1_2026-04-08_18-07-13.mp4,1716.5,1618.0,1468,1384,1965,1852,0.83224225
925,/Volumes/SmithL0/2026/BIOL470/Final/Learning_Rig/bee_0408_2/bee_0408_2_rev_green_accident/cam1_2026-04-08_18-07-13.mp4,1706.5,1628.0,1465,1395,1948,1861,0.8336434
926,/Volumes/SmithL0/2026/BIOL470/Final/Learning_Rig/bee_0408_2/bee_0408_2_rev_green_accident/cam1_2026-04-08_18-07-13.mp4,1706.5,1627.5,1465,1394,1948,1861,0.83402663
927,/Volumes/SmithL0/2026/BIOL470/Final/Learning_Rig/bee_0408_2/bee_0408_2_rev_green_accident/cam1_2026-04-08_18-07-13.mp4,1707.0,1628.0,1466,1395,1948,1861,0.8344549
928,/Volumes/SmithL0/2026/BIOL470/Final/Learning_Rig/bee_0408_2/bee_0408_2_rev_green_accident/cam1_2026-04-08_18-07-13.mp4,1705.5,1623.5,1462,1385,1949,1862,0.83340937
929,/Volumes/SmithL0/2026/BIOL470/Final/Learning_Rig/bee_0408_2/bee_0408_2_rev_green_accident/cam1_2026-04-08_18-07-13.mp4,1705.5,1622.5,1462,1384,1949,1861,0.83515596
930,/Volumes/SmithL0/2026/BIOL470/Final/Learning_Rig/bee_0408_2/bee_0408_2_rev_green_accident/cam1_2026-04-08_18-07-13.mp4,1705.5,1623.5,1463,1384,1948,1863,0.8353676
931,/Volumes/SmithL0/2026/BIOL470/Final/Learning_Rig/bee_0408_2/bee_0408_2_rev_green_accident/cam1_2026-04-08_18-07-13.mp4,1705.5,1623.0,1464,1384,1947,1862,0.8362882
932,/Volumes/SmithL0/2026/BIOL470/Final/Learning_Rig/bee_0408_2/bee_0408_2_rev_green_accident/cam1_2026-04-08_18-07-13.mp4,1705.0,1622.5,1464,1383,1946,1862,0.8371982
933,/Volumes/SmithL0/2026/BIOL470/Final/Learning_Rig/bee_0408_2/bee_0408_2_rev_green_accident/cam1_2026-04-08_18-07-13.mp4,1705.0,1621.5,1465,1382,1945,1861,0.83760214
934,/Volumes/SmithL0/2026/BIOL470/Final/Learning_Rig/bee_0408_2/bee_0408_2_rev_green_accident/cam1_2026-04-08_18-07-13.mp4,1706.0,1622.0,1465,1382,1947,1862,0.83721006
935,/Volumes/SmithL0/2026/BIOL470/Final/Learning_Rig/bee_0408_2/bee_0408_2_rev_green_accident/cam1_2026-04-08_18-07-13.mp4,1706.5,1619.0,1466,1381,1947,1857,0.83853143
936,/Volumes/SmithL0/2026/BIOL470/Final/Learning_Rig/bee_0408_2/bee_0408_2_rev_green_accident/cam1_2026-04-08_18-07-13.mp4,1706.0,1619.5,1466,1381,1946,1858,0.8382724
937,/Volumes/SmithL0/2026/BIOL470/Final/Learning_Rig/bee_0408_2/bee_0408_2_rev_green_accident/cam1_2026-04-08_18-07-13.mp4,1706.5,1619.0,1466,1381,1947,1857,0.83900744
938,/Volumes/SmithL0/2026/BIOL470/Final/Learning_Rig/bee_0408_2/bee_0408_2_rev_green_accident/cam1_2026-04-08_18-07-13.mp4,1706.0,1620.0,1466,1380,1946,1860,0.83731043
939,/Volumes/SmithL0/2026/BIOL470/Final/Learning_Rig/bee_0408_2/bee_0408_2_rev_green_accident/cam1_2026-04-08_18-07-13.mp4,1706.5,1620.5,1468,1382,1945,1859,0.83843327
940,/Volumes/SmithL0/2026/BIOL470/Final/Learning_Rig/bee_0408_2/bee_0408_2_rev_green_accident/cam1_2026-04-08_18-07-13.mp4,1707.5,1622.5,1469,1383,1946,1862,0.83643216
941,/Volumes/SmithL0/2026/BIOL470/Final/Learning_Rig/bee_0408_2/bee_0408_2_rev_green_accident/cam1_2026-04-08_18-07-13.mp4,1706.5,1620.5,1468,1382,1945,1859,0.8364985
942,/Volumes/SmithL0/2026/BIOL470/Final/Learning_Rig/bee_0408_2/bee_0408_2_rev_green_accident/cam1_2026-04-08_18-07-13.mp4,1707.5,1620.5,1469,1382,1946,1859,0.8371913
943,/Volumes/SmithL0/2026/BIOL470/Final/Learning_Rig/bee_0408_2/bee_0408_2_rev_green_accident/cam1_2026-04-08_18-07-13.mp4,1707.5,1620.5,1469,1382,1946,1859,0.83764714
944,/Volumes/SmithL0/2026/BIOL470/Final/Learning_Rig/bee_0408_2/bee_0408_2_rev_green_accident/cam1_2026-04-08_18-07-13.mp4,1708.5,1618.0,1470,1380,1947,1856,0.83983105
945,/Volumes/SmithL0/2026/BIOL470/Final/Learning_Rig/bee_0408_2/bee_0408_2_rev_green_accident/cam1_2026-04-08_18-07-13.mp4,1710.0,1617.5,1471,1380,1949,1855,0.8408078
946,/Volumes/SmithL0/2026/BIOL470/Final/Learning_Rig/bee_0408_2/bee_0408_2_rev_green_accident/cam1_2026-04-08_18-07-13.mp4,1711.5,1620.0,1473,1382,1950,1858,0.8378733
947,/Volumes/SmithL0/2026/BIOL470/Final/Learning_Rig/bee_0408_2/bee_0408_2_rev_green_accident/cam1_2026-04-08_18-07-13.mp4,1710.5,1619.5,1473,1382,1948,1857,0.83763474
948,/Volumes/SmithL0/2026/BIOL470/Final/Learning_Rig/bee_0408_2/bee_0408_2_rev_green_accident/cam1_2026-04-08_18-07-13.mp4,1711.0,1619.5,1474,1382,1948,1857,0.8366527
949,/Volumes/SmithL0/2026/BIOL470/Final/Learning_Rig/bee_0408_2/bee_0408_2_rev_green_accident/cam1_2026-04-08_18-07-13.mp4,1710.0,1620.0,1473,1382,1947,1858,0.83712274
950,/Volumes/SmithL0/2026/BIOL470/Final/Learning_Rig/bee_0408_2/bee_0408_2_rev_green_accident/cam1_2026-04-08_18-07-13.mp4,1710.5,1617.5,1473,1381,1948,1854,0.8388679
951,/Volumes/SmithL0/2026/BIOL470/Final/Learning_Rig/bee_0408_2/bee_0408_2_rev_green_accident/cam1_2026-04-08_18-07-13.mp4,1711.0,1620.5,1473,1381,1949,1860,0.8343833
952,/Volumes/SmithL0/2026/BIOL470/Final/Learning_Rig/bee_0408_2/bee_0408_2_rev_green_accident/cam1_2026-04-08_18-07-13.mp4,1709.5,1621.5,1472,1380,1947,1863,0.8335999
953,/Volumes/SmithL0/2026/BIOL470/Final/Learning_Rig/bee_0408_2/bee_0408_2_rev_green_accident/cam1_2026-04-08_18-07-13.mp4,1709.5,1621.0,1472,1380,1947,1862,0.83307016
954,/Volumes/SmithL0/2026/BIOL470/Final/Learning_Rig/bee_0408_2/bee_0408_2_rev_green_accident/cam1_2026-04-08_18-07-13.mp4,1710.0,1619.5,1472,1378,1948,1861,0.83489805
955,/Volumes/SmithL0/2026/BIOL470/Final/Learning_Rig/bee_0408_2/bee_0408_2_rev_green_accident/cam1_2026-04-08_18-07-13.mp4,1710.5,1619.0,1472,1378,1949,1860,0.8363039
956,/Volumes/SmithL0/2026/BIOL470/Final/Learning_Rig/bee_0408_2/bee_0408_2_rev_green_accident/cam1_2026-04-08_18-07-13.mp4,1709.5,1620.0,1472,1378,1947,1862,0.83515084
957,/Volumes/SmithL0/2026/BIOL470/Final/Learning_Rig/bee_0408_2/bee_0408_2_rev_green_accident/cam1_2026-04-08_18-07-13.mp4,1710.0,1621.5,1473,1383,1947,1860,0.8323855
958,/Volumes/SmithL0/2026/BIOL470/Final/Learning_Rig/bee_0408_2/bee_0408_2_rev_green_accident/cam1_2026-04-08_18-07-13.mp4,1713.0,1617.5,1468,1378,1958,1857,0.8346387
959,/Volumes/SmithL0/2026/BIOL470/Final/Learning_Rig/bee_0408_2/bee_0408_2_rev_green_accident/cam1_2026-04-08_18-07-13.mp4,1712.5,1615.0,1468,1377,1957,1853,0.83725196
960,/Volumes/SmithL0/2026/BIOL470/Final/Learning_Rig/bee_0408_2/bee_0408_2_rev_green_accident/cam1_2026-04-08_18-07-13.mp4,1713.5,1614.5,1470,1377,1957,1852,0.83562374
961,/Volumes/SmithL0/2026/BIOL470/Final/Learning_Rig/bee_0408_2/bee_0408_2_rev_green_accident/cam1_2026-04-08_18-07-13.mp4,1711.5,1612.5,1467,1371,1956,1854,0.83832395
962,/Volumes/SmithL0/2026/BIOL470/Final/Learning_Rig/bee_0408_2/bee_0408_2_rev_green_accident/cam1_2026-04-08_18-07-13.mp4,1712.0,1611.0,1468,1369,1956,1853,0.83979994
963,/Volumes/SmithL0/2026/BIOL470/Final/Learning_Rig/bee_0408_2/bee_0408_2_rev_green_accident/cam1_2026-04-08_18-07-13.mp4,1711.0,1607.0,1468,1365,1954,1849,0.8441305
964,/Volumes/SmithL0/2026/BIOL470/Final/Learning_Rig/bee_0408_2/bee_0408_2_rev_green_accident/cam1_2026-04-08_18-07-13.mp4,1710.5,1603.5,1468,1356,1953,1851,0.84067786
965,/Volumes/SmithL0/2026/BIOL470/Final/Learning_Rig/bee_0408_2/bee_0408_2_rev_green_accident/cam1_2026-04-08_18-07-13.mp4,1709.5,1603.0,1468,1355,1951,1851,0.84194744
966,/Volumes/SmithL0/2026/BIOL470/Final/Learning_Rig/bee_0408_2/bee_0408_2_rev_green_accident/cam1_2026-04-08_18-07-13.mp4,1709.5,1605.0,1468,1361,1951,1849,0.8413383
967,/Volumes/SmithL0/2026/BIOL470/Final/Learning_Rig/bee_0408_2/bee_0408_2_rev_green_accident/cam1_2026-04-08_18-07-13.mp4,1709.0,1601.5,1468,1354,1950,1849,0.84274596
968,/Volumes/SmithL0/2026/BIOL470/Final/Learning_Rig/bee_0408_2/bee_0408_2_rev_green_accident/cam1_2026-04-08_18-07-13.mp4,1709.0,1606.5,1468,1358,1950,1855,0.8432138
969,/Volumes/SmithL0/2026/BIOL470/Final/Learning_Rig/bee_0408_2/bee_0408_2_rev_green_accident/cam1_2026-04-08_18-07-13.mp4,1709.5,1609.0,1468,1365,1951,1853,0.8400461
970,/Volumes/SmithL0/2026/BIOL470/Final/Learning_Rig/bee_0408_2/bee_0408_2_rev_green_accident/cam1_2026-04-08_18-07-13.mp4,1710.5,1615.5,1472,1368,1949,1863,0.837847
971,/Volumes/SmithL0/2026/BIOL470/Final/Learning_Rig/bee_0408_2/bee_0408_2_rev_green_accident/cam1_2026-04-08_18-07-13.mp4,1708.5,1626.5,1482,1375,1935,1878,0.8244622
972,/Volumes/SmithL0/2026/BIOL470/Final/Learning_Rig/bee_0408_2/bee_0408_2_rev_green_accident/cam1_2026-04-08_18-07-13.mp4,1716.0,1635.0,1496,1383,1936,1887,0.8170199
973,/Volumes/SmithL0/2026/BIOL470/Final/Learning_Rig/bee_0408_2/bee_0408_2_rev_green_accident/cam1_2026-04-08_18-07-13.mp4,1724.5,1631.5,1490,1380,1959,1883,0.8196386
974,/Volumes/SmithL0/2026/BIOL470/Final/Learning_Rig/bee_0408_2/bee_0408_2_rev_green_accident/cam1_2026-04-08_18-07-13.mp4,1707.5,1631.0,1486,1375,1929,1887,0.8238059
975,/Volumes/SmithL0/2026/BIOL470/Final/Learning_Rig/bee_0408_2/bee_0408_2_rev_green_accident/cam1_2026-04-08_18-07-13.mp4,1709.0,1625.0,1473,1362,1945,1888,0.84188503
976,/Volumes/SmithL0/2026/BIOL470/Final/Learning_Rig/bee_0408_2/bee_0408_2_rev_green_accident/cam1_2026-04-08_18-07-13.mp4,1703.0,1628.0,1472,1379,1934,1877,0.8377755
977,/Volumes/SmithL0/2026/BIOL470/Final/Learning_Rig/bee_0408_2/bee_0408_2_rev_green_accident/cam1_2026-04-08_18-07-13.mp4,1703.0,1627.0,1473,1378,1933,1876,0.835509
978,/Volumes/SmithL0/2026/BIOL470/Final/Learning_Rig/bee_0408_2/bee_0408_2_rev_green_accident/cam1_2026-04-08_18-07-13.mp4,1703.0,1625.0,1472,1377,1934,1873,0.83514625
979,/Volumes/SmithL0/2026/BIOL470/Final/Learning_Rig/bee_0408_2/bee_0408_2_rev_green_accident/cam1_2026-04-08_18-07-13.mp4,1703.5,1621.0,1472,1376,1935,1866,0.8274576
980,/Volumes/SmithL0/2026/BIOL470/Final/Learning_Rig/bee_0408_2/bee_0408_2_rev_green_accident/cam1_2026-04-08_18-07-13.mp4,1703.5,1623.0,1472,1379,1935,1867,0.83390903
981,/Volumes/SmithL0/2026/BIOL470/Final/Learning_Rig/bee_0408_2/bee_0408_2_rev_green_accident/cam1_2026-04-08_18-07-13.mp4,1703.0,1622.5,1471,1375,1935,1870,0.8323762
982,/Volumes/SmithL0/2026/BIOL470/Final/Learning_Rig/bee_0408_2/bee_0408_2_rev_green_accident/cam1_2026-04-08_18-07-13.mp4,1701.0,1622.5,1472,1375,1930,1870,0.8313052
983,/Volumes/SmithL0/2026/BIOL470/Final/Learning_Rig/bee_0408_2/bee_0408_2_rev_green_accident/cam1_2026-04-08_18-07-13.mp4,1700.5,1629.0,1471,1380,1930,1878,0.8288389
984,/Volumes/SmithL0/2026/BIOL470/Final/Learning_Rig/bee_0408_2/bee_0408_2_rev_green_accident/cam1_2026-04-08_18-07-13.mp4,1697.5,1625.5,1472,1375,1923,1876,0.8284692
985,/Volumes/SmithL0/2026/BIOL470/Final/Learning_Rig/bee_0408_2/bee_0408_2_rev_green_accident/cam1_2026-04-08_18-07-13.mp4,1700.5,1621.0,1475,1363,1926,1879,0.83121634
986,/Volumes/SmithL0/2026/BIOL470/Final/Learning_Rig/bee_0408_2/bee_0408_2_rev_green_accident/cam1_2026-04-08_18-07-13.mp4,1653.0,1627.5,1421,1369,1885,1886,0.83530873
987,/Volumes/SmithL0/2026/BIOL470/Final/Learning_Rig/bee_0408_2/bee_0408_2_rev_green_accident/cam1_2026-04-08_18-07-13.mp4,1607.0,1616.0,1353,1353,1861,1879,0.8459543
988,/Volumes/SmithL0/2026/BIOL470/Final/Learning_Rig/bee_0408_2/bee_0408_2_rev_green_accident/cam1_2026-04-08_18-07-13.mp4,1599.0,1625.5,1351,1354,1847,1897,0.823551
989,/Volumes/SmithL0/2026/BIOL470/Final/Learning_Rig/bee_0408_2/bee_0408_2_rev_green_accident/cam1_2026-04-08_18-07-13.mp4,1592.0,1623.0,1354,1351,1830,1895,0.81992495
990,/Volumes/SmithL0/2026/BIOL470/Final/Learning_Rig/bee_0408_2/bee_0408_2_rev_green_accident/cam1_2026-04-08_18-07-13.mp4,1595.0,1625.0,1348,1348,1842,1902,0.81261057
991,/Volumes/SmithL0/2026/BIOL470/Final/Learning_Rig/bee_0408_2/bee_0408_2_rev_green_accident/cam1_2026-04-08_18-07-13.mp4,1592.0,1631.0,1344,1361,1840,1901,0.8051437
992,/Volumes/SmithL0/2026/BIOL470/Final/Learning_Rig/bee_0408_2/bee_0408_2_rev_green_accident/cam1_2026-04-08_18-07-13.mp4,1596.5,1632.5,1348,1366,1845,1899,0.8050747
993,/Volumes/SmithL0/2026/BIOL470/Final/Learning_Rig/bee_0408_2/bee_0408_2_rev_green_accident/cam1_2026-04-08_18-07-13.mp4,1595.5,1634.0,1346,1364,1845,1904,0.80284655
994,/Volumes/SmithL0/2026/BIOL470/Final/Learning_Rig/bee_0408_2/bee_0408_2_rev_green_accident/cam1_2026-04-08_18-07-13.mp4,1599.0,1637.5,1342,1369,1856,1906,0.79846305
995,/Volumes/SmithL0/2026/BIOL470/Final/Learning_Rig/bee_0408_2/bee_0408_2_rev_green_accident/cam1_2026-04-08_18-07-13.mp4,1596.0,1640.0,1340,1370,1852,1910,0.80550045
996,/Volumes/SmithL0/2026/BIOL470/Final/Learning_Rig/bee_0408_2/bee_0408_2_rev_green_accident/cam1_2026-04-08_18-07-13.mp4,1595.0,1654.0,1341,1369,1849,1939,0.7766055
997,/Volumes/SmithL0/2026/BIOL470/Final/Learning_Rig/bee_0408_2/bee_0408_2_rev_green_accident/cam1_2026-04-08_18-07-13.mp4,1593.5,1640.5,1339,1371,1848,1910,0.77852845
998,/Volumes/SmithL0/2026/BIOL470/Final/Learning_Rig/bee_0408_2/bee_0408_2_rev_green_accident/cam1_2026-04-08_18-07-13.mp4,1598.5,1643.5,1345,1386,1852,1901,0.7875823
999,/Volumes/SmithL0/2026/BIOL470/Final/Learning_Rig/bee_0408_2/bee_0408_2_rev_green_accident/cam1_2026-04-08_18-07-13.mp4,1593.0,1646.0,1341,1382,1845,1910,0.78401047
1000,/Volumes/SmithL0/2026/BIOL470/Final/Learning_Rig/bee_0408_2/bee_0408_2_rev_green_accident/cam1_2026-04-08_18-07-13.mp4,1594.5,1650.0,1339,1382,1850,1918,0.77819955
1001,/Volumes/SmithL0/2026/BIOL470/Final/Learning_Rig/bee_0408_2/bee_0408_2_rev_green_accident/cam1_2026-04-08_18-07-13.mp4,1593.5,1683.5,1336,1382,1851,1985,0.7595078
1002,/Volumes/SmithL0/2026/BIOL470/Final/Learning_Rig/bee_0408_2/bee_0408_2_rev_green_accident/cam1_2026-04-08_18-07-13.mp4,1593.0,1703.0,1334,1389,1852,2017,0.7482033
1003,/Volumes/SmithL0/2026/BIOL470/Final/Learning_Rig/bee_0408_2/bee_0408_2_rev_green_accident/cam1_2026-04-08_18-07-13.mp4,1593.0,1719.0,1330,1390,1856,2048,0.7433962
1004,/Volumes/SmithL0/2026/BIOL470/Final/Learning_Rig/bee_0408_2/bee_0408_2_rev_green_accident/cam1_2026-04-08_18-07-13.mp4,1594.5,1712.0,1333,1408,1856,2016,0.75531167
1005,/Volumes/SmithL0/2026/BIOL470/Final/Learning_Rig/bee_0408_2/bee_0408_2_rev_green_accident/cam1_2026-04-08_18-07-13.mp4,1588.0,1651.5,1320,1373,1856,1930,0.77990276
1006,/Volumes/SmithL0/2026/BIOL470/Final/Learning_Rig/bee_0408_2/bee_0408_2_rev_green_accident/cam1_2026-04-08_18-07-13.mp4,1569.5,1706.5,1290,1390,1849,2023,0.7582476
1007,/Volumes/SmithL0/2026/BIOL470/Final/Learning_Rig/bee_0408_2/bee_0408_2_rev_green_accident/cam1_2026-04-08_18-07-13.mp4,1581.5,1613.5,1310,1349,1853,1878,0.594404
1008,/Volumes/SmithL0/2026/BIOL470/Final/Learning_Rig/bee_0408_2/bee_0408_2_rev_green_accident/cam1_2026-04-08_18-07-13.mp4,1567.0,1682.0,1285,1386,1849,1978,0.761982
1009,/Volumes/SmithL0/2026/BIOL470/Final/Learning_Rig/bee_0408_2/bee_0408_2_rev_green_accident/cam1_2026-04-08_18-07-13.mp4,1565.5,1674.0,1280,1368,1851,1980,0.7620162
1010,/Volumes/SmithL0/2026/BIOL470/Final/Learning_Rig/bee_0408_2/bee_0408_2_rev_green_accident/cam1_2026-04-08_18-07-13.mp4,1565.0,1686.0,1279,1374,1851,1998,0.78308576
1011,/Volumes/SmithL0/2026/BIOL470/Final/Learning_Rig/bee_0408_2/bee_0408_2_rev_green_accident/cam1_2026-04-08_18-07-13.mp4,1571.0,1691.0,1282,1348,1860,2034,0.73956877
1012,/Volumes/SmithL0/2026/BIOL470/Final/Learning_Rig/bee_0408_2/bee_0408_2_rev_green_accident/cam1_2026-04-08_18-07-13.mp4,1567.5,1692.5,1274,1345,1861,2040,0.73180765
1013,/Volumes/SmithL0/2026/BIOL470/Final/Learning_Rig/bee_0408_2/bee_0408_2_rev_green_accident/cam1_2026-04-08_18-07-13.mp4,1565.5,1695.0,1271,1345,1860,2045,0.7301192
1014,/Volumes/SmithL0/2026/BIOL470/Final/Learning_Rig/bee_0408_2/bee_0408_2_rev_green_accident/cam1_2026-04-08_18-07-13.mp4,1570.0,1682.0,1277,1341,1863,2023,0.69145435
1015,/Volumes/SmithL0/2026/BIOL470/Final/Learning_Rig/bee_0408_2/bee_0408_2_rev_green_accident/cam1_2026-04-08_18-07-13.mp4,1570.0,1680.5,1276,1348,1864,2013,0.73785925
1016,/Volumes/SmithL0/2026/BIOL470/Final/Learning_Rig/bee_0408_2/bee_0408_2_rev_green_accident/cam1_2026-04-08_18-07-13.mp4,1575.5,1677.5,1285,1345,1866,2010,0.74547476
1017,/Volumes/SmithL0/2026/BIOL470/Final/Learning_Rig/bee_0408_2/bee_0408_2_rev_green_accident/cam1_2026-04-08_18-07-13.mp4,1584.0,1674.5,1295,1343,1873,2006,0.73187846
1018,/Volumes/SmithL0/2026/BIOL470/Final/Learning_Rig/bee_0408_2/bee_0408_2_rev_green_accident/cam1_2026-04-08_18-07-13.mp4,1569.5,1676.5,1280,1389,1859,1964,0.7736592
1019,/Volumes/SmithL0/2026/BIOL470/Final/Learning_Rig/bee_0408_2/bee_0408_2_rev_green_accident/cam1_2026-04-08_18-07-13.mp4,1579.5,1652.5,1294,1388,1865,1917,0.8168535
1020,/Volumes/SmithL0/2026/BIOL470/Final/Learning_Rig/bee_0408_2/bee_0408_2_rev_green_accident/cam1_2026-04-08_18-07-13.mp4,1578.5,1618.0,1296,1408,1861,1828,0.77844244
1021,/Volumes/SmithL0/2026/BIOL470/Final/Learning_Rig/bee_0408_2/bee_0408_2_rev_green_accident/cam1_2026-04-08_18-07-13.mp4,1572.0,1601.5,1298,1383,1846,1820,0.70319587
1022,/Volumes/SmithL0/2026/BIOL470/Final/Learning_Rig/bee_0408_2/bee_0408_2_rev_green_accident/cam1_2026-04-08_18-07-13.mp4,1587.5,1635.0,1310,1456,1865,1814,0.7915176
1023,/Volumes/SmithL0/2026/BIOL470/Final/Learning_Rig/bee_0408_2/bee_0408_2_rev_green_accident/cam1_2026-04-08_18-07-13.mp4,1579.5,1616.0,1311,1397,1848,1835,0.80673087
1024,/Volumes/SmithL0/2026/BIOL470/Final/Learning_Rig/bee_0408_2/bee_0408_2_rev_green_accident/cam1_2026-04-08_18-07-13.mp4,1583.0,1612.0,1318,1393,1848,1831,0.8027872
1025,/Volumes/SmithL0/2026/BIOL470/Final/Learning_Rig/bee_0408_2/bee_0408_2_rev_green_accident/cam1_2026-04-08_18-07-13.mp4,1586.0,1616.5,1326,1394,1846,1839,0.80876356
1026,/Volumes/SmithL0/2026/BIOL470/Final/Learning_Rig/bee_0408_2/bee_0408_2_rev_green_accident/cam1_2026-04-08_18-07-13.mp4,1587.0,1610.0,1324,1392,1850,1828,0.81248116
1027,/Volumes/SmithL0/2026/BIOL470/Final/Learning_Rig/bee_0408_2/bee_0408_2_rev_green_accident/cam1_2026-04-08_18-07-13.mp4,1590.0,1604.5,1327,1390,1853,1819,0.820698
1028,/Volumes/SmithL0/2026/BIOL470/Final/Learning_Rig/bee_0408_2/bee_0408_2_rev_green_accident/cam1_2026-04-08_18-07-13.mp4,1591.5,1605.5,1330,1390,1853,1821,0.8257438
1029,/Volumes/SmithL0/2026/BIOL470/Final/Learning_Rig/bee_0408_2/bee_0408_2_rev_green_accident/cam1_2026-04-08_18-07-13.mp4,1592.0,1606.5,1330,1389,1854,1824,0.81664693
1030,/Volumes/SmithL0/2026/BIOL470/Final/Learning_Rig/bee_0408_2/bee_0408_2_rev_green_accident/cam1_2026-04-08_18-07-13.mp4,1592.0,1607.0,1328,1390,1856,1824,0.8154026
1031,/Volumes/SmithL0/2026/BIOL470/Final/Learning_Rig/bee_0408_2/bee_0408_2_rev_green_accident/cam1_2026-04-08_18-07-13.mp4,1592.0,1611.5,1331,1393,1853,1830,0.8179429
1032,/Volumes/SmithL0/2026/BIOL470/Final/Learning_Rig/bee_0408_2/bee_0408_2_rev_green_accident/cam1_2026-04-08_18-07-13.mp4,1588.0,1631.5,1325,1438,1851,1825,0.7937262
1033,/Volumes/SmithL0/2026/BIOL470/Final/Learning_Rig/bee_0408_2/bee_0408_2_rev_green_accident/cam1_2026-04-08_18-07-13.mp4,1595.0,1630.0,1333,1443,1857,1817,0.7733451
1034,/Volumes/SmithL0/2026/BIOL470/Final/Learning_Rig/bee_0408_2/bee_0408_2_rev_green_accident/cam1_2026-04-08_18-07-13.mp4,1594.5,1635.0,1334,1444,1855,1826,0.78544426
1035,/Volumes/SmithL0/2026/BIOL470/Final/Learning_Rig/bee_0408_2/bee_0408_2_rev_green_accident/cam1_2026-04-08_18-07-13.mp4,1589.0,1636.0,1322,1446,1856,1826,0.79529893
1036,/Volumes/SmithL0/2026/BIOL470/Final/Learning_Rig/bee_0408_2/bee_0408_2_rev_green_accident/cam1_2026-04-08_18-07-13.mp4,1586.5,1636.0,1317,1446,1856,1826,0.7972283
1037,/Volumes/SmithL0/2026/BIOL470/Final/Learning_Rig/bee_0408_2/bee_0408_2_rev_green_accident/cam1_2026-04-08_18-07-13.mp4,1586.5,1636.5,1320,1447,1853,1826,0.7940544
1038,/Volumes/SmithL0/2026/BIOL470/Final/Learning_Rig/bee_0408_2/bee_0408_2_rev_green_accident/cam1_2026-04-08_18-07-13.mp4,1584.5,1638.5,1316,1448,1853,1829,0.793306
1039,/Volumes/SmithL0/2026/BIOL470/Final/Learning_Rig/bee_0408_2/bee_0408_2_rev_green_accident/cam1_2026-04-08_18-07-13.mp4,1587.5,1638.0,1322,1445,1853,1831,0.77867764
1040,/Volumes/SmithL0/2026/BIOL470/Final/Learning_Rig/bee_0408_2/bee_0408_2_rev_green_accident/cam1_2026-04-08_18-07-13.mp4,1586.0,1639.5,1321,1446,1851,1833,0.77853507
1041,/Volumes/SmithL0/2026/BIOL470/Final/Learning_Rig/bee_0408_2/bee_0408_2_rev_green_accident/cam1_2026-04-08_18-07-13.mp4,1584.0,1640.0,1322,1447,1846,1833,0.78125876
1042,/Volumes/SmithL0/2026/BIOL470/Final/Learning_Rig/bee_0408_2/bee_0408_2_rev_green_accident/cam1_2026-04-08_18-07-13.mp4,1586.0,1641.5,1322,1448,1850,1835,0.78450805
1043,/Volumes/SmithL0/2026/BIOL470/Final/Learning_Rig/bee_0408_2/bee_0408_2_rev_green_accident/cam1_2026-04-08_18-07-13.mp4,1585.5,1641.5,1322,1447,1849,1836,0.7841543
1044,/Volumes/SmithL0/2026/BIOL470/Final/Learning_Rig/bee_0408_2/bee_0408_2_rev_green_accident/cam1_2026-04-08_18-07-13.mp4,1586.0,1642.5,1323,1448,1849,1837,0.7874944
1045,/Volumes/SmithL0/2026/BIOL470/Final/Learning_Rig/bee_0408_2/bee_0408_2_rev_green_accident/cam1_2026-04-08_18-07-13.mp4,1585.0,1643.0,1323,1449,1847,1837,0.7893978
1046,/Volumes/SmithL0/2026/BIOL470/Final/Learning_Rig/bee_0408_2/bee_0408_2_rev_green_accident/cam1_2026-04-08_18-07-13.mp4,1585.0,1643.0,1323,1450,1847,1836,0.7899171
1047,/Volumes/SmithL0/2026/BIOL470/Final/Learning_Rig/bee_0408_2/bee_0408_2_rev_green_accident/cam1_2026-04-08_18-07-13.mp4,1586.0,1642.0,1324,1450,1848,1834,0.79155904
1048,/Volumes/SmithL0/2026/BIOL470/Final/Learning_Rig/bee_0408_2/bee_0408_2_rev_green_accident/cam1_2026-04-08_18-07-13.mp4,1586.5,1643.5,1322,1450,1851,1837,0.79174155
1049,/Volumes/SmithL0/2026/BIOL470/Final/Learning_Rig/bee_0408_2/bee_0408_2_rev_green_accident/cam1_2026-04-08_18-07-13.mp4,1586.5,1644.5,1323,1450,1850,1839,0.7915921
1050,/Volumes/SmithL0/2026/BIOL470/Final/Learning_Rig/bee_0408_2/bee_0408_2_rev_green_accident/cam1_2026-04-08_18-07-13.mp4,1588.0,1645.5,1325,1450,1851,1841,0.7915708
1051,/Volumes/SmithL0/2026/BIOL470/Final/Learning_Rig/bee_0408_2/bee_0408_2_rev_green_accident/cam1_2026-04-08_18-07-13.mp4,1587.5,1645.5,1323,1450,1852,1841,0.7905134
1052,/Volumes/SmithL0/2026/BIOL470/Final/Learning_Rig/bee_0408_2/bee_0408_2_rev_green_accident/cam1_2026-04-08_18-07-13.mp4,1587.0,1646.0,1322,1450,1852,1842,0.79125375
1053,/Volumes/SmithL0/2026/BIOL470/Final/Learning_Rig/bee_0408_2/bee_0408_2_rev_green_accident/cam1_2026-04-08_18-07-13.mp4,1588.5,1645.0,1322,1451,1855,1839,0.7925848
1054,/Volumes/SmithL0/2026/BIOL470/Final/Learning_Rig/bee_0408_2/bee_0408_2_rev_green_accident/cam1_2026-04-08_18-07-13.mp4,1587.5,1647.5,1324,1451,1851,1844,0.7922422
1055,/Volumes/SmithL0/2026/BIOL470/Final/Learning_Rig/bee_0408_2/bee_0408_2_rev_green_accident/cam1_2026-04-08_18-07-13.mp4,1587.0,1648.5,1324,1451,1850,1846,0.7937767
1056,/Volumes/SmithL0/2026/BIOL470/Final/Learning_Rig/bee_0408_2/bee_0408_2_rev_green_accident/cam1_2026-04-08_18-07-13.mp4,1586.5,1647.0,1319,1451,1854,1843,0.79461384
1057,/Volumes/SmithL0/2026/BIOL470/Final/Learning_Rig/bee_0408_2/bee_0408_2_rev_green_accident/cam1_2026-04-08_18-07-13.mp4,1587.5,1647.5,1319,1452,1856,1843,0.7954747
1058,/Volumes/SmithL0/2026/BIOL470/Final/Learning_Rig/bee_0408_2/bee_0408_2_rev_green_accident/cam1_2026-04-08_18-07-13.mp4,1588.5,1647.0,1320,1452,1857,1842,0.7975138
1059,/Volumes/SmithL0/2026/BIOL470/Final/Learning_Rig/bee_0408_2/bee_0408_2_rev_green_accident/cam1_2026-04-08_18-07-13.mp4,1590.0,1645.5,1323,1451,1857,1840,0.80474305
1060,/Volumes/SmithL0/2026/BIOL470/Final/Learning_Rig/bee_0408_2/bee_0408_2_rev_green_accident/cam1_2026-04-08_18-07-13.mp4,1589.0,1644.5,1321,1451,1857,1838,0.79676974
1061,/Volumes/SmithL0/2026/BIOL470/Final/Learning_Rig/bee_0408_2/bee_0408_2_rev_green_accident/cam1_2026-04-08_18-07-13.mp4,1589.0,1647.0,1326,1450,1852,1844,0.794148
1062,/Volumes/SmithL0/2026/BIOL470/Final/Learning_Rig/bee_0408_2/bee_0408_2_rev_green_accident/cam1_2026-04-08_18-07-13.mp4,1589.5,1647.0,1323,1451,1856,1843,0.7944693
1063,/Volumes/SmithL0/2026/BIOL470/Final/Learning_Rig/bee_0408_2/bee_0408_2_rev_green_accident/cam1_2026-04-08_18-07-13.mp4,1591.0,1645.5,1328,1450,1854,1841,0.7905029
1064,/Volumes/SmithL0/2026/BIOL470/Final/Learning_Rig/bee_0408_2/bee_0408_2_rev_green_accident/cam1_2026-04-08_18-07-13.mp4,1588.5,1642.5,1325,1450,1852,1835,0.78858256
1065,/Volumes/SmithL0/2026/BIOL470/Final/Learning_Rig/bee_0408_2/bee_0408_2_rev_green_accident/cam1_2026-04-08_18-07-13.mp4,1587.5,1643.0,1321,1450,1854,1836,0.7939508
1066,/Volumes/SmithL0/2026/BIOL470/Final/Learning_Rig/bee_0408_2/bee_0408_2_rev_green_accident/cam1_2026-04-08_18-07-13.mp4,1587.0,1645.0,1326,1449,1848,1841,0.79180104
1067,/Volumes/SmithL0/2026/BIOL470/Final/Learning_Rig/bee_0408_2/bee_0408_2_rev_green_accident/cam1_2026-04-08_18-07-13.mp4,1586.0,1644.5,1324,1448,1848,1841,0.79788613
1068,/Volumes/SmithL0/2026/BIOL470/Final/Learning_Rig/bee_0408_2/bee_0408_2_rev_green_accident/cam1_2026-04-08_18-07-13.mp4,1585.5,1644.0,1323,1448,1848,1840,0.8020553
1069,/Volumes/SmithL0/2026/BIOL470/Final/Learning_Rig/bee_0408_2/bee_0408_2_rev_green_accident/cam1_2026-04-08_18-07-13.mp4,1587.5,1644.5,1326,1448,1849,1841,0.80635285
1070,/Volumes/SmithL0/2026/BIOL470/Final/Learning_Rig/bee_0408_2/bee_0408_2_rev_green_accident/cam1_2026-04-08_18-07-13.mp4,1588.5,1643.5,1326,1449,1851,1838,0.7984628
1071,/Volumes/SmithL0/2026/BIOL470/Final/Learning_Rig/bee_0408_2/bee_0408_2_rev_green_accident/cam1_2026-04-08_18-07-13.mp4,1590.0,1644.5,1329,1449,1851,1840,0.8090986
1072,/Volumes/SmithL0/2026/BIOL470/Final/Learning_Rig/bee_0408_2/bee_0408_2_rev_green_accident/cam1_2026-04-08_18-07-13.mp4,1590.0,1644.0,1331,1450,1849,1838,0.8069459
1073,/Volumes/SmithL0/2026/BIOL470/Final/Learning_Rig/bee_0408_2/bee_0408_2_rev_green_accident/cam1_2026-04-08_18-07-13.mp4,1591.0,1644.0,1335,1450,1847,1838,0.81197333
1074,/Volumes/SmithL0/2026/BIOL470/Final/Learning_Rig/bee_0408_2/bee_0408_2_rev_green_accident/cam1_2026-04-08_18-07-13.mp4,1588.0,1645.0,1330,1450,1846,1840,0.81103593
1075,/Volumes/SmithL0/2026/BIOL470/Final/Learning_Rig/bee_0408_2/bee_0408_2_rev_green_accident/cam1_2026-04-08_18-07-13.mp4,1586.0,1645.0,1328,1450,1844,1840,0.8123766
1076,/Volumes/SmithL0/2026/BIOL470/Final/Learning_Rig/bee_0408_2/bee_0408_2_rev_green_accident/cam1_2026-04-08_18-07-13.mp4,1587.0,1647.0,1327,1451,1847,1843,0.81456876
1077,/Volumes/SmithL0/2026/BIOL470/Final/Learning_Rig/bee_0408_2/bee_0408_2_rev_green_accident/cam1_2026-04-08_18-07-13.mp4,1587.5,1646.0,1328,1451,1847,1841,0.8169664
1078,/Volumes/SmithL0/2026/BIOL470/Final/Learning_Rig/bee_0408_2/bee_0408_2_rev_green_accident/cam1_2026-04-08_18-07-13.mp4,1587.0,1646.5,1328,1451,1846,1842,0.8150811
1079,/Volumes/SmithL0/2026/BIOL470/Final/Learning_Rig/bee_0408_2/bee_0408_2_rev_green_accident/cam1_2026-04-08_18-07-13.mp4,1587.0,1646.5,1331,1452,1843,1841,0.8125809
1080,/Volumes/SmithL0/2026/BIOL470/Final/Learning_Rig/bee_0408_2/bee_0408_2_rev_green_accident/cam1_2026-04-08_18-07-13.mp4,1586.0,1645.0,1329,1452,1843,1838,0.81129205
1081,/Volumes/SmithL0/2026/BIOL470/Final/Learning_Rig/bee_0408_2/bee_0408_2_rev_green_accident/cam1_2026-04-08_18-07-13.mp4,1584.0,1643.0,1327,1452,1841,1834,0.81067383
1082,/Volumes/SmithL0/2026/BIOL470/Final/Learning_Rig/bee_0408_2/bee_0408_2_rev_green_accident/cam1_2026-04-08_18-07-13.mp4,1584.0,1643.5,1326,1453,1842,1834,0.8107874
1083,/Volumes/SmithL0/2026/BIOL470/Final/Learning_Rig/bee_0408_2/bee_0408_2_rev_green_accident/cam1_2026-04-08_18-07-13.mp4,1582.5,1643.0,1325,1453,1840,1833,0.80970746
1084,/Volumes/SmithL0/2026/BIOL470/Final/Learning_Rig/bee_0408_2/bee_0408_2_rev_green_accident/cam1_2026-04-08_18-07-13.mp4,1583.0,1643.5,1325,1453,1841,1834,0.808427
1085,/Volumes/SmithL0/2026/BIOL470/Final/Learning_Rig/bee_0408_2/bee_0408_2_rev_green_accident/cam1_2026-04-08_18-07-13.mp4,1582.5,1643.5,1326,1453,1839,1834,0.8127618
1086,/Volumes/SmithL0/2026/BIOL470/Final/Learning_Rig/bee_0408_2/bee_0408_2_rev_green_accident/cam1_2026-04-08_18-07-13.mp4,1581.5,1642.5,1321,1452,1842,1833,0.8160071
1087,/Volumes/SmithL0/2026/BIOL470/Final/Learning_Rig/bee_0408_2/bee_0408_2_rev_green_accident/cam1_2026-04-08_18-07-13.mp4,1584.5,1641.0,1323,1451,1846,1831,0.81918746
1088,/Volumes/SmithL0/2026/BIOL470/Final/Learning_Rig/bee_0408_2/bee_0408_2_rev_green_accident/cam1_2026-04-08_18-07-13.mp4,1585.5,1642.0,1328,1452,1843,1832,0.8188531
1089,/Volumes/SmithL0/2026/BIOL470/Final/Learning_Rig/bee_0408_2/bee_0408_2_rev_green_accident/cam1_2026-04-08_18-07-13.mp4,1586.0,1641.5,1329,1451,1843,1832,0.8205756
1090,/Volumes/SmithL0/2026/BIOL470/Final/Learning_Rig/bee_0408_2/bee_0408_2_rev_green_accident/cam1_2026-04-08_18-07-13.mp4,1585.5,1640.0,1326,1450,1845,1830,0.8227929
1091,/Volumes/SmithL0/2026/BIOL470/Final/Learning_Rig/bee_0408_2/bee_0408_2_rev_green_accident/cam1_2026-04-08_18-07-13.mp4,1584.0,1639.5,1326,1449,1842,1830,0.82377434
1092,/Volumes/SmithL0/2026/BIOL470/Final/Learning_Rig/bee_0408_2/bee_0408_2_rev_green_accident/cam1_2026-04-08_18-07-13.mp4,1583.0,1639.5,1324,1450,1842,1829,0.820409
1093,/Volumes/SmithL0/2026/BIOL470/Final/Learning_Rig/bee_0408_2/bee_0408_2_rev_green_accident/cam1_2026-04-08_18-07-13.mp4,1584.0,1640.5,1324,1450,1844,1831,0.81845516
1094,/Volumes/SmithL0/2026/BIOL470/Final/Learning_Rig/bee_0408_2/bee_0408_2_rev_green_accident/cam1_2026-04-08_18-07-13.mp4,1583.5,1641.5,1323,1450,1844,1833,0.81441146
1095,/Volumes/SmithL0/2026/BIOL470/Final/Learning_Rig/bee_0408_2/bee_0408_2_rev_green_accident/cam1_2026-04-08_18-07-13.mp4,1585.0,1641.0,1326,1451,1844,1831,0.8163591
1096,/Volumes/SmithL0/2026/BIOL470/Final/Learning_Rig/bee_0408_2/bee_0408_2_rev_green_accident/cam1_2026-04-08_18-07-13.mp4,1585.0,1640.0,1326,1451,1844,1829,0.81583816
1097,/Volumes/SmithL0/2026/BIOL470/Final/Learning_Rig/bee_0408_2/bee_0408_2_rev_green_accident/cam1_2026-04-08_18-07-13.mp4,1585.0,1640.0,1326,1451,1844,1829,0.81560063
1098,/Volumes/SmithL0/2026/BIOL470/Final/Learning_Rig/bee_0408_2/bee_0408_2_rev_green_accident/cam1_2026-04-08_18-07-13.mp4,1584.5,1640.0,1324,1451,1845,1829,0.81697804
1099,/Volumes/SmithL0/2026/BIOL470/Final/Learning_Rig/bee_0408_2/bee_0408_2_rev_green_accident/cam1_2026-04-08_18-07-13.mp4,1586.0,1640.5,1326,1452,1846,1829,0.82150894
1100,/Volumes/SmithL0/2026/BIOL470/Final/Learning_Rig/bee_0408_2/bee_0408_2_rev_green_accident/cam1_2026-04-08_18-07-13.mp4,1584.0,1640.5,1322,1451,1846,1830,0.8182998
1101,/Volumes/SmithL0/2026/BIOL470/Final/Learning_Rig/bee_0408_2/bee_0408_2_rev_green_accident/cam1_2026-04-08_18-07-13.mp4,1585.0,1641.0,1325,1451,1845,1831,0.8175354
1102,/Volumes/SmithL0/2026/BIOL470/Final/Learning_Rig/bee_0408_2/bee_0408_2_rev_green_accident/cam1_2026-04-08_18-07-13.mp4,1585.0,1640.0,1325,1451,1845,1829,0.8192058
1103,/Volumes/SmithL0/2026/BIOL470/Final/Learning_Rig/bee_0408_2/bee_0408_2_rev_green_accident/cam1_2026-04-08_18-07-13.mp4,1586.0,1639.5,1328,1450,1844,1829,0.8140894
1104,/Volumes/SmithL0/2026/BIOL470/Final/Learning_Rig/bee_0408_2/bee_0408_2_rev_green_accident/cam1_2026-04-08_18-07-13.mp4,1586.0,1639.0,1327,1450,1845,1828,0.8228244
1105,/Volumes/SmithL0/2026/BIOL470/Final/Learning_Rig/bee_0408_2/bee_0408_2_rev_green_accident/cam1_2026-04-08_18-07-13.mp4,1587.0,1640.5,1329,1451,1845,1830,0.8239205
1106,/Volumes/SmithL0/2026/BIOL470/Final/Learning_Rig/bee_0408_2/bee_0408_2_rev_green_accident/cam1_2026-04-08_18-07-13.mp4,1587.0,1640.5,1328,1451,1846,1830,0.8219463
1107,/Volumes/SmithL0/2026/BIOL470/Final/Learning_Rig/bee_0408_2/bee_0408_2_rev_green_accident/cam1_2026-04-08_18-07-13.mp4,1586.0,1641.0,1327,1451,1845,1831,0.8212285
1108,/Volumes/SmithL0/2026/BIOL470/Final/Learning_Rig/bee_0408_2/bee_0408_2_rev_green_accident/cam1_2026-04-08_18-07-13.mp4,1588.0,1641.5,1331,1451,1845,1832,0.8153923
1109,/Volumes/SmithL0/2026/BIOL470/Final/Learning_Rig/bee_0408_2/bee_0408_2_rev_green_accident/cam1_2026-04-08_18-07-13.mp4,1588.5,1640.0,1331,1451,1846,1829,0.82401925
1110,/Volumes/SmithL0/2026/BIOL470/Final/Learning_Rig/bee_0408_2/bee_0408_2_rev_green_accident/cam1_2026-04-08_18-07-13.mp4,1588.0,1641.0,1330,1451,1846,1831,0.8234687
1111,/Volumes/SmithL0/2026/BIOL470/Final/Learning_Rig/bee_0408_2/bee_0408_2_rev_green_accident/cam1_2026-04-08_18-07-13.mp4,1589.0,1641.0,1332,1451,1846,1831,0.82288545
1112,/Volumes/SmithL0/2026/BIOL470/Final/Learning_Rig/bee_0408_2/bee_0408_2_rev_green_accident/cam1_2026-04-08_18-07-13.mp4,1589.5,1640.5,1332,1451,1847,1830,0.8241493
1113,/Volumes/SmithL0/2026/BIOL470/Final/Learning_Rig/bee_0408_2/bee_0408_2_rev_green_accident/cam1_2026-04-08_18-07-13.mp4,1588.5,1642.0,1331,1452,1846,1832,0.823259
1114,/Volumes/SmithL0/2026/BIOL470/Final/Learning_Rig/bee_0408_2/bee_0408_2_rev_green_accident/cam1_2026-04-08_18-07-13.mp4,1588.5,1641.5,1331,1452,1846,1831,0.82294446
1115,/Volumes/SmithL0/2026/BIOL470/Final/Learning_Rig/bee_0408_2/bee_0408_2_rev_green_accident/cam1_2026-04-08_18-07-13.mp4,1588.5,1641.0,1330,1451,1847,1831,0.8243635
1116,/Volumes/SmithL0/2026/BIOL470/Final/Learning_Rig/bee_0408_2/bee_0408_2_rev_green_accident/cam1_2026-04-08_18-07-13.mp4,1589.0,1640.0,1331,1451,1847,1829,0.8241013
1117,/Volumes/SmithL0/2026/BIOL470/Final/Learning_Rig/bee_0408_2/bee_0408_2_rev_green_accident/cam1_2026-04-08_18-07-13.mp4,1589.5,1640.5,1332,1451,1847,1830,0.8255005
1118,/Volumes/SmithL0/2026/BIOL470/Final/Learning_Rig/bee_0408_2/bee_0408_2_rev_green_accident/cam1_2026-04-08_18-07-13.mp4,1589.5,1641.0,1332,1451,1847,1831,0.8247669
1119,/Volumes/SmithL0/2026/BIOL470/Final/Learning_Rig/bee_0408_2/bee_0408_2_rev_green_accident/cam1_2026-04-08_18-07-13.mp4,1589.5,1640.5,1332,1451,1847,1830,0.82618284
1120,/Volumes/SmithL0/2026/BIOL470/Final/Learning_Rig/bee_0408_2/bee_0408_2_rev_green_accident/cam1_2026-04-08_18-07-13.mp4,1587.5,1640.0,1328,1450,1847,1830,0.82307607
1121,/Volumes/SmithL0/2026/BIOL470/Final/Learning_Rig/bee_0408_2/bee_0408_2_rev_green_accident/cam1_2026-04-08_18-07-13.mp4,1589.5,1642.5,1332,1451,1847,1834,0.8206945
1122,/Volumes/SmithL0/2026/BIOL470/Final/Learning_Rig/bee_0408_2/bee_0408_2_rev_green_accident/cam1_2026-04-08_18-07-13.mp4,1588.0,1642.0,1329,1451,1847,1833,0.81876326
1123,/Volumes/SmithL0/2026/BIOL470/Final/Learning_Rig/bee_0408_2/bee_0408_2_rev_green_accident/cam1_2026-04-08_18-07-13.mp4,1588.0,1641.5,1329,1451,1847,1832,0.81901187
1124,/Volumes/SmithL0/2026/BIOL470/Final/Learning_Rig/bee_0408_2/bee_0408_2_rev_green_accident/cam1_2026-04-08_18-07-13.mp4,1589.5,1640.5,1332,1450,1847,1831,0.8199386
1125,/Volumes/SmithL0/2026/BIOL470/Final/Learning_Rig/bee_0408_2/bee_0408_2_rev_green_accident/cam1_2026-04-08_18-07-13.mp4,1590.0,1641.0,1333,1451,1847,1831,0.8204075
1126,/Volumes/SmithL0/2026/BIOL470/Final/Learning_Rig/bee_0408_2/bee_0408_2_rev_green_accident/cam1_2026-04-08_18-07-13.mp4,1590.5,1640.0,1334,1451,1847,1829,0.8250405
1127,/Volumes/SmithL0/2026/BIOL470/Final/Learning_Rig/bee_0408_2/bee_0408_2_rev_green_accident/cam1_2026-04-08_18-07-13.mp4,1589.5,1640.5,1332,1451,1847,1830,0.8270212
1128,/Volumes/SmithL0/2026/BIOL470/Final/Learning_Rig/bee_0408_2/bee_0408_2_rev_green_accident/cam1_2026-04-08_18-07-13.mp4,1591.0,1641.0,1335,1450,1847,1832,0.82751346
1129,/Volumes/SmithL0/2026/BIOL470/Final/Learning_Rig/bee_0408_2/bee_0408_2_rev_green_accident/cam1_2026-04-08_18-07-13.mp4,1591.0,1641.0,1335,1450,1847,1832,0.82796544
1130,/Volumes/SmithL0/2026/BIOL470/Final/Learning_Rig/bee_0408_2/bee_0408_2_rev_green_accident/cam1_2026-04-08_18-07-13.mp4,1589.5,1641.5,1332,1451,1847,1832,0.8252924
1131,/Volumes/SmithL0/2026/BIOL470/Final/Learning_Rig/bee_0408_2/bee_0408_2_rev_green_accident/cam1_2026-04-08_18-07-13.mp4,1591.0,1641.5,1334,1451,1848,1832,0.82368475
1132,/Volumes/SmithL0/2026/BIOL470/Final/Learning_Rig/bee_0408_2/bee_0408_2_rev_green_accident/cam1_2026-04-08_18-07-13.mp4,1589.0,1641.5,1330,1451,1848,1832,0.8206053
1133,/Volumes/SmithL0/2026/BIOL470/Final/Learning_Rig/bee_0408_2/bee_0408_2_rev_green_accident/cam1_2026-04-08_18-07-13.mp4,1590.5,1641.5,1334,1451,1847,1832,0.8248389
1134,/Volumes/SmithL0/2026/BIOL470/Final/Learning_Rig/bee_0408_2/bee_0408_2_rev_green_accident/cam1_2026-04-08_18-07-13.mp4,1591.0,1641.5,1335,1451,1847,1832,0.82104677
1135,/Volumes/SmithL0/2026/BIOL470/Final/Learning_Rig/bee_0408_2/bee_0408_2_rev_green_accident/cam1_2026-04-08_18-07-13.mp4,1592.0,1642.0,1336,1451,1848,1833,0.8243464
1136,/Volumes/SmithL0/2026/BIOL470/Final/Learning_Rig/bee_0408_2/bee_0408_2_rev_green_accident/cam1_2026-04-08_18-07-13.mp4,1592.0,1642.0,1336,1451,1848,1833,0.8234326
1137,/Volumes/SmithL0/2026/BIOL470/Final/Learning_Rig/bee_0408_2/bee_0408_2_rev_green_accident/cam1_2026-04-08_18-07-13.mp4,1592.5,1642.0,1337,1451,1848,1833,0.8212337
1138,/Volumes/SmithL0/2026/BIOL470/Final/Learning_Rig/bee_0408_2/bee_0408_2_rev_green_accident/cam1_2026-04-08_18-07-13.mp4,1593.0,1642.0,1338,1452,1848,1832,0.824243
1139,/Volumes/SmithL0/2026/BIOL470/Final/Learning_Rig/bee_0408_2/bee_0408_2_rev_green_accident/cam1_2026-04-08_18-07-13.mp4,1593.0,1643.0,1338,1451,1848,1835,0.8247383
1140,/Volumes/SmithL0/2026/BIOL470/Final/Learning_Rig/bee_0408_2/bee_0408_2_rev_green_accident/cam1_2026-04-08_18-07-13.mp4,1593.0,1643.5,1338,1452,1848,1835,0.8224649
1141,/Volumes/SmithL0/2026/BIOL470/Final/Learning_Rig/bee_0408_2/bee_0408_2_rev_green_accident/cam1_2026-04-08_18-07-13.mp4,1589.0,1643.0,1331,1451,1847,1835,0.82063854
1142,/Volumes/SmithL0/2026/BIOL470/Final/Learning_Rig/bee_0408_2/bee_0408_2_rev_green_accident/cam1_2026-04-08_18-07-13.mp4,1589.0,1643.5,1331,1451,1847,1836,0.8183742
1143,/Volumes/SmithL0/2026/BIOL470/Final/Learning_Rig/bee_0408_2/bee_0408_2_rev_green_accident/cam1_2026-04-08_18-07-13.mp4,1588.0,1643.0,1330,1451,1846,1835,0.8212708
1144,/Volumes/SmithL0/2026/BIOL470/Final/Learning_Rig/bee_0408_2/bee_0408_2_rev_green_accident/cam1_2026-04-08_18-07-13.mp4,1588.5,1642.0,1330,1451,1847,1833,0.82074726
1145,/Volumes/SmithL0/2026/BIOL470/Final/Learning_Rig/bee_0408_2/bee_0408_2_rev_green_accident/cam1_2026-04-08_18-07-13.mp4,1590.0,1641.5,1333,1450,1847,1833,0.8226197
1146,/Volumes/SmithL0/2026/BIOL470/Final/Learning_Rig/bee_0408_2/bee_0408_2_rev_green_accident/cam1_2026-04-08_18-07-13.mp4,1591.0,1642.0,1335,1451,1847,1833,0.82500494
1147,/Volumes/SmithL0/2026/BIOL470/Final/Learning_Rig/bee_0408_2/bee_0408_2_rev_green_accident/cam1_2026-04-08_18-07-13.mp4,1591.0,1641.5,1335,1450,1847,1833,0.82334316
1148,/Volumes/SmithL0/2026/BIOL470/Final/Learning_Rig/bee_0408_2/bee_0408_2_rev_green_accident/cam1_2026-04-08_18-07-13.mp4,1590.0,1642.0,1332,1451,1848,1833,0.82236904
1149,/Volumes/SmithL0/2026/BIOL470/Final/Learning_Rig/bee_0408_2/bee_0408_2_rev_green_accident/cam1_2026-04-08_18-07-13.mp4,1591.0,1641.0,1334,1450,1848,1832,0.81974787
1150,/Volumes/SmithL0/2026/BIOL470/Final/Learning_Rig/bee_0408_2/bee_0408_2_rev_green_accident/cam1_2026-04-08_18-07-13.mp4,1591.0,1641.0,1334,1451,1848,1831,0.82274663
1151,/Volumes/SmithL0/2026/BIOL470/Final/Learning_Rig/bee_0408_2/bee_0408_2_rev_green_accident/cam1_2026-04-08_18-07-13.mp4,1590.5,1642.0,1334,1451,1847,1833,0.82014114
1152,/Volumes/SmithL0/2026/BIOL470/Final/Learning_Rig/bee_0408_2/bee_0408_2_rev_green_accident/cam1_2026-04-08_18-07-13.mp4,1590.0,1641.0,1333,1451,1847,1831,0.8189628
1153,/Volumes/SmithL0/2026/BIOL470/Final/Learning_Rig/bee_0408_2/bee_0408_2_rev_green_accident/cam1_2026-04-08_18-07-13.mp4,1591.0,1641.0,1335,1451,1847,1831,0.8211233
1154,/Volumes/SmithL0/2026/BIOL470/Final/Learning_Rig/bee_0408_2/bee_0408_2_rev_green_accident/cam1_2026-04-08_18-07-13.mp4,1590.0,1641.0,1332,1450,1848,1832,0.8189245
1155,/Volumes/SmithL0/2026/BIOL470/Final/Learning_Rig/bee_0408_2/bee_0408_2_rev_green_accident/cam1_2026-04-08_18-07-13.mp4,1590.0,1641.5,1332,1450,1848,1833,0.8140609
1156,/Volumes/SmithL0/2026/BIOL470/Final/Learning_Rig/bee_0408_2/bee_0408_2_rev_green_accident/cam1_2026-04-08_18-07-13.mp4,1590.5,1642.0,1333,1450,1848,1834,0.8145904
1157,/Volumes/SmithL0/2026/BIOL470/Final/Learning_Rig/bee_0408_2/bee_0408_2_rev_green_accident/cam1_2026-04-08_18-07-13.mp4,1590.5,1642.5,1333,1450,1848,1835,0.8161771
1158,/Volumes/SmithL0/2026/BIOL470/Final/Learning_Rig/bee_0408_2/bee_0408_2_rev_green_accident/cam1_2026-04-08_18-07-13.mp4,1589.5,1643.5,1332,1451,1847,1836,0.81601983
1159,/Volumes/SmithL0/2026/BIOL470/Final/Learning_Rig/bee_0408_2/bee_0408_2_rev_green_accident/cam1_2026-04-08_18-07-13.mp4,1589.5,1642.0,1331,1450,1848,1834,0.818151
1160,/Volumes/SmithL0/2026/BIOL470/Final/Learning_Rig/bee_0408_2/bee_0408_2_rev_green_accident/cam1_2026-04-08_18-07-13.mp4,1591.0,1642.5,1334,1450,1848,1835,0.81831527
1161,/Volumes/SmithL0/2026/BIOL470/Final/Learning_Rig/bee_0408_2/bee_0408_2_rev_green_accident/cam1_2026-04-08_18-07-13.mp4,1592.0,1642.0,1336,1450,1848,1834,0.8224946
1162,/Volumes/SmithL0/2026/BIOL470/Final/Learning_Rig/bee_0408_2/bee_0408_2_rev_green_accident/cam1_2026-04-08_18-07-13.mp4,1592.0,1643.0,1337,1450,1847,1836,0.82157516
1163,/Volumes/SmithL0/2026/BIOL470/Final/Learning_Rig/bee_0408_2/bee_0408_2_rev_green_accident/cam1_2026-04-08_18-07-13.mp4,1591.5,1644.5,1336,1451,1847,1838,0.81968623
1164,/Volumes/SmithL0/2026/BIOL470/Final/Learning_Rig/bee_0408_2/bee_0408_2_rev_green_accident/cam1_2026-04-08_18-07-13.mp4,1591.5,1643.5,1335,1451,1848,1836,0.8198105
1165,/Volumes/SmithL0/2026/BIOL470/Final/Learning_Rig/bee_0408_2/bee_0408_2_rev_green_accident/cam1_2026-04-08_18-07-13.mp4,1592.5,1643.0,1337,1450,1848,1836,0.82204634
1166,/Volumes/SmithL0/2026/BIOL470/Final/Learning_Rig/bee_0408_2/bee_0408_2_rev_green_accident/cam1_2026-04-08_18-07-13.mp4,1592.5,1643.0,1338,1451,1847,1835,0.8235793
1167,/Volumes/SmithL0/2026/BIOL470/Final/Learning_Rig/bee_0408_2/bee_0408_2_rev_green_accident/cam1_2026-04-08_18-07-13.mp4,1592.5,1645.0,1338,1451,1847,1839,0.8135525
1168,/Volumes/SmithL0/2026/BIOL470/Final/Learning_Rig/bee_0408_2/bee_0408_2_rev_green_accident/cam1_2026-04-08_18-07-13.mp4,1591.0,1644.0,1335,1451,1847,1837,0.82110155
1169,/Volumes/SmithL0/2026/BIOL470/Final/Learning_Rig/bee_0408_2/bee_0408_2_rev_green_accident/cam1_2026-04-08_18-07-13.mp4,1590.0,1643.0,1333,1451,1847,1835,0.8208223
1170,/Volumes/SmithL0/2026/BIOL470/Final/Learning_Rig/bee_0408_2/bee_0408_2_rev_green_accident/cam1_2026-04-08_18-07-13.mp4,1591.5,1643.0,1336,1451,1847,1835,0.8212152
1171,/Volumes/SmithL0/2026/BIOL470/Final/Learning_Rig/bee_0408_2/bee_0408_2_rev_green_accident/cam1_2026-04-08_18-07-13.mp4,1592.5,1644.0,1337,1451,1848,1837,0.819242
1172,/Volumes/SmithL0/2026/BIOL470/Final/Learning_Rig/bee_0408_2/bee_0408_2_rev_green_accident/cam1_2026-04-08_18-07-13.mp4,1592.5,1643.5,1338,1450,1847,1837,0.8239106
1173,/Volumes/SmithL0/2026/BIOL470/Final/Learning_Rig/bee_0408_2/bee_0408_2_rev_green_accident/cam1_2026-04-08_18-07-13.mp4,1592.5,1643.5,1338,1451,1847,1836,0.82454586
1174,/Volumes/SmithL0/2026/BIOL470/Final/Learning_Rig/bee_0408_2/bee_0408_2_rev_green_accident/cam1_2026-04-08_18-07-13.mp4,1592.5,1644.0,1338,1451,1847,1837,0.82578546
1175,/Volumes/SmithL0/2026/BIOL470/Final/Learning_Rig/bee_0408_2/bee_0408_2_rev_green_accident/cam1_2026-04-08_18-07-13.mp4,1592.5,1644.0,1338,1451,1847,1837,0.8216246
1176,/Volumes/SmithL0/2026/BIOL470/Final/Learning_Rig/bee_0408_2/bee_0408_2_rev_green_accident/cam1_2026-04-08_18-07-13.mp4,1593.0,1644.5,1339,1451,1847,1838,0.8232747
1177,/Volumes/SmithL0/2026/BIOL470/Final/Learning_Rig/bee_0408_2/bee_0408_2_rev_green_accident/cam1_2026-04-08_18-07-13.mp4,1592.5,1644.5,1338,1451,1847,1838,0.81952226
1178,/Volumes/SmithL0/2026/BIOL470/Final/Learning_Rig/bee_0408_2/bee_0408_2_rev_green_accident/cam1_2026-04-08_18-07-13.mp4,1592.0,1643.5,1337,1451,1847,1836,0.82031786
1179,/Volumes/SmithL0/2026/BIOL470/Final/Learning_Rig/bee_0408_2/bee_0408_2_rev_green_accident/cam1_2026-04-08_18-07-13.mp4,1591.5,1644.0,1336,1450,1847,1838,0.8131518
1180,/Volumes/SmithL0/2026/BIOL470/Final/Learning_Rig/bee_0408_2/bee_0408_2_rev_green_accident/cam1_2026-04-08_18-07-13.mp4,1593.5,1644.0,1340,1451,1847,1837,0.8188947
1181,/Volumes/SmithL0/2026/BIOL470/Final/Learning_Rig/bee_0408_2/bee_0408_2_rev_green_accident/cam1_2026-04-08_18-07-13.mp4,1591.0,1644.0,1335,1451,1847,1837,0.8184895
1182,/Volumes/SmithL0/2026/BIOL470/Final/Learning_Rig/bee_0408_2/bee_0408_2_rev_green_accident/cam1_2026-04-08_18-07-13.mp4,1592.0,1643.0,1337,1450,1847,1836,0.82041156
1183,/Volumes/SmithL0/2026/BIOL470/Final/Learning_Rig/bee_0408_2/bee_0408_2_rev_green_accident/cam1_2026-04-08_18-07-13.mp4,1591.0,1644.0,1336,1451,1846,1837,0.82216656
1184,/Volumes/SmithL0/2026/BIOL470/Final/Learning_Rig/bee_0408_2/bee_0408_2_rev_green_accident/cam1_2026-04-08_18-07-13.mp4,1587.5,1643.5,1333,1451,1842,1836,0.8214329
1185,/Volumes/SmithL0/2026/BIOL470/Final/Learning_Rig/bee_0408_2/bee_0408_2_rev_green_accident/cam1_2026-04-08_18-07-13.mp4,1589.0,1644.0,1335,1452,1843,1836,0.8218326
1186,/Volumes/SmithL0/2026/BIOL470/Final/Learning_Rig/bee_0408_2/bee_0408_2_rev_green_accident/cam1_2026-04-08_18-07-13.mp4,1588.5,1644.5,1335,1452,1842,1837,0.81825376
1187,/Volumes/SmithL0/2026/BIOL470/Final/Learning_Rig/bee_0408_2/bee_0408_2_rev_green_accident/cam1_2026-04-08_18-07-13.mp4,1589.0,1645.0,1335,1452,1843,1838,0.8195308
1188,/Volumes/SmithL0/2026/BIOL470/Final/Learning_Rig/bee_0408_2/bee_0408_2_rev_green_accident/cam1_2026-04-08_18-07-13.mp4,1588.5,1646.5,1334,1452,1843,1841,0.81554437
1189,/Volumes/SmithL0/2026/BIOL470/Final/Learning_Rig/bee_0408_2/bee_0408_2_rev_green_accident/cam1_2026-04-08_18-07-13.mp4,1589.5,1646.5,1336,1452,1843,1841,0.8170365
1190,/Volumes/SmithL0/2026/BIOL470/Final/Learning_Rig/bee_0408_2/bee_0408_2_rev_green_accident/cam1_2026-04-08_18-07-13.mp4,1590.0,1645.5,1336,1451,1844,1840,0.82102704
1191,/Volumes/SmithL0/2026/BIOL470/Final/Learning_Rig/bee_0408_2/bee_0408_2_rev_green_accident/cam1_2026-04-08_18-07-13.mp4,1591.0,1646.0,1338,1452,1844,1840,0.81791705
1192,/Volumes/SmithL0/2026/BIOL470/Final/Learning_Rig/bee_0408_2/bee_0408_2_rev_green_accident/cam1_2026-04-08_18-07-13.mp4,1591.0,1645.5,1338,1452,1844,1839,0.8181689
1193,/Volumes/SmithL0/2026/BIOL470/Final/Learning_Rig/bee_0408_2/bee_0408_2_rev_green_accident/cam1_2026-04-08_18-07-13.mp4,1591.0,1645.5,1338,1452,1844,1839,0.8193932
1194,/Volumes/SmithL0/2026/BIOL470/Final/Learning_Rig/bee_0408_2/bee_0408_2_rev_green_accident/cam1_2026-04-08_18-07-13.mp4,1591.0,1645.5,1339,1452,1843,1839,0.8168549
1195,/Volumes/SmithL0/2026/BIOL470/Final/Learning_Rig/bee_0408_2/bee_0408_2_rev_green_accident/cam1_2026-04-08_18-07-13.mp4,1591.0,1645.0,1339,1452,1843,1838,0.81719565
1196,/Volumes/SmithL0/2026/BIOL470/Final/Learning_Rig/bee_0408_2/bee_0408_2_rev_green_accident/cam1_2026-04-08_18-07-13.mp4,1591.0,1646.0,1339,1453,1843,1839,0.8136195
1197,/Volumes/SmithL0/2026/BIOL470/Final/Learning_Rig/bee_0408_2/bee_0408_2_rev_green_accident/cam1_2026-04-08_18-07-13.mp4,1590.0,1646.5,1337,1453,1843,1840,0.8175912
1198,/Volumes/SmithL0/2026/BIOL470/Final/Learning_Rig/bee_0408_2/bee_0408_2_rev_green_accident/cam1_2026-04-08_18-07-13.mp4,1589.5,1645.5,1335,1453,1844,1838,0.8170393
1199,/Volumes/SmithL0/2026/BIOL470/Final/Learning_Rig/bee_0408_2/bee_0408_2_rev_green_accident/cam1_2026-04-08_18-07-13.mp4,1589.0,1647.5,1334,1453,1844,1842,0.81649506
1200,/Volumes/SmithL0/2026/BIOL470/Final/Learning_Rig/bee_0408_2/bee_0408_2_rev_green_accident/cam1_2026-04-08_18-07-13.mp4,1590.0,1647.0,1336,1453,1844,1841,0.81729203
1201,/Volumes/SmithL0/2026/BIOL470/Final/Learning_Rig/bee_0408_2/bee_0408_2_rev_green_accident/cam1_2026-04-08_18-07-13.mp4,1590.0,1647.0,1338,1453,1842,1841,0.81849027
1202,/Volumes/SmithL0/2026/BIOL470/Final/Learning_Rig/bee_0408_2/bee_0408_2_rev_green_accident/cam1_2026-04-08_18-07-13.mp4,1589.5,1646.5,1335,1452,1844,1841,0.81775266
1203,/Volumes/SmithL0/2026/BIOL470/Final/Learning_Rig/bee_0408_2/bee_0408_2_rev_green_accident/cam1_2026-04-08_18-07-13.mp4,1591.5,1646.5,1339,1452,1844,1841,0.8189049
1204,/Volumes/SmithL0/2026/BIOL470/Final/Learning_Rig/bee_0408_2/bee_0408_2_rev_green_accident/cam1_2026-04-08_18-07-13.mp4,1590.0,1646.0,1337,1452,1843,1840,0.8176193
1205,/Volumes/SmithL0/2026/BIOL470/Final/Learning_Rig/bee_0408_2/bee_0408_2_rev_green_accident/cam1_2026-04-08_18-07-13.mp4,1590.0,1647.0,1336,1452,1844,1842,0.8160509
1206,/Volumes/SmithL0/2026/BIOL470/Final/Learning_Rig/bee_0408_2/bee_0408_2_rev_green_accident/cam1_2026-04-08_18-07-13.mp4,1588.5,1647.0,1334,1453,1843,1841,0.81565493
1207,/Volumes/SmithL0/2026/BIOL470/Final/Learning_Rig/bee_0408_2/bee_0408_2_rev_green_accident/cam1_2026-04-08_18-07-13.mp4,1590.5,1647.0,1337,1452,1844,1842,0.8185557
1208,/Volumes/SmithL0/2026/BIOL470/Final/Learning_Rig/bee_0408_2/bee_0408_2_rev_green_accident/cam1_2026-04-08_18-07-13.mp4,1590.5,1646.5,1337,1453,1844,1840,0.8196139
1209,/Volumes/SmithL0/2026/BIOL470/Final/Learning_Rig/bee_0408_2/bee_0408_2_rev_green_accident/cam1_2026-04-08_18-07-13.mp4,1590.5,1646.5,1337,1452,1844,1841,0.81878096
1210,/Volumes/SmithL0/2026/BIOL470/Final/Learning_Rig/bee_0408_2/bee_0408_2_rev_green_accident/cam1_2026-04-08_18-07-13.mp4,1589.0,1646.0,1334,1452,1844,1840,0.8169268
1211,/Volumes/SmithL0/2026/BIOL470/Final/Learning_Rig/bee_0408_2/bee_0408_2_rev_green_accident/cam1_2026-04-08_18-07-13.mp4,1590.0,1646.0,1336,1453,1844,1839,0.8193337
1212,/Volumes/SmithL0/2026/BIOL470/Final/Learning_Rig/bee_0408_2/bee_0408_2_rev_green_accident/cam1_2026-04-08_18-07-13.mp4,1591.0,1646.0,1338,1453,1844,1839,0.8206635
1213,/Volumes/SmithL0/2026/BIOL470/Final/Learning_Rig/bee_0408_2/bee_0408_2_rev_green_accident/cam1_2026-04-08_18-07-13.mp4,1590.5,1646.5,1337,1452,1844,1841,0.816779
1214,/Volumes/SmithL0/2026/BIOL470/Final/Learning_Rig/bee_0408_2/bee_0408_2_rev_green_accident/cam1_2026-04-08_18-07-13.mp4,1589.5,1647.0,1334,1453,1845,1841,0.8136488
1215,/Volumes/SmithL0/2026/BIOL470/Final/Learning_Rig/bee_0408_2/bee_0408_2_rev_green_accident/cam1_2026-04-08_18-07-13.mp4,1590.5,1647.5,1336,1453,1845,1842,0.8173983
1216,/Volumes/SmithL0/2026/BIOL470/Final/Learning_Rig/bee_0408_2/bee_0408_2_rev_green_accident/cam1_2026-04-08_18-07-13.mp4,1588.5,1646.5,1333,1453,1844,1840,0.814296
1217,/Volumes/SmithL0/2026/BIOL470/Final/Learning_Rig/bee_0408_2/bee_0408_2_rev_green_accident/cam1_2026-04-08_18-07-13.mp4,1589.5,1645.5,1335,1453,1844,1838,0.81815326
1218,/Volumes/SmithL0/2026/BIOL470/Final/Learning_Rig/bee_0408_2/bee_0408_2_rev_green_accident/cam1_2026-04-08_18-07-13.mp4,1590.5,1643.5,1338,1452,1843,1835,0.8218843
1219,/Volumes/SmithL0/2026/BIOL470/Final/Learning_Rig/bee_0408_2/bee_0408_2_rev_green_accident/cam1_2026-04-08_18-07-13.mp4,1591.0,1644.5,1338,1453,1844,1836,0.82042694
1220,/Volumes/SmithL0/2026/BIOL470/Final/Learning_Rig/bee_0408_2/bee_0408_2_rev_green_accident/cam1_2026-04-08_18-07-13.mp4,1591.0,1644.5,1338,1453,1844,1836,0.8199231
1221,/Volumes/SmithL0/2026/BIOL470/Final/Learning_Rig/bee_0408_2/bee_0408_2_rev_green_accident/cam1_2026-04-08_18-07-13.mp4,1590.5,1645.0,1337,1453,1844,1837,0.8217274
1222,/Volumes/SmithL0/2026/BIOL470/Final/Learning_Rig/bee_0408_2/bee_0408_2_rev_green_accident/cam1_2026-04-08_18-07-13.mp4,1590.0,1645.0,1336,1453,1844,1837,0.819041
1223,/Volumes/SmithL0/2026/BIOL470/Final/Learning_Rig/bee_0408_2/bee_0408_2_rev_green_accident/cam1_2026-04-08_18-07-13.mp4,1590.5,1645.0,1336,1453,1845,1837,0.81850076
1224,/Volumes/SmithL0/2026/BIOL470/Final/Learning_Rig/bee_0408_2/bee_0408_2_rev_green_accident/cam1_2026-04-08_18-07-13.mp4,1589.5,1646.0,1335,1453,1844,1839,0.81917787
1225,/Volumes/SmithL0/2026/BIOL470/Final/Learning_Rig/bee_0408_2/bee_0408_2_rev_green_accident/cam1_2026-04-08_18-07-13.mp4,1590.0,1645.5,1336,1453,1844,1838,0.8177048
1226,/Volumes/SmithL0/2026/BIOL470/Final/Learning_Rig/bee_0408_2/bee_0408_2_rev_green_accident/cam1_2026-04-08_18-07-13.mp4,1590.5,1644.5,1336,1452,1845,1837,0.82158434
1227,/Volumes/SmithL0/2026/BIOL470/Final/Learning_Rig/bee_0408_2/bee_0408_2_rev_green_accident/cam1_2026-04-08_18-07-13.mp4,1590.5,1645.5,1336,1453,1845,1838,0.82312053
1228,/Volumes/SmithL0/2026/BIOL470/Final/Learning_Rig/bee_0408_2/bee_0408_2_rev_green_accident/cam1_2026-04-08_18-07-13.mp4,1590.5,1645.0,1336,1453,1845,1837,0.82254636
1229,/Volumes/SmithL0/2026/BIOL470/Final/Learning_Rig/bee_0408_2/bee_0408_2_rev_green_accident/cam1_2026-04-08_18-07-13.mp4,1590.5,1646.0,1335,1453,1846,1839,0.82143295
1230,/Volumes/SmithL0/2026/BIOL470/Final/Learning_Rig/bee_0408_2/bee_0408_2_rev_green_accident/cam1_2026-04-08_18-07-13.mp4,1590.5,1646.0,1336,1452,1845,1840,0.8194599
1231,/Volumes/SmithL0/2026/BIOL470/Final/Learning_Rig/bee_0408_2/bee_0408_2_rev_green_accident/cam1_2026-04-08_18-07-13.mp4,1591.5,1646.0,1337,1453,1846,1839,0.81962776
1232,/Volumes/SmithL0/2026/BIOL470/Final/Learning_Rig/bee_0408_2/bee_0408_2_rev_green_accident/cam1_2026-04-08_18-07-13.mp4,1591.5,1646.0,1337,1453,1846,1839,0.82081944
1233,/Volumes/SmithL0/2026/BIOL470/Final/Learning_Rig/bee_0408_2/bee_0408_2_rev_green_accident/cam1_2026-04-08_18-07-13.mp4,1592.0,1646.5,1338,1453,1846,1840,0.81811744
1234,/Volumes/SmithL0/2026/BIOL470/Final/Learning_Rig/bee_0408_2/bee_0408_2_rev_green_accident/cam1_2026-04-08_18-07-13.mp4,1590.5,1647.0,1336,1453,1845,1841,0.81987685
1235,/Volumes/SmithL0/2026/BIOL470/Final/Learning_Rig/bee_0408_2/bee_0408_2_rev_green_accident/cam1_2026-04-08_18-07-13.mp4,1590.5,1647.5,1336,1453,1845,1842,0.8178051
1236,/Volumes/SmithL0/2026/BIOL470/Final/Learning_Rig/bee_0408_2/bee_0408_2_rev_green_accident/cam1_2026-04-08_18-07-13.mp4,1590.5,1646.5,1336,1453,1845,1840,0.81905013
1237,/Volumes/SmithL0/2026/BIOL470/Final/Learning_Rig/bee_0408_2/bee_0408_2_rev_green_accident/cam1_2026-04-08_18-07-13.mp4,1590.5,1646.5,1336,1453,1845,1840,0.8192738
1238,/Volumes/SmithL0/2026/BIOL470/Final/Learning_Rig/bee_0408_2/bee_0408_2_rev_green_accident/cam1_2026-04-08_18-07-13.mp4,1589.0,1646.5,1333,1453,1845,1840,0.81886774
1239,/Volumes/SmithL0/2026/BIOL470/Final/Learning_Rig/bee_0408_2/bee_0408_2_rev_green_accident/cam1_2026-04-08_18-07-13.mp4,1591.5,1645.0,1337,1453,1846,1837,0.8212012
1240,/Volumes/SmithL0/2026/BIOL470/Final/Learning_Rig/bee_0408_2/bee_0408_2_rev_green_accident/cam1_2026-04-08_18-07-13.mp4,1591.5,1646.0,1337,1453,1846,1839,0.8190004
1241,/Volumes/SmithL0/2026/BIOL470/Final/Learning_Rig/bee_0408_2/bee_0408_2_rev_green_accident/cam1_2026-04-08_18-07-13.mp4,1592.0,1645.0,1339,1453,1845,1837,0.8211008
1242,/Volumes/SmithL0/2026/BIOL470/Final/Learning_Rig/bee_0408_2/bee_0408_2_rev_green_accident/cam1_2026-04-08_18-07-13.mp4,1593.0,1645.0,1340,1453,1846,1837,0.82483053
1243,/Volumes/SmithL0/2026/BIOL470/Final/Learning_Rig/bee_0408_2/bee_0408_2_rev_green_accident/cam1_2026-04-08_18-07-13.mp4,1591.5,1644.0,1337,1452,1846,1836,0.8218231
1244,/Volumes/SmithL0/2026/BIOL470/Final/Learning_Rig/bee_0408_2/bee_0408_2_rev_green_accident/cam1_2026-04-08_18-07-13.mp4,1592.0,1645.0,1338,1452,1846,1838,0.82353306
1245,/Volumes/SmithL0/2026/BIOL470/Final/Learning_Rig/bee_0408_2/bee_0408_2_rev_green_accident/cam1_2026-04-08_18-07-13.mp4,1591.5,1644.5,1337,1452,1846,1837,0.82585984
1246,/Volumes/SmithL0/2026/BIOL470/Final/Learning_Rig/bee_0408_2/bee_0408_2_rev_green_accident/cam1_2026-04-08_18-07-13.mp4,1592.5,1645.5,1339,1452,1846,1839,0.82433236
1247,/Volumes/SmithL0/2026/BIOL470/Final/Learning_Rig/bee_0408_2/bee_0408_2_rev_green_accident/cam1_2026-04-08_18-07-13.mp4,1592.0,1645.5,1338,1453,1846,1838,0.8207251
1248,/Volumes/SmithL0/2026/BIOL470/Final/Learning_Rig/bee_0408_2/bee_0408_2_rev_green_accident/cam1_2026-04-08_18-07-13.mp4,1591.0,1646.5,1335,1452,1847,1841,0.81724876
1249,/Volumes/SmithL0/2026/BIOL470/Final/Learning_Rig/bee_0408_2/bee_0408_2_rev_green_accident/cam1_2026-04-08_18-07-13.mp4,1591.0,1644.5,1336,1452,1846,1837,0.82020766
1250,/Volumes/SmithL0/2026/BIOL470/Final/Learning_Rig/bee_0408_2/bee_0408_2_rev_green_accident/cam1_2026-04-08_18-07-13.mp4,1589.5,1645.5,1333,1452,1846,1839,0.81690294
1251,/Volumes/SmithL0/2026/BIOL470/Final/Learning_Rig/bee_0408_2/bee_0408_2_rev_green_accident/cam1_2026-04-08_18-07-13.mp4,1589.0,1646.5,1333,1452,1845,1841,0.815526
1252,/Volumes/SmithL0/2026/BIOL470/Final/Learning_Rig/bee_0408_2/bee_0408_2_rev_green_accident/cam1_2026-04-08_18-07-13.mp4,1590.0,1645.5,1335,1452,1845,1839,0.81918776
1253,/Volumes/SmithL0/2026/BIOL470/Final/Learning_Rig/bee_0408_2/bee_0408_2_rev_green_accident/cam1_2026-04-08_18-07-13.mp4,1590.5,1646.0,1336,1453,1845,1839,0.81519186
1254,/Volumes/SmithL0/2026/BIOL470/Final/Learning_Rig/bee_0408_2/bee_0408_2_rev_green_accident/cam1_2026-04-08_18-07-13.mp4,1591.0,1645.5,1336,1452,1846,1839,0.81794745
1255,/Volumes/SmithL0/2026/BIOL470/Final/Learning_Rig/bee_0408_2/bee_0408_2_rev_green_accident/cam1_2026-04-08_18-07-13.mp4,1592.0,1647.0,1338,1453,1846,1841,0.81574994
1256,/Volumes/SmithL0/2026/BIOL470/Final/Learning_Rig/bee_0408_2/bee_0408_2_rev_green_accident/cam1_2026-04-08_18-07-13.mp4,1592.5,1645.5,1340,1452,1845,1839,0.81549555
1257,/Volumes/SmithL0/2026/BIOL470/Final/Learning_Rig/bee_0408_2/bee_0408_2_rev_green_accident/cam1_2026-04-08_18-07-13.mp4,1592.5,1645.0,1339,1452,1846,1838,0.817102
1258,/Volumes/SmithL0/2026/BIOL470/Final/Learning_Rig/bee_0408_2/bee_0408_2_rev_green_accident/cam1_2026-04-08_18-07-13.mp4,1594.0,1645.5,1342,1452,1846,1839,0.8166019
1259,/Volumes/SmithL0/2026/BIOL470/Final/Learning_Rig/bee_0408_2/bee_0408_2_rev_green_accident/cam1_2026-04-08_18-07-13.mp4,1593.0,1645.0,1340,1451,1846,1839,0.81891674
1260,/Volumes/SmithL0/2026/BIOL470/Final/Learning_Rig/bee_0408_2/bee_0408_2_rev_green_accident/cam1_2026-04-08_18-07-13.mp4,1593.5,1645.5,1341,1452,1846,1839,0.82471806
1261,/Volumes/SmithL0/2026/BIOL470/Final/Learning_Rig/bee_0408_2/bee_0408_2_rev_green_accident/cam1_2026-04-08_18-07-13.mp4,1594.5,1645.5,1341,1453,1848,1838,0.8260647
1262,/Volumes/SmithL0/2026/BIOL470/Final/Learning_Rig/bee_0408_2/bee_0408_2_rev_green_accident/cam1_2026-04-08_18-07-13.mp4,1593.5,1645.0,1340,1452,1847,1838,0.82267064
1263,/Volumes/SmithL0/2026/BIOL470/Final/Learning_Rig/bee_0408_2/bee_0408_2_rev_green_accident/cam1_2026-04-08_18-07-13.mp4,1593.5,1645.0,1340,1452,1847,1838,0.8238361
1264,/Volumes/SmithL0/2026/BIOL470/Final/Learning_Rig/bee_0408_2/bee_0408_2_rev_green_accident/cam1_2026-04-08_18-07-13.mp4,1593.5,1645.5,1340,1452,1847,1839,0.82398933
1265,/Volumes/SmithL0/2026/BIOL470/Final/Learning_Rig/bee_0408_2/bee_0408_2_rev_green_accident/cam1_2026-04-08_18-07-13.mp4,1594.0,1646.0,1341,1452,1847,1840,0.8236002
1266,/Volumes/SmithL0/2026/BIOL470/Final/Learning_Rig/bee_0408_2/bee_0408_2_rev_green_accident/cam1_2026-04-08_18-07-13.mp4,1593.0,1647.5,1340,1453,1846,1842,0.8200774
1267,/Volumes/SmithL0/2026/BIOL470/Final/Learning_Rig/bee_0408_2/bee_0408_2_rev_green_accident/cam1_2026-04-08_18-07-13.mp4,1593.0,1646.0,1340,1452,1846,1840,0.82251465
1268,/Volumes/SmithL0/2026/BIOL470/Final/Learning_Rig/bee_0408_2/bee_0408_2_rev_green_accident/cam1_2026-04-08_18-07-13.mp4,1593.5,1646.0,1341,1452,1846,1840,0.8224739
1269,/Volumes/SmithL0/2026/BIOL470/Final/Learning_Rig/bee_0408_2/bee_0408_2_rev_green_accident/cam1_2026-04-08_18-07-13.mp4,1594.5,1645.0,1342,1452,1847,1838,0.8272116
1270,/Volumes/SmithL0/2026/BIOL470/Final/Learning_Rig/bee_0408_2/bee_0408_2_rev_green_accident/cam1_2026-04-08_18-07-13.mp4,1594.0,1645.5,1341,1452,1847,1839,0.8254169
1271,/Volumes/SmithL0/2026/BIOL470/Final/Learning_Rig/bee_0408_2/bee_0408_2_rev_green_accident/cam1_2026-04-08_18-07-13.mp4,1593.0,1645.0,1339,1451,1847,1839,0.8222598
1272,/Volumes/SmithL0/2026/BIOL470/Final/Learning_Rig/bee_0408_2/bee_0408_2_rev_green_accident/cam1_2026-04-08_18-07-13.mp4,1594.0,1646.0,1341,1453,1847,1839,0.8208947
1273,/Volumes/SmithL0/2026/BIOL470/Final/Learning_Rig/bee_0408_2/bee_0408_2_rev_green_accident/cam1_2026-04-08_18-07-13.mp4,1594.5,1646.5,1341,1453,1848,1840,0.822714
1274,/Volumes/SmithL0/2026/BIOL470/Final/Learning_Rig/bee_0408_2/bee_0408_2_rev_green_accident/cam1_2026-04-08_18-07-13.mp4,1594.5,1646.5,1341,1453,1848,1840,0.8196445
1275,/Volumes/SmithL0/2026/BIOL470/Final/Learning_Rig/bee_0408_2/bee_0408_2_rev_green_accident/cam1_2026-04-08_18-07-13.mp4,1594.5,1646.5,1341,1453,1848,1840,0.81995344
1276,/Volumes/SmithL0/2026/BIOL470/Final/Learning_Rig/bee_0408_2/bee_0408_2_rev_green_accident/cam1_2026-04-08_18-07-13.mp4,1594.0,1646.0,1340,1453,1848,1839,0.819801
1277,/Volumes/SmithL0/2026/BIOL470/Final/Learning_Rig/bee_0408_2/bee_0408_2_rev_green_accident/cam1_2026-04-08_18-07-13.mp4,1594.0,1646.5,1340,1453,1848,1840,0.8215622
1278,/Volumes/SmithL0/2026/BIOL470/Final/Learning_Rig/bee_0408_2/bee_0408_2_rev_green_accident/cam1_2026-04-08_18-07-13.mp4,1594.0,1645.5,1341,1452,1847,1839,0.82293576
1279,/Volumes/SmithL0/2026/BIOL470/Final/Learning_Rig/bee_0408_2/bee_0408_2_rev_green_accident/cam1_2026-04-08_18-07-13.mp4,1594.5,1646.0,1341,1452,1848,1840,0.82152146
1280,/Volumes/SmithL0/2026/BIOL470/Final/Learning_Rig/bee_0408_2/bee_0408_2_rev_green_accident/cam1_2026-04-08_18-07-13.mp4,1594.5,1647.0,1341,1453,1848,1841,0.82268274
1281,/Volumes/SmithL0/2026/BIOL470/Final/Learning_Rig/bee_0408_2/bee_0408_2_rev_green_accident/cam1_2026-04-08_18-07-13.mp4,1594.5,1647.0,1342,1453,1847,1841,0.81943864
1282,/Volumes/SmithL0/2026/BIOL470/Final/Learning_Rig/bee_0408_2/bee_0408_2_rev_green_accident/cam1_2026-04-08_18-07-13.mp4,1595.0,1647.0,1342,1453,1848,1841,0.8218493
1283,/Volumes/SmithL0/2026/BIOL470/Final/Learning_Rig/bee_0408_2/bee_0408_2_rev_green_accident/cam1_2026-04-08_18-07-13.mp4,1594.5,1647.0,1341,1453,1848,1841,0.8203058
1284,/Volumes/SmithL0/2026/BIOL470/Final/Learning_Rig/bee_0408_2/bee_0408_2_rev_green_accident/cam1_2026-04-08_18-07-13.mp4,1594.0,1646.5,1340,1452,1848,1841,0.820471
1285,/Volumes/SmithL0/2026/BIOL470/Final/Learning_Rig/bee_0408_2/bee_0408_2_rev_green_accident/cam1_2026-04-08_18-07-13.mp4,1594.5,1646.5,1341,1452,1848,1841,0.82098156
1286,/Volumes/SmithL0/2026/BIOL470/Final/Learning_Rig/bee_0408_2/bee_0408_2_rev_green_accident/cam1_2026-04-08_18-07-13.mp4,1594.0,1645.5,1340,1452,1848,1839,0.8259201
1287,/Volumes/SmithL0/2026/BIOL470/Final/Learning_Rig/bee_0408_2/bee_0408_2_rev_green_accident/cam1_2026-04-08_18-07-13.mp4,1594.5,1646.0,1341,1452,1848,1840,0.82374436
1288,/Volumes/SmithL0/2026/BIOL470/Final/Learning_Rig/bee_0408_2/bee_0408_2_rev_green_accident/cam1_2026-04-08_18-07-13.mp4,1593.0,1646.0,1339,1452,1847,1840,0.82369864
1289,/Volumes/SmithL0/2026/BIOL470/Final/Learning_Rig/bee_0408_2/bee_0408_2_rev_green_accident/cam1_2026-04-08_18-07-13.mp4,1593.5,1646.0,1341,1452,1846,1840,0.8196512
1290,/Volumes/SmithL0/2026/BIOL470/Final/Learning_Rig/bee_0408_2/bee_0408_2_rev_green_accident/cam1_2026-04-08_18-07-13.mp4,1594.0,1646.0,1342,1452,1846,1840,0.82213485
1291,/Volumes/SmithL0/2026/BIOL470/Final/Learning_Rig/bee_0408_2/bee_0408_2_rev_green_accident/cam1_2026-04-08_18-07-13.mp4,1595.0,1646.0,1342,1453,1848,1839,0.8186336
1292,/Volumes/SmithL0/2026/BIOL470/Final/Learning_Rig/bee_0408_2/bee_0408_2_rev_green_accident/cam1_2026-04-08_18-07-13.mp4,1595.0,1646.0,1342,1453,1848,1839,0.8205087
1293,/Volumes/SmithL0/2026/BIOL470/Final/Learning_Rig/bee_0408_2/bee_0408_2_rev_green_accident/cam1_2026-04-08_18-07-13.mp4,1594.5,1645.5,1341,1452,1848,1839,0.821647
1294,/Volumes/SmithL0/2026/BIOL470/Final/Learning_Rig/bee_0408_2/bee_0408_2_rev_green_accident/cam1_2026-04-08_18-07-13.mp4,1593.5,1645.0,1339,1451,1848,1839,0.82024306
1295,/Volumes/SmithL0/2026/BIOL470/Final/Learning_Rig/bee_0408_2/bee_0408_2_rev_green_accident/cam1_2026-04-08_18-07-13.mp4,1594.0,1645.5,1339,1451,1849,1840,0.81849927
1296,/Volumes/SmithL0/2026/BIOL470/Final/Learning_Rig/bee_0408_2/bee_0408_2_rev_green_accident/cam1_2026-04-08_18-07-13.mp4,1594.0,1646.0,1339,1452,1849,1840,0.82111317
1297,/Volumes/SmithL0/2026/BIOL470/Final/Learning_Rig/bee_0408_2/bee_0408_2_rev_green_accident/cam1_2026-04-08_18-07-13.mp4,1594.0,1645.5,1339,1452,1849,1839,0.8232273
1298,/Volumes/SmithL0/2026/BIOL470/Final/Learning_Rig/bee_0408_2/bee_0408_2_rev_green_accident/cam1_2026-04-08_18-07-13.mp4,1593.5,1646.0,1338,1452,1849,1840,0.8218877
1299,/Volumes/SmithL0/2026/BIOL470/Final/Learning_Rig/bee_0408_2/bee_0408_2_rev_green_accident/cam1_2026-04-08_18-07-13.mp4,1594.0,1645.0,1340,1452,1848,1838,0.82281363
1300,/Volumes/SmithL0/2026/BIOL470/Final/Learning_Rig/bee_0408_2/bee_0408_2_rev_green_accident/cam1_2026-04-08_18-07-13.mp4,1594.5,1645.5,1342,1452,1847,1839,0.81617093
1301,/Volumes/SmithL0/2026/BIOL470/Final/Learning_Rig/bee_0408_2/bee_0408_2_rev_green_accident/cam1_2026-04-08_18-07-13.mp4,1594.0,1645.0,1340,1451,1848,1839,0.8250625
1302,/Volumes/SmithL0/2026/BIOL470/Final/Learning_Rig/bee_0408_2/bee_0408_2_rev_green_accident/cam1_2026-04-08_18-07-13.mp4,1594.5,1645.5,1341,1452,1848,1839,0.8268935
1303,/Volumes/SmithL0/2026/BIOL470/Final/Learning_Rig/bee_0408_2/bee_0408_2_rev_green_accident/cam1_2026-04-08_18-07-13.mp4,1595.0,1646.0,1341,1452,1849,1840,0.82655805
1304,/Volumes/SmithL0/2026/BIOL470/Final/Learning_Rig/bee_0408_2/bee_0408_2_rev_green_accident/cam1_2026-04-08_18-07-13.mp4,1594.5,1646.5,1341,1452,1848,1841,0.82298875
1305,/Volumes/SmithL0/2026/BIOL470/Final/Learning_Rig/bee_0408_2/bee_0408_2_rev_green_accident/cam1_2026-04-08_18-07-13.mp4,1594.0,1646.5,1344,1452,1844,1841,0.8230851
1306,/Volumes/SmithL0/2026/BIOL470/Final/Learning_Rig/bee_0408_2/bee_0408_2_rev_green_accident/cam1_2026-04-08_18-07-13.mp4,1594.5,1646.0,1343,1452,1846,1840,0.82338804
1307,/Volumes/SmithL0/2026/BIOL470/Final/Learning_Rig/bee_0408_2/bee_0408_2_rev_green_accident/cam1_2026-04-08_18-07-13.mp4,1594.5,1646.0,1343,1452,1846,1840,0.8261773
1308,/Volumes/SmithL0/2026/BIOL470/Final/Learning_Rig/bee_0408_2/bee_0408_2_rev_green_accident/cam1_2026-04-08_18-07-13.mp4,1593.0,1646.5,1342,1452,1844,1841,0.8208738
1309,/Volumes/SmithL0/2026/BIOL470/Final/Learning_Rig/bee_0408_2/bee_0408_2_rev_green_accident/cam1_2026-04-08_18-07-13.mp4,1594.0,1646.0,1342,1452,1846,1840,0.8214544
1310,/Volumes/SmithL0/2026/BIOL470/Final/Learning_Rig/bee_0408_2/bee_0408_2_rev_green_accident/cam1_2026-04-08_18-07-13.mp4,1595.0,1645.5,1343,1451,1847,1840,0.81887037
1311,/Volumes/SmithL0/2026/BIOL470/Final/Learning_Rig/bee_0408_2/bee_0408_2_rev_green_accident/cam1_2026-04-08_18-07-13.mp4,1594.5,1646.0,1343,1452,1846,1840,0.8203694
1312,/Volumes/SmithL0/2026/BIOL470/Final/Learning_Rig/bee_0408_2/bee_0408_2_rev_green_accident/cam1_2026-04-08_18-07-13.mp4,1594.0,1645.0,1341,1451,1847,1839,0.8212098
1313,/Volumes/SmithL0/2026/BIOL470/Final/Learning_Rig/bee_0408_2/bee_0408_2_rev_green_accident/cam1_2026-04-08_18-07-13.mp4,1594.5,1645.0,1342,1451,1847,1839,0.82321787
1314,/Volumes/SmithL0/2026/BIOL470/Final/Learning_Rig/bee_0408_2/bee_0408_2_rev_green_accident/cam1_2026-04-08_18-07-13.mp4,1593.5,1645.5,1340,1452,1847,1839,0.8220537
1315,/Volumes/SmithL0/2026/BIOL470/Final/Learning_Rig/bee_0408_2/bee_0408_2_rev_green_accident/cam1_2026-04-08_18-07-13.mp4,1594.5,1646.5,1342,1452,1847,1841,0.82083327
1316,/Volumes/SmithL0/2026/BIOL470/Final/Learning_Rig/bee_0408_2/bee_0408_2_rev_green_accident/cam1_2026-04-08_18-07-13.mp4,1594.5,1647.0,1342,1452,1847,1842,0.8164555
1317,/Volumes/SmithL0/2026/BIOL470/Final/Learning_Rig/bee_0408_2/bee_0408_2_rev_green_accident/cam1_2026-04-08_18-07-13.mp4,1594.0,1646.5,1342,1451,1846,1842,0.8214486
1318,/Volumes/SmithL0/2026/BIOL470/Final/Learning_Rig/bee_0408_2/bee_0408_2_rev_green_accident/cam1_2026-04-08_18-07-13.mp4,1594.5,1647.0,1342,1452,1847,1842,0.8211756
1319,/Volumes/SmithL0/2026/BIOL470/Final/Learning_Rig/bee_0408_2/bee_0408_2_rev_green_accident/cam1_2026-04-08_18-07-13.mp4,1594.5,1646.5,1342,1452,1847,1841,0.8228086
1320,/Volumes/SmithL0/2026/BIOL470/Final/Learning_Rig/bee_0408_2/bee_0408_2_rev_green_accident/cam1_2026-04-08_18-07-13.mp4,1593.0,1646.5,1340,1452,1846,1841,0.8194947
1321,/Volumes/SmithL0/2026/BIOL470/Final/Learning_Rig/bee_0408_2/bee_0408_2_rev_green_accident/cam1_2026-04-08_18-07-13.mp4,1593.5,1647.0,1340,1452,1847,1842,0.82178766
1322,/Volumes/SmithL0/2026/BIOL470/Final/Learning_Rig/bee_0408_2/bee_0408_2_rev_green_accident/cam1_2026-04-08_18-07-13.mp4,1594.0,1646.5,1342,1452,1846,1841,0.821029
1323,/Volumes/SmithL0/2026/BIOL470/Final/Learning_Rig/bee_0408_2/bee_0408_2_rev_green_accident/cam1_2026-04-08_18-07-13.mp4,1594.0,1646.5,1342,1452,1846,1841,0.8218232
1324,/Volumes/SmithL0/2026/BIOL470/Final/Learning_Rig/bee_0408_2/bee_0408_2_rev_green_accident/cam1_2026-04-08_18-07-13.mp4,1592.5,1646.0,1339,1452,1846,1840,0.82069266
1325,/Volumes/SmithL0/2026/BIOL470/Final/Learning_Rig/bee_0408_2/bee_0408_2_rev_green_accident/cam1_2026-04-08_18-07-13.mp4,1593.0,1646.0,1340,1452,1846,1840,0.81867516
1326,/Volumes/SmithL0/2026/BIOL470/Final/Learning_Rig/bee_0408_2/bee_0408_2_rev_green_accident/cam1_2026-04-08_18-07-13.mp4,1593.0,1646.0,1339,1452,1847,1840,0.81713855
1327,/Volumes/SmithL0/2026/BIOL470/Final/Learning_Rig/bee_0408_2/bee_0408_2_rev_green_accident/cam1_2026-04-08_18-07-13.mp4,1595.0,1645.5,1343,1452,1847,1839,0.81974137
1328,/Volumes/SmithL0/2026/BIOL470/Final/Learning_Rig/bee_0408_2/bee_0408_2_rev_green_accident/cam1_2026-04-08_18-07-13.mp4,1594.0,1646.5,1342,1453,1846,1840,0.821513
1329,/Volumes/SmithL0/2026/BIOL470/Final/Learning_Rig/bee_0408_2/bee_0408_2_rev_green_accident/cam1_2026-04-08_18-07-13.mp4,1594.5,1646.5,1342,1452,1847,1841,0.8182687
1330,/Volumes/SmithL0/2026/BIOL470/Final/Learning_Rig/bee_0408_2/bee_0408_2_rev_green_accident/cam1_2026-04-08_18-07-13.mp4,1594.5,1646.5,1342,1453,1847,1840,0.8181729
1331,/Volumes/SmithL0/2026/BIOL470/Final/Learning_Rig/bee_0408_2/bee_0408_2_rev_green_accident/cam1_2026-04-08_18-07-13.mp4,1594.0,1646.0,1341,1452,1847,1840,0.8212584
1332,/Volumes/SmithL0/2026/BIOL470/Final/Learning_Rig/bee_0408_2/bee_0408_2_rev_green_accident/cam1_2026-04-08_18-07-13.mp4,1595.0,1646.5,1343,1452,1847,1841,0.8225392
1333,/Volumes/SmithL0/2026/BIOL470/Final/Learning_Rig/bee_0408_2/bee_0408_2_rev_green_accident/cam1_2026-04-08_18-07-13.mp4,1595.0,1646.0,1343,1452,1847,1840,0.82420623
1334,/Volumes/SmithL0/2026/BIOL470/Final/Learning_Rig/bee_0408_2/bee_0408_2_rev_green_accident/cam1_2026-04-08_18-07-13.mp4,1595.5,1645.5,1343,1452,1848,1839,0.82730144
1335,/Volumes/SmithL0/2026/BIOL470/Final/Learning_Rig/bee_0408_2/bee_0408_2_rev_green_accident/cam1_2026-04-08_18-07-13.mp4,1594.0,1645.5,1341,1452,1847,1839,0.8242938
1336,/Volumes/SmithL0/2026/BIOL470/Final/Learning_Rig/bee_0408_2/bee_0408_2_rev_green_accident/cam1_2026-04-08_18-07-13.mp4,1593.0,1646.5,1339,1452,1847,1841,0.82131594
1337,/Volumes/SmithL0/2026/BIOL470/Final/Learning_Rig/bee_0408_2/bee_0408_2_rev_green_accident/cam1_2026-04-08_18-07-13.mp4,1591.5,1646.5,1336,1452,1847,1841,0.82195985
1338,/Volumes/SmithL0/2026/BIOL470/Final/Learning_Rig/bee_0408_2/bee_0408_2_rev_green_accident/cam1_2026-04-08_18-07-13.mp4,1592.0,1646.5,1338,1452,1846,1841,0.8209209
1339,/Volumes/SmithL0/2026/BIOL470/Final/Learning_Rig/bee_0408_2/bee_0408_2_rev_green_accident/cam1_2026-04-08_18-07-13.mp4,1593.0,1648.0,1340,1453,1846,1843,0.82230973
1340,/Volumes/SmithL0/2026/BIOL470/Final/Learning_Rig/bee_0408_2/bee_0408_2_rev_green_accident/cam1_2026-04-08_18-07-13.mp4,1594.0,1647.5,1343,1453,1845,1842,0.82340854
1341,/Volumes/SmithL0/2026/BIOL470/Final/Learning_Rig/bee_0408_2/bee_0408_2_rev_green_accident/cam1_2026-04-08_18-07-13.mp4,1594.0,1647.0,1342,1453,1846,1841,0.8258698
1342,/Volumes/SmithL0/2026/BIOL470/Final/Learning_Rig/bee_0408_2/bee_0408_2_rev_green_accident/cam1_2026-04-08_18-07-13.mp4,1594.0,1646.5,1342,1453,1846,1840,0.82365376
1343,/Volumes/SmithL0/2026/BIOL470/Final/Learning_Rig/bee_0408_2/bee_0408_2_rev_green_accident/cam1_2026-04-08_18-07-13.mp4,1594.0,1646.5,1342,1453,1846,1840,0.82255924
1344,/Volumes/SmithL0/2026/BIOL470/Final/Learning_Rig/bee_0408_2/bee_0408_2_rev_green_accident/cam1_2026-04-08_18-07-13.mp4,1594.5,1645.5,1342,1453,1847,1838,0.8243809
1345,/Volumes/SmithL0/2026/BIOL470/Final/Learning_Rig/bee_0408_2/bee_0408_2_rev_green_accident/cam1_2026-04-08_18-07-13.mp4,1594.0,1646.0,1341,1453,1847,1839,0.82701635
1346,/Volumes/SmithL0/2026/BIOL470/Final/Learning_Rig/bee_0408_2/bee_0408_2_rev_green_accident/cam1_2026-04-08_18-07-13.mp4,1595.0,1646.5,1343,1453,1847,1840,0.8274779
1347,/Volumes/SmithL0/2026/BIOL470/Final/Learning_Rig/bee_0408_2/bee_0408_2_rev_green_accident/cam1_2026-04-08_18-07-13.mp4,1594.5,1646.5,1343,1453,1846,1840,0.8237068
1348,/Volumes/SmithL0/2026/BIOL470/Final/Learning_Rig/bee_0408_2/bee_0408_2_rev_green_accident/cam1_2026-04-08_18-07-13.mp4,1594.5,1645.5,1342,1453,1847,1838,0.8249933
1349,/Volumes/SmithL0/2026/BIOL470/Final/Learning_Rig/bee_0408_2/bee_0408_2_rev_green_accident/cam1_2026-04-08_18-07-13.mp4,1593.0,1646.0,1339,1453,1847,1839,0.8254826
1350,/Volumes/SmithL0/2026/BIOL470/Final/Learning_Rig/bee_0408_2/bee_0408_2_rev_green_accident/cam1_2026-04-08_18-07-13.mp4,1594.0,1646.0,1340,1453,1848,1839,0.8253349
1351,/Volumes/SmithL0/2026/BIOL470/Final/Learning_Rig/bee_0408_2/bee_0408_2_rev_green_accident/cam1_2026-04-08_18-07-13.mp4,1594.5,1646.5,1342,1453,1847,1840,0.82956254
1352,/Volumes/SmithL0/2026/BIOL470/Final/Learning_Rig/bee_0408_2/bee_0408_2_rev_green_accident/cam1_2026-04-08_18-07-13.mp4,1594.5,1647.5,1342,1453,1847,1842,0.8271563
1353,/Volumes/SmithL0/2026/BIOL470/Final/Learning_Rig/bee_0408_2/bee_0408_2_rev_green_accident/cam1_2026-04-08_18-07-13.mp4,1594.5,1648.5,1342,1453,1847,1844,0.8268509
1354,/Volumes/SmithL0/2026/BIOL470/Final/Learning_Rig/bee_0408_2/bee_0408_2_rev_green_accident/cam1_2026-04-08_18-07-13.mp4,1593.5,1647.5,1339,1453,1848,1842,0.82164687
1355,/Volumes/SmithL0/2026/BIOL470/Final/Learning_Rig/bee_0408_2/bee_0408_2_rev_green_accident/cam1_2026-04-08_18-07-13.mp4,1595.0,1647.5,1342,1453,1848,1842,0.8234037
1356,/Volumes/SmithL0/2026/BIOL470/Final/Learning_Rig/bee_0408_2/bee_0408_2_rev_green_accident/cam1_2026-04-08_18-07-13.mp4,1595.0,1649.0,1342,1453,1848,1845,0.82203627
1357,/Volumes/SmithL0/2026/BIOL470/Final/Learning_Rig/bee_0408_2/bee_0408_2_rev_green_accident/cam1_2026-04-08_18-07-13.mp4,1595.5,1648.0,1343,1453,1848,1843,0.8239619
1358,/Volumes/SmithL0/2026/BIOL470/Final/Learning_Rig/bee_0408_2/bee_0408_2_rev_green_accident/cam1_2026-04-08_18-07-13.mp4,1594.5,1648.5,1341,1453,1848,1844,0.8244366
1359,/Volumes/SmithL0/2026/BIOL470/Final/Learning_Rig/bee_0408_2/bee_0408_2_rev_green_accident/cam1_2026-04-08_18-07-13.mp4,1593.0,1648.5,1338,1453,1848,1844,0.82249004
1360,/Volumes/SmithL0/2026/BIOL470/Final/Learning_Rig/bee_0408_2/bee_0408_2_rev_green_accident/cam1_2026-04-08_18-07-13.mp4,1594.0,1649.0,1340,1454,1848,1844,0.8227763
1361,/Volumes/SmithL0/2026/BIOL470/Final/Learning_Rig/bee_0408_2/bee_0408_2_rev_green_accident/cam1_2026-04-08_18-07-13.mp4,1594.0,1648.0,1340,1453,1848,1843,0.8238306
1362,/Volumes/SmithL0/2026/BIOL470/Final/Learning_Rig/bee_0408_2/bee_0408_2_rev_green_accident/cam1_2026-04-08_18-07-13.mp4,1594.5,1648.5,1341,1454,1848,1843,0.82506037
1363,/Volumes/SmithL0/2026/BIOL470/Final/Learning_Rig/bee_0408_2/bee_0408_2_rev_green_accident/cam1_2026-04-08_18-07-13.mp4,1594.0,1648.0,1340,1453,1848,1843,0.8233831
1364,/Volumes/SmithL0/2026/BIOL470/Final/Learning_Rig/bee_0408_2/bee_0408_2_rev_green_accident/cam1_2026-04-08_18-07-13.mp4,1594.0,1648.0,1340,1453,1848,1843,0.8240478
1365,/Volumes/SmithL0/2026/BIOL470/Final/Learning_Rig/bee_0408_2/bee_0408_2_rev_green_accident/cam1_2026-04-08_18-07-13.mp4,1594.0,1647.5,1339,1453,1849,1842,0.8259751
1366,/Volumes/SmithL0/2026/BIOL470/Final/Learning_Rig/bee_0408_2/bee_0408_2_rev_green_accident/cam1_2026-04-08_18-07-13.mp4,1594.5,1646.5,1340,1453,1849,1840,0.8284402
1367,/Volumes/SmithL0/2026/BIOL470/Final/Learning_Rig/bee_0408_2/bee_0408_2_rev_green_accident/cam1_2026-04-08_18-07-13.mp4,1595.5,1647.0,1342,1453,1849,1841,0.82804644
1368,/Volumes/SmithL0/2026/BIOL470/Final/Learning_Rig/bee_0408_2/bee_0408_2_rev_green_accident/cam1_2026-04-08_18-07-13.mp4,1594.5,1648.0,1340,1453,1849,1843,0.8241414
1369,/Volumes/SmithL0/2026/BIOL470/Final/Learning_Rig/bee_0408_2/bee_0408_2_rev_green_accident/cam1_2026-04-08_18-07-13.mp4,1596.0,1647.5,1343,1453,1849,1842,0.8198738
1370,/Volumes/SmithL0/2026/BIOL470/Final/Learning_Rig/bee_0408_2/bee_0408_2_rev_green_accident/cam1_2026-04-08_18-07-13.mp4,1595.0,1646.5,1341,1453,1849,1840,0.821882
1371,/Volumes/SmithL0/2026/BIOL470/Final/Learning_Rig/bee_0408_2/bee_0408_2_rev_green_accident/cam1_2026-04-08_18-07-13.mp4,1594.0,1646.0,1339,1453,1849,1839,0.82476443
1372,/Volumes/SmithL0/2026/BIOL470/Final/Learning_Rig/bee_0408_2/bee_0408_2_rev_green_accident/cam1_2026-04-08_18-07-13.mp4,1594.5,1646.0,1340,1453,1849,1839,0.8202984
