,filepath,x_centroid,y_centroid,x_min,y_min,x_max,y_max,detection_confidence
0,/Volumes/SmithL0/2026/BIOL470/Final/Learning_Rig/bee_0408_2/bee_0408_2_rev_green_accident/cam1_2026-04-08_18-13-25.mp4,1417.0,1893.5,1191,1616,1643,2171,0.8345177
1,/Volumes/SmithL0/2026/BIOL470/Final/Learning_Rig/bee_0408_2/bee_0408_2_rev_green_accident/cam1_2026-04-08_18-13-25.mp4,1423.0,1899.5,1215,1629,1631,2170,0.82013613
2,/Volumes/SmithL0/2026/BIOL470/Final/Learning_Rig/bee_0408_2/bee_0408_2_rev_green_accident/cam1_2026-04-08_18-13-25.mp4,1427.5,1888.5,1224,1606,1631,2171,0.819223
3,/Volumes/SmithL0/2026/BIOL470/Final/Learning_Rig/bee_0408_2/bee_0408_2_rev_green_accident/cam1_2026-04-08_18-13-25.mp4,1416.0,1867.0,1211,1560,1621,2174,0.8132454
4,/Volumes/SmithL0/2026/BIOL470/Final/Learning_Rig/bee_0408_2/bee_0408_2_rev_green_accident/cam1_2026-04-08_18-13-25.mp4,1408.0,1864.5,1212,1563,1604,2166,0.8187619
5,/Volumes/SmithL0/2026/BIOL470/Final/Learning_Rig/bee_0408_2/bee_0408_2_rev_green_accident/cam1_2026-04-08_18-13-25.mp4,1401.5,1868.5,1211,1582,1592,2155,0.82703304
6,/Volumes/SmithL0/2026/BIOL470/Final/Learning_Rig/bee_0408_2/bee_0408_2_rev_green_accident/cam1_2026-04-08_18-13-25.mp4,1397.0,1861.0,1205,1579,1589,2143,0.82363975
7,/Volumes/SmithL0/2026/BIOL470/Final/Learning_Rig/bee_0408_2/bee_0408_2_rev_green_accident/cam1_2026-04-08_18-13-25.mp4,1365.5,1845.5,1159,1564,1572,2127,0.845036
8,/Volumes/SmithL0/2026/BIOL470/Final/Learning_Rig/bee_0408_2/bee_0408_2_rev_green_accident/cam1_2026-04-08_18-13-25.mp4,1376.0,1839.5,1150,1567,1602,2112,0.84944594
9,/Volumes/SmithL0/2026/BIOL470/Final/Learning_Rig/bee_0408_2/bee_0408_2_rev_green_accident/cam1_2026-04-08_18-13-25.mp4,1365.0,1831.0,1152,1569,1578,2093,0.8312045
10,/Volumes/SmithL0/2026/BIOL470/Final/Learning_Rig/bee_0408_2/bee_0408_2_rev_green_accident/cam1_2026-04-08_18-13-25.mp4,1395.0,1838.5,1152,1572,1638,2105,0.8338048
11,/Volumes/SmithL0/2026/BIOL470/Final/Learning_Rig/bee_0408_2/bee_0408_2_rev_green_accident/cam1_2026-04-08_18-13-25.mp4,1390.5,1833.0,1144,1560,1637,2106,0.8439843
12,/Volumes/SmithL0/2026/BIOL470/Final/Learning_Rig/bee_0408_2/bee_0408_2_rev_green_accident/cam1_2026-04-08_18-13-25.mp4,1401.0,1833.0,1150,1559,1652,2107,0.8600889
13,/Volumes/SmithL0/2026/BIOL470/Final/Learning_Rig/bee_0408_2/bee_0408_2_rev_green_accident/cam1_2026-04-08_18-13-25.mp4,1397.0,1832.5,1148,1560,1646,2105,0.84552044
14,/Volumes/SmithL0/2026/BIOL470/Final/Learning_Rig/bee_0408_2/bee_0408_2_rev_green_accident/cam1_2026-04-08_18-13-25.mp4,1387.0,1830.0,1133,1561,1641,2099,0.83313084
15,/Volumes/SmithL0/2026/BIOL470/Final/Learning_Rig/bee_0408_2/bee_0408_2_rev_green_accident/cam1_2026-04-08_18-13-25.mp4,1418.5,1827.0,1132,1560,1705,2094,0.8064085
16,/Volumes/SmithL0/2026/BIOL470/Final/Learning_Rig/bee_0408_2/bee_0408_2_rev_green_accident/cam1_2026-04-08_18-13-25.mp4,1415.0,1827.0,1134,1561,1696,2093,0.80956626
17,/Volumes/SmithL0/2026/BIOL470/Final/Learning_Rig/bee_0408_2/bee_0408_2_rev_green_accident/cam1_2026-04-08_18-13-25.mp4,1413.5,1827.0,1135,1561,1692,2093,0.8181584
18,/Volumes/SmithL0/2026/BIOL470/Final/Learning_Rig/bee_0408_2/bee_0408_2_rev_green_accident/cam1_2026-04-08_18-13-25.mp4,1417.5,1831.5,1140,1566,1695,2097,0.81006867
19,/Volumes/SmithL0/2026/BIOL470/Final/Learning_Rig/bee_0408_2/bee_0408_2_rev_green_accident/cam1_2026-04-08_18-13-25.mp4,1420.5,1840.5,1143,1558,1698,2123,0.8082614
20,/Volumes/SmithL0/2026/BIOL470/Final/Learning_Rig/bee_0408_2/bee_0408_2_rev_green_accident/cam1_2026-04-08_18-13-25.mp4,1412.0,1838.0,1137,1556,1687,2120,0.8284675
21,/Volumes/SmithL0/2026/BIOL470/Final/Learning_Rig/bee_0408_2/bee_0408_2_rev_green_accident/cam1_2026-04-08_18-13-25.mp4,1416.5,1840.0,1146,1554,1687,2126,0.8207362
22,/Volumes/SmithL0/2026/BIOL470/Final/Learning_Rig/bee_0408_2/bee_0408_2_rev_green_accident/cam1_2026-04-08_18-13-25.mp4,1427.5,1843.5,1161,1559,1694,2128,0.8090041
23,/Volumes/SmithL0/2026/BIOL470/Final/Learning_Rig/bee_0408_2/bee_0408_2_rev_green_accident/cam1_2026-04-08_18-13-25.mp4,1430.5,1884.5,1167,1638,1694,2131,0.80291945
24,/Volumes/SmithL0/2026/BIOL470/Final/Learning_Rig/bee_0408_2/bee_0408_2_rev_green_accident/cam1_2026-04-08_18-13-25.mp4,1431.5,1884.5,1169,1637,1694,2132,0.8102228
25,/Volumes/SmithL0/2026/BIOL470/Final/Learning_Rig/bee_0408_2/bee_0408_2_rev_green_accident/cam1_2026-04-08_18-13-25.mp4,1431.5,1879.5,1172,1633,1691,2126,0.81573987
26,/Volumes/SmithL0/2026/BIOL470/Final/Learning_Rig/bee_0408_2/bee_0408_2_rev_green_accident/cam1_2026-04-08_18-13-25.mp4,1436.0,1876.0,1180,1628,1692,2124,0.82378036
27,/Volumes/SmithL0/2026/BIOL470/Final/Learning_Rig/bee_0408_2/bee_0408_2_rev_green_accident/cam1_2026-04-08_18-13-25.mp4,1436.5,1862.5,1179,1626,1694,2099,0.8137494
28,/Volumes/SmithL0/2026/BIOL470/Final/Learning_Rig/bee_0408_2/bee_0408_2_rev_green_accident/cam1_2026-04-08_18-13-25.mp4,1430.0,1838.0,1175,1565,1685,2111,0.816218
29,/Volumes/SmithL0/2026/BIOL470/Final/Learning_Rig/bee_0408_2/bee_0408_2_rev_green_accident/cam1_2026-04-08_18-13-25.mp4,1440.5,1861.0,1190,1580,1691,2142,0.7907574
30,/Volumes/SmithL0/2026/BIOL470/Final/Learning_Rig/bee_0408_2/bee_0408_2_rev_green_accident/cam1_2026-04-08_18-13-25.mp4,1447.5,1840.0,1199,1567,1696,2113,0.79331845
31,/Volumes/SmithL0/2026/BIOL470/Final/Learning_Rig/bee_0408_2/bee_0408_2_rev_green_accident/cam1_2026-04-08_18-13-25.mp4,1454.5,1828.0,1202,1557,1707,2099,0.8093485
32,/Volumes/SmithL0/2026/BIOL470/Final/Learning_Rig/bee_0408_2/bee_0408_2_rev_green_accident/cam1_2026-04-08_18-13-25.mp4,1451.0,1844.0,1217,1554,1685,2134,0.8086624
33,/Volumes/SmithL0/2026/BIOL470/Final/Learning_Rig/bee_0408_2/bee_0408_2_rev_green_accident/cam1_2026-04-08_18-13-25.mp4,1449.0,1852.5,1212,1569,1686,2136,0.8278486
34,/Volumes/SmithL0/2026/BIOL470/Final/Learning_Rig/bee_0408_2/bee_0408_2_rev_green_accident/cam1_2026-04-08_18-13-25.mp4,1492.0,1834.0,1234,1562,1750,2106,0.83005977
35,/Volumes/SmithL0/2026/BIOL470/Final/Learning_Rig/bee_0408_2/bee_0408_2_rev_green_accident/cam1_2026-04-08_18-13-25.mp4,1468.5,1823.5,1246,1554,1691,2093,0.8294897
36,/Volumes/SmithL0/2026/BIOL470/Final/Learning_Rig/bee_0408_2/bee_0408_2_rev_green_accident/cam1_2026-04-08_18-13-25.mp4,1467.5,1823.5,1249,1551,1686,2096,0.84669125
37,/Volumes/SmithL0/2026/BIOL470/Final/Learning_Rig/bee_0408_2/bee_0408_2_rev_green_accident/cam1_2026-04-08_18-13-25.mp4,1464.5,1823.0,1250,1548,1679,2098,0.81113297
38,/Volumes/SmithL0/2026/BIOL470/Final/Learning_Rig/bee_0408_2/bee_0408_2_rev_green_accident/cam1_2026-04-08_18-13-25.mp4,1456.5,1826.5,1230,1544,1683,2109,0.8112527
39,/Volumes/SmithL0/2026/BIOL470/Final/Learning_Rig/bee_0408_2/bee_0408_2_rev_green_accident/cam1_2026-04-08_18-13-25.mp4,1448.5,1828.5,1212,1541,1685,2116,0.8175435
40,/Volumes/SmithL0/2026/BIOL470/Final/Learning_Rig/bee_0408_2/bee_0408_2_rev_green_accident/cam1_2026-04-08_18-13-25.mp4,1466.5,1832.5,1252,1541,1681,2124,0.81075156
41,/Volumes/SmithL0/2026/BIOL470/Final/Learning_Rig/bee_0408_2/bee_0408_2_rev_green_accident/cam1_2026-04-08_18-13-25.mp4,1487.0,1825.0,1269,1533,1705,2117,0.77800107
42,/Volumes/SmithL0/2026/BIOL470/Final/Learning_Rig/bee_0408_2/bee_0408_2_rev_green_accident/cam1_2026-04-08_18-13-25.mp4,1506.0,1824.0,1276,1546,1736,2102,0.8215273
43,/Volumes/SmithL0/2026/BIOL470/Final/Learning_Rig/bee_0408_2/bee_0408_2_rev_green_accident/cam1_2026-04-08_18-13-25.mp4,1506.0,1831.0,1276,1553,1736,2109,0.8219421
44,/Volumes/SmithL0/2026/BIOL470/Final/Learning_Rig/bee_0408_2/bee_0408_2_rev_green_accident/cam1_2026-04-08_18-13-25.mp4,1518.5,1831.0,1295,1553,1742,2109,0.8213334
45,/Volumes/SmithL0/2026/BIOL470/Final/Learning_Rig/bee_0408_2/bee_0408_2_rev_green_accident/cam1_2026-04-08_18-13-25.mp4,1523.5,1819.0,1306,1533,1741,2105,0.81759095
46,/Volumes/SmithL0/2026/BIOL470/Final/Learning_Rig/bee_0408_2/bee_0408_2_rev_green_accident/cam1_2026-04-08_18-13-25.mp4,1526.0,1819.0,1305,1531,1747,2107,0.8202346
47,/Volumes/SmithL0/2026/BIOL470/Final/Learning_Rig/bee_0408_2/bee_0408_2_rev_green_accident/cam1_2026-04-08_18-13-25.mp4,1510.0,1820.5,1284,1529,1736,2112,0.8100293
48,/Volumes/SmithL0/2026/BIOL470/Final/Learning_Rig/bee_0408_2/bee_0408_2_rev_green_accident/cam1_2026-04-08_18-13-25.mp4,1507.5,1814.0,1278,1529,1737,2099,0.8038858
49,/Volumes/SmithL0/2026/BIOL470/Final/Learning_Rig/bee_0408_2/bee_0408_2_rev_green_accident/cam1_2026-04-08_18-13-25.mp4,1514.5,1818.5,1290,1528,1739,2109,0.80317265
50,/Volumes/SmithL0/2026/BIOL470/Final/Learning_Rig/bee_0408_2/bee_0408_2_rev_green_accident/cam1_2026-04-08_18-13-25.mp4,1510.0,1820.5,1275,1534,1745,2107,0.81972146
51,/Volumes/SmithL0/2026/BIOL470/Final/Learning_Rig/bee_0408_2/bee_0408_2_rev_green_accident/cam1_2026-04-08_18-13-25.mp4,1511.5,1816.0,1275,1532,1748,2100,0.8233493
52,/Volumes/SmithL0/2026/BIOL470/Final/Learning_Rig/bee_0408_2/bee_0408_2_rev_green_accident/cam1_2026-04-08_18-13-25.mp4,1513.5,1813.0,1284,1527,1743,2099,0.8219737
53,/Volumes/SmithL0/2026/BIOL470/Final/Learning_Rig/bee_0408_2/bee_0408_2_rev_green_accident/cam1_2026-04-08_18-13-25.mp4,1511.0,1813.0,1278,1527,1744,2099,0.817624
54,/Volumes/SmithL0/2026/BIOL470/Final/Learning_Rig/bee_0408_2/bee_0408_2_rev_green_accident/cam1_2026-04-08_18-13-25.mp4,1513.0,1819.0,1281,1539,1745,2099,0.8163
55,/Volumes/SmithL0/2026/BIOL470/Final/Learning_Rig/bee_0408_2/bee_0408_2_rev_green_accident/cam1_2026-04-08_18-13-25.mp4,1513.0,1798.5,1284,1526,1742,2071,0.8182404
56,/Volumes/SmithL0/2026/BIOL470/Final/Learning_Rig/bee_0408_2/bee_0408_2_rev_green_accident/cam1_2026-04-08_18-13-25.mp4,1525.0,1799.0,1303,1519,1747,2079,0.8297655
57,/Volumes/SmithL0/2026/BIOL470/Final/Learning_Rig/bee_0408_2/bee_0408_2_rev_green_accident/cam1_2026-04-08_18-13-25.mp4,1523.5,1807.5,1299,1518,1748,2097,0.82328784
58,/Volumes/SmithL0/2026/BIOL470/Final/Learning_Rig/bee_0408_2/bee_0408_2_rev_green_accident/cam1_2026-04-08_18-13-25.mp4,1538.5,1814.5,1313,1529,1764,2100,0.8143754
59,/Volumes/SmithL0/2026/BIOL470/Final/Learning_Rig/bee_0408_2/bee_0408_2_rev_green_accident/cam1_2026-04-08_18-13-25.mp4,1538.5,1817.0,1313,1533,1764,2101,0.81601954
60,/Volumes/SmithL0/2026/BIOL470/Final/Learning_Rig/bee_0408_2/bee_0408_2_rev_green_accident/cam1_2026-04-08_18-13-25.mp4,1526.5,1816.0,1289,1533,1764,2099,0.82517123
61,/Volumes/SmithL0/2026/BIOL470/Final/Learning_Rig/bee_0408_2/bee_0408_2_rev_green_accident/cam1_2026-04-08_18-13-25.mp4,1542.0,1809.5,1301,1524,1783,2095,0.8084947
62,/Volumes/SmithL0/2026/BIOL470/Final/Learning_Rig/bee_0408_2/bee_0408_2_rev_green_accident/cam1_2026-04-08_18-13-25.mp4,1545.0,1798.0,1310,1521,1780,2075,0.8145002
63,/Volumes/SmithL0/2026/BIOL470/Final/Learning_Rig/bee_0408_2/bee_0408_2_rev_green_accident/cam1_2026-04-08_18-13-25.mp4,1542.5,1811.0,1314,1523,1771,2099,0.81904256
64,/Volumes/SmithL0/2026/BIOL470/Final/Learning_Rig/bee_0408_2/bee_0408_2_rev_green_accident/cam1_2026-04-08_18-13-25.mp4,1573.0,1754.5,1347,1518,1799,1991,0.82417756
65,/Volumes/SmithL0/2026/BIOL470/Final/Learning_Rig/bee_0408_2/bee_0408_2_rev_green_accident/cam1_2026-04-08_18-13-25.mp4,1575.0,1755.0,1348,1512,1802,1998,0.82965344
66,/Volumes/SmithL0/2026/BIOL470/Final/Learning_Rig/bee_0408_2/bee_0408_2_rev_green_accident/cam1_2026-04-08_18-13-25.mp4,1579.5,1746.0,1351,1497,1808,1995,0.83553404
67,/Volumes/SmithL0/2026/BIOL470/Final/Learning_Rig/bee_0408_2/bee_0408_2_rev_green_accident/cam1_2026-04-08_18-13-25.mp4,1578.5,1748.0,1349,1500,1808,1996,0.8352724
68,/Volumes/SmithL0/2026/BIOL470/Final/Learning_Rig/bee_0408_2/bee_0408_2_rev_green_accident/cam1_2026-04-08_18-13-25.mp4,1577.5,1747.0,1346,1500,1809,1994,0.83626753
69,/Volumes/SmithL0/2026/BIOL470/Final/Learning_Rig/bee_0408_2/bee_0408_2_rev_green_accident/cam1_2026-04-08_18-13-25.mp4,1590.5,1742.5,1361,1493,1820,1992,0.8412556
70,/Volumes/SmithL0/2026/BIOL470/Final/Learning_Rig/bee_0408_2/bee_0408_2_rev_green_accident/cam1_2026-04-08_18-13-25.mp4,1593.0,1742.5,1368,1492,1818,1993,0.8472674
71,/Volumes/SmithL0/2026/BIOL470/Final/Learning_Rig/bee_0408_2/bee_0408_2_rev_green_accident/cam1_2026-04-08_18-13-25.mp4,1593.0,1744.5,1363,1493,1823,1996,0.84140056
72,/Volumes/SmithL0/2026/BIOL470/Final/Learning_Rig/bee_0408_2/bee_0408_2_rev_green_accident/cam1_2026-04-08_18-13-25.mp4,1569.0,1787.5,1316,1499,1822,2076,0.79667103
73,/Volumes/SmithL0/2026/BIOL470/Final/Learning_Rig/bee_0408_2/bee_0408_2_rev_green_accident/cam1_2026-04-08_18-13-25.mp4,1578.0,1779.0,1337,1495,1819,2063,0.7931785
74,/Volumes/SmithL0/2026/BIOL470/Final/Learning_Rig/bee_0408_2/bee_0408_2_rev_green_accident/cam1_2026-04-08_18-13-25.mp4,1576.5,1763.5,1334,1499,1819,2028,0.80496085
75,/Volumes/SmithL0/2026/BIOL470/Final/Learning_Rig/bee_0408_2/bee_0408_2_rev_green_accident/cam1_2026-04-08_18-13-25.mp4,1581.0,1799.0,1344,1496,1818,2102,0.8125069
76,/Volumes/SmithL0/2026/BIOL470/Final/Learning_Rig/bee_0408_2/bee_0408_2_rev_green_accident/cam1_2026-04-08_18-13-25.mp4,1583.0,1777.0,1353,1495,1813,2059,0.8170129
77,/Volumes/SmithL0/2026/BIOL470/Final/Learning_Rig/bee_0408_2/bee_0408_2_rev_green_accident/cam1_2026-04-08_18-13-25.mp4,1582.5,1753.5,1353,1499,1812,2008,0.81847423
78,/Volumes/SmithL0/2026/BIOL470/Final/Learning_Rig/bee_0408_2/bee_0408_2_rev_green_accident/cam1_2026-04-08_18-13-25.mp4,1584.5,1756.5,1356,1499,1813,2014,0.8239097
79,/Volumes/SmithL0/2026/BIOL470/Final/Learning_Rig/bee_0408_2/bee_0408_2_rev_green_accident/cam1_2026-04-08_18-13-25.mp4,1585.5,1745.0,1361,1499,1810,1991,0.83221936
80,/Volumes/SmithL0/2026/BIOL470/Final/Learning_Rig/bee_0408_2/bee_0408_2_rev_green_accident/cam1_2026-04-08_18-13-25.mp4,1583.0,1744.0,1355,1497,1811,1991,0.83608866
81,/Volumes/SmithL0/2026/BIOL470/Final/Learning_Rig/bee_0408_2/bee_0408_2_rev_green_accident/cam1_2026-04-08_18-13-25.mp4,1601.5,1741.0,1363,1496,1840,1986,0.84248346
82,/Volumes/SmithL0/2026/BIOL470/Final/Learning_Rig/bee_0408_2/bee_0408_2_rev_green_accident/cam1_2026-04-08_18-13-25.mp4,1583.0,1741.0,1344,1491,1822,1991,0.84640497
83,/Volumes/SmithL0/2026/BIOL470/Final/Learning_Rig/bee_0408_2/bee_0408_2_rev_green_accident/cam1_2026-04-08_18-13-25.mp4,1571.5,1742.0,1324,1495,1819,1989,0.8491219
84,/Volumes/SmithL0/2026/BIOL470/Final/Learning_Rig/bee_0408_2/bee_0408_2_rev_green_accident/cam1_2026-04-08_18-13-25.mp4,1567.5,1743.5,1318,1499,1817,1988,0.84669834
85,/Volumes/SmithL0/2026/BIOL470/Final/Learning_Rig/bee_0408_2/bee_0408_2_rev_green_accident/cam1_2026-04-08_18-13-25.mp4,1568.0,1744.0,1320,1500,1816,1988,0.83530176
86,/Volumes/SmithL0/2026/BIOL470/Final/Learning_Rig/bee_0408_2/bee_0408_2_rev_green_accident/cam1_2026-04-08_18-13-25.mp4,1585.5,1741.5,1354,1495,1817,1988,0.8474566
87,/Volumes/SmithL0/2026/BIOL470/Final/Learning_Rig/bee_0408_2/bee_0408_2_rev_green_accident/cam1_2026-04-08_18-13-25.mp4,1587.0,1741.5,1354,1495,1820,1988,0.84535825
88,/Volumes/SmithL0/2026/BIOL470/Final/Learning_Rig/bee_0408_2/bee_0408_2_rev_green_accident/cam1_2026-04-08_18-13-25.mp4,1590.0,1740.0,1356,1492,1824,1988,0.84313524
89,/Volumes/SmithL0/2026/BIOL470/Final/Learning_Rig/bee_0408_2/bee_0408_2_rev_green_accident/cam1_2026-04-08_18-13-25.mp4,1594.0,1739.5,1364,1492,1824,1987,0.83846045
90,/Volumes/SmithL0/2026/BIOL470/Final/Learning_Rig/bee_0408_2/bee_0408_2_rev_green_accident/cam1_2026-04-08_18-13-25.mp4,1592.5,1738.5,1362,1491,1823,1986,0.84017026
91,/Volumes/SmithL0/2026/BIOL470/Final/Learning_Rig/bee_0408_2/bee_0408_2_rev_green_accident/cam1_2026-04-08_18-13-25.mp4,1595.0,1738.5,1366,1490,1824,1987,0.8391211
92,/Volumes/SmithL0/2026/BIOL470/Final/Learning_Rig/bee_0408_2/bee_0408_2_rev_green_accident/cam1_2026-04-08_18-13-25.mp4,1596.0,1738.0,1369,1490,1823,1986,0.8354462
93,/Volumes/SmithL0/2026/BIOL470/Final/Learning_Rig/bee_0408_2/bee_0408_2_rev_green_accident/cam1_2026-04-08_18-13-25.mp4,1597.0,1738.5,1369,1490,1825,1987,0.8359691
94,/Volumes/SmithL0/2026/BIOL470/Final/Learning_Rig/bee_0408_2/bee_0408_2_rev_green_accident/cam1_2026-04-08_18-13-25.mp4,1595.5,1740.0,1367,1491,1824,1989,0.8384929
95,/Volumes/SmithL0/2026/BIOL470/Final/Learning_Rig/bee_0408_2/bee_0408_2_rev_green_accident/cam1_2026-04-08_18-13-25.mp4,1593.5,1739.0,1359,1490,1828,1988,0.8408565
96,/Volumes/SmithL0/2026/BIOL470/Final/Learning_Rig/bee_0408_2/bee_0408_2_rev_green_accident/cam1_2026-04-08_18-13-25.mp4,1594.0,1737.5,1360,1491,1828,1984,0.8318391
97,/Volumes/SmithL0/2026/BIOL470/Final/Learning_Rig/bee_0408_2/bee_0408_2_rev_green_accident/cam1_2026-04-08_18-13-25.mp4,1594.5,1737.0,1361,1491,1828,1983,0.83375746
98,/Volumes/SmithL0/2026/BIOL470/Final/Learning_Rig/bee_0408_2/bee_0408_2_rev_green_accident/cam1_2026-04-08_18-13-25.mp4,1594.0,1736.5,1363,1492,1825,1981,0.8309743
99,/Volumes/SmithL0/2026/BIOL470/Final/Learning_Rig/bee_0408_2/bee_0408_2_rev_green_accident/cam1_2026-04-08_18-13-25.mp4,1592.0,1736.5,1360,1490,1824,1983,0.8351464
100,/Volumes/SmithL0/2026/BIOL470/Final/Learning_Rig/bee_0408_2/bee_0408_2_rev_green_accident/cam1_2026-04-08_18-13-25.mp4,1592.0,1736.0,1360,1490,1824,1982,0.8348467
101,/Volumes/SmithL0/2026/BIOL470/Final/Learning_Rig/bee_0408_2/bee_0408_2_rev_green_accident/cam1_2026-04-08_18-13-25.mp4,1589.0,1736.0,1358,1491,1820,1981,0.8318077
102,/Volumes/SmithL0/2026/BIOL470/Final/Learning_Rig/bee_0408_2/bee_0408_2_rev_green_accident/cam1_2026-04-08_18-13-25.mp4,1593.5,1741.5,1358,1494,1829,1989,0.8304457
103,/Volumes/SmithL0/2026/BIOL470/Final/Learning_Rig/bee_0408_2/bee_0408_2_rev_green_accident/cam1_2026-04-08_18-13-25.mp4,1591.0,1741.5,1358,1494,1824,1989,0.83225703
104,/Volumes/SmithL0/2026/BIOL470/Final/Learning_Rig/bee_0408_2/bee_0408_2_rev_green_accident/cam1_2026-04-08_18-13-25.mp4,1590.5,1740.5,1358,1494,1823,1987,0.8312972
105,/Volumes/SmithL0/2026/BIOL470/Final/Learning_Rig/bee_0408_2/bee_0408_2_rev_green_accident/cam1_2026-04-08_18-13-25.mp4,1590.5,1737.0,1358,1494,1823,1980,0.8296865
106,/Volumes/SmithL0/2026/BIOL470/Final/Learning_Rig/bee_0408_2/bee_0408_2_rev_green_accident/cam1_2026-04-08_18-13-25.mp4,1588.0,1736.0,1356,1495,1820,1977,0.82158893
107,/Volumes/SmithL0/2026/BIOL470/Final/Learning_Rig/bee_0408_2/bee_0408_2_rev_green_accident/cam1_2026-04-08_18-13-25.mp4,1593.5,1735.5,1358,1494,1829,1977,0.8252298
108,/Volumes/SmithL0/2026/BIOL470/Final/Learning_Rig/bee_0408_2/bee_0408_2_rev_green_accident/cam1_2026-04-08_18-13-25.mp4,1594.0,1735.0,1358,1494,1830,1976,0.8255398
109,/Volumes/SmithL0/2026/BIOL470/Final/Learning_Rig/bee_0408_2/bee_0408_2_rev_green_accident/cam1_2026-04-08_18-13-25.mp4,1593.5,1734.0,1358,1494,1829,1974,0.82811844
110,/Volumes/SmithL0/2026/BIOL470/Final/Learning_Rig/bee_0408_2/bee_0408_2_rev_green_accident/cam1_2026-04-08_18-13-25.mp4,1593.5,1733.5,1359,1496,1828,1971,0.8271576
111,/Volumes/SmithL0/2026/BIOL470/Final/Learning_Rig/bee_0408_2/bee_0408_2_rev_green_accident/cam1_2026-04-08_18-13-25.mp4,1588.0,1736.5,1357,1499,1819,1974,0.8222428
112,/Volumes/SmithL0/2026/BIOL470/Final/Learning_Rig/bee_0408_2/bee_0408_2_rev_green_accident/cam1_2026-04-08_18-13-25.mp4,1587.5,1735.5,1357,1498,1818,1973,0.81999564
113,/Volumes/SmithL0/2026/BIOL470/Final/Learning_Rig/bee_0408_2/bee_0408_2_rev_green_accident/cam1_2026-04-08_18-13-25.mp4,1585.5,1735.0,1357,1497,1814,1973,0.8202024
114,/Volumes/SmithL0/2026/BIOL470/Final/Learning_Rig/bee_0408_2/bee_0408_2_rev_green_accident/cam1_2026-04-08_18-13-25.mp4,1584.5,1735.0,1357,1497,1812,1973,0.8237658
115,/Volumes/SmithL0/2026/BIOL470/Final/Learning_Rig/bee_0408_2/bee_0408_2_rev_green_accident/cam1_2026-04-08_18-13-25.mp4,1589.5,1738.0,1358,1501,1821,1975,0.8265789
116,/Volumes/SmithL0/2026/BIOL470/Final/Learning_Rig/bee_0408_2/bee_0408_2_rev_green_accident/cam1_2026-04-08_18-13-25.mp4,1586.0,1736.0,1357,1498,1815,1974,0.8245243
117,/Volumes/SmithL0/2026/BIOL470/Final/Learning_Rig/bee_0408_2/bee_0408_2_rev_green_accident/cam1_2026-04-08_18-13-25.mp4,1588.0,1738.0,1353,1500,1823,1976,0.81711155
118,/Volumes/SmithL0/2026/BIOL470/Final/Learning_Rig/bee_0408_2/bee_0408_2_rev_green_accident/cam1_2026-04-08_18-13-25.mp4,1583.5,1737.0,1352,1492,1815,1982,0.8274317
119,/Volumes/SmithL0/2026/BIOL470/Final/Learning_Rig/bee_0408_2/bee_0408_2_rev_green_accident/cam1_2026-04-08_18-13-25.mp4,1582.0,1737.0,1348,1492,1816,1982,0.8242849
120,/Volumes/SmithL0/2026/BIOL470/Final/Learning_Rig/bee_0408_2/bee_0408_2_rev_green_accident/cam1_2026-04-08_18-13-25.mp4,1581.5,1737.0,1346,1491,1817,1983,0.8258073
121,/Volumes/SmithL0/2026/BIOL470/Final/Learning_Rig/bee_0408_2/bee_0408_2_rev_green_accident/cam1_2026-04-08_18-13-25.mp4,1584.5,1738.0,1354,1492,1815,1984,0.8287589
122,/Volumes/SmithL0/2026/BIOL470/Final/Learning_Rig/bee_0408_2/bee_0408_2_rev_green_accident/cam1_2026-04-08_18-13-25.mp4,1586.5,1738.5,1354,1494,1819,1983,0.8338598
123,/Volumes/SmithL0/2026/BIOL470/Final/Learning_Rig/bee_0408_2/bee_0408_2_rev_green_accident/cam1_2026-04-08_18-13-25.mp4,1590.5,1739.0,1355,1496,1826,1982,0.83724535
124,/Volumes/SmithL0/2026/BIOL470/Final/Learning_Rig/bee_0408_2/bee_0408_2_rev_green_accident/cam1_2026-04-08_18-13-25.mp4,1592.0,1739.5,1358,1495,1826,1984,0.8311891
125,/Volumes/SmithL0/2026/BIOL470/Final/Learning_Rig/bee_0408_2/bee_0408_2_rev_green_accident/cam1_2026-04-08_18-13-25.mp4,1593.5,1739.0,1358,1493,1829,1985,0.8311211
126,/Volumes/SmithL0/2026/BIOL470/Final/Learning_Rig/bee_0408_2/bee_0408_2_rev_green_accident/cam1_2026-04-08_18-13-25.mp4,1598.0,1745.0,1360,1497,1836,1993,0.8313517
127,/Volumes/SmithL0/2026/BIOL470/Final/Learning_Rig/bee_0408_2/bee_0408_2_rev_green_accident/cam1_2026-04-08_18-13-25.mp4,1594.0,1739.5,1361,1493,1827,1986,0.83229655
128,/Volumes/SmithL0/2026/BIOL470/Final/Learning_Rig/bee_0408_2/bee_0408_2_rev_green_accident/cam1_2026-04-08_18-13-25.mp4,1593.5,1740.0,1360,1494,1827,1986,0.8357611
129,/Volumes/SmithL0/2026/BIOL470/Final/Learning_Rig/bee_0408_2/bee_0408_2_rev_green_accident/cam1_2026-04-08_18-13-25.mp4,1590.5,1739.5,1360,1493,1821,1986,0.83272344
130,/Volumes/SmithL0/2026/BIOL470/Final/Learning_Rig/bee_0408_2/bee_0408_2_rev_green_accident/cam1_2026-04-08_18-13-25.mp4,1591.5,1739.5,1360,1493,1823,1986,0.8338352
131,/Volumes/SmithL0/2026/BIOL470/Final/Learning_Rig/bee_0408_2/bee_0408_2_rev_green_accident/cam1_2026-04-08_18-13-25.mp4,1589.0,1740.0,1356,1494,1822,1986,0.8332243
132,/Volumes/SmithL0/2026/BIOL470/Final/Learning_Rig/bee_0408_2/bee_0408_2_rev_green_accident/cam1_2026-04-08_18-13-25.mp4,1589.5,1740.0,1354,1494,1825,1986,0.83270645
133,/Volumes/SmithL0/2026/BIOL470/Final/Learning_Rig/bee_0408_2/bee_0408_2_rev_green_accident/cam1_2026-04-08_18-13-25.mp4,1590.5,1740.0,1354,1494,1827,1986,0.8331019
134,/Volumes/SmithL0/2026/BIOL470/Final/Learning_Rig/bee_0408_2/bee_0408_2_rev_green_accident/cam1_2026-04-08_18-13-25.mp4,1590.5,1740.0,1353,1494,1828,1986,0.83310694
135,/Volumes/SmithL0/2026/BIOL470/Final/Learning_Rig/bee_0408_2/bee_0408_2_rev_green_accident/cam1_2026-04-08_18-13-25.mp4,1589.5,1740.0,1352,1495,1827,1985,0.8323379
136,/Volumes/SmithL0/2026/BIOL470/Final/Learning_Rig/bee_0408_2/bee_0408_2_rev_green_accident/cam1_2026-04-08_18-13-25.mp4,1590.5,1742.5,1355,1499,1826,1986,0.8296057
137,/Volumes/SmithL0/2026/BIOL470/Final/Learning_Rig/bee_0408_2/bee_0408_2_rev_green_accident/cam1_2026-04-08_18-13-25.mp4,1589.0,1743.0,1353,1501,1825,1985,0.83179164
138,/Volumes/SmithL0/2026/BIOL470/Final/Learning_Rig/bee_0408_2/bee_0408_2_rev_green_accident/cam1_2026-04-08_18-13-25.mp4,1589.0,1743.0,1353,1501,1825,1985,0.829271
139,/Volumes/SmithL0/2026/BIOL470/Final/Learning_Rig/bee_0408_2/bee_0408_2_rev_green_accident/cam1_2026-04-08_18-13-25.mp4,1588.5,1743.0,1354,1502,1823,1984,0.8292926
140,/Volumes/SmithL0/2026/BIOL470/Final/Learning_Rig/bee_0408_2/bee_0408_2_rev_green_accident/cam1_2026-04-08_18-13-25.mp4,1588.5,1742.5,1354,1502,1823,1983,0.829061
141,/Volumes/SmithL0/2026/BIOL470/Final/Learning_Rig/bee_0408_2/bee_0408_2_rev_green_accident/cam1_2026-04-08_18-13-25.mp4,1588.5,1742.0,1353,1501,1824,1983,0.8273889
142,/Volumes/SmithL0/2026/BIOL470/Final/Learning_Rig/bee_0408_2/bee_0408_2_rev_green_accident/cam1_2026-04-08_18-13-25.mp4,1589.5,1742.0,1353,1501,1826,1983,0.8315647
143,/Volumes/SmithL0/2026/BIOL470/Final/Learning_Rig/bee_0408_2/bee_0408_2_rev_green_accident/cam1_2026-04-08_18-13-25.mp4,1590.0,1742.5,1352,1501,1828,1984,0.8297842
144,/Volumes/SmithL0/2026/BIOL470/Final/Learning_Rig/bee_0408_2/bee_0408_2_rev_green_accident/cam1_2026-04-08_18-13-25.mp4,1590.5,1743.5,1354,1503,1827,1984,0.827854
145,/Volumes/SmithL0/2026/BIOL470/Final/Learning_Rig/bee_0408_2/bee_0408_2_rev_green_accident/cam1_2026-04-08_18-13-25.mp4,1590.5,1743.5,1355,1503,1826,1984,0.8257076
146,/Volumes/SmithL0/2026/BIOL470/Final/Learning_Rig/bee_0408_2/bee_0408_2_rev_green_accident/cam1_2026-04-08_18-13-25.mp4,1590.0,1743.5,1355,1504,1825,1983,0.8243132
147,/Volumes/SmithL0/2026/BIOL470/Final/Learning_Rig/bee_0408_2/bee_0408_2_rev_green_accident/cam1_2026-04-08_18-13-25.mp4,1590.0,1744.0,1355,1505,1825,1983,0.82818794
148,/Volumes/SmithL0/2026/BIOL470/Final/Learning_Rig/bee_0408_2/bee_0408_2_rev_green_accident/cam1_2026-04-08_18-13-25.mp4,1590.0,1744.5,1354,1506,1826,1983,0.8265951
149,/Volumes/SmithL0/2026/BIOL470/Final/Learning_Rig/bee_0408_2/bee_0408_2_rev_green_accident/cam1_2026-04-08_18-13-25.mp4,1591.0,1744.0,1354,1505,1828,1983,0.8270426
150,/Volumes/SmithL0/2026/BIOL470/Final/Learning_Rig/bee_0408_2/bee_0408_2_rev_green_accident/cam1_2026-04-08_18-13-25.mp4,1589.0,1744.0,1354,1504,1824,1984,0.82779974
151,/Volumes/SmithL0/2026/BIOL470/Final/Learning_Rig/bee_0408_2/bee_0408_2_rev_green_accident/cam1_2026-04-08_18-13-25.mp4,1588.5,1744.0,1353,1504,1824,1984,0.82702506
152,/Volumes/SmithL0/2026/BIOL470/Final/Learning_Rig/bee_0408_2/bee_0408_2_rev_green_accident/cam1_2026-04-08_18-13-25.mp4,1588.5,1744.5,1354,1505,1823,1984,0.8267071
153,/Volumes/SmithL0/2026/BIOL470/Final/Learning_Rig/bee_0408_2/bee_0408_2_rev_green_accident/cam1_2026-04-08_18-13-25.mp4,1587.5,1744.0,1353,1505,1822,1983,0.82547253
154,/Volumes/SmithL0/2026/BIOL470/Final/Learning_Rig/bee_0408_2/bee_0408_2_rev_green_accident/cam1_2026-04-08_18-13-25.mp4,1588.0,1744.5,1353,1505,1823,1984,0.8245418
155,/Volumes/SmithL0/2026/BIOL470/Final/Learning_Rig/bee_0408_2/bee_0408_2_rev_green_accident/cam1_2026-04-08_18-13-25.mp4,1587.5,1744.0,1351,1505,1824,1983,0.8246694
156,/Volumes/SmithL0/2026/BIOL470/Final/Learning_Rig/bee_0408_2/bee_0408_2_rev_green_accident/cam1_2026-04-08_18-13-25.mp4,1588.5,1744.0,1353,1505,1824,1983,0.8228227
157,/Volumes/SmithL0/2026/BIOL470/Final/Learning_Rig/bee_0408_2/bee_0408_2_rev_green_accident/cam1_2026-04-08_18-13-25.mp4,1588.5,1744.0,1352,1504,1825,1984,0.824211
158,/Volumes/SmithL0/2026/BIOL470/Final/Learning_Rig/bee_0408_2/bee_0408_2_rev_green_accident/cam1_2026-04-08_18-13-25.mp4,1588.0,1744.5,1352,1505,1824,1984,0.8235292
159,/Volumes/SmithL0/2026/BIOL470/Final/Learning_Rig/bee_0408_2/bee_0408_2_rev_green_accident/cam1_2026-04-08_18-13-25.mp4,1588.5,1744.5,1351,1505,1826,1984,0.8236002
160,/Volumes/SmithL0/2026/BIOL470/Final/Learning_Rig/bee_0408_2/bee_0408_2_rev_green_accident/cam1_2026-04-08_18-13-25.mp4,1588.0,1745.0,1353,1506,1823,1984,0.8192939
161,/Volumes/SmithL0/2026/BIOL470/Final/Learning_Rig/bee_0408_2/bee_0408_2_rev_green_accident/cam1_2026-04-08_18-13-25.mp4,1588.5,1745.0,1352,1505,1825,1985,0.8199535
162,/Volumes/SmithL0/2026/BIOL470/Final/Learning_Rig/bee_0408_2/bee_0408_2_rev_green_accident/cam1_2026-04-08_18-13-25.mp4,1592.5,1747.0,1355,1504,1830,1990,0.8206501
163,/Volumes/SmithL0/2026/BIOL470/Final/Learning_Rig/bee_0408_2/bee_0408_2_rev_green_accident/cam1_2026-04-08_18-13-25.mp4,1588.5,1744.5,1351,1506,1826,1983,0.82249373
164,/Volumes/SmithL0/2026/BIOL470/Final/Learning_Rig/bee_0408_2/bee_0408_2_rev_green_accident/cam1_2026-04-08_18-13-25.mp4,1588.5,1745.0,1352,1507,1825,1983,0.8201613
165,/Volumes/SmithL0/2026/BIOL470/Final/Learning_Rig/bee_0408_2/bee_0408_2_rev_green_accident/cam1_2026-04-08_18-13-25.mp4,1587.5,1744.5,1350,1506,1825,1983,0.8209791
166,/Volumes/SmithL0/2026/BIOL470/Final/Learning_Rig/bee_0408_2/bee_0408_2_rev_green_accident/cam1_2026-04-08_18-13-25.mp4,1588.0,1745.0,1349,1507,1827,1983,0.815964
167,/Volumes/SmithL0/2026/BIOL470/Final/Learning_Rig/bee_0408_2/bee_0408_2_rev_green_accident/cam1_2026-04-08_18-13-25.mp4,1586.5,1744.5,1350,1506,1823,1983,0.81807226
168,/Volumes/SmithL0/2026/BIOL470/Final/Learning_Rig/bee_0408_2/bee_0408_2_rev_green_accident/cam1_2026-04-08_18-13-25.mp4,1588.0,1745.0,1351,1506,1825,1984,0.81626457
169,/Volumes/SmithL0/2026/BIOL470/Final/Learning_Rig/bee_0408_2/bee_0408_2_rev_green_accident/cam1_2026-04-08_18-13-25.mp4,1588.0,1745.5,1350,1507,1826,1984,0.81699485
170,/Volumes/SmithL0/2026/BIOL470/Final/Learning_Rig/bee_0408_2/bee_0408_2_rev_green_accident/cam1_2026-04-08_18-13-25.mp4,1589.0,1745.5,1351,1507,1827,1984,0.81661564
171,/Volumes/SmithL0/2026/BIOL470/Final/Learning_Rig/bee_0408_2/bee_0408_2_rev_green_accident/cam1_2026-04-08_18-13-25.mp4,1587.5,1745.5,1348,1507,1827,1984,0.8187784
172,/Volumes/SmithL0/2026/BIOL470/Final/Learning_Rig/bee_0408_2/bee_0408_2_rev_green_accident/cam1_2026-04-08_18-13-25.mp4,1587.5,1745.5,1349,1507,1826,1984,0.82098305
173,/Volumes/SmithL0/2026/BIOL470/Final/Learning_Rig/bee_0408_2/bee_0408_2_rev_green_accident/cam1_2026-04-08_18-13-25.mp4,1588.0,1746.0,1351,1507,1825,1985,0.82029945
174,/Volumes/SmithL0/2026/BIOL470/Final/Learning_Rig/bee_0408_2/bee_0408_2_rev_green_accident/cam1_2026-04-08_18-13-25.mp4,1587.5,1746.0,1349,1507,1826,1985,0.8196718
175,/Volumes/SmithL0/2026/BIOL470/Final/Learning_Rig/bee_0408_2/bee_0408_2_rev_green_accident/cam1_2026-04-08_18-13-25.mp4,1589.0,1746.0,1350,1507,1828,1985,0.8186782
176,/Volumes/SmithL0/2026/BIOL470/Final/Learning_Rig/bee_0408_2/bee_0408_2_rev_green_accident/cam1_2026-04-08_18-13-25.mp4,1588.5,1746.0,1351,1507,1826,1985,0.8187913
177,/Volumes/SmithL0/2026/BIOL470/Final/Learning_Rig/bee_0408_2/bee_0408_2_rev_green_accident/cam1_2026-04-08_18-13-25.mp4,1587.0,1746.0,1350,1507,1824,1985,0.82313734
178,/Volumes/SmithL0/2026/BIOL470/Final/Learning_Rig/bee_0408_2/bee_0408_2_rev_green_accident/cam1_2026-04-08_18-13-25.mp4,1588.0,1746.0,1350,1508,1826,1984,0.8218071
179,/Volumes/SmithL0/2026/BIOL470/Final/Learning_Rig/bee_0408_2/bee_0408_2_rev_green_accident/cam1_2026-04-08_18-13-25.mp4,1588.0,1746.0,1350,1508,1826,1984,0.8209408
180,/Volumes/SmithL0/2026/BIOL470/Final/Learning_Rig/bee_0408_2/bee_0408_2_rev_green_accident/cam1_2026-04-08_18-13-25.mp4,1588.5,1746.5,1350,1508,1827,1985,0.8242014
181,/Volumes/SmithL0/2026/BIOL470/Final/Learning_Rig/bee_0408_2/bee_0408_2_rev_green_accident/cam1_2026-04-08_18-13-25.mp4,1589.0,1746.5,1350,1509,1828,1984,0.8227421
182,/Volumes/SmithL0/2026/BIOL470/Final/Learning_Rig/bee_0408_2/bee_0408_2_rev_green_accident/cam1_2026-04-08_18-13-25.mp4,1588.5,1746.5,1350,1509,1827,1984,0.82350254
183,/Volumes/SmithL0/2026/BIOL470/Final/Learning_Rig/bee_0408_2/bee_0408_2_rev_green_accident/cam1_2026-04-08_18-13-25.mp4,1588.5,1747.0,1350,1509,1827,1985,0.82111776
184,/Volumes/SmithL0/2026/BIOL470/Final/Learning_Rig/bee_0408_2/bee_0408_2_rev_green_accident/cam1_2026-04-08_18-13-25.mp4,1588.5,1746.5,1350,1509,1827,1984,0.82142586
185,/Volumes/SmithL0/2026/BIOL470/Final/Learning_Rig/bee_0408_2/bee_0408_2_rev_green_accident/cam1_2026-04-08_18-13-25.mp4,1590.0,1747.5,1351,1510,1829,1985,0.8215857
186,/Volumes/SmithL0/2026/BIOL470/Final/Learning_Rig/bee_0408_2/bee_0408_2_rev_green_accident/cam1_2026-04-08_18-13-25.mp4,1590.0,1748.0,1352,1511,1828,1985,0.8199728
187,/Volumes/SmithL0/2026/BIOL470/Final/Learning_Rig/bee_0408_2/bee_0408_2_rev_green_accident/cam1_2026-04-08_18-13-25.mp4,1590.5,1748.5,1350,1511,1831,1986,0.8168908
188,/Volumes/SmithL0/2026/BIOL470/Final/Learning_Rig/bee_0408_2/bee_0408_2_rev_green_accident/cam1_2026-04-08_18-13-25.mp4,1589.0,1748.0,1349,1511,1829,1985,0.8194618
189,/Volumes/SmithL0/2026/BIOL470/Final/Learning_Rig/bee_0408_2/bee_0408_2_rev_green_accident/cam1_2026-04-08_18-13-25.mp4,1589.5,1749.0,1352,1512,1827,1986,0.8183601
190,/Volumes/SmithL0/2026/BIOL470/Final/Learning_Rig/bee_0408_2/bee_0408_2_rev_green_accident/cam1_2026-04-08_18-13-25.mp4,1590.0,1748.5,1351,1512,1829,1985,0.8176083
191,/Volumes/SmithL0/2026/BIOL470/Final/Learning_Rig/bee_0408_2/bee_0408_2_rev_green_accident/cam1_2026-04-08_18-13-25.mp4,1589.5,1748.0,1350,1512,1829,1984,0.8176954
192,/Volumes/SmithL0/2026/BIOL470/Final/Learning_Rig/bee_0408_2/bee_0408_2_rev_green_accident/cam1_2026-04-08_18-13-25.mp4,1589.5,1749.0,1350,1512,1829,1986,0.81817377
193,/Volumes/SmithL0/2026/BIOL470/Final/Learning_Rig/bee_0408_2/bee_0408_2_rev_green_accident/cam1_2026-04-08_18-13-25.mp4,1590.0,1748.0,1350,1512,1830,1984,0.8186457
194,/Volumes/SmithL0/2026/BIOL470/Final/Learning_Rig/bee_0408_2/bee_0408_2_rev_green_accident/cam1_2026-04-08_18-13-25.mp4,1589.0,1748.0,1350,1512,1828,1984,0.81718546
195,/Volumes/SmithL0/2026/BIOL470/Final/Learning_Rig/bee_0408_2/bee_0408_2_rev_green_accident/cam1_2026-04-08_18-13-25.mp4,1588.5,1748.5,1352,1513,1825,1984,0.8172411
196,/Volumes/SmithL0/2026/BIOL470/Final/Learning_Rig/bee_0408_2/bee_0408_2_rev_green_accident/cam1_2026-04-08_18-13-25.mp4,1588.0,1748.0,1350,1512,1826,1984,0.82034177
197,/Volumes/SmithL0/2026/BIOL470/Final/Learning_Rig/bee_0408_2/bee_0408_2_rev_green_accident/cam1_2026-04-08_18-13-25.mp4,1588.0,1749.0,1350,1512,1826,1986,0.8142125
198,/Volumes/SmithL0/2026/BIOL470/Final/Learning_Rig/bee_0408_2/bee_0408_2_rev_green_accident/cam1_2026-04-08_18-13-25.mp4,1589.0,1748.5,1350,1511,1828,1986,0.8157773
199,/Volumes/SmithL0/2026/BIOL470/Final/Learning_Rig/bee_0408_2/bee_0408_2_rev_green_accident/cam1_2026-04-08_18-13-25.mp4,1590.5,1750.0,1350,1512,1831,1988,0.81082577
200,/Volumes/SmithL0/2026/BIOL470/Final/Learning_Rig/bee_0408_2/bee_0408_2_rev_green_accident/cam1_2026-04-08_18-13-25.mp4,1589.0,1750.0,1348,1513,1830,1987,0.8117752
201,/Volumes/SmithL0/2026/BIOL470/Final/Learning_Rig/bee_0408_2/bee_0408_2_rev_green_accident/cam1_2026-04-08_18-13-25.mp4,1589.5,1749.5,1350,1513,1829,1986,0.813787
202,/Volumes/SmithL0/2026/BIOL470/Final/Learning_Rig/bee_0408_2/bee_0408_2_rev_green_accident/cam1_2026-04-08_18-13-25.mp4,1588.5,1749.5,1351,1512,1826,1987,0.8161182
203,/Volumes/SmithL0/2026/BIOL470/Final/Learning_Rig/bee_0408_2/bee_0408_2_rev_green_accident/cam1_2026-04-08_18-13-25.mp4,1590.0,1751.0,1350,1513,1830,1989,0.8074407
204,/Volumes/SmithL0/2026/BIOL470/Final/Learning_Rig/bee_0408_2/bee_0408_2_rev_green_accident/cam1_2026-04-08_18-13-25.mp4,1589.5,1750.0,1350,1514,1829,1986,0.81953156
205,/Volumes/SmithL0/2026/BIOL470/Final/Learning_Rig/bee_0408_2/bee_0408_2_rev_green_accident/cam1_2026-04-08_18-13-25.mp4,1589.5,1749.0,1348,1512,1831,1986,0.8234311
206,/Volumes/SmithL0/2026/BIOL470/Final/Learning_Rig/bee_0408_2/bee_0408_2_rev_green_accident/cam1_2026-04-08_18-13-25.mp4,1590.0,1749.5,1349,1513,1831,1986,0.8214228
207,/Volumes/SmithL0/2026/BIOL470/Final/Learning_Rig/bee_0408_2/bee_0408_2_rev_green_accident/cam1_2026-04-08_18-13-25.mp4,1589.5,1750.0,1349,1513,1830,1987,0.8177024
208,/Volumes/SmithL0/2026/BIOL470/Final/Learning_Rig/bee_0408_2/bee_0408_2_rev_green_accident/cam1_2026-04-08_18-13-25.mp4,1591.0,1750.0,1349,1514,1833,1986,0.8213057
209,/Volumes/SmithL0/2026/BIOL470/Final/Learning_Rig/bee_0408_2/bee_0408_2_rev_green_accident/cam1_2026-04-08_18-13-25.mp4,1589.0,1750.5,1346,1515,1832,1986,0.819199
210,/Volumes/SmithL0/2026/BIOL470/Final/Learning_Rig/bee_0408_2/bee_0408_2_rev_green_accident/cam1_2026-04-08_18-13-25.mp4,1587.0,1750.0,1343,1514,1831,1986,0.81763786
211,/Volumes/SmithL0/2026/BIOL470/Final/Learning_Rig/bee_0408_2/bee_0408_2_rev_green_accident/cam1_2026-04-08_18-13-25.mp4,1589.0,1750.5,1346,1515,1832,1986,0.81549203
212,/Volumes/SmithL0/2026/BIOL470/Final/Learning_Rig/bee_0408_2/bee_0408_2_rev_green_accident/cam1_2026-04-08_18-13-25.mp4,1589.0,1751.0,1345,1515,1833,1987,0.81846106
213,/Volumes/SmithL0/2026/BIOL470/Final/Learning_Rig/bee_0408_2/bee_0408_2_rev_green_accident/cam1_2026-04-08_18-13-25.mp4,1589.0,1750.5,1345,1515,1833,1986,0.8207261
214,/Volumes/SmithL0/2026/BIOL470/Final/Learning_Rig/bee_0408_2/bee_0408_2_rev_green_accident/cam1_2026-04-08_18-13-25.mp4,1589.5,1750.0,1348,1515,1831,1985,0.82114637
215,/Volumes/SmithL0/2026/BIOL470/Final/Learning_Rig/bee_0408_2/bee_0408_2_rev_green_accident/cam1_2026-04-08_18-13-25.mp4,1589.5,1751.5,1351,1516,1828,1987,0.8181425
216,/Volumes/SmithL0/2026/BIOL470/Final/Learning_Rig/bee_0408_2/bee_0408_2_rev_green_accident/cam1_2026-04-08_18-13-25.mp4,1589.5,1750.0,1350,1515,1829,1985,0.8219864
217,/Volumes/SmithL0/2026/BIOL470/Final/Learning_Rig/bee_0408_2/bee_0408_2_rev_green_accident/cam1_2026-04-08_18-13-25.mp4,1590.5,1750.0,1351,1514,1830,1986,0.82132566
218,/Volumes/SmithL0/2026/BIOL470/Final/Learning_Rig/bee_0408_2/bee_0408_2_rev_green_accident/cam1_2026-04-08_18-13-25.mp4,1590.5,1749.5,1350,1513,1831,1986,0.81898344
219,/Volumes/SmithL0/2026/BIOL470/Final/Learning_Rig/bee_0408_2/bee_0408_2_rev_green_accident/cam1_2026-04-08_18-13-25.mp4,1589.0,1750.0,1350,1513,1828,1987,0.8185989
220,/Volumes/SmithL0/2026/BIOL470/Final/Learning_Rig/bee_0408_2/bee_0408_2_rev_green_accident/cam1_2026-04-08_18-13-25.mp4,1589.0,1749.5,1348,1514,1830,1985,0.81917423
221,/Volumes/SmithL0/2026/BIOL470/Final/Learning_Rig/bee_0408_2/bee_0408_2_rev_green_accident/cam1_2026-04-08_18-13-25.mp4,1587.5,1751.5,1350,1516,1825,1987,0.80542284
222,/Volumes/SmithL0/2026/BIOL470/Final/Learning_Rig/bee_0408_2/bee_0408_2_rev_green_accident/cam1_2026-04-08_18-13-25.mp4,1588.5,1751.0,1347,1516,1830,1986,0.8123041
223,/Volumes/SmithL0/2026/BIOL470/Final/Learning_Rig/bee_0408_2/bee_0408_2_rev_green_accident/cam1_2026-04-08_18-13-25.mp4,1587.5,1750.5,1348,1515,1827,1986,0.81783223
224,/Volumes/SmithL0/2026/BIOL470/Final/Learning_Rig/bee_0408_2/bee_0408_2_rev_green_accident/cam1_2026-04-08_18-13-25.mp4,1588.0,1751.0,1350,1515,1826,1987,0.8195742
225,/Volumes/SmithL0/2026/BIOL470/Final/Learning_Rig/bee_0408_2/bee_0408_2_rev_green_accident/cam1_2026-04-08_18-13-25.mp4,1587.5,1750.5,1348,1515,1827,1986,0.8186114
226,/Volumes/SmithL0/2026/BIOL470/Final/Learning_Rig/bee_0408_2/bee_0408_2_rev_green_accident/cam1_2026-04-08_18-13-25.mp4,1588.0,1751.0,1349,1515,1827,1987,0.818902
227,/Volumes/SmithL0/2026/BIOL470/Final/Learning_Rig/bee_0408_2/bee_0408_2_rev_green_accident/cam1_2026-04-08_18-13-25.mp4,1587.0,1751.0,1349,1516,1825,1986,0.81436247
228,/Volumes/SmithL0/2026/BIOL470/Final/Learning_Rig/bee_0408_2/bee_0408_2_rev_green_accident/cam1_2026-04-08_18-13-25.mp4,1587.0,1750.5,1346,1516,1828,1985,0.81810915
229,/Volumes/SmithL0/2026/BIOL470/Final/Learning_Rig/bee_0408_2/bee_0408_2_rev_green_accident/cam1_2026-04-08_18-13-25.mp4,1586.0,1750.0,1348,1516,1824,1984,0.81910473
230,/Volumes/SmithL0/2026/BIOL470/Final/Learning_Rig/bee_0408_2/bee_0408_2_rev_green_accident/cam1_2026-04-08_18-13-25.mp4,1586.0,1750.0,1345,1515,1827,1985,0.8179564
231,/Volumes/SmithL0/2026/BIOL470/Final/Learning_Rig/bee_0408_2/bee_0408_2_rev_green_accident/cam1_2026-04-08_18-13-25.mp4,1587.5,1749.5,1347,1514,1828,1985,0.81988925
232,/Volumes/SmithL0/2026/BIOL470/Final/Learning_Rig/bee_0408_2/bee_0408_2_rev_green_accident/cam1_2026-04-08_18-13-25.mp4,1585.0,1750.0,1345,1514,1825,1986,0.81740546
233,/Volumes/SmithL0/2026/BIOL470/Final/Learning_Rig/bee_0408_2/bee_0408_2_rev_green_accident/cam1_2026-04-08_18-13-25.mp4,1587.5,1750.0,1350,1515,1825,1985,0.8196796
234,/Volumes/SmithL0/2026/BIOL470/Final/Learning_Rig/bee_0408_2/bee_0408_2_rev_green_accident/cam1_2026-04-08_18-13-25.mp4,1588.0,1750.0,1351,1514,1825,1986,0.81612647
235,/Volumes/SmithL0/2026/BIOL470/Final/Learning_Rig/bee_0408_2/bee_0408_2_rev_green_accident/cam1_2026-04-08_18-13-25.mp4,1589.5,1750.5,1351,1514,1828,1987,0.8176014
236,/Volumes/SmithL0/2026/BIOL470/Final/Learning_Rig/bee_0408_2/bee_0408_2_rev_green_accident/cam1_2026-04-08_18-13-25.mp4,1589.0,1750.5,1350,1514,1828,1987,0.81979734
237,/Volumes/SmithL0/2026/BIOL470/Final/Learning_Rig/bee_0408_2/bee_0408_2_rev_green_accident/cam1_2026-04-08_18-13-25.mp4,1588.5,1751.0,1350,1515,1827,1987,0.8181097
238,/Volumes/SmithL0/2026/BIOL470/Final/Learning_Rig/bee_0408_2/bee_0408_2_rev_green_accident/cam1_2026-04-08_18-13-25.mp4,1587.5,1750.0,1350,1515,1825,1985,0.81887627
239,/Volumes/SmithL0/2026/BIOL470/Final/Learning_Rig/bee_0408_2/bee_0408_2_rev_green_accident/cam1_2026-04-08_18-13-25.mp4,1588.5,1750.0,1349,1515,1828,1985,0.81600016
240,/Volumes/SmithL0/2026/BIOL470/Final/Learning_Rig/bee_0408_2/bee_0408_2_rev_green_accident/cam1_2026-04-08_18-13-25.mp4,1588.0,1751.0,1349,1516,1827,1986,0.8142119
241,/Volumes/SmithL0/2026/BIOL470/Final/Learning_Rig/bee_0408_2/bee_0408_2_rev_green_accident/cam1_2026-04-08_18-13-25.mp4,1588.0,1751.0,1349,1516,1827,1986,0.81182
242,/Volumes/SmithL0/2026/BIOL470/Final/Learning_Rig/bee_0408_2/bee_0408_2_rev_green_accident/cam1_2026-04-08_18-13-25.mp4,1587.0,1750.5,1349,1515,1825,1986,0.81075454
243,/Volumes/SmithL0/2026/BIOL470/Final/Learning_Rig/bee_0408_2/bee_0408_2_rev_green_accident/cam1_2026-04-08_18-13-25.mp4,1588.0,1750.5,1349,1515,1827,1986,0.8127073
244,/Volumes/SmithL0/2026/BIOL470/Final/Learning_Rig/bee_0408_2/bee_0408_2_rev_green_accident/cam1_2026-04-08_18-13-25.mp4,1589.5,1751.0,1350,1516,1829,1986,0.815068
245,/Volumes/SmithL0/2026/BIOL470/Final/Learning_Rig/bee_0408_2/bee_0408_2_rev_green_accident/cam1_2026-04-08_18-13-25.mp4,1590.0,1751.0,1349,1516,1831,1986,0.81437576
246,/Volumes/SmithL0/2026/BIOL470/Final/Learning_Rig/bee_0408_2/bee_0408_2_rev_green_accident/cam1_2026-04-08_18-13-25.mp4,1591.0,1751.0,1351,1516,1831,1986,0.81607205
247,/Volumes/SmithL0/2026/BIOL470/Final/Learning_Rig/bee_0408_2/bee_0408_2_rev_green_accident/cam1_2026-04-08_18-13-25.mp4,1590.0,1750.0,1350,1515,1830,1985,0.8172606
248,/Volumes/SmithL0/2026/BIOL470/Final/Learning_Rig/bee_0408_2/bee_0408_2_rev_green_accident/cam1_2026-04-08_18-13-25.mp4,1590.0,1750.0,1349,1515,1831,1985,0.81832516
249,/Volumes/SmithL0/2026/BIOL470/Final/Learning_Rig/bee_0408_2/bee_0408_2_rev_green_accident/cam1_2026-04-08_18-13-25.mp4,1589.5,1750.5,1348,1515,1831,1986,0.81672424
250,/Volumes/SmithL0/2026/BIOL470/Final/Learning_Rig/bee_0408_2/bee_0408_2_rev_green_accident/cam1_2026-04-08_18-13-25.mp4,1589.0,1750.0,1349,1515,1829,1985,0.8165923
251,/Volumes/SmithL0/2026/BIOL470/Final/Learning_Rig/bee_0408_2/bee_0408_2_rev_green_accident/cam1_2026-04-08_18-13-25.mp4,1591.0,1750.0,1349,1515,1833,1985,0.8177614
252,/Volumes/SmithL0/2026/BIOL470/Final/Learning_Rig/bee_0408_2/bee_0408_2_rev_green_accident/cam1_2026-04-08_18-13-25.mp4,1589.5,1750.5,1348,1515,1831,1986,0.8183039
253,/Volumes/SmithL0/2026/BIOL470/Final/Learning_Rig/bee_0408_2/bee_0408_2_rev_green_accident/cam1_2026-04-08_18-13-25.mp4,1587.0,1752.0,1345,1516,1829,1988,0.8156393
254,/Volumes/SmithL0/2026/BIOL470/Final/Learning_Rig/bee_0408_2/bee_0408_2_rev_green_accident/cam1_2026-04-08_18-13-25.mp4,1588.0,1751.5,1346,1516,1830,1987,0.8169108
255,/Volumes/SmithL0/2026/BIOL470/Final/Learning_Rig/bee_0408_2/bee_0408_2_rev_green_accident/cam1_2026-04-08_18-13-25.mp4,1588.5,1752.5,1349,1518,1828,1987,0.8177444
256,/Volumes/SmithL0/2026/BIOL470/Final/Learning_Rig/bee_0408_2/bee_0408_2_rev_green_accident/cam1_2026-04-08_18-13-25.mp4,1587.5,1752.5,1345,1519,1830,1986,0.8167936
257,/Volumes/SmithL0/2026/BIOL470/Final/Learning_Rig/bee_0408_2/bee_0408_2_rev_green_accident/cam1_2026-04-08_18-13-25.mp4,1588.0,1752.0,1346,1518,1830,1986,0.81699467
258,/Volumes/SmithL0/2026/BIOL470/Final/Learning_Rig/bee_0408_2/bee_0408_2_rev_green_accident/cam1_2026-04-08_18-13-25.mp4,1587.0,1753.0,1342,1519,1832,1987,0.8162389
259,/Volumes/SmithL0/2026/BIOL470/Final/Learning_Rig/bee_0408_2/bee_0408_2_rev_green_accident/cam1_2026-04-08_18-13-25.mp4,1585.5,1752.5,1340,1518,1831,1987,0.8146215
260,/Volumes/SmithL0/2026/BIOL470/Final/Learning_Rig/bee_0408_2/bee_0408_2_rev_green_accident/cam1_2026-04-08_18-13-25.mp4,1584.5,1752.5,1338,1518,1831,1987,0.8146687
261,/Volumes/SmithL0/2026/BIOL470/Final/Learning_Rig/bee_0408_2/bee_0408_2_rev_green_accident/cam1_2026-04-08_18-13-25.mp4,1584.5,1751.0,1338,1517,1831,1985,0.8158012
262,/Volumes/SmithL0/2026/BIOL470/Final/Learning_Rig/bee_0408_2/bee_0408_2_rev_green_accident/cam1_2026-04-08_18-13-25.mp4,1583.0,1752.0,1338,1519,1828,1985,0.81109536
263,/Volumes/SmithL0/2026/BIOL470/Final/Learning_Rig/bee_0408_2/bee_0408_2_rev_green_accident/cam1_2026-04-08_18-13-25.mp4,1584.5,1752.0,1344,1519,1825,1985,0.8122303
264,/Volumes/SmithL0/2026/BIOL470/Final/Learning_Rig/bee_0408_2/bee_0408_2_rev_green_accident/cam1_2026-04-08_18-13-25.mp4,1586.0,1752.0,1345,1519,1827,1985,0.81166995
265,/Volumes/SmithL0/2026/BIOL470/Final/Learning_Rig/bee_0408_2/bee_0408_2_rev_green_accident/cam1_2026-04-08_18-13-25.mp4,1587.0,1751.5,1347,1518,1827,1985,0.8114516
266,/Volumes/SmithL0/2026/BIOL470/Final/Learning_Rig/bee_0408_2/bee_0408_2_rev_green_accident/cam1_2026-04-08_18-13-25.mp4,1587.0,1751.0,1348,1517,1826,1985,0.8131849
267,/Volumes/SmithL0/2026/BIOL470/Final/Learning_Rig/bee_0408_2/bee_0408_2_rev_green_accident/cam1_2026-04-08_18-13-25.mp4,1587.0,1751.0,1345,1517,1829,1985,0.815513
268,/Volumes/SmithL0/2026/BIOL470/Final/Learning_Rig/bee_0408_2/bee_0408_2_rev_green_accident/cam1_2026-04-08_18-13-25.mp4,1588.0,1752.0,1348,1518,1828,1986,0.80818075
269,/Volumes/SmithL0/2026/BIOL470/Final/Learning_Rig/bee_0408_2/bee_0408_2_rev_green_accident/cam1_2026-04-08_18-13-25.mp4,1588.0,1752.5,1344,1518,1832,1987,0.81452817
270,/Volumes/SmithL0/2026/BIOL470/Final/Learning_Rig/bee_0408_2/bee_0408_2_rev_green_accident/cam1_2026-04-08_18-13-25.mp4,1586.0,1752.0,1346,1518,1826,1986,0.81346714
271,/Volumes/SmithL0/2026/BIOL470/Final/Learning_Rig/bee_0408_2/bee_0408_2_rev_green_accident/cam1_2026-04-08_18-13-25.mp4,1587.0,1752.0,1347,1518,1827,1986,0.8142946
272,/Volumes/SmithL0/2026/BIOL470/Final/Learning_Rig/bee_0408_2/bee_0408_2_rev_green_accident/cam1_2026-04-08_18-13-25.mp4,1585.5,1752.0,1343,1518,1828,1986,0.81344426
273,/Volumes/SmithL0/2026/BIOL470/Final/Learning_Rig/bee_0408_2/bee_0408_2_rev_green_accident/cam1_2026-04-08_18-13-25.mp4,1586.0,1752.0,1342,1518,1830,1986,0.8141263
274,/Volumes/SmithL0/2026/BIOL470/Final/Learning_Rig/bee_0408_2/bee_0408_2_rev_green_accident/cam1_2026-04-08_18-13-25.mp4,1586.0,1752.0,1346,1517,1826,1987,0.8139018
275,/Volumes/SmithL0/2026/BIOL470/Final/Learning_Rig/bee_0408_2/bee_0408_2_rev_green_accident/cam1_2026-04-08_18-13-25.mp4,1585.5,1752.0,1345,1518,1826,1986,0.8148717
276,/Volumes/SmithL0/2026/BIOL470/Final/Learning_Rig/bee_0408_2/bee_0408_2_rev_green_accident/cam1_2026-04-08_18-13-25.mp4,1585.0,1753.5,1346,1519,1824,1988,0.8089706
277,/Volumes/SmithL0/2026/BIOL470/Final/Learning_Rig/bee_0408_2/bee_0408_2_rev_green_accident/cam1_2026-04-08_18-13-25.mp4,1586.5,1751.5,1348,1517,1825,1986,0.8143904
278,/Volumes/SmithL0/2026/BIOL470/Final/Learning_Rig/bee_0408_2/bee_0408_2_rev_green_accident/cam1_2026-04-08_18-13-25.mp4,1586.5,1752.5,1350,1518,1823,1987,0.8131473
279,/Volumes/SmithL0/2026/BIOL470/Final/Learning_Rig/bee_0408_2/bee_0408_2_rev_green_accident/cam1_2026-04-08_18-13-25.mp4,1586.5,1752.5,1350,1518,1823,1987,0.81300074
280,/Volumes/SmithL0/2026/BIOL470/Final/Learning_Rig/bee_0408_2/bee_0408_2_rev_green_accident/cam1_2026-04-08_18-13-25.mp4,1585.5,1752.5,1349,1518,1822,1987,0.80598575
281,/Volumes/SmithL0/2026/BIOL470/Final/Learning_Rig/bee_0408_2/bee_0408_2_rev_green_accident/cam1_2026-04-08_18-13-25.mp4,1585.5,1752.5,1345,1518,1826,1987,0.8068329
282,/Volumes/SmithL0/2026/BIOL470/Final/Learning_Rig/bee_0408_2/bee_0408_2_rev_green_accident/cam1_2026-04-08_18-13-25.mp4,1587.5,1753.0,1346,1519,1829,1987,0.8141299
283,/Volumes/SmithL0/2026/BIOL470/Final/Learning_Rig/bee_0408_2/bee_0408_2_rev_green_accident/cam1_2026-04-08_18-13-25.mp4,1588.0,1752.0,1344,1518,1832,1986,0.8143803
284,/Volumes/SmithL0/2026/BIOL470/Final/Learning_Rig/bee_0408_2/bee_0408_2_rev_green_accident/cam1_2026-04-08_18-13-25.mp4,1588.0,1752.5,1346,1518,1830,1987,0.81504124
285,/Volumes/SmithL0/2026/BIOL470/Final/Learning_Rig/bee_0408_2/bee_0408_2_rev_green_accident/cam1_2026-04-08_18-13-25.mp4,1587.0,1754.5,1344,1518,1830,1991,0.81003034
286,/Volumes/SmithL0/2026/BIOL470/Final/Learning_Rig/bee_0408_2/bee_0408_2_rev_green_accident/cam1_2026-04-08_18-13-25.mp4,1586.0,1752.0,1343,1518,1829,1986,0.8156754
287,/Volumes/SmithL0/2026/BIOL470/Final/Learning_Rig/bee_0408_2/bee_0408_2_rev_green_accident/cam1_2026-04-08_18-13-25.mp4,1586.5,1753.0,1346,1519,1827,1987,0.8152728
288,/Volumes/SmithL0/2026/BIOL470/Final/Learning_Rig/bee_0408_2/bee_0408_2_rev_green_accident/cam1_2026-04-08_18-13-25.mp4,1586.0,1753.5,1347,1519,1825,1988,0.81101495
289,/Volumes/SmithL0/2026/BIOL470/Final/Learning_Rig/bee_0408_2/bee_0408_2_rev_green_accident/cam1_2026-04-08_18-13-25.mp4,1587.0,1754.0,1348,1520,1826,1988,0.81470394
290,/Volumes/SmithL0/2026/BIOL470/Final/Learning_Rig/bee_0408_2/bee_0408_2_rev_green_accident/cam1_2026-04-08_18-13-25.mp4,1586.0,1753.5,1348,1520,1824,1987,0.8112285
291,/Volumes/SmithL0/2026/BIOL470/Final/Learning_Rig/bee_0408_2/bee_0408_2_rev_green_accident/cam1_2026-04-08_18-13-25.mp4,1587.5,1752.5,1348,1519,1827,1986,0.8088671
292,/Volumes/SmithL0/2026/BIOL470/Final/Learning_Rig/bee_0408_2/bee_0408_2_rev_green_accident/cam1_2026-04-08_18-13-25.mp4,1587.0,1753.0,1350,1520,1824,1986,0.8072359
293,/Volumes/SmithL0/2026/BIOL470/Final/Learning_Rig/bee_0408_2/bee_0408_2_rev_green_accident/cam1_2026-04-08_18-13-25.mp4,1587.5,1753.5,1349,1520,1826,1987,0.8144147
294,/Volumes/SmithL0/2026/BIOL470/Final/Learning_Rig/bee_0408_2/bee_0408_2_rev_green_accident/cam1_2026-04-08_18-13-25.mp4,1586.5,1754.0,1346,1520,1827,1988,0.81111664
295,/Volumes/SmithL0/2026/BIOL470/Final/Learning_Rig/bee_0408_2/bee_0408_2_rev_green_accident/cam1_2026-04-08_18-13-25.mp4,1588.5,1754.0,1348,1521,1829,1987,0.81570095
296,/Volumes/SmithL0/2026/BIOL470/Final/Learning_Rig/bee_0408_2/bee_0408_2_rev_green_accident/cam1_2026-04-08_18-13-25.mp4,1588.0,1754.5,1346,1521,1830,1988,0.8132125
297,/Volumes/SmithL0/2026/BIOL470/Final/Learning_Rig/bee_0408_2/bee_0408_2_rev_green_accident/cam1_2026-04-08_18-13-25.mp4,1588.0,1754.5,1344,1521,1832,1988,0.81362635
298,/Volumes/SmithL0/2026/BIOL470/Final/Learning_Rig/bee_0408_2/bee_0408_2_rev_green_accident/cam1_2026-04-08_18-13-25.mp4,1587.5,1753.5,1348,1520,1827,1987,0.8147955
299,/Volumes/SmithL0/2026/BIOL470/Final/Learning_Rig/bee_0408_2/bee_0408_2_rev_green_accident/cam1_2026-04-08_18-13-25.mp4,1587.0,1753.5,1348,1520,1826,1987,0.81707025
300,/Volumes/SmithL0/2026/BIOL470/Final/Learning_Rig/bee_0408_2/bee_0408_2_rev_green_accident/cam1_2026-04-08_18-13-25.mp4,1589.5,1753.5,1349,1521,1830,1986,0.81680447
301,/Volumes/SmithL0/2026/BIOL470/Final/Learning_Rig/bee_0408_2/bee_0408_2_rev_green_accident/cam1_2026-04-08_18-13-25.mp4,1589.5,1753.5,1349,1521,1830,1986,0.8151334
302,/Volumes/SmithL0/2026/BIOL470/Final/Learning_Rig/bee_0408_2/bee_0408_2_rev_green_accident/cam1_2026-04-08_18-13-25.mp4,1590.0,1753.5,1348,1521,1832,1986,0.81826514
303,/Volumes/SmithL0/2026/BIOL470/Final/Learning_Rig/bee_0408_2/bee_0408_2_rev_green_accident/cam1_2026-04-08_18-13-25.mp4,1590.0,1753.5,1348,1521,1832,1986,0.8179934
304,/Volumes/SmithL0/2026/BIOL470/Final/Learning_Rig/bee_0408_2/bee_0408_2_rev_green_accident/cam1_2026-04-08_18-13-25.mp4,1589.0,1755.0,1348,1522,1830,1988,0.8168099
305,/Volumes/SmithL0/2026/BIOL470/Final/Learning_Rig/bee_0408_2/bee_0408_2_rev_green_accident/cam1_2026-04-08_18-13-25.mp4,1588.0,1754.0,1348,1520,1828,1988,0.81322193
306,/Volumes/SmithL0/2026/BIOL470/Final/Learning_Rig/bee_0408_2/bee_0408_2_rev_green_accident/cam1_2026-04-08_18-13-25.mp4,1586.5,1754.5,1346,1521,1827,1988,0.81575453
307,/Volumes/SmithL0/2026/BIOL470/Final/Learning_Rig/bee_0408_2/bee_0408_2_rev_green_accident/cam1_2026-04-08_18-13-25.mp4,1587.5,1754.5,1347,1521,1828,1988,0.8101039
308,/Volumes/SmithL0/2026/BIOL470/Final/Learning_Rig/bee_0408_2/bee_0408_2_rev_green_accident/cam1_2026-04-08_18-13-25.mp4,1587.5,1754.0,1348,1521,1827,1987,0.8101778
309,/Volumes/SmithL0/2026/BIOL470/Final/Learning_Rig/bee_0408_2/bee_0408_2_rev_green_accident/cam1_2026-04-08_18-13-25.mp4,1587.5,1752.5,1347,1520,1828,1985,0.8151733
310,/Volumes/SmithL0/2026/BIOL470/Final/Learning_Rig/bee_0408_2/bee_0408_2_rev_green_accident/cam1_2026-04-08_18-13-25.mp4,1588.5,1753.5,1346,1520,1831,1987,0.8160799
311,/Volumes/SmithL0/2026/BIOL470/Final/Learning_Rig/bee_0408_2/bee_0408_2_rev_green_accident/cam1_2026-04-08_18-13-25.mp4,1587.5,1754.5,1343,1520,1832,1989,0.80488014
312,/Volumes/SmithL0/2026/BIOL470/Final/Learning_Rig/bee_0408_2/bee_0408_2_rev_green_accident/cam1_2026-04-08_18-13-25.mp4,1587.0,1753.5,1344,1520,1830,1987,0.8084244
313,/Volumes/SmithL0/2026/BIOL470/Final/Learning_Rig/bee_0408_2/bee_0408_2_rev_green_accident/cam1_2026-04-08_18-13-25.mp4,1585.5,1752.5,1341,1520,1830,1985,0.81336063
314,/Volumes/SmithL0/2026/BIOL470/Final/Learning_Rig/bee_0408_2/bee_0408_2_rev_green_accident/cam1_2026-04-08_18-13-25.mp4,1586.5,1753.5,1343,1521,1830,1986,0.81398714
315,/Volumes/SmithL0/2026/BIOL470/Final/Learning_Rig/bee_0408_2/bee_0408_2_rev_green_accident/cam1_2026-04-08_18-13-25.mp4,1588.0,1753.5,1345,1521,1831,1986,0.81190115
316,/Volumes/SmithL0/2026/BIOL470/Final/Learning_Rig/bee_0408_2/bee_0408_2_rev_green_accident/cam1_2026-04-08_18-13-25.mp4,1588.0,1753.0,1346,1520,1830,1986,0.8091368
317,/Volumes/SmithL0/2026/BIOL470/Final/Learning_Rig/bee_0408_2/bee_0408_2_rev_green_accident/cam1_2026-04-08_18-13-25.mp4,1588.0,1754.5,1344,1521,1832,1988,0.80778235
318,/Volumes/SmithL0/2026/BIOL470/Final/Learning_Rig/bee_0408_2/bee_0408_2_rev_green_accident/cam1_2026-04-08_18-13-25.mp4,1589.0,1754.0,1346,1522,1832,1986,0.81562424
319,/Volumes/SmithL0/2026/BIOL470/Final/Learning_Rig/bee_0408_2/bee_0408_2_rev_green_accident/cam1_2026-04-08_18-13-25.mp4,1588.5,1755.0,1347,1522,1830,1988,0.8127402
320,/Volumes/SmithL0/2026/BIOL470/Final/Learning_Rig/bee_0408_2/bee_0408_2_rev_green_accident/cam1_2026-04-08_18-13-25.mp4,1588.5,1754.5,1346,1522,1831,1987,0.81417406
321,/Volumes/SmithL0/2026/BIOL470/Final/Learning_Rig/bee_0408_2/bee_0408_2_rev_green_accident/cam1_2026-04-08_18-13-25.mp4,1587.0,1753.5,1344,1521,1830,1986,0.81299883
322,/Volumes/SmithL0/2026/BIOL470/Final/Learning_Rig/bee_0408_2/bee_0408_2_rev_green_accident/cam1_2026-04-08_18-13-25.mp4,1587.5,1753.0,1345,1520,1830,1986,0.8141965
323,/Volumes/SmithL0/2026/BIOL470/Final/Learning_Rig/bee_0408_2/bee_0408_2_rev_green_accident/cam1_2026-04-08_18-13-25.mp4,1586.5,1753.0,1342,1520,1831,1986,0.81233996
324,/Volumes/SmithL0/2026/BIOL470/Final/Learning_Rig/bee_0408_2/bee_0408_2_rev_green_accident/cam1_2026-04-08_18-13-25.mp4,1584.5,1754.5,1340,1521,1829,1988,0.8091488
325,/Volumes/SmithL0/2026/BIOL470/Final/Learning_Rig/bee_0408_2/bee_0408_2_rev_green_accident/cam1_2026-04-08_18-13-25.mp4,1585.0,1755.5,1340,1522,1830,1989,0.80706567
326,/Volumes/SmithL0/2026/BIOL470/Final/Learning_Rig/bee_0408_2/bee_0408_2_rev_green_accident/cam1_2026-04-08_18-13-25.mp4,1584.5,1754.0,1339,1520,1830,1988,0.8088271
327,/Volumes/SmithL0/2026/BIOL470/Final/Learning_Rig/bee_0408_2/bee_0408_2_rev_green_accident/cam1_2026-04-08_18-13-25.mp4,1586.5,1753.5,1344,1520,1829,1987,0.8129614
328,/Volumes/SmithL0/2026/BIOL470/Final/Learning_Rig/bee_0408_2/bee_0408_2_rev_green_accident/cam1_2026-04-08_18-13-25.mp4,1585.5,1754.0,1343,1521,1828,1987,0.8136853
329,/Volumes/SmithL0/2026/BIOL470/Final/Learning_Rig/bee_0408_2/bee_0408_2_rev_green_accident/cam1_2026-04-08_18-13-25.mp4,1587.5,1754.0,1344,1522,1831,1986,0.81586033
330,/Volumes/SmithL0/2026/BIOL470/Final/Learning_Rig/bee_0408_2/bee_0408_2_rev_green_accident/cam1_2026-04-08_18-13-25.mp4,1587.0,1754.5,1342,1522,1832,1987,0.81400734
331,/Volumes/SmithL0/2026/BIOL470/Final/Learning_Rig/bee_0408_2/bee_0408_2_rev_green_accident/cam1_2026-04-08_18-13-25.mp4,1585.5,1755.0,1339,1522,1832,1988,0.8122997
332,/Volumes/SmithL0/2026/BIOL470/Final/Learning_Rig/bee_0408_2/bee_0408_2_rev_green_accident/cam1_2026-04-08_18-13-25.mp4,1586.5,1756.0,1342,1521,1831,1991,0.8038368
333,/Volumes/SmithL0/2026/BIOL470/Final/Learning_Rig/bee_0408_2/bee_0408_2_rev_green_accident/cam1_2026-04-08_18-13-25.mp4,1585.5,1753.5,1336,1520,1835,1987,0.8134186
334,/Volumes/SmithL0/2026/BIOL470/Final/Learning_Rig/bee_0408_2/bee_0408_2_rev_green_accident/cam1_2026-04-08_18-13-25.mp4,1586.5,1754.5,1340,1522,1833,1987,0.81327266
335,/Volumes/SmithL0/2026/BIOL470/Final/Learning_Rig/bee_0408_2/bee_0408_2_rev_green_accident/cam1_2026-04-08_18-13-25.mp4,1587.0,1755.5,1341,1523,1833,1988,0.81328636
336,/Volumes/SmithL0/2026/BIOL470/Final/Learning_Rig/bee_0408_2/bee_0408_2_rev_green_accident/cam1_2026-04-08_18-13-25.mp4,1587.0,1755.5,1343,1523,1831,1988,0.81250703
337,/Volumes/SmithL0/2026/BIOL470/Final/Learning_Rig/bee_0408_2/bee_0408_2_rev_green_accident/cam1_2026-04-08_18-13-25.mp4,1585.5,1754.0,1343,1522,1828,1986,0.8127672
338,/Volumes/SmithL0/2026/BIOL470/Final/Learning_Rig/bee_0408_2/bee_0408_2_rev_green_accident/cam1_2026-04-08_18-13-25.mp4,1584.0,1754.0,1338,1522,1830,1986,0.8158544
339,/Volumes/SmithL0/2026/BIOL470/Final/Learning_Rig/bee_0408_2/bee_0408_2_rev_green_accident/cam1_2026-04-08_18-13-25.mp4,1584.0,1754.0,1339,1522,1829,1986,0.81669503
340,/Volumes/SmithL0/2026/BIOL470/Final/Learning_Rig/bee_0408_2/bee_0408_2_rev_green_accident/cam1_2026-04-08_18-13-25.mp4,1587.0,1755.0,1342,1524,1832,1986,0.81635326
341,/Volumes/SmithL0/2026/BIOL470/Final/Learning_Rig/bee_0408_2/bee_0408_2_rev_green_accident/cam1_2026-04-08_18-13-25.mp4,1587.5,1755.0,1343,1523,1832,1987,0.8156455
342,/Volumes/SmithL0/2026/BIOL470/Final/Learning_Rig/bee_0408_2/bee_0408_2_rev_green_accident/cam1_2026-04-08_18-13-25.mp4,1589.0,1756.0,1344,1524,1834,1988,0.81456715
343,/Volumes/SmithL0/2026/BIOL470/Final/Learning_Rig/bee_0408_2/bee_0408_2_rev_green_accident/cam1_2026-04-08_18-13-25.mp4,1586.0,1754.5,1342,1522,1830,1987,0.8123906
344,/Volumes/SmithL0/2026/BIOL470/Final/Learning_Rig/bee_0408_2/bee_0408_2_rev_green_accident/cam1_2026-04-08_18-13-25.mp4,1585.0,1755.0,1341,1523,1829,1987,0.8126703
345,/Volumes/SmithL0/2026/BIOL470/Final/Learning_Rig/bee_0408_2/bee_0408_2_rev_green_accident/cam1_2026-04-08_18-13-25.mp4,1584.5,1755.0,1340,1523,1829,1987,0.81136423
346,/Volumes/SmithL0/2026/BIOL470/Final/Learning_Rig/bee_0408_2/bee_0408_2_rev_green_accident/cam1_2026-04-08_18-13-25.mp4,1584.0,1755.0,1340,1523,1828,1987,0.81092334
347,/Volumes/SmithL0/2026/BIOL470/Final/Learning_Rig/bee_0408_2/bee_0408_2_rev_green_accident/cam1_2026-04-08_18-13-25.mp4,1585.0,1756.0,1341,1523,1829,1989,0.8083152
348,/Volumes/SmithL0/2026/BIOL470/Final/Learning_Rig/bee_0408_2/bee_0408_2_rev_green_accident/cam1_2026-04-08_18-13-25.mp4,1584.0,1755.5,1339,1523,1829,1988,0.8110033
349,/Volumes/SmithL0/2026/BIOL470/Final/Learning_Rig/bee_0408_2/bee_0408_2_rev_green_accident/cam1_2026-04-08_18-13-25.mp4,1582.0,1756.0,1334,1522,1830,1990,0.8070212
350,/Volumes/SmithL0/2026/BIOL470/Final/Learning_Rig/bee_0408_2/bee_0408_2_rev_green_accident/cam1_2026-04-08_18-13-25.mp4,1580.0,1755.5,1333,1522,1827,1989,0.8106439
351,/Volumes/SmithL0/2026/BIOL470/Final/Learning_Rig/bee_0408_2/bee_0408_2_rev_green_accident/cam1_2026-04-08_18-13-25.mp4,1579.5,1755.5,1330,1522,1829,1989,0.80860275
352,/Volumes/SmithL0/2026/BIOL470/Final/Learning_Rig/bee_0408_2/bee_0408_2_rev_green_accident/cam1_2026-04-08_18-13-25.mp4,1581.5,1755.0,1332,1522,1831,1988,0.8074353
353,/Volumes/SmithL0/2026/BIOL470/Final/Learning_Rig/bee_0408_2/bee_0408_2_rev_green_accident/cam1_2026-04-08_18-13-25.mp4,1586.0,1755.5,1338,1522,1834,1989,0.8160064
354,/Volumes/SmithL0/2026/BIOL470/Final/Learning_Rig/bee_0408_2/bee_0408_2_rev_green_accident/cam1_2026-04-08_18-13-25.mp4,1585.0,1755.5,1336,1522,1834,1989,0.81324697
355,/Volumes/SmithL0/2026/BIOL470/Final/Learning_Rig/bee_0408_2/bee_0408_2_rev_green_accident/cam1_2026-04-08_18-13-25.mp4,1587.5,1755.0,1342,1522,1833,1988,0.8146893
356,/Volumes/SmithL0/2026/BIOL470/Final/Learning_Rig/bee_0408_2/bee_0408_2_rev_green_accident/cam1_2026-04-08_18-13-25.mp4,1587.0,1754.5,1341,1522,1833,1987,0.8134067
357,/Volumes/SmithL0/2026/BIOL470/Final/Learning_Rig/bee_0408_2/bee_0408_2_rev_green_accident/cam1_2026-04-08_18-13-25.mp4,1586.0,1755.5,1342,1523,1830,1988,0.8083523
358,/Volumes/SmithL0/2026/BIOL470/Final/Learning_Rig/bee_0408_2/bee_0408_2_rev_green_accident/cam1_2026-04-08_18-13-25.mp4,1584.5,1755.5,1342,1522,1827,1989,0.8095517
359,/Volumes/SmithL0/2026/BIOL470/Final/Learning_Rig/bee_0408_2/bee_0408_2_rev_green_accident/cam1_2026-04-08_18-13-25.mp4,1585.0,1755.0,1346,1521,1824,1989,0.80776423
360,/Volumes/SmithL0/2026/BIOL470/Final/Learning_Rig/bee_0408_2/bee_0408_2_rev_green_accident/cam1_2026-04-08_18-13-25.mp4,1584.5,1755.0,1340,1521,1829,1989,0.8096522
361,/Volumes/SmithL0/2026/BIOL470/Final/Learning_Rig/bee_0408_2/bee_0408_2_rev_green_accident/cam1_2026-04-08_18-13-25.mp4,1584.0,1755.5,1338,1521,1830,1990,0.8093268
362,/Volumes/SmithL0/2026/BIOL470/Final/Learning_Rig/bee_0408_2/bee_0408_2_rev_green_accident/cam1_2026-04-08_18-13-25.mp4,1583.5,1755.0,1337,1521,1830,1989,0.81036574
363,/Volumes/SmithL0/2026/BIOL470/Final/Learning_Rig/bee_0408_2/bee_0408_2_rev_green_accident/cam1_2026-04-08_18-13-25.mp4,1587.0,1754.5,1340,1520,1834,1989,0.81191397
364,/Volumes/SmithL0/2026/BIOL470/Final/Learning_Rig/bee_0408_2/bee_0408_2_rev_green_accident/cam1_2026-04-08_18-13-25.mp4,1587.5,1754.0,1344,1519,1831,1989,0.8134487
365,/Volumes/SmithL0/2026/BIOL470/Final/Learning_Rig/bee_0408_2/bee_0408_2_rev_green_accident/cam1_2026-04-08_18-13-25.mp4,1586.5,1753.5,1341,1518,1832,1989,0.80833143
366,/Volumes/SmithL0/2026/BIOL470/Final/Learning_Rig/bee_0408_2/bee_0408_2_rev_green_accident/cam1_2026-04-08_18-13-25.mp4,1587.0,1754.0,1343,1518,1831,1990,0.80948335
367,/Volumes/SmithL0/2026/BIOL470/Final/Learning_Rig/bee_0408_2/bee_0408_2_rev_green_accident/cam1_2026-04-08_18-13-25.mp4,1588.5,1753.0,1349,1517,1828,1989,0.8091024
368,/Volumes/SmithL0/2026/BIOL470/Final/Learning_Rig/bee_0408_2/bee_0408_2_rev_green_accident/cam1_2026-04-08_18-13-25.mp4,1588.5,1752.5,1349,1516,1828,1989,0.80756587
369,/Volumes/SmithL0/2026/BIOL470/Final/Learning_Rig/bee_0408_2/bee_0408_2_rev_green_accident/cam1_2026-04-08_18-13-25.mp4,1588.0,1753.5,1350,1517,1826,1990,0.79785544
370,/Volumes/SmithL0/2026/BIOL470/Final/Learning_Rig/bee_0408_2/bee_0408_2_rev_green_accident/cam1_2026-04-08_18-13-25.mp4,1590.5,1753.5,1353,1509,1828,1998,0.80176705
371,/Volumes/SmithL0/2026/BIOL470/Final/Learning_Rig/bee_0408_2/bee_0408_2_rev_green_accident/cam1_2026-04-08_18-13-25.mp4,1589.0,1750.5,1349,1515,1829,1986,0.8062714
372,/Volumes/SmithL0/2026/BIOL470/Final/Learning_Rig/bee_0408_2/bee_0408_2_rev_green_accident/cam1_2026-04-08_18-13-25.mp4,1588.0,1752.5,1351,1518,1825,1987,0.80309045
373,/Volumes/SmithL0/2026/BIOL470/Final/Learning_Rig/bee_0408_2/bee_0408_2_rev_green_accident/cam1_2026-04-08_18-13-25.mp4,1588.5,1751.0,1351,1517,1826,1985,0.8089582
374,/Volumes/SmithL0/2026/BIOL470/Final/Learning_Rig/bee_0408_2/bee_0408_2_rev_green_accident/cam1_2026-04-08_18-13-25.mp4,1588.5,1752.5,1352,1518,1825,1987,0.8099188
375,/Volumes/SmithL0/2026/BIOL470/Final/Learning_Rig/bee_0408_2/bee_0408_2_rev_green_accident/cam1_2026-04-08_18-13-25.mp4,1590.0,1751.5,1352,1518,1828,1985,0.8129414
376,/Volumes/SmithL0/2026/BIOL470/Final/Learning_Rig/bee_0408_2/bee_0408_2_rev_green_accident/cam1_2026-04-08_18-13-25.mp4,1589.0,1754.5,1352,1520,1826,1989,0.79727143
377,/Volumes/SmithL0/2026/BIOL470/Final/Learning_Rig/bee_0408_2/bee_0408_2_rev_green_accident/cam1_2026-04-08_18-13-25.mp4,1590.0,1754.0,1352,1520,1828,1988,0.810148
378,/Volumes/SmithL0/2026/BIOL470/Final/Learning_Rig/bee_0408_2/bee_0408_2_rev_green_accident/cam1_2026-04-08_18-13-25.mp4,1588.5,1753.0,1351,1519,1826,1987,0.8092578
379,/Volumes/SmithL0/2026/BIOL470/Final/Learning_Rig/bee_0408_2/bee_0408_2_rev_green_accident/cam1_2026-04-08_18-13-25.mp4,1587.5,1754.5,1351,1521,1824,1988,0.8062889
380,/Volumes/SmithL0/2026/BIOL470/Final/Learning_Rig/bee_0408_2/bee_0408_2_rev_green_accident/cam1_2026-04-08_18-13-25.mp4,1587.0,1755.0,1352,1522,1822,1988,0.7998034
381,/Volumes/SmithL0/2026/BIOL470/Final/Learning_Rig/bee_0408_2/bee_0408_2_rev_green_accident/cam1_2026-04-08_18-13-25.mp4,1588.5,1757.0,1351,1523,1826,1991,0.8073434
382,/Volumes/SmithL0/2026/BIOL470/Final/Learning_Rig/bee_0408_2/bee_0408_2_rev_green_accident/cam1_2026-04-08_18-13-25.mp4,1588.0,1754.0,1351,1521,1825,1987,0.81236
383,/Volumes/SmithL0/2026/BIOL470/Final/Learning_Rig/bee_0408_2/bee_0408_2_rev_green_accident/cam1_2026-04-08_18-13-25.mp4,1588.0,1753.0,1351,1521,1825,1985,0.81362385
384,/Volumes/SmithL0/2026/BIOL470/Final/Learning_Rig/bee_0408_2/bee_0408_2_rev_green_accident/cam1_2026-04-08_18-13-25.mp4,1588.5,1756.0,1352,1525,1825,1987,0.8093607
385,/Volumes/SmithL0/2026/BIOL470/Final/Learning_Rig/bee_0408_2/bee_0408_2_rev_green_accident/cam1_2026-04-08_18-13-25.mp4,1588.5,1754.5,1349,1523,1828,1986,0.8122616
386,/Volumes/SmithL0/2026/BIOL470/Final/Learning_Rig/bee_0408_2/bee_0408_2_rev_green_accident/cam1_2026-04-08_18-13-25.mp4,1589.0,1756.5,1350,1525,1828,1988,0.813579
387,/Volumes/SmithL0/2026/BIOL470/Final/Learning_Rig/bee_0408_2/bee_0408_2_rev_green_accident/cam1_2026-04-08_18-13-25.mp4,1588.5,1755.0,1348,1521,1829,1989,0.8099576
388,/Volumes/SmithL0/2026/BIOL470/Final/Learning_Rig/bee_0408_2/bee_0408_2_rev_green_accident/cam1_2026-04-08_18-13-25.mp4,1587.0,1757.5,1347,1525,1827,1990,0.80556446
389,/Volumes/SmithL0/2026/BIOL470/Final/Learning_Rig/bee_0408_2/bee_0408_2_rev_green_accident/cam1_2026-04-08_18-13-25.mp4,1589.0,1755.0,1349,1523,1829,1987,0.811843
390,/Volumes/SmithL0/2026/BIOL470/Final/Learning_Rig/bee_0408_2/bee_0408_2_rev_green_accident/cam1_2026-04-08_18-13-25.mp4,1587.5,1755.5,1349,1523,1826,1988,0.80775946
391,/Volumes/SmithL0/2026/BIOL470/Final/Learning_Rig/bee_0408_2/bee_0408_2_rev_green_accident/cam1_2026-04-08_18-13-25.mp4,1587.0,1756.5,1349,1525,1825,1988,0.80622846
392,/Volumes/SmithL0/2026/BIOL470/Final/Learning_Rig/bee_0408_2/bee_0408_2_rev_green_accident/cam1_2026-04-08_18-13-25.mp4,1588.5,1756.5,1349,1527,1828,1986,0.806556
393,/Volumes/SmithL0/2026/BIOL470/Final/Learning_Rig/bee_0408_2/bee_0408_2_rev_green_accident/cam1_2026-04-08_18-13-25.mp4,1588.0,1757.0,1349,1526,1827,1988,0.80669796
394,/Volumes/SmithL0/2026/BIOL470/Final/Learning_Rig/bee_0408_2/bee_0408_2_rev_green_accident/cam1_2026-04-08_18-13-25.mp4,1587.0,1757.5,1350,1526,1824,1989,0.79418504
395,/Volumes/SmithL0/2026/BIOL470/Final/Learning_Rig/bee_0408_2/bee_0408_2_rev_green_accident/cam1_2026-04-08_18-13-25.mp4,1588.0,1756.0,1352,1526,1824,1986,0.8062253
396,/Volumes/SmithL0/2026/BIOL470/Final/Learning_Rig/bee_0408_2/bee_0408_2_rev_green_accident/cam1_2026-04-08_18-13-25.mp4,1589.5,1753.0,1354,1514,1825,1992,0.81027496
397,/Volumes/SmithL0/2026/BIOL470/Final/Learning_Rig/bee_0408_2/bee_0408_2_rev_green_accident/cam1_2026-04-08_18-13-25.mp4,1586.5,1754.5,1349,1524,1824,1985,0.8100493
398,/Volumes/SmithL0/2026/BIOL470/Final/Learning_Rig/bee_0408_2/bee_0408_2_rev_green_accident/cam1_2026-04-08_18-13-25.mp4,1586.5,1754.5,1350,1524,1823,1985,0.81083447
399,/Volumes/SmithL0/2026/BIOL470/Final/Learning_Rig/bee_0408_2/bee_0408_2_rev_green_accident/cam1_2026-04-08_18-13-25.mp4,1587.0,1756.0,1349,1526,1825,1986,0.80930376
400,/Volumes/SmithL0/2026/BIOL470/Final/Learning_Rig/bee_0408_2/bee_0408_2_rev_green_accident/cam1_2026-04-08_18-13-25.mp4,1586.5,1756.0,1350,1526,1823,1986,0.80848193
401,/Volumes/SmithL0/2026/BIOL470/Final/Learning_Rig/bee_0408_2/bee_0408_2_rev_green_accident/cam1_2026-04-08_18-13-25.mp4,1588.0,1757.5,1349,1526,1827,1989,0.8087031
402,/Volumes/SmithL0/2026/BIOL470/Final/Learning_Rig/bee_0408_2/bee_0408_2_rev_green_accident/cam1_2026-04-08_18-13-25.mp4,1586.5,1757.0,1347,1526,1826,1988,0.80749446
403,/Volumes/SmithL0/2026/BIOL470/Final/Learning_Rig/bee_0408_2/bee_0408_2_rev_green_accident/cam1_2026-04-08_18-13-25.mp4,1587.0,1756.5,1348,1526,1826,1987,0.80911875
404,/Volumes/SmithL0/2026/BIOL470/Final/Learning_Rig/bee_0408_2/bee_0408_2_rev_green_accident/cam1_2026-04-08_18-13-25.mp4,1587.5,1756.5,1348,1525,1827,1988,0.812561
405,/Volumes/SmithL0/2026/BIOL470/Final/Learning_Rig/bee_0408_2/bee_0408_2_rev_green_accident/cam1_2026-04-08_18-13-25.mp4,1586.5,1756.5,1347,1525,1826,1988,0.8117415
406,/Volumes/SmithL0/2026/BIOL470/Final/Learning_Rig/bee_0408_2/bee_0408_2_rev_green_accident/cam1_2026-04-08_18-13-25.mp4,1587.5,1756.5,1349,1525,1826,1988,0.8134864
407,/Volumes/SmithL0/2026/BIOL470/Final/Learning_Rig/bee_0408_2/bee_0408_2_rev_green_accident/cam1_2026-04-08_18-13-25.mp4,1588.0,1756.0,1350,1525,1826,1987,0.81122184
408,/Volumes/SmithL0/2026/BIOL470/Final/Learning_Rig/bee_0408_2/bee_0408_2_rev_green_accident/cam1_2026-04-08_18-13-25.mp4,1586.5,1756.0,1350,1524,1823,1988,0.80968827
409,/Volumes/SmithL0/2026/BIOL470/Final/Learning_Rig/bee_0408_2/bee_0408_2_rev_green_accident/cam1_2026-04-08_18-13-25.mp4,1587.0,1756.5,1349,1525,1825,1988,0.81356126
410,/Volumes/SmithL0/2026/BIOL470/Final/Learning_Rig/bee_0408_2/bee_0408_2_rev_green_accident/cam1_2026-04-08_18-13-25.mp4,1587.5,1755.5,1347,1524,1828,1987,0.8168501
411,/Volumes/SmithL0/2026/BIOL470/Final/Learning_Rig/bee_0408_2/bee_0408_2_rev_green_accident/cam1_2026-04-08_18-13-25.mp4,1588.5,1755.5,1346,1523,1831,1988,0.81690973
412,/Volumes/SmithL0/2026/BIOL470/Final/Learning_Rig/bee_0408_2/bee_0408_2_rev_green_accident/cam1_2026-04-08_18-13-25.mp4,1586.0,1755.5,1345,1524,1827,1987,0.8131141
413,/Volumes/SmithL0/2026/BIOL470/Final/Learning_Rig/bee_0408_2/bee_0408_2_rev_green_accident/cam1_2026-04-08_18-13-25.mp4,1587.0,1755.5,1346,1522,1828,1989,0.81090283
414,/Volumes/SmithL0/2026/BIOL470/Final/Learning_Rig/bee_0408_2/bee_0408_2_rev_green_accident/cam1_2026-04-08_18-13-25.mp4,1587.0,1757.0,1347,1523,1827,1991,0.807566
415,/Volumes/SmithL0/2026/BIOL470/Final/Learning_Rig/bee_0408_2/bee_0408_2_rev_green_accident/cam1_2026-04-08_18-13-25.mp4,1587.5,1757.5,1345,1524,1830,1991,0.8032395
416,/Volumes/SmithL0/2026/BIOL470/Final/Learning_Rig/bee_0408_2/bee_0408_2_rev_green_accident/cam1_2026-04-08_18-13-25.mp4,1588.0,1755.5,1346,1523,1830,1988,0.81436294
417,/Volumes/SmithL0/2026/BIOL470/Final/Learning_Rig/bee_0408_2/bee_0408_2_rev_green_accident/cam1_2026-04-08_18-13-25.mp4,1587.0,1754.0,1344,1522,1830,1986,0.81318605
418,/Volumes/SmithL0/2026/BIOL470/Final/Learning_Rig/bee_0408_2/bee_0408_2_rev_green_accident/cam1_2026-04-08_18-13-25.mp4,1587.5,1755.0,1346,1522,1829,1988,0.8132451
419,/Volumes/SmithL0/2026/BIOL470/Final/Learning_Rig/bee_0408_2/bee_0408_2_rev_green_accident/cam1_2026-04-08_18-13-25.mp4,1586.0,1756.0,1343,1522,1829,1990,0.81033903
420,/Volumes/SmithL0/2026/BIOL470/Final/Learning_Rig/bee_0408_2/bee_0408_2_rev_green_accident/cam1_2026-04-08_18-13-25.mp4,1587.5,1757.0,1345,1523,1830,1991,0.8094129
421,/Volumes/SmithL0/2026/BIOL470/Final/Learning_Rig/bee_0408_2/bee_0408_2_rev_green_accident/cam1_2026-04-08_18-13-25.mp4,1588.0,1758.0,1347,1524,1829,1992,0.80805326
422,/Volumes/SmithL0/2026/BIOL470/Final/Learning_Rig/bee_0408_2/bee_0408_2_rev_green_accident/cam1_2026-04-08_18-13-25.mp4,1587.5,1757.0,1346,1524,1829,1990,0.8166621
423,/Volumes/SmithL0/2026/BIOL470/Final/Learning_Rig/bee_0408_2/bee_0408_2_rev_green_accident/cam1_2026-04-08_18-13-25.mp4,1588.0,1757.0,1347,1523,1829,1991,0.809419
424,/Volumes/SmithL0/2026/BIOL470/Final/Learning_Rig/bee_0408_2/bee_0408_2_rev_green_accident/cam1_2026-04-08_18-13-25.mp4,1587.5,1755.0,1347,1523,1828,1987,0.8155167
425,/Volumes/SmithL0/2026/BIOL470/Final/Learning_Rig/bee_0408_2/bee_0408_2_rev_green_accident/cam1_2026-04-08_18-13-25.mp4,1587.5,1755.5,1345,1523,1830,1988,0.81566066
426,/Volumes/SmithL0/2026/BIOL470/Final/Learning_Rig/bee_0408_2/bee_0408_2_rev_green_accident/cam1_2026-04-08_18-13-25.mp4,1588.0,1755.5,1346,1523,1830,1988,0.8163641
427,/Volumes/SmithL0/2026/BIOL470/Final/Learning_Rig/bee_0408_2/bee_0408_2_rev_green_accident/cam1_2026-04-08_18-13-25.mp4,1587.0,1755.5,1344,1523,1830,1988,0.81790787
428,/Volumes/SmithL0/2026/BIOL470/Final/Learning_Rig/bee_0408_2/bee_0408_2_rev_green_accident/cam1_2026-04-08_18-13-25.mp4,1587.5,1755.0,1345,1523,1830,1987,0.8160993
429,/Volumes/SmithL0/2026/BIOL470/Final/Learning_Rig/bee_0408_2/bee_0408_2_rev_green_accident/cam1_2026-04-08_18-13-25.mp4,1587.0,1755.0,1344,1522,1830,1988,0.81754285
430,/Volumes/SmithL0/2026/BIOL470/Final/Learning_Rig/bee_0408_2/bee_0408_2_rev_green_accident/cam1_2026-04-08_18-13-25.mp4,1587.5,1755.5,1346,1523,1829,1988,0.81647056
431,/Volumes/SmithL0/2026/BIOL470/Final/Learning_Rig/bee_0408_2/bee_0408_2_rev_green_accident/cam1_2026-04-08_18-13-25.mp4,1585.5,1756.0,1345,1523,1826,1989,0.8101597
432,/Volumes/SmithL0/2026/BIOL470/Final/Learning_Rig/bee_0408_2/bee_0408_2_rev_green_accident/cam1_2026-04-08_18-13-25.mp4,1585.0,1756.0,1342,1523,1828,1989,0.8111404
433,/Volumes/SmithL0/2026/BIOL470/Final/Learning_Rig/bee_0408_2/bee_0408_2_rev_green_accident/cam1_2026-04-08_18-13-25.mp4,1581.5,1757.0,1336,1523,1827,1991,0.8064409
434,/Volumes/SmithL0/2026/BIOL470/Final/Learning_Rig/bee_0408_2/bee_0408_2_rev_green_accident/cam1_2026-04-08_18-13-25.mp4,1583.0,1755.5,1337,1522,1829,1989,0.8106088
435,/Volumes/SmithL0/2026/BIOL470/Final/Learning_Rig/bee_0408_2/bee_0408_2_rev_green_accident/cam1_2026-04-08_18-13-25.mp4,1585.5,1754.0,1341,1522,1830,1986,0.81578517
436,/Volumes/SmithL0/2026/BIOL470/Final/Learning_Rig/bee_0408_2/bee_0408_2_rev_green_accident/cam1_2026-04-08_18-13-25.mp4,1586.0,1753.5,1343,1521,1829,1986,0.8166114
437,/Volumes/SmithL0/2026/BIOL470/Final/Learning_Rig/bee_0408_2/bee_0408_2_rev_green_accident/cam1_2026-04-08_18-13-25.mp4,1583.0,1754.0,1339,1522,1827,1986,0.81169033
438,/Volumes/SmithL0/2026/BIOL470/Final/Learning_Rig/bee_0408_2/bee_0408_2_rev_green_accident/cam1_2026-04-08_18-13-25.mp4,1583.5,1754.5,1340,1521,1827,1988,0.81017846
439,/Volumes/SmithL0/2026/BIOL470/Final/Learning_Rig/bee_0408_2/bee_0408_2_rev_green_accident/cam1_2026-04-08_18-13-25.mp4,1585.0,1755.0,1342,1521,1828,1989,0.8112924
440,/Volumes/SmithL0/2026/BIOL470/Final/Learning_Rig/bee_0408_2/bee_0408_2_rev_green_accident/cam1_2026-04-08_18-13-25.mp4,1585.5,1755.5,1345,1521,1826,1990,0.80931216
441,/Volumes/SmithL0/2026/BIOL470/Final/Learning_Rig/bee_0408_2/bee_0408_2_rev_green_accident/cam1_2026-04-08_18-13-25.mp4,1585.5,1756.5,1344,1521,1827,1992,0.8055665
442,/Volumes/SmithL0/2026/BIOL470/Final/Learning_Rig/bee_0408_2/bee_0408_2_rev_green_accident/cam1_2026-04-08_18-13-25.mp4,1588.0,1757.0,1348,1522,1828,1992,0.81100965
443,/Volumes/SmithL0/2026/BIOL470/Final/Learning_Rig/bee_0408_2/bee_0408_2_rev_green_accident/cam1_2026-04-08_18-13-25.mp4,1588.0,1755.0,1348,1522,1828,1988,0.8167392
444,/Volumes/SmithL0/2026/BIOL470/Final/Learning_Rig/bee_0408_2/bee_0408_2_rev_green_accident/cam1_2026-04-08_18-13-25.mp4,1587.5,1756.5,1346,1522,1829,1991,0.8120369
445,/Volumes/SmithL0/2026/BIOL470/Final/Learning_Rig/bee_0408_2/bee_0408_2_rev_green_accident/cam1_2026-04-08_18-13-25.mp4,1585.5,1754.0,1346,1520,1825,1988,0.8099488
446,/Volumes/SmithL0/2026/BIOL470/Final/Learning_Rig/bee_0408_2/bee_0408_2_rev_green_accident/cam1_2026-04-08_18-13-25.mp4,1583.0,1754.0,1341,1521,1825,1987,0.8103258
447,/Volumes/SmithL0/2026/BIOL470/Final/Learning_Rig/bee_0408_2/bee_0408_2_rev_green_accident/cam1_2026-04-08_18-13-25.mp4,1585.0,1753.5,1344,1521,1826,1986,0.8101405
448,/Volumes/SmithL0/2026/BIOL470/Final/Learning_Rig/bee_0408_2/bee_0408_2_rev_green_accident/cam1_2026-04-08_18-13-25.mp4,1584.0,1755.5,1346,1522,1822,1989,0.8013275
449,/Volumes/SmithL0/2026/BIOL470/Final/Learning_Rig/bee_0408_2/bee_0408_2_rev_green_accident/cam1_2026-04-08_18-13-25.mp4,1585.0,1754.5,1345,1521,1825,1988,0.8062166
450,/Volumes/SmithL0/2026/BIOL470/Final/Learning_Rig/bee_0408_2/bee_0408_2_rev_green_accident/cam1_2026-04-08_18-13-25.mp4,1585.0,1754.5,1348,1523,1822,1986,0.8115581
451,/Volumes/SmithL0/2026/BIOL470/Final/Learning_Rig/bee_0408_2/bee_0408_2_rev_green_accident/cam1_2026-04-08_18-13-25.mp4,1585.0,1754.5,1347,1521,1823,1988,0.809819
452,/Volumes/SmithL0/2026/BIOL470/Final/Learning_Rig/bee_0408_2/bee_0408_2_rev_green_accident/cam1_2026-04-08_18-13-25.mp4,1586.0,1756.0,1347,1521,1825,1991,0.8047746
453,/Volumes/SmithL0/2026/BIOL470/Final/Learning_Rig/bee_0408_2/bee_0408_2_rev_green_accident/cam1_2026-04-08_18-13-25.mp4,1586.0,1755.5,1348,1521,1824,1990,0.80575466
454,/Volumes/SmithL0/2026/BIOL470/Final/Learning_Rig/bee_0408_2/bee_0408_2_rev_green_accident/cam1_2026-04-08_18-13-25.mp4,1586.0,1755.0,1348,1521,1824,1989,0.80804384
455,/Volumes/SmithL0/2026/BIOL470/Final/Learning_Rig/bee_0408_2/bee_0408_2_rev_green_accident/cam1_2026-04-08_18-13-25.mp4,1585.5,1755.0,1347,1520,1824,1990,0.80967194
456,/Volumes/SmithL0/2026/BIOL470/Final/Learning_Rig/bee_0408_2/bee_0408_2_rev_green_accident/cam1_2026-04-08_18-13-25.mp4,1585.5,1754.5,1346,1520,1825,1989,0.80650896
457,/Volumes/SmithL0/2026/BIOL470/Final/Learning_Rig/bee_0408_2/bee_0408_2_rev_green_accident/cam1_2026-04-08_18-13-25.mp4,1584.5,1754.5,1345,1519,1824,1990,0.8035247
458,/Volumes/SmithL0/2026/BIOL470/Final/Learning_Rig/bee_0408_2/bee_0408_2_rev_green_accident/cam1_2026-04-08_18-13-25.mp4,1584.0,1754.0,1345,1519,1823,1989,0.8074882
459,/Volumes/SmithL0/2026/BIOL470/Final/Learning_Rig/bee_0408_2/bee_0408_2_rev_green_accident/cam1_2026-04-08_18-13-25.mp4,1585.0,1754.0,1344,1519,1826,1989,0.8054868
460,/Volumes/SmithL0/2026/BIOL470/Final/Learning_Rig/bee_0408_2/bee_0408_2_rev_green_accident/cam1_2026-04-08_18-13-25.mp4,1585.5,1755.0,1346,1520,1825,1990,0.8080857
461,/Volumes/SmithL0/2026/BIOL470/Final/Learning_Rig/bee_0408_2/bee_0408_2_rev_green_accident/cam1_2026-04-08_18-13-25.mp4,1584.5,1754.5,1344,1520,1825,1989,0.8094107
462,/Volumes/SmithL0/2026/BIOL470/Final/Learning_Rig/bee_0408_2/bee_0408_2_rev_green_accident/cam1_2026-04-08_18-13-25.mp4,1584.5,1754.5,1345,1520,1824,1989,0.808822
463,/Volumes/SmithL0/2026/BIOL470/Final/Learning_Rig/bee_0408_2/bee_0408_2_rev_green_accident/cam1_2026-04-08_18-13-25.mp4,1584.5,1755.0,1345,1520,1824,1990,0.8055183
464,/Volumes/SmithL0/2026/BIOL470/Final/Learning_Rig/bee_0408_2/bee_0408_2_rev_green_accident/cam1_2026-04-08_18-13-25.mp4,1584.5,1755.0,1346,1520,1823,1990,0.7966383
465,/Volumes/SmithL0/2026/BIOL470/Final/Learning_Rig/bee_0408_2/bee_0408_2_rev_green_accident/cam1_2026-04-08_18-13-25.mp4,1582.5,1755.0,1343,1521,1822,1989,0.8047973
466,/Volumes/SmithL0/2026/BIOL470/Final/Learning_Rig/bee_0408_2/bee_0408_2_rev_green_accident/cam1_2026-04-08_18-13-25.mp4,1582.5,1755.0,1344,1521,1821,1989,0.80890906
467,/Volumes/SmithL0/2026/BIOL470/Final/Learning_Rig/bee_0408_2/bee_0408_2_rev_green_accident/cam1_2026-04-08_18-13-25.mp4,1583.5,1755.0,1344,1521,1823,1989,0.8093878
468,/Volumes/SmithL0/2026/BIOL470/Final/Learning_Rig/bee_0408_2/bee_0408_2_rev_green_accident/cam1_2026-04-08_18-13-25.mp4,1583.0,1754.5,1345,1521,1821,1988,0.8095783
469,/Volumes/SmithL0/2026/BIOL470/Final/Learning_Rig/bee_0408_2/bee_0408_2_rev_green_accident/cam1_2026-04-08_18-13-25.mp4,1584.0,1755.5,1346,1522,1822,1989,0.813658
470,/Volumes/SmithL0/2026/BIOL470/Final/Learning_Rig/bee_0408_2/bee_0408_2_rev_green_accident/cam1_2026-04-08_18-13-25.mp4,1585.5,1755.0,1348,1521,1823,1989,0.8121747
471,/Volumes/SmithL0/2026/BIOL470/Final/Learning_Rig/bee_0408_2/bee_0408_2_rev_green_accident/cam1_2026-04-08_18-13-25.mp4,1584.0,1754.5,1345,1522,1823,1987,0.81281
472,/Volumes/SmithL0/2026/BIOL470/Final/Learning_Rig/bee_0408_2/bee_0408_2_rev_green_accident/cam1_2026-04-08_18-13-25.mp4,1584.5,1755.5,1347,1522,1822,1989,0.81312776
473,/Volumes/SmithL0/2026/BIOL470/Final/Learning_Rig/bee_0408_2/bee_0408_2_rev_green_accident/cam1_2026-04-08_18-13-25.mp4,1581.5,1755.5,1343,1521,1820,1990,0.8093026
474,/Volumes/SmithL0/2026/BIOL470/Final/Learning_Rig/bee_0408_2/bee_0408_2_rev_green_accident/cam1_2026-04-08_18-13-25.mp4,1582.5,1756.5,1345,1521,1820,1992,0.8030475
475,/Volumes/SmithL0/2026/BIOL470/Final/Learning_Rig/bee_0408_2/bee_0408_2_rev_green_accident/cam1_2026-04-08_18-13-25.mp4,1582.5,1756.0,1343,1521,1822,1991,0.80945915
476,/Volumes/SmithL0/2026/BIOL470/Final/Learning_Rig/bee_0408_2/bee_0408_2_rev_green_accident/cam1_2026-04-08_18-13-25.mp4,1582.5,1757.0,1343,1522,1822,1992,0.8044136
477,/Volumes/SmithL0/2026/BIOL470/Final/Learning_Rig/bee_0408_2/bee_0408_2_rev_green_accident/cam1_2026-04-08_18-13-25.mp4,1582.5,1756.5,1341,1522,1824,1991,0.8052743
478,/Volumes/SmithL0/2026/BIOL470/Final/Learning_Rig/bee_0408_2/bee_0408_2_rev_green_accident/cam1_2026-04-08_18-13-25.mp4,1583.0,1756.0,1339,1520,1827,1992,0.80776024
479,/Volumes/SmithL0/2026/BIOL470/Final/Learning_Rig/bee_0408_2/bee_0408_2_rev_green_accident/cam1_2026-04-08_18-13-25.mp4,1584.0,1755.5,1341,1521,1827,1990,0.81185865
480,/Volumes/SmithL0/2026/BIOL470/Final/Learning_Rig/bee_0408_2/bee_0408_2_rev_green_accident/cam1_2026-04-08_18-13-25.mp4,1585.0,1755.5,1344,1520,1826,1991,0.81023544
481,/Volumes/SmithL0/2026/BIOL470/Final/Learning_Rig/bee_0408_2/bee_0408_2_rev_green_accident/cam1_2026-04-08_18-13-25.mp4,1585.5,1755.5,1344,1520,1827,1991,0.81021154
482,/Volumes/SmithL0/2026/BIOL470/Final/Learning_Rig/bee_0408_2/bee_0408_2_rev_green_accident/cam1_2026-04-08_18-13-25.mp4,1585.5,1755.5,1345,1521,1826,1990,0.810385
483,/Volumes/SmithL0/2026/BIOL470/Final/Learning_Rig/bee_0408_2/bee_0408_2_rev_green_accident/cam1_2026-04-08_18-13-25.mp4,1585.0,1756.0,1345,1521,1825,1991,0.8088875
484,/Volumes/SmithL0/2026/BIOL470/Final/Learning_Rig/bee_0408_2/bee_0408_2_rev_green_accident/cam1_2026-04-08_18-13-25.mp4,1585.0,1757.5,1344,1521,1826,1994,0.8092869
485,/Volumes/SmithL0/2026/BIOL470/Final/Learning_Rig/bee_0408_2/bee_0408_2_rev_green_accident/cam1_2026-04-08_18-13-25.mp4,1584.5,1756.0,1344,1521,1825,1991,0.80392486
486,/Volumes/SmithL0/2026/BIOL470/Final/Learning_Rig/bee_0408_2/bee_0408_2_rev_green_accident/cam1_2026-04-08_18-13-25.mp4,1583.0,1755.0,1342,1521,1824,1989,0.8048562
487,/Volumes/SmithL0/2026/BIOL470/Final/Learning_Rig/bee_0408_2/bee_0408_2_rev_green_accident/cam1_2026-04-08_18-13-25.mp4,1581.0,1755.0,1339,1521,1823,1989,0.80174917
488,/Volumes/SmithL0/2026/BIOL470/Final/Learning_Rig/bee_0408_2/bee_0408_2_rev_green_accident/cam1_2026-04-08_18-13-25.mp4,1581.5,1755.0,1337,1521,1826,1989,0.80229324
489,/Volumes/SmithL0/2026/BIOL470/Final/Learning_Rig/bee_0408_2/bee_0408_2_rev_green_accident/cam1_2026-04-08_18-13-25.mp4,1580.5,1755.0,1335,1522,1826,1988,0.8034
490,/Volumes/SmithL0/2026/BIOL470/Final/Learning_Rig/bee_0408_2/bee_0408_2_rev_green_accident/cam1_2026-04-08_18-13-25.mp4,1581.0,1756.0,1338,1523,1824,1989,0.8077147
491,/Volumes/SmithL0/2026/BIOL470/Final/Learning_Rig/bee_0408_2/bee_0408_2_rev_green_accident/cam1_2026-04-08_18-13-25.mp4,1583.0,1755.5,1344,1523,1822,1988,0.80748576
492,/Volumes/SmithL0/2026/BIOL470/Final/Learning_Rig/bee_0408_2/bee_0408_2_rev_green_accident/cam1_2026-04-08_18-13-25.mp4,1582.0,1756.0,1342,1522,1822,1990,0.80674845
493,/Volumes/SmithL0/2026/BIOL470/Final/Learning_Rig/bee_0408_2/bee_0408_2_rev_green_accident/cam1_2026-04-08_18-13-25.mp4,1582.0,1755.5,1341,1522,1823,1989,0.8054142
494,/Volumes/SmithL0/2026/BIOL470/Final/Learning_Rig/bee_0408_2/bee_0408_2_rev_green_accident/cam1_2026-04-08_18-13-25.mp4,1580.0,1755.5,1337,1522,1823,1989,0.8100368
495,/Volumes/SmithL0/2026/BIOL470/Final/Learning_Rig/bee_0408_2/bee_0408_2_rev_green_accident/cam1_2026-04-08_18-13-25.mp4,1583.0,1755.0,1342,1522,1824,1988,0.808729
496,/Volumes/SmithL0/2026/BIOL470/Final/Learning_Rig/bee_0408_2/bee_0408_2_rev_green_accident/cam1_2026-04-08_18-13-25.mp4,1582.5,1755.5,1340,1521,1825,1990,0.8095553
497,/Volumes/SmithL0/2026/BIOL470/Final/Learning_Rig/bee_0408_2/bee_0408_2_rev_green_accident/cam1_2026-04-08_18-13-25.mp4,1584.0,1755.5,1342,1521,1826,1990,0.81025976
498,/Volumes/SmithL0/2026/BIOL470/Final/Learning_Rig/bee_0408_2/bee_0408_2_rev_green_accident/cam1_2026-04-08_18-13-25.mp4,1584.0,1755.5,1345,1522,1823,1989,0.81192344
499,/Volumes/SmithL0/2026/BIOL470/Final/Learning_Rig/bee_0408_2/bee_0408_2_rev_green_accident/cam1_2026-04-08_18-13-25.mp4,1584.0,1755.5,1343,1522,1825,1989,0.80827945
500,/Volumes/SmithL0/2026/BIOL470/Final/Learning_Rig/bee_0408_2/bee_0408_2_rev_green_accident/cam1_2026-04-08_18-13-25.mp4,1583.5,1755.5,1344,1522,1823,1989,0.805953
501,/Volumes/SmithL0/2026/BIOL470/Final/Learning_Rig/bee_0408_2/bee_0408_2_rev_green_accident/cam1_2026-04-08_18-13-25.mp4,1583.5,1756.0,1344,1521,1823,1991,0.79965425
502,/Volumes/SmithL0/2026/BIOL470/Final/Learning_Rig/bee_0408_2/bee_0408_2_rev_green_accident/cam1_2026-04-08_18-13-25.mp4,1582.5,1756.0,1341,1522,1824,1990,0.8042358
503,/Volumes/SmithL0/2026/BIOL470/Final/Learning_Rig/bee_0408_2/bee_0408_2_rev_green_accident/cam1_2026-04-08_18-13-25.mp4,1583.0,1756.5,1343,1522,1823,1991,0.7992901
504,/Volumes/SmithL0/2026/BIOL470/Final/Learning_Rig/bee_0408_2/bee_0408_2_rev_green_accident/cam1_2026-04-08_18-13-25.mp4,1582.0,1755.5,1341,1521,1823,1990,0.80703706
505,/Volumes/SmithL0/2026/BIOL470/Final/Learning_Rig/bee_0408_2/bee_0408_2_rev_green_accident/cam1_2026-04-08_18-13-25.mp4,1583.0,1756.0,1341,1521,1825,1991,0.79995805
506,/Volumes/SmithL0/2026/BIOL470/Final/Learning_Rig/bee_0408_2/bee_0408_2_rev_green_accident/cam1_2026-04-08_18-13-25.mp4,1584.0,1758.5,1343,1522,1825,1995,0.79841477
507,/Volumes/SmithL0/2026/BIOL470/Final/Learning_Rig/bee_0408_2/bee_0408_2_rev_green_accident/cam1_2026-04-08_18-13-25.mp4,1584.5,1758.5,1342,1522,1827,1995,0.80261534
508,/Volumes/SmithL0/2026/BIOL470/Final/Learning_Rig/bee_0408_2/bee_0408_2_rev_green_accident/cam1_2026-04-08_18-13-25.mp4,1581.5,1757.0,1338,1522,1825,1992,0.79951173
509,/Volumes/SmithL0/2026/BIOL470/Final/Learning_Rig/bee_0408_2/bee_0408_2_rev_green_accident/cam1_2026-04-08_18-13-25.mp4,1580.5,1757.5,1336,1523,1825,1992,0.7934976
510,/Volumes/SmithL0/2026/BIOL470/Final/Learning_Rig/bee_0408_2/bee_0408_2_rev_green_accident/cam1_2026-04-08_18-13-25.mp4,1581.5,1757.0,1339,1523,1824,1991,0.804165
511,/Volumes/SmithL0/2026/BIOL470/Final/Learning_Rig/bee_0408_2/bee_0408_2_rev_green_accident/cam1_2026-04-08_18-13-25.mp4,1579.5,1757.0,1336,1523,1823,1991,0.7996945
512,/Volumes/SmithL0/2026/BIOL470/Final/Learning_Rig/bee_0408_2/bee_0408_2_rev_green_accident/cam1_2026-04-08_18-13-25.mp4,1581.0,1757.0,1335,1524,1827,1990,0.80300987
513,/Volumes/SmithL0/2026/BIOL470/Final/Learning_Rig/bee_0408_2/bee_0408_2_rev_green_accident/cam1_2026-04-08_18-13-25.mp4,1580.0,1756.0,1334,1523,1826,1989,0.79875135
514,/Volumes/SmithL0/2026/BIOL470/Final/Learning_Rig/bee_0408_2/bee_0408_2_rev_green_accident/cam1_2026-04-08_18-13-25.mp4,1582.5,1756.5,1340,1523,1825,1990,0.7948152
515,/Volumes/SmithL0/2026/BIOL470/Final/Learning_Rig/bee_0408_2/bee_0408_2_rev_green_accident/cam1_2026-04-08_18-13-25.mp4,1583.0,1756.5,1342,1524,1824,1989,0.79755896
516,/Volumes/SmithL0/2026/BIOL470/Final/Learning_Rig/bee_0408_2/bee_0408_2_rev_green_accident/cam1_2026-04-08_18-13-25.mp4,1580.5,1757.0,1336,1524,1825,1990,0.80299866
517,/Volumes/SmithL0/2026/BIOL470/Final/Learning_Rig/bee_0408_2/bee_0408_2_rev_green_accident/cam1_2026-04-08_18-13-25.mp4,1582.0,1758.5,1338,1526,1826,1991,0.8052588
518,/Volumes/SmithL0/2026/BIOL470/Final/Learning_Rig/bee_0408_2/bee_0408_2_rev_green_accident/cam1_2026-04-08_18-13-25.mp4,1581.5,1758.0,1337,1526,1826,1990,0.80607516
519,/Volumes/SmithL0/2026/BIOL470/Final/Learning_Rig/bee_0408_2/bee_0408_2_rev_green_accident/cam1_2026-04-08_18-13-25.mp4,1583.5,1757.5,1339,1525,1828,1990,0.8064743
520,/Volumes/SmithL0/2026/BIOL470/Final/Learning_Rig/bee_0408_2/bee_0408_2_rev_green_accident/cam1_2026-04-08_18-13-25.mp4,1583.0,1758.0,1338,1526,1828,1990,0.80647236
521,/Volumes/SmithL0/2026/BIOL470/Final/Learning_Rig/bee_0408_2/bee_0408_2_rev_green_accident/cam1_2026-04-08_18-13-25.mp4,1585.0,1758.0,1343,1526,1827,1990,0.8058334
522,/Volumes/SmithL0/2026/BIOL470/Final/Learning_Rig/bee_0408_2/bee_0408_2_rev_green_accident/cam1_2026-04-08_18-13-25.mp4,1582.0,1758.5,1335,1526,1829,1991,0.8029066
523,/Volumes/SmithL0/2026/BIOL470/Final/Learning_Rig/bee_0408_2/bee_0408_2_rev_green_accident/cam1_2026-04-08_18-13-25.mp4,1582.5,1758.5,1337,1525,1828,1992,0.8028389
524,/Volumes/SmithL0/2026/BIOL470/Final/Learning_Rig/bee_0408_2/bee_0408_2_rev_green_accident/cam1_2026-04-08_18-13-25.mp4,1582.0,1759.0,1334,1525,1830,1993,0.8073004
525,/Volumes/SmithL0/2026/BIOL470/Final/Learning_Rig/bee_0408_2/bee_0408_2_rev_green_accident/cam1_2026-04-08_18-13-25.mp4,1580.5,1759.0,1333,1525,1828,1993,0.8026659
526,/Volumes/SmithL0/2026/BIOL470/Final/Learning_Rig/bee_0408_2/bee_0408_2_rev_green_accident/cam1_2026-04-08_18-13-25.mp4,1581.0,1759.5,1335,1524,1827,1995,0.79947996
527,/Volumes/SmithL0/2026/BIOL470/Final/Learning_Rig/bee_0408_2/bee_0408_2_rev_green_accident/cam1_2026-04-08_18-13-25.mp4,1581.5,1759.0,1334,1524,1829,1994,0.7978289
528,/Volumes/SmithL0/2026/BIOL470/Final/Learning_Rig/bee_0408_2/bee_0408_2_rev_green_accident/cam1_2026-04-08_18-13-25.mp4,1580.0,1757.0,1332,1524,1828,1990,0.808047
529,/Volumes/SmithL0/2026/BIOL470/Final/Learning_Rig/bee_0408_2/bee_0408_2_rev_green_accident/cam1_2026-04-08_18-13-25.mp4,1580.5,1757.5,1333,1525,1828,1990,0.800885
530,/Volumes/SmithL0/2026/BIOL470/Final/Learning_Rig/bee_0408_2/bee_0408_2_rev_green_accident/cam1_2026-04-08_18-13-25.mp4,1583.0,1759.0,1337,1525,1829,1993,0.79729766
531,/Volumes/SmithL0/2026/BIOL470/Final/Learning_Rig/bee_0408_2/bee_0408_2_rev_green_accident/cam1_2026-04-08_18-13-25.mp4,1578.5,1757.5,1328,1525,1829,1990,0.8048341
532,/Volumes/SmithL0/2026/BIOL470/Final/Learning_Rig/bee_0408_2/bee_0408_2_rev_green_accident/cam1_2026-04-08_18-13-25.mp4,1577.0,1759.0,1326,1525,1828,1993,0.79476583
533,/Volumes/SmithL0/2026/BIOL470/Final/Learning_Rig/bee_0408_2/bee_0408_2_rev_green_accident/cam1_2026-04-08_18-13-25.mp4,1578.5,1759.5,1329,1526,1828,1993,0.8008365
534,/Volumes/SmithL0/2026/BIOL470/Final/Learning_Rig/bee_0408_2/bee_0408_2_rev_green_accident/cam1_2026-04-08_18-13-25.mp4,1576.5,1759.5,1327,1526,1826,1993,0.79327065
535,/Volumes/SmithL0/2026/BIOL470/Final/Learning_Rig/bee_0408_2/bee_0408_2_rev_green_accident/cam1_2026-04-08_18-13-25.mp4,1581.5,1757.5,1335,1524,1828,1991,0.7979557
536,/Volumes/SmithL0/2026/BIOL470/Final/Learning_Rig/bee_0408_2/bee_0408_2_rev_green_accident/cam1_2026-04-08_18-13-25.mp4,1581.0,1758.5,1334,1525,1828,1992,0.8040535
537,/Volumes/SmithL0/2026/BIOL470/Final/Learning_Rig/bee_0408_2/bee_0408_2_rev_green_accident/cam1_2026-04-08_18-13-25.mp4,1581.0,1758.0,1335,1524,1827,1992,0.79085696
538,/Volumes/SmithL0/2026/BIOL470/Final/Learning_Rig/bee_0408_2/bee_0408_2_rev_green_accident/cam1_2026-04-08_18-13-25.mp4,1581.5,1757.0,1336,1524,1827,1990,0.792953
539,/Volumes/SmithL0/2026/BIOL470/Final/Learning_Rig/bee_0408_2/bee_0408_2_rev_green_accident/cam1_2026-04-08_18-13-25.mp4,1579.5,1758.5,1335,1524,1824,1993,0.7798325
540,/Volumes/SmithL0/2026/BIOL470/Final/Learning_Rig/bee_0408_2/bee_0408_2_rev_green_accident/cam1_2026-04-08_18-13-25.mp4,1576.0,1759.5,1329,1526,1823,1993,0.7769792
541,/Volumes/SmithL0/2026/BIOL470/Final/Learning_Rig/bee_0408_2/bee_0408_2_rev_green_accident/cam1_2026-04-08_18-13-25.mp4,1577.0,1759.0,1327,1525,1827,1993,0.78619105
542,/Volumes/SmithL0/2026/BIOL470/Final/Learning_Rig/bee_0408_2/bee_0408_2_rev_green_accident/cam1_2026-04-08_18-13-25.mp4,1582.5,1771.5,1349,1533,1816,2010,0.7741928
543,/Volumes/SmithL0/2026/BIOL470/Final/Learning_Rig/bee_0408_2/bee_0408_2_rev_green_accident/cam1_2026-04-08_18-13-25.mp4,1580.0,1759.5,1332,1526,1828,1993,0.7883229
544,/Volumes/SmithL0/2026/BIOL470/Final/Learning_Rig/bee_0408_2/bee_0408_2_rev_green_accident/cam1_2026-04-08_18-13-25.mp4,1580.0,1759.0,1333,1526,1827,1992,0.79436517
545,/Volumes/SmithL0/2026/BIOL470/Final/Learning_Rig/bee_0408_2/bee_0408_2_rev_green_accident/cam1_2026-04-08_18-13-25.mp4,1580.0,1758.5,1334,1526,1826,1991,0.8031136
546,/Volumes/SmithL0/2026/BIOL470/Final/Learning_Rig/bee_0408_2/bee_0408_2_rev_green_accident/cam1_2026-04-08_18-13-25.mp4,1582.5,1758.0,1341,1526,1824,1990,0.80392015
547,/Volumes/SmithL0/2026/BIOL470/Final/Learning_Rig/bee_0408_2/bee_0408_2_rev_green_accident/cam1_2026-04-08_18-13-25.mp4,1583.0,1758.5,1341,1526,1825,1991,0.8034094
548,/Volumes/SmithL0/2026/BIOL470/Final/Learning_Rig/bee_0408_2/bee_0408_2_rev_green_accident/cam1_2026-04-08_18-13-25.mp4,1582.5,1759.0,1340,1527,1825,1991,0.7898524
549,/Volumes/SmithL0/2026/BIOL470/Final/Learning_Rig/bee_0408_2/bee_0408_2_rev_green_accident/cam1_2026-04-08_18-13-25.mp4,1582.0,1759.5,1338,1527,1826,1992,0.79015696
550,/Volumes/SmithL0/2026/BIOL470/Final/Learning_Rig/bee_0408_2/bee_0408_2_rev_green_accident/cam1_2026-04-08_18-13-25.mp4,1582.0,1759.5,1337,1526,1827,1993,0.7934871
551,/Volumes/SmithL0/2026/BIOL470/Final/Learning_Rig/bee_0408_2/bee_0408_2_rev_green_accident/cam1_2026-04-08_18-13-25.mp4,1579.5,1758.5,1331,1526,1828,1991,0.79884994
552,/Volumes/SmithL0/2026/BIOL470/Final/Learning_Rig/bee_0408_2/bee_0408_2_rev_green_accident/cam1_2026-04-08_18-13-25.mp4,1581.5,1759.0,1334,1525,1829,1993,0.8047318
553,/Volumes/SmithL0/2026/BIOL470/Final/Learning_Rig/bee_0408_2/bee_0408_2_rev_green_accident/cam1_2026-04-08_18-13-25.mp4,1576.5,1758.0,1327,1526,1826,1990,0.80303943
554,/Volumes/SmithL0/2026/BIOL470/Final/Learning_Rig/bee_0408_2/bee_0408_2_rev_green_accident/cam1_2026-04-08_18-13-25.mp4,1577.5,1758.5,1328,1526,1827,1991,0.8017322
555,/Volumes/SmithL0/2026/BIOL470/Final/Learning_Rig/bee_0408_2/bee_0408_2_rev_green_accident/cam1_2026-04-08_18-13-25.mp4,1580.5,1758.5,1333,1526,1828,1991,0.80400217
556,/Volumes/SmithL0/2026/BIOL470/Final/Learning_Rig/bee_0408_2/bee_0408_2_rev_green_accident/cam1_2026-04-08_18-13-25.mp4,1582.0,1759.0,1336,1527,1828,1991,0.8027397
557,/Volumes/SmithL0/2026/BIOL470/Final/Learning_Rig/bee_0408_2/bee_0408_2_rev_green_accident/cam1_2026-04-08_18-13-25.mp4,1582.5,1758.0,1338,1527,1827,1989,0.79210114
558,/Volumes/SmithL0/2026/BIOL470/Final/Learning_Rig/bee_0408_2/bee_0408_2_rev_green_accident/cam1_2026-04-08_18-13-25.mp4,1581.5,1758.0,1337,1527,1826,1989,0.79255784
559,/Volumes/SmithL0/2026/BIOL470/Final/Learning_Rig/bee_0408_2/bee_0408_2_rev_green_accident/cam1_2026-04-08_18-13-25.mp4,1578.0,1757.0,1328,1525,1828,1989,0.802651
560,/Volumes/SmithL0/2026/BIOL470/Final/Learning_Rig/bee_0408_2/bee_0408_2_rev_green_accident/cam1_2026-04-08_18-13-25.mp4,1582.0,1757.5,1336,1525,1828,1990,0.80517936
561,/Volumes/SmithL0/2026/BIOL470/Final/Learning_Rig/bee_0408_2/bee_0408_2_rev_green_accident/cam1_2026-04-08_18-13-25.mp4,1579.5,1757.5,1331,1525,1828,1990,0.8004586
562,/Volumes/SmithL0/2026/BIOL470/Final/Learning_Rig/bee_0408_2/bee_0408_2_rev_green_accident/cam1_2026-04-08_18-13-25.mp4,1581.0,1757.5,1335,1526,1827,1989,0.81196034
563,/Volumes/SmithL0/2026/BIOL470/Final/Learning_Rig/bee_0408_2/bee_0408_2_rev_green_accident/cam1_2026-04-08_18-13-25.mp4,1583.5,1758.0,1340,1527,1827,1989,0.804964
564,/Volumes/SmithL0/2026/BIOL470/Final/Learning_Rig/bee_0408_2/bee_0408_2_rev_green_accident/cam1_2026-04-08_18-13-25.mp4,1580.0,1758.5,1335,1526,1825,1991,0.7973573
565,/Volumes/SmithL0/2026/BIOL470/Final/Learning_Rig/bee_0408_2/bee_0408_2_rev_green_accident/cam1_2026-04-08_18-13-25.mp4,1579.5,1758.5,1338,1526,1821,1991,0.7870461
566,/Volumes/SmithL0/2026/BIOL470/Final/Learning_Rig/bee_0408_2/bee_0408_2_rev_green_accident/cam1_2026-04-08_18-13-25.mp4,1579.0,1758.0,1335,1527,1823,1989,0.79891294
567,/Volumes/SmithL0/2026/BIOL470/Final/Learning_Rig/bee_0408_2/bee_0408_2_rev_green_accident/cam1_2026-04-08_18-13-25.mp4,1579.5,1757.5,1333,1526,1826,1989,0.8030009
568,/Volumes/SmithL0/2026/BIOL470/Final/Learning_Rig/bee_0408_2/bee_0408_2_rev_green_accident/cam1_2026-04-08_18-13-25.mp4,1580.0,1758.5,1335,1526,1825,1991,0.8012681
569,/Volumes/SmithL0/2026/BIOL470/Final/Learning_Rig/bee_0408_2/bee_0408_2_rev_green_accident/cam1_2026-04-08_18-13-25.mp4,1577.5,1759.5,1329,1527,1826,1992,0.80465645
570,/Volumes/SmithL0/2026/BIOL470/Final/Learning_Rig/bee_0408_2/bee_0408_2_rev_green_accident/cam1_2026-04-08_18-13-25.mp4,1580.0,1758.5,1335,1527,1825,1990,0.801266
571,/Volumes/SmithL0/2026/BIOL470/Final/Learning_Rig/bee_0408_2/bee_0408_2_rev_green_accident/cam1_2026-04-08_18-13-25.mp4,1579.5,1758.5,1333,1526,1826,1991,0.79872954
572,/Volumes/SmithL0/2026/BIOL470/Final/Learning_Rig/bee_0408_2/bee_0408_2_rev_green_accident/cam1_2026-04-08_18-13-25.mp4,1580.5,1758.5,1338,1526,1823,1991,0.7893487
573,/Volumes/SmithL0/2026/BIOL470/Final/Learning_Rig/bee_0408_2/bee_0408_2_rev_green_accident/cam1_2026-04-08_18-13-25.mp4,1580.5,1758.5,1338,1526,1823,1991,0.79216826
574,/Volumes/SmithL0/2026/BIOL470/Final/Learning_Rig/bee_0408_2/bee_0408_2_rev_green_accident/cam1_2026-04-08_18-13-25.mp4,1580.5,1758.5,1339,1526,1822,1991,0.7976308
575,/Volumes/SmithL0/2026/BIOL470/Final/Learning_Rig/bee_0408_2/bee_0408_2_rev_green_accident/cam1_2026-04-08_18-13-25.mp4,1580.5,1759.0,1337,1527,1824,1991,0.7997784
576,/Volumes/SmithL0/2026/BIOL470/Final/Learning_Rig/bee_0408_2/bee_0408_2_rev_green_accident/cam1_2026-04-08_18-13-25.mp4,1579.0,1759.0,1334,1527,1824,1991,0.7976166
577,/Volumes/SmithL0/2026/BIOL470/Final/Learning_Rig/bee_0408_2/bee_0408_2_rev_green_accident/cam1_2026-04-08_18-13-25.mp4,1580.5,1759.5,1338,1527,1823,1992,0.79861164
578,/Volumes/SmithL0/2026/BIOL470/Final/Learning_Rig/bee_0408_2/bee_0408_2_rev_green_accident/cam1_2026-04-08_18-13-25.mp4,1579.5,1759.5,1334,1527,1825,1992,0.7941102
579,/Volumes/SmithL0/2026/BIOL470/Final/Learning_Rig/bee_0408_2/bee_0408_2_rev_green_accident/cam1_2026-04-08_18-13-25.mp4,1582.0,1760.0,1341,1527,1823,1993,0.7924108
580,/Volumes/SmithL0/2026/BIOL470/Final/Learning_Rig/bee_0408_2/bee_0408_2_rev_green_accident/cam1_2026-04-08_18-13-25.mp4,1580.5,1758.5,1338,1526,1823,1991,0.7978336
581,/Volumes/SmithL0/2026/BIOL470/Final/Learning_Rig/bee_0408_2/bee_0408_2_rev_green_accident/cam1_2026-04-08_18-13-25.mp4,1579.5,1759.5,1336,1526,1823,1993,0.79286736
582,/Volumes/SmithL0/2026/BIOL470/Final/Learning_Rig/bee_0408_2/bee_0408_2_rev_green_accident/cam1_2026-04-08_18-13-25.mp4,1580.5,1758.0,1338,1526,1823,1990,0.8018445
583,/Volumes/SmithL0/2026/BIOL470/Final/Learning_Rig/bee_0408_2/bee_0408_2_rev_green_accident/cam1_2026-04-08_18-13-25.mp4,1582.5,1758.5,1339,1526,1826,1991,0.80359
584,/Volumes/SmithL0/2026/BIOL470/Final/Learning_Rig/bee_0408_2/bee_0408_2_rev_green_accident/cam1_2026-04-08_18-13-25.mp4,1582.5,1758.0,1338,1526,1827,1990,0.8043424
585,/Volumes/SmithL0/2026/BIOL470/Final/Learning_Rig/bee_0408_2/bee_0408_2_rev_green_accident/cam1_2026-04-08_18-13-25.mp4,1581.0,1758.5,1335,1527,1827,1990,0.80335
586,/Volumes/SmithL0/2026/BIOL470/Final/Learning_Rig/bee_0408_2/bee_0408_2_rev_green_accident/cam1_2026-04-08_18-13-25.mp4,1582.0,1757.5,1335,1526,1829,1989,0.80585444
587,/Volumes/SmithL0/2026/BIOL470/Final/Learning_Rig/bee_0408_2/bee_0408_2_rev_green_accident/cam1_2026-04-08_18-13-25.mp4,1580.0,1756.5,1334,1525,1826,1988,0.80567336
588,/Volumes/SmithL0/2026/BIOL470/Final/Learning_Rig/bee_0408_2/bee_0408_2_rev_green_accident/cam1_2026-04-08_18-13-25.mp4,1580.0,1757.5,1333,1526,1827,1989,0.80370104
589,/Volumes/SmithL0/2026/BIOL470/Final/Learning_Rig/bee_0408_2/bee_0408_2_rev_green_accident/cam1_2026-04-08_18-13-25.mp4,1578.0,1757.5,1329,1525,1827,1990,0.8000421
590,/Volumes/SmithL0/2026/BIOL470/Final/Learning_Rig/bee_0408_2/bee_0408_2_rev_green_accident/cam1_2026-04-08_18-13-25.mp4,1577.5,1758.0,1329,1526,1826,1990,0.8044316
591,/Volumes/SmithL0/2026/BIOL470/Final/Learning_Rig/bee_0408_2/bee_0408_2_rev_green_accident/cam1_2026-04-08_18-13-25.mp4,1578.5,1758.0,1332,1526,1825,1990,0.80270773
592,/Volumes/SmithL0/2026/BIOL470/Final/Learning_Rig/bee_0408_2/bee_0408_2_rev_green_accident/cam1_2026-04-08_18-13-25.mp4,1580.5,1759.0,1336,1526,1825,1992,0.80392164
593,/Volumes/SmithL0/2026/BIOL470/Final/Learning_Rig/bee_0408_2/bee_0408_2_rev_green_accident/cam1_2026-04-08_18-13-25.mp4,1581.5,1758.5,1338,1526,1825,1991,0.7988685
594,/Volumes/SmithL0/2026/BIOL470/Final/Learning_Rig/bee_0408_2/bee_0408_2_rev_green_accident/cam1_2026-04-08_18-13-25.mp4,1581.5,1758.5,1339,1526,1824,1991,0.8017065
595,/Volumes/SmithL0/2026/BIOL470/Final/Learning_Rig/bee_0408_2/bee_0408_2_rev_green_accident/cam1_2026-04-08_18-13-25.mp4,1580.0,1758.5,1335,1527,1825,1990,0.8041422
596,/Volumes/SmithL0/2026/BIOL470/Final/Learning_Rig/bee_0408_2/bee_0408_2_rev_green_accident/cam1_2026-04-08_18-13-25.mp4,1577.5,1760.0,1329,1526,1826,1994,0.8020292
597,/Volumes/SmithL0/2026/BIOL470/Final/Learning_Rig/bee_0408_2/bee_0408_2_rev_green_accident/cam1_2026-04-08_18-13-25.mp4,1578.5,1760.0,1330,1527,1827,1993,0.80212116
598,/Volumes/SmithL0/2026/BIOL470/Final/Learning_Rig/bee_0408_2/bee_0408_2_rev_green_accident/cam1_2026-04-08_18-13-25.mp4,1579.5,1760.5,1331,1527,1828,1994,0.79835963
599,/Volumes/SmithL0/2026/BIOL470/Final/Learning_Rig/bee_0408_2/bee_0408_2_rev_green_accident/cam1_2026-04-08_18-13-25.mp4,1582.5,1761.0,1337,1527,1828,1995,0.799402
600,/Volumes/SmithL0/2026/BIOL470/Final/Learning_Rig/bee_0408_2/bee_0408_2_rev_green_accident/cam1_2026-04-08_18-13-25.mp4,1583.5,1761.5,1340,1527,1827,1996,0.7901058
601,/Volumes/SmithL0/2026/BIOL470/Final/Learning_Rig/bee_0408_2/bee_0408_2_rev_green_accident/cam1_2026-04-08_18-13-25.mp4,1585.5,1761.5,1341,1527,1830,1996,0.78921187
602,/Volumes/SmithL0/2026/BIOL470/Final/Learning_Rig/bee_0408_2/bee_0408_2_rev_green_accident/cam1_2026-04-08_18-13-25.mp4,1584.5,1762.0,1340,1526,1829,1998,0.8011573
603,/Volumes/SmithL0/2026/BIOL470/Final/Learning_Rig/bee_0408_2/bee_0408_2_rev_green_accident/cam1_2026-04-08_18-13-25.mp4,1581.5,1759.0,1335,1526,1828,1992,0.79874617
604,/Volumes/SmithL0/2026/BIOL470/Final/Learning_Rig/bee_0408_2/bee_0408_2_rev_green_accident/cam1_2026-04-08_18-13-25.mp4,1580.0,1760.5,1333,1526,1827,1995,0.80334175
605,/Volumes/SmithL0/2026/BIOL470/Final/Learning_Rig/bee_0408_2/bee_0408_2_rev_green_accident/cam1_2026-04-08_18-13-25.mp4,1580.5,1758.5,1333,1527,1828,1990,0.8051325
606,/Volumes/SmithL0/2026/BIOL470/Final/Learning_Rig/bee_0408_2/bee_0408_2_rev_green_accident/cam1_2026-04-08_18-13-25.mp4,1578.5,1758.0,1332,1526,1825,1990,0.80232334
607,/Volumes/SmithL0/2026/BIOL470/Final/Learning_Rig/bee_0408_2/bee_0408_2_rev_green_accident/cam1_2026-04-08_18-13-25.mp4,1580.5,1758.0,1335,1526,1826,1990,0.80563295
608,/Volumes/SmithL0/2026/BIOL470/Final/Learning_Rig/bee_0408_2/bee_0408_2_rev_green_accident/cam1_2026-04-08_18-13-25.mp4,1582.0,1759.5,1337,1527,1827,1992,0.8012193
609,/Volumes/SmithL0/2026/BIOL470/Final/Learning_Rig/bee_0408_2/bee_0408_2_rev_green_accident/cam1_2026-04-08_18-13-25.mp4,1578.5,1759.0,1332,1526,1825,1992,0.79464084
610,/Volumes/SmithL0/2026/BIOL470/Final/Learning_Rig/bee_0408_2/bee_0408_2_rev_green_accident/cam1_2026-04-08_18-13-25.mp4,1579.5,1759.0,1334,1526,1825,1992,0.80571336
611,/Volumes/SmithL0/2026/BIOL470/Final/Learning_Rig/bee_0408_2/bee_0408_2_rev_green_accident/cam1_2026-04-08_18-13-25.mp4,1579.0,1759.0,1335,1527,1823,1991,0.80913776
612,/Volumes/SmithL0/2026/BIOL470/Final/Learning_Rig/bee_0408_2/bee_0408_2_rev_green_accident/cam1_2026-04-08_18-13-25.mp4,1579.0,1759.5,1333,1527,1825,1992,0.80373186
613,/Volumes/SmithL0/2026/BIOL470/Final/Learning_Rig/bee_0408_2/bee_0408_2_rev_green_accident/cam1_2026-04-08_18-13-25.mp4,1581.0,1758.0,1336,1527,1826,1989,0.8048063
614,/Volumes/SmithL0/2026/BIOL470/Final/Learning_Rig/bee_0408_2/bee_0408_2_rev_green_accident/cam1_2026-04-08_18-13-25.mp4,1582.5,1758.0,1339,1526,1826,1990,0.8093343
615,/Volumes/SmithL0/2026/BIOL470/Final/Learning_Rig/bee_0408_2/bee_0408_2_rev_green_accident/cam1_2026-04-08_18-13-25.mp4,1584.0,1757.5,1343,1525,1825,1990,0.8053732
616,/Volumes/SmithL0/2026/BIOL470/Final/Learning_Rig/bee_0408_2/bee_0408_2_rev_green_accident/cam1_2026-04-08_18-13-25.mp4,1585.0,1758.0,1345,1526,1825,1990,0.79881936
617,/Volumes/SmithL0/2026/BIOL470/Final/Learning_Rig/bee_0408_2/bee_0408_2_rev_green_accident/cam1_2026-04-08_18-13-25.mp4,1583.5,1759.0,1342,1527,1825,1991,0.8056159
618,/Volumes/SmithL0/2026/BIOL470/Final/Learning_Rig/bee_0408_2/bee_0408_2_rev_green_accident/cam1_2026-04-08_18-13-25.mp4,1583.5,1759.0,1341,1527,1826,1991,0.80489266
619,/Volumes/SmithL0/2026/BIOL470/Final/Learning_Rig/bee_0408_2/bee_0408_2_rev_green_accident/cam1_2026-04-08_18-13-25.mp4,1583.0,1759.0,1340,1526,1826,1992,0.79995674
620,/Volumes/SmithL0/2026/BIOL470/Final/Learning_Rig/bee_0408_2/bee_0408_2_rev_green_accident/cam1_2026-04-08_18-13-25.mp4,1579.5,1759.0,1334,1526,1825,1992,0.8019507
621,/Volumes/SmithL0/2026/BIOL470/Final/Learning_Rig/bee_0408_2/bee_0408_2_rev_green_accident/cam1_2026-04-08_18-13-25.mp4,1578.0,1760.0,1333,1526,1823,1994,0.79578173
622,/Volumes/SmithL0/2026/BIOL470/Final/Learning_Rig/bee_0408_2/bee_0408_2_rev_green_accident/cam1_2026-04-08_18-13-25.mp4,1577.5,1761.0,1330,1528,1825,1994,0.80074364
623,/Volumes/SmithL0/2026/BIOL470/Final/Learning_Rig/bee_0408_2/bee_0408_2_rev_green_accident/cam1_2026-04-08_18-13-25.mp4,1574.5,1760.5,1322,1527,1827,1994,0.798331
624,/Volumes/SmithL0/2026/BIOL470/Final/Learning_Rig/bee_0408_2/bee_0408_2_rev_green_accident/cam1_2026-04-08_18-13-25.mp4,1577.0,1759.0,1329,1527,1825,1991,0.8021461
625,/Volumes/SmithL0/2026/BIOL470/Final/Learning_Rig/bee_0408_2/bee_0408_2_rev_green_accident/cam1_2026-04-08_18-13-25.mp4,1579.5,1774.0,1346,1535,1813,2013,0.78055733
626,/Volumes/SmithL0/2026/BIOL470/Final/Learning_Rig/bee_0408_2/bee_0408_2_rev_green_accident/cam1_2026-04-08_18-13-25.mp4,1578.0,1760.5,1328,1526,1828,1995,0.7889401
627,/Volumes/SmithL0/2026/BIOL470/Final/Learning_Rig/bee_0408_2/bee_0408_2_rev_green_accident/cam1_2026-04-08_18-13-25.mp4,1579.0,1760.5,1330,1527,1828,1994,0.80422294
628,/Volumes/SmithL0/2026/BIOL470/Final/Learning_Rig/bee_0408_2/bee_0408_2_rev_green_accident/cam1_2026-04-08_18-13-25.mp4,1578.5,1758.5,1331,1527,1826,1990,0.8024766
629,/Volumes/SmithL0/2026/BIOL470/Final/Learning_Rig/bee_0408_2/bee_0408_2_rev_green_accident/cam1_2026-04-08_18-13-25.mp4,1579.5,1760.0,1336,1527,1823,1993,0.7959966
630,/Volumes/SmithL0/2026/BIOL470/Final/Learning_Rig/bee_0408_2/bee_0408_2_rev_green_accident/cam1_2026-04-08_18-13-25.mp4,1581.0,1760.0,1333,1527,1829,1993,0.8050188
631,/Volumes/SmithL0/2026/BIOL470/Final/Learning_Rig/bee_0408_2/bee_0408_2_rev_green_accident/cam1_2026-04-08_18-13-25.mp4,1582.5,1760.5,1337,1527,1828,1994,0.8013167
632,/Volumes/SmithL0/2026/BIOL470/Final/Learning_Rig/bee_0408_2/bee_0408_2_rev_green_accident/cam1_2026-04-08_18-13-25.mp4,1581.5,1761.5,1336,1527,1827,1996,0.7902948
633,/Volumes/SmithL0/2026/BIOL470/Final/Learning_Rig/bee_0408_2/bee_0408_2_rev_green_accident/cam1_2026-04-08_18-13-25.mp4,1582.5,1761.5,1338,1528,1827,1995,0.79099387
634,/Volumes/SmithL0/2026/BIOL470/Final/Learning_Rig/bee_0408_2/bee_0408_2_rev_green_accident/cam1_2026-04-08_18-13-25.mp4,1582.0,1761.0,1339,1528,1825,1994,0.77986294
635,/Volumes/SmithL0/2026/BIOL470/Final/Learning_Rig/bee_0408_2/bee_0408_2_rev_green_accident/cam1_2026-04-08_18-13-25.mp4,1583.0,1759.5,1338,1527,1828,1992,0.79333436
636,/Volumes/SmithL0/2026/BIOL470/Final/Learning_Rig/bee_0408_2/bee_0408_2_rev_green_accident/cam1_2026-04-08_18-13-25.mp4,1583.5,1760.5,1340,1528,1827,1993,0.7913832
637,/Volumes/SmithL0/2026/BIOL470/Final/Learning_Rig/bee_0408_2/bee_0408_2_rev_green_accident/cam1_2026-04-08_18-13-25.mp4,1582.5,1760.0,1339,1528,1826,1992,0.79546916
638,/Volumes/SmithL0/2026/BIOL470/Final/Learning_Rig/bee_0408_2/bee_0408_2_rev_green_accident/cam1_2026-04-08_18-13-25.mp4,1583.5,1759.5,1341,1528,1826,1991,0.78296757
639,/Volumes/SmithL0/2026/BIOL470/Final/Learning_Rig/bee_0408_2/bee_0408_2_rev_green_accident/cam1_2026-04-08_18-13-25.mp4,1583.0,1759.0,1341,1528,1825,1990,0.79396576
640,/Volumes/SmithL0/2026/BIOL470/Final/Learning_Rig/bee_0408_2/bee_0408_2_rev_green_accident/cam1_2026-04-08_18-13-25.mp4,1582.5,1759.0,1339,1528,1826,1990,0.8027075
641,/Volumes/SmithL0/2026/BIOL470/Final/Learning_Rig/bee_0408_2/bee_0408_2_rev_green_accident/cam1_2026-04-08_18-13-25.mp4,1584.0,1759.0,1339,1529,1829,1989,0.80473244
642,/Volumes/SmithL0/2026/BIOL470/Final/Learning_Rig/bee_0408_2/bee_0408_2_rev_green_accident/cam1_2026-04-08_18-13-25.mp4,1581.5,1759.0,1335,1528,1828,1990,0.8096105
643,/Volumes/SmithL0/2026/BIOL470/Final/Learning_Rig/bee_0408_2/bee_0408_2_rev_green_accident/cam1_2026-04-08_18-13-25.mp4,1586.0,1759.0,1345,1528,1827,1990,0.8047346
644,/Volumes/SmithL0/2026/BIOL470/Final/Learning_Rig/bee_0408_2/bee_0408_2_rev_green_accident/cam1_2026-04-08_18-13-25.mp4,1584.0,1757.5,1340,1527,1828,1988,0.80707115
645,/Volumes/SmithL0/2026/BIOL470/Final/Learning_Rig/bee_0408_2/bee_0408_2_rev_green_accident/cam1_2026-04-08_18-13-25.mp4,1580.5,1758.5,1331,1527,1830,1990,0.80627984
646,/Volumes/SmithL0/2026/BIOL470/Final/Learning_Rig/bee_0408_2/bee_0408_2_rev_green_accident/cam1_2026-04-08_18-13-25.mp4,1584.5,1759.0,1341,1527,1828,1991,0.7946265
647,/Volumes/SmithL0/2026/BIOL470/Final/Learning_Rig/bee_0408_2/bee_0408_2_rev_green_accident/cam1_2026-04-08_18-13-25.mp4,1582.0,1758.5,1333,1527,1831,1990,0.8047681
648,/Volumes/SmithL0/2026/BIOL470/Final/Learning_Rig/bee_0408_2/bee_0408_2_rev_green_accident/cam1_2026-04-08_18-13-25.mp4,1581.5,1758.5,1333,1526,1830,1991,0.80654037
649,/Volumes/SmithL0/2026/BIOL470/Final/Learning_Rig/bee_0408_2/bee_0408_2_rev_green_accident/cam1_2026-04-08_18-13-25.mp4,1581.5,1758.5,1334,1526,1829,1991,0.80850166
650,/Volumes/SmithL0/2026/BIOL470/Final/Learning_Rig/bee_0408_2/bee_0408_2_rev_green_accident/cam1_2026-04-08_18-13-25.mp4,1580.0,1758.0,1335,1527,1825,1989,0.8035546
651,/Volumes/SmithL0/2026/BIOL470/Final/Learning_Rig/bee_0408_2/bee_0408_2_rev_green_accident/cam1_2026-04-08_18-13-25.mp4,1584.0,1758.5,1344,1527,1824,1990,0.8016027
652,/Volumes/SmithL0/2026/BIOL470/Final/Learning_Rig/bee_0408_2/bee_0408_2_rev_green_accident/cam1_2026-04-08_18-13-25.mp4,1583.0,1759.0,1341,1528,1825,1990,0.8072564
653,/Volumes/SmithL0/2026/BIOL470/Final/Learning_Rig/bee_0408_2/bee_0408_2_rev_green_accident/cam1_2026-04-08_18-13-25.mp4,1580.5,1758.5,1333,1527,1828,1990,0.8024945
654,/Volumes/SmithL0/2026/BIOL470/Final/Learning_Rig/bee_0408_2/bee_0408_2_rev_green_accident/cam1_2026-04-08_18-13-25.mp4,1580.5,1758.5,1332,1527,1829,1990,0.8096274
655,/Volumes/SmithL0/2026/BIOL470/Final/Learning_Rig/bee_0408_2/bee_0408_2_rev_green_accident/cam1_2026-04-08_18-13-25.mp4,1582.0,1759.5,1337,1527,1827,1992,0.8012395
656,/Volumes/SmithL0/2026/BIOL470/Final/Learning_Rig/bee_0408_2/bee_0408_2_rev_green_accident/cam1_2026-04-08_18-13-25.mp4,1581.0,1759.5,1335,1527,1827,1992,0.8018802
657,/Volumes/SmithL0/2026/BIOL470/Final/Learning_Rig/bee_0408_2/bee_0408_2_rev_green_accident/cam1_2026-04-08_18-13-25.mp4,1582.5,1760.0,1338,1527,1827,1993,0.8038183
658,/Volumes/SmithL0/2026/BIOL470/Final/Learning_Rig/bee_0408_2/bee_0408_2_rev_green_accident/cam1_2026-04-08_18-13-25.mp4,1580.5,1759.5,1335,1526,1826,1993,0.80019176
659,/Volumes/SmithL0/2026/BIOL470/Final/Learning_Rig/bee_0408_2/bee_0408_2_rev_green_accident/cam1_2026-04-08_18-13-25.mp4,1581.5,1759.5,1337,1526,1826,1993,0.80379486
660,/Volumes/SmithL0/2026/BIOL470/Final/Learning_Rig/bee_0408_2/bee_0408_2_rev_green_accident/cam1_2026-04-08_18-13-25.mp4,1583.0,1759.0,1342,1527,1824,1991,0.8056621
661,/Volumes/SmithL0/2026/BIOL470/Final/Learning_Rig/bee_0408_2/bee_0408_2_rev_green_accident/cam1_2026-04-08_18-13-25.mp4,1583.0,1759.5,1340,1527,1826,1992,0.80537224
662,/Volumes/SmithL0/2026/BIOL470/Final/Learning_Rig/bee_0408_2/bee_0408_2_rev_green_accident/cam1_2026-04-08_18-13-25.mp4,1584.5,1760.0,1343,1528,1826,1992,0.80710965
663,/Volumes/SmithL0/2026/BIOL470/Final/Learning_Rig/bee_0408_2/bee_0408_2_rev_green_accident/cam1_2026-04-08_18-13-25.mp4,1583.5,1759.5,1343,1527,1824,1992,0.8058793
664,/Volumes/SmithL0/2026/BIOL470/Final/Learning_Rig/bee_0408_2/bee_0408_2_rev_green_accident/cam1_2026-04-08_18-13-25.mp4,1583.0,1759.5,1343,1527,1823,1992,0.8041478
665,/Volumes/SmithL0/2026/BIOL470/Final/Learning_Rig/bee_0408_2/bee_0408_2_rev_green_accident/cam1_2026-04-08_18-13-25.mp4,1583.0,1758.0,1338,1527,1828,1989,0.8030982
666,/Volumes/SmithL0/2026/BIOL470/Final/Learning_Rig/bee_0408_2/bee_0408_2_rev_green_accident/cam1_2026-04-08_18-13-25.mp4,1583.5,1760.0,1340,1527,1827,1993,0.79817563
667,/Volumes/SmithL0/2026/BIOL470/Final/Learning_Rig/bee_0408_2/bee_0408_2_rev_green_accident/cam1_2026-04-08_18-13-25.mp4,1581.0,1758.0,1335,1526,1827,1990,0.80287206
668,/Volumes/SmithL0/2026/BIOL470/Final/Learning_Rig/bee_0408_2/bee_0408_2_rev_green_accident/cam1_2026-04-08_18-13-25.mp4,1583.0,1758.0,1340,1526,1826,1990,0.8004261
669,/Volumes/SmithL0/2026/BIOL470/Final/Learning_Rig/bee_0408_2/bee_0408_2_rev_green_accident/cam1_2026-04-08_18-13-25.mp4,1581.5,1757.0,1337,1524,1826,1990,0.80738294
670,/Volumes/SmithL0/2026/BIOL470/Final/Learning_Rig/bee_0408_2/bee_0408_2_rev_green_accident/cam1_2026-04-08_18-13-25.mp4,1582.0,1758.5,1338,1525,1826,1992,0.80648464
671,/Volumes/SmithL0/2026/BIOL470/Final/Learning_Rig/bee_0408_2/bee_0408_2_rev_green_accident/cam1_2026-04-08_18-13-25.mp4,1581.0,1758.0,1335,1526,1827,1990,0.80374765
672,/Volumes/SmithL0/2026/BIOL470/Final/Learning_Rig/bee_0408_2/bee_0408_2_rev_green_accident/cam1_2026-04-08_18-13-25.mp4,1581.0,1758.0,1337,1525,1825,1991,0.80278695
673,/Volumes/SmithL0/2026/BIOL470/Final/Learning_Rig/bee_0408_2/bee_0408_2_rev_green_accident/cam1_2026-04-08_18-13-25.mp4,1581.0,1758.0,1338,1525,1824,1991,0.7995676
674,/Volumes/SmithL0/2026/BIOL470/Final/Learning_Rig/bee_0408_2/bee_0408_2_rev_green_accident/cam1_2026-04-08_18-13-25.mp4,1581.0,1759.0,1337,1527,1825,1991,0.80428684
675,/Volumes/SmithL0/2026/BIOL470/Final/Learning_Rig/bee_0408_2/bee_0408_2_rev_green_accident/cam1_2026-04-08_18-13-25.mp4,1581.5,1757.5,1340,1525,1823,1990,0.8098076
676,/Volumes/SmithL0/2026/BIOL470/Final/Learning_Rig/bee_0408_2/bee_0408_2_rev_green_accident/cam1_2026-04-08_18-13-25.mp4,1581.5,1758.5,1341,1526,1822,1991,0.80270207
677,/Volumes/SmithL0/2026/BIOL470/Final/Learning_Rig/bee_0408_2/bee_0408_2_rev_green_accident/cam1_2026-04-08_18-13-25.mp4,1580.5,1758.5,1335,1525,1826,1992,0.8075678
678,/Volumes/SmithL0/2026/BIOL470/Final/Learning_Rig/bee_0408_2/bee_0408_2_rev_green_accident/cam1_2026-04-08_18-13-25.mp4,1580.0,1758.0,1337,1525,1823,1991,0.81283337
679,/Volumes/SmithL0/2026/BIOL470/Final/Learning_Rig/bee_0408_2/bee_0408_2_rev_green_accident/cam1_2026-04-08_18-13-25.mp4,1579.5,1759.0,1333,1525,1826,1993,0.80034727
680,/Volumes/SmithL0/2026/BIOL470/Final/Learning_Rig/bee_0408_2/bee_0408_2_rev_green_accident/cam1_2026-04-08_18-13-25.mp4,1575.0,1762.0,1324,1525,1826,1999,0.7972517
681,/Volumes/SmithL0/2026/BIOL470/Final/Learning_Rig/bee_0408_2/bee_0408_2_rev_green_accident/cam1_2026-04-08_18-13-25.mp4,1575.5,1760.5,1323,1526,1828,1995,0.7892801
682,/Volumes/SmithL0/2026/BIOL470/Final/Learning_Rig/bee_0408_2/bee_0408_2_rev_green_accident/cam1_2026-04-08_18-13-25.mp4,1575.0,1760.5,1322,1526,1828,1995,0.7962995
683,/Volumes/SmithL0/2026/BIOL470/Final/Learning_Rig/bee_0408_2/bee_0408_2_rev_green_accident/cam1_2026-04-08_18-13-25.mp4,1579.5,1759.0,1333,1526,1826,1992,0.7880725
684,/Volumes/SmithL0/2026/BIOL470/Final/Learning_Rig/bee_0408_2/bee_0408_2_rev_green_accident/cam1_2026-04-08_18-13-25.mp4,1579.0,1760.0,1333,1527,1825,1993,0.7942902
685,/Volumes/SmithL0/2026/BIOL470/Final/Learning_Rig/bee_0408_2/bee_0408_2_rev_green_accident/cam1_2026-04-08_18-13-25.mp4,1582.5,1759.0,1337,1526,1828,1992,0.8024977
686,/Volumes/SmithL0/2026/BIOL470/Final/Learning_Rig/bee_0408_2/bee_0408_2_rev_green_accident/cam1_2026-04-08_18-13-25.mp4,1582.5,1758.5,1339,1526,1826,1991,0.8054377
687,/Volumes/SmithL0/2026/BIOL470/Final/Learning_Rig/bee_0408_2/bee_0408_2_rev_green_accident/cam1_2026-04-08_18-13-25.mp4,1583.0,1759.5,1336,1526,1830,1993,0.8042176
688,/Volumes/SmithL0/2026/BIOL470/Final/Learning_Rig/bee_0408_2/bee_0408_2_rev_green_accident/cam1_2026-04-08_18-13-25.mp4,1584.0,1760.0,1340,1526,1828,1994,0.80712926
689,/Volumes/SmithL0/2026/BIOL470/Final/Learning_Rig/bee_0408_2/bee_0408_2_rev_green_accident/cam1_2026-04-08_18-13-25.mp4,1583.5,1758.5,1340,1526,1827,1991,0.80686724
690,/Volumes/SmithL0/2026/BIOL470/Final/Learning_Rig/bee_0408_2/bee_0408_2_rev_green_accident/cam1_2026-04-08_18-13-25.mp4,1582.0,1758.5,1337,1526,1827,1991,0.8011492
691,/Volumes/SmithL0/2026/BIOL470/Final/Learning_Rig/bee_0408_2/bee_0408_2_rev_green_accident/cam1_2026-04-08_18-13-25.mp4,1582.0,1759.0,1337,1526,1827,1992,0.79236627
692,/Volumes/SmithL0/2026/BIOL470/Final/Learning_Rig/bee_0408_2/bee_0408_2_rev_green_accident/cam1_2026-04-08_18-13-25.mp4,1583.0,1759.0,1339,1526,1827,1992,0.7932318
693,/Volumes/SmithL0/2026/BIOL470/Final/Learning_Rig/bee_0408_2/bee_0408_2_rev_green_accident/cam1_2026-04-08_18-13-25.mp4,1581.5,1759.5,1338,1526,1825,1993,0.7898927
694,/Volumes/SmithL0/2026/BIOL470/Final/Learning_Rig/bee_0408_2/bee_0408_2_rev_green_accident/cam1_2026-04-08_18-13-25.mp4,1581.0,1760.5,1336,1526,1826,1995,0.7925785
695,/Volumes/SmithL0/2026/BIOL470/Final/Learning_Rig/bee_0408_2/bee_0408_2_rev_green_accident/cam1_2026-04-08_18-13-25.mp4,1581.0,1759.5,1338,1526,1824,1993,0.8000456
696,/Volumes/SmithL0/2026/BIOL470/Final/Learning_Rig/bee_0408_2/bee_0408_2_rev_green_accident/cam1_2026-04-08_18-13-25.mp4,1580.5,1760.5,1337,1527,1824,1994,0.7950191
697,/Volumes/SmithL0/2026/BIOL470/Final/Learning_Rig/bee_0408_2/bee_0408_2_rev_green_accident/cam1_2026-04-08_18-13-25.mp4,1580.0,1760.0,1336,1527,1824,1993,0.79768413
698,/Volumes/SmithL0/2026/BIOL470/Final/Learning_Rig/bee_0408_2/bee_0408_2_rev_green_accident/cam1_2026-04-08_18-13-25.mp4,1580.5,1759.5,1336,1527,1825,1992,0.80052495
699,/Volumes/SmithL0/2026/BIOL470/Final/Learning_Rig/bee_0408_2/bee_0408_2_rev_green_accident/cam1_2026-04-08_18-13-25.mp4,1578.0,1760.0,1332,1526,1824,1994,0.797351
700,/Volumes/SmithL0/2026/BIOL470/Final/Learning_Rig/bee_0408_2/bee_0408_2_rev_green_accident/cam1_2026-04-08_18-13-25.mp4,1574.5,1761.5,1325,1526,1824,1997,0.7905418
701,/Volumes/SmithL0/2026/BIOL470/Final/Learning_Rig/bee_0408_2/bee_0408_2_rev_green_accident/cam1_2026-04-08_18-13-25.mp4,1575.5,1760.0,1327,1526,1824,1994,0.8009553
702,/Volumes/SmithL0/2026/BIOL470/Final/Learning_Rig/bee_0408_2/bee_0408_2_rev_green_accident/cam1_2026-04-08_18-13-25.mp4,1577.0,1759.0,1329,1526,1825,1992,0.80497676
703,/Volumes/SmithL0/2026/BIOL470/Final/Learning_Rig/bee_0408_2/bee_0408_2_rev_green_accident/cam1_2026-04-08_18-13-25.mp4,1577.5,1758.5,1332,1526,1823,1991,0.8071027
704,/Volumes/SmithL0/2026/BIOL470/Final/Learning_Rig/bee_0408_2/bee_0408_2_rev_green_accident/cam1_2026-04-08_18-13-25.mp4,1578.0,1760.0,1332,1526,1824,1994,0.80466944
705,/Volumes/SmithL0/2026/BIOL470/Final/Learning_Rig/bee_0408_2/bee_0408_2_rev_green_accident/cam1_2026-04-08_18-13-25.mp4,1576.0,1759.0,1326,1526,1826,1992,0.8071508
706,/Volumes/SmithL0/2026/BIOL470/Final/Learning_Rig/bee_0408_2/bee_0408_2_rev_green_accident/cam1_2026-04-08_18-13-25.mp4,1577.0,1760.5,1327,1527,1827,1994,0.8059771
707,/Volumes/SmithL0/2026/BIOL470/Final/Learning_Rig/bee_0408_2/bee_0408_2_rev_green_accident/cam1_2026-04-08_18-13-25.mp4,1578.0,1759.0,1330,1526,1826,1992,0.80689204
708,/Volumes/SmithL0/2026/BIOL470/Final/Learning_Rig/bee_0408_2/bee_0408_2_rev_green_accident/cam1_2026-04-08_18-13-25.mp4,1577.0,1760.5,1328,1527,1826,1994,0.8019613
709,/Volumes/SmithL0/2026/BIOL470/Final/Learning_Rig/bee_0408_2/bee_0408_2_rev_green_accident/cam1_2026-04-08_18-13-25.mp4,1581.5,1760.0,1339,1527,1824,1993,0.79956675
710,/Volumes/SmithL0/2026/BIOL470/Final/Learning_Rig/bee_0408_2/bee_0408_2_rev_green_accident/cam1_2026-04-08_18-13-25.mp4,1580.5,1759.5,1336,1527,1825,1992,0.8012104
711,/Volumes/SmithL0/2026/BIOL470/Final/Learning_Rig/bee_0408_2/bee_0408_2_rev_green_accident/cam1_2026-04-08_18-13-25.mp4,1579.0,1759.5,1335,1527,1823,1992,0.8020671
712,/Volumes/SmithL0/2026/BIOL470/Final/Learning_Rig/bee_0408_2/bee_0408_2_rev_green_accident/cam1_2026-04-08_18-13-25.mp4,1581.0,1761.5,1337,1528,1825,1995,0.7960899
713,/Volumes/SmithL0/2026/BIOL470/Final/Learning_Rig/bee_0408_2/bee_0408_2_rev_green_accident/cam1_2026-04-08_18-13-25.mp4,1579.0,1759.5,1335,1526,1823,1993,0.8064445
714,/Volumes/SmithL0/2026/BIOL470/Final/Learning_Rig/bee_0408_2/bee_0408_2_rev_green_accident/cam1_2026-04-08_18-13-25.mp4,1578.5,1759.0,1333,1527,1824,1991,0.80511427
715,/Volumes/SmithL0/2026/BIOL470/Final/Learning_Rig/bee_0408_2/bee_0408_2_rev_green_accident/cam1_2026-04-08_18-13-25.mp4,1581.5,1758.5,1340,1526,1823,1991,0.81027275
716,/Volumes/SmithL0/2026/BIOL470/Final/Learning_Rig/bee_0408_2/bee_0408_2_rev_green_accident/cam1_2026-04-08_18-13-25.mp4,1583.0,1758.0,1340,1526,1826,1990,0.80904615
717,/Volumes/SmithL0/2026/BIOL470/Final/Learning_Rig/bee_0408_2/bee_0408_2_rev_green_accident/cam1_2026-04-08_18-13-25.mp4,1580.5,1757.5,1335,1525,1826,1990,0.8048169
718,/Volumes/SmithL0/2026/BIOL470/Final/Learning_Rig/bee_0408_2/bee_0408_2_rev_green_accident/cam1_2026-04-08_18-13-25.mp4,1583.0,1759.0,1340,1525,1826,1993,0.7978966
719,/Volumes/SmithL0/2026/BIOL470/Final/Learning_Rig/bee_0408_2/bee_0408_2_rev_green_accident/cam1_2026-04-08_18-13-25.mp4,1580.5,1759.0,1335,1526,1826,1992,0.7964996
720,/Volumes/SmithL0/2026/BIOL470/Final/Learning_Rig/bee_0408_2/bee_0408_2_rev_green_accident/cam1_2026-04-08_18-13-25.mp4,1580.5,1759.5,1334,1526,1827,1993,0.80025
721,/Volumes/SmithL0/2026/BIOL470/Final/Learning_Rig/bee_0408_2/bee_0408_2_rev_green_accident/cam1_2026-04-08_18-13-25.mp4,1579.5,1760.0,1331,1525,1828,1995,0.799531
722,/Volumes/SmithL0/2026/BIOL470/Final/Learning_Rig/bee_0408_2/bee_0408_2_rev_green_accident/cam1_2026-04-08_18-13-25.mp4,1581.5,1759.5,1332,1525,1831,1994,0.8065051
723,/Volumes/SmithL0/2026/BIOL470/Final/Learning_Rig/bee_0408_2/bee_0408_2_rev_green_accident/cam1_2026-04-08_18-13-25.mp4,1582.0,1759.5,1335,1525,1829,1994,0.8090115
724,/Volumes/SmithL0/2026/BIOL470/Final/Learning_Rig/bee_0408_2/bee_0408_2_rev_green_accident/cam1_2026-04-08_18-13-25.mp4,1580.5,1758.0,1333,1524,1828,1992,0.80688274
725,/Volumes/SmithL0/2026/BIOL470/Final/Learning_Rig/bee_0408_2/bee_0408_2_rev_green_accident/cam1_2026-04-08_18-13-25.mp4,1580.0,1756.5,1331,1524,1829,1989,0.8070342
726,/Volumes/SmithL0/2026/BIOL470/Final/Learning_Rig/bee_0408_2/bee_0408_2_rev_green_accident/cam1_2026-04-08_18-13-25.mp4,1580.5,1757.5,1335,1524,1826,1991,0.8080639
727,/Volumes/SmithL0/2026/BIOL470/Final/Learning_Rig/bee_0408_2/bee_0408_2_rev_green_accident/cam1_2026-04-08_18-13-25.mp4,1579.5,1758.0,1335,1525,1824,1991,0.80683625
728,/Volumes/SmithL0/2026/BIOL470/Final/Learning_Rig/bee_0408_2/bee_0408_2_rev_green_accident/cam1_2026-04-08_18-13-25.mp4,1580.5,1758.0,1336,1525,1825,1991,0.80310327
729,/Volumes/SmithL0/2026/BIOL470/Final/Learning_Rig/bee_0408_2/bee_0408_2_rev_green_accident/cam1_2026-04-08_18-13-25.mp4,1579.5,1759.0,1334,1525,1825,1993,0.8078468
730,/Volumes/SmithL0/2026/BIOL470/Final/Learning_Rig/bee_0408_2/bee_0408_2_rev_green_accident/cam1_2026-04-08_18-13-25.mp4,1579.5,1759.5,1333,1525,1826,1994,0.80314773
731,/Volumes/SmithL0/2026/BIOL470/Final/Learning_Rig/bee_0408_2/bee_0408_2_rev_green_accident/cam1_2026-04-08_18-13-25.mp4,1580.0,1758.5,1334,1525,1826,1992,0.804981
732,/Volumes/SmithL0/2026/BIOL470/Final/Learning_Rig/bee_0408_2/bee_0408_2_rev_green_accident/cam1_2026-04-08_18-13-25.mp4,1579.5,1759.0,1333,1526,1826,1992,0.8083164
733,/Volumes/SmithL0/2026/BIOL470/Final/Learning_Rig/bee_0408_2/bee_0408_2_rev_green_accident/cam1_2026-04-08_18-13-25.mp4,1581.5,1758.5,1336,1525,1827,1992,0.79988164
734,/Volumes/SmithL0/2026/BIOL470/Final/Learning_Rig/bee_0408_2/bee_0408_2_rev_green_accident/cam1_2026-04-08_18-13-25.mp4,1582.0,1759.0,1339,1526,1825,1992,0.80540353
735,/Volumes/SmithL0/2026/BIOL470/Final/Learning_Rig/bee_0408_2/bee_0408_2_rev_green_accident/cam1_2026-04-08_18-13-25.mp4,1578.5,1758.5,1332,1526,1825,1991,0.8038445
736,/Volumes/SmithL0/2026/BIOL470/Final/Learning_Rig/bee_0408_2/bee_0408_2_rev_green_accident/cam1_2026-04-08_18-13-25.mp4,1578.5,1759.5,1333,1527,1824,1992,0.80386204
737,/Volumes/SmithL0/2026/BIOL470/Final/Learning_Rig/bee_0408_2/bee_0408_2_rev_green_accident/cam1_2026-04-08_18-13-25.mp4,1579.0,1759.5,1334,1527,1824,1992,0.79488915
738,/Volumes/SmithL0/2026/BIOL470/Final/Learning_Rig/bee_0408_2/bee_0408_2_rev_green_accident/cam1_2026-04-08_18-13-25.mp4,1578.5,1758.5,1333,1525,1824,1992,0.8052343
739,/Volumes/SmithL0/2026/BIOL470/Final/Learning_Rig/bee_0408_2/bee_0408_2_rev_green_accident/cam1_2026-04-08_18-13-25.mp4,1582.5,1760.5,1340,1527,1825,1994,0.8056017
740,/Volumes/SmithL0/2026/BIOL470/Final/Learning_Rig/bee_0408_2/bee_0408_2_rev_green_accident/cam1_2026-04-08_18-13-25.mp4,1581.5,1760.0,1340,1526,1823,1994,0.8095432
741,/Volumes/SmithL0/2026/BIOL470/Final/Learning_Rig/bee_0408_2/bee_0408_2_rev_green_accident/cam1_2026-04-08_18-13-25.mp4,1577.5,1759.5,1330,1527,1825,1992,0.8054791
742,/Volumes/SmithL0/2026/BIOL470/Final/Learning_Rig/bee_0408_2/bee_0408_2_rev_green_accident/cam1_2026-04-08_18-13-25.mp4,1578.5,1760.5,1332,1526,1825,1995,0.7938169
743,/Volumes/SmithL0/2026/BIOL470/Final/Learning_Rig/bee_0408_2/bee_0408_2_rev_green_accident/cam1_2026-04-08_18-13-25.mp4,1579.5,1761.0,1334,1527,1825,1995,0.7864705
744,/Volumes/SmithL0/2026/BIOL470/Final/Learning_Rig/bee_0408_2/bee_0408_2_rev_green_accident/cam1_2026-04-08_18-13-25.mp4,1579.0,1760.0,1333,1529,1825,1991,0.79544014
745,/Volumes/SmithL0/2026/BIOL470/Final/Learning_Rig/bee_0408_2/bee_0408_2_rev_green_accident/cam1_2026-04-08_18-13-25.mp4,1581.0,1759.5,1337,1529,1825,1990,0.7995331
746,/Volumes/SmithL0/2026/BIOL470/Final/Learning_Rig/bee_0408_2/bee_0408_2_rev_green_accident/cam1_2026-04-08_18-13-25.mp4,1578.5,1759.5,1331,1528,1826,1991,0.7984193
747,/Volumes/SmithL0/2026/BIOL470/Final/Learning_Rig/bee_0408_2/bee_0408_2_rev_green_accident/cam1_2026-04-08_18-13-25.mp4,1579.5,1760.5,1333,1530,1826,1991,0.8024773
748,/Volumes/SmithL0/2026/BIOL470/Final/Learning_Rig/bee_0408_2/bee_0408_2_rev_green_accident/cam1_2026-04-08_18-13-25.mp4,1576.0,1760.5,1328,1530,1824,1991,0.8014205
749,/Volumes/SmithL0/2026/BIOL470/Final/Learning_Rig/bee_0408_2/bee_0408_2_rev_green_accident/cam1_2026-04-08_18-13-25.mp4,1580.5,1759.0,1335,1528,1826,1990,0.8068883
750,/Volumes/SmithL0/2026/BIOL470/Final/Learning_Rig/bee_0408_2/bee_0408_2_rev_green_accident/cam1_2026-04-08_18-13-25.mp4,1579.5,1759.0,1336,1527,1823,1991,0.7976165
751,/Volumes/SmithL0/2026/BIOL470/Final/Learning_Rig/bee_0408_2/bee_0408_2_rev_green_accident/cam1_2026-04-08_18-13-25.mp4,1579.5,1759.5,1335,1529,1824,1990,0.800941
752,/Volumes/SmithL0/2026/BIOL470/Final/Learning_Rig/bee_0408_2/bee_0408_2_rev_green_accident/cam1_2026-04-08_18-13-25.mp4,1580.0,1759.5,1337,1529,1823,1990,0.80293924
753,/Volumes/SmithL0/2026/BIOL470/Final/Learning_Rig/bee_0408_2/bee_0408_2_rev_green_accident/cam1_2026-04-08_18-13-25.mp4,1576.5,1759.5,1329,1529,1824,1990,0.7956891
754,/Volumes/SmithL0/2026/BIOL470/Final/Learning_Rig/bee_0408_2/bee_0408_2_rev_green_accident/cam1_2026-04-08_18-13-25.mp4,1579.0,1760.0,1335,1530,1823,1990,0.795843
755,/Volumes/SmithL0/2026/BIOL470/Final/Learning_Rig/bee_0408_2/bee_0408_2_rev_green_accident/cam1_2026-04-08_18-13-25.mp4,1579.0,1761.0,1333,1530,1825,1992,0.79619455
756,/Volumes/SmithL0/2026/BIOL470/Final/Learning_Rig/bee_0408_2/bee_0408_2_rev_green_accident/cam1_2026-04-08_18-13-25.mp4,1579.5,1760.0,1336,1530,1823,1990,0.79622
757,/Volumes/SmithL0/2026/BIOL470/Final/Learning_Rig/bee_0408_2/bee_0408_2_rev_green_accident/cam1_2026-04-08_18-13-25.mp4,1581.5,1761.0,1338,1530,1825,1992,0.80179554
758,/Volumes/SmithL0/2026/BIOL470/Final/Learning_Rig/bee_0408_2/bee_0408_2_rev_green_accident/cam1_2026-04-08_18-13-25.mp4,1579.5,1761.0,1335,1530,1824,1992,0.80360025
759,/Volumes/SmithL0/2026/BIOL470/Final/Learning_Rig/bee_0408_2/bee_0408_2_rev_green_accident/cam1_2026-04-08_18-13-25.mp4,1578.5,1759.5,1336,1530,1821,1989,0.8049158
760,/Volumes/SmithL0/2026/BIOL470/Final/Learning_Rig/bee_0408_2/bee_0408_2_rev_green_accident/cam1_2026-04-08_18-13-25.mp4,1580.5,1759.5,1340,1530,1821,1989,0.80977786
761,/Volumes/SmithL0/2026/BIOL470/Final/Learning_Rig/bee_0408_2/bee_0408_2_rev_green_accident/cam1_2026-04-08_18-13-25.mp4,1577.0,1759.0,1331,1529,1823,1989,0.80559844
762,/Volumes/SmithL0/2026/BIOL470/Final/Learning_Rig/bee_0408_2/bee_0408_2_rev_green_accident/cam1_2026-04-08_18-13-25.mp4,1579.5,1758.5,1334,1529,1825,1988,0.8050384
763,/Volumes/SmithL0/2026/BIOL470/Final/Learning_Rig/bee_0408_2/bee_0408_2_rev_green_accident/cam1_2026-04-08_18-13-25.mp4,1580.5,1759.5,1338,1530,1823,1989,0.80408925
764,/Volumes/SmithL0/2026/BIOL470/Final/Learning_Rig/bee_0408_2/bee_0408_2_rev_green_accident/cam1_2026-04-08_18-13-25.mp4,1579.0,1760.5,1333,1531,1825,1990,0.79928714
765,/Volumes/SmithL0/2026/BIOL470/Final/Learning_Rig/bee_0408_2/bee_0408_2_rev_green_accident/cam1_2026-04-08_18-13-25.mp4,1581.0,1760.0,1338,1530,1824,1990,0.8039034
766,/Volumes/SmithL0/2026/BIOL470/Final/Learning_Rig/bee_0408_2/bee_0408_2_rev_green_accident/cam1_2026-04-08_18-13-25.mp4,1578.5,1759.0,1332,1530,1825,1988,0.80680597
767,/Volumes/SmithL0/2026/BIOL470/Final/Learning_Rig/bee_0408_2/bee_0408_2_rev_green_accident/cam1_2026-04-08_18-13-25.mp4,1581.5,1759.5,1339,1531,1824,1988,0.7978016
768,/Volumes/SmithL0/2026/BIOL470/Final/Learning_Rig/bee_0408_2/bee_0408_2_rev_green_accident/cam1_2026-04-08_18-13-25.mp4,1582.0,1760.0,1339,1532,1825,1988,0.8052552
769,/Volumes/SmithL0/2026/BIOL470/Final/Learning_Rig/bee_0408_2/bee_0408_2_rev_green_accident/cam1_2026-04-08_18-13-25.mp4,1582.5,1760.5,1339,1532,1826,1989,0.8082736
770,/Volumes/SmithL0/2026/BIOL470/Final/Learning_Rig/bee_0408_2/bee_0408_2_rev_green_accident/cam1_2026-04-08_18-13-25.mp4,1579.5,1762.0,1335,1533,1824,1991,0.8063043
771,/Volumes/SmithL0/2026/BIOL470/Final/Learning_Rig/bee_0408_2/bee_0408_2_rev_green_accident/cam1_2026-04-08_18-13-25.mp4,1582.0,1762.0,1337,1533,1827,1991,0.80697715
772,/Volumes/SmithL0/2026/BIOL470/Final/Learning_Rig/bee_0408_2/bee_0408_2_rev_green_accident/cam1_2026-04-08_18-13-25.mp4,1581.0,1761.0,1336,1532,1826,1990,0.8078415
773,/Volumes/SmithL0/2026/BIOL470/Final/Learning_Rig/bee_0408_2/bee_0408_2_rev_green_accident/cam1_2026-04-08_18-13-25.mp4,1581.0,1761.5,1335,1533,1827,1990,0.80401266
774,/Volumes/SmithL0/2026/BIOL470/Final/Learning_Rig/bee_0408_2/bee_0408_2_rev_green_accident/cam1_2026-04-08_18-13-25.mp4,1583.0,1761.0,1337,1532,1829,1990,0.8068206
775,/Volumes/SmithL0/2026/BIOL470/Final/Learning_Rig/bee_0408_2/bee_0408_2_rev_green_accident/cam1_2026-04-08_18-13-25.mp4,1584.0,1761.0,1340,1532,1828,1990,0.8099901
776,/Volumes/SmithL0/2026/BIOL470/Final/Learning_Rig/bee_0408_2/bee_0408_2_rev_green_accident/cam1_2026-04-08_18-13-25.mp4,1582.0,1762.0,1335,1533,1829,1991,0.8087318
777,/Volumes/SmithL0/2026/BIOL470/Final/Learning_Rig/bee_0408_2/bee_0408_2_rev_green_accident/cam1_2026-04-08_18-13-25.mp4,1581.5,1762.0,1337,1533,1826,1991,0.8083561
778,/Volumes/SmithL0/2026/BIOL470/Final/Learning_Rig/bee_0408_2/bee_0408_2_rev_green_accident/cam1_2026-04-08_18-13-25.mp4,1582.5,1761.0,1338,1533,1827,1989,0.8079711
779,/Volumes/SmithL0/2026/BIOL470/Final/Learning_Rig/bee_0408_2/bee_0408_2_rev_green_accident/cam1_2026-04-08_18-13-25.mp4,1582.0,1762.0,1337,1533,1827,1991,0.8084403
780,/Volumes/SmithL0/2026/BIOL470/Final/Learning_Rig/bee_0408_2/bee_0408_2_rev_green_accident/cam1_2026-04-08_18-13-25.mp4,1583.0,1761.5,1341,1533,1825,1990,0.8065848
781,/Volumes/SmithL0/2026/BIOL470/Final/Learning_Rig/bee_0408_2/bee_0408_2_rev_green_accident/cam1_2026-04-08_18-13-25.mp4,1581.0,1760.5,1336,1532,1826,1989,0.8084263
782,/Volumes/SmithL0/2026/BIOL470/Final/Learning_Rig/bee_0408_2/bee_0408_2_rev_green_accident/cam1_2026-04-08_18-13-25.mp4,1580.5,1761.5,1335,1534,1826,1989,0.8078519
783,/Volumes/SmithL0/2026/BIOL470/Final/Learning_Rig/bee_0408_2/bee_0408_2_rev_green_accident/cam1_2026-04-08_18-13-25.mp4,1582.5,1761.0,1340,1533,1825,1989,0.8093592
784,/Volumes/SmithL0/2026/BIOL470/Final/Learning_Rig/bee_0408_2/bee_0408_2_rev_green_accident/cam1_2026-04-08_18-13-25.mp4,1581.5,1761.5,1337,1533,1826,1990,0.8081168
785,/Volumes/SmithL0/2026/BIOL470/Final/Learning_Rig/bee_0408_2/bee_0408_2_rev_green_accident/cam1_2026-04-08_18-13-25.mp4,1583.5,1761.5,1342,1534,1825,1989,0.8075207
786,/Volumes/SmithL0/2026/BIOL470/Final/Learning_Rig/bee_0408_2/bee_0408_2_rev_green_accident/cam1_2026-04-08_18-13-25.mp4,1581.5,1761.5,1339,1533,1824,1990,0.8090858
787,/Volumes/SmithL0/2026/BIOL470/Final/Learning_Rig/bee_0408_2/bee_0408_2_rev_green_accident/cam1_2026-04-08_18-13-25.mp4,1581.0,1761.0,1339,1533,1823,1989,0.80989015
788,/Volumes/SmithL0/2026/BIOL470/Final/Learning_Rig/bee_0408_2/bee_0408_2_rev_green_accident/cam1_2026-04-08_18-13-25.mp4,1580.0,1762.0,1336,1534,1824,1990,0.809372
789,/Volumes/SmithL0/2026/BIOL470/Final/Learning_Rig/bee_0408_2/bee_0408_2_rev_green_accident/cam1_2026-04-08_18-13-25.mp4,1580.5,1761.5,1338,1533,1823,1990,0.80816716
790,/Volumes/SmithL0/2026/BIOL470/Final/Learning_Rig/bee_0408_2/bee_0408_2_rev_green_accident/cam1_2026-04-08_18-13-25.mp4,1581.0,1762.0,1340,1534,1822,1990,0.81226224
791,/Volumes/SmithL0/2026/BIOL470/Final/Learning_Rig/bee_0408_2/bee_0408_2_rev_green_accident/cam1_2026-04-08_18-13-25.mp4,1582.0,1760.5,1343,1533,1821,1988,0.81298745
792,/Volumes/SmithL0/2026/BIOL470/Final/Learning_Rig/bee_0408_2/bee_0408_2_rev_green_accident/cam1_2026-04-08_18-13-25.mp4,1582.5,1760.5,1343,1533,1822,1988,0.81198734
793,/Volumes/SmithL0/2026/BIOL470/Final/Learning_Rig/bee_0408_2/bee_0408_2_rev_green_accident/cam1_2026-04-08_18-13-25.mp4,1582.0,1761.5,1340,1533,1824,1990,0.8076554
794,/Volumes/SmithL0/2026/BIOL470/Final/Learning_Rig/bee_0408_2/bee_0408_2_rev_green_accident/cam1_2026-04-08_18-13-25.mp4,1581.5,1762.0,1340,1534,1823,1990,0.8096062
795,/Volumes/SmithL0/2026/BIOL470/Final/Learning_Rig/bee_0408_2/bee_0408_2_rev_green_accident/cam1_2026-04-08_18-13-25.mp4,1581.0,1762.5,1338,1534,1824,1991,0.8118634
796,/Volumes/SmithL0/2026/BIOL470/Final/Learning_Rig/bee_0408_2/bee_0408_2_rev_green_accident/cam1_2026-04-08_18-13-25.mp4,1580.5,1762.0,1338,1533,1823,1991,0.80787235
797,/Volumes/SmithL0/2026/BIOL470/Final/Learning_Rig/bee_0408_2/bee_0408_2_rev_green_accident/cam1_2026-04-08_18-13-25.mp4,1582.5,1761.0,1342,1533,1823,1989,0.8125544
798,/Volumes/SmithL0/2026/BIOL470/Final/Learning_Rig/bee_0408_2/bee_0408_2_rev_green_accident/cam1_2026-04-08_18-13-25.mp4,1581.5,1761.5,1340,1533,1823,1990,0.81175107
799,/Volumes/SmithL0/2026/BIOL470/Final/Learning_Rig/bee_0408_2/bee_0408_2_rev_green_accident/cam1_2026-04-08_18-13-25.mp4,1581.5,1761.0,1341,1533,1822,1989,0.8145178
800,/Volumes/SmithL0/2026/BIOL470/Final/Learning_Rig/bee_0408_2/bee_0408_2_rev_green_accident/cam1_2026-04-08_18-13-25.mp4,1581.5,1761.0,1339,1533,1824,1989,0.8098579
801,/Volumes/SmithL0/2026/BIOL470/Final/Learning_Rig/bee_0408_2/bee_0408_2_rev_green_accident/cam1_2026-04-08_18-13-25.mp4,1580.5,1762.0,1338,1534,1823,1990,0.81134593
802,/Volumes/SmithL0/2026/BIOL470/Final/Learning_Rig/bee_0408_2/bee_0408_2_rev_green_accident/cam1_2026-04-08_18-13-25.mp4,1579.5,1763.5,1336,1535,1823,1992,0.8033373
803,/Volumes/SmithL0/2026/BIOL470/Final/Learning_Rig/bee_0408_2/bee_0408_2_rev_green_accident/cam1_2026-04-08_18-13-25.mp4,1579.0,1763.5,1334,1534,1824,1993,0.80300415
804,/Volumes/SmithL0/2026/BIOL470/Final/Learning_Rig/bee_0408_2/bee_0408_2_rev_green_accident/cam1_2026-04-08_18-13-25.mp4,1580.5,1764.5,1335,1534,1826,1995,0.81150544
805,/Volumes/SmithL0/2026/BIOL470/Final/Learning_Rig/bee_0408_2/bee_0408_2_rev_green_accident/cam1_2026-04-08_18-13-25.mp4,1580.5,1764.5,1335,1534,1826,1995,0.80740714
806,/Volumes/SmithL0/2026/BIOL470/Final/Learning_Rig/bee_0408_2/bee_0408_2_rev_green_accident/cam1_2026-04-08_18-13-25.mp4,1582.0,1764.5,1340,1534,1824,1995,0.80781734
807,/Volumes/SmithL0/2026/BIOL470/Final/Learning_Rig/bee_0408_2/bee_0408_2_rev_green_accident/cam1_2026-04-08_18-13-25.mp4,1580.5,1764.0,1338,1534,1823,1994,0.8059235
808,/Volumes/SmithL0/2026/BIOL470/Final/Learning_Rig/bee_0408_2/bee_0408_2_rev_green_accident/cam1_2026-04-08_18-13-25.mp4,1581.0,1764.5,1338,1534,1824,1995,0.80581623
809,/Volumes/SmithL0/2026/BIOL470/Final/Learning_Rig/bee_0408_2/bee_0408_2_rev_green_accident/cam1_2026-04-08_18-13-25.mp4,1582.0,1763.0,1341,1533,1823,1993,0.806728
810,/Volumes/SmithL0/2026/BIOL470/Final/Learning_Rig/bee_0408_2/bee_0408_2_rev_green_accident/cam1_2026-04-08_18-13-25.mp4,1582.5,1762.5,1340,1533,1825,1992,0.8112181
811,/Volumes/SmithL0/2026/BIOL470/Final/Learning_Rig/bee_0408_2/bee_0408_2_rev_green_accident/cam1_2026-04-08_18-13-25.mp4,1584.0,1763.0,1343,1534,1825,1992,0.81273526
812,/Volumes/SmithL0/2026/BIOL470/Final/Learning_Rig/bee_0408_2/bee_0408_2_rev_green_accident/cam1_2026-04-08_18-13-25.mp4,1582.5,1762.5,1342,1533,1823,1992,0.81277055
813,/Volumes/SmithL0/2026/BIOL470/Final/Learning_Rig/bee_0408_2/bee_0408_2_rev_green_accident/cam1_2026-04-08_18-13-25.mp4,1582.5,1762.0,1342,1533,1823,1991,0.8134718
814,/Volumes/SmithL0/2026/BIOL470/Final/Learning_Rig/bee_0408_2/bee_0408_2_rev_green_accident/cam1_2026-04-08_18-13-25.mp4,1581.5,1762.5,1341,1533,1822,1992,0.8132074
815,/Volumes/SmithL0/2026/BIOL470/Final/Learning_Rig/bee_0408_2/bee_0408_2_rev_green_accident/cam1_2026-04-08_18-13-25.mp4,1583.5,1762.5,1344,1533,1823,1992,0.81278527
816,/Volumes/SmithL0/2026/BIOL470/Final/Learning_Rig/bee_0408_2/bee_0408_2_rev_green_accident/cam1_2026-04-08_18-13-25.mp4,1582.0,1763.5,1341,1534,1823,1993,0.8129643
817,/Volumes/SmithL0/2026/BIOL470/Final/Learning_Rig/bee_0408_2/bee_0408_2_rev_green_accident/cam1_2026-04-08_18-13-25.mp4,1584.0,1764.5,1345,1534,1823,1995,0.8081346
818,/Volumes/SmithL0/2026/BIOL470/Final/Learning_Rig/bee_0408_2/bee_0408_2_rev_green_accident/cam1_2026-04-08_18-13-25.mp4,1584.0,1763.0,1345,1534,1823,1992,0.81220156
819,/Volumes/SmithL0/2026/BIOL470/Final/Learning_Rig/bee_0408_2/bee_0408_2_rev_green_accident/cam1_2026-04-08_18-13-25.mp4,1582.0,1761.5,1340,1533,1824,1990,0.8127899
820,/Volumes/SmithL0/2026/BIOL470/Final/Learning_Rig/bee_0408_2/bee_0408_2_rev_green_accident/cam1_2026-04-08_18-13-25.mp4,1582.0,1761.0,1341,1533,1823,1989,0.8148371
821,/Volumes/SmithL0/2026/BIOL470/Final/Learning_Rig/bee_0408_2/bee_0408_2_rev_green_accident/cam1_2026-04-08_18-13-25.mp4,1584.0,1761.5,1345,1533,1823,1990,0.8144554
822,/Volumes/SmithL0/2026/BIOL470/Final/Learning_Rig/bee_0408_2/bee_0408_2_rev_green_accident/cam1_2026-04-08_18-13-25.mp4,1582.5,1761.5,1342,1533,1823,1990,0.8115609
823,/Volumes/SmithL0/2026/BIOL470/Final/Learning_Rig/bee_0408_2/bee_0408_2_rev_green_accident/cam1_2026-04-08_18-13-25.mp4,1581.0,1761.5,1340,1533,1822,1990,0.81456184
824,/Volumes/SmithL0/2026/BIOL470/Final/Learning_Rig/bee_0408_2/bee_0408_2_rev_green_accident/cam1_2026-04-08_18-13-25.mp4,1581.0,1761.5,1340,1533,1822,1990,0.8144074
825,/Volumes/SmithL0/2026/BIOL470/Final/Learning_Rig/bee_0408_2/bee_0408_2_rev_green_accident/cam1_2026-04-08_18-13-25.mp4,1579.5,1762.0,1338,1534,1821,1990,0.8150258
826,/Volumes/SmithL0/2026/BIOL470/Final/Learning_Rig/bee_0408_2/bee_0408_2_rev_green_accident/cam1_2026-04-08_18-13-25.mp4,1581.0,1763.5,1339,1533,1823,1994,0.8150864
827,/Volumes/SmithL0/2026/BIOL470/Final/Learning_Rig/bee_0408_2/bee_0408_2_rev_green_accident/cam1_2026-04-08_18-13-25.mp4,1582.0,1764.0,1340,1532,1824,1996,0.8153312
828,/Volumes/SmithL0/2026/BIOL470/Final/Learning_Rig/bee_0408_2/bee_0408_2_rev_green_accident/cam1_2026-04-08_18-13-25.mp4,1582.0,1762.5,1341,1533,1823,1992,0.81573176
829,/Volumes/SmithL0/2026/BIOL470/Final/Learning_Rig/bee_0408_2/bee_0408_2_rev_green_accident/cam1_2026-04-08_18-13-25.mp4,1581.5,1761.5,1342,1532,1821,1991,0.8160962
830,/Volumes/SmithL0/2026/BIOL470/Final/Learning_Rig/bee_0408_2/bee_0408_2_rev_green_accident/cam1_2026-04-08_18-13-25.mp4,1581.5,1761.5,1342,1532,1821,1991,0.8160914
831,/Volumes/SmithL0/2026/BIOL470/Final/Learning_Rig/bee_0408_2/bee_0408_2_rev_green_accident/cam1_2026-04-08_18-13-25.mp4,1583.0,1762.0,1343,1532,1823,1992,0.81578565
832,/Volumes/SmithL0/2026/BIOL470/Final/Learning_Rig/bee_0408_2/bee_0408_2_rev_green_accident/cam1_2026-04-08_18-13-25.mp4,1581.5,1761.5,1343,1532,1820,1991,0.8137447
833,/Volumes/SmithL0/2026/BIOL470/Final/Learning_Rig/bee_0408_2/bee_0408_2_rev_green_accident/cam1_2026-04-08_18-13-25.mp4,1580.0,1761.5,1341,1533,1819,1990,0.81453174
834,/Volumes/SmithL0/2026/BIOL470/Final/Learning_Rig/bee_0408_2/bee_0408_2_rev_green_accident/cam1_2026-04-08_18-13-25.mp4,1581.0,1761.5,1343,1533,1819,1990,0.8168796
835,/Volumes/SmithL0/2026/BIOL470/Final/Learning_Rig/bee_0408_2/bee_0408_2_rev_green_accident/cam1_2026-04-08_18-13-25.mp4,1582.0,1762.0,1342,1533,1822,1991,0.8142984
836,/Volumes/SmithL0/2026/BIOL470/Final/Learning_Rig/bee_0408_2/bee_0408_2_rev_green_accident/cam1_2026-04-08_18-13-25.mp4,1580.0,1762.0,1337,1533,1823,1991,0.8137761
837,/Volumes/SmithL0/2026/BIOL470/Final/Learning_Rig/bee_0408_2/bee_0408_2_rev_green_accident/cam1_2026-04-08_18-13-25.mp4,1578.0,1762.0,1334,1533,1822,1991,0.81048435
838,/Volumes/SmithL0/2026/BIOL470/Final/Learning_Rig/bee_0408_2/bee_0408_2_rev_green_accident/cam1_2026-04-08_18-13-25.mp4,1579.0,1761.5,1336,1533,1822,1990,0.8130321
839,/Volumes/SmithL0/2026/BIOL470/Final/Learning_Rig/bee_0408_2/bee_0408_2_rev_green_accident/cam1_2026-04-08_18-13-25.mp4,1579.0,1762.0,1337,1532,1821,1992,0.81301504
840,/Volumes/SmithL0/2026/BIOL470/Final/Learning_Rig/bee_0408_2/bee_0408_2_rev_green_accident/cam1_2026-04-08_18-13-25.mp4,1579.0,1761.5,1338,1532,1820,1991,0.80873525
841,/Volumes/SmithL0/2026/BIOL470/Final/Learning_Rig/bee_0408_2/bee_0408_2_rev_green_accident/cam1_2026-04-08_18-13-25.mp4,1578.5,1762.0,1335,1532,1822,1992,0.80642766
842,/Volumes/SmithL0/2026/BIOL470/Final/Learning_Rig/bee_0408_2/bee_0408_2_rev_green_accident/cam1_2026-04-08_18-13-25.mp4,1577.0,1763.0,1333,1532,1821,1994,0.8054464
843,/Volumes/SmithL0/2026/BIOL470/Final/Learning_Rig/bee_0408_2/bee_0408_2_rev_green_accident/cam1_2026-04-08_18-13-25.mp4,1580.0,1762.0,1338,1532,1822,1992,0.8105769
844,/Volumes/SmithL0/2026/BIOL470/Final/Learning_Rig/bee_0408_2/bee_0408_2_rev_green_accident/cam1_2026-04-08_18-13-25.mp4,1580.5,1761.5,1341,1532,1820,1991,0.8131286
845,/Volumes/SmithL0/2026/BIOL470/Final/Learning_Rig/bee_0408_2/bee_0408_2_rev_green_accident/cam1_2026-04-08_18-13-25.mp4,1581.0,1761.5,1340,1532,1822,1991,0.80991685
846,/Volumes/SmithL0/2026/BIOL470/Final/Learning_Rig/bee_0408_2/bee_0408_2_rev_green_accident/cam1_2026-04-08_18-13-25.mp4,1582.5,1761.0,1343,1532,1822,1990,0.81629515
847,/Volumes/SmithL0/2026/BIOL470/Final/Learning_Rig/bee_0408_2/bee_0408_2_rev_green_accident/cam1_2026-04-08_18-13-25.mp4,1583.0,1761.0,1342,1532,1824,1990,0.8097978
848,/Volumes/SmithL0/2026/BIOL470/Final/Learning_Rig/bee_0408_2/bee_0408_2_rev_green_accident/cam1_2026-04-08_18-13-25.mp4,1581.0,1761.0,1339,1532,1823,1990,0.8140501
849,/Volumes/SmithL0/2026/BIOL470/Final/Learning_Rig/bee_0408_2/bee_0408_2_rev_green_accident/cam1_2026-04-08_18-13-25.mp4,1581.0,1760.5,1341,1532,1821,1989,0.81112427
850,/Volumes/SmithL0/2026/BIOL470/Final/Learning_Rig/bee_0408_2/bee_0408_2_rev_green_accident/cam1_2026-04-08_18-13-25.mp4,1581.0,1760.0,1343,1531,1819,1989,0.81289214
851,/Volumes/SmithL0/2026/BIOL470/Final/Learning_Rig/bee_0408_2/bee_0408_2_rev_green_accident/cam1_2026-04-08_18-13-25.mp4,1582.5,1760.0,1342,1531,1823,1989,0.81466925
852,/Volumes/SmithL0/2026/BIOL470/Final/Learning_Rig/bee_0408_2/bee_0408_2_rev_green_accident/cam1_2026-04-08_18-13-25.mp4,1582.5,1760.5,1342,1531,1823,1990,0.8100049
853,/Volumes/SmithL0/2026/BIOL470/Final/Learning_Rig/bee_0408_2/bee_0408_2_rev_green_accident/cam1_2026-04-08_18-13-25.mp4,1582.5,1760.5,1340,1532,1825,1989,0.8079689
854,/Volumes/SmithL0/2026/BIOL470/Final/Learning_Rig/bee_0408_2/bee_0408_2_rev_green_accident/cam1_2026-04-08_18-13-25.mp4,1581.5,1761.0,1338,1532,1825,1990,0.808917
855,/Volumes/SmithL0/2026/BIOL470/Final/Learning_Rig/bee_0408_2/bee_0408_2_rev_green_accident/cam1_2026-04-08_18-13-25.mp4,1582.0,1761.0,1340,1532,1824,1990,0.81370884
856,/Volumes/SmithL0/2026/BIOL470/Final/Learning_Rig/bee_0408_2/bee_0408_2_rev_green_accident/cam1_2026-04-08_18-13-25.mp4,1580.5,1760.5,1342,1532,1819,1989,0.81117207
857,/Volumes/SmithL0/2026/BIOL470/Final/Learning_Rig/bee_0408_2/bee_0408_2_rev_green_accident/cam1_2026-04-08_18-13-25.mp4,1580.0,1762.0,1339,1533,1821,1991,0.8139568
858,/Volumes/SmithL0/2026/BIOL470/Final/Learning_Rig/bee_0408_2/bee_0408_2_rev_green_accident/cam1_2026-04-08_18-13-25.mp4,1580.5,1762.0,1339,1532,1822,1992,0.81604785
859,/Volumes/SmithL0/2026/BIOL470/Final/Learning_Rig/bee_0408_2/bee_0408_2_rev_green_accident/cam1_2026-04-08_18-13-25.mp4,1580.5,1762.0,1338,1532,1823,1992,0.8164568
860,/Volumes/SmithL0/2026/BIOL470/Final/Learning_Rig/bee_0408_2/bee_0408_2_rev_green_accident/cam1_2026-04-08_18-13-25.mp4,1579.0,1762.0,1335,1532,1823,1992,0.8126201
861,/Volumes/SmithL0/2026/BIOL470/Final/Learning_Rig/bee_0408_2/bee_0408_2_rev_green_accident/cam1_2026-04-08_18-13-25.mp4,1581.0,1761.5,1342,1532,1820,1991,0.8121413
862,/Volumes/SmithL0/2026/BIOL470/Final/Learning_Rig/bee_0408_2/bee_0408_2_rev_green_accident/cam1_2026-04-08_18-13-25.mp4,1580.0,1760.5,1339,1531,1821,1990,0.81523734
863,/Volumes/SmithL0/2026/BIOL470/Final/Learning_Rig/bee_0408_2/bee_0408_2_rev_green_accident/cam1_2026-04-08_18-13-25.mp4,1581.5,1760.0,1343,1532,1820,1988,0.81926674
864,/Volumes/SmithL0/2026/BIOL470/Final/Learning_Rig/bee_0408_2/bee_0408_2_rev_green_accident/cam1_2026-04-08_18-13-25.mp4,1581.5,1760.0,1344,1532,1819,1988,0.82075334
865,/Volumes/SmithL0/2026/BIOL470/Final/Learning_Rig/bee_0408_2/bee_0408_2_rev_green_accident/cam1_2026-04-08_18-13-25.mp4,1580.0,1761.5,1339,1532,1821,1991,0.81581014
866,/Volumes/SmithL0/2026/BIOL470/Final/Learning_Rig/bee_0408_2/bee_0408_2_rev_green_accident/cam1_2026-04-08_18-13-25.mp4,1580.0,1761.5,1339,1532,1821,1991,0.8157288
867,/Volumes/SmithL0/2026/BIOL470/Final/Learning_Rig/bee_0408_2/bee_0408_2_rev_green_accident/cam1_2026-04-08_18-13-25.mp4,1580.0,1761.5,1338,1532,1822,1991,0.8156573
868,/Volumes/SmithL0/2026/BIOL470/Final/Learning_Rig/bee_0408_2/bee_0408_2_rev_green_accident/cam1_2026-04-08_18-13-25.mp4,1581.5,1762.5,1343,1532,1820,1993,0.8140367
869,/Volumes/SmithL0/2026/BIOL470/Final/Learning_Rig/bee_0408_2/bee_0408_2_rev_green_accident/cam1_2026-04-08_18-13-25.mp4,1580.5,1761.5,1342,1532,1819,1991,0.8143942
870,/Volumes/SmithL0/2026/BIOL470/Final/Learning_Rig/bee_0408_2/bee_0408_2_rev_green_accident/cam1_2026-04-08_18-13-25.mp4,1580.0,1761.0,1338,1531,1822,1991,0.810126
871,/Volumes/SmithL0/2026/BIOL470/Final/Learning_Rig/bee_0408_2/bee_0408_2_rev_green_accident/cam1_2026-04-08_18-13-25.mp4,1581.0,1759.0,1340,1530,1822,1988,0.8149225
872,/Volumes/SmithL0/2026/BIOL470/Final/Learning_Rig/bee_0408_2/bee_0408_2_rev_green_accident/cam1_2026-04-08_18-13-25.mp4,1579.0,1760.5,1337,1531,1821,1990,0.81517863
873,/Volumes/SmithL0/2026/BIOL470/Final/Learning_Rig/bee_0408_2/bee_0408_2_rev_green_accident/cam1_2026-04-08_18-13-25.mp4,1578.5,1759.5,1333,1529,1824,1990,0.8179507
874,/Volumes/SmithL0/2026/BIOL470/Final/Learning_Rig/bee_0408_2/bee_0408_2_rev_green_accident/cam1_2026-04-08_18-13-25.mp4,1579.0,1761.0,1334,1530,1824,1992,0.8172942
875,/Volumes/SmithL0/2026/BIOL470/Final/Learning_Rig/bee_0408_2/bee_0408_2_rev_green_accident/cam1_2026-04-08_18-13-25.mp4,1576.5,1761.0,1332,1531,1821,1991,0.81549966
876,/Volumes/SmithL0/2026/BIOL470/Final/Learning_Rig/bee_0408_2/bee_0408_2_rev_green_accident/cam1_2026-04-08_18-13-25.mp4,1577.0,1761.0,1331,1531,1823,1991,0.81753236
877,/Volumes/SmithL0/2026/BIOL470/Final/Learning_Rig/bee_0408_2/bee_0408_2_rev_green_accident/cam1_2026-04-08_18-13-25.mp4,1578.5,1760.5,1336,1531,1821,1990,0.8153165
878,/Volumes/SmithL0/2026/BIOL470/Final/Learning_Rig/bee_0408_2/bee_0408_2_rev_green_accident/cam1_2026-04-08_18-13-25.mp4,1576.5,1760.0,1333,1531,1820,1989,0.817985
879,/Volumes/SmithL0/2026/BIOL470/Final/Learning_Rig/bee_0408_2/bee_0408_2_rev_green_accident/cam1_2026-04-08_18-13-25.mp4,1578.5,1760.0,1338,1531,1819,1989,0.81776357
880,/Volumes/SmithL0/2026/BIOL470/Final/Learning_Rig/bee_0408_2/bee_0408_2_rev_green_accident/cam1_2026-04-08_18-13-25.mp4,1579.5,1760.0,1340,1531,1819,1989,0.82024944
881,/Volumes/SmithL0/2026/BIOL470/Final/Learning_Rig/bee_0408_2/bee_0408_2_rev_green_accident/cam1_2026-04-08_18-13-25.mp4,1582.0,1760.5,1342,1531,1822,1990,0.81864756
882,/Volumes/SmithL0/2026/BIOL470/Final/Learning_Rig/bee_0408_2/bee_0408_2_rev_green_accident/cam1_2026-04-08_18-13-25.mp4,1580.5,1759.5,1341,1530,1820,1989,0.81799114
883,/Volumes/SmithL0/2026/BIOL470/Final/Learning_Rig/bee_0408_2/bee_0408_2_rev_green_accident/cam1_2026-04-08_18-13-25.mp4,1580.5,1759.5,1342,1531,1819,1988,0.817131
884,/Volumes/SmithL0/2026/BIOL470/Final/Learning_Rig/bee_0408_2/bee_0408_2_rev_green_accident/cam1_2026-04-08_18-13-25.mp4,1580.0,1760.0,1340,1531,1820,1989,0.81534183
885,/Volumes/SmithL0/2026/BIOL470/Final/Learning_Rig/bee_0408_2/bee_0408_2_rev_green_accident/cam1_2026-04-08_18-13-25.mp4,1582.0,1760.0,1343,1531,1821,1989,0.81399006
886,/Volumes/SmithL0/2026/BIOL470/Final/Learning_Rig/bee_0408_2/bee_0408_2_rev_green_accident/cam1_2026-04-08_18-13-25.mp4,1580.5,1760.0,1339,1531,1822,1989,0.81382906
887,/Volumes/SmithL0/2026/BIOL470/Final/Learning_Rig/bee_0408_2/bee_0408_2_rev_green_accident/cam1_2026-04-08_18-13-25.mp4,1579.5,1759.5,1338,1531,1821,1988,0.8147943
888,/Volumes/SmithL0/2026/BIOL470/Final/Learning_Rig/bee_0408_2/bee_0408_2_rev_green_accident/cam1_2026-04-08_18-13-25.mp4,1580.0,1760.0,1338,1531,1822,1989,0.8155354
889,/Volumes/SmithL0/2026/BIOL470/Final/Learning_Rig/bee_0408_2/bee_0408_2_rev_green_accident/cam1_2026-04-08_18-13-25.mp4,1578.5,1760.5,1335,1531,1822,1990,0.81463534
890,/Volumes/SmithL0/2026/BIOL470/Final/Learning_Rig/bee_0408_2/bee_0408_2_rev_green_accident/cam1_2026-04-08_18-13-25.mp4,1580.0,1759.5,1340,1530,1820,1989,0.815566
891,/Volumes/SmithL0/2026/BIOL470/Final/Learning_Rig/bee_0408_2/bee_0408_2_rev_green_accident/cam1_2026-04-08_18-13-25.mp4,1578.0,1759.5,1338,1530,1818,1989,0.8132353
892,/Volumes/SmithL0/2026/BIOL470/Final/Learning_Rig/bee_0408_2/bee_0408_2_rev_green_accident/cam1_2026-04-08_18-13-25.mp4,1578.5,1760.0,1337,1530,1820,1990,0.8132654
893,/Volumes/SmithL0/2026/BIOL470/Final/Learning_Rig/bee_0408_2/bee_0408_2_rev_green_accident/cam1_2026-04-08_18-13-25.mp4,1580.5,1760.0,1340,1531,1821,1989,0.81536114
894,/Volumes/SmithL0/2026/BIOL470/Final/Learning_Rig/bee_0408_2/bee_0408_2_rev_green_accident/cam1_2026-04-08_18-13-25.mp4,1581.5,1761.0,1342,1532,1821,1990,0.8135409
895,/Volumes/SmithL0/2026/BIOL470/Final/Learning_Rig/bee_0408_2/bee_0408_2_rev_green_accident/cam1_2026-04-08_18-13-25.mp4,1580.0,1760.0,1341,1531,1819,1989,0.8117601
896,/Volumes/SmithL0/2026/BIOL470/Final/Learning_Rig/bee_0408_2/bee_0408_2_rev_green_accident/cam1_2026-04-08_18-13-25.mp4,1578.5,1759.5,1337,1532,1820,1987,0.8128512
897,/Volumes/SmithL0/2026/BIOL470/Final/Learning_Rig/bee_0408_2/bee_0408_2_rev_green_accident/cam1_2026-04-08_18-13-25.mp4,1579.0,1759.5,1337,1533,1821,1986,0.8141178
898,/Volumes/SmithL0/2026/BIOL470/Final/Learning_Rig/bee_0408_2/bee_0408_2_rev_green_accident/cam1_2026-04-08_18-13-25.mp4,1579.5,1759.5,1338,1532,1821,1987,0.8114925
899,/Volumes/SmithL0/2026/BIOL470/Final/Learning_Rig/bee_0408_2/bee_0408_2_rev_green_accident/cam1_2026-04-08_18-13-25.mp4,1579.0,1759.0,1340,1531,1818,1987,0.8136312
900,/Volumes/SmithL0/2026/BIOL470/Final/Learning_Rig/bee_0408_2/bee_0408_2_rev_green_accident/cam1_2026-04-08_18-13-25.mp4,1579.5,1760.0,1340,1530,1819,1990,0.8132307
901,/Volumes/SmithL0/2026/BIOL470/Final/Learning_Rig/bee_0408_2/bee_0408_2_rev_green_accident/cam1_2026-04-08_18-13-25.mp4,1579.0,1760.0,1337,1531,1821,1989,0.8160091
902,/Volumes/SmithL0/2026/BIOL470/Final/Learning_Rig/bee_0408_2/bee_0408_2_rev_green_accident/cam1_2026-04-08_18-13-25.mp4,1579.5,1760.0,1337,1531,1822,1989,0.816379
903,/Volumes/SmithL0/2026/BIOL470/Final/Learning_Rig/bee_0408_2/bee_0408_2_rev_green_accident/cam1_2026-04-08_18-13-25.mp4,1577.5,1759.5,1333,1531,1822,1988,0.8164231
904,/Volumes/SmithL0/2026/BIOL470/Final/Learning_Rig/bee_0408_2/bee_0408_2_rev_green_accident/cam1_2026-04-08_18-13-25.mp4,1577.5,1759.5,1334,1531,1821,1988,0.8156936
905,/Volumes/SmithL0/2026/BIOL470/Final/Learning_Rig/bee_0408_2/bee_0408_2_rev_green_accident/cam1_2026-04-08_18-13-25.mp4,1578.5,1759.5,1336,1532,1821,1987,0.8131506
906,/Volumes/SmithL0/2026/BIOL470/Final/Learning_Rig/bee_0408_2/bee_0408_2_rev_green_accident/cam1_2026-04-08_18-13-25.mp4,1579.5,1759.5,1336,1532,1823,1987,0.80991423
907,/Volumes/SmithL0/2026/BIOL470/Final/Learning_Rig/bee_0408_2/bee_0408_2_rev_green_accident/cam1_2026-04-08_18-13-25.mp4,1581.0,1759.5,1339,1532,1823,1987,0.81372374
908,/Volumes/SmithL0/2026/BIOL470/Final/Learning_Rig/bee_0408_2/bee_0408_2_rev_green_accident/cam1_2026-04-08_18-13-25.mp4,1579.5,1759.0,1336,1531,1823,1987,0.8155997
909,/Volumes/SmithL0/2026/BIOL470/Final/Learning_Rig/bee_0408_2/bee_0408_2_rev_green_accident/cam1_2026-04-08_18-13-25.mp4,1580.5,1760.0,1341,1532,1820,1988,0.817635
910,/Volumes/SmithL0/2026/BIOL470/Final/Learning_Rig/bee_0408_2/bee_0408_2_rev_green_accident/cam1_2026-04-08_18-13-25.mp4,1579.5,1760.0,1339,1532,1820,1988,0.8148373
911,/Volumes/SmithL0/2026/BIOL470/Final/Learning_Rig/bee_0408_2/bee_0408_2_rev_green_accident/cam1_2026-04-08_18-13-25.mp4,1577.0,1759.5,1337,1531,1817,1988,0.81510377
912,/Volumes/SmithL0/2026/BIOL470/Final/Learning_Rig/bee_0408_2/bee_0408_2_rev_green_accident/cam1_2026-04-08_18-13-25.mp4,1578.5,1759.0,1339,1530,1818,1988,0.8183369
913,/Volumes/SmithL0/2026/BIOL470/Final/Learning_Rig/bee_0408_2/bee_0408_2_rev_green_accident/cam1_2026-04-08_18-13-25.mp4,1577.0,1759.5,1338,1531,1816,1988,0.8174261
914,/Volumes/SmithL0/2026/BIOL470/Final/Learning_Rig/bee_0408_2/bee_0408_2_rev_green_accident/cam1_2026-04-08_18-13-25.mp4,1578.0,1759.5,1339,1531,1817,1988,0.8173887
915,/Volumes/SmithL0/2026/BIOL470/Final/Learning_Rig/bee_0408_2/bee_0408_2_rev_green_accident/cam1_2026-04-08_18-13-25.mp4,1578.5,1759.5,1338,1531,1819,1988,0.8194078
916,/Volumes/SmithL0/2026/BIOL470/Final/Learning_Rig/bee_0408_2/bee_0408_2_rev_green_accident/cam1_2026-04-08_18-13-25.mp4,1579.5,1760.5,1338,1531,1821,1990,0.81860644
917,/Volumes/SmithL0/2026/BIOL470/Final/Learning_Rig/bee_0408_2/bee_0408_2_rev_green_accident/cam1_2026-04-08_18-13-25.mp4,1578.0,1760.0,1336,1531,1820,1989,0.81496173
918,/Volumes/SmithL0/2026/BIOL470/Final/Learning_Rig/bee_0408_2/bee_0408_2_rev_green_accident/cam1_2026-04-08_18-13-25.mp4,1579.0,1760.5,1341,1532,1817,1989,0.81495786
919,/Volumes/SmithL0/2026/BIOL470/Final/Learning_Rig/bee_0408_2/bee_0408_2_rev_green_accident/cam1_2026-04-08_18-13-25.mp4,1579.5,1760.5,1343,1533,1816,1988,0.8155697
920,/Volumes/SmithL0/2026/BIOL470/Final/Learning_Rig/bee_0408_2/bee_0408_2_rev_green_accident/cam1_2026-04-08_18-13-25.mp4,1577.5,1760.0,1338,1533,1817,1987,0.81173384
921,/Volumes/SmithL0/2026/BIOL470/Final/Learning_Rig/bee_0408_2/bee_0408_2_rev_green_accident/cam1_2026-04-08_18-13-25.mp4,1576.5,1760.5,1335,1532,1818,1989,0.8097806
922,/Volumes/SmithL0/2026/BIOL470/Final/Learning_Rig/bee_0408_2/bee_0408_2_rev_green_accident/cam1_2026-04-08_18-13-25.mp4,1578.5,1762.0,1338,1533,1819,1991,0.8053453
923,/Volumes/SmithL0/2026/BIOL470/Final/Learning_Rig/bee_0408_2/bee_0408_2_rev_green_accident/cam1_2026-04-08_18-13-25.mp4,1577.5,1761.0,1337,1533,1818,1989,0.80180776
924,/Volumes/SmithL0/2026/BIOL470/Final/Learning_Rig/bee_0408_2/bee_0408_2_rev_green_accident/cam1_2026-04-08_18-13-25.mp4,1580.0,1761.5,1339,1533,1821,1990,0.8082855
925,/Volumes/SmithL0/2026/BIOL470/Final/Learning_Rig/bee_0408_2/bee_0408_2_rev_green_accident/cam1_2026-04-08_18-13-25.mp4,1581.5,1761.0,1342,1532,1821,1990,0.8138381
926,/Volumes/SmithL0/2026/BIOL470/Final/Learning_Rig/bee_0408_2/bee_0408_2_rev_green_accident/cam1_2026-04-08_18-13-25.mp4,1580.5,1761.0,1340,1532,1821,1990,0.8158907
927,/Volumes/SmithL0/2026/BIOL470/Final/Learning_Rig/bee_0408_2/bee_0408_2_rev_green_accident/cam1_2026-04-08_18-13-25.mp4,1581.5,1761.0,1344,1533,1819,1989,0.8145446
928,/Volumes/SmithL0/2026/BIOL470/Final/Learning_Rig/bee_0408_2/bee_0408_2_rev_green_accident/cam1_2026-04-08_18-13-25.mp4,1581.5,1759.5,1343,1531,1820,1988,0.81642026
929,/Volumes/SmithL0/2026/BIOL470/Final/Learning_Rig/bee_0408_2/bee_0408_2_rev_green_accident/cam1_2026-04-08_18-13-25.mp4,1582.0,1759.5,1343,1532,1821,1987,0.8165478
930,/Volumes/SmithL0/2026/BIOL470/Final/Learning_Rig/bee_0408_2/bee_0408_2_rev_green_accident/cam1_2026-04-08_18-13-25.mp4,1582.5,1760.0,1344,1533,1821,1987,0.81422085
931,/Volumes/SmithL0/2026/BIOL470/Final/Learning_Rig/bee_0408_2/bee_0408_2_rev_green_accident/cam1_2026-04-08_18-13-25.mp4,1584.0,1761.0,1347,1533,1821,1989,0.81376326
932,/Volumes/SmithL0/2026/BIOL470/Final/Learning_Rig/bee_0408_2/bee_0408_2_rev_green_accident/cam1_2026-04-08_18-13-25.mp4,1581.5,1760.5,1344,1534,1819,1987,0.812871
