,filepath,x_centroid,y_centroid,x_min,y_min,x_max,y_max,detection_confidence
0,/Volumes/SmithL0/2026/BIOL470/Final/Learning_Rig/bee_0408_2/bee_0408_2_rev_green_accident/cam1_2026-04-08_18-10-06.mp4,1570.0,1639.0,1332,1450,1808,1828,0.8070119
1,/Volumes/SmithL0/2026/BIOL470/Final/Learning_Rig/bee_0408_2/bee_0408_2_rev_green_accident/cam1_2026-04-08_18-10-06.mp4,1568.5,1638.5,1330,1449,1807,1828,0.8079501
2,/Volumes/SmithL0/2026/BIOL470/Final/Learning_Rig/bee_0408_2/bee_0408_2_rev_green_accident/cam1_2026-04-08_18-10-06.mp4,1570.0,1638.0,1332,1448,1808,1828,0.80742204
3,/Volumes/SmithL0/2026/BIOL470/Final/Learning_Rig/bee_0408_2/bee_0408_2_rev_green_accident/cam1_2026-04-08_18-10-06.mp4,1570.0,1638.5,1329,1449,1811,1828,0.80843604
4,/Volumes/SmithL0/2026/BIOL470/Final/Learning_Rig/bee_0408_2/bee_0408_2_rev_green_accident/cam1_2026-04-08_18-10-06.mp4,1573.5,1639.0,1334,1449,1813,1829,0.8118859
5,/Volumes/SmithL0/2026/BIOL470/Final/Learning_Rig/bee_0408_2/bee_0408_2_rev_green_accident/cam1_2026-04-08_18-10-06.mp4,1572.5,1640.0,1334,1451,1811,1829,0.8156763
6,/Volumes/SmithL0/2026/BIOL470/Final/Learning_Rig/bee_0408_2/bee_0408_2_rev_green_accident/cam1_2026-04-08_18-10-06.mp4,1575.0,1639.5,1337,1450,1813,1829,0.81523037
7,/Volumes/SmithL0/2026/BIOL470/Final/Learning_Rig/bee_0408_2/bee_0408_2_rev_green_accident/cam1_2026-04-08_18-10-06.mp4,1576.0,1639.0,1342,1450,1810,1828,0.8179676
8,/Volumes/SmithL0/2026/BIOL470/Final/Learning_Rig/bee_0408_2/bee_0408_2_rev_green_accident/cam1_2026-04-08_18-10-06.mp4,1574.5,1640.0,1338,1450,1811,1830,0.8139924
9,/Volumes/SmithL0/2026/BIOL470/Final/Learning_Rig/bee_0408_2/bee_0408_2_rev_green_accident/cam1_2026-04-08_18-10-06.mp4,1576.0,1640.0,1339,1450,1813,1830,0.8201385
10,/Volumes/SmithL0/2026/BIOL470/Final/Learning_Rig/bee_0408_2/bee_0408_2_rev_green_accident/cam1_2026-04-08_18-10-06.mp4,1578.5,1641.0,1336,1450,1821,1832,0.8153501
11,/Volumes/SmithL0/2026/BIOL470/Final/Learning_Rig/bee_0408_2/bee_0408_2_rev_green_accident/cam1_2026-04-08_18-10-06.mp4,1579.0,1640.0,1339,1450,1819,1830,0.81317025
12,/Volumes/SmithL0/2026/BIOL470/Final/Learning_Rig/bee_0408_2/bee_0408_2_rev_green_accident/cam1_2026-04-08_18-10-06.mp4,1581.0,1642.0,1334,1450,1828,1834,0.81393826
13,/Volumes/SmithL0/2026/BIOL470/Final/Learning_Rig/bee_0408_2/bee_0408_2_rev_green_accident/cam1_2026-04-08_18-10-06.mp4,1579.5,1641.5,1339,1450,1820,1833,0.8183969
14,/Volumes/SmithL0/2026/BIOL470/Final/Learning_Rig/bee_0408_2/bee_0408_2_rev_green_accident/cam1_2026-04-08_18-10-06.mp4,1578.0,1641.5,1341,1449,1815,1834,0.8209148
15,/Volumes/SmithL0/2026/BIOL470/Final/Learning_Rig/bee_0408_2/bee_0408_2_rev_green_accident/cam1_2026-04-08_18-10-06.mp4,1574.5,1641.5,1338,1451,1811,1832,0.819547
16,/Volumes/SmithL0/2026/BIOL470/Final/Learning_Rig/bee_0408_2/bee_0408_2_rev_green_accident/cam1_2026-04-08_18-10-06.mp4,1575.5,1642.0,1338,1451,1813,1833,0.81826305
17,/Volumes/SmithL0/2026/BIOL470/Final/Learning_Rig/bee_0408_2/bee_0408_2_rev_green_accident/cam1_2026-04-08_18-10-06.mp4,1573.0,1642.0,1332,1450,1814,1834,0.81852007
18,/Volumes/SmithL0/2026/BIOL470/Final/Learning_Rig/bee_0408_2/bee_0408_2_rev_green_accident/cam1_2026-04-08_18-10-06.mp4,1576.5,1642.0,1337,1450,1816,1834,0.81961334
19,/Volumes/SmithL0/2026/BIOL470/Final/Learning_Rig/bee_0408_2/bee_0408_2_rev_green_accident/cam1_2026-04-08_18-10-06.mp4,1573.5,1641.0,1335,1450,1812,1832,0.82021296
20,/Volumes/SmithL0/2026/BIOL470/Final/Learning_Rig/bee_0408_2/bee_0408_2_rev_green_accident/cam1_2026-04-08_18-10-06.mp4,1575.5,1642.0,1337,1450,1814,1834,0.8124816
21,/Volumes/SmithL0/2026/BIOL470/Final/Learning_Rig/bee_0408_2/bee_0408_2_rev_green_accident/cam1_2026-04-08_18-10-06.mp4,1577.0,1642.0,1339,1450,1815,1834,0.816512
22,/Volumes/SmithL0/2026/BIOL470/Final/Learning_Rig/bee_0408_2/bee_0408_2_rev_green_accident/cam1_2026-04-08_18-10-06.mp4,1577.5,1641.5,1339,1449,1816,1834,0.81651586
23,/Volumes/SmithL0/2026/BIOL470/Final/Learning_Rig/bee_0408_2/bee_0408_2_rev_green_accident/cam1_2026-04-08_18-10-06.mp4,1578.0,1641.0,1338,1449,1818,1833,0.81131315
24,/Volumes/SmithL0/2026/BIOL470/Final/Learning_Rig/bee_0408_2/bee_0408_2_rev_green_accident/cam1_2026-04-08_18-10-06.mp4,1583.0,1641.0,1340,1449,1826,1833,0.81923336
25,/Volumes/SmithL0/2026/BIOL470/Final/Learning_Rig/bee_0408_2/bee_0408_2_rev_green_accident/cam1_2026-04-08_18-10-06.mp4,1579.0,1641.0,1337,1449,1821,1833,0.8197862
26,/Volumes/SmithL0/2026/BIOL470/Final/Learning_Rig/bee_0408_2/bee_0408_2_rev_green_accident/cam1_2026-04-08_18-10-06.mp4,1583.0,1640.5,1340,1450,1826,1831,0.8242922
27,/Volumes/SmithL0/2026/BIOL470/Final/Learning_Rig/bee_0408_2/bee_0408_2_rev_green_accident/cam1_2026-04-08_18-10-06.mp4,1583.5,1638.5,1340,1450,1827,1827,0.82382494
28,/Volumes/SmithL0/2026/BIOL470/Final/Learning_Rig/bee_0408_2/bee_0408_2_rev_green_accident/cam1_2026-04-08_18-10-06.mp4,1583.0,1640.5,1340,1450,1826,1831,0.82168067
29,/Volumes/SmithL0/2026/BIOL470/Final/Learning_Rig/bee_0408_2/bee_0408_2_rev_green_accident/cam1_2026-04-08_18-10-06.mp4,1581.5,1639.0,1338,1450,1825,1828,0.8227286
30,/Volumes/SmithL0/2026/BIOL470/Final/Learning_Rig/bee_0408_2/bee_0408_2_rev_green_accident/cam1_2026-04-08_18-10-06.mp4,1582.5,1640.5,1341,1451,1824,1830,0.81451255
31,/Volumes/SmithL0/2026/BIOL470/Final/Learning_Rig/bee_0408_2/bee_0408_2_rev_green_accident/cam1_2026-04-08_18-10-06.mp4,1583.5,1641.0,1338,1451,1829,1831,0.8170222
32,/Volumes/SmithL0/2026/BIOL470/Final/Learning_Rig/bee_0408_2/bee_0408_2_rev_green_accident/cam1_2026-04-08_18-10-06.mp4,1586.0,1641.5,1340,1451,1832,1832,0.8165779
33,/Volumes/SmithL0/2026/BIOL470/Final/Learning_Rig/bee_0408_2/bee_0408_2_rev_green_accident/cam1_2026-04-08_18-10-06.mp4,1586.0,1642.0,1337,1452,1835,1832,0.8153489
34,/Volumes/SmithL0/2026/BIOL470/Final/Learning_Rig/bee_0408_2/bee_0408_2_rev_green_accident/cam1_2026-04-08_18-10-06.mp4,1586.0,1643.5,1335,1452,1837,1835,0.8102013
35,/Volumes/SmithL0/2026/BIOL470/Final/Learning_Rig/bee_0408_2/bee_0408_2_rev_green_accident/cam1_2026-04-08_18-10-06.mp4,1588.0,1642.5,1337,1451,1839,1834,0.8187065
36,/Volumes/SmithL0/2026/BIOL470/Final/Learning_Rig/bee_0408_2/bee_0408_2_rev_green_accident/cam1_2026-04-08_18-10-06.mp4,1588.5,1643.0,1338,1452,1839,1834,0.81741416
37,/Volumes/SmithL0/2026/BIOL470/Final/Learning_Rig/bee_0408_2/bee_0408_2_rev_green_accident/cam1_2026-04-08_18-10-06.mp4,1588.5,1643.0,1337,1452,1840,1834,0.8180809
38,/Volumes/SmithL0/2026/BIOL470/Final/Learning_Rig/bee_0408_2/bee_0408_2_rev_green_accident/cam1_2026-04-08_18-10-06.mp4,1589.5,1643.5,1338,1452,1841,1835,0.8208625
39,/Volumes/SmithL0/2026/BIOL470/Final/Learning_Rig/bee_0408_2/bee_0408_2_rev_green_accident/cam1_2026-04-08_18-10-06.mp4,1589.0,1643.5,1338,1452,1840,1835,0.8243615
40,/Volumes/SmithL0/2026/BIOL470/Final/Learning_Rig/bee_0408_2/bee_0408_2_rev_green_accident/cam1_2026-04-08_18-10-06.mp4,1587.5,1643.0,1338,1451,1837,1835,0.8236755
41,/Volumes/SmithL0/2026/BIOL470/Final/Learning_Rig/bee_0408_2/bee_0408_2_rev_green_accident/cam1_2026-04-08_18-10-06.mp4,1587.0,1643.0,1338,1451,1836,1835,0.8231331
42,/Volumes/SmithL0/2026/BIOL470/Final/Learning_Rig/bee_0408_2/bee_0408_2_rev_green_accident/cam1_2026-04-08_18-10-06.mp4,1588.0,1643.0,1337,1452,1839,1834,0.82298815
43,/Volumes/SmithL0/2026/BIOL470/Final/Learning_Rig/bee_0408_2/bee_0408_2_rev_green_accident/cam1_2026-04-08_18-10-06.mp4,1588.0,1643.0,1336,1452,1840,1834,0.82279444
44,/Volumes/SmithL0/2026/BIOL470/Final/Learning_Rig/bee_0408_2/bee_0408_2_rev_green_accident/cam1_2026-04-08_18-10-06.mp4,1586.5,1644.0,1336,1452,1837,1836,0.8189411
45,/Volumes/SmithL0/2026/BIOL470/Final/Learning_Rig/bee_0408_2/bee_0408_2_rev_green_accident/cam1_2026-04-08_18-10-06.mp4,1586.5,1644.5,1338,1453,1835,1836,0.8171068
46,/Volumes/SmithL0/2026/BIOL470/Final/Learning_Rig/bee_0408_2/bee_0408_2_rev_green_accident/cam1_2026-04-08_18-10-06.mp4,1588.0,1643.5,1339,1452,1837,1835,0.82174873
47,/Volumes/SmithL0/2026/BIOL470/Final/Learning_Rig/bee_0408_2/bee_0408_2_rev_green_accident/cam1_2026-04-08_18-10-06.mp4,1588.5,1644.5,1338,1452,1839,1837,0.8186656
48,/Volumes/SmithL0/2026/BIOL470/Final/Learning_Rig/bee_0408_2/bee_0408_2_rev_green_accident/cam1_2026-04-08_18-10-06.mp4,1589.5,1643.5,1339,1452,1840,1835,0.8253285
49,/Volumes/SmithL0/2026/BIOL470/Final/Learning_Rig/bee_0408_2/bee_0408_2_rev_green_accident/cam1_2026-04-08_18-10-06.mp4,1589.5,1644.0,1339,1452,1840,1836,0.8203304
50,/Volumes/SmithL0/2026/BIOL470/Final/Learning_Rig/bee_0408_2/bee_0408_2_rev_green_accident/cam1_2026-04-08_18-10-06.mp4,1588.0,1643.0,1337,1451,1839,1835,0.8215013
51,/Volumes/SmithL0/2026/BIOL470/Final/Learning_Rig/bee_0408_2/bee_0408_2_rev_green_accident/cam1_2026-04-08_18-10-06.mp4,1588.5,1644.0,1339,1452,1838,1836,0.82151204
52,/Volumes/SmithL0/2026/BIOL470/Final/Learning_Rig/bee_0408_2/bee_0408_2_rev_green_accident/cam1_2026-04-08_18-10-06.mp4,1589.0,1644.0,1338,1452,1840,1836,0.8252502
53,/Volumes/SmithL0/2026/BIOL470/Final/Learning_Rig/bee_0408_2/bee_0408_2_rev_green_accident/cam1_2026-04-08_18-10-06.mp4,1589.5,1644.0,1339,1452,1840,1836,0.8263655
54,/Volumes/SmithL0/2026/BIOL470/Final/Learning_Rig/bee_0408_2/bee_0408_2_rev_green_accident/cam1_2026-04-08_18-10-06.mp4,1588.5,1644.0,1338,1452,1839,1836,0.82342875
55,/Volumes/SmithL0/2026/BIOL470/Final/Learning_Rig/bee_0408_2/bee_0408_2_rev_green_accident/cam1_2026-04-08_18-10-06.mp4,1588.5,1645.0,1337,1452,1840,1838,0.8160255
56,/Volumes/SmithL0/2026/BIOL470/Final/Learning_Rig/bee_0408_2/bee_0408_2_rev_green_accident/cam1_2026-04-08_18-10-06.mp4,1588.5,1645.5,1336,1453,1841,1838,0.8171915
57,/Volumes/SmithL0/2026/BIOL470/Final/Learning_Rig/bee_0408_2/bee_0408_2_rev_green_accident/cam1_2026-04-08_18-10-06.mp4,1589.5,1645.5,1338,1453,1841,1838,0.8188037
58,/Volumes/SmithL0/2026/BIOL470/Final/Learning_Rig/bee_0408_2/bee_0408_2_rev_green_accident/cam1_2026-04-08_18-10-06.mp4,1587.0,1644.5,1340,1452,1834,1837,0.8169628
59,/Volumes/SmithL0/2026/BIOL470/Final/Learning_Rig/bee_0408_2/bee_0408_2_rev_green_accident/cam1_2026-04-08_18-10-06.mp4,1585.0,1644.0,1341,1452,1829,1836,0.81609607
60,/Volumes/SmithL0/2026/BIOL470/Final/Learning_Rig/bee_0408_2/bee_0408_2_rev_green_accident/cam1_2026-04-08_18-10-06.mp4,1587.0,1643.5,1338,1452,1836,1835,0.8231104
61,/Volumes/SmithL0/2026/BIOL470/Final/Learning_Rig/bee_0408_2/bee_0408_2_rev_green_accident/cam1_2026-04-08_18-10-06.mp4,1588.0,1643.0,1339,1452,1837,1834,0.8259528
62,/Volumes/SmithL0/2026/BIOL470/Final/Learning_Rig/bee_0408_2/bee_0408_2_rev_green_accident/cam1_2026-04-08_18-10-06.mp4,1587.0,1643.5,1338,1452,1836,1835,0.82300574
63,/Volumes/SmithL0/2026/BIOL470/Final/Learning_Rig/bee_0408_2/bee_0408_2_rev_green_accident/cam1_2026-04-08_18-10-06.mp4,1587.5,1642.5,1338,1452,1837,1833,0.8228222
64,/Volumes/SmithL0/2026/BIOL470/Final/Learning_Rig/bee_0408_2/bee_0408_2_rev_green_accident/cam1_2026-04-08_18-10-06.mp4,1588.0,1643.0,1337,1452,1839,1834,0.82020426
65,/Volumes/SmithL0/2026/BIOL470/Final/Learning_Rig/bee_0408_2/bee_0408_2_rev_green_accident/cam1_2026-04-08_18-10-06.mp4,1588.5,1645.0,1338,1453,1839,1837,0.81654996
66,/Volumes/SmithL0/2026/BIOL470/Final/Learning_Rig/bee_0408_2/bee_0408_2_rev_green_accident/cam1_2026-04-08_18-10-06.mp4,1586.5,1644.0,1337,1452,1836,1836,0.82136166
67,/Volumes/SmithL0/2026/BIOL470/Final/Learning_Rig/bee_0408_2/bee_0408_2_rev_green_accident/cam1_2026-04-08_18-10-06.mp4,1588.0,1644.5,1341,1452,1835,1837,0.82326746
68,/Volumes/SmithL0/2026/BIOL470/Final/Learning_Rig/bee_0408_2/bee_0408_2_rev_green_accident/cam1_2026-04-08_18-10-06.mp4,1588.5,1645.0,1340,1453,1837,1837,0.8246314
69,/Volumes/SmithL0/2026/BIOL470/Final/Learning_Rig/bee_0408_2/bee_0408_2_rev_green_accident/cam1_2026-04-08_18-10-06.mp4,1587.0,1643.5,1336,1452,1838,1835,0.8211102
70,/Volumes/SmithL0/2026/BIOL470/Final/Learning_Rig/bee_0408_2/bee_0408_2_rev_green_accident/cam1_2026-04-08_18-10-06.mp4,1587.5,1643.0,1335,1452,1840,1834,0.82140136
71,/Volumes/SmithL0/2026/BIOL470/Final/Learning_Rig/bee_0408_2/bee_0408_2_rev_green_accident/cam1_2026-04-08_18-10-06.mp4,1588.5,1643.0,1338,1452,1839,1834,0.8229003
72,/Volumes/SmithL0/2026/BIOL470/Final/Learning_Rig/bee_0408_2/bee_0408_2_rev_green_accident/cam1_2026-04-08_18-10-06.mp4,1587.5,1643.0,1336,1452,1839,1834,0.82281184
73,/Volumes/SmithL0/2026/BIOL470/Final/Learning_Rig/bee_0408_2/bee_0408_2_rev_green_accident/cam1_2026-04-08_18-10-06.mp4,1585.0,1643.5,1333,1453,1837,1834,0.8236608
74,/Volumes/SmithL0/2026/BIOL470/Final/Learning_Rig/bee_0408_2/bee_0408_2_rev_green_accident/cam1_2026-04-08_18-10-06.mp4,1586.0,1642.5,1336,1452,1836,1833,0.8239651
75,/Volumes/SmithL0/2026/BIOL470/Final/Learning_Rig/bee_0408_2/bee_0408_2_rev_green_accident/cam1_2026-04-08_18-10-06.mp4,1586.0,1643.5,1334,1453,1838,1834,0.8219299
76,/Volumes/SmithL0/2026/BIOL470/Final/Learning_Rig/bee_0408_2/bee_0408_2_rev_green_accident/cam1_2026-04-08_18-10-06.mp4,1586.5,1643.5,1335,1453,1838,1834,0.8238461
77,/Volumes/SmithL0/2026/BIOL470/Final/Learning_Rig/bee_0408_2/bee_0408_2_rev_green_accident/cam1_2026-04-08_18-10-06.mp4,1586.5,1642.5,1336,1452,1837,1833,0.8230994
78,/Volumes/SmithL0/2026/BIOL470/Final/Learning_Rig/bee_0408_2/bee_0408_2_rev_green_accident/cam1_2026-04-08_18-10-06.mp4,1585.5,1642.5,1336,1453,1835,1832,0.82004225
79,/Volumes/SmithL0/2026/BIOL470/Final/Learning_Rig/bee_0408_2/bee_0408_2_rev_green_accident/cam1_2026-04-08_18-10-06.mp4,1586.5,1643.5,1337,1452,1836,1835,0.8209163
80,/Volumes/SmithL0/2026/BIOL470/Final/Learning_Rig/bee_0408_2/bee_0408_2_rev_green_accident/cam1_2026-04-08_18-10-06.mp4,1586.5,1642.5,1335,1451,1838,1834,0.8213875
81,/Volumes/SmithL0/2026/BIOL470/Final/Learning_Rig/bee_0408_2/bee_0408_2_rev_green_accident/cam1_2026-04-08_18-10-06.mp4,1584.0,1643.5,1334,1452,1834,1835,0.8187571
82,/Volumes/SmithL0/2026/BIOL470/Final/Learning_Rig/bee_0408_2/bee_0408_2_rev_green_accident/cam1_2026-04-08_18-10-06.mp4,1582.0,1643.5,1333,1452,1831,1835,0.8134679
83,/Volumes/SmithL0/2026/BIOL470/Final/Learning_Rig/bee_0408_2/bee_0408_2_rev_green_accident/cam1_2026-04-08_18-10-06.mp4,1582.5,1643.0,1335,1451,1830,1835,0.82116705
84,/Volumes/SmithL0/2026/BIOL470/Final/Learning_Rig/bee_0408_2/bee_0408_2_rev_green_accident/cam1_2026-04-08_18-10-06.mp4,1584.0,1643.0,1336,1452,1832,1834,0.822177
85,/Volumes/SmithL0/2026/BIOL470/Final/Learning_Rig/bee_0408_2/bee_0408_2_rev_green_accident/cam1_2026-04-08_18-10-06.mp4,1583.5,1643.0,1336,1452,1831,1834,0.8186504
86,/Volumes/SmithL0/2026/BIOL470/Final/Learning_Rig/bee_0408_2/bee_0408_2_rev_green_accident/cam1_2026-04-08_18-10-06.mp4,1585.0,1644.0,1338,1453,1832,1835,0.8190664
87,/Volumes/SmithL0/2026/BIOL470/Final/Learning_Rig/bee_0408_2/bee_0408_2_rev_green_accident/cam1_2026-04-08_18-10-06.mp4,1586.0,1645.0,1339,1452,1833,1838,0.822484
88,/Volumes/SmithL0/2026/BIOL470/Final/Learning_Rig/bee_0408_2/bee_0408_2_rev_green_accident/cam1_2026-04-08_18-10-06.mp4,1586.0,1645.0,1340,1452,1832,1838,0.8198141
89,/Volumes/SmithL0/2026/BIOL470/Final/Learning_Rig/bee_0408_2/bee_0408_2_rev_green_accident/cam1_2026-04-08_18-10-06.mp4,1585.0,1646.5,1341,1453,1829,1840,0.8181989
90,/Volumes/SmithL0/2026/BIOL470/Final/Learning_Rig/bee_0408_2/bee_0408_2_rev_green_accident/cam1_2026-04-08_18-10-06.mp4,1581.5,1645.5,1334,1452,1829,1839,0.81471235
91,/Volumes/SmithL0/2026/BIOL470/Final/Learning_Rig/bee_0408_2/bee_0408_2_rev_green_accident/cam1_2026-04-08_18-10-06.mp4,1582.0,1645.0,1336,1452,1828,1838,0.8143735
92,/Volumes/SmithL0/2026/BIOL470/Final/Learning_Rig/bee_0408_2/bee_0408_2_rev_green_accident/cam1_2026-04-08_18-10-06.mp4,1583.0,1645.0,1337,1452,1829,1838,0.81514156
93,/Volumes/SmithL0/2026/BIOL470/Final/Learning_Rig/bee_0408_2/bee_0408_2_rev_green_accident/cam1_2026-04-08_18-10-06.mp4,1583.0,1644.5,1338,1452,1828,1837,0.8149442
94,/Volumes/SmithL0/2026/BIOL470/Final/Learning_Rig/bee_0408_2/bee_0408_2_rev_green_accident/cam1_2026-04-08_18-10-06.mp4,1583.5,1644.5,1338,1452,1829,1837,0.81527966
95,/Volumes/SmithL0/2026/BIOL470/Final/Learning_Rig/bee_0408_2/bee_0408_2_rev_green_accident/cam1_2026-04-08_18-10-06.mp4,1582.0,1644.5,1336,1453,1828,1836,0.8167312
96,/Volumes/SmithL0/2026/BIOL470/Final/Learning_Rig/bee_0408_2/bee_0408_2_rev_green_accident/cam1_2026-04-08_18-10-06.mp4,1580.5,1645.5,1334,1453,1827,1838,0.8143415
97,/Volumes/SmithL0/2026/BIOL470/Final/Learning_Rig/bee_0408_2/bee_0408_2_rev_green_accident/cam1_2026-04-08_18-10-06.mp4,1582.0,1644.5,1337,1453,1827,1836,0.81489426
98,/Volumes/SmithL0/2026/BIOL470/Final/Learning_Rig/bee_0408_2/bee_0408_2_rev_green_accident/cam1_2026-04-08_18-10-06.mp4,1582.0,1644.5,1338,1452,1826,1837,0.81623524
99,/Volumes/SmithL0/2026/BIOL470/Final/Learning_Rig/bee_0408_2/bee_0408_2_rev_green_accident/cam1_2026-04-08_18-10-06.mp4,1583.0,1645.0,1340,1452,1826,1838,0.8198768
100,/Volumes/SmithL0/2026/BIOL470/Final/Learning_Rig/bee_0408_2/bee_0408_2_rev_green_accident/cam1_2026-04-08_18-10-06.mp4,1582.5,1645.0,1338,1452,1827,1838,0.8214484
101,/Volumes/SmithL0/2026/BIOL470/Final/Learning_Rig/bee_0408_2/bee_0408_2_rev_green_accident/cam1_2026-04-08_18-10-06.mp4,1582.5,1646.0,1338,1452,1827,1840,0.81951773
102,/Volumes/SmithL0/2026/BIOL470/Final/Learning_Rig/bee_0408_2/bee_0408_2_rev_green_accident/cam1_2026-04-08_18-10-06.mp4,1582.5,1645.5,1336,1452,1829,1839,0.81813014
103,/Volumes/SmithL0/2026/BIOL470/Final/Learning_Rig/bee_0408_2/bee_0408_2_rev_green_accident/cam1_2026-04-08_18-10-06.mp4,1583.5,1645.5,1338,1453,1829,1838,0.8184305
104,/Volumes/SmithL0/2026/BIOL470/Final/Learning_Rig/bee_0408_2/bee_0408_2_rev_green_accident/cam1_2026-04-08_18-10-06.mp4,1584.0,1646.5,1336,1453,1832,1840,0.8096217
105,/Volumes/SmithL0/2026/BIOL470/Final/Learning_Rig/bee_0408_2/bee_0408_2_rev_green_accident/cam1_2026-04-08_18-10-06.mp4,1585.5,1646.5,1339,1453,1832,1840,0.8179104
106,/Volumes/SmithL0/2026/BIOL470/Final/Learning_Rig/bee_0408_2/bee_0408_2_rev_green_accident/cam1_2026-04-08_18-10-06.mp4,1585.0,1645.5,1337,1452,1833,1839,0.81770635
107,/Volumes/SmithL0/2026/BIOL470/Final/Learning_Rig/bee_0408_2/bee_0408_2_rev_green_accident/cam1_2026-04-08_18-10-06.mp4,1584.5,1645.5,1338,1452,1831,1839,0.8181768
108,/Volumes/SmithL0/2026/BIOL470/Final/Learning_Rig/bee_0408_2/bee_0408_2_rev_green_accident/cam1_2026-04-08_18-10-06.mp4,1585.5,1645.5,1339,1452,1832,1839,0.81689125
109,/Volumes/SmithL0/2026/BIOL470/Final/Learning_Rig/bee_0408_2/bee_0408_2_rev_green_accident/cam1_2026-04-08_18-10-06.mp4,1585.0,1646.0,1338,1452,1832,1840,0.8111879
110,/Volumes/SmithL0/2026/BIOL470/Final/Learning_Rig/bee_0408_2/bee_0408_2_rev_green_accident/cam1_2026-04-08_18-10-06.mp4,1584.5,1645.5,1337,1452,1832,1839,0.81635803
111,/Volumes/SmithL0/2026/BIOL470/Final/Learning_Rig/bee_0408_2/bee_0408_2_rev_green_accident/cam1_2026-04-08_18-10-06.mp4,1586.0,1645.0,1340,1452,1832,1838,0.8172106
112,/Volumes/SmithL0/2026/BIOL470/Final/Learning_Rig/bee_0408_2/bee_0408_2_rev_green_accident/cam1_2026-04-08_18-10-06.mp4,1586.0,1645.5,1338,1453,1834,1838,0.81758463
113,/Volumes/SmithL0/2026/BIOL470/Final/Learning_Rig/bee_0408_2/bee_0408_2_rev_green_accident/cam1_2026-04-08_18-10-06.mp4,1586.5,1645.0,1340,1453,1833,1837,0.8198249
114,/Volumes/SmithL0/2026/BIOL470/Final/Learning_Rig/bee_0408_2/bee_0408_2_rev_green_accident/cam1_2026-04-08_18-10-06.mp4,1586.0,1646.0,1343,1453,1829,1839,0.81909764
115,/Volumes/SmithL0/2026/BIOL470/Final/Learning_Rig/bee_0408_2/bee_0408_2_rev_green_accident/cam1_2026-04-08_18-10-06.mp4,1587.0,1646.0,1342,1453,1832,1839,0.8197668
116,/Volumes/SmithL0/2026/BIOL470/Final/Learning_Rig/bee_0408_2/bee_0408_2_rev_green_accident/cam1_2026-04-08_18-10-06.mp4,1587.0,1646.5,1342,1453,1832,1840,0.8180597
117,/Volumes/SmithL0/2026/BIOL470/Final/Learning_Rig/bee_0408_2/bee_0408_2_rev_green_accident/cam1_2026-04-08_18-10-06.mp4,1587.5,1646.0,1342,1453,1833,1839,0.817264
118,/Volumes/SmithL0/2026/BIOL470/Final/Learning_Rig/bee_0408_2/bee_0408_2_rev_green_accident/cam1_2026-04-08_18-10-06.mp4,1587.0,1645.0,1340,1453,1834,1837,0.81955105
119,/Volumes/SmithL0/2026/BIOL470/Final/Learning_Rig/bee_0408_2/bee_0408_2_rev_green_accident/cam1_2026-04-08_18-10-06.mp4,1586.5,1645.5,1339,1453,1834,1838,0.8173088
120,/Volumes/SmithL0/2026/BIOL470/Final/Learning_Rig/bee_0408_2/bee_0408_2_rev_green_accident/cam1_2026-04-08_18-10-06.mp4,1586.5,1648.5,1339,1453,1834,1844,0.8074217
121,/Volumes/SmithL0/2026/BIOL470/Final/Learning_Rig/bee_0408_2/bee_0408_2_rev_green_accident/cam1_2026-04-08_18-10-06.mp4,1586.0,1647.0,1338,1453,1834,1841,0.8156981
122,/Volumes/SmithL0/2026/BIOL470/Final/Learning_Rig/bee_0408_2/bee_0408_2_rev_green_accident/cam1_2026-04-08_18-10-06.mp4,1587.0,1647.0,1340,1453,1834,1841,0.81670785
123,/Volumes/SmithL0/2026/BIOL470/Final/Learning_Rig/bee_0408_2/bee_0408_2_rev_green_accident/cam1_2026-04-08_18-10-06.mp4,1586.0,1647.0,1339,1453,1833,1841,0.81843287
124,/Volumes/SmithL0/2026/BIOL470/Final/Learning_Rig/bee_0408_2/bee_0408_2_rev_green_accident/cam1_2026-04-08_18-10-06.mp4,1586.0,1647.0,1338,1453,1834,1841,0.81696653
125,/Volumes/SmithL0/2026/BIOL470/Final/Learning_Rig/bee_0408_2/bee_0408_2_rev_green_accident/cam1_2026-04-08_18-10-06.mp4,1585.5,1646.5,1337,1453,1834,1840,0.81459874
126,/Volumes/SmithL0/2026/BIOL470/Final/Learning_Rig/bee_0408_2/bee_0408_2_rev_green_accident/cam1_2026-04-08_18-10-06.mp4,1586.0,1647.0,1338,1453,1834,1841,0.8154129
127,/Volumes/SmithL0/2026/BIOL470/Final/Learning_Rig/bee_0408_2/bee_0408_2_rev_green_accident/cam1_2026-04-08_18-10-06.mp4,1584.5,1646.5,1335,1453,1834,1840,0.8158542
128,/Volumes/SmithL0/2026/BIOL470/Final/Learning_Rig/bee_0408_2/bee_0408_2_rev_green_accident/cam1_2026-04-08_18-10-06.mp4,1585.5,1645.5,1337,1453,1834,1838,0.8155046
129,/Volumes/SmithL0/2026/BIOL470/Final/Learning_Rig/bee_0408_2/bee_0408_2_rev_green_accident/cam1_2026-04-08_18-10-06.mp4,1586.0,1645.5,1338,1453,1834,1838,0.81474423
130,/Volumes/SmithL0/2026/BIOL470/Final/Learning_Rig/bee_0408_2/bee_0408_2_rev_green_accident/cam1_2026-04-08_18-10-06.mp4,1586.0,1646.5,1339,1453,1833,1840,0.81746036
131,/Volumes/SmithL0/2026/BIOL470/Final/Learning_Rig/bee_0408_2/bee_0408_2_rev_green_accident/cam1_2026-04-08_18-10-06.mp4,1586.0,1647.0,1338,1453,1834,1841,0.818076
132,/Volumes/SmithL0/2026/BIOL470/Final/Learning_Rig/bee_0408_2/bee_0408_2_rev_green_accident/cam1_2026-04-08_18-10-06.mp4,1587.0,1646.5,1341,1453,1833,1840,0.81699306
133,/Volumes/SmithL0/2026/BIOL470/Final/Learning_Rig/bee_0408_2/bee_0408_2_rev_green_accident/cam1_2026-04-08_18-10-06.mp4,1586.5,1646.5,1341,1453,1832,1840,0.81730217
134,/Volumes/SmithL0/2026/BIOL470/Final/Learning_Rig/bee_0408_2/bee_0408_2_rev_green_accident/cam1_2026-04-08_18-10-06.mp4,1587.0,1646.5,1341,1453,1833,1840,0.8144258
135,/Volumes/SmithL0/2026/BIOL470/Final/Learning_Rig/bee_0408_2/bee_0408_2_rev_green_accident/cam1_2026-04-08_18-10-06.mp4,1588.5,1645.5,1343,1452,1834,1839,0.81492865
136,/Volumes/SmithL0/2026/BIOL470/Final/Learning_Rig/bee_0408_2/bee_0408_2_rev_green_accident/cam1_2026-04-08_18-10-06.mp4,1589.5,1646.0,1345,1452,1834,1840,0.8163547
137,/Volumes/SmithL0/2026/BIOL470/Final/Learning_Rig/bee_0408_2/bee_0408_2_rev_green_accident/cam1_2026-04-08_18-10-06.mp4,1589.5,1647.0,1344,1452,1835,1842,0.812669
138,/Volumes/SmithL0/2026/BIOL470/Final/Learning_Rig/bee_0408_2/bee_0408_2_rev_green_accident/cam1_2026-04-08_18-10-06.mp4,1588.5,1647.5,1342,1453,1835,1842,0.81222135
139,/Volumes/SmithL0/2026/BIOL470/Final/Learning_Rig/bee_0408_2/bee_0408_2_rev_green_accident/cam1_2026-04-08_18-10-06.mp4,1589.0,1646.5,1343,1453,1835,1840,0.816489
140,/Volumes/SmithL0/2026/BIOL470/Final/Learning_Rig/bee_0408_2/bee_0408_2_rev_green_accident/cam1_2026-04-08_18-10-06.mp4,1589.0,1647.5,1342,1453,1836,1842,0.8180983
141,/Volumes/SmithL0/2026/BIOL470/Final/Learning_Rig/bee_0408_2/bee_0408_2_rev_green_accident/cam1_2026-04-08_18-10-06.mp4,1588.5,1647.0,1341,1453,1836,1841,0.82318866
142,/Volumes/SmithL0/2026/BIOL470/Final/Learning_Rig/bee_0408_2/bee_0408_2_rev_green_accident/cam1_2026-04-08_18-10-06.mp4,1589.0,1647.5,1342,1453,1836,1842,0.8210631
143,/Volumes/SmithL0/2026/BIOL470/Final/Learning_Rig/bee_0408_2/bee_0408_2_rev_green_accident/cam1_2026-04-08_18-10-06.mp4,1586.0,1647.5,1337,1453,1835,1842,0.8182931
144,/Volumes/SmithL0/2026/BIOL470/Final/Learning_Rig/bee_0408_2/bee_0408_2_rev_green_accident/cam1_2026-04-08_18-10-06.mp4,1586.0,1647.5,1337,1453,1835,1842,0.8151054
145,/Volumes/SmithL0/2026/BIOL470/Final/Learning_Rig/bee_0408_2/bee_0408_2_rev_green_accident/cam1_2026-04-08_18-10-06.mp4,1586.0,1646.5,1335,1452,1837,1841,0.8190434
146,/Volumes/SmithL0/2026/BIOL470/Final/Learning_Rig/bee_0408_2/bee_0408_2_rev_green_accident/cam1_2026-04-08_18-10-06.mp4,1587.0,1646.5,1337,1453,1837,1840,0.82458454
147,/Volumes/SmithL0/2026/BIOL470/Final/Learning_Rig/bee_0408_2/bee_0408_2_rev_green_accident/cam1_2026-04-08_18-10-06.mp4,1589.0,1647.0,1341,1452,1837,1842,0.8220312
148,/Volumes/SmithL0/2026/BIOL470/Final/Learning_Rig/bee_0408_2/bee_0408_2_rev_green_accident/cam1_2026-04-08_18-10-06.mp4,1589.0,1647.5,1341,1453,1837,1842,0.8248511
149,/Volumes/SmithL0/2026/BIOL470/Final/Learning_Rig/bee_0408_2/bee_0408_2_rev_green_accident/cam1_2026-04-08_18-10-06.mp4,1588.5,1646.5,1341,1453,1836,1840,0.8214971
150,/Volumes/SmithL0/2026/BIOL470/Final/Learning_Rig/bee_0408_2/bee_0408_2_rev_green_accident/cam1_2026-04-08_18-10-06.mp4,1587.5,1648.0,1341,1453,1834,1843,0.81796193
151,/Volumes/SmithL0/2026/BIOL470/Final/Learning_Rig/bee_0408_2/bee_0408_2_rev_green_accident/cam1_2026-04-08_18-10-06.mp4,1587.0,1649.0,1340,1453,1834,1845,0.8170541
152,/Volumes/SmithL0/2026/BIOL470/Final/Learning_Rig/bee_0408_2/bee_0408_2_rev_green_accident/cam1_2026-04-08_18-10-06.mp4,1586.5,1648.5,1340,1453,1833,1844,0.8139725
153,/Volumes/SmithL0/2026/BIOL470/Final/Learning_Rig/bee_0408_2/bee_0408_2_rev_green_accident/cam1_2026-04-08_18-10-06.mp4,1586.0,1648.0,1338,1453,1834,1843,0.8159477
154,/Volumes/SmithL0/2026/BIOL470/Final/Learning_Rig/bee_0408_2/bee_0408_2_rev_green_accident/cam1_2026-04-08_18-10-06.mp4,1588.0,1648.5,1341,1454,1835,1843,0.8156093
155,/Volumes/SmithL0/2026/BIOL470/Final/Learning_Rig/bee_0408_2/bee_0408_2_rev_green_accident/cam1_2026-04-08_18-10-06.mp4,1588.0,1648.0,1341,1453,1835,1843,0.8207038
156,/Volumes/SmithL0/2026/BIOL470/Final/Learning_Rig/bee_0408_2/bee_0408_2_rev_green_accident/cam1_2026-04-08_18-10-06.mp4,1588.0,1648.0,1342,1454,1834,1842,0.81951004
157,/Volumes/SmithL0/2026/BIOL470/Final/Learning_Rig/bee_0408_2/bee_0408_2_rev_green_accident/cam1_2026-04-08_18-10-06.mp4,1588.0,1648.0,1341,1454,1835,1842,0.8200386
158,/Volumes/SmithL0/2026/BIOL470/Final/Learning_Rig/bee_0408_2/bee_0408_2_rev_green_accident/cam1_2026-04-08_18-10-06.mp4,1587.5,1647.0,1341,1454,1834,1840,0.82058394
159,/Volumes/SmithL0/2026/BIOL470/Final/Learning_Rig/bee_0408_2/bee_0408_2_rev_green_accident/cam1_2026-04-08_18-10-06.mp4,1586.5,1646.0,1340,1453,1833,1839,0.82108206
160,/Volumes/SmithL0/2026/BIOL470/Final/Learning_Rig/bee_0408_2/bee_0408_2_rev_green_accident/cam1_2026-04-08_18-10-06.mp4,1585.5,1646.5,1338,1454,1833,1839,0.81923085
161,/Volumes/SmithL0/2026/BIOL470/Final/Learning_Rig/bee_0408_2/bee_0408_2_rev_green_accident/cam1_2026-04-08_18-10-06.mp4,1585.0,1645.5,1337,1454,1833,1837,0.82205945
162,/Volumes/SmithL0/2026/BIOL470/Final/Learning_Rig/bee_0408_2/bee_0408_2_rev_green_accident/cam1_2026-04-08_18-10-06.mp4,1585.5,1646.0,1337,1453,1834,1839,0.8191768
163,/Volumes/SmithL0/2026/BIOL470/Final/Learning_Rig/bee_0408_2/bee_0408_2_rev_green_accident/cam1_2026-04-08_18-10-06.mp4,1586.0,1645.5,1339,1453,1833,1838,0.82152474
164,/Volumes/SmithL0/2026/BIOL470/Final/Learning_Rig/bee_0408_2/bee_0408_2_rev_green_accident/cam1_2026-04-08_18-10-06.mp4,1585.5,1645.5,1337,1453,1834,1838,0.8209467
165,/Volumes/SmithL0/2026/BIOL470/Final/Learning_Rig/bee_0408_2/bee_0408_2_rev_green_accident/cam1_2026-04-08_18-10-06.mp4,1586.0,1646.0,1338,1453,1834,1839,0.8142587
166,/Volumes/SmithL0/2026/BIOL470/Final/Learning_Rig/bee_0408_2/bee_0408_2_rev_green_accident/cam1_2026-04-08_18-10-06.mp4,1586.5,1646.5,1340,1453,1833,1840,0.82096565
167,/Volumes/SmithL0/2026/BIOL470/Final/Learning_Rig/bee_0408_2/bee_0408_2_rev_green_accident/cam1_2026-04-08_18-10-06.mp4,1586.0,1646.5,1338,1453,1834,1840,0.8204767
168,/Volumes/SmithL0/2026/BIOL470/Final/Learning_Rig/bee_0408_2/bee_0408_2_rev_green_accident/cam1_2026-04-08_18-10-06.mp4,1586.5,1646.0,1338,1453,1835,1839,0.81710595
169,/Volumes/SmithL0/2026/BIOL470/Final/Learning_Rig/bee_0408_2/bee_0408_2_rev_green_accident/cam1_2026-04-08_18-10-06.mp4,1588.5,1646.0,1341,1452,1836,1840,0.82237166
170,/Volumes/SmithL0/2026/BIOL470/Final/Learning_Rig/bee_0408_2/bee_0408_2_rev_green_accident/cam1_2026-04-08_18-10-06.mp4,1587.5,1646.5,1339,1453,1836,1840,0.82144886
171,/Volumes/SmithL0/2026/BIOL470/Final/Learning_Rig/bee_0408_2/bee_0408_2_rev_green_accident/cam1_2026-04-08_18-10-06.mp4,1584.0,1647.5,1335,1453,1833,1842,0.8118137
172,/Volumes/SmithL0/2026/BIOL470/Final/Learning_Rig/bee_0408_2/bee_0408_2_rev_green_accident/cam1_2026-04-08_18-10-06.mp4,1586.0,1647.0,1338,1453,1834,1841,0.8115117
173,/Volumes/SmithL0/2026/BIOL470/Final/Learning_Rig/bee_0408_2/bee_0408_2_rev_green_accident/cam1_2026-04-08_18-10-06.mp4,1587.0,1644.5,1340,1452,1834,1837,0.818434
174,/Volumes/SmithL0/2026/BIOL470/Final/Learning_Rig/bee_0408_2/bee_0408_2_rev_green_accident/cam1_2026-04-08_18-10-06.mp4,1587.5,1645.5,1339,1452,1836,1839,0.8216658
175,/Volumes/SmithL0/2026/BIOL470/Final/Learning_Rig/bee_0408_2/bee_0408_2_rev_green_accident/cam1_2026-04-08_18-10-06.mp4,1587.5,1647.0,1339,1453,1836,1841,0.81325406
176,/Volumes/SmithL0/2026/BIOL470/Final/Learning_Rig/bee_0408_2/bee_0408_2_rev_green_accident/cam1_2026-04-08_18-10-06.mp4,1587.5,1647.0,1339,1453,1836,1841,0.8177106
177,/Volumes/SmithL0/2026/BIOL470/Final/Learning_Rig/bee_0408_2/bee_0408_2_rev_green_accident/cam1_2026-04-08_18-10-06.mp4,1589.0,1646.5,1343,1453,1835,1840,0.8142665
178,/Volumes/SmithL0/2026/BIOL470/Final/Learning_Rig/bee_0408_2/bee_0408_2_rev_green_accident/cam1_2026-04-08_18-10-06.mp4,1588.0,1646.5,1342,1453,1834,1840,0.81153536
179,/Volumes/SmithL0/2026/BIOL470/Final/Learning_Rig/bee_0408_2/bee_0408_2_rev_green_accident/cam1_2026-04-08_18-10-06.mp4,1588.5,1647.0,1342,1454,1835,1840,0.82057494
180,/Volumes/SmithL0/2026/BIOL470/Final/Learning_Rig/bee_0408_2/bee_0408_2_rev_green_accident/cam1_2026-04-08_18-10-06.mp4,1587.5,1647.5,1341,1454,1834,1841,0.81224006
181,/Volumes/SmithL0/2026/BIOL470/Final/Learning_Rig/bee_0408_2/bee_0408_2_rev_green_accident/cam1_2026-04-08_18-10-06.mp4,1586.5,1647.5,1339,1453,1834,1842,0.8116259
182,/Volumes/SmithL0/2026/BIOL470/Final/Learning_Rig/bee_0408_2/bee_0408_2_rev_green_accident/cam1_2026-04-08_18-10-06.mp4,1588.0,1647.0,1341,1454,1835,1840,0.8143682
183,/Volumes/SmithL0/2026/BIOL470/Final/Learning_Rig/bee_0408_2/bee_0408_2_rev_green_accident/cam1_2026-04-08_18-10-06.mp4,1587.5,1646.5,1341,1454,1834,1839,0.81733507
184,/Volumes/SmithL0/2026/BIOL470/Final/Learning_Rig/bee_0408_2/bee_0408_2_rev_green_accident/cam1_2026-04-08_18-10-06.mp4,1588.5,1646.5,1342,1454,1835,1839,0.82294154
185,/Volumes/SmithL0/2026/BIOL470/Final/Learning_Rig/bee_0408_2/bee_0408_2_rev_green_accident/cam1_2026-04-08_18-10-06.mp4,1587.5,1646.0,1341,1453,1834,1839,0.82353795
186,/Volumes/SmithL0/2026/BIOL470/Final/Learning_Rig/bee_0408_2/bee_0408_2_rev_green_accident/cam1_2026-04-08_18-10-06.mp4,1589.5,1648.0,1343,1453,1836,1843,0.82110906
187,/Volumes/SmithL0/2026/BIOL470/Final/Learning_Rig/bee_0408_2/bee_0408_2_rev_green_accident/cam1_2026-04-08_18-10-06.mp4,1588.0,1648.0,1342,1453,1834,1843,0.8185825
188,/Volumes/SmithL0/2026/BIOL470/Final/Learning_Rig/bee_0408_2/bee_0408_2_rev_green_accident/cam1_2026-04-08_18-10-06.mp4,1588.5,1648.0,1342,1453,1835,1843,0.81774294
189,/Volumes/SmithL0/2026/BIOL470/Final/Learning_Rig/bee_0408_2/bee_0408_2_rev_green_accident/cam1_2026-04-08_18-10-06.mp4,1587.0,1647.0,1341,1453,1833,1841,0.81992906
190,/Volumes/SmithL0/2026/BIOL470/Final/Learning_Rig/bee_0408_2/bee_0408_2_rev_green_accident/cam1_2026-04-08_18-10-06.mp4,1588.5,1647.0,1342,1453,1835,1841,0.81974685
191,/Volumes/SmithL0/2026/BIOL470/Final/Learning_Rig/bee_0408_2/bee_0408_2_rev_green_accident/cam1_2026-04-08_18-10-06.mp4,1588.0,1645.5,1340,1453,1836,1838,0.8216917
192,/Volumes/SmithL0/2026/BIOL470/Final/Learning_Rig/bee_0408_2/bee_0408_2_rev_green_accident/cam1_2026-04-08_18-10-06.mp4,1587.0,1646.0,1340,1453,1834,1839,0.8204863
193,/Volumes/SmithL0/2026/BIOL470/Final/Learning_Rig/bee_0408_2/bee_0408_2_rev_green_accident/cam1_2026-04-08_18-10-06.mp4,1585.5,1646.0,1339,1453,1832,1839,0.8187051
194,/Volumes/SmithL0/2026/BIOL470/Final/Learning_Rig/bee_0408_2/bee_0408_2_rev_green_accident/cam1_2026-04-08_18-10-06.mp4,1586.5,1646.0,1340,1453,1833,1839,0.82037365
195,/Volumes/SmithL0/2026/BIOL470/Final/Learning_Rig/bee_0408_2/bee_0408_2_rev_green_accident/cam1_2026-04-08_18-10-06.mp4,1588.5,1645.0,1342,1453,1835,1837,0.82479894
196,/Volumes/SmithL0/2026/BIOL470/Final/Learning_Rig/bee_0408_2/bee_0408_2_rev_green_accident/cam1_2026-04-08_18-10-06.mp4,1587.0,1646.0,1339,1453,1835,1839,0.81914353
197,/Volumes/SmithL0/2026/BIOL470/Final/Learning_Rig/bee_0408_2/bee_0408_2_rev_green_accident/cam1_2026-04-08_18-10-06.mp4,1586.0,1645.0,1337,1453,1835,1837,0.82322836
198,/Volumes/SmithL0/2026/BIOL470/Final/Learning_Rig/bee_0408_2/bee_0408_2_rev_green_accident/cam1_2026-04-08_18-10-06.mp4,1585.0,1645.0,1335,1453,1835,1837,0.82432634
199,/Volumes/SmithL0/2026/BIOL470/Final/Learning_Rig/bee_0408_2/bee_0408_2_rev_green_accident/cam1_2026-04-08_18-10-06.mp4,1586.0,1646.0,1337,1453,1835,1839,0.8231003
200,/Volumes/SmithL0/2026/BIOL470/Final/Learning_Rig/bee_0408_2/bee_0408_2_rev_green_accident/cam1_2026-04-08_18-10-06.mp4,1585.5,1646.0,1336,1453,1835,1839,0.8239709
201,/Volumes/SmithL0/2026/BIOL470/Final/Learning_Rig/bee_0408_2/bee_0408_2_rev_green_accident/cam1_2026-04-08_18-10-06.mp4,1586.5,1646.0,1339,1453,1834,1839,0.8169906
202,/Volumes/SmithL0/2026/BIOL470/Final/Learning_Rig/bee_0408_2/bee_0408_2_rev_green_accident/cam1_2026-04-08_18-10-06.mp4,1586.0,1645.5,1337,1453,1835,1838,0.81708884
203,/Volumes/SmithL0/2026/BIOL470/Final/Learning_Rig/bee_0408_2/bee_0408_2_rev_green_accident/cam1_2026-04-08_18-10-06.mp4,1585.0,1646.5,1338,1454,1832,1839,0.81052613
204,/Volumes/SmithL0/2026/BIOL470/Final/Learning_Rig/bee_0408_2/bee_0408_2_rev_green_accident/cam1_2026-04-08_18-10-06.mp4,1584.0,1647.0,1336,1453,1832,1841,0.8191459
205,/Volumes/SmithL0/2026/BIOL470/Final/Learning_Rig/bee_0408_2/bee_0408_2_rev_green_accident/cam1_2026-04-08_18-10-06.mp4,1585.0,1647.0,1338,1453,1832,1841,0.8215369
206,/Volumes/SmithL0/2026/BIOL470/Final/Learning_Rig/bee_0408_2/bee_0408_2_rev_green_accident/cam1_2026-04-08_18-10-06.mp4,1585.5,1647.0,1337,1453,1834,1841,0.8225411
207,/Volumes/SmithL0/2026/BIOL470/Final/Learning_Rig/bee_0408_2/bee_0408_2_rev_green_accident/cam1_2026-04-08_18-10-06.mp4,1586.0,1647.0,1339,1453,1833,1841,0.82636076
208,/Volumes/SmithL0/2026/BIOL470/Final/Learning_Rig/bee_0408_2/bee_0408_2_rev_green_accident/cam1_2026-04-08_18-10-06.mp4,1585.5,1646.5,1339,1452,1832,1841,0.8211906
209,/Volumes/SmithL0/2026/BIOL470/Final/Learning_Rig/bee_0408_2/bee_0408_2_rev_green_accident/cam1_2026-04-08_18-10-06.mp4,1584.5,1646.0,1336,1452,1833,1840,0.8196572
210,/Volumes/SmithL0/2026/BIOL470/Final/Learning_Rig/bee_0408_2/bee_0408_2_rev_green_accident/cam1_2026-04-08_18-10-06.mp4,1587.0,1647.5,1342,1453,1832,1842,0.81761825
211,/Volumes/SmithL0/2026/BIOL470/Final/Learning_Rig/bee_0408_2/bee_0408_2_rev_green_accident/cam1_2026-04-08_18-10-06.mp4,1588.0,1646.0,1343,1452,1833,1840,0.8185658
212,/Volumes/SmithL0/2026/BIOL470/Final/Learning_Rig/bee_0408_2/bee_0408_2_rev_green_accident/cam1_2026-04-08_18-10-06.mp4,1588.0,1646.5,1340,1453,1836,1840,0.8201921
213,/Volumes/SmithL0/2026/BIOL470/Final/Learning_Rig/bee_0408_2/bee_0408_2_rev_green_accident/cam1_2026-04-08_18-10-06.mp4,1586.5,1645.5,1338,1453,1835,1838,0.8224053
214,/Volumes/SmithL0/2026/BIOL470/Final/Learning_Rig/bee_0408_2/bee_0408_2_rev_green_accident/cam1_2026-04-08_18-10-06.mp4,1586.0,1645.5,1338,1453,1834,1838,0.81973714
215,/Volumes/SmithL0/2026/BIOL470/Final/Learning_Rig/bee_0408_2/bee_0408_2_rev_green_accident/cam1_2026-04-08_18-10-06.mp4,1585.5,1645.5,1336,1453,1835,1838,0.818906
216,/Volumes/SmithL0/2026/BIOL470/Final/Learning_Rig/bee_0408_2/bee_0408_2_rev_green_accident/cam1_2026-04-08_18-10-06.mp4,1587.0,1646.0,1337,1453,1837,1839,0.81757927
217,/Volumes/SmithL0/2026/BIOL470/Final/Learning_Rig/bee_0408_2/bee_0408_2_rev_green_accident/cam1_2026-04-08_18-10-06.mp4,1586.0,1646.5,1335,1453,1837,1840,0.81573224
218,/Volumes/SmithL0/2026/BIOL470/Final/Learning_Rig/bee_0408_2/bee_0408_2_rev_green_accident/cam1_2026-04-08_18-10-06.mp4,1584.5,1646.0,1332,1453,1837,1839,0.81727093
219,/Volumes/SmithL0/2026/BIOL470/Final/Learning_Rig/bee_0408_2/bee_0408_2_rev_green_accident/cam1_2026-04-08_18-10-06.mp4,1585.5,1646.0,1335,1453,1836,1839,0.8148798
220,/Volumes/SmithL0/2026/BIOL470/Final/Learning_Rig/bee_0408_2/bee_0408_2_rev_green_accident/cam1_2026-04-08_18-10-06.mp4,1585.0,1645.5,1333,1453,1837,1838,0.8179204
221,/Volumes/SmithL0/2026/BIOL470/Final/Learning_Rig/bee_0408_2/bee_0408_2_rev_green_accident/cam1_2026-04-08_18-10-06.mp4,1584.5,1647.0,1333,1453,1836,1841,0.81174314
222,/Volumes/SmithL0/2026/BIOL470/Final/Learning_Rig/bee_0408_2/bee_0408_2_rev_green_accident/cam1_2026-04-08_18-10-06.mp4,1584.5,1647.0,1335,1453,1834,1841,0.8120609
223,/Volumes/SmithL0/2026/BIOL470/Final/Learning_Rig/bee_0408_2/bee_0408_2_rev_green_accident/cam1_2026-04-08_18-10-06.mp4,1585.5,1646.5,1337,1453,1834,1840,0.8208882
224,/Volumes/SmithL0/2026/BIOL470/Final/Learning_Rig/bee_0408_2/bee_0408_2_rev_green_accident/cam1_2026-04-08_18-10-06.mp4,1586.0,1646.0,1339,1453,1833,1839,0.8228587
225,/Volumes/SmithL0/2026/BIOL470/Final/Learning_Rig/bee_0408_2/bee_0408_2_rev_green_accident/cam1_2026-04-08_18-10-06.mp4,1585.0,1646.5,1337,1453,1833,1840,0.8214644
226,/Volumes/SmithL0/2026/BIOL470/Final/Learning_Rig/bee_0408_2/bee_0408_2_rev_green_accident/cam1_2026-04-08_18-10-06.mp4,1586.5,1646.5,1339,1454,1834,1839,0.82408315
227,/Volumes/SmithL0/2026/BIOL470/Final/Learning_Rig/bee_0408_2/bee_0408_2_rev_green_accident/cam1_2026-04-08_18-10-06.mp4,1585.5,1647.0,1336,1454,1835,1840,0.8184678
228,/Volumes/SmithL0/2026/BIOL470/Final/Learning_Rig/bee_0408_2/bee_0408_2_rev_green_accident/cam1_2026-04-08_18-10-06.mp4,1587.0,1647.5,1337,1454,1837,1841,0.81831706
229,/Volumes/SmithL0/2026/BIOL470/Final/Learning_Rig/bee_0408_2/bee_0408_2_rev_green_accident/cam1_2026-04-08_18-10-06.mp4,1585.5,1647.0,1336,1454,1835,1840,0.8167488
230,/Volumes/SmithL0/2026/BIOL470/Final/Learning_Rig/bee_0408_2/bee_0408_2_rev_green_accident/cam1_2026-04-08_18-10-06.mp4,1585.0,1646.5,1337,1453,1833,1840,0.81494343
231,/Volumes/SmithL0/2026/BIOL470/Final/Learning_Rig/bee_0408_2/bee_0408_2_rev_green_accident/cam1_2026-04-08_18-10-06.mp4,1586.0,1646.5,1338,1454,1834,1839,0.8180704
232,/Volumes/SmithL0/2026/BIOL470/Final/Learning_Rig/bee_0408_2/bee_0408_2_rev_green_accident/cam1_2026-04-08_18-10-06.mp4,1587.0,1646.0,1337,1454,1837,1838,0.81952894
233,/Volumes/SmithL0/2026/BIOL470/Final/Learning_Rig/bee_0408_2/bee_0408_2_rev_green_accident/cam1_2026-04-08_18-10-06.mp4,1585.0,1647.0,1335,1454,1835,1840,0.8172989
234,/Volumes/SmithL0/2026/BIOL470/Final/Learning_Rig/bee_0408_2/bee_0408_2_rev_green_accident/cam1_2026-04-08_18-10-06.mp4,1584.5,1646.0,1334,1453,1835,1839,0.8186199
235,/Volumes/SmithL0/2026/BIOL470/Final/Learning_Rig/bee_0408_2/bee_0408_2_rev_green_accident/cam1_2026-04-08_18-10-06.mp4,1585.0,1646.5,1335,1454,1835,1839,0.81856227
236,/Volumes/SmithL0/2026/BIOL470/Final/Learning_Rig/bee_0408_2/bee_0408_2_rev_green_accident/cam1_2026-04-08_18-10-06.mp4,1587.5,1647.5,1339,1454,1836,1841,0.8170928
237,/Volumes/SmithL0/2026/BIOL470/Final/Learning_Rig/bee_0408_2/bee_0408_2_rev_green_accident/cam1_2026-04-08_18-10-06.mp4,1587.5,1647.0,1339,1454,1836,1840,0.8218002
238,/Volumes/SmithL0/2026/BIOL470/Final/Learning_Rig/bee_0408_2/bee_0408_2_rev_green_accident/cam1_2026-04-08_18-10-06.mp4,1589.0,1647.0,1341,1453,1837,1841,0.82079095
239,/Volumes/SmithL0/2026/BIOL470/Final/Learning_Rig/bee_0408_2/bee_0408_2_rev_green_accident/cam1_2026-04-08_18-10-06.mp4,1588.5,1646.0,1340,1453,1837,1839,0.824914
240,/Volumes/SmithL0/2026/BIOL470/Final/Learning_Rig/bee_0408_2/bee_0408_2_rev_green_accident/cam1_2026-04-08_18-10-06.mp4,1587.5,1646.5,1339,1453,1836,1840,0.8211763
241,/Volumes/SmithL0/2026/BIOL470/Final/Learning_Rig/bee_0408_2/bee_0408_2_rev_green_accident/cam1_2026-04-08_18-10-06.mp4,1587.5,1645.5,1339,1453,1836,1838,0.8221688
242,/Volumes/SmithL0/2026/BIOL470/Final/Learning_Rig/bee_0408_2/bee_0408_2_rev_green_accident/cam1_2026-04-08_18-10-06.mp4,1587.0,1646.0,1337,1453,1837,1839,0.8196231
243,/Volumes/SmithL0/2026/BIOL470/Final/Learning_Rig/bee_0408_2/bee_0408_2_rev_green_accident/cam1_2026-04-08_18-10-06.mp4,1587.0,1646.5,1338,1453,1836,1840,0.8182971
244,/Volumes/SmithL0/2026/BIOL470/Final/Learning_Rig/bee_0408_2/bee_0408_2_rev_green_accident/cam1_2026-04-08_18-10-06.mp4,1587.5,1645.5,1338,1453,1837,1838,0.8192494
245,/Volumes/SmithL0/2026/BIOL470/Final/Learning_Rig/bee_0408_2/bee_0408_2_rev_green_accident/cam1_2026-04-08_18-10-06.mp4,1587.5,1645.5,1339,1454,1836,1837,0.81728053
246,/Volumes/SmithL0/2026/BIOL470/Final/Learning_Rig/bee_0408_2/bee_0408_2_rev_green_accident/cam1_2026-04-08_18-10-06.mp4,1588.0,1645.5,1339,1453,1837,1838,0.81335396
247,/Volumes/SmithL0/2026/BIOL470/Final/Learning_Rig/bee_0408_2/bee_0408_2_rev_green_accident/cam1_2026-04-08_18-10-06.mp4,1587.5,1645.5,1339,1453,1836,1838,0.81948185
248,/Volumes/SmithL0/2026/BIOL470/Final/Learning_Rig/bee_0408_2/bee_0408_2_rev_green_accident/cam1_2026-04-08_18-10-06.mp4,1588.0,1645.0,1339,1453,1837,1837,0.82030565
249,/Volumes/SmithL0/2026/BIOL470/Final/Learning_Rig/bee_0408_2/bee_0408_2_rev_green_accident/cam1_2026-04-08_18-10-06.mp4,1588.0,1645.0,1340,1453,1836,1837,0.82215834
250,/Volumes/SmithL0/2026/BIOL470/Final/Learning_Rig/bee_0408_2/bee_0408_2_rev_green_accident/cam1_2026-04-08_18-10-06.mp4,1587.5,1645.5,1339,1453,1836,1838,0.82008696
251,/Volumes/SmithL0/2026/BIOL470/Final/Learning_Rig/bee_0408_2/bee_0408_2_rev_green_accident/cam1_2026-04-08_18-10-06.mp4,1588.5,1646.0,1342,1452,1835,1840,0.8178368
252,/Volumes/SmithL0/2026/BIOL470/Final/Learning_Rig/bee_0408_2/bee_0408_2_rev_green_accident/cam1_2026-04-08_18-10-06.mp4,1587.0,1646.0,1339,1453,1835,1839,0.81968427
253,/Volumes/SmithL0/2026/BIOL470/Final/Learning_Rig/bee_0408_2/bee_0408_2_rev_green_accident/cam1_2026-04-08_18-10-06.mp4,1586.5,1645.0,1338,1453,1835,1837,0.8195201
254,/Volumes/SmithL0/2026/BIOL470/Final/Learning_Rig/bee_0408_2/bee_0408_2_rev_green_accident/cam1_2026-04-08_18-10-06.mp4,1588.5,1645.5,1341,1453,1836,1838,0.8221307
255,/Volumes/SmithL0/2026/BIOL470/Final/Learning_Rig/bee_0408_2/bee_0408_2_rev_green_accident/cam1_2026-04-08_18-10-06.mp4,1588.5,1646.5,1340,1453,1837,1840,0.81987655
256,/Volumes/SmithL0/2026/BIOL470/Final/Learning_Rig/bee_0408_2/bee_0408_2_rev_green_accident/cam1_2026-04-08_18-10-06.mp4,1589.5,1646.0,1342,1453,1837,1839,0.8246267
257,/Volumes/SmithL0/2026/BIOL470/Final/Learning_Rig/bee_0408_2/bee_0408_2_rev_green_accident/cam1_2026-04-08_18-10-06.mp4,1589.0,1646.0,1341,1453,1837,1839,0.825029
258,/Volumes/SmithL0/2026/BIOL470/Final/Learning_Rig/bee_0408_2/bee_0408_2_rev_green_accident/cam1_2026-04-08_18-10-06.mp4,1588.0,1646.5,1340,1453,1836,1840,0.8211348
259,/Volumes/SmithL0/2026/BIOL470/Final/Learning_Rig/bee_0408_2/bee_0408_2_rev_green_accident/cam1_2026-04-08_18-10-06.mp4,1587.5,1647.5,1340,1452,1835,1843,0.818887
260,/Volumes/SmithL0/2026/BIOL470/Final/Learning_Rig/bee_0408_2/bee_0408_2_rev_green_accident/cam1_2026-04-08_18-10-06.mp4,1587.0,1646.5,1338,1453,1836,1840,0.8209276
261,/Volumes/SmithL0/2026/BIOL470/Final/Learning_Rig/bee_0408_2/bee_0408_2_rev_green_accident/cam1_2026-04-08_18-10-06.mp4,1586.5,1646.5,1339,1452,1834,1841,0.82217765
262,/Volumes/SmithL0/2026/BIOL470/Final/Learning_Rig/bee_0408_2/bee_0408_2_rev_green_accident/cam1_2026-04-08_18-10-06.mp4,1589.0,1647.0,1342,1453,1836,1841,0.8238882
263,/Volumes/SmithL0/2026/BIOL470/Final/Learning_Rig/bee_0408_2/bee_0408_2_rev_green_accident/cam1_2026-04-08_18-10-06.mp4,1588.0,1647.0,1342,1453,1834,1841,0.82284015
264,/Volumes/SmithL0/2026/BIOL470/Final/Learning_Rig/bee_0408_2/bee_0408_2_rev_green_accident/cam1_2026-04-08_18-10-06.mp4,1588.5,1647.0,1343,1453,1834,1841,0.8203529
265,/Volumes/SmithL0/2026/BIOL470/Final/Learning_Rig/bee_0408_2/bee_0408_2_rev_green_accident/cam1_2026-04-08_18-10-06.mp4,1587.5,1646.0,1341,1452,1834,1840,0.81969965
266,/Volumes/SmithL0/2026/BIOL470/Final/Learning_Rig/bee_0408_2/bee_0408_2_rev_green_accident/cam1_2026-04-08_18-10-06.mp4,1588.5,1647.0,1341,1453,1836,1841,0.82070637
267,/Volumes/SmithL0/2026/BIOL470/Final/Learning_Rig/bee_0408_2/bee_0408_2_rev_green_accident/cam1_2026-04-08_18-10-06.mp4,1589.5,1646.5,1342,1453,1837,1840,0.81907845
268,/Volumes/SmithL0/2026/BIOL470/Final/Learning_Rig/bee_0408_2/bee_0408_2_rev_green_accident/cam1_2026-04-08_18-10-06.mp4,1588.5,1647.0,1340,1453,1837,1841,0.8182958
269,/Volumes/SmithL0/2026/BIOL470/Final/Learning_Rig/bee_0408_2/bee_0408_2_rev_green_accident/cam1_2026-04-08_18-10-06.mp4,1588.5,1647.0,1341,1453,1836,1841,0.8223677
270,/Volumes/SmithL0/2026/BIOL470/Final/Learning_Rig/bee_0408_2/bee_0408_2_rev_green_accident/cam1_2026-04-08_18-10-06.mp4,1588.0,1647.5,1342,1453,1834,1842,0.8127711
271,/Volumes/SmithL0/2026/BIOL470/Final/Learning_Rig/bee_0408_2/bee_0408_2_rev_green_accident/cam1_2026-04-08_18-10-06.mp4,1588.5,1647.0,1342,1453,1835,1841,0.8214245
272,/Volumes/SmithL0/2026/BIOL470/Final/Learning_Rig/bee_0408_2/bee_0408_2_rev_green_accident/cam1_2026-04-08_18-10-06.mp4,1589.0,1648.0,1342,1454,1836,1842,0.82015365
273,/Volumes/SmithL0/2026/BIOL470/Final/Learning_Rig/bee_0408_2/bee_0408_2_rev_green_accident/cam1_2026-04-08_18-10-06.mp4,1589.0,1648.0,1342,1454,1836,1842,0.8174874
274,/Volumes/SmithL0/2026/BIOL470/Final/Learning_Rig/bee_0408_2/bee_0408_2_rev_green_accident/cam1_2026-04-08_18-10-06.mp4,1589.5,1648.0,1343,1454,1836,1842,0.82051474
275,/Volumes/SmithL0/2026/BIOL470/Final/Learning_Rig/bee_0408_2/bee_0408_2_rev_green_accident/cam1_2026-04-08_18-10-06.mp4,1589.0,1648.0,1342,1454,1836,1842,0.8189371
276,/Volumes/SmithL0/2026/BIOL470/Final/Learning_Rig/bee_0408_2/bee_0408_2_rev_green_accident/cam1_2026-04-08_18-10-06.mp4,1589.0,1648.0,1343,1453,1835,1843,0.81127393
277,/Volumes/SmithL0/2026/BIOL470/Final/Learning_Rig/bee_0408_2/bee_0408_2_rev_green_accident/cam1_2026-04-08_18-10-06.mp4,1588.5,1647.5,1340,1453,1837,1842,0.8190528
278,/Volumes/SmithL0/2026/BIOL470/Final/Learning_Rig/bee_0408_2/bee_0408_2_rev_green_accident/cam1_2026-04-08_18-10-06.mp4,1588.5,1648.5,1341,1454,1836,1843,0.8175368
279,/Volumes/SmithL0/2026/BIOL470/Final/Learning_Rig/bee_0408_2/bee_0408_2_rev_green_accident/cam1_2026-04-08_18-10-06.mp4,1588.5,1648.0,1341,1454,1836,1842,0.8179649
280,/Volumes/SmithL0/2026/BIOL470/Final/Learning_Rig/bee_0408_2/bee_0408_2_rev_green_accident/cam1_2026-04-08_18-10-06.mp4,1588.5,1647.0,1342,1453,1835,1841,0.8180255
281,/Volumes/SmithL0/2026/BIOL470/Final/Learning_Rig/bee_0408_2/bee_0408_2_rev_green_accident/cam1_2026-04-08_18-10-06.mp4,1588.5,1647.5,1342,1453,1835,1842,0.81846243
282,/Volumes/SmithL0/2026/BIOL470/Final/Learning_Rig/bee_0408_2/bee_0408_2_rev_green_accident/cam1_2026-04-08_18-10-06.mp4,1588.0,1646.0,1342,1452,1834,1840,0.81698567
283,/Volumes/SmithL0/2026/BIOL470/Final/Learning_Rig/bee_0408_2/bee_0408_2_rev_green_accident/cam1_2026-04-08_18-10-06.mp4,1589.0,1646.5,1342,1453,1836,1840,0.819016
284,/Volumes/SmithL0/2026/BIOL470/Final/Learning_Rig/bee_0408_2/bee_0408_2_rev_green_accident/cam1_2026-04-08_18-10-06.mp4,1588.5,1647.0,1341,1453,1836,1841,0.821354
285,/Volumes/SmithL0/2026/BIOL470/Final/Learning_Rig/bee_0408_2/bee_0408_2_rev_green_accident/cam1_2026-04-08_18-10-06.mp4,1587.5,1645.5,1340,1452,1835,1839,0.81803334
286,/Volumes/SmithL0/2026/BIOL470/Final/Learning_Rig/bee_0408_2/bee_0408_2_rev_green_accident/cam1_2026-04-08_18-10-06.mp4,1588.5,1646.5,1341,1453,1836,1840,0.81968474
287,/Volumes/SmithL0/2026/BIOL470/Final/Learning_Rig/bee_0408_2/bee_0408_2_rev_green_accident/cam1_2026-04-08_18-10-06.mp4,1589.0,1647.5,1341,1453,1837,1842,0.8165616
288,/Volumes/SmithL0/2026/BIOL470/Final/Learning_Rig/bee_0408_2/bee_0408_2_rev_green_accident/cam1_2026-04-08_18-10-06.mp4,1589.0,1647.0,1343,1452,1835,1842,0.81675386
289,/Volumes/SmithL0/2026/BIOL470/Final/Learning_Rig/bee_0408_2/bee_0408_2_rev_green_accident/cam1_2026-04-08_18-10-06.mp4,1588.5,1648.5,1342,1453,1835,1844,0.8134759
290,/Volumes/SmithL0/2026/BIOL470/Final/Learning_Rig/bee_0408_2/bee_0408_2_rev_green_accident/cam1_2026-04-08_18-10-06.mp4,1589.0,1648.0,1343,1452,1835,1844,0.8158158
291,/Volumes/SmithL0/2026/BIOL470/Final/Learning_Rig/bee_0408_2/bee_0408_2_rev_green_accident/cam1_2026-04-08_18-10-06.mp4,1589.0,1650.0,1345,1453,1833,1847,0.8094341
292,/Volumes/SmithL0/2026/BIOL470/Final/Learning_Rig/bee_0408_2/bee_0408_2_rev_green_accident/cam1_2026-04-08_18-10-06.mp4,1589.5,1649.5,1345,1453,1834,1846,0.81434613
293,/Volumes/SmithL0/2026/BIOL470/Final/Learning_Rig/bee_0408_2/bee_0408_2_rev_green_accident/cam1_2026-04-08_18-10-06.mp4,1588.5,1648.5,1343,1452,1834,1845,0.81367767
294,/Volumes/SmithL0/2026/BIOL470/Final/Learning_Rig/bee_0408_2/bee_0408_2_rev_green_accident/cam1_2026-04-08_18-10-06.mp4,1588.5,1648.0,1342,1452,1835,1844,0.81459475
295,/Volumes/SmithL0/2026/BIOL470/Final/Learning_Rig/bee_0408_2/bee_0408_2_rev_green_accident/cam1_2026-04-08_18-10-06.mp4,1588.5,1647.5,1341,1452,1836,1843,0.81603277
296,/Volumes/SmithL0/2026/BIOL470/Final/Learning_Rig/bee_0408_2/bee_0408_2_rev_green_accident/cam1_2026-04-08_18-10-06.mp4,1589.0,1648.0,1342,1452,1836,1844,0.81478447
297,/Volumes/SmithL0/2026/BIOL470/Final/Learning_Rig/bee_0408_2/bee_0408_2_rev_green_accident/cam1_2026-04-08_18-10-06.mp4,1589.5,1648.0,1342,1453,1837,1843,0.8173533
298,/Volumes/SmithL0/2026/BIOL470/Final/Learning_Rig/bee_0408_2/bee_0408_2_rev_green_accident/cam1_2026-04-08_18-10-06.mp4,1589.0,1648.5,1342,1453,1836,1844,0.8177407
299,/Volumes/SmithL0/2026/BIOL470/Final/Learning_Rig/bee_0408_2/bee_0408_2_rev_green_accident/cam1_2026-04-08_18-10-06.mp4,1590.5,1647.0,1344,1453,1837,1841,0.8233584
300,/Volumes/SmithL0/2026/BIOL470/Final/Learning_Rig/bee_0408_2/bee_0408_2_rev_green_accident/cam1_2026-04-08_18-10-06.mp4,1589.5,1647.0,1343,1453,1836,1841,0.82059443
301,/Volumes/SmithL0/2026/BIOL470/Final/Learning_Rig/bee_0408_2/bee_0408_2_rev_green_accident/cam1_2026-04-08_18-10-06.mp4,1589.5,1646.5,1343,1453,1836,1840,0.82012504
302,/Volumes/SmithL0/2026/BIOL470/Final/Learning_Rig/bee_0408_2/bee_0408_2_rev_green_accident/cam1_2026-04-08_18-10-06.mp4,1589.5,1645.5,1343,1453,1836,1838,0.8227008
303,/Volumes/SmithL0/2026/BIOL470/Final/Learning_Rig/bee_0408_2/bee_0408_2_rev_green_accident/cam1_2026-04-08_18-10-06.mp4,1590.0,1647.0,1344,1453,1836,1841,0.82205254
304,/Volumes/SmithL0/2026/BIOL470/Final/Learning_Rig/bee_0408_2/bee_0408_2_rev_green_accident/cam1_2026-04-08_18-10-06.mp4,1590.0,1646.5,1343,1453,1837,1840,0.8219521
305,/Volumes/SmithL0/2026/BIOL470/Final/Learning_Rig/bee_0408_2/bee_0408_2_rev_green_accident/cam1_2026-04-08_18-10-06.mp4,1589.5,1646.0,1342,1452,1837,1840,0.82129896
306,/Volumes/SmithL0/2026/BIOL470/Final/Learning_Rig/bee_0408_2/bee_0408_2_rev_green_accident/cam1_2026-04-08_18-10-06.mp4,1588.5,1645.5,1341,1453,1836,1838,0.82133436
307,/Volumes/SmithL0/2026/BIOL470/Final/Learning_Rig/bee_0408_2/bee_0408_2_rev_green_accident/cam1_2026-04-08_18-10-06.mp4,1581.5,1645.0,1339,1454,1824,1836,0.81808525
308,/Volumes/SmithL0/2026/BIOL470/Final/Learning_Rig/bee_0408_2/bee_0408_2_rev_green_accident/cam1_2026-04-08_18-10-06.mp4,1577.0,1642.0,1338,1453,1816,1831,0.8170873
309,/Volumes/SmithL0/2026/BIOL470/Final/Learning_Rig/bee_0408_2/bee_0408_2_rev_green_accident/cam1_2026-04-08_18-10-06.mp4,1576.0,1640.0,1335,1452,1817,1828,0.8128448
310,/Volumes/SmithL0/2026/BIOL470/Final/Learning_Rig/bee_0408_2/bee_0408_2_rev_green_accident/cam1_2026-04-08_18-10-06.mp4,1572.0,1640.0,1335,1452,1809,1828,0.8167
311,/Volumes/SmithL0/2026/BIOL470/Final/Learning_Rig/bee_0408_2/bee_0408_2_rev_green_accident/cam1_2026-04-08_18-10-06.mp4,1571.5,1638.0,1329,1451,1814,1825,0.8107861
312,/Volumes/SmithL0/2026/BIOL470/Final/Learning_Rig/bee_0408_2/bee_0408_2_rev_green_accident/cam1_2026-04-08_18-10-06.mp4,1576.5,1637.0,1325,1451,1828,1823,0.8118565
313,/Volumes/SmithL0/2026/BIOL470/Final/Learning_Rig/bee_0408_2/bee_0408_2_rev_green_accident/cam1_2026-04-08_18-10-06.mp4,1576.5,1637.0,1325,1451,1828,1823,0.81110144
314,/Volumes/SmithL0/2026/BIOL470/Final/Learning_Rig/bee_0408_2/bee_0408_2_rev_green_accident/cam1_2026-04-08_18-10-06.mp4,1578.5,1637.0,1328,1451,1829,1823,0.8169593
315,/Volumes/SmithL0/2026/BIOL470/Final/Learning_Rig/bee_0408_2/bee_0408_2_rev_green_accident/cam1_2026-04-08_18-10-06.mp4,1579.5,1639.0,1330,1452,1829,1826,0.8193074
316,/Volumes/SmithL0/2026/BIOL470/Final/Learning_Rig/bee_0408_2/bee_0408_2_rev_green_accident/cam1_2026-04-08_18-10-06.mp4,1579.0,1638.0,1332,1451,1826,1825,0.8182291
317,/Volumes/SmithL0/2026/BIOL470/Final/Learning_Rig/bee_0408_2/bee_0408_2_rev_green_accident/cam1_2026-04-08_18-10-06.mp4,1578.5,1637.5,1328,1451,1829,1824,0.81599593
318,/Volumes/SmithL0/2026/BIOL470/Final/Learning_Rig/bee_0408_2/bee_0408_2_rev_green_accident/cam1_2026-04-08_18-10-06.mp4,1581.5,1638.0,1332,1451,1831,1825,0.81349957
319,/Volumes/SmithL0/2026/BIOL470/Final/Learning_Rig/bee_0408_2/bee_0408_2_rev_green_accident/cam1_2026-04-08_18-10-06.mp4,1581.5,1638.5,1332,1452,1831,1825,0.80863345
320,/Volumes/SmithL0/2026/BIOL470/Final/Learning_Rig/bee_0408_2/bee_0408_2_rev_green_accident/cam1_2026-04-08_18-10-06.mp4,1583.0,1638.0,1334,1451,1832,1825,0.8145086
321,/Volumes/SmithL0/2026/BIOL470/Final/Learning_Rig/bee_0408_2/bee_0408_2_rev_green_accident/cam1_2026-04-08_18-10-06.mp4,1583.0,1637.5,1334,1451,1832,1824,0.81670004
322,/Volumes/SmithL0/2026/BIOL470/Final/Learning_Rig/bee_0408_2/bee_0408_2_rev_green_accident/cam1_2026-04-08_18-10-06.mp4,1582.5,1637.5,1334,1451,1831,1824,0.8148172
323,/Volumes/SmithL0/2026/BIOL470/Final/Learning_Rig/bee_0408_2/bee_0408_2_rev_green_accident/cam1_2026-04-08_18-10-06.mp4,1581.0,1638.0,1334,1451,1828,1825,0.813469
324,/Volumes/SmithL0/2026/BIOL470/Final/Learning_Rig/bee_0408_2/bee_0408_2_rev_green_accident/cam1_2026-04-08_18-10-06.mp4,1581.5,1638.5,1333,1452,1830,1825,0.8145522
325,/Volumes/SmithL0/2026/BIOL470/Final/Learning_Rig/bee_0408_2/bee_0408_2_rev_green_accident/cam1_2026-04-08_18-10-06.mp4,1580.0,1639.0,1332,1453,1828,1825,0.81918854
326,/Volumes/SmithL0/2026/BIOL470/Final/Learning_Rig/bee_0408_2/bee_0408_2_rev_green_accident/cam1_2026-04-08_18-10-06.mp4,1580.5,1639.0,1333,1453,1828,1825,0.82251376
327,/Volumes/SmithL0/2026/BIOL470/Final/Learning_Rig/bee_0408_2/bee_0408_2_rev_green_accident/cam1_2026-04-08_18-10-06.mp4,1579.5,1638.5,1332,1452,1827,1825,0.8223131
328,/Volumes/SmithL0/2026/BIOL470/Final/Learning_Rig/bee_0408_2/bee_0408_2_rev_green_accident/cam1_2026-04-08_18-10-06.mp4,1581.0,1639.0,1335,1453,1827,1825,0.8221375
329,/Volumes/SmithL0/2026/BIOL470/Final/Learning_Rig/bee_0408_2/bee_0408_2_rev_green_accident/cam1_2026-04-08_18-10-06.mp4,1583.5,1640.5,1337,1453,1830,1828,0.8203442
330,/Volumes/SmithL0/2026/BIOL470/Final/Learning_Rig/bee_0408_2/bee_0408_2_rev_green_accident/cam1_2026-04-08_18-10-06.mp4,1584.0,1640.5,1337,1453,1831,1828,0.81507504
331,/Volumes/SmithL0/2026/BIOL470/Final/Learning_Rig/bee_0408_2/bee_0408_2_rev_green_accident/cam1_2026-04-08_18-10-06.mp4,1583.5,1640.5,1336,1453,1831,1828,0.80886453
332,/Volumes/SmithL0/2026/BIOL470/Final/Learning_Rig/bee_0408_2/bee_0408_2_rev_green_accident/cam1_2026-04-08_18-10-06.mp4,1584.0,1640.0,1336,1453,1832,1827,0.81050134
333,/Volumes/SmithL0/2026/BIOL470/Final/Learning_Rig/bee_0408_2/bee_0408_2_rev_green_accident/cam1_2026-04-08_18-10-06.mp4,1584.5,1640.0,1338,1453,1831,1827,0.8116751
334,/Volumes/SmithL0/2026/BIOL470/Final/Learning_Rig/bee_0408_2/bee_0408_2_rev_green_accident/cam1_2026-04-08_18-10-06.mp4,1583.5,1640.5,1335,1453,1832,1828,0.8051774
335,/Volumes/SmithL0/2026/BIOL470/Final/Learning_Rig/bee_0408_2/bee_0408_2_rev_green_accident/cam1_2026-04-08_18-10-06.mp4,1584.5,1641.0,1339,1453,1830,1829,0.8127806
336,/Volumes/SmithL0/2026/BIOL470/Final/Learning_Rig/bee_0408_2/bee_0408_2_rev_green_accident/cam1_2026-04-08_18-10-06.mp4,1584.5,1639.5,1338,1452,1831,1827,0.8159336
337,/Volumes/SmithL0/2026/BIOL470/Final/Learning_Rig/bee_0408_2/bee_0408_2_rev_green_accident/cam1_2026-04-08_18-10-06.mp4,1585.0,1640.5,1338,1453,1832,1828,0.8180911
338,/Volumes/SmithL0/2026/BIOL470/Final/Learning_Rig/bee_0408_2/bee_0408_2_rev_green_accident/cam1_2026-04-08_18-10-06.mp4,1584.5,1641.0,1337,1453,1832,1829,0.8205201
339,/Volumes/SmithL0/2026/BIOL470/Final/Learning_Rig/bee_0408_2/bee_0408_2_rev_green_accident/cam1_2026-04-08_18-10-06.mp4,1584.0,1641.0,1335,1453,1833,1829,0.8212229
340,/Volumes/SmithL0/2026/BIOL470/Final/Learning_Rig/bee_0408_2/bee_0408_2_rev_green_accident/cam1_2026-04-08_18-10-06.mp4,1583.5,1641.0,1336,1453,1831,1829,0.8222229
341,/Volumes/SmithL0/2026/BIOL470/Final/Learning_Rig/bee_0408_2/bee_0408_2_rev_green_accident/cam1_2026-04-08_18-10-06.mp4,1584.5,1640.5,1337,1453,1832,1828,0.8235372
342,/Volumes/SmithL0/2026/BIOL470/Final/Learning_Rig/bee_0408_2/bee_0408_2_rev_green_accident/cam1_2026-04-08_18-10-06.mp4,1584.5,1640.0,1338,1453,1831,1827,0.8247779
343,/Volumes/SmithL0/2026/BIOL470/Final/Learning_Rig/bee_0408_2/bee_0408_2_rev_green_accident/cam1_2026-04-08_18-10-06.mp4,1585.5,1639.5,1339,1452,1832,1827,0.8256922
344,/Volumes/SmithL0/2026/BIOL470/Final/Learning_Rig/bee_0408_2/bee_0408_2_rev_green_accident/cam1_2026-04-08_18-10-06.mp4,1585.5,1640.0,1339,1452,1832,1828,0.82529575
345,/Volumes/SmithL0/2026/BIOL470/Final/Learning_Rig/bee_0408_2/bee_0408_2_rev_green_accident/cam1_2026-04-08_18-10-06.mp4,1586.0,1640.0,1340,1452,1832,1828,0.82646716
346,/Volumes/SmithL0/2026/BIOL470/Final/Learning_Rig/bee_0408_2/bee_0408_2_rev_green_accident/cam1_2026-04-08_18-10-06.mp4,1586.0,1641.0,1340,1452,1832,1830,0.8211388
347,/Volumes/SmithL0/2026/BIOL470/Final/Learning_Rig/bee_0408_2/bee_0408_2_rev_green_accident/cam1_2026-04-08_18-10-06.mp4,1587.0,1641.0,1341,1452,1833,1830,0.8231351
348,/Volumes/SmithL0/2026/BIOL470/Final/Learning_Rig/bee_0408_2/bee_0408_2_rev_green_accident/cam1_2026-04-08_18-10-06.mp4,1586.0,1640.5,1339,1452,1833,1829,0.8221729
349,/Volumes/SmithL0/2026/BIOL470/Final/Learning_Rig/bee_0408_2/bee_0408_2_rev_green_accident/cam1_2026-04-08_18-10-06.mp4,1584.0,1641.0,1336,1452,1832,1830,0.8175036
350,/Volumes/SmithL0/2026/BIOL470/Final/Learning_Rig/bee_0408_2/bee_0408_2_rev_green_accident/cam1_2026-04-08_18-10-06.mp4,1583.0,1642.0,1334,1453,1832,1831,0.8171852
351,/Volumes/SmithL0/2026/BIOL470/Final/Learning_Rig/bee_0408_2/bee_0408_2_rev_green_accident/cam1_2026-04-08_18-10-06.mp4,1581.5,1641.5,1331,1453,1832,1830,0.81839615
352,/Volumes/SmithL0/2026/BIOL470/Final/Learning_Rig/bee_0408_2/bee_0408_2_rev_green_accident/cam1_2026-04-08_18-10-06.mp4,1584.0,1641.5,1336,1453,1832,1830,0.8219078
353,/Volumes/SmithL0/2026/BIOL470/Final/Learning_Rig/bee_0408_2/bee_0408_2_rev_green_accident/cam1_2026-04-08_18-10-06.mp4,1582.5,1640.5,1333,1452,1832,1829,0.81906265
354,/Volumes/SmithL0/2026/BIOL470/Final/Learning_Rig/bee_0408_2/bee_0408_2_rev_green_accident/cam1_2026-04-08_18-10-06.mp4,1585.5,1642.5,1339,1453,1832,1832,0.8158741
355,/Volumes/SmithL0/2026/BIOL470/Final/Learning_Rig/bee_0408_2/bee_0408_2_rev_green_accident/cam1_2026-04-08_18-10-06.mp4,1583.0,1642.0,1334,1453,1832,1831,0.8123213
356,/Volumes/SmithL0/2026/BIOL470/Final/Learning_Rig/bee_0408_2/bee_0408_2_rev_green_accident/cam1_2026-04-08_18-10-06.mp4,1583.0,1643.0,1334,1454,1832,1832,0.8157192
357,/Volumes/SmithL0/2026/BIOL470/Final/Learning_Rig/bee_0408_2/bee_0408_2_rev_green_accident/cam1_2026-04-08_18-10-06.mp4,1583.0,1643.0,1336,1454,1830,1832,0.8169374
358,/Volumes/SmithL0/2026/BIOL470/Final/Learning_Rig/bee_0408_2/bee_0408_2_rev_green_accident/cam1_2026-04-08_18-10-06.mp4,1582.5,1641.5,1333,1453,1832,1830,0.8147886
359,/Volumes/SmithL0/2026/BIOL470/Final/Learning_Rig/bee_0408_2/bee_0408_2_rev_green_accident/cam1_2026-04-08_18-10-06.mp4,1582.5,1641.5,1334,1453,1831,1830,0.8156338
360,/Volumes/SmithL0/2026/BIOL470/Final/Learning_Rig/bee_0408_2/bee_0408_2_rev_green_accident/cam1_2026-04-08_18-10-06.mp4,1585.0,1642.0,1338,1453,1832,1831,0.82337964
361,/Volumes/SmithL0/2026/BIOL470/Final/Learning_Rig/bee_0408_2/bee_0408_2_rev_green_accident/cam1_2026-04-08_18-10-06.mp4,1584.5,1642.0,1337,1453,1832,1831,0.822596
362,/Volumes/SmithL0/2026/BIOL470/Final/Learning_Rig/bee_0408_2/bee_0408_2_rev_green_accident/cam1_2026-04-08_18-10-06.mp4,1585.0,1642.5,1338,1453,1832,1832,0.8228877
363,/Volumes/SmithL0/2026/BIOL470/Final/Learning_Rig/bee_0408_2/bee_0408_2_rev_green_accident/cam1_2026-04-08_18-10-06.mp4,1587.0,1642.5,1340,1453,1834,1832,0.8260049
364,/Volumes/SmithL0/2026/BIOL470/Final/Learning_Rig/bee_0408_2/bee_0408_2_rev_green_accident/cam1_2026-04-08_18-10-06.mp4,1586.0,1642.5,1339,1453,1833,1832,0.82132536
365,/Volumes/SmithL0/2026/BIOL470/Final/Learning_Rig/bee_0408_2/bee_0408_2_rev_green_accident/cam1_2026-04-08_18-10-06.mp4,1586.5,1642.0,1340,1453,1833,1831,0.8199112
366,/Volumes/SmithL0/2026/BIOL470/Final/Learning_Rig/bee_0408_2/bee_0408_2_rev_green_accident/cam1_2026-04-08_18-10-06.mp4,1586.5,1643.0,1339,1453,1834,1833,0.8216626
367,/Volumes/SmithL0/2026/BIOL470/Final/Learning_Rig/bee_0408_2/bee_0408_2_rev_green_accident/cam1_2026-04-08_18-10-06.mp4,1586.5,1641.5,1338,1452,1835,1831,0.8189367
368,/Volumes/SmithL0/2026/BIOL470/Final/Learning_Rig/bee_0408_2/bee_0408_2_rev_green_accident/cam1_2026-04-08_18-10-06.mp4,1586.5,1641.5,1339,1452,1834,1831,0.82002205
369,/Volumes/SmithL0/2026/BIOL470/Final/Learning_Rig/bee_0408_2/bee_0408_2_rev_green_accident/cam1_2026-04-08_18-10-06.mp4,1584.5,1642.0,1336,1453,1833,1831,0.8188797
370,/Volumes/SmithL0/2026/BIOL470/Final/Learning_Rig/bee_0408_2/bee_0408_2_rev_green_accident/cam1_2026-04-08_18-10-06.mp4,1584.5,1641.0,1335,1452,1834,1830,0.82018083
371,/Volumes/SmithL0/2026/BIOL470/Final/Learning_Rig/bee_0408_2/bee_0408_2_rev_green_accident/cam1_2026-04-08_18-10-06.mp4,1584.5,1642.0,1335,1453,1834,1831,0.8195138
372,/Volumes/SmithL0/2026/BIOL470/Final/Learning_Rig/bee_0408_2/bee_0408_2_rev_green_accident/cam1_2026-04-08_18-10-06.mp4,1583.5,1641.5,1332,1452,1835,1831,0.81640804
373,/Volumes/SmithL0/2026/BIOL470/Final/Learning_Rig/bee_0408_2/bee_0408_2_rev_green_accident/cam1_2026-04-08_18-10-06.mp4,1586.0,1641.5,1337,1453,1835,1830,0.81784284
374,/Volumes/SmithL0/2026/BIOL470/Final/Learning_Rig/bee_0408_2/bee_0408_2_rev_green_accident/cam1_2026-04-08_18-10-06.mp4,1585.5,1640.5,1336,1453,1835,1828,0.81911135
375,/Volumes/SmithL0/2026/BIOL470/Final/Learning_Rig/bee_0408_2/bee_0408_2_rev_green_accident/cam1_2026-04-08_18-10-06.mp4,1586.0,1642.5,1337,1453,1835,1832,0.815112
376,/Volumes/SmithL0/2026/BIOL470/Final/Learning_Rig/bee_0408_2/bee_0408_2_rev_green_accident/cam1_2026-04-08_18-10-06.mp4,1587.0,1642.5,1339,1454,1835,1831,0.8189469
377,/Volumes/SmithL0/2026/BIOL470/Final/Learning_Rig/bee_0408_2/bee_0408_2_rev_green_accident/cam1_2026-04-08_18-10-06.mp4,1587.5,1642.0,1339,1453,1836,1831,0.8211249
378,/Volumes/SmithL0/2026/BIOL470/Final/Learning_Rig/bee_0408_2/bee_0408_2_rev_green_accident/cam1_2026-04-08_18-10-06.mp4,1587.0,1642.5,1339,1453,1835,1832,0.81836045
379,/Volumes/SmithL0/2026/BIOL470/Final/Learning_Rig/bee_0408_2/bee_0408_2_rev_green_accident/cam1_2026-04-08_18-10-06.mp4,1585.0,1642.0,1334,1452,1836,1832,0.8193121
380,/Volumes/SmithL0/2026/BIOL470/Final/Learning_Rig/bee_0408_2/bee_0408_2_rev_green_accident/cam1_2026-04-08_18-10-06.mp4,1586.0,1643.0,1336,1453,1836,1833,0.8208735
381,/Volumes/SmithL0/2026/BIOL470/Final/Learning_Rig/bee_0408_2/bee_0408_2_rev_green_accident/cam1_2026-04-08_18-10-06.mp4,1586.5,1643.5,1338,1454,1835,1833,0.81823
382,/Volumes/SmithL0/2026/BIOL470/Final/Learning_Rig/bee_0408_2/bee_0408_2_rev_green_accident/cam1_2026-04-08_18-10-06.mp4,1586.0,1642.0,1337,1453,1835,1831,0.8212931
383,/Volumes/SmithL0/2026/BIOL470/Final/Learning_Rig/bee_0408_2/bee_0408_2_rev_green_accident/cam1_2026-04-08_18-10-06.mp4,1585.5,1643.0,1337,1454,1834,1832,0.8197411
384,/Volumes/SmithL0/2026/BIOL470/Final/Learning_Rig/bee_0408_2/bee_0408_2_rev_green_accident/cam1_2026-04-08_18-10-06.mp4,1587.5,1642.5,1340,1454,1835,1831,0.8243595
385,/Volumes/SmithL0/2026/BIOL470/Final/Learning_Rig/bee_0408_2/bee_0408_2_rev_green_accident/cam1_2026-04-08_18-10-06.mp4,1587.0,1642.0,1338,1454,1836,1830,0.8257065
386,/Volumes/SmithL0/2026/BIOL470/Final/Learning_Rig/bee_0408_2/bee_0408_2_rev_green_accident/cam1_2026-04-08_18-10-06.mp4,1588.0,1642.0,1341,1454,1835,1830,0.8256829
387,/Volumes/SmithL0/2026/BIOL470/Final/Learning_Rig/bee_0408_2/bee_0408_2_rev_green_accident/cam1_2026-04-08_18-10-06.mp4,1587.0,1642.0,1338,1453,1836,1831,0.8231383
388,/Volumes/SmithL0/2026/BIOL470/Final/Learning_Rig/bee_0408_2/bee_0408_2_rev_green_accident/cam1_2026-04-08_18-10-06.mp4,1587.5,1643.0,1339,1454,1836,1832,0.82043046
389,/Volumes/SmithL0/2026/BIOL470/Final/Learning_Rig/bee_0408_2/bee_0408_2_rev_green_accident/cam1_2026-04-08_18-10-06.mp4,1587.0,1642.5,1339,1453,1835,1832,0.8251652
390,/Volumes/SmithL0/2026/BIOL470/Final/Learning_Rig/bee_0408_2/bee_0408_2_rev_green_accident/cam1_2026-04-08_18-10-06.mp4,1588.5,1642.5,1341,1453,1836,1832,0.82930505
391,/Volumes/SmithL0/2026/BIOL470/Final/Learning_Rig/bee_0408_2/bee_0408_2_rev_green_accident/cam1_2026-04-08_18-10-06.mp4,1590.0,1643.0,1343,1454,1837,1832,0.82916194
392,/Volumes/SmithL0/2026/BIOL470/Final/Learning_Rig/bee_0408_2/bee_0408_2_rev_green_accident/cam1_2026-04-08_18-10-06.mp4,1589.0,1643.0,1342,1454,1836,1832,0.82808584
393,/Volumes/SmithL0/2026/BIOL470/Final/Learning_Rig/bee_0408_2/bee_0408_2_rev_green_accident/cam1_2026-04-08_18-10-06.mp4,1588.5,1642.0,1340,1453,1837,1831,0.82573766
394,/Volumes/SmithL0/2026/BIOL470/Final/Learning_Rig/bee_0408_2/bee_0408_2_rev_green_accident/cam1_2026-04-08_18-10-06.mp4,1589.5,1643.0,1342,1454,1837,1832,0.82394135
395,/Volumes/SmithL0/2026/BIOL470/Final/Learning_Rig/bee_0408_2/bee_0408_2_rev_green_accident/cam1_2026-04-08_18-10-06.mp4,1588.0,1643.5,1340,1454,1836,1833,0.82229793
396,/Volumes/SmithL0/2026/BIOL470/Final/Learning_Rig/bee_0408_2/bee_0408_2_rev_green_accident/cam1_2026-04-08_18-10-06.mp4,1588.5,1643.5,1341,1454,1836,1833,0.8202878
397,/Volumes/SmithL0/2026/BIOL470/Final/Learning_Rig/bee_0408_2/bee_0408_2_rev_green_accident/cam1_2026-04-08_18-10-06.mp4,1588.0,1644.0,1340,1454,1836,1834,0.82175547
398,/Volumes/SmithL0/2026/BIOL470/Final/Learning_Rig/bee_0408_2/bee_0408_2_rev_green_accident/cam1_2026-04-08_18-10-06.mp4,1588.0,1644.0,1338,1454,1838,1834,0.82589304
399,/Volumes/SmithL0/2026/BIOL470/Final/Learning_Rig/bee_0408_2/bee_0408_2_rev_green_accident/cam1_2026-04-08_18-10-06.mp4,1588.0,1644.5,1339,1454,1837,1835,0.81987095
400,/Volumes/SmithL0/2026/BIOL470/Final/Learning_Rig/bee_0408_2/bee_0408_2_rev_green_accident/cam1_2026-04-08_18-10-06.mp4,1587.5,1643.5,1337,1453,1838,1834,0.82151216
401,/Volumes/SmithL0/2026/BIOL470/Final/Learning_Rig/bee_0408_2/bee_0408_2_rev_green_accident/cam1_2026-04-08_18-10-06.mp4,1588.5,1644.0,1339,1454,1838,1834,0.8157708
402,/Volumes/SmithL0/2026/BIOL470/Final/Learning_Rig/bee_0408_2/bee_0408_2_rev_green_accident/cam1_2026-04-08_18-10-06.mp4,1588.0,1643.0,1338,1454,1838,1832,0.8191505
403,/Volumes/SmithL0/2026/BIOL470/Final/Learning_Rig/bee_0408_2/bee_0408_2_rev_green_accident/cam1_2026-04-08_18-10-06.mp4,1588.5,1643.0,1339,1454,1838,1832,0.82136256
404,/Volumes/SmithL0/2026/BIOL470/Final/Learning_Rig/bee_0408_2/bee_0408_2_rev_green_accident/cam1_2026-04-08_18-10-06.mp4,1588.5,1644.5,1339,1455,1838,1834,0.8229499
405,/Volumes/SmithL0/2026/BIOL470/Final/Learning_Rig/bee_0408_2/bee_0408_2_rev_green_accident/cam1_2026-04-08_18-10-06.mp4,1588.5,1643.5,1339,1454,1838,1833,0.82090497
406,/Volumes/SmithL0/2026/BIOL470/Final/Learning_Rig/bee_0408_2/bee_0408_2_rev_green_accident/cam1_2026-04-08_18-10-06.mp4,1589.0,1643.0,1340,1454,1838,1832,0.8225027
407,/Volumes/SmithL0/2026/BIOL470/Final/Learning_Rig/bee_0408_2/bee_0408_2_rev_green_accident/cam1_2026-04-08_18-10-06.mp4,1589.0,1643.0,1340,1453,1838,1833,0.81960607
408,/Volumes/SmithL0/2026/BIOL470/Final/Learning_Rig/bee_0408_2/bee_0408_2_rev_green_accident/cam1_2026-04-08_18-10-06.mp4,1588.5,1643.5,1338,1453,1839,1834,0.8199205
409,/Volumes/SmithL0/2026/BIOL470/Final/Learning_Rig/bee_0408_2/bee_0408_2_rev_green_accident/cam1_2026-04-08_18-10-06.mp4,1588.0,1645.0,1338,1454,1838,1836,0.8162201
410,/Volumes/SmithL0/2026/BIOL470/Final/Learning_Rig/bee_0408_2/bee_0408_2_rev_green_accident/cam1_2026-04-08_18-10-06.mp4,1588.5,1644.0,1339,1454,1838,1834,0.82176507
411,/Volumes/SmithL0/2026/BIOL470/Final/Learning_Rig/bee_0408_2/bee_0408_2_rev_green_accident/cam1_2026-04-08_18-10-06.mp4,1586.0,1644.0,1335,1454,1837,1834,0.82046705
412,/Volumes/SmithL0/2026/BIOL470/Final/Learning_Rig/bee_0408_2/bee_0408_2_rev_green_accident/cam1_2026-04-08_18-10-06.mp4,1587.5,1643.5,1337,1454,1838,1833,0.82455784
413,/Volumes/SmithL0/2026/BIOL470/Final/Learning_Rig/bee_0408_2/bee_0408_2_rev_green_accident/cam1_2026-04-08_18-10-06.mp4,1586.5,1644.5,1336,1454,1837,1835,0.81943357
414,/Volumes/SmithL0/2026/BIOL470/Final/Learning_Rig/bee_0408_2/bee_0408_2_rev_green_accident/cam1_2026-04-08_18-10-06.mp4,1588.0,1645.0,1338,1454,1838,1836,0.8239899
415,/Volumes/SmithL0/2026/BIOL470/Final/Learning_Rig/bee_0408_2/bee_0408_2_rev_green_accident/cam1_2026-04-08_18-10-06.mp4,1588.0,1645.5,1337,1454,1839,1837,0.8246191
416,/Volumes/SmithL0/2026/BIOL470/Final/Learning_Rig/bee_0408_2/bee_0408_2_rev_green_accident/cam1_2026-04-08_18-10-06.mp4,1588.0,1645.5,1338,1454,1838,1837,0.8250517
417,/Volumes/SmithL0/2026/BIOL470/Final/Learning_Rig/bee_0408_2/bee_0408_2_rev_green_accident/cam1_2026-04-08_18-10-06.mp4,1587.5,1646.0,1337,1454,1838,1838,0.8248153
418,/Volumes/SmithL0/2026/BIOL470/Final/Learning_Rig/bee_0408_2/bee_0408_2_rev_green_accident/cam1_2026-04-08_18-10-06.mp4,1587.0,1646.0,1336,1454,1838,1838,0.81917334
419,/Volumes/SmithL0/2026/BIOL470/Final/Learning_Rig/bee_0408_2/bee_0408_2_rev_green_accident/cam1_2026-04-08_18-10-06.mp4,1587.5,1646.0,1336,1455,1839,1837,0.82322866
420,/Volumes/SmithL0/2026/BIOL470/Final/Learning_Rig/bee_0408_2/bee_0408_2_rev_green_accident/cam1_2026-04-08_18-10-06.mp4,1587.5,1644.5,1337,1454,1838,1835,0.82673573
421,/Volumes/SmithL0/2026/BIOL470/Final/Learning_Rig/bee_0408_2/bee_0408_2_rev_green_accident/cam1_2026-04-08_18-10-06.mp4,1587.5,1645.0,1337,1454,1838,1836,0.8201681
422,/Volumes/SmithL0/2026/BIOL470/Final/Learning_Rig/bee_0408_2/bee_0408_2_rev_green_accident/cam1_2026-04-08_18-10-06.mp4,1587.0,1644.5,1336,1454,1838,1835,0.8220244
423,/Volumes/SmithL0/2026/BIOL470/Final/Learning_Rig/bee_0408_2/bee_0408_2_rev_green_accident/cam1_2026-04-08_18-10-06.mp4,1586.0,1645.0,1333,1454,1839,1836,0.82513565
424,/Volumes/SmithL0/2026/BIOL470/Final/Learning_Rig/bee_0408_2/bee_0408_2_rev_green_accident/cam1_2026-04-08_18-10-06.mp4,1586.0,1645.5,1334,1454,1838,1837,0.8214647
425,/Volumes/SmithL0/2026/BIOL470/Final/Learning_Rig/bee_0408_2/bee_0408_2_rev_green_accident/cam1_2026-04-08_18-10-06.mp4,1588.0,1644.0,1338,1454,1838,1834,0.82200974
426,/Volumes/SmithL0/2026/BIOL470/Final/Learning_Rig/bee_0408_2/bee_0408_2_rev_green_accident/cam1_2026-04-08_18-10-06.mp4,1589.0,1645.0,1339,1454,1839,1836,0.8203212
427,/Volumes/SmithL0/2026/BIOL470/Final/Learning_Rig/bee_0408_2/bee_0408_2_rev_green_accident/cam1_2026-04-08_18-10-06.mp4,1588.5,1645.0,1338,1454,1839,1836,0.82301015
428,/Volumes/SmithL0/2026/BIOL470/Final/Learning_Rig/bee_0408_2/bee_0408_2_rev_green_accident/cam1_2026-04-08_18-10-06.mp4,1588.5,1645.5,1338,1454,1839,1837,0.82148355
429,/Volumes/SmithL0/2026/BIOL470/Final/Learning_Rig/bee_0408_2/bee_0408_2_rev_green_accident/cam1_2026-04-08_18-10-06.mp4,1589.0,1645.0,1339,1454,1839,1836,0.822813
430,/Volumes/SmithL0/2026/BIOL470/Final/Learning_Rig/bee_0408_2/bee_0408_2_rev_green_accident/cam1_2026-04-08_18-10-06.mp4,1590.0,1645.0,1340,1454,1840,1836,0.8205341
431,/Volumes/SmithL0/2026/BIOL470/Final/Learning_Rig/bee_0408_2/bee_0408_2_rev_green_accident/cam1_2026-04-08_18-10-06.mp4,1590.0,1645.5,1340,1455,1840,1836,0.82428586
432,/Volumes/SmithL0/2026/BIOL470/Final/Learning_Rig/bee_0408_2/bee_0408_2_rev_green_accident/cam1_2026-04-08_18-10-06.mp4,1589.5,1645.0,1340,1455,1839,1835,0.82666653
433,/Volumes/SmithL0/2026/BIOL470/Final/Learning_Rig/bee_0408_2/bee_0408_2_rev_green_accident/cam1_2026-04-08_18-10-06.mp4,1589.0,1646.0,1338,1454,1840,1838,0.8197985
434,/Volumes/SmithL0/2026/BIOL470/Final/Learning_Rig/bee_0408_2/bee_0408_2_rev_green_accident/cam1_2026-04-08_18-10-06.mp4,1588.5,1645.0,1337,1454,1840,1836,0.8246287
435,/Volumes/SmithL0/2026/BIOL470/Final/Learning_Rig/bee_0408_2/bee_0408_2_rev_green_accident/cam1_2026-04-08_18-10-06.mp4,1588.5,1645.5,1336,1453,1841,1838,0.8252319
436,/Volumes/SmithL0/2026/BIOL470/Final/Learning_Rig/bee_0408_2/bee_0408_2_rev_green_accident/cam1_2026-04-08_18-10-06.mp4,1588.5,1645.5,1336,1453,1841,1838,0.8260734
437,/Volumes/SmithL0/2026/BIOL470/Final/Learning_Rig/bee_0408_2/bee_0408_2_rev_green_accident/cam1_2026-04-08_18-10-06.mp4,1589.5,1645.5,1338,1453,1841,1838,0.8261732
438,/Volumes/SmithL0/2026/BIOL470/Final/Learning_Rig/bee_0408_2/bee_0408_2_rev_green_accident/cam1_2026-04-08_18-10-06.mp4,1588.5,1645.0,1337,1453,1840,1837,0.82689935
439,/Volumes/SmithL0/2026/BIOL470/Final/Learning_Rig/bee_0408_2/bee_0408_2_rev_green_accident/cam1_2026-04-08_18-10-06.mp4,1587.5,1645.5,1335,1453,1840,1838,0.82562006
440,/Volumes/SmithL0/2026/BIOL470/Final/Learning_Rig/bee_0408_2/bee_0408_2_rev_green_accident/cam1_2026-04-08_18-10-06.mp4,1588.5,1646.0,1337,1454,1840,1838,0.8219372
441,/Volumes/SmithL0/2026/BIOL470/Final/Learning_Rig/bee_0408_2/bee_0408_2_rev_green_accident/cam1_2026-04-08_18-10-06.mp4,1589.5,1645.5,1338,1454,1841,1837,0.82532203
442,/Volumes/SmithL0/2026/BIOL470/Final/Learning_Rig/bee_0408_2/bee_0408_2_rev_green_accident/cam1_2026-04-08_18-10-06.mp4,1589.0,1646.5,1337,1454,1841,1839,0.82145995
443,/Volumes/SmithL0/2026/BIOL470/Final/Learning_Rig/bee_0408_2/bee_0408_2_rev_green_accident/cam1_2026-04-08_18-10-06.mp4,1588.0,1646.5,1335,1454,1841,1839,0.8263819
444,/Volumes/SmithL0/2026/BIOL470/Final/Learning_Rig/bee_0408_2/bee_0408_2_rev_green_accident/cam1_2026-04-08_18-10-06.mp4,1587.5,1648.0,1334,1455,1841,1841,0.8225543
445,/Volumes/SmithL0/2026/BIOL470/Final/Learning_Rig/bee_0408_2/bee_0408_2_rev_green_accident/cam1_2026-04-08_18-10-06.mp4,1589.5,1647.0,1338,1454,1841,1840,0.82405716
446,/Volumes/SmithL0/2026/BIOL470/Final/Learning_Rig/bee_0408_2/bee_0408_2_rev_green_accident/cam1_2026-04-08_18-10-06.mp4,1589.5,1646.5,1339,1454,1840,1839,0.82234496
447,/Volumes/SmithL0/2026/BIOL470/Final/Learning_Rig/bee_0408_2/bee_0408_2_rev_green_accident/cam1_2026-04-08_18-10-06.mp4,1589.5,1647.0,1338,1454,1841,1840,0.821464
448,/Volumes/SmithL0/2026/BIOL470/Final/Learning_Rig/bee_0408_2/bee_0408_2_rev_green_accident/cam1_2026-04-08_18-10-06.mp4,1589.5,1645.5,1338,1454,1841,1837,0.82421076
449,/Volumes/SmithL0/2026/BIOL470/Final/Learning_Rig/bee_0408_2/bee_0408_2_rev_green_accident/cam1_2026-04-08_18-10-06.mp4,1590.5,1645.5,1341,1454,1840,1837,0.82169807
450,/Volumes/SmithL0/2026/BIOL470/Final/Learning_Rig/bee_0408_2/bee_0408_2_rev_green_accident/cam1_2026-04-08_18-10-06.mp4,1589.0,1645.0,1337,1454,1841,1836,0.8262578
451,/Volumes/SmithL0/2026/BIOL470/Final/Learning_Rig/bee_0408_2/bee_0408_2_rev_green_accident/cam1_2026-04-08_18-10-06.mp4,1590.0,1645.5,1339,1454,1841,1837,0.8239043
452,/Volumes/SmithL0/2026/BIOL470/Final/Learning_Rig/bee_0408_2/bee_0408_2_rev_green_accident/cam1_2026-04-08_18-10-06.mp4,1590.0,1645.5,1339,1454,1841,1837,0.82778907
453,/Volumes/SmithL0/2026/BIOL470/Final/Learning_Rig/bee_0408_2/bee_0408_2_rev_green_accident/cam1_2026-04-08_18-10-06.mp4,1590.0,1645.5,1339,1454,1841,1837,0.82978296
454,/Volumes/SmithL0/2026/BIOL470/Final/Learning_Rig/bee_0408_2/bee_0408_2_rev_green_accident/cam1_2026-04-08_18-10-06.mp4,1591.0,1645.5,1341,1454,1841,1837,0.8306735
455,/Volumes/SmithL0/2026/BIOL470/Final/Learning_Rig/bee_0408_2/bee_0408_2_rev_green_accident/cam1_2026-04-08_18-10-06.mp4,1590.5,1645.0,1340,1453,1841,1837,0.82801217
456,/Volumes/SmithL0/2026/BIOL470/Final/Learning_Rig/bee_0408_2/bee_0408_2_rev_green_accident/cam1_2026-04-08_18-10-06.mp4,1590.0,1644.5,1339,1453,1841,1836,0.82777214
457,/Volumes/SmithL0/2026/BIOL470/Final/Learning_Rig/bee_0408_2/bee_0408_2_rev_green_accident/cam1_2026-04-08_18-10-06.mp4,1590.5,1645.0,1340,1454,1841,1836,0.8282867
458,/Volumes/SmithL0/2026/BIOL470/Final/Learning_Rig/bee_0408_2/bee_0408_2_rev_green_accident/cam1_2026-04-08_18-10-06.mp4,1591.0,1645.0,1341,1454,1841,1836,0.82506156
459,/Volumes/SmithL0/2026/BIOL470/Final/Learning_Rig/bee_0408_2/bee_0408_2_rev_green_accident/cam1_2026-04-08_18-10-06.mp4,1590.5,1644.5,1340,1453,1841,1836,0.8283669
460,/Volumes/SmithL0/2026/BIOL470/Final/Learning_Rig/bee_0408_2/bee_0408_2_rev_green_accident/cam1_2026-04-08_18-10-06.mp4,1589.0,1646.0,1337,1454,1841,1838,0.82359314
461,/Volumes/SmithL0/2026/BIOL470/Final/Learning_Rig/bee_0408_2/bee_0408_2_rev_green_accident/cam1_2026-04-08_18-10-06.mp4,1588.5,1647.0,1336,1454,1841,1840,0.8227846
462,/Volumes/SmithL0/2026/BIOL470/Final/Learning_Rig/bee_0408_2/bee_0408_2_rev_green_accident/cam1_2026-04-08_18-10-06.mp4,1589.5,1646.0,1337,1453,1842,1839,0.8230726
463,/Volumes/SmithL0/2026/BIOL470/Final/Learning_Rig/bee_0408_2/bee_0408_2_rev_green_accident/cam1_2026-04-08_18-10-06.mp4,1588.0,1645.5,1335,1454,1841,1837,0.82603675
464,/Volumes/SmithL0/2026/BIOL470/Final/Learning_Rig/bee_0408_2/bee_0408_2_rev_green_accident/cam1_2026-04-08_18-10-06.mp4,1588.5,1645.5,1336,1454,1841,1837,0.82648355
465,/Volumes/SmithL0/2026/BIOL470/Final/Learning_Rig/bee_0408_2/bee_0408_2_rev_green_accident/cam1_2026-04-08_18-10-06.mp4,1589.0,1645.5,1337,1454,1841,1837,0.82787615
466,/Volumes/SmithL0/2026/BIOL470/Final/Learning_Rig/bee_0408_2/bee_0408_2_rev_green_accident/cam1_2026-04-08_18-10-06.mp4,1591.5,1645.5,1342,1454,1841,1837,0.8265215
467,/Volumes/SmithL0/2026/BIOL470/Final/Learning_Rig/bee_0408_2/bee_0408_2_rev_green_accident/cam1_2026-04-08_18-10-06.mp4,1590.5,1645.5,1341,1454,1840,1837,0.82390696
468,/Volumes/SmithL0/2026/BIOL470/Final/Learning_Rig/bee_0408_2/bee_0408_2_rev_green_accident/cam1_2026-04-08_18-10-06.mp4,1591.5,1645.5,1342,1454,1841,1837,0.82640487
469,/Volumes/SmithL0/2026/BIOL470/Final/Learning_Rig/bee_0408_2/bee_0408_2_rev_green_accident/cam1_2026-04-08_18-10-06.mp4,1589.5,1645.0,1339,1453,1840,1837,0.8230808
470,/Volumes/SmithL0/2026/BIOL470/Final/Learning_Rig/bee_0408_2/bee_0408_2_rev_green_accident/cam1_2026-04-08_18-10-06.mp4,1590.0,1646.0,1340,1454,1840,1838,0.8182958
471,/Volumes/SmithL0/2026/BIOL470/Final/Learning_Rig/bee_0408_2/bee_0408_2_rev_green_accident/cam1_2026-04-08_18-10-06.mp4,1589.5,1646.0,1339,1454,1840,1838,0.82389563
472,/Volumes/SmithL0/2026/BIOL470/Final/Learning_Rig/bee_0408_2/bee_0408_2_rev_green_accident/cam1_2026-04-08_18-10-06.mp4,1590.0,1645.5,1340,1454,1840,1837,0.82264096
473,/Volumes/SmithL0/2026/BIOL470/Final/Learning_Rig/bee_0408_2/bee_0408_2_rev_green_accident/cam1_2026-04-08_18-10-06.mp4,1590.5,1645.0,1340,1454,1841,1836,0.8259192
474,/Volumes/SmithL0/2026/BIOL470/Final/Learning_Rig/bee_0408_2/bee_0408_2_rev_green_accident/cam1_2026-04-08_18-10-06.mp4,1590.0,1645.0,1340,1454,1840,1836,0.824487
475,/Volumes/SmithL0/2026/BIOL470/Final/Learning_Rig/bee_0408_2/bee_0408_2_rev_green_accident/cam1_2026-04-08_18-10-06.mp4,1590.0,1646.0,1339,1454,1841,1838,0.82228875
476,/Volumes/SmithL0/2026/BIOL470/Final/Learning_Rig/bee_0408_2/bee_0408_2_rev_green_accident/cam1_2026-04-08_18-10-06.mp4,1591.0,1646.0,1342,1454,1840,1838,0.82640684
477,/Volumes/SmithL0/2026/BIOL470/Final/Learning_Rig/bee_0408_2/bee_0408_2_rev_green_accident/cam1_2026-04-08_18-10-06.mp4,1591.0,1646.0,1342,1455,1840,1837,0.8280574
478,/Volumes/SmithL0/2026/BIOL470/Final/Learning_Rig/bee_0408_2/bee_0408_2_rev_green_accident/cam1_2026-04-08_18-10-06.mp4,1591.0,1646.0,1342,1454,1840,1838,0.8281749
479,/Volumes/SmithL0/2026/BIOL470/Final/Learning_Rig/bee_0408_2/bee_0408_2_rev_green_accident/cam1_2026-04-08_18-10-06.mp4,1591.5,1646.0,1344,1455,1839,1837,0.82390755
480,/Volumes/SmithL0/2026/BIOL470/Final/Learning_Rig/bee_0408_2/bee_0408_2_rev_green_accident/cam1_2026-04-08_18-10-06.mp4,1591.0,1646.5,1341,1454,1841,1839,0.8290022
481,/Volumes/SmithL0/2026/BIOL470/Final/Learning_Rig/bee_0408_2/bee_0408_2_rev_green_accident/cam1_2026-04-08_18-10-06.mp4,1590.5,1646.5,1341,1454,1840,1839,0.82506675
482,/Volumes/SmithL0/2026/BIOL470/Final/Learning_Rig/bee_0408_2/bee_0408_2_rev_green_accident/cam1_2026-04-08_18-10-06.mp4,1591.0,1645.5,1341,1454,1841,1837,0.821976
483,/Volumes/SmithL0/2026/BIOL470/Final/Learning_Rig/bee_0408_2/bee_0408_2_rev_green_accident/cam1_2026-04-08_18-10-06.mp4,1590.5,1646.0,1340,1454,1841,1838,0.82293344
484,/Volumes/SmithL0/2026/BIOL470/Final/Learning_Rig/bee_0408_2/bee_0408_2_rev_green_accident/cam1_2026-04-08_18-10-06.mp4,1590.5,1645.5,1340,1453,1841,1838,0.8247487
485,/Volumes/SmithL0/2026/BIOL470/Final/Learning_Rig/bee_0408_2/bee_0408_2_rev_green_accident/cam1_2026-04-08_18-10-06.mp4,1590.0,1645.0,1339,1454,1841,1836,0.82219046
486,/Volumes/SmithL0/2026/BIOL470/Final/Learning_Rig/bee_0408_2/bee_0408_2_rev_green_accident/cam1_2026-04-08_18-10-06.mp4,1590.0,1645.5,1339,1454,1841,1837,0.8228479
487,/Volumes/SmithL0/2026/BIOL470/Final/Learning_Rig/bee_0408_2/bee_0408_2_rev_green_accident/cam1_2026-04-08_18-10-06.mp4,1591.0,1645.5,1341,1454,1841,1837,0.8212448
488,/Volumes/SmithL0/2026/BIOL470/Final/Learning_Rig/bee_0408_2/bee_0408_2_rev_green_accident/cam1_2026-04-08_18-10-06.mp4,1590.0,1646.0,1340,1454,1840,1838,0.8256721
489,/Volumes/SmithL0/2026/BIOL470/Final/Learning_Rig/bee_0408_2/bee_0408_2_rev_green_accident/cam1_2026-04-08_18-10-06.mp4,1589.5,1646.5,1339,1454,1840,1839,0.82016575
490,/Volumes/SmithL0/2026/BIOL470/Final/Learning_Rig/bee_0408_2/bee_0408_2_rev_green_accident/cam1_2026-04-08_18-10-06.mp4,1590.5,1646.0,1340,1454,1841,1838,0.82351816
491,/Volumes/SmithL0/2026/BIOL470/Final/Learning_Rig/bee_0408_2/bee_0408_2_rev_green_accident/cam1_2026-04-08_18-10-06.mp4,1590.5,1644.5,1339,1454,1842,1835,0.82859796
492,/Volumes/SmithL0/2026/BIOL470/Final/Learning_Rig/bee_0408_2/bee_0408_2_rev_green_accident/cam1_2026-04-08_18-10-06.mp4,1591.0,1645.0,1341,1454,1841,1836,0.82407266
493,/Volumes/SmithL0/2026/BIOL470/Final/Learning_Rig/bee_0408_2/bee_0408_2_rev_green_accident/cam1_2026-04-08_18-10-06.mp4,1590.5,1645.0,1339,1454,1842,1836,0.8290603
494,/Volumes/SmithL0/2026/BIOL470/Final/Learning_Rig/bee_0408_2/bee_0408_2_rev_green_accident/cam1_2026-04-08_18-10-06.mp4,1591.5,1645.0,1341,1454,1842,1836,0.8293863
495,/Volumes/SmithL0/2026/BIOL470/Final/Learning_Rig/bee_0408_2/bee_0408_2_rev_green_accident/cam1_2026-04-08_18-10-06.mp4,1591.5,1645.0,1341,1454,1842,1836,0.82970506
496,/Volumes/SmithL0/2026/BIOL470/Final/Learning_Rig/bee_0408_2/bee_0408_2_rev_green_accident/cam1_2026-04-08_18-10-06.mp4,1592.5,1645.0,1343,1454,1842,1836,0.8300968
497,/Volumes/SmithL0/2026/BIOL470/Final/Learning_Rig/bee_0408_2/bee_0408_2_rev_green_accident/cam1_2026-04-08_18-10-06.mp4,1591.5,1644.0,1342,1454,1841,1834,0.8287592
498,/Volumes/SmithL0/2026/BIOL470/Final/Learning_Rig/bee_0408_2/bee_0408_2_rev_green_accident/cam1_2026-04-08_18-10-06.mp4,1591.0,1644.5,1341,1454,1841,1835,0.82748914
499,/Volumes/SmithL0/2026/BIOL470/Final/Learning_Rig/bee_0408_2/bee_0408_2_rev_green_accident/cam1_2026-04-08_18-10-06.mp4,1590.5,1646.0,1341,1454,1840,1838,0.82334197
500,/Volumes/SmithL0/2026/BIOL470/Final/Learning_Rig/bee_0408_2/bee_0408_2_rev_green_accident/cam1_2026-04-08_18-10-06.mp4,1590.5,1646.5,1341,1454,1840,1839,0.8249285
501,/Volumes/SmithL0/2026/BIOL470/Final/Learning_Rig/bee_0408_2/bee_0408_2_rev_green_accident/cam1_2026-04-08_18-10-06.mp4,1588.5,1645.5,1339,1453,1838,1838,0.8243312
502,/Volumes/SmithL0/2026/BIOL470/Final/Learning_Rig/bee_0408_2/bee_0408_2_rev_green_accident/cam1_2026-04-08_18-10-06.mp4,1589.5,1645.5,1341,1454,1838,1837,0.8257961
503,/Volumes/SmithL0/2026/BIOL470/Final/Learning_Rig/bee_0408_2/bee_0408_2_rev_green_accident/cam1_2026-04-08_18-10-06.mp4,1589.0,1645.0,1339,1454,1839,1836,0.8240084
504,/Volumes/SmithL0/2026/BIOL470/Final/Learning_Rig/bee_0408_2/bee_0408_2_rev_green_accident/cam1_2026-04-08_18-10-06.mp4,1590.0,1644.5,1341,1454,1839,1835,0.8285229
505,/Volumes/SmithL0/2026/BIOL470/Final/Learning_Rig/bee_0408_2/bee_0408_2_rev_green_accident/cam1_2026-04-08_18-10-06.mp4,1589.5,1644.0,1340,1454,1839,1834,0.8279907
506,/Volumes/SmithL0/2026/BIOL470/Final/Learning_Rig/bee_0408_2/bee_0408_2_rev_green_accident/cam1_2026-04-08_18-10-06.mp4,1590.0,1643.0,1340,1453,1840,1833,0.83013344
507,/Volumes/SmithL0/2026/BIOL470/Final/Learning_Rig/bee_0408_2/bee_0408_2_rev_green_accident/cam1_2026-04-08_18-10-06.mp4,1588.5,1644.5,1338,1453,1839,1836,0.8285238
508,/Volumes/SmithL0/2026/BIOL470/Final/Learning_Rig/bee_0408_2/bee_0408_2_rev_green_accident/cam1_2026-04-08_18-10-06.mp4,1589.5,1644.5,1339,1453,1840,1836,0.8246797
509,/Volumes/SmithL0/2026/BIOL470/Final/Learning_Rig/bee_0408_2/bee_0408_2_rev_green_accident/cam1_2026-04-08_18-10-06.mp4,1589.0,1643.5,1338,1453,1840,1834,0.8275771
510,/Volumes/SmithL0/2026/BIOL470/Final/Learning_Rig/bee_0408_2/bee_0408_2_rev_green_accident/cam1_2026-04-08_18-10-06.mp4,1589.5,1644.5,1340,1453,1839,1836,0.826962
511,/Volumes/SmithL0/2026/BIOL470/Final/Learning_Rig/bee_0408_2/bee_0408_2_rev_green_accident/cam1_2026-04-08_18-10-06.mp4,1590.5,1645.0,1342,1454,1839,1836,0.8240788
512,/Volumes/SmithL0/2026/BIOL470/Final/Learning_Rig/bee_0408_2/bee_0408_2_rev_green_accident/cam1_2026-04-08_18-10-06.mp4,1589.5,1645.0,1340,1454,1839,1836,0.82712764
513,/Volumes/SmithL0/2026/BIOL470/Final/Learning_Rig/bee_0408_2/bee_0408_2_rev_green_accident/cam1_2026-04-08_18-10-06.mp4,1589.5,1645.5,1340,1454,1839,1837,0.82653064
514,/Volumes/SmithL0/2026/BIOL470/Final/Learning_Rig/bee_0408_2/bee_0408_2_rev_green_accident/cam1_2026-04-08_18-10-06.mp4,1590.0,1646.0,1341,1454,1839,1838,0.8275821
515,/Volumes/SmithL0/2026/BIOL470/Final/Learning_Rig/bee_0408_2/bee_0408_2_rev_green_accident/cam1_2026-04-08_18-10-06.mp4,1589.5,1645.5,1339,1454,1840,1837,0.8274733
516,/Volumes/SmithL0/2026/BIOL470/Final/Learning_Rig/bee_0408_2/bee_0408_2_rev_green_accident/cam1_2026-04-08_18-10-06.mp4,1589.0,1646.0,1338,1453,1840,1839,0.82545614
517,/Volumes/SmithL0/2026/BIOL470/Final/Learning_Rig/bee_0408_2/bee_0408_2_rev_green_accident/cam1_2026-04-08_18-10-06.mp4,1589.5,1645.5,1338,1454,1841,1837,0.8253857
518,/Volumes/SmithL0/2026/BIOL470/Final/Learning_Rig/bee_0408_2/bee_0408_2_rev_green_accident/cam1_2026-04-08_18-10-06.mp4,1590.0,1645.5,1340,1454,1840,1837,0.8265633
519,/Volumes/SmithL0/2026/BIOL470/Final/Learning_Rig/bee_0408_2/bee_0408_2_rev_green_accident/cam1_2026-04-08_18-10-06.mp4,1589.0,1645.0,1339,1454,1839,1836,0.82723254
520,/Volumes/SmithL0/2026/BIOL470/Final/Learning_Rig/bee_0408_2/bee_0408_2_rev_green_accident/cam1_2026-04-08_18-10-06.mp4,1591.0,1645.0,1342,1454,1840,1836,0.8251877
521,/Volumes/SmithL0/2026/BIOL470/Final/Learning_Rig/bee_0408_2/bee_0408_2_rev_green_accident/cam1_2026-04-08_18-10-06.mp4,1589.5,1645.5,1340,1454,1839,1837,0.81766355
522,/Volumes/SmithL0/2026/BIOL470/Final/Learning_Rig/bee_0408_2/bee_0408_2_rev_green_accident/cam1_2026-04-08_18-10-06.mp4,1590.0,1645.0,1340,1454,1840,1836,0.82018095
523,/Volumes/SmithL0/2026/BIOL470/Final/Learning_Rig/bee_0408_2/bee_0408_2_rev_green_accident/cam1_2026-04-08_18-10-06.mp4,1589.5,1644.5,1339,1454,1840,1835,0.82088894
524,/Volumes/SmithL0/2026/BIOL470/Final/Learning_Rig/bee_0408_2/bee_0408_2_rev_green_accident/cam1_2026-04-08_18-10-06.mp4,1590.5,1645.5,1340,1454,1841,1837,0.8261451
525,/Volumes/SmithL0/2026/BIOL470/Final/Learning_Rig/bee_0408_2/bee_0408_2_rev_green_accident/cam1_2026-04-08_18-10-06.mp4,1589.5,1645.5,1339,1454,1840,1837,0.82249206
526,/Volumes/SmithL0/2026/BIOL470/Final/Learning_Rig/bee_0408_2/bee_0408_2_rev_green_accident/cam1_2026-04-08_18-10-06.mp4,1590.5,1645.5,1340,1454,1841,1837,0.8239226
527,/Volumes/SmithL0/2026/BIOL470/Final/Learning_Rig/bee_0408_2/bee_0408_2_rev_green_accident/cam1_2026-04-08_18-10-06.mp4,1590.0,1645.5,1340,1454,1840,1837,0.8268227
528,/Volumes/SmithL0/2026/BIOL470/Final/Learning_Rig/bee_0408_2/bee_0408_2_rev_green_accident/cam1_2026-04-08_18-10-06.mp4,1590.0,1645.5,1340,1454,1840,1837,0.8279255
529,/Volumes/SmithL0/2026/BIOL470/Final/Learning_Rig/bee_0408_2/bee_0408_2_rev_green_accident/cam1_2026-04-08_18-10-06.mp4,1588.0,1645.0,1336,1454,1840,1836,0.82587427
530,/Volumes/SmithL0/2026/BIOL470/Final/Learning_Rig/bee_0408_2/bee_0408_2_rev_green_accident/cam1_2026-04-08_18-10-06.mp4,1591.0,1644.0,1342,1454,1840,1834,0.8303862
531,/Volumes/SmithL0/2026/BIOL470/Final/Learning_Rig/bee_0408_2/bee_0408_2_rev_green_accident/cam1_2026-04-08_18-10-06.mp4,1590.0,1643.5,1340,1454,1840,1833,0.8310233
532,/Volumes/SmithL0/2026/BIOL470/Final/Learning_Rig/bee_0408_2/bee_0408_2_rev_green_accident/cam1_2026-04-08_18-10-06.mp4,1591.0,1644.0,1342,1454,1840,1834,0.83202374
533,/Volumes/SmithL0/2026/BIOL470/Final/Learning_Rig/bee_0408_2/bee_0408_2_rev_green_accident/cam1_2026-04-08_18-10-06.mp4,1590.0,1644.0,1340,1454,1840,1834,0.8289004
534,/Volumes/SmithL0/2026/BIOL470/Final/Learning_Rig/bee_0408_2/bee_0408_2_rev_green_accident/cam1_2026-04-08_18-10-06.mp4,1590.0,1644.0,1339,1454,1841,1834,0.828226
535,/Volumes/SmithL0/2026/BIOL470/Final/Learning_Rig/bee_0408_2/bee_0408_2_rev_green_accident/cam1_2026-04-08_18-10-06.mp4,1590.0,1645.0,1339,1454,1841,1836,0.82754594
536,/Volumes/SmithL0/2026/BIOL470/Final/Learning_Rig/bee_0408_2/bee_0408_2_rev_green_accident/cam1_2026-04-08_18-10-06.mp4,1589.5,1645.0,1338,1454,1841,1836,0.82748914
537,/Volumes/SmithL0/2026/BIOL470/Final/Learning_Rig/bee_0408_2/bee_0408_2_rev_green_accident/cam1_2026-04-08_18-10-06.mp4,1589.5,1645.5,1338,1454,1841,1837,0.8282752
538,/Volumes/SmithL0/2026/BIOL470/Final/Learning_Rig/bee_0408_2/bee_0408_2_rev_green_accident/cam1_2026-04-08_18-10-06.mp4,1588.0,1645.5,1335,1454,1841,1837,0.8251932
539,/Volumes/SmithL0/2026/BIOL470/Final/Learning_Rig/bee_0408_2/bee_0408_2_rev_green_accident/cam1_2026-04-08_18-10-06.mp4,1590.0,1646.0,1339,1455,1841,1837,0.8308672
540,/Volumes/SmithL0/2026/BIOL470/Final/Learning_Rig/bee_0408_2/bee_0408_2_rev_green_accident/cam1_2026-04-08_18-10-06.mp4,1590.5,1646.0,1341,1454,1840,1838,0.8236241
541,/Volumes/SmithL0/2026/BIOL470/Final/Learning_Rig/bee_0408_2/bee_0408_2_rev_green_accident/cam1_2026-04-08_18-10-06.mp4,1590.0,1646.0,1340,1454,1840,1838,0.82501704
542,/Volumes/SmithL0/2026/BIOL470/Final/Learning_Rig/bee_0408_2/bee_0408_2_rev_green_accident/cam1_2026-04-08_18-10-06.mp4,1590.0,1647.0,1340,1454,1840,1840,0.81917393
543,/Volumes/SmithL0/2026/BIOL470/Final/Learning_Rig/bee_0408_2/bee_0408_2_rev_green_accident/cam1_2026-04-08_18-10-06.mp4,1590.5,1645.5,1341,1454,1840,1837,0.82718253
544,/Volumes/SmithL0/2026/BIOL470/Final/Learning_Rig/bee_0408_2/bee_0408_2_rev_green_accident/cam1_2026-04-08_18-10-06.mp4,1590.5,1645.0,1341,1453,1840,1837,0.8270861
545,/Volumes/SmithL0/2026/BIOL470/Final/Learning_Rig/bee_0408_2/bee_0408_2_rev_green_accident/cam1_2026-04-08_18-10-06.mp4,1590.5,1645.0,1341,1453,1840,1837,0.8269168
546,/Volumes/SmithL0/2026/BIOL470/Final/Learning_Rig/bee_0408_2/bee_0408_2_rev_green_accident/cam1_2026-04-08_18-10-06.mp4,1589.5,1645.0,1339,1453,1840,1837,0.82604104
547,/Volumes/SmithL0/2026/BIOL470/Final/Learning_Rig/bee_0408_2/bee_0408_2_rev_green_accident/cam1_2026-04-08_18-10-06.mp4,1590.5,1645.5,1340,1454,1841,1837,0.8261357
548,/Volumes/SmithL0/2026/BIOL470/Final/Learning_Rig/bee_0408_2/bee_0408_2_rev_green_accident/cam1_2026-04-08_18-10-06.mp4,1589.5,1644.5,1339,1453,1840,1836,0.82437295
549,/Volumes/SmithL0/2026/BIOL470/Final/Learning_Rig/bee_0408_2/bee_0408_2_rev_green_accident/cam1_2026-04-08_18-10-06.mp4,1589.5,1645.5,1339,1454,1840,1837,0.82703847
550,/Volumes/SmithL0/2026/BIOL470/Final/Learning_Rig/bee_0408_2/bee_0408_2_rev_green_accident/cam1_2026-04-08_18-10-06.mp4,1590.0,1646.0,1340,1454,1840,1838,0.8241071
551,/Volumes/SmithL0/2026/BIOL470/Final/Learning_Rig/bee_0408_2/bee_0408_2_rev_green_accident/cam1_2026-04-08_18-10-06.mp4,1589.5,1645.5,1339,1454,1840,1837,0.8253674
552,/Volumes/SmithL0/2026/BIOL470/Final/Learning_Rig/bee_0408_2/bee_0408_2_rev_green_accident/cam1_2026-04-08_18-10-06.mp4,1590.5,1646.0,1340,1454,1841,1838,0.82598346
553,/Volumes/SmithL0/2026/BIOL470/Final/Learning_Rig/bee_0408_2/bee_0408_2_rev_green_accident/cam1_2026-04-08_18-10-06.mp4,1588.5,1646.0,1337,1454,1840,1838,0.8250721
554,/Volumes/SmithL0/2026/BIOL470/Final/Learning_Rig/bee_0408_2/bee_0408_2_rev_green_accident/cam1_2026-04-08_18-10-06.mp4,1590.0,1646.5,1340,1454,1840,1839,0.81778044
555,/Volumes/SmithL0/2026/BIOL470/Final/Learning_Rig/bee_0408_2/bee_0408_2_rev_green_accident/cam1_2026-04-08_18-10-06.mp4,1589.5,1646.0,1338,1454,1841,1838,0.82708055
556,/Volumes/SmithL0/2026/BIOL470/Final/Learning_Rig/bee_0408_2/bee_0408_2_rev_green_accident/cam1_2026-04-08_18-10-06.mp4,1589.5,1645.0,1338,1454,1841,1836,0.82555956
557,/Volumes/SmithL0/2026/BIOL470/Final/Learning_Rig/bee_0408_2/bee_0408_2_rev_green_accident/cam1_2026-04-08_18-10-06.mp4,1590.5,1644.0,1340,1453,1841,1835,0.82949334
558,/Volumes/SmithL0/2026/BIOL470/Final/Learning_Rig/bee_0408_2/bee_0408_2_rev_green_accident/cam1_2026-04-08_18-10-06.mp4,1590.0,1645.0,1339,1454,1841,1836,0.829312
559,/Volumes/SmithL0/2026/BIOL470/Final/Learning_Rig/bee_0408_2/bee_0408_2_rev_green_accident/cam1_2026-04-08_18-10-06.mp4,1591.5,1645.5,1342,1454,1841,1837,0.8276733
560,/Volumes/SmithL0/2026/BIOL470/Final/Learning_Rig/bee_0408_2/bee_0408_2_rev_green_accident/cam1_2026-04-08_18-10-06.mp4,1591.5,1645.5,1342,1454,1841,1837,0.8277918
561,/Volumes/SmithL0/2026/BIOL470/Final/Learning_Rig/bee_0408_2/bee_0408_2_rev_green_accident/cam1_2026-04-08_18-10-06.mp4,1591.0,1646.0,1341,1454,1841,1838,0.82533115
562,/Volumes/SmithL0/2026/BIOL470/Final/Learning_Rig/bee_0408_2/bee_0408_2_rev_green_accident/cam1_2026-04-08_18-10-06.mp4,1591.0,1645.5,1341,1454,1841,1837,0.8251257
563,/Volumes/SmithL0/2026/BIOL470/Final/Learning_Rig/bee_0408_2/bee_0408_2_rev_green_accident/cam1_2026-04-08_18-10-06.mp4,1591.5,1645.0,1342,1453,1841,1837,0.8274286
564,/Volumes/SmithL0/2026/BIOL470/Final/Learning_Rig/bee_0408_2/bee_0408_2_rev_green_accident/cam1_2026-04-08_18-10-06.mp4,1590.0,1646.5,1340,1454,1840,1839,0.8198162
565,/Volumes/SmithL0/2026/BIOL470/Final/Learning_Rig/bee_0408_2/bee_0408_2_rev_green_accident/cam1_2026-04-08_18-10-06.mp4,1589.0,1647.0,1337,1454,1841,1840,0.81861436
566,/Volumes/SmithL0/2026/BIOL470/Final/Learning_Rig/bee_0408_2/bee_0408_2_rev_green_accident/cam1_2026-04-08_18-10-06.mp4,1591.0,1646.0,1340,1454,1842,1838,0.8218866
567,/Volumes/SmithL0/2026/BIOL470/Final/Learning_Rig/bee_0408_2/bee_0408_2_rev_green_accident/cam1_2026-04-08_18-10-06.mp4,1591.0,1646.5,1341,1454,1841,1839,0.8217796
568,/Volumes/SmithL0/2026/BIOL470/Final/Learning_Rig/bee_0408_2/bee_0408_2_rev_green_accident/cam1_2026-04-08_18-10-06.mp4,1590.5,1647.0,1340,1454,1841,1840,0.823239
569,/Volumes/SmithL0/2026/BIOL470/Final/Learning_Rig/bee_0408_2/bee_0408_2_rev_green_accident/cam1_2026-04-08_18-10-06.mp4,1591.5,1647.5,1341,1454,1842,1841,0.82014865
570,/Volumes/SmithL0/2026/BIOL470/Final/Learning_Rig/bee_0408_2/bee_0408_2_rev_green_accident/cam1_2026-04-08_18-10-06.mp4,1591.5,1646.0,1342,1454,1841,1838,0.82423913
571,/Volumes/SmithL0/2026/BIOL470/Final/Learning_Rig/bee_0408_2/bee_0408_2_rev_green_accident/cam1_2026-04-08_18-10-06.mp4,1590.5,1646.5,1340,1454,1841,1839,0.8256299
572,/Volumes/SmithL0/2026/BIOL470/Final/Learning_Rig/bee_0408_2/bee_0408_2_rev_green_accident/cam1_2026-04-08_18-10-06.mp4,1591.0,1646.0,1341,1454,1841,1838,0.8281176
573,/Volumes/SmithL0/2026/BIOL470/Final/Learning_Rig/bee_0408_2/bee_0408_2_rev_green_accident/cam1_2026-04-08_18-10-06.mp4,1590.0,1646.0,1338,1454,1842,1838,0.82700855
574,/Volumes/SmithL0/2026/BIOL470/Final/Learning_Rig/bee_0408_2/bee_0408_2_rev_green_accident/cam1_2026-04-08_18-10-06.mp4,1591.0,1646.0,1340,1454,1842,1838,0.8267877
575,/Volumes/SmithL0/2026/BIOL470/Final/Learning_Rig/bee_0408_2/bee_0408_2_rev_green_accident/cam1_2026-04-08_18-10-06.mp4,1592.0,1647.5,1342,1454,1842,1841,0.8290671
576,/Volumes/SmithL0/2026/BIOL470/Final/Learning_Rig/bee_0408_2/bee_0408_2_rev_green_accident/cam1_2026-04-08_18-10-06.mp4,1593.0,1647.5,1344,1454,1842,1841,0.82813495
577,/Volumes/SmithL0/2026/BIOL470/Final/Learning_Rig/bee_0408_2/bee_0408_2_rev_green_accident/cam1_2026-04-08_18-10-06.mp4,1593.0,1647.5,1344,1453,1842,1842,0.8281169
578,/Volumes/SmithL0/2026/BIOL470/Final/Learning_Rig/bee_0408_2/bee_0408_2_rev_green_accident/cam1_2026-04-08_18-10-06.mp4,1592.5,1647.0,1343,1453,1842,1841,0.8311127
579,/Volumes/SmithL0/2026/BIOL470/Final/Learning_Rig/bee_0408_2/bee_0408_2_rev_green_accident/cam1_2026-04-08_18-10-06.mp4,1592.5,1647.0,1343,1454,1842,1840,0.8305139
580,/Volumes/SmithL0/2026/BIOL470/Final/Learning_Rig/bee_0408_2/bee_0408_2_rev_green_accident/cam1_2026-04-08_18-10-06.mp4,1591.5,1647.0,1342,1454,1841,1840,0.82948756
581,/Volumes/SmithL0/2026/BIOL470/Final/Learning_Rig/bee_0408_2/bee_0408_2_rev_green_accident/cam1_2026-04-08_18-10-06.mp4,1590.5,1647.0,1340,1454,1841,1840,0.8287679
582,/Volumes/SmithL0/2026/BIOL470/Final/Learning_Rig/bee_0408_2/bee_0408_2_rev_green_accident/cam1_2026-04-08_18-10-06.mp4,1590.5,1648.0,1340,1455,1841,1841,0.8274048
583,/Volumes/SmithL0/2026/BIOL470/Final/Learning_Rig/bee_0408_2/bee_0408_2_rev_green_accident/cam1_2026-04-08_18-10-06.mp4,1590.0,1646.0,1340,1454,1840,1838,0.8254195
584,/Volumes/SmithL0/2026/BIOL470/Final/Learning_Rig/bee_0408_2/bee_0408_2_rev_green_accident/cam1_2026-04-08_18-10-06.mp4,1590.5,1646.0,1340,1454,1841,1838,0.82681936
585,/Volumes/SmithL0/2026/BIOL470/Final/Learning_Rig/bee_0408_2/bee_0408_2_rev_green_accident/cam1_2026-04-08_18-10-06.mp4,1590.5,1647.5,1340,1454,1841,1841,0.82623756
586,/Volumes/SmithL0/2026/BIOL470/Final/Learning_Rig/bee_0408_2/bee_0408_2_rev_green_accident/cam1_2026-04-08_18-10-06.mp4,1591.0,1646.5,1341,1454,1841,1839,0.8239438
587,/Volumes/SmithL0/2026/BIOL470/Final/Learning_Rig/bee_0408_2/bee_0408_2_rev_green_accident/cam1_2026-04-08_18-10-06.mp4,1591.5,1646.0,1342,1454,1841,1838,0.82171994
588,/Volumes/SmithL0/2026/BIOL470/Final/Learning_Rig/bee_0408_2/bee_0408_2_rev_green_accident/cam1_2026-04-08_18-10-06.mp4,1591.0,1645.5,1340,1454,1842,1837,0.82836574
589,/Volumes/SmithL0/2026/BIOL470/Final/Learning_Rig/bee_0408_2/bee_0408_2_rev_green_accident/cam1_2026-04-08_18-10-06.mp4,1591.0,1646.0,1341,1454,1841,1838,0.8239253
590,/Volumes/SmithL0/2026/BIOL470/Final/Learning_Rig/bee_0408_2/bee_0408_2_rev_green_accident/cam1_2026-04-08_18-10-06.mp4,1591.0,1646.0,1341,1454,1841,1838,0.8244679
591,/Volumes/SmithL0/2026/BIOL470/Final/Learning_Rig/bee_0408_2/bee_0408_2_rev_green_accident/cam1_2026-04-08_18-10-06.mp4,1591.5,1646.0,1342,1454,1841,1838,0.825864
592,/Volumes/SmithL0/2026/BIOL470/Final/Learning_Rig/bee_0408_2/bee_0408_2_rev_green_accident/cam1_2026-04-08_18-10-06.mp4,1591.5,1645.5,1342,1454,1841,1837,0.8268772
593,/Volumes/SmithL0/2026/BIOL470/Final/Learning_Rig/bee_0408_2/bee_0408_2_rev_green_accident/cam1_2026-04-08_18-10-06.mp4,1591.5,1646.0,1343,1454,1840,1838,0.8243676
594,/Volumes/SmithL0/2026/BIOL470/Final/Learning_Rig/bee_0408_2/bee_0408_2_rev_green_accident/cam1_2026-04-08_18-10-06.mp4,1590.0,1645.0,1340,1453,1840,1837,0.82213724
595,/Volumes/SmithL0/2026/BIOL470/Final/Learning_Rig/bee_0408_2/bee_0408_2_rev_green_accident/cam1_2026-04-08_18-10-06.mp4,1589.0,1644.0,1338,1453,1840,1835,0.82853496
596,/Volumes/SmithL0/2026/BIOL470/Final/Learning_Rig/bee_0408_2/bee_0408_2_rev_green_accident/cam1_2026-04-08_18-10-06.mp4,1589.0,1644.5,1338,1453,1840,1836,0.8241454
597,/Volumes/SmithL0/2026/BIOL470/Final/Learning_Rig/bee_0408_2/bee_0408_2_rev_green_accident/cam1_2026-04-08_18-10-06.mp4,1589.5,1645.5,1338,1454,1841,1837,0.8268094
598,/Volumes/SmithL0/2026/BIOL470/Final/Learning_Rig/bee_0408_2/bee_0408_2_rev_green_accident/cam1_2026-04-08_18-10-06.mp4,1590.5,1646.0,1340,1454,1841,1838,0.82569337
599,/Volumes/SmithL0/2026/BIOL470/Final/Learning_Rig/bee_0408_2/bee_0408_2_rev_green_accident/cam1_2026-04-08_18-10-06.mp4,1591.5,1645.0,1342,1454,1841,1836,0.82779044
600,/Volumes/SmithL0/2026/BIOL470/Final/Learning_Rig/bee_0408_2/bee_0408_2_rev_green_accident/cam1_2026-04-08_18-10-06.mp4,1591.5,1646.5,1342,1454,1841,1839,0.8227181
601,/Volumes/SmithL0/2026/BIOL470/Final/Learning_Rig/bee_0408_2/bee_0408_2_rev_green_accident/cam1_2026-04-08_18-10-06.mp4,1590.5,1648.0,1340,1454,1841,1842,0.8229665
602,/Volumes/SmithL0/2026/BIOL470/Final/Learning_Rig/bee_0408_2/bee_0408_2_rev_green_accident/cam1_2026-04-08_18-10-06.mp4,1592.5,1647.0,1344,1454,1841,1840,0.8184608
603,/Volumes/SmithL0/2026/BIOL470/Final/Learning_Rig/bee_0408_2/bee_0408_2_rev_green_accident/cam1_2026-04-08_18-10-06.mp4,1592.0,1646.0,1342,1454,1842,1838,0.82801586
604,/Volumes/SmithL0/2026/BIOL470/Final/Learning_Rig/bee_0408_2/bee_0408_2_rev_green_accident/cam1_2026-04-08_18-10-06.mp4,1592.5,1646.0,1343,1453,1842,1839,0.8271947
605,/Volumes/SmithL0/2026/BIOL470/Final/Learning_Rig/bee_0408_2/bee_0408_2_rev_green_accident/cam1_2026-04-08_18-10-06.mp4,1592.0,1647.0,1343,1454,1841,1840,0.8244381
606,/Volumes/SmithL0/2026/BIOL470/Final/Learning_Rig/bee_0408_2/bee_0408_2_rev_green_accident/cam1_2026-04-08_18-10-06.mp4,1592.0,1646.5,1343,1454,1841,1839,0.8276298
607,/Volumes/SmithL0/2026/BIOL470/Final/Learning_Rig/bee_0408_2/bee_0408_2_rev_green_accident/cam1_2026-04-08_18-10-06.mp4,1591.0,1646.0,1342,1454,1840,1838,0.8224201
608,/Volumes/SmithL0/2026/BIOL470/Final/Learning_Rig/bee_0408_2/bee_0408_2_rev_green_accident/cam1_2026-04-08_18-10-06.mp4,1591.5,1646.0,1342,1454,1841,1838,0.8245245
609,/Volumes/SmithL0/2026/BIOL470/Final/Learning_Rig/bee_0408_2/bee_0408_2_rev_green_accident/cam1_2026-04-08_18-10-06.mp4,1590.0,1645.0,1342,1454,1838,1836,0.8258238
610,/Volumes/SmithL0/2026/BIOL470/Final/Learning_Rig/bee_0408_2/bee_0408_2_rev_green_accident/cam1_2026-04-08_18-10-06.mp4,1581.0,1645.5,1341,1453,1821,1838,0.82135713
611,/Volumes/SmithL0/2026/BIOL470/Final/Learning_Rig/bee_0408_2/bee_0408_2_rev_green_accident/cam1_2026-04-08_18-10-06.mp4,1583.0,1646.0,1338,1453,1828,1839,0.8206796
612,/Volumes/SmithL0/2026/BIOL470/Final/Learning_Rig/bee_0408_2/bee_0408_2_rev_green_accident/cam1_2026-04-08_18-10-06.mp4,1582.0,1646.0,1339,1453,1825,1839,0.8216652
613,/Volumes/SmithL0/2026/BIOL470/Final/Learning_Rig/bee_0408_2/bee_0408_2_rev_green_accident/cam1_2026-04-08_18-10-06.mp4,1579.5,1645.5,1334,1453,1825,1838,0.81847906
614,/Volumes/SmithL0/2026/BIOL470/Final/Learning_Rig/bee_0408_2/bee_0408_2_rev_green_accident/cam1_2026-04-08_18-10-06.mp4,1581.5,1645.5,1335,1453,1828,1838,0.8197155
615,/Volumes/SmithL0/2026/BIOL470/Final/Learning_Rig/bee_0408_2/bee_0408_2_rev_green_accident/cam1_2026-04-08_18-10-06.mp4,1582.5,1645.0,1334,1453,1831,1837,0.81981766
616,/Volumes/SmithL0/2026/BIOL470/Final/Learning_Rig/bee_0408_2/bee_0408_2_rev_green_accident/cam1_2026-04-08_18-10-06.mp4,1581.5,1643.0,1336,1454,1827,1832,0.8196883
617,/Volumes/SmithL0/2026/BIOL470/Final/Learning_Rig/bee_0408_2/bee_0408_2_rev_green_accident/cam1_2026-04-08_18-10-06.mp4,1582.5,1643.5,1338,1454,1827,1833,0.8264827
618,/Volumes/SmithL0/2026/BIOL470/Final/Learning_Rig/bee_0408_2/bee_0408_2_rev_green_accident/cam1_2026-04-08_18-10-06.mp4,1582.0,1645.0,1336,1454,1828,1836,0.82472175
619,/Volumes/SmithL0/2026/BIOL470/Final/Learning_Rig/bee_0408_2/bee_0408_2_rev_green_accident/cam1_2026-04-08_18-10-06.mp4,1581.5,1645.5,1335,1454,1828,1837,0.82151306
620,/Volumes/SmithL0/2026/BIOL470/Final/Learning_Rig/bee_0408_2/bee_0408_2_rev_green_accident/cam1_2026-04-08_18-10-06.mp4,1578.5,1646.0,1336,1454,1821,1838,0.8174737
621,/Volumes/SmithL0/2026/BIOL470/Final/Learning_Rig/bee_0408_2/bee_0408_2_rev_green_accident/cam1_2026-04-08_18-10-06.mp4,1577.5,1646.0,1339,1455,1816,1837,0.8143299
622,/Volumes/SmithL0/2026/BIOL470/Final/Learning_Rig/bee_0408_2/bee_0408_2_rev_green_accident/cam1_2026-04-08_18-10-06.mp4,1580.0,1645.0,1334,1455,1826,1835,0.8166416
623,/Volumes/SmithL0/2026/BIOL470/Final/Learning_Rig/bee_0408_2/bee_0408_2_rev_green_accident/cam1_2026-04-08_18-10-06.mp4,1583.5,1644.5,1332,1454,1835,1835,0.8165661
624,/Volumes/SmithL0/2026/BIOL470/Final/Learning_Rig/bee_0408_2/bee_0408_2_rev_green_accident/cam1_2026-04-08_18-10-06.mp4,1582.5,1643.0,1332,1455,1833,1831,0.82593924
625,/Volumes/SmithL0/2026/BIOL470/Final/Learning_Rig/bee_0408_2/bee_0408_2_rev_green_accident/cam1_2026-04-08_18-10-06.mp4,1582.0,1642.0,1329,1454,1835,1830,0.8222847
626,/Volumes/SmithL0/2026/BIOL470/Final/Learning_Rig/bee_0408_2/bee_0408_2_rev_green_accident/cam1_2026-04-08_18-10-06.mp4,1582.5,1642.0,1330,1454,1835,1830,0.82177114
627,/Volumes/SmithL0/2026/BIOL470/Final/Learning_Rig/bee_0408_2/bee_0408_2_rev_green_accident/cam1_2026-04-08_18-10-06.mp4,1580.0,1641.0,1324,1454,1836,1828,0.82269096
628,/Volumes/SmithL0/2026/BIOL470/Final/Learning_Rig/bee_0408_2/bee_0408_2_rev_green_accident/cam1_2026-04-08_18-10-06.mp4,1581.0,1641.5,1326,1454,1836,1829,0.8227149
629,/Volumes/SmithL0/2026/BIOL470/Final/Learning_Rig/bee_0408_2/bee_0408_2_rev_green_accident/cam1_2026-04-08_18-10-06.mp4,1582.0,1641.5,1328,1454,1836,1829,0.8249882
630,/Volumes/SmithL0/2026/BIOL470/Final/Learning_Rig/bee_0408_2/bee_0408_2_rev_green_accident/cam1_2026-04-08_18-10-06.mp4,1581.0,1641.0,1326,1454,1836,1828,0.82530487
631,/Volumes/SmithL0/2026/BIOL470/Final/Learning_Rig/bee_0408_2/bee_0408_2_rev_green_accident/cam1_2026-04-08_18-10-06.mp4,1581.0,1640.0,1325,1453,1837,1827,0.8261966
632,/Volumes/SmithL0/2026/BIOL470/Final/Learning_Rig/bee_0408_2/bee_0408_2_rev_green_accident/cam1_2026-04-08_18-10-06.mp4,1580.0,1641.0,1324,1454,1836,1828,0.8269381
633,/Volumes/SmithL0/2026/BIOL470/Final/Learning_Rig/bee_0408_2/bee_0408_2_rev_green_accident/cam1_2026-04-08_18-10-06.mp4,1580.5,1640.5,1325,1453,1836,1828,0.82700557
634,/Volumes/SmithL0/2026/BIOL470/Final/Learning_Rig/bee_0408_2/bee_0408_2_rev_green_accident/cam1_2026-04-08_18-10-06.mp4,1581.5,1641.0,1325,1453,1838,1829,0.82770395
635,/Volumes/SmithL0/2026/BIOL470/Final/Learning_Rig/bee_0408_2/bee_0408_2_rev_green_accident/cam1_2026-04-08_18-10-06.mp4,1583.0,1641.0,1328,1453,1838,1829,0.83020014
636,/Volumes/SmithL0/2026/BIOL470/Final/Learning_Rig/bee_0408_2/bee_0408_2_rev_green_accident/cam1_2026-04-08_18-10-06.mp4,1582.5,1641.5,1326,1453,1839,1830,0.82714105
637,/Volumes/SmithL0/2026/BIOL470/Final/Learning_Rig/bee_0408_2/bee_0408_2_rev_green_accident/cam1_2026-04-08_18-10-06.mp4,1582.5,1641.0,1327,1454,1838,1828,0.82936734
638,/Volumes/SmithL0/2026/BIOL470/Final/Learning_Rig/bee_0408_2/bee_0408_2_rev_green_accident/cam1_2026-04-08_18-10-06.mp4,1583.0,1642.0,1329,1454,1837,1830,0.82463884
639,/Volumes/SmithL0/2026/BIOL470/Final/Learning_Rig/bee_0408_2/bee_0408_2_rev_green_accident/cam1_2026-04-08_18-10-06.mp4,1583.5,1641.0,1331,1454,1836,1828,0.82676417
640,/Volumes/SmithL0/2026/BIOL470/Final/Learning_Rig/bee_0408_2/bee_0408_2_rev_green_accident/cam1_2026-04-08_18-10-06.mp4,1583.5,1642.5,1330,1454,1837,1831,0.8260082
641,/Volumes/SmithL0/2026/BIOL470/Final/Learning_Rig/bee_0408_2/bee_0408_2_rev_green_accident/cam1_2026-04-08_18-10-06.mp4,1582.0,1642.5,1327,1454,1837,1831,0.82454354
642,/Volumes/SmithL0/2026/BIOL470/Final/Learning_Rig/bee_0408_2/bee_0408_2_rev_green_accident/cam1_2026-04-08_18-10-06.mp4,1581.0,1642.0,1326,1454,1836,1830,0.8227731
643,/Volumes/SmithL0/2026/BIOL470/Final/Learning_Rig/bee_0408_2/bee_0408_2_rev_green_accident/cam1_2026-04-08_18-10-06.mp4,1582.5,1641.0,1329,1454,1836,1828,0.8245982
644,/Volumes/SmithL0/2026/BIOL470/Final/Learning_Rig/bee_0408_2/bee_0408_2_rev_green_accident/cam1_2026-04-08_18-10-06.mp4,1582.5,1642.0,1328,1454,1837,1830,0.8195879
645,/Volumes/SmithL0/2026/BIOL470/Final/Learning_Rig/bee_0408_2/bee_0408_2_rev_green_accident/cam1_2026-04-08_18-10-06.mp4,1582.5,1641.0,1327,1454,1838,1828,0.8246747
646,/Volumes/SmithL0/2026/BIOL470/Final/Learning_Rig/bee_0408_2/bee_0408_2_rev_green_accident/cam1_2026-04-08_18-10-06.mp4,1583.0,1641.0,1327,1454,1839,1828,0.8276137
647,/Volumes/SmithL0/2026/BIOL470/Final/Learning_Rig/bee_0408_2/bee_0408_2_rev_green_accident/cam1_2026-04-08_18-10-06.mp4,1583.0,1641.5,1328,1455,1838,1828,0.8300098
648,/Volumes/SmithL0/2026/BIOL470/Final/Learning_Rig/bee_0408_2/bee_0408_2_rev_green_accident/cam1_2026-04-08_18-10-06.mp4,1584.0,1642.5,1331,1455,1837,1830,0.82894605
649,/Volumes/SmithL0/2026/BIOL470/Final/Learning_Rig/bee_0408_2/bee_0408_2_rev_green_accident/cam1_2026-04-08_18-10-06.mp4,1586.5,1643.0,1335,1455,1838,1831,0.82883316
650,/Volumes/SmithL0/2026/BIOL470/Final/Learning_Rig/bee_0408_2/bee_0408_2_rev_green_accident/cam1_2026-04-08_18-10-06.mp4,1587.0,1643.0,1336,1455,1838,1831,0.82635003
651,/Volumes/SmithL0/2026/BIOL470/Final/Learning_Rig/bee_0408_2/bee_0408_2_rev_green_accident/cam1_2026-04-08_18-10-06.mp4,1584.0,1643.0,1330,1454,1838,1832,0.82360154
652,/Volumes/SmithL0/2026/BIOL470/Final/Learning_Rig/bee_0408_2/bee_0408_2_rev_green_accident/cam1_2026-04-08_18-10-06.mp4,1585.0,1643.0,1331,1455,1839,1831,0.82786983
653,/Volumes/SmithL0/2026/BIOL470/Final/Learning_Rig/bee_0408_2/bee_0408_2_rev_green_accident/cam1_2026-04-08_18-10-06.mp4,1584.5,1642.0,1330,1455,1839,1829,0.82707065
654,/Volumes/SmithL0/2026/BIOL470/Final/Learning_Rig/bee_0408_2/bee_0408_2_rev_green_accident/cam1_2026-04-08_18-10-06.mp4,1584.0,1641.0,1331,1454,1837,1828,0.8292166
655,/Volumes/SmithL0/2026/BIOL470/Final/Learning_Rig/bee_0408_2/bee_0408_2_rev_green_accident/cam1_2026-04-08_18-10-06.mp4,1582.0,1641.5,1333,1454,1831,1829,0.8317267
656,/Volumes/SmithL0/2026/BIOL470/Final/Learning_Rig/bee_0408_2/bee_0408_2_rev_green_accident/cam1_2026-04-08_18-10-06.mp4,1582.0,1641.0,1333,1454,1831,1828,0.8303774
657,/Volumes/SmithL0/2026/BIOL470/Final/Learning_Rig/bee_0408_2/bee_0408_2_rev_green_accident/cam1_2026-04-08_18-10-06.mp4,1583.5,1641.5,1335,1455,1832,1828,0.8334946
658,/Volumes/SmithL0/2026/BIOL470/Final/Learning_Rig/bee_0408_2/bee_0408_2_rev_green_accident/cam1_2026-04-08_18-10-06.mp4,1582.0,1642.0,1333,1455,1831,1829,0.82973
659,/Volumes/SmithL0/2026/BIOL470/Final/Learning_Rig/bee_0408_2/bee_0408_2_rev_green_accident/cam1_2026-04-08_18-10-06.mp4,1582.5,1642.0,1333,1455,1832,1829,0.82940984
660,/Volumes/SmithL0/2026/BIOL470/Final/Learning_Rig/bee_0408_2/bee_0408_2_rev_green_accident/cam1_2026-04-08_18-10-06.mp4,1582.5,1642.5,1333,1455,1832,1830,0.82666266
661,/Volumes/SmithL0/2026/BIOL470/Final/Learning_Rig/bee_0408_2/bee_0408_2_rev_green_accident/cam1_2026-04-08_18-10-06.mp4,1583.0,1643.0,1333,1455,1833,1831,0.8276656
662,/Volumes/SmithL0/2026/BIOL470/Final/Learning_Rig/bee_0408_2/bee_0408_2_rev_green_accident/cam1_2026-04-08_18-10-06.mp4,1583.0,1642.0,1333,1454,1833,1830,0.8272727
663,/Volumes/SmithL0/2026/BIOL470/Final/Learning_Rig/bee_0408_2/bee_0408_2_rev_green_accident/cam1_2026-04-08_18-10-06.mp4,1583.0,1642.0,1332,1454,1834,1830,0.8278771
664,/Volumes/SmithL0/2026/BIOL470/Final/Learning_Rig/bee_0408_2/bee_0408_2_rev_green_accident/cam1_2026-04-08_18-10-06.mp4,1583.5,1641.5,1332,1454,1835,1829,0.8278063
665,/Volumes/SmithL0/2026/BIOL470/Final/Learning_Rig/bee_0408_2/bee_0408_2_rev_green_accident/cam1_2026-04-08_18-10-06.mp4,1581.5,1643.5,1329,1455,1834,1832,0.82319677
666,/Volumes/SmithL0/2026/BIOL470/Final/Learning_Rig/bee_0408_2/bee_0408_2_rev_green_accident/cam1_2026-04-08_18-10-06.mp4,1581.5,1643.0,1329,1454,1834,1832,0.82365626
667,/Volumes/SmithL0/2026/BIOL470/Final/Learning_Rig/bee_0408_2/bee_0408_2_rev_green_accident/cam1_2026-04-08_18-10-06.mp4,1581.0,1643.0,1328,1454,1834,1832,0.82418436
668,/Volumes/SmithL0/2026/BIOL470/Final/Learning_Rig/bee_0408_2/bee_0408_2_rev_green_accident/cam1_2026-04-08_18-10-06.mp4,1582.0,1643.0,1329,1454,1835,1832,0.8266287
669,/Volumes/SmithL0/2026/BIOL470/Final/Learning_Rig/bee_0408_2/bee_0408_2_rev_green_accident/cam1_2026-04-08_18-10-06.mp4,1582.5,1642.5,1330,1454,1835,1831,0.8256802
670,/Volumes/SmithL0/2026/BIOL470/Final/Learning_Rig/bee_0408_2/bee_0408_2_rev_green_accident/cam1_2026-04-08_18-10-06.mp4,1583.0,1642.5,1331,1455,1835,1830,0.8263136
671,/Volumes/SmithL0/2026/BIOL470/Final/Learning_Rig/bee_0408_2/bee_0408_2_rev_green_accident/cam1_2026-04-08_18-10-06.mp4,1582.0,1642.0,1328,1455,1836,1829,0.82934606
672,/Volumes/SmithL0/2026/BIOL470/Final/Learning_Rig/bee_0408_2/bee_0408_2_rev_green_accident/cam1_2026-04-08_18-10-06.mp4,1584.0,1642.0,1332,1455,1836,1829,0.8247635
673,/Volumes/SmithL0/2026/BIOL470/Final/Learning_Rig/bee_0408_2/bee_0408_2_rev_green_accident/cam1_2026-04-08_18-10-06.mp4,1584.5,1643.0,1334,1455,1835,1831,0.82745093
674,/Volumes/SmithL0/2026/BIOL470/Final/Learning_Rig/bee_0408_2/bee_0408_2_rev_green_accident/cam1_2026-04-08_18-10-06.mp4,1586.5,1643.0,1338,1455,1835,1831,0.82777643
675,/Volumes/SmithL0/2026/BIOL470/Final/Learning_Rig/bee_0408_2/bee_0408_2_rev_green_accident/cam1_2026-04-08_18-10-06.mp4,1585.0,1644.0,1335,1455,1835,1833,0.82472503
676,/Volumes/SmithL0/2026/BIOL470/Final/Learning_Rig/bee_0408_2/bee_0408_2_rev_green_accident/cam1_2026-04-08_18-10-06.mp4,1585.5,1644.0,1337,1455,1834,1833,0.82239306
677,/Volumes/SmithL0/2026/BIOL470/Final/Learning_Rig/bee_0408_2/bee_0408_2_rev_green_accident/cam1_2026-04-08_18-10-06.mp4,1585.5,1643.5,1335,1454,1836,1833,0.82404596
678,/Volumes/SmithL0/2026/BIOL470/Final/Learning_Rig/bee_0408_2/bee_0408_2_rev_green_accident/cam1_2026-04-08_18-10-06.mp4,1586.0,1642.5,1336,1454,1836,1831,0.8279058
679,/Volumes/SmithL0/2026/BIOL470/Final/Learning_Rig/bee_0408_2/bee_0408_2_rev_green_accident/cam1_2026-04-08_18-10-06.mp4,1585.5,1642.0,1334,1455,1837,1829,0.83223546
680,/Volumes/SmithL0/2026/BIOL470/Final/Learning_Rig/bee_0408_2/bee_0408_2_rev_green_accident/cam1_2026-04-08_18-10-06.mp4,1582.0,1643.0,1330,1455,1834,1831,0.82722765
681,/Volumes/SmithL0/2026/BIOL470/Final/Learning_Rig/bee_0408_2/bee_0408_2_rev_green_accident/cam1_2026-04-08_18-10-06.mp4,1583.5,1643.0,1333,1455,1834,1831,0.82662773
682,/Volumes/SmithL0/2026/BIOL470/Final/Learning_Rig/bee_0408_2/bee_0408_2_rev_green_accident/cam1_2026-04-08_18-10-06.mp4,1584.5,1643.0,1336,1455,1833,1831,0.8309521
683,/Volumes/SmithL0/2026/BIOL470/Final/Learning_Rig/bee_0408_2/bee_0408_2_rev_green_accident/cam1_2026-04-08_18-10-06.mp4,1586.0,1643.0,1337,1455,1835,1831,0.83313185
684,/Volumes/SmithL0/2026/BIOL470/Final/Learning_Rig/bee_0408_2/bee_0408_2_rev_green_accident/cam1_2026-04-08_18-10-06.mp4,1586.0,1642.0,1337,1454,1835,1830,0.83616257
685,/Volumes/SmithL0/2026/BIOL470/Final/Learning_Rig/bee_0408_2/bee_0408_2_rev_green_accident/cam1_2026-04-08_18-10-06.mp4,1585.5,1643.0,1337,1455,1834,1831,0.83530366
686,/Volumes/SmithL0/2026/BIOL470/Final/Learning_Rig/bee_0408_2/bee_0408_2_rev_green_accident/cam1_2026-04-08_18-10-06.mp4,1585.0,1643.5,1336,1455,1834,1832,0.82974607
687,/Volumes/SmithL0/2026/BIOL470/Final/Learning_Rig/bee_0408_2/bee_0408_2_rev_green_accident/cam1_2026-04-08_18-10-06.mp4,1584.5,1644.0,1334,1455,1835,1833,0.82551646
688,/Volumes/SmithL0/2026/BIOL470/Final/Learning_Rig/bee_0408_2/bee_0408_2_rev_green_accident/cam1_2026-04-08_18-10-06.mp4,1586.5,1644.5,1338,1455,1835,1834,0.8182191
689,/Volumes/SmithL0/2026/BIOL470/Final/Learning_Rig/bee_0408_2/bee_0408_2_rev_green_accident/cam1_2026-04-08_18-10-06.mp4,1586.0,1644.0,1338,1455,1834,1833,0.827037
690,/Volumes/SmithL0/2026/BIOL470/Final/Learning_Rig/bee_0408_2/bee_0408_2_rev_green_accident/cam1_2026-04-08_18-10-06.mp4,1586.5,1644.0,1339,1455,1834,1833,0.8282083
691,/Volumes/SmithL0/2026/BIOL470/Final/Learning_Rig/bee_0408_2/bee_0408_2_rev_green_accident/cam1_2026-04-08_18-10-06.mp4,1586.5,1643.5,1339,1455,1834,1832,0.82801986
692,/Volumes/SmithL0/2026/BIOL470/Final/Learning_Rig/bee_0408_2/bee_0408_2_rev_green_accident/cam1_2026-04-08_18-10-06.mp4,1586.0,1643.5,1337,1454,1835,1833,0.8295158
693,/Volumes/SmithL0/2026/BIOL470/Final/Learning_Rig/bee_0408_2/bee_0408_2_rev_green_accident/cam1_2026-04-08_18-10-06.mp4,1584.5,1644.0,1334,1455,1835,1833,0.8269745
694,/Volumes/SmithL0/2026/BIOL470/Final/Learning_Rig/bee_0408_2/bee_0408_2_rev_green_accident/cam1_2026-04-08_18-10-06.mp4,1585.5,1644.5,1336,1455,1835,1834,0.8243936
695,/Volumes/SmithL0/2026/BIOL470/Final/Learning_Rig/bee_0408_2/bee_0408_2_rev_green_accident/cam1_2026-04-08_18-10-06.mp4,1585.0,1644.5,1335,1455,1835,1834,0.82415134
696,/Volumes/SmithL0/2026/BIOL470/Final/Learning_Rig/bee_0408_2/bee_0408_2_rev_green_accident/cam1_2026-04-08_18-10-06.mp4,1586.0,1644.5,1336,1454,1836,1835,0.8239548
697,/Volumes/SmithL0/2026/BIOL470/Final/Learning_Rig/bee_0408_2/bee_0408_2_rev_green_accident/cam1_2026-04-08_18-10-06.mp4,1587.0,1645.5,1338,1455,1836,1836,0.8260403
698,/Volumes/SmithL0/2026/BIOL470/Final/Learning_Rig/bee_0408_2/bee_0408_2_rev_green_accident/cam1_2026-04-08_18-10-06.mp4,1586.5,1644.5,1337,1455,1836,1834,0.827733
699,/Volumes/SmithL0/2026/BIOL470/Final/Learning_Rig/bee_0408_2/bee_0408_2_rev_green_accident/cam1_2026-04-08_18-10-06.mp4,1586.5,1644.0,1337,1455,1836,1833,0.82692343
700,/Volumes/SmithL0/2026/BIOL470/Final/Learning_Rig/bee_0408_2/bee_0408_2_rev_green_accident/cam1_2026-04-08_18-10-06.mp4,1586.0,1644.0,1337,1455,1835,1833,0.8255904
701,/Volumes/SmithL0/2026/BIOL470/Final/Learning_Rig/bee_0408_2/bee_0408_2_rev_green_accident/cam1_2026-04-08_18-10-06.mp4,1585.5,1644.0,1336,1455,1835,1833,0.8260419
702,/Volumes/SmithL0/2026/BIOL470/Final/Learning_Rig/bee_0408_2/bee_0408_2_rev_green_accident/cam1_2026-04-08_18-10-06.mp4,1585.5,1644.0,1337,1455,1834,1833,0.82907695
703,/Volumes/SmithL0/2026/BIOL470/Final/Learning_Rig/bee_0408_2/bee_0408_2_rev_green_accident/cam1_2026-04-08_18-10-06.mp4,1584.0,1644.5,1334,1455,1834,1834,0.8265953
704,/Volumes/SmithL0/2026/BIOL470/Final/Learning_Rig/bee_0408_2/bee_0408_2_rev_green_accident/cam1_2026-04-08_18-10-06.mp4,1585.0,1644.0,1336,1455,1834,1833,0.82765245
705,/Volumes/SmithL0/2026/BIOL470/Final/Learning_Rig/bee_0408_2/bee_0408_2_rev_green_accident/cam1_2026-04-08_18-10-06.mp4,1586.5,1643.5,1338,1454,1835,1833,0.8304541
706,/Volumes/SmithL0/2026/BIOL470/Final/Learning_Rig/bee_0408_2/bee_0408_2_rev_green_accident/cam1_2026-04-08_18-10-06.mp4,1586.0,1644.0,1337,1455,1835,1833,0.8285826
707,/Volumes/SmithL0/2026/BIOL470/Final/Learning_Rig/bee_0408_2/bee_0408_2_rev_green_accident/cam1_2026-04-08_18-10-06.mp4,1586.0,1643.0,1336,1454,1836,1832,0.83205837
708,/Volumes/SmithL0/2026/BIOL470/Final/Learning_Rig/bee_0408_2/bee_0408_2_rev_green_accident/cam1_2026-04-08_18-10-06.mp4,1586.5,1644.5,1337,1455,1836,1834,0.831183
709,/Volumes/SmithL0/2026/BIOL470/Final/Learning_Rig/bee_0408_2/bee_0408_2_rev_green_accident/cam1_2026-04-08_18-10-06.mp4,1585.5,1644.0,1334,1454,1837,1834,0.8291193
710,/Volumes/SmithL0/2026/BIOL470/Final/Learning_Rig/bee_0408_2/bee_0408_2_rev_green_accident/cam1_2026-04-08_18-10-06.mp4,1585.5,1644.0,1335,1455,1836,1833,0.8297047
711,/Volumes/SmithL0/2026/BIOL470/Final/Learning_Rig/bee_0408_2/bee_0408_2_rev_green_accident/cam1_2026-04-08_18-10-06.mp4,1586.0,1644.5,1335,1455,1837,1834,0.8264412
712,/Volumes/SmithL0/2026/BIOL470/Final/Learning_Rig/bee_0408_2/bee_0408_2_rev_green_accident/cam1_2026-04-08_18-10-06.mp4,1585.0,1644.5,1333,1455,1837,1834,0.8250717
713,/Volumes/SmithL0/2026/BIOL470/Final/Learning_Rig/bee_0408_2/bee_0408_2_rev_green_accident/cam1_2026-04-08_18-10-06.mp4,1587.5,1645.0,1338,1455,1837,1835,0.82853615
714,/Volumes/SmithL0/2026/BIOL470/Final/Learning_Rig/bee_0408_2/bee_0408_2_rev_green_accident/cam1_2026-04-08_18-10-06.mp4,1586.5,1645.0,1336,1455,1837,1835,0.8281581
715,/Volumes/SmithL0/2026/BIOL470/Final/Learning_Rig/bee_0408_2/bee_0408_2_rev_green_accident/cam1_2026-04-08_18-10-06.mp4,1586.0,1644.5,1336,1456,1836,1833,0.8283657
716,/Volumes/SmithL0/2026/BIOL470/Final/Learning_Rig/bee_0408_2/bee_0408_2_rev_green_accident/cam1_2026-04-08_18-10-06.mp4,1587.5,1644.0,1338,1456,1837,1832,0.83125496
717,/Volumes/SmithL0/2026/BIOL470/Final/Learning_Rig/bee_0408_2/bee_0408_2_rev_green_accident/cam1_2026-04-08_18-10-06.mp4,1586.5,1645.0,1336,1456,1837,1834,0.82891315
718,/Volumes/SmithL0/2026/BIOL470/Final/Learning_Rig/bee_0408_2/bee_0408_2_rev_green_accident/cam1_2026-04-08_18-10-06.mp4,1585.0,1645.0,1333,1456,1837,1834,0.82708216
719,/Volumes/SmithL0/2026/BIOL470/Final/Learning_Rig/bee_0408_2/bee_0408_2_rev_green_accident/cam1_2026-04-08_18-10-06.mp4,1587.0,1645.0,1336,1455,1838,1835,0.8298942
720,/Volumes/SmithL0/2026/BIOL470/Final/Learning_Rig/bee_0408_2/bee_0408_2_rev_green_accident/cam1_2026-04-08_18-10-06.mp4,1587.5,1646.5,1337,1455,1838,1838,0.8241859
721,/Volumes/SmithL0/2026/BIOL470/Final/Learning_Rig/bee_0408_2/bee_0408_2_rev_green_accident/cam1_2026-04-08_18-10-06.mp4,1588.0,1646.5,1338,1455,1838,1838,0.8271358
722,/Volumes/SmithL0/2026/BIOL470/Final/Learning_Rig/bee_0408_2/bee_0408_2_rev_green_accident/cam1_2026-04-08_18-10-06.mp4,1586.5,1646.0,1336,1455,1837,1837,0.8261576
723,/Volumes/SmithL0/2026/BIOL470/Final/Learning_Rig/bee_0408_2/bee_0408_2_rev_green_accident/cam1_2026-04-08_18-10-06.mp4,1587.0,1646.0,1338,1455,1836,1837,0.8249762
724,/Volumes/SmithL0/2026/BIOL470/Final/Learning_Rig/bee_0408_2/bee_0408_2_rev_green_accident/cam1_2026-04-08_18-10-06.mp4,1587.5,1645.5,1338,1455,1837,1836,0.82474154
725,/Volumes/SmithL0/2026/BIOL470/Final/Learning_Rig/bee_0408_2/bee_0408_2_rev_green_accident/cam1_2026-04-08_18-10-06.mp4,1588.0,1644.5,1339,1455,1837,1834,0.8251495
726,/Volumes/SmithL0/2026/BIOL470/Final/Learning_Rig/bee_0408_2/bee_0408_2_rev_green_accident/cam1_2026-04-08_18-10-06.mp4,1587.0,1645.5,1338,1455,1836,1836,0.8209578
727,/Volumes/SmithL0/2026/BIOL470/Final/Learning_Rig/bee_0408_2/bee_0408_2_rev_green_accident/cam1_2026-04-08_18-10-06.mp4,1588.0,1645.5,1339,1455,1837,1836,0.82453805
728,/Volumes/SmithL0/2026/BIOL470/Final/Learning_Rig/bee_0408_2/bee_0408_2_rev_green_accident/cam1_2026-04-08_18-10-06.mp4,1587.5,1645.5,1338,1455,1837,1836,0.8207979
729,/Volumes/SmithL0/2026/BIOL470/Final/Learning_Rig/bee_0408_2/bee_0408_2_rev_green_accident/cam1_2026-04-08_18-10-06.mp4,1589.0,1644.5,1340,1455,1838,1834,0.8254987
730,/Volumes/SmithL0/2026/BIOL470/Final/Learning_Rig/bee_0408_2/bee_0408_2_rev_green_accident/cam1_2026-04-08_18-10-06.mp4,1588.5,1645.0,1339,1455,1838,1835,0.8232023
731,/Volumes/SmithL0/2026/BIOL470/Final/Learning_Rig/bee_0408_2/bee_0408_2_rev_green_accident/cam1_2026-04-08_18-10-06.mp4,1588.0,1645.5,1338,1455,1838,1836,0.8232563
732,/Volumes/SmithL0/2026/BIOL470/Final/Learning_Rig/bee_0408_2/bee_0408_2_rev_green_accident/cam1_2026-04-08_18-10-06.mp4,1588.0,1645.0,1337,1455,1839,1835,0.8252922
733,/Volumes/SmithL0/2026/BIOL470/Final/Learning_Rig/bee_0408_2/bee_0408_2_rev_green_accident/cam1_2026-04-08_18-10-06.mp4,1588.0,1644.5,1338,1455,1838,1834,0.8293747
734,/Volumes/SmithL0/2026/BIOL470/Final/Learning_Rig/bee_0408_2/bee_0408_2_rev_green_accident/cam1_2026-04-08_18-10-06.mp4,1587.0,1645.0,1336,1455,1838,1835,0.82684135
735,/Volumes/SmithL0/2026/BIOL470/Final/Learning_Rig/bee_0408_2/bee_0408_2_rev_green_accident/cam1_2026-04-08_18-10-06.mp4,1588.0,1646.0,1338,1455,1838,1837,0.8275491
736,/Volumes/SmithL0/2026/BIOL470/Final/Learning_Rig/bee_0408_2/bee_0408_2_rev_green_accident/cam1_2026-04-08_18-10-06.mp4,1588.0,1645.5,1338,1455,1838,1836,0.829634
737,/Volumes/SmithL0/2026/BIOL470/Final/Learning_Rig/bee_0408_2/bee_0408_2_rev_green_accident/cam1_2026-04-08_18-10-06.mp4,1588.0,1645.0,1338,1455,1838,1835,0.82861876
738,/Volumes/SmithL0/2026/BIOL470/Final/Learning_Rig/bee_0408_2/bee_0408_2_rev_green_accident/cam1_2026-04-08_18-10-06.mp4,1588.0,1646.0,1338,1455,1838,1837,0.831117
739,/Volumes/SmithL0/2026/BIOL470/Final/Learning_Rig/bee_0408_2/bee_0408_2_rev_green_accident/cam1_2026-04-08_18-10-06.mp4,1588.5,1645.5,1339,1455,1838,1836,0.8270482
740,/Volumes/SmithL0/2026/BIOL470/Final/Learning_Rig/bee_0408_2/bee_0408_2_rev_green_accident/cam1_2026-04-08_18-10-06.mp4,1588.0,1646.5,1339,1455,1837,1838,0.82557744
741,/Volumes/SmithL0/2026/BIOL470/Final/Learning_Rig/bee_0408_2/bee_0408_2_rev_green_accident/cam1_2026-04-08_18-10-06.mp4,1587.5,1646.0,1338,1454,1837,1838,0.82693505
742,/Volumes/SmithL0/2026/BIOL470/Final/Learning_Rig/bee_0408_2/bee_0408_2_rev_green_accident/cam1_2026-04-08_18-10-06.mp4,1588.5,1645.5,1339,1454,1838,1837,0.83027005
743,/Volumes/SmithL0/2026/BIOL470/Final/Learning_Rig/bee_0408_2/bee_0408_2_rev_green_accident/cam1_2026-04-08_18-10-06.mp4,1589.5,1647.0,1341,1455,1838,1839,0.8277204
744,/Volumes/SmithL0/2026/BIOL470/Final/Learning_Rig/bee_0408_2/bee_0408_2_rev_green_accident/cam1_2026-04-08_18-10-06.mp4,1589.0,1646.5,1340,1455,1838,1838,0.82639116
745,/Volumes/SmithL0/2026/BIOL470/Final/Learning_Rig/bee_0408_2/bee_0408_2_rev_green_accident/cam1_2026-04-08_18-10-06.mp4,1589.0,1647.0,1339,1455,1839,1839,0.82954544
746,/Volumes/SmithL0/2026/BIOL470/Final/Learning_Rig/bee_0408_2/bee_0408_2_rev_green_accident/cam1_2026-04-08_18-10-06.mp4,1590.0,1646.5,1341,1456,1839,1837,0.8317553
747,/Volumes/SmithL0/2026/BIOL470/Final/Learning_Rig/bee_0408_2/bee_0408_2_rev_green_accident/cam1_2026-04-08_18-10-06.mp4,1589.0,1646.0,1339,1455,1839,1837,0.83242923
748,/Volumes/SmithL0/2026/BIOL470/Final/Learning_Rig/bee_0408_2/bee_0408_2_rev_green_accident/cam1_2026-04-08_18-10-06.mp4,1589.0,1645.5,1339,1455,1839,1836,0.8321744
749,/Volumes/SmithL0/2026/BIOL470/Final/Learning_Rig/bee_0408_2/bee_0408_2_rev_green_accident/cam1_2026-04-08_18-10-06.mp4,1590.0,1645.5,1340,1455,1840,1836,0.8294343
750,/Volumes/SmithL0/2026/BIOL470/Final/Learning_Rig/bee_0408_2/bee_0408_2_rev_green_accident/cam1_2026-04-08_18-10-06.mp4,1588.5,1646.0,1338,1455,1839,1837,0.816998
751,/Volumes/SmithL0/2026/BIOL470/Final/Learning_Rig/bee_0408_2/bee_0408_2_rev_green_accident/cam1_2026-04-08_18-10-06.mp4,1588.5,1646.5,1338,1455,1839,1838,0.8241498
752,/Volumes/SmithL0/2026/BIOL470/Final/Learning_Rig/bee_0408_2/bee_0408_2_rev_green_accident/cam1_2026-04-08_18-10-06.mp4,1589.5,1645.5,1339,1455,1840,1836,0.8271244
753,/Volumes/SmithL0/2026/BIOL470/Final/Learning_Rig/bee_0408_2/bee_0408_2_rev_green_accident/cam1_2026-04-08_18-10-06.mp4,1589.5,1646.0,1339,1455,1840,1837,0.8274845
754,/Volumes/SmithL0/2026/BIOL470/Final/Learning_Rig/bee_0408_2/bee_0408_2_rev_green_accident/cam1_2026-04-08_18-10-06.mp4,1589.0,1646.0,1339,1455,1839,1837,0.8263605
755,/Volumes/SmithL0/2026/BIOL470/Final/Learning_Rig/bee_0408_2/bee_0408_2_rev_green_accident/cam1_2026-04-08_18-10-06.mp4,1589.5,1646.0,1340,1455,1839,1837,0.82360744
756,/Volumes/SmithL0/2026/BIOL470/Final/Learning_Rig/bee_0408_2/bee_0408_2_rev_green_accident/cam1_2026-04-08_18-10-06.mp4,1588.0,1645.5,1337,1455,1839,1836,0.82340574
757,/Volumes/SmithL0/2026/BIOL470/Final/Learning_Rig/bee_0408_2/bee_0408_2_rev_green_accident/cam1_2026-04-08_18-10-06.mp4,1588.0,1645.5,1337,1455,1839,1836,0.8237303
758,/Volumes/SmithL0/2026/BIOL470/Final/Learning_Rig/bee_0408_2/bee_0408_2_rev_green_accident/cam1_2026-04-08_18-10-06.mp4,1588.5,1646.5,1338,1456,1839,1837,0.8243902
759,/Volumes/SmithL0/2026/BIOL470/Final/Learning_Rig/bee_0408_2/bee_0408_2_rev_green_accident/cam1_2026-04-08_18-10-06.mp4,1588.0,1647.0,1336,1456,1840,1838,0.82291406
760,/Volumes/SmithL0/2026/BIOL470/Final/Learning_Rig/bee_0408_2/bee_0408_2_rev_green_accident/cam1_2026-04-08_18-10-06.mp4,1589.5,1645.5,1339,1455,1840,1836,0.8295413
761,/Volumes/SmithL0/2026/BIOL470/Final/Learning_Rig/bee_0408_2/bee_0408_2_rev_green_accident/cam1_2026-04-08_18-10-06.mp4,1589.5,1645.5,1339,1455,1840,1836,0.82627016
762,/Volumes/SmithL0/2026/BIOL470/Final/Learning_Rig/bee_0408_2/bee_0408_2_rev_green_accident/cam1_2026-04-08_18-10-06.mp4,1589.0,1646.5,1339,1455,1839,1838,0.82529795
763,/Volumes/SmithL0/2026/BIOL470/Final/Learning_Rig/bee_0408_2/bee_0408_2_rev_green_accident/cam1_2026-04-08_18-10-06.mp4,1588.5,1645.5,1338,1455,1839,1836,0.8259567
764,/Volumes/SmithL0/2026/BIOL470/Final/Learning_Rig/bee_0408_2/bee_0408_2_rev_green_accident/cam1_2026-04-08_18-10-06.mp4,1589.5,1645.5,1340,1455,1839,1836,0.83022857
765,/Volumes/SmithL0/2026/BIOL470/Final/Learning_Rig/bee_0408_2/bee_0408_2_rev_green_accident/cam1_2026-04-08_18-10-06.mp4,1587.5,1645.5,1336,1455,1839,1836,0.82792115
766,/Volumes/SmithL0/2026/BIOL470/Final/Learning_Rig/bee_0408_2/bee_0408_2_rev_green_accident/cam1_2026-04-08_18-10-06.mp4,1588.0,1645.5,1337,1455,1839,1836,0.8291512
767,/Volumes/SmithL0/2026/BIOL470/Final/Learning_Rig/bee_0408_2/bee_0408_2_rev_green_accident/cam1_2026-04-08_18-10-06.mp4,1585.5,1645.5,1332,1455,1839,1836,0.8254517
768,/Volumes/SmithL0/2026/BIOL470/Final/Learning_Rig/bee_0408_2/bee_0408_2_rev_green_accident/cam1_2026-04-08_18-10-06.mp4,1586.0,1645.0,1334,1455,1838,1835,0.82622695
769,/Volumes/SmithL0/2026/BIOL470/Final/Learning_Rig/bee_0408_2/bee_0408_2_rev_green_accident/cam1_2026-04-08_18-10-06.mp4,1587.5,1645.5,1337,1455,1838,1836,0.8230805
770,/Volumes/SmithL0/2026/BIOL470/Final/Learning_Rig/bee_0408_2/bee_0408_2_rev_green_accident/cam1_2026-04-08_18-10-06.mp4,1586.5,1646.0,1335,1455,1838,1837,0.8257995
771,/Volumes/SmithL0/2026/BIOL470/Final/Learning_Rig/bee_0408_2/bee_0408_2_rev_green_accident/cam1_2026-04-08_18-10-06.mp4,1587.5,1645.5,1336,1455,1839,1836,0.8276535
772,/Volumes/SmithL0/2026/BIOL470/Final/Learning_Rig/bee_0408_2/bee_0408_2_rev_green_accident/cam1_2026-04-08_18-10-06.mp4,1587.5,1645.5,1336,1455,1839,1836,0.82853496
773,/Volumes/SmithL0/2026/BIOL470/Final/Learning_Rig/bee_0408_2/bee_0408_2_rev_green_accident/cam1_2026-04-08_18-10-06.mp4,1586.5,1646.0,1333,1455,1840,1837,0.82501704
774,/Volumes/SmithL0/2026/BIOL470/Final/Learning_Rig/bee_0408_2/bee_0408_2_rev_green_accident/cam1_2026-04-08_18-10-06.mp4,1587.0,1645.0,1335,1455,1839,1835,0.8229082
775,/Volumes/SmithL0/2026/BIOL470/Final/Learning_Rig/bee_0408_2/bee_0408_2_rev_green_accident/cam1_2026-04-08_18-10-06.mp4,1586.5,1645.5,1334,1455,1839,1836,0.82657605
776,/Volumes/SmithL0/2026/BIOL470/Final/Learning_Rig/bee_0408_2/bee_0408_2_rev_green_accident/cam1_2026-04-08_18-10-06.mp4,1586.0,1645.0,1334,1455,1838,1835,0.82381576
777,/Volumes/SmithL0/2026/BIOL470/Final/Learning_Rig/bee_0408_2/bee_0408_2_rev_green_accident/cam1_2026-04-08_18-10-06.mp4,1588.0,1646.5,1337,1455,1839,1838,0.8254992
778,/Volumes/SmithL0/2026/BIOL470/Final/Learning_Rig/bee_0408_2/bee_0408_2_rev_green_accident/cam1_2026-04-08_18-10-06.mp4,1589.5,1645.5,1340,1455,1839,1836,0.82821786
779,/Volumes/SmithL0/2026/BIOL470/Final/Learning_Rig/bee_0408_2/bee_0408_2_rev_green_accident/cam1_2026-04-08_18-10-06.mp4,1589.5,1646.0,1340,1455,1839,1837,0.82887304
780,/Volumes/SmithL0/2026/BIOL470/Final/Learning_Rig/bee_0408_2/bee_0408_2_rev_green_accident/cam1_2026-04-08_18-10-06.mp4,1587.5,1645.5,1336,1455,1839,1836,0.8215124
781,/Volumes/SmithL0/2026/BIOL470/Final/Learning_Rig/bee_0408_2/bee_0408_2_rev_green_accident/cam1_2026-04-08_18-10-06.mp4,1588.5,1646.0,1338,1455,1839,1837,0.8237213
782,/Volumes/SmithL0/2026/BIOL470/Final/Learning_Rig/bee_0408_2/bee_0408_2_rev_green_accident/cam1_2026-04-08_18-10-06.mp4,1589.5,1646.0,1340,1455,1839,1837,0.8226339
783,/Volumes/SmithL0/2026/BIOL470/Final/Learning_Rig/bee_0408_2/bee_0408_2_rev_green_accident/cam1_2026-04-08_18-10-06.mp4,1588.0,1646.0,1337,1454,1839,1838,0.8244534
784,/Volumes/SmithL0/2026/BIOL470/Final/Learning_Rig/bee_0408_2/bee_0408_2_rev_green_accident/cam1_2026-04-08_18-10-06.mp4,1588.5,1645.5,1338,1454,1839,1837,0.829148
785,/Volumes/SmithL0/2026/BIOL470/Final/Learning_Rig/bee_0408_2/bee_0408_2_rev_green_accident/cam1_2026-04-08_18-10-06.mp4,1589.0,1646.0,1338,1454,1840,1838,0.8247286
786,/Volumes/SmithL0/2026/BIOL470/Final/Learning_Rig/bee_0408_2/bee_0408_2_rev_green_accident/cam1_2026-04-08_18-10-06.mp4,1588.0,1646.0,1337,1455,1839,1837,0.82321316
787,/Volumes/SmithL0/2026/BIOL470/Final/Learning_Rig/bee_0408_2/bee_0408_2_rev_green_accident/cam1_2026-04-08_18-10-06.mp4,1588.5,1646.5,1337,1455,1840,1838,0.8221817
788,/Volumes/SmithL0/2026/BIOL470/Final/Learning_Rig/bee_0408_2/bee_0408_2_rev_green_accident/cam1_2026-04-08_18-10-06.mp4,1588.5,1646.5,1337,1455,1840,1838,0.82573247
789,/Volumes/SmithL0/2026/BIOL470/Final/Learning_Rig/bee_0408_2/bee_0408_2_rev_green_accident/cam1_2026-04-08_18-10-06.mp4,1588.5,1645.5,1337,1455,1840,1836,0.82506317
790,/Volumes/SmithL0/2026/BIOL470/Final/Learning_Rig/bee_0408_2/bee_0408_2_rev_green_accident/cam1_2026-04-08_18-10-06.mp4,1589.5,1645.0,1339,1455,1840,1835,0.82767224
791,/Volumes/SmithL0/2026/BIOL470/Final/Learning_Rig/bee_0408_2/bee_0408_2_rev_green_accident/cam1_2026-04-08_18-10-06.mp4,1589.0,1645.0,1338,1455,1840,1835,0.8344055
792,/Volumes/SmithL0/2026/BIOL470/Final/Learning_Rig/bee_0408_2/bee_0408_2_rev_green_accident/cam1_2026-04-08_18-10-06.mp4,1587.5,1644.5,1336,1455,1839,1834,0.829581
793,/Volumes/SmithL0/2026/BIOL470/Final/Learning_Rig/bee_0408_2/bee_0408_2_rev_green_accident/cam1_2026-04-08_18-10-06.mp4,1588.0,1646.0,1337,1455,1839,1837,0.82923
794,/Volumes/SmithL0/2026/BIOL470/Final/Learning_Rig/bee_0408_2/bee_0408_2_rev_green_accident/cam1_2026-04-08_18-10-06.mp4,1589.0,1645.5,1339,1455,1839,1836,0.8250126
795,/Volumes/SmithL0/2026/BIOL470/Final/Learning_Rig/bee_0408_2/bee_0408_2_rev_green_accident/cam1_2026-04-08_18-10-06.mp4,1588.0,1645.5,1337,1455,1839,1836,0.8191613
796,/Volumes/SmithL0/2026/BIOL470/Final/Learning_Rig/bee_0408_2/bee_0408_2_rev_green_accident/cam1_2026-04-08_18-10-06.mp4,1588.5,1645.5,1338,1455,1839,1836,0.8209917
797,/Volumes/SmithL0/2026/BIOL470/Final/Learning_Rig/bee_0408_2/bee_0408_2_rev_green_accident/cam1_2026-04-08_18-10-06.mp4,1587.5,1644.5,1337,1455,1838,1834,0.82988286
798,/Volumes/SmithL0/2026/BIOL470/Final/Learning_Rig/bee_0408_2/bee_0408_2_rev_green_accident/cam1_2026-04-08_18-10-06.mp4,1588.0,1645.5,1338,1455,1838,1836,0.8276555
799,/Volumes/SmithL0/2026/BIOL470/Final/Learning_Rig/bee_0408_2/bee_0408_2_rev_green_accident/cam1_2026-04-08_18-10-06.mp4,1588.5,1644.5,1338,1455,1839,1834,0.8284599
800,/Volumes/SmithL0/2026/BIOL470/Final/Learning_Rig/bee_0408_2/bee_0408_2_rev_green_accident/cam1_2026-04-08_18-10-06.mp4,1589.0,1645.0,1339,1455,1839,1835,0.8219032
801,/Volumes/SmithL0/2026/BIOL470/Final/Learning_Rig/bee_0408_2/bee_0408_2_rev_green_accident/cam1_2026-04-08_18-10-06.mp4,1587.5,1644.0,1336,1454,1839,1834,0.828506
802,/Volumes/SmithL0/2026/BIOL470/Final/Learning_Rig/bee_0408_2/bee_0408_2_rev_green_accident/cam1_2026-04-08_18-10-06.mp4,1589.0,1645.0,1339,1455,1839,1835,0.8296109
803,/Volumes/SmithL0/2026/BIOL470/Final/Learning_Rig/bee_0408_2/bee_0408_2_rev_green_accident/cam1_2026-04-08_18-10-06.mp4,1586.5,1645.5,1334,1455,1839,1836,0.8251672
804,/Volumes/SmithL0/2026/BIOL470/Final/Learning_Rig/bee_0408_2/bee_0408_2_rev_green_accident/cam1_2026-04-08_18-10-06.mp4,1588.5,1645.0,1339,1454,1838,1836,0.82569015
805,/Volumes/SmithL0/2026/BIOL470/Final/Learning_Rig/bee_0408_2/bee_0408_2_rev_green_accident/cam1_2026-04-08_18-10-06.mp4,1587.0,1645.5,1335,1455,1839,1836,0.826652
806,/Volumes/SmithL0/2026/BIOL470/Final/Learning_Rig/bee_0408_2/bee_0408_2_rev_green_accident/cam1_2026-04-08_18-10-06.mp4,1587.5,1645.5,1337,1455,1838,1836,0.8254506
807,/Volumes/SmithL0/2026/BIOL470/Final/Learning_Rig/bee_0408_2/bee_0408_2_rev_green_accident/cam1_2026-04-08_18-10-06.mp4,1586.5,1644.5,1334,1455,1839,1834,0.82765245
808,/Volumes/SmithL0/2026/BIOL470/Final/Learning_Rig/bee_0408_2/bee_0408_2_rev_green_accident/cam1_2026-04-08_18-10-06.mp4,1588.0,1645.0,1337,1455,1839,1835,0.8248939
809,/Volumes/SmithL0/2026/BIOL470/Final/Learning_Rig/bee_0408_2/bee_0408_2_rev_green_accident/cam1_2026-04-08_18-10-06.mp4,1587.0,1644.5,1335,1455,1839,1834,0.8259074
810,/Volumes/SmithL0/2026/BIOL470/Final/Learning_Rig/bee_0408_2/bee_0408_2_rev_green_accident/cam1_2026-04-08_18-10-06.mp4,1588.5,1644.5,1338,1455,1839,1834,0.82835543
811,/Volumes/SmithL0/2026/BIOL470/Final/Learning_Rig/bee_0408_2/bee_0408_2_rev_green_accident/cam1_2026-04-08_18-10-06.mp4,1589.5,1645.0,1340,1455,1839,1835,0.82523066
812,/Volumes/SmithL0/2026/BIOL470/Final/Learning_Rig/bee_0408_2/bee_0408_2_rev_green_accident/cam1_2026-04-08_18-10-06.mp4,1589.0,1645.5,1340,1455,1838,1836,0.82854176
813,/Volumes/SmithL0/2026/BIOL470/Final/Learning_Rig/bee_0408_2/bee_0408_2_rev_green_accident/cam1_2026-04-08_18-10-06.mp4,1589.0,1645.0,1339,1455,1839,1835,0.82755554
814,/Volumes/SmithL0/2026/BIOL470/Final/Learning_Rig/bee_0408_2/bee_0408_2_rev_green_accident/cam1_2026-04-08_18-10-06.mp4,1589.5,1645.5,1340,1455,1839,1836,0.8296922
815,/Volumes/SmithL0/2026/BIOL470/Final/Learning_Rig/bee_0408_2/bee_0408_2_rev_green_accident/cam1_2026-04-08_18-10-06.mp4,1588.5,1645.5,1338,1454,1839,1837,0.82961595
816,/Volumes/SmithL0/2026/BIOL470/Final/Learning_Rig/bee_0408_2/bee_0408_2_rev_green_accident/cam1_2026-04-08_18-10-06.mp4,1588.5,1646.0,1339,1455,1838,1837,0.8294909
817,/Volumes/SmithL0/2026/BIOL470/Final/Learning_Rig/bee_0408_2/bee_0408_2_rev_green_accident/cam1_2026-04-08_18-10-06.mp4,1588.0,1645.5,1338,1455,1838,1836,0.82948464
818,/Volumes/SmithL0/2026/BIOL470/Final/Learning_Rig/bee_0408_2/bee_0408_2_rev_green_accident/cam1_2026-04-08_18-10-06.mp4,1588.5,1645.0,1338,1455,1839,1835,0.8310881
819,/Volumes/SmithL0/2026/BIOL470/Final/Learning_Rig/bee_0408_2/bee_0408_2_rev_green_accident/cam1_2026-04-08_18-10-06.mp4,1587.5,1644.5,1336,1455,1839,1834,0.82860607
820,/Volumes/SmithL0/2026/BIOL470/Final/Learning_Rig/bee_0408_2/bee_0408_2_rev_green_accident/cam1_2026-04-08_18-10-06.mp4,1588.0,1644.5,1337,1455,1839,1834,0.8287291
821,/Volumes/SmithL0/2026/BIOL470/Final/Learning_Rig/bee_0408_2/bee_0408_2_rev_green_accident/cam1_2026-04-08_18-10-06.mp4,1588.0,1644.5,1336,1455,1840,1834,0.8283929
822,/Volumes/SmithL0/2026/BIOL470/Final/Learning_Rig/bee_0408_2/bee_0408_2_rev_green_accident/cam1_2026-04-08_18-10-06.mp4,1589.0,1645.5,1339,1455,1839,1836,0.82603157
823,/Volumes/SmithL0/2026/BIOL470/Final/Learning_Rig/bee_0408_2/bee_0408_2_rev_green_accident/cam1_2026-04-08_18-10-06.mp4,1588.5,1645.0,1337,1455,1840,1835,0.8302497
824,/Volumes/SmithL0/2026/BIOL470/Final/Learning_Rig/bee_0408_2/bee_0408_2_rev_green_accident/cam1_2026-04-08_18-10-06.mp4,1587.0,1645.0,1335,1455,1839,1835,0.8296155
825,/Volumes/SmithL0/2026/BIOL470/Final/Learning_Rig/bee_0408_2/bee_0408_2_rev_green_accident/cam1_2026-04-08_18-10-06.mp4,1588.0,1644.0,1336,1454,1840,1834,0.8270288
826,/Volumes/SmithL0/2026/BIOL470/Final/Learning_Rig/bee_0408_2/bee_0408_2_rev_green_accident/cam1_2026-04-08_18-10-06.mp4,1588.5,1644.5,1337,1455,1840,1834,0.8306542
827,/Volumes/SmithL0/2026/BIOL470/Final/Learning_Rig/bee_0408_2/bee_0408_2_rev_green_accident/cam1_2026-04-08_18-10-06.mp4,1587.5,1645.0,1335,1454,1840,1836,0.83182883
828,/Volumes/SmithL0/2026/BIOL470/Final/Learning_Rig/bee_0408_2/bee_0408_2_rev_green_accident/cam1_2026-04-08_18-10-06.mp4,1589.0,1644.5,1338,1454,1840,1835,0.8338855
829,/Volumes/SmithL0/2026/BIOL470/Final/Learning_Rig/bee_0408_2/bee_0408_2_rev_green_accident/cam1_2026-04-08_18-10-06.mp4,1587.0,1643.5,1334,1454,1840,1833,0.8335913
830,/Volumes/SmithL0/2026/BIOL470/Final/Learning_Rig/bee_0408_2/bee_0408_2_rev_green_accident/cam1_2026-04-08_18-10-06.mp4,1589.5,1644.0,1340,1454,1839,1834,0.8332842
831,/Volumes/SmithL0/2026/BIOL470/Final/Learning_Rig/bee_0408_2/bee_0408_2_rev_green_accident/cam1_2026-04-08_18-10-06.mp4,1588.5,1645.0,1337,1455,1840,1835,0.83112824
832,/Volumes/SmithL0/2026/BIOL470/Final/Learning_Rig/bee_0408_2/bee_0408_2_rev_green_accident/cam1_2026-04-08_18-10-06.mp4,1589.5,1645.0,1339,1455,1840,1835,0.83012944
833,/Volumes/SmithL0/2026/BIOL470/Final/Learning_Rig/bee_0408_2/bee_0408_2_rev_green_accident/cam1_2026-04-08_18-10-06.mp4,1588.5,1644.5,1337,1455,1840,1834,0.82588565
834,/Volumes/SmithL0/2026/BIOL470/Final/Learning_Rig/bee_0408_2/bee_0408_2_rev_green_accident/cam1_2026-04-08_18-10-06.mp4,1587.0,1644.5,1334,1454,1840,1835,0.82580566
835,/Volumes/SmithL0/2026/BIOL470/Final/Learning_Rig/bee_0408_2/bee_0408_2_rev_green_accident/cam1_2026-04-08_18-10-06.mp4,1589.0,1645.0,1338,1454,1840,1836,0.8286582
836,/Volumes/SmithL0/2026/BIOL470/Final/Learning_Rig/bee_0408_2/bee_0408_2_rev_green_accident/cam1_2026-04-08_18-10-06.mp4,1589.5,1644.5,1339,1454,1840,1835,0.8291871
837,/Volumes/SmithL0/2026/BIOL470/Final/Learning_Rig/bee_0408_2/bee_0408_2_rev_green_accident/cam1_2026-04-08_18-10-06.mp4,1590.0,1645.0,1340,1454,1840,1836,0.8275707
838,/Volumes/SmithL0/2026/BIOL470/Final/Learning_Rig/bee_0408_2/bee_0408_2_rev_green_accident/cam1_2026-04-08_18-10-06.mp4,1589.0,1644.5,1338,1454,1840,1835,0.8269428
839,/Volumes/SmithL0/2026/BIOL470/Final/Learning_Rig/bee_0408_2/bee_0408_2_rev_green_accident/cam1_2026-04-08_18-10-06.mp4,1588.5,1645.0,1337,1454,1840,1836,0.82600486
840,/Volumes/SmithL0/2026/BIOL470/Final/Learning_Rig/bee_0408_2/bee_0408_2_rev_green_accident/cam1_2026-04-08_18-10-06.mp4,1589.5,1645.5,1339,1455,1840,1836,0.8262104
841,/Volumes/SmithL0/2026/BIOL470/Final/Learning_Rig/bee_0408_2/bee_0408_2_rev_green_accident/cam1_2026-04-08_18-10-06.mp4,1590.0,1645.5,1341,1455,1839,1836,0.8265341
842,/Volumes/SmithL0/2026/BIOL470/Final/Learning_Rig/bee_0408_2/bee_0408_2_rev_green_accident/cam1_2026-04-08_18-10-06.mp4,1590.0,1646.0,1341,1455,1839,1837,0.8295287
843,/Volumes/SmithL0/2026/BIOL470/Final/Learning_Rig/bee_0408_2/bee_0408_2_rev_green_accident/cam1_2026-04-08_18-10-06.mp4,1590.5,1646.0,1341,1455,1840,1837,0.8276546
844,/Volumes/SmithL0/2026/BIOL470/Final/Learning_Rig/bee_0408_2/bee_0408_2_rev_green_accident/cam1_2026-04-08_18-10-06.mp4,1590.5,1644.5,1341,1454,1840,1835,0.8331557
845,/Volumes/SmithL0/2026/BIOL470/Final/Learning_Rig/bee_0408_2/bee_0408_2_rev_green_accident/cam1_2026-04-08_18-10-06.mp4,1590.5,1645.0,1341,1455,1840,1835,0.83265173
846,/Volumes/SmithL0/2026/BIOL470/Final/Learning_Rig/bee_0408_2/bee_0408_2_rev_green_accident/cam1_2026-04-08_18-10-06.mp4,1590.0,1645.0,1340,1454,1840,1836,0.8323207
847,/Volumes/SmithL0/2026/BIOL470/Final/Learning_Rig/bee_0408_2/bee_0408_2_rev_green_accident/cam1_2026-04-08_18-10-06.mp4,1590.0,1646.0,1340,1455,1840,1837,0.82972264
848,/Volumes/SmithL0/2026/BIOL470/Final/Learning_Rig/bee_0408_2/bee_0408_2_rev_green_accident/cam1_2026-04-08_18-10-06.mp4,1589.5,1646.0,1339,1455,1840,1837,0.8264215
849,/Volumes/SmithL0/2026/BIOL470/Final/Learning_Rig/bee_0408_2/bee_0408_2_rev_green_accident/cam1_2026-04-08_18-10-06.mp4,1588.5,1646.0,1337,1455,1840,1837,0.8319488
850,/Volumes/SmithL0/2026/BIOL470/Final/Learning_Rig/bee_0408_2/bee_0408_2_rev_green_accident/cam1_2026-04-08_18-10-06.mp4,1589.5,1646.0,1339,1455,1840,1837,0.83093524
851,/Volumes/SmithL0/2026/BIOL470/Final/Learning_Rig/bee_0408_2/bee_0408_2_rev_green_accident/cam1_2026-04-08_18-10-06.mp4,1589.5,1646.0,1339,1455,1840,1837,0.8298659
852,/Volumes/SmithL0/2026/BIOL470/Final/Learning_Rig/bee_0408_2/bee_0408_2_rev_green_accident/cam1_2026-04-08_18-10-06.mp4,1590.0,1645.0,1340,1454,1840,1836,0.8284401
853,/Volumes/SmithL0/2026/BIOL470/Final/Learning_Rig/bee_0408_2/bee_0408_2_rev_green_accident/cam1_2026-04-08_18-10-06.mp4,1590.0,1645.5,1340,1455,1840,1836,0.82829726
854,/Volumes/SmithL0/2026/BIOL470/Final/Learning_Rig/bee_0408_2/bee_0408_2_rev_green_accident/cam1_2026-04-08_18-10-06.mp4,1590.5,1645.5,1341,1455,1840,1836,0.8281344
855,/Volumes/SmithL0/2026/BIOL470/Final/Learning_Rig/bee_0408_2/bee_0408_2_rev_green_accident/cam1_2026-04-08_18-10-06.mp4,1589.0,1644.5,1337,1455,1841,1834,0.83066183
856,/Volumes/SmithL0/2026/BIOL470/Final/Learning_Rig/bee_0408_2/bee_0408_2_rev_green_accident/cam1_2026-04-08_18-10-06.mp4,1590.5,1645.0,1341,1455,1840,1835,0.82745516
857,/Volumes/SmithL0/2026/BIOL470/Final/Learning_Rig/bee_0408_2/bee_0408_2_rev_green_accident/cam1_2026-04-08_18-10-06.mp4,1590.0,1645.5,1340,1455,1840,1836,0.83116955
858,/Volumes/SmithL0/2026/BIOL470/Final/Learning_Rig/bee_0408_2/bee_0408_2_rev_green_accident/cam1_2026-04-08_18-10-06.mp4,1589.0,1646.0,1338,1455,1840,1837,0.83094317
859,/Volumes/SmithL0/2026/BIOL470/Final/Learning_Rig/bee_0408_2/bee_0408_2_rev_green_accident/cam1_2026-04-08_18-10-06.mp4,1589.0,1646.0,1339,1455,1839,1837,0.8322895
860,/Volumes/SmithL0/2026/BIOL470/Final/Learning_Rig/bee_0408_2/bee_0408_2_rev_green_accident/cam1_2026-04-08_18-10-06.mp4,1589.0,1645.5,1339,1455,1839,1836,0.83227634
861,/Volumes/SmithL0/2026/BIOL470/Final/Learning_Rig/bee_0408_2/bee_0408_2_rev_green_accident/cam1_2026-04-08_18-10-06.mp4,1589.0,1646.5,1339,1455,1839,1838,0.8307157
862,/Volumes/SmithL0/2026/BIOL470/Final/Learning_Rig/bee_0408_2/bee_0408_2_rev_green_accident/cam1_2026-04-08_18-10-06.mp4,1589.5,1645.5,1340,1454,1839,1837,0.8274784
863,/Volumes/SmithL0/2026/BIOL470/Final/Learning_Rig/bee_0408_2/bee_0408_2_rev_green_accident/cam1_2026-04-08_18-10-06.mp4,1590.0,1646.0,1340,1454,1840,1838,0.8270075
864,/Volumes/SmithL0/2026/BIOL470/Final/Learning_Rig/bee_0408_2/bee_0408_2_rev_green_accident/cam1_2026-04-08_18-10-06.mp4,1588.5,1645.5,1337,1455,1840,1836,0.8270284
865,/Volumes/SmithL0/2026/BIOL470/Final/Learning_Rig/bee_0408_2/bee_0408_2_rev_green_accident/cam1_2026-04-08_18-10-06.mp4,1588.5,1645.5,1337,1455,1840,1836,0.8293402
866,/Volumes/SmithL0/2026/BIOL470/Final/Learning_Rig/bee_0408_2/bee_0408_2_rev_green_accident/cam1_2026-04-08_18-10-06.mp4,1590.5,1645.5,1341,1455,1840,1836,0.8310432
867,/Volumes/SmithL0/2026/BIOL470/Final/Learning_Rig/bee_0408_2/bee_0408_2_rev_green_accident/cam1_2026-04-08_18-10-06.mp4,1590.0,1646.0,1340,1455,1840,1837,0.8280038
868,/Volumes/SmithL0/2026/BIOL470/Final/Learning_Rig/bee_0408_2/bee_0408_2_rev_green_accident/cam1_2026-04-08_18-10-06.mp4,1591.0,1646.0,1342,1455,1840,1837,0.8268786
869,/Volumes/SmithL0/2026/BIOL470/Final/Learning_Rig/bee_0408_2/bee_0408_2_rev_green_accident/cam1_2026-04-08_18-10-06.mp4,1591.0,1646.0,1342,1455,1840,1837,0.8284486
870,/Volumes/SmithL0/2026/BIOL470/Final/Learning_Rig/bee_0408_2/bee_0408_2_rev_green_accident/cam1_2026-04-08_18-10-06.mp4,1589.0,1646.5,1338,1455,1840,1838,0.8294438
871,/Volumes/SmithL0/2026/BIOL470/Final/Learning_Rig/bee_0408_2/bee_0408_2_rev_green_accident/cam1_2026-04-08_18-10-06.mp4,1590.0,1646.5,1339,1456,1841,1837,0.8306218
872,/Volumes/SmithL0/2026/BIOL470/Final/Learning_Rig/bee_0408_2/bee_0408_2_rev_green_accident/cam1_2026-04-08_18-10-06.mp4,1590.5,1645.5,1340,1456,1841,1835,0.83263046
873,/Volumes/SmithL0/2026/BIOL470/Final/Learning_Rig/bee_0408_2/bee_0408_2_rev_green_accident/cam1_2026-04-08_18-10-06.mp4,1590.5,1645.0,1340,1456,1841,1834,0.832345
874,/Volumes/SmithL0/2026/BIOL470/Final/Learning_Rig/bee_0408_2/bee_0408_2_rev_green_accident/cam1_2026-04-08_18-10-06.mp4,1590.5,1645.5,1341,1456,1840,1835,0.83280647
875,/Volumes/SmithL0/2026/BIOL470/Final/Learning_Rig/bee_0408_2/bee_0408_2_rev_green_accident/cam1_2026-04-08_18-10-06.mp4,1590.0,1645.5,1339,1455,1841,1836,0.8321284
876,/Volumes/SmithL0/2026/BIOL470/Final/Learning_Rig/bee_0408_2/bee_0408_2_rev_green_accident/cam1_2026-04-08_18-10-06.mp4,1589.5,1645.5,1338,1455,1841,1836,0.8309052
877,/Volumes/SmithL0/2026/BIOL470/Final/Learning_Rig/bee_0408_2/bee_0408_2_rev_green_accident/cam1_2026-04-08_18-10-06.mp4,1589.5,1645.5,1338,1455,1841,1836,0.834042
878,/Volumes/SmithL0/2026/BIOL470/Final/Learning_Rig/bee_0408_2/bee_0408_2_rev_green_accident/cam1_2026-04-08_18-10-06.mp4,1591.0,1645.0,1341,1455,1841,1835,0.8327041
879,/Volumes/SmithL0/2026/BIOL470/Final/Learning_Rig/bee_0408_2/bee_0408_2_rev_green_accident/cam1_2026-04-08_18-10-06.mp4,1591.0,1646.0,1341,1455,1841,1837,0.8317867
880,/Volumes/SmithL0/2026/BIOL470/Final/Learning_Rig/bee_0408_2/bee_0408_2_rev_green_accident/cam1_2026-04-08_18-10-06.mp4,1590.0,1646.0,1339,1455,1841,1837,0.8322916
881,/Volumes/SmithL0/2026/BIOL470/Final/Learning_Rig/bee_0408_2/bee_0408_2_rev_green_accident/cam1_2026-04-08_18-10-06.mp4,1589.5,1646.5,1338,1455,1841,1838,0.82630485
882,/Volumes/SmithL0/2026/BIOL470/Final/Learning_Rig/bee_0408_2/bee_0408_2_rev_green_accident/cam1_2026-04-08_18-10-06.mp4,1589.0,1646.5,1337,1455,1841,1838,0.82827044
883,/Volumes/SmithL0/2026/BIOL470/Final/Learning_Rig/bee_0408_2/bee_0408_2_rev_green_accident/cam1_2026-04-08_18-10-06.mp4,1590.0,1646.5,1339,1455,1841,1838,0.83108646
884,/Volumes/SmithL0/2026/BIOL470/Final/Learning_Rig/bee_0408_2/bee_0408_2_rev_green_accident/cam1_2026-04-08_18-10-06.mp4,1590.5,1646.5,1340,1455,1841,1838,0.831556
885,/Volumes/SmithL0/2026/BIOL470/Final/Learning_Rig/bee_0408_2/bee_0408_2_rev_green_accident/cam1_2026-04-08_18-10-06.mp4,1589.5,1646.0,1339,1455,1840,1837,0.821791
886,/Volumes/SmithL0/2026/BIOL470/Final/Learning_Rig/bee_0408_2/bee_0408_2_rev_green_accident/cam1_2026-04-08_18-10-06.mp4,1589.5,1645.5,1338,1455,1841,1836,0.8283147
887,/Volumes/SmithL0/2026/BIOL470/Final/Learning_Rig/bee_0408_2/bee_0408_2_rev_green_accident/cam1_2026-04-08_18-10-06.mp4,1588.0,1646.0,1335,1455,1841,1837,0.8273057
888,/Volumes/SmithL0/2026/BIOL470/Final/Learning_Rig/bee_0408_2/bee_0408_2_rev_green_accident/cam1_2026-04-08_18-10-06.mp4,1588.5,1646.5,1336,1455,1841,1838,0.8277543
889,/Volumes/SmithL0/2026/BIOL470/Final/Learning_Rig/bee_0408_2/bee_0408_2_rev_green_accident/cam1_2026-04-08_18-10-06.mp4,1589.5,1646.0,1338,1455,1841,1837,0.82959324
890,/Volumes/SmithL0/2026/BIOL470/Final/Learning_Rig/bee_0408_2/bee_0408_2_rev_green_accident/cam1_2026-04-08_18-10-06.mp4,1589.5,1647.0,1338,1455,1841,1839,0.82616967
891,/Volumes/SmithL0/2026/BIOL470/Final/Learning_Rig/bee_0408_2/bee_0408_2_rev_green_accident/cam1_2026-04-08_18-10-06.mp4,1589.5,1646.5,1338,1455,1841,1838,0.8299612
892,/Volumes/SmithL0/2026/BIOL470/Final/Learning_Rig/bee_0408_2/bee_0408_2_rev_green_accident/cam1_2026-04-08_18-10-06.mp4,1590.5,1646.5,1341,1455,1840,1838,0.8271386
893,/Volumes/SmithL0/2026/BIOL470/Final/Learning_Rig/bee_0408_2/bee_0408_2_rev_green_accident/cam1_2026-04-08_18-10-06.mp4,1589.5,1646.0,1339,1455,1840,1837,0.8291316
894,/Volumes/SmithL0/2026/BIOL470/Final/Learning_Rig/bee_0408_2/bee_0408_2_rev_green_accident/cam1_2026-04-08_18-10-06.mp4,1589.5,1646.0,1338,1455,1841,1837,0.82821923
895,/Volumes/SmithL0/2026/BIOL470/Final/Learning_Rig/bee_0408_2/bee_0408_2_rev_green_accident/cam1_2026-04-08_18-10-06.mp4,1588.0,1647.0,1336,1455,1840,1839,0.82517236
896,/Volumes/SmithL0/2026/BIOL470/Final/Learning_Rig/bee_0408_2/bee_0408_2_rev_green_accident/cam1_2026-04-08_18-10-06.mp4,1590.5,1646.5,1341,1455,1840,1838,0.8276722
897,/Volumes/SmithL0/2026/BIOL470/Final/Learning_Rig/bee_0408_2/bee_0408_2_rev_green_accident/cam1_2026-04-08_18-10-06.mp4,1590.5,1647.0,1341,1455,1840,1839,0.82654876
898,/Volumes/SmithL0/2026/BIOL470/Final/Learning_Rig/bee_0408_2/bee_0408_2_rev_green_accident/cam1_2026-04-08_18-10-06.mp4,1591.0,1646.0,1342,1455,1840,1837,0.82715875
899,/Volumes/SmithL0/2026/BIOL470/Final/Learning_Rig/bee_0408_2/bee_0408_2_rev_green_accident/cam1_2026-04-08_18-10-06.mp4,1591.5,1646.5,1343,1455,1840,1838,0.830557
900,/Volumes/SmithL0/2026/BIOL470/Final/Learning_Rig/bee_0408_2/bee_0408_2_rev_green_accident/cam1_2026-04-08_18-10-06.mp4,1591.0,1645.5,1343,1454,1839,1837,0.8304903
901,/Volumes/SmithL0/2026/BIOL470/Final/Learning_Rig/bee_0408_2/bee_0408_2_rev_green_accident/cam1_2026-04-08_18-10-06.mp4,1591.5,1646.0,1343,1454,1840,1838,0.82422215
902,/Volumes/SmithL0/2026/BIOL470/Final/Learning_Rig/bee_0408_2/bee_0408_2_rev_green_accident/cam1_2026-04-08_18-10-06.mp4,1590.5,1646.0,1341,1454,1840,1838,0.8281811
903,/Volumes/SmithL0/2026/BIOL470/Final/Learning_Rig/bee_0408_2/bee_0408_2_rev_green_accident/cam1_2026-04-08_18-10-06.mp4,1590.5,1645.0,1340,1454,1841,1836,0.8274576
904,/Volumes/SmithL0/2026/BIOL470/Final/Learning_Rig/bee_0408_2/bee_0408_2_rev_green_accident/cam1_2026-04-08_18-10-06.mp4,1591.0,1645.0,1341,1454,1841,1836,0.8284092
905,/Volumes/SmithL0/2026/BIOL470/Final/Learning_Rig/bee_0408_2/bee_0408_2_rev_green_accident/cam1_2026-04-08_18-10-06.mp4,1590.5,1646.0,1340,1454,1841,1838,0.8294064
906,/Volumes/SmithL0/2026/BIOL470/Final/Learning_Rig/bee_0408_2/bee_0408_2_rev_green_accident/cam1_2026-04-08_18-10-06.mp4,1591.0,1645.5,1341,1454,1841,1837,0.8297607
907,/Volumes/SmithL0/2026/BIOL470/Final/Learning_Rig/bee_0408_2/bee_0408_2_rev_green_accident/cam1_2026-04-08_18-10-06.mp4,1590.5,1646.0,1341,1455,1840,1837,0.8318075
908,/Volumes/SmithL0/2026/BIOL470/Final/Learning_Rig/bee_0408_2/bee_0408_2_rev_green_accident/cam1_2026-04-08_18-10-06.mp4,1591.5,1645.0,1342,1454,1841,1836,0.8309053
909,/Volumes/SmithL0/2026/BIOL470/Final/Learning_Rig/bee_0408_2/bee_0408_2_rev_green_accident/cam1_2026-04-08_18-10-06.mp4,1591.5,1645.5,1341,1455,1842,1836,0.8312787
910,/Volumes/SmithL0/2026/BIOL470/Final/Learning_Rig/bee_0408_2/bee_0408_2_rev_green_accident/cam1_2026-04-08_18-10-06.mp4,1592.0,1645.0,1343,1454,1841,1836,0.83128035
911,/Volumes/SmithL0/2026/BIOL470/Final/Learning_Rig/bee_0408_2/bee_0408_2_rev_green_accident/cam1_2026-04-08_18-10-06.mp4,1591.0,1646.0,1341,1455,1841,1837,0.8310098
912,/Volumes/SmithL0/2026/BIOL470/Final/Learning_Rig/bee_0408_2/bee_0408_2_rev_green_accident/cam1_2026-04-08_18-10-06.mp4,1590.5,1646.0,1340,1454,1841,1838,0.8272545
913,/Volumes/SmithL0/2026/BIOL470/Final/Learning_Rig/bee_0408_2/bee_0408_2_rev_green_accident/cam1_2026-04-08_18-10-06.mp4,1591.0,1647.5,1341,1455,1841,1840,0.8269286
914,/Volumes/SmithL0/2026/BIOL470/Final/Learning_Rig/bee_0408_2/bee_0408_2_rev_green_accident/cam1_2026-04-08_18-10-06.mp4,1591.0,1647.0,1341,1455,1841,1839,0.83013284
915,/Volumes/SmithL0/2026/BIOL470/Final/Learning_Rig/bee_0408_2/bee_0408_2_rev_green_accident/cam1_2026-04-08_18-10-06.mp4,1591.0,1646.5,1340,1455,1842,1838,0.8285353
916,/Volumes/SmithL0/2026/BIOL470/Final/Learning_Rig/bee_0408_2/bee_0408_2_rev_green_accident/cam1_2026-04-08_18-10-06.mp4,1591.0,1646.5,1340,1455,1842,1838,0.8310853
917,/Volumes/SmithL0/2026/BIOL470/Final/Learning_Rig/bee_0408_2/bee_0408_2_rev_green_accident/cam1_2026-04-08_18-10-06.mp4,1591.5,1645.5,1341,1455,1842,1836,0.83137095
918,/Volumes/SmithL0/2026/BIOL470/Final/Learning_Rig/bee_0408_2/bee_0408_2_rev_green_accident/cam1_2026-04-08_18-10-06.mp4,1591.0,1645.5,1341,1455,1841,1836,0.828158
919,/Volumes/SmithL0/2026/BIOL470/Final/Learning_Rig/bee_0408_2/bee_0408_2_rev_green_accident/cam1_2026-04-08_18-10-06.mp4,1591.0,1646.5,1341,1455,1841,1838,0.82626337
920,/Volumes/SmithL0/2026/BIOL470/Final/Learning_Rig/bee_0408_2/bee_0408_2_rev_green_accident/cam1_2026-04-08_18-10-06.mp4,1590.0,1646.0,1339,1455,1841,1837,0.82782996
921,/Volumes/SmithL0/2026/BIOL470/Final/Learning_Rig/bee_0408_2/bee_0408_2_rev_green_accident/cam1_2026-04-08_18-10-06.mp4,1591.0,1646.5,1341,1455,1841,1838,0.8293561
922,/Volumes/SmithL0/2026/BIOL470/Final/Learning_Rig/bee_0408_2/bee_0408_2_rev_green_accident/cam1_2026-04-08_18-10-06.mp4,1591.0,1646.5,1341,1455,1841,1838,0.82968473
923,/Volumes/SmithL0/2026/BIOL470/Final/Learning_Rig/bee_0408_2/bee_0408_2_rev_green_accident/cam1_2026-04-08_18-10-06.mp4,1591.0,1646.0,1342,1455,1840,1837,0.82693505
924,/Volumes/SmithL0/2026/BIOL470/Final/Learning_Rig/bee_0408_2/bee_0408_2_rev_green_accident/cam1_2026-04-08_18-10-06.mp4,1590.5,1645.5,1341,1454,1840,1837,0.8289278
925,/Volumes/SmithL0/2026/BIOL470/Final/Learning_Rig/bee_0408_2/bee_0408_2_rev_green_accident/cam1_2026-04-08_18-10-06.mp4,1590.5,1646.5,1341,1455,1840,1838,0.8284514
926,/Volumes/SmithL0/2026/BIOL470/Final/Learning_Rig/bee_0408_2/bee_0408_2_rev_green_accident/cam1_2026-04-08_18-10-06.mp4,1590.5,1646.0,1341,1455,1840,1837,0.8269682
927,/Volumes/SmithL0/2026/BIOL470/Final/Learning_Rig/bee_0408_2/bee_0408_2_rev_green_accident/cam1_2026-04-08_18-10-06.mp4,1588.0,1643.5,1339,1454,1837,1833,0.8292573
928,/Volumes/SmithL0/2026/BIOL470/Final/Learning_Rig/bee_0408_2/bee_0408_2_rev_green_accident/cam1_2026-04-08_18-10-06.mp4,1581.0,1643.0,1335,1455,1827,1831,0.8216753
929,/Volumes/SmithL0/2026/BIOL470/Final/Learning_Rig/bee_0408_2/bee_0408_2_rev_green_accident/cam1_2026-04-08_18-10-06.mp4,1574.5,1642.0,1330,1454,1819,1830,0.8228422
930,/Volumes/SmithL0/2026/BIOL470/Final/Learning_Rig/bee_0408_2/bee_0408_2_rev_green_accident/cam1_2026-04-08_18-10-06.mp4,1572.5,1641.5,1326,1454,1819,1829,0.8200319
931,/Volumes/SmithL0/2026/BIOL470/Final/Learning_Rig/bee_0408_2/bee_0408_2_rev_green_accident/cam1_2026-04-08_18-10-06.mp4,1572.5,1641.0,1322,1453,1823,1829,0.8205559
932,/Volumes/SmithL0/2026/BIOL470/Final/Learning_Rig/bee_0408_2/bee_0408_2_rev_green_accident/cam1_2026-04-08_18-10-06.mp4,1569.5,1639.5,1318,1453,1821,1826,0.8222913
933,/Volumes/SmithL0/2026/BIOL470/Final/Learning_Rig/bee_0408_2/bee_0408_2_rev_green_accident/cam1_2026-04-08_18-10-06.mp4,1568.5,1640.5,1320,1454,1817,1827,0.82387054
934,/Volumes/SmithL0/2026/BIOL470/Final/Learning_Rig/bee_0408_2/bee_0408_2_rev_green_accident/cam1_2026-04-08_18-10-06.mp4,1572.5,1640.5,1321,1454,1824,1827,0.81959665
935,/Volumes/SmithL0/2026/BIOL470/Final/Learning_Rig/bee_0408_2/bee_0408_2_rev_green_accident/cam1_2026-04-08_18-10-06.mp4,1577.0,1640.0,1322,1454,1832,1826,0.8250681
936,/Volumes/SmithL0/2026/BIOL470/Final/Learning_Rig/bee_0408_2/bee_0408_2_rev_green_accident/cam1_2026-04-08_18-10-06.mp4,1579.0,1639.0,1322,1453,1836,1825,0.82577133
937,/Volumes/SmithL0/2026/BIOL470/Final/Learning_Rig/bee_0408_2/bee_0408_2_rev_green_accident/cam1_2026-04-08_18-10-06.mp4,1579.5,1638.5,1323,1453,1836,1824,0.8226866
938,/Volumes/SmithL0/2026/BIOL470/Final/Learning_Rig/bee_0408_2/bee_0408_2_rev_green_accident/cam1_2026-04-08_18-10-06.mp4,1578.5,1639.5,1320,1453,1837,1826,0.8217949
939,/Volumes/SmithL0/2026/BIOL470/Final/Learning_Rig/bee_0408_2/bee_0408_2_rev_green_accident/cam1_2026-04-08_18-10-06.mp4,1579.0,1639.5,1322,1453,1836,1826,0.82551193
940,/Volumes/SmithL0/2026/BIOL470/Final/Learning_Rig/bee_0408_2/bee_0408_2_rev_green_accident/cam1_2026-04-08_18-10-06.mp4,1579.5,1639.5,1323,1454,1836,1825,0.8222597
941,/Volumes/SmithL0/2026/BIOL470/Final/Learning_Rig/bee_0408_2/bee_0408_2_rev_green_accident/cam1_2026-04-08_18-10-06.mp4,1581.0,1639.5,1325,1454,1837,1825,0.82648444
942,/Volumes/SmithL0/2026/BIOL470/Final/Learning_Rig/bee_0408_2/bee_0408_2_rev_green_accident/cam1_2026-04-08_18-10-06.mp4,1581.0,1639.0,1325,1454,1837,1824,0.8266898
943,/Volumes/SmithL0/2026/BIOL470/Final/Learning_Rig/bee_0408_2/bee_0408_2_rev_green_accident/cam1_2026-04-08_18-10-06.mp4,1580.0,1638.5,1322,1453,1838,1824,0.8254163
944,/Volumes/SmithL0/2026/BIOL470/Final/Learning_Rig/bee_0408_2/bee_0408_2_rev_green_accident/cam1_2026-04-08_18-10-06.mp4,1579.5,1639.0,1321,1454,1838,1824,0.8274287
945,/Volumes/SmithL0/2026/BIOL470/Final/Learning_Rig/bee_0408_2/bee_0408_2_rev_green_accident/cam1_2026-04-08_18-10-06.mp4,1577.5,1638.0,1317,1453,1838,1823,0.8232407
946,/Volumes/SmithL0/2026/BIOL470/Final/Learning_Rig/bee_0408_2/bee_0408_2_rev_green_accident/cam1_2026-04-08_18-10-06.mp4,1578.5,1638.5,1319,1454,1838,1823,0.8212812
947,/Volumes/SmithL0/2026/BIOL470/Final/Learning_Rig/bee_0408_2/bee_0408_2_rev_green_accident/cam1_2026-04-08_18-10-06.mp4,1578.5,1639.0,1320,1454,1837,1824,0.8226382
948,/Volumes/SmithL0/2026/BIOL470/Final/Learning_Rig/bee_0408_2/bee_0408_2_rev_green_accident/cam1_2026-04-08_18-10-06.mp4,1579.5,1640.0,1321,1454,1838,1826,0.82030034
949,/Volumes/SmithL0/2026/BIOL470/Final/Learning_Rig/bee_0408_2/bee_0408_2_rev_green_accident/cam1_2026-04-08_18-10-06.mp4,1581.5,1639.5,1325,1454,1838,1825,0.8251248
950,/Volumes/SmithL0/2026/BIOL470/Final/Learning_Rig/bee_0408_2/bee_0408_2_rev_green_accident/cam1_2026-04-08_18-10-06.mp4,1582.5,1640.0,1327,1454,1838,1826,0.8213724
951,/Volumes/SmithL0/2026/BIOL470/Final/Learning_Rig/bee_0408_2/bee_0408_2_rev_green_accident/cam1_2026-04-08_18-10-06.mp4,1583.5,1641.5,1329,1454,1838,1829,0.8165931
952,/Volumes/SmithL0/2026/BIOL470/Final/Learning_Rig/bee_0408_2/bee_0408_2_rev_green_accident/cam1_2026-04-08_18-10-06.mp4,1584.5,1640.0,1328,1454,1841,1826,0.8256857
953,/Volumes/SmithL0/2026/BIOL470/Final/Learning_Rig/bee_0408_2/bee_0408_2_rev_green_accident/cam1_2026-04-08_18-10-06.mp4,1579.5,1640.0,1328,1455,1831,1825,0.82879215
954,/Volumes/SmithL0/2026/BIOL470/Final/Learning_Rig/bee_0408_2/bee_0408_2_rev_green_accident/cam1_2026-04-08_18-10-06.mp4,1580.5,1639.0,1331,1454,1830,1824,0.83043593
955,/Volumes/SmithL0/2026/BIOL470/Final/Learning_Rig/bee_0408_2/bee_0408_2_rev_green_accident/cam1_2026-04-08_18-10-06.mp4,1578.0,1639.5,1325,1454,1831,1825,0.8249634
956,/Volumes/SmithL0/2026/BIOL470/Final/Learning_Rig/bee_0408_2/bee_0408_2_rev_green_accident/cam1_2026-04-08_18-10-06.mp4,1578.0,1640.0,1324,1454,1832,1826,0.8275554
957,/Volumes/SmithL0/2026/BIOL470/Final/Learning_Rig/bee_0408_2/bee_0408_2_rev_green_accident/cam1_2026-04-08_18-10-06.mp4,1578.5,1641.0,1325,1455,1832,1827,0.82865286
958,/Volumes/SmithL0/2026/BIOL470/Final/Learning_Rig/bee_0408_2/bee_0408_2_rev_green_accident/cam1_2026-04-08_18-10-06.mp4,1578.5,1640.5,1325,1455,1832,1826,0.830222
959,/Volumes/SmithL0/2026/BIOL470/Final/Learning_Rig/bee_0408_2/bee_0408_2_rev_green_accident/cam1_2026-04-08_18-10-06.mp4,1577.5,1639.5,1324,1454,1831,1825,0.82560277
960,/Volumes/SmithL0/2026/BIOL470/Final/Learning_Rig/bee_0408_2/bee_0408_2_rev_green_accident/cam1_2026-04-08_18-10-06.mp4,1578.5,1640.5,1327,1454,1830,1827,0.82760274
961,/Volumes/SmithL0/2026/BIOL470/Final/Learning_Rig/bee_0408_2/bee_0408_2_rev_green_accident/cam1_2026-04-08_18-10-06.mp4,1578.0,1641.0,1327,1455,1829,1827,0.8248747
962,/Volumes/SmithL0/2026/BIOL470/Final/Learning_Rig/bee_0408_2/bee_0408_2_rev_green_accident/cam1_2026-04-08_18-10-06.mp4,1578.0,1641.0,1327,1455,1829,1827,0.8283579
963,/Volumes/SmithL0/2026/BIOL470/Final/Learning_Rig/bee_0408_2/bee_0408_2_rev_green_accident/cam1_2026-04-08_18-10-06.mp4,1578.5,1640.0,1327,1454,1830,1826,0.8265679
964,/Volumes/SmithL0/2026/BIOL470/Final/Learning_Rig/bee_0408_2/bee_0408_2_rev_green_accident/cam1_2026-04-08_18-10-06.mp4,1580.0,1640.0,1329,1454,1831,1826,0.8269388
965,/Volumes/SmithL0/2026/BIOL470/Final/Learning_Rig/bee_0408_2/bee_0408_2_rev_green_accident/cam1_2026-04-08_18-10-06.mp4,1579.5,1639.5,1328,1454,1831,1825,0.82812554
966,/Volumes/SmithL0/2026/BIOL470/Final/Learning_Rig/bee_0408_2/bee_0408_2_rev_green_accident/cam1_2026-04-08_18-10-06.mp4,1578.5,1639.5,1326,1454,1831,1825,0.8284253
967,/Volumes/SmithL0/2026/BIOL470/Final/Learning_Rig/bee_0408_2/bee_0408_2_rev_green_accident/cam1_2026-04-08_18-10-06.mp4,1579.5,1639.0,1328,1454,1831,1824,0.8284879
968,/Volumes/SmithL0/2026/BIOL470/Final/Learning_Rig/bee_0408_2/bee_0408_2_rev_green_accident/cam1_2026-04-08_18-10-06.mp4,1580.0,1639.0,1329,1454,1831,1824,0.8299424
969,/Volumes/SmithL0/2026/BIOL470/Final/Learning_Rig/bee_0408_2/bee_0408_2_rev_green_accident/cam1_2026-04-08_18-10-06.mp4,1580.0,1638.5,1329,1454,1831,1823,0.82819456
970,/Volumes/SmithL0/2026/BIOL470/Final/Learning_Rig/bee_0408_2/bee_0408_2_rev_green_accident/cam1_2026-04-08_18-10-06.mp4,1577.5,1638.5,1324,1454,1831,1823,0.82480335
971,/Volumes/SmithL0/2026/BIOL470/Final/Learning_Rig/bee_0408_2/bee_0408_2_rev_green_accident/cam1_2026-04-08_18-10-06.mp4,1577.0,1639.0,1323,1454,1831,1824,0.8247337
972,/Volumes/SmithL0/2026/BIOL470/Final/Learning_Rig/bee_0408_2/bee_0408_2_rev_green_accident/cam1_2026-04-08_18-10-06.mp4,1577.5,1639.5,1324,1455,1831,1824,0.8273897
973,/Volumes/SmithL0/2026/BIOL470/Final/Learning_Rig/bee_0408_2/bee_0408_2_rev_green_accident/cam1_2026-04-08_18-10-06.mp4,1578.5,1639.5,1327,1455,1830,1824,0.8314318
974,/Volumes/SmithL0/2026/BIOL470/Final/Learning_Rig/bee_0408_2/bee_0408_2_rev_green_accident/cam1_2026-04-08_18-10-06.mp4,1578.5,1640.0,1326,1455,1831,1825,0.8300848
975,/Volumes/SmithL0/2026/BIOL470/Final/Learning_Rig/bee_0408_2/bee_0408_2_rev_green_accident/cam1_2026-04-08_18-10-06.mp4,1578.0,1639.5,1326,1455,1830,1824,0.8318797
976,/Volumes/SmithL0/2026/BIOL470/Final/Learning_Rig/bee_0408_2/bee_0408_2_rev_green_accident/cam1_2026-04-08_18-10-06.mp4,1578.5,1639.0,1326,1454,1831,1824,0.8321012
977,/Volumes/SmithL0/2026/BIOL470/Final/Learning_Rig/bee_0408_2/bee_0408_2_rev_green_accident/cam1_2026-04-08_18-10-06.mp4,1579.0,1640.0,1327,1454,1831,1826,0.82991976
978,/Volumes/SmithL0/2026/BIOL470/Final/Learning_Rig/bee_0408_2/bee_0408_2_rev_green_accident/cam1_2026-04-08_18-10-06.mp4,1579.0,1640.5,1326,1455,1832,1826,0.82867557
979,/Volumes/SmithL0/2026/BIOL470/Final/Learning_Rig/bee_0408_2/bee_0408_2_rev_green_accident/cam1_2026-04-08_18-10-06.mp4,1580.5,1639.5,1329,1455,1832,1824,0.83243513
980,/Volumes/SmithL0/2026/BIOL470/Final/Learning_Rig/bee_0408_2/bee_0408_2_rev_green_accident/cam1_2026-04-08_18-10-06.mp4,1580.0,1640.0,1328,1455,1832,1825,0.82921916
981,/Volumes/SmithL0/2026/BIOL470/Final/Learning_Rig/bee_0408_2/bee_0408_2_rev_green_accident/cam1_2026-04-08_18-10-06.mp4,1579.5,1640.0,1327,1455,1832,1825,0.8282036
982,/Volumes/SmithL0/2026/BIOL470/Final/Learning_Rig/bee_0408_2/bee_0408_2_rev_green_accident/cam1_2026-04-08_18-10-06.mp4,1579.5,1640.0,1327,1455,1832,1825,0.8274582
983,/Volumes/SmithL0/2026/BIOL470/Final/Learning_Rig/bee_0408_2/bee_0408_2_rev_green_accident/cam1_2026-04-08_18-10-06.mp4,1577.0,1639.5,1322,1454,1832,1825,0.82626784
984,/Volumes/SmithL0/2026/BIOL470/Final/Learning_Rig/bee_0408_2/bee_0408_2_rev_green_accident/cam1_2026-04-08_18-10-06.mp4,1578.5,1639.5,1325,1454,1832,1825,0.82828426
985,/Volumes/SmithL0/2026/BIOL470/Final/Learning_Rig/bee_0408_2/bee_0408_2_rev_green_accident/cam1_2026-04-08_18-10-06.mp4,1579.0,1638.5,1325,1454,1833,1823,0.83062285
986,/Volumes/SmithL0/2026/BIOL470/Final/Learning_Rig/bee_0408_2/bee_0408_2_rev_green_accident/cam1_2026-04-08_18-10-06.mp4,1579.5,1639.5,1327,1455,1832,1824,0.83125615
987,/Volumes/SmithL0/2026/BIOL470/Final/Learning_Rig/bee_0408_2/bee_0408_2_rev_green_accident/cam1_2026-04-08_18-10-06.mp4,1580.0,1639.0,1328,1454,1832,1824,0.83262116
988,/Volumes/SmithL0/2026/BIOL470/Final/Learning_Rig/bee_0408_2/bee_0408_2_rev_green_accident/cam1_2026-04-08_18-10-06.mp4,1580.0,1640.0,1328,1455,1832,1825,0.82979906
989,/Volumes/SmithL0/2026/BIOL470/Final/Learning_Rig/bee_0408_2/bee_0408_2_rev_green_accident/cam1_2026-04-08_18-10-06.mp4,1579.5,1639.5,1326,1454,1833,1825,0.8297304
990,/Volumes/SmithL0/2026/BIOL470/Final/Learning_Rig/bee_0408_2/bee_0408_2_rev_green_accident/cam1_2026-04-08_18-10-06.mp4,1582.0,1640.5,1330,1454,1834,1827,0.829307
991,/Volumes/SmithL0/2026/BIOL470/Final/Learning_Rig/bee_0408_2/bee_0408_2_rev_green_accident/cam1_2026-04-08_18-10-06.mp4,1581.0,1640.5,1328,1454,1834,1827,0.82756037
992,/Volumes/SmithL0/2026/BIOL470/Final/Learning_Rig/bee_0408_2/bee_0408_2_rev_green_accident/cam1_2026-04-08_18-10-06.mp4,1582.0,1641.5,1330,1455,1834,1828,0.8210803
993,/Volumes/SmithL0/2026/BIOL470/Final/Learning_Rig/bee_0408_2/bee_0408_2_rev_green_accident/cam1_2026-04-08_18-10-06.mp4,1579.5,1640.0,1325,1454,1834,1826,0.8257019
994,/Volumes/SmithL0/2026/BIOL470/Final/Learning_Rig/bee_0408_2/bee_0408_2_rev_green_accident/cam1_2026-04-08_18-10-06.mp4,1580.5,1640.0,1327,1454,1834,1826,0.8261195
995,/Volumes/SmithL0/2026/BIOL470/Final/Learning_Rig/bee_0408_2/bee_0408_2_rev_green_accident/cam1_2026-04-08_18-10-06.mp4,1582.0,1639.5,1330,1454,1834,1825,0.8282203
996,/Volumes/SmithL0/2026/BIOL470/Final/Learning_Rig/bee_0408_2/bee_0408_2_rev_green_accident/cam1_2026-04-08_18-10-06.mp4,1583.0,1640.5,1332,1454,1834,1827,0.8299025
997,/Volumes/SmithL0/2026/BIOL470/Final/Learning_Rig/bee_0408_2/bee_0408_2_rev_green_accident/cam1_2026-04-08_18-10-06.mp4,1582.5,1641.0,1332,1454,1833,1828,0.82811123
998,/Volumes/SmithL0/2026/BIOL470/Final/Learning_Rig/bee_0408_2/bee_0408_2_rev_green_accident/cam1_2026-04-08_18-10-06.mp4,1584.0,1641.0,1334,1454,1834,1828,0.83102614
999,/Volumes/SmithL0/2026/BIOL470/Final/Learning_Rig/bee_0408_2/bee_0408_2_rev_green_accident/cam1_2026-04-08_18-10-06.mp4,1583.5,1640.0,1334,1454,1833,1826,0.83249444
1000,/Volumes/SmithL0/2026/BIOL470/Final/Learning_Rig/bee_0408_2/bee_0408_2_rev_green_accident/cam1_2026-04-08_18-10-06.mp4,1582.0,1641.0,1331,1454,1833,1828,0.82548857
1001,/Volumes/SmithL0/2026/BIOL470/Final/Learning_Rig/bee_0408_2/bee_0408_2_rev_green_accident/cam1_2026-04-08_18-10-06.mp4,1582.0,1640.5,1330,1454,1834,1827,0.8279183
1002,/Volumes/SmithL0/2026/BIOL470/Final/Learning_Rig/bee_0408_2/bee_0408_2_rev_green_accident/cam1_2026-04-08_18-10-06.mp4,1583.0,1641.5,1332,1455,1834,1828,0.82612866
1003,/Volumes/SmithL0/2026/BIOL470/Final/Learning_Rig/bee_0408_2/bee_0408_2_rev_green_accident/cam1_2026-04-08_18-10-06.mp4,1584.0,1641.5,1332,1455,1836,1828,0.8210433
1004,/Volumes/SmithL0/2026/BIOL470/Final/Learning_Rig/bee_0408_2/bee_0408_2_rev_green_accident/cam1_2026-04-08_18-10-06.mp4,1585.0,1642.5,1334,1454,1836,1831,0.8261578
1005,/Volumes/SmithL0/2026/BIOL470/Final/Learning_Rig/bee_0408_2/bee_0408_2_rev_green_accident/cam1_2026-04-08_18-10-06.mp4,1585.5,1643.0,1335,1454,1836,1832,0.8251538
1006,/Volumes/SmithL0/2026/BIOL470/Final/Learning_Rig/bee_0408_2/bee_0408_2_rev_green_accident/cam1_2026-04-08_18-10-06.mp4,1585.0,1643.0,1334,1454,1836,1832,0.82927036
1007,/Volumes/SmithL0/2026/BIOL470/Final/Learning_Rig/bee_0408_2/bee_0408_2_rev_green_accident/cam1_2026-04-08_18-10-06.mp4,1585.5,1643.0,1334,1454,1837,1832,0.828309
1008,/Volumes/SmithL0/2026/BIOL470/Final/Learning_Rig/bee_0408_2/bee_0408_2_rev_green_accident/cam1_2026-04-08_18-10-06.mp4,1584.5,1643.5,1331,1455,1838,1832,0.8276104
1009,/Volumes/SmithL0/2026/BIOL470/Final/Learning_Rig/bee_0408_2/bee_0408_2_rev_green_accident/cam1_2026-04-08_18-10-06.mp4,1583.5,1643.0,1328,1455,1839,1831,0.827568
1010,/Volumes/SmithL0/2026/BIOL470/Final/Learning_Rig/bee_0408_2/bee_0408_2_rev_green_accident/cam1_2026-04-08_18-10-06.mp4,1585.5,1644.5,1333,1455,1838,1834,0.8238248
1011,/Volumes/SmithL0/2026/BIOL470/Final/Learning_Rig/bee_0408_2/bee_0408_2_rev_green_accident/cam1_2026-04-08_18-10-06.mp4,1587.0,1644.0,1335,1455,1839,1833,0.8279012
1012,/Volumes/SmithL0/2026/BIOL470/Final/Learning_Rig/bee_0408_2/bee_0408_2_rev_green_accident/cam1_2026-04-08_18-10-06.mp4,1588.5,1643.5,1338,1454,1839,1833,0.830015
1013,/Volumes/SmithL0/2026/BIOL470/Final/Learning_Rig/bee_0408_2/bee_0408_2_rev_green_accident/cam1_2026-04-08_18-10-06.mp4,1589.0,1644.0,1339,1455,1839,1833,0.8316562
1014,/Volumes/SmithL0/2026/BIOL470/Final/Learning_Rig/bee_0408_2/bee_0408_2_rev_green_accident/cam1_2026-04-08_18-10-06.mp4,1588.0,1644.0,1336,1455,1840,1833,0.82820153
1015,/Volumes/SmithL0/2026/BIOL470/Final/Learning_Rig/bee_0408_2/bee_0408_2_rev_green_accident/cam1_2026-04-08_18-10-06.mp4,1589.0,1644.5,1338,1455,1840,1834,0.83067435
1016,/Volumes/SmithL0/2026/BIOL470/Final/Learning_Rig/bee_0408_2/bee_0408_2_rev_green_accident/cam1_2026-04-08_18-10-06.mp4,1589.5,1644.5,1339,1455,1840,1834,0.82444674
1017,/Volumes/SmithL0/2026/BIOL470/Final/Learning_Rig/bee_0408_2/bee_0408_2_rev_green_accident/cam1_2026-04-08_18-10-06.mp4,1590.0,1644.0,1340,1455,1840,1833,0.8340257
1018,/Volumes/SmithL0/2026/BIOL470/Final/Learning_Rig/bee_0408_2/bee_0408_2_rev_green_accident/cam1_2026-04-08_18-10-06.mp4,1590.0,1644.0,1340,1455,1840,1833,0.83344424
1019,/Volumes/SmithL0/2026/BIOL470/Final/Learning_Rig/bee_0408_2/bee_0408_2_rev_green_accident/cam1_2026-04-08_18-10-06.mp4,1589.0,1644.5,1338,1456,1840,1833,0.8342512
1020,/Volumes/SmithL0/2026/BIOL470/Final/Learning_Rig/bee_0408_2/bee_0408_2_rev_green_accident/cam1_2026-04-08_18-10-06.mp4,1588.0,1645.5,1337,1456,1839,1835,0.8288106
1021,/Volumes/SmithL0/2026/BIOL470/Final/Learning_Rig/bee_0408_2/bee_0408_2_rev_green_accident/cam1_2026-04-08_18-10-06.mp4,1589.0,1645.5,1338,1456,1840,1835,0.8312616
1022,/Volumes/SmithL0/2026/BIOL470/Final/Learning_Rig/bee_0408_2/bee_0408_2_rev_green_accident/cam1_2026-04-08_18-10-06.mp4,1591.0,1645.5,1342,1456,1840,1835,0.8338127
1023,/Volumes/SmithL0/2026/BIOL470/Final/Learning_Rig/bee_0408_2/bee_0408_2_rev_green_accident/cam1_2026-04-08_18-10-06.mp4,1590.0,1646.0,1340,1456,1840,1836,0.8335165
1024,/Volumes/SmithL0/2026/BIOL470/Final/Learning_Rig/bee_0408_2/bee_0408_2_rev_green_accident/cam1_2026-04-08_18-10-06.mp4,1590.0,1647.0,1340,1457,1840,1837,0.8294781
1025,/Volumes/SmithL0/2026/BIOL470/Final/Learning_Rig/bee_0408_2/bee_0408_2_rev_green_accident/cam1_2026-04-08_18-10-06.mp4,1591.0,1647.5,1341,1457,1841,1838,0.8300513
1026,/Volumes/SmithL0/2026/BIOL470/Final/Learning_Rig/bee_0408_2/bee_0408_2_rev_green_accident/cam1_2026-04-08_18-10-06.mp4,1590.5,1648.0,1341,1457,1840,1839,0.83060277
1027,/Volumes/SmithL0/2026/BIOL470/Final/Learning_Rig/bee_0408_2/bee_0408_2_rev_green_accident/cam1_2026-04-08_18-10-06.mp4,1591.0,1647.5,1341,1457,1841,1838,0.833329
1028,/Volumes/SmithL0/2026/BIOL470/Final/Learning_Rig/bee_0408_2/bee_0408_2_rev_green_accident/cam1_2026-04-08_18-10-06.mp4,1591.5,1647.5,1342,1457,1841,1838,0.83427024
1029,/Volumes/SmithL0/2026/BIOL470/Final/Learning_Rig/bee_0408_2/bee_0408_2_rev_green_accident/cam1_2026-04-08_18-10-06.mp4,1592.0,1647.0,1342,1457,1842,1837,0.83672863
1030,/Volumes/SmithL0/2026/BIOL470/Final/Learning_Rig/bee_0408_2/bee_0408_2_rev_green_accident/cam1_2026-04-08_18-10-06.mp4,1592.5,1647.0,1342,1457,1843,1837,0.8367853
1031,/Volumes/SmithL0/2026/BIOL470/Final/Learning_Rig/bee_0408_2/bee_0408_2_rev_green_accident/cam1_2026-04-08_18-10-06.mp4,1593.5,1648.0,1344,1457,1843,1839,0.8340131
1032,/Volumes/SmithL0/2026/BIOL470/Final/Learning_Rig/bee_0408_2/bee_0408_2_rev_green_accident/cam1_2026-04-08_18-10-06.mp4,1592.5,1648.0,1342,1457,1843,1839,0.83419675
1033,/Volumes/SmithL0/2026/BIOL470/Final/Learning_Rig/bee_0408_2/bee_0408_2_rev_green_accident/cam1_2026-04-08_18-10-06.mp4,1592.5,1647.5,1342,1457,1843,1838,0.83198255
1034,/Volumes/SmithL0/2026/BIOL470/Final/Learning_Rig/bee_0408_2/bee_0408_2_rev_green_accident/cam1_2026-04-08_18-10-06.mp4,1592.5,1648.0,1341,1457,1844,1839,0.8331419
1035,/Volumes/SmithL0/2026/BIOL470/Final/Learning_Rig/bee_0408_2/bee_0408_2_rev_green_accident/cam1_2026-04-08_18-10-06.mp4,1592.0,1648.0,1341,1457,1843,1839,0.83103955
1036,/Volumes/SmithL0/2026/BIOL470/Final/Learning_Rig/bee_0408_2/bee_0408_2_rev_green_accident/cam1_2026-04-08_18-10-06.mp4,1592.0,1648.0,1341,1457,1843,1839,0.83292454
1037,/Volumes/SmithL0/2026/BIOL470/Final/Learning_Rig/bee_0408_2/bee_0408_2_rev_green_accident/cam1_2026-04-08_18-10-06.mp4,1592.0,1648.5,1342,1457,1842,1840,0.830522
1038,/Volumes/SmithL0/2026/BIOL470/Final/Learning_Rig/bee_0408_2/bee_0408_2_rev_green_accident/cam1_2026-04-08_18-10-06.mp4,1592.5,1648.0,1342,1457,1843,1839,0.8319896
1039,/Volumes/SmithL0/2026/BIOL470/Final/Learning_Rig/bee_0408_2/bee_0408_2_rev_green_accident/cam1_2026-04-08_18-10-06.mp4,1591.0,1647.5,1339,1457,1843,1838,0.83357185
1040,/Volumes/SmithL0/2026/BIOL470/Final/Learning_Rig/bee_0408_2/bee_0408_2_rev_green_accident/cam1_2026-04-08_18-10-06.mp4,1593.0,1647.5,1343,1457,1843,1838,0.8330415
1041,/Volumes/SmithL0/2026/BIOL470/Final/Learning_Rig/bee_0408_2/bee_0408_2_rev_green_accident/cam1_2026-04-08_18-10-06.mp4,1592.5,1647.0,1343,1457,1842,1837,0.8339684
1042,/Volumes/SmithL0/2026/BIOL470/Final/Learning_Rig/bee_0408_2/bee_0408_2_rev_green_accident/cam1_2026-04-08_18-10-06.mp4,1592.5,1647.0,1343,1457,1842,1837,0.83322287
1043,/Volumes/SmithL0/2026/BIOL470/Final/Learning_Rig/bee_0408_2/bee_0408_2_rev_green_accident/cam1_2026-04-08_18-10-06.mp4,1591.5,1647.0,1341,1457,1842,1837,0.8293682
1044,/Volumes/SmithL0/2026/BIOL470/Final/Learning_Rig/bee_0408_2/bee_0408_2_rev_green_accident/cam1_2026-04-08_18-10-06.mp4,1591.5,1647.5,1340,1457,1843,1838,0.8333007
1045,/Volumes/SmithL0/2026/BIOL470/Final/Learning_Rig/bee_0408_2/bee_0408_2_rev_green_accident/cam1_2026-04-08_18-10-06.mp4,1591.0,1648.0,1340,1457,1842,1839,0.82978255
1046,/Volumes/SmithL0/2026/BIOL470/Final/Learning_Rig/bee_0408_2/bee_0408_2_rev_green_accident/cam1_2026-04-08_18-10-06.mp4,1591.0,1648.0,1339,1457,1843,1839,0.8327197
1047,/Volumes/SmithL0/2026/BIOL470/Final/Learning_Rig/bee_0408_2/bee_0408_2_rev_green_accident/cam1_2026-04-08_18-10-06.mp4,1590.5,1648.0,1338,1457,1843,1839,0.82948905
1048,/Volumes/SmithL0/2026/BIOL470/Final/Learning_Rig/bee_0408_2/bee_0408_2_rev_green_accident/cam1_2026-04-08_18-10-06.mp4,1590.5,1648.0,1338,1458,1843,1838,0.8292673
1049,/Volumes/SmithL0/2026/BIOL470/Final/Learning_Rig/bee_0408_2/bee_0408_2_rev_green_accident/cam1_2026-04-08_18-10-06.mp4,1591.0,1647.5,1339,1457,1843,1838,0.8280573
1050,/Volumes/SmithL0/2026/BIOL470/Final/Learning_Rig/bee_0408_2/bee_0408_2_rev_green_accident/cam1_2026-04-08_18-10-06.mp4,1590.0,1648.0,1337,1457,1843,1839,0.8282975
1051,/Volumes/SmithL0/2026/BIOL470/Final/Learning_Rig/bee_0408_2/bee_0408_2_rev_green_accident/cam1_2026-04-08_18-10-06.mp4,1590.5,1648.5,1338,1457,1843,1840,0.8288233
1052,/Volumes/SmithL0/2026/BIOL470/Final/Learning_Rig/bee_0408_2/bee_0408_2_rev_green_accident/cam1_2026-04-08_18-10-06.mp4,1590.5,1649.0,1338,1457,1843,1841,0.82819206
1053,/Volumes/SmithL0/2026/BIOL470/Final/Learning_Rig/bee_0408_2/bee_0408_2_rev_green_accident/cam1_2026-04-08_18-10-06.mp4,1591.0,1649.5,1339,1458,1843,1841,0.8262231
1054,/Volumes/SmithL0/2026/BIOL470/Final/Learning_Rig/bee_0408_2/bee_0408_2_rev_green_accident/cam1_2026-04-08_18-10-06.mp4,1592.0,1649.0,1341,1457,1843,1841,0.8235241
1055,/Volumes/SmithL0/2026/BIOL470/Final/Learning_Rig/bee_0408_2/bee_0408_2_rev_green_accident/cam1_2026-04-08_18-10-06.mp4,1590.5,1649.0,1338,1457,1843,1841,0.82411516
1056,/Volumes/SmithL0/2026/BIOL470/Final/Learning_Rig/bee_0408_2/bee_0408_2_rev_green_accident/cam1_2026-04-08_18-10-06.mp4,1591.0,1648.0,1339,1457,1843,1839,0.82311267
1057,/Volumes/SmithL0/2026/BIOL470/Final/Learning_Rig/bee_0408_2/bee_0408_2_rev_green_accident/cam1_2026-04-08_18-10-06.mp4,1592.0,1647.5,1341,1457,1843,1838,0.8270197
1058,/Volumes/SmithL0/2026/BIOL470/Final/Learning_Rig/bee_0408_2/bee_0408_2_rev_green_accident/cam1_2026-04-08_18-10-06.mp4,1592.0,1647.5,1341,1457,1843,1838,0.826323
1059,/Volumes/SmithL0/2026/BIOL470/Final/Learning_Rig/bee_0408_2/bee_0408_2_rev_green_accident/cam1_2026-04-08_18-10-06.mp4,1591.0,1648.0,1339,1457,1843,1839,0.8299263
1060,/Volumes/SmithL0/2026/BIOL470/Final/Learning_Rig/bee_0408_2/bee_0408_2_rev_green_accident/cam1_2026-04-08_18-10-06.mp4,1592.5,1648.0,1342,1457,1843,1839,0.82764775
1061,/Volumes/SmithL0/2026/BIOL470/Final/Learning_Rig/bee_0408_2/bee_0408_2_rev_green_accident/cam1_2026-04-08_18-10-06.mp4,1592.5,1648.5,1342,1457,1843,1840,0.8275601
1062,/Volumes/SmithL0/2026/BIOL470/Final/Learning_Rig/bee_0408_2/bee_0408_2_rev_green_accident/cam1_2026-04-08_18-10-06.mp4,1592.5,1649.0,1342,1457,1843,1841,0.8239289
1063,/Volumes/SmithL0/2026/BIOL470/Final/Learning_Rig/bee_0408_2/bee_0408_2_rev_green_accident/cam1_2026-04-08_18-10-06.mp4,1591.5,1649.0,1340,1457,1843,1841,0.8295018
1064,/Volumes/SmithL0/2026/BIOL470/Final/Learning_Rig/bee_0408_2/bee_0408_2_rev_green_accident/cam1_2026-04-08_18-10-06.mp4,1593.0,1649.0,1342,1457,1844,1841,0.8289993
1065,/Volumes/SmithL0/2026/BIOL470/Final/Learning_Rig/bee_0408_2/bee_0408_2_rev_green_accident/cam1_2026-04-08_18-10-06.mp4,1593.0,1648.5,1342,1457,1844,1840,0.83184516
1066,/Volumes/SmithL0/2026/BIOL470/Final/Learning_Rig/bee_0408_2/bee_0408_2_rev_green_accident/cam1_2026-04-08_18-10-06.mp4,1593.0,1648.0,1342,1457,1844,1839,0.8309901
1067,/Volumes/SmithL0/2026/BIOL470/Final/Learning_Rig/bee_0408_2/bee_0408_2_rev_green_accident/cam1_2026-04-08_18-10-06.mp4,1592.0,1648.5,1341,1457,1843,1840,0.8310089
1068,/Volumes/SmithL0/2026/BIOL470/Final/Learning_Rig/bee_0408_2/bee_0408_2_rev_green_accident/cam1_2026-04-08_18-10-06.mp4,1593.5,1648.5,1344,1457,1843,1840,0.83288956
1069,/Volumes/SmithL0/2026/BIOL470/Final/Learning_Rig/bee_0408_2/bee_0408_2_rev_green_accident/cam1_2026-04-08_18-10-06.mp4,1593.0,1649.5,1343,1458,1843,1841,0.83260155
1070,/Volumes/SmithL0/2026/BIOL470/Final/Learning_Rig/bee_0408_2/bee_0408_2_rev_green_accident/cam1_2026-04-08_18-10-06.mp4,1593.0,1650.0,1343,1458,1843,1842,0.8278542
1071,/Volumes/SmithL0/2026/BIOL470/Final/Learning_Rig/bee_0408_2/bee_0408_2_rev_green_accident/cam1_2026-04-08_18-10-06.mp4,1591.5,1648.5,1340,1457,1843,1840,0.8285283
1072,/Volumes/SmithL0/2026/BIOL470/Final/Learning_Rig/bee_0408_2/bee_0408_2_rev_green_accident/cam1_2026-04-08_18-10-06.mp4,1592.5,1649.0,1342,1458,1843,1840,0.8243752
1073,/Volumes/SmithL0/2026/BIOL470/Final/Learning_Rig/bee_0408_2/bee_0408_2_rev_green_accident/cam1_2026-04-08_18-10-06.mp4,1592.0,1649.0,1341,1458,1843,1840,0.82407343
1074,/Volumes/SmithL0/2026/BIOL470/Final/Learning_Rig/bee_0408_2/bee_0408_2_rev_green_accident/cam1_2026-04-08_18-10-06.mp4,1592.0,1648.0,1341,1457,1843,1839,0.82347375
1075,/Volumes/SmithL0/2026/BIOL470/Final/Learning_Rig/bee_0408_2/bee_0408_2_rev_green_accident/cam1_2026-04-08_18-10-06.mp4,1591.5,1647.5,1341,1457,1842,1838,0.8335269
1076,/Volumes/SmithL0/2026/BIOL470/Final/Learning_Rig/bee_0408_2/bee_0408_2_rev_green_accident/cam1_2026-04-08_18-10-06.mp4,1592.5,1648.5,1343,1458,1842,1839,0.8336776
1077,/Volumes/SmithL0/2026/BIOL470/Final/Learning_Rig/bee_0408_2/bee_0408_2_rev_green_accident/cam1_2026-04-08_18-10-06.mp4,1593.0,1649.0,1344,1458,1842,1840,0.8312581
1078,/Volumes/SmithL0/2026/BIOL470/Final/Learning_Rig/bee_0408_2/bee_0408_2_rev_green_accident/cam1_2026-04-08_18-10-06.mp4,1593.0,1648.5,1343,1458,1843,1839,0.83413726
1079,/Volumes/SmithL0/2026/BIOL470/Final/Learning_Rig/bee_0408_2/bee_0408_2_rev_green_accident/cam1_2026-04-08_18-10-06.mp4,1591.5,1648.0,1340,1457,1843,1839,0.83386683
1080,/Volumes/SmithL0/2026/BIOL470/Final/Learning_Rig/bee_0408_2/bee_0408_2_rev_green_accident/cam1_2026-04-08_18-10-06.mp4,1593.0,1648.5,1343,1458,1843,1839,0.83242506
1081,/Volumes/SmithL0/2026/BIOL470/Final/Learning_Rig/bee_0408_2/bee_0408_2_rev_green_accident/cam1_2026-04-08_18-10-06.mp4,1592.0,1648.0,1341,1457,1843,1839,0.83025104
1082,/Volumes/SmithL0/2026/BIOL470/Final/Learning_Rig/bee_0408_2/bee_0408_2_rev_green_accident/cam1_2026-04-08_18-10-06.mp4,1592.0,1648.5,1341,1458,1843,1839,0.8309989
1083,/Volumes/SmithL0/2026/BIOL470/Final/Learning_Rig/bee_0408_2/bee_0408_2_rev_green_accident/cam1_2026-04-08_18-10-06.mp4,1592.0,1648.0,1341,1457,1843,1839,0.8294423
1084,/Volumes/SmithL0/2026/BIOL470/Final/Learning_Rig/bee_0408_2/bee_0408_2_rev_green_accident/cam1_2026-04-08_18-10-06.mp4,1591.5,1648.0,1340,1457,1843,1839,0.82794076
1085,/Volumes/SmithL0/2026/BIOL470/Final/Learning_Rig/bee_0408_2/bee_0408_2_rev_green_accident/cam1_2026-04-08_18-10-06.mp4,1591.0,1649.0,1340,1458,1842,1840,0.8290518
1086,/Volumes/SmithL0/2026/BIOL470/Final/Learning_Rig/bee_0408_2/bee_0408_2_rev_green_accident/cam1_2026-04-08_18-10-06.mp4,1591.5,1649.0,1341,1458,1842,1840,0.8319585
1087,/Volumes/SmithL0/2026/BIOL470/Final/Learning_Rig/bee_0408_2/bee_0408_2_rev_green_accident/cam1_2026-04-08_18-10-06.mp4,1591.5,1649.0,1340,1458,1843,1840,0.8324537
1088,/Volumes/SmithL0/2026/BIOL470/Final/Learning_Rig/bee_0408_2/bee_0408_2_rev_green_accident/cam1_2026-04-08_18-10-06.mp4,1592.0,1648.5,1341,1458,1843,1839,0.83630306
1089,/Volumes/SmithL0/2026/BIOL470/Final/Learning_Rig/bee_0408_2/bee_0408_2_rev_green_accident/cam1_2026-04-08_18-10-06.mp4,1591.5,1649.0,1340,1458,1843,1840,0.8347702
1090,/Volumes/SmithL0/2026/BIOL470/Final/Learning_Rig/bee_0408_2/bee_0408_2_rev_green_accident/cam1_2026-04-08_18-10-06.mp4,1591.5,1648.0,1341,1457,1842,1839,0.8345794
1091,/Volumes/SmithL0/2026/BIOL470/Final/Learning_Rig/bee_0408_2/bee_0408_2_rev_green_accident/cam1_2026-04-08_18-10-06.mp4,1591.0,1648.0,1340,1458,1842,1838,0.83247536
1092,/Volumes/SmithL0/2026/BIOL470/Final/Learning_Rig/bee_0408_2/bee_0408_2_rev_green_accident/cam1_2026-04-08_18-10-06.mp4,1591.0,1649.0,1339,1458,1843,1840,0.83450377
1093,/Volumes/SmithL0/2026/BIOL470/Final/Learning_Rig/bee_0408_2/bee_0408_2_rev_green_accident/cam1_2026-04-08_18-10-06.mp4,1590.0,1649.0,1337,1458,1843,1840,0.83369756
1094,/Volumes/SmithL0/2026/BIOL470/Final/Learning_Rig/bee_0408_2/bee_0408_2_rev_green_accident/cam1_2026-04-08_18-10-06.mp4,1590.5,1648.5,1338,1458,1843,1839,0.8352959
1095,/Volumes/SmithL0/2026/BIOL470/Final/Learning_Rig/bee_0408_2/bee_0408_2_rev_green_accident/cam1_2026-04-08_18-10-06.mp4,1591.5,1649.0,1340,1458,1843,1840,0.83409023
1096,/Volumes/SmithL0/2026/BIOL470/Final/Learning_Rig/bee_0408_2/bee_0408_2_rev_green_accident/cam1_2026-04-08_18-10-06.mp4,1591.5,1649.0,1340,1458,1843,1840,0.83121544
1097,/Volumes/SmithL0/2026/BIOL470/Final/Learning_Rig/bee_0408_2/bee_0408_2_rev_green_accident/cam1_2026-04-08_18-10-06.mp4,1590.5,1648.5,1338,1457,1843,1840,0.82939196
1098,/Volumes/SmithL0/2026/BIOL470/Final/Learning_Rig/bee_0408_2/bee_0408_2_rev_green_accident/cam1_2026-04-08_18-10-06.mp4,1591.5,1649.0,1340,1457,1843,1841,0.830839
1099,/Volumes/SmithL0/2026/BIOL470/Final/Learning_Rig/bee_0408_2/bee_0408_2_rev_green_accident/cam1_2026-04-08_18-10-06.mp4,1592.0,1650.0,1342,1458,1842,1842,0.8246681
1100,/Volumes/SmithL0/2026/BIOL470/Final/Learning_Rig/bee_0408_2/bee_0408_2_rev_green_accident/cam1_2026-04-08_18-10-06.mp4,1592.0,1649.0,1342,1458,1842,1840,0.82595414
1101,/Volumes/SmithL0/2026/BIOL470/Final/Learning_Rig/bee_0408_2/bee_0408_2_rev_green_accident/cam1_2026-04-08_18-10-06.mp4,1591.0,1649.5,1340,1458,1842,1841,0.82728225
1102,/Volumes/SmithL0/2026/BIOL470/Final/Learning_Rig/bee_0408_2/bee_0408_2_rev_green_accident/cam1_2026-04-08_18-10-06.mp4,1592.0,1649.0,1341,1457,1843,1841,0.8277389
1103,/Volumes/SmithL0/2026/BIOL470/Final/Learning_Rig/bee_0408_2/bee_0408_2_rev_green_accident/cam1_2026-04-08_18-10-06.mp4,1591.5,1649.0,1340,1458,1843,1840,0.8323207
1104,/Volumes/SmithL0/2026/BIOL470/Final/Learning_Rig/bee_0408_2/bee_0408_2_rev_green_accident/cam1_2026-04-08_18-10-06.mp4,1591.0,1649.0,1340,1458,1842,1840,0.83269435
1105,/Volumes/SmithL0/2026/BIOL470/Final/Learning_Rig/bee_0408_2/bee_0408_2_rev_green_accident/cam1_2026-04-08_18-10-06.mp4,1591.0,1648.0,1340,1457,1842,1839,0.83117664
1106,/Volumes/SmithL0/2026/BIOL470/Final/Learning_Rig/bee_0408_2/bee_0408_2_rev_green_accident/cam1_2026-04-08_18-10-06.mp4,1591.5,1649.0,1341,1458,1842,1840,0.82995975
1107,/Volumes/SmithL0/2026/BIOL470/Final/Learning_Rig/bee_0408_2/bee_0408_2_rev_green_accident/cam1_2026-04-08_18-10-06.mp4,1592.5,1648.5,1343,1458,1842,1839,0.8278335
1108,/Volumes/SmithL0/2026/BIOL470/Final/Learning_Rig/bee_0408_2/bee_0408_2_rev_green_accident/cam1_2026-04-08_18-10-06.mp4,1591.0,1648.0,1340,1458,1842,1838,0.82685065
1109,/Volumes/SmithL0/2026/BIOL470/Final/Learning_Rig/bee_0408_2/bee_0408_2_rev_green_accident/cam1_2026-04-08_18-10-06.mp4,1591.5,1648.0,1341,1457,1842,1839,0.82883626
1110,/Volumes/SmithL0/2026/BIOL470/Final/Learning_Rig/bee_0408_2/bee_0408_2_rev_green_accident/cam1_2026-04-08_18-10-06.mp4,1591.0,1648.5,1339,1457,1843,1840,0.82818854
1111,/Volumes/SmithL0/2026/BIOL470/Final/Learning_Rig/bee_0408_2/bee_0408_2_rev_green_accident/cam1_2026-04-08_18-10-06.mp4,1591.5,1648.0,1341,1457,1842,1839,0.8278965
1112,/Volumes/SmithL0/2026/BIOL470/Final/Learning_Rig/bee_0408_2/bee_0408_2_rev_green_accident/cam1_2026-04-08_18-10-06.mp4,1591.0,1648.5,1340,1458,1842,1839,0.8270451
1113,/Volumes/SmithL0/2026/BIOL470/Final/Learning_Rig/bee_0408_2/bee_0408_2_rev_green_accident/cam1_2026-04-08_18-10-06.mp4,1592.0,1649.0,1342,1458,1842,1840,0.82660806
1114,/Volumes/SmithL0/2026/BIOL470/Final/Learning_Rig/bee_0408_2/bee_0408_2_rev_green_accident/cam1_2026-04-08_18-10-06.mp4,1592.5,1648.0,1343,1457,1842,1839,0.8302235
1115,/Volumes/SmithL0/2026/BIOL470/Final/Learning_Rig/bee_0408_2/bee_0408_2_rev_green_accident/cam1_2026-04-08_18-10-06.mp4,1592.0,1648.0,1342,1457,1842,1839,0.8315907
1116,/Volumes/SmithL0/2026/BIOL470/Final/Learning_Rig/bee_0408_2/bee_0408_2_rev_green_accident/cam1_2026-04-08_18-10-06.mp4,1592.0,1649.0,1341,1458,1843,1840,0.83294225
1117,/Volumes/SmithL0/2026/BIOL470/Final/Learning_Rig/bee_0408_2/bee_0408_2_rev_green_accident/cam1_2026-04-08_18-10-06.mp4,1592.5,1648.5,1341,1458,1844,1839,0.83359504
1118,/Volumes/SmithL0/2026/BIOL470/Final/Learning_Rig/bee_0408_2/bee_0408_2_rev_green_accident/cam1_2026-04-08_18-10-06.mp4,1591.0,1648.5,1339,1458,1843,1839,0.8320263
1119,/Volumes/SmithL0/2026/BIOL470/Final/Learning_Rig/bee_0408_2/bee_0408_2_rev_green_accident/cam1_2026-04-08_18-10-06.mp4,1592.0,1648.0,1341,1457,1843,1839,0.8316335
1120,/Volumes/SmithL0/2026/BIOL470/Final/Learning_Rig/bee_0408_2/bee_0408_2_rev_green_accident/cam1_2026-04-08_18-10-06.mp4,1593.0,1648.0,1342,1457,1844,1839,0.83553904
1121,/Volumes/SmithL0/2026/BIOL470/Final/Learning_Rig/bee_0408_2/bee_0408_2_rev_green_accident/cam1_2026-04-08_18-10-06.mp4,1592.5,1648.5,1342,1457,1843,1840,0.8308358
1122,/Volumes/SmithL0/2026/BIOL470/Final/Learning_Rig/bee_0408_2/bee_0408_2_rev_green_accident/cam1_2026-04-08_18-10-06.mp4,1593.5,1648.5,1344,1457,1843,1840,0.8331546
1123,/Volumes/SmithL0/2026/BIOL470/Final/Learning_Rig/bee_0408_2/bee_0408_2_rev_green_accident/cam1_2026-04-08_18-10-06.mp4,1594.0,1647.5,1344,1457,1844,1838,0.8337568
1124,/Volumes/SmithL0/2026/BIOL470/Final/Learning_Rig/bee_0408_2/bee_0408_2_rev_green_accident/cam1_2026-04-08_18-10-06.mp4,1592.5,1648.5,1341,1457,1844,1840,0.83224493
1125,/Volumes/SmithL0/2026/BIOL470/Final/Learning_Rig/bee_0408_2/bee_0408_2_rev_green_accident/cam1_2026-04-08_18-10-06.mp4,1592.5,1648.0,1341,1457,1844,1839,0.8328857
1126,/Volumes/SmithL0/2026/BIOL470/Final/Learning_Rig/bee_0408_2/bee_0408_2_rev_green_accident/cam1_2026-04-08_18-10-06.mp4,1592.5,1648.0,1342,1457,1843,1839,0.8316104
1127,/Volumes/SmithL0/2026/BIOL470/Final/Learning_Rig/bee_0408_2/bee_0408_2_rev_green_accident/cam1_2026-04-08_18-10-06.mp4,1593.0,1647.5,1343,1457,1843,1838,0.83179456
1128,/Volumes/SmithL0/2026/BIOL470/Final/Learning_Rig/bee_0408_2/bee_0408_2_rev_green_accident/cam1_2026-04-08_18-10-06.mp4,1593.0,1648.0,1343,1458,1843,1838,0.8318546
1129,/Volumes/SmithL0/2026/BIOL470/Final/Learning_Rig/bee_0408_2/bee_0408_2_rev_green_accident/cam1_2026-04-08_18-10-06.mp4,1592.5,1648.0,1342,1458,1843,1838,0.8307106
1130,/Volumes/SmithL0/2026/BIOL470/Final/Learning_Rig/bee_0408_2/bee_0408_2_rev_green_accident/cam1_2026-04-08_18-10-06.mp4,1592.0,1647.5,1341,1457,1843,1838,0.8322948
1131,/Volumes/SmithL0/2026/BIOL470/Final/Learning_Rig/bee_0408_2/bee_0408_2_rev_green_accident/cam1_2026-04-08_18-10-06.mp4,1592.5,1648.0,1341,1457,1844,1839,0.83502287
1132,/Volumes/SmithL0/2026/BIOL470/Final/Learning_Rig/bee_0408_2/bee_0408_2_rev_green_accident/cam1_2026-04-08_18-10-06.mp4,1592.0,1648.0,1341,1457,1843,1839,0.83240896
1133,/Volumes/SmithL0/2026/BIOL470/Final/Learning_Rig/bee_0408_2/bee_0408_2_rev_green_accident/cam1_2026-04-08_18-10-06.mp4,1591.5,1648.5,1341,1457,1842,1840,0.83069104
1134,/Volumes/SmithL0/2026/BIOL470/Final/Learning_Rig/bee_0408_2/bee_0408_2_rev_green_accident/cam1_2026-04-08_18-10-06.mp4,1592.0,1648.5,1341,1457,1843,1840,0.8324435
1135,/Volumes/SmithL0/2026/BIOL470/Final/Learning_Rig/bee_0408_2/bee_0408_2_rev_green_accident/cam1_2026-04-08_18-10-06.mp4,1592.5,1649.5,1342,1457,1843,1842,0.82772225
1136,/Volumes/SmithL0/2026/BIOL470/Final/Learning_Rig/bee_0408_2/bee_0408_2_rev_green_accident/cam1_2026-04-08_18-10-06.mp4,1593.0,1649.0,1342,1457,1844,1841,0.82747304
1137,/Volumes/SmithL0/2026/BIOL470/Final/Learning_Rig/bee_0408_2/bee_0408_2_rev_green_accident/cam1_2026-04-08_18-10-06.mp4,1592.0,1648.5,1340,1458,1844,1839,0.8295965
1138,/Volumes/SmithL0/2026/BIOL470/Final/Learning_Rig/bee_0408_2/bee_0408_2_rev_green_accident/cam1_2026-04-08_18-10-06.mp4,1592.5,1648.0,1341,1457,1844,1839,0.8276738
1139,/Volumes/SmithL0/2026/BIOL470/Final/Learning_Rig/bee_0408_2/bee_0408_2_rev_green_accident/cam1_2026-04-08_18-10-06.mp4,1592.0,1648.5,1341,1457,1843,1840,0.8298084
1140,/Volumes/SmithL0/2026/BIOL470/Final/Learning_Rig/bee_0408_2/bee_0408_2_rev_green_accident/cam1_2026-04-08_18-10-06.mp4,1592.0,1648.5,1341,1457,1843,1840,0.8316184
1141,/Volumes/SmithL0/2026/BIOL470/Final/Learning_Rig/bee_0408_2/bee_0408_2_rev_green_accident/cam1_2026-04-08_18-10-06.mp4,1592.5,1649.0,1342,1458,1843,1840,0.8292788
1142,/Volumes/SmithL0/2026/BIOL470/Final/Learning_Rig/bee_0408_2/bee_0408_2_rev_green_accident/cam1_2026-04-08_18-10-06.mp4,1593.0,1648.5,1343,1458,1843,1839,0.8329535
1143,/Volumes/SmithL0/2026/BIOL470/Final/Learning_Rig/bee_0408_2/bee_0408_2_rev_green_accident/cam1_2026-04-08_18-10-06.mp4,1593.0,1648.0,1343,1458,1843,1838,0.83304805
1144,/Volumes/SmithL0/2026/BIOL470/Final/Learning_Rig/bee_0408_2/bee_0408_2_rev_green_accident/cam1_2026-04-08_18-10-06.mp4,1593.5,1648.5,1344,1458,1843,1839,0.83387417
1145,/Volumes/SmithL0/2026/BIOL470/Final/Learning_Rig/bee_0408_2/bee_0408_2_rev_green_accident/cam1_2026-04-08_18-10-06.mp4,1593.5,1648.0,1344,1458,1843,1838,0.830849
1146,/Volumes/SmithL0/2026/BIOL470/Final/Learning_Rig/bee_0408_2/bee_0408_2_rev_green_accident/cam1_2026-04-08_18-10-06.mp4,1594.0,1648.0,1345,1458,1843,1838,0.8310726
1147,/Volumes/SmithL0/2026/BIOL470/Final/Learning_Rig/bee_0408_2/bee_0408_2_rev_green_accident/cam1_2026-04-08_18-10-06.mp4,1593.5,1648.5,1344,1458,1843,1839,0.8325495
1148,/Volumes/SmithL0/2026/BIOL470/Final/Learning_Rig/bee_0408_2/bee_0408_2_rev_green_accident/cam1_2026-04-08_18-10-06.mp4,1593.5,1648.0,1344,1458,1843,1838,0.83541536
1149,/Volumes/SmithL0/2026/BIOL470/Final/Learning_Rig/bee_0408_2/bee_0408_2_rev_green_accident/cam1_2026-04-08_18-10-06.mp4,1593.0,1648.0,1343,1458,1843,1838,0.83481073
1150,/Volumes/SmithL0/2026/BIOL470/Final/Learning_Rig/bee_0408_2/bee_0408_2_rev_green_accident/cam1_2026-04-08_18-10-06.mp4,1592.5,1648.0,1342,1458,1843,1838,0.8349076
1151,/Volumes/SmithL0/2026/BIOL470/Final/Learning_Rig/bee_0408_2/bee_0408_2_rev_green_accident/cam1_2026-04-08_18-10-06.mp4,1592.5,1649.0,1343,1458,1842,1840,0.8344666
1152,/Volumes/SmithL0/2026/BIOL470/Final/Learning_Rig/bee_0408_2/bee_0408_2_rev_green_accident/cam1_2026-04-08_18-10-06.mp4,1592.5,1648.5,1343,1458,1842,1839,0.832903
1153,/Volumes/SmithL0/2026/BIOL470/Final/Learning_Rig/bee_0408_2/bee_0408_2_rev_green_accident/cam1_2026-04-08_18-10-06.mp4,1592.0,1648.5,1342,1458,1842,1839,0.8326537
1154,/Volumes/SmithL0/2026/BIOL470/Final/Learning_Rig/bee_0408_2/bee_0408_2_rev_green_accident/cam1_2026-04-08_18-10-06.mp4,1593.0,1649.0,1343,1457,1843,1841,0.830149
1155,/Volumes/SmithL0/2026/BIOL470/Final/Learning_Rig/bee_0408_2/bee_0408_2_rev_green_accident/cam1_2026-04-08_18-10-06.mp4,1591.5,1648.5,1340,1457,1843,1840,0.82810897
1156,/Volumes/SmithL0/2026/BIOL470/Final/Learning_Rig/bee_0408_2/bee_0408_2_rev_green_accident/cam1_2026-04-08_18-10-06.mp4,1591.0,1649.0,1340,1457,1842,1841,0.8298965
1157,/Volumes/SmithL0/2026/BIOL470/Final/Learning_Rig/bee_0408_2/bee_0408_2_rev_green_accident/cam1_2026-04-08_18-10-06.mp4,1592.0,1648.5,1341,1457,1843,1840,0.83342046
1158,/Volumes/SmithL0/2026/BIOL470/Final/Learning_Rig/bee_0408_2/bee_0408_2_rev_green_accident/cam1_2026-04-08_18-10-06.mp4,1593.0,1648.5,1343,1457,1843,1840,0.83306676
1159,/Volumes/SmithL0/2026/BIOL470/Final/Learning_Rig/bee_0408_2/bee_0408_2_rev_green_accident/cam1_2026-04-08_18-10-06.mp4,1592.5,1648.5,1342,1457,1843,1840,0.8343742
1160,/Volumes/SmithL0/2026/BIOL470/Final/Learning_Rig/bee_0408_2/bee_0408_2_rev_green_accident/cam1_2026-04-08_18-10-06.mp4,1591.5,1648.0,1340,1457,1843,1839,0.8333942
1161,/Volumes/SmithL0/2026/BIOL470/Final/Learning_Rig/bee_0408_2/bee_0408_2_rev_green_accident/cam1_2026-04-08_18-10-06.mp4,1591.5,1648.0,1340,1457,1843,1839,0.83012307
1162,/Volumes/SmithL0/2026/BIOL470/Final/Learning_Rig/bee_0408_2/bee_0408_2_rev_green_accident/cam1_2026-04-08_18-10-06.mp4,1592.5,1647.5,1342,1457,1843,1838,0.8307826
1163,/Volumes/SmithL0/2026/BIOL470/Final/Learning_Rig/bee_0408_2/bee_0408_2_rev_green_accident/cam1_2026-04-08_18-10-06.mp4,1592.0,1648.0,1340,1457,1844,1839,0.8327479
1164,/Volumes/SmithL0/2026/BIOL470/Final/Learning_Rig/bee_0408_2/bee_0408_2_rev_green_accident/cam1_2026-04-08_18-10-06.mp4,1592.5,1648.0,1341,1457,1844,1839,0.83156663
1165,/Volumes/SmithL0/2026/BIOL470/Final/Learning_Rig/bee_0408_2/bee_0408_2_rev_green_accident/cam1_2026-04-08_18-10-06.mp4,1592.5,1647.5,1342,1457,1843,1838,0.8333608
1166,/Volumes/SmithL0/2026/BIOL470/Final/Learning_Rig/bee_0408_2/bee_0408_2_rev_green_accident/cam1_2026-04-08_18-10-06.mp4,1592.5,1648.5,1342,1458,1843,1839,0.8313791
1167,/Volumes/SmithL0/2026/BIOL470/Final/Learning_Rig/bee_0408_2/bee_0408_2_rev_green_accident/cam1_2026-04-08_18-10-06.mp4,1592.5,1647.5,1342,1457,1843,1838,0.8343279
1168,/Volumes/SmithL0/2026/BIOL470/Final/Learning_Rig/bee_0408_2/bee_0408_2_rev_green_accident/cam1_2026-04-08_18-10-06.mp4,1592.5,1647.5,1342,1457,1843,1838,0.8364347
1169,/Volumes/SmithL0/2026/BIOL470/Final/Learning_Rig/bee_0408_2/bee_0408_2_rev_green_accident/cam1_2026-04-08_18-10-06.mp4,1592.5,1647.5,1342,1457,1843,1838,0.8333508
1170,/Volumes/SmithL0/2026/BIOL470/Final/Learning_Rig/bee_0408_2/bee_0408_2_rev_green_accident/cam1_2026-04-08_18-10-06.mp4,1591.5,1647.5,1339,1457,1844,1838,0.83404434
1171,/Volumes/SmithL0/2026/BIOL470/Final/Learning_Rig/bee_0408_2/bee_0408_2_rev_green_accident/cam1_2026-04-08_18-10-06.mp4,1592.0,1647.5,1339,1457,1845,1838,0.8329139
1172,/Volumes/SmithL0/2026/BIOL470/Final/Learning_Rig/bee_0408_2/bee_0408_2_rev_green_accident/cam1_2026-04-08_18-10-06.mp4,1591.5,1647.5,1338,1457,1845,1838,0.8331452
1173,/Volumes/SmithL0/2026/BIOL470/Final/Learning_Rig/bee_0408_2/bee_0408_2_rev_green_accident/cam1_2026-04-08_18-10-06.mp4,1592.0,1648.0,1339,1457,1845,1839,0.83180445
1174,/Volumes/SmithL0/2026/BIOL470/Final/Learning_Rig/bee_0408_2/bee_0408_2_rev_green_accident/cam1_2026-04-08_18-10-06.mp4,1592.5,1647.5,1341,1457,1844,1838,0.83170325
1175,/Volumes/SmithL0/2026/BIOL470/Final/Learning_Rig/bee_0408_2/bee_0408_2_rev_green_accident/cam1_2026-04-08_18-10-06.mp4,1592.5,1648.0,1341,1457,1844,1839,0.8308678
1176,/Volumes/SmithL0/2026/BIOL470/Final/Learning_Rig/bee_0408_2/bee_0408_2_rev_green_accident/cam1_2026-04-08_18-10-06.mp4,1592.5,1648.0,1341,1457,1844,1839,0.83135015
1177,/Volumes/SmithL0/2026/BIOL470/Final/Learning_Rig/bee_0408_2/bee_0408_2_rev_green_accident/cam1_2026-04-08_18-10-06.mp4,1591.5,1647.5,1340,1457,1843,1838,0.8271204
1178,/Volumes/SmithL0/2026/BIOL470/Final/Learning_Rig/bee_0408_2/bee_0408_2_rev_green_accident/cam1_2026-04-08_18-10-06.mp4,1592.0,1647.5,1341,1457,1843,1838,0.8259641
1179,/Volumes/SmithL0/2026/BIOL470/Final/Learning_Rig/bee_0408_2/bee_0408_2_rev_green_accident/cam1_2026-04-08_18-10-06.mp4,1591.5,1647.0,1339,1457,1844,1837,0.8305992
1180,/Volumes/SmithL0/2026/BIOL470/Final/Learning_Rig/bee_0408_2/bee_0408_2_rev_green_accident/cam1_2026-04-08_18-10-06.mp4,1592.0,1648.0,1340,1458,1844,1838,0.831752
1181,/Volumes/SmithL0/2026/BIOL470/Final/Learning_Rig/bee_0408_2/bee_0408_2_rev_green_accident/cam1_2026-04-08_18-10-06.mp4,1592.5,1648.5,1341,1458,1844,1839,0.83026624
1182,/Volumes/SmithL0/2026/BIOL470/Final/Learning_Rig/bee_0408_2/bee_0408_2_rev_green_accident/cam1_2026-04-08_18-10-06.mp4,1592.5,1648.0,1341,1458,1844,1838,0.83269054
1183,/Volumes/SmithL0/2026/BIOL470/Final/Learning_Rig/bee_0408_2/bee_0408_2_rev_green_accident/cam1_2026-04-08_18-10-06.mp4,1592.0,1648.0,1340,1457,1844,1839,0.8315447
1184,/Volumes/SmithL0/2026/BIOL470/Final/Learning_Rig/bee_0408_2/bee_0408_2_rev_green_accident/cam1_2026-04-08_18-10-06.mp4,1592.5,1649.0,1341,1458,1844,1840,0.8319426
1185,/Volumes/SmithL0/2026/BIOL470/Final/Learning_Rig/bee_0408_2/bee_0408_2_rev_green_accident/cam1_2026-04-08_18-10-06.mp4,1591.0,1649.0,1339,1457,1843,1841,0.82928896
1186,/Volumes/SmithL0/2026/BIOL470/Final/Learning_Rig/bee_0408_2/bee_0408_2_rev_green_accident/cam1_2026-04-08_18-10-06.mp4,1592.0,1649.5,1341,1458,1843,1841,0.8299776
1187,/Volumes/SmithL0/2026/BIOL470/Final/Learning_Rig/bee_0408_2/bee_0408_2_rev_green_accident/cam1_2026-04-08_18-10-06.mp4,1593.0,1649.5,1342,1458,1844,1841,0.8280797
1188,/Volumes/SmithL0/2026/BIOL470/Final/Learning_Rig/bee_0408_2/bee_0408_2_rev_green_accident/cam1_2026-04-08_18-10-06.mp4,1592.5,1649.5,1342,1458,1843,1841,0.8300748
1189,/Volumes/SmithL0/2026/BIOL470/Final/Learning_Rig/bee_0408_2/bee_0408_2_rev_green_accident/cam1_2026-04-08_18-10-06.mp4,1592.5,1649.0,1341,1458,1844,1840,0.82910734
1190,/Volumes/SmithL0/2026/BIOL470/Final/Learning_Rig/bee_0408_2/bee_0408_2_rev_green_accident/cam1_2026-04-08_18-10-06.mp4,1592.5,1648.5,1341,1458,1844,1839,0.83125836
1191,/Volumes/SmithL0/2026/BIOL470/Final/Learning_Rig/bee_0408_2/bee_0408_2_rev_green_accident/cam1_2026-04-08_18-10-06.mp4,1592.5,1649.0,1341,1458,1844,1840,0.83403224
1192,/Volumes/SmithL0/2026/BIOL470/Final/Learning_Rig/bee_0408_2/bee_0408_2_rev_green_accident/cam1_2026-04-08_18-10-06.mp4,1592.0,1648.5,1340,1458,1844,1839,0.8276579
1193,/Volumes/SmithL0/2026/BIOL470/Final/Learning_Rig/bee_0408_2/bee_0408_2_rev_green_accident/cam1_2026-04-08_18-10-06.mp4,1591.0,1648.5,1338,1458,1844,1839,0.8281261
1194,/Volumes/SmithL0/2026/BIOL470/Final/Learning_Rig/bee_0408_2/bee_0408_2_rev_green_accident/cam1_2026-04-08_18-10-06.mp4,1591.5,1648.5,1340,1458,1843,1839,0.8278976
1195,/Volumes/SmithL0/2026/BIOL470/Final/Learning_Rig/bee_0408_2/bee_0408_2_rev_green_accident/cam1_2026-04-08_18-10-06.mp4,1593.5,1648.5,1344,1458,1843,1839,0.82782733
1196,/Volumes/SmithL0/2026/BIOL470/Final/Learning_Rig/bee_0408_2/bee_0408_2_rev_green_accident/cam1_2026-04-08_18-10-06.mp4,1592.0,1648.0,1345,1458,1839,1838,0.8276477
1197,/Volumes/SmithL0/2026/BIOL470/Final/Learning_Rig/bee_0408_2/bee_0408_2_rev_green_accident/cam1_2026-04-08_18-10-06.mp4,1591.0,1648.0,1342,1457,1840,1839,0.8276198
1198,/Volumes/SmithL0/2026/BIOL470/Final/Learning_Rig/bee_0408_2/bee_0408_2_rev_green_accident/cam1_2026-04-08_18-10-06.mp4,1592.0,1648.5,1344,1458,1840,1839,0.8276192
1199,/Volumes/SmithL0/2026/BIOL470/Final/Learning_Rig/bee_0408_2/bee_0408_2_rev_green_accident/cam1_2026-04-08_18-10-06.mp4,1592.5,1648.5,1344,1458,1841,1839,0.8295474
1200,/Volumes/SmithL0/2026/BIOL470/Final/Learning_Rig/bee_0408_2/bee_0408_2_rev_green_accident/cam1_2026-04-08_18-10-06.mp4,1592.0,1648.0,1345,1457,1839,1839,0.83177507
1201,/Volumes/SmithL0/2026/BIOL470/Final/Learning_Rig/bee_0408_2/bee_0408_2_rev_green_accident/cam1_2026-04-08_18-10-06.mp4,1590.5,1648.5,1347,1457,1834,1840,0.8271411
1202,/Volumes/SmithL0/2026/BIOL470/Final/Learning_Rig/bee_0408_2/bee_0408_2_rev_green_accident/cam1_2026-04-08_18-10-06.mp4,1589.0,1648.5,1346,1457,1832,1840,0.82458645
1203,/Volumes/SmithL0/2026/BIOL470/Final/Learning_Rig/bee_0408_2/bee_0408_2_rev_green_accident/cam1_2026-04-08_18-10-06.mp4,1588.5,1649.0,1345,1457,1832,1841,0.82665795
1204,/Volumes/SmithL0/2026/BIOL470/Final/Learning_Rig/bee_0408_2/bee_0408_2_rev_green_accident/cam1_2026-04-08_18-10-06.mp4,1590.5,1648.0,1343,1457,1838,1839,0.82971084
1205,/Volumes/SmithL0/2026/BIOL470/Final/Learning_Rig/bee_0408_2/bee_0408_2_rev_green_accident/cam1_2026-04-08_18-10-06.mp4,1589.0,1648.5,1340,1457,1838,1840,0.8290187
1206,/Volumes/SmithL0/2026/BIOL470/Final/Learning_Rig/bee_0408_2/bee_0408_2_rev_green_accident/cam1_2026-04-08_18-10-06.mp4,1590.5,1649.0,1342,1458,1839,1840,0.8298287
1207,/Volumes/SmithL0/2026/BIOL470/Final/Learning_Rig/bee_0408_2/bee_0408_2_rev_green_accident/cam1_2026-04-08_18-10-06.mp4,1592.0,1648.5,1342,1458,1842,1839,0.8332644
1208,/Volumes/SmithL0/2026/BIOL470/Final/Learning_Rig/bee_0408_2/bee_0408_2_rev_green_accident/cam1_2026-04-08_18-10-06.mp4,1591.5,1649.0,1341,1458,1842,1840,0.8316894
1209,/Volumes/SmithL0/2026/BIOL470/Final/Learning_Rig/bee_0408_2/bee_0408_2_rev_green_accident/cam1_2026-04-08_18-10-06.mp4,1592.0,1649.0,1342,1458,1842,1840,0.8316897
1210,/Volumes/SmithL0/2026/BIOL470/Final/Learning_Rig/bee_0408_2/bee_0408_2_rev_green_accident/cam1_2026-04-08_18-10-06.mp4,1592.0,1649.5,1342,1458,1842,1841,0.8302853
1211,/Volumes/SmithL0/2026/BIOL470/Final/Learning_Rig/bee_0408_2/bee_0408_2_rev_green_accident/cam1_2026-04-08_18-10-06.mp4,1591.0,1649.5,1340,1458,1842,1841,0.82217443
1212,/Volumes/SmithL0/2026/BIOL470/Final/Learning_Rig/bee_0408_2/bee_0408_2_rev_green_accident/cam1_2026-04-08_18-10-06.mp4,1591.5,1649.5,1341,1458,1842,1841,0.82614845
1213,/Volumes/SmithL0/2026/BIOL470/Final/Learning_Rig/bee_0408_2/bee_0408_2_rev_green_accident/cam1_2026-04-08_18-10-06.mp4,1591.0,1649.5,1340,1458,1842,1841,0.8238344
1214,/Volumes/SmithL0/2026/BIOL470/Final/Learning_Rig/bee_0408_2/bee_0408_2_rev_green_accident/cam1_2026-04-08_18-10-06.mp4,1590.5,1649.0,1340,1458,1841,1840,0.8282684
1215,/Volumes/SmithL0/2026/BIOL470/Final/Learning_Rig/bee_0408_2/bee_0408_2_rev_green_accident/cam1_2026-04-08_18-10-06.mp4,1590.5,1649.0,1340,1458,1841,1840,0.82746387
1216,/Volumes/SmithL0/2026/BIOL470/Final/Learning_Rig/bee_0408_2/bee_0408_2_rev_green_accident/cam1_2026-04-08_18-10-06.mp4,1591.5,1649.0,1341,1458,1842,1840,0.82844263
1217,/Volumes/SmithL0/2026/BIOL470/Final/Learning_Rig/bee_0408_2/bee_0408_2_rev_green_accident/cam1_2026-04-08_18-10-06.mp4,1591.5,1648.5,1342,1458,1841,1839,0.8301491
1218,/Volumes/SmithL0/2026/BIOL470/Final/Learning_Rig/bee_0408_2/bee_0408_2_rev_green_accident/cam1_2026-04-08_18-10-06.mp4,1592.0,1648.5,1342,1457,1842,1840,0.8269327
1219,/Volumes/SmithL0/2026/BIOL470/Final/Learning_Rig/bee_0408_2/bee_0408_2_rev_green_accident/cam1_2026-04-08_18-10-06.mp4,1592.5,1649.0,1342,1458,1843,1840,0.83296365
1220,/Volumes/SmithL0/2026/BIOL470/Final/Learning_Rig/bee_0408_2/bee_0408_2_rev_green_accident/cam1_2026-04-08_18-10-06.mp4,1592.5,1648.5,1342,1458,1843,1839,0.83339095
1221,/Volumes/SmithL0/2026/BIOL470/Final/Learning_Rig/bee_0408_2/bee_0408_2_rev_green_accident/cam1_2026-04-08_18-10-06.mp4,1593.0,1649.0,1343,1458,1843,1840,0.83294487
1222,/Volumes/SmithL0/2026/BIOL470/Final/Learning_Rig/bee_0408_2/bee_0408_2_rev_green_accident/cam1_2026-04-08_18-10-06.mp4,1593.0,1649.5,1344,1458,1842,1841,0.8319052
1223,/Volumes/SmithL0/2026/BIOL470/Final/Learning_Rig/bee_0408_2/bee_0408_2_rev_green_accident/cam1_2026-04-08_18-10-06.mp4,1592.0,1649.5,1341,1458,1843,1841,0.82987386
1224,/Volumes/SmithL0/2026/BIOL470/Final/Learning_Rig/bee_0408_2/bee_0408_2_rev_green_accident/cam1_2026-04-08_18-10-06.mp4,1592.0,1649.0,1342,1458,1842,1840,0.82906574
1225,/Volumes/SmithL0/2026/BIOL470/Final/Learning_Rig/bee_0408_2/bee_0408_2_rev_green_accident/cam1_2026-04-08_18-10-06.mp4,1592.0,1649.0,1341,1458,1843,1840,0.8297421
1226,/Volumes/SmithL0/2026/BIOL470/Final/Learning_Rig/bee_0408_2/bee_0408_2_rev_green_accident/cam1_2026-04-08_18-10-06.mp4,1592.0,1649.0,1342,1458,1842,1840,0.82819605
1227,/Volumes/SmithL0/2026/BIOL470/Final/Learning_Rig/bee_0408_2/bee_0408_2_rev_green_accident/cam1_2026-04-08_18-10-06.mp4,1592.0,1649.0,1342,1458,1842,1840,0.8269315
1228,/Volumes/SmithL0/2026/BIOL470/Final/Learning_Rig/bee_0408_2/bee_0408_2_rev_green_accident/cam1_2026-04-08_18-10-06.mp4,1592.5,1649.5,1343,1458,1842,1841,0.82957715
1229,/Volumes/SmithL0/2026/BIOL470/Final/Learning_Rig/bee_0408_2/bee_0408_2_rev_green_accident/cam1_2026-04-08_18-10-06.mp4,1592.0,1648.5,1342,1457,1842,1840,0.8288785
1230,/Volumes/SmithL0/2026/BIOL470/Final/Learning_Rig/bee_0408_2/bee_0408_2_rev_green_accident/cam1_2026-04-08_18-10-06.mp4,1591.5,1647.5,1341,1457,1842,1838,0.8290846
1231,/Volumes/SmithL0/2026/BIOL470/Final/Learning_Rig/bee_0408_2/bee_0408_2_rev_green_accident/cam1_2026-04-08_18-10-06.mp4,1591.5,1648.5,1340,1458,1843,1839,0.82864314
1232,/Volumes/SmithL0/2026/BIOL470/Final/Learning_Rig/bee_0408_2/bee_0408_2_rev_green_accident/cam1_2026-04-08_18-10-06.mp4,1592.0,1648.5,1341,1458,1843,1839,0.82898664
1233,/Volumes/SmithL0/2026/BIOL470/Final/Learning_Rig/bee_0408_2/bee_0408_2_rev_green_accident/cam1_2026-04-08_18-10-06.mp4,1590.0,1648.5,1337,1457,1843,1840,0.830796
1234,/Volumes/SmithL0/2026/BIOL470/Final/Learning_Rig/bee_0408_2/bee_0408_2_rev_green_accident/cam1_2026-04-08_18-10-06.mp4,1591.5,1648.0,1340,1458,1843,1838,0.8305666
1235,/Volumes/SmithL0/2026/BIOL470/Final/Learning_Rig/bee_0408_2/bee_0408_2_rev_green_accident/cam1_2026-04-08_18-10-06.mp4,1591.0,1648.5,1340,1458,1842,1839,0.8304664
1236,/Volumes/SmithL0/2026/BIOL470/Final/Learning_Rig/bee_0408_2/bee_0408_2_rev_green_accident/cam1_2026-04-08_18-10-06.mp4,1592.5,1648.0,1342,1457,1843,1839,0.8285793
1237,/Volumes/SmithL0/2026/BIOL470/Final/Learning_Rig/bee_0408_2/bee_0408_2_rev_green_accident/cam1_2026-04-08_18-10-06.mp4,1593.0,1648.5,1343,1458,1843,1839,0.83084464
1238,/Volumes/SmithL0/2026/BIOL470/Final/Learning_Rig/bee_0408_2/bee_0408_2_rev_green_accident/cam1_2026-04-08_18-10-06.mp4,1593.5,1648.5,1343,1457,1844,1840,0.8328926
1239,/Volumes/SmithL0/2026/BIOL470/Final/Learning_Rig/bee_0408_2/bee_0408_2_rev_green_accident/cam1_2026-04-08_18-10-06.mp4,1592.0,1648.0,1341,1457,1843,1839,0.83094
1240,/Volumes/SmithL0/2026/BIOL470/Final/Learning_Rig/bee_0408_2/bee_0408_2_rev_green_accident/cam1_2026-04-08_18-10-06.mp4,1592.5,1647.5,1342,1457,1843,1838,0.83233464
1241,/Volumes/SmithL0/2026/BIOL470/Final/Learning_Rig/bee_0408_2/bee_0408_2_rev_green_accident/cam1_2026-04-08_18-10-06.mp4,1591.5,1647.5,1341,1457,1842,1838,0.82908785
1242,/Volumes/SmithL0/2026/BIOL470/Final/Learning_Rig/bee_0408_2/bee_0408_2_rev_green_accident/cam1_2026-04-08_18-10-06.mp4,1591.0,1647.5,1340,1457,1842,1838,0.8289301
1243,/Volumes/SmithL0/2026/BIOL470/Final/Learning_Rig/bee_0408_2/bee_0408_2_rev_green_accident/cam1_2026-04-08_18-10-06.mp4,1590.5,1647.5,1338,1457,1843,1838,0.8315699
1244,/Volumes/SmithL0/2026/BIOL470/Final/Learning_Rig/bee_0408_2/bee_0408_2_rev_green_accident/cam1_2026-04-08_18-10-06.mp4,1591.5,1647.5,1341,1457,1842,1838,0.8283906
1245,/Volumes/SmithL0/2026/BIOL470/Final/Learning_Rig/bee_0408_2/bee_0408_2_rev_green_accident/cam1_2026-04-08_18-10-06.mp4,1591.0,1648.0,1340,1457,1842,1839,0.8237915
1246,/Volumes/SmithL0/2026/BIOL470/Final/Learning_Rig/bee_0408_2/bee_0408_2_rev_green_accident/cam1_2026-04-08_18-10-06.mp4,1590.0,1647.5,1338,1457,1842,1838,0.8248994
1247,/Volumes/SmithL0/2026/BIOL470/Final/Learning_Rig/bee_0408_2/bee_0408_2_rev_green_accident/cam1_2026-04-08_18-10-06.mp4,1591.5,1648.0,1340,1457,1843,1839,0.82448703
1248,/Volumes/SmithL0/2026/BIOL470/Final/Learning_Rig/bee_0408_2/bee_0408_2_rev_green_accident/cam1_2026-04-08_18-10-06.mp4,1591.0,1648.5,1340,1457,1842,1840,0.82544523
1249,/Volumes/SmithL0/2026/BIOL470/Final/Learning_Rig/bee_0408_2/bee_0408_2_rev_green_accident/cam1_2026-04-08_18-10-06.mp4,1592.0,1648.0,1342,1457,1842,1839,0.82902163
1250,/Volumes/SmithL0/2026/BIOL470/Final/Learning_Rig/bee_0408_2/bee_0408_2_rev_green_accident/cam1_2026-04-08_18-10-06.mp4,1592.5,1648.5,1342,1458,1843,1839,0.8311443
1251,/Volumes/SmithL0/2026/BIOL470/Final/Learning_Rig/bee_0408_2/bee_0408_2_rev_green_accident/cam1_2026-04-08_18-10-06.mp4,1592.5,1648.0,1342,1458,1843,1838,0.8308003
1252,/Volumes/SmithL0/2026/BIOL470/Final/Learning_Rig/bee_0408_2/bee_0408_2_rev_green_accident/cam1_2026-04-08_18-10-06.mp4,1594.5,1648.0,1346,1457,1843,1839,0.8339366
1253,/Volumes/SmithL0/2026/BIOL470/Final/Learning_Rig/bee_0408_2/bee_0408_2_rev_green_accident/cam1_2026-04-08_18-10-06.mp4,1595.5,1648.5,1346,1458,1845,1839,0.83194476
1254,/Volumes/SmithL0/2026/BIOL470/Final/Learning_Rig/bee_0408_2/bee_0408_2_rev_green_accident/cam1_2026-04-08_18-10-06.mp4,1593.5,1648.0,1342,1457,1845,1839,0.8328428
1255,/Volumes/SmithL0/2026/BIOL470/Final/Learning_Rig/bee_0408_2/bee_0408_2_rev_green_accident/cam1_2026-04-08_18-10-06.mp4,1595.5,1649.0,1345,1458,1846,1840,0.8304474
1256,/Volumes/SmithL0/2026/BIOL470/Final/Learning_Rig/bee_0408_2/bee_0408_2_rev_green_accident/cam1_2026-04-08_18-10-06.mp4,1595.5,1649.0,1345,1458,1846,1840,0.8290888
1257,/Volumes/SmithL0/2026/BIOL470/Final/Learning_Rig/bee_0408_2/bee_0408_2_rev_green_accident/cam1_2026-04-08_18-10-06.mp4,1596.0,1649.0,1346,1458,1846,1840,0.82701343
1258,/Volumes/SmithL0/2026/BIOL470/Final/Learning_Rig/bee_0408_2/bee_0408_2_rev_green_accident/cam1_2026-04-08_18-10-06.mp4,1596.5,1649.0,1347,1457,1846,1841,0.829872
1259,/Volumes/SmithL0/2026/BIOL470/Final/Learning_Rig/bee_0408_2/bee_0408_2_rev_green_accident/cam1_2026-04-08_18-10-06.mp4,1596.0,1649.5,1346,1457,1846,1842,0.8262641
1260,/Volumes/SmithL0/2026/BIOL470/Final/Learning_Rig/bee_0408_2/bee_0408_2_rev_green_accident/cam1_2026-04-08_18-10-06.mp4,1596.5,1648.5,1347,1457,1846,1840,0.83363026
1261,/Volumes/SmithL0/2026/BIOL470/Final/Learning_Rig/bee_0408_2/bee_0408_2_rev_green_accident/cam1_2026-04-08_18-10-06.mp4,1596.0,1648.5,1346,1457,1846,1840,0.83027035
1262,/Volumes/SmithL0/2026/BIOL470/Final/Learning_Rig/bee_0408_2/bee_0408_2_rev_green_accident/cam1_2026-04-08_18-10-06.mp4,1596.0,1648.5,1345,1457,1847,1840,0.83164734
1263,/Volumes/SmithL0/2026/BIOL470/Final/Learning_Rig/bee_0408_2/bee_0408_2_rev_green_accident/cam1_2026-04-08_18-10-06.mp4,1595.0,1649.5,1344,1457,1846,1842,0.82678926
1264,/Volumes/SmithL0/2026/BIOL470/Final/Learning_Rig/bee_0408_2/bee_0408_2_rev_green_accident/cam1_2026-04-08_18-10-06.mp4,1594.0,1649.5,1341,1457,1847,1842,0.82624835
1265,/Volumes/SmithL0/2026/BIOL470/Final/Learning_Rig/bee_0408_2/bee_0408_2_rev_green_accident/cam1_2026-04-08_18-10-06.mp4,1594.0,1650.5,1342,1457,1846,1844,0.82579595
1266,/Volumes/SmithL0/2026/BIOL470/Final/Learning_Rig/bee_0408_2/bee_0408_2_rev_green_accident/cam1_2026-04-08_18-10-06.mp4,1594.0,1650.0,1342,1457,1846,1843,0.82334155
1267,/Volumes/SmithL0/2026/BIOL470/Final/Learning_Rig/bee_0408_2/bee_0408_2_rev_green_accident/cam1_2026-04-08_18-10-06.mp4,1594.0,1651.0,1342,1458,1846,1844,0.82580435
1268,/Volumes/SmithL0/2026/BIOL470/Final/Learning_Rig/bee_0408_2/bee_0408_2_rev_green_accident/cam1_2026-04-08_18-10-06.mp4,1594.0,1650.0,1341,1457,1847,1843,0.82999647
1269,/Volumes/SmithL0/2026/BIOL470/Final/Learning_Rig/bee_0408_2/bee_0408_2_rev_green_accident/cam1_2026-04-08_18-10-06.mp4,1595.5,1651.0,1344,1458,1847,1844,0.83008367
1270,/Volumes/SmithL0/2026/BIOL470/Final/Learning_Rig/bee_0408_2/bee_0408_2_rev_green_accident/cam1_2026-04-08_18-10-06.mp4,1595.5,1651.0,1344,1458,1847,1844,0.82859004
1271,/Volumes/SmithL0/2026/BIOL470/Final/Learning_Rig/bee_0408_2/bee_0408_2_rev_green_accident/cam1_2026-04-08_18-10-06.mp4,1595.5,1651.5,1344,1458,1847,1845,0.83104444
1272,/Volumes/SmithL0/2026/BIOL470/Final/Learning_Rig/bee_0408_2/bee_0408_2_rev_green_accident/cam1_2026-04-08_18-10-06.mp4,1595.0,1651.5,1343,1458,1847,1845,0.8283735
1273,/Volumes/SmithL0/2026/BIOL470/Final/Learning_Rig/bee_0408_2/bee_0408_2_rev_green_accident/cam1_2026-04-08_18-10-06.mp4,1595.0,1650.5,1343,1457,1847,1844,0.8283389
1274,/Volumes/SmithL0/2026/BIOL470/Final/Learning_Rig/bee_0408_2/bee_0408_2_rev_green_accident/cam1_2026-04-08_18-10-06.mp4,1595.5,1650.5,1344,1457,1847,1844,0.8301903
1275,/Volumes/SmithL0/2026/BIOL470/Final/Learning_Rig/bee_0408_2/bee_0408_2_rev_green_accident/cam1_2026-04-08_18-10-06.mp4,1595.5,1651.5,1344,1458,1847,1845,0.8289516
1276,/Volumes/SmithL0/2026/BIOL470/Final/Learning_Rig/bee_0408_2/bee_0408_2_rev_green_accident/cam1_2026-04-08_18-10-06.mp4,1595.5,1652.0,1344,1458,1847,1846,0.82979345
1277,/Volumes/SmithL0/2026/BIOL470/Final/Learning_Rig/bee_0408_2/bee_0408_2_rev_green_accident/cam1_2026-04-08_18-10-06.mp4,1595.5,1651.5,1345,1457,1846,1846,0.8269264
1278,/Volumes/SmithL0/2026/BIOL470/Final/Learning_Rig/bee_0408_2/bee_0408_2_rev_green_accident/cam1_2026-04-08_18-10-06.mp4,1595.0,1651.0,1343,1457,1847,1845,0.82524955
1279,/Volumes/SmithL0/2026/BIOL470/Final/Learning_Rig/bee_0408_2/bee_0408_2_rev_green_accident/cam1_2026-04-08_18-10-06.mp4,1595.0,1651.0,1343,1457,1847,1845,0.8297486
1280,/Volumes/SmithL0/2026/BIOL470/Final/Learning_Rig/bee_0408_2/bee_0408_2_rev_green_accident/cam1_2026-04-08_18-10-06.mp4,1596.0,1651.5,1345,1458,1847,1845,0.8267617
1281,/Volumes/SmithL0/2026/BIOL470/Final/Learning_Rig/bee_0408_2/bee_0408_2_rev_green_accident/cam1_2026-04-08_18-10-06.mp4,1595.5,1651.5,1344,1458,1847,1845,0.8274092
1282,/Volumes/SmithL0/2026/BIOL470/Final/Learning_Rig/bee_0408_2/bee_0408_2_rev_green_accident/cam1_2026-04-08_18-10-06.mp4,1595.0,1650.5,1343,1457,1847,1844,0.82639366
1283,/Volumes/SmithL0/2026/BIOL470/Final/Learning_Rig/bee_0408_2/bee_0408_2_rev_green_accident/cam1_2026-04-08_18-10-06.mp4,1593.5,1651.5,1340,1458,1847,1845,0.8198549
1284,/Volumes/SmithL0/2026/BIOL470/Final/Learning_Rig/bee_0408_2/bee_0408_2_rev_green_accident/cam1_2026-04-08_18-10-06.mp4,1594.5,1651.5,1342,1458,1847,1845,0.81883985
1285,/Volumes/SmithL0/2026/BIOL470/Final/Learning_Rig/bee_0408_2/bee_0408_2_rev_green_accident/cam1_2026-04-08_18-10-06.mp4,1593.0,1651.0,1340,1458,1846,1844,0.8240751
1286,/Volumes/SmithL0/2026/BIOL470/Final/Learning_Rig/bee_0408_2/bee_0408_2_rev_green_accident/cam1_2026-04-08_18-10-06.mp4,1593.0,1651.0,1339,1457,1847,1845,0.8196891
1287,/Volumes/SmithL0/2026/BIOL470/Final/Learning_Rig/bee_0408_2/bee_0408_2_rev_green_accident/cam1_2026-04-08_18-10-06.mp4,1594.0,1651.5,1341,1457,1847,1846,0.8259933
1288,/Volumes/SmithL0/2026/BIOL470/Final/Learning_Rig/bee_0408_2/bee_0408_2_rev_green_accident/cam1_2026-04-08_18-10-06.mp4,1593.5,1651.5,1341,1458,1846,1845,0.82518685
1289,/Volumes/SmithL0/2026/BIOL470/Final/Learning_Rig/bee_0408_2/bee_0408_2_rev_green_accident/cam1_2026-04-08_18-10-06.mp4,1594.0,1652.0,1342,1458,1846,1846,0.8272061
1290,/Volumes/SmithL0/2026/BIOL470/Final/Learning_Rig/bee_0408_2/bee_0408_2_rev_green_accident/cam1_2026-04-08_18-10-06.mp4,1595.5,1652.0,1344,1458,1847,1846,0.82645833
