,filepath,x_centroid,y_centroid,x_min,y_min,x_max,y_max,detection_confidence
0,/Volumes/SmithL0/2026/BIOL470/Final/Learning_Rig/bee_0408_3/fwd/cam1_2026-04-08_18-33-04.mp4,1037.0,2132.5,828,1770,1246,2495,0.85215604
1,/Volumes/SmithL0/2026/BIOL470/Final/Learning_Rig/bee_0408_3/fwd/cam1_2026-04-08_18-33-04.mp4,1037.0,2131.5,830,1770,1244,2493,0.85031307
2,/Volumes/SmithL0/2026/BIOL470/Final/Learning_Rig/bee_0408_3/fwd/cam1_2026-04-08_18-33-04.mp4,1038.5,2131.0,831,1770,1246,2492,0.85220236
3,/Volumes/SmithL0/2026/BIOL470/Final/Learning_Rig/bee_0408_3/fwd/cam1_2026-04-08_18-33-04.mp4,1038.5,2132.0,831,1770,1246,2494,0.851043
4,/Volumes/SmithL0/2026/BIOL470/Final/Learning_Rig/bee_0408_3/fwd/cam1_2026-04-08_18-33-04.mp4,1038.0,2131.0,830,1769,1246,2493,0.85096717
5,/Volumes/SmithL0/2026/BIOL470/Final/Learning_Rig/bee_0408_3/fwd/cam1_2026-04-08_18-33-04.mp4,1038.5,2130.5,831,1769,1246,2492,0.8498056
6,/Volumes/SmithL0/2026/BIOL470/Final/Learning_Rig/bee_0408_3/fwd/cam1_2026-04-08_18-33-04.mp4,1038.0,2132.5,830,1770,1246,2495,0.8510626
7,/Volumes/SmithL0/2026/BIOL470/Final/Learning_Rig/bee_0408_3/fwd/cam1_2026-04-08_18-33-04.mp4,1037.0,2129.0,831,1776,1243,2482,0.8489531
8,/Volumes/SmithL0/2026/BIOL470/Final/Learning_Rig/bee_0408_3/fwd/cam1_2026-04-08_18-33-04.mp4,1038.0,2128.5,832,1776,1244,2481,0.8498745
9,/Volumes/SmithL0/2026/BIOL470/Final/Learning_Rig/bee_0408_3/fwd/cam1_2026-04-08_18-33-04.mp4,1038.5,2131.0,832,1769,1245,2493,0.8482223
10,/Volumes/SmithL0/2026/BIOL470/Final/Learning_Rig/bee_0408_3/fwd/cam1_2026-04-08_18-33-04.mp4,1038.0,2130.5,832,1776,1244,2485,0.84972584
11,/Volumes/SmithL0/2026/BIOL470/Final/Learning_Rig/bee_0408_3/fwd/cam1_2026-04-08_18-33-04.mp4,1038.0,2131.5,832,1776,1244,2487,0.8507834
12,/Volumes/SmithL0/2026/BIOL470/Final/Learning_Rig/bee_0408_3/fwd/cam1_2026-04-08_18-33-04.mp4,1038.0,2131.0,832,1776,1244,2486,0.8496485
13,/Volumes/SmithL0/2026/BIOL470/Final/Learning_Rig/bee_0408_3/fwd/cam1_2026-04-08_18-33-04.mp4,1036.5,2131.0,828,1769,1245,2493,0.84870297
14,/Volumes/SmithL0/2026/BIOL470/Final/Learning_Rig/bee_0408_3/fwd/cam1_2026-04-08_18-33-04.mp4,1037.0,2131.5,830,1776,1244,2487,0.84946775
15,/Volumes/SmithL0/2026/BIOL470/Final/Learning_Rig/bee_0408_3/fwd/cam1_2026-04-08_18-33-04.mp4,1037.5,2131.0,828,1770,1247,2492,0.85127574
16,/Volumes/SmithL0/2026/BIOL470/Final/Learning_Rig/bee_0408_3/fwd/cam1_2026-04-08_18-33-04.mp4,1038.0,2131.0,829,1771,1247,2491,0.85000867
17,/Volumes/SmithL0/2026/BIOL470/Final/Learning_Rig/bee_0408_3/fwd/cam1_2026-04-08_18-33-04.mp4,1038.0,2131.0,830,1771,1246,2491,0.84984607
18,/Volumes/SmithL0/2026/BIOL470/Final/Learning_Rig/bee_0408_3/fwd/cam1_2026-04-08_18-33-04.mp4,1037.5,2132.5,830,1770,1245,2495,0.85095257
19,/Volumes/SmithL0/2026/BIOL470/Final/Learning_Rig/bee_0408_3/fwd/cam1_2026-04-08_18-33-04.mp4,1036.0,2132.0,828,1770,1244,2494,0.8500609
20,/Volumes/SmithL0/2026/BIOL470/Final/Learning_Rig/bee_0408_3/fwd/cam1_2026-04-08_18-33-04.mp4,1036.0,2132.0,828,1770,1244,2494,0.84922475
21,/Volumes/SmithL0/2026/BIOL470/Final/Learning_Rig/bee_0408_3/fwd/cam1_2026-04-08_18-33-04.mp4,1036.5,2133.0,828,1770,1245,2496,0.851024
22,/Volumes/SmithL0/2026/BIOL470/Final/Learning_Rig/bee_0408_3/fwd/cam1_2026-04-08_18-33-04.mp4,1036.0,2133.5,827,1771,1245,2496,0.8498507
23,/Volumes/SmithL0/2026/BIOL470/Final/Learning_Rig/bee_0408_3/fwd/cam1_2026-04-08_18-33-04.mp4,1036.5,2132.5,827,1770,1246,2495,0.85185283
24,/Volumes/SmithL0/2026/BIOL470/Final/Learning_Rig/bee_0408_3/fwd/cam1_2026-04-08_18-33-04.mp4,1037.5,2132.5,829,1770,1246,2495,0.8540621
25,/Volumes/SmithL0/2026/BIOL470/Final/Learning_Rig/bee_0408_3/fwd/cam1_2026-04-08_18-33-04.mp4,1038.5,2131.0,831,1770,1246,2492,0.85409164
26,/Volumes/SmithL0/2026/BIOL470/Final/Learning_Rig/bee_0408_3/fwd/cam1_2026-04-08_18-33-04.mp4,1039.0,2127.5,833,1776,1245,2479,0.85293335
27,/Volumes/SmithL0/2026/BIOL470/Final/Learning_Rig/bee_0408_3/fwd/cam1_2026-04-08_18-33-04.mp4,1038.0,2131.5,830,1770,1246,2493,0.853199
28,/Volumes/SmithL0/2026/BIOL470/Final/Learning_Rig/bee_0408_3/fwd/cam1_2026-04-08_18-33-04.mp4,1039.5,2130.0,832,1771,1247,2489,0.8521527
29,/Volumes/SmithL0/2026/BIOL470/Final/Learning_Rig/bee_0408_3/fwd/cam1_2026-04-08_18-33-04.mp4,1038.0,2125.0,832,1776,1244,2474,0.8516777
30,/Volumes/SmithL0/2026/BIOL470/Final/Learning_Rig/bee_0408_3/fwd/cam1_2026-04-08_18-33-04.mp4,1038.0,2130.5,830,1770,1246,2491,0.8508171
31,/Volumes/SmithL0/2026/BIOL470/Final/Learning_Rig/bee_0408_3/fwd/cam1_2026-04-08_18-33-04.mp4,1038.0,2130.5,830,1769,1246,2492,0.85098183
32,/Volumes/SmithL0/2026/BIOL470/Final/Learning_Rig/bee_0408_3/fwd/cam1_2026-04-08_18-33-04.mp4,1037.0,2131.0,829,1769,1245,2493,0.85082173
33,/Volumes/SmithL0/2026/BIOL470/Final/Learning_Rig/bee_0408_3/fwd/cam1_2026-04-08_18-33-04.mp4,1038.0,2130.5,830,1770,1246,2491,0.84993106
34,/Volumes/SmithL0/2026/BIOL470/Final/Learning_Rig/bee_0408_3/fwd/cam1_2026-04-08_18-33-04.mp4,1037.5,2132.0,829,1771,1246,2493,0.85063547
35,/Volumes/SmithL0/2026/BIOL470/Final/Learning_Rig/bee_0408_3/fwd/cam1_2026-04-08_18-33-04.mp4,1038.5,2126.5,833,1776,1244,2477,0.8508806
36,/Volumes/SmithL0/2026/BIOL470/Final/Learning_Rig/bee_0408_3/fwd/cam1_2026-04-08_18-33-04.mp4,1037.0,2127.0,831,1776,1243,2478,0.8486735
37,/Volumes/SmithL0/2026/BIOL470/Final/Learning_Rig/bee_0408_3/fwd/cam1_2026-04-08_18-33-04.mp4,1037.0,2128.5,830,1776,1244,2481,0.84825915
38,/Volumes/SmithL0/2026/BIOL470/Final/Learning_Rig/bee_0408_3/fwd/cam1_2026-04-08_18-33-04.mp4,1037.5,2128.0,831,1776,1244,2480,0.847979
39,/Volumes/SmithL0/2026/BIOL470/Final/Learning_Rig/bee_0408_3/fwd/cam1_2026-04-08_18-33-04.mp4,1037.5,2131.5,830,1770,1245,2493,0.84953105
40,/Volumes/SmithL0/2026/BIOL470/Final/Learning_Rig/bee_0408_3/fwd/cam1_2026-04-08_18-33-04.mp4,1038.0,2130.5,830,1769,1246,2492,0.84937966
41,/Volumes/SmithL0/2026/BIOL470/Final/Learning_Rig/bee_0408_3/fwd/cam1_2026-04-08_18-33-04.mp4,1039.0,2131.0,831,1770,1247,2492,0.8488627
42,/Volumes/SmithL0/2026/BIOL470/Final/Learning_Rig/bee_0408_3/fwd/cam1_2026-04-08_18-33-04.mp4,1037.5,2132.5,829,1770,1246,2495,0.85234576
43,/Volumes/SmithL0/2026/BIOL470/Final/Learning_Rig/bee_0408_3/fwd/cam1_2026-04-08_18-33-04.mp4,1037.5,2133.0,830,1771,1245,2495,0.853341
44,/Volumes/SmithL0/2026/BIOL470/Final/Learning_Rig/bee_0408_3/fwd/cam1_2026-04-08_18-33-04.mp4,1037.0,2132.0,829,1771,1245,2493,0.85014117
45,/Volumes/SmithL0/2026/BIOL470/Final/Learning_Rig/bee_0408_3/fwd/cam1_2026-04-08_18-33-04.mp4,1037.5,2132.0,829,1770,1246,2494,0.85078454
46,/Volumes/SmithL0/2026/BIOL470/Final/Learning_Rig/bee_0408_3/fwd/cam1_2026-04-08_18-33-04.mp4,1037.5,2131.5,829,1770,1246,2493,0.8508456
47,/Volumes/SmithL0/2026/BIOL470/Final/Learning_Rig/bee_0408_3/fwd/cam1_2026-04-08_18-33-04.mp4,1037.5,2131.0,829,1769,1246,2493,0.8492283
48,/Volumes/SmithL0/2026/BIOL470/Final/Learning_Rig/bee_0408_3/fwd/cam1_2026-04-08_18-33-04.mp4,1038.0,2127.5,831,1776,1245,2479,0.8501849
49,/Volumes/SmithL0/2026/BIOL470/Final/Learning_Rig/bee_0408_3/fwd/cam1_2026-04-08_18-33-04.mp4,1037.5,2128.5,831,1776,1244,2481,0.84922373
50,/Volumes/SmithL0/2026/BIOL470/Final/Learning_Rig/bee_0408_3/fwd/cam1_2026-04-08_18-33-04.mp4,1038.0,2130.5,830,1769,1246,2492,0.8489515
51,/Volumes/SmithL0/2026/BIOL470/Final/Learning_Rig/bee_0408_3/fwd/cam1_2026-04-08_18-33-04.mp4,1038.0,2131.5,830,1770,1246,2493,0.8521791
52,/Volumes/SmithL0/2026/BIOL470/Final/Learning_Rig/bee_0408_3/fwd/cam1_2026-04-08_18-33-04.mp4,1038.0,2131.5,830,1770,1246,2493,0.85155046
53,/Volumes/SmithL0/2026/BIOL470/Final/Learning_Rig/bee_0408_3/fwd/cam1_2026-04-08_18-33-04.mp4,1038.5,2131.0,831,1770,1246,2492,0.8509211
54,/Volumes/SmithL0/2026/BIOL470/Final/Learning_Rig/bee_0408_3/fwd/cam1_2026-04-08_18-33-04.mp4,1037.5,2131.5,829,1770,1246,2493,0.84920996
55,/Volumes/SmithL0/2026/BIOL470/Final/Learning_Rig/bee_0408_3/fwd/cam1_2026-04-08_18-33-04.mp4,1038.0,2131.5,830,1770,1246,2493,0.85056007
56,/Volumes/SmithL0/2026/BIOL470/Final/Learning_Rig/bee_0408_3/fwd/cam1_2026-04-08_18-33-04.mp4,1038.0,2132.0,831,1770,1245,2494,0.85135424
57,/Volumes/SmithL0/2026/BIOL470/Final/Learning_Rig/bee_0408_3/fwd/cam1_2026-04-08_18-33-04.mp4,1037.5,2132.0,830,1770,1245,2494,0.8526618
58,/Volumes/SmithL0/2026/BIOL470/Final/Learning_Rig/bee_0408_3/fwd/cam1_2026-04-08_18-33-04.mp4,1037.0,2132.0,829,1770,1245,2494,0.8517499
59,/Volumes/SmithL0/2026/BIOL470/Final/Learning_Rig/bee_0408_3/fwd/cam1_2026-04-08_18-33-04.mp4,1038.0,2134.0,830,1771,1246,2497,0.8522796
60,/Volumes/SmithL0/2026/BIOL470/Final/Learning_Rig/bee_0408_3/fwd/cam1_2026-04-08_18-33-04.mp4,1037.0,2132.0,830,1770,1244,2494,0.8492055
61,/Volumes/SmithL0/2026/BIOL470/Final/Learning_Rig/bee_0408_3/fwd/cam1_2026-04-08_18-33-04.mp4,1037.5,2130.5,830,1769,1245,2492,0.8497732
62,/Volumes/SmithL0/2026/BIOL470/Final/Learning_Rig/bee_0408_3/fwd/cam1_2026-04-08_18-33-04.mp4,1038.0,2131.0,831,1776,1245,2486,0.8490719
63,/Volumes/SmithL0/2026/BIOL470/Final/Learning_Rig/bee_0408_3/fwd/cam1_2026-04-08_18-33-04.mp4,1038.5,2130.5,831,1769,1246,2492,0.84809196
64,/Volumes/SmithL0/2026/BIOL470/Final/Learning_Rig/bee_0408_3/fwd/cam1_2026-04-08_18-33-04.mp4,1037.5,2131.0,830,1769,1245,2493,0.85038763
65,/Volumes/SmithL0/2026/BIOL470/Final/Learning_Rig/bee_0408_3/fwd/cam1_2026-04-08_18-33-04.mp4,1037.0,2130.5,829,1769,1245,2492,0.84807515
66,/Volumes/SmithL0/2026/BIOL470/Final/Learning_Rig/bee_0408_3/fwd/cam1_2026-04-08_18-33-04.mp4,1038.0,2130.5,831,1769,1245,2492,0.850333
67,/Volumes/SmithL0/2026/BIOL470/Final/Learning_Rig/bee_0408_3/fwd/cam1_2026-04-08_18-33-04.mp4,1039.0,2131.5,832,1769,1246,2494,0.85277295
68,/Volumes/SmithL0/2026/BIOL470/Final/Learning_Rig/bee_0408_3/fwd/cam1_2026-04-08_18-33-04.mp4,1039.0,2129.5,831,1769,1247,2490,0.8476702
69,/Volumes/SmithL0/2026/BIOL470/Final/Learning_Rig/bee_0408_3/fwd/cam1_2026-04-08_18-33-04.mp4,1038.0,2130.5,829,1770,1247,2491,0.85088044
70,/Volumes/SmithL0/2026/BIOL470/Final/Learning_Rig/bee_0408_3/fwd/cam1_2026-04-08_18-33-04.mp4,1039.0,2130.5,831,1770,1247,2491,0.85087764
71,/Volumes/SmithL0/2026/BIOL470/Final/Learning_Rig/bee_0408_3/fwd/cam1_2026-04-08_18-33-04.mp4,1038.5,2132.0,830,1770,1247,2494,0.8524647
72,/Volumes/SmithL0/2026/BIOL470/Final/Learning_Rig/bee_0408_3/fwd/cam1_2026-04-08_18-33-04.mp4,1037.5,2132.0,830,1770,1245,2494,0.8517081
73,/Volumes/SmithL0/2026/BIOL470/Final/Learning_Rig/bee_0408_3/fwd/cam1_2026-04-08_18-33-04.mp4,1037.0,2133.0,829,1770,1245,2496,0.85000986
74,/Volumes/SmithL0/2026/BIOL470/Final/Learning_Rig/bee_0408_3/fwd/cam1_2026-04-08_18-33-04.mp4,1038.0,2132.0,830,1770,1246,2494,0.8499022
75,/Volumes/SmithL0/2026/BIOL470/Final/Learning_Rig/bee_0408_3/fwd/cam1_2026-04-08_18-33-04.mp4,1037.0,2127.0,831,1776,1243,2478,0.8486603
76,/Volumes/SmithL0/2026/BIOL470/Final/Learning_Rig/bee_0408_3/fwd/cam1_2026-04-08_18-33-04.mp4,1038.5,2131.0,831,1770,1246,2492,0.84933627
77,/Volumes/SmithL0/2026/BIOL470/Final/Learning_Rig/bee_0408_3/fwd/cam1_2026-04-08_18-33-04.mp4,1039.0,2128.0,833,1776,1245,2480,0.8503799
78,/Volumes/SmithL0/2026/BIOL470/Final/Learning_Rig/bee_0408_3/fwd/cam1_2026-04-08_18-33-04.mp4,1037.5,2131.0,829,1770,1246,2492,0.85031193
79,/Volumes/SmithL0/2026/BIOL470/Final/Learning_Rig/bee_0408_3/fwd/cam1_2026-04-08_18-33-04.mp4,1038.5,2131.5,831,1770,1246,2493,0.8523107
80,/Volumes/SmithL0/2026/BIOL470/Final/Learning_Rig/bee_0408_3/fwd/cam1_2026-04-08_18-33-04.mp4,1038.5,2131.5,830,1770,1247,2493,0.8513241
81,/Volumes/SmithL0/2026/BIOL470/Final/Learning_Rig/bee_0408_3/fwd/cam1_2026-04-08_18-33-04.mp4,1038.5,2132.5,830,1771,1247,2494,0.85197276
82,/Volumes/SmithL0/2026/BIOL470/Final/Learning_Rig/bee_0408_3/fwd/cam1_2026-04-08_18-33-04.mp4,1037.0,2132.5,828,1771,1246,2494,0.8512173
83,/Volumes/SmithL0/2026/BIOL470/Final/Learning_Rig/bee_0408_3/fwd/cam1_2026-04-08_18-33-04.mp4,1038.0,2134.5,829,1771,1247,2498,0.85391426
84,/Volumes/SmithL0/2026/BIOL470/Final/Learning_Rig/bee_0408_3/fwd/cam1_2026-04-08_18-33-04.mp4,1037.5,2132.5,828,1771,1247,2494,0.8502495
85,/Volumes/SmithL0/2026/BIOL470/Final/Learning_Rig/bee_0408_3/fwd/cam1_2026-04-08_18-33-04.mp4,1036.5,2133.5,827,1771,1246,2496,0.85181373
86,/Volumes/SmithL0/2026/BIOL470/Final/Learning_Rig/bee_0408_3/fwd/cam1_2026-04-08_18-33-04.mp4,1038.0,2132.5,830,1771,1246,2494,0.8512511
87,/Volumes/SmithL0/2026/BIOL470/Final/Learning_Rig/bee_0408_3/fwd/cam1_2026-04-08_18-33-04.mp4,1038.0,2133.0,830,1771,1246,2495,0.8504816
88,/Volumes/SmithL0/2026/BIOL470/Final/Learning_Rig/bee_0408_3/fwd/cam1_2026-04-08_18-33-04.mp4,1038.0,2132.0,829,1770,1247,2494,0.8494984
89,/Volumes/SmithL0/2026/BIOL470/Final/Learning_Rig/bee_0408_3/fwd/cam1_2026-04-08_18-33-04.mp4,1037.5,2132.5,829,1770,1246,2495,0.84804267
90,/Volumes/SmithL0/2026/BIOL470/Final/Learning_Rig/bee_0408_3/fwd/cam1_2026-04-08_18-33-04.mp4,1037.5,2129.0,830,1777,1245,2481,0.85072106
91,/Volumes/SmithL0/2026/BIOL470/Final/Learning_Rig/bee_0408_3/fwd/cam1_2026-04-08_18-33-04.mp4,1038.0,2129.5,831,1776,1245,2483,0.85086757
92,/Volumes/SmithL0/2026/BIOL470/Final/Learning_Rig/bee_0408_3/fwd/cam1_2026-04-08_18-33-04.mp4,1038.0,2131.5,830,1771,1246,2492,0.84894335
93,/Volumes/SmithL0/2026/BIOL470/Final/Learning_Rig/bee_0408_3/fwd/cam1_2026-04-08_18-33-04.mp4,1039.0,2130.0,832,1776,1246,2484,0.85160774
94,/Volumes/SmithL0/2026/BIOL470/Final/Learning_Rig/bee_0408_3/fwd/cam1_2026-04-08_18-33-04.mp4,1039.0,2128.5,832,1776,1246,2481,0.852232
95,/Volumes/SmithL0/2026/BIOL470/Final/Learning_Rig/bee_0408_3/fwd/cam1_2026-04-08_18-33-04.mp4,1038.5,2127.0,833,1776,1244,2478,0.8500636
96,/Volumes/SmithL0/2026/BIOL470/Final/Learning_Rig/bee_0408_3/fwd/cam1_2026-04-08_18-33-04.mp4,1038.5,2126.0,833,1777,1244,2475,0.851927
97,/Volumes/SmithL0/2026/BIOL470/Final/Learning_Rig/bee_0408_3/fwd/cam1_2026-04-08_18-33-04.mp4,1038.0,2132.0,830,1771,1246,2493,0.8487441
98,/Volumes/SmithL0/2026/BIOL470/Final/Learning_Rig/bee_0408_3/fwd/cam1_2026-04-08_18-33-04.mp4,1038.5,2132.0,831,1771,1246,2493,0.8509058
99,/Volumes/SmithL0/2026/BIOL470/Final/Learning_Rig/bee_0408_3/fwd/cam1_2026-04-08_18-33-04.mp4,1038.0,2127.5,831,1776,1245,2479,0.85277534
100,/Volumes/SmithL0/2026/BIOL470/Final/Learning_Rig/bee_0408_3/fwd/cam1_2026-04-08_18-33-04.mp4,1038.0,2127.0,831,1777,1245,2477,0.85208553
101,/Volumes/SmithL0/2026/BIOL470/Final/Learning_Rig/bee_0408_3/fwd/cam1_2026-04-08_18-33-04.mp4,1038.5,2128.0,832,1776,1245,2480,0.8520626
102,/Volumes/SmithL0/2026/BIOL470/Final/Learning_Rig/bee_0408_3/fwd/cam1_2026-04-08_18-33-04.mp4,1038.5,2125.0,832,1776,1245,2474,0.8513533
103,/Volumes/SmithL0/2026/BIOL470/Final/Learning_Rig/bee_0408_3/fwd/cam1_2026-04-08_18-33-04.mp4,1038.0,2126.0,832,1777,1244,2475,0.85004663
104,/Volumes/SmithL0/2026/BIOL470/Final/Learning_Rig/bee_0408_3/fwd/cam1_2026-04-08_18-33-04.mp4,1038.0,2132.0,831,1772,1245,2492,0.84950805
105,/Volumes/SmithL0/2026/BIOL470/Final/Learning_Rig/bee_0408_3/fwd/cam1_2026-04-08_18-33-04.mp4,1038.5,2131.0,831,1772,1246,2490,0.84756917
106,/Volumes/SmithL0/2026/BIOL470/Final/Learning_Rig/bee_0408_3/fwd/cam1_2026-04-08_18-33-04.mp4,1038.5,2132.0,831,1770,1246,2494,0.8514709
107,/Volumes/SmithL0/2026/BIOL470/Final/Learning_Rig/bee_0408_3/fwd/cam1_2026-04-08_18-33-04.mp4,1037.0,2132.5,830,1771,1244,2494,0.84987223
108,/Volumes/SmithL0/2026/BIOL470/Final/Learning_Rig/bee_0408_3/fwd/cam1_2026-04-08_18-33-04.mp4,1037.0,2131.5,828,1771,1246,2492,0.8494068
109,/Volumes/SmithL0/2026/BIOL470/Final/Learning_Rig/bee_0408_3/fwd/cam1_2026-04-08_18-33-04.mp4,1037.5,2133.0,830,1771,1245,2495,0.85124046
110,/Volumes/SmithL0/2026/BIOL470/Final/Learning_Rig/bee_0408_3/fwd/cam1_2026-04-08_18-33-04.mp4,1036.5,2133.0,828,1771,1245,2495,0.8501733
111,/Volumes/SmithL0/2026/BIOL470/Final/Learning_Rig/bee_0408_3/fwd/cam1_2026-04-08_18-33-04.mp4,1037.5,2126.5,831,1777,1244,2476,0.8505645
112,/Volumes/SmithL0/2026/BIOL470/Final/Learning_Rig/bee_0408_3/fwd/cam1_2026-04-08_18-33-04.mp4,1037.5,2128.0,831,1777,1244,2479,0.84746623
113,/Volumes/SmithL0/2026/BIOL470/Final/Learning_Rig/bee_0408_3/fwd/cam1_2026-04-08_18-33-04.mp4,1037.0,2131.5,829,1770,1245,2493,0.84940827
114,/Volumes/SmithL0/2026/BIOL470/Final/Learning_Rig/bee_0408_3/fwd/cam1_2026-04-08_18-33-04.mp4,1037.5,2132.0,829,1771,1246,2493,0.85017854
115,/Volumes/SmithL0/2026/BIOL470/Final/Learning_Rig/bee_0408_3/fwd/cam1_2026-04-08_18-33-04.mp4,1038.0,2132.5,830,1771,1246,2494,0.8513511
116,/Volumes/SmithL0/2026/BIOL470/Final/Learning_Rig/bee_0408_3/fwd/cam1_2026-04-08_18-33-04.mp4,1037.0,2131.5,828,1770,1246,2493,0.8518977
117,/Volumes/SmithL0/2026/BIOL470/Final/Learning_Rig/bee_0408_3/fwd/cam1_2026-04-08_18-33-04.mp4,1037.5,2132.5,830,1771,1245,2494,0.8527487
118,/Volumes/SmithL0/2026/BIOL470/Final/Learning_Rig/bee_0408_3/fwd/cam1_2026-04-08_18-33-04.mp4,1037.5,2132.0,829,1770,1246,2494,0.8515455
119,/Volumes/SmithL0/2026/BIOL470/Final/Learning_Rig/bee_0408_3/fwd/cam1_2026-04-08_18-33-04.mp4,1035.5,2131.0,826,1770,1245,2492,0.8486944
120,/Volumes/SmithL0/2026/BIOL470/Final/Learning_Rig/bee_0408_3/fwd/cam1_2026-04-08_18-33-04.mp4,1036.5,2126.5,830,1777,1243,2476,0.8493749
121,/Volumes/SmithL0/2026/BIOL470/Final/Learning_Rig/bee_0408_3/fwd/cam1_2026-04-08_18-33-04.mp4,1037.0,2129.5,830,1776,1244,2483,0.84931254
122,/Volumes/SmithL0/2026/BIOL470/Final/Learning_Rig/bee_0408_3/fwd/cam1_2026-04-08_18-33-04.mp4,1036.0,2132.0,827,1771,1245,2493,0.84890854
123,/Volumes/SmithL0/2026/BIOL470/Final/Learning_Rig/bee_0408_3/fwd/cam1_2026-04-08_18-33-04.mp4,1036.0,2131.5,828,1771,1244,2492,0.8470579
124,/Volumes/SmithL0/2026/BIOL470/Final/Learning_Rig/bee_0408_3/fwd/cam1_2026-04-08_18-33-04.mp4,1036.5,2131.5,828,1771,1245,2492,0.8493624
125,/Volumes/SmithL0/2026/BIOL470/Final/Learning_Rig/bee_0408_3/fwd/cam1_2026-04-08_18-33-04.mp4,1038.0,2132.0,831,1772,1245,2492,0.8505232
126,/Volumes/SmithL0/2026/BIOL470/Final/Learning_Rig/bee_0408_3/fwd/cam1_2026-04-08_18-33-04.mp4,1037.5,2133.0,829,1772,1246,2494,0.85217196
127,/Volumes/SmithL0/2026/BIOL470/Final/Learning_Rig/bee_0408_3/fwd/cam1_2026-04-08_18-33-04.mp4,1037.5,2132.5,829,1771,1246,2494,0.8511144
128,/Volumes/SmithL0/2026/BIOL470/Final/Learning_Rig/bee_0408_3/fwd/cam1_2026-04-08_18-33-04.mp4,1037.5,2133.0,829,1771,1246,2495,0.852327
129,/Volumes/SmithL0/2026/BIOL470/Final/Learning_Rig/bee_0408_3/fwd/cam1_2026-04-08_18-33-04.mp4,1038.0,2132.0,830,1772,1246,2492,0.84965324
130,/Volumes/SmithL0/2026/BIOL470/Final/Learning_Rig/bee_0408_3/fwd/cam1_2026-04-08_18-33-04.mp4,1038.0,2133.0,830,1772,1246,2494,0.8518919
131,/Volumes/SmithL0/2026/BIOL470/Final/Learning_Rig/bee_0408_3/fwd/cam1_2026-04-08_18-33-04.mp4,1038.0,2133.0,831,1772,1245,2494,0.85200685
132,/Volumes/SmithL0/2026/BIOL470/Final/Learning_Rig/bee_0408_3/fwd/cam1_2026-04-08_18-33-04.mp4,1038.5,2132.0,831,1771,1246,2493,0.8541036
133,/Volumes/SmithL0/2026/BIOL470/Final/Learning_Rig/bee_0408_3/fwd/cam1_2026-04-08_18-33-04.mp4,1037.5,2132.5,830,1772,1245,2493,0.850676
134,/Volumes/SmithL0/2026/BIOL470/Final/Learning_Rig/bee_0408_3/fwd/cam1_2026-04-08_18-33-04.mp4,1038.0,2132.5,831,1772,1245,2493,0.8500226
135,/Volumes/SmithL0/2026/BIOL470/Final/Learning_Rig/bee_0408_3/fwd/cam1_2026-04-08_18-33-04.mp4,1038.0,2132.5,831,1771,1245,2494,0.8525284
136,/Volumes/SmithL0/2026/BIOL470/Final/Learning_Rig/bee_0408_3/fwd/cam1_2026-04-08_18-33-04.mp4,1038.0,2133.0,831,1771,1245,2495,0.8533656
137,/Volumes/SmithL0/2026/BIOL470/Final/Learning_Rig/bee_0408_3/fwd/cam1_2026-04-08_18-33-04.mp4,1038.0,2134.0,830,1772,1246,2496,0.8527512
138,/Volumes/SmithL0/2026/BIOL470/Final/Learning_Rig/bee_0408_3/fwd/cam1_2026-04-08_18-33-04.mp4,1038.0,2133.5,830,1772,1246,2495,0.8511637
139,/Volumes/SmithL0/2026/BIOL470/Final/Learning_Rig/bee_0408_3/fwd/cam1_2026-04-08_18-33-04.mp4,1038.0,2134.5,830,1772,1246,2497,0.8528573
140,/Volumes/SmithL0/2026/BIOL470/Final/Learning_Rig/bee_0408_3/fwd/cam1_2026-04-08_18-33-04.mp4,1038.5,2133.0,831,1771,1246,2495,0.852711
141,/Volumes/SmithL0/2026/BIOL470/Final/Learning_Rig/bee_0408_3/fwd/cam1_2026-04-08_18-33-04.mp4,1038.0,2133.5,830,1772,1246,2495,0.8518902
142,/Volumes/SmithL0/2026/BIOL470/Final/Learning_Rig/bee_0408_3/fwd/cam1_2026-04-08_18-33-04.mp4,1038.5,2132.0,832,1771,1245,2493,0.85010064
143,/Volumes/SmithL0/2026/BIOL470/Final/Learning_Rig/bee_0408_3/fwd/cam1_2026-04-08_18-33-04.mp4,1038.0,2132.0,832,1772,1244,2492,0.85113764
144,/Volumes/SmithL0/2026/BIOL470/Final/Learning_Rig/bee_0408_3/fwd/cam1_2026-04-08_18-33-04.mp4,1039.0,2131.5,832,1771,1246,2492,0.85099643
145,/Volumes/SmithL0/2026/BIOL470/Final/Learning_Rig/bee_0408_3/fwd/cam1_2026-04-08_18-33-04.mp4,1037.0,2132.5,830,1772,1244,2493,0.8496326
146,/Volumes/SmithL0/2026/BIOL470/Final/Learning_Rig/bee_0408_3/fwd/cam1_2026-04-08_18-33-04.mp4,1038.0,2132.5,830,1772,1246,2493,0.85161495
147,/Volumes/SmithL0/2026/BIOL470/Final/Learning_Rig/bee_0408_3/fwd/cam1_2026-04-08_18-33-04.mp4,1037.5,2131.5,830,1770,1245,2493,0.8491146
148,/Volumes/SmithL0/2026/BIOL470/Final/Learning_Rig/bee_0408_3/fwd/cam1_2026-04-08_18-33-04.mp4,1036.5,2132.0,829,1771,1244,2493,0.84915435
149,/Volumes/SmithL0/2026/BIOL470/Final/Learning_Rig/bee_0408_3/fwd/cam1_2026-04-08_18-33-04.mp4,1037.0,2132.0,829,1771,1245,2493,0.8522226
150,/Volumes/SmithL0/2026/BIOL470/Final/Learning_Rig/bee_0408_3/fwd/cam1_2026-04-08_18-33-04.mp4,1038.0,2132.5,831,1772,1245,2493,0.8506471
151,/Volumes/SmithL0/2026/BIOL470/Final/Learning_Rig/bee_0408_3/fwd/cam1_2026-04-08_18-33-04.mp4,1039.0,2133.0,832,1772,1246,2494,0.85168433
152,/Volumes/SmithL0/2026/BIOL470/Final/Learning_Rig/bee_0408_3/fwd/cam1_2026-04-08_18-33-04.mp4,1039.0,2133.0,832,1772,1246,2494,0.8528359
153,/Volumes/SmithL0/2026/BIOL470/Final/Learning_Rig/bee_0408_3/fwd/cam1_2026-04-08_18-33-04.mp4,1037.0,2133.0,830,1772,1244,2494,0.85276264
154,/Volumes/SmithL0/2026/BIOL470/Final/Learning_Rig/bee_0408_3/fwd/cam1_2026-04-08_18-33-04.mp4,1038.0,2132.0,831,1771,1245,2493,0.8530167
155,/Volumes/SmithL0/2026/BIOL470/Final/Learning_Rig/bee_0408_3/fwd/cam1_2026-04-08_18-33-04.mp4,1038.0,2131.5,831,1770,1245,2493,0.85198617
156,/Volumes/SmithL0/2026/BIOL470/Final/Learning_Rig/bee_0408_3/fwd/cam1_2026-04-08_18-33-04.mp4,1038.0,2132.5,832,1772,1244,2493,0.8496674
157,/Volumes/SmithL0/2026/BIOL470/Final/Learning_Rig/bee_0408_3/fwd/cam1_2026-04-08_18-33-04.mp4,1038.0,2132.5,831,1772,1245,2493,0.84997475
158,/Volumes/SmithL0/2026/BIOL470/Final/Learning_Rig/bee_0408_3/fwd/cam1_2026-04-08_18-33-04.mp4,1037.5,2132.5,830,1772,1245,2493,0.84943706
159,/Volumes/SmithL0/2026/BIOL470/Final/Learning_Rig/bee_0408_3/fwd/cam1_2026-04-08_18-33-04.mp4,1038.0,2130.5,831,1777,1245,2484,0.84939295
160,/Volumes/SmithL0/2026/BIOL470/Final/Learning_Rig/bee_0408_3/fwd/cam1_2026-04-08_18-33-04.mp4,1037.0,2131.5,830,1777,1244,2486,0.84929085
161,/Volumes/SmithL0/2026/BIOL470/Final/Learning_Rig/bee_0408_3/fwd/cam1_2026-04-08_18-33-04.mp4,1037.5,2129.5,831,1777,1244,2482,0.8510673
162,/Volumes/SmithL0/2026/BIOL470/Final/Learning_Rig/bee_0408_3/fwd/cam1_2026-04-08_18-33-04.mp4,1038.0,2133.0,830,1777,1246,2489,0.84981006
163,/Volumes/SmithL0/2026/BIOL470/Final/Learning_Rig/bee_0408_3/fwd/cam1_2026-04-08_18-33-04.mp4,1037.5,2132.5,829,1771,1246,2494,0.8507392
164,/Volumes/SmithL0/2026/BIOL470/Final/Learning_Rig/bee_0408_3/fwd/cam1_2026-04-08_18-33-04.mp4,1037.5,2131.5,829,1771,1246,2492,0.84992665
165,/Volumes/SmithL0/2026/BIOL470/Final/Learning_Rig/bee_0408_3/fwd/cam1_2026-04-08_18-33-04.mp4,1038.0,2129.0,831,1776,1245,2482,0.849552
166,/Volumes/SmithL0/2026/BIOL470/Final/Learning_Rig/bee_0408_3/fwd/cam1_2026-04-08_18-33-04.mp4,1037.5,2127.0,830,1776,1245,2478,0.85119575
167,/Volumes/SmithL0/2026/BIOL470/Final/Learning_Rig/bee_0408_3/fwd/cam1_2026-04-08_18-33-04.mp4,1037.0,2129.5,830,1776,1244,2483,0.8476081
168,/Volumes/SmithL0/2026/BIOL470/Final/Learning_Rig/bee_0408_3/fwd/cam1_2026-04-08_18-33-04.mp4,1038.0,2129.0,831,1776,1245,2482,0.8504923
169,/Volumes/SmithL0/2026/BIOL470/Final/Learning_Rig/bee_0408_3/fwd/cam1_2026-04-08_18-33-04.mp4,1038.0,2132.5,830,1771,1246,2494,0.84901965
170,/Volumes/SmithL0/2026/BIOL470/Final/Learning_Rig/bee_0408_3/fwd/cam1_2026-04-08_18-33-04.mp4,1038.0,2132.5,830,1770,1246,2495,0.84806854
171,/Volumes/SmithL0/2026/BIOL470/Final/Learning_Rig/bee_0408_3/fwd/cam1_2026-04-08_18-33-04.mp4,1037.5,2130.5,830,1769,1245,2492,0.84766454
172,/Volumes/SmithL0/2026/BIOL470/Final/Learning_Rig/bee_0408_3/fwd/cam1_2026-04-08_18-33-04.mp4,1037.5,2128.0,831,1776,1244,2480,0.8492768
173,/Volumes/SmithL0/2026/BIOL470/Final/Learning_Rig/bee_0408_3/fwd/cam1_2026-04-08_18-33-04.mp4,1036.5,2132.0,829,1770,1244,2494,0.8479841
174,/Volumes/SmithL0/2026/BIOL470/Final/Learning_Rig/bee_0408_3/fwd/cam1_2026-04-08_18-33-04.mp4,1037.5,2132.0,830,1770,1245,2494,0.84974647
175,/Volumes/SmithL0/2026/BIOL470/Final/Learning_Rig/bee_0408_3/fwd/cam1_2026-04-08_18-33-04.mp4,1036.0,2132.5,827,1771,1245,2494,0.8483798
176,/Volumes/SmithL0/2026/BIOL470/Final/Learning_Rig/bee_0408_3/fwd/cam1_2026-04-08_18-33-04.mp4,1036.5,2132.5,828,1771,1245,2494,0.84873
177,/Volumes/SmithL0/2026/BIOL470/Final/Learning_Rig/bee_0408_3/fwd/cam1_2026-04-08_18-33-04.mp4,1037.5,2133.5,829,1771,1246,2496,0.85116047
178,/Volumes/SmithL0/2026/BIOL470/Final/Learning_Rig/bee_0408_3/fwd/cam1_2026-04-08_18-33-04.mp4,1038.0,2133.0,831,1776,1245,2490,0.8484414
179,/Volumes/SmithL0/2026/BIOL470/Final/Learning_Rig/bee_0408_3/fwd/cam1_2026-04-08_18-33-04.mp4,1038.5,2130.5,832,1776,1245,2485,0.848099
180,/Volumes/SmithL0/2026/BIOL470/Final/Learning_Rig/bee_0408_3/fwd/cam1_2026-04-08_18-33-04.mp4,1037.5,2134.5,830,1772,1245,2497,0.8502643
181,/Volumes/SmithL0/2026/BIOL470/Final/Learning_Rig/bee_0408_3/fwd/cam1_2026-04-08_18-33-04.mp4,1038.0,2132.5,830,1771,1246,2494,0.8494564
182,/Volumes/SmithL0/2026/BIOL470/Final/Learning_Rig/bee_0408_3/fwd/cam1_2026-04-08_18-33-04.mp4,1038.5,2132.0,831,1771,1246,2493,0.8490766
183,/Volumes/SmithL0/2026/BIOL470/Final/Learning_Rig/bee_0408_3/fwd/cam1_2026-04-08_18-33-04.mp4,1038.0,2131.5,831,1771,1245,2492,0.84784347
184,/Volumes/SmithL0/2026/BIOL470/Final/Learning_Rig/bee_0408_3/fwd/cam1_2026-04-08_18-33-04.mp4,1038.5,2131.0,833,1777,1244,2485,0.84729666
185,/Volumes/SmithL0/2026/BIOL470/Final/Learning_Rig/bee_0408_3/fwd/cam1_2026-04-08_18-33-04.mp4,1038.0,2133.5,831,1777,1245,2490,0.845967
186,/Volumes/SmithL0/2026/BIOL470/Final/Learning_Rig/bee_0408_3/fwd/cam1_2026-04-08_18-33-04.mp4,1037.5,2132.5,830,1771,1245,2494,0.8479564
187,/Volumes/SmithL0/2026/BIOL470/Final/Learning_Rig/bee_0408_3/fwd/cam1_2026-04-08_18-33-04.mp4,1038.5,2132.5,831,1771,1246,2494,0.8485065
188,/Volumes/SmithL0/2026/BIOL470/Final/Learning_Rig/bee_0408_3/fwd/cam1_2026-04-08_18-33-04.mp4,1037.5,2128.5,831,1776,1244,2481,0.8496302
189,/Volumes/SmithL0/2026/BIOL470/Final/Learning_Rig/bee_0408_3/fwd/cam1_2026-04-08_18-33-04.mp4,1037.5,2128.5,831,1776,1244,2481,0.8480179
190,/Volumes/SmithL0/2026/BIOL470/Final/Learning_Rig/bee_0408_3/fwd/cam1_2026-04-08_18-33-04.mp4,1038.0,2131.0,831,1776,1245,2486,0.84934175
191,/Volumes/SmithL0/2026/BIOL470/Final/Learning_Rig/bee_0408_3/fwd/cam1_2026-04-08_18-33-04.mp4,1037.0,2130.0,830,1776,1244,2484,0.84830326
192,/Volumes/SmithL0/2026/BIOL470/Final/Learning_Rig/bee_0408_3/fwd/cam1_2026-04-08_18-33-04.mp4,1037.0,2128.5,830,1776,1244,2481,0.8485357
193,/Volumes/SmithL0/2026/BIOL470/Final/Learning_Rig/bee_0408_3/fwd/cam1_2026-04-08_18-33-04.mp4,1036.0,2131.5,828,1770,1244,2493,0.8473249
194,/Volumes/SmithL0/2026/BIOL470/Final/Learning_Rig/bee_0408_3/fwd/cam1_2026-04-08_18-33-04.mp4,1037.0,2131.5,830,1776,1244,2487,0.8483777
195,/Volumes/SmithL0/2026/BIOL470/Final/Learning_Rig/bee_0408_3/fwd/cam1_2026-04-08_18-33-04.mp4,1038.5,2131.0,831,1770,1246,2492,0.84949666
196,/Volumes/SmithL0/2026/BIOL470/Final/Learning_Rig/bee_0408_3/fwd/cam1_2026-04-08_18-33-04.mp4,1037.5,2129.5,831,1776,1244,2483,0.8488947
197,/Volumes/SmithL0/2026/BIOL470/Final/Learning_Rig/bee_0408_3/fwd/cam1_2026-04-08_18-33-04.mp4,1039.0,2132.5,832,1771,1246,2494,0.8509566
198,/Volumes/SmithL0/2026/BIOL470/Final/Learning_Rig/bee_0408_3/fwd/cam1_2026-04-08_18-33-04.mp4,1038.5,2133.0,832,1771,1245,2495,0.8508967
199,/Volumes/SmithL0/2026/BIOL470/Final/Learning_Rig/bee_0408_3/fwd/cam1_2026-04-08_18-33-04.mp4,1038.5,2132.5,832,1771,1245,2494,0.8513448
200,/Volumes/SmithL0/2026/BIOL470/Final/Learning_Rig/bee_0408_3/fwd/cam1_2026-04-08_18-33-04.mp4,1038.5,2133.5,831,1771,1246,2496,0.85215425
201,/Volumes/SmithL0/2026/BIOL470/Final/Learning_Rig/bee_0408_3/fwd/cam1_2026-04-08_18-33-04.mp4,1038.0,2131.5,831,1770,1245,2493,0.84984326
202,/Volumes/SmithL0/2026/BIOL470/Final/Learning_Rig/bee_0408_3/fwd/cam1_2026-04-08_18-33-04.mp4,1038.5,2131.5,831,1770,1246,2493,0.8503745
203,/Volumes/SmithL0/2026/BIOL470/Final/Learning_Rig/bee_0408_3/fwd/cam1_2026-04-08_18-33-04.mp4,1039.5,2130.5,833,1770,1246,2491,0.8492519
204,/Volumes/SmithL0/2026/BIOL470/Final/Learning_Rig/bee_0408_3/fwd/cam1_2026-04-08_18-33-04.mp4,1037.5,2131.0,831,1770,1244,2492,0.8485332
205,/Volumes/SmithL0/2026/BIOL470/Final/Learning_Rig/bee_0408_3/fwd/cam1_2026-04-08_18-33-04.mp4,1037.0,2131.5,830,1771,1244,2492,0.8450584
206,/Volumes/SmithL0/2026/BIOL470/Final/Learning_Rig/bee_0408_3/fwd/cam1_2026-04-08_18-33-04.mp4,1037.0,2131.5,830,1771,1244,2492,0.8459935
207,/Volumes/SmithL0/2026/BIOL470/Final/Learning_Rig/bee_0408_3/fwd/cam1_2026-04-08_18-33-04.mp4,1037.0,2132.5,829,1771,1245,2494,0.84509164
208,/Volumes/SmithL0/2026/BIOL470/Final/Learning_Rig/bee_0408_3/fwd/cam1_2026-04-08_18-33-04.mp4,1038.0,2133.5,831,1772,1245,2495,0.8490481
209,/Volumes/SmithL0/2026/BIOL470/Final/Learning_Rig/bee_0408_3/fwd/cam1_2026-04-08_18-33-04.mp4,1038.0,2131.0,831,1770,1245,2492,0.8472831
210,/Volumes/SmithL0/2026/BIOL470/Final/Learning_Rig/bee_0408_3/fwd/cam1_2026-04-08_18-33-04.mp4,1037.0,2132.0,829,1771,1245,2493,0.8491388
211,/Volumes/SmithL0/2026/BIOL470/Final/Learning_Rig/bee_0408_3/fwd/cam1_2026-04-08_18-33-04.mp4,1037.5,2133.5,829,1777,1246,2490,0.8494399
212,/Volumes/SmithL0/2026/BIOL470/Final/Learning_Rig/bee_0408_3/fwd/cam1_2026-04-08_18-33-04.mp4,1037.5,2133.0,830,1772,1245,2494,0.8504324
213,/Volumes/SmithL0/2026/BIOL470/Final/Learning_Rig/bee_0408_3/fwd/cam1_2026-04-08_18-33-04.mp4,1037.0,2133.5,829,1772,1245,2495,0.8512403
214,/Volumes/SmithL0/2026/BIOL470/Final/Learning_Rig/bee_0408_3/fwd/cam1_2026-04-08_18-33-04.mp4,1036.5,2133.5,827,1772,1246,2495,0.8504305
215,/Volumes/SmithL0/2026/BIOL470/Final/Learning_Rig/bee_0408_3/fwd/cam1_2026-04-08_18-33-04.mp4,1036.0,2134.5,826,1772,1246,2497,0.8503451
216,/Volumes/SmithL0/2026/BIOL470/Final/Learning_Rig/bee_0408_3/fwd/cam1_2026-04-08_18-33-04.mp4,1036.0,2133.5,827,1772,1245,2495,0.849485
217,/Volumes/SmithL0/2026/BIOL470/Final/Learning_Rig/bee_0408_3/fwd/cam1_2026-04-08_18-33-04.mp4,1039.0,2133.5,831,1777,1247,2490,0.85039675
218,/Volumes/SmithL0/2026/BIOL470/Final/Learning_Rig/bee_0408_3/fwd/cam1_2026-04-08_18-33-04.mp4,1038.5,2130.0,831,1777,1246,2483,0.85079306
219,/Volumes/SmithL0/2026/BIOL470/Final/Learning_Rig/bee_0408_3/fwd/cam1_2026-04-08_18-33-04.mp4,1038.5,2131.5,831,1776,1246,2487,0.849799
220,/Volumes/SmithL0/2026/BIOL470/Final/Learning_Rig/bee_0408_3/fwd/cam1_2026-04-08_18-33-04.mp4,1038.5,2124.0,832,1777,1245,2471,0.8514224
221,/Volumes/SmithL0/2026/BIOL470/Final/Learning_Rig/bee_0408_3/fwd/cam1_2026-04-08_18-33-04.mp4,1039.5,2131.0,833,1777,1246,2485,0.85155624
222,/Volumes/SmithL0/2026/BIOL470/Final/Learning_Rig/bee_0408_3/fwd/cam1_2026-04-08_18-33-04.mp4,1038.5,2131.5,831,1777,1246,2486,0.8512346
223,/Volumes/SmithL0/2026/BIOL470/Final/Learning_Rig/bee_0408_3/fwd/cam1_2026-04-08_18-33-04.mp4,1038.0,2130.0,831,1777,1245,2483,0.8506828
224,/Volumes/SmithL0/2026/BIOL470/Final/Learning_Rig/bee_0408_3/fwd/cam1_2026-04-08_18-33-04.mp4,1038.0,2130.0,830,1777,1246,2483,0.85140204
225,/Volumes/SmithL0/2026/BIOL470/Final/Learning_Rig/bee_0408_3/fwd/cam1_2026-04-08_18-33-04.mp4,1039.0,2127.5,832,1777,1246,2478,0.85088855
226,/Volumes/SmithL0/2026/BIOL470/Final/Learning_Rig/bee_0408_3/fwd/cam1_2026-04-08_18-33-04.mp4,1039.0,2130.0,832,1777,1246,2483,0.85076183
227,/Volumes/SmithL0/2026/BIOL470/Final/Learning_Rig/bee_0408_3/fwd/cam1_2026-04-08_18-33-04.mp4,1038.5,2131.0,831,1777,1246,2485,0.8496888
228,/Volumes/SmithL0/2026/BIOL470/Final/Learning_Rig/bee_0408_3/fwd/cam1_2026-04-08_18-33-04.mp4,1038.0,2132.0,830,1771,1246,2493,0.8499701
229,/Volumes/SmithL0/2026/BIOL470/Final/Learning_Rig/bee_0408_3/fwd/cam1_2026-04-08_18-33-04.mp4,1038.5,2133.0,831,1772,1246,2494,0.8513947
230,/Volumes/SmithL0/2026/BIOL470/Final/Learning_Rig/bee_0408_3/fwd/cam1_2026-04-08_18-33-04.mp4,1038.0,2133.0,830,1772,1246,2494,0.84984857
231,/Volumes/SmithL0/2026/BIOL470/Final/Learning_Rig/bee_0408_3/fwd/cam1_2026-04-08_18-33-04.mp4,1038.5,2131.0,831,1777,1246,2485,0.8496908
232,/Volumes/SmithL0/2026/BIOL470/Final/Learning_Rig/bee_0408_3/fwd/cam1_2026-04-08_18-33-04.mp4,1037.0,2132.5,829,1772,1245,2493,0.84907424
233,/Volumes/SmithL0/2026/BIOL470/Final/Learning_Rig/bee_0408_3/fwd/cam1_2026-04-08_18-33-04.mp4,1038.5,2130.5,832,1777,1245,2484,0.85001814
234,/Volumes/SmithL0/2026/BIOL470/Final/Learning_Rig/bee_0408_3/fwd/cam1_2026-04-08_18-33-04.mp4,1040.0,2129.5,833,1777,1247,2482,0.8531269
235,/Volumes/SmithL0/2026/BIOL470/Final/Learning_Rig/bee_0408_3/fwd/cam1_2026-04-08_18-33-04.mp4,1039.5,2132.5,832,1777,1247,2488,0.8533395
236,/Volumes/SmithL0/2026/BIOL470/Final/Learning_Rig/bee_0408_3/fwd/cam1_2026-04-08_18-33-04.mp4,1039.0,2133.0,832,1773,1246,2493,0.8500035
237,/Volumes/SmithL0/2026/BIOL470/Final/Learning_Rig/bee_0408_3/fwd/cam1_2026-04-08_18-33-04.mp4,1038.0,2133.5,830,1772,1246,2495,0.8536631
238,/Volumes/SmithL0/2026/BIOL470/Final/Learning_Rig/bee_0408_3/fwd/cam1_2026-04-08_18-33-04.mp4,1037.5,2132.5,830,1771,1245,2494,0.8507485
239,/Volumes/SmithL0/2026/BIOL470/Final/Learning_Rig/bee_0408_3/fwd/cam1_2026-04-08_18-33-04.mp4,1039.0,2132.0,831,1771,1247,2493,0.8509722
240,/Volumes/SmithL0/2026/BIOL470/Final/Learning_Rig/bee_0408_3/fwd/cam1_2026-04-08_18-33-04.mp4,1039.5,2132.0,832,1776,1247,2488,0.84938663
241,/Volumes/SmithL0/2026/BIOL470/Final/Learning_Rig/bee_0408_3/fwd/cam1_2026-04-08_18-33-04.mp4,1039.0,2133.0,831,1771,1247,2495,0.8511611
242,/Volumes/SmithL0/2026/BIOL470/Final/Learning_Rig/bee_0408_3/fwd/cam1_2026-04-08_18-33-04.mp4,1038.5,2133.0,830,1776,1247,2490,0.8503328
243,/Volumes/SmithL0/2026/BIOL470/Final/Learning_Rig/bee_0408_3/fwd/cam1_2026-04-08_18-33-04.mp4,1038.5,2132.5,831,1771,1246,2494,0.8498676
244,/Volumes/SmithL0/2026/BIOL470/Final/Learning_Rig/bee_0408_3/fwd/cam1_2026-04-08_18-33-04.mp4,1038.5,2131.0,831,1770,1246,2492,0.84884715
245,/Volumes/SmithL0/2026/BIOL470/Final/Learning_Rig/bee_0408_3/fwd/cam1_2026-04-08_18-33-04.mp4,1039.0,2131.5,832,1771,1246,2492,0.84862185
246,/Volumes/SmithL0/2026/BIOL470/Final/Learning_Rig/bee_0408_3/fwd/cam1_2026-04-08_18-33-04.mp4,1038.0,2132.0,830,1772,1246,2492,0.8508427
247,/Volumes/SmithL0/2026/BIOL470/Final/Learning_Rig/bee_0408_3/fwd/cam1_2026-04-08_18-33-04.mp4,1038.5,2132.0,831,1772,1246,2492,0.8510763
248,/Volumes/SmithL0/2026/BIOL470/Final/Learning_Rig/bee_0408_3/fwd/cam1_2026-04-08_18-33-04.mp4,1039.5,2130.0,833,1777,1246,2483,0.8515302
249,/Volumes/SmithL0/2026/BIOL470/Final/Learning_Rig/bee_0408_3/fwd/cam1_2026-04-08_18-33-04.mp4,1039.5,2129.0,833,1777,1246,2481,0.85299814
250,/Volumes/SmithL0/2026/BIOL470/Final/Learning_Rig/bee_0408_3/fwd/cam1_2026-04-08_18-33-04.mp4,1039.0,2129.0,832,1776,1246,2482,0.85008705
251,/Volumes/SmithL0/2026/BIOL470/Final/Learning_Rig/bee_0408_3/fwd/cam1_2026-04-08_18-33-04.mp4,1038.5,2127.5,832,1776,1245,2479,0.84919137
252,/Volumes/SmithL0/2026/BIOL470/Final/Learning_Rig/bee_0408_3/fwd/cam1_2026-04-08_18-33-04.mp4,1038.5,2126.0,832,1776,1245,2476,0.8523647
253,/Volumes/SmithL0/2026/BIOL470/Final/Learning_Rig/bee_0408_3/fwd/cam1_2026-04-08_18-33-04.mp4,1039.5,2133.0,833,1772,1246,2494,0.8524039
254,/Volumes/SmithL0/2026/BIOL470/Final/Learning_Rig/bee_0408_3/fwd/cam1_2026-04-08_18-33-04.mp4,1039.0,2133.0,832,1772,1246,2494,0.8513743
255,/Volumes/SmithL0/2026/BIOL470/Final/Learning_Rig/bee_0408_3/fwd/cam1_2026-04-08_18-33-04.mp4,1039.0,2133.0,832,1773,1246,2493,0.8503485
256,/Volumes/SmithL0/2026/BIOL470/Final/Learning_Rig/bee_0408_3/fwd/cam1_2026-04-08_18-33-04.mp4,1039.0,2133.0,831,1773,1247,2493,0.8517136
257,/Volumes/SmithL0/2026/BIOL470/Final/Learning_Rig/bee_0408_3/fwd/cam1_2026-04-08_18-33-04.mp4,1040.0,2126.5,833,1777,1247,2476,0.8551496
258,/Volumes/SmithL0/2026/BIOL470/Final/Learning_Rig/bee_0408_3/fwd/cam1_2026-04-08_18-33-04.mp4,1040.0,2125.5,833,1777,1247,2474,0.85758305
259,/Volumes/SmithL0/2026/BIOL470/Final/Learning_Rig/bee_0408_3/fwd/cam1_2026-04-08_18-33-04.mp4,1040.0,2125.5,833,1777,1247,2474,0.85629
260,/Volumes/SmithL0/2026/BIOL470/Final/Learning_Rig/bee_0408_3/fwd/cam1_2026-04-08_18-33-04.mp4,1038.5,2127.0,831,1777,1246,2477,0.85427105
261,/Volumes/SmithL0/2026/BIOL470/Final/Learning_Rig/bee_0408_3/fwd/cam1_2026-04-08_18-33-04.mp4,1039.5,2129.5,833,1777,1246,2482,0.85240793
262,/Volumes/SmithL0/2026/BIOL470/Final/Learning_Rig/bee_0408_3/fwd/cam1_2026-04-08_18-33-04.mp4,1039.5,2128.5,833,1776,1246,2481,0.8508815
263,/Volumes/SmithL0/2026/BIOL470/Final/Learning_Rig/bee_0408_3/fwd/cam1_2026-04-08_18-33-04.mp4,1039.0,2133.0,831,1772,1247,2494,0.85245353
264,/Volumes/SmithL0/2026/BIOL470/Final/Learning_Rig/bee_0408_3/fwd/cam1_2026-04-08_18-33-04.mp4,1040.0,2132.0,833,1776,1247,2488,0.8518184
265,/Volumes/SmithL0/2026/BIOL470/Final/Learning_Rig/bee_0408_3/fwd/cam1_2026-04-08_18-33-04.mp4,1039.5,2133.0,832,1772,1247,2494,0.8518645
266,/Volumes/SmithL0/2026/BIOL470/Final/Learning_Rig/bee_0408_3/fwd/cam1_2026-04-08_18-33-04.mp4,1039.5,2129.5,833,1776,1246,2483,0.8546759
267,/Volumes/SmithL0/2026/BIOL470/Final/Learning_Rig/bee_0408_3/fwd/cam1_2026-04-08_18-33-04.mp4,1039.5,2133.0,832,1777,1247,2489,0.85198337
268,/Volumes/SmithL0/2026/BIOL470/Final/Learning_Rig/bee_0408_3/fwd/cam1_2026-04-08_18-33-04.mp4,1039.0,2133.5,831,1777,1247,2490,0.8521281
269,/Volumes/SmithL0/2026/BIOL470/Final/Learning_Rig/bee_0408_3/fwd/cam1_2026-04-08_18-33-04.mp4,1039.5,2133.5,832,1777,1247,2490,0.8522827
270,/Volumes/SmithL0/2026/BIOL470/Final/Learning_Rig/bee_0408_3/fwd/cam1_2026-04-08_18-33-04.mp4,1039.5,2130.5,832,1777,1247,2484,0.85452753
271,/Volumes/SmithL0/2026/BIOL470/Final/Learning_Rig/bee_0408_3/fwd/cam1_2026-04-08_18-33-04.mp4,1039.5,2133.0,832,1777,1247,2489,0.8530958
272,/Volumes/SmithL0/2026/BIOL470/Final/Learning_Rig/bee_0408_3/fwd/cam1_2026-04-08_18-33-04.mp4,1039.0,2131.0,832,1777,1246,2485,0.8513859
273,/Volumes/SmithL0/2026/BIOL470/Final/Learning_Rig/bee_0408_3/fwd/cam1_2026-04-08_18-33-04.mp4,1039.5,2131.0,832,1777,1247,2485,0.8519609
274,/Volumes/SmithL0/2026/BIOL470/Final/Learning_Rig/bee_0408_3/fwd/cam1_2026-04-08_18-33-04.mp4,1039.5,2131.5,832,1777,1247,2486,0.8522406
275,/Volumes/SmithL0/2026/BIOL470/Final/Learning_Rig/bee_0408_3/fwd/cam1_2026-04-08_18-33-04.mp4,1039.5,2133.5,831,1777,1248,2490,0.8529716
276,/Volumes/SmithL0/2026/BIOL470/Final/Learning_Rig/bee_0408_3/fwd/cam1_2026-04-08_18-33-04.mp4,1040.0,2131.0,833,1777,1247,2485,0.85174376
277,/Volumes/SmithL0/2026/BIOL470/Final/Learning_Rig/bee_0408_3/fwd/cam1_2026-04-08_18-33-04.mp4,1039.5,2133.0,832,1777,1247,2489,0.85262907
278,/Volumes/SmithL0/2026/BIOL470/Final/Learning_Rig/bee_0408_3/fwd/cam1_2026-04-08_18-33-04.mp4,1040.0,2132.5,832,1777,1248,2488,0.8551553
279,/Volumes/SmithL0/2026/BIOL470/Final/Learning_Rig/bee_0408_3/fwd/cam1_2026-04-08_18-33-04.mp4,1039.5,2134.0,832,1777,1247,2491,0.85250914
280,/Volumes/SmithL0/2026/BIOL470/Final/Learning_Rig/bee_0408_3/fwd/cam1_2026-04-08_18-33-04.mp4,1039.5,2132.5,832,1777,1247,2488,0.8511207
281,/Volumes/SmithL0/2026/BIOL470/Final/Learning_Rig/bee_0408_3/fwd/cam1_2026-04-08_18-33-04.mp4,1039.5,2132.0,833,1777,1246,2487,0.85200894
282,/Volumes/SmithL0/2026/BIOL470/Final/Learning_Rig/bee_0408_3/fwd/cam1_2026-04-08_18-33-04.mp4,1039.5,2131.5,833,1777,1246,2486,0.8516906
283,/Volumes/SmithL0/2026/BIOL470/Final/Learning_Rig/bee_0408_3/fwd/cam1_2026-04-08_18-33-04.mp4,1039.0,2129.0,833,1777,1245,2481,0.8515342
284,/Volumes/SmithL0/2026/BIOL470/Final/Learning_Rig/bee_0408_3/fwd/cam1_2026-04-08_18-33-04.mp4,1039.5,2130.5,832,1777,1247,2484,0.85331196
285,/Volumes/SmithL0/2026/BIOL470/Final/Learning_Rig/bee_0408_3/fwd/cam1_2026-04-08_18-33-04.mp4,1039.5,2132.0,833,1777,1246,2487,0.8508778
286,/Volumes/SmithL0/2026/BIOL470/Final/Learning_Rig/bee_0408_3/fwd/cam1_2026-04-08_18-33-04.mp4,1039.0,2135.0,832,1777,1246,2493,0.8492072
287,/Volumes/SmithL0/2026/BIOL470/Final/Learning_Rig/bee_0408_3/fwd/cam1_2026-04-08_18-33-04.mp4,1038.5,2133.5,831,1777,1246,2490,0.85010606
288,/Volumes/SmithL0/2026/BIOL470/Final/Learning_Rig/bee_0408_3/fwd/cam1_2026-04-08_18-33-04.mp4,1039.0,2131.5,831,1776,1247,2487,0.8535036
289,/Volumes/SmithL0/2026/BIOL470/Final/Learning_Rig/bee_0408_3/fwd/cam1_2026-04-08_18-33-04.mp4,1039.0,2134.0,832,1777,1246,2491,0.8513158
290,/Volumes/SmithL0/2026/BIOL470/Final/Learning_Rig/bee_0408_3/fwd/cam1_2026-04-08_18-33-04.mp4,1039.0,2132.5,831,1777,1247,2488,0.8509493
291,/Volumes/SmithL0/2026/BIOL470/Final/Learning_Rig/bee_0408_3/fwd/cam1_2026-04-08_18-33-04.mp4,1039.5,2132.5,832,1777,1247,2488,0.84989953
292,/Volumes/SmithL0/2026/BIOL470/Final/Learning_Rig/bee_0408_3/fwd/cam1_2026-04-08_18-33-04.mp4,1038.5,2131.5,831,1777,1246,2486,0.8498195
293,/Volumes/SmithL0/2026/BIOL470/Final/Learning_Rig/bee_0408_3/fwd/cam1_2026-04-08_18-33-04.mp4,1038.0,2127.0,831,1777,1245,2477,0.8525974
294,/Volumes/SmithL0/2026/BIOL470/Final/Learning_Rig/bee_0408_3/fwd/cam1_2026-04-08_18-33-04.mp4,1038.5,2129.0,832,1777,1245,2481,0.8507433
295,/Volumes/SmithL0/2026/BIOL470/Final/Learning_Rig/bee_0408_3/fwd/cam1_2026-04-08_18-33-04.mp4,1039.0,2131.0,832,1777,1246,2485,0.85137385
296,/Volumes/SmithL0/2026/BIOL470/Final/Learning_Rig/bee_0408_3/fwd/cam1_2026-04-08_18-33-04.mp4,1038.5,2131.0,831,1776,1246,2486,0.8535604
297,/Volumes/SmithL0/2026/BIOL470/Final/Learning_Rig/bee_0408_3/fwd/cam1_2026-04-08_18-33-04.mp4,1038.5,2130.0,832,1777,1245,2483,0.8525217
298,/Volumes/SmithL0/2026/BIOL470/Final/Learning_Rig/bee_0408_3/fwd/cam1_2026-04-08_18-33-04.mp4,1038.5,2128.0,831,1777,1246,2479,0.8558257
299,/Volumes/SmithL0/2026/BIOL470/Final/Learning_Rig/bee_0408_3/fwd/cam1_2026-04-08_18-33-04.mp4,1039.0,2129.0,831,1777,1247,2481,0.85640574
300,/Volumes/SmithL0/2026/BIOL470/Final/Learning_Rig/bee_0408_3/fwd/cam1_2026-04-08_18-33-04.mp4,1039.5,2131.0,832,1777,1247,2485,0.8535579
301,/Volumes/SmithL0/2026/BIOL470/Final/Learning_Rig/bee_0408_3/fwd/cam1_2026-04-08_18-33-04.mp4,1038.5,2133.0,831,1776,1246,2490,0.8512624
302,/Volumes/SmithL0/2026/BIOL470/Final/Learning_Rig/bee_0408_3/fwd/cam1_2026-04-08_18-33-04.mp4,1039.5,2132.0,832,1777,1247,2487,0.85382354
303,/Volumes/SmithL0/2026/BIOL470/Final/Learning_Rig/bee_0408_3/fwd/cam1_2026-04-08_18-33-04.mp4,1040.5,2134.0,833,1777,1248,2491,0.85142976
304,/Volumes/SmithL0/2026/BIOL470/Final/Learning_Rig/bee_0408_3/fwd/cam1_2026-04-08_18-33-04.mp4,1040.0,2132.5,833,1776,1247,2489,0.851927
305,/Volumes/SmithL0/2026/BIOL470/Final/Learning_Rig/bee_0408_3/fwd/cam1_2026-04-08_18-33-04.mp4,1039.5,2131.5,832,1776,1247,2487,0.8515236
306,/Volumes/SmithL0/2026/BIOL470/Final/Learning_Rig/bee_0408_3/fwd/cam1_2026-04-08_18-33-04.mp4,1040.5,2131.0,834,1777,1247,2485,0.8521217
307,/Volumes/SmithL0/2026/BIOL470/Final/Learning_Rig/bee_0408_3/fwd/cam1_2026-04-08_18-33-04.mp4,1040.5,2133.0,833,1772,1248,2494,0.8506544
308,/Volumes/SmithL0/2026/BIOL470/Final/Learning_Rig/bee_0408_3/fwd/cam1_2026-04-08_18-33-04.mp4,1039.5,2132.5,833,1777,1246,2488,0.849695
309,/Volumes/SmithL0/2026/BIOL470/Final/Learning_Rig/bee_0408_3/fwd/cam1_2026-04-08_18-33-04.mp4,1039.5,2132.0,833,1777,1246,2487,0.8502678
310,/Volumes/SmithL0/2026/BIOL470/Final/Learning_Rig/bee_0408_3/fwd/cam1_2026-04-08_18-33-04.mp4,1039.5,2130.0,832,1777,1247,2483,0.8521332
311,/Volumes/SmithL0/2026/BIOL470/Final/Learning_Rig/bee_0408_3/fwd/cam1_2026-04-08_18-33-04.mp4,1039.5,2133.5,832,1772,1247,2495,0.85240275
312,/Volumes/SmithL0/2026/BIOL470/Final/Learning_Rig/bee_0408_3/fwd/cam1_2026-04-08_18-33-04.mp4,1039.0,2134.0,832,1773,1246,2495,0.8492857
313,/Volumes/SmithL0/2026/BIOL470/Final/Learning_Rig/bee_0408_3/fwd/cam1_2026-04-08_18-33-04.mp4,1039.0,2134.0,832,1773,1246,2495,0.8490558
314,/Volumes/SmithL0/2026/BIOL470/Final/Learning_Rig/bee_0408_3/fwd/cam1_2026-04-08_18-33-04.mp4,1039.0,2132.5,832,1777,1246,2488,0.8497678
315,/Volumes/SmithL0/2026/BIOL470/Final/Learning_Rig/bee_0408_3/fwd/cam1_2026-04-08_18-33-04.mp4,1039.5,2135.5,832,1774,1247,2497,0.85003436
316,/Volumes/SmithL0/2026/BIOL470/Final/Learning_Rig/bee_0408_3/fwd/cam1_2026-04-08_18-33-04.mp4,1038.5,2133.5,831,1772,1246,2495,0.8510699
317,/Volumes/SmithL0/2026/BIOL470/Final/Learning_Rig/bee_0408_3/fwd/cam1_2026-04-08_18-33-04.mp4,1039.5,2133.5,832,1777,1247,2490,0.8511795
318,/Volumes/SmithL0/2026/BIOL470/Final/Learning_Rig/bee_0408_3/fwd/cam1_2026-04-08_18-33-04.mp4,1038.0,2133.5,830,1772,1246,2495,0.849696
319,/Volumes/SmithL0/2026/BIOL470/Final/Learning_Rig/bee_0408_3/fwd/cam1_2026-04-08_18-33-04.mp4,1038.5,2134.0,831,1773,1246,2495,0.85074466
320,/Volumes/SmithL0/2026/BIOL470/Final/Learning_Rig/bee_0408_3/fwd/cam1_2026-04-08_18-33-04.mp4,1037.5,2133.0,830,1772,1245,2494,0.8508318
321,/Volumes/SmithL0/2026/BIOL470/Final/Learning_Rig/bee_0408_3/fwd/cam1_2026-04-08_18-33-04.mp4,1038.0,2131.5,830,1777,1246,2486,0.8497167
322,/Volumes/SmithL0/2026/BIOL470/Final/Learning_Rig/bee_0408_3/fwd/cam1_2026-04-08_18-33-04.mp4,1038.0,2129.0,830,1777,1246,2481,0.8504585
323,/Volumes/SmithL0/2026/BIOL470/Final/Learning_Rig/bee_0408_3/fwd/cam1_2026-04-08_18-33-04.mp4,1038.5,2129.5,831,1777,1246,2482,0.850741
324,/Volumes/SmithL0/2026/BIOL470/Final/Learning_Rig/bee_0408_3/fwd/cam1_2026-04-08_18-33-04.mp4,1038.5,2131.0,831,1777,1246,2485,0.8498433
325,/Volumes/SmithL0/2026/BIOL470/Final/Learning_Rig/bee_0408_3/fwd/cam1_2026-04-08_18-33-04.mp4,1038.5,2131.0,831,1777,1246,2485,0.849802
326,/Volumes/SmithL0/2026/BIOL470/Final/Learning_Rig/bee_0408_3/fwd/cam1_2026-04-08_18-33-04.mp4,1039.0,2132.0,832,1777,1246,2487,0.8488918
327,/Volumes/SmithL0/2026/BIOL470/Final/Learning_Rig/bee_0408_3/fwd/cam1_2026-04-08_18-33-04.mp4,1039.0,2134.0,832,1773,1246,2495,0.8491809
328,/Volumes/SmithL0/2026/BIOL470/Final/Learning_Rig/bee_0408_3/fwd/cam1_2026-04-08_18-33-04.mp4,1039.5,2133.0,832,1773,1247,2493,0.8507346
329,/Volumes/SmithL0/2026/BIOL470/Final/Learning_Rig/bee_0408_3/fwd/cam1_2026-04-08_18-33-04.mp4,1040.0,2132.0,833,1773,1247,2491,0.84921175
330,/Volumes/SmithL0/2026/BIOL470/Final/Learning_Rig/bee_0408_3/fwd/cam1_2026-04-08_18-33-04.mp4,1039.0,2132.5,831,1773,1247,2492,0.8506303
331,/Volumes/SmithL0/2026/BIOL470/Final/Learning_Rig/bee_0408_3/fwd/cam1_2026-04-08_18-33-04.mp4,1039.5,2130.0,832,1777,1247,2483,0.85067654
332,/Volumes/SmithL0/2026/BIOL470/Final/Learning_Rig/bee_0408_3/fwd/cam1_2026-04-08_18-33-04.mp4,1038.5,2132.0,831,1777,1246,2487,0.8489696
333,/Volumes/SmithL0/2026/BIOL470/Final/Learning_Rig/bee_0408_3/fwd/cam1_2026-04-08_18-33-04.mp4,1039.0,2130.5,832,1777,1246,2484,0.852453
334,/Volumes/SmithL0/2026/BIOL470/Final/Learning_Rig/bee_0408_3/fwd/cam1_2026-04-08_18-33-04.mp4,1038.5,2122.0,831,1777,1246,2467,0.8562473
335,/Volumes/SmithL0/2026/BIOL470/Final/Learning_Rig/bee_0408_3/fwd/cam1_2026-04-08_18-33-04.mp4,1039.0,2126.0,832,1777,1246,2475,0.85392237
336,/Volumes/SmithL0/2026/BIOL470/Final/Learning_Rig/bee_0408_3/fwd/cam1_2026-04-08_18-33-04.mp4,1038.0,2123.0,831,1777,1245,2469,0.85574615
337,/Volumes/SmithL0/2026/BIOL470/Final/Learning_Rig/bee_0408_3/fwd/cam1_2026-04-08_18-33-04.mp4,1038.5,2134.0,831,1773,1246,2495,0.8495993
338,/Volumes/SmithL0/2026/BIOL470/Final/Learning_Rig/bee_0408_3/fwd/cam1_2026-04-08_18-33-04.mp4,1038.5,2132.5,832,1777,1245,2488,0.8492057
339,/Volumes/SmithL0/2026/BIOL470/Final/Learning_Rig/bee_0408_3/fwd/cam1_2026-04-08_18-33-04.mp4,1039.0,2132.5,831,1772,1247,2493,0.85172766
340,/Volumes/SmithL0/2026/BIOL470/Final/Learning_Rig/bee_0408_3/fwd/cam1_2026-04-08_18-33-04.mp4,1037.5,2133.5,829,1773,1246,2494,0.8516821
341,/Volumes/SmithL0/2026/BIOL470/Final/Learning_Rig/bee_0408_3/fwd/cam1_2026-04-08_18-33-04.mp4,1038.0,2134.5,831,1774,1245,2495,0.8537125
342,/Volumes/SmithL0/2026/BIOL470/Final/Learning_Rig/bee_0408_3/fwd/cam1_2026-04-08_18-33-04.mp4,1038.0,2133.5,831,1773,1245,2494,0.85143894
343,/Volumes/SmithL0/2026/BIOL470/Final/Learning_Rig/bee_0408_3/fwd/cam1_2026-04-08_18-33-04.mp4,1038.0,2133.5,831,1774,1245,2493,0.8500839
344,/Volumes/SmithL0/2026/BIOL470/Final/Learning_Rig/bee_0408_3/fwd/cam1_2026-04-08_18-33-04.mp4,1038.5,2133.5,832,1774,1245,2493,0.8505996
345,/Volumes/SmithL0/2026/BIOL470/Final/Learning_Rig/bee_0408_3/fwd/cam1_2026-04-08_18-33-04.mp4,1038.0,2133.5,831,1774,1245,2493,0.8492342
346,/Volumes/SmithL0/2026/BIOL470/Final/Learning_Rig/bee_0408_3/fwd/cam1_2026-04-08_18-33-04.mp4,1038.5,2134.5,832,1775,1245,2494,0.8487099
347,/Volumes/SmithL0/2026/BIOL470/Final/Learning_Rig/bee_0408_3/fwd/cam1_2026-04-08_18-33-04.mp4,1036.5,2135.0,829,1774,1244,2496,0.8471167
348,/Volumes/SmithL0/2026/BIOL470/Final/Learning_Rig/bee_0408_3/fwd/cam1_2026-04-08_18-33-04.mp4,1037.5,2135.5,830,1775,1245,2496,0.8479598
349,/Volumes/SmithL0/2026/BIOL470/Final/Learning_Rig/bee_0408_3/fwd/cam1_2026-04-08_18-33-04.mp4,1037.5,2136.0,829,1774,1246,2498,0.85007
350,/Volumes/SmithL0/2026/BIOL470/Final/Learning_Rig/bee_0408_3/fwd/cam1_2026-04-08_18-33-04.mp4,1039.5,2135.0,831,1777,1248,2493,0.85006475
351,/Volumes/SmithL0/2026/BIOL470/Final/Learning_Rig/bee_0408_3/fwd/cam1_2026-04-08_18-33-04.mp4,1039.5,2133.5,831,1773,1248,2494,0.8511719
352,/Volumes/SmithL0/2026/BIOL470/Final/Learning_Rig/bee_0408_3/fwd/cam1_2026-04-08_18-33-04.mp4,1039.5,2134.5,831,1777,1248,2492,0.85165966
353,/Volumes/SmithL0/2026/BIOL470/Final/Learning_Rig/bee_0408_3/fwd/cam1_2026-04-08_18-33-04.mp4,1038.5,2134.0,831,1773,1246,2495,0.8494481
354,/Volumes/SmithL0/2026/BIOL470/Final/Learning_Rig/bee_0408_3/fwd/cam1_2026-04-08_18-33-04.mp4,1038.0,2134.0,830,1773,1246,2495,0.8490322
355,/Volumes/SmithL0/2026/BIOL470/Final/Learning_Rig/bee_0408_3/fwd/cam1_2026-04-08_18-33-04.mp4,1039.0,2133.5,831,1777,1247,2490,0.84891576
356,/Volumes/SmithL0/2026/BIOL470/Final/Learning_Rig/bee_0408_3/fwd/cam1_2026-04-08_18-33-04.mp4,1039.0,2131.5,832,1777,1246,2486,0.8496518
357,/Volumes/SmithL0/2026/BIOL470/Final/Learning_Rig/bee_0408_3/fwd/cam1_2026-04-08_18-33-04.mp4,1040.0,2133.0,833,1777,1247,2489,0.84759784
358,/Volumes/SmithL0/2026/BIOL470/Final/Learning_Rig/bee_0408_3/fwd/cam1_2026-04-08_18-33-04.mp4,1039.0,2134.0,832,1774,1246,2494,0.84638387
359,/Volumes/SmithL0/2026/BIOL470/Final/Learning_Rig/bee_0408_3/fwd/cam1_2026-04-08_18-33-04.mp4,1038.0,2134.5,831,1774,1245,2495,0.8464681
360,/Volumes/SmithL0/2026/BIOL470/Final/Learning_Rig/bee_0408_3/fwd/cam1_2026-04-08_18-33-04.mp4,1038.0,2130.5,831,1777,1245,2484,0.84797287
361,/Volumes/SmithL0/2026/BIOL470/Final/Learning_Rig/bee_0408_3/fwd/cam1_2026-04-08_18-33-04.mp4,1038.0,2129.5,831,1777,1245,2482,0.8479799
362,/Volumes/SmithL0/2026/BIOL470/Final/Learning_Rig/bee_0408_3/fwd/cam1_2026-04-08_18-33-04.mp4,1038.0,2128.0,831,1777,1245,2479,0.8488822
363,/Volumes/SmithL0/2026/BIOL470/Final/Learning_Rig/bee_0408_3/fwd/cam1_2026-04-08_18-33-04.mp4,1038.5,2126.5,832,1777,1245,2476,0.8505678
364,/Volumes/SmithL0/2026/BIOL470/Final/Learning_Rig/bee_0408_3/fwd/cam1_2026-04-08_18-33-04.mp4,1039.0,2132.0,832,1777,1246,2487,0.85041153
365,/Volumes/SmithL0/2026/BIOL470/Final/Learning_Rig/bee_0408_3/fwd/cam1_2026-04-08_18-33-04.mp4,1038.5,2134.0,831,1773,1246,2495,0.8503466
366,/Volumes/SmithL0/2026/BIOL470/Final/Learning_Rig/bee_0408_3/fwd/cam1_2026-04-08_18-33-04.mp4,1037.5,2133.0,831,1777,1244,2489,0.8448337
367,/Volumes/SmithL0/2026/BIOL470/Final/Learning_Rig/bee_0408_3/fwd/cam1_2026-04-08_18-33-04.mp4,1038.0,2134.0,830,1773,1246,2495,0.84884
368,/Volumes/SmithL0/2026/BIOL470/Final/Learning_Rig/bee_0408_3/fwd/cam1_2026-04-08_18-33-04.mp4,1038.0,2134.0,830,1774,1246,2494,0.8480967
369,/Volumes/SmithL0/2026/BIOL470/Final/Learning_Rig/bee_0408_3/fwd/cam1_2026-04-08_18-33-04.mp4,1038.5,2134.0,830,1773,1247,2495,0.85006833
370,/Volumes/SmithL0/2026/BIOL470/Final/Learning_Rig/bee_0408_3/fwd/cam1_2026-04-08_18-33-04.mp4,1039.0,2133.5,832,1774,1246,2493,0.85174894
371,/Volumes/SmithL0/2026/BIOL470/Final/Learning_Rig/bee_0408_3/fwd/cam1_2026-04-08_18-33-04.mp4,1038.0,2128.0,831,1777,1245,2479,0.85162723
372,/Volumes/SmithL0/2026/BIOL470/Final/Learning_Rig/bee_0408_3/fwd/cam1_2026-04-08_18-33-04.mp4,1038.0,2130.5,831,1777,1245,2484,0.8502704
373,/Volumes/SmithL0/2026/BIOL470/Final/Learning_Rig/bee_0408_3/fwd/cam1_2026-04-08_18-33-04.mp4,1038.0,2128.0,831,1777,1245,2479,0.85000575
374,/Volumes/SmithL0/2026/BIOL470/Final/Learning_Rig/bee_0408_3/fwd/cam1_2026-04-08_18-33-04.mp4,1038.0,2129.5,830,1777,1246,2482,0.8514246
375,/Volumes/SmithL0/2026/BIOL470/Final/Learning_Rig/bee_0408_3/fwd/cam1_2026-04-08_18-33-04.mp4,1038.0,2133.0,830,1777,1246,2489,0.8483245
376,/Volumes/SmithL0/2026/BIOL470/Final/Learning_Rig/bee_0408_3/fwd/cam1_2026-04-08_18-33-04.mp4,1038.5,2131.0,831,1777,1246,2485,0.851255
377,/Volumes/SmithL0/2026/BIOL470/Final/Learning_Rig/bee_0408_3/fwd/cam1_2026-04-08_18-33-04.mp4,1038.0,2128.5,830,1777,1246,2480,0.85039926
378,/Volumes/SmithL0/2026/BIOL470/Final/Learning_Rig/bee_0408_3/fwd/cam1_2026-04-08_18-33-04.mp4,1038.0,2133.0,830,1773,1246,2493,0.8467279
379,/Volumes/SmithL0/2026/BIOL470/Final/Learning_Rig/bee_0408_3/fwd/cam1_2026-04-08_18-33-04.mp4,1038.5,2132.0,831,1777,1246,2487,0.8480639
380,/Volumes/SmithL0/2026/BIOL470/Final/Learning_Rig/bee_0408_3/fwd/cam1_2026-04-08_18-33-04.mp4,1038.0,2134.0,830,1774,1246,2494,0.8500528
381,/Volumes/SmithL0/2026/BIOL470/Final/Learning_Rig/bee_0408_3/fwd/cam1_2026-04-08_18-33-04.mp4,1038.5,2133.5,831,1773,1246,2494,0.8507298
382,/Volumes/SmithL0/2026/BIOL470/Final/Learning_Rig/bee_0408_3/fwd/cam1_2026-04-08_18-33-04.mp4,1038.0,2133.5,830,1773,1246,2494,0.84864455
383,/Volumes/SmithL0/2026/BIOL470/Final/Learning_Rig/bee_0408_3/fwd/cam1_2026-04-08_18-33-04.mp4,1039.0,2132.0,832,1777,1246,2487,0.85019475
384,/Volumes/SmithL0/2026/BIOL470/Final/Learning_Rig/bee_0408_3/fwd/cam1_2026-04-08_18-33-04.mp4,1039.5,2133.5,832,1777,1247,2490,0.8504267
385,/Volumes/SmithL0/2026/BIOL470/Final/Learning_Rig/bee_0408_3/fwd/cam1_2026-04-08_18-33-04.mp4,1037.5,2134.5,829,1775,1246,2494,0.8493724
386,/Volumes/SmithL0/2026/BIOL470/Final/Learning_Rig/bee_0408_3/fwd/cam1_2026-04-08_18-33-04.mp4,1038.5,2130.5,831,1777,1246,2484,0.85045123
387,/Volumes/SmithL0/2026/BIOL470/Final/Learning_Rig/bee_0408_3/fwd/cam1_2026-04-08_18-33-04.mp4,1038.0,2130.5,830,1777,1246,2484,0.85115564
388,/Volumes/SmithL0/2026/BIOL470/Final/Learning_Rig/bee_0408_3/fwd/cam1_2026-04-08_18-33-04.mp4,1038.0,2132.0,830,1777,1246,2487,0.84876204
389,/Volumes/SmithL0/2026/BIOL470/Final/Learning_Rig/bee_0408_3/fwd/cam1_2026-04-08_18-33-04.mp4,1037.5,2132.5,829,1777,1246,2488,0.8486239
390,/Volumes/SmithL0/2026/BIOL470/Final/Learning_Rig/bee_0408_3/fwd/cam1_2026-04-08_18-33-04.mp4,1037.5,2130.0,829,1777,1246,2483,0.85230106
391,/Volumes/SmithL0/2026/BIOL470/Final/Learning_Rig/bee_0408_3/fwd/cam1_2026-04-08_18-33-04.mp4,1037.5,2130.5,829,1777,1246,2484,0.8494732
392,/Volumes/SmithL0/2026/BIOL470/Final/Learning_Rig/bee_0408_3/fwd/cam1_2026-04-08_18-33-04.mp4,1038.0,2134.0,830,1774,1246,2494,0.84793603
393,/Volumes/SmithL0/2026/BIOL470/Final/Learning_Rig/bee_0408_3/fwd/cam1_2026-04-08_18-33-04.mp4,1037.5,2132.5,829,1773,1246,2492,0.8482587
394,/Volumes/SmithL0/2026/BIOL470/Final/Learning_Rig/bee_0408_3/fwd/cam1_2026-04-08_18-33-04.mp4,1038.0,2130.0,830,1777,1246,2483,0.84871
395,/Volumes/SmithL0/2026/BIOL470/Final/Learning_Rig/bee_0408_3/fwd/cam1_2026-04-08_18-33-04.mp4,1037.5,2128.0,831,1777,1244,2479,0.8461563
396,/Volumes/SmithL0/2026/BIOL470/Final/Learning_Rig/bee_0408_3/fwd/cam1_2026-04-08_18-33-04.mp4,1038.0,2132.5,831,1773,1245,2492,0.8471886
397,/Volumes/SmithL0/2026/BIOL470/Final/Learning_Rig/bee_0408_3/fwd/cam1_2026-04-08_18-33-04.mp4,1036.5,2126.0,830,1777,1243,2475,0.8486601
398,/Volumes/SmithL0/2026/BIOL470/Final/Learning_Rig/bee_0408_3/fwd/cam1_2026-04-08_18-33-04.mp4,1037.0,2128.0,830,1777,1244,2479,0.8497096
399,/Volumes/SmithL0/2026/BIOL470/Final/Learning_Rig/bee_0408_3/fwd/cam1_2026-04-08_18-33-04.mp4,1037.5,2131.0,830,1777,1245,2485,0.84881616
400,/Volumes/SmithL0/2026/BIOL470/Final/Learning_Rig/bee_0408_3/fwd/cam1_2026-04-08_18-33-04.mp4,1038.5,2134.5,831,1774,1246,2495,0.8508181
401,/Volumes/SmithL0/2026/BIOL470/Final/Learning_Rig/bee_0408_3/fwd/cam1_2026-04-08_18-33-04.mp4,1038.5,2130.5,831,1777,1246,2484,0.85044986
402,/Volumes/SmithL0/2026/BIOL470/Final/Learning_Rig/bee_0408_3/fwd/cam1_2026-04-08_18-33-04.mp4,1037.0,2130.0,830,1777,1244,2483,0.8478407
403,/Volumes/SmithL0/2026/BIOL470/Final/Learning_Rig/bee_0408_3/fwd/cam1_2026-04-08_18-33-04.mp4,1037.5,2133.0,830,1774,1245,2492,0.8470162
404,/Volumes/SmithL0/2026/BIOL470/Final/Learning_Rig/bee_0408_3/fwd/cam1_2026-04-08_18-33-04.mp4,1038.0,2133.5,831,1774,1245,2493,0.8487644
405,/Volumes/SmithL0/2026/BIOL470/Final/Learning_Rig/bee_0408_3/fwd/cam1_2026-04-08_18-33-04.mp4,1037.5,2134.0,829,1773,1246,2495,0.84998715
406,/Volumes/SmithL0/2026/BIOL470/Final/Learning_Rig/bee_0408_3/fwd/cam1_2026-04-08_18-33-04.mp4,1037.5,2133.5,830,1773,1245,2494,0.8496441
407,/Volumes/SmithL0/2026/BIOL470/Final/Learning_Rig/bee_0408_3/fwd/cam1_2026-04-08_18-33-04.mp4,1037.0,2133.5,830,1774,1244,2493,0.8497684
408,/Volumes/SmithL0/2026/BIOL470/Final/Learning_Rig/bee_0408_3/fwd/cam1_2026-04-08_18-33-04.mp4,1038.0,2131.0,831,1777,1245,2485,0.84768134
409,/Volumes/SmithL0/2026/BIOL470/Final/Learning_Rig/bee_0408_3/fwd/cam1_2026-04-08_18-33-04.mp4,1038.0,2134.0,830,1775,1246,2493,0.85067654
410,/Volumes/SmithL0/2026/BIOL470/Final/Learning_Rig/bee_0408_3/fwd/cam1_2026-04-08_18-33-04.mp4,1038.0,2134.0,829,1774,1247,2494,0.8503144
411,/Volumes/SmithL0/2026/BIOL470/Final/Learning_Rig/bee_0408_3/fwd/cam1_2026-04-08_18-33-04.mp4,1036.5,2134.0,829,1774,1244,2494,0.8478619
412,/Volumes/SmithL0/2026/BIOL470/Final/Learning_Rig/bee_0408_3/fwd/cam1_2026-04-08_18-33-04.mp4,1037.5,2134.0,829,1774,1246,2494,0.84884715
413,/Volumes/SmithL0/2026/BIOL470/Final/Learning_Rig/bee_0408_3/fwd/cam1_2026-04-08_18-33-04.mp4,1037.0,2135.0,829,1774,1245,2496,0.84971595
414,/Volumes/SmithL0/2026/BIOL470/Final/Learning_Rig/bee_0408_3/fwd/cam1_2026-04-08_18-33-04.mp4,1036.5,2134.0,829,1774,1244,2494,0.84932554
415,/Volumes/SmithL0/2026/BIOL470/Final/Learning_Rig/bee_0408_3/fwd/cam1_2026-04-08_18-33-04.mp4,1036.0,2134.5,828,1774,1244,2495,0.84948057
416,/Volumes/SmithL0/2026/BIOL470/Final/Learning_Rig/bee_0408_3/fwd/cam1_2026-04-08_18-33-04.mp4,1037.5,2132.5,830,1777,1245,2488,0.84693086
417,/Volumes/SmithL0/2026/BIOL470/Final/Learning_Rig/bee_0408_3/fwd/cam1_2026-04-08_18-33-04.mp4,1036.0,2133.5,829,1774,1243,2493,0.84630114
418,/Volumes/SmithL0/2026/BIOL470/Final/Learning_Rig/bee_0408_3/fwd/cam1_2026-04-08_18-33-04.mp4,1037.5,2128.0,830,1777,1245,2479,0.8505713
419,/Volumes/SmithL0/2026/BIOL470/Final/Learning_Rig/bee_0408_3/fwd/cam1_2026-04-08_18-33-04.mp4,1037.0,2130.5,830,1777,1244,2484,0.8481004
420,/Volumes/SmithL0/2026/BIOL470/Final/Learning_Rig/bee_0408_3/fwd/cam1_2026-04-08_18-33-04.mp4,1036.5,2133.0,828,1774,1245,2492,0.84753567
421,/Volumes/SmithL0/2026/BIOL470/Final/Learning_Rig/bee_0408_3/fwd/cam1_2026-04-08_18-33-04.mp4,1037.5,2132.0,830,1773,1245,2491,0.8478694
422,/Volumes/SmithL0/2026/BIOL470/Final/Learning_Rig/bee_0408_3/fwd/cam1_2026-04-08_18-33-04.mp4,1037.0,2130.5,831,1777,1243,2484,0.84785414
423,/Volumes/SmithL0/2026/BIOL470/Final/Learning_Rig/bee_0408_3/fwd/cam1_2026-04-08_18-33-04.mp4,1037.0,2133.5,829,1774,1245,2493,0.84724337
424,/Volumes/SmithL0/2026/BIOL470/Final/Learning_Rig/bee_0408_3/fwd/cam1_2026-04-08_18-33-04.mp4,1038.0,2135.0,830,1775,1246,2495,0.84929854
425,/Volumes/SmithL0/2026/BIOL470/Final/Learning_Rig/bee_0408_3/fwd/cam1_2026-04-08_18-33-04.mp4,1037.0,2134.5,829,1775,1245,2494,0.8489252
426,/Volumes/SmithL0/2026/BIOL470/Final/Learning_Rig/bee_0408_3/fwd/cam1_2026-04-08_18-33-04.mp4,1036.0,2134.5,828,1774,1244,2495,0.84779215
427,/Volumes/SmithL0/2026/BIOL470/Final/Learning_Rig/bee_0408_3/fwd/cam1_2026-04-08_18-33-04.mp4,1036.5,2133.5,828,1774,1245,2493,0.84776753
428,/Volumes/SmithL0/2026/BIOL470/Final/Learning_Rig/bee_0408_3/fwd/cam1_2026-04-08_18-33-04.mp4,1037.5,2130.0,831,1777,1244,2483,0.8489188
429,/Volumes/SmithL0/2026/BIOL470/Final/Learning_Rig/bee_0408_3/fwd/cam1_2026-04-08_18-33-04.mp4,1035.5,2137.5,827,1776,1244,2499,0.84938693
430,/Volumes/SmithL0/2026/BIOL470/Final/Learning_Rig/bee_0408_3/fwd/cam1_2026-04-08_18-33-04.mp4,1038.0,2133.5,830,1778,1246,2489,0.84785134
431,/Volumes/SmithL0/2026/BIOL470/Final/Learning_Rig/bee_0408_3/fwd/cam1_2026-04-08_18-33-04.mp4,1036.0,2135.0,827,1775,1245,2495,0.8489686
432,/Volumes/SmithL0/2026/BIOL470/Final/Learning_Rig/bee_0408_3/fwd/cam1_2026-04-08_18-33-04.mp4,1036.5,2135.5,828,1775,1245,2496,0.8492584
433,/Volumes/SmithL0/2026/BIOL470/Final/Learning_Rig/bee_0408_3/fwd/cam1_2026-04-08_18-33-04.mp4,1037.5,2136.5,830,1776,1245,2497,0.8502842
434,/Volumes/SmithL0/2026/BIOL470/Final/Learning_Rig/bee_0408_3/fwd/cam1_2026-04-08_18-33-04.mp4,1036.5,2135.5,829,1776,1244,2495,0.84809625
435,/Volumes/SmithL0/2026/BIOL470/Final/Learning_Rig/bee_0408_3/fwd/cam1_2026-04-08_18-33-04.mp4,1038.5,2131.0,832,1778,1245,2484,0.85059494
436,/Volumes/SmithL0/2026/BIOL470/Final/Learning_Rig/bee_0408_3/fwd/cam1_2026-04-08_18-33-04.mp4,1038.5,2133.5,831,1778,1246,2489,0.8492459
437,/Volumes/SmithL0/2026/BIOL470/Final/Learning_Rig/bee_0408_3/fwd/cam1_2026-04-08_18-33-04.mp4,1037.5,2134.5,830,1775,1245,2494,0.85115594
438,/Volumes/SmithL0/2026/BIOL470/Final/Learning_Rig/bee_0408_3/fwd/cam1_2026-04-08_18-33-04.mp4,1037.0,2134.5,829,1775,1245,2494,0.8484571
439,/Volumes/SmithL0/2026/BIOL470/Final/Learning_Rig/bee_0408_3/fwd/cam1_2026-04-08_18-33-04.mp4,1037.0,2135.0,829,1775,1245,2495,0.8483798
440,/Volumes/SmithL0/2026/BIOL470/Final/Learning_Rig/bee_0408_3/fwd/cam1_2026-04-08_18-33-04.mp4,1036.5,2135.5,828,1775,1245,2496,0.8496588
441,/Volumes/SmithL0/2026/BIOL470/Final/Learning_Rig/bee_0408_3/fwd/cam1_2026-04-08_18-33-04.mp4,1037.5,2136.0,830,1775,1245,2497,0.849975
442,/Volumes/SmithL0/2026/BIOL470/Final/Learning_Rig/bee_0408_3/fwd/cam1_2026-04-08_18-33-04.mp4,1037.5,2133.5,830,1774,1245,2493,0.84826773
443,/Volumes/SmithL0/2026/BIOL470/Final/Learning_Rig/bee_0408_3/fwd/cam1_2026-04-08_18-33-04.mp4,1037.5,2134.5,829,1774,1246,2495,0.8469969
444,/Volumes/SmithL0/2026/BIOL470/Final/Learning_Rig/bee_0408_3/fwd/cam1_2026-04-08_18-33-04.mp4,1036.5,2134.5,828,1774,1245,2495,0.84762627
445,/Volumes/SmithL0/2026/BIOL470/Final/Learning_Rig/bee_0408_3/fwd/cam1_2026-04-08_18-33-04.mp4,1037.5,2134.5,829,1774,1246,2495,0.8494495
446,/Volumes/SmithL0/2026/BIOL470/Final/Learning_Rig/bee_0408_3/fwd/cam1_2026-04-08_18-33-04.mp4,1038.0,2131.0,830,1777,1246,2485,0.84830403
447,/Volumes/SmithL0/2026/BIOL470/Final/Learning_Rig/bee_0408_3/fwd/cam1_2026-04-08_18-33-04.mp4,1038.5,2133.5,831,1774,1246,2493,0.8484319
448,/Volumes/SmithL0/2026/BIOL470/Final/Learning_Rig/bee_0408_3/fwd/cam1_2026-04-08_18-33-04.mp4,1038.0,2131.0,830,1777,1246,2485,0.8481893
449,/Volumes/SmithL0/2026/BIOL470/Final/Learning_Rig/bee_0408_3/fwd/cam1_2026-04-08_18-33-04.mp4,1037.0,2127.5,830,1778,1244,2477,0.84605026
450,/Volumes/SmithL0/2026/BIOL470/Final/Learning_Rig/bee_0408_3/fwd/cam1_2026-04-08_18-33-04.mp4,1036.0,2133.0,828,1774,1244,2492,0.8459473
451,/Volumes/SmithL0/2026/BIOL470/Final/Learning_Rig/bee_0408_3/fwd/cam1_2026-04-08_18-33-04.mp4,1036.5,2135.0,828,1775,1245,2495,0.84747285
452,/Volumes/SmithL0/2026/BIOL470/Final/Learning_Rig/bee_0408_3/fwd/cam1_2026-04-08_18-33-04.mp4,1036.5,2136.0,828,1775,1245,2497,0.85073465
453,/Volumes/SmithL0/2026/BIOL470/Final/Learning_Rig/bee_0408_3/fwd/cam1_2026-04-08_18-33-04.mp4,1036.0,2134.5,827,1775,1245,2494,0.84765863
454,/Volumes/SmithL0/2026/BIOL470/Final/Learning_Rig/bee_0408_3/fwd/cam1_2026-04-08_18-33-04.mp4,1036.0,2135.0,827,1775,1245,2495,0.8479895
455,/Volumes/SmithL0/2026/BIOL470/Final/Learning_Rig/bee_0408_3/fwd/cam1_2026-04-08_18-33-04.mp4,1036.0,2133.5,827,1774,1245,2493,0.84610975
456,/Volumes/SmithL0/2026/BIOL470/Final/Learning_Rig/bee_0408_3/fwd/cam1_2026-04-08_18-33-04.mp4,1037.0,2131.0,829,1777,1245,2485,0.8481315
457,/Volumes/SmithL0/2026/BIOL470/Final/Learning_Rig/bee_0408_3/fwd/cam1_2026-04-08_18-33-04.mp4,1036.5,2134.0,828,1774,1245,2494,0.8463179
458,/Volumes/SmithL0/2026/BIOL470/Final/Learning_Rig/bee_0408_3/fwd/cam1_2026-04-08_18-33-04.mp4,1037.5,2133.0,829,1774,1246,2492,0.8471672
459,/Volumes/SmithL0/2026/BIOL470/Final/Learning_Rig/bee_0408_3/fwd/cam1_2026-04-08_18-33-04.mp4,1039.0,2134.5,831,1775,1247,2494,0.85157686
460,/Volumes/SmithL0/2026/BIOL470/Final/Learning_Rig/bee_0408_3/fwd/cam1_2026-04-08_18-33-04.mp4,1039.0,2135.5,831,1775,1247,2496,0.8524048
461,/Volumes/SmithL0/2026/BIOL470/Final/Learning_Rig/bee_0408_3/fwd/cam1_2026-04-08_18-33-04.mp4,1038.5,2134.0,830,1775,1247,2493,0.8505897
462,/Volumes/SmithL0/2026/BIOL470/Final/Learning_Rig/bee_0408_3/fwd/cam1_2026-04-08_18-33-04.mp4,1038.0,2134.5,830,1775,1246,2494,0.8495637
463,/Volumes/SmithL0/2026/BIOL470/Final/Learning_Rig/bee_0408_3/fwd/cam1_2026-04-08_18-33-04.mp4,1038.5,2134.0,830,1775,1247,2493,0.8509601
464,/Volumes/SmithL0/2026/BIOL470/Final/Learning_Rig/bee_0408_3/fwd/cam1_2026-04-08_18-33-04.mp4,1038.5,2134.0,831,1775,1246,2493,0.85104495
465,/Volumes/SmithL0/2026/BIOL470/Final/Learning_Rig/bee_0408_3/fwd/cam1_2026-04-08_18-33-04.mp4,1038.5,2129.5,831,1778,1246,2481,0.85119325
466,/Volumes/SmithL0/2026/BIOL470/Final/Learning_Rig/bee_0408_3/fwd/cam1_2026-04-08_18-33-04.mp4,1039.0,2127.0,832,1778,1246,2476,0.8528735
467,/Volumes/SmithL0/2026/BIOL470/Final/Learning_Rig/bee_0408_3/fwd/cam1_2026-04-08_18-33-04.mp4,1038.5,2128.5,832,1778,1245,2479,0.8496383
468,/Volumes/SmithL0/2026/BIOL470/Final/Learning_Rig/bee_0408_3/fwd/cam1_2026-04-08_18-33-04.mp4,1039.0,2133.5,831,1774,1247,2493,0.85096616
469,/Volumes/SmithL0/2026/BIOL470/Final/Learning_Rig/bee_0408_3/fwd/cam1_2026-04-08_18-33-04.mp4,1039.0,2133.0,831,1778,1247,2488,0.8487924
470,/Volumes/SmithL0/2026/BIOL470/Final/Learning_Rig/bee_0408_3/fwd/cam1_2026-04-08_18-33-04.mp4,1039.0,2130.0,832,1777,1246,2483,0.84873396
471,/Volumes/SmithL0/2026/BIOL470/Final/Learning_Rig/bee_0408_3/fwd/cam1_2026-04-08_18-33-04.mp4,1038.0,2133.5,830,1775,1246,2492,0.84823084
472,/Volumes/SmithL0/2026/BIOL470/Final/Learning_Rig/bee_0408_3/fwd/cam1_2026-04-08_18-33-04.mp4,1038.0,2131.0,831,1778,1245,2484,0.8489566
473,/Volumes/SmithL0/2026/BIOL470/Final/Learning_Rig/bee_0408_3/fwd/cam1_2026-04-08_18-33-04.mp4,1038.0,2130.5,831,1778,1245,2483,0.8496232
474,/Volumes/SmithL0/2026/BIOL470/Final/Learning_Rig/bee_0408_3/fwd/cam1_2026-04-08_18-33-04.mp4,1037.0,2134.0,830,1775,1244,2493,0.84793144
475,/Volumes/SmithL0/2026/BIOL470/Final/Learning_Rig/bee_0408_3/fwd/cam1_2026-04-08_18-33-04.mp4,1037.5,2134.0,830,1775,1245,2493,0.84875274
476,/Volumes/SmithL0/2026/BIOL470/Final/Learning_Rig/bee_0408_3/fwd/cam1_2026-04-08_18-33-04.mp4,1038.0,2129.5,831,1778,1245,2481,0.8470623
477,/Volumes/SmithL0/2026/BIOL470/Final/Learning_Rig/bee_0408_3/fwd/cam1_2026-04-08_18-33-04.mp4,1036.5,2130.0,829,1777,1244,2483,0.8468893
478,/Volumes/SmithL0/2026/BIOL470/Final/Learning_Rig/bee_0408_3/fwd/cam1_2026-04-08_18-33-04.mp4,1037.0,2134.5,829,1775,1245,2494,0.84782296
479,/Volumes/SmithL0/2026/BIOL470/Final/Learning_Rig/bee_0408_3/fwd/cam1_2026-04-08_18-33-04.mp4,1037.5,2131.0,830,1778,1245,2484,0.8501228
480,/Volumes/SmithL0/2026/BIOL470/Final/Learning_Rig/bee_0408_3/fwd/cam1_2026-04-08_18-33-04.mp4,1037.5,2133.5,830,1774,1245,2493,0.8495793
481,/Volumes/SmithL0/2026/BIOL470/Final/Learning_Rig/bee_0408_3/fwd/cam1_2026-04-08_18-33-04.mp4,1035.5,2133.5,827,1774,1244,2493,0.8485088
482,/Volumes/SmithL0/2026/BIOL470/Final/Learning_Rig/bee_0408_3/fwd/cam1_2026-04-08_18-33-04.mp4,1038.0,2132.0,830,1778,1246,2486,0.8499814
483,/Volumes/SmithL0/2026/BIOL470/Final/Learning_Rig/bee_0408_3/fwd/cam1_2026-04-08_18-33-04.mp4,1039.0,2130.0,831,1778,1247,2482,0.8509746
484,/Volumes/SmithL0/2026/BIOL470/Final/Learning_Rig/bee_0408_3/fwd/cam1_2026-04-08_18-33-04.mp4,1039.0,2128.0,831,1778,1247,2478,0.85199463
485,/Volumes/SmithL0/2026/BIOL470/Final/Learning_Rig/bee_0408_3/fwd/cam1_2026-04-08_18-33-04.mp4,1038.5,2125.0,831,1778,1246,2472,0.85235363
486,/Volumes/SmithL0/2026/BIOL470/Final/Learning_Rig/bee_0408_3/fwd/cam1_2026-04-08_18-33-04.mp4,1038.5,2130.5,831,1778,1246,2483,0.84788287
487,/Volumes/SmithL0/2026/BIOL470/Final/Learning_Rig/bee_0408_3/fwd/cam1_2026-04-08_18-33-04.mp4,1037.0,2134.5,830,1775,1244,2494,0.8487141
488,/Volumes/SmithL0/2026/BIOL470/Final/Learning_Rig/bee_0408_3/fwd/cam1_2026-04-08_18-33-04.mp4,1038.0,2129.5,831,1778,1245,2481,0.8462466
489,/Volumes/SmithL0/2026/BIOL470/Final/Learning_Rig/bee_0408_3/fwd/cam1_2026-04-08_18-33-04.mp4,1038.0,2135.0,831,1775,1245,2495,0.8480765
490,/Volumes/SmithL0/2026/BIOL470/Final/Learning_Rig/bee_0408_3/fwd/cam1_2026-04-08_18-33-04.mp4,1036.5,2134.0,829,1775,1244,2493,0.8476819
491,/Volumes/SmithL0/2026/BIOL470/Final/Learning_Rig/bee_0408_3/fwd/cam1_2026-04-08_18-33-04.mp4,1036.5,2134.5,829,1775,1244,2494,0.84928036
492,/Volumes/SmithL0/2026/BIOL470/Final/Learning_Rig/bee_0408_3/fwd/cam1_2026-04-08_18-33-04.mp4,1038.0,2131.0,830,1778,1246,2484,0.85074157
493,/Volumes/SmithL0/2026/BIOL470/Final/Learning_Rig/bee_0408_3/fwd/cam1_2026-04-08_18-33-04.mp4,1037.0,2136.0,829,1776,1245,2496,0.8478086
494,/Volumes/SmithL0/2026/BIOL470/Final/Learning_Rig/bee_0408_3/fwd/cam1_2026-04-08_18-33-04.mp4,1038.0,2130.5,830,1778,1246,2483,0.8502864
495,/Volumes/SmithL0/2026/BIOL470/Final/Learning_Rig/bee_0408_3/fwd/cam1_2026-04-08_18-33-04.mp4,1038.0,2134.0,831,1775,1245,2493,0.8501648
496,/Volumes/SmithL0/2026/BIOL470/Final/Learning_Rig/bee_0408_3/fwd/cam1_2026-04-08_18-33-04.mp4,1037.0,2133.5,830,1775,1244,2492,0.84927505
497,/Volumes/SmithL0/2026/BIOL470/Final/Learning_Rig/bee_0408_3/fwd/cam1_2026-04-08_18-33-04.mp4,1037.0,2134.0,830,1775,1244,2493,0.8471767
498,/Volumes/SmithL0/2026/BIOL470/Final/Learning_Rig/bee_0408_3/fwd/cam1_2026-04-08_18-33-04.mp4,1037.0,2135.0,829,1776,1245,2494,0.8477388
499,/Volumes/SmithL0/2026/BIOL470/Final/Learning_Rig/bee_0408_3/fwd/cam1_2026-04-08_18-33-04.mp4,1038.5,2134.0,831,1775,1246,2493,0.8495721
500,/Volumes/SmithL0/2026/BIOL470/Final/Learning_Rig/bee_0408_3/fwd/cam1_2026-04-08_18-33-04.mp4,1037.0,2135.0,829,1775,1245,2495,0.84737396
501,/Volumes/SmithL0/2026/BIOL470/Final/Learning_Rig/bee_0408_3/fwd/cam1_2026-04-08_18-33-04.mp4,1037.5,2135.0,829,1775,1246,2495,0.8487306
502,/Volumes/SmithL0/2026/BIOL470/Final/Learning_Rig/bee_0408_3/fwd/cam1_2026-04-08_18-33-04.mp4,1037.5,2135.0,829,1775,1246,2495,0.8490561
503,/Volumes/SmithL0/2026/BIOL470/Final/Learning_Rig/bee_0408_3/fwd/cam1_2026-04-08_18-33-04.mp4,1038.0,2134.0,830,1776,1246,2492,0.8474189
504,/Volumes/SmithL0/2026/BIOL470/Final/Learning_Rig/bee_0408_3/fwd/cam1_2026-04-08_18-33-04.mp4,1038.0,2130.0,831,1778,1245,2482,0.84708405
505,/Volumes/SmithL0/2026/BIOL470/Final/Learning_Rig/bee_0408_3/fwd/cam1_2026-04-08_18-33-04.mp4,1038.0,2125.0,832,1778,1244,2472,0.84783995
506,/Volumes/SmithL0/2026/BIOL470/Final/Learning_Rig/bee_0408_3/fwd/cam1_2026-04-08_18-33-04.mp4,1038.5,2133.5,831,1775,1246,2492,0.8473534
507,/Volumes/SmithL0/2026/BIOL470/Final/Learning_Rig/bee_0408_3/fwd/cam1_2026-04-08_18-33-04.mp4,1039.0,2130.0,832,1777,1246,2483,0.8497715
508,/Volumes/SmithL0/2026/BIOL470/Final/Learning_Rig/bee_0408_3/fwd/cam1_2026-04-08_18-33-04.mp4,1039.0,2128.5,832,1778,1246,2479,0.84891665
509,/Volumes/SmithL0/2026/BIOL470/Final/Learning_Rig/bee_0408_3/fwd/cam1_2026-04-08_18-33-04.mp4,1038.5,2135.0,831,1775,1246,2495,0.8512346
510,/Volumes/SmithL0/2026/BIOL470/Final/Learning_Rig/bee_0408_3/fwd/cam1_2026-04-08_18-33-04.mp4,1038.5,2132.0,831,1778,1246,2486,0.84920496
511,/Volumes/SmithL0/2026/BIOL470/Final/Learning_Rig/bee_0408_3/fwd/cam1_2026-04-08_18-33-04.mp4,1038.5,2130.0,831,1778,1246,2482,0.8489822
512,/Volumes/SmithL0/2026/BIOL470/Final/Learning_Rig/bee_0408_3/fwd/cam1_2026-04-08_18-33-04.mp4,1038.0,2134.5,831,1776,1245,2493,0.8484481
513,/Volumes/SmithL0/2026/BIOL470/Final/Learning_Rig/bee_0408_3/fwd/cam1_2026-04-08_18-33-04.mp4,1037.5,2129.5,830,1778,1245,2481,0.84664416
514,/Volumes/SmithL0/2026/BIOL470/Final/Learning_Rig/bee_0408_3/fwd/cam1_2026-04-08_18-33-04.mp4,1037.5,2131.0,829,1778,1246,2484,0.84842455
515,/Volumes/SmithL0/2026/BIOL470/Final/Learning_Rig/bee_0408_3/fwd/cam1_2026-04-08_18-33-04.mp4,1037.5,2130.0,830,1778,1245,2482,0.84729505
516,/Volumes/SmithL0/2026/BIOL470/Final/Learning_Rig/bee_0408_3/fwd/cam1_2026-04-08_18-33-04.mp4,1037.5,2129.0,829,1778,1246,2480,0.8499774
517,/Volumes/SmithL0/2026/BIOL470/Final/Learning_Rig/bee_0408_3/fwd/cam1_2026-04-08_18-33-04.mp4,1036.5,2135.0,828,1775,1245,2495,0.84774816
518,/Volumes/SmithL0/2026/BIOL470/Final/Learning_Rig/bee_0408_3/fwd/cam1_2026-04-08_18-33-04.mp4,1037.0,2131.5,828,1777,1246,2486,0.84913045
519,/Volumes/SmithL0/2026/BIOL470/Final/Learning_Rig/bee_0408_3/fwd/cam1_2026-04-08_18-33-04.mp4,1038.0,2132.5,829,1778,1247,2487,0.84744424
520,/Volumes/SmithL0/2026/BIOL470/Final/Learning_Rig/bee_0408_3/fwd/cam1_2026-04-08_18-33-04.mp4,1037.0,2134.5,828,1775,1246,2494,0.84718525
521,/Volumes/SmithL0/2026/BIOL470/Final/Learning_Rig/bee_0408_3/fwd/cam1_2026-04-08_18-33-04.mp4,1038.0,2131.0,830,1778,1246,2484,0.8470312
522,/Volumes/SmithL0/2026/BIOL470/Final/Learning_Rig/bee_0408_3/fwd/cam1_2026-04-08_18-33-04.mp4,1038.0,2133.0,830,1778,1246,2488,0.8467813
523,/Volumes/SmithL0/2026/BIOL470/Final/Learning_Rig/bee_0408_3/fwd/cam1_2026-04-08_18-33-04.mp4,1036.5,2134.0,828,1775,1245,2493,0.84728134
524,/Volumes/SmithL0/2026/BIOL470/Final/Learning_Rig/bee_0408_3/fwd/cam1_2026-04-08_18-33-04.mp4,1036.0,2135.0,828,1775,1244,2495,0.8491285
525,/Volumes/SmithL0/2026/BIOL470/Final/Learning_Rig/bee_0408_3/fwd/cam1_2026-04-08_18-33-04.mp4,1036.5,2134.0,828,1775,1245,2493,0.84952205
526,/Volumes/SmithL0/2026/BIOL470/Final/Learning_Rig/bee_0408_3/fwd/cam1_2026-04-08_18-33-04.mp4,1038.0,2132.0,830,1778,1246,2486,0.84832513
527,/Volumes/SmithL0/2026/BIOL470/Final/Learning_Rig/bee_0408_3/fwd/cam1_2026-04-08_18-33-04.mp4,1037.5,2134.0,830,1775,1245,2493,0.8488355
528,/Volumes/SmithL0/2026/BIOL470/Final/Learning_Rig/bee_0408_3/fwd/cam1_2026-04-08_18-33-04.mp4,1038.0,2132.0,830,1778,1246,2486,0.84786505
529,/Volumes/SmithL0/2026/BIOL470/Final/Learning_Rig/bee_0408_3/fwd/cam1_2026-04-08_18-33-04.mp4,1037.5,2134.0,831,1774,1244,2494,0.8471947
530,/Volumes/SmithL0/2026/BIOL470/Final/Learning_Rig/bee_0408_3/fwd/cam1_2026-04-08_18-33-04.mp4,1037.5,2134.5,831,1775,1244,2494,0.84822315
531,/Volumes/SmithL0/2026/BIOL470/Final/Learning_Rig/bee_0408_3/fwd/cam1_2026-04-08_18-33-04.mp4,1037.0,2135.0,829,1775,1245,2495,0.8479247
532,/Volumes/SmithL0/2026/BIOL470/Final/Learning_Rig/bee_0408_3/fwd/cam1_2026-04-08_18-33-04.mp4,1038.0,2135.5,831,1775,1245,2496,0.849198
533,/Volumes/SmithL0/2026/BIOL470/Final/Learning_Rig/bee_0408_3/fwd/cam1_2026-04-08_18-33-04.mp4,1036.5,2135.0,829,1775,1244,2495,0.84629977
534,/Volumes/SmithL0/2026/BIOL470/Final/Learning_Rig/bee_0408_3/fwd/cam1_2026-04-08_18-33-04.mp4,1037.0,2133.0,830,1778,1244,2488,0.84467554
535,/Volumes/SmithL0/2026/BIOL470/Final/Learning_Rig/bee_0408_3/fwd/cam1_2026-04-08_18-33-04.mp4,1037.5,2134.0,831,1775,1244,2493,0.84485036
536,/Volumes/SmithL0/2026/BIOL470/Final/Learning_Rig/bee_0408_3/fwd/cam1_2026-04-08_18-33-04.mp4,1038.0,2132.0,832,1777,1244,2487,0.84863716
537,/Volumes/SmithL0/2026/BIOL470/Final/Learning_Rig/bee_0408_3/fwd/cam1_2026-04-08_18-33-04.mp4,1037.0,2129.5,831,1777,1243,2482,0.8484227
538,/Volumes/SmithL0/2026/BIOL470/Final/Learning_Rig/bee_0408_3/fwd/cam1_2026-04-08_18-33-04.mp4,1037.5,2125.5,831,1777,1244,2474,0.85038185
539,/Volumes/SmithL0/2026/BIOL470/Final/Learning_Rig/bee_0408_3/fwd/cam1_2026-04-08_18-33-04.mp4,1037.5,2126.0,831,1777,1244,2475,0.8478083
540,/Volumes/SmithL0/2026/BIOL470/Final/Learning_Rig/bee_0408_3/fwd/cam1_2026-04-08_18-33-04.mp4,1037.5,2135.0,830,1775,1245,2495,0.8476936
541,/Volumes/SmithL0/2026/BIOL470/Final/Learning_Rig/bee_0408_3/fwd/cam1_2026-04-08_18-33-04.mp4,1038.5,2135.5,832,1775,1245,2496,0.8471233
542,/Volumes/SmithL0/2026/BIOL470/Final/Learning_Rig/bee_0408_3/fwd/cam1_2026-04-08_18-33-04.mp4,1038.5,2137.0,831,1775,1246,2499,0.8468484
543,/Volumes/SmithL0/2026/BIOL470/Final/Learning_Rig/bee_0408_3/fwd/cam1_2026-04-08_18-33-04.mp4,1037.0,2136.0,828,1775,1246,2497,0.84764946
544,/Volumes/SmithL0/2026/BIOL470/Final/Learning_Rig/bee_0408_3/fwd/cam1_2026-04-08_18-33-04.mp4,1037.5,2133.0,829,1777,1246,2489,0.84708285
545,/Volumes/SmithL0/2026/BIOL470/Final/Learning_Rig/bee_0408_3/fwd/cam1_2026-04-08_18-33-04.mp4,1036.5,2134.5,828,1774,1245,2495,0.84767824
546,/Volumes/SmithL0/2026/BIOL470/Final/Learning_Rig/bee_0408_3/fwd/cam1_2026-04-08_18-33-04.mp4,1036.5,2132.5,830,1774,1243,2491,0.8448143
547,/Volumes/SmithL0/2026/BIOL470/Final/Learning_Rig/bee_0408_3/fwd/cam1_2026-04-08_18-33-04.mp4,1036.0,2134.0,829,1775,1243,2493,0.8432806
548,/Volumes/SmithL0/2026/BIOL470/Final/Learning_Rig/bee_0408_3/fwd/cam1_2026-04-08_18-33-04.mp4,1036.5,2135.5,829,1775,1244,2496,0.84478366
549,/Volumes/SmithL0/2026/BIOL470/Final/Learning_Rig/bee_0408_3/fwd/cam1_2026-04-08_18-33-04.mp4,1036.5,2135.5,828,1775,1245,2496,0.8455204
550,/Volumes/SmithL0/2026/BIOL470/Final/Learning_Rig/bee_0408_3/fwd/cam1_2026-04-08_18-33-04.mp4,1036.0,2133.5,829,1774,1243,2493,0.84492254
551,/Volumes/SmithL0/2026/BIOL470/Final/Learning_Rig/bee_0408_3/fwd/cam1_2026-04-08_18-33-04.mp4,1037.0,2134.0,830,1775,1244,2493,0.8449056
552,/Volumes/SmithL0/2026/BIOL470/Final/Learning_Rig/bee_0408_3/fwd/cam1_2026-04-08_18-33-04.mp4,1038.0,2132.5,831,1778,1245,2487,0.8457239
553,/Volumes/SmithL0/2026/BIOL470/Final/Learning_Rig/bee_0408_3/fwd/cam1_2026-04-08_18-33-04.mp4,1038.0,2133.5,831,1775,1245,2492,0.8473595
554,/Volumes/SmithL0/2026/BIOL470/Final/Learning_Rig/bee_0408_3/fwd/cam1_2026-04-08_18-33-04.mp4,1038.5,2134.0,832,1775,1245,2493,0.84992874
555,/Volumes/SmithL0/2026/BIOL470/Final/Learning_Rig/bee_0408_3/fwd/cam1_2026-04-08_18-33-04.mp4,1039.0,2134.0,832,1774,1246,2494,0.8486753
556,/Volumes/SmithL0/2026/BIOL470/Final/Learning_Rig/bee_0408_3/fwd/cam1_2026-04-08_18-33-04.mp4,1038.5,2134.0,831,1775,1246,2493,0.8495383
557,/Volumes/SmithL0/2026/BIOL470/Final/Learning_Rig/bee_0408_3/fwd/cam1_2026-04-08_18-33-04.mp4,1038.5,2128.5,831,1778,1246,2479,0.84664845
558,/Volumes/SmithL0/2026/BIOL470/Final/Learning_Rig/bee_0408_3/fwd/cam1_2026-04-08_18-33-04.mp4,1038.5,2133.0,831,1775,1246,2491,0.84506196
559,/Volumes/SmithL0/2026/BIOL470/Final/Learning_Rig/bee_0408_3/fwd/cam1_2026-04-08_18-33-04.mp4,1037.5,2126.0,832,1777,1243,2475,0.8455565
560,/Volumes/SmithL0/2026/BIOL470/Final/Learning_Rig/bee_0408_3/fwd/cam1_2026-04-08_18-33-04.mp4,1038.0,2130.5,832,1777,1244,2484,0.84365886
561,/Volumes/SmithL0/2026/BIOL470/Final/Learning_Rig/bee_0408_3/fwd/cam1_2026-04-08_18-33-04.mp4,1039.0,2134.0,833,1775,1245,2493,0.8451122
562,/Volumes/SmithL0/2026/BIOL470/Final/Learning_Rig/bee_0408_3/fwd/cam1_2026-04-08_18-33-04.mp4,1037.5,2133.0,831,1774,1244,2492,0.84569097
563,/Volumes/SmithL0/2026/BIOL470/Final/Learning_Rig/bee_0408_3/fwd/cam1_2026-04-08_18-33-04.mp4,1038.5,2132.0,832,1777,1245,2487,0.8472984
564,/Volumes/SmithL0/2026/BIOL470/Final/Learning_Rig/bee_0408_3/fwd/cam1_2026-04-08_18-33-04.mp4,1038.5,2130.5,832,1777,1245,2484,0.8485088
565,/Volumes/SmithL0/2026/BIOL470/Final/Learning_Rig/bee_0408_3/fwd/cam1_2026-04-08_18-33-04.mp4,1038.0,2133.5,832,1775,1244,2492,0.84673953
566,/Volumes/SmithL0/2026/BIOL470/Final/Learning_Rig/bee_0408_3/fwd/cam1_2026-04-08_18-33-04.mp4,1038.0,2134.0,831,1775,1245,2493,0.84683937
567,/Volumes/SmithL0/2026/BIOL470/Final/Learning_Rig/bee_0408_3/fwd/cam1_2026-04-08_18-33-04.mp4,1038.0,2133.5,831,1775,1245,2492,0.8467718
568,/Volumes/SmithL0/2026/BIOL470/Final/Learning_Rig/bee_0408_3/fwd/cam1_2026-04-08_18-33-04.mp4,1037.5,2133.0,830,1774,1245,2492,0.8469857
569,/Volumes/SmithL0/2026/BIOL470/Final/Learning_Rig/bee_0408_3/fwd/cam1_2026-04-08_18-33-04.mp4,1038.5,2133.5,832,1775,1245,2492,0.8486498
570,/Volumes/SmithL0/2026/BIOL470/Final/Learning_Rig/bee_0408_3/fwd/cam1_2026-04-08_18-33-04.mp4,1036.5,2135.0,829,1774,1244,2496,0.84921384
571,/Volumes/SmithL0/2026/BIOL470/Final/Learning_Rig/bee_0408_3/fwd/cam1_2026-04-08_18-33-04.mp4,1036.5,2133.5,829,1774,1244,2493,0.8493893
572,/Volumes/SmithL0/2026/BIOL470/Final/Learning_Rig/bee_0408_3/fwd/cam1_2026-04-08_18-33-04.mp4,1036.5,2133.5,829,1774,1244,2493,0.8479406
573,/Volumes/SmithL0/2026/BIOL470/Final/Learning_Rig/bee_0408_3/fwd/cam1_2026-04-08_18-33-04.mp4,1037.0,2132.0,830,1777,1244,2487,0.8469667
574,/Volumes/SmithL0/2026/BIOL470/Final/Learning_Rig/bee_0408_3/fwd/cam1_2026-04-08_18-33-04.mp4,1037.5,2132.0,831,1777,1244,2487,0.84733737
575,/Volumes/SmithL0/2026/BIOL470/Final/Learning_Rig/bee_0408_3/fwd/cam1_2026-04-08_18-33-04.mp4,1036.0,2133.5,829,1777,1243,2490,0.8454027
576,/Volumes/SmithL0/2026/BIOL470/Final/Learning_Rig/bee_0408_3/fwd/cam1_2026-04-08_18-33-04.mp4,1037.0,2132.5,830,1777,1244,2488,0.8471191
577,/Volumes/SmithL0/2026/BIOL470/Final/Learning_Rig/bee_0408_3/fwd/cam1_2026-04-08_18-33-04.mp4,1036.5,2132.0,830,1777,1243,2487,0.8483386
578,/Volumes/SmithL0/2026/BIOL470/Final/Learning_Rig/bee_0408_3/fwd/cam1_2026-04-08_18-33-04.mp4,1035.0,2133.5,828,1774,1242,2493,0.8458419
579,/Volumes/SmithL0/2026/BIOL470/Final/Learning_Rig/bee_0408_3/fwd/cam1_2026-04-08_18-33-04.mp4,1038.0,2130.0,832,1777,1244,2483,0.84787
580,/Volumes/SmithL0/2026/BIOL470/Final/Learning_Rig/bee_0408_3/fwd/cam1_2026-04-08_18-33-04.mp4,1037.5,2132.0,830,1777,1245,2487,0.8493528
581,/Volumes/SmithL0/2026/BIOL470/Final/Learning_Rig/bee_0408_3/fwd/cam1_2026-04-08_18-33-04.mp4,1037.5,2130.5,830,1777,1245,2484,0.8497717
582,/Volumes/SmithL0/2026/BIOL470/Final/Learning_Rig/bee_0408_3/fwd/cam1_2026-04-08_18-33-04.mp4,1037.5,2132.0,830,1777,1245,2487,0.85048664
583,/Volumes/SmithL0/2026/BIOL470/Final/Learning_Rig/bee_0408_3/fwd/cam1_2026-04-08_18-33-04.mp4,1038.5,2129.0,831,1777,1246,2481,0.8532382
584,/Volumes/SmithL0/2026/BIOL470/Final/Learning_Rig/bee_0408_3/fwd/cam1_2026-04-08_18-33-04.mp4,1037.5,2132.5,830,1777,1245,2488,0.8490441
585,/Volumes/SmithL0/2026/BIOL470/Final/Learning_Rig/bee_0408_3/fwd/cam1_2026-04-08_18-33-04.mp4,1037.5,2132.0,830,1777,1245,2487,0.84978366
586,/Volumes/SmithL0/2026/BIOL470/Final/Learning_Rig/bee_0408_3/fwd/cam1_2026-04-08_18-33-04.mp4,1038.0,2131.5,831,1777,1245,2486,0.84934974
587,/Volumes/SmithL0/2026/BIOL470/Final/Learning_Rig/bee_0408_3/fwd/cam1_2026-04-08_18-33-04.mp4,1038.0,2133.0,831,1777,1245,2489,0.84756505
588,/Volumes/SmithL0/2026/BIOL470/Final/Learning_Rig/bee_0408_3/fwd/cam1_2026-04-08_18-33-04.mp4,1037.5,2133.5,830,1777,1245,2490,0.8513648
589,/Volumes/SmithL0/2026/BIOL470/Final/Learning_Rig/bee_0408_3/fwd/cam1_2026-04-08_18-33-04.mp4,1038.0,2132.0,831,1777,1245,2487,0.85106057
590,/Volumes/SmithL0/2026/BIOL470/Final/Learning_Rig/bee_0408_3/fwd/cam1_2026-04-08_18-33-04.mp4,1038.0,2133.0,831,1777,1245,2489,0.84950113
591,/Volumes/SmithL0/2026/BIOL470/Final/Learning_Rig/bee_0408_3/fwd/cam1_2026-04-08_18-33-04.mp4,1038.0,2131.5,831,1777,1245,2486,0.85028774
592,/Volumes/SmithL0/2026/BIOL470/Final/Learning_Rig/bee_0408_3/fwd/cam1_2026-04-08_18-33-04.mp4,1037.5,2130.5,831,1777,1244,2484,0.8477894
593,/Volumes/SmithL0/2026/BIOL470/Final/Learning_Rig/bee_0408_3/fwd/cam1_2026-04-08_18-33-04.mp4,1038.0,2131.5,832,1777,1244,2486,0.8499188
594,/Volumes/SmithL0/2026/BIOL470/Final/Learning_Rig/bee_0408_3/fwd/cam1_2026-04-08_18-33-04.mp4,1037.5,2130.0,831,1777,1244,2483,0.85132194
595,/Volumes/SmithL0/2026/BIOL470/Final/Learning_Rig/bee_0408_3/fwd/cam1_2026-04-08_18-33-04.mp4,1036.5,2131.5,830,1777,1243,2486,0.8474338
596,/Volumes/SmithL0/2026/BIOL470/Final/Learning_Rig/bee_0408_3/fwd/cam1_2026-04-08_18-33-04.mp4,1038.0,2131.0,831,1777,1245,2485,0.8516785
597,/Volumes/SmithL0/2026/BIOL470/Final/Learning_Rig/bee_0408_3/fwd/cam1_2026-04-08_18-33-04.mp4,1037.5,2132.0,831,1777,1244,2487,0.85140723
598,/Volumes/SmithL0/2026/BIOL470/Final/Learning_Rig/bee_0408_3/fwd/cam1_2026-04-08_18-33-04.mp4,1037.0,2131.5,831,1777,1243,2486,0.8487695
599,/Volumes/SmithL0/2026/BIOL470/Final/Learning_Rig/bee_0408_3/fwd/cam1_2026-04-08_18-33-04.mp4,1038.0,2133.5,831,1777,1245,2490,0.84898496
600,/Volumes/SmithL0/2026/BIOL470/Final/Learning_Rig/bee_0408_3/fwd/cam1_2026-04-08_18-33-04.mp4,1038.0,2130.5,831,1777,1245,2484,0.8520841
601,/Volumes/SmithL0/2026/BIOL470/Final/Learning_Rig/bee_0408_3/fwd/cam1_2026-04-08_18-33-04.mp4,1038.5,2131.5,832,1777,1245,2486,0.8517307
602,/Volumes/SmithL0/2026/BIOL470/Final/Learning_Rig/bee_0408_3/fwd/cam1_2026-04-08_18-33-04.mp4,1038.5,2132.0,831,1777,1246,2487,0.8509627
603,/Volumes/SmithL0/2026/BIOL470/Final/Learning_Rig/bee_0408_3/fwd/cam1_2026-04-08_18-33-04.mp4,1038.0,2130.5,831,1777,1245,2484,0.8511416
604,/Volumes/SmithL0/2026/BIOL470/Final/Learning_Rig/bee_0408_3/fwd/cam1_2026-04-08_18-33-04.mp4,1038.5,2130.5,832,1777,1245,2484,0.8505243
605,/Volumes/SmithL0/2026/BIOL470/Final/Learning_Rig/bee_0408_3/fwd/cam1_2026-04-08_18-33-04.mp4,1037.5,2129.5,831,1777,1244,2482,0.8509506
606,/Volumes/SmithL0/2026/BIOL470/Final/Learning_Rig/bee_0408_3/fwd/cam1_2026-04-08_18-33-04.mp4,1038.0,2132.0,831,1777,1245,2487,0.8497935
607,/Volumes/SmithL0/2026/BIOL470/Final/Learning_Rig/bee_0408_3/fwd/cam1_2026-04-08_18-33-04.mp4,1037.5,2130.0,831,1777,1244,2483,0.8496362
608,/Volumes/SmithL0/2026/BIOL470/Final/Learning_Rig/bee_0408_3/fwd/cam1_2026-04-08_18-33-04.mp4,1038.0,2129.5,832,1777,1244,2482,0.8511063
609,/Volumes/SmithL0/2026/BIOL470/Final/Learning_Rig/bee_0408_3/fwd/cam1_2026-04-08_18-33-04.mp4,1037.5,2133.5,831,1777,1244,2490,0.8484553
610,/Volumes/SmithL0/2026/BIOL470/Final/Learning_Rig/bee_0408_3/fwd/cam1_2026-04-08_18-33-04.mp4,1038.5,2134.0,833,1777,1244,2491,0.8467044
611,/Volumes/SmithL0/2026/BIOL470/Final/Learning_Rig/bee_0408_3/fwd/cam1_2026-04-08_18-33-04.mp4,1038.5,2134.0,832,1776,1245,2492,0.8490102
612,/Volumes/SmithL0/2026/BIOL470/Final/Learning_Rig/bee_0408_3/fwd/cam1_2026-04-08_18-33-04.mp4,1037.0,2133.0,830,1776,1244,2490,0.8486273
613,/Volumes/SmithL0/2026/BIOL470/Final/Learning_Rig/bee_0408_3/fwd/cam1_2026-04-08_18-33-04.mp4,1037.5,2132.5,831,1776,1244,2489,0.8497348
614,/Volumes/SmithL0/2026/BIOL470/Final/Learning_Rig/bee_0408_3/fwd/cam1_2026-04-08_18-33-04.mp4,1038.0,2132.5,831,1776,1245,2489,0.8494159
615,/Volumes/SmithL0/2026/BIOL470/Final/Learning_Rig/bee_0408_3/fwd/cam1_2026-04-08_18-33-04.mp4,1037.0,2131.5,830,1777,1244,2486,0.8515048
616,/Volumes/SmithL0/2026/BIOL470/Final/Learning_Rig/bee_0408_3/fwd/cam1_2026-04-08_18-33-04.mp4,1038.0,2131.5,832,1777,1244,2486,0.85003775
617,/Volumes/SmithL0/2026/BIOL470/Final/Learning_Rig/bee_0408_3/fwd/cam1_2026-04-08_18-33-04.mp4,1038.5,2132.0,832,1777,1245,2487,0.85225576
618,/Volumes/SmithL0/2026/BIOL470/Final/Learning_Rig/bee_0408_3/fwd/cam1_2026-04-08_18-33-04.mp4,1038.0,2131.5,831,1777,1245,2486,0.8504985
619,/Volumes/SmithL0/2026/BIOL470/Final/Learning_Rig/bee_0408_3/fwd/cam1_2026-04-08_18-33-04.mp4,1037.5,2130.0,831,1777,1244,2483,0.84941804
620,/Volumes/SmithL0/2026/BIOL470/Final/Learning_Rig/bee_0408_3/fwd/cam1_2026-04-08_18-33-04.mp4,1037.0,2131.0,831,1777,1243,2485,0.84732145
621,/Volumes/SmithL0/2026/BIOL470/Final/Learning_Rig/bee_0408_3/fwd/cam1_2026-04-08_18-33-04.mp4,1037.5,2131.5,831,1777,1244,2486,0.8451307
622,/Volumes/SmithL0/2026/BIOL470/Final/Learning_Rig/bee_0408_3/fwd/cam1_2026-04-08_18-33-04.mp4,1039.0,2130.0,833,1777,1245,2483,0.84810054
623,/Volumes/SmithL0/2026/BIOL470/Final/Learning_Rig/bee_0408_3/fwd/cam1_2026-04-08_18-33-04.mp4,1039.0,2134.0,832,1774,1246,2494,0.84668
624,/Volumes/SmithL0/2026/BIOL470/Final/Learning_Rig/bee_0408_3/fwd/cam1_2026-04-08_18-33-04.mp4,1038.0,2134.0,831,1774,1245,2494,0.84700114
625,/Volumes/SmithL0/2026/BIOL470/Final/Learning_Rig/bee_0408_3/fwd/cam1_2026-04-08_18-33-04.mp4,1037.5,2130.0,831,1777,1244,2483,0.84428763
626,/Volumes/SmithL0/2026/BIOL470/Final/Learning_Rig/bee_0408_3/fwd/cam1_2026-04-08_18-33-04.mp4,1037.0,2130.5,830,1777,1244,2484,0.8462582
627,/Volumes/SmithL0/2026/BIOL470/Final/Learning_Rig/bee_0408_3/fwd/cam1_2026-04-08_18-33-04.mp4,1037.5,2127.5,832,1777,1243,2478,0.8472034
628,/Volumes/SmithL0/2026/BIOL470/Final/Learning_Rig/bee_0408_3/fwd/cam1_2026-04-08_18-33-04.mp4,1037.0,2134.0,830,1774,1244,2494,0.84499186
629,/Volumes/SmithL0/2026/BIOL470/Final/Learning_Rig/bee_0408_3/fwd/cam1_2026-04-08_18-33-04.mp4,1037.5,2130.0,831,1777,1244,2483,0.84690315
630,/Volumes/SmithL0/2026/BIOL470/Final/Learning_Rig/bee_0408_3/fwd/cam1_2026-04-08_18-33-04.mp4,1037.0,2134.5,829,1774,1245,2495,0.8481141
631,/Volumes/SmithL0/2026/BIOL470/Final/Learning_Rig/bee_0408_3/fwd/cam1_2026-04-08_18-33-04.mp4,1037.5,2131.5,830,1777,1245,2486,0.847354
632,/Volumes/SmithL0/2026/BIOL470/Final/Learning_Rig/bee_0408_3/fwd/cam1_2026-04-08_18-33-04.mp4,1038.5,2133.5,831,1777,1246,2490,0.8478805
633,/Volumes/SmithL0/2026/BIOL470/Final/Learning_Rig/bee_0408_3/fwd/cam1_2026-04-08_18-33-04.mp4,1036.5,2133.5,830,1774,1243,2493,0.84664094
634,/Volumes/SmithL0/2026/BIOL470/Final/Learning_Rig/bee_0408_3/fwd/cam1_2026-04-08_18-33-04.mp4,1038.0,2131.0,832,1777,1244,2485,0.8452632
635,/Volumes/SmithL0/2026/BIOL470/Final/Learning_Rig/bee_0408_3/fwd/cam1_2026-04-08_18-33-04.mp4,1037.0,2129.5,830,1777,1244,2482,0.84736454
636,/Volumes/SmithL0/2026/BIOL470/Final/Learning_Rig/bee_0408_3/fwd/cam1_2026-04-08_18-33-04.mp4,1037.0,2130.0,831,1777,1243,2483,0.8443808
637,/Volumes/SmithL0/2026/BIOL470/Final/Learning_Rig/bee_0408_3/fwd/cam1_2026-04-08_18-33-04.mp4,1037.5,2129.5,832,1777,1243,2482,0.8441271
638,/Volumes/SmithL0/2026/BIOL470/Final/Learning_Rig/bee_0408_3/fwd/cam1_2026-04-08_18-33-04.mp4,1037.5,2133.0,831,1774,1244,2492,0.8445544
639,/Volumes/SmithL0/2026/BIOL470/Final/Learning_Rig/bee_0408_3/fwd/cam1_2026-04-08_18-33-04.mp4,1037.5,2134.5,831,1774,1244,2495,0.8481506
640,/Volumes/SmithL0/2026/BIOL470/Final/Learning_Rig/bee_0408_3/fwd/cam1_2026-04-08_18-33-04.mp4,1037.5,2132.0,831,1777,1244,2487,0.84709686
641,/Volumes/SmithL0/2026/BIOL470/Final/Learning_Rig/bee_0408_3/fwd/cam1_2026-04-08_18-33-04.mp4,1036.5,2134.0,830,1774,1243,2494,0.845779
642,/Volumes/SmithL0/2026/BIOL470/Final/Learning_Rig/bee_0408_3/fwd/cam1_2026-04-08_18-33-04.mp4,1037.5,2131.5,831,1777,1244,2486,0.8459871
643,/Volumes/SmithL0/2026/BIOL470/Final/Learning_Rig/bee_0408_3/fwd/cam1_2026-04-08_18-33-04.mp4,1037.0,2132.0,831,1777,1243,2487,0.84519154
644,/Volumes/SmithL0/2026/BIOL470/Final/Learning_Rig/bee_0408_3/fwd/cam1_2026-04-08_18-33-04.mp4,1037.0,2129.0,831,1777,1243,2481,0.8481239
645,/Volumes/SmithL0/2026/BIOL470/Final/Learning_Rig/bee_0408_3/fwd/cam1_2026-04-08_18-33-04.mp4,1037.0,2128.0,830,1777,1244,2479,0.84848773
646,/Volumes/SmithL0/2026/BIOL470/Final/Learning_Rig/bee_0408_3/fwd/cam1_2026-04-08_18-33-04.mp4,1037.0,2128.0,830,1777,1244,2479,0.84803724
647,/Volumes/SmithL0/2026/BIOL470/Final/Learning_Rig/bee_0408_3/fwd/cam1_2026-04-08_18-33-04.mp4,1037.5,2130.0,831,1777,1244,2483,0.8464468
648,/Volumes/SmithL0/2026/BIOL470/Final/Learning_Rig/bee_0408_3/fwd/cam1_2026-04-08_18-33-04.mp4,1037.5,2133.5,830,1775,1245,2492,0.8452072
649,/Volumes/SmithL0/2026/BIOL470/Final/Learning_Rig/bee_0408_3/fwd/cam1_2026-04-08_18-33-04.mp4,1035.5,2133.5,828,1774,1243,2493,0.84500706
650,/Volumes/SmithL0/2026/BIOL470/Final/Learning_Rig/bee_0408_3/fwd/cam1_2026-04-08_18-33-04.mp4,1037.5,2131.0,831,1777,1244,2485,0.8469083
651,/Volumes/SmithL0/2026/BIOL470/Final/Learning_Rig/bee_0408_3/fwd/cam1_2026-04-08_18-33-04.mp4,1037.0,2131.0,830,1778,1244,2484,0.8455095
652,/Volumes/SmithL0/2026/BIOL470/Final/Learning_Rig/bee_0408_3/fwd/cam1_2026-04-08_18-33-04.mp4,1036.5,2131.5,829,1777,1244,2486,0.84460694
653,/Volumes/SmithL0/2026/BIOL470/Final/Learning_Rig/bee_0408_3/fwd/cam1_2026-04-08_18-33-04.mp4,1036.5,2128.0,829,1777,1244,2479,0.8469938
654,/Volumes/SmithL0/2026/BIOL470/Final/Learning_Rig/bee_0408_3/fwd/cam1_2026-04-08_18-33-04.mp4,1037.5,2131.0,829,1777,1246,2485,0.84850717
655,/Volumes/SmithL0/2026/BIOL470/Final/Learning_Rig/bee_0408_3/fwd/cam1_2026-04-08_18-33-04.mp4,1037.5,2135.0,829,1777,1246,2493,0.8484618
656,/Volumes/SmithL0/2026/BIOL470/Final/Learning_Rig/bee_0408_3/fwd/cam1_2026-04-08_18-33-04.mp4,1038.5,2132.0,831,1777,1246,2487,0.8495337
657,/Volumes/SmithL0/2026/BIOL470/Final/Learning_Rig/bee_0408_3/fwd/cam1_2026-04-08_18-33-04.mp4,1038.0,2131.5,831,1777,1245,2486,0.84942913
658,/Volumes/SmithL0/2026/BIOL470/Final/Learning_Rig/bee_0408_3/fwd/cam1_2026-04-08_18-33-04.mp4,1038.0,2132.0,832,1777,1244,2487,0.84709877
659,/Volumes/SmithL0/2026/BIOL470/Final/Learning_Rig/bee_0408_3/fwd/cam1_2026-04-08_18-33-04.mp4,1038.0,2134.0,831,1777,1245,2491,0.8461351
660,/Volumes/SmithL0/2026/BIOL470/Final/Learning_Rig/bee_0408_3/fwd/cam1_2026-04-08_18-33-04.mp4,1038.0,2134.5,832,1775,1244,2494,0.8453137
661,/Volumes/SmithL0/2026/BIOL470/Final/Learning_Rig/bee_0408_3/fwd/cam1_2026-04-08_18-33-04.mp4,1038.5,2131.5,833,1777,1244,2486,0.8453939
662,/Volumes/SmithL0/2026/BIOL470/Final/Learning_Rig/bee_0408_3/fwd/cam1_2026-04-08_18-33-04.mp4,1037.5,2130.5,832,1777,1243,2484,0.8469496
663,/Volumes/SmithL0/2026/BIOL470/Final/Learning_Rig/bee_0408_3/fwd/cam1_2026-04-08_18-33-04.mp4,1038.5,2133.0,833,1777,1244,2489,0.8484175
664,/Volumes/SmithL0/2026/BIOL470/Final/Learning_Rig/bee_0408_3/fwd/cam1_2026-04-08_18-33-04.mp4,1037.5,2131.5,832,1777,1243,2486,0.8467773
665,/Volumes/SmithL0/2026/BIOL470/Final/Learning_Rig/bee_0408_3/fwd/cam1_2026-04-08_18-33-04.mp4,1037.5,2127.0,831,1777,1244,2477,0.8524331
666,/Volumes/SmithL0/2026/BIOL470/Final/Learning_Rig/bee_0408_3/fwd/cam1_2026-04-08_18-33-04.mp4,1037.5,2131.0,831,1777,1244,2485,0.8489502
667,/Volumes/SmithL0/2026/BIOL470/Final/Learning_Rig/bee_0408_3/fwd/cam1_2026-04-08_18-33-04.mp4,1037.5,2128.5,831,1777,1244,2480,0.8497106
668,/Volumes/SmithL0/2026/BIOL470/Final/Learning_Rig/bee_0408_3/fwd/cam1_2026-04-08_18-33-04.mp4,1037.0,2133.0,831,1777,1243,2489,0.8458755
669,/Volumes/SmithL0/2026/BIOL470/Final/Learning_Rig/bee_0408_3/fwd/cam1_2026-04-08_18-33-04.mp4,1038.0,2131.5,833,1777,1243,2486,0.8446319
670,/Volumes/SmithL0/2026/BIOL470/Final/Learning_Rig/bee_0408_3/fwd/cam1_2026-04-08_18-33-04.mp4,1036.5,2134.0,830,1774,1243,2494,0.8438787
671,/Volumes/SmithL0/2026/BIOL470/Final/Learning_Rig/bee_0408_3/fwd/cam1_2026-04-08_18-33-04.mp4,1037.0,2133.5,831,1777,1243,2490,0.8455128
672,/Volumes/SmithL0/2026/BIOL470/Final/Learning_Rig/bee_0408_3/fwd/cam1_2026-04-08_18-33-04.mp4,1036.5,2130.5,830,1777,1243,2484,0.8468057
673,/Volumes/SmithL0/2026/BIOL470/Final/Learning_Rig/bee_0408_3/fwd/cam1_2026-04-08_18-33-04.mp4,1037.5,2130.5,832,1777,1243,2484,0.8480501
674,/Volumes/SmithL0/2026/BIOL470/Final/Learning_Rig/bee_0408_3/fwd/cam1_2026-04-08_18-33-04.mp4,1038.0,2129.0,832,1777,1244,2481,0.85010034
675,/Volumes/SmithL0/2026/BIOL470/Final/Learning_Rig/bee_0408_3/fwd/cam1_2026-04-08_18-33-04.mp4,1038.0,2134.0,832,1777,1244,2491,0.8475105
676,/Volumes/SmithL0/2026/BIOL470/Final/Learning_Rig/bee_0408_3/fwd/cam1_2026-04-08_18-33-04.mp4,1037.0,2132.0,830,1777,1244,2487,0.8478471
677,/Volumes/SmithL0/2026/BIOL470/Final/Learning_Rig/bee_0408_3/fwd/cam1_2026-04-08_18-33-04.mp4,1037.0,2133.5,830,1777,1244,2490,0.84643173
678,/Volumes/SmithL0/2026/BIOL470/Final/Learning_Rig/bee_0408_3/fwd/cam1_2026-04-08_18-33-04.mp4,1038.0,2134.0,831,1777,1245,2491,0.84641445
679,/Volumes/SmithL0/2026/BIOL470/Final/Learning_Rig/bee_0408_3/fwd/cam1_2026-04-08_18-33-04.mp4,1037.5,2133.5,831,1777,1244,2490,0.8448462
680,/Volumes/SmithL0/2026/BIOL470/Final/Learning_Rig/bee_0408_3/fwd/cam1_2026-04-08_18-33-04.mp4,1038.0,2133.5,832,1777,1244,2490,0.8481
681,/Volumes/SmithL0/2026/BIOL470/Final/Learning_Rig/bee_0408_3/fwd/cam1_2026-04-08_18-33-04.mp4,1037.0,2133.0,831,1777,1243,2489,0.8462136
682,/Volumes/SmithL0/2026/BIOL470/Final/Learning_Rig/bee_0408_3/fwd/cam1_2026-04-08_18-33-04.mp4,1037.5,2133.0,830,1777,1245,2489,0.84705323
683,/Volumes/SmithL0/2026/BIOL470/Final/Learning_Rig/bee_0408_3/fwd/cam1_2026-04-08_18-33-04.mp4,1037.0,2131.0,830,1777,1244,2485,0.84594774
684,/Volumes/SmithL0/2026/BIOL470/Final/Learning_Rig/bee_0408_3/fwd/cam1_2026-04-08_18-33-04.mp4,1038.5,2133.5,832,1773,1245,2494,0.8451448
685,/Volumes/SmithL0/2026/BIOL470/Final/Learning_Rig/bee_0408_3/fwd/cam1_2026-04-08_18-33-04.mp4,1038.0,2134.5,832,1774,1244,2495,0.84509313
686,/Volumes/SmithL0/2026/BIOL470/Final/Learning_Rig/bee_0408_3/fwd/cam1_2026-04-08_18-33-04.mp4,1038.0,2133.0,832,1773,1244,2493,0.8457017
687,/Volumes/SmithL0/2026/BIOL470/Final/Learning_Rig/bee_0408_3/fwd/cam1_2026-04-08_18-33-04.mp4,1036.5,2133.5,830,1773,1243,2494,0.8440164
688,/Volumes/SmithL0/2026/BIOL470/Final/Learning_Rig/bee_0408_3/fwd/cam1_2026-04-08_18-33-04.mp4,1037.5,2134.5,831,1777,1244,2492,0.84522253
689,/Volumes/SmithL0/2026/BIOL470/Final/Learning_Rig/bee_0408_3/fwd/cam1_2026-04-08_18-33-04.mp4,1038.5,2133.5,833,1773,1244,2494,0.8460638
690,/Volumes/SmithL0/2026/BIOL470/Final/Learning_Rig/bee_0408_3/fwd/cam1_2026-04-08_18-33-04.mp4,1039.5,2133.0,834,1772,1245,2494,0.8474164
691,/Volumes/SmithL0/2026/BIOL470/Final/Learning_Rig/bee_0408_3/fwd/cam1_2026-04-08_18-33-04.mp4,1037.5,2133.5,831,1771,1244,2496,0.8465012
692,/Volumes/SmithL0/2026/BIOL470/Final/Learning_Rig/bee_0408_3/fwd/cam1_2026-04-08_18-33-04.mp4,1038.5,2132.0,834,1776,1243,2488,0.84716725
693,/Volumes/SmithL0/2026/BIOL470/Final/Learning_Rig/bee_0408_3/fwd/cam1_2026-04-08_18-33-04.mp4,1039.0,2132.5,833,1771,1245,2494,0.8475614
694,/Volumes/SmithL0/2026/BIOL470/Final/Learning_Rig/bee_0408_3/fwd/cam1_2026-04-08_18-33-04.mp4,1039.0,2134.0,832,1771,1246,2497,0.84728396
695,/Volumes/SmithL0/2026/BIOL470/Final/Learning_Rig/bee_0408_3/fwd/cam1_2026-04-08_18-33-04.mp4,1037.5,2132.0,832,1776,1243,2488,0.84669673
696,/Volumes/SmithL0/2026/BIOL470/Final/Learning_Rig/bee_0408_3/fwd/cam1_2026-04-08_18-33-04.mp4,1038.0,2133.5,833,1776,1243,2491,0.845544
697,/Volumes/SmithL0/2026/BIOL470/Final/Learning_Rig/bee_0408_3/fwd/cam1_2026-04-08_18-33-04.mp4,1037.0,2129.5,832,1776,1242,2483,0.84657735
698,/Volumes/SmithL0/2026/BIOL470/Final/Learning_Rig/bee_0408_3/fwd/cam1_2026-04-08_18-33-04.mp4,1038.0,2132.0,832,1772,1244,2492,0.84504926
699,/Volumes/SmithL0/2026/BIOL470/Final/Learning_Rig/bee_0408_3/fwd/cam1_2026-04-08_18-33-04.mp4,1038.5,2133.0,832,1772,1245,2494,0.8430689
700,/Volumes/SmithL0/2026/BIOL470/Final/Learning_Rig/bee_0408_3/fwd/cam1_2026-04-08_18-33-04.mp4,1037.5,2133.0,832,1776,1243,2490,0.84434193
701,/Volumes/SmithL0/2026/BIOL470/Final/Learning_Rig/bee_0408_3/fwd/cam1_2026-04-08_18-33-04.mp4,1037.5,2133.5,831,1773,1244,2494,0.84563154
702,/Volumes/SmithL0/2026/BIOL470/Final/Learning_Rig/bee_0408_3/fwd/cam1_2026-04-08_18-33-04.mp4,1037.0,2132.5,830,1772,1244,2493,0.84348184
703,/Volumes/SmithL0/2026/BIOL470/Final/Learning_Rig/bee_0408_3/fwd/cam1_2026-04-08_18-33-04.mp4,1037.5,2133.0,831,1773,1244,2493,0.8432917
704,/Volumes/SmithL0/2026/BIOL470/Final/Learning_Rig/bee_0408_3/fwd/cam1_2026-04-08_18-33-04.mp4,1038.5,2134.0,832,1774,1245,2494,0.84453005
705,/Volumes/SmithL0/2026/BIOL470/Final/Learning_Rig/bee_0408_3/fwd/cam1_2026-04-08_18-33-04.mp4,1038.5,2134.0,833,1773,1244,2495,0.84552073
706,/Volumes/SmithL0/2026/BIOL470/Final/Learning_Rig/bee_0408_3/fwd/cam1_2026-04-08_18-33-04.mp4,1037.5,2133.5,832,1772,1243,2495,0.84544575
707,/Volumes/SmithL0/2026/BIOL470/Final/Learning_Rig/bee_0408_3/fwd/cam1_2026-04-08_18-33-04.mp4,1037.5,2132.5,833,1777,1242,2488,0.84466916
708,/Volumes/SmithL0/2026/BIOL470/Final/Learning_Rig/bee_0408_3/fwd/cam1_2026-04-08_18-33-04.mp4,1038.0,2132.5,832,1771,1244,2494,0.8451294
709,/Volumes/SmithL0/2026/BIOL470/Final/Learning_Rig/bee_0408_3/fwd/cam1_2026-04-08_18-33-04.mp4,1038.5,2132.5,832,1771,1245,2494,0.84724104
710,/Volumes/SmithL0/2026/BIOL470/Final/Learning_Rig/bee_0408_3/fwd/cam1_2026-04-08_18-33-04.mp4,1038.0,2131.0,832,1776,1244,2486,0.8490603
711,/Volumes/SmithL0/2026/BIOL470/Final/Learning_Rig/bee_0408_3/fwd/cam1_2026-04-08_18-33-04.mp4,1038.0,2133.0,831,1772,1245,2494,0.84926444
712,/Volumes/SmithL0/2026/BIOL470/Final/Learning_Rig/bee_0408_3/fwd/cam1_2026-04-08_18-33-04.mp4,1038.0,2132.0,832,1777,1244,2487,0.8475865
713,/Volumes/SmithL0/2026/BIOL470/Final/Learning_Rig/bee_0408_3/fwd/cam1_2026-04-08_18-33-04.mp4,1037.0,2130.0,832,1776,1242,2484,0.8474563
714,/Volumes/SmithL0/2026/BIOL470/Final/Learning_Rig/bee_0408_3/fwd/cam1_2026-04-08_18-33-04.mp4,1037.5,2133.5,830,1772,1245,2495,0.8477266
715,/Volumes/SmithL0/2026/BIOL470/Final/Learning_Rig/bee_0408_3/fwd/cam1_2026-04-08_18-33-04.mp4,1038.0,2132.0,833,1776,1243,2488,0.84687006
716,/Volumes/SmithL0/2026/BIOL470/Final/Learning_Rig/bee_0408_3/fwd/cam1_2026-04-08_18-33-04.mp4,1038.0,2131.0,833,1776,1243,2486,0.8485775
717,/Volumes/SmithL0/2026/BIOL470/Final/Learning_Rig/bee_0408_3/fwd/cam1_2026-04-08_18-33-04.mp4,1038.0,2134.0,832,1777,1244,2491,0.846872
718,/Volumes/SmithL0/2026/BIOL470/Final/Learning_Rig/bee_0408_3/fwd/cam1_2026-04-08_18-33-04.mp4,1038.0,2134.0,832,1776,1244,2492,0.845235
719,/Volumes/SmithL0/2026/BIOL470/Final/Learning_Rig/bee_0408_3/fwd/cam1_2026-04-08_18-33-04.mp4,1038.5,2133.0,832,1772,1245,2494,0.8466605
720,/Volumes/SmithL0/2026/BIOL470/Final/Learning_Rig/bee_0408_3/fwd/cam1_2026-04-08_18-33-04.mp4,1037.0,2133.0,832,1777,1242,2489,0.84678423
721,/Volumes/SmithL0/2026/BIOL470/Final/Learning_Rig/bee_0408_3/fwd/cam1_2026-04-08_18-33-04.mp4,1037.5,2133.0,832,1777,1243,2489,0.84877723
722,/Volumes/SmithL0/2026/BIOL470/Final/Learning_Rig/bee_0408_3/fwd/cam1_2026-04-08_18-33-04.mp4,1038.0,2131.5,833,1777,1243,2486,0.8477431
723,/Volumes/SmithL0/2026/BIOL470/Final/Learning_Rig/bee_0408_3/fwd/cam1_2026-04-08_18-33-04.mp4,1037.5,2134.5,832,1776,1243,2493,0.84635204
724,/Volumes/SmithL0/2026/BIOL470/Final/Learning_Rig/bee_0408_3/fwd/cam1_2026-04-08_18-33-04.mp4,1038.0,2132.5,832,1777,1244,2488,0.84836656
725,/Volumes/SmithL0/2026/BIOL470/Final/Learning_Rig/bee_0408_3/fwd/cam1_2026-04-08_18-33-04.mp4,1038.0,2132.5,832,1777,1244,2488,0.8468558
726,/Volumes/SmithL0/2026/BIOL470/Final/Learning_Rig/bee_0408_3/fwd/cam1_2026-04-08_18-33-04.mp4,1038.5,2131.0,832,1777,1245,2485,0.84884167
727,/Volumes/SmithL0/2026/BIOL470/Final/Learning_Rig/bee_0408_3/fwd/cam1_2026-04-08_18-33-04.mp4,1038.0,2131.0,831,1777,1245,2485,0.8489566
728,/Volumes/SmithL0/2026/BIOL470/Final/Learning_Rig/bee_0408_3/fwd/cam1_2026-04-08_18-33-04.mp4,1038.5,2128.5,833,1777,1244,2480,0.8509094
729,/Volumes/SmithL0/2026/BIOL470/Final/Learning_Rig/bee_0408_3/fwd/cam1_2026-04-08_18-33-04.mp4,1038.0,2131.5,833,1777,1243,2486,0.845009
730,/Volumes/SmithL0/2026/BIOL470/Final/Learning_Rig/bee_0408_3/fwd/cam1_2026-04-08_18-33-04.mp4,1038.5,2133.5,833,1772,1244,2495,0.84499437
731,/Volumes/SmithL0/2026/BIOL470/Final/Learning_Rig/bee_0408_3/fwd/cam1_2026-04-08_18-33-04.mp4,1037.5,2133.5,831,1771,1244,2496,0.8433369
732,/Volumes/SmithL0/2026/BIOL470/Final/Learning_Rig/bee_0408_3/fwd/cam1_2026-04-08_18-33-04.mp4,1038.0,2132.5,832,1776,1244,2489,0.8475757
733,/Volumes/SmithL0/2026/BIOL470/Final/Learning_Rig/bee_0408_3/fwd/cam1_2026-04-08_18-33-04.mp4,1038.0,2134.5,830,1776,1246,2493,0.8462553
734,/Volumes/SmithL0/2026/BIOL470/Final/Learning_Rig/bee_0408_3/fwd/cam1_2026-04-08_18-33-04.mp4,1037.5,2132.0,831,1777,1244,2487,0.8480842
735,/Volumes/SmithL0/2026/BIOL470/Final/Learning_Rig/bee_0408_3/fwd/cam1_2026-04-08_18-33-04.mp4,1037.5,2132.5,831,1772,1244,2493,0.8451745
736,/Volumes/SmithL0/2026/BIOL470/Final/Learning_Rig/bee_0408_3/fwd/cam1_2026-04-08_18-33-04.mp4,1037.5,2130.5,832,1776,1243,2485,0.84729785
737,/Volumes/SmithL0/2026/BIOL470/Final/Learning_Rig/bee_0408_3/fwd/cam1_2026-04-08_18-33-04.mp4,1038.5,2130.0,833,1777,1244,2483,0.84931856
738,/Volumes/SmithL0/2026/BIOL470/Final/Learning_Rig/bee_0408_3/fwd/cam1_2026-04-08_18-33-04.mp4,1038.5,2128.0,834,1776,1243,2480,0.8491849
739,/Volumes/SmithL0/2026/BIOL470/Final/Learning_Rig/bee_0408_3/fwd/cam1_2026-04-08_18-33-04.mp4,1039.5,2132.0,834,1771,1245,2493,0.8477725
740,/Volumes/SmithL0/2026/BIOL470/Final/Learning_Rig/bee_0408_3/fwd/cam1_2026-04-08_18-33-04.mp4,1039.0,2132.5,834,1772,1244,2493,0.8476787
741,/Volumes/SmithL0/2026/BIOL470/Final/Learning_Rig/bee_0408_3/fwd/cam1_2026-04-08_18-33-04.mp4,1038.5,2131.5,833,1771,1244,2492,0.843588
742,/Volumes/SmithL0/2026/BIOL470/Final/Learning_Rig/bee_0408_3/fwd/cam1_2026-04-08_18-33-04.mp4,1037.0,2130.0,831,1776,1243,2484,0.845979
743,/Volumes/SmithL0/2026/BIOL470/Final/Learning_Rig/bee_0408_3/fwd/cam1_2026-04-08_18-33-04.mp4,1037.0,2133.5,829,1772,1245,2495,0.84348387
744,/Volumes/SmithL0/2026/BIOL470/Final/Learning_Rig/bee_0408_3/fwd/cam1_2026-04-08_18-33-04.mp4,1037.5,2132.0,831,1771,1244,2493,0.8450258
745,/Volumes/SmithL0/2026/BIOL470/Final/Learning_Rig/bee_0408_3/fwd/cam1_2026-04-08_18-33-04.mp4,1037.5,2131.5,831,1770,1244,2493,0.84657717
746,/Volumes/SmithL0/2026/BIOL470/Final/Learning_Rig/bee_0408_3/fwd/cam1_2026-04-08_18-33-04.mp4,1037.0,2129.5,830,1776,1244,2483,0.84869635
747,/Volumes/SmithL0/2026/BIOL470/Final/Learning_Rig/bee_0408_3/fwd/cam1_2026-04-08_18-33-04.mp4,1037.5,2127.5,831,1776,1244,2479,0.8520432
748,/Volumes/SmithL0/2026/BIOL470/Final/Learning_Rig/bee_0408_3/fwd/cam1_2026-04-08_18-33-04.mp4,1037.5,2130.0,831,1776,1244,2484,0.84769726
749,/Volumes/SmithL0/2026/BIOL470/Final/Learning_Rig/bee_0408_3/fwd/cam1_2026-04-08_18-33-04.mp4,1038.5,2132.5,833,1772,1244,2493,0.84499323
750,/Volumes/SmithL0/2026/BIOL470/Final/Learning_Rig/bee_0408_3/fwd/cam1_2026-04-08_18-33-04.mp4,1037.0,2132.0,832,1777,1242,2487,0.8434354
751,/Volumes/SmithL0/2026/BIOL470/Final/Learning_Rig/bee_0408_3/fwd/cam1_2026-04-08_18-33-04.mp4,1037.0,2133.0,832,1777,1242,2489,0.8438033
752,/Volumes/SmithL0/2026/BIOL470/Final/Learning_Rig/bee_0408_3/fwd/cam1_2026-04-08_18-33-04.mp4,1037.5,2133.0,831,1772,1244,2494,0.84291655
753,/Volumes/SmithL0/2026/BIOL470/Final/Learning_Rig/bee_0408_3/fwd/cam1_2026-04-08_18-33-04.mp4,1038.0,2131.5,832,1777,1244,2486,0.8452854
754,/Volumes/SmithL0/2026/BIOL470/Final/Learning_Rig/bee_0408_3/fwd/cam1_2026-04-08_18-33-04.mp4,1037.5,2133.5,831,1776,1244,2491,0.8459142
755,/Volumes/SmithL0/2026/BIOL470/Final/Learning_Rig/bee_0408_3/fwd/cam1_2026-04-08_18-33-04.mp4,1038.5,2134.5,832,1776,1245,2493,0.84761876
756,/Volumes/SmithL0/2026/BIOL470/Final/Learning_Rig/bee_0408_3/fwd/cam1_2026-04-08_18-33-04.mp4,1036.5,2131.5,830,1777,1243,2486,0.846149
757,/Volumes/SmithL0/2026/BIOL470/Final/Learning_Rig/bee_0408_3/fwd/cam1_2026-04-08_18-33-04.mp4,1037.5,2133.5,831,1777,1244,2490,0.845342
758,/Volumes/SmithL0/2026/BIOL470/Final/Learning_Rig/bee_0408_3/fwd/cam1_2026-04-08_18-33-04.mp4,1037.5,2134.0,831,1777,1244,2491,0.8459414
759,/Volumes/SmithL0/2026/BIOL470/Final/Learning_Rig/bee_0408_3/fwd/cam1_2026-04-08_18-33-04.mp4,1037.5,2132.5,831,1777,1244,2488,0.8457548
760,/Volumes/SmithL0/2026/BIOL470/Final/Learning_Rig/bee_0408_3/fwd/cam1_2026-04-08_18-33-04.mp4,1037.0,2131.5,832,1777,1242,2486,0.84603995
761,/Volumes/SmithL0/2026/BIOL470/Final/Learning_Rig/bee_0408_3/fwd/cam1_2026-04-08_18-33-04.mp4,1037.0,2132.5,831,1777,1243,2488,0.8450765
762,/Volumes/SmithL0/2026/BIOL470/Final/Learning_Rig/bee_0408_3/fwd/cam1_2026-04-08_18-33-04.mp4,1036.5,2133.5,829,1772,1244,2495,0.84511983
763,/Volumes/SmithL0/2026/BIOL470/Final/Learning_Rig/bee_0408_3/fwd/cam1_2026-04-08_18-33-04.mp4,1037.0,2132.5,830,1771,1244,2494,0.84300613
764,/Volumes/SmithL0/2026/BIOL470/Final/Learning_Rig/bee_0408_3/fwd/cam1_2026-04-08_18-33-04.mp4,1037.0,2131.0,831,1776,1243,2486,0.8442329
765,/Volumes/SmithL0/2026/BIOL470/Final/Learning_Rig/bee_0408_3/fwd/cam1_2026-04-08_18-33-04.mp4,1037.0,2131.5,832,1777,1242,2486,0.84250784
766,/Volumes/SmithL0/2026/BIOL470/Final/Learning_Rig/bee_0408_3/fwd/cam1_2026-04-08_18-33-04.mp4,1036.5,2131.0,831,1776,1242,2486,0.84335107
767,/Volumes/SmithL0/2026/BIOL470/Final/Learning_Rig/bee_0408_3/fwd/cam1_2026-04-08_18-33-04.mp4,1038.0,2133.5,832,1772,1244,2495,0.84582704
768,/Volumes/SmithL0/2026/BIOL470/Final/Learning_Rig/bee_0408_3/fwd/cam1_2026-04-08_18-33-04.mp4,1037.0,2133.0,831,1776,1243,2490,0.8437438
769,/Volumes/SmithL0/2026/BIOL470/Final/Learning_Rig/bee_0408_3/fwd/cam1_2026-04-08_18-33-04.mp4,1037.5,2134.0,830,1772,1245,2496,0.84502715
770,/Volumes/SmithL0/2026/BIOL470/Final/Learning_Rig/bee_0408_3/fwd/cam1_2026-04-08_18-33-04.mp4,1037.5,2135.0,830,1777,1245,2493,0.8457977
771,/Volumes/SmithL0/2026/BIOL470/Final/Learning_Rig/bee_0408_3/fwd/cam1_2026-04-08_18-33-04.mp4,1037.0,2134.0,830,1777,1244,2491,0.8457425
772,/Volumes/SmithL0/2026/BIOL470/Final/Learning_Rig/bee_0408_3/fwd/cam1_2026-04-08_18-33-04.mp4,1037.5,2132.0,830,1777,1245,2487,0.8483714
773,/Volumes/SmithL0/2026/BIOL470/Final/Learning_Rig/bee_0408_3/fwd/cam1_2026-04-08_18-33-04.mp4,1037.5,2132.5,831,1777,1244,2488,0.8483595
774,/Volumes/SmithL0/2026/BIOL470/Final/Learning_Rig/bee_0408_3/fwd/cam1_2026-04-08_18-33-04.mp4,1037.0,2132.0,830,1777,1244,2487,0.847545
775,/Volumes/SmithL0/2026/BIOL470/Final/Learning_Rig/bee_0408_3/fwd/cam1_2026-04-08_18-33-04.mp4,1037.0,2134.0,830,1773,1244,2495,0.8485094
776,/Volumes/SmithL0/2026/BIOL470/Final/Learning_Rig/bee_0408_3/fwd/cam1_2026-04-08_18-33-04.mp4,1037.0,2133.0,830,1773,1244,2493,0.84656
777,/Volumes/SmithL0/2026/BIOL470/Final/Learning_Rig/bee_0408_3/fwd/cam1_2026-04-08_18-33-04.mp4,1039.0,2133.0,833,1773,1245,2493,0.84507704
778,/Volumes/SmithL0/2026/BIOL470/Final/Learning_Rig/bee_0408_3/fwd/cam1_2026-04-08_18-33-04.mp4,1037.5,2131.5,831,1777,1244,2486,0.8451743
779,/Volumes/SmithL0/2026/BIOL470/Final/Learning_Rig/bee_0408_3/fwd/cam1_2026-04-08_18-33-04.mp4,1036.5,2130.5,831,1777,1242,2484,0.84515107
780,/Volumes/SmithL0/2026/BIOL470/Final/Learning_Rig/bee_0408_3/fwd/cam1_2026-04-08_18-33-04.mp4,1038.0,2135.0,831,1777,1245,2493,0.8440551
781,/Volumes/SmithL0/2026/BIOL470/Final/Learning_Rig/bee_0408_3/fwd/cam1_2026-04-08_18-33-04.mp4,1038.0,2135.5,831,1777,1245,2494,0.8442874
782,/Volumes/SmithL0/2026/BIOL470/Final/Learning_Rig/bee_0408_3/fwd/cam1_2026-04-08_18-33-04.mp4,1036.0,2133.0,829,1777,1243,2489,0.843463
783,/Volumes/SmithL0/2026/BIOL470/Final/Learning_Rig/bee_0408_3/fwd/cam1_2026-04-08_18-33-04.mp4,1036.5,2131.5,830,1777,1243,2486,0.8448634
784,/Volumes/SmithL0/2026/BIOL470/Final/Learning_Rig/bee_0408_3/fwd/cam1_2026-04-08_18-33-04.mp4,1036.5,2129.5,829,1777,1244,2482,0.8474285
785,/Volumes/SmithL0/2026/BIOL470/Final/Learning_Rig/bee_0408_3/fwd/cam1_2026-04-08_18-33-04.mp4,1037.0,2134.0,829,1772,1245,2496,0.8461661
786,/Volumes/SmithL0/2026/BIOL470/Final/Learning_Rig/bee_0408_3/fwd/cam1_2026-04-08_18-33-04.mp4,1035.5,2133.5,827,1772,1244,2495,0.84515435
787,/Volumes/SmithL0/2026/BIOL470/Final/Learning_Rig/bee_0408_3/fwd/cam1_2026-04-08_18-33-04.mp4,1037.0,2133.0,830,1773,1244,2493,0.8436841
788,/Volumes/SmithL0/2026/BIOL470/Final/Learning_Rig/bee_0408_3/fwd/cam1_2026-04-08_18-33-04.mp4,1036.5,2133.0,829,1777,1244,2489,0.8435856
789,/Volumes/SmithL0/2026/BIOL470/Final/Learning_Rig/bee_0408_3/fwd/cam1_2026-04-08_18-33-04.mp4,1037.0,2131.5,831,1777,1243,2486,0.8457224
790,/Volumes/SmithL0/2026/BIOL470/Final/Learning_Rig/bee_0408_3/fwd/cam1_2026-04-08_18-33-04.mp4,1037.5,2130.0,832,1777,1243,2483,0.84469724
791,/Volumes/SmithL0/2026/BIOL470/Final/Learning_Rig/bee_0408_3/fwd/cam1_2026-04-08_18-33-04.mp4,1037.5,2131.5,832,1777,1243,2486,0.84550816
792,/Volumes/SmithL0/2026/BIOL470/Final/Learning_Rig/bee_0408_3/fwd/cam1_2026-04-08_18-33-04.mp4,1037.0,2133.0,831,1777,1243,2489,0.8437316
793,/Volumes/SmithL0/2026/BIOL470/Final/Learning_Rig/bee_0408_3/fwd/cam1_2026-04-08_18-33-04.mp4,1036.5,2128.5,831,1777,1242,2480,0.8457445
794,/Volumes/SmithL0/2026/BIOL470/Final/Learning_Rig/bee_0408_3/fwd/cam1_2026-04-08_18-33-04.mp4,1037.0,2127.5,831,1777,1243,2478,0.84785
795,/Volumes/SmithL0/2026/BIOL470/Final/Learning_Rig/bee_0408_3/fwd/cam1_2026-04-08_18-33-04.mp4,1036.5,2124.5,831,1777,1242,2472,0.84708863
796,/Volumes/SmithL0/2026/BIOL470/Final/Learning_Rig/bee_0408_3/fwd/cam1_2026-04-08_18-33-04.mp4,1036.5,2128.5,831,1777,1242,2480,0.8458001
797,/Volumes/SmithL0/2026/BIOL470/Final/Learning_Rig/bee_0408_3/fwd/cam1_2026-04-08_18-33-04.mp4,1036.0,2127.0,830,1777,1242,2477,0.84561396
798,/Volumes/SmithL0/2026/BIOL470/Final/Learning_Rig/bee_0408_3/fwd/cam1_2026-04-08_18-33-04.mp4,1036.0,2130.0,830,1777,1242,2483,0.84485817
799,/Volumes/SmithL0/2026/BIOL470/Final/Learning_Rig/bee_0408_3/fwd/cam1_2026-04-08_18-33-04.mp4,1037.0,2134.0,830,1777,1244,2491,0.84425586
800,/Volumes/SmithL0/2026/BIOL470/Final/Learning_Rig/bee_0408_3/fwd/cam1_2026-04-08_18-33-04.mp4,1037.0,2133.0,831,1777,1243,2489,0.8440623
801,/Volumes/SmithL0/2026/BIOL470/Final/Learning_Rig/bee_0408_3/fwd/cam1_2026-04-08_18-33-04.mp4,1036.5,2131.5,831,1777,1242,2486,0.8434579
802,/Volumes/SmithL0/2026/BIOL470/Final/Learning_Rig/bee_0408_3/fwd/cam1_2026-04-08_18-33-04.mp4,1035.0,2132.0,828,1777,1242,2487,0.84312737
803,/Volumes/SmithL0/2026/BIOL470/Final/Learning_Rig/bee_0408_3/fwd/cam1_2026-04-08_18-33-04.mp4,1036.5,2134.5,829,1773,1244,2496,0.8449107
804,/Volumes/SmithL0/2026/BIOL470/Final/Learning_Rig/bee_0408_3/fwd/cam1_2026-04-08_18-33-04.mp4,1036.0,2132.5,830,1777,1242,2488,0.8438593
805,/Volumes/SmithL0/2026/BIOL470/Final/Learning_Rig/bee_0408_3/fwd/cam1_2026-04-08_18-33-04.mp4,1035.5,2133.5,828,1772,1243,2495,0.84442675
806,/Volumes/SmithL0/2026/BIOL470/Final/Learning_Rig/bee_0408_3/fwd/cam1_2026-04-08_18-33-04.mp4,1035.5,2133.5,828,1772,1243,2495,0.84457076
807,/Volumes/SmithL0/2026/BIOL470/Final/Learning_Rig/bee_0408_3/fwd/cam1_2026-04-08_18-33-04.mp4,1035.5,2133.5,828,1773,1243,2494,0.8449001
808,/Volumes/SmithL0/2026/BIOL470/Final/Learning_Rig/bee_0408_3/fwd/cam1_2026-04-08_18-33-04.mp4,1036.5,2133.5,829,1774,1244,2493,0.84522927
809,/Volumes/SmithL0/2026/BIOL470/Final/Learning_Rig/bee_0408_3/fwd/cam1_2026-04-08_18-33-04.mp4,1036.0,2131.5,830,1777,1242,2486,0.84382135
810,/Volumes/SmithL0/2026/BIOL470/Final/Learning_Rig/bee_0408_3/fwd/cam1_2026-04-08_18-33-04.mp4,1037.0,2132.0,830,1772,1244,2492,0.8451432
811,/Volumes/SmithL0/2026/BIOL470/Final/Learning_Rig/bee_0408_3/fwd/cam1_2026-04-08_18-33-04.mp4,1037.5,2133.0,830,1773,1245,2493,0.8443228
812,/Volumes/SmithL0/2026/BIOL470/Final/Learning_Rig/bee_0408_3/fwd/cam1_2026-04-08_18-33-04.mp4,1036.5,2129.5,830,1777,1243,2482,0.84498084
813,/Volumes/SmithL0/2026/BIOL470/Final/Learning_Rig/bee_0408_3/fwd/cam1_2026-04-08_18-33-04.mp4,1036.5,2133.0,830,1773,1243,2493,0.843771
814,/Volumes/SmithL0/2026/BIOL470/Final/Learning_Rig/bee_0408_3/fwd/cam1_2026-04-08_18-33-04.mp4,1036.0,2132.5,829,1773,1243,2492,0.8425278
815,/Volumes/SmithL0/2026/BIOL470/Final/Learning_Rig/bee_0408_3/fwd/cam1_2026-04-08_18-33-04.mp4,1035.5,2129.0,829,1777,1242,2481,0.84183735
816,/Volumes/SmithL0/2026/BIOL470/Final/Learning_Rig/bee_0408_3/fwd/cam1_2026-04-08_18-33-04.mp4,1036.0,2129.0,830,1777,1242,2481,0.84278613
817,/Volumes/SmithL0/2026/BIOL470/Final/Learning_Rig/bee_0408_3/fwd/cam1_2026-04-08_18-33-04.mp4,1035.5,2131.0,829,1777,1242,2485,0.8424727
818,/Volumes/SmithL0/2026/BIOL470/Final/Learning_Rig/bee_0408_3/fwd/cam1_2026-04-08_18-33-04.mp4,1035.0,2133.5,828,1772,1242,2495,0.84240776
819,/Volumes/SmithL0/2026/BIOL470/Final/Learning_Rig/bee_0408_3/fwd/cam1_2026-04-08_18-33-04.mp4,1037.0,2133.5,830,1777,1244,2490,0.8440046
820,/Volumes/SmithL0/2026/BIOL470/Final/Learning_Rig/bee_0408_3/fwd/cam1_2026-04-08_18-33-04.mp4,1036.5,2130.5,830,1777,1243,2484,0.84687877
821,/Volumes/SmithL0/2026/BIOL470/Final/Learning_Rig/bee_0408_3/fwd/cam1_2026-04-08_18-33-04.mp4,1036.5,2132.0,830,1777,1243,2487,0.8437528
822,/Volumes/SmithL0/2026/BIOL470/Final/Learning_Rig/bee_0408_3/fwd/cam1_2026-04-08_18-33-04.mp4,1037.0,2129.5,830,1777,1244,2482,0.8475068
823,/Volumes/SmithL0/2026/BIOL470/Final/Learning_Rig/bee_0408_3/fwd/cam1_2026-04-08_18-33-04.mp4,1036.5,2133.5,829,1773,1244,2494,0.8450594
824,/Volumes/SmithL0/2026/BIOL470/Final/Learning_Rig/bee_0408_3/fwd/cam1_2026-04-08_18-33-04.mp4,1036.5,2133.0,830,1772,1243,2494,0.84433496
825,/Volumes/SmithL0/2026/BIOL470/Final/Learning_Rig/bee_0408_3/fwd/cam1_2026-04-08_18-33-04.mp4,1036.5,2133.5,829,1772,1244,2495,0.8453716
826,/Volumes/SmithL0/2026/BIOL470/Final/Learning_Rig/bee_0408_3/fwd/cam1_2026-04-08_18-33-04.mp4,1036.5,2131.5,830,1777,1243,2486,0.846653
827,/Volumes/SmithL0/2026/BIOL470/Final/Learning_Rig/bee_0408_3/fwd/cam1_2026-04-08_18-33-04.mp4,1037.0,2131.5,830,1777,1244,2486,0.84827685
828,/Volumes/SmithL0/2026/BIOL470/Final/Learning_Rig/bee_0408_3/fwd/cam1_2026-04-08_18-33-04.mp4,1036.5,2131.0,830,1777,1243,2485,0.8454419
829,/Volumes/SmithL0/2026/BIOL470/Final/Learning_Rig/bee_0408_3/fwd/cam1_2026-04-08_18-33-04.mp4,1037.5,2133.5,831,1773,1244,2494,0.84675914
830,/Volumes/SmithL0/2026/BIOL470/Final/Learning_Rig/bee_0408_3/fwd/cam1_2026-04-08_18-33-04.mp4,1036.5,2133.5,829,1773,1244,2494,0.846907
831,/Volumes/SmithL0/2026/BIOL470/Final/Learning_Rig/bee_0408_3/fwd/cam1_2026-04-08_18-33-04.mp4,1036.5,2135.5,829,1774,1244,2497,0.8474292
832,/Volumes/SmithL0/2026/BIOL470/Final/Learning_Rig/bee_0408_3/fwd/cam1_2026-04-08_18-33-04.mp4,1038.0,2135.0,832,1774,1244,2496,0.84836984
833,/Volumes/SmithL0/2026/BIOL470/Final/Learning_Rig/bee_0408_3/fwd/cam1_2026-04-08_18-33-04.mp4,1037.0,2134.5,830,1773,1244,2496,0.8470536
834,/Volumes/SmithL0/2026/BIOL470/Final/Learning_Rig/bee_0408_3/fwd/cam1_2026-04-08_18-33-04.mp4,1037.5,2135.5,830,1773,1245,2498,0.8472819
835,/Volumes/SmithL0/2026/BIOL470/Final/Learning_Rig/bee_0408_3/fwd/cam1_2026-04-08_18-33-04.mp4,1037.5,2135.5,830,1774,1245,2497,0.84667546
836,/Volumes/SmithL0/2026/BIOL470/Final/Learning_Rig/bee_0408_3/fwd/cam1_2026-04-08_18-33-04.mp4,1037.5,2135.0,830,1773,1245,2497,0.847611
837,/Volumes/SmithL0/2026/BIOL470/Final/Learning_Rig/bee_0408_3/fwd/cam1_2026-04-08_18-33-04.mp4,1036.5,2134.0,829,1774,1244,2494,0.84517866
838,/Volumes/SmithL0/2026/BIOL470/Final/Learning_Rig/bee_0408_3/fwd/cam1_2026-04-08_18-33-04.mp4,1037.0,2132.5,830,1777,1244,2488,0.84517807
839,/Volumes/SmithL0/2026/BIOL470/Final/Learning_Rig/bee_0408_3/fwd/cam1_2026-04-08_18-33-04.mp4,1035.5,2127.0,828,1777,1243,2477,0.84721696
840,/Volumes/SmithL0/2026/BIOL470/Final/Learning_Rig/bee_0408_3/fwd/cam1_2026-04-08_18-33-04.mp4,1036.5,2131.5,830,1777,1243,2486,0.84692687
841,/Volumes/SmithL0/2026/BIOL470/Final/Learning_Rig/bee_0408_3/fwd/cam1_2026-04-08_18-33-04.mp4,1036.5,2130.0,831,1777,1242,2483,0.8451274
842,/Volumes/SmithL0/2026/BIOL470/Final/Learning_Rig/bee_0408_3/fwd/cam1_2026-04-08_18-33-04.mp4,1036.5,2127.5,830,1777,1243,2478,0.84733874
843,/Volumes/SmithL0/2026/BIOL470/Final/Learning_Rig/bee_0408_3/fwd/cam1_2026-04-08_18-33-04.mp4,1036.0,2129.5,830,1777,1242,2482,0.8456872
844,/Volumes/SmithL0/2026/BIOL470/Final/Learning_Rig/bee_0408_3/fwd/cam1_2026-04-08_18-33-04.mp4,1036.0,2131.0,830,1777,1242,2485,0.8458508
845,/Volumes/SmithL0/2026/BIOL470/Final/Learning_Rig/bee_0408_3/fwd/cam1_2026-04-08_18-33-04.mp4,1035.5,2129.5,829,1777,1242,2482,0.8460212
846,/Volumes/SmithL0/2026/BIOL470/Final/Learning_Rig/bee_0408_3/fwd/cam1_2026-04-08_18-33-04.mp4,1036.5,2130.0,830,1777,1243,2483,0.8471662
847,/Volumes/SmithL0/2026/BIOL470/Final/Learning_Rig/bee_0408_3/fwd/cam1_2026-04-08_18-33-04.mp4,1037.5,2133.5,830,1773,1245,2494,0.84712064
848,/Volumes/SmithL0/2026/BIOL470/Final/Learning_Rig/bee_0408_3/fwd/cam1_2026-04-08_18-33-04.mp4,1038.0,2133.0,831,1772,1245,2494,0.84722334
849,/Volumes/SmithL0/2026/BIOL470/Final/Learning_Rig/bee_0408_3/fwd/cam1_2026-04-08_18-33-04.mp4,1037.5,2133.5,831,1773,1244,2494,0.8468384
850,/Volumes/SmithL0/2026/BIOL470/Final/Learning_Rig/bee_0408_3/fwd/cam1_2026-04-08_18-33-04.mp4,1037.0,2133.0,830,1773,1244,2493,0.8464186
851,/Volumes/SmithL0/2026/BIOL470/Final/Learning_Rig/bee_0408_3/fwd/cam1_2026-04-08_18-33-04.mp4,1036.5,2133.0,830,1773,1243,2493,0.84573144
852,/Volumes/SmithL0/2026/BIOL470/Final/Learning_Rig/bee_0408_3/fwd/cam1_2026-04-08_18-33-04.mp4,1036.5,2133.0,829,1773,1244,2493,0.8458586
853,/Volumes/SmithL0/2026/BIOL470/Final/Learning_Rig/bee_0408_3/fwd/cam1_2026-04-08_18-33-04.mp4,1038.0,2133.0,832,1773,1244,2493,0.8450175
854,/Volumes/SmithL0/2026/BIOL470/Final/Learning_Rig/bee_0408_3/fwd/cam1_2026-04-08_18-33-04.mp4,1036.5,2134.0,830,1774,1243,2494,0.84532166
855,/Volumes/SmithL0/2026/BIOL470/Final/Learning_Rig/bee_0408_3/fwd/cam1_2026-04-08_18-33-04.mp4,1036.5,2134.5,830,1774,1243,2495,0.84560287
856,/Volumes/SmithL0/2026/BIOL470/Final/Learning_Rig/bee_0408_3/fwd/cam1_2026-04-08_18-33-04.mp4,1037.0,2133.0,830,1777,1244,2489,0.84579307
857,/Volumes/SmithL0/2026/BIOL470/Final/Learning_Rig/bee_0408_3/fwd/cam1_2026-04-08_18-33-04.mp4,1037.0,2130.0,830,1777,1244,2483,0.84657156
858,/Volumes/SmithL0/2026/BIOL470/Final/Learning_Rig/bee_0408_3/fwd/cam1_2026-04-08_18-33-04.mp4,1037.0,2128.5,830,1777,1244,2480,0.84790856
859,/Volumes/SmithL0/2026/BIOL470/Final/Learning_Rig/bee_0408_3/fwd/cam1_2026-04-08_18-33-04.mp4,1037.0,2129.0,830,1777,1244,2481,0.84554
860,/Volumes/SmithL0/2026/BIOL470/Final/Learning_Rig/bee_0408_3/fwd/cam1_2026-04-08_18-33-04.mp4,1036.0,2133.5,829,1777,1243,2490,0.8429205
861,/Volumes/SmithL0/2026/BIOL470/Final/Learning_Rig/bee_0408_3/fwd/cam1_2026-04-08_18-33-04.mp4,1036.0,2134.5,828,1774,1244,2495,0.84344214
862,/Volumes/SmithL0/2026/BIOL470/Final/Learning_Rig/bee_0408_3/fwd/cam1_2026-04-08_18-33-04.mp4,1037.5,2135.0,830,1777,1245,2493,0.844698
863,/Volumes/SmithL0/2026/BIOL470/Final/Learning_Rig/bee_0408_3/fwd/cam1_2026-04-08_18-33-04.mp4,1036.0,2138.5,828,1775,1244,2502,0.84374017
864,/Volumes/SmithL0/2026/BIOL470/Final/Learning_Rig/bee_0408_3/fwd/cam1_2026-04-08_18-33-04.mp4,1036.0,2135.0,829,1774,1243,2496,0.8435763
865,/Volumes/SmithL0/2026/BIOL470/Final/Learning_Rig/bee_0408_3/fwd/cam1_2026-04-08_18-33-04.mp4,1035.0,2134.0,828,1774,1242,2494,0.8425623
866,/Volumes/SmithL0/2026/BIOL470/Final/Learning_Rig/bee_0408_3/fwd/cam1_2026-04-08_18-33-04.mp4,1036.0,2136.0,829,1775,1243,2497,0.8434247
867,/Volumes/SmithL0/2026/BIOL470/Final/Learning_Rig/bee_0408_3/fwd/cam1_2026-04-08_18-33-04.mp4,1035.5,2135.0,829,1774,1242,2496,0.84318686
868,/Volumes/SmithL0/2026/BIOL470/Final/Learning_Rig/bee_0408_3/fwd/cam1_2026-04-08_18-33-04.mp4,1036.5,2134.5,830,1774,1243,2495,0.8448549
869,/Volumes/SmithL0/2026/BIOL470/Final/Learning_Rig/bee_0408_3/fwd/cam1_2026-04-08_18-33-04.mp4,1036.0,2134.5,829,1774,1243,2495,0.8443948
870,/Volumes/SmithL0/2026/BIOL470/Final/Learning_Rig/bee_0408_3/fwd/cam1_2026-04-08_18-33-04.mp4,1036.5,2132.0,830,1777,1243,2487,0.84478307
871,/Volumes/SmithL0/2026/BIOL470/Final/Learning_Rig/bee_0408_3/fwd/cam1_2026-04-08_18-33-04.mp4,1037.0,2134.0,830,1774,1244,2494,0.8449154
872,/Volumes/SmithL0/2026/BIOL470/Final/Learning_Rig/bee_0408_3/fwd/cam1_2026-04-08_18-33-04.mp4,1036.0,2134.5,828,1774,1244,2495,0.84497076
873,/Volumes/SmithL0/2026/BIOL470/Final/Learning_Rig/bee_0408_3/fwd/cam1_2026-04-08_18-33-04.mp4,1036.5,2131.5,830,1777,1243,2486,0.84583
874,/Volumes/SmithL0/2026/BIOL470/Final/Learning_Rig/bee_0408_3/fwd/cam1_2026-04-08_18-33-04.mp4,1037.0,2131.0,830,1777,1244,2485,0.84775984
875,/Volumes/SmithL0/2026/BIOL470/Final/Learning_Rig/bee_0408_3/fwd/cam1_2026-04-08_18-33-04.mp4,1037.5,2131.5,830,1777,1245,2486,0.8463523
876,/Volumes/SmithL0/2026/BIOL470/Final/Learning_Rig/bee_0408_3/fwd/cam1_2026-04-08_18-33-04.mp4,1038.0,2131.5,831,1777,1245,2486,0.8463939
877,/Volumes/SmithL0/2026/BIOL470/Final/Learning_Rig/bee_0408_3/fwd/cam1_2026-04-08_18-33-04.mp4,1037.0,2134.5,829,1777,1245,2492,0.84639394
878,/Volumes/SmithL0/2026/BIOL470/Final/Learning_Rig/bee_0408_3/fwd/cam1_2026-04-08_18-33-04.mp4,1037.0,2133.5,829,1777,1245,2490,0.84602374
879,/Volumes/SmithL0/2026/BIOL470/Final/Learning_Rig/bee_0408_3/fwd/cam1_2026-04-08_18-33-04.mp4,1036.5,2130.0,829,1777,1244,2483,0.84547365
880,/Volumes/SmithL0/2026/BIOL470/Final/Learning_Rig/bee_0408_3/fwd/cam1_2026-04-08_18-33-04.mp4,1036.5,2129.0,830,1777,1243,2481,0.8463104
881,/Volumes/SmithL0/2026/BIOL470/Final/Learning_Rig/bee_0408_3/fwd/cam1_2026-04-08_18-33-04.mp4,1036.5,2131.0,830,1777,1243,2485,0.84454226
882,/Volumes/SmithL0/2026/BIOL470/Final/Learning_Rig/bee_0408_3/fwd/cam1_2026-04-08_18-33-04.mp4,1036.0,2133.5,829,1774,1243,2493,0.8438323
883,/Volumes/SmithL0/2026/BIOL470/Final/Learning_Rig/bee_0408_3/fwd/cam1_2026-04-08_18-33-04.mp4,1036.0,2130.5,830,1777,1242,2484,0.84477466
884,/Volumes/SmithL0/2026/BIOL470/Final/Learning_Rig/bee_0408_3/fwd/cam1_2026-04-08_18-33-04.mp4,1035.5,2133.5,828,1773,1243,2494,0.8443369
885,/Volumes/SmithL0/2026/BIOL470/Final/Learning_Rig/bee_0408_3/fwd/cam1_2026-04-08_18-33-04.mp4,1036.0,2133.5,829,1773,1243,2494,0.8431535
886,/Volumes/SmithL0/2026/BIOL470/Final/Learning_Rig/bee_0408_3/fwd/cam1_2026-04-08_18-33-04.mp4,1036.0,2131.0,830,1777,1242,2485,0.8429847
887,/Volumes/SmithL0/2026/BIOL470/Final/Learning_Rig/bee_0408_3/fwd/cam1_2026-04-08_18-33-04.mp4,1035.0,2133.5,828,1774,1242,2493,0.8420998
888,/Volumes/SmithL0/2026/BIOL470/Final/Learning_Rig/bee_0408_3/fwd/cam1_2026-04-08_18-33-04.mp4,1035.0,2134.0,828,1774,1242,2494,0.8444934
889,/Volumes/SmithL0/2026/BIOL470/Final/Learning_Rig/bee_0408_3/fwd/cam1_2026-04-08_18-33-04.mp4,1036.0,2132.0,829,1777,1243,2487,0.84435093
890,/Volumes/SmithL0/2026/BIOL470/Final/Learning_Rig/bee_0408_3/fwd/cam1_2026-04-08_18-33-04.mp4,1035.5,2130.0,829,1777,1242,2483,0.842336
891,/Volumes/SmithL0/2026/BIOL470/Final/Learning_Rig/bee_0408_3/fwd/cam1_2026-04-08_18-33-04.mp4,1035.5,2131.5,828,1777,1243,2486,0.8445555
892,/Volumes/SmithL0/2026/BIOL470/Final/Learning_Rig/bee_0408_3/fwd/cam1_2026-04-08_18-33-04.mp4,1035.5,2127.5,828,1777,1243,2478,0.846831
893,/Volumes/SmithL0/2026/BIOL470/Final/Learning_Rig/bee_0408_3/fwd/cam1_2026-04-08_18-33-04.mp4,1036.0,2131.5,829,1777,1243,2486,0.84480494
894,/Volumes/SmithL0/2026/BIOL470/Final/Learning_Rig/bee_0408_3/fwd/cam1_2026-04-08_18-33-04.mp4,1036.0,2129.5,828,1777,1244,2482,0.8479813
895,/Volumes/SmithL0/2026/BIOL470/Final/Learning_Rig/bee_0408_3/fwd/cam1_2026-04-08_18-33-04.mp4,1035.5,2129.5,828,1777,1243,2482,0.84750134
896,/Volumes/SmithL0/2026/BIOL470/Final/Learning_Rig/bee_0408_3/fwd/cam1_2026-04-08_18-33-04.mp4,1034.5,2128.5,827,1777,1242,2480,0.8475111
897,/Volumes/SmithL0/2026/BIOL470/Final/Learning_Rig/bee_0408_3/fwd/cam1_2026-04-08_18-33-04.mp4,1035.0,2126.0,829,1777,1241,2475,0.8462502
898,/Volumes/SmithL0/2026/BIOL470/Final/Learning_Rig/bee_0408_3/fwd/cam1_2026-04-08_18-33-04.mp4,1036.0,2130.5,830,1777,1242,2484,0.8472045
899,/Volumes/SmithL0/2026/BIOL470/Final/Learning_Rig/bee_0408_3/fwd/cam1_2026-04-08_18-33-04.mp4,1034.0,2130.5,828,1777,1240,2484,0.84258336
900,/Volumes/SmithL0/2026/BIOL470/Final/Learning_Rig/bee_0408_3/fwd/cam1_2026-04-08_18-33-04.mp4,1035.0,2130.5,828,1777,1242,2484,0.84506917
901,/Volumes/SmithL0/2026/BIOL470/Final/Learning_Rig/bee_0408_3/fwd/cam1_2026-04-08_18-33-04.mp4,1034.5,2131.0,828,1777,1241,2485,0.84528613
902,/Volumes/SmithL0/2026/BIOL470/Final/Learning_Rig/bee_0408_3/fwd/cam1_2026-04-08_18-33-04.mp4,1035.5,2131.5,829,1777,1242,2486,0.84519196
903,/Volumes/SmithL0/2026/BIOL470/Final/Learning_Rig/bee_0408_3/fwd/cam1_2026-04-08_18-33-04.mp4,1035.5,2128.5,828,1777,1243,2480,0.8478748
904,/Volumes/SmithL0/2026/BIOL470/Final/Learning_Rig/bee_0408_3/fwd/cam1_2026-04-08_18-33-04.mp4,1035.0,2128.0,828,1777,1242,2479,0.8487042
905,/Volumes/SmithL0/2026/BIOL470/Final/Learning_Rig/bee_0408_3/fwd/cam1_2026-04-08_18-33-04.mp4,1035.5,2127.5,828,1777,1243,2478,0.8474978
906,/Volumes/SmithL0/2026/BIOL470/Final/Learning_Rig/bee_0408_3/fwd/cam1_2026-04-08_18-33-04.mp4,1035.5,2128.5,829,1777,1242,2480,0.84580773
907,/Volumes/SmithL0/2026/BIOL470/Final/Learning_Rig/bee_0408_3/fwd/cam1_2026-04-08_18-33-04.mp4,1035.5,2128.5,828,1777,1243,2480,0.8475062
908,/Volumes/SmithL0/2026/BIOL470/Final/Learning_Rig/bee_0408_3/fwd/cam1_2026-04-08_18-33-04.mp4,1036.0,2130.5,829,1777,1243,2484,0.84600115
909,/Volumes/SmithL0/2026/BIOL470/Final/Learning_Rig/bee_0408_3/fwd/cam1_2026-04-08_18-33-04.mp4,1035.5,2132.0,828,1777,1243,2487,0.8439061
910,/Volumes/SmithL0/2026/BIOL470/Final/Learning_Rig/bee_0408_3/fwd/cam1_2026-04-08_18-33-04.mp4,1034.0,2133.0,826,1773,1242,2493,0.84415984
911,/Volumes/SmithL0/2026/BIOL470/Final/Learning_Rig/bee_0408_3/fwd/cam1_2026-04-08_18-33-04.mp4,1034.5,2131.0,827,1777,1242,2485,0.84329623
912,/Volumes/SmithL0/2026/BIOL470/Final/Learning_Rig/bee_0408_3/fwd/cam1_2026-04-08_18-33-04.mp4,1034.0,2133.0,827,1773,1241,2493,0.8423353
913,/Volumes/SmithL0/2026/BIOL470/Final/Learning_Rig/bee_0408_3/fwd/cam1_2026-04-08_18-33-04.mp4,1036.0,2132.0,829,1777,1243,2487,0.8439566
914,/Volumes/SmithL0/2026/BIOL470/Final/Learning_Rig/bee_0408_3/fwd/cam1_2026-04-08_18-33-04.mp4,1036.0,2130.5,829,1777,1243,2484,0.8453498
915,/Volumes/SmithL0/2026/BIOL470/Final/Learning_Rig/bee_0408_3/fwd/cam1_2026-04-08_18-33-04.mp4,1035.0,2132.0,828,1777,1242,2487,0.8433166
916,/Volumes/SmithL0/2026/BIOL470/Final/Learning_Rig/bee_0408_3/fwd/cam1_2026-04-08_18-33-04.mp4,1035.0,2130.5,828,1777,1242,2484,0.8454706
917,/Volumes/SmithL0/2026/BIOL470/Final/Learning_Rig/bee_0408_3/fwd/cam1_2026-04-08_18-33-04.mp4,1035.0,2131.0,828,1777,1242,2485,0.84419334
918,/Volumes/SmithL0/2026/BIOL470/Final/Learning_Rig/bee_0408_3/fwd/cam1_2026-04-08_18-33-04.mp4,1034.5,2127.5,828,1777,1241,2478,0.8446924
919,/Volumes/SmithL0/2026/BIOL470/Final/Learning_Rig/bee_0408_3/fwd/cam1_2026-04-08_18-33-04.mp4,1035.0,2131.0,828,1777,1242,2485,0.8451426
920,/Volumes/SmithL0/2026/BIOL470/Final/Learning_Rig/bee_0408_3/fwd/cam1_2026-04-08_18-33-04.mp4,1035.0,2130.5,828,1777,1242,2484,0.8452962
921,/Volumes/SmithL0/2026/BIOL470/Final/Learning_Rig/bee_0408_3/fwd/cam1_2026-04-08_18-33-04.mp4,1035.0,2131.5,828,1777,1242,2486,0.8445979
922,/Volumes/SmithL0/2026/BIOL470/Final/Learning_Rig/bee_0408_3/fwd/cam1_2026-04-08_18-33-04.mp4,1035.5,2129.5,829,1777,1242,2482,0.8457005
923,/Volumes/SmithL0/2026/BIOL470/Final/Learning_Rig/bee_0408_3/fwd/cam1_2026-04-08_18-33-04.mp4,1035.5,2130.0,829,1777,1242,2483,0.8448719
924,/Volumes/SmithL0/2026/BIOL470/Final/Learning_Rig/bee_0408_3/fwd/cam1_2026-04-08_18-33-04.mp4,1035.5,2130.5,830,1777,1241,2484,0.843139
925,/Volumes/SmithL0/2026/BIOL470/Final/Learning_Rig/bee_0408_3/fwd/cam1_2026-04-08_18-33-04.mp4,1035.5,2131.0,830,1777,1241,2485,0.84099877
926,/Volumes/SmithL0/2026/BIOL470/Final/Learning_Rig/bee_0408_3/fwd/cam1_2026-04-08_18-33-04.mp4,1035.5,2128.0,830,1777,1241,2479,0.8442819
927,/Volumes/SmithL0/2026/BIOL470/Final/Learning_Rig/bee_0408_3/fwd/cam1_2026-04-08_18-33-04.mp4,1036.0,2130.0,830,1777,1242,2483,0.8466918
928,/Volumes/SmithL0/2026/BIOL470/Final/Learning_Rig/bee_0408_3/fwd/cam1_2026-04-08_18-33-04.mp4,1036.0,2129.5,829,1777,1243,2482,0.84771603
929,/Volumes/SmithL0/2026/BIOL470/Final/Learning_Rig/bee_0408_3/fwd/cam1_2026-04-08_18-33-04.mp4,1036.0,2131.5,828,1777,1244,2486,0.846231
930,/Volumes/SmithL0/2026/BIOL470/Final/Learning_Rig/bee_0408_3/fwd/cam1_2026-04-08_18-33-04.mp4,1036.5,2134.5,828,1777,1245,2492,0.8470405
931,/Volumes/SmithL0/2026/BIOL470/Final/Learning_Rig/bee_0408_3/fwd/cam1_2026-04-08_18-33-04.mp4,1036.0,2131.5,829,1778,1243,2485,0.84725106
932,/Volumes/SmithL0/2026/BIOL470/Final/Learning_Rig/bee_0408_3/fwd/cam1_2026-04-08_18-33-04.mp4,1037.0,2127.5,831,1777,1243,2478,0.849347
933,/Volumes/SmithL0/2026/BIOL470/Final/Learning_Rig/bee_0408_3/fwd/cam1_2026-04-08_18-33-04.mp4,1036.5,2130.5,830,1777,1243,2484,0.84513706
934,/Volumes/SmithL0/2026/BIOL470/Final/Learning_Rig/bee_0408_3/fwd/cam1_2026-04-08_18-33-04.mp4,1036.5,2133.0,830,1777,1243,2489,0.84327495
935,/Volumes/SmithL0/2026/BIOL470/Final/Learning_Rig/bee_0408_3/fwd/cam1_2026-04-08_18-33-04.mp4,1036.0,2131.0,830,1778,1242,2484,0.8433711
936,/Volumes/SmithL0/2026/BIOL470/Final/Learning_Rig/bee_0408_3/fwd/cam1_2026-04-08_18-33-04.mp4,1035.5,2132.5,830,1777,1241,2488,0.8414427
937,/Volumes/SmithL0/2026/BIOL470/Final/Learning_Rig/bee_0408_3/fwd/cam1_2026-04-08_18-33-04.mp4,1033.5,2135.0,825,1775,1242,2495,0.8429127
938,/Volumes/SmithL0/2026/BIOL470/Final/Learning_Rig/bee_0408_3/fwd/cam1_2026-04-08_18-33-04.mp4,1034.0,2136.0,826,1776,1242,2496,0.84251064
939,/Volumes/SmithL0/2026/BIOL470/Final/Learning_Rig/bee_0408_3/fwd/cam1_2026-04-08_18-33-04.mp4,1036.0,2135.0,829,1776,1243,2494,0.8421206
940,/Volumes/SmithL0/2026/BIOL470/Final/Learning_Rig/bee_0408_3/fwd/cam1_2026-04-08_18-33-04.mp4,1035.5,2136.0,829,1776,1242,2496,0.84396696
941,/Volumes/SmithL0/2026/BIOL470/Final/Learning_Rig/bee_0408_3/fwd/cam1_2026-04-08_18-33-04.mp4,1036.0,2134.0,829,1775,1243,2493,0.8443525
942,/Volumes/SmithL0/2026/BIOL470/Final/Learning_Rig/bee_0408_3/fwd/cam1_2026-04-08_18-33-04.mp4,1035.0,2134.5,828,1775,1242,2494,0.8413581
943,/Volumes/SmithL0/2026/BIOL470/Final/Learning_Rig/bee_0408_3/fwd/cam1_2026-04-08_18-33-04.mp4,1034.5,2134.5,827,1775,1242,2494,0.8415669
944,/Volumes/SmithL0/2026/BIOL470/Final/Learning_Rig/bee_0408_3/fwd/cam1_2026-04-08_18-33-04.mp4,1036.5,2130.5,830,1777,1243,2484,0.8446468
945,/Volumes/SmithL0/2026/BIOL470/Final/Learning_Rig/bee_0408_3/fwd/cam1_2026-04-08_18-33-04.mp4,1034.0,2133.5,827,1774,1241,2493,0.84259593
946,/Volumes/SmithL0/2026/BIOL470/Final/Learning_Rig/bee_0408_3/fwd/cam1_2026-04-08_18-33-04.mp4,1036.5,2133.0,829,1777,1244,2489,0.8451749
947,/Volumes/SmithL0/2026/BIOL470/Final/Learning_Rig/bee_0408_3/fwd/cam1_2026-04-08_18-33-04.mp4,1036.5,2131.5,829,1778,1244,2485,0.8456082
948,/Volumes/SmithL0/2026/BIOL470/Final/Learning_Rig/bee_0408_3/fwd/cam1_2026-04-08_18-33-04.mp4,1035.5,2130.0,828,1777,1243,2483,0.84456295
949,/Volumes/SmithL0/2026/BIOL470/Final/Learning_Rig/bee_0408_3/fwd/cam1_2026-04-08_18-33-04.mp4,1035.0,2126.5,828,1777,1242,2476,0.84706736
950,/Volumes/SmithL0/2026/BIOL470/Final/Learning_Rig/bee_0408_3/fwd/cam1_2026-04-08_18-33-04.mp4,1035.5,2129.5,830,1777,1241,2482,0.84199774
951,/Volumes/SmithL0/2026/BIOL470/Final/Learning_Rig/bee_0408_3/fwd/cam1_2026-04-08_18-33-04.mp4,1036.0,2135.0,828,1775,1244,2495,0.84348595
952,/Volumes/SmithL0/2026/BIOL470/Final/Learning_Rig/bee_0408_3/fwd/cam1_2026-04-08_18-33-04.mp4,1035.5,2135.0,827,1775,1244,2495,0.844032
953,/Volumes/SmithL0/2026/BIOL470/Final/Learning_Rig/bee_0408_3/fwd/cam1_2026-04-08_18-33-04.mp4,1036.5,2133.0,829,1777,1244,2489,0.8447178
954,/Volumes/SmithL0/2026/BIOL470/Final/Learning_Rig/bee_0408_3/fwd/cam1_2026-04-08_18-33-04.mp4,1035.5,2131.5,828,1777,1243,2486,0.84364563
955,/Volumes/SmithL0/2026/BIOL470/Final/Learning_Rig/bee_0408_3/fwd/cam1_2026-04-08_18-33-04.mp4,1036.0,2134.5,829,1774,1243,2495,0.8432818
956,/Volumes/SmithL0/2026/BIOL470/Final/Learning_Rig/bee_0408_3/fwd/cam1_2026-04-08_18-33-04.mp4,1035.5,2131.5,829,1777,1242,2486,0.84328264
957,/Volumes/SmithL0/2026/BIOL470/Final/Learning_Rig/bee_0408_3/fwd/cam1_2026-04-08_18-33-04.mp4,1036.0,2133.5,830,1774,1242,2493,0.84266305
958,/Volumes/SmithL0/2026/BIOL470/Final/Learning_Rig/bee_0408_3/fwd/cam1_2026-04-08_18-33-04.mp4,1035.5,2127.5,829,1777,1242,2478,0.8442351
959,/Volumes/SmithL0/2026/BIOL470/Final/Learning_Rig/bee_0408_3/fwd/cam1_2026-04-08_18-33-04.mp4,1036.0,2129.0,830,1777,1242,2481,0.8420918
960,/Volumes/SmithL0/2026/BIOL470/Final/Learning_Rig/bee_0408_3/fwd/cam1_2026-04-08_18-33-04.mp4,1036.5,2130.5,830,1778,1243,2483,0.84423435
961,/Volumes/SmithL0/2026/BIOL470/Final/Learning_Rig/bee_0408_3/fwd/cam1_2026-04-08_18-33-04.mp4,1037.0,2134.0,830,1774,1244,2494,0.84212995
962,/Volumes/SmithL0/2026/BIOL470/Final/Learning_Rig/bee_0408_3/fwd/cam1_2026-04-08_18-33-04.mp4,1036.5,2134.5,830,1775,1243,2494,0.8415406
963,/Volumes/SmithL0/2026/BIOL470/Final/Learning_Rig/bee_0408_3/fwd/cam1_2026-04-08_18-33-04.mp4,1036.0,2130.0,830,1777,1242,2483,0.8416929
964,/Volumes/SmithL0/2026/BIOL470/Final/Learning_Rig/bee_0408_3/fwd/cam1_2026-04-08_18-33-04.mp4,1034.0,2135.0,827,1774,1241,2496,0.84296054
965,/Volumes/SmithL0/2026/BIOL470/Final/Learning_Rig/bee_0408_3/fwd/cam1_2026-04-08_18-33-04.mp4,1035.0,2135.5,828,1774,1242,2497,0.8449331
966,/Volumes/SmithL0/2026/BIOL470/Final/Learning_Rig/bee_0408_3/fwd/cam1_2026-04-08_18-33-04.mp4,1035.5,2133.5,829,1774,1242,2493,0.84083676
967,/Volumes/SmithL0/2026/BIOL470/Final/Learning_Rig/bee_0408_3/fwd/cam1_2026-04-08_18-33-04.mp4,1034.5,2135.0,828,1775,1241,2495,0.8410406
968,/Volumes/SmithL0/2026/BIOL470/Final/Learning_Rig/bee_0408_3/fwd/cam1_2026-04-08_18-33-04.mp4,1036.5,2135.5,830,1775,1243,2496,0.8438977
969,/Volumes/SmithL0/2026/BIOL470/Final/Learning_Rig/bee_0408_3/fwd/cam1_2026-04-08_18-33-04.mp4,1036.0,2132.0,830,1777,1242,2487,0.84355044
970,/Volumes/SmithL0/2026/BIOL470/Final/Learning_Rig/bee_0408_3/fwd/cam1_2026-04-08_18-33-04.mp4,1036.0,2132.0,830,1777,1242,2487,0.84363866
971,/Volumes/SmithL0/2026/BIOL470/Final/Learning_Rig/bee_0408_3/fwd/cam1_2026-04-08_18-33-04.mp4,1035.5,2135.0,828,1775,1243,2495,0.84438527
972,/Volumes/SmithL0/2026/BIOL470/Final/Learning_Rig/bee_0408_3/fwd/cam1_2026-04-08_18-33-04.mp4,1036.0,2131.5,829,1777,1243,2486,0.8437376
973,/Volumes/SmithL0/2026/BIOL470/Final/Learning_Rig/bee_0408_3/fwd/cam1_2026-04-08_18-33-04.mp4,1036.5,2132.0,830,1777,1243,2487,0.8449633
974,/Volumes/SmithL0/2026/BIOL470/Final/Learning_Rig/bee_0408_3/fwd/cam1_2026-04-08_18-33-04.mp4,1035.0,2137.0,827,1775,1243,2499,0.8450955
975,/Volumes/SmithL0/2026/BIOL470/Final/Learning_Rig/bee_0408_3/fwd/cam1_2026-04-08_18-33-04.mp4,1036.0,2135.5,829,1775,1243,2496,0.8464843
976,/Volumes/SmithL0/2026/BIOL470/Final/Learning_Rig/bee_0408_3/fwd/cam1_2026-04-08_18-33-04.mp4,1035.5,2135.0,828,1775,1243,2495,0.8437084
977,/Volumes/SmithL0/2026/BIOL470/Final/Learning_Rig/bee_0408_3/fwd/cam1_2026-04-08_18-33-04.mp4,1034.0,2135.5,826,1775,1242,2496,0.8449281
978,/Volumes/SmithL0/2026/BIOL470/Final/Learning_Rig/bee_0408_3/fwd/cam1_2026-04-08_18-33-04.mp4,1033.0,2138.5,825,1776,1241,2501,0.84379524
979,/Volumes/SmithL0/2026/BIOL470/Final/Learning_Rig/bee_0408_3/fwd/cam1_2026-04-08_18-33-04.mp4,1034.0,2134.5,827,1775,1241,2494,0.84203833
980,/Volumes/SmithL0/2026/BIOL470/Final/Learning_Rig/bee_0408_3/fwd/cam1_2026-04-08_18-33-04.mp4,1035.5,2135.0,829,1775,1242,2495,0.84349877
981,/Volumes/SmithL0/2026/BIOL470/Final/Learning_Rig/bee_0408_3/fwd/cam1_2026-04-08_18-33-04.mp4,1035.0,2134.5,828,1775,1242,2494,0.84451526
982,/Volumes/SmithL0/2026/BIOL470/Final/Learning_Rig/bee_0408_3/fwd/cam1_2026-04-08_18-33-04.mp4,1036.5,2131.0,829,1777,1244,2485,0.8453552
983,/Volumes/SmithL0/2026/BIOL470/Final/Learning_Rig/bee_0408_3/fwd/cam1_2026-04-08_18-33-04.mp4,1035.5,2133.5,829,1775,1242,2492,0.8417334
984,/Volumes/SmithL0/2026/BIOL470/Final/Learning_Rig/bee_0408_3/fwd/cam1_2026-04-08_18-33-04.mp4,1036.0,2128.5,829,1778,1243,2479,0.8458607
985,/Volumes/SmithL0/2026/BIOL470/Final/Learning_Rig/bee_0408_3/fwd/cam1_2026-04-08_18-33-04.mp4,1034.0,2135.0,826,1775,1242,2495,0.8433533
986,/Volumes/SmithL0/2026/BIOL470/Final/Learning_Rig/bee_0408_3/fwd/cam1_2026-04-08_18-33-04.mp4,1036.5,2134.0,829,1777,1244,2491,0.84542936
987,/Volumes/SmithL0/2026/BIOL470/Final/Learning_Rig/bee_0408_3/fwd/cam1_2026-04-08_18-33-04.mp4,1037.0,2133.5,829,1778,1245,2489,0.84503996
988,/Volumes/SmithL0/2026/BIOL470/Final/Learning_Rig/bee_0408_3/fwd/cam1_2026-04-08_18-33-04.mp4,1037.0,2132.5,830,1778,1244,2487,0.8463283
989,/Volumes/SmithL0/2026/BIOL470/Final/Learning_Rig/bee_0408_3/fwd/cam1_2026-04-08_18-33-04.mp4,1036.5,2132.0,829,1778,1244,2486,0.84454066
990,/Volumes/SmithL0/2026/BIOL470/Final/Learning_Rig/bee_0408_3/fwd/cam1_2026-04-08_18-33-04.mp4,1036.5,2134.0,829,1777,1244,2491,0.84563375
991,/Volumes/SmithL0/2026/BIOL470/Final/Learning_Rig/bee_0408_3/fwd/cam1_2026-04-08_18-33-04.mp4,1036.0,2135.0,828,1777,1244,2493,0.8445869
992,/Volumes/SmithL0/2026/BIOL470/Final/Learning_Rig/bee_0408_3/fwd/cam1_2026-04-08_18-33-04.mp4,1035.5,2134.5,827,1778,1244,2491,0.845005
993,/Volumes/SmithL0/2026/BIOL470/Final/Learning_Rig/bee_0408_3/fwd/cam1_2026-04-08_18-33-04.mp4,1036.5,2134.5,829,1778,1244,2491,0.8443128
994,/Volumes/SmithL0/2026/BIOL470/Final/Learning_Rig/bee_0408_3/fwd/cam1_2026-04-08_18-33-04.mp4,1035.5,2136.5,827,1776,1244,2497,0.8450381
995,/Volumes/SmithL0/2026/BIOL470/Final/Learning_Rig/bee_0408_3/fwd/cam1_2026-04-08_18-33-04.mp4,1035.0,2137.0,827,1775,1243,2499,0.84122145
996,/Volumes/SmithL0/2026/BIOL470/Final/Learning_Rig/bee_0408_3/fwd/cam1_2026-04-08_18-33-04.mp4,1034.5,2137.0,825,1775,1244,2499,0.8442128
997,/Volumes/SmithL0/2026/BIOL470/Final/Learning_Rig/bee_0408_3/fwd/cam1_2026-04-08_18-33-04.mp4,1035.5,2134.5,828,1775,1243,2494,0.84475774
998,/Volumes/SmithL0/2026/BIOL470/Final/Learning_Rig/bee_0408_3/fwd/cam1_2026-04-08_18-33-04.mp4,1035.0,2135.0,827,1775,1243,2495,0.84380263
999,/Volumes/SmithL0/2026/BIOL470/Final/Learning_Rig/bee_0408_3/fwd/cam1_2026-04-08_18-33-04.mp4,1036.0,2133.5,828,1778,1244,2489,0.8414356
1000,/Volumes/SmithL0/2026/BIOL470/Final/Learning_Rig/bee_0408_3/fwd/cam1_2026-04-08_18-33-04.mp4,1036.0,2133.0,829,1777,1243,2489,0.8420241
1001,/Volumes/SmithL0/2026/BIOL470/Final/Learning_Rig/bee_0408_3/fwd/cam1_2026-04-08_18-33-04.mp4,1036.5,2133.0,829,1777,1244,2489,0.8446072
1002,/Volumes/SmithL0/2026/BIOL470/Final/Learning_Rig/bee_0408_3/fwd/cam1_2026-04-08_18-33-04.mp4,1036.0,2132.5,829,1777,1243,2488,0.84504086
1003,/Volumes/SmithL0/2026/BIOL470/Final/Learning_Rig/bee_0408_3/fwd/cam1_2026-04-08_18-33-04.mp4,1036.0,2130.0,829,1777,1243,2483,0.8450296
1004,/Volumes/SmithL0/2026/BIOL470/Final/Learning_Rig/bee_0408_3/fwd/cam1_2026-04-08_18-33-04.mp4,1036.0,2128.0,829,1777,1243,2479,0.8469769
1005,/Volumes/SmithL0/2026/BIOL470/Final/Learning_Rig/bee_0408_3/fwd/cam1_2026-04-08_18-33-04.mp4,1034.0,2133.5,826,1774,1242,2493,0.8452693
1006,/Volumes/SmithL0/2026/BIOL470/Final/Learning_Rig/bee_0408_3/fwd/cam1_2026-04-08_18-33-04.mp4,1035.5,2128.5,829,1777,1242,2480,0.84618795
1007,/Volumes/SmithL0/2026/BIOL470/Final/Learning_Rig/bee_0408_3/fwd/cam1_2026-04-08_18-33-04.mp4,1035.0,2127.5,827,1778,1243,2477,0.84695405
1008,/Volumes/SmithL0/2026/BIOL470/Final/Learning_Rig/bee_0408_3/fwd/cam1_2026-04-08_18-33-04.mp4,1036.0,2131.0,829,1778,1243,2484,0.8467886
1009,/Volumes/SmithL0/2026/BIOL470/Final/Learning_Rig/bee_0408_3/fwd/cam1_2026-04-08_18-33-04.mp4,1036.0,2132.0,829,1777,1243,2487,0.8430785
1010,/Volumes/SmithL0/2026/BIOL470/Final/Learning_Rig/bee_0408_3/fwd/cam1_2026-04-08_18-33-04.mp4,1036.5,2134.5,830,1777,1243,2492,0.8430177
1011,/Volumes/SmithL0/2026/BIOL470/Final/Learning_Rig/bee_0408_3/fwd/cam1_2026-04-08_18-33-04.mp4,1035.5,2130.0,829,1777,1242,2483,0.84458923
1012,/Volumes/SmithL0/2026/BIOL470/Final/Learning_Rig/bee_0408_3/fwd/cam1_2026-04-08_18-33-04.mp4,1036.5,2131.0,830,1777,1243,2485,0.8454786
1013,/Volumes/SmithL0/2026/BIOL470/Final/Learning_Rig/bee_0408_3/fwd/cam1_2026-04-08_18-33-04.mp4,1036.5,2129.5,830,1777,1243,2482,0.84708726
1014,/Volumes/SmithL0/2026/BIOL470/Final/Learning_Rig/bee_0408_3/fwd/cam1_2026-04-08_18-33-04.mp4,1035.5,2128.0,829,1777,1242,2479,0.8465862
1015,/Volumes/SmithL0/2026/BIOL470/Final/Learning_Rig/bee_0408_3/fwd/cam1_2026-04-08_18-33-04.mp4,1037.0,2130.5,830,1777,1244,2484,0.8501068
1016,/Volumes/SmithL0/2026/BIOL470/Final/Learning_Rig/bee_0408_3/fwd/cam1_2026-04-08_18-33-04.mp4,1037.0,2130.5,831,1777,1243,2484,0.84896547
1017,/Volumes/SmithL0/2026/BIOL470/Final/Learning_Rig/bee_0408_3/fwd/cam1_2026-04-08_18-33-04.mp4,1036.0,2129.0,831,1777,1241,2481,0.84835017
1018,/Volumes/SmithL0/2026/BIOL470/Final/Learning_Rig/bee_0408_3/fwd/cam1_2026-04-08_18-33-04.mp4,1036.0,2131.0,831,1777,1241,2485,0.8474374
1019,/Volumes/SmithL0/2026/BIOL470/Final/Learning_Rig/bee_0408_3/fwd/cam1_2026-04-08_18-33-04.mp4,1036.0,2126.0,831,1777,1241,2475,0.84879035
1020,/Volumes/SmithL0/2026/BIOL470/Final/Learning_Rig/bee_0408_3/fwd/cam1_2026-04-08_18-33-04.mp4,1037.0,2131.0,831,1777,1243,2485,0.84712136
1021,/Volumes/SmithL0/2026/BIOL470/Final/Learning_Rig/bee_0408_3/fwd/cam1_2026-04-08_18-33-04.mp4,1037.0,2128.5,832,1777,1242,2480,0.84757096
1022,/Volumes/SmithL0/2026/BIOL470/Final/Learning_Rig/bee_0408_3/fwd/cam1_2026-04-08_18-33-04.mp4,1036.5,2128.5,831,1777,1242,2480,0.8461694
1023,/Volumes/SmithL0/2026/BIOL470/Final/Learning_Rig/bee_0408_3/fwd/cam1_2026-04-08_18-33-04.mp4,1036.5,2131.5,830,1777,1243,2486,0.84625375
1024,/Volumes/SmithL0/2026/BIOL470/Final/Learning_Rig/bee_0408_3/fwd/cam1_2026-04-08_18-33-04.mp4,1035.5,2131.0,830,1777,1241,2485,0.8438992
1025,/Volumes/SmithL0/2026/BIOL470/Final/Learning_Rig/bee_0408_3/fwd/cam1_2026-04-08_18-33-04.mp4,1035.5,2132.0,830,1777,1241,2487,0.8414047
1026,/Volumes/SmithL0/2026/BIOL470/Final/Learning_Rig/bee_0408_3/fwd/cam1_2026-04-08_18-33-04.mp4,1035.5,2135.0,829,1777,1242,2493,0.8424642
1027,/Volumes/SmithL0/2026/BIOL470/Final/Learning_Rig/bee_0408_3/fwd/cam1_2026-04-08_18-33-04.mp4,1037.5,2134.0,831,1777,1244,2491,0.8455266
1028,/Volumes/SmithL0/2026/BIOL470/Final/Learning_Rig/bee_0408_3/fwd/cam1_2026-04-08_18-33-04.mp4,1036.0,2136.0,829,1777,1243,2495,0.84347534
1029,/Volumes/SmithL0/2026/BIOL470/Final/Learning_Rig/bee_0408_3/fwd/cam1_2026-04-08_18-33-04.mp4,1036.5,2133.0,830,1777,1243,2489,0.84540105
1030,/Volumes/SmithL0/2026/BIOL470/Final/Learning_Rig/bee_0408_3/fwd/cam1_2026-04-08_18-33-04.mp4,1037.0,2134.0,830,1777,1244,2491,0.8451283
1031,/Volumes/SmithL0/2026/BIOL470/Final/Learning_Rig/bee_0408_3/fwd/cam1_2026-04-08_18-33-04.mp4,1036.0,2131.0,830,1777,1242,2485,0.844645
1032,/Volumes/SmithL0/2026/BIOL470/Final/Learning_Rig/bee_0408_3/fwd/cam1_2026-04-08_18-33-04.mp4,1035.5,2125.0,829,1777,1242,2473,0.8477804
1033,/Volumes/SmithL0/2026/BIOL470/Final/Learning_Rig/bee_0408_3/fwd/cam1_2026-04-08_18-33-04.mp4,1037.0,2127.0,831,1777,1243,2477,0.8464851
1034,/Volumes/SmithL0/2026/BIOL470/Final/Learning_Rig/bee_0408_3/fwd/cam1_2026-04-08_18-33-04.mp4,1036.5,2133.5,830,1777,1243,2490,0.8440275
1035,/Volumes/SmithL0/2026/BIOL470/Final/Learning_Rig/bee_0408_3/fwd/cam1_2026-04-08_18-33-04.mp4,1037.0,2137.5,829,1777,1245,2498,0.8429078
1036,/Volumes/SmithL0/2026/BIOL470/Final/Learning_Rig/bee_0408_3/fwd/cam1_2026-04-08_18-33-04.mp4,1036.5,2136.0,829,1777,1244,2495,0.84341085
1037,/Volumes/SmithL0/2026/BIOL470/Final/Learning_Rig/bee_0408_3/fwd/cam1_2026-04-08_18-33-04.mp4,1036.5,2134.5,829,1777,1244,2492,0.8446261
1038,/Volumes/SmithL0/2026/BIOL470/Final/Learning_Rig/bee_0408_3/fwd/cam1_2026-04-08_18-33-04.mp4,1036.5,2132.5,829,1777,1244,2488,0.84611803
1039,/Volumes/SmithL0/2026/BIOL470/Final/Learning_Rig/bee_0408_3/fwd/cam1_2026-04-08_18-33-04.mp4,1036.0,2135.0,830,1777,1242,2493,0.8430522
1040,/Volumes/SmithL0/2026/BIOL470/Final/Learning_Rig/bee_0408_3/fwd/cam1_2026-04-08_18-33-04.mp4,1035.5,2133.0,829,1777,1242,2489,0.8453004
1041,/Volumes/SmithL0/2026/BIOL470/Final/Learning_Rig/bee_0408_3/fwd/cam1_2026-04-08_18-33-04.mp4,1035.5,2133.0,829,1777,1242,2489,0.84453285
1042,/Volumes/SmithL0/2026/BIOL470/Final/Learning_Rig/bee_0408_3/fwd/cam1_2026-04-08_18-33-04.mp4,1035.5,2133.0,829,1777,1242,2489,0.84570503
1043,/Volumes/SmithL0/2026/BIOL470/Final/Learning_Rig/bee_0408_3/fwd/cam1_2026-04-08_18-33-04.mp4,1035.5,2134.0,829,1777,1242,2491,0.8440316
1044,/Volumes/SmithL0/2026/BIOL470/Final/Learning_Rig/bee_0408_3/fwd/cam1_2026-04-08_18-33-04.mp4,1035.0,2131.5,828,1777,1242,2486,0.8455139
1045,/Volumes/SmithL0/2026/BIOL470/Final/Learning_Rig/bee_0408_3/fwd/cam1_2026-04-08_18-33-04.mp4,1034.0,2133.0,827,1777,1241,2489,0.84237593
1046,/Volumes/SmithL0/2026/BIOL470/Final/Learning_Rig/bee_0408_3/fwd/cam1_2026-04-08_18-33-04.mp4,1034.5,2129.0,827,1777,1242,2481,0.84678125
1047,/Volumes/SmithL0/2026/BIOL470/Final/Learning_Rig/bee_0408_3/fwd/cam1_2026-04-08_18-33-04.mp4,1036.0,2129.5,829,1777,1243,2482,0.8467049
1048,/Volumes/SmithL0/2026/BIOL470/Final/Learning_Rig/bee_0408_3/fwd/cam1_2026-04-08_18-33-04.mp4,1035.0,2130.0,828,1777,1242,2483,0.84662753
1049,/Volumes/SmithL0/2026/BIOL470/Final/Learning_Rig/bee_0408_3/fwd/cam1_2026-04-08_18-33-04.mp4,1037.0,2131.0,830,1777,1244,2485,0.8467966
1050,/Volumes/SmithL0/2026/BIOL470/Final/Learning_Rig/bee_0408_3/fwd/cam1_2026-04-08_18-33-04.mp4,1035.0,2130.0,827,1777,1243,2483,0.84471214
1051,/Volumes/SmithL0/2026/BIOL470/Final/Learning_Rig/bee_0408_3/fwd/cam1_2026-04-08_18-33-04.mp4,1035.5,2132.0,829,1777,1242,2487,0.843171
1052,/Volumes/SmithL0/2026/BIOL470/Final/Learning_Rig/bee_0408_3/fwd/cam1_2026-04-08_18-33-04.mp4,1035.0,2135.5,827,1774,1243,2497,0.84354323
1053,/Volumes/SmithL0/2026/BIOL470/Final/Learning_Rig/bee_0408_3/fwd/cam1_2026-04-08_18-33-04.mp4,1034.5,2135.5,826,1774,1243,2497,0.8413186
1054,/Volumes/SmithL0/2026/BIOL470/Final/Learning_Rig/bee_0408_3/fwd/cam1_2026-04-08_18-33-04.mp4,1034.5,2136.5,826,1774,1243,2499,0.84085464
1055,/Volumes/SmithL0/2026/BIOL470/Final/Learning_Rig/bee_0408_3/fwd/cam1_2026-04-08_18-33-04.mp4,1035.5,2134.0,828,1772,1243,2496,0.8416277
1056,/Volumes/SmithL0/2026/BIOL470/Final/Learning_Rig/bee_0408_3/fwd/cam1_2026-04-08_18-33-04.mp4,1036.5,2133.5,830,1776,1243,2491,0.8441246
1057,/Volumes/SmithL0/2026/BIOL470/Final/Learning_Rig/bee_0408_3/fwd/cam1_2026-04-08_18-33-04.mp4,1036.0,2131.5,829,1776,1243,2487,0.8435268
1058,/Volumes/SmithL0/2026/BIOL470/Final/Learning_Rig/bee_0408_3/fwd/cam1_2026-04-08_18-33-04.mp4,1035.5,2133.0,829,1771,1242,2495,0.8425473
1059,/Volumes/SmithL0/2026/BIOL470/Final/Learning_Rig/bee_0408_3/fwd/cam1_2026-04-08_18-33-04.mp4,1036.0,2135.0,829,1773,1243,2497,0.84234303
1060,/Volumes/SmithL0/2026/BIOL470/Final/Learning_Rig/bee_0408_3/fwd/cam1_2026-04-08_18-33-04.mp4,1036.5,2133.5,830,1776,1243,2491,0.8417182
1061,/Volumes/SmithL0/2026/BIOL470/Final/Learning_Rig/bee_0408_3/fwd/cam1_2026-04-08_18-33-04.mp4,1036.5,2131.0,831,1777,1242,2485,0.8434705
1062,/Volumes/SmithL0/2026/BIOL470/Final/Learning_Rig/bee_0408_3/fwd/cam1_2026-04-08_18-33-04.mp4,1036.0,2132.0,830,1777,1242,2487,0.84534734
1063,/Volumes/SmithL0/2026/BIOL470/Final/Learning_Rig/bee_0408_3/fwd/cam1_2026-04-08_18-33-04.mp4,1036.0,2131.0,830,1777,1242,2485,0.8443144
1064,/Volumes/SmithL0/2026/BIOL470/Final/Learning_Rig/bee_0408_3/fwd/cam1_2026-04-08_18-33-04.mp4,1036.5,2134.0,830,1777,1243,2491,0.8439098
1065,/Volumes/SmithL0/2026/BIOL470/Final/Learning_Rig/bee_0408_3/fwd/cam1_2026-04-08_18-33-04.mp4,1037.0,2134.0,830,1777,1244,2491,0.8462066
1066,/Volumes/SmithL0/2026/BIOL470/Final/Learning_Rig/bee_0408_3/fwd/cam1_2026-04-08_18-33-04.mp4,1037.0,2137.5,829,1777,1245,2498,0.8441565
1067,/Volumes/SmithL0/2026/BIOL470/Final/Learning_Rig/bee_0408_3/fwd/cam1_2026-04-08_18-33-04.mp4,1034.0,2135.5,826,1774,1242,2497,0.8430271
1068,/Volumes/SmithL0/2026/BIOL470/Final/Learning_Rig/bee_0408_3/fwd/cam1_2026-04-08_18-33-04.mp4,1036.0,2131.5,830,1777,1242,2486,0.84271383
1069,/Volumes/SmithL0/2026/BIOL470/Final/Learning_Rig/bee_0408_3/fwd/cam1_2026-04-08_18-33-04.mp4,1035.0,2132.0,829,1777,1241,2487,0.84120864
1070,/Volumes/SmithL0/2026/BIOL470/Final/Learning_Rig/bee_0408_3/fwd/cam1_2026-04-08_18-33-04.mp4,1035.5,2130.5,829,1777,1242,2484,0.8434955
1071,/Volumes/SmithL0/2026/BIOL470/Final/Learning_Rig/bee_0408_3/fwd/cam1_2026-04-08_18-33-04.mp4,1036.0,2130.5,830,1777,1242,2484,0.8441832
1072,/Volumes/SmithL0/2026/BIOL470/Final/Learning_Rig/bee_0408_3/fwd/cam1_2026-04-08_18-33-04.mp4,1036.0,2132.5,829,1777,1243,2488,0.8434601
1073,/Volumes/SmithL0/2026/BIOL470/Final/Learning_Rig/bee_0408_3/fwd/cam1_2026-04-08_18-33-04.mp4,1035.5,2133.0,829,1777,1242,2489,0.84224886
1074,/Volumes/SmithL0/2026/BIOL470/Final/Learning_Rig/bee_0408_3/fwd/cam1_2026-04-08_18-33-04.mp4,1035.5,2135.5,829,1777,1242,2494,0.841229
1075,/Volumes/SmithL0/2026/BIOL470/Final/Learning_Rig/bee_0408_3/fwd/cam1_2026-04-08_18-33-04.mp4,1035.5,2134.0,828,1777,1243,2491,0.8438149
1076,/Volumes/SmithL0/2026/BIOL470/Final/Learning_Rig/bee_0408_3/fwd/cam1_2026-04-08_18-33-04.mp4,1035.5,2136.0,828,1777,1243,2495,0.84239465
1077,/Volumes/SmithL0/2026/BIOL470/Final/Learning_Rig/bee_0408_3/fwd/cam1_2026-04-08_18-33-04.mp4,1035.5,2136.0,828,1777,1243,2495,0.84321845
1078,/Volumes/SmithL0/2026/BIOL470/Final/Learning_Rig/bee_0408_3/fwd/cam1_2026-04-08_18-33-04.mp4,1035.0,2135.5,828,1777,1242,2494,0.84030765
1079,/Volumes/SmithL0/2026/BIOL470/Final/Learning_Rig/bee_0408_3/fwd/cam1_2026-04-08_18-33-04.mp4,1035.0,2137.0,826,1773,1244,2501,0.8420302
1080,/Volumes/SmithL0/2026/BIOL470/Final/Learning_Rig/bee_0408_3/fwd/cam1_2026-04-08_18-33-04.mp4,1036.5,2134.0,830,1777,1243,2491,0.8444439
1081,/Volumes/SmithL0/2026/BIOL470/Final/Learning_Rig/bee_0408_3/fwd/cam1_2026-04-08_18-33-04.mp4,1037.0,2135.5,830,1777,1244,2494,0.8447701
1082,/Volumes/SmithL0/2026/BIOL470/Final/Learning_Rig/bee_0408_3/fwd/cam1_2026-04-08_18-33-04.mp4,1036.5,2134.5,830,1777,1243,2492,0.8460502
1083,/Volumes/SmithL0/2026/BIOL470/Final/Learning_Rig/bee_0408_3/fwd/cam1_2026-04-08_18-33-04.mp4,1037.5,2133.0,831,1776,1244,2490,0.84738266
1084,/Volumes/SmithL0/2026/BIOL470/Final/Learning_Rig/bee_0408_3/fwd/cam1_2026-04-08_18-33-04.mp4,1036.5,2131.0,830,1776,1243,2486,0.8463604
1085,/Volumes/SmithL0/2026/BIOL470/Final/Learning_Rig/bee_0408_3/fwd/cam1_2026-04-08_18-33-04.mp4,1037.0,2134.0,830,1777,1244,2491,0.8449492
1086,/Volumes/SmithL0/2026/BIOL470/Final/Learning_Rig/bee_0408_3/fwd/cam1_2026-04-08_18-33-04.mp4,1036.5,2133.5,830,1777,1243,2490,0.84522814
1087,/Volumes/SmithL0/2026/BIOL470/Final/Learning_Rig/bee_0408_3/fwd/cam1_2026-04-08_18-33-04.mp4,1036.0,2134.0,829,1777,1243,2491,0.8460135
1088,/Volumes/SmithL0/2026/BIOL470/Final/Learning_Rig/bee_0408_3/fwd/cam1_2026-04-08_18-33-04.mp4,1037.0,2133.0,831,1777,1243,2489,0.8442473
1089,/Volumes/SmithL0/2026/BIOL470/Final/Learning_Rig/bee_0408_3/fwd/cam1_2026-04-08_18-33-04.mp4,1036.5,2135.5,830,1777,1243,2494,0.844216
1090,/Volumes/SmithL0/2026/BIOL470/Final/Learning_Rig/bee_0408_3/fwd/cam1_2026-04-08_18-33-04.mp4,1036.0,2133.0,829,1776,1243,2490,0.8439851
1091,/Volumes/SmithL0/2026/BIOL470/Final/Learning_Rig/bee_0408_3/fwd/cam1_2026-04-08_18-33-04.mp4,1035.0,2130.5,829,1777,1241,2484,0.84365326
1092,/Volumes/SmithL0/2026/BIOL470/Final/Learning_Rig/bee_0408_3/fwd/cam1_2026-04-08_18-33-04.mp4,1036.0,2133.0,830,1777,1242,2489,0.8443479
1093,/Volumes/SmithL0/2026/BIOL470/Final/Learning_Rig/bee_0408_3/fwd/cam1_2026-04-08_18-33-04.mp4,1036.5,2133.5,830,1777,1243,2490,0.84309685
1094,/Volumes/SmithL0/2026/BIOL470/Final/Learning_Rig/bee_0408_3/fwd/cam1_2026-04-08_18-33-04.mp4,1035.5,2135.5,829,1777,1242,2494,0.84238315
1095,/Volumes/SmithL0/2026/BIOL470/Final/Learning_Rig/bee_0408_3/fwd/cam1_2026-04-08_18-33-04.mp4,1035.5,2133.5,829,1777,1242,2490,0.843961
1096,/Volumes/SmithL0/2026/BIOL470/Final/Learning_Rig/bee_0408_3/fwd/cam1_2026-04-08_18-33-04.mp4,1035.0,2131.5,829,1777,1241,2486,0.84464264
1097,/Volumes/SmithL0/2026/BIOL470/Final/Learning_Rig/bee_0408_3/fwd/cam1_2026-04-08_18-33-04.mp4,1035.0,2134.0,828,1777,1242,2491,0.84213096
1098,/Volumes/SmithL0/2026/BIOL470/Final/Learning_Rig/bee_0408_3/fwd/cam1_2026-04-08_18-33-04.mp4,1035.0,2135.5,828,1776,1242,2495,0.84324646
1099,/Volumes/SmithL0/2026/BIOL470/Final/Learning_Rig/bee_0408_3/fwd/cam1_2026-04-08_18-33-04.mp4,1036.5,2136.5,830,1776,1243,2497,0.843091
1100,/Volumes/SmithL0/2026/BIOL470/Final/Learning_Rig/bee_0408_3/fwd/cam1_2026-04-08_18-33-04.mp4,1036.0,2133.0,829,1776,1243,2490,0.8433063
1101,/Volumes/SmithL0/2026/BIOL470/Final/Learning_Rig/bee_0408_3/fwd/cam1_2026-04-08_18-33-04.mp4,1036.0,2132.5,829,1777,1243,2488,0.8463428
1102,/Volumes/SmithL0/2026/BIOL470/Final/Learning_Rig/bee_0408_3/fwd/cam1_2026-04-08_18-33-04.mp4,1036.5,2131.0,829,1777,1244,2485,0.8462561
1103,/Volumes/SmithL0/2026/BIOL470/Final/Learning_Rig/bee_0408_3/fwd/cam1_2026-04-08_18-33-04.mp4,1036.0,2134.5,829,1777,1243,2492,0.84143543
1104,/Volumes/SmithL0/2026/BIOL470/Final/Learning_Rig/bee_0408_3/fwd/cam1_2026-04-08_18-33-04.mp4,1036.0,2133.5,830,1777,1242,2490,0.84225595
1105,/Volumes/SmithL0/2026/BIOL470/Final/Learning_Rig/bee_0408_3/fwd/cam1_2026-04-08_18-33-04.mp4,1037.0,2133.5,832,1777,1242,2490,0.84286714
1106,/Volumes/SmithL0/2026/BIOL470/Final/Learning_Rig/bee_0408_3/fwd/cam1_2026-04-08_18-33-04.mp4,1035.5,2130.5,830,1777,1241,2484,0.8434304
1107,/Volumes/SmithL0/2026/BIOL470/Final/Learning_Rig/bee_0408_3/fwd/cam1_2026-04-08_18-33-04.mp4,1035.5,2132.0,830,1777,1241,2487,0.84284866
1108,/Volumes/SmithL0/2026/BIOL470/Final/Learning_Rig/bee_0408_3/fwd/cam1_2026-04-08_18-33-04.mp4,1035.0,2131.0,829,1777,1241,2485,0.8437892
1109,/Volumes/SmithL0/2026/BIOL470/Final/Learning_Rig/bee_0408_3/fwd/cam1_2026-04-08_18-33-04.mp4,1034.5,2133.5,827,1777,1242,2490,0.8441565
1110,/Volumes/SmithL0/2026/BIOL470/Final/Learning_Rig/bee_0408_3/fwd/cam1_2026-04-08_18-33-04.mp4,1034.0,2131.0,827,1777,1241,2485,0.8429796
1111,/Volumes/SmithL0/2026/BIOL470/Final/Learning_Rig/bee_0408_3/fwd/cam1_2026-04-08_18-33-04.mp4,1034.5,2132.5,827,1777,1242,2488,0.84489566
1112,/Volumes/SmithL0/2026/BIOL470/Final/Learning_Rig/bee_0408_3/fwd/cam1_2026-04-08_18-33-04.mp4,1035.0,2132.5,828,1777,1242,2488,0.8441562
1113,/Volumes/SmithL0/2026/BIOL470/Final/Learning_Rig/bee_0408_3/fwd/cam1_2026-04-08_18-33-04.mp4,1035.5,2133.0,828,1777,1243,2489,0.8452618
1114,/Volumes/SmithL0/2026/BIOL470/Final/Learning_Rig/bee_0408_3/fwd/cam1_2026-04-08_18-33-04.mp4,1034.5,2133.0,828,1777,1241,2489,0.8425466
1115,/Volumes/SmithL0/2026/BIOL470/Final/Learning_Rig/bee_0408_3/fwd/cam1_2026-04-08_18-33-04.mp4,1035.5,2133.5,829,1776,1242,2491,0.8422119
1116,/Volumes/SmithL0/2026/BIOL470/Final/Learning_Rig/bee_0408_3/fwd/cam1_2026-04-08_18-33-04.mp4,1034.0,2134.5,828,1776,1240,2493,0.84010077
1117,/Volumes/SmithL0/2026/BIOL470/Final/Learning_Rig/bee_0408_3/fwd/cam1_2026-04-08_18-33-04.mp4,1035.5,2131.5,830,1776,1241,2487,0.84313506
1118,/Volumes/SmithL0/2026/BIOL470/Final/Learning_Rig/bee_0408_3/fwd/cam1_2026-04-08_18-33-04.mp4,1034.5,2134.0,828,1776,1241,2492,0.8408533
1119,/Volumes/SmithL0/2026/BIOL470/Final/Learning_Rig/bee_0408_3/fwd/cam1_2026-04-08_18-33-04.mp4,1034.5,2132.0,829,1776,1240,2488,0.8410855
1120,/Volumes/SmithL0/2026/BIOL470/Final/Learning_Rig/bee_0408_3/fwd/cam1_2026-04-08_18-33-04.mp4,1035.0,2135.0,829,1776,1241,2494,0.84049666
1121,/Volumes/SmithL0/2026/BIOL470/Final/Learning_Rig/bee_0408_3/fwd/cam1_2026-04-08_18-33-04.mp4,1035.5,2136.0,830,1777,1241,2495,0.8404538
1122,/Volumes/SmithL0/2026/BIOL470/Final/Learning_Rig/bee_0408_3/fwd/cam1_2026-04-08_18-33-04.mp4,1035.0,2135.5,829,1777,1241,2494,0.8408697
1123,/Volumes/SmithL0/2026/BIOL470/Final/Learning_Rig/bee_0408_3/fwd/cam1_2026-04-08_18-33-04.mp4,1033.0,2135.0,827,1774,1239,2496,0.8385863
1124,/Volumes/SmithL0/2026/BIOL470/Final/Learning_Rig/bee_0408_3/fwd/cam1_2026-04-08_18-33-04.mp4,1035.0,2133.5,829,1777,1241,2490,0.8419981
1125,/Volumes/SmithL0/2026/BIOL470/Final/Learning_Rig/bee_0408_3/fwd/cam1_2026-04-08_18-33-04.mp4,1034.5,2134.5,828,1773,1241,2496,0.8414176
1126,/Volumes/SmithL0/2026/BIOL470/Final/Learning_Rig/bee_0408_3/fwd/cam1_2026-04-08_18-33-04.mp4,1035.5,2136.5,830,1776,1241,2497,0.84111154
1127,/Volumes/SmithL0/2026/BIOL470/Final/Learning_Rig/bee_0408_3/fwd/cam1_2026-04-08_18-33-04.mp4,1035.5,2135.0,830,1777,1241,2493,0.84228224
1128,/Volumes/SmithL0/2026/BIOL470/Final/Learning_Rig/bee_0408_3/fwd/cam1_2026-04-08_18-33-04.mp4,1035.5,2130.5,829,1777,1242,2484,0.84478253
1129,/Volumes/SmithL0/2026/BIOL470/Final/Learning_Rig/bee_0408_3/fwd/cam1_2026-04-08_18-33-04.mp4,1035.5,2130.0,830,1777,1241,2483,0.8454937
1130,/Volumes/SmithL0/2026/BIOL470/Final/Learning_Rig/bee_0408_3/fwd/cam1_2026-04-08_18-33-04.mp4,1034.5,2128.5,829,1777,1240,2480,0.845835
1131,/Volumes/SmithL0/2026/BIOL470/Final/Learning_Rig/bee_0408_3/fwd/cam1_2026-04-08_18-33-04.mp4,1035.0,2129.0,829,1777,1241,2481,0.8441512
1132,/Volumes/SmithL0/2026/BIOL470/Final/Learning_Rig/bee_0408_3/fwd/cam1_2026-04-08_18-33-04.mp4,1034.0,2132.5,828,1777,1240,2488,0.84101236
1133,/Volumes/SmithL0/2026/BIOL470/Final/Learning_Rig/bee_0408_3/fwd/cam1_2026-04-08_18-33-04.mp4,1035.0,2130.0,828,1777,1242,2483,0.8449246
1134,/Volumes/SmithL0/2026/BIOL470/Final/Learning_Rig/bee_0408_3/fwd/cam1_2026-04-08_18-33-04.mp4,1034.0,2128.0,827,1777,1241,2479,0.8455593
1135,/Volumes/SmithL0/2026/BIOL470/Final/Learning_Rig/bee_0408_3/fwd/cam1_2026-04-08_18-33-04.mp4,1035.0,2130.0,828,1777,1242,2483,0.84545296
1136,/Volumes/SmithL0/2026/BIOL470/Final/Learning_Rig/bee_0408_3/fwd/cam1_2026-04-08_18-33-04.mp4,1035.5,2132.0,829,1777,1242,2487,0.8439644
1137,/Volumes/SmithL0/2026/BIOL470/Final/Learning_Rig/bee_0408_3/fwd/cam1_2026-04-08_18-33-04.mp4,1034.0,2135.0,825,1772,1243,2498,0.84152526
1138,/Volumes/SmithL0/2026/BIOL470/Final/Learning_Rig/bee_0408_3/fwd/cam1_2026-04-08_18-33-04.mp4,1034.0,2134.5,824,1772,1244,2497,0.84086585
1139,/Volumes/SmithL0/2026/BIOL470/Final/Learning_Rig/bee_0408_3/fwd/cam1_2026-04-08_18-33-04.mp4,1034.5,2132.5,827,1776,1242,2489,0.84301347
1140,/Volumes/SmithL0/2026/BIOL470/Final/Learning_Rig/bee_0408_3/fwd/cam1_2026-04-08_18-33-04.mp4,1033.5,2131.0,826,1777,1241,2485,0.84187937
1141,/Volumes/SmithL0/2026/BIOL470/Final/Learning_Rig/bee_0408_3/fwd/cam1_2026-04-08_18-33-04.mp4,1035.0,2131.0,828,1776,1242,2486,0.8431391
1142,/Volumes/SmithL0/2026/BIOL470/Final/Learning_Rig/bee_0408_3/fwd/cam1_2026-04-08_18-33-04.mp4,1035.0,2135.0,828,1777,1242,2493,0.8419116
1143,/Volumes/SmithL0/2026/BIOL470/Final/Learning_Rig/bee_0408_3/fwd/cam1_2026-04-08_18-33-04.mp4,1035.5,2133.0,828,1776,1243,2490,0.8434069
1144,/Volumes/SmithL0/2026/BIOL470/Final/Learning_Rig/bee_0408_3/fwd/cam1_2026-04-08_18-33-04.mp4,1034.5,2134.5,827,1777,1242,2492,0.84255624
1145,/Volumes/SmithL0/2026/BIOL470/Final/Learning_Rig/bee_0408_3/fwd/cam1_2026-04-08_18-33-04.mp4,1035.5,2134.5,828,1777,1243,2492,0.843156
1146,/Volumes/SmithL0/2026/BIOL470/Final/Learning_Rig/bee_0408_3/fwd/cam1_2026-04-08_18-33-04.mp4,1035.0,2132.0,828,1777,1242,2487,0.84468675
1147,/Volumes/SmithL0/2026/BIOL470/Final/Learning_Rig/bee_0408_3/fwd/cam1_2026-04-08_18-33-04.mp4,1035.0,2130.0,828,1777,1242,2483,0.8453143
1148,/Volumes/SmithL0/2026/BIOL470/Final/Learning_Rig/bee_0408_3/fwd/cam1_2026-04-08_18-33-04.mp4,1034.5,2135.0,828,1777,1241,2493,0.84037
1149,/Volumes/SmithL0/2026/BIOL470/Final/Learning_Rig/bee_0408_3/fwd/cam1_2026-04-08_18-33-04.mp4,1032.0,2136.5,824,1774,1240,2499,0.8389335
1150,/Volumes/SmithL0/2026/BIOL470/Final/Learning_Rig/bee_0408_3/fwd/cam1_2026-04-08_18-33-04.mp4,1035.0,2131.5,830,1777,1240,2486,0.84159464
1151,/Volumes/SmithL0/2026/BIOL470/Final/Learning_Rig/bee_0408_3/fwd/cam1_2026-04-08_18-33-04.mp4,1034.0,2130.5,829,1777,1239,2484,0.8396311
1152,/Volumes/SmithL0/2026/BIOL470/Final/Learning_Rig/bee_0408_3/fwd/cam1_2026-04-08_18-33-04.mp4,1034.5,2131.5,829,1777,1240,2486,0.83946913
1153,/Volumes/SmithL0/2026/BIOL470/Final/Learning_Rig/bee_0408_3/fwd/cam1_2026-04-08_18-33-04.mp4,1035.0,2130.5,828,1777,1242,2484,0.84311014
1154,/Volumes/SmithL0/2026/BIOL470/Final/Learning_Rig/bee_0408_3/fwd/cam1_2026-04-08_18-33-04.mp4,1036.0,2131.5,829,1777,1243,2486,0.84317696
1155,/Volumes/SmithL0/2026/BIOL470/Final/Learning_Rig/bee_0408_3/fwd/cam1_2026-04-08_18-33-04.mp4,1036.0,2134.5,829,1777,1243,2492,0.84098566
1156,/Volumes/SmithL0/2026/BIOL470/Final/Learning_Rig/bee_0408_3/fwd/cam1_2026-04-08_18-33-04.mp4,1036.0,2131.0,829,1777,1243,2485,0.84392834
1157,/Volumes/SmithL0/2026/BIOL470/Final/Learning_Rig/bee_0408_3/fwd/cam1_2026-04-08_18-33-04.mp4,1035.0,2134.0,828,1777,1242,2491,0.84151644
1158,/Volumes/SmithL0/2026/BIOL470/Final/Learning_Rig/bee_0408_3/fwd/cam1_2026-04-08_18-33-04.mp4,1034.5,2134.5,827,1777,1242,2492,0.84332395
1159,/Volumes/SmithL0/2026/BIOL470/Final/Learning_Rig/bee_0408_3/fwd/cam1_2026-04-08_18-33-04.mp4,1035.0,2135.0,828,1777,1242,2493,0.8412351
1160,/Volumes/SmithL0/2026/BIOL470/Final/Learning_Rig/bee_0408_3/fwd/cam1_2026-04-08_18-33-04.mp4,1035.0,2134.5,828,1777,1242,2492,0.8429744
1161,/Volumes/SmithL0/2026/BIOL470/Final/Learning_Rig/bee_0408_3/fwd/cam1_2026-04-08_18-33-04.mp4,1035.5,2132.0,830,1777,1241,2487,0.84499556
1162,/Volumes/SmithL0/2026/BIOL470/Final/Learning_Rig/bee_0408_3/fwd/cam1_2026-04-08_18-33-04.mp4,1035.5,2132.5,829,1777,1242,2488,0.8451627
1163,/Volumes/SmithL0/2026/BIOL470/Final/Learning_Rig/bee_0408_3/fwd/cam1_2026-04-08_18-33-04.mp4,1035.0,2132.0,829,1776,1241,2488,0.845676
1164,/Volumes/SmithL0/2026/BIOL470/Final/Learning_Rig/bee_0408_3/fwd/cam1_2026-04-08_18-33-04.mp4,1035.0,2132.0,829,1776,1241,2488,0.8435198
1165,/Volumes/SmithL0/2026/BIOL470/Final/Learning_Rig/bee_0408_3/fwd/cam1_2026-04-08_18-33-04.mp4,1034.0,2134.5,827,1772,1241,2497,0.8416575
1166,/Volumes/SmithL0/2026/BIOL470/Final/Learning_Rig/bee_0408_3/fwd/cam1_2026-04-08_18-33-04.mp4,1034.0,2134.0,827,1772,1241,2496,0.8396542
1167,/Volumes/SmithL0/2026/BIOL470/Final/Learning_Rig/bee_0408_3/fwd/cam1_2026-04-08_18-33-04.mp4,1034.0,2134.5,826,1772,1242,2497,0.84181
1168,/Volumes/SmithL0/2026/BIOL470/Final/Learning_Rig/bee_0408_3/fwd/cam1_2026-04-08_18-33-04.mp4,1033.5,2135.5,825,1772,1242,2499,0.84082764
1169,/Volumes/SmithL0/2026/BIOL470/Final/Learning_Rig/bee_0408_3/fwd/cam1_2026-04-08_18-33-04.mp4,1034.5,2134.5,826,1772,1243,2497,0.84167016
1170,/Volumes/SmithL0/2026/BIOL470/Final/Learning_Rig/bee_0408_3/fwd/cam1_2026-04-08_18-33-04.mp4,1035.0,2135.5,829,1777,1241,2494,0.83873916
1171,/Volumes/SmithL0/2026/BIOL470/Final/Learning_Rig/bee_0408_3/fwd/cam1_2026-04-08_18-33-04.mp4,1034.0,2132.5,827,1777,1241,2488,0.83945966
1172,/Volumes/SmithL0/2026/BIOL470/Final/Learning_Rig/bee_0408_3/fwd/cam1_2026-04-08_18-33-04.mp4,1034.0,2132.0,827,1777,1241,2487,0.84065324
1173,/Volumes/SmithL0/2026/BIOL470/Final/Learning_Rig/bee_0408_3/fwd/cam1_2026-04-08_18-33-04.mp4,1034.5,2133.0,827,1777,1242,2489,0.8409348
1174,/Volumes/SmithL0/2026/BIOL470/Final/Learning_Rig/bee_0408_3/fwd/cam1_2026-04-08_18-33-04.mp4,1034.0,2133.0,827,1777,1241,2489,0.84133446
1175,/Volumes/SmithL0/2026/BIOL470/Final/Learning_Rig/bee_0408_3/fwd/cam1_2026-04-08_18-33-04.mp4,1034.0,2132.0,827,1777,1241,2487,0.84052235
1176,/Volumes/SmithL0/2026/BIOL470/Final/Learning_Rig/bee_0408_3/fwd/cam1_2026-04-08_18-33-04.mp4,1035.0,2130.5,828,1777,1242,2484,0.843694
1177,/Volumes/SmithL0/2026/BIOL470/Final/Learning_Rig/bee_0408_3/fwd/cam1_2026-04-08_18-33-04.mp4,1035.0,2126.0,829,1777,1241,2475,0.84637535
1178,/Volumes/SmithL0/2026/BIOL470/Final/Learning_Rig/bee_0408_3/fwd/cam1_2026-04-08_18-33-04.mp4,1034.5,2129.5,828,1777,1241,2482,0.84490925
1179,/Volumes/SmithL0/2026/BIOL470/Final/Learning_Rig/bee_0408_3/fwd/cam1_2026-04-08_18-33-04.mp4,1035.0,2131.5,829,1777,1241,2486,0.8429251
1180,/Volumes/SmithL0/2026/BIOL470/Final/Learning_Rig/bee_0408_3/fwd/cam1_2026-04-08_18-33-04.mp4,1034.0,2131.0,828,1777,1240,2485,0.8456078
1181,/Volumes/SmithL0/2026/BIOL470/Final/Learning_Rig/bee_0408_3/fwd/cam1_2026-04-08_18-33-04.mp4,1034.0,2130.5,827,1777,1241,2484,0.8456657
1182,/Volumes/SmithL0/2026/BIOL470/Final/Learning_Rig/bee_0408_3/fwd/cam1_2026-04-08_18-33-04.mp4,1034.5,2131.0,827,1776,1242,2486,0.8456681
1183,/Volumes/SmithL0/2026/BIOL470/Final/Learning_Rig/bee_0408_3/fwd/cam1_2026-04-08_18-33-04.mp4,1035.5,2129.5,829,1776,1242,2483,0.8460577
1184,/Volumes/SmithL0/2026/BIOL470/Final/Learning_Rig/bee_0408_3/fwd/cam1_2026-04-08_18-33-04.mp4,1035.0,2131.0,828,1777,1242,2485,0.84329635
1185,/Volumes/SmithL0/2026/BIOL470/Final/Learning_Rig/bee_0408_3/fwd/cam1_2026-04-08_18-33-04.mp4,1035.5,2128.5,829,1776,1242,2481,0.8442571
1186,/Volumes/SmithL0/2026/BIOL470/Final/Learning_Rig/bee_0408_3/fwd/cam1_2026-04-08_18-33-04.mp4,1034.5,2130.5,828,1777,1241,2484,0.84315073
1187,/Volumes/SmithL0/2026/BIOL470/Final/Learning_Rig/bee_0408_3/fwd/cam1_2026-04-08_18-33-04.mp4,1035.0,2133.5,829,1776,1241,2491,0.8404713
1188,/Volumes/SmithL0/2026/BIOL470/Final/Learning_Rig/bee_0408_3/fwd/cam1_2026-04-08_18-33-04.mp4,1035.0,2133.5,829,1776,1241,2491,0.8421451
1189,/Volumes/SmithL0/2026/BIOL470/Final/Learning_Rig/bee_0408_3/fwd/cam1_2026-04-08_18-33-04.mp4,1035.0,2132.5,829,1776,1241,2489,0.83958244
1190,/Volumes/SmithL0/2026/BIOL470/Final/Learning_Rig/bee_0408_3/fwd/cam1_2026-04-08_18-33-04.mp4,1035.5,2133.0,829,1776,1242,2490,0.8426632
1191,/Volumes/SmithL0/2026/BIOL470/Final/Learning_Rig/bee_0408_3/fwd/cam1_2026-04-08_18-33-04.mp4,1034.5,2132.5,828,1776,1241,2489,0.84025824
1192,/Volumes/SmithL0/2026/BIOL470/Final/Learning_Rig/bee_0408_3/fwd/cam1_2026-04-08_18-33-04.mp4,1035.0,2133.5,829,1776,1241,2491,0.84105337
1193,/Volumes/SmithL0/2026/BIOL470/Final/Learning_Rig/bee_0408_3/fwd/cam1_2026-04-08_18-33-04.mp4,1035.0,2132.0,828,1777,1242,2487,0.84362096
1194,/Volumes/SmithL0/2026/BIOL470/Final/Learning_Rig/bee_0408_3/fwd/cam1_2026-04-08_18-33-04.mp4,1034.5,2132.0,828,1777,1241,2487,0.8420663
1195,/Volumes/SmithL0/2026/BIOL470/Final/Learning_Rig/bee_0408_3/fwd/cam1_2026-04-08_18-33-04.mp4,1035.5,2132.5,829,1777,1242,2488,0.84353286
1196,/Volumes/SmithL0/2026/BIOL470/Final/Learning_Rig/bee_0408_3/fwd/cam1_2026-04-08_18-33-04.mp4,1035.5,2131.0,829,1776,1242,2486,0.84552974
1197,/Volumes/SmithL0/2026/BIOL470/Final/Learning_Rig/bee_0408_3/fwd/cam1_2026-04-08_18-33-04.mp4,1035.5,2128.0,830,1777,1241,2479,0.8468377
1198,/Volumes/SmithL0/2026/BIOL470/Final/Learning_Rig/bee_0408_3/fwd/cam1_2026-04-08_18-33-04.mp4,1035.0,2127.5,830,1777,1240,2478,0.84416807
1199,/Volumes/SmithL0/2026/BIOL470/Final/Learning_Rig/bee_0408_3/fwd/cam1_2026-04-08_18-33-04.mp4,1034.0,2127.5,828,1777,1240,2478,0.8432704
1200,/Volumes/SmithL0/2026/BIOL470/Final/Learning_Rig/bee_0408_3/fwd/cam1_2026-04-08_18-33-04.mp4,1035.0,2131.5,828,1777,1242,2486,0.84318465
1201,/Volumes/SmithL0/2026/BIOL470/Final/Learning_Rig/bee_0408_3/fwd/cam1_2026-04-08_18-33-04.mp4,1035.0,2133.0,828,1776,1242,2490,0.8423246
1202,/Volumes/SmithL0/2026/BIOL470/Final/Learning_Rig/bee_0408_3/fwd/cam1_2026-04-08_18-33-04.mp4,1036.0,2136.0,829,1776,1243,2496,0.8426938
1203,/Volumes/SmithL0/2026/BIOL470/Final/Learning_Rig/bee_0408_3/fwd/cam1_2026-04-08_18-33-04.mp4,1035.5,2133.5,829,1776,1242,2491,0.84257597
1204,/Volumes/SmithL0/2026/BIOL470/Final/Learning_Rig/bee_0408_3/fwd/cam1_2026-04-08_18-33-04.mp4,1035.0,2129.0,828,1777,1242,2481,0.8458706
1205,/Volumes/SmithL0/2026/BIOL470/Final/Learning_Rig/bee_0408_3/fwd/cam1_2026-04-08_18-33-04.mp4,1035.0,2130.5,827,1777,1243,2484,0.84719414
1206,/Volumes/SmithL0/2026/BIOL470/Final/Learning_Rig/bee_0408_3/fwd/cam1_2026-04-08_18-33-04.mp4,1033.5,2131.0,827,1777,1240,2485,0.84428346
1207,/Volumes/SmithL0/2026/BIOL470/Final/Learning_Rig/bee_0408_3/fwd/cam1_2026-04-08_18-33-04.mp4,1035.0,2132.5,829,1777,1241,2488,0.84395754
1208,/Volumes/SmithL0/2026/BIOL470/Final/Learning_Rig/bee_0408_3/fwd/cam1_2026-04-08_18-33-04.mp4,1035.0,2129.5,828,1777,1242,2482,0.848228
1209,/Volumes/SmithL0/2026/BIOL470/Final/Learning_Rig/bee_0408_3/fwd/cam1_2026-04-08_18-33-04.mp4,1034.0,2130.5,828,1777,1240,2484,0.844459
1210,/Volumes/SmithL0/2026/BIOL470/Final/Learning_Rig/bee_0408_3/fwd/cam1_2026-04-08_18-33-04.mp4,1036.0,2133.0,829,1777,1243,2489,0.8465856
1211,/Volumes/SmithL0/2026/BIOL470/Final/Learning_Rig/bee_0408_3/fwd/cam1_2026-04-08_18-33-04.mp4,1035.5,2129.5,828,1777,1243,2482,0.84800637
1212,/Volumes/SmithL0/2026/BIOL470/Final/Learning_Rig/bee_0408_3/fwd/cam1_2026-04-08_18-33-04.mp4,1035.0,2129.0,827,1777,1243,2481,0.84890115
1213,/Volumes/SmithL0/2026/BIOL470/Final/Learning_Rig/bee_0408_3/fwd/cam1_2026-04-08_18-33-04.mp4,1035.5,2131.0,827,1777,1244,2485,0.8484958
1214,/Volumes/SmithL0/2026/BIOL470/Final/Learning_Rig/bee_0408_3/fwd/cam1_2026-04-08_18-33-04.mp4,1033.5,2132.0,826,1777,1241,2487,0.8440487
1215,/Volumes/SmithL0/2026/BIOL470/Final/Learning_Rig/bee_0408_3/fwd/cam1_2026-04-08_18-33-04.mp4,1034.0,2132.5,827,1777,1241,2488,0.84382415
1216,/Volumes/SmithL0/2026/BIOL470/Final/Learning_Rig/bee_0408_3/fwd/cam1_2026-04-08_18-33-04.mp4,1035.0,2132.0,828,1777,1242,2487,0.8457873
1217,/Volumes/SmithL0/2026/BIOL470/Final/Learning_Rig/bee_0408_3/fwd/cam1_2026-04-08_18-33-04.mp4,1034.5,2133.5,828,1776,1241,2491,0.8420891
1218,/Volumes/SmithL0/2026/BIOL470/Final/Learning_Rig/bee_0408_3/fwd/cam1_2026-04-08_18-33-04.mp4,1034.0,2133.0,828,1776,1240,2490,0.840898
1219,/Volumes/SmithL0/2026/BIOL470/Final/Learning_Rig/bee_0408_3/fwd/cam1_2026-04-08_18-33-04.mp4,1034.0,2133.5,828,1776,1240,2491,0.8402255
1220,/Volumes/SmithL0/2026/BIOL470/Final/Learning_Rig/bee_0408_3/fwd/cam1_2026-04-08_18-33-04.mp4,1033.5,2133.0,827,1776,1240,2490,0.8404026
1221,/Volumes/SmithL0/2026/BIOL470/Final/Learning_Rig/bee_0408_3/fwd/cam1_2026-04-08_18-33-04.mp4,1034.5,2133.0,828,1776,1241,2490,0.84163946
1222,/Volumes/SmithL0/2026/BIOL470/Final/Learning_Rig/bee_0408_3/fwd/cam1_2026-04-08_18-33-04.mp4,1034.0,2134.0,828,1777,1240,2491,0.8401332
1223,/Volumes/SmithL0/2026/BIOL470/Final/Learning_Rig/bee_0408_3/fwd/cam1_2026-04-08_18-33-04.mp4,1034.0,2133.0,828,1777,1240,2489,0.8414567
1224,/Volumes/SmithL0/2026/BIOL470/Final/Learning_Rig/bee_0408_3/fwd/cam1_2026-04-08_18-33-04.mp4,1035.0,2131.0,829,1777,1241,2485,0.84359133
1225,/Volumes/SmithL0/2026/BIOL470/Final/Learning_Rig/bee_0408_3/fwd/cam1_2026-04-08_18-33-04.mp4,1035.0,2130.5,829,1776,1241,2485,0.845025
1226,/Volumes/SmithL0/2026/BIOL470/Final/Learning_Rig/bee_0408_3/fwd/cam1_2026-04-08_18-33-04.mp4,1035.0,2131.0,829,1776,1241,2486,0.845677
1227,/Volumes/SmithL0/2026/BIOL470/Final/Learning_Rig/bee_0408_3/fwd/cam1_2026-04-08_18-33-04.mp4,1034.5,2132.0,827,1777,1242,2487,0.8454752
1228,/Volumes/SmithL0/2026/BIOL470/Final/Learning_Rig/bee_0408_3/fwd/cam1_2026-04-08_18-33-04.mp4,1034.5,2133.0,827,1777,1242,2489,0.84664214
1229,/Volumes/SmithL0/2026/BIOL470/Final/Learning_Rig/bee_0408_3/fwd/cam1_2026-04-08_18-33-04.mp4,1035.5,2132.0,828,1777,1243,2487,0.8459656
1230,/Volumes/SmithL0/2026/BIOL470/Final/Learning_Rig/bee_0408_3/fwd/cam1_2026-04-08_18-33-04.mp4,1034.0,2132.0,826,1776,1242,2488,0.8443895
1231,/Volumes/SmithL0/2026/BIOL470/Final/Learning_Rig/bee_0408_3/fwd/cam1_2026-04-08_18-33-04.mp4,1033.5,2131.0,825,1776,1242,2486,0.84669536
1232,/Volumes/SmithL0/2026/BIOL470/Final/Learning_Rig/bee_0408_3/fwd/cam1_2026-04-08_18-33-04.mp4,1033.5,2130.5,826,1776,1241,2485,0.8461334
1233,/Volumes/SmithL0/2026/BIOL470/Final/Learning_Rig/bee_0408_3/fwd/cam1_2026-04-08_18-33-04.mp4,1033.5,2131.0,828,1776,1239,2486,0.84256727
1234,/Volumes/SmithL0/2026/BIOL470/Final/Learning_Rig/bee_0408_3/fwd/cam1_2026-04-08_18-33-04.mp4,1035.0,2130.0,830,1776,1240,2484,0.8438712
1235,/Volumes/SmithL0/2026/BIOL470/Final/Learning_Rig/bee_0408_3/fwd/cam1_2026-04-08_18-33-04.mp4,1035.5,2132.0,830,1776,1241,2488,0.84536624
1236,/Volumes/SmithL0/2026/BIOL470/Final/Learning_Rig/bee_0408_3/fwd/cam1_2026-04-08_18-33-04.mp4,1035.5,2133.0,830,1776,1241,2490,0.8431343
1237,/Volumes/SmithL0/2026/BIOL470/Final/Learning_Rig/bee_0408_3/fwd/cam1_2026-04-08_18-33-04.mp4,1034.5,2130.5,828,1776,1241,2485,0.84489816
1238,/Volumes/SmithL0/2026/BIOL470/Final/Learning_Rig/bee_0408_3/fwd/cam1_2026-04-08_18-33-04.mp4,1034.5,2130.0,828,1777,1241,2483,0.8434348
1239,/Volumes/SmithL0/2026/BIOL470/Final/Learning_Rig/bee_0408_3/fwd/cam1_2026-04-08_18-33-04.mp4,1035.0,2129.5,828,1776,1242,2483,0.8455172
1240,/Volumes/SmithL0/2026/BIOL470/Final/Learning_Rig/bee_0408_3/fwd/cam1_2026-04-08_18-33-04.mp4,1035.5,2130.0,829,1776,1242,2484,0.84612143
1241,/Volumes/SmithL0/2026/BIOL470/Final/Learning_Rig/bee_0408_3/fwd/cam1_2026-04-08_18-33-04.mp4,1034.0,2129.5,828,1776,1240,2483,0.84513354
1242,/Volumes/SmithL0/2026/BIOL470/Final/Learning_Rig/bee_0408_3/fwd/cam1_2026-04-08_18-33-04.mp4,1035.0,2130.5,829,1776,1241,2485,0.846429
1243,/Volumes/SmithL0/2026/BIOL470/Final/Learning_Rig/bee_0408_3/fwd/cam1_2026-04-08_18-33-04.mp4,1034.0,2131.5,827,1776,1241,2487,0.84374416
1244,/Volumes/SmithL0/2026/BIOL470/Final/Learning_Rig/bee_0408_3/fwd/cam1_2026-04-08_18-33-04.mp4,1035.0,2132.5,828,1776,1242,2489,0.8441564
1245,/Volumes/SmithL0/2026/BIOL470/Final/Learning_Rig/bee_0408_3/fwd/cam1_2026-04-08_18-33-04.mp4,1033.5,2132.0,827,1776,1240,2488,0.841753
1246,/Volumes/SmithL0/2026/BIOL470/Final/Learning_Rig/bee_0408_3/fwd/cam1_2026-04-08_18-33-04.mp4,1034.5,2131.5,827,1776,1242,2487,0.8443454
1247,/Volumes/SmithL0/2026/BIOL470/Final/Learning_Rig/bee_0408_3/fwd/cam1_2026-04-08_18-33-04.mp4,1035.0,2131.5,828,1776,1242,2487,0.84655666
1248,/Volumes/SmithL0/2026/BIOL470/Final/Learning_Rig/bee_0408_3/fwd/cam1_2026-04-08_18-33-04.mp4,1035.5,2131.5,828,1776,1243,2487,0.8461943
1249,/Volumes/SmithL0/2026/BIOL470/Final/Learning_Rig/bee_0408_3/fwd/cam1_2026-04-08_18-33-04.mp4,1035.0,2130.5,827,1776,1243,2485,0.8466367
1250,/Volumes/SmithL0/2026/BIOL470/Final/Learning_Rig/bee_0408_3/fwd/cam1_2026-04-08_18-33-04.mp4,1035.5,2129.5,829,1776,1242,2483,0.8457336
1251,/Volumes/SmithL0/2026/BIOL470/Final/Learning_Rig/bee_0408_3/fwd/cam1_2026-04-08_18-33-04.mp4,1035.5,2131.5,828,1776,1243,2487,0.84626913
1252,/Volumes/SmithL0/2026/BIOL470/Final/Learning_Rig/bee_0408_3/fwd/cam1_2026-04-08_18-33-04.mp4,1035.5,2132.0,829,1776,1242,2488,0.8448004
1253,/Volumes/SmithL0/2026/BIOL470/Final/Learning_Rig/bee_0408_3/fwd/cam1_2026-04-08_18-33-04.mp4,1035.5,2134.0,828,1776,1243,2492,0.84337515
1254,/Volumes/SmithL0/2026/BIOL470/Final/Learning_Rig/bee_0408_3/fwd/cam1_2026-04-08_18-33-04.mp4,1035.0,2133.0,828,1776,1242,2490,0.84493744
1255,/Volumes/SmithL0/2026/BIOL470/Final/Learning_Rig/bee_0408_3/fwd/cam1_2026-04-08_18-33-04.mp4,1033.5,2132.5,827,1776,1240,2489,0.8415703
1256,/Volumes/SmithL0/2026/BIOL470/Final/Learning_Rig/bee_0408_3/fwd/cam1_2026-04-08_18-33-04.mp4,1034.5,2133.0,828,1776,1241,2490,0.84209883
1257,/Volumes/SmithL0/2026/BIOL470/Final/Learning_Rig/bee_0408_3/fwd/cam1_2026-04-08_18-33-04.mp4,1034.5,2133.0,827,1776,1242,2490,0.8427476
1258,/Volumes/SmithL0/2026/BIOL470/Final/Learning_Rig/bee_0408_3/fwd/cam1_2026-04-08_18-33-04.mp4,1034.5,2131.5,827,1776,1242,2487,0.8440583
1259,/Volumes/SmithL0/2026/BIOL470/Final/Learning_Rig/bee_0408_3/fwd/cam1_2026-04-08_18-33-04.mp4,1034.5,2131.0,828,1776,1241,2486,0.8428787
1260,/Volumes/SmithL0/2026/BIOL470/Final/Learning_Rig/bee_0408_3/fwd/cam1_2026-04-08_18-33-04.mp4,1033.5,2130.5,826,1776,1241,2485,0.8433543
1261,/Volumes/SmithL0/2026/BIOL470/Final/Learning_Rig/bee_0408_3/fwd/cam1_2026-04-08_18-33-04.mp4,1034.0,2130.0,827,1776,1241,2484,0.8450918
1262,/Volumes/SmithL0/2026/BIOL470/Final/Learning_Rig/bee_0408_3/fwd/cam1_2026-04-08_18-33-04.mp4,1034.5,2129.5,828,1776,1241,2483,0.84633553
1263,/Volumes/SmithL0/2026/BIOL470/Final/Learning_Rig/bee_0408_3/fwd/cam1_2026-04-08_18-33-04.mp4,1035.5,2130.5,830,1776,1241,2485,0.8452738
1264,/Volumes/SmithL0/2026/BIOL470/Final/Learning_Rig/bee_0408_3/fwd/cam1_2026-04-08_18-33-04.mp4,1034.5,2131.0,828,1776,1241,2486,0.84419465
1265,/Volumes/SmithL0/2026/BIOL470/Final/Learning_Rig/bee_0408_3/fwd/cam1_2026-04-08_18-33-04.mp4,1034.0,2133.5,827,1776,1241,2491,0.84160495
1266,/Volumes/SmithL0/2026/BIOL470/Final/Learning_Rig/bee_0408_3/fwd/cam1_2026-04-08_18-33-04.mp4,1034.0,2131.0,827,1776,1241,2486,0.8433379
1267,/Volumes/SmithL0/2026/BIOL470/Final/Learning_Rig/bee_0408_3/fwd/cam1_2026-04-08_18-33-04.mp4,1034.0,2131.5,828,1776,1240,2487,0.841161
1268,/Volumes/SmithL0/2026/BIOL470/Final/Learning_Rig/bee_0408_3/fwd/cam1_2026-04-08_18-33-04.mp4,1034.0,2131.0,828,1776,1240,2486,0.84272933
1269,/Volumes/SmithL0/2026/BIOL470/Final/Learning_Rig/bee_0408_3/fwd/cam1_2026-04-08_18-33-04.mp4,1035.0,2131.0,829,1776,1241,2486,0.8443929
1270,/Volumes/SmithL0/2026/BIOL470/Final/Learning_Rig/bee_0408_3/fwd/cam1_2026-04-08_18-33-04.mp4,1034.5,2132.5,828,1776,1241,2489,0.8426928
1271,/Volumes/SmithL0/2026/BIOL470/Final/Learning_Rig/bee_0408_3/fwd/cam1_2026-04-08_18-33-04.mp4,1034.5,2134.0,827,1776,1242,2492,0.84345484
1272,/Volumes/SmithL0/2026/BIOL470/Final/Learning_Rig/bee_0408_3/fwd/cam1_2026-04-08_18-33-04.mp4,1033.0,2134.5,826,1776,1240,2493,0.84053075
1273,/Volumes/SmithL0/2026/BIOL470/Final/Learning_Rig/bee_0408_3/fwd/cam1_2026-04-08_18-33-04.mp4,1034.0,2135.5,827,1776,1241,2495,0.8412989
1274,/Volumes/SmithL0/2026/BIOL470/Final/Learning_Rig/bee_0408_3/fwd/cam1_2026-04-08_18-33-04.mp4,1033.0,2134.5,826,1776,1240,2493,0.8409448
1275,/Volumes/SmithL0/2026/BIOL470/Final/Learning_Rig/bee_0408_3/fwd/cam1_2026-04-08_18-33-04.mp4,1033.5,2134.5,826,1776,1241,2493,0.843782
1276,/Volumes/SmithL0/2026/BIOL470/Final/Learning_Rig/bee_0408_3/fwd/cam1_2026-04-08_18-33-04.mp4,1034.0,2132.5,826,1777,1242,2488,0.84321755
1277,/Volumes/SmithL0/2026/BIOL470/Final/Learning_Rig/bee_0408_3/fwd/cam1_2026-04-08_18-33-04.mp4,1033.5,2134.5,827,1776,1240,2493,0.84046835
1278,/Volumes/SmithL0/2026/BIOL470/Final/Learning_Rig/bee_0408_3/fwd/cam1_2026-04-08_18-33-04.mp4,1033.5,2132.5,826,1776,1241,2489,0.84217
1279,/Volumes/SmithL0/2026/BIOL470/Final/Learning_Rig/bee_0408_3/fwd/cam1_2026-04-08_18-33-04.mp4,1033.5,2133.0,826,1776,1241,2490,0.8436805
1280,/Volumes/SmithL0/2026/BIOL470/Final/Learning_Rig/bee_0408_3/fwd/cam1_2026-04-08_18-33-04.mp4,1034.0,2132.5,827,1776,1241,2489,0.84261024
1281,/Volumes/SmithL0/2026/BIOL470/Final/Learning_Rig/bee_0408_3/fwd/cam1_2026-04-08_18-33-04.mp4,1034.0,2132.0,826,1776,1242,2488,0.8466296
1282,/Volumes/SmithL0/2026/BIOL470/Final/Learning_Rig/bee_0408_3/fwd/cam1_2026-04-08_18-33-04.mp4,1033.5,2132.5,826,1776,1241,2489,0.84317595
1283,/Volumes/SmithL0/2026/BIOL470/Final/Learning_Rig/bee_0408_3/fwd/cam1_2026-04-08_18-33-04.mp4,1034.0,2132.0,827,1776,1241,2488,0.84324205
1284,/Volumes/SmithL0/2026/BIOL470/Final/Learning_Rig/bee_0408_3/fwd/cam1_2026-04-08_18-33-04.mp4,1034.0,2131.0,827,1776,1241,2486,0.84314805
1285,/Volumes/SmithL0/2026/BIOL470/Final/Learning_Rig/bee_0408_3/fwd/cam1_2026-04-08_18-33-04.mp4,1034.5,2129.5,828,1776,1241,2483,0.84560937
1286,/Volumes/SmithL0/2026/BIOL470/Final/Learning_Rig/bee_0408_3/fwd/cam1_2026-04-08_18-33-04.mp4,1033.5,2131.5,826,1776,1241,2487,0.84220433
1287,/Volumes/SmithL0/2026/BIOL470/Final/Learning_Rig/bee_0408_3/fwd/cam1_2026-04-08_18-33-04.mp4,1034.0,2130.5,827,1776,1241,2485,0.84487486
1288,/Volumes/SmithL0/2026/BIOL470/Final/Learning_Rig/bee_0408_3/fwd/cam1_2026-04-08_18-33-04.mp4,1034.5,2130.5,828,1776,1241,2485,0.84514546
1289,/Volumes/SmithL0/2026/BIOL470/Final/Learning_Rig/bee_0408_3/fwd/cam1_2026-04-08_18-33-04.mp4,1033.5,2130.5,826,1776,1241,2485,0.84439605
1290,/Volumes/SmithL0/2026/BIOL470/Final/Learning_Rig/bee_0408_3/fwd/cam1_2026-04-08_18-33-04.mp4,1032.0,2132.5,825,1776,1239,2489,0.8396763
1291,/Volumes/SmithL0/2026/BIOL470/Final/Learning_Rig/bee_0408_3/fwd/cam1_2026-04-08_18-33-04.mp4,1033.0,2132.0,826,1776,1240,2488,0.8410847
1292,/Volumes/SmithL0/2026/BIOL470/Final/Learning_Rig/bee_0408_3/fwd/cam1_2026-04-08_18-33-04.mp4,1033.0,2132.0,825,1776,1241,2488,0.8441644
1293,/Volumes/SmithL0/2026/BIOL470/Final/Learning_Rig/bee_0408_3/fwd/cam1_2026-04-08_18-33-04.mp4,1034.0,2132.5,827,1776,1241,2489,0.84420484
1294,/Volumes/SmithL0/2026/BIOL470/Final/Learning_Rig/bee_0408_3/fwd/cam1_2026-04-08_18-33-04.mp4,1034.5,2133.0,827,1776,1242,2490,0.8442779
1295,/Volumes/SmithL0/2026/BIOL470/Final/Learning_Rig/bee_0408_3/fwd/cam1_2026-04-08_18-33-04.mp4,1034.0,2131.0,827,1776,1241,2486,0.8452964
1296,/Volumes/SmithL0/2026/BIOL470/Final/Learning_Rig/bee_0408_3/fwd/cam1_2026-04-08_18-33-04.mp4,1034.0,2133.5,827,1776,1241,2491,0.8439017
1297,/Volumes/SmithL0/2026/BIOL470/Final/Learning_Rig/bee_0408_3/fwd/cam1_2026-04-08_18-33-04.mp4,1034.5,2133.0,827,1776,1242,2490,0.84566826
1298,/Volumes/SmithL0/2026/BIOL470/Final/Learning_Rig/bee_0408_3/fwd/cam1_2026-04-08_18-33-04.mp4,1033.5,2131.5,827,1776,1240,2487,0.8415239
1299,/Volumes/SmithL0/2026/BIOL470/Final/Learning_Rig/bee_0408_3/fwd/cam1_2026-04-08_18-33-04.mp4,1034.0,2130.5,827,1776,1241,2485,0.8450133
1300,/Volumes/SmithL0/2026/BIOL470/Final/Learning_Rig/bee_0408_3/fwd/cam1_2026-04-08_18-33-04.mp4,1034.5,2133.5,828,1776,1241,2491,0.8435563
1301,/Volumes/SmithL0/2026/BIOL470/Final/Learning_Rig/bee_0408_3/fwd/cam1_2026-04-08_18-33-04.mp4,1034.5,2134.0,827,1776,1242,2492,0.84416723
