,filepath,x_centroid,y_centroid,x_min,y_min,x_max,y_max,detection_confidence
0,/Volumes/SmithL0/2026/BIOL470/Final/Learning_Rig/bee_0408_3/fwd/cam1_2026-04-08_18-28-06.mp4,1963.5,1786.0,1722,1443,2205,2129,0.8272315
1,/Volumes/SmithL0/2026/BIOL470/Final/Learning_Rig/bee_0408_3/fwd/cam1_2026-04-08_18-28-06.mp4,1955.5,1813.5,1709,1507,2202,2120,0.81816626
2,/Volumes/SmithL0/2026/BIOL470/Final/Learning_Rig/bee_0408_3/fwd/cam1_2026-04-08_18-28-06.mp4,1946.0,1822.5,1686,1526,2206,2119,0.81560576
3,/Volumes/SmithL0/2026/BIOL470/Final/Learning_Rig/bee_0408_3/fwd/cam1_2026-04-08_18-28-06.mp4,1938.0,1834.0,1667,1539,2209,2129,0.8310391
4,/Volumes/SmithL0/2026/BIOL470/Final/Learning_Rig/bee_0408_3/fwd/cam1_2026-04-08_18-28-06.mp4,1922.0,1797.5,1645,1484,2199,2111,0.8367011
5,/Volumes/SmithL0/2026/BIOL470/Final/Learning_Rig/bee_0408_3/fwd/cam1_2026-04-08_18-28-06.mp4,1895.0,1828.0,1607,1536,2183,2120,0.83319426
6,/Volumes/SmithL0/2026/BIOL470/Final/Learning_Rig/bee_0408_3/fwd/cam1_2026-04-08_18-28-06.mp4,1895.5,1820.5,1600,1543,2191,2098,0.8376443
7,/Volumes/SmithL0/2026/BIOL470/Final/Learning_Rig/bee_0408_3/fwd/cam1_2026-04-08_18-28-06.mp4,1891.5,1840.0,1595,1546,2188,2134,0.8471025
8,/Volumes/SmithL0/2026/BIOL470/Final/Learning_Rig/bee_0408_3/fwd/cam1_2026-04-08_18-28-06.mp4,1862.0,1820.5,1573,1560,2151,2081,0.80050004
9,/Volumes/SmithL0/2026/BIOL470/Final/Learning_Rig/bee_0408_3/fwd/cam1_2026-04-08_18-28-06.mp4,1862.5,1803.5,1562,1524,2163,2083,0.8115351
10,/Volumes/SmithL0/2026/BIOL470/Final/Learning_Rig/bee_0408_3/fwd/cam1_2026-04-08_18-28-06.mp4,1844.0,1847.0,1548,1609,2140,2085,0.804841
11,/Volumes/SmithL0/2026/BIOL470/Final/Learning_Rig/bee_0408_3/fwd/cam1_2026-04-08_18-28-06.mp4,1889.5,1826.5,1545,1535,2234,2118,0.79377156
12,/Volumes/SmithL0/2026/BIOL470/Final/Learning_Rig/bee_0408_3/fwd/cam1_2026-04-08_18-28-06.mp4,1877.5,1824.5,1545,1528,2210,2121,0.804014
13,/Volumes/SmithL0/2026/BIOL470/Final/Learning_Rig/bee_0408_3/fwd/cam1_2026-04-08_18-28-06.mp4,1873.0,1843.0,1541,1522,2205,2164,0.82786405
14,/Volumes/SmithL0/2026/BIOL470/Final/Learning_Rig/bee_0408_3/fwd/cam1_2026-04-08_18-28-06.mp4,1791.0,1864.5,1380,1538,2202,2191,0.78576875
15,/Volumes/SmithL0/2026/BIOL470/Final/Learning_Rig/bee_0408_3/fwd/cam1_2026-04-08_18-28-06.mp4,1798.5,1855.0,1405,1541,2192,2169,0.808283
16,/Volumes/SmithL0/2026/BIOL470/Final/Learning_Rig/bee_0408_3/fwd/cam1_2026-04-08_18-28-06.mp4,1799.5,1851.5,1419,1544,2180,2159,0.8193585
17,/Volumes/SmithL0/2026/BIOL470/Final/Learning_Rig/bee_0408_3/fwd/cam1_2026-04-08_18-28-06.mp4,1795.5,1835.5,1416,1545,2175,2126,0.80055916
18,/Volumes/SmithL0/2026/BIOL470/Final/Learning_Rig/bee_0408_3/fwd/cam1_2026-04-08_18-28-06.mp4,1812.0,1861.0,1442,1580,2182,2142,0.8136519
19,/Volumes/SmithL0/2026/BIOL470/Final/Learning_Rig/bee_0408_3/fwd/cam1_2026-04-08_18-28-06.mp4,1819.0,1868.0,1485,1552,2153,2184,0.8261367
20,/Volumes/SmithL0/2026/BIOL470/Final/Learning_Rig/bee_0408_3/fwd/cam1_2026-04-08_18-28-06.mp4,1786.5,1876.5,1455,1543,2118,2210,0.7989733
21,/Volumes/SmithL0/2026/BIOL470/Final/Learning_Rig/bee_0408_3/fwd/cam1_2026-04-08_18-28-06.mp4,1784.5,1881.0,1456,1543,2113,2219,0.8154724
22,/Volumes/SmithL0/2026/BIOL470/Final/Learning_Rig/bee_0408_3/fwd/cam1_2026-04-08_18-28-06.mp4,1783.5,1887.0,1459,1544,2108,2230,0.8029613
23,/Volumes/SmithL0/2026/BIOL470/Final/Learning_Rig/bee_0408_3/fwd/cam1_2026-04-08_18-28-06.mp4,1786.0,1879.0,1457,1542,2115,2216,0.79310995
24,/Volumes/SmithL0/2026/BIOL470/Final/Learning_Rig/bee_0408_3/fwd/cam1_2026-04-08_18-28-06.mp4,1783.0,1873.0,1458,1532,2108,2214,0.80336267
25,/Volumes/SmithL0/2026/BIOL470/Final/Learning_Rig/bee_0408_3/fwd/cam1_2026-04-08_18-28-06.mp4,1784.0,1886.5,1458,1538,2110,2235,0.80038935
26,/Volumes/SmithL0/2026/BIOL470/Final/Learning_Rig/bee_0408_3/fwd/cam1_2026-04-08_18-28-06.mp4,1787.0,1887.5,1466,1541,2108,2234,0.80311733
27,/Volumes/SmithL0/2026/BIOL470/Final/Learning_Rig/bee_0408_3/fwd/cam1_2026-04-08_18-28-06.mp4,1817.0,1896.0,1526,1555,2108,2237,0.7813238
28,/Volumes/SmithL0/2026/BIOL470/Final/Learning_Rig/bee_0408_3/fwd/cam1_2026-04-08_18-28-06.mp4,1807.0,1888.0,1511,1542,2103,2234,0.7862556
29,/Volumes/SmithL0/2026/BIOL470/Final/Learning_Rig/bee_0408_3/fwd/cam1_2026-04-08_18-28-06.mp4,1806.0,1886.0,1517,1539,2095,2233,0.8055182
30,/Volumes/SmithL0/2026/BIOL470/Final/Learning_Rig/bee_0408_3/fwd/cam1_2026-04-08_18-28-06.mp4,1816.0,1889.5,1540,1555,2092,2224,0.811579
31,/Volumes/SmithL0/2026/BIOL470/Final/Learning_Rig/bee_0408_3/fwd/cam1_2026-04-08_18-28-06.mp4,1793.5,1896.5,1519,1562,2068,2231,0.8105085
32,/Volumes/SmithL0/2026/BIOL470/Final/Learning_Rig/bee_0408_3/fwd/cam1_2026-04-08_18-28-06.mp4,1785.5,1898.5,1514,1567,2057,2230,0.8138692
33,/Volumes/SmithL0/2026/BIOL470/Final/Learning_Rig/bee_0408_3/fwd/cam1_2026-04-08_18-28-06.mp4,1786.5,1901.5,1518,1563,2055,2240,0.80287653
34,/Volumes/SmithL0/2026/BIOL470/Final/Learning_Rig/bee_0408_3/fwd/cam1_2026-04-08_18-28-06.mp4,1755.0,1902.5,1462,1565,2048,2240,0.81453675
35,/Volumes/SmithL0/2026/BIOL470/Final/Learning_Rig/bee_0408_3/fwd/cam1_2026-04-08_18-28-06.mp4,1715.0,1899.5,1470,1561,1960,2238,0.8443896
36,/Volumes/SmithL0/2026/BIOL470/Final/Learning_Rig/bee_0408_3/fwd/cam1_2026-04-08_18-28-06.mp4,1700.0,1905.5,1470,1565,1930,2246,0.8464329
37,/Volumes/SmithL0/2026/BIOL470/Final/Learning_Rig/bee_0408_3/fwd/cam1_2026-04-08_18-28-06.mp4,1695.5,1900.5,1458,1564,1933,2237,0.8420273
38,/Volumes/SmithL0/2026/BIOL470/Final/Learning_Rig/bee_0408_3/fwd/cam1_2026-04-08_18-28-06.mp4,1676.5,1901.5,1458,1568,1895,2235,0.8227418
39,/Volumes/SmithL0/2026/BIOL470/Final/Learning_Rig/bee_0408_3/fwd/cam1_2026-04-08_18-28-06.mp4,1675.5,1904.5,1449,1570,1902,2239,0.8015189
40,/Volumes/SmithL0/2026/BIOL470/Final/Learning_Rig/bee_0408_3/fwd/cam1_2026-04-08_18-28-06.mp4,1665.0,1904.0,1364,1566,1966,2242,0.8023674
41,/Volumes/SmithL0/2026/BIOL470/Final/Learning_Rig/bee_0408_3/fwd/cam1_2026-04-08_18-28-06.mp4,1667.5,1915.0,1354,1584,1981,2246,0.80032736
42,/Volumes/SmithL0/2026/BIOL470/Final/Learning_Rig/bee_0408_3/fwd/cam1_2026-04-08_18-28-06.mp4,1665.5,1955.0,1333,1654,1998,2256,0.7890964
43,/Volumes/SmithL0/2026/BIOL470/Final/Learning_Rig/bee_0408_3/fwd/cam1_2026-04-08_18-28-06.mp4,1662.0,1957.5,1342,1665,1982,2250,0.8202474
44,/Volumes/SmithL0/2026/BIOL470/Final/Learning_Rig/bee_0408_3/fwd/cam1_2026-04-08_18-28-06.mp4,1665.5,1969.0,1350,1681,1981,2257,0.8101131
45,/Volumes/SmithL0/2026/BIOL470/Final/Learning_Rig/bee_0408_3/fwd/cam1_2026-04-08_18-28-06.mp4,1667.5,1980.5,1355,1678,1980,2283,0.8073004
46,/Volumes/SmithL0/2026/BIOL470/Final/Learning_Rig/bee_0408_3/fwd/cam1_2026-04-08_18-28-06.mp4,1657.5,2008.0,1361,1681,1954,2335,0.8133594
47,/Volumes/SmithL0/2026/BIOL470/Final/Learning_Rig/bee_0408_3/fwd/cam1_2026-04-08_18-28-06.mp4,1652.0,2042.5,1372,1691,1932,2394,0.8141697
48,/Volumes/SmithL0/2026/BIOL470/Final/Learning_Rig/bee_0408_3/fwd/cam1_2026-04-08_18-28-06.mp4,1635.5,2086.0,1354,1720,1917,2452,0.8112723
49,/Volumes/SmithL0/2026/BIOL470/Final/Learning_Rig/bee_0408_3/fwd/cam1_2026-04-08_18-28-06.mp4,1613.0,2104.5,1359,1746,1867,2463,0.83210963
50,/Volumes/SmithL0/2026/BIOL470/Final/Learning_Rig/bee_0408_3/fwd/cam1_2026-04-08_18-28-06.mp4,1592.0,2106.5,1323,1738,1861,2475,0.8198275
51,/Volumes/SmithL0/2026/BIOL470/Final/Learning_Rig/bee_0408_3/fwd/cam1_2026-04-08_18-28-06.mp4,1586.0,2106.5,1306,1760,1866,2453,0.8330026
52,/Volumes/SmithL0/2026/BIOL470/Final/Learning_Rig/bee_0408_3/fwd/cam1_2026-04-08_18-28-06.mp4,1551.5,2142.0,1285,1774,1818,2510,0.8257991
53,/Volumes/SmithL0/2026/BIOL470/Final/Learning_Rig/bee_0408_3/fwd/cam1_2026-04-08_18-28-06.mp4,1507.5,2145.5,1240,1793,1775,2498,0.8375631
54,/Volumes/SmithL0/2026/BIOL470/Final/Learning_Rig/bee_0408_3/fwd/cam1_2026-04-08_18-28-06.mp4,1519.5,2164.5,1237,1834,1802,2495,0.8368703
55,/Volumes/SmithL0/2026/BIOL470/Final/Learning_Rig/bee_0408_3/fwd/cam1_2026-04-08_18-28-06.mp4,1505.0,2182.0,1204,1861,1806,2503,0.8033452
56,/Volumes/SmithL0/2026/BIOL470/Final/Learning_Rig/bee_0408_3/fwd/cam1_2026-04-08_18-28-06.mp4,1377.0,2167.0,1057,1869,1697,2465,0.7954663
57,/Volumes/SmithL0/2026/BIOL470/Final/Learning_Rig/bee_0408_3/fwd/cam1_2026-04-08_18-28-06.mp4,1321.0,2191.5,977,1878,1665,2505,0.84197736
58,/Volumes/SmithL0/2026/BIOL470/Final/Learning_Rig/bee_0408_3/fwd/cam1_2026-04-08_18-28-06.mp4,1280.0,2167.5,948,1873,1612,2462,0.80051553
59,/Volumes/SmithL0/2026/BIOL470/Final/Learning_Rig/bee_0408_3/fwd/cam1_2026-04-08_18-28-06.mp4,1229.5,2158.5,894,1856,1565,2461,0.8098261
60,/Volumes/SmithL0/2026/BIOL470/Final/Learning_Rig/bee_0408_3/fwd/cam1_2026-04-08_18-28-06.mp4,1231.0,2157.0,899,1851,1563,2463,0.80690914
61,/Volumes/SmithL0/2026/BIOL470/Final/Learning_Rig/bee_0408_3/fwd/cam1_2026-04-08_18-28-06.mp4,1234.0,2166.5,906,1875,1562,2458,0.80930394
62,/Volumes/SmithL0/2026/BIOL470/Final/Learning_Rig/bee_0408_3/fwd/cam1_2026-04-08_18-28-06.mp4,1248.0,2160.5,933,1859,1563,2462,0.81040174
63,/Volumes/SmithL0/2026/BIOL470/Final/Learning_Rig/bee_0408_3/fwd/cam1_2026-04-08_18-28-06.mp4,1238.0,2172.5,915,1887,1561,2458,0.8145025
64,/Volumes/SmithL0/2026/BIOL470/Final/Learning_Rig/bee_0408_3/fwd/cam1_2026-04-08_18-28-06.mp4,1230.0,2180.0,898,1880,1562,2480,0.81752354
65,/Volumes/SmithL0/2026/BIOL470/Final/Learning_Rig/bee_0408_3/fwd/cam1_2026-04-08_18-28-06.mp4,1225.0,2161.5,888,1889,1562,2434,0.8238551
66,/Volumes/SmithL0/2026/BIOL470/Final/Learning_Rig/bee_0408_3/fwd/cam1_2026-04-08_18-28-06.mp4,1212.0,2135.0,858,1889,1566,2381,0.80960053
67,/Volumes/SmithL0/2026/BIOL470/Final/Learning_Rig/bee_0408_3/fwd/cam1_2026-04-08_18-28-06.mp4,1213.5,2122.5,859,1865,1568,2380,0.8008064
68,/Volumes/SmithL0/2026/BIOL470/Final/Learning_Rig/bee_0408_3/fwd/cam1_2026-04-08_18-28-06.mp4,1226.0,2103.0,869,1859,1583,2347,0.7961677
69,/Volumes/SmithL0/2026/BIOL470/Final/Learning_Rig/bee_0408_3/fwd/cam1_2026-04-08_18-28-06.mp4,1219.5,2103.5,852,1858,1587,2349,0.7944115
70,/Volumes/SmithL0/2026/BIOL470/Final/Learning_Rig/bee_0408_3/fwd/cam1_2026-04-08_18-28-06.mp4,1226.0,2101.5,859,1846,1593,2357,0.7809428
71,/Volumes/SmithL0/2026/BIOL470/Final/Learning_Rig/bee_0408_3/fwd/cam1_2026-04-08_18-28-06.mp4,1228.0,2096.5,860,1808,1596,2385,0.8044215
72,/Volumes/SmithL0/2026/BIOL470/Final/Learning_Rig/bee_0408_3/fwd/cam1_2026-04-08_18-28-06.mp4,1227.5,2120.5,862,1841,1593,2400,0.8170372
73,/Volumes/SmithL0/2026/BIOL470/Final/Learning_Rig/bee_0408_3/fwd/cam1_2026-04-08_18-28-06.mp4,1213.5,2088.5,865,1798,1562,2379,0.82652664
74,/Volumes/SmithL0/2026/BIOL470/Final/Learning_Rig/bee_0408_3/fwd/cam1_2026-04-08_18-28-06.mp4,1194.0,2073.5,853,1768,1535,2379,0.81817144
75,/Volumes/SmithL0/2026/BIOL470/Final/Learning_Rig/bee_0408_3/fwd/cam1_2026-04-08_18-28-06.mp4,1167.5,2065.5,854,1745,1481,2386,0.82449925
76,/Volumes/SmithL0/2026/BIOL470/Final/Learning_Rig/bee_0408_3/fwd/cam1_2026-04-08_18-28-06.mp4,1167.0,2027.5,877,1713,1457,2342,0.80925095
77,/Volumes/SmithL0/2026/BIOL470/Final/Learning_Rig/bee_0408_3/fwd/cam1_2026-04-08_18-28-06.mp4,1157.0,2032.5,875,1722,1439,2343,0.81905985
78,/Volumes/SmithL0/2026/BIOL470/Final/Learning_Rig/bee_0408_3/fwd/cam1_2026-04-08_18-28-06.mp4,1138.5,2031.5,853,1724,1424,2339,0.81431216
79,/Volumes/SmithL0/2026/BIOL470/Final/Learning_Rig/bee_0408_3/fwd/cam1_2026-04-08_18-28-06.mp4,1132.0,2032.5,852,1726,1412,2339,0.81359833
80,/Volumes/SmithL0/2026/BIOL470/Final/Learning_Rig/bee_0408_3/fwd/cam1_2026-04-08_18-28-06.mp4,1124.0,2029.5,848,1717,1400,2342,0.81790835
81,/Volumes/SmithL0/2026/BIOL470/Final/Learning_Rig/bee_0408_3/fwd/cam1_2026-04-08_18-28-06.mp4,1120.5,2028.5,843,1715,1398,2342,0.81197
82,/Volumes/SmithL0/2026/BIOL470/Final/Learning_Rig/bee_0408_3/fwd/cam1_2026-04-08_18-28-06.mp4,1119.5,2024.0,842,1707,1397,2341,0.8007881
83,/Volumes/SmithL0/2026/BIOL470/Final/Learning_Rig/bee_0408_3/fwd/cam1_2026-04-08_18-28-06.mp4,1119.5,2022.5,842,1704,1397,2341,0.80654204
84,/Volumes/SmithL0/2026/BIOL470/Final/Learning_Rig/bee_0408_3/fwd/cam1_2026-04-08_18-28-06.mp4,1126.5,2033.0,854,1705,1399,2361,0.8182133
85,/Volumes/SmithL0/2026/BIOL470/Final/Learning_Rig/bee_0408_3/fwd/cam1_2026-04-08_18-28-06.mp4,1128.0,2038.0,881,1701,1375,2375,0.819705
86,/Volumes/SmithL0/2026/BIOL470/Final/Learning_Rig/bee_0408_3/fwd/cam1_2026-04-08_18-28-06.mp4,1090.0,2026.5,872,1687,1308,2366,0.82430106
87,/Volumes/SmithL0/2026/BIOL470/Final/Learning_Rig/bee_0408_3/fwd/cam1_2026-04-08_18-28-06.mp4,1071.5,2013.5,860,1679,1283,2348,0.83890474
88,/Volumes/SmithL0/2026/BIOL470/Final/Learning_Rig/bee_0408_3/fwd/cam1_2026-04-08_18-28-06.mp4,1091.0,2005.0,883,1663,1299,2347,0.82352334
89,/Volumes/SmithL0/2026/BIOL470/Final/Learning_Rig/bee_0408_3/fwd/cam1_2026-04-08_18-28-06.mp4,1083.0,2001.5,902,1658,1264,2345,0.8228882
90,/Volumes/SmithL0/2026/BIOL470/Final/Learning_Rig/bee_0408_3/fwd/cam1_2026-04-08_18-28-06.mp4,1101.0,1993.5,896,1641,1306,2346,0.80157995
91,/Volumes/SmithL0/2026/BIOL470/Final/Learning_Rig/bee_0408_3/fwd/cam1_2026-04-08_18-28-06.mp4,1091.5,1984.0,895,1629,1288,2339,0.76406664
92,/Volumes/SmithL0/2026/BIOL470/Final/Learning_Rig/bee_0408_3/fwd/cam1_2026-04-08_18-28-06.mp4,1077.5,1994.0,884,1641,1271,2347,0.779437
93,/Volumes/SmithL0/2026/BIOL470/Final/Learning_Rig/bee_0408_3/fwd/cam1_2026-04-08_18-28-06.mp4,1077.5,1994.5,883,1645,1272,2344,0.7904546
94,/Volumes/SmithL0/2026/BIOL470/Final/Learning_Rig/bee_0408_3/fwd/cam1_2026-04-08_18-28-06.mp4,1077.0,1997.0,881,1651,1273,2343,0.8114125
95,/Volumes/SmithL0/2026/BIOL470/Final/Learning_Rig/bee_0408_3/fwd/cam1_2026-04-08_18-28-06.mp4,1076.0,1995.0,879,1646,1273,2344,0.8146155
96,/Volumes/SmithL0/2026/BIOL470/Final/Learning_Rig/bee_0408_3/fwd/cam1_2026-04-08_18-28-06.mp4,1075.5,1997.0,879,1647,1272,2347,0.7994187
97,/Volumes/SmithL0/2026/BIOL470/Final/Learning_Rig/bee_0408_3/fwd/cam1_2026-04-08_18-28-06.mp4,1056.5,1991.0,844,1654,1269,2328,0.82555413
98,/Volumes/SmithL0/2026/BIOL470/Final/Learning_Rig/bee_0408_3/fwd/cam1_2026-04-08_18-28-06.mp4,1063.0,1982.0,817,1665,1309,2299,0.82470095
99,/Volumes/SmithL0/2026/BIOL470/Final/Learning_Rig/bee_0408_3/fwd/cam1_2026-04-08_18-28-06.mp4,1067.0,1968.0,797,1657,1337,2279,0.8301034
100,/Volumes/SmithL0/2026/BIOL470/Final/Learning_Rig/bee_0408_3/fwd/cam1_2026-04-08_18-28-06.mp4,1196.0,1948.5,817,1651,1575,2246,0.81384975
101,/Volumes/SmithL0/2026/BIOL470/Final/Learning_Rig/bee_0408_3/fwd/cam1_2026-04-08_18-28-06.mp4,1192.5,1898.5,845,1593,1540,2204,0.80358255
102,/Volumes/SmithL0/2026/BIOL470/Final/Learning_Rig/bee_0408_3/fwd/cam1_2026-04-08_18-28-06.mp4,1206.0,1838.0,904,1520,1508,2156,0.8204253
103,/Volumes/SmithL0/2026/BIOL470/Final/Learning_Rig/bee_0408_3/fwd/cam1_2026-04-08_18-28-06.mp4,1216.0,1784.5,934,1458,1498,2111,0.8099784
104,/Volumes/SmithL0/2026/BIOL470/Final/Learning_Rig/bee_0408_3/fwd/cam1_2026-04-08_18-28-06.mp4,1261.5,1718.0,944,1393,1579,2043,0.8099669
105,/Volumes/SmithL0/2026/BIOL470/Final/Learning_Rig/bee_0408_3/fwd/cam1_2026-04-08_18-28-06.mp4,1322.0,1623.0,1014,1279,1630,1967,0.80613214
106,/Volumes/SmithL0/2026/BIOL470/Final/Learning_Rig/bee_0408_3/fwd/cam1_2026-04-08_18-28-06.mp4,1314.0,1593.5,1009,1275,1619,1912,0.8105205
107,/Volumes/SmithL0/2026/BIOL470/Final/Learning_Rig/bee_0408_3/fwd/cam1_2026-04-08_18-28-06.mp4,1350.5,1589.5,1045,1294,1656,1885,0.7880404
108,/Volumes/SmithL0/2026/BIOL470/Final/Learning_Rig/bee_0408_3/fwd/cam1_2026-04-08_18-28-06.mp4,1399.5,1565.5,1092,1250,1707,1881,0.8136841
109,/Volumes/SmithL0/2026/BIOL470/Final/Learning_Rig/bee_0408_3/fwd/cam1_2026-04-08_18-28-06.mp4,1408.0,1532.0,1094,1213,1722,1851,0.8122633
110,/Volumes/SmithL0/2026/BIOL470/Final/Learning_Rig/bee_0408_3/fwd/cam1_2026-04-08_18-28-06.mp4,1388.5,1485.0,1093,1163,1684,1807,0.80528235
111,/Volumes/SmithL0/2026/BIOL470/Final/Learning_Rig/bee_0408_3/fwd/cam1_2026-04-08_18-28-06.mp4,1411.0,1411.0,1134,1065,1688,1757,0.79771876
112,/Volumes/SmithL0/2026/BIOL470/Final/Learning_Rig/bee_0408_3/fwd/cam1_2026-04-08_18-28-06.mp4,1436.5,1276.5,1152,936,1721,1617,0.7960928
113,/Volumes/SmithL0/2026/BIOL470/Final/Learning_Rig/bee_0408_3/fwd/cam1_2026-04-08_18-28-06.mp4,1504.5,1198.0,1213,848,1796,1548,0.80414057
114,/Volumes/SmithL0/2026/BIOL470/Final/Learning_Rig/bee_0408_3/fwd/cam1_2026-04-08_18-28-06.mp4,1543.0,1126.0,1244,768,1842,1484,0.84818393
115,/Volumes/SmithL0/2026/BIOL470/Final/Learning_Rig/bee_0408_3/fwd/cam1_2026-04-08_18-28-06.mp4,1549.0,1036.5,1254,670,1844,1403,0.8311304
116,/Volumes/SmithL0/2026/BIOL470/Final/Learning_Rig/bee_0408_3/fwd/cam1_2026-04-08_18-28-06.mp4,1616.0,941.5,1326,570,1906,1313,0.82031286
117,/Volumes/SmithL0/2026/BIOL470/Final/Learning_Rig/bee_0408_3/fwd/cam1_2026-04-08_18-28-06.mp4,1537.5,871.5,1253,479,1822,1264,0.85601676
118,/Volumes/SmithL0/2026/BIOL470/Final/Learning_Rig/bee_0408_3/fwd/cam1_2026-04-08_18-28-06.mp4,1521.5,837.5,1239,457,1804,1218,0.83579063
119,/Volumes/SmithL0/2026/BIOL470/Final/Learning_Rig/bee_0408_3/fwd/cam1_2026-04-08_18-28-06.mp4,1514.5,768.5,1238,386,1791,1151,0.82557416
120,/Volumes/SmithL0/2026/BIOL470/Final/Learning_Rig/bee_0408_3/fwd/cam1_2026-04-08_18-28-06.mp4,1397.0,710.0,1081,342,1713,1078,0.84475994
121,/Volumes/SmithL0/2026/BIOL470/Final/Learning_Rig/bee_0408_3/fwd/cam1_2026-04-08_18-28-06.mp4,1278.5,710.5,937,366,1620,1055,0.83873355
122,/Volumes/SmithL0/2026/BIOL470/Final/Learning_Rig/bee_0408_3/fwd/cam1_2026-04-08_18-28-06.mp4,1221.0,677.5,881,323,1561,1032,0.79780155
123,/Volumes/SmithL0/2026/BIOL470/Final/Learning_Rig/bee_0408_3/fwd/cam1_2026-04-08_18-28-06.mp4,1190.0,620.0,895,330,1485,910,0.7970116
124,/Volumes/SmithL0/2026/BIOL470/Final/Learning_Rig/bee_0408_3/fwd/cam1_2026-04-08_18-28-06.mp4,1139.0,599.0,845,275,1433,923,0.8225259
125,/Volumes/SmithL0/2026/BIOL470/Final/Learning_Rig/bee_0408_3/fwd/cam1_2026-04-08_18-28-06.mp4,1092.0,564.0,826,212,1358,916,0.8293332
126,/Volumes/SmithL0/2026/BIOL470/Final/Learning_Rig/bee_0408_3/fwd/cam1_2026-04-08_18-28-06.mp4,1089.0,476.5,823,105,1355,848,0.8254935
127,/Volumes/SmithL0/2026/BIOL470/Final/Learning_Rig/bee_0408_3/fwd/cam1_2026-04-08_18-28-06.mp4,1084.5,511.5,822,134,1347,889,0.83597696
128,/Volumes/SmithL0/2026/BIOL470/Final/Learning_Rig/bee_0408_3/fwd/cam1_2026-04-08_18-28-06.mp4,1088.0,546.0,821,149,1355,943,0.8347676
129,/Volumes/SmithL0/2026/BIOL470/Final/Learning_Rig/bee_0408_3/fwd/cam1_2026-04-08_18-28-06.mp4,1102.5,580.0,830,223,1375,937,0.83691186
130,/Volumes/SmithL0/2026/BIOL470/Final/Learning_Rig/bee_0408_3/fwd/cam1_2026-04-08_18-28-06.mp4,1109.0,613.0,832,292,1386,934,0.854231
131,/Volumes/SmithL0/2026/BIOL470/Final/Learning_Rig/bee_0408_3/fwd/cam1_2026-04-08_18-28-06.mp4,1112.0,598.5,835,265,1389,932,0.83693993
132,/Volumes/SmithL0/2026/BIOL470/Final/Learning_Rig/bee_0408_3/fwd/cam1_2026-04-08_18-28-06.mp4,1121.5,589.0,831,247,1412,931,0.824654
133,/Volumes/SmithL0/2026/BIOL470/Final/Learning_Rig/bee_0408_3/fwd/cam1_2026-04-08_18-28-06.mp4,1152.5,603.0,830,285,1475,921,0.81613564
134,/Volumes/SmithL0/2026/BIOL470/Final/Learning_Rig/bee_0408_3/fwd/cam1_2026-04-08_18-28-06.mp4,1175.0,584.5,841,290,1509,879,0.81808573
135,/Volumes/SmithL0/2026/BIOL470/Final/Learning_Rig/bee_0408_3/fwd/cam1_2026-04-08_18-28-06.mp4,1178.5,584.0,846,290,1511,878,0.81315833
136,/Volumes/SmithL0/2026/BIOL470/Final/Learning_Rig/bee_0408_3/fwd/cam1_2026-04-08_18-28-06.mp4,1182.0,601.5,851,331,1513,872,0.81755406
137,/Volumes/SmithL0/2026/BIOL470/Final/Learning_Rig/bee_0408_3/fwd/cam1_2026-04-08_18-28-06.mp4,1198.5,594.5,854,340,1543,849,0.81412405
138,/Volumes/SmithL0/2026/BIOL470/Final/Learning_Rig/bee_0408_3/fwd/cam1_2026-04-08_18-28-06.mp4,1195.5,597.0,854,341,1537,853,0.81541264
139,/Volumes/SmithL0/2026/BIOL470/Final/Learning_Rig/bee_0408_3/fwd/cam1_2026-04-08_18-28-06.mp4,1208.0,612.0,851,335,1565,889,0.8270452
140,/Volumes/SmithL0/2026/BIOL470/Final/Learning_Rig/bee_0408_3/fwd/cam1_2026-04-08_18-28-06.mp4,1231.0,642.5,896,313,1566,972,0.8472521
141,/Volumes/SmithL0/2026/BIOL470/Final/Learning_Rig/bee_0408_3/fwd/cam1_2026-04-08_18-28-06.mp4,1244.5,648.0,904,281,1585,1015,0.83022565
142,/Volumes/SmithL0/2026/BIOL470/Final/Learning_Rig/bee_0408_3/fwd/cam1_2026-04-08_18-28-06.mp4,1283.5,673.0,994,325,1573,1021,0.80545413
143,/Volumes/SmithL0/2026/BIOL470/Final/Learning_Rig/bee_0408_3/fwd/cam1_2026-04-08_18-28-06.mp4,1288.0,697.0,999,319,1577,1075,0.826031
144,/Volumes/SmithL0/2026/BIOL470/Final/Learning_Rig/bee_0408_3/fwd/cam1_2026-04-08_18-28-06.mp4,1300.0,703.0,1012,328,1588,1078,0.81437856
145,/Volumes/SmithL0/2026/BIOL470/Final/Learning_Rig/bee_0408_3/fwd/cam1_2026-04-08_18-28-06.mp4,1400.0,705.0,1057,318,1743,1092,0.8338868
146,/Volumes/SmithL0/2026/BIOL470/Final/Learning_Rig/bee_0408_3/fwd/cam1_2026-04-08_18-28-06.mp4,1503.0,618.5,1165,243,1841,994,0.8290985
147,/Volumes/SmithL0/2026/BIOL470/Final/Learning_Rig/bee_0408_3/fwd/cam1_2026-04-08_18-28-06.mp4,1486.0,601.5,1159,216,1813,987,0.8643107
148,/Volumes/SmithL0/2026/BIOL470/Final/Learning_Rig/bee_0408_3/fwd/cam1_2026-04-08_18-28-06.mp4,1453.5,647.0,1160,278,1747,1016,0.8199001
149,/Volumes/SmithL0/2026/BIOL470/Final/Learning_Rig/bee_0408_3/fwd/cam1_2026-04-08_18-28-06.mp4,1457.0,675.5,1161,328,1753,1023,0.82339734
150,/Volumes/SmithL0/2026/BIOL470/Final/Learning_Rig/bee_0408_3/fwd/cam1_2026-04-08_18-28-06.mp4,1471.0,686.0,1155,340,1787,1032,0.8310808
151,/Volumes/SmithL0/2026/BIOL470/Final/Learning_Rig/bee_0408_3/fwd/cam1_2026-04-08_18-28-06.mp4,1475.5,681.0,1146,329,1805,1033,0.80000806
152,/Volumes/SmithL0/2026/BIOL470/Final/Learning_Rig/bee_0408_3/fwd/cam1_2026-04-08_18-28-06.mp4,1438.5,677.5,1103,333,1774,1022,0.81123525
153,/Volumes/SmithL0/2026/BIOL470/Final/Learning_Rig/bee_0408_3/fwd/cam1_2026-04-08_18-28-06.mp4,1438.0,667.0,1084,323,1792,1011,0.7965247
154,/Volumes/SmithL0/2026/BIOL470/Final/Learning_Rig/bee_0408_3/fwd/cam1_2026-04-08_18-28-06.mp4,1441.0,720.5,1074,435,1808,1006,0.78017783
155,/Volumes/SmithL0/2026/BIOL470/Final/Learning_Rig/bee_0408_3/fwd/cam1_2026-04-08_18-28-06.mp4,1427.0,709.5,1067,402,1787,1017,0.7929676
156,/Volumes/SmithL0/2026/BIOL470/Final/Learning_Rig/bee_0408_3/fwd/cam1_2026-04-08_18-28-06.mp4,1427.0,727.5,1068,433,1786,1022,0.7946836
157,/Volumes/SmithL0/2026/BIOL470/Final/Learning_Rig/bee_0408_3/fwd/cam1_2026-04-08_18-28-06.mp4,1422.5,768.5,1055,511,1790,1026,0.79895407
158,/Volumes/SmithL0/2026/BIOL470/Final/Learning_Rig/bee_0408_3/fwd/cam1_2026-04-08_18-28-06.mp4,1413.0,715.0,1056,418,1770,1012,0.8236717
159,/Volumes/SmithL0/2026/BIOL470/Final/Learning_Rig/bee_0408_3/fwd/cam1_2026-04-08_18-28-06.mp4,1426.5,709.5,1055,439,1798,980,0.8214783
160,/Volumes/SmithL0/2026/BIOL470/Final/Learning_Rig/bee_0408_3/fwd/cam1_2026-04-08_18-28-06.mp4,1394.5,689.0,1026,427,1763,951,0.81395215
161,/Volumes/SmithL0/2026/BIOL470/Final/Learning_Rig/bee_0408_3/fwd/cam1_2026-04-08_18-28-06.mp4,1396.5,701.0,1021,421,1772,981,0.80867785
162,/Volumes/SmithL0/2026/BIOL470/Final/Learning_Rig/bee_0408_3/fwd/cam1_2026-04-08_18-28-06.mp4,1419.5,673.0,1049,408,1790,938,0.82092947
163,/Volumes/SmithL0/2026/BIOL470/Final/Learning_Rig/bee_0408_3/fwd/cam1_2026-04-08_18-28-06.mp4,1416.0,634.0,1048,348,1784,920,0.8077967
164,/Volumes/SmithL0/2026/BIOL470/Final/Learning_Rig/bee_0408_3/fwd/cam1_2026-04-08_18-28-06.mp4,1412.0,608.5,1042,300,1782,917,0.81933004
165,/Volumes/SmithL0/2026/BIOL470/Final/Learning_Rig/bee_0408_3/fwd/cam1_2026-04-08_18-28-06.mp4,1430.0,598.5,1090,243,1770,954,0.8310455
166,/Volumes/SmithL0/2026/BIOL470/Final/Learning_Rig/bee_0408_3/fwd/cam1_2026-04-08_18-28-06.mp4,1434.5,595.0,1089,242,1780,948,0.82514477
167,/Volumes/SmithL0/2026/BIOL470/Final/Learning_Rig/bee_0408_3/fwd/cam1_2026-04-08_18-28-06.mp4,1425.5,588.5,1078,247,1773,930,0.8158688
168,/Volumes/SmithL0/2026/BIOL470/Final/Learning_Rig/bee_0408_3/fwd/cam1_2026-04-08_18-28-06.mp4,1414.5,567.5,1063,177,1766,958,0.8120763
169,/Volumes/SmithL0/2026/BIOL470/Final/Learning_Rig/bee_0408_3/fwd/cam1_2026-04-08_18-28-06.mp4,1413.5,552.5,1066,158,1761,947,0.8189491
170,/Volumes/SmithL0/2026/BIOL470/Final/Learning_Rig/bee_0408_3/fwd/cam1_2026-04-08_18-28-06.mp4,1415.0,438.0,1077,158,1753,718,0.6262523
171,/Volumes/SmithL0/2026/BIOL470/Final/Learning_Rig/bee_0408_3/fwd/cam1_2026-04-08_18-28-06.mp4,1414.0,566.5,1067,190,1761,943,0.81178397
172,/Volumes/SmithL0/2026/BIOL470/Final/Learning_Rig/bee_0408_3/fwd/cam1_2026-04-08_18-28-06.mp4,1423.0,567.5,1092,191,1754,944,0.8203017
173,/Volumes/SmithL0/2026/BIOL470/Final/Learning_Rig/bee_0408_3/fwd/cam1_2026-04-08_18-28-06.mp4,1394.5,584.0,1056,240,1733,928,0.82418245
174,/Volumes/SmithL0/2026/BIOL470/Final/Learning_Rig/bee_0408_3/fwd/cam1_2026-04-08_18-28-06.mp4,1396.0,586.0,1044,243,1748,929,0.8282945
175,/Volumes/SmithL0/2026/BIOL470/Final/Learning_Rig/bee_0408_3/fwd/cam1_2026-04-08_18-28-06.mp4,1421.0,589.5,1073,252,1769,927,0.8245896
176,/Volumes/SmithL0/2026/BIOL470/Final/Learning_Rig/bee_0408_3/fwd/cam1_2026-04-08_18-28-06.mp4,1413.0,590.0,1062,255,1764,925,0.8297911
177,/Volumes/SmithL0/2026/BIOL470/Final/Learning_Rig/bee_0408_3/fwd/cam1_2026-04-08_18-28-06.mp4,1419.0,576.5,1073,247,1765,906,0.82128537
178,/Volumes/SmithL0/2026/BIOL470/Final/Learning_Rig/bee_0408_3/fwd/cam1_2026-04-08_18-28-06.mp4,1418.0,581.0,1075,251,1761,911,0.82513624
179,/Volumes/SmithL0/2026/BIOL470/Final/Learning_Rig/bee_0408_3/fwd/cam1_2026-04-08_18-28-06.mp4,1418.5,576.0,1076,252,1761,900,0.8288588
180,/Volumes/SmithL0/2026/BIOL470/Final/Learning_Rig/bee_0408_3/fwd/cam1_2026-04-08_18-28-06.mp4,1408.0,577.5,1079,244,1737,911,0.8204391
181,/Volumes/SmithL0/2026/BIOL470/Final/Learning_Rig/bee_0408_3/fwd/cam1_2026-04-08_18-28-06.mp4,1424.5,560.5,1096,260,1753,861,0.8168741
182,/Volumes/SmithL0/2026/BIOL470/Final/Learning_Rig/bee_0408_3/fwd/cam1_2026-04-08_18-28-06.mp4,1418.0,577.0,1089,256,1747,898,0.8193399
183,/Volumes/SmithL0/2026/BIOL470/Final/Learning_Rig/bee_0408_3/fwd/cam1_2026-04-08_18-28-06.mp4,1406.5,550.5,1055,236,1758,865,0.81599593
184,/Volumes/SmithL0/2026/BIOL470/Final/Learning_Rig/bee_0408_3/fwd/cam1_2026-04-08_18-28-06.mp4,1378.0,545.0,1043,242,1713,848,0.8159432
185,/Volumes/SmithL0/2026/BIOL470/Final/Learning_Rig/bee_0408_3/fwd/cam1_2026-04-08_18-28-06.mp4,1234.5,517.0,763,158,1706,876,0.79178506
186,/Volumes/SmithL0/2026/BIOL470/Final/Learning_Rig/bee_0408_3/fwd/cam1_2026-04-08_18-28-06.mp4,1252.5,510.0,865,180,1640,840,0.8079458
187,/Volumes/SmithL0/2026/BIOL470/Final/Learning_Rig/bee_0408_3/fwd/cam1_2026-04-08_18-28-06.mp4,1253.5,483.0,908,130,1599,836,0.8100105
188,/Volumes/SmithL0/2026/BIOL470/Final/Learning_Rig/bee_0408_3/fwd/cam1_2026-04-08_18-28-06.mp4,1262.5,476.5,884,137,1641,816,0.7911637
189,/Volumes/SmithL0/2026/BIOL470/Final/Learning_Rig/bee_0408_3/fwd/cam1_2026-04-08_18-28-06.mp4,1204.0,474.0,841,134,1567,814,0.8096535
190,/Volumes/SmithL0/2026/BIOL470/Final/Learning_Rig/bee_0408_3/fwd/cam1_2026-04-08_18-28-06.mp4,1221.0,470.0,839,133,1603,807,0.80737936
191,/Volumes/SmithL0/2026/BIOL470/Final/Learning_Rig/bee_0408_3/fwd/cam1_2026-04-08_18-28-06.mp4,1232.5,483.5,840,130,1625,837,0.8064009
192,/Volumes/SmithL0/2026/BIOL470/Final/Learning_Rig/bee_0408_3/fwd/cam1_2026-04-08_18-28-06.mp4,1222.0,492.0,865,132,1579,852,0.7996646
193,/Volumes/SmithL0/2026/BIOL470/Final/Learning_Rig/bee_0408_3/fwd/cam1_2026-04-08_18-28-06.mp4,1217.0,502.5,875,133,1559,872,0.8143411
194,/Volumes/SmithL0/2026/BIOL470/Final/Learning_Rig/bee_0408_3/fwd/cam1_2026-04-08_18-28-06.mp4,1218.5,463.5,870,133,1567,794,0.8160315
195,/Volumes/SmithL0/2026/BIOL470/Final/Learning_Rig/bee_0408_3/fwd/cam1_2026-04-08_18-28-06.mp4,1230.5,469.0,861,133,1600,805,0.80261946
196,/Volumes/SmithL0/2026/BIOL470/Final/Learning_Rig/bee_0408_3/fwd/cam1_2026-04-08_18-28-06.mp4,1195.0,401.5,818,69,1572,734,0.8120135
197,/Volumes/SmithL0/2026/BIOL470/Final/Learning_Rig/bee_0408_3/fwd/cam1_2026-04-08_18-28-06.mp4,1198.5,427.5,830,137,1567,718,0.81055295
198,/Volumes/SmithL0/2026/BIOL470/Final/Learning_Rig/bee_0408_3/fwd/cam1_2026-04-08_18-28-06.mp4,1198.0,439.0,832,164,1564,714,0.75152034
199,/Volumes/SmithL0/2026/BIOL470/Final/Learning_Rig/bee_0408_3/fwd/cam1_2026-04-08_18-28-06.mp4,1163.0,448.5,817,129,1509,768,0.7936908
200,/Volumes/SmithL0/2026/BIOL470/Final/Learning_Rig/bee_0408_3/fwd/cam1_2026-04-08_18-28-06.mp4,1190.5,477.0,827,125,1554,829,0.8127288
201,/Volumes/SmithL0/2026/BIOL470/Final/Learning_Rig/bee_0408_3/fwd/cam1_2026-04-08_18-28-06.mp4,1149.5,479.5,838,118,1461,841,0.81096005
202,/Volumes/SmithL0/2026/BIOL470/Final/Learning_Rig/bee_0408_3/fwd/cam1_2026-04-08_18-28-06.mp4,1206.0,517.5,873,213,1539,822,0.79531765
203,/Volumes/SmithL0/2026/BIOL470/Final/Learning_Rig/bee_0408_3/fwd/cam1_2026-04-08_18-28-06.mp4,1193.0,488.0,846,143,1540,833,0.8083355
204,/Volumes/SmithL0/2026/BIOL470/Final/Learning_Rig/bee_0408_3/fwd/cam1_2026-04-08_18-28-06.mp4,1211.5,473.5,875,122,1548,825,0.80302685
205,/Volumes/SmithL0/2026/BIOL470/Final/Learning_Rig/bee_0408_3/fwd/cam1_2026-04-08_18-28-06.mp4,1209.0,456.0,905,96,1513,816,0.79595864
206,/Volumes/SmithL0/2026/BIOL470/Final/Learning_Rig/bee_0408_3/fwd/cam1_2026-04-08_18-28-06.mp4,1232.0,443.5,903,114,1561,773,0.82666403
207,/Volumes/SmithL0/2026/BIOL470/Final/Learning_Rig/bee_0408_3/fwd/cam1_2026-04-08_18-28-06.mp4,1208.5,423.5,853,102,1564,745,0.8409124
208,/Volumes/SmithL0/2026/BIOL470/Final/Learning_Rig/bee_0408_3/fwd/cam1_2026-04-08_18-28-06.mp4,1203.5,410.5,841,112,1566,709,0.85223985
209,/Volumes/SmithL0/2026/BIOL470/Final/Learning_Rig/bee_0408_3/fwd/cam1_2026-04-08_18-28-06.mp4,1198.5,407.0,833,105,1564,709,0.83009416
210,/Volumes/SmithL0/2026/BIOL470/Final/Learning_Rig/bee_0408_3/fwd/cam1_2026-04-08_18-28-06.mp4,1200.5,420.0,833,117,1568,723,0.8309416
211,/Volumes/SmithL0/2026/BIOL470/Final/Learning_Rig/bee_0408_3/fwd/cam1_2026-04-08_18-28-06.mp4,1202.0,423.0,838,135,1566,711,0.8268083
212,/Volumes/SmithL0/2026/BIOL470/Final/Learning_Rig/bee_0408_3/fwd/cam1_2026-04-08_18-28-06.mp4,1203.0,368.0,838,124,1568,612,0.81765205
213,/Volumes/SmithL0/2026/BIOL470/Final/Learning_Rig/bee_0408_3/fwd/cam1_2026-04-08_18-28-06.mp4,1218.5,382.0,830,134,1607,630,0.80908054
214,/Volumes/SmithL0/2026/BIOL470/Final/Learning_Rig/bee_0408_3/fwd/cam1_2026-04-08_18-28-06.mp4,1218.5,419.5,826,148,1611,691,0.7999657
215,/Volumes/SmithL0/2026/BIOL470/Final/Learning_Rig/bee_0408_3/fwd/cam1_2026-04-08_18-28-06.mp4,1238.5,432.5,856,127,1621,738,0.83390117
216,/Volumes/SmithL0/2026/BIOL470/Final/Learning_Rig/bee_0408_3/fwd/cam1_2026-04-08_18-28-06.mp4,1229.5,421.5,852,97,1607,746,0.83143127
217,/Volumes/SmithL0/2026/BIOL470/Final/Learning_Rig/bee_0408_3/fwd/cam1_2026-04-08_18-28-06.mp4,1183.0,428.5,805,68,1561,789,0.8354845
218,/Volumes/SmithL0/2026/BIOL470/Final/Learning_Rig/bee_0408_3/fwd/cam1_2026-04-08_18-28-06.mp4,1184.0,445.5,823,88,1545,803,0.85238844
219,/Volumes/SmithL0/2026/BIOL470/Final/Learning_Rig/bee_0408_3/fwd/cam1_2026-04-08_18-28-06.mp4,1206.0,473.5,857,112,1555,835,0.79323316
220,/Volumes/SmithL0/2026/BIOL470/Final/Learning_Rig/bee_0408_3/fwd/cam1_2026-04-08_18-28-06.mp4,1183.5,488.5,807,127,1560,850,0.7972502
221,/Volumes/SmithL0/2026/BIOL470/Final/Learning_Rig/bee_0408_3/fwd/cam1_2026-04-08_18-28-06.mp4,1214.0,519.5,860,142,1568,897,0.8202579
222,/Volumes/SmithL0/2026/BIOL470/Final/Learning_Rig/bee_0408_3/fwd/cam1_2026-04-08_18-28-06.mp4,1256.5,595.0,923,205,1590,985,0.8143318
223,/Volumes/SmithL0/2026/BIOL470/Final/Learning_Rig/bee_0408_3/fwd/cam1_2026-04-08_18-28-06.mp4,1277.5,636.0,927,259,1628,1013,0.825831
224,/Volumes/SmithL0/2026/BIOL470/Final/Learning_Rig/bee_0408_3/fwd/cam1_2026-04-08_18-28-06.mp4,1281.5,656.5,922,276,1641,1037,0.835198
225,/Volumes/SmithL0/2026/BIOL470/Final/Learning_Rig/bee_0408_3/fwd/cam1_2026-04-08_18-28-06.mp4,1319.0,679.0,1023,290,1615,1068,0.80977577
226,/Volumes/SmithL0/2026/BIOL470/Final/Learning_Rig/bee_0408_3/fwd/cam1_2026-04-08_18-28-06.mp4,1211.5,680.0,777,306,1646,1054,0.61034006
227,/Volumes/SmithL0/2026/BIOL470/Final/Learning_Rig/bee_0408_3/fwd/cam1_2026-04-08_18-28-06.mp4,1276.5,718.5,988,339,1565,1098,0.80442697
228,/Volumes/SmithL0/2026/BIOL470/Final/Learning_Rig/bee_0408_3/fwd/cam1_2026-04-08_18-28-06.mp4,1245.0,806.5,935,423,1555,1190,0.8383581
229,/Volumes/SmithL0/2026/BIOL470/Final/Learning_Rig/bee_0408_3/fwd/cam1_2026-04-08_18-28-06.mp4,1233.5,866.0,938,487,1529,1245,0.8240482
230,/Volumes/SmithL0/2026/BIOL470/Final/Learning_Rig/bee_0408_3/fwd/cam1_2026-04-08_18-28-06.mp4,1156.5,992.5,847,594,1466,1391,0.8331674
231,/Volumes/SmithL0/2026/BIOL470/Final/Learning_Rig/bee_0408_3/fwd/cam1_2026-04-08_18-28-06.mp4,1168.5,1077.0,910,684,1427,1470,0.82329994
232,/Volumes/SmithL0/2026/BIOL470/Final/Learning_Rig/bee_0408_3/fwd/cam1_2026-04-08_18-28-06.mp4,1127.0,1158.5,905,767,1349,1550,0.82931745
233,/Volumes/SmithL0/2026/BIOL470/Final/Learning_Rig/bee_0408_3/fwd/cam1_2026-04-08_18-28-06.mp4,1130.0,1195.0,886,806,1374,1584,0.84542483
234,/Volumes/SmithL0/2026/BIOL470/Final/Learning_Rig/bee_0408_3/fwd/cam1_2026-04-08_18-28-06.mp4,1128.5,1284.0,867,893,1390,1675,0.81714785
235,/Volumes/SmithL0/2026/BIOL470/Final/Learning_Rig/bee_0408_3/fwd/cam1_2026-04-08_18-28-06.mp4,1132.5,1351.0,858,967,1407,1735,0.836054
236,/Volumes/SmithL0/2026/BIOL470/Final/Learning_Rig/bee_0408_3/fwd/cam1_2026-04-08_18-28-06.mp4,1123.0,1415.0,877,1021,1369,1809,0.83300877
237,/Volumes/SmithL0/2026/BIOL470/Final/Learning_Rig/bee_0408_3/fwd/cam1_2026-04-08_18-28-06.mp4,1129.5,1543.5,886,1167,1373,1920,0.8430332
238,/Volumes/SmithL0/2026/BIOL470/Final/Learning_Rig/bee_0408_3/fwd/cam1_2026-04-08_18-28-06.mp4,1191.5,1650.5,892,1258,1491,2043,0.7982033
239,/Volumes/SmithL0/2026/BIOL470/Final/Learning_Rig/bee_0408_3/fwd/cam1_2026-04-08_18-28-06.mp4,1194.5,1764.0,909,1388,1480,2140,0.8256005
240,/Volumes/SmithL0/2026/BIOL470/Final/Learning_Rig/bee_0408_3/fwd/cam1_2026-04-08_18-28-06.mp4,1185.5,1849.5,899,1463,1472,2236,0.81629777
241,/Volumes/SmithL0/2026/BIOL470/Final/Learning_Rig/bee_0408_3/fwd/cam1_2026-04-08_18-28-06.mp4,1228.0,1943.5,926,1557,1530,2330,0.8038432
242,/Volumes/SmithL0/2026/BIOL470/Final/Learning_Rig/bee_0408_3/fwd/cam1_2026-04-08_18-28-06.mp4,1242.5,2056.5,948,1695,1537,2418,0.82538086
243,/Volumes/SmithL0/2026/BIOL470/Final/Learning_Rig/bee_0408_3/fwd/cam1_2026-04-08_18-28-06.mp4,1287.0,2071.0,983,1764,1591,2378,0.821379
244,/Volumes/SmithL0/2026/BIOL470/Final/Learning_Rig/bee_0408_3/fwd/cam1_2026-04-08_18-28-06.mp4,1281.0,2069.5,966,1750,1596,2389,0.80677664
245,/Volumes/SmithL0/2026/BIOL470/Final/Learning_Rig/bee_0408_3/fwd/cam1_2026-04-08_18-28-06.mp4,1279.5,2035.5,949,1708,1610,2363,0.806407
246,/Volumes/SmithL0/2026/BIOL470/Final/Learning_Rig/bee_0408_3/fwd/cam1_2026-04-08_18-28-06.mp4,1263.5,2044.0,956,1704,1571,2384,0.7999268
247,/Volumes/SmithL0/2026/BIOL470/Final/Learning_Rig/bee_0408_3/fwd/cam1_2026-04-08_18-28-06.mp4,1236.0,2050.0,949,1705,1523,2395,0.81627136
248,/Volumes/SmithL0/2026/BIOL470/Final/Learning_Rig/bee_0408_3/fwd/cam1_2026-04-08_18-28-06.mp4,1235.0,2038.5,945,1688,1525,2389,0.8318515
249,/Volumes/SmithL0/2026/BIOL470/Final/Learning_Rig/bee_0408_3/fwd/cam1_2026-04-08_18-28-06.mp4,1221.5,2023.0,912,1683,1531,2363,0.84053576
250,/Volumes/SmithL0/2026/BIOL470/Final/Learning_Rig/bee_0408_3/fwd/cam1_2026-04-08_18-28-06.mp4,1208.5,2014.0,900,1682,1517,2346,0.8448619
251,/Volumes/SmithL0/2026/BIOL470/Final/Learning_Rig/bee_0408_3/fwd/cam1_2026-04-08_18-28-06.mp4,1193.0,2022.0,878,1695,1508,2349,0.82279444
252,/Volumes/SmithL0/2026/BIOL470/Final/Learning_Rig/bee_0408_3/fwd/cam1_2026-04-08_18-28-06.mp4,1194.5,2034.5,883,1709,1506,2360,0.82553524
253,/Volumes/SmithL0/2026/BIOL470/Final/Learning_Rig/bee_0408_3/fwd/cam1_2026-04-08_18-28-06.mp4,1197.0,2058.5,895,1740,1499,2377,0.8139497
254,/Volumes/SmithL0/2026/BIOL470/Final/Learning_Rig/bee_0408_3/fwd/cam1_2026-04-08_18-28-06.mp4,1176.5,2084.5,871,1750,1482,2419,0.8007084
255,/Volumes/SmithL0/2026/BIOL470/Final/Learning_Rig/bee_0408_3/fwd/cam1_2026-04-08_18-28-06.mp4,1170.5,2083.5,869,1767,1472,2400,0.8170409
256,/Volumes/SmithL0/2026/BIOL470/Final/Learning_Rig/bee_0408_3/fwd/cam1_2026-04-08_18-28-06.mp4,1179.5,2058.0,867,1754,1492,2362,0.8128825
257,/Volumes/SmithL0/2026/BIOL470/Final/Learning_Rig/bee_0408_3/fwd/cam1_2026-04-08_18-28-06.mp4,1208.0,2041.5,891,1744,1525,2339,0.8151947
258,/Volumes/SmithL0/2026/BIOL470/Final/Learning_Rig/bee_0408_3/fwd/cam1_2026-04-08_18-28-06.mp4,1202.0,2019.0,851,1699,1553,2339,0.8025576
259,/Volumes/SmithL0/2026/BIOL470/Final/Learning_Rig/bee_0408_3/fwd/cam1_2026-04-08_18-28-06.mp4,1211.0,2001.0,861,1685,1561,2317,0.8077694
260,/Volumes/SmithL0/2026/BIOL470/Final/Learning_Rig/bee_0408_3/fwd/cam1_2026-04-08_18-28-06.mp4,1209.0,1954.5,858,1658,1560,2251,0.8036721
261,/Volumes/SmithL0/2026/BIOL470/Final/Learning_Rig/bee_0408_3/fwd/cam1_2026-04-08_18-28-06.mp4,1220.5,1917.5,880,1612,1561,2223,0.8361592
262,/Volumes/SmithL0/2026/BIOL470/Final/Learning_Rig/bee_0408_3/fwd/cam1_2026-04-08_18-28-06.mp4,1208.5,1890.5,851,1559,1566,2222,0.82328534
263,/Volumes/SmithL0/2026/BIOL470/Final/Learning_Rig/bee_0408_3/fwd/cam1_2026-04-08_18-28-06.mp4,1215.0,1832.0,841,1555,1589,2109,0.81191653
264,/Volumes/SmithL0/2026/BIOL470/Final/Learning_Rig/bee_0408_3/fwd/cam1_2026-04-08_18-28-06.mp4,1212.5,1832.5,822,1555,1603,2110,0.8118714
265,/Volumes/SmithL0/2026/BIOL470/Final/Learning_Rig/bee_0408_3/fwd/cam1_2026-04-08_18-28-06.mp4,1212.5,1845.0,820,1556,1605,2134,0.81167376
266,/Volumes/SmithL0/2026/BIOL470/Final/Learning_Rig/bee_0408_3/fwd/cam1_2026-04-08_18-28-06.mp4,1207.0,1855.5,810,1555,1604,2156,0.80978763
267,/Volumes/SmithL0/2026/BIOL470/Final/Learning_Rig/bee_0408_3/fwd/cam1_2026-04-08_18-28-06.mp4,1244.0,1788.5,873,1555,1615,2022,0.7715193
268,/Volumes/SmithL0/2026/BIOL470/Final/Learning_Rig/bee_0408_3/fwd/cam1_2026-04-08_18-28-06.mp4,1253.0,1740.0,887,1461,1619,2019,0.793505
269,/Volumes/SmithL0/2026/BIOL470/Final/Learning_Rig/bee_0408_3/fwd/cam1_2026-04-08_18-28-06.mp4,1253.5,1744.0,894,1472,1613,2016,0.7887472
270,/Volumes/SmithL0/2026/BIOL470/Final/Learning_Rig/bee_0408_3/fwd/cam1_2026-04-08_18-28-06.mp4,1223.0,1683.5,868,1399,1578,1968,0.79121757
271,/Volumes/SmithL0/2026/BIOL470/Final/Learning_Rig/bee_0408_3/fwd/cam1_2026-04-08_18-28-06.mp4,1206.5,1670.0,848,1357,1565,1983,0.8113249
272,/Volumes/SmithL0/2026/BIOL470/Final/Learning_Rig/bee_0408_3/fwd/cam1_2026-04-08_18-28-06.mp4,1214.0,1675.5,869,1358,1559,1993,0.8076704
273,/Volumes/SmithL0/2026/BIOL470/Final/Learning_Rig/bee_0408_3/fwd/cam1_2026-04-08_18-28-06.mp4,1223.0,1652.5,891,1357,1555,1948,0.8125231
274,/Volumes/SmithL0/2026/BIOL470/Final/Learning_Rig/bee_0408_3/fwd/cam1_2026-04-08_18-28-06.mp4,1226.5,1654.5,892,1354,1561,1955,0.8185719
275,/Volumes/SmithL0/2026/BIOL470/Final/Learning_Rig/bee_0408_3/fwd/cam1_2026-04-08_18-28-06.mp4,1226.0,1647.5,897,1355,1555,1940,0.8189951
276,/Volumes/SmithL0/2026/BIOL470/Final/Learning_Rig/bee_0408_3/fwd/cam1_2026-04-08_18-28-06.mp4,1223.0,1647.0,892,1355,1554,1939,0.8150609
277,/Volumes/SmithL0/2026/BIOL470/Final/Learning_Rig/bee_0408_3/fwd/cam1_2026-04-08_18-28-06.mp4,1223.5,1646.0,893,1355,1554,1937,0.81225324
278,/Volumes/SmithL0/2026/BIOL470/Final/Learning_Rig/bee_0408_3/fwd/cam1_2026-04-08_18-28-06.mp4,1220.0,1643.0,888,1355,1552,1931,0.80852133
279,/Volumes/SmithL0/2026/BIOL470/Final/Learning_Rig/bee_0408_3/fwd/cam1_2026-04-08_18-28-06.mp4,1218.5,1640.5,882,1356,1555,1925,0.8057699
280,/Volumes/SmithL0/2026/BIOL470/Final/Learning_Rig/bee_0408_3/fwd/cam1_2026-04-08_18-28-06.mp4,1207.5,1637.0,868,1352,1547,1922,0.8073059
281,/Volumes/SmithL0/2026/BIOL470/Final/Learning_Rig/bee_0408_3/fwd/cam1_2026-04-08_18-28-06.mp4,1203.5,1635.5,863,1350,1544,1921,0.8035221
282,/Volumes/SmithL0/2026/BIOL470/Final/Learning_Rig/bee_0408_3/fwd/cam1_2026-04-08_18-28-06.mp4,1197.5,1641.0,862,1352,1533,1930,0.8050286
283,/Volumes/SmithL0/2026/BIOL470/Final/Learning_Rig/bee_0408_3/fwd/cam1_2026-04-08_18-28-06.mp4,1187.5,1653.0,864,1383,1511,1923,0.79647326
284,/Volumes/SmithL0/2026/BIOL470/Final/Learning_Rig/bee_0408_3/fwd/cam1_2026-04-08_18-28-06.mp4,1181.5,1647.5,857,1371,1506,1924,0.8048341
285,/Volumes/SmithL0/2026/BIOL470/Final/Learning_Rig/bee_0408_3/fwd/cam1_2026-04-08_18-28-06.mp4,1188.5,1649.5,845,1365,1532,1934,0.8117723
286,/Volumes/SmithL0/2026/BIOL470/Final/Learning_Rig/bee_0408_3/fwd/cam1_2026-04-08_18-28-06.mp4,1206.5,1645.5,849,1365,1564,1926,0.82014865
287,/Volumes/SmithL0/2026/BIOL470/Final/Learning_Rig/bee_0408_3/fwd/cam1_2026-04-08_18-28-06.mp4,1216.5,1642.5,844,1364,1589,1921,0.82434994
288,/Volumes/SmithL0/2026/BIOL470/Final/Learning_Rig/bee_0408_3/fwd/cam1_2026-04-08_18-28-06.mp4,1203.5,1652.0,811,1362,1596,1942,0.7988833
289,/Volumes/SmithL0/2026/BIOL470/Final/Learning_Rig/bee_0408_3/fwd/cam1_2026-04-08_18-28-06.mp4,1200.5,1605.5,832,1355,1569,1856,0.7988819
290,/Volumes/SmithL0/2026/BIOL470/Final/Learning_Rig/bee_0408_3/fwd/cam1_2026-04-08_18-28-06.mp4,1210.5,1600.5,846,1338,1575,1863,0.81121767
291,/Volumes/SmithL0/2026/BIOL470/Final/Learning_Rig/bee_0408_3/fwd/cam1_2026-04-08_18-28-06.mp4,1189.0,1610.5,804,1332,1574,1889,0.8031166
292,/Volumes/SmithL0/2026/BIOL470/Final/Learning_Rig/bee_0408_3/fwd/cam1_2026-04-08_18-28-06.mp4,1241.5,1635.0,929,1327,1554,1943,0.80651456
293,/Volumes/SmithL0/2026/BIOL470/Final/Learning_Rig/bee_0408_3/fwd/cam1_2026-04-08_18-28-06.mp4,1211.0,1665.0,881,1338,1541,1992,0.79817253
294,/Volumes/SmithL0/2026/BIOL470/Final/Learning_Rig/bee_0408_3/fwd/cam1_2026-04-08_18-28-06.mp4,1213.0,1699.0,885,1408,1541,1990,0.80904746
295,/Volumes/SmithL0/2026/BIOL470/Final/Learning_Rig/bee_0408_3/fwd/cam1_2026-04-08_18-28-06.mp4,1199.0,1731.5,899,1458,1499,2005,0.8086692
296,/Volumes/SmithL0/2026/BIOL470/Final/Learning_Rig/bee_0408_3/fwd/cam1_2026-04-08_18-28-06.mp4,1166.5,1742.5,845,1452,1488,2033,0.7882077
297,/Volumes/SmithL0/2026/BIOL470/Final/Learning_Rig/bee_0408_3/fwd/cam1_2026-04-08_18-28-06.mp4,1070.5,1901.0,803,1549,1338,2253,0.8123049
298,/Volumes/SmithL0/2026/BIOL470/Final/Learning_Rig/bee_0408_3/fwd/cam1_2026-04-08_18-28-06.mp4,1080.0,1934.0,818,1563,1342,2305,0.81829286
299,/Volumes/SmithL0/2026/BIOL470/Final/Learning_Rig/bee_0408_3/fwd/cam1_2026-04-08_18-28-06.mp4,1092.5,1943.5,841,1568,1344,2319,0.8684112
300,/Volumes/SmithL0/2026/BIOL470/Final/Learning_Rig/bee_0408_3/fwd/cam1_2026-04-08_18-28-06.mp4,1100.0,1989.5,854,1627,1346,2352,0.8280222
301,/Volumes/SmithL0/2026/BIOL470/Final/Learning_Rig/bee_0408_3/fwd/cam1_2026-04-08_18-28-06.mp4,1090.5,2041.0,839,1659,1342,2423,0.83353794
302,/Volumes/SmithL0/2026/BIOL470/Final/Learning_Rig/bee_0408_3/fwd/cam1_2026-04-08_18-28-06.mp4,1094.0,2077.5,834,1700,1354,2455,0.8388246
303,/Volumes/SmithL0/2026/BIOL470/Final/Learning_Rig/bee_0408_3/fwd/cam1_2026-04-08_18-28-06.mp4,1103.0,2109.0,847,1752,1359,2466,0.8316583
304,/Volumes/SmithL0/2026/BIOL470/Final/Learning_Rig/bee_0408_3/fwd/cam1_2026-04-08_18-28-06.mp4,1107.0,2115.5,847,1764,1367,2467,0.80903196
305,/Volumes/SmithL0/2026/BIOL470/Final/Learning_Rig/bee_0408_3/fwd/cam1_2026-04-08_18-28-06.mp4,1092.5,2110.0,849,1760,1336,2460,0.8102248
306,/Volumes/SmithL0/2026/BIOL470/Final/Learning_Rig/bee_0408_3/fwd/cam1_2026-04-08_18-28-06.mp4,1107.5,2106.0,845,1763,1370,2449,0.81852496
307,/Volumes/SmithL0/2026/BIOL470/Final/Learning_Rig/bee_0408_3/fwd/cam1_2026-04-08_18-28-06.mp4,1100.5,2094.5,852,1752,1349,2437,0.8202796
308,/Volumes/SmithL0/2026/BIOL470/Final/Learning_Rig/bee_0408_3/fwd/cam1_2026-04-08_18-28-06.mp4,1103.5,2086.5,852,1739,1355,2434,0.8375477
309,/Volumes/SmithL0/2026/BIOL470/Final/Learning_Rig/bee_0408_3/fwd/cam1_2026-04-08_18-28-06.mp4,1100.0,2055.5,852,1708,1348,2403,0.86799
310,/Volumes/SmithL0/2026/BIOL470/Final/Learning_Rig/bee_0408_3/fwd/cam1_2026-04-08_18-28-06.mp4,1098.5,2054.5,851,1708,1346,2401,0.8642391
311,/Volumes/SmithL0/2026/BIOL470/Final/Learning_Rig/bee_0408_3/fwd/cam1_2026-04-08_18-28-06.mp4,1098.5,2051.0,851,1708,1346,2394,0.85657257
312,/Volumes/SmithL0/2026/BIOL470/Final/Learning_Rig/bee_0408_3/fwd/cam1_2026-04-08_18-28-06.mp4,1098.0,2048.0,849,1707,1347,2389,0.8459183
313,/Volumes/SmithL0/2026/BIOL470/Final/Learning_Rig/bee_0408_3/fwd/cam1_2026-04-08_18-28-06.mp4,1102.5,2045.0,847,1708,1358,2382,0.8422614
314,/Volumes/SmithL0/2026/BIOL470/Final/Learning_Rig/bee_0408_3/fwd/cam1_2026-04-08_18-28-06.mp4,1102.5,2042.0,843,1709,1362,2375,0.83015317
315,/Volumes/SmithL0/2026/BIOL470/Final/Learning_Rig/bee_0408_3/fwd/cam1_2026-04-08_18-28-06.mp4,1105.0,2028.0,834,1697,1376,2359,0.8338558
316,/Volumes/SmithL0/2026/BIOL470/Final/Learning_Rig/bee_0408_3/fwd/cam1_2026-04-08_18-28-06.mp4,1102.0,2025.0,832,1692,1372,2358,0.8270744
317,/Volumes/SmithL0/2026/BIOL470/Final/Learning_Rig/bee_0408_3/fwd/cam1_2026-04-08_18-28-06.mp4,1100.0,2015.5,831,1679,1369,2352,0.82796854
318,/Volumes/SmithL0/2026/BIOL470/Final/Learning_Rig/bee_0408_3/fwd/cam1_2026-04-08_18-28-06.mp4,1100.0,2013.5,832,1676,1368,2351,0.82345074
319,/Volumes/SmithL0/2026/BIOL470/Final/Learning_Rig/bee_0408_3/fwd/cam1_2026-04-08_18-28-06.mp4,1097.5,2012.5,830,1675,1365,2350,0.83757263
320,/Volumes/SmithL0/2026/BIOL470/Final/Learning_Rig/bee_0408_3/fwd/cam1_2026-04-08_18-28-06.mp4,1096.0,2013.0,828,1674,1364,2352,0.83071226
321,/Volumes/SmithL0/2026/BIOL470/Final/Learning_Rig/bee_0408_3/fwd/cam1_2026-04-08_18-28-06.mp4,1092.5,2011.0,832,1664,1353,2358,0.8305077
322,/Volumes/SmithL0/2026/BIOL470/Final/Learning_Rig/bee_0408_3/fwd/cam1_2026-04-08_18-28-06.mp4,1091.5,2010.5,831,1664,1352,2357,0.8220652
323,/Volumes/SmithL0/2026/BIOL470/Final/Learning_Rig/bee_0408_3/fwd/cam1_2026-04-08_18-28-06.mp4,1091.0,1985.0,838,1642,1344,2328,0.80616957
324,/Volumes/SmithL0/2026/BIOL470/Final/Learning_Rig/bee_0408_3/fwd/cam1_2026-04-08_18-28-06.mp4,1091.5,1967.0,840,1626,1343,2308,0.81834793
325,/Volumes/SmithL0/2026/BIOL470/Final/Learning_Rig/bee_0408_3/fwd/cam1_2026-04-08_18-28-06.mp4,1095.0,1950.0,841,1602,1349,2298,0.8163047
326,/Volumes/SmithL0/2026/BIOL470/Final/Learning_Rig/bee_0408_3/fwd/cam1_2026-04-08_18-28-06.mp4,1086.5,1950.0,842,1600,1331,2300,0.81123346
327,/Volumes/SmithL0/2026/BIOL470/Final/Learning_Rig/bee_0408_3/fwd/cam1_2026-04-08_18-28-06.mp4,1066.5,1934.5,844,1585,1289,2284,0.76622355
328,/Volumes/SmithL0/2026/BIOL470/Final/Learning_Rig/bee_0408_3/fwd/cam1_2026-04-08_18-28-06.mp4,1096.5,1926.5,845,1588,1348,2265,0.79502094
329,/Volumes/SmithL0/2026/BIOL470/Final/Learning_Rig/bee_0408_3/fwd/cam1_2026-04-08_18-28-06.mp4,1091.0,1924.5,844,1590,1338,2259,0.79756916
330,/Volumes/SmithL0/2026/BIOL470/Final/Learning_Rig/bee_0408_3/fwd/cam1_2026-04-08_18-28-06.mp4,1063.0,1923.5,844,1588,1282,2259,0.7965145
331,/Volumes/SmithL0/2026/BIOL470/Final/Learning_Rig/bee_0408_3/fwd/cam1_2026-04-08_18-28-06.mp4,1041.5,1919.0,845,1576,1238,2262,0.7865433
332,/Volumes/SmithL0/2026/BIOL470/Final/Learning_Rig/bee_0408_3/fwd/cam1_2026-04-08_18-28-06.mp4,1060.0,1917.5,845,1571,1275,2264,0.7915927
333,/Volumes/SmithL0/2026/BIOL470/Final/Learning_Rig/bee_0408_3/fwd/cam1_2026-04-08_18-28-06.mp4,1063.0,1918.0,845,1572,1281,2264,0.7934989
334,/Volumes/SmithL0/2026/BIOL470/Final/Learning_Rig/bee_0408_3/fwd/cam1_2026-04-08_18-28-06.mp4,1076.5,1919.0,844,1571,1309,2267,0.8010759
335,/Volumes/SmithL0/2026/BIOL470/Final/Learning_Rig/bee_0408_3/fwd/cam1_2026-04-08_18-28-06.mp4,1080.0,1910.0,843,1569,1317,2251,0.7822929
336,/Volumes/SmithL0/2026/BIOL470/Final/Learning_Rig/bee_0408_3/fwd/cam1_2026-04-08_18-28-06.mp4,1079.5,1912.5,844,1570,1315,2255,0.78736466
337,/Volumes/SmithL0/2026/BIOL470/Final/Learning_Rig/bee_0408_3/fwd/cam1_2026-04-08_18-28-06.mp4,1074.5,1915.5,841,1571,1308,2260,0.79328096
338,/Volumes/SmithL0/2026/BIOL470/Final/Learning_Rig/bee_0408_3/fwd/cam1_2026-04-08_18-28-06.mp4,1080.5,1912.0,841,1569,1320,2255,0.79307216
339,/Volumes/SmithL0/2026/BIOL470/Final/Learning_Rig/bee_0408_3/fwd/cam1_2026-04-08_18-28-06.mp4,1082.0,1912.5,833,1570,1331,2255,0.7902642
340,/Volumes/SmithL0/2026/BIOL470/Final/Learning_Rig/bee_0408_3/fwd/cam1_2026-04-08_18-28-06.mp4,1083.0,1909.5,840,1564,1326,2255,0.7865393
341,/Volumes/SmithL0/2026/BIOL470/Final/Learning_Rig/bee_0408_3/fwd/cam1_2026-04-08_18-28-06.mp4,1079.0,1923.5,838,1565,1320,2282,0.78963274
342,/Volumes/SmithL0/2026/BIOL470/Final/Learning_Rig/bee_0408_3/fwd/cam1_2026-04-08_18-28-06.mp4,1074.5,1920.0,838,1564,1311,2276,0.7892302
343,/Volumes/SmithL0/2026/BIOL470/Final/Learning_Rig/bee_0408_3/fwd/cam1_2026-04-08_18-28-06.mp4,1069.5,1927.0,837,1563,1302,2291,0.78530174
344,/Volumes/SmithL0/2026/BIOL470/Final/Learning_Rig/bee_0408_3/fwd/cam1_2026-04-08_18-28-06.mp4,1079.0,1930.0,838,1564,1320,2296,0.8058376
345,/Volumes/SmithL0/2026/BIOL470/Final/Learning_Rig/bee_0408_3/fwd/cam1_2026-04-08_18-28-06.mp4,1071.0,1929.0,826,1570,1316,2288,0.789941
346,/Volumes/SmithL0/2026/BIOL470/Final/Learning_Rig/bee_0408_3/fwd/cam1_2026-04-08_18-28-06.mp4,1070.0,1927.0,829,1570,1311,2284,0.7778131
347,/Volumes/SmithL0/2026/BIOL470/Final/Learning_Rig/bee_0408_3/fwd/cam1_2026-04-08_18-28-06.mp4,1071.0,1927.0,828,1570,1314,2284,0.76912105
348,/Volumes/SmithL0/2026/BIOL470/Final/Learning_Rig/bee_0408_3/fwd/cam1_2026-04-08_18-28-06.mp4,1073.5,1911.5,824,1568,1323,2255,0.74689543
349,/Volumes/SmithL0/2026/BIOL470/Final/Learning_Rig/bee_0408_3/fwd/cam1_2026-04-08_18-28-06.mp4,1059.5,1919.0,822,1567,1297,2271,0.7493524
350,/Volumes/SmithL0/2026/BIOL470/Final/Learning_Rig/bee_0408_3/fwd/cam1_2026-04-08_18-28-06.mp4,1050.0,1925.5,822,1567,1278,2284,0.7663939
351,/Volumes/SmithL0/2026/BIOL470/Final/Learning_Rig/bee_0408_3/fwd/cam1_2026-04-08_18-28-06.mp4,1036.5,1914.0,837,1571,1236,2257,0.76364994
352,/Volumes/SmithL0/2026/BIOL470/Final/Learning_Rig/bee_0408_3/fwd/cam1_2026-04-08_18-28-06.mp4,1035.5,1913.0,836,1571,1235,2255,0.7764397
353,/Volumes/SmithL0/2026/BIOL470/Final/Learning_Rig/bee_0408_3/fwd/cam1_2026-04-08_18-28-06.mp4,1119.5,1914.0,819,1568,1420,2260,0.63578874
354,/Volumes/SmithL0/2026/BIOL470/Final/Learning_Rig/bee_0408_3/fwd/cam1_2026-04-08_18-28-06.mp4,1035.5,1918.0,836,1571,1235,2265,0.7895478
355,/Volumes/SmithL0/2026/BIOL470/Final/Learning_Rig/bee_0408_3/fwd/cam1_2026-04-08_18-28-06.mp4,1104.0,1923.0,818,1567,1390,2279,0.66787046
356,/Volumes/SmithL0/2026/BIOL470/Final/Learning_Rig/bee_0408_3/fwd/cam1_2026-04-08_18-28-06.mp4,1038.0,1924.5,835,1571,1241,2278,0.78359115
357,/Volumes/SmithL0/2026/BIOL470/Final/Learning_Rig/bee_0408_3/fwd/cam1_2026-04-08_18-28-06.mp4,1038.0,1923.5,837,1571,1239,2276,0.7740979
358,/Volumes/SmithL0/2026/BIOL470/Final/Learning_Rig/bee_0408_3/fwd/cam1_2026-04-08_18-28-06.mp4,1046.5,1927.5,820,1565,1273,2290,0.7464009
359,/Volumes/SmithL0/2026/BIOL470/Final/Learning_Rig/bee_0408_3/fwd/cam1_2026-04-08_18-28-06.mp4,1050.0,1921.5,837,1570,1263,2273,0.76447576
360,/Volumes/SmithL0/2026/BIOL470/Final/Learning_Rig/bee_0408_3/fwd/cam1_2026-04-08_18-28-06.mp4,1053.5,1930.0,821,1563,1286,2297,0.7741371
361,/Volumes/SmithL0/2026/BIOL470/Final/Learning_Rig/bee_0408_3/fwd/cam1_2026-04-08_18-28-06.mp4,1051.0,1930.0,821,1563,1281,2297,0.7701184
362,/Volumes/SmithL0/2026/BIOL470/Final/Learning_Rig/bee_0408_3/fwd/cam1_2026-04-08_18-28-06.mp4,1051.5,1926.0,838,1569,1265,2283,0.7649918
363,/Volumes/SmithL0/2026/BIOL470/Final/Learning_Rig/bee_0408_3/fwd/cam1_2026-04-08_18-28-06.mp4,1069.0,1919.0,835,1555,1303,2283,0.8001982
364,/Volumes/SmithL0/2026/BIOL470/Final/Learning_Rig/bee_0408_3/fwd/cam1_2026-04-08_18-28-06.mp4,1081.5,1911.5,841,1568,1322,2255,0.8341617
365,/Volumes/SmithL0/2026/BIOL470/Final/Learning_Rig/bee_0408_3/fwd/cam1_2026-04-08_18-28-06.mp4,1067.5,1912.0,844,1568,1291,2256,0.82721174
366,/Volumes/SmithL0/2026/BIOL470/Final/Learning_Rig/bee_0408_3/fwd/cam1_2026-04-08_18-28-06.mp4,1068.0,1909.0,842,1568,1294,2250,0.8324862
367,/Volumes/SmithL0/2026/BIOL470/Final/Learning_Rig/bee_0408_3/fwd/cam1_2026-04-08_18-28-06.mp4,1073.0,1906.0,839,1565,1307,2247,0.82802945
368,/Volumes/SmithL0/2026/BIOL470/Final/Learning_Rig/bee_0408_3/fwd/cam1_2026-04-08_18-28-06.mp4,1059.5,1904.0,816,1562,1303,2246,0.8102073
369,/Volumes/SmithL0/2026/BIOL470/Final/Learning_Rig/bee_0408_3/fwd/cam1_2026-04-08_18-28-06.mp4,1057.0,1903.5,815,1562,1299,2245,0.79738414
370,/Volumes/SmithL0/2026/BIOL470/Final/Learning_Rig/bee_0408_3/fwd/cam1_2026-04-08_18-28-06.mp4,1060.5,1901.5,813,1561,1308,2242,0.79266334
371,/Volumes/SmithL0/2026/BIOL470/Final/Learning_Rig/bee_0408_3/fwd/cam1_2026-04-08_18-28-06.mp4,1108.0,1903.5,828,1566,1388,2241,0.7781611
372,/Volumes/SmithL0/2026/BIOL470/Final/Learning_Rig/bee_0408_3/fwd/cam1_2026-04-08_18-28-06.mp4,1104.0,1904.0,828,1566,1380,2242,0.7697673
373,/Volumes/SmithL0/2026/BIOL470/Final/Learning_Rig/bee_0408_3/fwd/cam1_2026-04-08_18-28-06.mp4,1105.0,1904.5,828,1566,1382,2243,0.7647083
374,/Volumes/SmithL0/2026/BIOL470/Final/Learning_Rig/bee_0408_3/fwd/cam1_2026-04-08_18-28-06.mp4,1105.5,1905.0,830,1566,1381,2244,0.7640375
375,/Volumes/SmithL0/2026/BIOL470/Final/Learning_Rig/bee_0408_3/fwd/cam1_2026-04-08_18-28-06.mp4,1105.0,1907.5,829,1568,1381,2247,0.7804425
376,/Volumes/SmithL0/2026/BIOL470/Final/Learning_Rig/bee_0408_3/fwd/cam1_2026-04-08_18-28-06.mp4,1100.5,1906.5,830,1567,1371,2246,0.78539354
377,/Volumes/SmithL0/2026/BIOL470/Final/Learning_Rig/bee_0408_3/fwd/cam1_2026-04-08_18-28-06.mp4,1102.5,1905.5,831,1566,1374,2245,0.79013103
378,/Volumes/SmithL0/2026/BIOL470/Final/Learning_Rig/bee_0408_3/fwd/cam1_2026-04-08_18-28-06.mp4,1099.0,1906.5,830,1567,1368,2246,0.7907849
379,/Volumes/SmithL0/2026/BIOL470/Final/Learning_Rig/bee_0408_3/fwd/cam1_2026-04-08_18-28-06.mp4,1099.0,1906.5,827,1568,1371,2245,0.7846296
380,/Volumes/SmithL0/2026/BIOL470/Final/Learning_Rig/bee_0408_3/fwd/cam1_2026-04-08_18-28-06.mp4,1101.0,1906.0,825,1568,1377,2244,0.7841049
381,/Volumes/SmithL0/2026/BIOL470/Final/Learning_Rig/bee_0408_3/fwd/cam1_2026-04-08_18-28-06.mp4,1101.0,1906.0,826,1568,1376,2244,0.78447
382,/Volumes/SmithL0/2026/BIOL470/Final/Learning_Rig/bee_0408_3/fwd/cam1_2026-04-08_18-28-06.mp4,1100.5,1907.5,826,1568,1375,2247,0.78600776
383,/Volumes/SmithL0/2026/BIOL470/Final/Learning_Rig/bee_0408_3/fwd/cam1_2026-04-08_18-28-06.mp4,1100.0,1907.0,827,1568,1373,2246,0.78260976
384,/Volumes/SmithL0/2026/BIOL470/Final/Learning_Rig/bee_0408_3/fwd/cam1_2026-04-08_18-28-06.mp4,1104.5,1910.0,826,1568,1383,2252,0.77415264
385,/Volumes/SmithL0/2026/BIOL470/Final/Learning_Rig/bee_0408_3/fwd/cam1_2026-04-08_18-28-06.mp4,1104.0,1910.0,825,1567,1383,2253,0.7646491
386,/Volumes/SmithL0/2026/BIOL470/Final/Learning_Rig/bee_0408_3/fwd/cam1_2026-04-08_18-28-06.mp4,1102.5,1909.0,827,1567,1378,2251,0.7708793
387,/Volumes/SmithL0/2026/BIOL470/Final/Learning_Rig/bee_0408_3/fwd/cam1_2026-04-08_18-28-06.mp4,1105.5,1907.5,830,1566,1381,2249,0.777304
388,/Volumes/SmithL0/2026/BIOL470/Final/Learning_Rig/bee_0408_3/fwd/cam1_2026-04-08_18-28-06.mp4,1103.0,1911.0,828,1567,1378,2255,0.7904657
389,/Volumes/SmithL0/2026/BIOL470/Final/Learning_Rig/bee_0408_3/fwd/cam1_2026-04-08_18-28-06.mp4,1067.0,1915.5,811,1559,1323,2272,0.7926101
390,/Volumes/SmithL0/2026/BIOL470/Final/Learning_Rig/bee_0408_3/fwd/cam1_2026-04-08_18-28-06.mp4,1065.5,1917.5,811,1559,1320,2276,0.7857793
391,/Volumes/SmithL0/2026/BIOL470/Final/Learning_Rig/bee_0408_3/fwd/cam1_2026-04-08_18-28-06.mp4,1074.5,1924.0,810,1558,1339,2290,0.79253536
392,/Volumes/SmithL0/2026/BIOL470/Final/Learning_Rig/bee_0408_3/fwd/cam1_2026-04-08_18-28-06.mp4,1078.0,1925.0,811,1557,1345,2293,0.80103636
393,/Volumes/SmithL0/2026/BIOL470/Final/Learning_Rig/bee_0408_3/fwd/cam1_2026-04-08_18-28-06.mp4,1071.5,1916.0,809,1558,1334,2274,0.79999244
394,/Volumes/SmithL0/2026/BIOL470/Final/Learning_Rig/bee_0408_3/fwd/cam1_2026-04-08_18-28-06.mp4,1073.5,1923.5,807,1558,1340,2289,0.7994179
395,/Volumes/SmithL0/2026/BIOL470/Final/Learning_Rig/bee_0408_3/fwd/cam1_2026-04-08_18-28-06.mp4,1068.5,1914.0,808,1559,1329,2269,0.80426323
396,/Volumes/SmithL0/2026/BIOL470/Final/Learning_Rig/bee_0408_3/fwd/cam1_2026-04-08_18-28-06.mp4,1100.5,1914.5,822,1567,1379,2262,0.7894241
397,/Volumes/SmithL0/2026/BIOL470/Final/Learning_Rig/bee_0408_3/fwd/cam1_2026-04-08_18-28-06.mp4,1067.0,1914.5,811,1559,1323,2270,0.7908818
398,/Volumes/SmithL0/2026/BIOL470/Final/Learning_Rig/bee_0408_3/fwd/cam1_2026-04-08_18-28-06.mp4,1102.5,1910.5,824,1568,1381,2253,0.79052097
399,/Volumes/SmithL0/2026/BIOL470/Final/Learning_Rig/bee_0408_3/fwd/cam1_2026-04-08_18-28-06.mp4,1095.0,1911.0,825,1569,1365,2253,0.7890128
400,/Volumes/SmithL0/2026/BIOL470/Final/Learning_Rig/bee_0408_3/fwd/cam1_2026-04-08_18-28-06.mp4,1099.0,1911.0,824,1568,1374,2254,0.78238845
401,/Volumes/SmithL0/2026/BIOL470/Final/Learning_Rig/bee_0408_3/fwd/cam1_2026-04-08_18-28-06.mp4,1094.0,1912.0,822,1568,1366,2256,0.7816832
402,/Volumes/SmithL0/2026/BIOL470/Final/Learning_Rig/bee_0408_3/fwd/cam1_2026-04-08_18-28-06.mp4,1058.5,1911.5,812,1562,1305,2261,0.7745254
403,/Volumes/SmithL0/2026/BIOL470/Final/Learning_Rig/bee_0408_3/fwd/cam1_2026-04-08_18-28-06.mp4,1093.5,1909.5,820,1569,1367,2250,0.7652031
404,/Volumes/SmithL0/2026/BIOL470/Final/Learning_Rig/bee_0408_3/fwd/cam1_2026-04-08_18-28-06.mp4,1096.5,1914.0,823,1571,1370,2257,0.7859409
405,/Volumes/SmithL0/2026/BIOL470/Final/Learning_Rig/bee_0408_3/fwd/cam1_2026-04-08_18-28-06.mp4,1061.5,1925.0,811,1564,1312,2286,0.7876422
406,/Volumes/SmithL0/2026/BIOL470/Final/Learning_Rig/bee_0408_3/fwd/cam1_2026-04-08_18-28-06.mp4,1074.0,1922.5,821,1558,1327,2287,0.7841081
407,/Volumes/SmithL0/2026/BIOL470/Final/Learning_Rig/bee_0408_3/fwd/cam1_2026-04-08_18-28-06.mp4,1097.0,1920.0,818,1571,1376,2269,0.7569281
408,/Volumes/SmithL0/2026/BIOL470/Final/Learning_Rig/bee_0408_3/fwd/cam1_2026-04-08_18-28-06.mp4,1091.0,1912.5,820,1571,1362,2254,0.786842
409,/Volumes/SmithL0/2026/BIOL470/Final/Learning_Rig/bee_0408_3/fwd/cam1_2026-04-08_18-28-06.mp4,1089.5,1909.0,823,1571,1356,2247,0.78540987
410,/Volumes/SmithL0/2026/BIOL470/Final/Learning_Rig/bee_0408_3/fwd/cam1_2026-04-08_18-28-06.mp4,1086.0,1909.5,823,1571,1349,2248,0.7931695
411,/Volumes/SmithL0/2026/BIOL470/Final/Learning_Rig/bee_0408_3/fwd/cam1_2026-04-08_18-28-06.mp4,1082.0,1909.5,823,1571,1341,2248,0.7830697
412,/Volumes/SmithL0/2026/BIOL470/Final/Learning_Rig/bee_0408_3/fwd/cam1_2026-04-08_18-28-06.mp4,1080.0,1908.5,821,1571,1339,2246,0.79135156
413,/Volumes/SmithL0/2026/BIOL470/Final/Learning_Rig/bee_0408_3/fwd/cam1_2026-04-08_18-28-06.mp4,1079.0,1908.5,820,1571,1338,2246,0.7877774
414,/Volumes/SmithL0/2026/BIOL470/Final/Learning_Rig/bee_0408_3/fwd/cam1_2026-04-08_18-28-06.mp4,1079.5,1907.0,818,1570,1341,2244,0.7850289
415,/Volumes/SmithL0/2026/BIOL470/Final/Learning_Rig/bee_0408_3/fwd/cam1_2026-04-08_18-28-06.mp4,1081.0,1905.5,820,1570,1342,2241,0.78940713
416,/Volumes/SmithL0/2026/BIOL470/Final/Learning_Rig/bee_0408_3/fwd/cam1_2026-04-08_18-28-06.mp4,1078.0,1905.0,820,1570,1336,2240,0.79147905
417,/Volumes/SmithL0/2026/BIOL470/Final/Learning_Rig/bee_0408_3/fwd/cam1_2026-04-08_18-28-06.mp4,1080.0,1905.5,822,1570,1338,2241,0.79908043
418,/Volumes/SmithL0/2026/BIOL470/Final/Learning_Rig/bee_0408_3/fwd/cam1_2026-04-08_18-28-06.mp4,1076.5,1906.0,820,1571,1333,2241,0.7922924
419,/Volumes/SmithL0/2026/BIOL470/Final/Learning_Rig/bee_0408_3/fwd/cam1_2026-04-08_18-28-06.mp4,1074.5,1905.0,819,1570,1330,2240,0.78681046
420,/Volumes/SmithL0/2026/BIOL470/Final/Learning_Rig/bee_0408_3/fwd/cam1_2026-04-08_18-28-06.mp4,1076.0,1905.0,819,1570,1333,2240,0.7914317
421,/Volumes/SmithL0/2026/BIOL470/Final/Learning_Rig/bee_0408_3/fwd/cam1_2026-04-08_18-28-06.mp4,1076.0,1906.0,821,1570,1331,2242,0.78568536
422,/Volumes/SmithL0/2026/BIOL470/Final/Learning_Rig/bee_0408_3/fwd/cam1_2026-04-08_18-28-06.mp4,1078.0,1908.0,821,1570,1335,2246,0.793637
423,/Volumes/SmithL0/2026/BIOL470/Final/Learning_Rig/bee_0408_3/fwd/cam1_2026-04-08_18-28-06.mp4,1077.5,1907.5,821,1570,1334,2245,0.79066604
424,/Volumes/SmithL0/2026/BIOL470/Final/Learning_Rig/bee_0408_3/fwd/cam1_2026-04-08_18-28-06.mp4,1077.0,1908.0,821,1571,1333,2245,0.78684336
425,/Volumes/SmithL0/2026/BIOL470/Final/Learning_Rig/bee_0408_3/fwd/cam1_2026-04-08_18-28-06.mp4,1077.0,1907.0,820,1570,1334,2244,0.7886253
426,/Volumes/SmithL0/2026/BIOL470/Final/Learning_Rig/bee_0408_3/fwd/cam1_2026-04-08_18-28-06.mp4,1079.5,1906.5,820,1570,1339,2243,0.79245377
427,/Volumes/SmithL0/2026/BIOL470/Final/Learning_Rig/bee_0408_3/fwd/cam1_2026-04-08_18-28-06.mp4,1081.5,1906.5,820,1570,1343,2243,0.79588616
428,/Volumes/SmithL0/2026/BIOL470/Final/Learning_Rig/bee_0408_3/fwd/cam1_2026-04-08_18-28-06.mp4,1079.5,1906.0,821,1571,1338,2241,0.7957138
429,/Volumes/SmithL0/2026/BIOL470/Final/Learning_Rig/bee_0408_3/fwd/cam1_2026-04-08_18-28-06.mp4,1079.0,1905.0,821,1570,1337,2240,0.79594123
430,/Volumes/SmithL0/2026/BIOL470/Final/Learning_Rig/bee_0408_3/fwd/cam1_2026-04-08_18-28-06.mp4,1076.0,1903.5,820,1570,1332,2237,0.7835995
431,/Volumes/SmithL0/2026/BIOL470/Final/Learning_Rig/bee_0408_3/fwd/cam1_2026-04-08_18-28-06.mp4,1075.5,1903.5,822,1570,1329,2237,0.78646845
432,/Volumes/SmithL0/2026/BIOL470/Final/Learning_Rig/bee_0408_3/fwd/cam1_2026-04-08_18-28-06.mp4,1079.5,1903.0,829,1571,1330,2235,0.7910498
433,/Volumes/SmithL0/2026/BIOL470/Final/Learning_Rig/bee_0408_3/fwd/cam1_2026-04-08_18-28-06.mp4,1075.5,1903.5,821,1571,1330,2236,0.79051
434,/Volumes/SmithL0/2026/BIOL470/Final/Learning_Rig/bee_0408_3/fwd/cam1_2026-04-08_18-28-06.mp4,1071.5,1903.5,818,1570,1325,2237,0.78124493
435,/Volumes/SmithL0/2026/BIOL470/Final/Learning_Rig/bee_0408_3/fwd/cam1_2026-04-08_18-28-06.mp4,1067.0,1904.0,817,1571,1317,2237,0.7809924
436,/Volumes/SmithL0/2026/BIOL470/Final/Learning_Rig/bee_0408_3/fwd/cam1_2026-04-08_18-28-06.mp4,1066.0,1905.5,814,1572,1318,2239,0.7666644
437,/Volumes/SmithL0/2026/BIOL470/Final/Learning_Rig/bee_0408_3/fwd/cam1_2026-04-08_18-28-06.mp4,1066.5,1907.0,810,1574,1323,2240,0.72677064
438,/Volumes/SmithL0/2026/BIOL470/Final/Learning_Rig/bee_0408_3/fwd/cam1_2026-04-08_18-28-06.mp4,1060.5,1910.0,813,1573,1308,2247,0.71118
439,/Volumes/SmithL0/2026/BIOL470/Final/Learning_Rig/bee_0408_3/fwd/cam1_2026-04-08_18-28-06.mp4,1058.0,1907.0,809,1566,1307,2248,0.7400241
440,/Volumes/SmithL0/2026/BIOL470/Final/Learning_Rig/bee_0408_3/fwd/cam1_2026-04-08_18-28-06.mp4,1060.5,1907.5,812,1565,1309,2250,0.76029986
441,/Volumes/SmithL0/2026/BIOL470/Final/Learning_Rig/bee_0408_3/fwd/cam1_2026-04-08_18-28-06.mp4,1059.0,1905.5,811,1566,1307,2245,0.7656589
442,/Volumes/SmithL0/2026/BIOL470/Final/Learning_Rig/bee_0408_3/fwd/cam1_2026-04-08_18-28-06.mp4,1061.0,1906.0,805,1572,1317,2240,0.7687632
443,/Volumes/SmithL0/2026/BIOL470/Final/Learning_Rig/bee_0408_3/fwd/cam1_2026-04-08_18-28-06.mp4,1058.5,1903.0,807,1565,1310,2241,0.7728632
444,/Volumes/SmithL0/2026/BIOL470/Final/Learning_Rig/bee_0408_3/fwd/cam1_2026-04-08_18-28-06.mp4,1067.0,1900.5,817,1572,1317,2229,0.7845255
445,/Volumes/SmithL0/2026/BIOL470/Final/Learning_Rig/bee_0408_3/fwd/cam1_2026-04-08_18-28-06.mp4,1064.0,1899.5,816,1571,1312,2228,0.78974897
446,/Volumes/SmithL0/2026/BIOL470/Final/Learning_Rig/bee_0408_3/fwd/cam1_2026-04-08_18-28-06.mp4,1053.5,1900.5,808,1561,1299,2240,0.76451916
447,/Volumes/SmithL0/2026/BIOL470/Final/Learning_Rig/bee_0408_3/fwd/cam1_2026-04-08_18-28-06.mp4,1053.5,1899.5,812,1561,1295,2238,0.7921569
448,/Volumes/SmithL0/2026/BIOL470/Final/Learning_Rig/bee_0408_3/fwd/cam1_2026-04-08_18-28-06.mp4,1053.5,1882.0,816,1558,1291,2206,0.8014209
449,/Volumes/SmithL0/2026/BIOL470/Final/Learning_Rig/bee_0408_3/fwd/cam1_2026-04-08_18-28-06.mp4,1061.0,1890.0,810,1567,1312,2213,0.79054683
450,/Volumes/SmithL0/2026/BIOL470/Final/Learning_Rig/bee_0408_3/fwd/cam1_2026-04-08_18-28-06.mp4,1053.0,1899.5,803,1569,1303,2230,0.79001737
451,/Volumes/SmithL0/2026/BIOL470/Final/Learning_Rig/bee_0408_3/fwd/cam1_2026-04-08_18-28-06.mp4,1061.5,1897.0,815,1570,1308,2224,0.794657
452,/Volumes/SmithL0/2026/BIOL470/Final/Learning_Rig/bee_0408_3/fwd/cam1_2026-04-08_18-28-06.mp4,1063.5,1897.0,815,1571,1312,2223,0.79251635
453,/Volumes/SmithL0/2026/BIOL470/Final/Learning_Rig/bee_0408_3/fwd/cam1_2026-04-08_18-28-06.mp4,1069.5,1898.0,817,1571,1322,2225,0.7921202
454,/Volumes/SmithL0/2026/BIOL470/Final/Learning_Rig/bee_0408_3/fwd/cam1_2026-04-08_18-28-06.mp4,1065.0,1898.0,814,1571,1316,2225,0.7958174
455,/Volumes/SmithL0/2026/BIOL470/Final/Learning_Rig/bee_0408_3/fwd/cam1_2026-04-08_18-28-06.mp4,1072.5,1898.5,813,1571,1332,2226,0.79988563
456,/Volumes/SmithL0/2026/BIOL470/Final/Learning_Rig/bee_0408_3/fwd/cam1_2026-04-08_18-28-06.mp4,1072.0,1899.5,809,1571,1335,2228,0.8073629
457,/Volumes/SmithL0/2026/BIOL470/Final/Learning_Rig/bee_0408_3/fwd/cam1_2026-04-08_18-28-06.mp4,1053.5,1903.5,795,1572,1312,2235,0.81206876
458,/Volumes/SmithL0/2026/BIOL470/Final/Learning_Rig/bee_0408_3/fwd/cam1_2026-04-08_18-28-06.mp4,1059.0,1902.5,802,1572,1316,2233,0.8134543
459,/Volumes/SmithL0/2026/BIOL470/Final/Learning_Rig/bee_0408_3/fwd/cam1_2026-04-08_18-28-06.mp4,1060.5,1903.5,807,1573,1314,2234,0.8134445
460,/Volumes/SmithL0/2026/BIOL470/Final/Learning_Rig/bee_0408_3/fwd/cam1_2026-04-08_18-28-06.mp4,1071.0,1900.0,809,1572,1333,2228,0.80886734
461,/Volumes/SmithL0/2026/BIOL470/Final/Learning_Rig/bee_0408_3/fwd/cam1_2026-04-08_18-28-06.mp4,1059.5,1903.5,808,1573,1311,2234,0.8099562
462,/Volumes/SmithL0/2026/BIOL470/Final/Learning_Rig/bee_0408_3/fwd/cam1_2026-04-08_18-28-06.mp4,1061.5,1903.5,807,1573,1316,2234,0.80997884
463,/Volumes/SmithL0/2026/BIOL470/Final/Learning_Rig/bee_0408_3/fwd/cam1_2026-04-08_18-28-06.mp4,1065.0,1904.0,806,1573,1324,2235,0.81294334
464,/Volumes/SmithL0/2026/BIOL470/Final/Learning_Rig/bee_0408_3/fwd/cam1_2026-04-08_18-28-06.mp4,1059.5,1902.5,805,1571,1314,2234,0.8119244
465,/Volumes/SmithL0/2026/BIOL470/Final/Learning_Rig/bee_0408_3/fwd/cam1_2026-04-08_18-28-06.mp4,1057.0,1904.0,806,1575,1308,2233,0.8105816
466,/Volumes/SmithL0/2026/BIOL470/Final/Learning_Rig/bee_0408_3/fwd/cam1_2026-04-08_18-28-06.mp4,1069.0,1903.5,807,1572,1331,2235,0.8151478
467,/Volumes/SmithL0/2026/BIOL470/Final/Learning_Rig/bee_0408_3/fwd/cam1_2026-04-08_18-28-06.mp4,1073.0,1903.0,806,1570,1340,2236,0.8220383
468,/Volumes/SmithL0/2026/BIOL470/Final/Learning_Rig/bee_0408_3/fwd/cam1_2026-04-08_18-28-06.mp4,1073.5,1901.5,807,1569,1340,2234,0.8210598
469,/Volumes/SmithL0/2026/BIOL470/Final/Learning_Rig/bee_0408_3/fwd/cam1_2026-04-08_18-28-06.mp4,1070.0,1902.5,805,1570,1335,2235,0.81760144
470,/Volumes/SmithL0/2026/BIOL470/Final/Learning_Rig/bee_0408_3/fwd/cam1_2026-04-08_18-28-06.mp4,1073.0,1902.0,806,1569,1340,2235,0.82010436
471,/Volumes/SmithL0/2026/BIOL470/Final/Learning_Rig/bee_0408_3/fwd/cam1_2026-04-08_18-28-06.mp4,1073.5,1902.5,807,1570,1340,2235,0.8180209
472,/Volumes/SmithL0/2026/BIOL470/Final/Learning_Rig/bee_0408_3/fwd/cam1_2026-04-08_18-28-06.mp4,1074.0,1903.5,807,1571,1341,2236,0.819304
473,/Volumes/SmithL0/2026/BIOL470/Final/Learning_Rig/bee_0408_3/fwd/cam1_2026-04-08_18-28-06.mp4,1069.5,1903.0,806,1572,1333,2234,0.8205457
474,/Volumes/SmithL0/2026/BIOL470/Final/Learning_Rig/bee_0408_3/fwd/cam1_2026-04-08_18-28-06.mp4,1070.0,1902.5,809,1571,1331,2234,0.8186594
475,/Volumes/SmithL0/2026/BIOL470/Final/Learning_Rig/bee_0408_3/fwd/cam1_2026-04-08_18-28-06.mp4,1070.0,1904.0,809,1574,1331,2234,0.8166326
476,/Volumes/SmithL0/2026/BIOL470/Final/Learning_Rig/bee_0408_3/fwd/cam1_2026-04-08_18-28-06.mp4,1071.5,1903.0,810,1573,1333,2233,0.8185512
477,/Volumes/SmithL0/2026/BIOL470/Final/Learning_Rig/bee_0408_3/fwd/cam1_2026-04-08_18-28-06.mp4,1070.0,1903.0,809,1574,1331,2232,0.81965417
478,/Volumes/SmithL0/2026/BIOL470/Final/Learning_Rig/bee_0408_3/fwd/cam1_2026-04-08_18-28-06.mp4,1072.0,1903.0,812,1574,1332,2232,0.8225764
479,/Volumes/SmithL0/2026/BIOL470/Final/Learning_Rig/bee_0408_3/fwd/cam1_2026-04-08_18-28-06.mp4,1078.0,1895.0,813,1572,1343,2218,0.82934386
480,/Volumes/SmithL0/2026/BIOL470/Final/Learning_Rig/bee_0408_3/fwd/cam1_2026-04-08_18-28-06.mp4,1078.0,1896.5,811,1572,1345,2221,0.8272341
481,/Volumes/SmithL0/2026/BIOL470/Final/Learning_Rig/bee_0408_3/fwd/cam1_2026-04-08_18-28-06.mp4,1079.0,1895.5,812,1572,1346,2219,0.82863367
482,/Volumes/SmithL0/2026/BIOL470/Final/Learning_Rig/bee_0408_3/fwd/cam1_2026-04-08_18-28-06.mp4,1079.5,1895.0,813,1572,1346,2218,0.82795966
483,/Volumes/SmithL0/2026/BIOL470/Final/Learning_Rig/bee_0408_3/fwd/cam1_2026-04-08_18-28-06.mp4,1079.5,1894.5,815,1572,1344,2217,0.8267599
484,/Volumes/SmithL0/2026/BIOL470/Final/Learning_Rig/bee_0408_3/fwd/cam1_2026-04-08_18-28-06.mp4,1080.5,1893.0,816,1572,1345,2214,0.8301605
485,/Volumes/SmithL0/2026/BIOL470/Final/Learning_Rig/bee_0408_3/fwd/cam1_2026-04-08_18-28-06.mp4,1079.0,1893.0,814,1572,1344,2214,0.8302087
486,/Volumes/SmithL0/2026/BIOL470/Final/Learning_Rig/bee_0408_3/fwd/cam1_2026-04-08_18-28-06.mp4,1078.5,1893.5,815,1572,1342,2215,0.83064145
487,/Volumes/SmithL0/2026/BIOL470/Final/Learning_Rig/bee_0408_3/fwd/cam1_2026-04-08_18-28-06.mp4,1078.0,1894.0,815,1571,1341,2217,0.8271473
488,/Volumes/SmithL0/2026/BIOL470/Final/Learning_Rig/bee_0408_3/fwd/cam1_2026-04-08_18-28-06.mp4,1079.5,1895.0,818,1571,1341,2219,0.8249759
489,/Volumes/SmithL0/2026/BIOL470/Final/Learning_Rig/bee_0408_3/fwd/cam1_2026-04-08_18-28-06.mp4,1079.0,1895.0,818,1571,1340,2219,0.8310925
490,/Volumes/SmithL0/2026/BIOL470/Final/Learning_Rig/bee_0408_3/fwd/cam1_2026-04-08_18-28-06.mp4,1079.5,1897.0,817,1571,1342,2223,0.8280531
491,/Volumes/SmithL0/2026/BIOL470/Final/Learning_Rig/bee_0408_3/fwd/cam1_2026-04-08_18-28-06.mp4,1080.5,1897.5,818,1570,1343,2225,0.8267189
492,/Volumes/SmithL0/2026/BIOL470/Final/Learning_Rig/bee_0408_3/fwd/cam1_2026-04-08_18-28-06.mp4,1080.0,1898.0,818,1570,1342,2226,0.8277373
493,/Volumes/SmithL0/2026/BIOL470/Final/Learning_Rig/bee_0408_3/fwd/cam1_2026-04-08_18-28-06.mp4,1077.5,1898.0,815,1571,1340,2225,0.8227696
494,/Volumes/SmithL0/2026/BIOL470/Final/Learning_Rig/bee_0408_3/fwd/cam1_2026-04-08_18-28-06.mp4,1078.0,1898.0,816,1571,1340,2225,0.825104
495,/Volumes/SmithL0/2026/BIOL470/Final/Learning_Rig/bee_0408_3/fwd/cam1_2026-04-08_18-28-06.mp4,1078.0,1898.0,815,1571,1341,2225,0.82844853
496,/Volumes/SmithL0/2026/BIOL470/Final/Learning_Rig/bee_0408_3/fwd/cam1_2026-04-08_18-28-06.mp4,1079.5,1897.5,818,1571,1341,2224,0.8326424
497,/Volumes/SmithL0/2026/BIOL470/Final/Learning_Rig/bee_0408_3/fwd/cam1_2026-04-08_18-28-06.mp4,1079.0,1898.5,817,1571,1341,2226,0.8296664
498,/Volumes/SmithL0/2026/BIOL470/Final/Learning_Rig/bee_0408_3/fwd/cam1_2026-04-08_18-28-06.mp4,1079.0,1900.0,817,1571,1341,2229,0.8272789
499,/Volumes/SmithL0/2026/BIOL470/Final/Learning_Rig/bee_0408_3/fwd/cam1_2026-04-08_18-28-06.mp4,1079.0,1899.0,817,1570,1341,2228,0.8276449
500,/Volumes/SmithL0/2026/BIOL470/Final/Learning_Rig/bee_0408_3/fwd/cam1_2026-04-08_18-28-06.mp4,1068.0,1901.5,813,1568,1323,2235,0.8247438
501,/Volumes/SmithL0/2026/BIOL470/Final/Learning_Rig/bee_0408_3/fwd/cam1_2026-04-08_18-28-06.mp4,1066.0,1901.5,810,1570,1322,2233,0.82277757
502,/Volumes/SmithL0/2026/BIOL470/Final/Learning_Rig/bee_0408_3/fwd/cam1_2026-04-08_18-28-06.mp4,1067.0,1901.5,808,1570,1326,2233,0.82524604
503,/Volumes/SmithL0/2026/BIOL470/Final/Learning_Rig/bee_0408_3/fwd/cam1_2026-04-08_18-28-06.mp4,1068.5,1902.0,811,1572,1326,2232,0.82476056
504,/Volumes/SmithL0/2026/BIOL470/Final/Learning_Rig/bee_0408_3/fwd/cam1_2026-04-08_18-28-06.mp4,1066.0,1905.0,809,1577,1323,2233,0.82198673
505,/Volumes/SmithL0/2026/BIOL470/Final/Learning_Rig/bee_0408_3/fwd/cam1_2026-04-08_18-28-06.mp4,1077.5,1899.0,814,1572,1341,2226,0.82088786
506,/Volumes/SmithL0/2026/BIOL470/Final/Learning_Rig/bee_0408_3/fwd/cam1_2026-04-08_18-28-06.mp4,1077.5,1900.0,813,1571,1342,2229,0.8300402
507,/Volumes/SmithL0/2026/BIOL470/Final/Learning_Rig/bee_0408_3/fwd/cam1_2026-04-08_18-28-06.mp4,1076.5,1891.0,812,1569,1341,2213,0.8302882
508,/Volumes/SmithL0/2026/BIOL470/Final/Learning_Rig/bee_0408_3/fwd/cam1_2026-04-08_18-28-06.mp4,1073.0,1897.0,823,1565,1323,2229,0.8341837
509,/Volumes/SmithL0/2026/BIOL470/Final/Learning_Rig/bee_0408_3/fwd/cam1_2026-04-08_18-28-06.mp4,1084.5,1896.5,827,1566,1342,2227,0.8276888
510,/Volumes/SmithL0/2026/BIOL470/Final/Learning_Rig/bee_0408_3/fwd/cam1_2026-04-08_18-28-06.mp4,1088.0,1898.0,833,1565,1343,2231,0.8340657
511,/Volumes/SmithL0/2026/BIOL470/Final/Learning_Rig/bee_0408_3/fwd/cam1_2026-04-08_18-28-06.mp4,1086.5,1895.5,832,1562,1341,2229,0.83642536
512,/Volumes/SmithL0/2026/BIOL470/Final/Learning_Rig/bee_0408_3/fwd/cam1_2026-04-08_18-28-06.mp4,1086.0,1895.5,831,1562,1341,2229,0.8343948
513,/Volumes/SmithL0/2026/BIOL470/Final/Learning_Rig/bee_0408_3/fwd/cam1_2026-04-08_18-28-06.mp4,1087.0,1894.5,833,1563,1341,2226,0.83095354
514,/Volumes/SmithL0/2026/BIOL470/Final/Learning_Rig/bee_0408_3/fwd/cam1_2026-04-08_18-28-06.mp4,1087.0,1897.5,833,1565,1341,2230,0.838032
515,/Volumes/SmithL0/2026/BIOL470/Final/Learning_Rig/bee_0408_3/fwd/cam1_2026-04-08_18-28-06.mp4,1087.5,1896.0,834,1565,1341,2227,0.8397129
516,/Volumes/SmithL0/2026/BIOL470/Final/Learning_Rig/bee_0408_3/fwd/cam1_2026-04-08_18-28-06.mp4,1088.0,1895.0,834,1566,1342,2224,0.84237695
517,/Volumes/SmithL0/2026/BIOL470/Final/Learning_Rig/bee_0408_3/fwd/cam1_2026-04-08_18-28-06.mp4,1087.5,1900.5,831,1567,1344,2234,0.8367653
518,/Volumes/SmithL0/2026/BIOL470/Final/Learning_Rig/bee_0408_3/fwd/cam1_2026-04-08_18-28-06.mp4,1088.5,1900.5,833,1567,1344,2234,0.84002507
519,/Volumes/SmithL0/2026/BIOL470/Final/Learning_Rig/bee_0408_3/fwd/cam1_2026-04-08_18-28-06.mp4,1088.0,1899.5,834,1567,1342,2232,0.8414156
520,/Volumes/SmithL0/2026/BIOL470/Final/Learning_Rig/bee_0408_3/fwd/cam1_2026-04-08_18-28-06.mp4,1087.0,1894.5,833,1566,1341,2223,0.83764344
521,/Volumes/SmithL0/2026/BIOL470/Final/Learning_Rig/bee_0408_3/fwd/cam1_2026-04-08_18-28-06.mp4,1087.5,1897.0,833,1566,1342,2228,0.8400339
522,/Volumes/SmithL0/2026/BIOL470/Final/Learning_Rig/bee_0408_3/fwd/cam1_2026-04-08_18-28-06.mp4,1088.0,1901.0,833,1566,1343,2236,0.8409369
523,/Volumes/SmithL0/2026/BIOL470/Final/Learning_Rig/bee_0408_3/fwd/cam1_2026-04-08_18-28-06.mp4,1089.0,1892.0,836,1563,1342,2221,0.83186
524,/Volumes/SmithL0/2026/BIOL470/Final/Learning_Rig/bee_0408_3/fwd/cam1_2026-04-08_18-28-06.mp4,1089.5,1890.5,836,1561,1343,2220,0.8298569
525,/Volumes/SmithL0/2026/BIOL470/Final/Learning_Rig/bee_0408_3/fwd/cam1_2026-04-08_18-28-06.mp4,1088.5,1891.0,836,1561,1341,2221,0.8285558
526,/Volumes/SmithL0/2026/BIOL470/Final/Learning_Rig/bee_0408_3/fwd/cam1_2026-04-08_18-28-06.mp4,1089.0,1890.0,836,1561,1342,2219,0.83170795
527,/Volumes/SmithL0/2026/BIOL470/Final/Learning_Rig/bee_0408_3/fwd/cam1_2026-04-08_18-28-06.mp4,1089.0,1890.0,836,1560,1342,2220,0.8281613
528,/Volumes/SmithL0/2026/BIOL470/Final/Learning_Rig/bee_0408_3/fwd/cam1_2026-04-08_18-28-06.mp4,1090.0,1890.5,836,1560,1344,2221,0.82902867
529,/Volumes/SmithL0/2026/BIOL470/Final/Learning_Rig/bee_0408_3/fwd/cam1_2026-04-08_18-28-06.mp4,1086.0,1892.5,827,1559,1345,2226,0.83237356
530,/Volumes/SmithL0/2026/BIOL470/Final/Learning_Rig/bee_0408_3/fwd/cam1_2026-04-08_18-28-06.mp4,1087.0,1893.0,827,1559,1347,2227,0.8341246
531,/Volumes/SmithL0/2026/BIOL470/Final/Learning_Rig/bee_0408_3/fwd/cam1_2026-04-08_18-28-06.mp4,1086.5,1890.0,826,1557,1347,2223,0.8308511
532,/Volumes/SmithL0/2026/BIOL470/Final/Learning_Rig/bee_0408_3/fwd/cam1_2026-04-08_18-28-06.mp4,1084.0,1892.0,824,1558,1344,2226,0.8222222
533,/Volumes/SmithL0/2026/BIOL470/Final/Learning_Rig/bee_0408_3/fwd/cam1_2026-04-08_18-28-06.mp4,1086.0,1888.5,830,1557,1342,2220,0.8332723
534,/Volumes/SmithL0/2026/BIOL470/Final/Learning_Rig/bee_0408_3/fwd/cam1_2026-04-08_18-28-06.mp4,1085.0,1886.0,829,1556,1341,2216,0.83430517
535,/Volumes/SmithL0/2026/BIOL470/Final/Learning_Rig/bee_0408_3/fwd/cam1_2026-04-08_18-28-06.mp4,1082.0,1886.0,823,1557,1341,2215,0.832989
536,/Volumes/SmithL0/2026/BIOL470/Final/Learning_Rig/bee_0408_3/fwd/cam1_2026-04-08_18-28-06.mp4,1086.0,1879.5,833,1555,1339,2204,0.8473426
537,/Volumes/SmithL0/2026/BIOL470/Final/Learning_Rig/bee_0408_3/fwd/cam1_2026-04-08_18-28-06.mp4,1086.0,1877.0,833,1554,1339,2200,0.8543421
538,/Volumes/SmithL0/2026/BIOL470/Final/Learning_Rig/bee_0408_3/fwd/cam1_2026-04-08_18-28-06.mp4,1085.0,1877.5,830,1555,1340,2200,0.8592288
539,/Volumes/SmithL0/2026/BIOL470/Final/Learning_Rig/bee_0408_3/fwd/cam1_2026-04-08_18-28-06.mp4,1084.0,1879.0,829,1554,1339,2204,0.85177153
540,/Volumes/SmithL0/2026/BIOL470/Final/Learning_Rig/bee_0408_3/fwd/cam1_2026-04-08_18-28-06.mp4,1083.5,1878.5,827,1553,1340,2204,0.85810554
541,/Volumes/SmithL0/2026/BIOL470/Final/Learning_Rig/bee_0408_3/fwd/cam1_2026-04-08_18-28-06.mp4,1084.5,1881.5,826,1554,1343,2209,0.85453755
542,/Volumes/SmithL0/2026/BIOL470/Final/Learning_Rig/bee_0408_3/fwd/cam1_2026-04-08_18-28-06.mp4,1083.0,1882.5,829,1556,1337,2209,0.8525631
543,/Volumes/SmithL0/2026/BIOL470/Final/Learning_Rig/bee_0408_3/fwd/cam1_2026-04-08_18-28-06.mp4,1086.5,1878.5,834,1554,1339,2203,0.86055416
544,/Volumes/SmithL0/2026/BIOL470/Final/Learning_Rig/bee_0408_3/fwd/cam1_2026-04-08_18-28-06.mp4,1086.5,1880.5,833,1556,1340,2205,0.86085415
545,/Volumes/SmithL0/2026/BIOL470/Final/Learning_Rig/bee_0408_3/fwd/cam1_2026-04-08_18-28-06.mp4,1090.0,1882.0,831,1556,1349,2208,0.8565108
546,/Volumes/SmithL0/2026/BIOL470/Final/Learning_Rig/bee_0408_3/fwd/cam1_2026-04-08_18-28-06.mp4,1095.5,1879.0,843,1553,1348,2205,0.8652392
547,/Volumes/SmithL0/2026/BIOL470/Final/Learning_Rig/bee_0408_3/fwd/cam1_2026-04-08_18-28-06.mp4,1096.5,1875.5,844,1552,1349,2199,0.8726907
548,/Volumes/SmithL0/2026/BIOL470/Final/Learning_Rig/bee_0408_3/fwd/cam1_2026-04-08_18-28-06.mp4,1095.0,1875.0,839,1550,1351,2200,0.86761117
549,/Volumes/SmithL0/2026/BIOL470/Final/Learning_Rig/bee_0408_3/fwd/cam1_2026-04-08_18-28-06.mp4,1095.5,1873.0,841,1550,1350,2196,0.8766509
550,/Volumes/SmithL0/2026/BIOL470/Final/Learning_Rig/bee_0408_3/fwd/cam1_2026-04-08_18-28-06.mp4,1096.5,1873.0,844,1549,1349,2197,0.868762
551,/Volumes/SmithL0/2026/BIOL470/Final/Learning_Rig/bee_0408_3/fwd/cam1_2026-04-08_18-28-06.mp4,1097.0,1871.0,844,1547,1350,2195,0.87480694
552,/Volumes/SmithL0/2026/BIOL470/Final/Learning_Rig/bee_0408_3/fwd/cam1_2026-04-08_18-28-06.mp4,1097.5,1867.5,843,1541,1352,2194,0.8731801
553,/Volumes/SmithL0/2026/BIOL470/Final/Learning_Rig/bee_0408_3/fwd/cam1_2026-04-08_18-28-06.mp4,1097.0,1865.0,844,1537,1350,2193,0.86738825
554,/Volumes/SmithL0/2026/BIOL470/Final/Learning_Rig/bee_0408_3/fwd/cam1_2026-04-08_18-28-06.mp4,1097.5,1864.0,843,1537,1352,2191,0.8635134
555,/Volumes/SmithL0/2026/BIOL470/Final/Learning_Rig/bee_0408_3/fwd/cam1_2026-04-08_18-28-06.mp4,1096.0,1868.5,840,1542,1352,2195,0.84181076
556,/Volumes/SmithL0/2026/BIOL470/Final/Learning_Rig/bee_0408_3/fwd/cam1_2026-04-08_18-28-06.mp4,1099.0,1866.0,844,1541,1354,2191,0.83862245
557,/Volumes/SmithL0/2026/BIOL470/Final/Learning_Rig/bee_0408_3/fwd/cam1_2026-04-08_18-28-06.mp4,1100.5,1861.5,846,1541,1355,2182,0.84609884
558,/Volumes/SmithL0/2026/BIOL470/Final/Learning_Rig/bee_0408_3/fwd/cam1_2026-04-08_18-28-06.mp4,1101.0,1858.0,846,1543,1356,2173,0.8463069
559,/Volumes/SmithL0/2026/BIOL470/Final/Learning_Rig/bee_0408_3/fwd/cam1_2026-04-08_18-28-06.mp4,1101.0,1862.5,846,1543,1356,2182,0.8357894
560,/Volumes/SmithL0/2026/BIOL470/Final/Learning_Rig/bee_0408_3/fwd/cam1_2026-04-08_18-28-06.mp4,1100.5,1865.0,845,1546,1356,2184,0.82803917
561,/Volumes/SmithL0/2026/BIOL470/Final/Learning_Rig/bee_0408_3/fwd/cam1_2026-04-08_18-28-06.mp4,1102.0,1862.0,847,1545,1357,2179,0.8226058
562,/Volumes/SmithL0/2026/BIOL470/Final/Learning_Rig/bee_0408_3/fwd/cam1_2026-04-08_18-28-06.mp4,1104.5,1862.5,845,1548,1364,2177,0.82932884
563,/Volumes/SmithL0/2026/BIOL470/Final/Learning_Rig/bee_0408_3/fwd/cam1_2026-04-08_18-28-06.mp4,1108.0,1864.0,844,1551,1372,2177,0.82917136
564,/Volumes/SmithL0/2026/BIOL470/Final/Learning_Rig/bee_0408_3/fwd/cam1_2026-04-08_18-28-06.mp4,1110.5,1866.0,843,1550,1378,2182,0.8422016
565,/Volumes/SmithL0/2026/BIOL470/Final/Learning_Rig/bee_0408_3/fwd/cam1_2026-04-08_18-28-06.mp4,1105.5,1830.0,830,1511,1381,2149,0.8165165
566,/Volumes/SmithL0/2026/BIOL470/Final/Learning_Rig/bee_0408_3/fwd/cam1_2026-04-08_18-28-06.mp4,1105.5,1819.5,828,1500,1383,2139,0.8204879
567,/Volumes/SmithL0/2026/BIOL470/Final/Learning_Rig/bee_0408_3/fwd/cam1_2026-04-08_18-28-06.mp4,1103.0,1806.5,821,1476,1385,2137,0.8303552
568,/Volumes/SmithL0/2026/BIOL470/Final/Learning_Rig/bee_0408_3/fwd/cam1_2026-04-08_18-28-06.mp4,1101.0,1805.5,818,1472,1384,2139,0.84073883
569,/Volumes/SmithL0/2026/BIOL470/Final/Learning_Rig/bee_0408_3/fwd/cam1_2026-04-08_18-28-06.mp4,1107.5,1785.0,817,1470,1398,2100,0.8151358
570,/Volumes/SmithL0/2026/BIOL470/Final/Learning_Rig/bee_0408_3/fwd/cam1_2026-04-08_18-28-06.mp4,1111.5,1784.0,821,1483,1402,2085,0.82632405
571,/Volumes/SmithL0/2026/BIOL470/Final/Learning_Rig/bee_0408_3/fwd/cam1_2026-04-08_18-28-06.mp4,1131.0,1751.0,821,1460,1441,2042,0.81470203
572,/Volumes/SmithL0/2026/BIOL470/Final/Learning_Rig/bee_0408_3/fwd/cam1_2026-04-08_18-28-06.mp4,1151.0,1751.5,819,1460,1483,2043,0.8046975
573,/Volumes/SmithL0/2026/BIOL470/Final/Learning_Rig/bee_0408_3/fwd/cam1_2026-04-08_18-28-06.mp4,1120.0,1751.0,819,1455,1421,2047,0.7722077
574,/Volumes/SmithL0/2026/BIOL470/Final/Learning_Rig/bee_0408_3/fwd/cam1_2026-04-08_18-28-06.mp4,1114.5,1746.0,816,1455,1413,2037,0.7935938
575,/Volumes/SmithL0/2026/BIOL470/Final/Learning_Rig/bee_0408_3/fwd/cam1_2026-04-08_18-28-06.mp4,1117.0,1746.5,814,1455,1420,2038,0.79348475
576,/Volumes/SmithL0/2026/BIOL470/Final/Learning_Rig/bee_0408_3/fwd/cam1_2026-04-08_18-28-06.mp4,1118.0,1740.5,819,1458,1417,2023,0.82568866
577,/Volumes/SmithL0/2026/BIOL470/Final/Learning_Rig/bee_0408_3/fwd/cam1_2026-04-08_18-28-06.mp4,1079.5,1735.0,820,1428,1339,2042,0.82037735
578,/Volumes/SmithL0/2026/BIOL470/Final/Learning_Rig/bee_0408_3/fwd/cam1_2026-04-08_18-28-06.mp4,1094.5,1736.5,811,1428,1378,2045,0.8008992
579,/Volumes/SmithL0/2026/BIOL470/Final/Learning_Rig/bee_0408_3/fwd/cam1_2026-04-08_18-28-06.mp4,1072.5,1732.5,800,1425,1345,2040,0.8297984
580,/Volumes/SmithL0/2026/BIOL470/Final/Learning_Rig/bee_0408_3/fwd/cam1_2026-04-08_18-28-06.mp4,1075.0,1743.0,805,1431,1345,2055,0.8294205
581,/Volumes/SmithL0/2026/BIOL470/Final/Learning_Rig/bee_0408_3/fwd/cam1_2026-04-08_18-28-06.mp4,1069.0,1714.5,798,1393,1340,2036,0.8187481
582,/Volumes/SmithL0/2026/BIOL470/Final/Learning_Rig/bee_0408_3/fwd/cam1_2026-04-08_18-28-06.mp4,1033.5,1700.5,767,1368,1300,2033,0.81024367
583,/Volumes/SmithL0/2026/BIOL470/Final/Learning_Rig/bee_0408_3/fwd/cam1_2026-04-08_18-28-06.mp4,1048.5,1687.5,821,1348,1276,2027,0.80170435
584,/Volumes/SmithL0/2026/BIOL470/Final/Learning_Rig/bee_0408_3/fwd/cam1_2026-04-08_18-28-06.mp4,1042.0,1700.5,806,1355,1278,2046,0.802119
585,/Volumes/SmithL0/2026/BIOL470/Final/Learning_Rig/bee_0408_3/fwd/cam1_2026-04-08_18-28-06.mp4,1024.5,1695.0,792,1357,1257,2033,0.8122325
586,/Volumes/SmithL0/2026/BIOL470/Final/Learning_Rig/bee_0408_3/fwd/cam1_2026-04-08_18-28-06.mp4,1020.0,1677.5,782,1353,1258,2002,0.8284131
587,/Volumes/SmithL0/2026/BIOL470/Final/Learning_Rig/bee_0408_3/fwd/cam1_2026-04-08_18-28-06.mp4,1016.0,1678.0,783,1353,1249,2003,0.83720934
588,/Volumes/SmithL0/2026/BIOL470/Final/Learning_Rig/bee_0408_3/fwd/cam1_2026-04-08_18-28-06.mp4,1016.0,1677.5,778,1350,1254,2005,0.8426612
589,/Volumes/SmithL0/2026/BIOL470/Final/Learning_Rig/bee_0408_3/fwd/cam1_2026-04-08_18-28-06.mp4,1020.0,1672.0,789,1341,1251,2003,0.8405257
590,/Volumes/SmithL0/2026/BIOL470/Final/Learning_Rig/bee_0408_3/fwd/cam1_2026-04-08_18-28-06.mp4,1023.0,1656.5,802,1305,1244,2008,0.8425314
591,/Volumes/SmithL0/2026/BIOL470/Final/Learning_Rig/bee_0408_3/fwd/cam1_2026-04-08_18-28-06.mp4,1039.5,1656.5,823,1310,1256,2003,0.8331529
592,/Volumes/SmithL0/2026/BIOL470/Final/Learning_Rig/bee_0408_3/fwd/cam1_2026-04-08_18-28-06.mp4,1039.0,1648.0,817,1301,1261,1995,0.83794284
593,/Volumes/SmithL0/2026/BIOL470/Final/Learning_Rig/bee_0408_3/fwd/cam1_2026-04-08_18-28-06.mp4,1048.0,1639.5,832,1305,1264,1974,0.85760576
594,/Volumes/SmithL0/2026/BIOL470/Final/Learning_Rig/bee_0408_3/fwd/cam1_2026-04-08_18-28-06.mp4,1045.5,1644.0,827,1342,1264,1946,0.8574334
595,/Volumes/SmithL0/2026/BIOL470/Final/Learning_Rig/bee_0408_3/fwd/cam1_2026-04-08_18-28-06.mp4,1046.0,1651.0,827,1345,1265,1957,0.86689615
596,/Volumes/SmithL0/2026/BIOL470/Final/Learning_Rig/bee_0408_3/fwd/cam1_2026-04-08_18-28-06.mp4,1048.5,1678.0,831,1343,1266,2013,0.84940827
597,/Volumes/SmithL0/2026/BIOL470/Final/Learning_Rig/bee_0408_3/fwd/cam1_2026-04-08_18-28-06.mp4,1046.0,1652.0,828,1339,1264,1965,0.8724841
598,/Volumes/SmithL0/2026/BIOL470/Final/Learning_Rig/bee_0408_3/fwd/cam1_2026-04-08_18-28-06.mp4,1046.0,1664.0,826,1312,1266,2016,0.85838073
599,/Volumes/SmithL0/2026/BIOL470/Final/Learning_Rig/bee_0408_3/fwd/cam1_2026-04-08_18-28-06.mp4,1047.0,1659.0,827,1302,1267,2016,0.8567714
600,/Volumes/SmithL0/2026/BIOL470/Final/Learning_Rig/bee_0408_3/fwd/cam1_2026-04-08_18-28-06.mp4,1047.5,1651.5,829,1302,1266,2001,0.8647302
601,/Volumes/SmithL0/2026/BIOL470/Final/Learning_Rig/bee_0408_3/fwd/cam1_2026-04-08_18-28-06.mp4,1048.0,1638.5,830,1286,1266,1991,0.85993266
602,/Volumes/SmithL0/2026/BIOL470/Final/Learning_Rig/bee_0408_3/fwd/cam1_2026-04-08_18-28-06.mp4,1049.0,1624.0,832,1275,1266,1973,0.8653786
603,/Volumes/SmithL0/2026/BIOL470/Final/Learning_Rig/bee_0408_3/fwd/cam1_2026-04-08_18-28-06.mp4,1012.0,1615.5,761,1276,1263,1955,0.85765475
604,/Volumes/SmithL0/2026/BIOL470/Final/Learning_Rig/bee_0408_3/fwd/cam1_2026-04-08_18-28-06.mp4,1009.0,1645.0,737,1333,1281,1957,0.8420504
605,/Volumes/SmithL0/2026/BIOL470/Final/Learning_Rig/bee_0408_3/fwd/cam1_2026-04-08_18-28-06.mp4,997.5,1631.5,707,1319,1288,1944,0.7628168
606,/Volumes/SmithL0/2026/BIOL470/Final/Learning_Rig/bee_0408_3/fwd/cam1_2026-04-08_18-28-06.mp4,991.0,1621.5,689,1321,1293,1922,0.7199765
607,/Volumes/SmithL0/2026/BIOL470/Final/Learning_Rig/bee_0408_3/fwd/cam1_2026-04-08_18-28-06.mp4,976.0,1620.5,642,1330,1310,1911,0.6837826
608,/Volumes/SmithL0/2026/BIOL470/Final/Learning_Rig/bee_0408_3/fwd/cam1_2026-04-08_18-28-06.mp4,970.5,1628.5,641,1342,1300,1915,0.74630374
609,/Volumes/SmithL0/2026/BIOL470/Final/Learning_Rig/bee_0408_3/fwd/cam1_2026-04-08_18-28-06.mp4,1086.5,1628.5,843,1353,1330,1904,0.8351103
610,/Volumes/SmithL0/2026/BIOL470/Final/Learning_Rig/bee_0408_3/fwd/cam1_2026-04-08_18-28-06.mp4,1086.5,1644.5,835,1354,1338,1935,0.8014858
611,/Volumes/SmithL0/2026/BIOL470/Final/Learning_Rig/bee_0408_3/fwd/cam1_2026-04-08_18-28-06.mp4,1081.5,1634.5,797,1382,1366,1887,0.77651066
612,/Volumes/SmithL0/2026/BIOL470/Final/Learning_Rig/bee_0408_3/fwd/cam1_2026-04-08_18-28-06.mp4,1135.0,1612.5,788,1344,1482,1881,0.81239784
613,/Volumes/SmithL0/2026/BIOL470/Final/Learning_Rig/bee_0408_3/fwd/cam1_2026-04-08_18-28-06.mp4,1130.0,1629.5,778,1376,1482,1883,0.82097137
614,/Volumes/SmithL0/2026/BIOL470/Final/Learning_Rig/bee_0408_3/fwd/cam1_2026-04-08_18-28-06.mp4,1133.5,1631.5,780,1376,1487,1887,0.81796825
615,/Volumes/SmithL0/2026/BIOL470/Final/Learning_Rig/bee_0408_3/fwd/cam1_2026-04-08_18-28-06.mp4,1176.5,1600.5,817,1342,1536,1859,0.7995054
616,/Volumes/SmithL0/2026/BIOL470/Final/Learning_Rig/bee_0408_3/fwd/cam1_2026-04-08_18-28-06.mp4,1204.5,1605.5,847,1342,1562,1869,0.8185451
617,/Volumes/SmithL0/2026/BIOL470/Final/Learning_Rig/bee_0408_3/fwd/cam1_2026-04-08_18-28-06.mp4,1208.5,1607.5,850,1343,1567,1872,0.83178455
618,/Volumes/SmithL0/2026/BIOL470/Final/Learning_Rig/bee_0408_3/fwd/cam1_2026-04-08_18-28-06.mp4,1210.0,1606.0,852,1333,1568,1879,0.809421
619,/Volumes/SmithL0/2026/BIOL470/Final/Learning_Rig/bee_0408_3/fwd/cam1_2026-04-08_18-28-06.mp4,1240.5,1620.0,880,1355,1601,1885,0.8150543
620,/Volumes/SmithL0/2026/BIOL470/Final/Learning_Rig/bee_0408_3/fwd/cam1_2026-04-08_18-28-06.mp4,1250.0,1622.5,892,1359,1608,1886,0.80075264
621,/Volumes/SmithL0/2026/BIOL470/Final/Learning_Rig/bee_0408_3/fwd/cam1_2026-04-08_18-28-06.mp4,1238.0,1620.0,898,1347,1578,1893,0.8124318
622,/Volumes/SmithL0/2026/BIOL470/Final/Learning_Rig/bee_0408_3/fwd/cam1_2026-04-08_18-28-06.mp4,1248.0,1626.0,905,1344,1591,1908,0.79458886
623,/Volumes/SmithL0/2026/BIOL470/Final/Learning_Rig/bee_0408_3/fwd/cam1_2026-04-08_18-28-06.mp4,1246.0,1630.5,913,1342,1579,1919,0.8096618
624,/Volumes/SmithL0/2026/BIOL470/Final/Learning_Rig/bee_0408_3/fwd/cam1_2026-04-08_18-28-06.mp4,1289.5,1620.5,917,1333,1662,1908,0.7932577
625,/Volumes/SmithL0/2026/BIOL470/Final/Learning_Rig/bee_0408_3/fwd/cam1_2026-04-08_18-28-06.mp4,1310.0,1618.0,943,1333,1677,1903,0.80036545
626,/Volumes/SmithL0/2026/BIOL470/Final/Learning_Rig/bee_0408_3/fwd/cam1_2026-04-08_18-28-06.mp4,1318.5,1630.5,947,1334,1690,1927,0.8058756
627,/Volumes/SmithL0/2026/BIOL470/Final/Learning_Rig/bee_0408_3/fwd/cam1_2026-04-08_18-28-06.mp4,1325.5,1711.0,960,1452,1691,1970,0.7937227
628,/Volumes/SmithL0/2026/BIOL470/Final/Learning_Rig/bee_0408_3/fwd/cam1_2026-04-08_18-28-06.mp4,1311.0,1609.5,944,1458,1678,1761,0.6813246
629,/Volumes/SmithL0/2026/BIOL470/Final/Learning_Rig/bee_0408_3/fwd/cam1_2026-04-08_18-28-06.mp4,1331.0,1685.5,956,1393,1706,1978,0.79818857
630,/Volumes/SmithL0/2026/BIOL470/Final/Learning_Rig/bee_0408_3/fwd/cam1_2026-04-08_18-28-06.mp4,1343.5,1662.0,986,1372,1701,1952,0.8095877
631,/Volumes/SmithL0/2026/BIOL470/Final/Learning_Rig/bee_0408_3/fwd/cam1_2026-04-08_18-28-06.mp4,1365.5,1623.5,1028,1357,1703,1890,0.80612105
632,/Volumes/SmithL0/2026/BIOL470/Final/Learning_Rig/bee_0408_3/fwd/cam1_2026-04-08_18-28-06.mp4,1426.5,1562.5,1085,1277,1768,1848,0.8093053
633,/Volumes/SmithL0/2026/BIOL470/Final/Learning_Rig/bee_0408_3/fwd/cam1_2026-04-08_18-28-06.mp4,1443.5,1560.5,1113,1269,1774,1852,0.8198589
634,/Volumes/SmithL0/2026/BIOL470/Final/Learning_Rig/bee_0408_3/fwd/cam1_2026-04-08_18-28-06.mp4,1518.5,1512.5,1192,1232,1845,1793,0.8120978
635,/Volumes/SmithL0/2026/BIOL470/Final/Learning_Rig/bee_0408_3/fwd/cam1_2026-04-08_18-28-06.mp4,1521.0,1475.0,1186,1151,1856,1799,0.82009214
636,/Volumes/SmithL0/2026/BIOL470/Final/Learning_Rig/bee_0408_3/fwd/cam1_2026-04-08_18-28-06.mp4,1555.5,1484.0,1217,1154,1894,1814,0.7957025
637,/Volumes/SmithL0/2026/BIOL470/Final/Learning_Rig/bee_0408_3/fwd/cam1_2026-04-08_18-28-06.mp4,1558.5,1482.0,1220,1153,1897,1811,0.7991862
638,/Volumes/SmithL0/2026/BIOL470/Final/Learning_Rig/bee_0408_3/fwd/cam1_2026-04-08_18-28-06.mp4,1521.0,1462.5,1192,1140,1850,1785,0.82407135
639,/Volumes/SmithL0/2026/BIOL470/Final/Learning_Rig/bee_0408_3/fwd/cam1_2026-04-08_18-28-06.mp4,1520.0,1457.0,1192,1130,1848,1784,0.81954366
640,/Volumes/SmithL0/2026/BIOL470/Final/Learning_Rig/bee_0408_3/fwd/cam1_2026-04-08_18-28-06.mp4,1544.5,1465.5,1224,1127,1865,1804,0.8306069
641,/Volumes/SmithL0/2026/BIOL470/Final/Learning_Rig/bee_0408_3/fwd/cam1_2026-04-08_18-28-06.mp4,1559.0,1476.0,1229,1145,1889,1807,0.81784976
642,/Volumes/SmithL0/2026/BIOL470/Final/Learning_Rig/bee_0408_3/fwd/cam1_2026-04-08_18-28-06.mp4,1580.0,1461.0,1239,1155,1921,1767,0.819268
643,/Volumes/SmithL0/2026/BIOL470/Final/Learning_Rig/bee_0408_3/fwd/cam1_2026-04-08_18-28-06.mp4,1577.5,1455.5,1233,1152,1922,1759,0.82018983
644,/Volumes/SmithL0/2026/BIOL470/Final/Learning_Rig/bee_0408_3/fwd/cam1_2026-04-08_18-28-06.mp4,1569.0,1440.0,1212,1128,1926,1752,0.83401823
645,/Volumes/SmithL0/2026/BIOL470/Final/Learning_Rig/bee_0408_3/fwd/cam1_2026-04-08_18-28-06.mp4,1573.5,1415.5,1198,1078,1949,1753,0.8159669
646,/Volumes/SmithL0/2026/BIOL470/Final/Learning_Rig/bee_0408_3/fwd/cam1_2026-04-08_18-28-06.mp4,1557.0,1443.0,1177,1143,1937,1743,0.8059924
647,/Volumes/SmithL0/2026/BIOL470/Final/Learning_Rig/bee_0408_3/fwd/cam1_2026-04-08_18-28-06.mp4,1573.0,1460.5,1188,1147,1958,1774,0.8022331
648,/Volumes/SmithL0/2026/BIOL470/Final/Learning_Rig/bee_0408_3/fwd/cam1_2026-04-08_18-28-06.mp4,1550.0,1448.0,1154,1136,1946,1760,0.80126643
649,/Volumes/SmithL0/2026/BIOL470/Final/Learning_Rig/bee_0408_3/fwd/cam1_2026-04-08_18-28-06.mp4,1540.5,1497.0,1152,1255,1929,1739,0.7988814
650,/Volumes/SmithL0/2026/BIOL470/Final/Learning_Rig/bee_0408_3/fwd/cam1_2026-04-08_18-28-06.mp4,1531.5,1501.5,1151,1257,1912,1746,0.811056
651,/Volumes/SmithL0/2026/BIOL470/Final/Learning_Rig/bee_0408_3/fwd/cam1_2026-04-08_18-28-06.mp4,1523.0,1511.0,1157,1259,1889,1763,0.8024145
652,/Volumes/SmithL0/2026/BIOL470/Final/Learning_Rig/bee_0408_3/fwd/cam1_2026-04-08_18-28-06.mp4,1524.0,1548.5,1163,1260,1885,1837,0.81215274
653,/Volumes/SmithL0/2026/BIOL470/Final/Learning_Rig/bee_0408_3/fwd/cam1_2026-04-08_18-28-06.mp4,1523.0,1542.5,1155,1261,1891,1824,0.82822156
654,/Volumes/SmithL0/2026/BIOL470/Final/Learning_Rig/bee_0408_3/fwd/cam1_2026-04-08_18-28-06.mp4,1513.0,1548.5,1137,1263,1889,1834,0.8085005
655,/Volumes/SmithL0/2026/BIOL470/Final/Learning_Rig/bee_0408_3/fwd/cam1_2026-04-08_18-28-06.mp4,1499.5,1551.5,1123,1260,1876,1843,0.8113139
656,/Volumes/SmithL0/2026/BIOL470/Final/Learning_Rig/bee_0408_3/fwd/cam1_2026-04-08_18-28-06.mp4,1460.5,1557.5,1114,1278,1807,1837,0.79431003
657,/Volumes/SmithL0/2026/BIOL470/Final/Learning_Rig/bee_0408_3/fwd/cam1_2026-04-08_18-28-06.mp4,1474.5,1554.5,1114,1280,1835,1829,0.7820621
658,/Volumes/SmithL0/2026/BIOL470/Final/Learning_Rig/bee_0408_3/fwd/cam1_2026-04-08_18-28-06.mp4,1470.5,1562.5,1118,1285,1823,1840,0.7869607
659,/Volumes/SmithL0/2026/BIOL470/Final/Learning_Rig/bee_0408_3/fwd/cam1_2026-04-08_18-28-06.mp4,1474.5,1550.5,1138,1272,1811,1829,0.8054835
660,/Volumes/SmithL0/2026/BIOL470/Final/Learning_Rig/bee_0408_3/fwd/cam1_2026-04-08_18-28-06.mp4,1474.0,1547.5,1140,1254,1808,1841,0.82457644
661,/Volumes/SmithL0/2026/BIOL470/Final/Learning_Rig/bee_0408_3/fwd/cam1_2026-04-08_18-28-06.mp4,1470.5,1551.0,1138,1254,1803,1848,0.82302976
662,/Volumes/SmithL0/2026/BIOL470/Final/Learning_Rig/bee_0408_3/fwd/cam1_2026-04-08_18-28-06.mp4,1408.0,1555.0,1129,1248,1687,1862,0.74347883
663,/Volumes/SmithL0/2026/BIOL470/Final/Learning_Rig/bee_0408_3/fwd/cam1_2026-04-08_18-28-06.mp4,1412.0,1692.5,1128,1250,1696,2135,0.6147106
664,/Volumes/SmithL0/2026/BIOL470/Final/Learning_Rig/bee_0408_3/fwd/cam1_2026-04-08_18-28-06.mp4,1406.0,1591.5,1128,1247,1684,1936,0.73394144
665,/Volumes/SmithL0/2026/BIOL470/Final/Learning_Rig/bee_0408_3/fwd/cam1_2026-04-08_18-28-06.mp4,1402.0,1583.5,1129,1235,1675,1932,0.80388236
666,/Volumes/SmithL0/2026/BIOL470/Final/Learning_Rig/bee_0408_3/fwd/cam1_2026-04-08_18-28-06.mp4,1408.0,1576.0,1138,1226,1678,1926,0.80503553
667,/Volumes/SmithL0/2026/BIOL470/Final/Learning_Rig/bee_0408_3/fwd/cam1_2026-04-08_18-28-06.mp4,1419.5,1578.0,1151,1237,1688,1919,0.81497496
668,/Volumes/SmithL0/2026/BIOL470/Final/Learning_Rig/bee_0408_3/fwd/cam1_2026-04-08_18-28-06.mp4,1423.5,1557.5,1151,1221,1696,1894,0.8345075
669,/Volumes/SmithL0/2026/BIOL470/Final/Learning_Rig/bee_0408_3/fwd/cam1_2026-04-08_18-28-06.mp4,1474.0,1564.0,1209,1227,1739,1901,0.8197023
670,/Volumes/SmithL0/2026/BIOL470/Final/Learning_Rig/bee_0408_3/fwd/cam1_2026-04-08_18-28-06.mp4,1464.5,1561.5,1194,1232,1735,1891,0.8107105
671,/Volumes/SmithL0/2026/BIOL470/Final/Learning_Rig/bee_0408_3/fwd/cam1_2026-04-08_18-28-06.mp4,1494.0,1609.5,1185,1230,1803,1989,0.7862933
672,/Volumes/SmithL0/2026/BIOL470/Final/Learning_Rig/bee_0408_3/fwd/cam1_2026-04-08_18-28-06.mp4,1482.0,1550.0,1169,1229,1795,1871,0.7916507
673,/Volumes/SmithL0/2026/BIOL470/Final/Learning_Rig/bee_0408_3/fwd/cam1_2026-04-08_18-28-06.mp4,1485.0,1551.0,1175,1224,1795,1878,0.7972105
674,/Volumes/SmithL0/2026/BIOL470/Final/Learning_Rig/bee_0408_3/fwd/cam1_2026-04-08_18-28-06.mp4,1489.0,1540.0,1187,1207,1791,1873,0.81371045
675,/Volumes/SmithL0/2026/BIOL470/Final/Learning_Rig/bee_0408_3/fwd/cam1_2026-04-08_18-28-06.mp4,1477.5,1504.0,1157,1187,1798,1821,0.77318335
676,/Volumes/SmithL0/2026/BIOL470/Final/Learning_Rig/bee_0408_3/fwd/cam1_2026-04-08_18-28-06.mp4,1472.5,1493.0,1153,1168,1792,1818,0.83848256
677,/Volumes/SmithL0/2026/BIOL470/Final/Learning_Rig/bee_0408_3/fwd/cam1_2026-04-08_18-28-06.mp4,1515.5,1493.0,1207,1161,1824,1825,0.81023324
678,/Volumes/SmithL0/2026/BIOL470/Final/Learning_Rig/bee_0408_3/fwd/cam1_2026-04-08_18-28-06.mp4,1505.0,1488.0,1219,1148,1791,1828,0.8047827
679,/Volumes/SmithL0/2026/BIOL470/Final/Learning_Rig/bee_0408_3/fwd/cam1_2026-04-08_18-28-06.mp4,1503.0,1491.5,1228,1151,1778,1832,0.8197669
680,/Volumes/SmithL0/2026/BIOL470/Final/Learning_Rig/bee_0408_3/fwd/cam1_2026-04-08_18-28-06.mp4,1483.5,1505.0,1197,1165,1770,1845,0.82359165
681,/Volumes/SmithL0/2026/BIOL470/Final/Learning_Rig/bee_0408_3/fwd/cam1_2026-04-08_18-28-06.mp4,1493.0,1493.5,1176,1165,1810,1822,0.8134697
682,/Volumes/SmithL0/2026/BIOL470/Final/Learning_Rig/bee_0408_3/fwd/cam1_2026-04-08_18-28-06.mp4,1510.0,1494.0,1183,1163,1837,1825,0.82063925
683,/Volumes/SmithL0/2026/BIOL470/Final/Learning_Rig/bee_0408_3/fwd/cam1_2026-04-08_18-28-06.mp4,1527.0,1485.5,1192,1156,1862,1815,0.8461297
684,/Volumes/SmithL0/2026/BIOL470/Final/Learning_Rig/bee_0408_3/fwd/cam1_2026-04-08_18-28-06.mp4,1530.0,1485.0,1195,1156,1865,1814,0.8409192
685,/Volumes/SmithL0/2026/BIOL470/Final/Learning_Rig/bee_0408_3/fwd/cam1_2026-04-08_18-28-06.mp4,1562.5,1475.0,1223,1143,1902,1807,0.79445845
686,/Volumes/SmithL0/2026/BIOL470/Final/Learning_Rig/bee_0408_3/fwd/cam1_2026-04-08_18-28-06.mp4,1576.5,1481.5,1242,1154,1911,1809,0.81452817
687,/Volumes/SmithL0/2026/BIOL470/Final/Learning_Rig/bee_0408_3/fwd/cam1_2026-04-08_18-28-06.mp4,1583.5,1481.0,1255,1137,1912,1825,0.83448553
688,/Volumes/SmithL0/2026/BIOL470/Final/Learning_Rig/bee_0408_3/fwd/cam1_2026-04-08_18-28-06.mp4,1598.5,1461.0,1269,1101,1928,1821,0.85069627
689,/Volumes/SmithL0/2026/BIOL470/Final/Learning_Rig/bee_0408_3/fwd/cam1_2026-04-08_18-28-06.mp4,1603.5,1452.5,1262,1096,1945,1809,0.8509211
690,/Volumes/SmithL0/2026/BIOL470/Final/Learning_Rig/bee_0408_3/fwd/cam1_2026-04-08_18-28-06.mp4,1616.5,1445.0,1272,1096,1961,1794,0.85674345
691,/Volumes/SmithL0/2026/BIOL470/Final/Learning_Rig/bee_0408_3/fwd/cam1_2026-04-08_18-28-06.mp4,1631.5,1429.0,1300,1106,1963,1752,0.8487698
692,/Volumes/SmithL0/2026/BIOL470/Final/Learning_Rig/bee_0408_3/fwd/cam1_2026-04-08_18-28-06.mp4,1633.0,1392.0,1298,1071,1968,1713,0.85055083
693,/Volumes/SmithL0/2026/BIOL470/Final/Learning_Rig/bee_0408_3/fwd/cam1_2026-04-08_18-28-06.mp4,1631.0,1356.0,1291,1055,1971,1657,0.821566
694,/Volumes/SmithL0/2026/BIOL470/Final/Learning_Rig/bee_0408_3/fwd/cam1_2026-04-08_18-28-06.mp4,1638.5,1347.5,1275,1062,2002,1633,0.79136485
695,/Volumes/SmithL0/2026/BIOL470/Final/Learning_Rig/bee_0408_3/fwd/cam1_2026-04-08_18-28-06.mp4,1663.5,1353.0,1276,1088,2051,1618,0.81481475
696,/Volumes/SmithL0/2026/BIOL470/Final/Learning_Rig/bee_0408_3/fwd/cam1_2026-04-08_18-28-06.mp4,1682.5,1348.5,1308,1076,2057,1621,0.8230915
697,/Volumes/SmithL0/2026/BIOL470/Final/Learning_Rig/bee_0408_3/fwd/cam1_2026-04-08_18-28-06.mp4,1689.0,1342.5,1312,1062,2066,1623,0.8306101
698,/Volumes/SmithL0/2026/BIOL470/Final/Learning_Rig/bee_0408_3/fwd/cam1_2026-04-08_18-28-06.mp4,1692.0,1335.0,1311,1053,2073,1617,0.8355834
699,/Volumes/SmithL0/2026/BIOL470/Final/Learning_Rig/bee_0408_3/fwd/cam1_2026-04-08_18-28-06.mp4,1708.5,1335.0,1341,1053,2076,1617,0.8440425
700,/Volumes/SmithL0/2026/BIOL470/Final/Learning_Rig/bee_0408_3/fwd/cam1_2026-04-08_18-28-06.mp4,1715.5,1329.5,1351,1041,2080,1618,0.81678444
701,/Volumes/SmithL0/2026/BIOL470/Final/Learning_Rig/bee_0408_3/fwd/cam1_2026-04-08_18-28-06.mp4,1721.5,1319.5,1356,1019,2087,1620,0.8141956
702,/Volumes/SmithL0/2026/BIOL470/Final/Learning_Rig/bee_0408_3/fwd/cam1_2026-04-08_18-28-06.mp4,1733.0,1326.5,1368,1030,2098,1623,0.83080715
703,/Volumes/SmithL0/2026/BIOL470/Final/Learning_Rig/bee_0408_3/fwd/cam1_2026-04-08_18-28-06.mp4,1729.0,1331.5,1362,1032,2096,1631,0.8231055
704,/Volumes/SmithL0/2026/BIOL470/Final/Learning_Rig/bee_0408_3/fwd/cam1_2026-04-08_18-28-06.mp4,1750.5,1323.5,1409,1009,2092,1638,0.8221183
705,/Volumes/SmithL0/2026/BIOL470/Final/Learning_Rig/bee_0408_3/fwd/cam1_2026-04-08_18-28-06.mp4,1758.0,1359.0,1441,1000,2075,1718,0.82929695
706,/Volumes/SmithL0/2026/BIOL470/Final/Learning_Rig/bee_0408_3/fwd/cam1_2026-04-08_18-28-06.mp4,1732.5,1361.5,1449,993,2016,1730,0.83467925
707,/Volumes/SmithL0/2026/BIOL470/Final/Learning_Rig/bee_0408_3/fwd/cam1_2026-04-08_18-28-06.mp4,1793.5,1365.5,1442,1001,2145,1730,0.85333437
708,/Volumes/SmithL0/2026/BIOL470/Final/Learning_Rig/bee_0408_3/fwd/cam1_2026-04-08_18-28-06.mp4,1821.5,1360.0,1435,989,2208,1731,0.8260147
709,/Volumes/SmithL0/2026/BIOL470/Final/Learning_Rig/bee_0408_3/fwd/cam1_2026-04-08_18-28-06.mp4,1822.0,1365.5,1436,996,2208,1735,0.8246921
710,/Volumes/SmithL0/2026/BIOL470/Final/Learning_Rig/bee_0408_3/fwd/cam1_2026-04-08_18-28-06.mp4,1830.0,1358.0,1436,989,2224,1727,0.81529576
711,/Volumes/SmithL0/2026/BIOL470/Final/Learning_Rig/bee_0408_3/fwd/cam1_2026-04-08_18-28-06.mp4,1836.5,1360.0,1441,1001,2232,1719,0.85237736
712,/Volumes/SmithL0/2026/BIOL470/Final/Learning_Rig/bee_0408_3/fwd/cam1_2026-04-08_18-28-06.mp4,1833.5,1340.5,1443,976,2224,1705,0.84327763
713,/Volumes/SmithL0/2026/BIOL470/Final/Learning_Rig/bee_0408_3/fwd/cam1_2026-04-08_18-28-06.mp4,1846.5,1389.5,1452,1051,2241,1728,0.807158
714,/Volumes/SmithL0/2026/BIOL470/Final/Learning_Rig/bee_0408_3/fwd/cam1_2026-04-08_18-28-06.mp4,1745.5,1383.5,1433,1054,2058,1713,0.7914782
715,/Volumes/SmithL0/2026/BIOL470/Final/Learning_Rig/bee_0408_3/fwd/cam1_2026-04-08_18-28-06.mp4,1756.0,1394.0,1418,1060,2094,1728,0.7961616
716,/Volumes/SmithL0/2026/BIOL470/Final/Learning_Rig/bee_0408_3/fwd/cam1_2026-04-08_18-28-06.mp4,1762.0,1389.0,1417,1048,2107,1730,0.7924872
717,/Volumes/SmithL0/2026/BIOL470/Final/Learning_Rig/bee_0408_3/fwd/cam1_2026-04-08_18-28-06.mp4,1746.5,1398.5,1420,1065,2073,1732,0.8245339
718,/Volumes/SmithL0/2026/BIOL470/Final/Learning_Rig/bee_0408_3/fwd/cam1_2026-04-08_18-28-06.mp4,1749.5,1391.0,1418,1043,2081,1739,0.80695856
719,/Volumes/SmithL0/2026/BIOL470/Final/Learning_Rig/bee_0408_3/fwd/cam1_2026-04-08_18-28-06.mp4,1745.0,1384.5,1409,1032,2081,1737,0.8071104
720,/Volumes/SmithL0/2026/BIOL470/Final/Learning_Rig/bee_0408_3/fwd/cam1_2026-04-08_18-28-06.mp4,1738.0,1388.0,1404,1040,2072,1736,0.8114717
721,/Volumes/SmithL0/2026/BIOL470/Final/Learning_Rig/bee_0408_3/fwd/cam1_2026-04-08_18-28-06.mp4,1739.5,1416.5,1417,1105,2062,1728,0.79513097
722,/Volumes/SmithL0/2026/BIOL470/Final/Learning_Rig/bee_0408_3/fwd/cam1_2026-04-08_18-28-06.mp4,1723.0,1377.0,1404,1029,2042,1725,0.8105143
723,/Volumes/SmithL0/2026/BIOL470/Final/Learning_Rig/bee_0408_3/fwd/cam1_2026-04-08_18-28-06.mp4,1708.0,1374.0,1406,1011,2010,1737,0.82119226
724,/Volumes/SmithL0/2026/BIOL470/Final/Learning_Rig/bee_0408_3/fwd/cam1_2026-04-08_18-28-06.mp4,1714.5,1373.5,1430,1010,1999,1737,0.79189104
725,/Volumes/SmithL0/2026/BIOL470/Final/Learning_Rig/bee_0408_3/fwd/cam1_2026-04-08_18-28-06.mp4,1715.5,1371.5,1438,1006,1993,1737,0.8094866
726,/Volumes/SmithL0/2026/BIOL470/Final/Learning_Rig/bee_0408_3/fwd/cam1_2026-04-08_18-28-06.mp4,1719.5,1372.5,1445,1005,1994,1740,0.8094139
727,/Volumes/SmithL0/2026/BIOL470/Final/Learning_Rig/bee_0408_3/fwd/cam1_2026-04-08_18-28-06.mp4,1718.5,1397.0,1442,1051,1995,1743,0.8056121
728,/Volumes/SmithL0/2026/BIOL470/Final/Learning_Rig/bee_0408_3/fwd/cam1_2026-04-08_18-28-06.mp4,1712.0,1402.5,1438,1062,1986,1743,0.8275528
729,/Volumes/SmithL0/2026/BIOL470/Final/Learning_Rig/bee_0408_3/fwd/cam1_2026-04-08_18-28-06.mp4,1709.5,1403.0,1431,1066,1988,1740,0.8321308
730,/Volumes/SmithL0/2026/BIOL470/Final/Learning_Rig/bee_0408_3/fwd/cam1_2026-04-08_18-28-06.mp4,1713.0,1404.0,1423,1065,2003,1743,0.82298696
731,/Volumes/SmithL0/2026/BIOL470/Final/Learning_Rig/bee_0408_3/fwd/cam1_2026-04-08_18-28-06.mp4,1674.0,1396.0,1400,1052,1948,1740,0.8108417
732,/Volumes/SmithL0/2026/BIOL470/Final/Learning_Rig/bee_0408_3/fwd/cam1_2026-04-08_18-28-06.mp4,1670.5,1391.5,1405,1047,1936,1736,0.80615586
733,/Volumes/SmithL0/2026/BIOL470/Final/Learning_Rig/bee_0408_3/fwd/cam1_2026-04-08_18-28-06.mp4,1658.5,1384.5,1383,1040,1934,1729,0.8215493
734,/Volumes/SmithL0/2026/BIOL470/Final/Learning_Rig/bee_0408_3/fwd/cam1_2026-04-08_18-28-06.mp4,1666.5,1380.5,1355,1044,1978,1717,0.80997497
735,/Volumes/SmithL0/2026/BIOL470/Final/Learning_Rig/bee_0408_3/fwd/cam1_2026-04-08_18-28-06.mp4,1633.5,1373.5,1344,1043,1923,1704,0.8203529
736,/Volumes/SmithL0/2026/BIOL470/Final/Learning_Rig/bee_0408_3/fwd/cam1_2026-04-08_18-28-06.mp4,1649.5,1332.0,1336,1001,1963,1663,0.84561235
737,/Volumes/SmithL0/2026/BIOL470/Final/Learning_Rig/bee_0408_3/fwd/cam1_2026-04-08_18-28-06.mp4,1640.0,1323.5,1339,995,1941,1652,0.86308455
738,/Volumes/SmithL0/2026/BIOL470/Final/Learning_Rig/bee_0408_3/fwd/cam1_2026-04-08_18-28-06.mp4,1616.0,1305.5,1318,974,1914,1637,0.8457477
739,/Volumes/SmithL0/2026/BIOL470/Final/Learning_Rig/bee_0408_3/fwd/cam1_2026-04-08_18-28-06.mp4,1619.5,1231.5,1268,914,1971,1549,0.8040358
740,/Volumes/SmithL0/2026/BIOL470/Final/Learning_Rig/bee_0408_3/fwd/cam1_2026-04-08_18-28-06.mp4,1564.0,1233.5,1264,910,1864,1557,0.82462215
741,/Volumes/SmithL0/2026/BIOL470/Final/Learning_Rig/bee_0408_3/fwd/cam1_2026-04-08_18-28-06.mp4,1573.5,1245.0,1280,933,1867,1557,0.7960412
742,/Volumes/SmithL0/2026/BIOL470/Final/Learning_Rig/bee_0408_3/fwd/cam1_2026-04-08_18-28-06.mp4,1579.0,1225.0,1291,893,1867,1557,0.81622565
743,/Volumes/SmithL0/2026/BIOL470/Final/Learning_Rig/bee_0408_3/fwd/cam1_2026-04-08_18-28-06.mp4,1586.0,1221.0,1301,885,1871,1557,0.8144639
744,/Volumes/SmithL0/2026/BIOL470/Final/Learning_Rig/bee_0408_3/fwd/cam1_2026-04-08_18-28-06.mp4,1597.5,1272.0,1307,949,1888,1595,0.80869114
745,/Volumes/SmithL0/2026/BIOL470/Final/Learning_Rig/bee_0408_3/fwd/cam1_2026-04-08_18-28-06.mp4,1602.0,1288.5,1300,944,1904,1633,0.8073267
746,/Volumes/SmithL0/2026/BIOL470/Final/Learning_Rig/bee_0408_3/fwd/cam1_2026-04-08_18-28-06.mp4,1598.0,1279.5,1316,914,1880,1645,0.8232151
747,/Volumes/SmithL0/2026/BIOL470/Final/Learning_Rig/bee_0408_3/fwd/cam1_2026-04-08_18-28-06.mp4,1589.0,1259.0,1314,883,1864,1635,0.82462674
748,/Volumes/SmithL0/2026/BIOL470/Final/Learning_Rig/bee_0408_3/fwd/cam1_2026-04-08_18-28-06.mp4,1583.0,1262.0,1305,885,1861,1639,0.8164377
749,/Volumes/SmithL0/2026/BIOL470/Final/Learning_Rig/bee_0408_3/fwd/cam1_2026-04-08_18-28-06.mp4,1561.5,1248.0,1299,870,1824,1626,0.8151618
750,/Volumes/SmithL0/2026/BIOL470/Final/Learning_Rig/bee_0408_3/fwd/cam1_2026-04-08_18-28-06.mp4,1571.0,1286.5,1289,928,1853,1645,0.7998796
751,/Volumes/SmithL0/2026/BIOL470/Final/Learning_Rig/bee_0408_3/fwd/cam1_2026-04-08_18-28-06.mp4,1576.5,1297.5,1299,943,1854,1652,0.7833369
752,/Volumes/SmithL0/2026/BIOL470/Final/Learning_Rig/bee_0408_3/fwd/cam1_2026-04-08_18-28-06.mp4,1566.0,1295.5,1267,938,1865,1653,0.8073634
753,/Volumes/SmithL0/2026/BIOL470/Final/Learning_Rig/bee_0408_3/fwd/cam1_2026-04-08_18-28-06.mp4,1551.5,1304.5,1243,941,1860,1668,0.81817466
754,/Volumes/SmithL0/2026/BIOL470/Final/Learning_Rig/bee_0408_3/fwd/cam1_2026-04-08_18-28-06.mp4,1548.0,1306.0,1237,936,1859,1676,0.81291616
755,/Volumes/SmithL0/2026/BIOL470/Final/Learning_Rig/bee_0408_3/fwd/cam1_2026-04-08_18-28-06.mp4,1529.5,1325.5,1197,961,1862,1690,0.83284575
756,/Volumes/SmithL0/2026/BIOL470/Final/Learning_Rig/bee_0408_3/fwd/cam1_2026-04-08_18-28-06.mp4,1507.5,1288.0,1134,939,1881,1637,0.81663173
757,/Volumes/SmithL0/2026/BIOL470/Final/Learning_Rig/bee_0408_3/fwd/cam1_2026-04-08_18-28-06.mp4,1504.0,1278.5,1118,932,1890,1625,0.81172365
758,/Volumes/SmithL0/2026/BIOL470/Final/Learning_Rig/bee_0408_3/fwd/cam1_2026-04-08_18-28-06.mp4,1495.0,1277.5,1103,939,1887,1616,0.7962782
759,/Volumes/SmithL0/2026/BIOL470/Final/Learning_Rig/bee_0408_3/fwd/cam1_2026-04-08_18-28-06.mp4,1489.0,1262.0,1107,939,1871,1585,0.83654463
760,/Volumes/SmithL0/2026/BIOL470/Final/Learning_Rig/bee_0408_3/fwd/cam1_2026-04-08_18-28-06.mp4,1469.0,1253.0,1075,945,1863,1561,0.8302953
761,/Volumes/SmithL0/2026/BIOL470/Final/Learning_Rig/bee_0408_3/fwd/cam1_2026-04-08_18-28-06.mp4,1461.5,1238.5,1068,932,1855,1545,0.81950146
762,/Volumes/SmithL0/2026/BIOL470/Final/Learning_Rig/bee_0408_3/fwd/cam1_2026-04-08_18-28-06.mp4,1457.5,1230.5,1065,919,1850,1542,0.80481243
763,/Volumes/SmithL0/2026/BIOL470/Final/Learning_Rig/bee_0408_3/fwd/cam1_2026-04-08_18-28-06.mp4,1445.0,1266.0,1084,920,1806,1612,0.8366053
764,/Volumes/SmithL0/2026/BIOL470/Final/Learning_Rig/bee_0408_3/fwd/cam1_2026-04-08_18-28-06.mp4,1430.5,1266.0,1058,919,1803,1613,0.80717283
765,/Volumes/SmithL0/2026/BIOL470/Final/Learning_Rig/bee_0408_3/fwd/cam1_2026-04-08_18-28-06.mp4,1433.5,1256.5,1069,896,1798,1617,0.80405825
766,/Volumes/SmithL0/2026/BIOL470/Final/Learning_Rig/bee_0408_3/fwd/cam1_2026-04-08_18-28-06.mp4,1394.5,1263.0,1054,894,1735,1632,0.8279534
767,/Volumes/SmithL0/2026/BIOL470/Final/Learning_Rig/bee_0408_3/fwd/cam1_2026-04-08_18-28-06.mp4,1405.5,1289.5,1106,933,1705,1646,0.7923633
768,/Volumes/SmithL0/2026/BIOL470/Final/Learning_Rig/bee_0408_3/fwd/cam1_2026-04-08_18-28-06.mp4,1387.0,1292.0,1119,949,1655,1635,0.8499847
769,/Volumes/SmithL0/2026/BIOL470/Final/Learning_Rig/bee_0408_3/fwd/cam1_2026-04-08_18-28-06.mp4,1387.5,1291.5,1120,952,1655,1631,0.82282543
770,/Volumes/SmithL0/2026/BIOL470/Final/Learning_Rig/bee_0408_3/fwd/cam1_2026-04-08_18-28-06.mp4,1342.0,1294.5,1040,960,1644,1629,0.81534123
771,/Volumes/SmithL0/2026/BIOL470/Final/Learning_Rig/bee_0408_3/fwd/cam1_2026-04-08_18-28-06.mp4,1331.0,1296.5,1050,969,1612,1624,0.8237708
772,/Volumes/SmithL0/2026/BIOL470/Final/Learning_Rig/bee_0408_3/fwd/cam1_2026-04-08_18-28-06.mp4,1343.5,1284.0,1071,957,1616,1611,0.820464
773,/Volumes/SmithL0/2026/BIOL470/Final/Learning_Rig/bee_0408_3/fwd/cam1_2026-04-08_18-28-06.mp4,1307.5,1293.5,1056,955,1559,1632,0.82994103
774,/Volumes/SmithL0/2026/BIOL470/Final/Learning_Rig/bee_0408_3/fwd/cam1_2026-04-08_18-28-06.mp4,1317.5,1298.5,1040,963,1595,1634,0.8255675
775,/Volumes/SmithL0/2026/BIOL470/Final/Learning_Rig/bee_0408_3/fwd/cam1_2026-04-08_18-28-06.mp4,1309.0,1290.5,973,964,1645,1617,0.8120828
776,/Volumes/SmithL0/2026/BIOL470/Final/Learning_Rig/bee_0408_3/fwd/cam1_2026-04-08_18-28-06.mp4,1300.5,1289.5,996,952,1605,1627,0.80671716
777,/Volumes/SmithL0/2026/BIOL470/Final/Learning_Rig/bee_0408_3/fwd/cam1_2026-04-08_18-28-06.mp4,1332.5,1296.5,1047,947,1618,1646,0.8001692
778,/Volumes/SmithL0/2026/BIOL470/Final/Learning_Rig/bee_0408_3/fwd/cam1_2026-04-08_18-28-06.mp4,1332.0,1290.0,1039,942,1625,1638,0.8133592
779,/Volumes/SmithL0/2026/BIOL470/Final/Learning_Rig/bee_0408_3/fwd/cam1_2026-04-08_18-28-06.mp4,1378.0,1314.5,1110,955,1646,1674,0.8267082
780,/Volumes/SmithL0/2026/BIOL470/Final/Learning_Rig/bee_0408_3/fwd/cam1_2026-04-08_18-28-06.mp4,1375.5,1328.5,1102,960,1649,1697,0.816264
781,/Volumes/SmithL0/2026/BIOL470/Final/Learning_Rig/bee_0408_3/fwd/cam1_2026-04-08_18-28-06.mp4,1383.5,1335.5,1106,969,1661,1702,0.80951023
782,/Volumes/SmithL0/2026/BIOL470/Final/Learning_Rig/bee_0408_3/fwd/cam1_2026-04-08_18-28-06.mp4,1380.5,1354.5,1109,973,1652,1736,0.842425
783,/Volumes/SmithL0/2026/BIOL470/Final/Learning_Rig/bee_0408_3/fwd/cam1_2026-04-08_18-28-06.mp4,1382.5,1366.0,1112,982,1653,1750,0.84288126
784,/Volumes/SmithL0/2026/BIOL470/Final/Learning_Rig/bee_0408_3/fwd/cam1_2026-04-08_18-28-06.mp4,1381.5,1389.5,1109,1003,1654,1776,0.84313226
785,/Volumes/SmithL0/2026/BIOL470/Final/Learning_Rig/bee_0408_3/fwd/cam1_2026-04-08_18-28-06.mp4,1411.0,1439.5,1096,1055,1726,1824,0.8484347
786,/Volumes/SmithL0/2026/BIOL470/Final/Learning_Rig/bee_0408_3/fwd/cam1_2026-04-08_18-28-06.mp4,1440.5,1476.0,1110,1122,1771,1830,0.8284457
787,/Volumes/SmithL0/2026/BIOL470/Final/Learning_Rig/bee_0408_3/fwd/cam1_2026-04-08_18-28-06.mp4,1467.5,1511.0,1146,1164,1789,1858,0.82784355
788,/Volumes/SmithL0/2026/BIOL470/Final/Learning_Rig/bee_0408_3/fwd/cam1_2026-04-08_18-28-06.mp4,1492.0,1515.0,1173,1186,1811,1844,0.83544976
789,/Volumes/SmithL0/2026/BIOL470/Final/Learning_Rig/bee_0408_3/fwd/cam1_2026-04-08_18-28-06.mp4,1521.0,1516.0,1183,1187,1859,1845,0.83507806
790,/Volumes/SmithL0/2026/BIOL470/Final/Learning_Rig/bee_0408_3/fwd/cam1_2026-04-08_18-28-06.mp4,1530.0,1522.0,1192,1202,1868,1842,0.86775804
791,/Volumes/SmithL0/2026/BIOL470/Final/Learning_Rig/bee_0408_3/fwd/cam1_2026-04-08_18-28-06.mp4,1567.5,1523.0,1212,1216,1923,1830,0.8354433
792,/Volumes/SmithL0/2026/BIOL470/Final/Learning_Rig/bee_0408_3/fwd/cam1_2026-04-08_18-28-06.mp4,1603.0,1483.0,1234,1174,1972,1792,0.8467056
793,/Volumes/SmithL0/2026/BIOL470/Final/Learning_Rig/bee_0408_3/fwd/cam1_2026-04-08_18-28-06.mp4,1615.0,1475.0,1248,1163,1982,1787,0.8578421
794,/Volumes/SmithL0/2026/BIOL470/Final/Learning_Rig/bee_0408_3/fwd/cam1_2026-04-08_18-28-06.mp4,1624.0,1484.0,1250,1157,1998,1811,0.8334674
795,/Volumes/SmithL0/2026/BIOL470/Final/Learning_Rig/bee_0408_3/fwd/cam1_2026-04-08_18-28-06.mp4,1632.0,1491.5,1251,1150,2013,1833,0.8191845
796,/Volumes/SmithL0/2026/BIOL470/Final/Learning_Rig/bee_0408_3/fwd/cam1_2026-04-08_18-28-06.mp4,1636.5,1539.0,1269,1260,2004,1818,0.8001488
797,/Volumes/SmithL0/2026/BIOL470/Final/Learning_Rig/bee_0408_3/fwd/cam1_2026-04-08_18-28-06.mp4,1652.0,1481.0,1297,1227,2007,1735,0.8175006
798,/Volumes/SmithL0/2026/BIOL470/Final/Learning_Rig/bee_0408_3/fwd/cam1_2026-04-08_18-28-06.mp4,1663.0,1471.5,1311,1212,2015,1731,0.7984892
799,/Volumes/SmithL0/2026/BIOL470/Final/Learning_Rig/bee_0408_3/fwd/cam1_2026-04-08_18-28-06.mp4,1669.5,1459.5,1329,1166,2010,1753,0.80318356
800,/Volumes/SmithL0/2026/BIOL470/Final/Learning_Rig/bee_0408_3/fwd/cam1_2026-04-08_18-28-06.mp4,1664.5,1459.0,1319,1129,2010,1789,0.82651424
801,/Volumes/SmithL0/2026/BIOL470/Final/Learning_Rig/bee_0408_3/fwd/cam1_2026-04-08_18-28-06.mp4,1638.0,1444.5,1317,1099,1959,1790,0.83958226
802,/Volumes/SmithL0/2026/BIOL470/Final/Learning_Rig/bee_0408_3/fwd/cam1_2026-04-08_18-28-06.mp4,1619.0,1420.0,1324,1065,1914,1775,0.8309638
803,/Volumes/SmithL0/2026/BIOL470/Final/Learning_Rig/bee_0408_3/fwd/cam1_2026-04-08_18-28-06.mp4,1602.0,1419.5,1327,1058,1877,1781,0.7962583
804,/Volumes/SmithL0/2026/BIOL470/Final/Learning_Rig/bee_0408_3/fwd/cam1_2026-04-08_18-28-06.mp4,1631.5,1395.0,1310,1047,1953,1743,0.79195076
805,/Volumes/SmithL0/2026/BIOL470/Final/Learning_Rig/bee_0408_3/fwd/cam1_2026-04-08_18-28-06.mp4,1635.0,1383.5,1309,1035,1961,1732,0.8123198
806,/Volumes/SmithL0/2026/BIOL470/Final/Learning_Rig/bee_0408_3/fwd/cam1_2026-04-08_18-28-06.mp4,1642.5,1391.0,1323,1031,1962,1751,0.8093053
807,/Volumes/SmithL0/2026/BIOL470/Final/Learning_Rig/bee_0408_3/fwd/cam1_2026-04-08_18-28-06.mp4,1631.0,1382.5,1301,1011,1961,1754,0.80261135
808,/Volumes/SmithL0/2026/BIOL470/Final/Learning_Rig/bee_0408_3/fwd/cam1_2026-04-08_18-28-06.mp4,1580.5,1376.0,1318,986,1843,1766,0.78273386
809,/Volumes/SmithL0/2026/BIOL470/Final/Learning_Rig/bee_0408_3/fwd/cam1_2026-04-08_18-28-06.mp4,1570.0,1369.0,1284,979,1856,1759,0.7807062
810,/Volumes/SmithL0/2026/BIOL470/Final/Learning_Rig/bee_0408_3/fwd/cam1_2026-04-08_18-28-06.mp4,1568.5,1306.5,1235,976,1902,1637,0.80744505
811,/Volumes/SmithL0/2026/BIOL470/Final/Learning_Rig/bee_0408_3/fwd/cam1_2026-04-08_18-28-06.mp4,1496.0,1298.5,1154,962,1838,1635,0.8317195
812,/Volumes/SmithL0/2026/BIOL470/Final/Learning_Rig/bee_0408_3/fwd/cam1_2026-04-08_18-28-06.mp4,1494.0,1296.0,1131,958,1857,1634,0.83657193
813,/Volumes/SmithL0/2026/BIOL470/Final/Learning_Rig/bee_0408_3/fwd/cam1_2026-04-08_18-28-06.mp4,1482.0,1289.5,1139,953,1825,1626,0.83930755
814,/Volumes/SmithL0/2026/BIOL470/Final/Learning_Rig/bee_0408_3/fwd/cam1_2026-04-08_18-28-06.mp4,1490.5,1292.0,1126,952,1855,1632,0.84180456
815,/Volumes/SmithL0/2026/BIOL470/Final/Learning_Rig/bee_0408_3/fwd/cam1_2026-04-08_18-28-06.mp4,1459.5,1294.0,1107,968,1812,1620,0.8409676
816,/Volumes/SmithL0/2026/BIOL470/Final/Learning_Rig/bee_0408_3/fwd/cam1_2026-04-08_18-28-06.mp4,1446.0,1300.0,1076,981,1816,1619,0.8122651
817,/Volumes/SmithL0/2026/BIOL470/Final/Learning_Rig/bee_0408_3/fwd/cam1_2026-04-08_18-28-06.mp4,1431.5,1275.0,1071,981,1792,1569,0.8155023
818,/Volumes/SmithL0/2026/BIOL470/Final/Learning_Rig/bee_0408_3/fwd/cam1_2026-04-08_18-28-06.mp4,1412.0,1281.0,1046,977,1778,1585,0.81735593
819,/Volumes/SmithL0/2026/BIOL470/Final/Learning_Rig/bee_0408_3/fwd/cam1_2026-04-08_18-28-06.mp4,1403.0,1251.5,1047,978,1759,1525,0.8117757
820,/Volumes/SmithL0/2026/BIOL470/Final/Learning_Rig/bee_0408_3/fwd/cam1_2026-04-08_18-28-06.mp4,1401.5,1262.5,1045,1004,1758,1521,0.8023382
821,/Volumes/SmithL0/2026/BIOL470/Final/Learning_Rig/bee_0408_3/fwd/cam1_2026-04-08_18-28-06.mp4,1363.0,1246.5,1023,959,1703,1534,0.796107
822,/Volumes/SmithL0/2026/BIOL470/Final/Learning_Rig/bee_0408_3/fwd/cam1_2026-04-08_18-28-06.mp4,1349.5,1255.5,1002,958,1697,1553,0.799792
823,/Volumes/SmithL0/2026/BIOL470/Final/Learning_Rig/bee_0408_3/fwd/cam1_2026-04-08_18-28-06.mp4,1318.0,1246.0,969,959,1667,1533,0.81488055
824,/Volumes/SmithL0/2026/BIOL470/Final/Learning_Rig/bee_0408_3/fwd/cam1_2026-04-08_18-28-06.mp4,1312.5,1267.0,961,962,1664,1572,0.8134621
825,/Volumes/SmithL0/2026/BIOL470/Final/Learning_Rig/bee_0408_3/fwd/cam1_2026-04-08_18-28-06.mp4,1308.0,1272.0,955,963,1661,1581,0.8262691
826,/Volumes/SmithL0/2026/BIOL470/Final/Learning_Rig/bee_0408_3/fwd/cam1_2026-04-08_18-28-06.mp4,1306.5,1271.0,952,960,1661,1582,0.8162408
827,/Volumes/SmithL0/2026/BIOL470/Final/Learning_Rig/bee_0408_3/fwd/cam1_2026-04-08_18-28-06.mp4,1302.0,1275.5,957,979,1647,1572,0.8292517
828,/Volumes/SmithL0/2026/BIOL470/Final/Learning_Rig/bee_0408_3/fwd/cam1_2026-04-08_18-28-06.mp4,1303.0,1296.5,950,1008,1656,1585,0.82144046
829,/Volumes/SmithL0/2026/BIOL470/Final/Learning_Rig/bee_0408_3/fwd/cam1_2026-04-08_18-28-06.mp4,1295.5,1302.0,957,986,1634,1618,0.8443901
830,/Volumes/SmithL0/2026/BIOL470/Final/Learning_Rig/bee_0408_3/fwd/cam1_2026-04-08_18-28-06.mp4,1298.0,1293.5,957,976,1639,1611,0.8486231
831,/Volumes/SmithL0/2026/BIOL470/Final/Learning_Rig/bee_0408_3/fwd/cam1_2026-04-08_18-28-06.mp4,1287.0,1309.0,961,991,1613,1627,0.855839
832,/Volumes/SmithL0/2026/BIOL470/Final/Learning_Rig/bee_0408_3/fwd/cam1_2026-04-08_18-28-06.mp4,1284.5,1308.5,959,988,1610,1629,0.853879
833,/Volumes/SmithL0/2026/BIOL470/Final/Learning_Rig/bee_0408_3/fwd/cam1_2026-04-08_18-28-06.mp4,1300.5,1376.0,949,1021,1652,1731,0.8350759
834,/Volumes/SmithL0/2026/BIOL470/Final/Learning_Rig/bee_0408_3/fwd/cam1_2026-04-08_18-28-06.mp4,1303.5,1391.0,950,1043,1657,1739,0.81857806
835,/Volumes/SmithL0/2026/BIOL470/Final/Learning_Rig/bee_0408_3/fwd/cam1_2026-04-08_18-28-06.mp4,1305.5,1395.0,952,1039,1659,1751,0.83750683
836,/Volumes/SmithL0/2026/BIOL470/Final/Learning_Rig/bee_0408_3/fwd/cam1_2026-04-08_18-28-06.mp4,1300.5,1401.5,939,1056,1662,1747,0.8451459
837,/Volumes/SmithL0/2026/BIOL470/Final/Learning_Rig/bee_0408_3/fwd/cam1_2026-04-08_18-28-06.mp4,1278.0,1439.0,909,1132,1647,1746,0.8428009
838,/Volumes/SmithL0/2026/BIOL470/Final/Learning_Rig/bee_0408_3/fwd/cam1_2026-04-08_18-28-06.mp4,1279.0,1447.5,903,1140,1655,1755,0.8470022
839,/Volumes/SmithL0/2026/BIOL470/Final/Learning_Rig/bee_0408_3/fwd/cam1_2026-04-08_18-28-06.mp4,1284.5,1460.5,906,1161,1663,1760,0.8276824
840,/Volumes/SmithL0/2026/BIOL470/Final/Learning_Rig/bee_0408_3/fwd/cam1_2026-04-08_18-28-06.mp4,1286.5,1459.5,915,1160,1658,1759,0.8228229
841,/Volumes/SmithL0/2026/BIOL470/Final/Learning_Rig/bee_0408_3/fwd/cam1_2026-04-08_18-28-06.mp4,1313.5,1479.0,965,1162,1662,1796,0.8358198
842,/Volumes/SmithL0/2026/BIOL470/Final/Learning_Rig/bee_0408_3/fwd/cam1_2026-04-08_18-28-06.mp4,1322.0,1477.5,984,1160,1660,1795,0.8322834
843,/Volumes/SmithL0/2026/BIOL470/Final/Learning_Rig/bee_0408_3/fwd/cam1_2026-04-08_18-28-06.mp4,1337.0,1467.5,979,1140,1695,1795,0.81058043
844,/Volumes/SmithL0/2026/BIOL470/Final/Learning_Rig/bee_0408_3/fwd/cam1_2026-04-08_18-28-06.mp4,1314.5,1479.0,957,1161,1672,1797,0.81216305
845,/Volumes/SmithL0/2026/BIOL470/Final/Learning_Rig/bee_0408_3/fwd/cam1_2026-04-08_18-28-06.mp4,1309.5,1531.5,951,1255,1668,1808,0.8134687
846,/Volumes/SmithL0/2026/BIOL470/Final/Learning_Rig/bee_0408_3/fwd/cam1_2026-04-08_18-28-06.mp4,1297.0,1538.0,927,1265,1667,1811,0.7893923
847,/Volumes/SmithL0/2026/BIOL470/Final/Learning_Rig/bee_0408_3/fwd/cam1_2026-04-08_18-28-06.mp4,1225.0,1553.0,882,1275,1568,1831,0.80990416
848,/Volumes/SmithL0/2026/BIOL470/Final/Learning_Rig/bee_0408_3/fwd/cam1_2026-04-08_18-28-06.mp4,1215.5,1572.0,872,1314,1559,1830,0.8322689
849,/Volumes/SmithL0/2026/BIOL470/Final/Learning_Rig/bee_0408_3/fwd/cam1_2026-04-08_18-28-06.mp4,1195.0,1550.5,842,1269,1548,1832,0.81806946
850,/Volumes/SmithL0/2026/BIOL470/Final/Learning_Rig/bee_0408_3/fwd/cam1_2026-04-08_18-28-06.mp4,1188.5,1561.5,841,1267,1536,1856,0.81572914
851,/Volumes/SmithL0/2026/BIOL470/Final/Learning_Rig/bee_0408_3/fwd/cam1_2026-04-08_18-28-06.mp4,1175.0,1577.5,835,1263,1515,1892,0.8444846
852,/Volumes/SmithL0/2026/BIOL470/Final/Learning_Rig/bee_0408_3/fwd/cam1_2026-04-08_18-28-06.mp4,1169.0,1546.5,835,1267,1503,1826,0.85221094
853,/Volumes/SmithL0/2026/BIOL470/Final/Learning_Rig/bee_0408_3/fwd/cam1_2026-04-08_18-28-06.mp4,1161.5,1545.5,837,1265,1486,1826,0.8351496
854,/Volumes/SmithL0/2026/BIOL470/Final/Learning_Rig/bee_0408_3/fwd/cam1_2026-04-08_18-28-06.mp4,1162.0,1547.5,837,1258,1487,1837,0.8280277
855,/Volumes/SmithL0/2026/BIOL470/Final/Learning_Rig/bee_0408_3/fwd/cam1_2026-04-08_18-28-06.mp4,1084.5,1558.5,837,1265,1332,1852,0.7929678
856,/Volumes/SmithL0/2026/BIOL470/Final/Learning_Rig/bee_0408_3/fwd/cam1_2026-04-08_18-28-06.mp4,1099.5,1534.5,838,1260,1361,1809,0.7897165
857,/Volumes/SmithL0/2026/BIOL470/Final/Learning_Rig/bee_0408_3/fwd/cam1_2026-04-08_18-28-06.mp4,1088.0,1531.5,837,1252,1339,1811,0.80243844
858,/Volumes/SmithL0/2026/BIOL470/Final/Learning_Rig/bee_0408_3/fwd/cam1_2026-04-08_18-28-06.mp4,1106.0,1519.0,837,1213,1375,1825,0.8041806
859,/Volumes/SmithL0/2026/BIOL470/Final/Learning_Rig/bee_0408_3/fwd/cam1_2026-04-08_18-28-06.mp4,1146.5,1505.5,823,1181,1470,1830,0.8086393
860,/Volumes/SmithL0/2026/BIOL470/Final/Learning_Rig/bee_0408_3/fwd/cam1_2026-04-08_18-28-06.mp4,1108.5,1498.5,818,1165,1399,1832,0.8290318
861,/Volumes/SmithL0/2026/BIOL470/Final/Learning_Rig/bee_0408_3/fwd/cam1_2026-04-08_18-28-06.mp4,1103.0,1493.0,817,1153,1389,1833,0.80351985
862,/Volumes/SmithL0/2026/BIOL470/Final/Learning_Rig/bee_0408_3/fwd/cam1_2026-04-08_18-28-06.mp4,1096.5,1482.5,810,1135,1383,1830,0.81238097
863,/Volumes/SmithL0/2026/BIOL470/Final/Learning_Rig/bee_0408_3/fwd/cam1_2026-04-08_18-28-06.mp4,1099.0,1464.5,819,1123,1379,1806,0.85850835
864,/Volumes/SmithL0/2026/BIOL470/Final/Learning_Rig/bee_0408_3/fwd/cam1_2026-04-08_18-28-06.mp4,1105.5,1446.5,833,1102,1378,1791,0.86583555
865,/Volumes/SmithL0/2026/BIOL470/Final/Learning_Rig/bee_0408_3/fwd/cam1_2026-04-08_18-28-06.mp4,1100.5,1422.5,844,1074,1357,1771,0.84494233
866,/Volumes/SmithL0/2026/BIOL470/Final/Learning_Rig/bee_0408_3/fwd/cam1_2026-04-08_18-28-06.mp4,1094.0,1404.0,842,1065,1346,1743,0.8514336
867,/Volumes/SmithL0/2026/BIOL470/Final/Learning_Rig/bee_0408_3/fwd/cam1_2026-04-08_18-28-06.mp4,1097.0,1384.5,814,1049,1380,1720,0.8190432
868,/Volumes/SmithL0/2026/BIOL470/Final/Learning_Rig/bee_0408_3/fwd/cam1_2026-04-08_18-28-06.mp4,1093.0,1367.5,808,1043,1378,1692,0.8274072
869,/Volumes/SmithL0/2026/BIOL470/Final/Learning_Rig/bee_0408_3/fwd/cam1_2026-04-08_18-28-06.mp4,1082.0,1362.5,794,1038,1370,1687,0.83352256
870,/Volumes/SmithL0/2026/BIOL470/Final/Learning_Rig/bee_0408_3/fwd/cam1_2026-04-08_18-28-06.mp4,1080.5,1360.5,795,1025,1366,1696,0.83059955
871,/Volumes/SmithL0/2026/BIOL470/Final/Learning_Rig/bee_0408_3/fwd/cam1_2026-04-08_18-28-06.mp4,1077.0,1340.5,796,1031,1358,1650,0.84426475
872,/Volumes/SmithL0/2026/BIOL470/Final/Learning_Rig/bee_0408_3/fwd/cam1_2026-04-08_18-28-06.mp4,1083.5,1334.5,799,1032,1368,1637,0.81969965
873,/Volumes/SmithL0/2026/BIOL470/Final/Learning_Rig/bee_0408_3/fwd/cam1_2026-04-08_18-28-06.mp4,1085.0,1329.0,806,1023,1364,1635,0.81802887
874,/Volumes/SmithL0/2026/BIOL470/Final/Learning_Rig/bee_0408_3/fwd/cam1_2026-04-08_18-28-06.mp4,1100.0,1316.0,829,993,1371,1639,0.81824976
875,/Volumes/SmithL0/2026/BIOL470/Final/Learning_Rig/bee_0408_3/fwd/cam1_2026-04-08_18-28-06.mp4,1119.5,1319.5,850,984,1389,1655,0.8468957
876,/Volumes/SmithL0/2026/BIOL470/Final/Learning_Rig/bee_0408_3/fwd/cam1_2026-04-08_18-28-06.mp4,1122.0,1322.5,840,989,1404,1656,0.8289561
877,/Volumes/SmithL0/2026/BIOL470/Final/Learning_Rig/bee_0408_3/fwd/cam1_2026-04-08_18-28-06.mp4,1177.0,1301.5,899,991,1455,1612,0.806668
878,/Volumes/SmithL0/2026/BIOL470/Final/Learning_Rig/bee_0408_3/fwd/cam1_2026-04-08_18-28-06.mp4,1170.5,1286.0,843,1001,1498,1571,0.7903206
879,/Volumes/SmithL0/2026/BIOL470/Final/Learning_Rig/bee_0408_3/fwd/cam1_2026-04-08_18-28-06.mp4,1172.0,1273.0,850,982,1494,1564,0.7986726
880,/Volumes/SmithL0/2026/BIOL470/Final/Learning_Rig/bee_0408_3/fwd/cam1_2026-04-08_18-28-06.mp4,1185.0,1272.0,843,983,1527,1561,0.7805838
881,/Volumes/SmithL0/2026/BIOL470/Final/Learning_Rig/bee_0408_3/fwd/cam1_2026-04-08_18-28-06.mp4,1202.0,1247.0,852,979,1552,1515,0.79936725
882,/Volumes/SmithL0/2026/BIOL470/Final/Learning_Rig/bee_0408_3/fwd/cam1_2026-04-08_18-28-06.mp4,1223.5,1226.5,886,945,1561,1508,0.81172836
883,/Volumes/SmithL0/2026/BIOL470/Final/Learning_Rig/bee_0408_3/fwd/cam1_2026-04-08_18-28-06.mp4,1240.0,1225.5,893,935,1587,1516,0.8059685
884,/Volumes/SmithL0/2026/BIOL470/Final/Learning_Rig/bee_0408_3/fwd/cam1_2026-04-08_18-28-06.mp4,1237.5,1209.5,880,906,1595,1513,0.7987368
885,/Volumes/SmithL0/2026/BIOL470/Final/Learning_Rig/bee_0408_3/fwd/cam1_2026-04-08_18-28-06.mp4,1242.0,1224.0,884,911,1600,1537,0.8062072
886,/Volumes/SmithL0/2026/BIOL470/Final/Learning_Rig/bee_0408_3/fwd/cam1_2026-04-08_18-28-06.mp4,1269.5,1232.0,910,928,1629,1536,0.81240064
887,/Volumes/SmithL0/2026/BIOL470/Final/Learning_Rig/bee_0408_3/fwd/cam1_2026-04-08_18-28-06.mp4,1308.5,1237.0,954,945,1663,1529,0.81714475
888,/Volumes/SmithL0/2026/BIOL470/Final/Learning_Rig/bee_0408_3/fwd/cam1_2026-04-08_18-28-06.mp4,1328.5,1243.0,982,946,1675,1540,0.8197881
889,/Volumes/SmithL0/2026/BIOL470/Final/Learning_Rig/bee_0408_3/fwd/cam1_2026-04-08_18-28-06.mp4,1330.5,1254.0,989,942,1672,1566,0.8314489
890,/Volumes/SmithL0/2026/BIOL470/Final/Learning_Rig/bee_0408_3/fwd/cam1_2026-04-08_18-28-06.mp4,1304.0,1258.5,997,941,1611,1576,0.8169103
891,/Volumes/SmithL0/2026/BIOL470/Final/Learning_Rig/bee_0408_3/fwd/cam1_2026-04-08_18-28-06.mp4,1322.0,1264.0,988,948,1656,1580,0.7979307
892,/Volumes/SmithL0/2026/BIOL470/Final/Learning_Rig/bee_0408_3/fwd/cam1_2026-04-08_18-28-06.mp4,1328.0,1268.5,995,957,1661,1580,0.83116925
893,/Volumes/SmithL0/2026/BIOL470/Final/Learning_Rig/bee_0408_3/fwd/cam1_2026-04-08_18-28-06.mp4,1308.5,1283.0,980,950,1637,1616,0.7962131
894,/Volumes/SmithL0/2026/BIOL470/Final/Learning_Rig/bee_0408_3/fwd/cam1_2026-04-08_18-28-06.mp4,1265.5,1287.5,978,947,1553,1628,0.7906525
895,/Volumes/SmithL0/2026/BIOL470/Final/Learning_Rig/bee_0408_3/fwd/cam1_2026-04-08_18-28-06.mp4,1260.0,1290.0,939,952,1581,1628,0.78263915
896,/Volumes/SmithL0/2026/BIOL470/Final/Learning_Rig/bee_0408_3/fwd/cam1_2026-04-08_18-28-06.mp4,1270.0,1291.5,965,949,1575,1634,0.8035352
897,/Volumes/SmithL0/2026/BIOL470/Final/Learning_Rig/bee_0408_3/fwd/cam1_2026-04-08_18-28-06.mp4,1285.0,1289.0,946,937,1624,1641,0.82111746
898,/Volumes/SmithL0/2026/BIOL470/Final/Learning_Rig/bee_0408_3/fwd/cam1_2026-04-08_18-28-06.mp4,1277.5,1310.0,943,970,1612,1650,0.84350634
899,/Volumes/SmithL0/2026/BIOL470/Final/Learning_Rig/bee_0408_3/fwd/cam1_2026-04-08_18-28-06.mp4,1294.5,1373.5,935,1014,1654,1733,0.84366393
900,/Volumes/SmithL0/2026/BIOL470/Final/Learning_Rig/bee_0408_3/fwd/cam1_2026-04-08_18-28-06.mp4,1296.0,1390.0,936,1042,1656,1738,0.8226069
901,/Volumes/SmithL0/2026/BIOL470/Final/Learning_Rig/bee_0408_3/fwd/cam1_2026-04-08_18-28-06.mp4,1293.5,1392.5,935,1045,1652,1740,0.79261607
902,/Volumes/SmithL0/2026/BIOL470/Final/Learning_Rig/bee_0408_3/fwd/cam1_2026-04-08_18-28-06.mp4,1282.5,1389.5,944,1048,1621,1731,0.8050238
903,/Volumes/SmithL0/2026/BIOL470/Final/Learning_Rig/bee_0408_3/fwd/cam1_2026-04-08_18-28-06.mp4,1309.5,1384.5,951,1051,1668,1718,0.8080394
904,/Volumes/SmithL0/2026/BIOL470/Final/Learning_Rig/bee_0408_3/fwd/cam1_2026-04-08_18-28-06.mp4,1307.0,1394.0,939,1065,1675,1723,0.7925499
905,/Volumes/SmithL0/2026/BIOL470/Final/Learning_Rig/bee_0408_3/fwd/cam1_2026-04-08_18-28-06.mp4,1310.5,1428.5,935,1110,1686,1747,0.8021607
906,/Volumes/SmithL0/2026/BIOL470/Final/Learning_Rig/bee_0408_3/fwd/cam1_2026-04-08_18-28-06.mp4,1317.0,1430.5,939,1118,1695,1743,0.8066986
907,/Volumes/SmithL0/2026/BIOL470/Final/Learning_Rig/bee_0408_3/fwd/cam1_2026-04-08_18-28-06.mp4,1319.0,1429.0,944,1114,1694,1744,0.8047872
908,/Volumes/SmithL0/2026/BIOL470/Final/Learning_Rig/bee_0408_3/fwd/cam1_2026-04-08_18-28-06.mp4,1306.5,1425.5,947,1107,1666,1744,0.8281743
909,/Volumes/SmithL0/2026/BIOL470/Final/Learning_Rig/bee_0408_3/fwd/cam1_2026-04-08_18-28-06.mp4,1301.5,1429.0,943,1108,1660,1750,0.821828
910,/Volumes/SmithL0/2026/BIOL470/Final/Learning_Rig/bee_0408_3/fwd/cam1_2026-04-08_18-28-06.mp4,1301.0,1444.0,935,1121,1667,1767,0.8339802
911,/Volumes/SmithL0/2026/BIOL470/Final/Learning_Rig/bee_0408_3/fwd/cam1_2026-04-08_18-28-06.mp4,1311.5,1447.0,952,1133,1671,1761,0.83261377
912,/Volumes/SmithL0/2026/BIOL470/Final/Learning_Rig/bee_0408_3/fwd/cam1_2026-04-08_18-28-06.mp4,1324.5,1442.5,977,1127,1672,1758,0.82406497
913,/Volumes/SmithL0/2026/BIOL470/Final/Learning_Rig/bee_0408_3/fwd/cam1_2026-04-08_18-28-06.mp4,1315.0,1419.5,968,1088,1662,1751,0.83731776
914,/Volumes/SmithL0/2026/BIOL470/Final/Learning_Rig/bee_0408_3/fwd/cam1_2026-04-08_18-28-06.mp4,1312.0,1413.5,960,1069,1664,1758,0.833481
915,/Volumes/SmithL0/2026/BIOL470/Final/Learning_Rig/bee_0408_3/fwd/cam1_2026-04-08_18-28-06.mp4,1279.5,1422.0,959,1080,1600,1764,0.85351115
916,/Volumes/SmithL0/2026/BIOL470/Final/Learning_Rig/bee_0408_3/fwd/cam1_2026-04-08_18-28-06.mp4,1274.5,1408.0,956,1052,1593,1764,0.8555567
917,/Volumes/SmithL0/2026/BIOL470/Final/Learning_Rig/bee_0408_3/fwd/cam1_2026-04-08_18-28-06.mp4,1272.0,1419.0,955,1076,1589,1762,0.8285287
918,/Volumes/SmithL0/2026/BIOL470/Final/Learning_Rig/bee_0408_3/fwd/cam1_2026-04-08_18-28-06.mp4,1271.0,1455.5,957,1143,1585,1768,0.82842237
919,/Volumes/SmithL0/2026/BIOL470/Final/Learning_Rig/bee_0408_3/fwd/cam1_2026-04-08_18-28-06.mp4,1270.0,1454.0,961,1137,1579,1771,0.8292037
920,/Volumes/SmithL0/2026/BIOL470/Final/Learning_Rig/bee_0408_3/fwd/cam1_2026-04-08_18-28-06.mp4,1298.0,1445.5,967,1124,1629,1767,0.8167584
921,/Volumes/SmithL0/2026/BIOL470/Final/Learning_Rig/bee_0408_3/fwd/cam1_2026-04-08_18-28-06.mp4,1302.0,1430.0,965,1099,1639,1761,0.8192661
922,/Volumes/SmithL0/2026/BIOL470/Final/Learning_Rig/bee_0408_3/fwd/cam1_2026-04-08_18-28-06.mp4,1306.0,1424.0,964,1089,1648,1759,0.82341665
923,/Volumes/SmithL0/2026/BIOL470/Final/Learning_Rig/bee_0408_3/fwd/cam1_2026-04-08_18-28-06.mp4,1325.5,1428.5,967,1099,1684,1758,0.8155504
924,/Volumes/SmithL0/2026/BIOL470/Final/Learning_Rig/bee_0408_3/fwd/cam1_2026-04-08_18-28-06.mp4,1294.0,1434.0,952,1088,1636,1780,0.8278174
925,/Volumes/SmithL0/2026/BIOL470/Final/Learning_Rig/bee_0408_3/fwd/cam1_2026-04-08_18-28-06.mp4,1287.0,1432.0,929,1078,1645,1786,0.84048957
926,/Volumes/SmithL0/2026/BIOL470/Final/Learning_Rig/bee_0408_3/fwd/cam1_2026-04-08_18-28-06.mp4,1286.0,1439.0,922,1073,1650,1805,0.84099346
927,/Volumes/SmithL0/2026/BIOL470/Final/Learning_Rig/bee_0408_3/fwd/cam1_2026-04-08_18-28-06.mp4,1286.5,1446.5,926,1080,1647,1813,0.8268935
928,/Volumes/SmithL0/2026/BIOL470/Final/Learning_Rig/bee_0408_3/fwd/cam1_2026-04-08_18-28-06.mp4,1287.5,1479.0,926,1149,1649,1809,0.804942
929,/Volumes/SmithL0/2026/BIOL470/Final/Learning_Rig/bee_0408_3/fwd/cam1_2026-04-08_18-28-06.mp4,1246.5,1487.5,935,1148,1558,1827,0.772997
930,/Volumes/SmithL0/2026/BIOL470/Final/Learning_Rig/bee_0408_3/fwd/cam1_2026-04-08_18-28-06.mp4,1261.0,1496.0,916,1159,1606,1833,0.77600265
931,/Volumes/SmithL0/2026/BIOL470/Final/Learning_Rig/bee_0408_3/fwd/cam1_2026-04-08_18-28-06.mp4,1242.0,1487.5,935,1146,1549,1829,0.7815886
932,/Volumes/SmithL0/2026/BIOL470/Final/Learning_Rig/bee_0408_3/fwd/cam1_2026-04-08_18-28-06.mp4,1221.0,1496.0,880,1155,1562,1837,0.84786844
933,/Volumes/SmithL0/2026/BIOL470/Final/Learning_Rig/bee_0408_3/fwd/cam1_2026-04-08_18-28-06.mp4,1192.0,1494.5,876,1159,1508,1830,0.8355664
934,/Volumes/SmithL0/2026/BIOL470/Final/Learning_Rig/bee_0408_3/fwd/cam1_2026-04-08_18-28-06.mp4,1199.5,1491.5,891,1153,1508,1830,0.8308013
935,/Volumes/SmithL0/2026/BIOL470/Final/Learning_Rig/bee_0408_3/fwd/cam1_2026-04-08_18-28-06.mp4,1192.0,1518.0,881,1190,1503,1846,0.8107532
936,/Volumes/SmithL0/2026/BIOL470/Final/Learning_Rig/bee_0408_3/fwd/cam1_2026-04-08_18-28-06.mp4,1195.5,1520.0,883,1192,1508,1848,0.80791116
937,/Volumes/SmithL0/2026/BIOL470/Final/Learning_Rig/bee_0408_3/fwd/cam1_2026-04-08_18-28-06.mp4,1192.5,1547.0,891,1237,1494,1857,0.845496
938,/Volumes/SmithL0/2026/BIOL470/Final/Learning_Rig/bee_0408_3/fwd/cam1_2026-04-08_18-28-06.mp4,1193.0,1547.5,890,1239,1496,1856,0.84885204
939,/Volumes/SmithL0/2026/BIOL470/Final/Learning_Rig/bee_0408_3/fwd/cam1_2026-04-08_18-28-06.mp4,1197.5,1548.0,899,1240,1496,1856,0.8518184
940,/Volumes/SmithL0/2026/BIOL470/Final/Learning_Rig/bee_0408_3/fwd/cam1_2026-04-08_18-28-06.mp4,1196.5,1552.5,894,1245,1499,1860,0.8465237
941,/Volumes/SmithL0/2026/BIOL470/Final/Learning_Rig/bee_0408_3/fwd/cam1_2026-04-08_18-28-06.mp4,1209.5,1556.5,894,1245,1525,1868,0.83791476
942,/Volumes/SmithL0/2026/BIOL470/Final/Learning_Rig/bee_0408_3/fwd/cam1_2026-04-08_18-28-06.mp4,1230.0,1551.0,902,1253,1558,1849,0.8226361
943,/Volumes/SmithL0/2026/BIOL470/Final/Learning_Rig/bee_0408_3/fwd/cam1_2026-04-08_18-28-06.mp4,1237.5,1542.0,907,1256,1568,1828,0.83485407
944,/Volumes/SmithL0/2026/BIOL470/Final/Learning_Rig/bee_0408_3/fwd/cam1_2026-04-08_18-28-06.mp4,1246.0,1538.5,902,1257,1590,1820,0.812714
945,/Volumes/SmithL0/2026/BIOL470/Final/Learning_Rig/bee_0408_3/fwd/cam1_2026-04-08_18-28-06.mp4,1254.0,1536.0,911,1242,1597,1830,0.8092288
946,/Volumes/SmithL0/2026/BIOL470/Final/Learning_Rig/bee_0408_3/fwd/cam1_2026-04-08_18-28-06.mp4,1266.5,1538.0,921,1243,1612,1833,0.8180107
947,/Volumes/SmithL0/2026/BIOL470/Final/Learning_Rig/bee_0408_3/fwd/cam1_2026-04-08_18-28-06.mp4,1301.0,1533.5,942,1247,1660,1820,0.835695
948,/Volumes/SmithL0/2026/BIOL470/Final/Learning_Rig/bee_0408_3/fwd/cam1_2026-04-08_18-28-06.mp4,1303.0,1536.5,941,1248,1665,1825,0.8181921
949,/Volumes/SmithL0/2026/BIOL470/Final/Learning_Rig/bee_0408_3/fwd/cam1_2026-04-08_18-28-06.mp4,1314.0,1543.0,961,1248,1667,1838,0.8379369
950,/Volumes/SmithL0/2026/BIOL470/Final/Learning_Rig/bee_0408_3/fwd/cam1_2026-04-08_18-28-06.mp4,1316.0,1534.5,967,1244,1665,1825,0.8357383
951,/Volumes/SmithL0/2026/BIOL470/Final/Learning_Rig/bee_0408_3/fwd/cam1_2026-04-08_18-28-06.mp4,1317.0,1538.5,968,1242,1666,1835,0.8290241
952,/Volumes/SmithL0/2026/BIOL470/Final/Learning_Rig/bee_0408_3/fwd/cam1_2026-04-08_18-28-06.mp4,1320.0,1542.0,971,1243,1669,1841,0.83775234
953,/Volumes/SmithL0/2026/BIOL470/Final/Learning_Rig/bee_0408_3/fwd/cam1_2026-04-08_18-28-06.mp4,1330.5,1532.5,972,1246,1689,1819,0.8151847
954,/Volumes/SmithL0/2026/BIOL470/Final/Learning_Rig/bee_0408_3/fwd/cam1_2026-04-08_18-28-06.mp4,1341.0,1531.0,982,1243,1700,1819,0.8196147
955,/Volumes/SmithL0/2026/BIOL470/Final/Learning_Rig/bee_0408_3/fwd/cam1_2026-04-08_18-28-06.mp4,1373.5,1580.0,1025,1311,1722,1849,0.8083912
956,/Volumes/SmithL0/2026/BIOL470/Final/Learning_Rig/bee_0408_3/fwd/cam1_2026-04-08_18-28-06.mp4,1362.0,1571.0,1009,1314,1715,1828,0.7908272
957,/Volumes/SmithL0/2026/BIOL470/Final/Learning_Rig/bee_0408_3/fwd/cam1_2026-04-08_18-28-06.mp4,1377.0,1575.5,1039,1317,1715,1834,0.79757255
958,/Volumes/SmithL0/2026/BIOL470/Final/Learning_Rig/bee_0408_3/fwd/cam1_2026-04-08_18-28-06.mp4,1377.0,1580.0,1045,1316,1709,1844,0.8004924
959,/Volumes/SmithL0/2026/BIOL470/Final/Learning_Rig/bee_0408_3/fwd/cam1_2026-04-08_18-28-06.mp4,1386.0,1566.0,1050,1293,1722,1839,0.7881084
960,/Volumes/SmithL0/2026/BIOL470/Final/Learning_Rig/bee_0408_3/fwd/cam1_2026-04-08_18-28-06.mp4,1387.5,1555.5,1049,1270,1726,1841,0.7983635
961,/Volumes/SmithL0/2026/BIOL470/Final/Learning_Rig/bee_0408_3/fwd/cam1_2026-04-08_18-28-06.mp4,1385.5,1562.0,1057,1262,1714,1862,0.79881525
962,/Volumes/SmithL0/2026/BIOL470/Final/Learning_Rig/bee_0408_3/fwd/cam1_2026-04-08_18-28-06.mp4,1416.0,1561.0,1117,1261,1715,1861,0.8102914
963,/Volumes/SmithL0/2026/BIOL470/Final/Learning_Rig/bee_0408_3/fwd/cam1_2026-04-08_18-28-06.mp4,1416.5,1567.5,1117,1265,1716,1870,0.8208668
964,/Volumes/SmithL0/2026/BIOL470/Final/Learning_Rig/bee_0408_3/fwd/cam1_2026-04-08_18-28-06.mp4,1408.0,1568.5,1100,1261,1716,1876,0.81455165
965,/Volumes/SmithL0/2026/BIOL470/Final/Learning_Rig/bee_0408_3/fwd/cam1_2026-04-08_18-28-06.mp4,1409.0,1558.5,1100,1259,1718,1858,0.8197513
966,/Volumes/SmithL0/2026/BIOL470/Final/Learning_Rig/bee_0408_3/fwd/cam1_2026-04-08_18-28-06.mp4,1409.0,1553.0,1099,1258,1719,1848,0.8171257
967,/Volumes/SmithL0/2026/BIOL470/Final/Learning_Rig/bee_0408_3/fwd/cam1_2026-04-08_18-28-06.mp4,1424.0,1550.5,1113,1252,1735,1849,0.8236963
968,/Volumes/SmithL0/2026/BIOL470/Final/Learning_Rig/bee_0408_3/fwd/cam1_2026-04-08_18-28-06.mp4,1445.0,1549.5,1151,1249,1739,1850,0.8312592
969,/Volumes/SmithL0/2026/BIOL470/Final/Learning_Rig/bee_0408_3/fwd/cam1_2026-04-08_18-28-06.mp4,1433.0,1522.5,1149,1219,1717,1826,0.8314994
970,/Volumes/SmithL0/2026/BIOL470/Final/Learning_Rig/bee_0408_3/fwd/cam1_2026-04-08_18-28-06.mp4,1442.0,1527.5,1146,1210,1738,1845,0.83366424
971,/Volumes/SmithL0/2026/BIOL470/Final/Learning_Rig/bee_0408_3/fwd/cam1_2026-04-08_18-28-06.mp4,1422.5,1509.5,1139,1184,1706,1835,0.8209451
972,/Volumes/SmithL0/2026/BIOL470/Final/Learning_Rig/bee_0408_3/fwd/cam1_2026-04-08_18-28-06.mp4,1415.5,1505.0,1147,1182,1684,1828,0.80527425
973,/Volumes/SmithL0/2026/BIOL470/Final/Learning_Rig/bee_0408_3/fwd/cam1_2026-04-08_18-28-06.mp4,1419.0,1494.0,1144,1165,1694,1823,0.80108684
974,/Volumes/SmithL0/2026/BIOL470/Final/Learning_Rig/bee_0408_3/fwd/cam1_2026-04-08_18-28-06.mp4,1442.5,1490.5,1144,1166,1741,1815,0.8343805
975,/Volumes/SmithL0/2026/BIOL470/Final/Learning_Rig/bee_0408_3/fwd/cam1_2026-04-08_18-28-06.mp4,1436.5,1487.0,1121,1161,1752,1813,0.8328783
976,/Volumes/SmithL0/2026/BIOL470/Final/Learning_Rig/bee_0408_3/fwd/cam1_2026-04-08_18-28-06.mp4,1418.0,1477.0,1085,1153,1751,1801,0.8337964
977,/Volumes/SmithL0/2026/BIOL470/Final/Learning_Rig/bee_0408_3/fwd/cam1_2026-04-08_18-28-06.mp4,1408.0,1473.0,1075,1162,1741,1784,0.837497
978,/Volumes/SmithL0/2026/BIOL470/Final/Learning_Rig/bee_0408_3/fwd/cam1_2026-04-08_18-28-06.mp4,1395.0,1489.0,1060,1184,1730,1794,0.8187595
979,/Volumes/SmithL0/2026/BIOL470/Final/Learning_Rig/bee_0408_3/fwd/cam1_2026-04-08_18-28-06.mp4,1412.5,1472.0,1054,1166,1771,1778,0.81712717
980,/Volumes/SmithL0/2026/BIOL470/Final/Learning_Rig/bee_0408_3/fwd/cam1_2026-04-08_18-28-06.mp4,1394.5,1475.0,1050,1167,1739,1783,0.8277781
981,/Volumes/SmithL0/2026/BIOL470/Final/Learning_Rig/bee_0408_3/fwd/cam1_2026-04-08_18-28-06.mp4,1397.5,1477.5,1049,1170,1746,1785,0.8447413
982,/Volumes/SmithL0/2026/BIOL470/Final/Learning_Rig/bee_0408_3/fwd/cam1_2026-04-08_18-28-06.mp4,1404.5,1497.5,1050,1210,1759,1785,0.8542808
983,/Volumes/SmithL0/2026/BIOL470/Final/Learning_Rig/bee_0408_3/fwd/cam1_2026-04-08_18-28-06.mp4,1416.0,1509.0,1052,1236,1780,1782,0.8389994
984,/Volumes/SmithL0/2026/BIOL470/Final/Learning_Rig/bee_0408_3/fwd/cam1_2026-04-08_18-28-06.mp4,1424.0,1541.5,1045,1253,1803,1830,0.82633287
985,/Volumes/SmithL0/2026/BIOL470/Final/Learning_Rig/bee_0408_3/fwd/cam1_2026-04-08_18-28-06.mp4,1428.5,1524.0,1041,1266,1816,1782,0.807216
986,/Volumes/SmithL0/2026/BIOL470/Final/Learning_Rig/bee_0408_3/fwd/cam1_2026-04-08_18-28-06.mp4,1419.5,1502.5,1046,1268,1793,1737,0.7865135
987,/Volumes/SmithL0/2026/BIOL470/Final/Learning_Rig/bee_0408_3/fwd/cam1_2026-04-08_18-28-06.mp4,1425.0,1507.5,1063,1268,1787,1747,0.7893315
988,/Volumes/SmithL0/2026/BIOL470/Final/Learning_Rig/bee_0408_3/fwd/cam1_2026-04-08_18-28-06.mp4,1429.0,1509.5,1048,1278,1810,1741,0.8037755
989,/Volumes/SmithL0/2026/BIOL470/Final/Learning_Rig/bee_0408_3/fwd/cam1_2026-04-08_18-28-06.mp4,1429.5,1513.0,1043,1278,1816,1748,0.7785121
990,/Volumes/SmithL0/2026/BIOL470/Final/Learning_Rig/bee_0408_3/fwd/cam1_2026-04-08_18-28-06.mp4,1434.5,1518.5,1052,1285,1817,1752,0.8004413
991,/Volumes/SmithL0/2026/BIOL470/Final/Learning_Rig/bee_0408_3/fwd/cam1_2026-04-08_18-28-06.mp4,1427.0,1511.0,1054,1281,1800,1741,0.8038424
992,/Volumes/SmithL0/2026/BIOL470/Final/Learning_Rig/bee_0408_3/fwd/cam1_2026-04-08_18-28-06.mp4,1425.0,1514.0,1067,1280,1783,1748,0.78840184
993,/Volumes/SmithL0/2026/BIOL470/Final/Learning_Rig/bee_0408_3/fwd/cam1_2026-04-08_18-28-06.mp4,1422.5,1537.5,1069,1258,1776,1817,0.80826366
994,/Volumes/SmithL0/2026/BIOL470/Final/Learning_Rig/bee_0408_3/fwd/cam1_2026-04-08_18-28-06.mp4,1413.0,1551.5,1069,1274,1757,1829,0.7902934
995,/Volumes/SmithL0/2026/BIOL470/Final/Learning_Rig/bee_0408_3/fwd/cam1_2026-04-08_18-28-06.mp4,1425.5,1536.0,1089,1249,1762,1823,0.8242163
996,/Volumes/SmithL0/2026/BIOL470/Final/Learning_Rig/bee_0408_3/fwd/cam1_2026-04-08_18-28-06.mp4,1429.0,1540.5,1099,1249,1759,1832,0.83051306
997,/Volumes/SmithL0/2026/BIOL470/Final/Learning_Rig/bee_0408_3/fwd/cam1_2026-04-08_18-28-06.mp4,1465.0,1504.0,1136,1164,1794,1844,0.8393
998,/Volumes/SmithL0/2026/BIOL470/Final/Learning_Rig/bee_0408_3/fwd/cam1_2026-04-08_18-28-06.mp4,1468.5,1505.0,1141,1167,1796,1843,0.826095
999,/Volumes/SmithL0/2026/BIOL470/Final/Learning_Rig/bee_0408_3/fwd/cam1_2026-04-08_18-28-06.mp4,1452.5,1497.5,1130,1152,1775,1843,0.80467373
1000,/Volumes/SmithL0/2026/BIOL470/Final/Learning_Rig/bee_0408_3/fwd/cam1_2026-04-08_18-28-06.mp4,1445.0,1500.0,1152,1158,1738,1842,0.80290395
1001,/Volumes/SmithL0/2026/BIOL470/Final/Learning_Rig/bee_0408_3/fwd/cam1_2026-04-08_18-28-06.mp4,1457.5,1503.0,1157,1165,1758,1841,0.8003905
1002,/Volumes/SmithL0/2026/BIOL470/Final/Learning_Rig/bee_0408_3/fwd/cam1_2026-04-08_18-28-06.mp4,1470.5,1503.0,1171,1164,1770,1842,0.8063571
1003,/Volumes/SmithL0/2026/BIOL470/Final/Learning_Rig/bee_0408_3/fwd/cam1_2026-04-08_18-28-06.mp4,1469.0,1504.0,1183,1164,1755,1844,0.8028493
1004,/Volumes/SmithL0/2026/BIOL470/Final/Learning_Rig/bee_0408_3/fwd/cam1_2026-04-08_18-28-06.mp4,1509.0,1504.5,1184,1165,1834,1844,0.8045156
