,filepath,x_centroid,y_centroid,x_min,y_min,x_max,y_max,detection_confidence
0,/Volumes/SmithL0/2026/BIOL470/Final/Learning_Rig/bee_0408_3/fwd/cam1_2026-04-08_18-36-23.mp4,1035.0,2130.5,829,1777,1241,2484,0.8404012
1,/Volumes/SmithL0/2026/BIOL470/Final/Learning_Rig/bee_0408_3/fwd/cam1_2026-04-08_18-36-23.mp4,1035.0,2130.5,828,1777,1242,2484,0.84374064
2,/Volumes/SmithL0/2026/BIOL470/Final/Learning_Rig/bee_0408_3/fwd/cam1_2026-04-08_18-36-23.mp4,1034.5,2130.5,828,1776,1241,2485,0.8436462
3,/Volumes/SmithL0/2026/BIOL470/Final/Learning_Rig/bee_0408_3/fwd/cam1_2026-04-08_18-36-23.mp4,1035.5,2134.0,829,1776,1242,2492,0.84078526
4,/Volumes/SmithL0/2026/BIOL470/Final/Learning_Rig/bee_0408_3/fwd/cam1_2026-04-08_18-36-23.mp4,1035.0,2133.0,827,1777,1243,2489,0.84284097
5,/Volumes/SmithL0/2026/BIOL470/Final/Learning_Rig/bee_0408_3/fwd/cam1_2026-04-08_18-36-23.mp4,1035.0,2133.5,828,1777,1242,2490,0.8412771
6,/Volumes/SmithL0/2026/BIOL470/Final/Learning_Rig/bee_0408_3/fwd/cam1_2026-04-08_18-36-23.mp4,1035.0,2136.0,827,1777,1243,2495,0.8409397
7,/Volumes/SmithL0/2026/BIOL470/Final/Learning_Rig/bee_0408_3/fwd/cam1_2026-04-08_18-36-23.mp4,1036.0,2134.0,830,1776,1242,2492,0.8411791
8,/Volumes/SmithL0/2026/BIOL470/Final/Learning_Rig/bee_0408_3/fwd/cam1_2026-04-08_18-36-23.mp4,1034.0,2134.5,825,1773,1243,2496,0.83997005
9,/Volumes/SmithL0/2026/BIOL470/Final/Learning_Rig/bee_0408_3/fwd/cam1_2026-04-08_18-36-23.mp4,1034.0,2133.0,827,1777,1241,2489,0.8393009
10,/Volumes/SmithL0/2026/BIOL470/Final/Learning_Rig/bee_0408_3/fwd/cam1_2026-04-08_18-36-23.mp4,1035.0,2133.5,827,1777,1243,2490,0.84190106
11,/Volumes/SmithL0/2026/BIOL470/Final/Learning_Rig/bee_0408_3/fwd/cam1_2026-04-08_18-36-23.mp4,1035.5,2134.0,828,1778,1243,2490,0.84175754
12,/Volumes/SmithL0/2026/BIOL470/Final/Learning_Rig/bee_0408_3/fwd/cam1_2026-04-08_18-36-23.mp4,1035.5,2134.5,828,1778,1243,2491,0.8416406
13,/Volumes/SmithL0/2026/BIOL470/Final/Learning_Rig/bee_0408_3/fwd/cam1_2026-04-08_18-36-23.mp4,1035.5,2132.0,829,1777,1242,2487,0.8420535
14,/Volumes/SmithL0/2026/BIOL470/Final/Learning_Rig/bee_0408_3/fwd/cam1_2026-04-08_18-36-23.mp4,1034.5,2133.5,828,1777,1241,2490,0.8385478
15,/Volumes/SmithL0/2026/BIOL470/Final/Learning_Rig/bee_0408_3/fwd/cam1_2026-04-08_18-36-23.mp4,1035.0,2132.5,828,1778,1242,2487,0.84105647
16,/Volumes/SmithL0/2026/BIOL470/Final/Learning_Rig/bee_0408_3/fwd/cam1_2026-04-08_18-36-23.mp4,1035.0,2134.5,828,1777,1242,2492,0.8409537
17,/Volumes/SmithL0/2026/BIOL470/Final/Learning_Rig/bee_0408_3/fwd/cam1_2026-04-08_18-36-23.mp4,1035.0,2133.0,828,1778,1242,2488,0.8399432
18,/Volumes/SmithL0/2026/BIOL470/Final/Learning_Rig/bee_0408_3/fwd/cam1_2026-04-08_18-36-23.mp4,1035.5,2133.5,829,1778,1242,2489,0.84058154
19,/Volumes/SmithL0/2026/BIOL470/Final/Learning_Rig/bee_0408_3/fwd/cam1_2026-04-08_18-36-23.mp4,1035.5,2132.0,829,1778,1242,2486,0.84094113
20,/Volumes/SmithL0/2026/BIOL470/Final/Learning_Rig/bee_0408_3/fwd/cam1_2026-04-08_18-36-23.mp4,1035.0,2134.0,829,1778,1241,2490,0.839743
21,/Volumes/SmithL0/2026/BIOL470/Final/Learning_Rig/bee_0408_3/fwd/cam1_2026-04-08_18-36-23.mp4,1035.0,2132.0,827,1778,1243,2486,0.8436421
22,/Volumes/SmithL0/2026/BIOL470/Final/Learning_Rig/bee_0408_3/fwd/cam1_2026-04-08_18-36-23.mp4,1035.5,2132.5,829,1778,1242,2487,0.84243375
23,/Volumes/SmithL0/2026/BIOL470/Final/Learning_Rig/bee_0408_3/fwd/cam1_2026-04-08_18-36-23.mp4,1035.5,2131.0,828,1778,1243,2484,0.8430178
24,/Volumes/SmithL0/2026/BIOL470/Final/Learning_Rig/bee_0408_3/fwd/cam1_2026-04-08_18-36-23.mp4,1034.5,2133.5,827,1777,1242,2490,0.84141785
25,/Volumes/SmithL0/2026/BIOL470/Final/Learning_Rig/bee_0408_3/fwd/cam1_2026-04-08_18-36-23.mp4,1034.5,2133.5,827,1777,1242,2490,0.84102327
26,/Volumes/SmithL0/2026/BIOL470/Final/Learning_Rig/bee_0408_3/fwd/cam1_2026-04-08_18-36-23.mp4,1033.0,2134.5,824,1775,1242,2494,0.84039426
27,/Volumes/SmithL0/2026/BIOL470/Final/Learning_Rig/bee_0408_3/fwd/cam1_2026-04-08_18-36-23.mp4,1032.0,2135.5,823,1775,1241,2496,0.84024864
28,/Volumes/SmithL0/2026/BIOL470/Final/Learning_Rig/bee_0408_3/fwd/cam1_2026-04-08_18-36-23.mp4,1035.0,2133.5,828,1778,1242,2489,0.8405736
29,/Volumes/SmithL0/2026/BIOL470/Final/Learning_Rig/bee_0408_3/fwd/cam1_2026-04-08_18-36-23.mp4,1034.0,2131.5,827,1778,1241,2485,0.83748657
30,/Volumes/SmithL0/2026/BIOL470/Final/Learning_Rig/bee_0408_3/fwd/cam1_2026-04-08_18-36-23.mp4,1034.5,2132.5,827,1778,1242,2487,0.8396649
31,/Volumes/SmithL0/2026/BIOL470/Final/Learning_Rig/bee_0408_3/fwd/cam1_2026-04-08_18-36-23.mp4,1034.5,2132.0,826,1778,1243,2486,0.8413555
32,/Volumes/SmithL0/2026/BIOL470/Final/Learning_Rig/bee_0408_3/fwd/cam1_2026-04-08_18-36-23.mp4,1034.5,2131.5,826,1779,1243,2484,0.8442942
33,/Volumes/SmithL0/2026/BIOL470/Final/Learning_Rig/bee_0408_3/fwd/cam1_2026-04-08_18-36-23.mp4,1035.5,2130.5,828,1779,1243,2482,0.8424834
34,/Volumes/SmithL0/2026/BIOL470/Final/Learning_Rig/bee_0408_3/fwd/cam1_2026-04-08_18-36-23.mp4,1036.0,2133.0,830,1778,1242,2488,0.83977836
35,/Volumes/SmithL0/2026/BIOL470/Final/Learning_Rig/bee_0408_3/fwd/cam1_2026-04-08_18-36-23.mp4,1036.5,2135.5,829,1776,1244,2495,0.84161127
36,/Volumes/SmithL0/2026/BIOL470/Final/Learning_Rig/bee_0408_3/fwd/cam1_2026-04-08_18-36-23.mp4,1035.0,2136.0,827,1776,1243,2496,0.83945554
37,/Volumes/SmithL0/2026/BIOL470/Final/Learning_Rig/bee_0408_3/fwd/cam1_2026-04-08_18-36-23.mp4,1035.5,2135.0,828,1776,1243,2494,0.84155715
38,/Volumes/SmithL0/2026/BIOL470/Final/Learning_Rig/bee_0408_3/fwd/cam1_2026-04-08_18-36-23.mp4,1035.5,2135.5,829,1776,1242,2495,0.8408866
39,/Volumes/SmithL0/2026/BIOL470/Final/Learning_Rig/bee_0408_3/fwd/cam1_2026-04-08_18-36-23.mp4,1034.0,2136.0,826,1776,1242,2496,0.83949846
40,/Volumes/SmithL0/2026/BIOL470/Final/Learning_Rig/bee_0408_3/fwd/cam1_2026-04-08_18-36-23.mp4,1036.5,2135.5,830,1778,1243,2493,0.8406818
41,/Volumes/SmithL0/2026/BIOL470/Final/Learning_Rig/bee_0408_3/fwd/cam1_2026-04-08_18-36-23.mp4,1035.5,2132.5,828,1778,1243,2487,0.84139043
42,/Volumes/SmithL0/2026/BIOL470/Final/Learning_Rig/bee_0408_3/fwd/cam1_2026-04-08_18-36-23.mp4,1036.0,2133.0,828,1778,1244,2488,0.8428758
43,/Volumes/SmithL0/2026/BIOL470/Final/Learning_Rig/bee_0408_3/fwd/cam1_2026-04-08_18-36-23.mp4,1036.0,2131.5,828,1778,1244,2485,0.84388494
44,/Volumes/SmithL0/2026/BIOL470/Final/Learning_Rig/bee_0408_3/fwd/cam1_2026-04-08_18-36-23.mp4,1034.5,2134.5,826,1778,1243,2491,0.840248
45,/Volumes/SmithL0/2026/BIOL470/Final/Learning_Rig/bee_0408_3/fwd/cam1_2026-04-08_18-36-23.mp4,1035.5,2133.0,827,1778,1244,2488,0.84404874
46,/Volumes/SmithL0/2026/BIOL470/Final/Learning_Rig/bee_0408_3/fwd/cam1_2026-04-08_18-36-23.mp4,1033.5,2132.0,824,1777,1243,2487,0.842475
47,/Volumes/SmithL0/2026/BIOL470/Final/Learning_Rig/bee_0408_3/fwd/cam1_2026-04-08_18-36-23.mp4,1034.0,2131.5,826,1777,1242,2486,0.84265155
48,/Volumes/SmithL0/2026/BIOL470/Final/Learning_Rig/bee_0408_3/fwd/cam1_2026-04-08_18-36-23.mp4,1035.0,2131.5,827,1777,1243,2486,0.8443358
49,/Volumes/SmithL0/2026/BIOL470/Final/Learning_Rig/bee_0408_3/fwd/cam1_2026-04-08_18-36-23.mp4,1035.0,2134.5,828,1777,1242,2492,0.8420218
50,/Volumes/SmithL0/2026/BIOL470/Final/Learning_Rig/bee_0408_3/fwd/cam1_2026-04-08_18-36-23.mp4,1035.0,2134.0,828,1777,1242,2491,0.8436934
51,/Volumes/SmithL0/2026/BIOL470/Final/Learning_Rig/bee_0408_3/fwd/cam1_2026-04-08_18-36-23.mp4,1035.5,2134.0,829,1777,1242,2491,0.84038424
52,/Volumes/SmithL0/2026/BIOL470/Final/Learning_Rig/bee_0408_3/fwd/cam1_2026-04-08_18-36-23.mp4,1035.0,2134.0,828,1778,1242,2490,0.83911556
53,/Volumes/SmithL0/2026/BIOL470/Final/Learning_Rig/bee_0408_3/fwd/cam1_2026-04-08_18-36-23.mp4,1035.0,2134.5,828,1774,1242,2495,0.84087396
54,/Volumes/SmithL0/2026/BIOL470/Final/Learning_Rig/bee_0408_3/fwd/cam1_2026-04-08_18-36-23.mp4,1035.0,2134.0,828,1777,1242,2491,0.84088045
55,/Volumes/SmithL0/2026/BIOL470/Final/Learning_Rig/bee_0408_3/fwd/cam1_2026-04-08_18-36-23.mp4,1035.5,2133.5,828,1778,1243,2489,0.84174895
56,/Volumes/SmithL0/2026/BIOL470/Final/Learning_Rig/bee_0408_3/fwd/cam1_2026-04-08_18-36-23.mp4,1035.0,2133.5,827,1777,1243,2490,0.8431637
57,/Volumes/SmithL0/2026/BIOL470/Final/Learning_Rig/bee_0408_3/fwd/cam1_2026-04-08_18-36-23.mp4,1034.5,2136.0,827,1778,1242,2494,0.83811444
58,/Volumes/SmithL0/2026/BIOL470/Final/Learning_Rig/bee_0408_3/fwd/cam1_2026-04-08_18-36-23.mp4,1034.0,2135.0,827,1778,1241,2492,0.83795965
59,/Volumes/SmithL0/2026/BIOL470/Final/Learning_Rig/bee_0408_3/fwd/cam1_2026-04-08_18-36-23.mp4,1035.0,2134.5,827,1778,1243,2491,0.84236664
60,/Volumes/SmithL0/2026/BIOL470/Final/Learning_Rig/bee_0408_3/fwd/cam1_2026-04-08_18-36-23.mp4,1032.5,2135.0,824,1775,1241,2495,0.8406131
61,/Volumes/SmithL0/2026/BIOL470/Final/Learning_Rig/bee_0408_3/fwd/cam1_2026-04-08_18-36-23.mp4,1033.5,2135.5,826,1775,1241,2496,0.8432899
62,/Volumes/SmithL0/2026/BIOL470/Final/Learning_Rig/bee_0408_3/fwd/cam1_2026-04-08_18-36-23.mp4,1032.5,2134.5,824,1775,1241,2494,0.8412066
63,/Volumes/SmithL0/2026/BIOL470/Final/Learning_Rig/bee_0408_3/fwd/cam1_2026-04-08_18-36-23.mp4,1034.5,2132.5,827,1778,1242,2487,0.84145975
64,/Volumes/SmithL0/2026/BIOL470/Final/Learning_Rig/bee_0408_3/fwd/cam1_2026-04-08_18-36-23.mp4,1034.5,2132.0,828,1778,1241,2486,0.83861274
65,/Volumes/SmithL0/2026/BIOL470/Final/Learning_Rig/bee_0408_3/fwd/cam1_2026-04-08_18-36-23.mp4,1033.5,2134.0,827,1776,1240,2492,0.8386455
66,/Volumes/SmithL0/2026/BIOL470/Final/Learning_Rig/bee_0408_3/fwd/cam1_2026-04-08_18-36-23.mp4,1034.5,2129.0,829,1778,1240,2480,0.8396899
67,/Volumes/SmithL0/2026/BIOL470/Final/Learning_Rig/bee_0408_3/fwd/cam1_2026-04-08_18-36-23.mp4,1033.5,2135.0,827,1777,1240,2493,0.8383475
68,/Volumes/SmithL0/2026/BIOL470/Final/Learning_Rig/bee_0408_3/fwd/cam1_2026-04-08_18-36-23.mp4,1034.5,2131.0,829,1778,1240,2484,0.83774686
69,/Volumes/SmithL0/2026/BIOL470/Final/Learning_Rig/bee_0408_3/fwd/cam1_2026-04-08_18-36-23.mp4,1032.0,2135.0,826,1777,1238,2493,0.8359643
70,/Volumes/SmithL0/2026/BIOL470/Final/Learning_Rig/bee_0408_3/fwd/cam1_2026-04-08_18-36-23.mp4,1034.0,2134.0,827,1778,1241,2490,0.8381894
71,/Volumes/SmithL0/2026/BIOL470/Final/Learning_Rig/bee_0408_3/fwd/cam1_2026-04-08_18-36-23.mp4,1034.5,2135.0,828,1776,1241,2494,0.83928525
72,/Volumes/SmithL0/2026/BIOL470/Final/Learning_Rig/bee_0408_3/fwd/cam1_2026-04-08_18-36-23.mp4,1033.5,2135.5,826,1776,1241,2495,0.8395609
73,/Volumes/SmithL0/2026/BIOL470/Final/Learning_Rig/bee_0408_3/fwd/cam1_2026-04-08_18-36-23.mp4,1034.5,2132.5,826,1778,1243,2487,0.8421717
74,/Volumes/SmithL0/2026/BIOL470/Final/Learning_Rig/bee_0408_3/fwd/cam1_2026-04-08_18-36-23.mp4,1034.5,2134.0,827,1777,1242,2491,0.8403339
75,/Volumes/SmithL0/2026/BIOL470/Final/Learning_Rig/bee_0408_3/fwd/cam1_2026-04-08_18-36-23.mp4,1036.0,2133.0,829,1777,1243,2489,0.8409776
76,/Volumes/SmithL0/2026/BIOL470/Final/Learning_Rig/bee_0408_3/fwd/cam1_2026-04-08_18-36-23.mp4,1035.5,2134.5,828,1778,1243,2491,0.8385191
77,/Volumes/SmithL0/2026/BIOL470/Final/Learning_Rig/bee_0408_3/fwd/cam1_2026-04-08_18-36-23.mp4,1035.5,2132.5,829,1778,1242,2487,0.83861023
78,/Volumes/SmithL0/2026/BIOL470/Final/Learning_Rig/bee_0408_3/fwd/cam1_2026-04-08_18-36-23.mp4,1035.0,2134.0,828,1777,1242,2491,0.8374612
79,/Volumes/SmithL0/2026/BIOL470/Final/Learning_Rig/bee_0408_3/fwd/cam1_2026-04-08_18-36-23.mp4,1035.0,2132.5,828,1777,1242,2488,0.8400304
80,/Volumes/SmithL0/2026/BIOL470/Final/Learning_Rig/bee_0408_3/fwd/cam1_2026-04-08_18-36-23.mp4,1036.0,2131.5,829,1778,1243,2485,0.8408323
81,/Volumes/SmithL0/2026/BIOL470/Final/Learning_Rig/bee_0408_3/fwd/cam1_2026-04-08_18-36-23.mp4,1036.0,2132.0,828,1777,1244,2487,0.8419808
82,/Volumes/SmithL0/2026/BIOL470/Final/Learning_Rig/bee_0408_3/fwd/cam1_2026-04-08_18-36-23.mp4,1035.0,2133.5,828,1778,1242,2489,0.83889467
83,/Volumes/SmithL0/2026/BIOL470/Final/Learning_Rig/bee_0408_3/fwd/cam1_2026-04-08_18-36-23.mp4,1035.5,2133.5,827,1777,1244,2490,0.8406612
84,/Volumes/SmithL0/2026/BIOL470/Final/Learning_Rig/bee_0408_3/fwd/cam1_2026-04-08_18-36-23.mp4,1035.5,2132.0,828,1777,1243,2487,0.841138
85,/Volumes/SmithL0/2026/BIOL470/Final/Learning_Rig/bee_0408_3/fwd/cam1_2026-04-08_18-36-23.mp4,1035.0,2133.5,827,1777,1243,2490,0.84078765
86,/Volumes/SmithL0/2026/BIOL470/Final/Learning_Rig/bee_0408_3/fwd/cam1_2026-04-08_18-36-23.mp4,1034.5,2132.0,826,1778,1243,2486,0.84224814
87,/Volumes/SmithL0/2026/BIOL470/Final/Learning_Rig/bee_0408_3/fwd/cam1_2026-04-08_18-36-23.mp4,1034.5,2132.0,826,1778,1243,2486,0.84085816
88,/Volumes/SmithL0/2026/BIOL470/Final/Learning_Rig/bee_0408_3/fwd/cam1_2026-04-08_18-36-23.mp4,1034.0,2133.0,825,1777,1243,2489,0.84048355
89,/Volumes/SmithL0/2026/BIOL470/Final/Learning_Rig/bee_0408_3/fwd/cam1_2026-04-08_18-36-23.mp4,1034.0,2136.0,826,1775,1242,2497,0.8393381
90,/Volumes/SmithL0/2026/BIOL470/Final/Learning_Rig/bee_0408_3/fwd/cam1_2026-04-08_18-36-23.mp4,1032.5,2135.5,824,1775,1241,2496,0.8386923
91,/Volumes/SmithL0/2026/BIOL470/Final/Learning_Rig/bee_0408_3/fwd/cam1_2026-04-08_18-36-23.mp4,1031.5,2136.0,822,1774,1241,2498,0.8411054
92,/Volumes/SmithL0/2026/BIOL470/Final/Learning_Rig/bee_0408_3/fwd/cam1_2026-04-08_18-36-23.mp4,1034.0,2133.5,826,1777,1242,2490,0.8416968
93,/Volumes/SmithL0/2026/BIOL470/Final/Learning_Rig/bee_0408_3/fwd/cam1_2026-04-08_18-36-23.mp4,1030.0,2134.0,820,1773,1240,2495,0.84065324
94,/Volumes/SmithL0/2026/BIOL470/Final/Learning_Rig/bee_0408_3/fwd/cam1_2026-04-08_18-36-23.mp4,1034.0,2132.0,827,1778,1241,2486,0.8411596
95,/Volumes/SmithL0/2026/BIOL470/Final/Learning_Rig/bee_0408_3/fwd/cam1_2026-04-08_18-36-23.mp4,1032.0,2134.0,823,1774,1241,2494,0.8405776
96,/Volumes/SmithL0/2026/BIOL470/Final/Learning_Rig/bee_0408_3/fwd/cam1_2026-04-08_18-36-23.mp4,1034.5,2134.5,826,1777,1243,2492,0.84023845
97,/Volumes/SmithL0/2026/BIOL470/Final/Learning_Rig/bee_0408_3/fwd/cam1_2026-04-08_18-36-23.mp4,1034.0,2133.5,826,1777,1242,2490,0.8398485
98,/Volumes/SmithL0/2026/BIOL470/Final/Learning_Rig/bee_0408_3/fwd/cam1_2026-04-08_18-36-23.mp4,1032.5,2134.5,823,1774,1242,2495,0.8397554
99,/Volumes/SmithL0/2026/BIOL470/Final/Learning_Rig/bee_0408_3/fwd/cam1_2026-04-08_18-36-23.mp4,1034.0,2134.0,826,1777,1242,2491,0.8379865
100,/Volumes/SmithL0/2026/BIOL470/Final/Learning_Rig/bee_0408_3/fwd/cam1_2026-04-08_18-36-23.mp4,1034.0,2134.0,827,1774,1241,2494,0.837322
101,/Volumes/SmithL0/2026/BIOL470/Final/Learning_Rig/bee_0408_3/fwd/cam1_2026-04-08_18-36-23.mp4,1035.0,2134.5,827,1777,1243,2492,0.8398816
102,/Volumes/SmithL0/2026/BIOL470/Final/Learning_Rig/bee_0408_3/fwd/cam1_2026-04-08_18-36-23.mp4,1031.5,2134.5,822,1774,1241,2495,0.8411386
103,/Volumes/SmithL0/2026/BIOL470/Final/Learning_Rig/bee_0408_3/fwd/cam1_2026-04-08_18-36-23.mp4,1034.5,2132.0,827,1777,1242,2487,0.84174967
104,/Volumes/SmithL0/2026/BIOL470/Final/Learning_Rig/bee_0408_3/fwd/cam1_2026-04-08_18-36-23.mp4,1034.5,2132.5,827,1777,1242,2488,0.8389298
105,/Volumes/SmithL0/2026/BIOL470/Final/Learning_Rig/bee_0408_3/fwd/cam1_2026-04-08_18-36-23.mp4,1035.0,2135.0,827,1777,1243,2493,0.83912736
106,/Volumes/SmithL0/2026/BIOL470/Final/Learning_Rig/bee_0408_3/fwd/cam1_2026-04-08_18-36-23.mp4,1035.0,2133.5,827,1777,1243,2490,0.84024435
107,/Volumes/SmithL0/2026/BIOL470/Final/Learning_Rig/bee_0408_3/fwd/cam1_2026-04-08_18-36-23.mp4,1034.5,2134.0,827,1777,1242,2491,0.83736897
108,/Volumes/SmithL0/2026/BIOL470/Final/Learning_Rig/bee_0408_3/fwd/cam1_2026-04-08_18-36-23.mp4,1034.5,2135.0,826,1777,1243,2493,0.8385733
109,/Volumes/SmithL0/2026/BIOL470/Final/Learning_Rig/bee_0408_3/fwd/cam1_2026-04-08_18-36-23.mp4,1035.0,2135.0,827,1777,1243,2493,0.83929586
110,/Volumes/SmithL0/2026/BIOL470/Final/Learning_Rig/bee_0408_3/fwd/cam1_2026-04-08_18-36-23.mp4,1035.0,2133.0,827,1777,1243,2489,0.84068096
111,/Volumes/SmithL0/2026/BIOL470/Final/Learning_Rig/bee_0408_3/fwd/cam1_2026-04-08_18-36-23.mp4,1034.5,2134.5,826,1777,1243,2492,0.8402205
112,/Volumes/SmithL0/2026/BIOL470/Final/Learning_Rig/bee_0408_3/fwd/cam1_2026-04-08_18-36-23.mp4,1033.5,2134.5,826,1777,1241,2492,0.8384582
113,/Volumes/SmithL0/2026/BIOL470/Final/Learning_Rig/bee_0408_3/fwd/cam1_2026-04-08_18-36-23.mp4,1033.5,2134.0,826,1777,1241,2491,0.8388442
114,/Volumes/SmithL0/2026/BIOL470/Final/Learning_Rig/bee_0408_3/fwd/cam1_2026-04-08_18-36-23.mp4,1033.5,2131.5,826,1778,1241,2485,0.84085625
115,/Volumes/SmithL0/2026/BIOL470/Final/Learning_Rig/bee_0408_3/fwd/cam1_2026-04-08_18-36-23.mp4,1033.5,2133.0,826,1778,1241,2488,0.84007823
116,/Volumes/SmithL0/2026/BIOL470/Final/Learning_Rig/bee_0408_3/fwd/cam1_2026-04-08_18-36-23.mp4,1033.5,2132.0,826,1778,1241,2486,0.8411723
117,/Volumes/SmithL0/2026/BIOL470/Final/Learning_Rig/bee_0408_3/fwd/cam1_2026-04-08_18-36-23.mp4,1034.0,2130.0,826,1778,1242,2482,0.8423296
118,/Volumes/SmithL0/2026/BIOL470/Final/Learning_Rig/bee_0408_3/fwd/cam1_2026-04-08_18-36-23.mp4,1034.5,2132.5,826,1778,1243,2487,0.8398742
119,/Volumes/SmithL0/2026/BIOL470/Final/Learning_Rig/bee_0408_3/fwd/cam1_2026-04-08_18-36-23.mp4,1034.0,2134.0,825,1778,1243,2490,0.8414241
120,/Volumes/SmithL0/2026/BIOL470/Final/Learning_Rig/bee_0408_3/fwd/cam1_2026-04-08_18-36-23.mp4,1034.0,2131.0,825,1778,1243,2484,0.8419231
121,/Volumes/SmithL0/2026/BIOL470/Final/Learning_Rig/bee_0408_3/fwd/cam1_2026-04-08_18-36-23.mp4,1034.5,2131.0,826,1777,1243,2485,0.84178513
122,/Volumes/SmithL0/2026/BIOL470/Final/Learning_Rig/bee_0408_3/fwd/cam1_2026-04-08_18-36-23.mp4,1034.5,2134.0,826,1777,1243,2491,0.83936876
123,/Volumes/SmithL0/2026/BIOL470/Final/Learning_Rig/bee_0408_3/fwd/cam1_2026-04-08_18-36-23.mp4,1031.0,2135.5,822,1775,1240,2496,0.8394767
124,/Volumes/SmithL0/2026/BIOL470/Final/Learning_Rig/bee_0408_3/fwd/cam1_2026-04-08_18-36-23.mp4,1031.0,2135.0,822,1774,1240,2496,0.8395161
125,/Volumes/SmithL0/2026/BIOL470/Final/Learning_Rig/bee_0408_3/fwd/cam1_2026-04-08_18-36-23.mp4,1031.0,2136.5,822,1775,1240,2498,0.8396287
126,/Volumes/SmithL0/2026/BIOL470/Final/Learning_Rig/bee_0408_3/fwd/cam1_2026-04-08_18-36-23.mp4,1034.0,2135.5,826,1775,1242,2496,0.84008664
127,/Volumes/SmithL0/2026/BIOL470/Final/Learning_Rig/bee_0408_3/fwd/cam1_2026-04-08_18-36-23.mp4,1035.0,2137.0,826,1776,1244,2498,0.84062904
128,/Volumes/SmithL0/2026/BIOL470/Final/Learning_Rig/bee_0408_3/fwd/cam1_2026-04-08_18-36-23.mp4,1034.0,2136.5,826,1775,1242,2498,0.8428619
129,/Volumes/SmithL0/2026/BIOL470/Final/Learning_Rig/bee_0408_3/fwd/cam1_2026-04-08_18-36-23.mp4,1034.5,2136.0,825,1774,1244,2498,0.8439184
130,/Volumes/SmithL0/2026/BIOL470/Final/Learning_Rig/bee_0408_3/fwd/cam1_2026-04-08_18-36-23.mp4,1033.0,2136.5,824,1775,1242,2498,0.84019303
131,/Volumes/SmithL0/2026/BIOL470/Final/Learning_Rig/bee_0408_3/fwd/cam1_2026-04-08_18-36-23.mp4,1033.5,2136.0,825,1775,1242,2497,0.83986926
132,/Volumes/SmithL0/2026/BIOL470/Final/Learning_Rig/bee_0408_3/fwd/cam1_2026-04-08_18-36-23.mp4,1034.0,2135.0,827,1775,1241,2495,0.8394465
133,/Volumes/SmithL0/2026/BIOL470/Final/Learning_Rig/bee_0408_3/fwd/cam1_2026-04-08_18-36-23.mp4,1035.0,2132.0,829,1778,1241,2486,0.838269
134,/Volumes/SmithL0/2026/BIOL470/Final/Learning_Rig/bee_0408_3/fwd/cam1_2026-04-08_18-36-23.mp4,1035.0,2131.0,829,1778,1241,2484,0.8391824
135,/Volumes/SmithL0/2026/BIOL470/Final/Learning_Rig/bee_0408_3/fwd/cam1_2026-04-08_18-36-23.mp4,1035.0,2130.0,828,1778,1242,2482,0.84143186
136,/Volumes/SmithL0/2026/BIOL470/Final/Learning_Rig/bee_0408_3/fwd/cam1_2026-04-08_18-36-23.mp4,1035.0,2130.5,828,1778,1242,2483,0.8409521
137,/Volumes/SmithL0/2026/BIOL470/Final/Learning_Rig/bee_0408_3/fwd/cam1_2026-04-08_18-36-23.mp4,1035.5,2133.0,828,1778,1243,2488,0.8397547
138,/Volumes/SmithL0/2026/BIOL470/Final/Learning_Rig/bee_0408_3/fwd/cam1_2026-04-08_18-36-23.mp4,1032.5,2134.0,823,1774,1242,2494,0.83858156
139,/Volumes/SmithL0/2026/BIOL470/Final/Learning_Rig/bee_0408_3/fwd/cam1_2026-04-08_18-36-23.mp4,1034.5,2130.5,827,1778,1242,2483,0.8390514
140,/Volumes/SmithL0/2026/BIOL470/Final/Learning_Rig/bee_0408_3/fwd/cam1_2026-04-08_18-36-23.mp4,1033.5,2135.0,824,1775,1243,2495,0.8387989
141,/Volumes/SmithL0/2026/BIOL470/Final/Learning_Rig/bee_0408_3/fwd/cam1_2026-04-08_18-36-23.mp4,1034.0,2130.5,826,1777,1242,2484,0.841025
142,/Volumes/SmithL0/2026/BIOL470/Final/Learning_Rig/bee_0408_3/fwd/cam1_2026-04-08_18-36-23.mp4,1033.5,2131.5,825,1777,1242,2486,0.83955055
143,/Volumes/SmithL0/2026/BIOL470/Final/Learning_Rig/bee_0408_3/fwd/cam1_2026-04-08_18-36-23.mp4,1033.5,2134.0,826,1777,1241,2491,0.8384932
144,/Volumes/SmithL0/2026/BIOL470/Final/Learning_Rig/bee_0408_3/fwd/cam1_2026-04-08_18-36-23.mp4,1034.0,2133.5,826,1777,1242,2490,0.8412183
145,/Volumes/SmithL0/2026/BIOL470/Final/Learning_Rig/bee_0408_3/fwd/cam1_2026-04-08_18-36-23.mp4,1029.5,2137.5,819,1775,1240,2500,0.83850527
146,/Volumes/SmithL0/2026/BIOL470/Final/Learning_Rig/bee_0408_3/fwd/cam1_2026-04-08_18-36-23.mp4,1028.5,2136.0,819,1774,1238,2498,0.837121
147,/Volumes/SmithL0/2026/BIOL470/Final/Learning_Rig/bee_0408_3/fwd/cam1_2026-04-08_18-36-23.mp4,1030.5,2134.5,820,1773,1241,2496,0.8403777
148,/Volumes/SmithL0/2026/BIOL470/Final/Learning_Rig/bee_0408_3/fwd/cam1_2026-04-08_18-36-23.mp4,1034.5,2131.0,827,1777,1242,2485,0.8420806
149,/Volumes/SmithL0/2026/BIOL470/Final/Learning_Rig/bee_0408_3/fwd/cam1_2026-04-08_18-36-23.mp4,1034.0,2131.5,826,1777,1242,2486,0.8418285
150,/Volumes/SmithL0/2026/BIOL470/Final/Learning_Rig/bee_0408_3/fwd/cam1_2026-04-08_18-36-23.mp4,1032.0,2134.5,823,1775,1241,2494,0.8398425
151,/Volumes/SmithL0/2026/BIOL470/Final/Learning_Rig/bee_0408_3/fwd/cam1_2026-04-08_18-36-23.mp4,1034.0,2134.5,826,1776,1242,2493,0.8400569
152,/Volumes/SmithL0/2026/BIOL470/Final/Learning_Rig/bee_0408_3/fwd/cam1_2026-04-08_18-36-23.mp4,1035.5,2131.0,829,1778,1242,2484,0.840797
153,/Volumes/SmithL0/2026/BIOL470/Final/Learning_Rig/bee_0408_3/fwd/cam1_2026-04-08_18-36-23.mp4,1033.0,2134.0,825,1775,1241,2493,0.8390643
154,/Volumes/SmithL0/2026/BIOL470/Final/Learning_Rig/bee_0408_3/fwd/cam1_2026-04-08_18-36-23.mp4,1032.5,2135.0,823,1776,1242,2494,0.83936495
155,/Volumes/SmithL0/2026/BIOL470/Final/Learning_Rig/bee_0408_3/fwd/cam1_2026-04-08_18-36-23.mp4,1031.5,2134.5,822,1775,1241,2494,0.8374976
156,/Volumes/SmithL0/2026/BIOL470/Final/Learning_Rig/bee_0408_3/fwd/cam1_2026-04-08_18-36-23.mp4,1034.0,2131.5,826,1778,1242,2485,0.83994365
157,/Volumes/SmithL0/2026/BIOL470/Final/Learning_Rig/bee_0408_3/fwd/cam1_2026-04-08_18-36-23.mp4,1033.5,2133.0,826,1778,1241,2488,0.8373218
158,/Volumes/SmithL0/2026/BIOL470/Final/Learning_Rig/bee_0408_3/fwd/cam1_2026-04-08_18-36-23.mp4,1031.5,2134.5,823,1775,1240,2494,0.83812827
159,/Volumes/SmithL0/2026/BIOL470/Final/Learning_Rig/bee_0408_3/fwd/cam1_2026-04-08_18-36-23.mp4,1031.0,2134.5,822,1775,1240,2494,0.8397089
160,/Volumes/SmithL0/2026/BIOL470/Final/Learning_Rig/bee_0408_3/fwd/cam1_2026-04-08_18-36-23.mp4,1035.0,2133.0,827,1778,1243,2488,0.84203964
161,/Volumes/SmithL0/2026/BIOL470/Final/Learning_Rig/bee_0408_3/fwd/cam1_2026-04-08_18-36-23.mp4,1032.0,2135.0,822,1775,1242,2495,0.8407494
162,/Volumes/SmithL0/2026/BIOL470/Final/Learning_Rig/bee_0408_3/fwd/cam1_2026-04-08_18-36-23.mp4,1034.5,2135.0,828,1776,1241,2494,0.8396204
163,/Volumes/SmithL0/2026/BIOL470/Final/Learning_Rig/bee_0408_3/fwd/cam1_2026-04-08_18-36-23.mp4,1034.5,2132.5,827,1778,1242,2487,0.8395978
164,/Volumes/SmithL0/2026/BIOL470/Final/Learning_Rig/bee_0408_3/fwd/cam1_2026-04-08_18-36-23.mp4,1031.5,2135.0,821,1776,1242,2494,0.84110665
165,/Volumes/SmithL0/2026/BIOL470/Final/Learning_Rig/bee_0408_3/fwd/cam1_2026-04-08_18-36-23.mp4,1033.0,2134.5,825,1774,1241,2495,0.84248847
166,/Volumes/SmithL0/2026/BIOL470/Final/Learning_Rig/bee_0408_3/fwd/cam1_2026-04-08_18-36-23.mp4,1032.0,2135.5,823,1775,1241,2496,0.8426808
167,/Volumes/SmithL0/2026/BIOL470/Final/Learning_Rig/bee_0408_3/fwd/cam1_2026-04-08_18-36-23.mp4,1031.5,2134.0,823,1774,1240,2494,0.8410262
168,/Volumes/SmithL0/2026/BIOL470/Final/Learning_Rig/bee_0408_3/fwd/cam1_2026-04-08_18-36-23.mp4,1032.0,2134.5,823,1774,1241,2495,0.84136623
169,/Volumes/SmithL0/2026/BIOL470/Final/Learning_Rig/bee_0408_3/fwd/cam1_2026-04-08_18-36-23.mp4,1034.0,2134.0,826,1774,1242,2494,0.84292376
170,/Volumes/SmithL0/2026/BIOL470/Final/Learning_Rig/bee_0408_3/fwd/cam1_2026-04-08_18-36-23.mp4,1034.0,2135.5,826,1775,1242,2496,0.84175754
171,/Volumes/SmithL0/2026/BIOL470/Final/Learning_Rig/bee_0408_3/fwd/cam1_2026-04-08_18-36-23.mp4,1031.5,2134.5,822,1774,1241,2495,0.84147036
172,/Volumes/SmithL0/2026/BIOL470/Final/Learning_Rig/bee_0408_3/fwd/cam1_2026-04-08_18-36-23.mp4,1033.5,2135.0,825,1775,1242,2495,0.84144765
173,/Volumes/SmithL0/2026/BIOL470/Final/Learning_Rig/bee_0408_3/fwd/cam1_2026-04-08_18-36-23.mp4,1034.5,2134.5,827,1778,1242,2491,0.8392333
174,/Volumes/SmithL0/2026/BIOL470/Final/Learning_Rig/bee_0408_3/fwd/cam1_2026-04-08_18-36-23.mp4,1034.5,2132.5,827,1778,1242,2487,0.8389808
175,/Volumes/SmithL0/2026/BIOL470/Final/Learning_Rig/bee_0408_3/fwd/cam1_2026-04-08_18-36-23.mp4,1033.5,2134.5,825,1775,1242,2494,0.83809
176,/Volumes/SmithL0/2026/BIOL470/Final/Learning_Rig/bee_0408_3/fwd/cam1_2026-04-08_18-36-23.mp4,1034.0,2134.5,826,1775,1242,2494,0.8398374
177,/Volumes/SmithL0/2026/BIOL470/Final/Learning_Rig/bee_0408_3/fwd/cam1_2026-04-08_18-36-23.mp4,1034.5,2132.0,827,1778,1242,2486,0.8382626
178,/Volumes/SmithL0/2026/BIOL470/Final/Learning_Rig/bee_0408_3/fwd/cam1_2026-04-08_18-36-23.mp4,1034.5,2133.5,826,1778,1243,2489,0.8380252
179,/Volumes/SmithL0/2026/BIOL470/Final/Learning_Rig/bee_0408_3/fwd/cam1_2026-04-08_18-36-23.mp4,1034.5,2133.5,826,1778,1243,2489,0.8390051
180,/Volumes/SmithL0/2026/BIOL470/Final/Learning_Rig/bee_0408_3/fwd/cam1_2026-04-08_18-36-23.mp4,1032.5,2134.5,823,1775,1242,2494,0.840345
181,/Volumes/SmithL0/2026/BIOL470/Final/Learning_Rig/bee_0408_3/fwd/cam1_2026-04-08_18-36-23.mp4,1034.0,2134.5,827,1775,1241,2494,0.83971184
182,/Volumes/SmithL0/2026/BIOL470/Final/Learning_Rig/bee_0408_3/fwd/cam1_2026-04-08_18-36-23.mp4,1032.5,2135.0,824,1775,1241,2495,0.83930385
183,/Volumes/SmithL0/2026/BIOL470/Final/Learning_Rig/bee_0408_3/fwd/cam1_2026-04-08_18-36-23.mp4,1034.5,2134.0,828,1775,1241,2493,0.83902204
184,/Volumes/SmithL0/2026/BIOL470/Final/Learning_Rig/bee_0408_3/fwd/cam1_2026-04-08_18-36-23.mp4,1032.0,2134.0,824,1774,1240,2494,0.83830124
185,/Volumes/SmithL0/2026/BIOL470/Final/Learning_Rig/bee_0408_3/fwd/cam1_2026-04-08_18-36-23.mp4,1034.0,2133.5,827,1777,1241,2490,0.8396426
186,/Volumes/SmithL0/2026/BIOL470/Final/Learning_Rig/bee_0408_3/fwd/cam1_2026-04-08_18-36-23.mp4,1034.5,2134.5,826,1777,1243,2492,0.8420594
187,/Volumes/SmithL0/2026/BIOL470/Final/Learning_Rig/bee_0408_3/fwd/cam1_2026-04-08_18-36-23.mp4,1033.5,2134.0,825,1777,1242,2491,0.83910173
188,/Volumes/SmithL0/2026/BIOL470/Final/Learning_Rig/bee_0408_3/fwd/cam1_2026-04-08_18-36-23.mp4,1031.0,2135.5,823,1776,1239,2495,0.8374487
189,/Volumes/SmithL0/2026/BIOL470/Final/Learning_Rig/bee_0408_3/fwd/cam1_2026-04-08_18-36-23.mp4,1030.0,2134.5,823,1775,1237,2494,0.83749986
190,/Volumes/SmithL0/2026/BIOL470/Final/Learning_Rig/bee_0408_3/fwd/cam1_2026-04-08_18-36-23.mp4,1030.0,2134.5,821,1775,1239,2494,0.83848125
191,/Volumes/SmithL0/2026/BIOL470/Final/Learning_Rig/bee_0408_3/fwd/cam1_2026-04-08_18-36-23.mp4,1029.5,2135.0,821,1775,1238,2495,0.836772
192,/Volumes/SmithL0/2026/BIOL470/Final/Learning_Rig/bee_0408_3/fwd/cam1_2026-04-08_18-36-23.mp4,1030.5,2134.5,822,1774,1239,2495,0.8373052
193,/Volumes/SmithL0/2026/BIOL470/Final/Learning_Rig/bee_0408_3/fwd/cam1_2026-04-08_18-36-23.mp4,1028.0,2136.0,818,1775,1238,2497,0.8367749
194,/Volumes/SmithL0/2026/BIOL470/Final/Learning_Rig/bee_0408_3/fwd/cam1_2026-04-08_18-36-23.mp4,1030.5,2136.5,820,1775,1241,2498,0.8383027
195,/Volumes/SmithL0/2026/BIOL470/Final/Learning_Rig/bee_0408_3/fwd/cam1_2026-04-08_18-36-23.mp4,1030.0,2136.5,819,1775,1241,2498,0.8390276
196,/Volumes/SmithL0/2026/BIOL470/Final/Learning_Rig/bee_0408_3/fwd/cam1_2026-04-08_18-36-23.mp4,1034.5,2133.5,826,1778,1243,2489,0.84203976
197,/Volumes/SmithL0/2026/BIOL470/Final/Learning_Rig/bee_0408_3/fwd/cam1_2026-04-08_18-36-23.mp4,1034.0,2134.0,825,1778,1243,2490,0.84081537
198,/Volumes/SmithL0/2026/BIOL470/Final/Learning_Rig/bee_0408_3/fwd/cam1_2026-04-08_18-36-23.mp4,1033.5,2133.0,825,1778,1242,2488,0.839754
199,/Volumes/SmithL0/2026/BIOL470/Final/Learning_Rig/bee_0408_3/fwd/cam1_2026-04-08_18-36-23.mp4,1033.0,2130.0,825,1778,1241,2482,0.83933383
200,/Volumes/SmithL0/2026/BIOL470/Final/Learning_Rig/bee_0408_3/fwd/cam1_2026-04-08_18-36-23.mp4,1034.0,2131.0,825,1778,1243,2484,0.8415195
201,/Volumes/SmithL0/2026/BIOL470/Final/Learning_Rig/bee_0408_3/fwd/cam1_2026-04-08_18-36-23.mp4,1035.0,2131.0,826,1777,1244,2485,0.844988
202,/Volumes/SmithL0/2026/BIOL470/Final/Learning_Rig/bee_0408_3/fwd/cam1_2026-04-08_18-36-23.mp4,1034.0,2131.5,825,1778,1243,2485,0.84174734
203,/Volumes/SmithL0/2026/BIOL470/Final/Learning_Rig/bee_0408_3/fwd/cam1_2026-04-08_18-36-23.mp4,1032.5,2128.0,824,1779,1241,2477,0.8420626
204,/Volumes/SmithL0/2026/BIOL470/Final/Learning_Rig/bee_0408_3/fwd/cam1_2026-04-08_18-36-23.mp4,1033.0,2131.0,825,1779,1241,2483,0.8400428
205,/Volumes/SmithL0/2026/BIOL470/Final/Learning_Rig/bee_0408_3/fwd/cam1_2026-04-08_18-36-23.mp4,1034.0,2132.0,825,1779,1243,2485,0.8395179
206,/Volumes/SmithL0/2026/BIOL470/Final/Learning_Rig/bee_0408_3/fwd/cam1_2026-04-08_18-36-23.mp4,1033.0,2132.0,824,1779,1242,2485,0.8402351
207,/Volumes/SmithL0/2026/BIOL470/Final/Learning_Rig/bee_0408_3/fwd/cam1_2026-04-08_18-36-23.mp4,1029.0,2135.5,818,1776,1240,2495,0.83698297
208,/Volumes/SmithL0/2026/BIOL470/Final/Learning_Rig/bee_0408_3/fwd/cam1_2026-04-08_18-36-23.mp4,1033.5,2134.5,824,1779,1243,2490,0.83834904
209,/Volumes/SmithL0/2026/BIOL470/Final/Learning_Rig/bee_0408_3/fwd/cam1_2026-04-08_18-36-23.mp4,1029.0,2135.5,818,1775,1240,2496,0.8398886
210,/Volumes/SmithL0/2026/BIOL470/Final/Learning_Rig/bee_0408_3/fwd/cam1_2026-04-08_18-36-23.mp4,1029.0,2135.5,819,1775,1239,2496,0.8405234
211,/Volumes/SmithL0/2026/BIOL470/Final/Learning_Rig/bee_0408_3/fwd/cam1_2026-04-08_18-36-23.mp4,1031.5,2135.5,821,1775,1242,2496,0.8434023
212,/Volumes/SmithL0/2026/BIOL470/Final/Learning_Rig/bee_0408_3/fwd/cam1_2026-04-08_18-36-23.mp4,1031.0,2136.0,820,1775,1242,2497,0.8426199
213,/Volumes/SmithL0/2026/BIOL470/Final/Learning_Rig/bee_0408_3/fwd/cam1_2026-04-08_18-36-23.mp4,1032.5,2135.0,824,1775,1241,2495,0.84020185
214,/Volumes/SmithL0/2026/BIOL470/Final/Learning_Rig/bee_0408_3/fwd/cam1_2026-04-08_18-36-23.mp4,1034.0,2133.0,826,1778,1242,2488,0.8368581
215,/Volumes/SmithL0/2026/BIOL470/Final/Learning_Rig/bee_0408_3/fwd/cam1_2026-04-08_18-36-23.mp4,1034.5,2132.5,827,1778,1242,2487,0.8380374
216,/Volumes/SmithL0/2026/BIOL470/Final/Learning_Rig/bee_0408_3/fwd/cam1_2026-04-08_18-36-23.mp4,1034.0,2131.5,827,1778,1241,2485,0.8387383
217,/Volumes/SmithL0/2026/BIOL470/Final/Learning_Rig/bee_0408_3/fwd/cam1_2026-04-08_18-36-23.mp4,1033.0,2135.0,825,1776,1241,2494,0.8380411
218,/Volumes/SmithL0/2026/BIOL470/Final/Learning_Rig/bee_0408_3/fwd/cam1_2026-04-08_18-36-23.mp4,1033.5,2132.0,826,1778,1241,2486,0.83797705
219,/Volumes/SmithL0/2026/BIOL470/Final/Learning_Rig/bee_0408_3/fwd/cam1_2026-04-08_18-36-23.mp4,1032.5,2135.0,824,1776,1241,2494,0.83916634
220,/Volumes/SmithL0/2026/BIOL470/Final/Learning_Rig/bee_0408_3/fwd/cam1_2026-04-08_18-36-23.mp4,1031.5,2134.5,822,1775,1241,2494,0.838298
221,/Volumes/SmithL0/2026/BIOL470/Final/Learning_Rig/bee_0408_3/fwd/cam1_2026-04-08_18-36-23.mp4,1031.0,2136.0,821,1776,1241,2496,0.8388435
222,/Volumes/SmithL0/2026/BIOL470/Final/Learning_Rig/bee_0408_3/fwd/cam1_2026-04-08_18-36-23.mp4,1033.5,2131.5,826,1778,1241,2485,0.83807194
223,/Volumes/SmithL0/2026/BIOL470/Final/Learning_Rig/bee_0408_3/fwd/cam1_2026-04-08_18-36-23.mp4,1032.5,2133.0,824,1779,1241,2487,0.83623713
224,/Volumes/SmithL0/2026/BIOL470/Final/Learning_Rig/bee_0408_3/fwd/cam1_2026-04-08_18-36-23.mp4,1033.0,2133.0,824,1779,1242,2487,0.8360015
225,/Volumes/SmithL0/2026/BIOL470/Final/Learning_Rig/bee_0408_3/fwd/cam1_2026-04-08_18-36-23.mp4,1027.5,2136.0,817,1776,1238,2496,0.8374606
226,/Volumes/SmithL0/2026/BIOL470/Final/Learning_Rig/bee_0408_3/fwd/cam1_2026-04-08_18-36-23.mp4,1029.5,2136.0,820,1776,1239,2496,0.83950233
227,/Volumes/SmithL0/2026/BIOL470/Final/Learning_Rig/bee_0408_3/fwd/cam1_2026-04-08_18-36-23.mp4,1031.0,2135.0,822,1776,1240,2494,0.84088993
228,/Volumes/SmithL0/2026/BIOL470/Final/Learning_Rig/bee_0408_3/fwd/cam1_2026-04-08_18-36-23.mp4,1030.0,2135.5,821,1777,1239,2494,0.8423922
229,/Volumes/SmithL0/2026/BIOL470/Final/Learning_Rig/bee_0408_3/fwd/cam1_2026-04-08_18-36-23.mp4,1032.0,2135.0,823,1776,1241,2494,0.8417424
230,/Volumes/SmithL0/2026/BIOL470/Final/Learning_Rig/bee_0408_3/fwd/cam1_2026-04-08_18-36-23.mp4,1030.5,2136.5,820,1776,1241,2497,0.8414326
231,/Volumes/SmithL0/2026/BIOL470/Final/Learning_Rig/bee_0408_3/fwd/cam1_2026-04-08_18-36-23.mp4,1031.0,2135.5,822,1776,1240,2495,0.8394358
232,/Volumes/SmithL0/2026/BIOL470/Final/Learning_Rig/bee_0408_3/fwd/cam1_2026-04-08_18-36-23.mp4,1031.5,2136.0,823,1776,1240,2496,0.839418
233,/Volumes/SmithL0/2026/BIOL470/Final/Learning_Rig/bee_0408_3/fwd/cam1_2026-04-08_18-36-23.mp4,1034.5,2132.5,826,1778,1243,2487,0.84152186
234,/Volumes/SmithL0/2026/BIOL470/Final/Learning_Rig/bee_0408_3/fwd/cam1_2026-04-08_18-36-23.mp4,1032.5,2136.0,824,1776,1241,2496,0.8392975
235,/Volumes/SmithL0/2026/BIOL470/Final/Learning_Rig/bee_0408_3/fwd/cam1_2026-04-08_18-36-23.mp4,1032.5,2137.5,824,1777,1241,2498,0.8404001
236,/Volumes/SmithL0/2026/BIOL470/Final/Learning_Rig/bee_0408_3/fwd/cam1_2026-04-08_18-36-23.mp4,1032.0,2135.5,822,1776,1242,2495,0.8393346
237,/Volumes/SmithL0/2026/BIOL470/Final/Learning_Rig/bee_0408_3/fwd/cam1_2026-04-08_18-36-23.mp4,1032.0,2135.5,823,1775,1241,2496,0.83928657
238,/Volumes/SmithL0/2026/BIOL470/Final/Learning_Rig/bee_0408_3/fwd/cam1_2026-04-08_18-36-23.mp4,1035.5,2134.0,827,1777,1244,2491,0.8420632
239,/Volumes/SmithL0/2026/BIOL470/Final/Learning_Rig/bee_0408_3/fwd/cam1_2026-04-08_18-36-23.mp4,1032.5,2137.5,824,1776,1241,2499,0.8401628
240,/Volumes/SmithL0/2026/BIOL470/Final/Learning_Rig/bee_0408_3/fwd/cam1_2026-04-08_18-36-23.mp4,1031.5,2135.5,822,1777,1241,2494,0.84132767
241,/Volumes/SmithL0/2026/BIOL470/Final/Learning_Rig/bee_0408_3/fwd/cam1_2026-04-08_18-36-23.mp4,1030.5,2135.5,821,1776,1240,2495,0.83937776
242,/Volumes/SmithL0/2026/BIOL470/Final/Learning_Rig/bee_0408_3/fwd/cam1_2026-04-08_18-36-23.mp4,1034.0,2135.0,825,1779,1243,2491,0.8394569
243,/Volumes/SmithL0/2026/BIOL470/Final/Learning_Rig/bee_0408_3/fwd/cam1_2026-04-08_18-36-23.mp4,1034.0,2134.5,824,1779,1244,2490,0.8384255
244,/Volumes/SmithL0/2026/BIOL470/Final/Learning_Rig/bee_0408_3/fwd/cam1_2026-04-08_18-36-23.mp4,1034.0,2133.0,825,1779,1243,2487,0.8386569
245,/Volumes/SmithL0/2026/BIOL470/Final/Learning_Rig/bee_0408_3/fwd/cam1_2026-04-08_18-36-23.mp4,1035.5,2134.0,827,1779,1244,2489,0.8420315
246,/Volumes/SmithL0/2026/BIOL470/Final/Learning_Rig/bee_0408_3/fwd/cam1_2026-04-08_18-36-23.mp4,1032.5,2136.0,824,1777,1241,2495,0.840768
247,/Volumes/SmithL0/2026/BIOL470/Final/Learning_Rig/bee_0408_3/fwd/cam1_2026-04-08_18-36-23.mp4,1033.0,2138.5,824,1777,1242,2500,0.83987695
248,/Volumes/SmithL0/2026/BIOL470/Final/Learning_Rig/bee_0408_3/fwd/cam1_2026-04-08_18-36-23.mp4,1034.5,2135.5,826,1778,1243,2493,0.8397084
249,/Volumes/SmithL0/2026/BIOL470/Final/Learning_Rig/bee_0408_3/fwd/cam1_2026-04-08_18-36-23.mp4,1033.5,2134.5,825,1778,1242,2491,0.837756
250,/Volumes/SmithL0/2026/BIOL470/Final/Learning_Rig/bee_0408_3/fwd/cam1_2026-04-08_18-36-23.mp4,1035.0,2133.0,827,1778,1243,2488,0.8400653
251,/Volumes/SmithL0/2026/BIOL470/Final/Learning_Rig/bee_0408_3/fwd/cam1_2026-04-08_18-36-23.mp4,1034.0,2132.5,826,1778,1242,2487,0.83765507
252,/Volumes/SmithL0/2026/BIOL470/Final/Learning_Rig/bee_0408_3/fwd/cam1_2026-04-08_18-36-23.mp4,1032.5,2135.5,823,1777,1242,2494,0.83799124
253,/Volumes/SmithL0/2026/BIOL470/Final/Learning_Rig/bee_0408_3/fwd/cam1_2026-04-08_18-36-23.mp4,1031.0,2135.0,821,1776,1241,2494,0.8372701
254,/Volumes/SmithL0/2026/BIOL470/Final/Learning_Rig/bee_0408_3/fwd/cam1_2026-04-08_18-36-23.mp4,1033.0,2135.5,824,1776,1242,2495,0.83913636
255,/Volumes/SmithL0/2026/BIOL470/Final/Learning_Rig/bee_0408_3/fwd/cam1_2026-04-08_18-36-23.mp4,1033.0,2136.0,823,1777,1243,2495,0.8387226
256,/Volumes/SmithL0/2026/BIOL470/Final/Learning_Rig/bee_0408_3/fwd/cam1_2026-04-08_18-36-23.mp4,1033.0,2135.0,824,1776,1242,2494,0.8375858
257,/Volumes/SmithL0/2026/BIOL470/Final/Learning_Rig/bee_0408_3/fwd/cam1_2026-04-08_18-36-23.mp4,1034.0,2136.0,826,1776,1242,2496,0.8403218
258,/Volumes/SmithL0/2026/BIOL470/Final/Learning_Rig/bee_0408_3/fwd/cam1_2026-04-08_18-36-23.mp4,1032.5,2135.0,823,1776,1242,2494,0.8395736
259,/Volumes/SmithL0/2026/BIOL470/Final/Learning_Rig/bee_0408_3/fwd/cam1_2026-04-08_18-36-23.mp4,1035.0,2133.5,827,1778,1243,2489,0.8390732
260,/Volumes/SmithL0/2026/BIOL470/Final/Learning_Rig/bee_0408_3/fwd/cam1_2026-04-08_18-36-23.mp4,1031.0,2136.5,821,1777,1241,2496,0.83773524
261,/Volumes/SmithL0/2026/BIOL470/Final/Learning_Rig/bee_0408_3/fwd/cam1_2026-04-08_18-36-23.mp4,1034.5,2134.5,825,1778,1244,2491,0.8392047
262,/Volumes/SmithL0/2026/BIOL470/Final/Learning_Rig/bee_0408_3/fwd/cam1_2026-04-08_18-36-23.mp4,1034.5,2132.5,826,1778,1243,2487,0.83763444
263,/Volumes/SmithL0/2026/BIOL470/Final/Learning_Rig/bee_0408_3/fwd/cam1_2026-04-08_18-36-23.mp4,1034.0,2135.5,825,1778,1243,2493,0.8377271
264,/Volumes/SmithL0/2026/BIOL470/Final/Learning_Rig/bee_0408_3/fwd/cam1_2026-04-08_18-36-23.mp4,1033.0,2135.5,824,1776,1242,2495,0.8378435
265,/Volumes/SmithL0/2026/BIOL470/Final/Learning_Rig/bee_0408_3/fwd/cam1_2026-04-08_18-36-23.mp4,1034.0,2132.0,827,1779,1241,2485,0.83850014
266,/Volumes/SmithL0/2026/BIOL470/Final/Learning_Rig/bee_0408_3/fwd/cam1_2026-04-08_18-36-23.mp4,1032.5,2135.0,823,1776,1242,2494,0.8408469
267,/Volumes/SmithL0/2026/BIOL470/Final/Learning_Rig/bee_0408_3/fwd/cam1_2026-04-08_18-36-23.mp4,1032.0,2135.0,824,1776,1240,2494,0.84010565
268,/Volumes/SmithL0/2026/BIOL470/Final/Learning_Rig/bee_0408_3/fwd/cam1_2026-04-08_18-36-23.mp4,1034.5,2132.0,826,1778,1243,2486,0.8405291
269,/Volumes/SmithL0/2026/BIOL470/Final/Learning_Rig/bee_0408_3/fwd/cam1_2026-04-08_18-36-23.mp4,1031.5,2135.5,822,1776,1241,2495,0.8397202
270,/Volumes/SmithL0/2026/BIOL470/Final/Learning_Rig/bee_0408_3/fwd/cam1_2026-04-08_18-36-23.mp4,1030.0,2134.5,820,1776,1240,2493,0.8365746
271,/Volumes/SmithL0/2026/BIOL470/Final/Learning_Rig/bee_0408_3/fwd/cam1_2026-04-08_18-36-23.mp4,1030.0,2135.0,821,1776,1239,2494,0.8350667
272,/Volumes/SmithL0/2026/BIOL470/Final/Learning_Rig/bee_0408_3/fwd/cam1_2026-04-08_18-36-23.mp4,1031.0,2135.0,823,1776,1239,2494,0.83766305
273,/Volumes/SmithL0/2026/BIOL470/Final/Learning_Rig/bee_0408_3/fwd/cam1_2026-04-08_18-36-23.mp4,1032.0,2135.0,824,1776,1240,2494,0.8401487
274,/Volumes/SmithL0/2026/BIOL470/Final/Learning_Rig/bee_0408_3/fwd/cam1_2026-04-08_18-36-23.mp4,1030.0,2135.0,821,1775,1239,2495,0.8382035
275,/Volumes/SmithL0/2026/BIOL470/Final/Learning_Rig/bee_0408_3/fwd/cam1_2026-04-08_18-36-23.mp4,1030.5,2137.0,821,1777,1240,2497,0.83899194
276,/Volumes/SmithL0/2026/BIOL470/Final/Learning_Rig/bee_0408_3/fwd/cam1_2026-04-08_18-36-23.mp4,1034.0,2134.0,826,1779,1242,2489,0.8377289
277,/Volumes/SmithL0/2026/BIOL470/Final/Learning_Rig/bee_0408_3/fwd/cam1_2026-04-08_18-36-23.mp4,1030.5,2136.5,822,1776,1239,2497,0.8388858
278,/Volumes/SmithL0/2026/BIOL470/Final/Learning_Rig/bee_0408_3/fwd/cam1_2026-04-08_18-36-23.mp4,1030.5,2136.5,820,1777,1241,2496,0.838939
279,/Volumes/SmithL0/2026/BIOL470/Final/Learning_Rig/bee_0408_3/fwd/cam1_2026-04-08_18-36-23.mp4,1031.5,2136.0,821,1777,1242,2495,0.8402287
280,/Volumes/SmithL0/2026/BIOL470/Final/Learning_Rig/bee_0408_3/fwd/cam1_2026-04-08_18-36-23.mp4,1031.0,2136.0,821,1777,1241,2495,0.8401314
281,/Volumes/SmithL0/2026/BIOL470/Final/Learning_Rig/bee_0408_3/fwd/cam1_2026-04-08_18-36-23.mp4,1031.0,2136.0,821,1777,1241,2495,0.8386962
282,/Volumes/SmithL0/2026/BIOL470/Final/Learning_Rig/bee_0408_3/fwd/cam1_2026-04-08_18-36-23.mp4,1033.0,2135.5,824,1779,1242,2492,0.8375939
283,/Volumes/SmithL0/2026/BIOL470/Final/Learning_Rig/bee_0408_3/fwd/cam1_2026-04-08_18-36-23.mp4,1032.0,2137.5,822,1777,1242,2498,0.8399181
284,/Volumes/SmithL0/2026/BIOL470/Final/Learning_Rig/bee_0408_3/fwd/cam1_2026-04-08_18-36-23.mp4,1031.0,2136.5,820,1776,1242,2497,0.84032947
285,/Volumes/SmithL0/2026/BIOL470/Final/Learning_Rig/bee_0408_3/fwd/cam1_2026-04-08_18-36-23.mp4,1032.0,2136.0,821,1776,1243,2496,0.8418842
286,/Volumes/SmithL0/2026/BIOL470/Final/Learning_Rig/bee_0408_3/fwd/cam1_2026-04-08_18-36-23.mp4,1032.0,2136.0,822,1777,1242,2495,0.84026235
287,/Volumes/SmithL0/2026/BIOL470/Final/Learning_Rig/bee_0408_3/fwd/cam1_2026-04-08_18-36-23.mp4,1033.0,2137.0,824,1777,1242,2497,0.8419095
288,/Volumes/SmithL0/2026/BIOL470/Final/Learning_Rig/bee_0408_3/fwd/cam1_2026-04-08_18-36-23.mp4,1029.5,2137.0,819,1776,1240,2498,0.8388747
289,/Volumes/SmithL0/2026/BIOL470/Final/Learning_Rig/bee_0408_3/fwd/cam1_2026-04-08_18-36-23.mp4,1030.5,2138.5,820,1777,1241,2500,0.83905244
290,/Volumes/SmithL0/2026/BIOL470/Final/Learning_Rig/bee_0408_3/fwd/cam1_2026-04-08_18-36-23.mp4,1033.5,2133.5,825,1779,1242,2488,0.8384469
291,/Volumes/SmithL0/2026/BIOL470/Final/Learning_Rig/bee_0408_3/fwd/cam1_2026-04-08_18-36-23.mp4,1033.5,2133.0,825,1779,1242,2487,0.8380546
292,/Volumes/SmithL0/2026/BIOL470/Final/Learning_Rig/bee_0408_3/fwd/cam1_2026-04-08_18-36-23.mp4,1034.0,2132.0,825,1780,1243,2484,0.8405791
293,/Volumes/SmithL0/2026/BIOL470/Final/Learning_Rig/bee_0408_3/fwd/cam1_2026-04-08_18-36-23.mp4,1032.0,2135.5,822,1777,1242,2494,0.83915484
294,/Volumes/SmithL0/2026/BIOL470/Final/Learning_Rig/bee_0408_3/fwd/cam1_2026-04-08_18-36-23.mp4,1031.5,2135.5,822,1777,1241,2494,0.83900326
295,/Volumes/SmithL0/2026/BIOL470/Final/Learning_Rig/bee_0408_3/fwd/cam1_2026-04-08_18-36-23.mp4,1031.5,2134.5,823,1777,1240,2492,0.83884436
296,/Volumes/SmithL0/2026/BIOL470/Final/Learning_Rig/bee_0408_3/fwd/cam1_2026-04-08_18-36-23.mp4,1032.5,2135.0,823,1777,1242,2493,0.8394042
297,/Volumes/SmithL0/2026/BIOL470/Final/Learning_Rig/bee_0408_3/fwd/cam1_2026-04-08_18-36-23.mp4,1030.5,2135.5,821,1777,1240,2494,0.83966064
298,/Volumes/SmithL0/2026/BIOL470/Final/Learning_Rig/bee_0408_3/fwd/cam1_2026-04-08_18-36-23.mp4,1031.5,2135.0,822,1776,1241,2494,0.84130776
299,/Volumes/SmithL0/2026/BIOL470/Final/Learning_Rig/bee_0408_3/fwd/cam1_2026-04-08_18-36-23.mp4,1032.5,2135.5,823,1777,1242,2494,0.8395587
300,/Volumes/SmithL0/2026/BIOL470/Final/Learning_Rig/bee_0408_3/fwd/cam1_2026-04-08_18-36-23.mp4,1031.5,2136.5,822,1776,1241,2497,0.8392032
301,/Volumes/SmithL0/2026/BIOL470/Final/Learning_Rig/bee_0408_3/fwd/cam1_2026-04-08_18-36-23.mp4,1032.5,2135.0,825,1776,1240,2494,0.838894
302,/Volumes/SmithL0/2026/BIOL470/Final/Learning_Rig/bee_0408_3/fwd/cam1_2026-04-08_18-36-23.mp4,1033.5,2136.0,826,1777,1241,2495,0.8393237
303,/Volumes/SmithL0/2026/BIOL470/Final/Learning_Rig/bee_0408_3/fwd/cam1_2026-04-08_18-36-23.mp4,1032.0,2135.5,825,1777,1239,2494,0.8389162
304,/Volumes/SmithL0/2026/BIOL470/Final/Learning_Rig/bee_0408_3/fwd/cam1_2026-04-08_18-36-23.mp4,1031.5,2135.5,824,1777,1239,2494,0.8390607
305,/Volumes/SmithL0/2026/BIOL470/Final/Learning_Rig/bee_0408_3/fwd/cam1_2026-04-08_18-36-23.mp4,1031.0,2136.5,823,1778,1239,2495,0.8407673
306,/Volumes/SmithL0/2026/BIOL470/Final/Learning_Rig/bee_0408_3/fwd/cam1_2026-04-08_18-36-23.mp4,1032.0,2136.0,823,1777,1241,2495,0.8399901
307,/Volumes/SmithL0/2026/BIOL470/Final/Learning_Rig/bee_0408_3/fwd/cam1_2026-04-08_18-36-23.mp4,1031.0,2135.5,821,1777,1241,2494,0.8360987
308,/Volumes/SmithL0/2026/BIOL470/Final/Learning_Rig/bee_0408_3/fwd/cam1_2026-04-08_18-36-23.mp4,1032.0,2135.0,825,1777,1239,2493,0.83769333
309,/Volumes/SmithL0/2026/BIOL470/Final/Learning_Rig/bee_0408_3/fwd/cam1_2026-04-08_18-36-23.mp4,1032.5,2136.0,823,1777,1242,2495,0.8404862
310,/Volumes/SmithL0/2026/BIOL470/Final/Learning_Rig/bee_0408_3/fwd/cam1_2026-04-08_18-36-23.mp4,1030.5,2135.0,820,1776,1241,2494,0.8384206
311,/Volumes/SmithL0/2026/BIOL470/Final/Learning_Rig/bee_0408_3/fwd/cam1_2026-04-08_18-36-23.mp4,1034.0,2133.0,826,1779,1242,2487,0.8389274
312,/Volumes/SmithL0/2026/BIOL470/Final/Learning_Rig/bee_0408_3/fwd/cam1_2026-04-08_18-36-23.mp4,1033.5,2131.5,824,1779,1243,2484,0.8386457
313,/Volumes/SmithL0/2026/BIOL470/Final/Learning_Rig/bee_0408_3/fwd/cam1_2026-04-08_18-36-23.mp4,1034.5,2131.0,826,1779,1243,2483,0.83986664
314,/Volumes/SmithL0/2026/BIOL470/Final/Learning_Rig/bee_0408_3/fwd/cam1_2026-04-08_18-36-23.mp4,1032.0,2135.0,823,1777,1241,2493,0.8393546
315,/Volumes/SmithL0/2026/BIOL470/Final/Learning_Rig/bee_0408_3/fwd/cam1_2026-04-08_18-36-23.mp4,1034.5,2131.5,825,1779,1244,2484,0.8398444
316,/Volumes/SmithL0/2026/BIOL470/Final/Learning_Rig/bee_0408_3/fwd/cam1_2026-04-08_18-36-23.mp4,1035.0,2132.0,826,1779,1244,2485,0.8406573
317,/Volumes/SmithL0/2026/BIOL470/Final/Learning_Rig/bee_0408_3/fwd/cam1_2026-04-08_18-36-23.mp4,1034.0,2130.0,825,1779,1243,2481,0.84231997
318,/Volumes/SmithL0/2026/BIOL470/Final/Learning_Rig/bee_0408_3/fwd/cam1_2026-04-08_18-36-23.mp4,1034.5,2132.0,826,1779,1243,2485,0.83952385
319,/Volumes/SmithL0/2026/BIOL470/Final/Learning_Rig/bee_0408_3/fwd/cam1_2026-04-08_18-36-23.mp4,1031.5,2136.0,822,1778,1241,2494,0.83816355
320,/Volumes/SmithL0/2026/BIOL470/Final/Learning_Rig/bee_0408_3/fwd/cam1_2026-04-08_18-36-23.mp4,1031.0,2135.0,823,1777,1239,2493,0.83894384
321,/Volumes/SmithL0/2026/BIOL470/Final/Learning_Rig/bee_0408_3/fwd/cam1_2026-04-08_18-36-23.mp4,1030.0,2134.5,822,1777,1238,2492,0.8356188
322,/Volumes/SmithL0/2026/BIOL470/Final/Learning_Rig/bee_0408_3/fwd/cam1_2026-04-08_18-36-23.mp4,1032.5,2129.5,826,1779,1239,2480,0.83478075
323,/Volumes/SmithL0/2026/BIOL470/Final/Learning_Rig/bee_0408_3/fwd/cam1_2026-04-08_18-36-23.mp4,1033.0,2129.0,826,1780,1240,2478,0.83751255
324,/Volumes/SmithL0/2026/BIOL470/Final/Learning_Rig/bee_0408_3/fwd/cam1_2026-04-08_18-36-23.mp4,1033.0,2128.5,826,1779,1240,2478,0.839383
325,/Volumes/SmithL0/2026/BIOL470/Final/Learning_Rig/bee_0408_3/fwd/cam1_2026-04-08_18-36-23.mp4,1032.0,2134.5,823,1777,1241,2492,0.83920217
326,/Volumes/SmithL0/2026/BIOL470/Final/Learning_Rig/bee_0408_3/fwd/cam1_2026-04-08_18-36-23.mp4,1031.0,2135.5,821,1778,1241,2493,0.83786106
327,/Volumes/SmithL0/2026/BIOL470/Final/Learning_Rig/bee_0408_3/fwd/cam1_2026-04-08_18-36-23.mp4,1030.5,2137.5,821,1778,1240,2497,0.83985925
328,/Volumes/SmithL0/2026/BIOL470/Final/Learning_Rig/bee_0408_3/fwd/cam1_2026-04-08_18-36-23.mp4,1029.5,2136.0,819,1777,1240,2495,0.84041953
329,/Volumes/SmithL0/2026/BIOL470/Final/Learning_Rig/bee_0408_3/fwd/cam1_2026-04-08_18-36-23.mp4,1031.0,2137.0,820,1777,1242,2497,0.84156835
330,/Volumes/SmithL0/2026/BIOL470/Final/Learning_Rig/bee_0408_3/fwd/cam1_2026-04-08_18-36-23.mp4,1029.0,2137.5,816,1777,1242,2498,0.8399708
331,/Volumes/SmithL0/2026/BIOL470/Final/Learning_Rig/bee_0408_3/fwd/cam1_2026-04-08_18-36-23.mp4,1029.0,2136.0,818,1777,1240,2495,0.83878064
332,/Volumes/SmithL0/2026/BIOL470/Final/Learning_Rig/bee_0408_3/fwd/cam1_2026-04-08_18-36-23.mp4,1029.0,2135.0,819,1777,1239,2493,0.8382302
333,/Volumes/SmithL0/2026/BIOL470/Final/Learning_Rig/bee_0408_3/fwd/cam1_2026-04-08_18-36-23.mp4,1033.0,2132.0,824,1780,1242,2484,0.8379954
334,/Volumes/SmithL0/2026/BIOL470/Final/Learning_Rig/bee_0408_3/fwd/cam1_2026-04-08_18-36-23.mp4,1030.0,2135.5,820,1778,1240,2493,0.83921814
335,/Volumes/SmithL0/2026/BIOL470/Final/Learning_Rig/bee_0408_3/fwd/cam1_2026-04-08_18-36-23.mp4,1030.0,2135.0,820,1777,1240,2493,0.8387255
336,/Volumes/SmithL0/2026/BIOL470/Final/Learning_Rig/bee_0408_3/fwd/cam1_2026-04-08_18-36-23.mp4,1029.5,2135.0,819,1777,1240,2493,0.8398835
337,/Volumes/SmithL0/2026/BIOL470/Final/Learning_Rig/bee_0408_3/fwd/cam1_2026-04-08_18-36-23.mp4,1029.5,2135.5,818,1777,1241,2494,0.8399972
338,/Volumes/SmithL0/2026/BIOL470/Final/Learning_Rig/bee_0408_3/fwd/cam1_2026-04-08_18-36-23.mp4,1031.0,2135.5,821,1777,1241,2494,0.8390689
339,/Volumes/SmithL0/2026/BIOL470/Final/Learning_Rig/bee_0408_3/fwd/cam1_2026-04-08_18-36-23.mp4,1030.5,2135.5,820,1777,1241,2494,0.83897626
340,/Volumes/SmithL0/2026/BIOL470/Final/Learning_Rig/bee_0408_3/fwd/cam1_2026-04-08_18-36-23.mp4,1032.0,2135.0,823,1777,1241,2493,0.8405381
341,/Volumes/SmithL0/2026/BIOL470/Final/Learning_Rig/bee_0408_3/fwd/cam1_2026-04-08_18-36-23.mp4,1033.0,2136.5,824,1778,1242,2495,0.83876973
342,/Volumes/SmithL0/2026/BIOL470/Final/Learning_Rig/bee_0408_3/fwd/cam1_2026-04-08_18-36-23.mp4,1033.5,2134.0,824,1780,1243,2488,0.8387369
343,/Volumes/SmithL0/2026/BIOL470/Final/Learning_Rig/bee_0408_3/fwd/cam1_2026-04-08_18-36-23.mp4,1032.5,2137.0,824,1778,1241,2496,0.84006107
344,/Volumes/SmithL0/2026/BIOL470/Final/Learning_Rig/bee_0408_3/fwd/cam1_2026-04-08_18-36-23.mp4,1033.5,2137.0,826,1778,1241,2496,0.8403056
345,/Volumes/SmithL0/2026/BIOL470/Final/Learning_Rig/bee_0408_3/fwd/cam1_2026-04-08_18-36-23.mp4,1033.0,2136.5,825,1778,1241,2495,0.8417921
346,/Volumes/SmithL0/2026/BIOL470/Final/Learning_Rig/bee_0408_3/fwd/cam1_2026-04-08_18-36-23.mp4,1031.0,2135.5,822,1777,1240,2494,0.8392627
347,/Volumes/SmithL0/2026/BIOL470/Final/Learning_Rig/bee_0408_3/fwd/cam1_2026-04-08_18-36-23.mp4,1029.0,2135.0,819,1777,1239,2493,0.8388576
348,/Volumes/SmithL0/2026/BIOL470/Final/Learning_Rig/bee_0408_3/fwd/cam1_2026-04-08_18-36-23.mp4,1028.0,2136.0,817,1777,1239,2495,0.83730185
349,/Volumes/SmithL0/2026/BIOL470/Final/Learning_Rig/bee_0408_3/fwd/cam1_2026-04-08_18-36-23.mp4,1029.5,2136.0,819,1778,1240,2494,0.8362464
350,/Volumes/SmithL0/2026/BIOL470/Final/Learning_Rig/bee_0408_3/fwd/cam1_2026-04-08_18-36-23.mp4,1031.0,2135.0,821,1777,1241,2493,0.8388466
351,/Volumes/SmithL0/2026/BIOL470/Final/Learning_Rig/bee_0408_3/fwd/cam1_2026-04-08_18-36-23.mp4,1030.5,2135.5,820,1776,1241,2495,0.8400759
352,/Volumes/SmithL0/2026/BIOL470/Final/Learning_Rig/bee_0408_3/fwd/cam1_2026-04-08_18-36-23.mp4,1030.0,2136.0,820,1777,1240,2495,0.8391715
353,/Volumes/SmithL0/2026/BIOL470/Final/Learning_Rig/bee_0408_3/fwd/cam1_2026-04-08_18-36-23.mp4,1029.5,2136.0,819,1777,1240,2495,0.83980054
354,/Volumes/SmithL0/2026/BIOL470/Final/Learning_Rig/bee_0408_3/fwd/cam1_2026-04-08_18-36-23.mp4,1030.5,2136.5,822,1778,1239,2495,0.83761334
355,/Volumes/SmithL0/2026/BIOL470/Final/Learning_Rig/bee_0408_3/fwd/cam1_2026-04-08_18-36-23.mp4,1028.5,2135.5,819,1777,1238,2494,0.8354648
356,/Volumes/SmithL0/2026/BIOL470/Final/Learning_Rig/bee_0408_3/fwd/cam1_2026-04-08_18-36-23.mp4,1029.0,2135.5,820,1777,1238,2494,0.83786875
357,/Volumes/SmithL0/2026/BIOL470/Final/Learning_Rig/bee_0408_3/fwd/cam1_2026-04-08_18-36-23.mp4,1030.5,2135.5,821,1777,1240,2494,0.8395318
358,/Volumes/SmithL0/2026/BIOL470/Final/Learning_Rig/bee_0408_3/fwd/cam1_2026-04-08_18-36-23.mp4,1033.5,2132.0,825,1780,1242,2484,0.83812374
359,/Volumes/SmithL0/2026/BIOL470/Final/Learning_Rig/bee_0408_3/fwd/cam1_2026-04-08_18-36-23.mp4,1030.5,2136.5,820,1778,1241,2495,0.8380757
360,/Volumes/SmithL0/2026/BIOL470/Final/Learning_Rig/bee_0408_3/fwd/cam1_2026-04-08_18-36-23.mp4,1032.5,2133.5,823,1780,1242,2487,0.8394194
361,/Volumes/SmithL0/2026/BIOL470/Final/Learning_Rig/bee_0408_3/fwd/cam1_2026-04-08_18-36-23.mp4,1029.5,2136.0,819,1777,1240,2495,0.8411284
362,/Volumes/SmithL0/2026/BIOL470/Final/Learning_Rig/bee_0408_3/fwd/cam1_2026-04-08_18-36-23.mp4,1032.0,2136.5,823,1778,1241,2495,0.84133357
363,/Volumes/SmithL0/2026/BIOL470/Final/Learning_Rig/bee_0408_3/fwd/cam1_2026-04-08_18-36-23.mp4,1030.0,2135.5,820,1776,1240,2495,0.84096014
364,/Volumes/SmithL0/2026/BIOL470/Final/Learning_Rig/bee_0408_3/fwd/cam1_2026-04-08_18-36-23.mp4,1031.0,2136.5,822,1777,1240,2496,0.84212834
365,/Volumes/SmithL0/2026/BIOL470/Final/Learning_Rig/bee_0408_3/fwd/cam1_2026-04-08_18-36-23.mp4,1031.0,2136.5,822,1777,1240,2496,0.84149873
366,/Volumes/SmithL0/2026/BIOL470/Final/Learning_Rig/bee_0408_3/fwd/cam1_2026-04-08_18-36-23.mp4,1031.0,2137.0,821,1777,1241,2497,0.84242487
367,/Volumes/SmithL0/2026/BIOL470/Final/Learning_Rig/bee_0408_3/fwd/cam1_2026-04-08_18-36-23.mp4,1031.0,2136.0,821,1777,1241,2495,0.83932084
368,/Volumes/SmithL0/2026/BIOL470/Final/Learning_Rig/bee_0408_3/fwd/cam1_2026-04-08_18-36-23.mp4,1032.5,2135.0,823,1777,1242,2493,0.8418004
369,/Volumes/SmithL0/2026/BIOL470/Final/Learning_Rig/bee_0408_3/fwd/cam1_2026-04-08_18-36-23.mp4,1032.0,2135.0,823,1777,1241,2493,0.8387465
370,/Volumes/SmithL0/2026/BIOL470/Final/Learning_Rig/bee_0408_3/fwd/cam1_2026-04-08_18-36-23.mp4,1031.5,2135.5,822,1778,1241,2493,0.8381065
371,/Volumes/SmithL0/2026/BIOL470/Final/Learning_Rig/bee_0408_3/fwd/cam1_2026-04-08_18-36-23.mp4,1032.0,2136.0,822,1778,1242,2494,0.840752
372,/Volumes/SmithL0/2026/BIOL470/Final/Learning_Rig/bee_0408_3/fwd/cam1_2026-04-08_18-36-23.mp4,1030.5,2136.0,821,1778,1240,2494,0.83964074
373,/Volumes/SmithL0/2026/BIOL470/Final/Learning_Rig/bee_0408_3/fwd/cam1_2026-04-08_18-36-23.mp4,1030.5,2135.5,820,1777,1241,2494,0.8389172
374,/Volumes/SmithL0/2026/BIOL470/Final/Learning_Rig/bee_0408_3/fwd/cam1_2026-04-08_18-36-23.mp4,1030.5,2135.5,820,1777,1241,2494,0.840617
375,/Volumes/SmithL0/2026/BIOL470/Final/Learning_Rig/bee_0408_3/fwd/cam1_2026-04-08_18-36-23.mp4,1030.0,2134.5,819,1776,1241,2493,0.8391739
376,/Volumes/SmithL0/2026/BIOL470/Final/Learning_Rig/bee_0408_3/fwd/cam1_2026-04-08_18-36-23.mp4,1029.0,2136.0,818,1778,1240,2494,0.8373115
377,/Volumes/SmithL0/2026/BIOL470/Final/Learning_Rig/bee_0408_3/fwd/cam1_2026-04-08_18-36-23.mp4,1030.5,2136.0,821,1778,1240,2494,0.83721966
378,/Volumes/SmithL0/2026/BIOL470/Final/Learning_Rig/bee_0408_3/fwd/cam1_2026-04-08_18-36-23.mp4,1030.0,2135.5,820,1777,1240,2494,0.8368893
379,/Volumes/SmithL0/2026/BIOL470/Final/Learning_Rig/bee_0408_3/fwd/cam1_2026-04-08_18-36-23.mp4,1031.0,2136.5,823,1777,1239,2496,0.8371784
380,/Volumes/SmithL0/2026/BIOL470/Final/Learning_Rig/bee_0408_3/fwd/cam1_2026-04-08_18-36-23.mp4,1030.5,2136.0,821,1778,1240,2494,0.836321
381,/Volumes/SmithL0/2026/BIOL470/Final/Learning_Rig/bee_0408_3/fwd/cam1_2026-04-08_18-36-23.mp4,1032.0,2135.5,823,1777,1241,2494,0.83874404
382,/Volumes/SmithL0/2026/BIOL470/Final/Learning_Rig/bee_0408_3/fwd/cam1_2026-04-08_18-36-23.mp4,1030.0,2136.0,819,1777,1241,2495,0.8374676
383,/Volumes/SmithL0/2026/BIOL470/Final/Learning_Rig/bee_0408_3/fwd/cam1_2026-04-08_18-36-23.mp4,1032.0,2137.0,823,1777,1241,2497,0.8391315
384,/Volumes/SmithL0/2026/BIOL470/Final/Learning_Rig/bee_0408_3/fwd/cam1_2026-04-08_18-36-23.mp4,1031.0,2135.0,822,1776,1240,2494,0.83749306
385,/Volumes/SmithL0/2026/BIOL470/Final/Learning_Rig/bee_0408_3/fwd/cam1_2026-04-08_18-36-23.mp4,1031.5,2135.5,823,1776,1240,2495,0.8401743
386,/Volumes/SmithL0/2026/BIOL470/Final/Learning_Rig/bee_0408_3/fwd/cam1_2026-04-08_18-36-23.mp4,1031.0,2135.0,822,1776,1240,2494,0.84021366
387,/Volumes/SmithL0/2026/BIOL470/Final/Learning_Rig/bee_0408_3/fwd/cam1_2026-04-08_18-36-23.mp4,1031.5,2135.5,822,1776,1241,2495,0.8417818
388,/Volumes/SmithL0/2026/BIOL470/Final/Learning_Rig/bee_0408_3/fwd/cam1_2026-04-08_18-36-23.mp4,1030.0,2135.5,821,1776,1239,2495,0.8408889
389,/Volumes/SmithL0/2026/BIOL470/Final/Learning_Rig/bee_0408_3/fwd/cam1_2026-04-08_18-36-23.mp4,1031.0,2135.5,823,1776,1239,2495,0.8412734
390,/Volumes/SmithL0/2026/BIOL470/Final/Learning_Rig/bee_0408_3/fwd/cam1_2026-04-08_18-36-23.mp4,1030.5,2136.0,820,1778,1241,2494,0.84003687
391,/Volumes/SmithL0/2026/BIOL470/Final/Learning_Rig/bee_0408_3/fwd/cam1_2026-04-08_18-36-23.mp4,1031.0,2136.0,822,1777,1240,2495,0.84125096
392,/Volumes/SmithL0/2026/BIOL470/Final/Learning_Rig/bee_0408_3/fwd/cam1_2026-04-08_18-36-23.mp4,1033.0,2135.5,824,1777,1242,2494,0.84082276
393,/Volumes/SmithL0/2026/BIOL470/Final/Learning_Rig/bee_0408_3/fwd/cam1_2026-04-08_18-36-23.mp4,1033.0,2135.5,825,1777,1241,2494,0.8417071
394,/Volumes/SmithL0/2026/BIOL470/Final/Learning_Rig/bee_0408_3/fwd/cam1_2026-04-08_18-36-23.mp4,1033.0,2137.5,825,1778,1241,2497,0.8428444
395,/Volumes/SmithL0/2026/BIOL470/Final/Learning_Rig/bee_0408_3/fwd/cam1_2026-04-08_18-36-23.mp4,1031.5,2136.5,823,1778,1240,2495,0.8388804
396,/Volumes/SmithL0/2026/BIOL470/Final/Learning_Rig/bee_0408_3/fwd/cam1_2026-04-08_18-36-23.mp4,1030.5,2137.0,822,1778,1239,2496,0.8388473
397,/Volumes/SmithL0/2026/BIOL470/Final/Learning_Rig/bee_0408_3/fwd/cam1_2026-04-08_18-36-23.mp4,1029.5,2137.0,820,1777,1239,2497,0.8386241
398,/Volumes/SmithL0/2026/BIOL470/Final/Learning_Rig/bee_0408_3/fwd/cam1_2026-04-08_18-36-23.mp4,1031.5,2136.5,823,1778,1240,2495,0.840715
399,/Volumes/SmithL0/2026/BIOL470/Final/Learning_Rig/bee_0408_3/fwd/cam1_2026-04-08_18-36-23.mp4,1030.0,2134.5,822,1776,1238,2493,0.8386618
400,/Volumes/SmithL0/2026/BIOL470/Final/Learning_Rig/bee_0408_3/fwd/cam1_2026-04-08_18-36-23.mp4,1030.5,2135.0,821,1776,1240,2494,0.84072757
401,/Volumes/SmithL0/2026/BIOL470/Final/Learning_Rig/bee_0408_3/fwd/cam1_2026-04-08_18-36-23.mp4,1030.0,2136.0,820,1776,1240,2496,0.8406781
402,/Volumes/SmithL0/2026/BIOL470/Final/Learning_Rig/bee_0408_3/fwd/cam1_2026-04-08_18-36-23.mp4,1028.5,2135.5,818,1776,1239,2495,0.8380128
403,/Volumes/SmithL0/2026/BIOL470/Final/Learning_Rig/bee_0408_3/fwd/cam1_2026-04-08_18-36-23.mp4,1034.5,2134.0,825,1779,1244,2489,0.8401563
404,/Volumes/SmithL0/2026/BIOL470/Final/Learning_Rig/bee_0408_3/fwd/cam1_2026-04-08_18-36-23.mp4,1029.0,2136.0,817,1776,1241,2496,0.8419116
405,/Volumes/SmithL0/2026/BIOL470/Final/Learning_Rig/bee_0408_3/fwd/cam1_2026-04-08_18-36-23.mp4,1031.5,2136.0,822,1776,1241,2496,0.84330535
406,/Volumes/SmithL0/2026/BIOL470/Final/Learning_Rig/bee_0408_3/fwd/cam1_2026-04-08_18-36-23.mp4,1031.0,2135.5,822,1777,1240,2494,0.8413172
407,/Volumes/SmithL0/2026/BIOL470/Final/Learning_Rig/bee_0408_3/fwd/cam1_2026-04-08_18-36-23.mp4,1032.0,2135.0,823,1777,1241,2493,0.8403905
408,/Volumes/SmithL0/2026/BIOL470/Final/Learning_Rig/bee_0408_3/fwd/cam1_2026-04-08_18-36-23.mp4,1031.5,2135.0,823,1777,1240,2493,0.83897144
409,/Volumes/SmithL0/2026/BIOL470/Final/Learning_Rig/bee_0408_3/fwd/cam1_2026-04-08_18-36-23.mp4,1032.5,2135.5,824,1777,1241,2494,0.83845514
410,/Volumes/SmithL0/2026/BIOL470/Final/Learning_Rig/bee_0408_3/fwd/cam1_2026-04-08_18-36-23.mp4,1032.0,2135.5,823,1777,1241,2494,0.83948404
411,/Volumes/SmithL0/2026/BIOL470/Final/Learning_Rig/bee_0408_3/fwd/cam1_2026-04-08_18-36-23.mp4,1034.0,2133.5,825,1779,1243,2488,0.83902717
412,/Volumes/SmithL0/2026/BIOL470/Final/Learning_Rig/bee_0408_3/fwd/cam1_2026-04-08_18-36-23.mp4,1029.0,2135.5,819,1776,1239,2495,0.8390603
413,/Volumes/SmithL0/2026/BIOL470/Final/Learning_Rig/bee_0408_3/fwd/cam1_2026-04-08_18-36-23.mp4,1029.0,2136.0,820,1777,1238,2495,0.83901155
414,/Volumes/SmithL0/2026/BIOL470/Final/Learning_Rig/bee_0408_3/fwd/cam1_2026-04-08_18-36-23.mp4,1029.0,2136.5,820,1777,1238,2496,0.8408015
415,/Volumes/SmithL0/2026/BIOL470/Final/Learning_Rig/bee_0408_3/fwd/cam1_2026-04-08_18-36-23.mp4,1029.5,2135.5,821,1776,1238,2495,0.8400064
416,/Volumes/SmithL0/2026/BIOL470/Final/Learning_Rig/bee_0408_3/fwd/cam1_2026-04-08_18-36-23.mp4,1028.5,2136.0,820,1776,1237,2496,0.8392222
417,/Volumes/SmithL0/2026/BIOL470/Final/Learning_Rig/bee_0408_3/fwd/cam1_2026-04-08_18-36-23.mp4,1029.0,2135.0,821,1776,1237,2494,0.838956
418,/Volumes/SmithL0/2026/BIOL470/Final/Learning_Rig/bee_0408_3/fwd/cam1_2026-04-08_18-36-23.mp4,1030.0,2135.0,821,1777,1239,2493,0.8403897
419,/Volumes/SmithL0/2026/BIOL470/Final/Learning_Rig/bee_0408_3/fwd/cam1_2026-04-08_18-36-23.mp4,1028.5,2134.0,818,1776,1239,2492,0.8386527
420,/Volumes/SmithL0/2026/BIOL470/Final/Learning_Rig/bee_0408_3/fwd/cam1_2026-04-08_18-36-23.mp4,1032.0,2130.5,824,1779,1240,2482,0.8387318
421,/Volumes/SmithL0/2026/BIOL470/Final/Learning_Rig/bee_0408_3/fwd/cam1_2026-04-08_18-36-23.mp4,1033.5,2129.5,826,1779,1241,2480,0.8405189
422,/Volumes/SmithL0/2026/BIOL470/Final/Learning_Rig/bee_0408_3/fwd/cam1_2026-04-08_18-36-23.mp4,1031.5,2135.0,824,1777,1239,2493,0.83761454
423,/Volumes/SmithL0/2026/BIOL470/Final/Learning_Rig/bee_0408_3/fwd/cam1_2026-04-08_18-36-23.mp4,1032.0,2136.0,824,1777,1240,2495,0.83991945
424,/Volumes/SmithL0/2026/BIOL470/Final/Learning_Rig/bee_0408_3/fwd/cam1_2026-04-08_18-36-23.mp4,1033.5,2135.5,825,1777,1242,2494,0.8405588
425,/Volumes/SmithL0/2026/BIOL470/Final/Learning_Rig/bee_0408_3/fwd/cam1_2026-04-08_18-36-23.mp4,1031.0,2135.0,822,1776,1240,2494,0.83926517
426,/Volumes/SmithL0/2026/BIOL470/Final/Learning_Rig/bee_0408_3/fwd/cam1_2026-04-08_18-36-23.mp4,1029.5,2135.5,820,1777,1239,2494,0.8366312
427,/Volumes/SmithL0/2026/BIOL470/Final/Learning_Rig/bee_0408_3/fwd/cam1_2026-04-08_18-36-23.mp4,1030.0,2135.0,822,1776,1238,2494,0.83877057
428,/Volumes/SmithL0/2026/BIOL470/Final/Learning_Rig/bee_0408_3/fwd/cam1_2026-04-08_18-36-23.mp4,1030.0,2135.5,821,1776,1239,2495,0.84107053
429,/Volumes/SmithL0/2026/BIOL470/Final/Learning_Rig/bee_0408_3/fwd/cam1_2026-04-08_18-36-23.mp4,1032.0,2135.0,824,1776,1240,2494,0.8418501
430,/Volumes/SmithL0/2026/BIOL470/Final/Learning_Rig/bee_0408_3/fwd/cam1_2026-04-08_18-36-23.mp4,1032.5,2135.0,825,1777,1240,2493,0.84220797
431,/Volumes/SmithL0/2026/BIOL470/Final/Learning_Rig/bee_0408_3/fwd/cam1_2026-04-08_18-36-23.mp4,1031.0,2136.0,822,1776,1240,2496,0.8400042
432,/Volumes/SmithL0/2026/BIOL470/Final/Learning_Rig/bee_0408_3/fwd/cam1_2026-04-08_18-36-23.mp4,1032.0,2135.5,823,1778,1241,2493,0.84068274
433,/Volumes/SmithL0/2026/BIOL470/Final/Learning_Rig/bee_0408_3/fwd/cam1_2026-04-08_18-36-23.mp4,1032.0,2135.5,824,1777,1240,2494,0.83928394
434,/Volumes/SmithL0/2026/BIOL470/Final/Learning_Rig/bee_0408_3/fwd/cam1_2026-04-08_18-36-23.mp4,1034.0,2134.0,826,1779,1242,2489,0.840286
435,/Volumes/SmithL0/2026/BIOL470/Final/Learning_Rig/bee_0408_3/fwd/cam1_2026-04-08_18-36-23.mp4,1033.5,2134.5,826,1779,1241,2490,0.83941716
436,/Volumes/SmithL0/2026/BIOL470/Final/Learning_Rig/bee_0408_3/fwd/cam1_2026-04-08_18-36-23.mp4,1032.0,2136.5,823,1777,1241,2496,0.8409499
437,/Volumes/SmithL0/2026/BIOL470/Final/Learning_Rig/bee_0408_3/fwd/cam1_2026-04-08_18-36-23.mp4,1030.5,2137.5,821,1777,1240,2498,0.84054965
438,/Volumes/SmithL0/2026/BIOL470/Final/Learning_Rig/bee_0408_3/fwd/cam1_2026-04-08_18-36-23.mp4,1033.5,2133.5,826,1779,1241,2488,0.840618
439,/Volumes/SmithL0/2026/BIOL470/Final/Learning_Rig/bee_0408_3/fwd/cam1_2026-04-08_18-36-23.mp4,1031.0,2135.5,822,1777,1240,2494,0.839008
440,/Volumes/SmithL0/2026/BIOL470/Final/Learning_Rig/bee_0408_3/fwd/cam1_2026-04-08_18-36-23.mp4,1030.5,2135.5,822,1777,1239,2494,0.83886355
441,/Volumes/SmithL0/2026/BIOL470/Final/Learning_Rig/bee_0408_3/fwd/cam1_2026-04-08_18-36-23.mp4,1031.0,2137.0,821,1777,1241,2497,0.84091985
442,/Volumes/SmithL0/2026/BIOL470/Final/Learning_Rig/bee_0408_3/fwd/cam1_2026-04-08_18-36-23.mp4,1035.0,2135.5,826,1779,1244,2492,0.83998305
443,/Volumes/SmithL0/2026/BIOL470/Final/Learning_Rig/bee_0408_3/fwd/cam1_2026-04-08_18-36-23.mp4,1034.0,2134.5,825,1779,1243,2490,0.8398045
444,/Volumes/SmithL0/2026/BIOL470/Final/Learning_Rig/bee_0408_3/fwd/cam1_2026-04-08_18-36-23.mp4,1030.5,2136.5,820,1776,1241,2497,0.841172
445,/Volumes/SmithL0/2026/BIOL470/Final/Learning_Rig/bee_0408_3/fwd/cam1_2026-04-08_18-36-23.mp4,1031.0,2136.5,821,1777,1241,2496,0.84234726
446,/Volumes/SmithL0/2026/BIOL470/Final/Learning_Rig/bee_0408_3/fwd/cam1_2026-04-08_18-36-23.mp4,1035.0,2134.0,826,1779,1244,2489,0.84249747
447,/Volumes/SmithL0/2026/BIOL470/Final/Learning_Rig/bee_0408_3/fwd/cam1_2026-04-08_18-36-23.mp4,1034.0,2133.0,825,1779,1243,2487,0.84095913
448,/Volumes/SmithL0/2026/BIOL470/Final/Learning_Rig/bee_0408_3/fwd/cam1_2026-04-08_18-36-23.mp4,1034.0,2130.5,826,1779,1242,2482,0.8426048
449,/Volumes/SmithL0/2026/BIOL470/Final/Learning_Rig/bee_0408_3/fwd/cam1_2026-04-08_18-36-23.mp4,1031.5,2135.0,822,1776,1241,2494,0.84107625
450,/Volumes/SmithL0/2026/BIOL470/Final/Learning_Rig/bee_0408_3/fwd/cam1_2026-04-08_18-36-23.mp4,1032.5,2136.0,824,1777,1241,2495,0.84122944
451,/Volumes/SmithL0/2026/BIOL470/Final/Learning_Rig/bee_0408_3/fwd/cam1_2026-04-08_18-36-23.mp4,1031.5,2137.5,823,1778,1240,2497,0.8408823
452,/Volumes/SmithL0/2026/BIOL470/Final/Learning_Rig/bee_0408_3/fwd/cam1_2026-04-08_18-36-23.mp4,1030.5,2136.5,821,1777,1240,2496,0.8393665
453,/Volumes/SmithL0/2026/BIOL470/Final/Learning_Rig/bee_0408_3/fwd/cam1_2026-04-08_18-36-23.mp4,1030.5,2135.0,821,1777,1240,2493,0.8396745
454,/Volumes/SmithL0/2026/BIOL470/Final/Learning_Rig/bee_0408_3/fwd/cam1_2026-04-08_18-36-23.mp4,1030.0,2136.0,819,1777,1241,2495,0.84020126
455,/Volumes/SmithL0/2026/BIOL470/Final/Learning_Rig/bee_0408_3/fwd/cam1_2026-04-08_18-36-23.mp4,1032.5,2136.0,824,1778,1241,2494,0.84142226
456,/Volumes/SmithL0/2026/BIOL470/Final/Learning_Rig/bee_0408_3/fwd/cam1_2026-04-08_18-36-23.mp4,1031.5,2136.0,822,1777,1241,2495,0.84173834
457,/Volumes/SmithL0/2026/BIOL470/Final/Learning_Rig/bee_0408_3/fwd/cam1_2026-04-08_18-36-23.mp4,1032.0,2136.0,824,1777,1240,2495,0.84036666
458,/Volumes/SmithL0/2026/BIOL470/Final/Learning_Rig/bee_0408_3/fwd/cam1_2026-04-08_18-36-23.mp4,1031.0,2136.5,823,1777,1239,2496,0.8416303
459,/Volumes/SmithL0/2026/BIOL470/Final/Learning_Rig/bee_0408_3/fwd/cam1_2026-04-08_18-36-23.mp4,1029.5,2138.0,820,1778,1239,2498,0.83952737
460,/Volumes/SmithL0/2026/BIOL470/Final/Learning_Rig/bee_0408_3/fwd/cam1_2026-04-08_18-36-23.mp4,1033.0,2136.5,824,1780,1242,2493,0.8390167
461,/Volumes/SmithL0/2026/BIOL470/Final/Learning_Rig/bee_0408_3/fwd/cam1_2026-04-08_18-36-23.mp4,1032.5,2137.5,823,1778,1242,2497,0.8407118
462,/Volumes/SmithL0/2026/BIOL470/Final/Learning_Rig/bee_0408_3/fwd/cam1_2026-04-08_18-36-23.mp4,1031.5,2136.5,821,1777,1242,2496,0.84117746
463,/Volumes/SmithL0/2026/BIOL470/Final/Learning_Rig/bee_0408_3/fwd/cam1_2026-04-08_18-36-23.mp4,1030.5,2136.5,820,1777,1241,2496,0.8411724
464,/Volumes/SmithL0/2026/BIOL470/Final/Learning_Rig/bee_0408_3/fwd/cam1_2026-04-08_18-36-23.mp4,1029.5,2135.5,819,1776,1240,2495,0.83973604
465,/Volumes/SmithL0/2026/BIOL470/Final/Learning_Rig/bee_0408_3/fwd/cam1_2026-04-08_18-36-23.mp4,1030.5,2135.0,821,1776,1240,2494,0.8397913
466,/Volumes/SmithL0/2026/BIOL470/Final/Learning_Rig/bee_0408_3/fwd/cam1_2026-04-08_18-36-23.mp4,1027.5,2135.0,817,1776,1238,2494,0.8379774
467,/Volumes/SmithL0/2026/BIOL470/Final/Learning_Rig/bee_0408_3/fwd/cam1_2026-04-08_18-36-23.mp4,1029.0,2135.0,819,1776,1239,2494,0.8369994
468,/Volumes/SmithL0/2026/BIOL470/Final/Learning_Rig/bee_0408_3/fwd/cam1_2026-04-08_18-36-23.mp4,1034.0,2134.0,826,1778,1242,2490,0.84024423
469,/Volumes/SmithL0/2026/BIOL470/Final/Learning_Rig/bee_0408_3/fwd/cam1_2026-04-08_18-36-23.mp4,1031.5,2135.0,822,1776,1241,2494,0.8396883
470,/Volumes/SmithL0/2026/BIOL470/Final/Learning_Rig/bee_0408_3/fwd/cam1_2026-04-08_18-36-23.mp4,1031.5,2137.0,822,1777,1241,2497,0.8374156
471,/Volumes/SmithL0/2026/BIOL470/Final/Learning_Rig/bee_0408_3/fwd/cam1_2026-04-08_18-36-23.mp4,1033.0,2132.0,826,1779,1240,2485,0.83764446
472,/Volumes/SmithL0/2026/BIOL470/Final/Learning_Rig/bee_0408_3/fwd/cam1_2026-04-08_18-36-23.mp4,1035.0,2136.0,827,1779,1243,2493,0.83999246
473,/Volumes/SmithL0/2026/BIOL470/Final/Learning_Rig/bee_0408_3/fwd/cam1_2026-04-08_18-36-23.mp4,1034.0,2134.0,826,1778,1242,2490,0.838973
474,/Volumes/SmithL0/2026/BIOL470/Final/Learning_Rig/bee_0408_3/fwd/cam1_2026-04-08_18-36-23.mp4,1030.5,2135.0,821,1776,1240,2494,0.83829594
475,/Volumes/SmithL0/2026/BIOL470/Final/Learning_Rig/bee_0408_3/fwd/cam1_2026-04-08_18-36-23.mp4,1030.0,2135.5,820,1776,1240,2495,0.8372148
476,/Volumes/SmithL0/2026/BIOL470/Final/Learning_Rig/bee_0408_3/fwd/cam1_2026-04-08_18-36-23.mp4,1033.5,2135.0,826,1778,1241,2492,0.8362795
477,/Volumes/SmithL0/2026/BIOL470/Final/Learning_Rig/bee_0408_3/fwd/cam1_2026-04-08_18-36-23.mp4,1029.5,2134.5,820,1776,1239,2493,0.8367208
478,/Volumes/SmithL0/2026/BIOL470/Final/Learning_Rig/bee_0408_3/fwd/cam1_2026-04-08_18-36-23.mp4,1029.0,2135.5,818,1776,1240,2495,0.8388497
479,/Volumes/SmithL0/2026/BIOL470/Final/Learning_Rig/bee_0408_3/fwd/cam1_2026-04-08_18-36-23.mp4,1029.0,2136.0,818,1776,1240,2496,0.83880025
480,/Volumes/SmithL0/2026/BIOL470/Final/Learning_Rig/bee_0408_3/fwd/cam1_2026-04-08_18-36-23.mp4,1030.5,2136.5,820,1777,1241,2496,0.840283
481,/Volumes/SmithL0/2026/BIOL470/Final/Learning_Rig/bee_0408_3/fwd/cam1_2026-04-08_18-36-23.mp4,1030.0,2136.5,820,1777,1240,2496,0.84047955
482,/Volumes/SmithL0/2026/BIOL470/Final/Learning_Rig/bee_0408_3/fwd/cam1_2026-04-08_18-36-23.mp4,1035.0,2135.5,826,1779,1244,2492,0.8416133
483,/Volumes/SmithL0/2026/BIOL470/Final/Learning_Rig/bee_0408_3/fwd/cam1_2026-04-08_18-36-23.mp4,1032.0,2135.5,822,1777,1242,2494,0.84131354
484,/Volumes/SmithL0/2026/BIOL470/Final/Learning_Rig/bee_0408_3/fwd/cam1_2026-04-08_18-36-23.mp4,1034.0,2131.0,825,1778,1243,2484,0.8433721
485,/Volumes/SmithL0/2026/BIOL470/Final/Learning_Rig/bee_0408_3/fwd/cam1_2026-04-08_18-36-23.mp4,1031.5,2136.0,821,1777,1242,2495,0.8385357
486,/Volumes/SmithL0/2026/BIOL470/Final/Learning_Rig/bee_0408_3/fwd/cam1_2026-04-08_18-36-23.mp4,1031.0,2136.5,820,1776,1242,2497,0.84003216
487,/Volumes/SmithL0/2026/BIOL470/Final/Learning_Rig/bee_0408_3/fwd/cam1_2026-04-08_18-36-23.mp4,1031.0,2138.5,820,1777,1242,2500,0.84110135
488,/Volumes/SmithL0/2026/BIOL470/Final/Learning_Rig/bee_0408_3/fwd/cam1_2026-04-08_18-36-23.mp4,1030.5,2138.0,820,1777,1241,2499,0.840685
489,/Volumes/SmithL0/2026/BIOL470/Final/Learning_Rig/bee_0408_3/fwd/cam1_2026-04-08_18-36-23.mp4,1032.5,2136.5,824,1777,1241,2496,0.8395527
490,/Volumes/SmithL0/2026/BIOL470/Final/Learning_Rig/bee_0408_3/fwd/cam1_2026-04-08_18-36-23.mp4,1032.5,2136.0,824,1777,1241,2495,0.83938766
491,/Volumes/SmithL0/2026/BIOL470/Final/Learning_Rig/bee_0408_3/fwd/cam1_2026-04-08_18-36-23.mp4,1030.5,2135.5,822,1777,1239,2494,0.84077686
492,/Volumes/SmithL0/2026/BIOL470/Final/Learning_Rig/bee_0408_3/fwd/cam1_2026-04-08_18-36-23.mp4,1031.0,2135.5,822,1776,1240,2495,0.8407109
493,/Volumes/SmithL0/2026/BIOL470/Final/Learning_Rig/bee_0408_3/fwd/cam1_2026-04-08_18-36-23.mp4,1029.5,2134.0,820,1775,1239,2493,0.83749443
494,/Volumes/SmithL0/2026/BIOL470/Final/Learning_Rig/bee_0408_3/fwd/cam1_2026-04-08_18-36-23.mp4,1032.5,2130.5,825,1779,1240,2482,0.838217
495,/Volumes/SmithL0/2026/BIOL470/Final/Learning_Rig/bee_0408_3/fwd/cam1_2026-04-08_18-36-23.mp4,1030.5,2136.0,821,1776,1240,2496,0.8404922
496,/Volumes/SmithL0/2026/BIOL470/Final/Learning_Rig/bee_0408_3/fwd/cam1_2026-04-08_18-36-23.mp4,1030.0,2136.5,821,1776,1239,2497,0.8391435
497,/Volumes/SmithL0/2026/BIOL470/Final/Learning_Rig/bee_0408_3/fwd/cam1_2026-04-08_18-36-23.mp4,1033.0,2135.5,824,1778,1242,2493,0.83849823
498,/Volumes/SmithL0/2026/BIOL470/Final/Learning_Rig/bee_0408_3/fwd/cam1_2026-04-08_18-36-23.mp4,1030.0,2136.0,820,1776,1240,2496,0.8391392
499,/Volumes/SmithL0/2026/BIOL470/Final/Learning_Rig/bee_0408_3/fwd/cam1_2026-04-08_18-36-23.mp4,1032.5,2136.5,823,1776,1242,2497,0.8409101
500,/Volumes/SmithL0/2026/BIOL470/Final/Learning_Rig/bee_0408_3/fwd/cam1_2026-04-08_18-36-23.mp4,1030.5,2136.5,821,1776,1240,2497,0.8392338
501,/Volumes/SmithL0/2026/BIOL470/Final/Learning_Rig/bee_0408_3/fwd/cam1_2026-04-08_18-36-23.mp4,1029.5,2135.5,820,1776,1239,2495,0.83791405
502,/Volumes/SmithL0/2026/BIOL470/Final/Learning_Rig/bee_0408_3/fwd/cam1_2026-04-08_18-36-23.mp4,1028.5,2135.0,819,1776,1238,2494,0.8374574
503,/Volumes/SmithL0/2026/BIOL470/Final/Learning_Rig/bee_0408_3/fwd/cam1_2026-04-08_18-36-23.mp4,1029.5,2136.5,821,1777,1238,2496,0.83906907
504,/Volumes/SmithL0/2026/BIOL470/Final/Learning_Rig/bee_0408_3/fwd/cam1_2026-04-08_18-36-23.mp4,1028.0,2135.5,819,1777,1237,2494,0.83821875
505,/Volumes/SmithL0/2026/BIOL470/Final/Learning_Rig/bee_0408_3/fwd/cam1_2026-04-08_18-36-23.mp4,1030.0,2137.5,821,1777,1239,2498,0.8379878
506,/Volumes/SmithL0/2026/BIOL470/Final/Learning_Rig/bee_0408_3/fwd/cam1_2026-04-08_18-36-23.mp4,1030.5,2137.0,822,1776,1239,2498,0.8380149
507,/Volumes/SmithL0/2026/BIOL470/Final/Learning_Rig/bee_0408_3/fwd/cam1_2026-04-08_18-36-23.mp4,1031.5,2138.5,822,1777,1241,2500,0.8383337
508,/Volumes/SmithL0/2026/BIOL470/Final/Learning_Rig/bee_0408_3/fwd/cam1_2026-04-08_18-36-23.mp4,1030.0,2136.0,820,1776,1240,2496,0.8373428
509,/Volumes/SmithL0/2026/BIOL470/Final/Learning_Rig/bee_0408_3/fwd/cam1_2026-04-08_18-36-23.mp4,1030.0,2135.0,820,1776,1240,2494,0.8374291
510,/Volumes/SmithL0/2026/BIOL470/Final/Learning_Rig/bee_0408_3/fwd/cam1_2026-04-08_18-36-23.mp4,1030.5,2135.5,820,1776,1241,2495,0.8404365
511,/Volumes/SmithL0/2026/BIOL470/Final/Learning_Rig/bee_0408_3/fwd/cam1_2026-04-08_18-36-23.mp4,1031.5,2136.5,822,1777,1241,2496,0.8420361
512,/Volumes/SmithL0/2026/BIOL470/Final/Learning_Rig/bee_0408_3/fwd/cam1_2026-04-08_18-36-23.mp4,1030.0,2137.0,819,1776,1241,2498,0.84154654
513,/Volumes/SmithL0/2026/BIOL470/Final/Learning_Rig/bee_0408_3/fwd/cam1_2026-04-08_18-36-23.mp4,1030.5,2137.5,820,1776,1241,2499,0.8402096
514,/Volumes/SmithL0/2026/BIOL470/Final/Learning_Rig/bee_0408_3/fwd/cam1_2026-04-08_18-36-23.mp4,1029.0,2136.5,819,1776,1239,2497,0.8395423
515,/Volumes/SmithL0/2026/BIOL470/Final/Learning_Rig/bee_0408_3/fwd/cam1_2026-04-08_18-36-23.mp4,1029.0,2139.5,818,1777,1240,2502,0.8373497
516,/Volumes/SmithL0/2026/BIOL470/Final/Learning_Rig/bee_0408_3/fwd/cam1_2026-04-08_18-36-23.mp4,1031.0,2138.0,821,1777,1241,2499,0.8376971
517,/Volumes/SmithL0/2026/BIOL470/Final/Learning_Rig/bee_0408_3/fwd/cam1_2026-04-08_18-36-23.mp4,1031.5,2139.0,821,1777,1242,2501,0.83980775
518,/Volumes/SmithL0/2026/BIOL470/Final/Learning_Rig/bee_0408_3/fwd/cam1_2026-04-08_18-36-23.mp4,1030.0,2137.0,819,1777,1241,2497,0.8383013
519,/Volumes/SmithL0/2026/BIOL470/Final/Learning_Rig/bee_0408_3/fwd/cam1_2026-04-08_18-36-23.mp4,1030.5,2137.0,821,1776,1240,2498,0.83817977
520,/Volumes/SmithL0/2026/BIOL470/Final/Learning_Rig/bee_0408_3/fwd/cam1_2026-04-08_18-36-23.mp4,1033.5,2135.5,825,1778,1242,2493,0.83853143
521,/Volumes/SmithL0/2026/BIOL470/Final/Learning_Rig/bee_0408_3/fwd/cam1_2026-04-08_18-36-23.mp4,1030.0,2137.0,820,1777,1240,2497,0.8391603
522,/Volumes/SmithL0/2026/BIOL470/Final/Learning_Rig/bee_0408_3/fwd/cam1_2026-04-08_18-36-23.mp4,1033.5,2135.0,825,1778,1242,2492,0.83956766
523,/Volumes/SmithL0/2026/BIOL470/Final/Learning_Rig/bee_0408_3/fwd/cam1_2026-04-08_18-36-23.mp4,1029.5,2136.5,819,1776,1240,2497,0.839827
524,/Volumes/SmithL0/2026/BIOL470/Final/Learning_Rig/bee_0408_3/fwd/cam1_2026-04-08_18-36-23.mp4,1032.0,2133.0,824,1779,1240,2487,0.83798176
525,/Volumes/SmithL0/2026/BIOL470/Final/Learning_Rig/bee_0408_3/fwd/cam1_2026-04-08_18-36-23.mp4,1029.0,2136.0,818,1776,1240,2496,0.83806396
526,/Volumes/SmithL0/2026/BIOL470/Final/Learning_Rig/bee_0408_3/fwd/cam1_2026-04-08_18-36-23.mp4,1031.5,2135.0,822,1776,1241,2494,0.84080905
527,/Volumes/SmithL0/2026/BIOL470/Final/Learning_Rig/bee_0408_3/fwd/cam1_2026-04-08_18-36-23.mp4,1030.0,2135.0,820,1776,1240,2494,0.83846235
528,/Volumes/SmithL0/2026/BIOL470/Final/Learning_Rig/bee_0408_3/fwd/cam1_2026-04-08_18-36-23.mp4,1031.0,2135.5,822,1776,1240,2495,0.84040797
529,/Volumes/SmithL0/2026/BIOL470/Final/Learning_Rig/bee_0408_3/fwd/cam1_2026-04-08_18-36-23.mp4,1031.0,2135.5,823,1776,1239,2495,0.8403849
530,/Volumes/SmithL0/2026/BIOL470/Final/Learning_Rig/bee_0408_3/fwd/cam1_2026-04-08_18-36-23.mp4,1033.5,2129.5,826,1778,1241,2481,0.8394855
531,/Volumes/SmithL0/2026/BIOL470/Final/Learning_Rig/bee_0408_3/fwd/cam1_2026-04-08_18-36-23.mp4,1033.5,2132.5,826,1778,1241,2487,0.83888596
532,/Volumes/SmithL0/2026/BIOL470/Final/Learning_Rig/bee_0408_3/fwd/cam1_2026-04-08_18-36-23.mp4,1033.0,2135.5,825,1778,1241,2493,0.83782744
533,/Volumes/SmithL0/2026/BIOL470/Final/Learning_Rig/bee_0408_3/fwd/cam1_2026-04-08_18-36-23.mp4,1030.5,2135.0,821,1776,1240,2494,0.8393065
534,/Volumes/SmithL0/2026/BIOL470/Final/Learning_Rig/bee_0408_3/fwd/cam1_2026-04-08_18-36-23.mp4,1033.0,2133.5,825,1779,1241,2488,0.8378631
535,/Volumes/SmithL0/2026/BIOL470/Final/Learning_Rig/bee_0408_3/fwd/cam1_2026-04-08_18-36-23.mp4,1031.0,2136.5,821,1777,1241,2496,0.8388118
536,/Volumes/SmithL0/2026/BIOL470/Final/Learning_Rig/bee_0408_3/fwd/cam1_2026-04-08_18-36-23.mp4,1031.5,2137.5,823,1777,1240,2498,0.83738965
537,/Volumes/SmithL0/2026/BIOL470/Final/Learning_Rig/bee_0408_3/fwd/cam1_2026-04-08_18-36-23.mp4,1031.0,2138.0,822,1777,1240,2499,0.83926743
538,/Volumes/SmithL0/2026/BIOL470/Final/Learning_Rig/bee_0408_3/fwd/cam1_2026-04-08_18-36-23.mp4,1034.0,2136.5,825,1779,1243,2494,0.8377975
539,/Volumes/SmithL0/2026/BIOL470/Final/Learning_Rig/bee_0408_3/fwd/cam1_2026-04-08_18-36-23.mp4,1031.0,2136.5,821,1777,1241,2496,0.83837444
540,/Volumes/SmithL0/2026/BIOL470/Final/Learning_Rig/bee_0408_3/fwd/cam1_2026-04-08_18-36-23.mp4,1030.0,2135.5,821,1777,1239,2494,0.8383257
541,/Volumes/SmithL0/2026/BIOL470/Final/Learning_Rig/bee_0408_3/fwd/cam1_2026-04-08_18-36-23.mp4,1030.0,2136.5,821,1776,1239,2497,0.8404206
542,/Volumes/SmithL0/2026/BIOL470/Final/Learning_Rig/bee_0408_3/fwd/cam1_2026-04-08_18-36-23.mp4,1031.5,2139.0,822,1778,1241,2500,0.8397289
543,/Volumes/SmithL0/2026/BIOL470/Final/Learning_Rig/bee_0408_3/fwd/cam1_2026-04-08_18-36-23.mp4,1034.5,2134.5,827,1779,1242,2490,0.839168
544,/Volumes/SmithL0/2026/BIOL470/Final/Learning_Rig/bee_0408_3/fwd/cam1_2026-04-08_18-36-23.mp4,1030.5,2136.0,820,1776,1241,2496,0.83793
545,/Volumes/SmithL0/2026/BIOL470/Final/Learning_Rig/bee_0408_3/fwd/cam1_2026-04-08_18-36-23.mp4,1029.5,2136.0,818,1776,1241,2496,0.83854485
546,/Volumes/SmithL0/2026/BIOL470/Final/Learning_Rig/bee_0408_3/fwd/cam1_2026-04-08_18-36-23.mp4,1031.0,2136.0,821,1776,1241,2496,0.84061956
547,/Volumes/SmithL0/2026/BIOL470/Final/Learning_Rig/bee_0408_3/fwd/cam1_2026-04-08_18-36-23.mp4,1029.0,2136.0,819,1776,1239,2496,0.8380933
548,/Volumes/SmithL0/2026/BIOL470/Final/Learning_Rig/bee_0408_3/fwd/cam1_2026-04-08_18-36-23.mp4,1030.0,2136.0,820,1776,1240,2496,0.8381034
549,/Volumes/SmithL0/2026/BIOL470/Final/Learning_Rig/bee_0408_3/fwd/cam1_2026-04-08_18-36-23.mp4,1030.0,2137.0,820,1777,1240,2497,0.8394791
550,/Volumes/SmithL0/2026/BIOL470/Final/Learning_Rig/bee_0408_3/fwd/cam1_2026-04-08_18-36-23.mp4,1030.5,2136.5,821,1776,1240,2497,0.8392506
551,/Volumes/SmithL0/2026/BIOL470/Final/Learning_Rig/bee_0408_3/fwd/cam1_2026-04-08_18-36-23.mp4,1029.0,2135.0,819,1776,1239,2494,0.838654
552,/Volumes/SmithL0/2026/BIOL470/Final/Learning_Rig/bee_0408_3/fwd/cam1_2026-04-08_18-36-23.mp4,1033.5,2134.0,826,1779,1241,2489,0.83773285
553,/Volumes/SmithL0/2026/BIOL470/Final/Learning_Rig/bee_0408_3/fwd/cam1_2026-04-08_18-36-23.mp4,1030.0,2135.5,822,1778,1238,2493,0.83646226
554,/Volumes/SmithL0/2026/BIOL470/Final/Learning_Rig/bee_0408_3/fwd/cam1_2026-04-08_18-36-23.mp4,1028.5,2136.5,819,1777,1238,2496,0.8373112
555,/Volumes/SmithL0/2026/BIOL470/Final/Learning_Rig/bee_0408_3/fwd/cam1_2026-04-08_18-36-23.mp4,1029.0,2135.0,821,1776,1237,2494,0.83678025
556,/Volumes/SmithL0/2026/BIOL470/Final/Learning_Rig/bee_0408_3/fwd/cam1_2026-04-08_18-36-23.mp4,1032.5,2132.0,826,1778,1239,2486,0.8386331
557,/Volumes/SmithL0/2026/BIOL470/Final/Learning_Rig/bee_0408_3/fwd/cam1_2026-04-08_18-36-23.mp4,1030.0,2135.0,821,1776,1239,2494,0.83870405
558,/Volumes/SmithL0/2026/BIOL470/Final/Learning_Rig/bee_0408_3/fwd/cam1_2026-04-08_18-36-23.mp4,1033.0,2132.5,825,1778,1241,2487,0.83838505
559,/Volumes/SmithL0/2026/BIOL470/Final/Learning_Rig/bee_0408_3/fwd/cam1_2026-04-08_18-36-23.mp4,1029.0,2134.5,820,1775,1238,2494,0.8381646
560,/Volumes/SmithL0/2026/BIOL470/Final/Learning_Rig/bee_0408_3/fwd/cam1_2026-04-08_18-36-23.mp4,1029.0,2134.5,820,1775,1238,2494,0.8388981
561,/Volumes/SmithL0/2026/BIOL470/Final/Learning_Rig/bee_0408_3/fwd/cam1_2026-04-08_18-36-23.mp4,1033.5,2133.0,826,1778,1241,2488,0.84004956
562,/Volumes/SmithL0/2026/BIOL470/Final/Learning_Rig/bee_0408_3/fwd/cam1_2026-04-08_18-36-23.mp4,1033.5,2131.0,826,1777,1241,2485,0.84123266
563,/Volumes/SmithL0/2026/BIOL470/Final/Learning_Rig/bee_0408_3/fwd/cam1_2026-04-08_18-36-23.mp4,1034.0,2130.0,826,1777,1242,2483,0.84208506
564,/Volumes/SmithL0/2026/BIOL470/Final/Learning_Rig/bee_0408_3/fwd/cam1_2026-04-08_18-36-23.mp4,1033.5,2132.0,826,1777,1241,2487,0.8397633
565,/Volumes/SmithL0/2026/BIOL470/Final/Learning_Rig/bee_0408_3/fwd/cam1_2026-04-08_18-36-23.mp4,1034.0,2134.0,826,1777,1242,2491,0.84080136
566,/Volumes/SmithL0/2026/BIOL470/Final/Learning_Rig/bee_0408_3/fwd/cam1_2026-04-08_18-36-23.mp4,1034.5,2133.0,826,1777,1243,2489,0.841898
567,/Volumes/SmithL0/2026/BIOL470/Final/Learning_Rig/bee_0408_3/fwd/cam1_2026-04-08_18-36-23.mp4,1034.0,2133.5,826,1777,1242,2490,0.8405874
568,/Volumes/SmithL0/2026/BIOL470/Final/Learning_Rig/bee_0408_3/fwd/cam1_2026-04-08_18-36-23.mp4,1034.5,2133.0,827,1777,1242,2489,0.839152
569,/Volumes/SmithL0/2026/BIOL470/Final/Learning_Rig/bee_0408_3/fwd/cam1_2026-04-08_18-36-23.mp4,1032.0,2134.5,824,1774,1240,2495,0.83935827
570,/Volumes/SmithL0/2026/BIOL470/Final/Learning_Rig/bee_0408_3/fwd/cam1_2026-04-08_18-36-23.mp4,1033.5,2132.0,826,1777,1241,2487,0.8398472
571,/Volumes/SmithL0/2026/BIOL470/Final/Learning_Rig/bee_0408_3/fwd/cam1_2026-04-08_18-36-23.mp4,1034.0,2132.5,827,1777,1241,2488,0.84018844
572,/Volumes/SmithL0/2026/BIOL470/Final/Learning_Rig/bee_0408_3/fwd/cam1_2026-04-08_18-36-23.mp4,1035.0,2132.5,828,1778,1242,2487,0.84297884
573,/Volumes/SmithL0/2026/BIOL470/Final/Learning_Rig/bee_0408_3/fwd/cam1_2026-04-08_18-36-23.mp4,1033.5,2130.0,826,1778,1241,2482,0.8405109
574,/Volumes/SmithL0/2026/BIOL470/Final/Learning_Rig/bee_0408_3/fwd/cam1_2026-04-08_18-36-23.mp4,1034.5,2133.0,827,1777,1242,2489,0.8403477
575,/Volumes/SmithL0/2026/BIOL470/Final/Learning_Rig/bee_0408_3/fwd/cam1_2026-04-08_18-36-23.mp4,1031.0,2135.0,823,1775,1239,2495,0.8383484
576,/Volumes/SmithL0/2026/BIOL470/Final/Learning_Rig/bee_0408_3/fwd/cam1_2026-04-08_18-36-23.mp4,1030.5,2134.5,822,1775,1239,2494,0.83984107
577,/Volumes/SmithL0/2026/BIOL470/Final/Learning_Rig/bee_0408_3/fwd/cam1_2026-04-08_18-36-23.mp4,1030.0,2135.5,820,1775,1240,2496,0.8395778
578,/Volumes/SmithL0/2026/BIOL470/Final/Learning_Rig/bee_0408_3/fwd/cam1_2026-04-08_18-36-23.mp4,1028.5,2136.0,820,1776,1237,2496,0.8392892
579,/Volumes/SmithL0/2026/BIOL470/Final/Learning_Rig/bee_0408_3/fwd/cam1_2026-04-08_18-36-23.mp4,1029.0,2135.0,820,1775,1238,2495,0.8399354
580,/Volumes/SmithL0/2026/BIOL470/Final/Learning_Rig/bee_0408_3/fwd/cam1_2026-04-08_18-36-23.mp4,1030.5,2135.5,822,1776,1239,2495,0.8401165
581,/Volumes/SmithL0/2026/BIOL470/Final/Learning_Rig/bee_0408_3/fwd/cam1_2026-04-08_18-36-23.mp4,1033.5,2135.0,826,1778,1241,2492,0.8370403
582,/Volumes/SmithL0/2026/BIOL470/Final/Learning_Rig/bee_0408_3/fwd/cam1_2026-04-08_18-36-23.mp4,1033.0,2135.0,826,1778,1240,2492,0.8367961
583,/Volumes/SmithL0/2026/BIOL470/Final/Learning_Rig/bee_0408_3/fwd/cam1_2026-04-08_18-36-23.mp4,1032.5,2129.0,825,1778,1240,2480,0.8414336
584,/Volumes/SmithL0/2026/BIOL470/Final/Learning_Rig/bee_0408_3/fwd/cam1_2026-04-08_18-36-23.mp4,1032.5,2132.5,824,1778,1241,2487,0.8405329
585,/Volumes/SmithL0/2026/BIOL470/Final/Learning_Rig/bee_0408_3/fwd/cam1_2026-04-08_18-36-23.mp4,1029.5,2135.0,820,1776,1239,2494,0.8368354
586,/Volumes/SmithL0/2026/BIOL470/Final/Learning_Rig/bee_0408_3/fwd/cam1_2026-04-08_18-36-23.mp4,1029.0,2134.5,819,1775,1239,2494,0.83715385
587,/Volumes/SmithL0/2026/BIOL470/Final/Learning_Rig/bee_0408_3/fwd/cam1_2026-04-08_18-36-23.mp4,1030.0,2135.0,822,1775,1238,2495,0.8367788
588,/Volumes/SmithL0/2026/BIOL470/Final/Learning_Rig/bee_0408_3/fwd/cam1_2026-04-08_18-36-23.mp4,1030.5,2135.5,823,1776,1238,2495,0.8375637
589,/Volumes/SmithL0/2026/BIOL470/Final/Learning_Rig/bee_0408_3/fwd/cam1_2026-04-08_18-36-23.mp4,1031.5,2135.0,824,1775,1239,2495,0.8381483
590,/Volumes/SmithL0/2026/BIOL470/Final/Learning_Rig/bee_0408_3/fwd/cam1_2026-04-08_18-36-23.mp4,1034.0,2133.0,826,1777,1242,2489,0.8395086
591,/Volumes/SmithL0/2026/BIOL470/Final/Learning_Rig/bee_0408_3/fwd/cam1_2026-04-08_18-36-23.mp4,1032.5,2132.5,824,1778,1241,2487,0.83841544
592,/Volumes/SmithL0/2026/BIOL470/Final/Learning_Rig/bee_0408_3/fwd/cam1_2026-04-08_18-36-23.mp4,1033.5,2132.0,825,1777,1242,2487,0.8393484
593,/Volumes/SmithL0/2026/BIOL470/Final/Learning_Rig/bee_0408_3/fwd/cam1_2026-04-08_18-36-23.mp4,1034.0,2132.5,826,1778,1242,2487,0.84065485
594,/Volumes/SmithL0/2026/BIOL470/Final/Learning_Rig/bee_0408_3/fwd/cam1_2026-04-08_18-36-23.mp4,1034.0,2132.0,826,1778,1242,2486,0.84107167
595,/Volumes/SmithL0/2026/BIOL470/Final/Learning_Rig/bee_0408_3/fwd/cam1_2026-04-08_18-36-23.mp4,1032.0,2133.0,824,1777,1240,2489,0.8386226
596,/Volumes/SmithL0/2026/BIOL470/Final/Learning_Rig/bee_0408_3/fwd/cam1_2026-04-08_18-36-23.mp4,1032.5,2133.0,825,1778,1240,2488,0.8392541
597,/Volumes/SmithL0/2026/BIOL470/Final/Learning_Rig/bee_0408_3/fwd/cam1_2026-04-08_18-36-23.mp4,1033.0,2134.5,825,1778,1241,2491,0.8380697
598,/Volumes/SmithL0/2026/BIOL470/Final/Learning_Rig/bee_0408_3/fwd/cam1_2026-04-08_18-36-23.mp4,1033.0,2135.0,824,1778,1242,2492,0.8372497
599,/Volumes/SmithL0/2026/BIOL470/Final/Learning_Rig/bee_0408_3/fwd/cam1_2026-04-08_18-36-23.mp4,1032.5,2133.0,824,1778,1241,2488,0.8380442
600,/Volumes/SmithL0/2026/BIOL470/Final/Learning_Rig/bee_0408_3/fwd/cam1_2026-04-08_18-36-23.mp4,1031.0,2135.5,821,1776,1241,2495,0.84018147
601,/Volumes/SmithL0/2026/BIOL470/Final/Learning_Rig/bee_0408_3/fwd/cam1_2026-04-08_18-36-23.mp4,1030.5,2136.0,821,1776,1240,2496,0.8368376
602,/Volumes/SmithL0/2026/BIOL470/Final/Learning_Rig/bee_0408_3/fwd/cam1_2026-04-08_18-36-23.mp4,1030.5,2136.0,821,1775,1240,2497,0.8377073
603,/Volumes/SmithL0/2026/BIOL470/Final/Learning_Rig/bee_0408_3/fwd/cam1_2026-04-08_18-36-23.mp4,1032.5,2133.0,824,1778,1241,2488,0.8361395
604,/Volumes/SmithL0/2026/BIOL470/Final/Learning_Rig/bee_0408_3/fwd/cam1_2026-04-08_18-36-23.mp4,1033.0,2132.0,825,1778,1241,2486,0.83820117
605,/Volumes/SmithL0/2026/BIOL470/Final/Learning_Rig/bee_0408_3/fwd/cam1_2026-04-08_18-36-23.mp4,1031.5,2134.5,822,1775,1241,2494,0.8387167
606,/Volumes/SmithL0/2026/BIOL470/Final/Learning_Rig/bee_0408_3/fwd/cam1_2026-04-08_18-36-23.mp4,1030.5,2135.5,821,1775,1240,2496,0.8373283
607,/Volumes/SmithL0/2026/BIOL470/Final/Learning_Rig/bee_0408_3/fwd/cam1_2026-04-08_18-36-23.mp4,1030.0,2136.0,821,1775,1239,2497,0.8382829
608,/Volumes/SmithL0/2026/BIOL470/Final/Learning_Rig/bee_0408_3/fwd/cam1_2026-04-08_18-36-23.mp4,1030.5,2136.5,821,1775,1240,2498,0.8387762
609,/Volumes/SmithL0/2026/BIOL470/Final/Learning_Rig/bee_0408_3/fwd/cam1_2026-04-08_18-36-23.mp4,1030.5,2134.5,822,1775,1239,2494,0.83988756
610,/Volumes/SmithL0/2026/BIOL470/Final/Learning_Rig/bee_0408_3/fwd/cam1_2026-04-08_18-36-23.mp4,1031.0,2135.0,822,1775,1240,2495,0.840277
611,/Volumes/SmithL0/2026/BIOL470/Final/Learning_Rig/bee_0408_3/fwd/cam1_2026-04-08_18-36-23.mp4,1033.0,2131.0,826,1778,1240,2484,0.8376845
612,/Volumes/SmithL0/2026/BIOL470/Final/Learning_Rig/bee_0408_3/fwd/cam1_2026-04-08_18-36-23.mp4,1032.0,2135.0,823,1775,1241,2495,0.8411149
613,/Volumes/SmithL0/2026/BIOL470/Final/Learning_Rig/bee_0408_3/fwd/cam1_2026-04-08_18-36-23.mp4,1031.5,2135.0,822,1775,1241,2495,0.8390887
614,/Volumes/SmithL0/2026/BIOL470/Final/Learning_Rig/bee_0408_3/fwd/cam1_2026-04-08_18-36-23.mp4,1029.5,2135.0,819,1775,1240,2495,0.83784324
615,/Volumes/SmithL0/2026/BIOL470/Final/Learning_Rig/bee_0408_3/fwd/cam1_2026-04-08_18-36-23.mp4,1032.5,2133.0,825,1778,1240,2488,0.8395493
616,/Volumes/SmithL0/2026/BIOL470/Final/Learning_Rig/bee_0408_3/fwd/cam1_2026-04-08_18-36-23.mp4,1033.0,2133.5,825,1778,1241,2489,0.83888984
617,/Volumes/SmithL0/2026/BIOL470/Final/Learning_Rig/bee_0408_3/fwd/cam1_2026-04-08_18-36-23.mp4,1033.0,2134.5,825,1778,1241,2491,0.83852935
618,/Volumes/SmithL0/2026/BIOL470/Final/Learning_Rig/bee_0408_3/fwd/cam1_2026-04-08_18-36-23.mp4,1030.5,2134.5,821,1775,1240,2494,0.8376187
619,/Volumes/SmithL0/2026/BIOL470/Final/Learning_Rig/bee_0408_3/fwd/cam1_2026-04-08_18-36-23.mp4,1033.5,2134.5,826,1778,1241,2491,0.839266
620,/Volumes/SmithL0/2026/BIOL470/Final/Learning_Rig/bee_0408_3/fwd/cam1_2026-04-08_18-36-23.mp4,1034.0,2134.0,826,1778,1242,2490,0.83944523
621,/Volumes/SmithL0/2026/BIOL470/Final/Learning_Rig/bee_0408_3/fwd/cam1_2026-04-08_18-36-23.mp4,1031.5,2135.0,823,1775,1240,2495,0.8393516
622,/Volumes/SmithL0/2026/BIOL470/Final/Learning_Rig/bee_0408_3/fwd/cam1_2026-04-08_18-36-23.mp4,1033.5,2133.0,827,1778,1240,2488,0.83806705
623,/Volumes/SmithL0/2026/BIOL470/Final/Learning_Rig/bee_0408_3/fwd/cam1_2026-04-08_18-36-23.mp4,1028.5,2134.0,819,1775,1238,2493,0.83566123
624,/Volumes/SmithL0/2026/BIOL470/Final/Learning_Rig/bee_0408_3/fwd/cam1_2026-04-08_18-36-23.mp4,1032.5,2132.5,824,1777,1241,2488,0.8375859
625,/Volumes/SmithL0/2026/BIOL470/Final/Learning_Rig/bee_0408_3/fwd/cam1_2026-04-08_18-36-23.mp4,1033.0,2134.0,825,1777,1241,2491,0.8378368
626,/Volumes/SmithL0/2026/BIOL470/Final/Learning_Rig/bee_0408_3/fwd/cam1_2026-04-08_18-36-23.mp4,1032.5,2133.0,825,1778,1240,2488,0.8379542
627,/Volumes/SmithL0/2026/BIOL470/Final/Learning_Rig/bee_0408_3/fwd/cam1_2026-04-08_18-36-23.mp4,1029.5,2135.5,819,1775,1240,2496,0.8392597
628,/Volumes/SmithL0/2026/BIOL470/Final/Learning_Rig/bee_0408_3/fwd/cam1_2026-04-08_18-36-23.mp4,1032.5,2135.5,824,1778,1241,2493,0.83838856
629,/Volumes/SmithL0/2026/BIOL470/Final/Learning_Rig/bee_0408_3/fwd/cam1_2026-04-08_18-36-23.mp4,1028.5,2136.0,818,1776,1239,2496,0.8374619
630,/Volumes/SmithL0/2026/BIOL470/Final/Learning_Rig/bee_0408_3/fwd/cam1_2026-04-08_18-36-23.mp4,1029.5,2137.0,819,1776,1240,2498,0.83914864
631,/Volumes/SmithL0/2026/BIOL470/Final/Learning_Rig/bee_0408_3/fwd/cam1_2026-04-08_18-36-23.mp4,1029.0,2136.5,819,1775,1239,2498,0.84014636
632,/Volumes/SmithL0/2026/BIOL470/Final/Learning_Rig/bee_0408_3/fwd/cam1_2026-04-08_18-36-23.mp4,1029.0,2136.5,819,1775,1239,2498,0.83990085
633,/Volumes/SmithL0/2026/BIOL470/Final/Learning_Rig/bee_0408_3/fwd/cam1_2026-04-08_18-36-23.mp4,1028.0,2137.5,818,1776,1238,2499,0.83860034
634,/Volumes/SmithL0/2026/BIOL470/Final/Learning_Rig/bee_0408_3/fwd/cam1_2026-04-08_18-36-23.mp4,1030.0,2136.0,820,1775,1240,2497,0.83971876
635,/Volumes/SmithL0/2026/BIOL470/Final/Learning_Rig/bee_0408_3/fwd/cam1_2026-04-08_18-36-23.mp4,1031.5,2135.5,823,1775,1240,2496,0.8409037
636,/Volumes/SmithL0/2026/BIOL470/Final/Learning_Rig/bee_0408_3/fwd/cam1_2026-04-08_18-36-23.mp4,1030.5,2134.0,821,1775,1240,2493,0.83681405
637,/Volumes/SmithL0/2026/BIOL470/Final/Learning_Rig/bee_0408_3/fwd/cam1_2026-04-08_18-36-23.mp4,1033.0,2130.5,826,1778,1240,2483,0.83742577
638,/Volumes/SmithL0/2026/BIOL470/Final/Learning_Rig/bee_0408_3/fwd/cam1_2026-04-08_18-36-23.mp4,1032.0,2131.0,825,1778,1239,2484,0.83823013
639,/Volumes/SmithL0/2026/BIOL470/Final/Learning_Rig/bee_0408_3/fwd/cam1_2026-04-08_18-36-23.mp4,1032.5,2131.5,825,1778,1240,2485,0.8387557
640,/Volumes/SmithL0/2026/BIOL470/Final/Learning_Rig/bee_0408_3/fwd/cam1_2026-04-08_18-36-23.mp4,1032.0,2131.0,825,1778,1239,2484,0.8351697
641,/Volumes/SmithL0/2026/BIOL470/Final/Learning_Rig/bee_0408_3/fwd/cam1_2026-04-08_18-36-23.mp4,1032.5,2131.5,825,1778,1240,2485,0.837035
642,/Volumes/SmithL0/2026/BIOL470/Final/Learning_Rig/bee_0408_3/fwd/cam1_2026-04-08_18-36-23.mp4,1031.0,2134.5,822,1775,1240,2494,0.83891946
643,/Volumes/SmithL0/2026/BIOL470/Final/Learning_Rig/bee_0408_3/fwd/cam1_2026-04-08_18-36-23.mp4,1030.0,2135.0,820,1774,1240,2496,0.8397236
644,/Volumes/SmithL0/2026/BIOL470/Final/Learning_Rig/bee_0408_3/fwd/cam1_2026-04-08_18-36-23.mp4,1031.0,2135.5,824,1775,1238,2496,0.83963954
645,/Volumes/SmithL0/2026/BIOL470/Final/Learning_Rig/bee_0408_3/fwd/cam1_2026-04-08_18-36-23.mp4,1033.5,2133.0,826,1778,1241,2488,0.8385182
646,/Volumes/SmithL0/2026/BIOL470/Final/Learning_Rig/bee_0408_3/fwd/cam1_2026-04-08_18-36-23.mp4,1033.0,2135.0,824,1778,1242,2492,0.838127
647,/Volumes/SmithL0/2026/BIOL470/Final/Learning_Rig/bee_0408_3/fwd/cam1_2026-04-08_18-36-23.mp4,1034.0,2134.0,826,1778,1242,2490,0.8402926
648,/Volumes/SmithL0/2026/BIOL470/Final/Learning_Rig/bee_0408_3/fwd/cam1_2026-04-08_18-36-23.mp4,1033.0,2133.5,825,1778,1241,2489,0.8387024
649,/Volumes/SmithL0/2026/BIOL470/Final/Learning_Rig/bee_0408_3/fwd/cam1_2026-04-08_18-36-23.mp4,1033.0,2133.0,827,1778,1239,2488,0.8402519
650,/Volumes/SmithL0/2026/BIOL470/Final/Learning_Rig/bee_0408_3/fwd/cam1_2026-04-08_18-36-23.mp4,1031.0,2135.0,823,1775,1239,2495,0.8388504
651,/Volumes/SmithL0/2026/BIOL470/Final/Learning_Rig/bee_0408_3/fwd/cam1_2026-04-08_18-36-23.mp4,1031.5,2139.0,821,1776,1242,2502,0.83976454
652,/Volumes/SmithL0/2026/BIOL470/Final/Learning_Rig/bee_0408_3/fwd/cam1_2026-04-08_18-36-23.mp4,1032.5,2136.0,824,1775,1241,2497,0.838811
653,/Volumes/SmithL0/2026/BIOL470/Final/Learning_Rig/bee_0408_3/fwd/cam1_2026-04-08_18-36-23.mp4,1032.5,2135.5,825,1777,1240,2494,0.8381479
654,/Volumes/SmithL0/2026/BIOL470/Final/Learning_Rig/bee_0408_3/fwd/cam1_2026-04-08_18-36-23.mp4,1029.0,2136.0,820,1775,1238,2497,0.8369128
655,/Volumes/SmithL0/2026/BIOL470/Final/Learning_Rig/bee_0408_3/fwd/cam1_2026-04-08_18-36-23.mp4,1029.0,2135.5,821,1775,1237,2496,0.8369411
656,/Volumes/SmithL0/2026/BIOL470/Final/Learning_Rig/bee_0408_3/fwd/cam1_2026-04-08_18-36-23.mp4,1031.5,2135.5,823,1774,1240,2497,0.84008706
657,/Volumes/SmithL0/2026/BIOL470/Final/Learning_Rig/bee_0408_3/fwd/cam1_2026-04-08_18-36-23.mp4,1030.5,2134.5,821,1774,1240,2495,0.83763653
658,/Volumes/SmithL0/2026/BIOL470/Final/Learning_Rig/bee_0408_3/fwd/cam1_2026-04-08_18-36-23.mp4,1031.5,2133.5,823,1773,1240,2494,0.83748555
659,/Volumes/SmithL0/2026/BIOL470/Final/Learning_Rig/bee_0408_3/fwd/cam1_2026-04-08_18-36-23.mp4,1030.5,2134.5,821,1774,1240,2495,0.83869064
660,/Volumes/SmithL0/2026/BIOL470/Final/Learning_Rig/bee_0408_3/fwd/cam1_2026-04-08_18-36-23.mp4,1031.5,2135.5,823,1775,1240,2496,0.83941036
661,/Volumes/SmithL0/2026/BIOL470/Final/Learning_Rig/bee_0408_3/fwd/cam1_2026-04-08_18-36-23.mp4,1030.0,2134.0,821,1774,1239,2494,0.8392554
662,/Volumes/SmithL0/2026/BIOL470/Final/Learning_Rig/bee_0408_3/fwd/cam1_2026-04-08_18-36-23.mp4,1032.5,2130.5,826,1777,1239,2484,0.83905864
663,/Volumes/SmithL0/2026/BIOL470/Final/Learning_Rig/bee_0408_3/fwd/cam1_2026-04-08_18-36-23.mp4,1031.0,2133.5,822,1773,1240,2494,0.8391861
664,/Volumes/SmithL0/2026/BIOL470/Final/Learning_Rig/bee_0408_3/fwd/cam1_2026-04-08_18-36-23.mp4,1032.5,2135.5,824,1774,1241,2497,0.8409354
665,/Volumes/SmithL0/2026/BIOL470/Final/Learning_Rig/bee_0408_3/fwd/cam1_2026-04-08_18-36-23.mp4,1033.0,2134.5,825,1774,1241,2495,0.84033686
666,/Volumes/SmithL0/2026/BIOL470/Final/Learning_Rig/bee_0408_3/fwd/cam1_2026-04-08_18-36-23.mp4,1034.0,2133.0,827,1777,1241,2489,0.8381913
667,/Volumes/SmithL0/2026/BIOL470/Final/Learning_Rig/bee_0408_3/fwd/cam1_2026-04-08_18-36-23.mp4,1030.5,2134.5,822,1774,1239,2495,0.83705854
668,/Volumes/SmithL0/2026/BIOL470/Final/Learning_Rig/bee_0408_3/fwd/cam1_2026-04-08_18-36-23.mp4,1032.5,2135.0,823,1775,1242,2495,0.8376664
669,/Volumes/SmithL0/2026/BIOL470/Final/Learning_Rig/bee_0408_3/fwd/cam1_2026-04-08_18-36-23.mp4,1032.5,2135.0,824,1774,1241,2496,0.8382487
670,/Volumes/SmithL0/2026/BIOL470/Final/Learning_Rig/bee_0408_3/fwd/cam1_2026-04-08_18-36-23.mp4,1032.0,2137.0,823,1775,1241,2499,0.8377769
671,/Volumes/SmithL0/2026/BIOL470/Final/Learning_Rig/bee_0408_3/fwd/cam1_2026-04-08_18-36-23.mp4,1030.5,2135.5,821,1774,1240,2497,0.84008765
672,/Volumes/SmithL0/2026/BIOL470/Final/Learning_Rig/bee_0408_3/fwd/cam1_2026-04-08_18-36-23.mp4,1030.0,2135.5,820,1775,1240,2496,0.83930326
673,/Volumes/SmithL0/2026/BIOL470/Final/Learning_Rig/bee_0408_3/fwd/cam1_2026-04-08_18-36-23.mp4,1030.5,2136.5,820,1776,1241,2497,0.8378408
674,/Volumes/SmithL0/2026/BIOL470/Final/Learning_Rig/bee_0408_3/fwd/cam1_2026-04-08_18-36-23.mp4,1033.0,2135.0,824,1777,1242,2493,0.8389673
675,/Volumes/SmithL0/2026/BIOL470/Final/Learning_Rig/bee_0408_3/fwd/cam1_2026-04-08_18-36-23.mp4,1030.5,2135.5,821,1776,1240,2495,0.8381795
676,/Volumes/SmithL0/2026/BIOL470/Final/Learning_Rig/bee_0408_3/fwd/cam1_2026-04-08_18-36-23.mp4,1031.0,2134.5,821,1775,1241,2494,0.8396524
677,/Volumes/SmithL0/2026/BIOL470/Final/Learning_Rig/bee_0408_3/fwd/cam1_2026-04-08_18-36-23.mp4,1033.5,2133.5,826,1778,1241,2489,0.8403492
678,/Volumes/SmithL0/2026/BIOL470/Final/Learning_Rig/bee_0408_3/fwd/cam1_2026-04-08_18-36-23.mp4,1034.0,2133.5,827,1778,1241,2489,0.83981186
679,/Volumes/SmithL0/2026/BIOL470/Final/Learning_Rig/bee_0408_3/fwd/cam1_2026-04-08_18-36-23.mp4,1034.0,2132.0,827,1777,1241,2487,0.84111434
680,/Volumes/SmithL0/2026/BIOL470/Final/Learning_Rig/bee_0408_3/fwd/cam1_2026-04-08_18-36-23.mp4,1033.5,2131.5,826,1777,1241,2486,0.8414261
681,/Volumes/SmithL0/2026/BIOL470/Final/Learning_Rig/bee_0408_3/fwd/cam1_2026-04-08_18-36-23.mp4,1031.0,2134.0,822,1774,1240,2494,0.84061885
682,/Volumes/SmithL0/2026/BIOL470/Final/Learning_Rig/bee_0408_3/fwd/cam1_2026-04-08_18-36-23.mp4,1033.5,2132.5,826,1777,1241,2488,0.83991617
683,/Volumes/SmithL0/2026/BIOL470/Final/Learning_Rig/bee_0408_3/fwd/cam1_2026-04-08_18-36-23.mp4,1032.5,2132.0,825,1777,1240,2487,0.83678657
684,/Volumes/SmithL0/2026/BIOL470/Final/Learning_Rig/bee_0408_3/fwd/cam1_2026-04-08_18-36-23.mp4,1033.0,2132.5,826,1777,1240,2488,0.83638126
685,/Volumes/SmithL0/2026/BIOL470/Final/Learning_Rig/bee_0408_3/fwd/cam1_2026-04-08_18-36-23.mp4,1030.0,2134.5,820,1774,1240,2495,0.83736324
686,/Volumes/SmithL0/2026/BIOL470/Final/Learning_Rig/bee_0408_3/fwd/cam1_2026-04-08_18-36-23.mp4,1029.0,2135.0,818,1774,1240,2496,0.8391773
687,/Volumes/SmithL0/2026/BIOL470/Final/Learning_Rig/bee_0408_3/fwd/cam1_2026-04-08_18-36-23.mp4,1029.5,2136.5,819,1774,1240,2499,0.840565
688,/Volumes/SmithL0/2026/BIOL470/Final/Learning_Rig/bee_0408_3/fwd/cam1_2026-04-08_18-36-23.mp4,1031.0,2135.5,822,1775,1240,2496,0.8397406
689,/Volumes/SmithL0/2026/BIOL470/Final/Learning_Rig/bee_0408_3/fwd/cam1_2026-04-08_18-36-23.mp4,1032.5,2132.5,825,1777,1240,2488,0.84007126
690,/Volumes/SmithL0/2026/BIOL470/Final/Learning_Rig/bee_0408_3/fwd/cam1_2026-04-08_18-36-23.mp4,1030.0,2135.5,820,1775,1240,2496,0.83878756
691,/Volumes/SmithL0/2026/BIOL470/Final/Learning_Rig/bee_0408_3/fwd/cam1_2026-04-08_18-36-23.mp4,1033.0,2133.0,825,1777,1241,2489,0.83850133
692,/Volumes/SmithL0/2026/BIOL470/Final/Learning_Rig/bee_0408_3/fwd/cam1_2026-04-08_18-36-23.mp4,1031.5,2134.0,823,1778,1240,2490,0.8384538
693,/Volumes/SmithL0/2026/BIOL470/Final/Learning_Rig/bee_0408_3/fwd/cam1_2026-04-08_18-36-23.mp4,1028.5,2136.5,819,1775,1238,2498,0.83699536
694,/Volumes/SmithL0/2026/BIOL470/Final/Learning_Rig/bee_0408_3/fwd/cam1_2026-04-08_18-36-23.mp4,1029.0,2136.5,819,1775,1239,2498,0.83760685
695,/Volumes/SmithL0/2026/BIOL470/Final/Learning_Rig/bee_0408_3/fwd/cam1_2026-04-08_18-36-23.mp4,1030.5,2136.0,820,1775,1241,2497,0.8382066
696,/Volumes/SmithL0/2026/BIOL470/Final/Learning_Rig/bee_0408_3/fwd/cam1_2026-04-08_18-36-23.mp4,1031.0,2135.5,822,1775,1240,2496,0.839123
697,/Volumes/SmithL0/2026/BIOL470/Final/Learning_Rig/bee_0408_3/fwd/cam1_2026-04-08_18-36-23.mp4,1031.0,2133.5,821,1774,1241,2493,0.8390164
698,/Volumes/SmithL0/2026/BIOL470/Final/Learning_Rig/bee_0408_3/fwd/cam1_2026-04-08_18-36-23.mp4,1033.5,2129.5,827,1777,1240,2482,0.8404914
699,/Volumes/SmithL0/2026/BIOL470/Final/Learning_Rig/bee_0408_3/fwd/cam1_2026-04-08_18-36-23.mp4,1034.0,2130.5,827,1777,1241,2484,0.8398818
700,/Volumes/SmithL0/2026/BIOL470/Final/Learning_Rig/bee_0408_3/fwd/cam1_2026-04-08_18-36-23.mp4,1034.0,2132.0,826,1777,1242,2487,0.8401155
701,/Volumes/SmithL0/2026/BIOL470/Final/Learning_Rig/bee_0408_3/fwd/cam1_2026-04-08_18-36-23.mp4,1033.5,2130.5,826,1777,1241,2484,0.8390213
702,/Volumes/SmithL0/2026/BIOL470/Final/Learning_Rig/bee_0408_3/fwd/cam1_2026-04-08_18-36-23.mp4,1034.0,2131.0,826,1777,1242,2485,0.8424883
703,/Volumes/SmithL0/2026/BIOL470/Final/Learning_Rig/bee_0408_3/fwd/cam1_2026-04-08_18-36-23.mp4,1033.0,2131.0,826,1777,1240,2485,0.8395501
704,/Volumes/SmithL0/2026/BIOL470/Final/Learning_Rig/bee_0408_3/fwd/cam1_2026-04-08_18-36-23.mp4,1032.5,2133.5,825,1777,1240,2490,0.83725595
705,/Volumes/SmithL0/2026/BIOL470/Final/Learning_Rig/bee_0408_3/fwd/cam1_2026-04-08_18-36-23.mp4,1031.5,2135.0,824,1775,1239,2495,0.837675
706,/Volumes/SmithL0/2026/BIOL470/Final/Learning_Rig/bee_0408_3/fwd/cam1_2026-04-08_18-36-23.mp4,1032.5,2135.0,824,1775,1241,2495,0.84068507
707,/Volumes/SmithL0/2026/BIOL470/Final/Learning_Rig/bee_0408_3/fwd/cam1_2026-04-08_18-36-23.mp4,1033.0,2134.5,824,1774,1242,2495,0.8402382
708,/Volumes/SmithL0/2026/BIOL470/Final/Learning_Rig/bee_0408_3/fwd/cam1_2026-04-08_18-36-23.mp4,1031.5,2136.0,821,1774,1242,2498,0.84020406
709,/Volumes/SmithL0/2026/BIOL470/Final/Learning_Rig/bee_0408_3/fwd/cam1_2026-04-08_18-36-23.mp4,1030.5,2136.0,821,1774,1240,2498,0.8406215
710,/Volumes/SmithL0/2026/BIOL470/Final/Learning_Rig/bee_0408_3/fwd/cam1_2026-04-08_18-36-23.mp4,1032.5,2134.5,825,1777,1240,2492,0.838174
711,/Volumes/SmithL0/2026/BIOL470/Final/Learning_Rig/bee_0408_3/fwd/cam1_2026-04-08_18-36-23.mp4,1029.5,2134.5,820,1774,1239,2495,0.8378059
712,/Volumes/SmithL0/2026/BIOL470/Final/Learning_Rig/bee_0408_3/fwd/cam1_2026-04-08_18-36-23.mp4,1029.5,2134.5,820,1774,1239,2495,0.8371686
713,/Volumes/SmithL0/2026/BIOL470/Final/Learning_Rig/bee_0408_3/fwd/cam1_2026-04-08_18-36-23.mp4,1030.0,2134.5,821,1774,1239,2495,0.8369147
714,/Volumes/SmithL0/2026/BIOL470/Final/Learning_Rig/bee_0408_3/fwd/cam1_2026-04-08_18-36-23.mp4,1029.0,2135.0,821,1774,1237,2496,0.8362776
715,/Volumes/SmithL0/2026/BIOL470/Final/Learning_Rig/bee_0408_3/fwd/cam1_2026-04-08_18-36-23.mp4,1031.5,2133.0,824,1777,1239,2489,0.83626956
716,/Volumes/SmithL0/2026/BIOL470/Final/Learning_Rig/bee_0408_3/fwd/cam1_2026-04-08_18-36-23.mp4,1027.5,2135.0,817,1774,1238,2496,0.8367346
717,/Volumes/SmithL0/2026/BIOL470/Final/Learning_Rig/bee_0408_3/fwd/cam1_2026-04-08_18-36-23.mp4,1030.0,2136.0,820,1775,1240,2497,0.83744955
718,/Volumes/SmithL0/2026/BIOL470/Final/Learning_Rig/bee_0408_3/fwd/cam1_2026-04-08_18-36-23.mp4,1029.5,2136.5,819,1775,1240,2498,0.8382969
719,/Volumes/SmithL0/2026/BIOL470/Final/Learning_Rig/bee_0408_3/fwd/cam1_2026-04-08_18-36-23.mp4,1030.5,2135.5,821,1775,1240,2496,0.83873326
720,/Volumes/SmithL0/2026/BIOL470/Final/Learning_Rig/bee_0408_3/fwd/cam1_2026-04-08_18-36-23.mp4,1033.0,2134.0,824,1778,1242,2490,0.8369405
721,/Volumes/SmithL0/2026/BIOL470/Final/Learning_Rig/bee_0408_3/fwd/cam1_2026-04-08_18-36-23.mp4,1029.5,2135.0,820,1775,1239,2495,0.8356671
722,/Volumes/SmithL0/2026/BIOL470/Final/Learning_Rig/bee_0408_3/fwd/cam1_2026-04-08_18-36-23.mp4,1029.5,2135.0,820,1774,1239,2496,0.8373927
723,/Volumes/SmithL0/2026/BIOL470/Final/Learning_Rig/bee_0408_3/fwd/cam1_2026-04-08_18-36-23.mp4,1030.0,2135.5,820,1774,1240,2497,0.8383901
724,/Volumes/SmithL0/2026/BIOL470/Final/Learning_Rig/bee_0408_3/fwd/cam1_2026-04-08_18-36-23.mp4,1031.0,2135.5,822,1774,1240,2497,0.8372144
725,/Volumes/SmithL0/2026/BIOL470/Final/Learning_Rig/bee_0408_3/fwd/cam1_2026-04-08_18-36-23.mp4,1030.0,2137.0,819,1775,1241,2499,0.83763105
726,/Volumes/SmithL0/2026/BIOL470/Final/Learning_Rig/bee_0408_3/fwd/cam1_2026-04-08_18-36-23.mp4,1033.0,2136.0,824,1777,1242,2495,0.83863795
727,/Volumes/SmithL0/2026/BIOL470/Final/Learning_Rig/bee_0408_3/fwd/cam1_2026-04-08_18-36-23.mp4,1034.0,2132.5,826,1777,1242,2488,0.8402165
728,/Volumes/SmithL0/2026/BIOL470/Final/Learning_Rig/bee_0408_3/fwd/cam1_2026-04-08_18-36-23.mp4,1032.0,2135.0,822,1774,1242,2496,0.8399203
729,/Volumes/SmithL0/2026/BIOL470/Final/Learning_Rig/bee_0408_3/fwd/cam1_2026-04-08_18-36-23.mp4,1029.5,2135.0,818,1775,1241,2495,0.83911246
730,/Volumes/SmithL0/2026/BIOL470/Final/Learning_Rig/bee_0408_3/fwd/cam1_2026-04-08_18-36-23.mp4,1032.0,2135.5,822,1774,1242,2497,0.8410836
731,/Volumes/SmithL0/2026/BIOL470/Final/Learning_Rig/bee_0408_3/fwd/cam1_2026-04-08_18-36-23.mp4,1030.5,2135.5,820,1774,1241,2497,0.83934146
732,/Volumes/SmithL0/2026/BIOL470/Final/Learning_Rig/bee_0408_3/fwd/cam1_2026-04-08_18-36-23.mp4,1031.0,2134.5,821,1774,1241,2495,0.8412529
733,/Volumes/SmithL0/2026/BIOL470/Final/Learning_Rig/bee_0408_3/fwd/cam1_2026-04-08_18-36-23.mp4,1027.5,2135.5,815,1775,1240,2496,0.83762586
734,/Volumes/SmithL0/2026/BIOL470/Final/Learning_Rig/bee_0408_3/fwd/cam1_2026-04-08_18-36-23.mp4,1028.0,2135.5,817,1775,1239,2496,0.83853275
735,/Volumes/SmithL0/2026/BIOL470/Final/Learning_Rig/bee_0408_3/fwd/cam1_2026-04-08_18-36-23.mp4,1028.5,2134.5,818,1774,1239,2495,0.8372302
736,/Volumes/SmithL0/2026/BIOL470/Final/Learning_Rig/bee_0408_3/fwd/cam1_2026-04-08_18-36-23.mp4,1033.0,2133.0,825,1777,1241,2489,0.84112334
737,/Volumes/SmithL0/2026/BIOL470/Final/Learning_Rig/bee_0408_3/fwd/cam1_2026-04-08_18-36-23.mp4,1030.0,2135.0,820,1774,1240,2496,0.83793926
738,/Volumes/SmithL0/2026/BIOL470/Final/Learning_Rig/bee_0408_3/fwd/cam1_2026-04-08_18-36-23.mp4,1032.5,2134.0,824,1774,1241,2494,0.8400144
739,/Volumes/SmithL0/2026/BIOL470/Final/Learning_Rig/bee_0408_3/fwd/cam1_2026-04-08_18-36-23.mp4,1033.0,2131.0,826,1777,1240,2485,0.8403124
740,/Volumes/SmithL0/2026/BIOL470/Final/Learning_Rig/bee_0408_3/fwd/cam1_2026-04-08_18-36-23.mp4,1033.5,2135.5,825,1777,1242,2494,0.83938485
741,/Volumes/SmithL0/2026/BIOL470/Final/Learning_Rig/bee_0408_3/fwd/cam1_2026-04-08_18-36-23.mp4,1030.5,2135.0,821,1774,1240,2496,0.83970445
742,/Volumes/SmithL0/2026/BIOL470/Final/Learning_Rig/bee_0408_3/fwd/cam1_2026-04-08_18-36-23.mp4,1029.5,2135.5,820,1775,1239,2496,0.8397081
743,/Volumes/SmithL0/2026/BIOL470/Final/Learning_Rig/bee_0408_3/fwd/cam1_2026-04-08_18-36-23.mp4,1030.5,2135.0,821,1774,1240,2496,0.8390888
744,/Volumes/SmithL0/2026/BIOL470/Final/Learning_Rig/bee_0408_3/fwd/cam1_2026-04-08_18-36-23.mp4,1028.5,2136.0,819,1775,1238,2497,0.83881116
745,/Volumes/SmithL0/2026/BIOL470/Final/Learning_Rig/bee_0408_3/fwd/cam1_2026-04-08_18-36-23.mp4,1029.5,2136.0,821,1775,1238,2497,0.83695847
746,/Volumes/SmithL0/2026/BIOL470/Final/Learning_Rig/bee_0408_3/fwd/cam1_2026-04-08_18-36-23.mp4,1032.5,2132.0,826,1777,1239,2487,0.8372196
747,/Volumes/SmithL0/2026/BIOL470/Final/Learning_Rig/bee_0408_3/fwd/cam1_2026-04-08_18-36-23.mp4,1033.0,2134.0,826,1777,1240,2491,0.8367813
748,/Volumes/SmithL0/2026/BIOL470/Final/Learning_Rig/bee_0408_3/fwd/cam1_2026-04-08_18-36-23.mp4,1032.5,2134.0,825,1777,1240,2491,0.8382599
749,/Volumes/SmithL0/2026/BIOL470/Final/Learning_Rig/bee_0408_3/fwd/cam1_2026-04-08_18-36-23.mp4,1033.0,2133.0,825,1777,1241,2489,0.8392231
750,/Volumes/SmithL0/2026/BIOL470/Final/Learning_Rig/bee_0408_3/fwd/cam1_2026-04-08_18-36-23.mp4,1032.0,2135.0,824,1777,1240,2493,0.8373839
751,/Volumes/SmithL0/2026/BIOL470/Final/Learning_Rig/bee_0408_3/fwd/cam1_2026-04-08_18-36-23.mp4,1033.0,2133.0,825,1777,1241,2489,0.83963865
752,/Volumes/SmithL0/2026/BIOL470/Final/Learning_Rig/bee_0408_3/fwd/cam1_2026-04-08_18-36-23.mp4,1033.5,2135.0,825,1777,1242,2493,0.8412437
753,/Volumes/SmithL0/2026/BIOL470/Final/Learning_Rig/bee_0408_3/fwd/cam1_2026-04-08_18-36-23.mp4,1033.5,2135.0,825,1777,1242,2493,0.8410078
754,/Volumes/SmithL0/2026/BIOL470/Final/Learning_Rig/bee_0408_3/fwd/cam1_2026-04-08_18-36-23.mp4,1033.5,2135.0,825,1777,1242,2493,0.8397169
755,/Volumes/SmithL0/2026/BIOL470/Final/Learning_Rig/bee_0408_3/fwd/cam1_2026-04-08_18-36-23.mp4,1029.5,2134.5,820,1774,1239,2495,0.83742267
756,/Volumes/SmithL0/2026/BIOL470/Final/Learning_Rig/bee_0408_3/fwd/cam1_2026-04-08_18-36-23.mp4,1033.0,2133.0,826,1777,1240,2489,0.8385257
757,/Volumes/SmithL0/2026/BIOL470/Final/Learning_Rig/bee_0408_3/fwd/cam1_2026-04-08_18-36-23.mp4,1033.0,2131.5,826,1777,1240,2486,0.83820933
758,/Volumes/SmithL0/2026/BIOL470/Final/Learning_Rig/bee_0408_3/fwd/cam1_2026-04-08_18-36-23.mp4,1030.0,2135.0,820,1774,1240,2496,0.8373698
759,/Volumes/SmithL0/2026/BIOL470/Final/Learning_Rig/bee_0408_3/fwd/cam1_2026-04-08_18-36-23.mp4,1029.5,2134.0,821,1773,1238,2495,0.8374609
760,/Volumes/SmithL0/2026/BIOL470/Final/Learning_Rig/bee_0408_3/fwd/cam1_2026-04-08_18-36-23.mp4,1032.5,2133.5,826,1777,1239,2490,0.83730876
761,/Volumes/SmithL0/2026/BIOL470/Final/Learning_Rig/bee_0408_3/fwd/cam1_2026-04-08_18-36-23.mp4,1033.0,2136.5,825,1777,1241,2496,0.83867913
762,/Volumes/SmithL0/2026/BIOL470/Final/Learning_Rig/bee_0408_3/fwd/cam1_2026-04-08_18-36-23.mp4,1033.0,2134.5,824,1777,1242,2492,0.84267926
763,/Volumes/SmithL0/2026/BIOL470/Final/Learning_Rig/bee_0408_3/fwd/cam1_2026-04-08_18-36-23.mp4,1033.0,2132.0,825,1777,1241,2487,0.8414285
764,/Volumes/SmithL0/2026/BIOL470/Final/Learning_Rig/bee_0408_3/fwd/cam1_2026-04-08_18-36-23.mp4,1032.0,2131.5,824,1778,1240,2485,0.83997655
765,/Volumes/SmithL0/2026/BIOL470/Final/Learning_Rig/bee_0408_3/fwd/cam1_2026-04-08_18-36-23.mp4,1032.0,2131.0,825,1777,1239,2485,0.8398661
766,/Volumes/SmithL0/2026/BIOL470/Final/Learning_Rig/bee_0408_3/fwd/cam1_2026-04-08_18-36-23.mp4,1033.0,2132.0,824,1777,1242,2487,0.8443863
767,/Volumes/SmithL0/2026/BIOL470/Final/Learning_Rig/bee_0408_3/fwd/cam1_2026-04-08_18-36-23.mp4,1033.5,2133.0,827,1777,1240,2489,0.84062976
768,/Volumes/SmithL0/2026/BIOL470/Final/Learning_Rig/bee_0408_3/fwd/cam1_2026-04-08_18-36-23.mp4,1033.0,2133.0,826,1777,1240,2489,0.8409397
769,/Volumes/SmithL0/2026/BIOL470/Final/Learning_Rig/bee_0408_3/fwd/cam1_2026-04-08_18-36-23.mp4,1031.5,2135.0,822,1773,1241,2497,0.840503
770,/Volumes/SmithL0/2026/BIOL470/Final/Learning_Rig/bee_0408_3/fwd/cam1_2026-04-08_18-36-23.mp4,1032.5,2133.5,825,1777,1240,2490,0.84052974
771,/Volumes/SmithL0/2026/BIOL470/Final/Learning_Rig/bee_0408_3/fwd/cam1_2026-04-08_18-36-23.mp4,1032.0,2136.5,822,1774,1242,2499,0.8408614
772,/Volumes/SmithL0/2026/BIOL470/Final/Learning_Rig/bee_0408_3/fwd/cam1_2026-04-08_18-36-23.mp4,1032.0,2135.5,822,1774,1242,2497,0.84034425
773,/Volumes/SmithL0/2026/BIOL470/Final/Learning_Rig/bee_0408_3/fwd/cam1_2026-04-08_18-36-23.mp4,1033.0,2136.0,823,1774,1243,2498,0.83997715
774,/Volumes/SmithL0/2026/BIOL470/Final/Learning_Rig/bee_0408_3/fwd/cam1_2026-04-08_18-36-23.mp4,1031.5,2135.0,821,1774,1242,2496,0.84005386
775,/Volumes/SmithL0/2026/BIOL470/Final/Learning_Rig/bee_0408_3/fwd/cam1_2026-04-08_18-36-23.mp4,1031.0,2134.5,821,1774,1241,2495,0.8377081
776,/Volumes/SmithL0/2026/BIOL470/Final/Learning_Rig/bee_0408_3/fwd/cam1_2026-04-08_18-36-23.mp4,1032.5,2131.5,825,1777,1240,2486,0.83871067
777,/Volumes/SmithL0/2026/BIOL470/Final/Learning_Rig/bee_0408_3/fwd/cam1_2026-04-08_18-36-23.mp4,1032.0,2130.5,825,1778,1239,2483,0.84099114
778,/Volumes/SmithL0/2026/BIOL470/Final/Learning_Rig/bee_0408_3/fwd/cam1_2026-04-08_18-36-23.mp4,1033.0,2130.5,825,1777,1241,2484,0.8427082
779,/Volumes/SmithL0/2026/BIOL470/Final/Learning_Rig/bee_0408_3/fwd/cam1_2026-04-08_18-36-23.mp4,1033.5,2132.0,825,1777,1242,2487,0.84251004
780,/Volumes/SmithL0/2026/BIOL470/Final/Learning_Rig/bee_0408_3/fwd/cam1_2026-04-08_18-36-23.mp4,1030.5,2133.5,822,1773,1239,2494,0.8377921
781,/Volumes/SmithL0/2026/BIOL470/Final/Learning_Rig/bee_0408_3/fwd/cam1_2026-04-08_18-36-23.mp4,1031.0,2134.5,823,1774,1239,2495,0.8380952
782,/Volumes/SmithL0/2026/BIOL470/Final/Learning_Rig/bee_0408_3/fwd/cam1_2026-04-08_18-36-23.mp4,1029.0,2135.0,819,1774,1239,2496,0.83755594
783,/Volumes/SmithL0/2026/BIOL470/Final/Learning_Rig/bee_0408_3/fwd/cam1_2026-04-08_18-36-23.mp4,1029.5,2134.5,821,1774,1238,2495,0.8385001
784,/Volumes/SmithL0/2026/BIOL470/Final/Learning_Rig/bee_0408_3/fwd/cam1_2026-04-08_18-36-23.mp4,1029.5,2135.0,821,1774,1238,2496,0.8381403
785,/Volumes/SmithL0/2026/BIOL470/Final/Learning_Rig/bee_0408_3/fwd/cam1_2026-04-08_18-36-23.mp4,1029.5,2137.0,820,1775,1239,2499,0.8371895
786,/Volumes/SmithL0/2026/BIOL470/Final/Learning_Rig/bee_0408_3/fwd/cam1_2026-04-08_18-36-23.mp4,1028.0,2136.5,817,1774,1239,2499,0.83919495
787,/Volumes/SmithL0/2026/BIOL470/Final/Learning_Rig/bee_0408_3/fwd/cam1_2026-04-08_18-36-23.mp4,1028.5,2135.5,820,1774,1237,2497,0.8378292
788,/Volumes/SmithL0/2026/BIOL470/Final/Learning_Rig/bee_0408_3/fwd/cam1_2026-04-08_18-36-23.mp4,1032.0,2133.0,824,1777,1240,2489,0.837438
789,/Volumes/SmithL0/2026/BIOL470/Final/Learning_Rig/bee_0408_3/fwd/cam1_2026-04-08_18-36-23.mp4,1032.0,2133.5,825,1777,1239,2490,0.8381752
790,/Volumes/SmithL0/2026/BIOL470/Final/Learning_Rig/bee_0408_3/fwd/cam1_2026-04-08_18-36-23.mp4,1032.5,2134.5,824,1777,1241,2492,0.8394422
791,/Volumes/SmithL0/2026/BIOL470/Final/Learning_Rig/bee_0408_3/fwd/cam1_2026-04-08_18-36-23.mp4,1032.0,2135.5,823,1777,1241,2494,0.83895224
792,/Volumes/SmithL0/2026/BIOL470/Final/Learning_Rig/bee_0408_3/fwd/cam1_2026-04-08_18-36-23.mp4,1032.0,2133.0,823,1777,1241,2489,0.8392105
793,/Volumes/SmithL0/2026/BIOL470/Final/Learning_Rig/bee_0408_3/fwd/cam1_2026-04-08_18-36-23.mp4,1033.5,2132.5,826,1777,1241,2488,0.8414758
794,/Volumes/SmithL0/2026/BIOL470/Final/Learning_Rig/bee_0408_3/fwd/cam1_2026-04-08_18-36-23.mp4,1033.0,2133.0,825,1777,1241,2489,0.83982915
795,/Volumes/SmithL0/2026/BIOL470/Final/Learning_Rig/bee_0408_3/fwd/cam1_2026-04-08_18-36-23.mp4,1033.0,2134.0,825,1777,1241,2491,0.8387306
796,/Volumes/SmithL0/2026/BIOL470/Final/Learning_Rig/bee_0408_3/fwd/cam1_2026-04-08_18-36-23.mp4,1032.5,2131.5,825,1777,1240,2486,0.8395427
797,/Volumes/SmithL0/2026/BIOL470/Final/Learning_Rig/bee_0408_3/fwd/cam1_2026-04-08_18-36-23.mp4,1032.5,2131.0,825,1777,1240,2485,0.8385056
798,/Volumes/SmithL0/2026/BIOL470/Final/Learning_Rig/bee_0408_3/fwd/cam1_2026-04-08_18-36-23.mp4,1030.5,2133.5,820,1773,1241,2494,0.8385466
799,/Volumes/SmithL0/2026/BIOL470/Final/Learning_Rig/bee_0408_3/fwd/cam1_2026-04-08_18-36-23.mp4,1034.0,2131.5,826,1777,1242,2486,0.8417612
800,/Volumes/SmithL0/2026/BIOL470/Final/Learning_Rig/bee_0408_3/fwd/cam1_2026-04-08_18-36-23.mp4,1033.5,2133.5,825,1777,1242,2490,0.8406589
801,/Volumes/SmithL0/2026/BIOL470/Final/Learning_Rig/bee_0408_3/fwd/cam1_2026-04-08_18-36-23.mp4,1032.0,2134.0,823,1777,1241,2491,0.83837503
802,/Volumes/SmithL0/2026/BIOL470/Final/Learning_Rig/bee_0408_3/fwd/cam1_2026-04-08_18-36-23.mp4,1033.0,2135.5,824,1777,1242,2494,0.83965653
803,/Volumes/SmithL0/2026/BIOL470/Final/Learning_Rig/bee_0408_3/fwd/cam1_2026-04-08_18-36-23.mp4,1032.0,2134.0,824,1773,1240,2495,0.83981514
804,/Volumes/SmithL0/2026/BIOL470/Final/Learning_Rig/bee_0408_3/fwd/cam1_2026-04-08_18-36-23.mp4,1034.0,2133.5,827,1777,1241,2490,0.83923227
805,/Volumes/SmithL0/2026/BIOL470/Final/Learning_Rig/bee_0408_3/fwd/cam1_2026-04-08_18-36-23.mp4,1033.5,2135.0,825,1777,1242,2493,0.83902997
806,/Volumes/SmithL0/2026/BIOL470/Final/Learning_Rig/bee_0408_3/fwd/cam1_2026-04-08_18-36-23.mp4,1033.0,2135.0,825,1777,1241,2493,0.8395766
807,/Volumes/SmithL0/2026/BIOL470/Final/Learning_Rig/bee_0408_3/fwd/cam1_2026-04-08_18-36-23.mp4,1033.5,2135.5,825,1777,1242,2494,0.8415302
808,/Volumes/SmithL0/2026/BIOL470/Final/Learning_Rig/bee_0408_3/fwd/cam1_2026-04-08_18-36-23.mp4,1034.5,2135.5,826,1777,1243,2494,0.8421424
809,/Volumes/SmithL0/2026/BIOL470/Final/Learning_Rig/bee_0408_3/fwd/cam1_2026-04-08_18-36-23.mp4,1034.0,2133.0,825,1777,1243,2489,0.84417063
810,/Volumes/SmithL0/2026/BIOL470/Final/Learning_Rig/bee_0408_3/fwd/cam1_2026-04-08_18-36-23.mp4,1032.5,2130.5,825,1777,1240,2484,0.8410636
811,/Volumes/SmithL0/2026/BIOL470/Final/Learning_Rig/bee_0408_3/fwd/cam1_2026-04-08_18-36-23.mp4,1032.5,2132.5,825,1777,1240,2488,0.83966964
812,/Volumes/SmithL0/2026/BIOL470/Final/Learning_Rig/bee_0408_3/fwd/cam1_2026-04-08_18-36-23.mp4,1032.5,2135.0,823,1774,1242,2496,0.8404232
813,/Volumes/SmithL0/2026/BIOL470/Final/Learning_Rig/bee_0408_3/fwd/cam1_2026-04-08_18-36-23.mp4,1030.5,2135.5,821,1774,1240,2497,0.8401447
814,/Volumes/SmithL0/2026/BIOL470/Final/Learning_Rig/bee_0408_3/fwd/cam1_2026-04-08_18-36-23.mp4,1033.0,2134.5,824,1777,1242,2492,0.84078485
815,/Volumes/SmithL0/2026/BIOL470/Final/Learning_Rig/bee_0408_3/fwd/cam1_2026-04-08_18-36-23.mp4,1031.0,2135.0,821,1773,1241,2497,0.83926594
816,/Volumes/SmithL0/2026/BIOL470/Final/Learning_Rig/bee_0408_3/fwd/cam1_2026-04-08_18-36-23.mp4,1033.5,2135.0,825,1777,1242,2493,0.84034777
817,/Volumes/SmithL0/2026/BIOL470/Final/Learning_Rig/bee_0408_3/fwd/cam1_2026-04-08_18-36-23.mp4,1032.5,2134.0,823,1773,1242,2495,0.84100443
818,/Volumes/SmithL0/2026/BIOL470/Final/Learning_Rig/bee_0408_3/fwd/cam1_2026-04-08_18-36-23.mp4,1034.0,2134.5,825,1777,1243,2492,0.8411284
819,/Volumes/SmithL0/2026/BIOL470/Final/Learning_Rig/bee_0408_3/fwd/cam1_2026-04-08_18-36-23.mp4,1033.5,2134.5,825,1777,1242,2492,0.8391773
820,/Volumes/SmithL0/2026/BIOL470/Final/Learning_Rig/bee_0408_3/fwd/cam1_2026-04-08_18-36-23.mp4,1033.5,2136.0,824,1777,1243,2495,0.84143096
821,/Volumes/SmithL0/2026/BIOL470/Final/Learning_Rig/bee_0408_3/fwd/cam1_2026-04-08_18-36-23.mp4,1034.0,2134.5,825,1777,1243,2492,0.8408806
822,/Volumes/SmithL0/2026/BIOL470/Final/Learning_Rig/bee_0408_3/fwd/cam1_2026-04-08_18-36-23.mp4,1034.0,2135.5,825,1777,1243,2494,0.84260684
823,/Volumes/SmithL0/2026/BIOL470/Final/Learning_Rig/bee_0408_3/fwd/cam1_2026-04-08_18-36-23.mp4,1034.0,2132.5,825,1777,1243,2488,0.8443408
824,/Volumes/SmithL0/2026/BIOL470/Final/Learning_Rig/bee_0408_3/fwd/cam1_2026-04-08_18-36-23.mp4,1034.0,2134.5,825,1777,1243,2492,0.8422107
825,/Volumes/SmithL0/2026/BIOL470/Final/Learning_Rig/bee_0408_3/fwd/cam1_2026-04-08_18-36-23.mp4,1033.5,2133.5,825,1777,1242,2490,0.84025556
826,/Volumes/SmithL0/2026/BIOL470/Final/Learning_Rig/bee_0408_3/fwd/cam1_2026-04-08_18-36-23.mp4,1033.5,2132.5,825,1777,1242,2488,0.8393567
827,/Volumes/SmithL0/2026/BIOL470/Final/Learning_Rig/bee_0408_3/fwd/cam1_2026-04-08_18-36-23.mp4,1031.5,2134.5,822,1774,1241,2495,0.84020704
828,/Volumes/SmithL0/2026/BIOL470/Final/Learning_Rig/bee_0408_3/fwd/cam1_2026-04-08_18-36-23.mp4,1030.0,2135.0,818,1774,1242,2496,0.84070724
829,/Volumes/SmithL0/2026/BIOL470/Final/Learning_Rig/bee_0408_3/fwd/cam1_2026-04-08_18-36-23.mp4,1034.5,2134.5,826,1777,1243,2492,0.8425332
830,/Volumes/SmithL0/2026/BIOL470/Final/Learning_Rig/bee_0408_3/fwd/cam1_2026-04-08_18-36-23.mp4,1034.5,2134.0,827,1778,1242,2490,0.84169936
831,/Volumes/SmithL0/2026/BIOL470/Final/Learning_Rig/bee_0408_3/fwd/cam1_2026-04-08_18-36-23.mp4,1033.5,2134.0,824,1777,1243,2491,0.8419294
832,/Volumes/SmithL0/2026/BIOL470/Final/Learning_Rig/bee_0408_3/fwd/cam1_2026-04-08_18-36-23.mp4,1033.5,2134.0,825,1777,1242,2491,0.8435043
833,/Volumes/SmithL0/2026/BIOL470/Final/Learning_Rig/bee_0408_3/fwd/cam1_2026-04-08_18-36-23.mp4,1032.0,2135.0,824,1777,1240,2493,0.8368255
834,/Volumes/SmithL0/2026/BIOL470/Final/Learning_Rig/bee_0408_3/fwd/cam1_2026-04-08_18-36-23.mp4,1032.0,2134.5,824,1777,1240,2492,0.8379606
835,/Volumes/SmithL0/2026/BIOL470/Final/Learning_Rig/bee_0408_3/fwd/cam1_2026-04-08_18-36-23.mp4,1032.0,2133.0,824,1777,1240,2489,0.8384884
836,/Volumes/SmithL0/2026/BIOL470/Final/Learning_Rig/bee_0408_3/fwd/cam1_2026-04-08_18-36-23.mp4,1031.0,2132.5,824,1777,1238,2488,0.83580285
837,/Volumes/SmithL0/2026/BIOL470/Final/Learning_Rig/bee_0408_3/fwd/cam1_2026-04-08_18-36-23.mp4,1031.0,2128.0,823,1778,1239,2478,0.8398537
838,/Volumes/SmithL0/2026/BIOL470/Final/Learning_Rig/bee_0408_3/fwd/cam1_2026-04-08_18-36-23.mp4,1032.0,2130.5,825,1777,1239,2484,0.83823395
839,/Volumes/SmithL0/2026/BIOL470/Final/Learning_Rig/bee_0408_3/fwd/cam1_2026-04-08_18-36-23.mp4,1032.0,2132.0,824,1777,1240,2487,0.83853024
840,/Volumes/SmithL0/2026/BIOL470/Final/Learning_Rig/bee_0408_3/fwd/cam1_2026-04-08_18-36-23.mp4,1028.5,2135.0,816,1773,1241,2497,0.83816665
841,/Volumes/SmithL0/2026/BIOL470/Final/Learning_Rig/bee_0408_3/fwd/cam1_2026-04-08_18-36-23.mp4,1032.5,2134.0,823,1777,1242,2491,0.83995205
842,/Volumes/SmithL0/2026/BIOL470/Final/Learning_Rig/bee_0408_3/fwd/cam1_2026-04-08_18-36-23.mp4,1032.0,2134.5,822,1777,1242,2492,0.8384119
843,/Volumes/SmithL0/2026/BIOL470/Final/Learning_Rig/bee_0408_3/fwd/cam1_2026-04-08_18-36-23.mp4,1033.0,2132.0,824,1777,1242,2487,0.8382351
844,/Volumes/SmithL0/2026/BIOL470/Final/Learning_Rig/bee_0408_3/fwd/cam1_2026-04-08_18-36-23.mp4,1032.5,2129.5,823,1777,1242,2482,0.8397165
845,/Volumes/SmithL0/2026/BIOL470/Final/Learning_Rig/bee_0408_3/fwd/cam1_2026-04-08_18-36-23.mp4,1032.0,2129.5,824,1777,1240,2482,0.83751506
846,/Volumes/SmithL0/2026/BIOL470/Final/Learning_Rig/bee_0408_3/fwd/cam1_2026-04-08_18-36-23.mp4,1031.5,2130.5,823,1777,1240,2484,0.8385275
847,/Volumes/SmithL0/2026/BIOL470/Final/Learning_Rig/bee_0408_3/fwd/cam1_2026-04-08_18-36-23.mp4,1032.0,2133.0,823,1777,1241,2489,0.8398423
848,/Volumes/SmithL0/2026/BIOL470/Final/Learning_Rig/bee_0408_3/fwd/cam1_2026-04-08_18-36-23.mp4,1032.0,2130.5,824,1777,1240,2484,0.8383861
849,/Volumes/SmithL0/2026/BIOL470/Final/Learning_Rig/bee_0408_3/fwd/cam1_2026-04-08_18-36-23.mp4,1031.5,2132.0,824,1777,1239,2487,0.8347087
850,/Volumes/SmithL0/2026/BIOL470/Final/Learning_Rig/bee_0408_3/fwd/cam1_2026-04-08_18-36-23.mp4,1032.5,2132.0,825,1777,1240,2487,0.83722234
851,/Volumes/SmithL0/2026/BIOL470/Final/Learning_Rig/bee_0408_3/fwd/cam1_2026-04-08_18-36-23.mp4,1032.0,2130.5,824,1777,1240,2484,0.83847284
852,/Volumes/SmithL0/2026/BIOL470/Final/Learning_Rig/bee_0408_3/fwd/cam1_2026-04-08_18-36-23.mp4,1031.5,2130.5,824,1777,1239,2484,0.83713543
853,/Volumes/SmithL0/2026/BIOL470/Final/Learning_Rig/bee_0408_3/fwd/cam1_2026-04-08_18-36-23.mp4,1030.0,2134.5,821,1773,1239,2496,0.83558375
854,/Volumes/SmithL0/2026/BIOL470/Final/Learning_Rig/bee_0408_3/fwd/cam1_2026-04-08_18-36-23.mp4,1031.5,2131.0,824,1777,1239,2485,0.83680505
855,/Volumes/SmithL0/2026/BIOL470/Final/Learning_Rig/bee_0408_3/fwd/cam1_2026-04-08_18-36-23.mp4,1032.0,2132.5,825,1777,1239,2488,0.8371044
856,/Volumes/SmithL0/2026/BIOL470/Final/Learning_Rig/bee_0408_3/fwd/cam1_2026-04-08_18-36-23.mp4,1032.0,2132.5,825,1777,1239,2488,0.8382275
857,/Volumes/SmithL0/2026/BIOL470/Final/Learning_Rig/bee_0408_3/fwd/cam1_2026-04-08_18-36-23.mp4,1032.5,2130.5,825,1777,1240,2484,0.84060264
858,/Volumes/SmithL0/2026/BIOL470/Final/Learning_Rig/bee_0408_3/fwd/cam1_2026-04-08_18-36-23.mp4,1032.0,2132.5,824,1777,1240,2488,0.840588
859,/Volumes/SmithL0/2026/BIOL470/Final/Learning_Rig/bee_0408_3/fwd/cam1_2026-04-08_18-36-23.mp4,1033.0,2132.5,826,1777,1240,2488,0.8408398
860,/Volumes/SmithL0/2026/BIOL470/Final/Learning_Rig/bee_0408_3/fwd/cam1_2026-04-08_18-36-23.mp4,1031.5,2135.0,823,1774,1240,2496,0.84041506
861,/Volumes/SmithL0/2026/BIOL470/Final/Learning_Rig/bee_0408_3/fwd/cam1_2026-04-08_18-36-23.mp4,1034.0,2134.0,827,1777,1241,2491,0.84061635
862,/Volumes/SmithL0/2026/BIOL470/Final/Learning_Rig/bee_0408_3/fwd/cam1_2026-04-08_18-36-23.mp4,1033.5,2132.5,826,1777,1241,2488,0.8401496
863,/Volumes/SmithL0/2026/BIOL470/Final/Learning_Rig/bee_0408_3/fwd/cam1_2026-04-08_18-36-23.mp4,1031.5,2134.0,822,1773,1241,2495,0.83920574
864,/Volumes/SmithL0/2026/BIOL470/Final/Learning_Rig/bee_0408_3/fwd/cam1_2026-04-08_18-36-23.mp4,1033.0,2131.5,826,1777,1240,2486,0.8387085
865,/Volumes/SmithL0/2026/BIOL470/Final/Learning_Rig/bee_0408_3/fwd/cam1_2026-04-08_18-36-23.mp4,1032.5,2131.0,826,1777,1239,2485,0.8379704
866,/Volumes/SmithL0/2026/BIOL470/Final/Learning_Rig/bee_0408_3/fwd/cam1_2026-04-08_18-36-23.mp4,1032.0,2132.0,826,1777,1238,2487,0.8383126
867,/Volumes/SmithL0/2026/BIOL470/Final/Learning_Rig/bee_0408_3/fwd/cam1_2026-04-08_18-36-23.mp4,1031.0,2133.0,822,1772,1240,2494,0.8367938
868,/Volumes/SmithL0/2026/BIOL470/Final/Learning_Rig/bee_0408_3/fwd/cam1_2026-04-08_18-36-23.mp4,1033.0,2131.5,826,1777,1240,2486,0.8387222
869,/Volumes/SmithL0/2026/BIOL470/Final/Learning_Rig/bee_0408_3/fwd/cam1_2026-04-08_18-36-23.mp4,1033.0,2132.5,826,1777,1240,2488,0.84194756
870,/Volumes/SmithL0/2026/BIOL470/Final/Learning_Rig/bee_0408_3/fwd/cam1_2026-04-08_18-36-23.mp4,1033.5,2132.5,825,1777,1242,2488,0.84101725
871,/Volumes/SmithL0/2026/BIOL470/Final/Learning_Rig/bee_0408_3/fwd/cam1_2026-04-08_18-36-23.mp4,1034.0,2134.0,826,1777,1242,2491,0.8415328
872,/Volumes/SmithL0/2026/BIOL470/Final/Learning_Rig/bee_0408_3/fwd/cam1_2026-04-08_18-36-23.mp4,1033.5,2135.0,826,1777,1241,2493,0.8409236
873,/Volumes/SmithL0/2026/BIOL470/Final/Learning_Rig/bee_0408_3/fwd/cam1_2026-04-08_18-36-23.mp4,1031.5,2134.0,821,1773,1242,2495,0.8403085
874,/Volumes/SmithL0/2026/BIOL470/Final/Learning_Rig/bee_0408_3/fwd/cam1_2026-04-08_18-36-23.mp4,1031.5,2134.0,821,1773,1242,2495,0.8402117
875,/Volumes/SmithL0/2026/BIOL470/Final/Learning_Rig/bee_0408_3/fwd/cam1_2026-04-08_18-36-23.mp4,1031.5,2134.5,822,1774,1241,2495,0.84019715
876,/Volumes/SmithL0/2026/BIOL470/Final/Learning_Rig/bee_0408_3/fwd/cam1_2026-04-08_18-36-23.mp4,1029.5,2136.0,819,1774,1240,2498,0.8372729
877,/Volumes/SmithL0/2026/BIOL470/Final/Learning_Rig/bee_0408_3/fwd/cam1_2026-04-08_18-36-23.mp4,1028.0,2135.5,817,1774,1239,2497,0.8376905
878,/Volumes/SmithL0/2026/BIOL470/Final/Learning_Rig/bee_0408_3/fwd/cam1_2026-04-08_18-36-23.mp4,1029.5,2135.5,819,1774,1240,2497,0.83698094
879,/Volumes/SmithL0/2026/BIOL470/Final/Learning_Rig/bee_0408_3/fwd/cam1_2026-04-08_18-36-23.mp4,1028.5,2135.5,818,1774,1239,2497,0.8353638
880,/Volumes/SmithL0/2026/BIOL470/Final/Learning_Rig/bee_0408_3/fwd/cam1_2026-04-08_18-36-23.mp4,1032.5,2135.0,825,1777,1240,2493,0.83596236
881,/Volumes/SmithL0/2026/BIOL470/Final/Learning_Rig/bee_0408_3/fwd/cam1_2026-04-08_18-36-23.mp4,1032.5,2132.5,826,1777,1239,2488,0.8375799
882,/Volumes/SmithL0/2026/BIOL470/Final/Learning_Rig/bee_0408_3/fwd/cam1_2026-04-08_18-36-23.mp4,1032.0,2131.0,825,1777,1239,2485,0.8387614
883,/Volumes/SmithL0/2026/BIOL470/Final/Learning_Rig/bee_0408_3/fwd/cam1_2026-04-08_18-36-23.mp4,1030.0,2134.5,822,1774,1238,2495,0.83710253
884,/Volumes/SmithL0/2026/BIOL470/Final/Learning_Rig/bee_0408_3/fwd/cam1_2026-04-08_18-36-23.mp4,1028.5,2133.0,820,1773,1237,2493,0.83780015
885,/Volumes/SmithL0/2026/BIOL470/Final/Learning_Rig/bee_0408_3/fwd/cam1_2026-04-08_18-36-23.mp4,1029.5,2133.5,821,1773,1238,2494,0.83785385
886,/Volumes/SmithL0/2026/BIOL470/Final/Learning_Rig/bee_0408_3/fwd/cam1_2026-04-08_18-36-23.mp4,1029.0,2133.5,821,1774,1237,2493,0.8377629
887,/Volumes/SmithL0/2026/BIOL470/Final/Learning_Rig/bee_0408_3/fwd/cam1_2026-04-08_18-36-23.mp4,1030.5,2133.5,822,1773,1239,2494,0.83719504
888,/Volumes/SmithL0/2026/BIOL470/Final/Learning_Rig/bee_0408_3/fwd/cam1_2026-04-08_18-36-23.mp4,1029.5,2135.5,820,1774,1239,2497,0.83781034
889,/Volumes/SmithL0/2026/BIOL470/Final/Learning_Rig/bee_0408_3/fwd/cam1_2026-04-08_18-36-23.mp4,1030.0,2137.5,820,1774,1240,2501,0.83892614
890,/Volumes/SmithL0/2026/BIOL470/Final/Learning_Rig/bee_0408_3/fwd/cam1_2026-04-08_18-36-23.mp4,1029.5,2136.5,819,1773,1240,2500,0.8390063
891,/Volumes/SmithL0/2026/BIOL470/Final/Learning_Rig/bee_0408_3/fwd/cam1_2026-04-08_18-36-23.mp4,1028.5,2134.5,818,1773,1239,2496,0.8382368
892,/Volumes/SmithL0/2026/BIOL470/Final/Learning_Rig/bee_0408_3/fwd/cam1_2026-04-08_18-36-23.mp4,1031.5,2132.0,824,1777,1239,2487,0.8370323
893,/Volumes/SmithL0/2026/BIOL470/Final/Learning_Rig/bee_0408_3/fwd/cam1_2026-04-08_18-36-23.mp4,1029.0,2133.5,820,1772,1238,2495,0.83745223
894,/Volumes/SmithL0/2026/BIOL470/Final/Learning_Rig/bee_0408_3/fwd/cam1_2026-04-08_18-36-23.mp4,1032.0,2130.0,825,1777,1239,2483,0.8392699
895,/Volumes/SmithL0/2026/BIOL470/Final/Learning_Rig/bee_0408_3/fwd/cam1_2026-04-08_18-36-23.mp4,1031.5,2131.0,824,1777,1239,2485,0.8376878
896,/Volumes/SmithL0/2026/BIOL470/Final/Learning_Rig/bee_0408_3/fwd/cam1_2026-04-08_18-36-23.mp4,1027.5,2133.5,816,1774,1239,2493,0.83729446
897,/Volumes/SmithL0/2026/BIOL470/Final/Learning_Rig/bee_0408_3/fwd/cam1_2026-04-08_18-36-23.mp4,1029.0,2133.0,819,1773,1239,2493,0.8375965
898,/Volumes/SmithL0/2026/BIOL470/Final/Learning_Rig/bee_0408_3/fwd/cam1_2026-04-08_18-36-23.mp4,1033.0,2132.0,826,1777,1240,2487,0.84061754
899,/Volumes/SmithL0/2026/BIOL470/Final/Learning_Rig/bee_0408_3/fwd/cam1_2026-04-08_18-36-23.mp4,1033.5,2132.5,826,1777,1241,2488,0.8395335
900,/Volumes/SmithL0/2026/BIOL470/Final/Learning_Rig/bee_0408_3/fwd/cam1_2026-04-08_18-36-23.mp4,1034.0,2132.0,826,1777,1242,2487,0.8429408
901,/Volumes/SmithL0/2026/BIOL470/Final/Learning_Rig/bee_0408_3/fwd/cam1_2026-04-08_18-36-23.mp4,1032.5,2132.5,824,1777,1241,2488,0.84131694
902,/Volumes/SmithL0/2026/BIOL470/Final/Learning_Rig/bee_0408_3/fwd/cam1_2026-04-08_18-36-23.mp4,1032.5,2133.5,824,1777,1241,2490,0.83915365
903,/Volumes/SmithL0/2026/BIOL470/Final/Learning_Rig/bee_0408_3/fwd/cam1_2026-04-08_18-36-23.mp4,1032.5,2133.0,824,1777,1241,2489,0.8407533
904,/Volumes/SmithL0/2026/BIOL470/Final/Learning_Rig/bee_0408_3/fwd/cam1_2026-04-08_18-36-23.mp4,1031.5,2131.5,823,1777,1240,2486,0.8414452
905,/Volumes/SmithL0/2026/BIOL470/Final/Learning_Rig/bee_0408_3/fwd/cam1_2026-04-08_18-36-23.mp4,1032.0,2131.5,823,1777,1241,2486,0.83950746
906,/Volumes/SmithL0/2026/BIOL470/Final/Learning_Rig/bee_0408_3/fwd/cam1_2026-04-08_18-36-23.mp4,1031.5,2130.5,823,1777,1240,2484,0.8399418
907,/Volumes/SmithL0/2026/BIOL470/Final/Learning_Rig/bee_0408_3/fwd/cam1_2026-04-08_18-36-23.mp4,1032.5,2133.0,824,1777,1241,2489,0.8389644
908,/Volumes/SmithL0/2026/BIOL470/Final/Learning_Rig/bee_0408_3/fwd/cam1_2026-04-08_18-36-23.mp4,1031.5,2132.5,822,1777,1241,2488,0.83895004
909,/Volumes/SmithL0/2026/BIOL470/Final/Learning_Rig/bee_0408_3/fwd/cam1_2026-04-08_18-36-23.mp4,1033.5,2132.0,825,1777,1242,2487,0.83930415
910,/Volumes/SmithL0/2026/BIOL470/Final/Learning_Rig/bee_0408_3/fwd/cam1_2026-04-08_18-36-23.mp4,1032.5,2130.0,825,1777,1240,2483,0.83866864
911,/Volumes/SmithL0/2026/BIOL470/Final/Learning_Rig/bee_0408_3/fwd/cam1_2026-04-08_18-36-23.mp4,1032.5,2131.5,825,1777,1240,2486,0.8382736
912,/Volumes/SmithL0/2026/BIOL470/Final/Learning_Rig/bee_0408_3/fwd/cam1_2026-04-08_18-36-23.mp4,1032.5,2129.5,825,1777,1240,2482,0.839474
913,/Volumes/SmithL0/2026/BIOL470/Final/Learning_Rig/bee_0408_3/fwd/cam1_2026-04-08_18-36-23.mp4,1033.0,2130.5,825,1777,1241,2484,0.84054214
914,/Volumes/SmithL0/2026/BIOL470/Final/Learning_Rig/bee_0408_3/fwd/cam1_2026-04-08_18-36-23.mp4,1033.5,2133.0,826,1777,1241,2489,0.84076345
915,/Volumes/SmithL0/2026/BIOL470/Final/Learning_Rig/bee_0408_3/fwd/cam1_2026-04-08_18-36-23.mp4,1032.5,2134.0,823,1773,1242,2495,0.84156626
916,/Volumes/SmithL0/2026/BIOL470/Final/Learning_Rig/bee_0408_3/fwd/cam1_2026-04-08_18-36-23.mp4,1031.5,2135.0,822,1774,1241,2496,0.84015554
917,/Volumes/SmithL0/2026/BIOL470/Final/Learning_Rig/bee_0408_3/fwd/cam1_2026-04-08_18-36-23.mp4,1030.5,2136.0,821,1775,1240,2497,0.83958673
918,/Volumes/SmithL0/2026/BIOL470/Final/Learning_Rig/bee_0408_3/fwd/cam1_2026-04-08_18-36-23.mp4,1033.5,2135.0,825,1774,1242,2496,0.8407145
919,/Volumes/SmithL0/2026/BIOL470/Final/Learning_Rig/bee_0408_3/fwd/cam1_2026-04-08_18-36-23.mp4,1030.5,2135.0,820,1774,1241,2496,0.84038264
920,/Volumes/SmithL0/2026/BIOL470/Final/Learning_Rig/bee_0408_3/fwd/cam1_2026-04-08_18-36-23.mp4,1033.0,2135.0,824,1777,1242,2493,0.8417656
921,/Volumes/SmithL0/2026/BIOL470/Final/Learning_Rig/bee_0408_3/fwd/cam1_2026-04-08_18-36-23.mp4,1033.5,2131.5,825,1777,1242,2486,0.8434773
922,/Volumes/SmithL0/2026/BIOL470/Final/Learning_Rig/bee_0408_3/fwd/cam1_2026-04-08_18-36-23.mp4,1033.0,2132.0,824,1777,1242,2487,0.84304494
923,/Volumes/SmithL0/2026/BIOL470/Final/Learning_Rig/bee_0408_3/fwd/cam1_2026-04-08_18-36-23.mp4,1032.5,2132.5,824,1777,1241,2488,0.8405167
924,/Volumes/SmithL0/2026/BIOL470/Final/Learning_Rig/bee_0408_3/fwd/cam1_2026-04-08_18-36-23.mp4,1034.0,2131.5,826,1777,1242,2486,0.8426755
925,/Volumes/SmithL0/2026/BIOL470/Final/Learning_Rig/bee_0408_3/fwd/cam1_2026-04-08_18-36-23.mp4,1034.5,2133.0,827,1777,1242,2489,0.8424259
926,/Volumes/SmithL0/2026/BIOL470/Final/Learning_Rig/bee_0408_3/fwd/cam1_2026-04-08_18-36-23.mp4,1034.5,2135.0,827,1777,1242,2493,0.84108275
927,/Volumes/SmithL0/2026/BIOL470/Final/Learning_Rig/bee_0408_3/fwd/cam1_2026-04-08_18-36-23.mp4,1034.0,2135.5,827,1777,1241,2494,0.8397879
928,/Volumes/SmithL0/2026/BIOL470/Final/Learning_Rig/bee_0408_3/fwd/cam1_2026-04-08_18-36-23.mp4,1029.5,2136.0,818,1774,1241,2498,0.83939224
929,/Volumes/SmithL0/2026/BIOL470/Final/Learning_Rig/bee_0408_3/fwd/cam1_2026-04-08_18-36-23.mp4,1030.0,2133.5,820,1773,1240,2494,0.8394885
930,/Volumes/SmithL0/2026/BIOL470/Final/Learning_Rig/bee_0408_3/fwd/cam1_2026-04-08_18-36-23.mp4,1032.0,2131.5,824,1777,1240,2486,0.83804536
931,/Volumes/SmithL0/2026/BIOL470/Final/Learning_Rig/bee_0408_3/fwd/cam1_2026-04-08_18-36-23.mp4,1028.0,2134.5,817,1773,1239,2496,0.83494365
932,/Volumes/SmithL0/2026/BIOL470/Final/Learning_Rig/bee_0408_3/fwd/cam1_2026-04-08_18-36-23.mp4,1027.5,2135.5,815,1774,1240,2497,0.8344148
933,/Volumes/SmithL0/2026/BIOL470/Final/Learning_Rig/bee_0408_3/fwd/cam1_2026-04-08_18-36-23.mp4,1029.5,2135.0,818,1773,1241,2497,0.8385398
934,/Volumes/SmithL0/2026/BIOL470/Final/Learning_Rig/bee_0408_3/fwd/cam1_2026-04-08_18-36-23.mp4,1031.0,2134.5,820,1773,1242,2496,0.8385648
935,/Volumes/SmithL0/2026/BIOL470/Final/Learning_Rig/bee_0408_3/fwd/cam1_2026-04-08_18-36-23.mp4,1033.5,2134.5,826,1777,1241,2492,0.83818614
936,/Volumes/SmithL0/2026/BIOL470/Final/Learning_Rig/bee_0408_3/fwd/cam1_2026-04-08_18-36-23.mp4,1033.5,2131.5,826,1777,1241,2486,0.84141105
937,/Volumes/SmithL0/2026/BIOL470/Final/Learning_Rig/bee_0408_3/fwd/cam1_2026-04-08_18-36-23.mp4,1033.0,2131.0,825,1777,1241,2485,0.8399576
938,/Volumes/SmithL0/2026/BIOL470/Final/Learning_Rig/bee_0408_3/fwd/cam1_2026-04-08_18-36-23.mp4,1033.0,2131.0,826,1777,1240,2485,0.8409947
939,/Volumes/SmithL0/2026/BIOL470/Final/Learning_Rig/bee_0408_3/fwd/cam1_2026-04-08_18-36-23.mp4,1033.0,2133.0,826,1777,1240,2489,0.8399348
940,/Volumes/SmithL0/2026/BIOL470/Final/Learning_Rig/bee_0408_3/fwd/cam1_2026-04-08_18-36-23.mp4,1034.0,2133.0,826,1777,1242,2489,0.8414269
941,/Volumes/SmithL0/2026/BIOL470/Final/Learning_Rig/bee_0408_3/fwd/cam1_2026-04-08_18-36-23.mp4,1032.5,2133.0,824,1777,1241,2489,0.8407648
942,/Volumes/SmithL0/2026/BIOL470/Final/Learning_Rig/bee_0408_3/fwd/cam1_2026-04-08_18-36-23.mp4,1033.5,2134.0,824,1777,1243,2491,0.84243053
943,/Volumes/SmithL0/2026/BIOL470/Final/Learning_Rig/bee_0408_3/fwd/cam1_2026-04-08_18-36-23.mp4,1032.0,2137.0,823,1777,1241,2497,0.8357475
944,/Volumes/SmithL0/2026/BIOL470/Final/Learning_Rig/bee_0408_3/fwd/cam1_2026-04-08_18-36-23.mp4,1032.5,2134.5,824,1777,1241,2492,0.8388213
945,/Volumes/SmithL0/2026/BIOL470/Final/Learning_Rig/bee_0408_3/fwd/cam1_2026-04-08_18-36-23.mp4,1032.0,2133.0,824,1777,1240,2489,0.8383632
946,/Volumes/SmithL0/2026/BIOL470/Final/Learning_Rig/bee_0408_3/fwd/cam1_2026-04-08_18-36-23.mp4,1033.0,2132.0,824,1777,1242,2487,0.8432925
947,/Volumes/SmithL0/2026/BIOL470/Final/Learning_Rig/bee_0408_3/fwd/cam1_2026-04-08_18-36-23.mp4,1033.5,2131.5,825,1777,1242,2486,0.84140766
948,/Volumes/SmithL0/2026/BIOL470/Final/Learning_Rig/bee_0408_3/fwd/cam1_2026-04-08_18-36-23.mp4,1032.5,2131.0,824,1777,1241,2485,0.8409599
949,/Volumes/SmithL0/2026/BIOL470/Final/Learning_Rig/bee_0408_3/fwd/cam1_2026-04-08_18-36-23.mp4,1033.0,2132.0,826,1777,1240,2487,0.83938617
950,/Volumes/SmithL0/2026/BIOL470/Final/Learning_Rig/bee_0408_3/fwd/cam1_2026-04-08_18-36-23.mp4,1032.5,2131.0,827,1777,1238,2485,0.8377521
951,/Volumes/SmithL0/2026/BIOL470/Final/Learning_Rig/bee_0408_3/fwd/cam1_2026-04-08_18-36-23.mp4,1032.0,2131.5,825,1777,1239,2486,0.83933365
952,/Volumes/SmithL0/2026/BIOL470/Final/Learning_Rig/bee_0408_3/fwd/cam1_2026-04-08_18-36-23.mp4,1032.0,2132.0,825,1777,1239,2487,0.8382291
953,/Volumes/SmithL0/2026/BIOL470/Final/Learning_Rig/bee_0408_3/fwd/cam1_2026-04-08_18-36-23.mp4,1032.5,2131.5,825,1777,1240,2486,0.8409428
954,/Volumes/SmithL0/2026/BIOL470/Final/Learning_Rig/bee_0408_3/fwd/cam1_2026-04-08_18-36-23.mp4,1032.0,2130.0,824,1777,1240,2483,0.843515
955,/Volumes/SmithL0/2026/BIOL470/Final/Learning_Rig/bee_0408_3/fwd/cam1_2026-04-08_18-36-23.mp4,1033.0,2131.0,825,1777,1241,2485,0.8446495
956,/Volumes/SmithL0/2026/BIOL470/Final/Learning_Rig/bee_0408_3/fwd/cam1_2026-04-08_18-36-23.mp4,1033.0,2133.0,826,1777,1240,2489,0.8424467
957,/Volumes/SmithL0/2026/BIOL470/Final/Learning_Rig/bee_0408_3/fwd/cam1_2026-04-08_18-36-23.mp4,1031.5,2131.5,823,1777,1240,2486,0.8431762
958,/Volumes/SmithL0/2026/BIOL470/Final/Learning_Rig/bee_0408_3/fwd/cam1_2026-04-08_18-36-23.mp4,1031.5,2129.0,822,1777,1241,2481,0.84336436
959,/Volumes/SmithL0/2026/BIOL470/Final/Learning_Rig/bee_0408_3/fwd/cam1_2026-04-08_18-36-23.mp4,1032.5,2129.5,824,1777,1241,2482,0.84416497
960,/Volumes/SmithL0/2026/BIOL470/Final/Learning_Rig/bee_0408_3/fwd/cam1_2026-04-08_18-36-23.mp4,1031.0,2127.0,823,1777,1239,2477,0.8404346
