,filepath,x_centroid,y_centroid,x_min,y_min,x_max,y_max,detection_confidence
0,/Volumes/SmithL0/2026/BIOL470/Final/Learning_Rig/bee_0408_3/fwd/cam1_2026-04-08_18-30-11.mp4,1662.0,1703.5,1322,1360,2002,2047,0.81519806
1,/Volumes/SmithL0/2026/BIOL470/Final/Learning_Rig/bee_0408_3/fwd/cam1_2026-04-08_18-30-11.mp4,1654.5,1743.5,1308,1412,2001,2075,0.8273891
2,/Volumes/SmithL0/2026/BIOL470/Final/Learning_Rig/bee_0408_3/fwd/cam1_2026-04-08_18-30-11.mp4,1664.5,1755.0,1325,1417,2004,2093,0.82297957
3,/Volumes/SmithL0/2026/BIOL470/Final/Learning_Rig/bee_0408_3/fwd/cam1_2026-04-08_18-30-11.mp4,1670.5,1763.5,1340,1433,2001,2094,0.8015377
4,/Volumes/SmithL0/2026/BIOL470/Final/Learning_Rig/bee_0408_3/fwd/cam1_2026-04-08_18-30-11.mp4,1669.5,1735.0,1338,1382,2001,2088,0.79054683
5,/Volumes/SmithL0/2026/BIOL470/Final/Learning_Rig/bee_0408_3/fwd/cam1_2026-04-08_18-30-11.mp4,1667.0,1773.5,1323,1461,2011,2086,0.8206635
6,/Volumes/SmithL0/2026/BIOL470/Final/Learning_Rig/bee_0408_3/fwd/cam1_2026-04-08_18-30-11.mp4,1667.5,1776.0,1333,1464,2002,2088,0.8175094
7,/Volumes/SmithL0/2026/BIOL470/Final/Learning_Rig/bee_0408_3/fwd/cam1_2026-04-08_18-30-11.mp4,1669.0,1778.5,1338,1467,2000,2090,0.81411403
8,/Volumes/SmithL0/2026/BIOL470/Final/Learning_Rig/bee_0408_3/fwd/cam1_2026-04-08_18-30-11.mp4,1674.5,1794.0,1350,1475,1999,2113,0.80267173
9,/Volumes/SmithL0/2026/BIOL470/Final/Learning_Rig/bee_0408_3/fwd/cam1_2026-04-08_18-30-11.mp4,1676.0,1791.0,1351,1468,2001,2114,0.80988467
10,/Volumes/SmithL0/2026/BIOL470/Final/Learning_Rig/bee_0408_3/fwd/cam1_2026-04-08_18-30-11.mp4,1679.0,1789.5,1358,1464,2000,2115,0.80284727
11,/Volumes/SmithL0/2026/BIOL470/Final/Learning_Rig/bee_0408_3/fwd/cam1_2026-04-08_18-30-11.mp4,1681.5,1792.0,1368,1466,1995,2118,0.8001441
12,/Volumes/SmithL0/2026/BIOL470/Final/Learning_Rig/bee_0408_3/fwd/cam1_2026-04-08_18-30-11.mp4,1679.0,1791.5,1364,1462,1994,2121,0.7994426
13,/Volumes/SmithL0/2026/BIOL470/Final/Learning_Rig/bee_0408_3/fwd/cam1_2026-04-08_18-30-11.mp4,1688.0,1795.5,1380,1461,1996,2130,0.7949073
14,/Volumes/SmithL0/2026/BIOL470/Final/Learning_Rig/bee_0408_3/fwd/cam1_2026-04-08_18-30-11.mp4,1707.0,1805.0,1387,1472,2027,2138,0.77756447
15,/Volumes/SmithL0/2026/BIOL470/Final/Learning_Rig/bee_0408_3/fwd/cam1_2026-04-08_18-30-11.mp4,1718.0,1814.0,1393,1484,2043,2144,0.82316726
16,/Volumes/SmithL0/2026/BIOL470/Final/Learning_Rig/bee_0408_3/fwd/cam1_2026-04-08_18-30-11.mp4,1711.0,1820.0,1390,1492,2032,2148,0.83894026
17,/Volumes/SmithL0/2026/BIOL470/Final/Learning_Rig/bee_0408_3/fwd/cam1_2026-04-08_18-30-11.mp4,1722.0,1819.5,1393,1488,2051,2151,0.81895936
18,/Volumes/SmithL0/2026/BIOL470/Final/Learning_Rig/bee_0408_3/fwd/cam1_2026-04-08_18-30-11.mp4,1703.5,1807.5,1404,1465,2003,2150,0.8103712
19,/Volumes/SmithL0/2026/BIOL470/Final/Learning_Rig/bee_0408_3/fwd/cam1_2026-04-08_18-30-11.mp4,1739.5,1818.5,1432,1487,2047,2150,0.8230524
20,/Volumes/SmithL0/2026/BIOL470/Final/Learning_Rig/bee_0408_3/fwd/cam1_2026-04-08_18-30-11.mp4,1742.0,1832.5,1437,1496,2047,2169,0.8197324
21,/Volumes/SmithL0/2026/BIOL470/Final/Learning_Rig/bee_0408_3/fwd/cam1_2026-04-08_18-30-11.mp4,1743.0,1860.5,1434,1531,2052,2190,0.8280488
22,/Volumes/SmithL0/2026/BIOL470/Final/Learning_Rig/bee_0408_3/fwd/cam1_2026-04-08_18-30-11.mp4,1752.5,1890.0,1427,1556,2078,2224,0.80818737
23,/Volumes/SmithL0/2026/BIOL470/Final/Learning_Rig/bee_0408_3/fwd/cam1_2026-04-08_18-30-11.mp4,1752.0,1889.5,1419,1553,2085,2226,0.81200355
24,/Volumes/SmithL0/2026/BIOL470/Final/Learning_Rig/bee_0408_3/fwd/cam1_2026-04-08_18-30-11.mp4,1745.0,1891.5,1415,1554,2075,2229,0.8145543
25,/Volumes/SmithL0/2026/BIOL470/Final/Learning_Rig/bee_0408_3/fwd/cam1_2026-04-08_18-30-11.mp4,1732.0,1891.0,1398,1568,2066,2214,0.8304457
26,/Volumes/SmithL0/2026/BIOL470/Final/Learning_Rig/bee_0408_3/fwd/cam1_2026-04-08_18-30-11.mp4,1721.0,1894.0,1378,1567,2064,2221,0.82818526
27,/Volumes/SmithL0/2026/BIOL470/Final/Learning_Rig/bee_0408_3/fwd/cam1_2026-04-08_18-30-11.mp4,1713.0,1895.5,1362,1571,2064,2220,0.8320711
28,/Volumes/SmithL0/2026/BIOL470/Final/Learning_Rig/bee_0408_3/fwd/cam1_2026-04-08_18-30-11.mp4,1732.5,1897.0,1377,1571,2088,2223,0.8313642
29,/Volumes/SmithL0/2026/BIOL470/Final/Learning_Rig/bee_0408_3/fwd/cam1_2026-04-08_18-30-11.mp4,1735.0,1900.0,1388,1571,2082,2229,0.822202
30,/Volumes/SmithL0/2026/BIOL470/Final/Learning_Rig/bee_0408_3/fwd/cam1_2026-04-08_18-30-11.mp4,1737.0,1900.5,1385,1568,2089,2233,0.8176484
31,/Volumes/SmithL0/2026/BIOL470/Final/Learning_Rig/bee_0408_3/fwd/cam1_2026-04-08_18-30-11.mp4,1744.5,1902.0,1383,1568,2106,2236,0.81246454
32,/Volumes/SmithL0/2026/BIOL470/Final/Learning_Rig/bee_0408_3/fwd/cam1_2026-04-08_18-30-11.mp4,1736.0,1899.5,1381,1578,2091,2221,0.8142409
33,/Volumes/SmithL0/2026/BIOL470/Final/Learning_Rig/bee_0408_3/fwd/cam1_2026-04-08_18-30-11.mp4,1725.5,1908.5,1380,1587,2071,2230,0.8217451
34,/Volumes/SmithL0/2026/BIOL470/Final/Learning_Rig/bee_0408_3/fwd/cam1_2026-04-08_18-30-11.mp4,1712.5,1921.5,1367,1603,2058,2240,0.8304136
35,/Volumes/SmithL0/2026/BIOL470/Final/Learning_Rig/bee_0408_3/fwd/cam1_2026-04-08_18-30-11.mp4,1703.0,1949.0,1362,1640,2044,2258,0.8290047
36,/Volumes/SmithL0/2026/BIOL470/Final/Learning_Rig/bee_0408_3/fwd/cam1_2026-04-08_18-30-11.mp4,1699.5,1947.0,1379,1647,2020,2247,0.82453185
37,/Volumes/SmithL0/2026/BIOL470/Final/Learning_Rig/bee_0408_3/fwd/cam1_2026-04-08_18-30-11.mp4,1714.5,1912.5,1367,1576,2062,2249,0.7810686
38,/Volumes/SmithL0/2026/BIOL470/Final/Learning_Rig/bee_0408_3/fwd/cam1_2026-04-08_18-30-11.mp4,1742.0,1947.5,1373,1640,2111,2255,0.81322116
39,/Volumes/SmithL0/2026/BIOL470/Final/Learning_Rig/bee_0408_3/fwd/cam1_2026-04-08_18-30-11.mp4,1741.5,1949.5,1369,1638,2114,2261,0.796059
40,/Volumes/SmithL0/2026/BIOL470/Final/Learning_Rig/bee_0408_3/fwd/cam1_2026-04-08_18-30-11.mp4,1729.5,1945.0,1352,1639,2107,2251,0.8120171
41,/Volumes/SmithL0/2026/BIOL470/Final/Learning_Rig/bee_0408_3/fwd/cam1_2026-04-08_18-30-11.mp4,1617.0,1952.0,1351,1659,1883,2245,0.8322963
42,/Volumes/SmithL0/2026/BIOL470/Final/Learning_Rig/bee_0408_3/fwd/cam1_2026-04-08_18-30-11.mp4,1737.0,1946.5,1377,1664,2097,2229,0.51724774
43,/Volumes/SmithL0/2026/BIOL470/Final/Learning_Rig/bee_0408_3/fwd/cam1_2026-04-08_18-30-11.mp4,1691.5,1948.0,1351,1641,2032,2255,0.7908147
44,/Volumes/SmithL0/2026/BIOL470/Final/Learning_Rig/bee_0408_3/fwd/cam1_2026-04-08_18-30-11.mp4,1731.5,1949.0,1350,1662,2113,2236,0.7310953
45,/Volumes/SmithL0/2026/BIOL470/Final/Learning_Rig/bee_0408_3/fwd/cam1_2026-04-08_18-30-11.mp4,1740.5,1969.5,1374,1722,2107,2217,0.73386097
46,/Volumes/SmithL0/2026/BIOL470/Final/Learning_Rig/bee_0408_3/fwd/cam1_2026-04-08_18-30-11.mp4,1664.0,1930.0,1372,1634,1956,2226,0.5215947
47,/Volumes/SmithL0/2026/BIOL470/Final/Learning_Rig/bee_0408_3/fwd/cam1_2026-04-08_18-30-11.mp4,1739.5,1982.5,1382,1743,2097,2222,0.7517006
48,/Volumes/SmithL0/2026/BIOL470/Final/Learning_Rig/bee_0408_3/fwd/cam1_2026-04-08_18-30-11.mp4,1666.5,1929.5,1365,1633,1968,2226,0.6234774
49,/Volumes/SmithL0/2026/BIOL470/Final/Learning_Rig/bee_0408_3/fwd/cam1_2026-04-08_18-30-11.mp4,1692.5,1970.5,1342,1713,2043,2228,0.7685428
50,/Volumes/SmithL0/2026/BIOL470/Final/Learning_Rig/bee_0408_3/fwd/cam1_2026-04-08_18-30-11.mp4,1694.5,1986.5,1326,1747,2063,2226,0.81166136
51,/Volumes/SmithL0/2026/BIOL470/Final/Learning_Rig/bee_0408_3/fwd/cam1_2026-04-08_18-30-11.mp4,1682.0,1988.0,1307,1733,2057,2243,0.7862193
52,/Volumes/SmithL0/2026/BIOL470/Final/Learning_Rig/bee_0408_3/fwd/cam1_2026-04-08_18-30-11.mp4,1619.5,1955.5,1344,1661,1895,2250,0.8101668
53,/Volumes/SmithL0/2026/BIOL470/Final/Learning_Rig/bee_0408_3/fwd/cam1_2026-04-08_18-30-11.mp4,1621.0,1949.5,1348,1649,1894,2250,0.81679785
54,/Volumes/SmithL0/2026/BIOL470/Final/Learning_Rig/bee_0408_3/fwd/cam1_2026-04-08_18-30-11.mp4,1627.5,1950.0,1354,1651,1901,2249,0.8214696
55,/Volumes/SmithL0/2026/BIOL470/Final/Learning_Rig/bee_0408_3/fwd/cam1_2026-04-08_18-30-11.mp4,1634.0,1927.5,1355,1619,1913,2236,0.81654716
56,/Volumes/SmithL0/2026/BIOL470/Final/Learning_Rig/bee_0408_3/fwd/cam1_2026-04-08_18-30-11.mp4,1637.0,1910.5,1357,1593,1917,2228,0.815199
57,/Volumes/SmithL0/2026/BIOL470/Final/Learning_Rig/bee_0408_3/fwd/cam1_2026-04-08_18-30-11.mp4,1672.5,1888.0,1395,1546,1950,2230,0.81455594
58,/Volumes/SmithL0/2026/BIOL470/Final/Learning_Rig/bee_0408_3/fwd/cam1_2026-04-08_18-30-11.mp4,1653.5,1875.5,1347,1520,1960,2231,0.84081745
59,/Volumes/SmithL0/2026/BIOL470/Final/Learning_Rig/bee_0408_3/fwd/cam1_2026-04-08_18-30-11.mp4,1579.0,1808.5,1215,1457,1943,2160,0.8107892
60,/Volumes/SmithL0/2026/BIOL470/Final/Learning_Rig/bee_0408_3/fwd/cam1_2026-04-08_18-30-11.mp4,1552.5,1762.5,1209,1458,1896,2067,0.8077493
61,/Volumes/SmithL0/2026/BIOL470/Final/Learning_Rig/bee_0408_3/fwd/cam1_2026-04-08_18-30-11.mp4,1558.0,1831.0,1187,1454,1929,2208,0.81582373
62,/Volumes/SmithL0/2026/BIOL470/Final/Learning_Rig/bee_0408_3/fwd/cam1_2026-04-08_18-30-11.mp4,1529.5,1746.0,1178,1441,1881,2051,0.8303353
63,/Volumes/SmithL0/2026/BIOL470/Final/Learning_Rig/bee_0408_3/fwd/cam1_2026-04-08_18-30-11.mp4,1517.0,1734.0,1150,1436,1884,2032,0.8437294
64,/Volumes/SmithL0/2026/BIOL470/Final/Learning_Rig/bee_0408_3/fwd/cam1_2026-04-08_18-30-11.mp4,1527.0,1707.5,1156,1401,1898,2014,0.8288651
65,/Volumes/SmithL0/2026/BIOL470/Final/Learning_Rig/bee_0408_3/fwd/cam1_2026-04-08_18-30-11.mp4,1514.0,1728.5,1122,1462,1906,1995,0.81902397
66,/Volumes/SmithL0/2026/BIOL470/Final/Learning_Rig/bee_0408_3/fwd/cam1_2026-04-08_18-30-11.mp4,1494.5,1696.5,1115,1409,1874,1984,0.8007796
67,/Volumes/SmithL0/2026/BIOL470/Final/Learning_Rig/bee_0408_3/fwd/cam1_2026-04-08_18-30-11.mp4,1429.5,1680.5,1050,1368,1809,1993,0.7857496
68,/Volumes/SmithL0/2026/BIOL470/Final/Learning_Rig/bee_0408_3/fwd/cam1_2026-04-08_18-30-11.mp4,1339.5,1705.0,985,1402,1694,2008,0.80662215
69,/Volumes/SmithL0/2026/BIOL470/Final/Learning_Rig/bee_0408_3/fwd/cam1_2026-04-08_18-30-11.mp4,1320.5,1718.0,978,1397,1663,2039,0.8324918
70,/Volumes/SmithL0/2026/BIOL470/Final/Learning_Rig/bee_0408_3/fwd/cam1_2026-04-08_18-30-11.mp4,1316.0,1702.5,972,1386,1660,2019,0.82437253
71,/Volumes/SmithL0/2026/BIOL470/Final/Learning_Rig/bee_0408_3/fwd/cam1_2026-04-08_18-30-11.mp4,1279.0,1677.5,938,1369,1620,1986,0.8308207
72,/Volumes/SmithL0/2026/BIOL470/Final/Learning_Rig/bee_0408_3/fwd/cam1_2026-04-08_18-30-11.mp4,1271.0,1671.5,919,1366,1623,1977,0.82240045
73,/Volumes/SmithL0/2026/BIOL470/Final/Learning_Rig/bee_0408_3/fwd/cam1_2026-04-08_18-30-11.mp4,1276.5,1609.0,929,1277,1624,1941,0.817393
74,/Volumes/SmithL0/2026/BIOL470/Final/Learning_Rig/bee_0408_3/fwd/cam1_2026-04-08_18-30-11.mp4,1282.5,1585.0,930,1263,1635,1907,0.81716555
75,/Volumes/SmithL0/2026/BIOL470/Final/Learning_Rig/bee_0408_3/fwd/cam1_2026-04-08_18-30-11.mp4,1281.5,1583.5,924,1262,1639,1905,0.8233077
76,/Volumes/SmithL0/2026/BIOL470/Final/Learning_Rig/bee_0408_3/fwd/cam1_2026-04-08_18-30-11.mp4,1279.0,1589.0,917,1261,1641,1917,0.8289853
77,/Volumes/SmithL0/2026/BIOL470/Final/Learning_Rig/bee_0408_3/fwd/cam1_2026-04-08_18-30-11.mp4,1276.5,1584.0,912,1260,1641,1908,0.827382
78,/Volumes/SmithL0/2026/BIOL470/Final/Learning_Rig/bee_0408_3/fwd/cam1_2026-04-08_18-30-11.mp4,1276.0,1587.5,913,1260,1639,1915,0.82806444
79,/Volumes/SmithL0/2026/BIOL470/Final/Learning_Rig/bee_0408_3/fwd/cam1_2026-04-08_18-30-11.mp4,1251.5,1574.0,918,1240,1585,1908,0.82587427
80,/Volumes/SmithL0/2026/BIOL470/Final/Learning_Rig/bee_0408_3/fwd/cam1_2026-04-08_18-30-11.mp4,1274.5,1556.0,927,1250,1622,1862,0.80482167
81,/Volumes/SmithL0/2026/BIOL470/Final/Learning_Rig/bee_0408_3/fwd/cam1_2026-04-08_18-30-11.mp4,1290.0,1548.5,925,1256,1655,1841,0.82165205
82,/Volumes/SmithL0/2026/BIOL470/Final/Learning_Rig/bee_0408_3/fwd/cam1_2026-04-08_18-30-11.mp4,1257.5,1534.0,881,1252,1634,1816,0.78508204
83,/Volumes/SmithL0/2026/BIOL470/Final/Learning_Rig/bee_0408_3/fwd/cam1_2026-04-08_18-30-11.mp4,1218.0,1507.5,862,1258,1574,1757,0.78416514
84,/Volumes/SmithL0/2026/BIOL470/Final/Learning_Rig/bee_0408_3/fwd/cam1_2026-04-08_18-30-11.mp4,1208.0,1496.5,858,1257,1558,1736,0.797663
85,/Volumes/SmithL0/2026/BIOL470/Final/Learning_Rig/bee_0408_3/fwd/cam1_2026-04-08_18-30-11.mp4,1231.0,1480.5,872,1241,1590,1720,0.8220818
86,/Volumes/SmithL0/2026/BIOL470/Final/Learning_Rig/bee_0408_3/fwd/cam1_2026-04-08_18-30-11.mp4,1235.5,1464.0,880,1204,1591,1724,0.81101286
87,/Volumes/SmithL0/2026/BIOL470/Final/Learning_Rig/bee_0408_3/fwd/cam1_2026-04-08_18-30-11.mp4,1237.5,1457.5,879,1195,1596,1720,0.8008365
88,/Volumes/SmithL0/2026/BIOL470/Final/Learning_Rig/bee_0408_3/fwd/cam1_2026-04-08_18-30-11.mp4,1237.0,1486.5,875,1221,1599,1752,0.7903553
89,/Volumes/SmithL0/2026/BIOL470/Final/Learning_Rig/bee_0408_3/fwd/cam1_2026-04-08_18-30-11.mp4,1243.0,1488.5,878,1240,1608,1737,0.7866818
90,/Volumes/SmithL0/2026/BIOL470/Final/Learning_Rig/bee_0408_3/fwd/cam1_2026-04-08_18-30-11.mp4,1245.5,1496.5,875,1241,1616,1752,0.7868879
91,/Volumes/SmithL0/2026/BIOL470/Final/Learning_Rig/bee_0408_3/fwd/cam1_2026-04-08_18-30-11.mp4,1253.5,1489.5,879,1241,1628,1738,0.79299927
92,/Volumes/SmithL0/2026/BIOL470/Final/Learning_Rig/bee_0408_3/fwd/cam1_2026-04-08_18-30-11.mp4,1252.5,1499.5,887,1242,1618,1757,0.7841648
93,/Volumes/SmithL0/2026/BIOL470/Final/Learning_Rig/bee_0408_3/fwd/cam1_2026-04-08_18-30-11.mp4,1253.5,1501.0,879,1244,1628,1758,0.8050832
94,/Volumes/SmithL0/2026/BIOL470/Final/Learning_Rig/bee_0408_3/fwd/cam1_2026-04-08_18-30-11.mp4,1254.0,1501.0,880,1245,1628,1757,0.7972898
95,/Volumes/SmithL0/2026/BIOL470/Final/Learning_Rig/bee_0408_3/fwd/cam1_2026-04-08_18-30-11.mp4,1264.5,1502.0,888,1248,1641,1756,0.8096182
96,/Volumes/SmithL0/2026/BIOL470/Final/Learning_Rig/bee_0408_3/fwd/cam1_2026-04-08_18-30-11.mp4,1283.5,1503.0,906,1252,1661,1754,0.8315884
97,/Volumes/SmithL0/2026/BIOL470/Final/Learning_Rig/bee_0408_3/fwd/cam1_2026-04-08_18-30-11.mp4,1298.0,1496.5,924,1252,1672,1741,0.83293027
98,/Volumes/SmithL0/2026/BIOL470/Final/Learning_Rig/bee_0408_3/fwd/cam1_2026-04-08_18-30-11.mp4,1303.5,1503.0,937,1252,1670,1754,0.8338089
99,/Volumes/SmithL0/2026/BIOL470/Final/Learning_Rig/bee_0408_3/fwd/cam1_2026-04-08_18-30-11.mp4,1305.0,1500.5,940,1251,1670,1750,0.8351173
100,/Volumes/SmithL0/2026/BIOL470/Final/Learning_Rig/bee_0408_3/fwd/cam1_2026-04-08_18-30-11.mp4,1309.0,1509.0,946,1253,1672,1765,0.8144259
101,/Volumes/SmithL0/2026/BIOL470/Final/Learning_Rig/bee_0408_3/fwd/cam1_2026-04-08_18-30-11.mp4,1337.5,1513.0,969,1248,1706,1778,0.7928474
102,/Volumes/SmithL0/2026/BIOL470/Final/Learning_Rig/bee_0408_3/fwd/cam1_2026-04-08_18-30-11.mp4,1362.5,1518.5,995,1248,1730,1789,0.78052336
103,/Volumes/SmithL0/2026/BIOL470/Final/Learning_Rig/bee_0408_3/fwd/cam1_2026-04-08_18-30-11.mp4,1363.5,1520.5,1003,1248,1724,1793,0.7806001
104,/Volumes/SmithL0/2026/BIOL470/Final/Learning_Rig/bee_0408_3/fwd/cam1_2026-04-08_18-30-11.mp4,1368.5,1524.5,1002,1250,1735,1799,0.7879977
105,/Volumes/SmithL0/2026/BIOL470/Final/Learning_Rig/bee_0408_3/fwd/cam1_2026-04-08_18-30-11.mp4,1377.0,1501.0,1001,1250,1753,1752,0.79686475
106,/Volumes/SmithL0/2026/BIOL470/Final/Learning_Rig/bee_0408_3/fwd/cam1_2026-04-08_18-30-11.mp4,1381.0,1511.0,1002,1250,1760,1772,0.8062409
107,/Volumes/SmithL0/2026/BIOL470/Final/Learning_Rig/bee_0408_3/fwd/cam1_2026-04-08_18-30-11.mp4,1383.0,1526.0,1000,1249,1766,1803,0.8101557
108,/Volumes/SmithL0/2026/BIOL470/Final/Learning_Rig/bee_0408_3/fwd/cam1_2026-04-08_18-30-11.mp4,1382.0,1535.5,997,1249,1767,1822,0.80892843
109,/Volumes/SmithL0/2026/BIOL470/Final/Learning_Rig/bee_0408_3/fwd/cam1_2026-04-08_18-30-11.mp4,1390.5,1534.5,1010,1249,1771,1820,0.811883
110,/Volumes/SmithL0/2026/BIOL470/Final/Learning_Rig/bee_0408_3/fwd/cam1_2026-04-08_18-30-11.mp4,1395.0,1525.0,1003,1234,1787,1816,0.81190765
111,/Volumes/SmithL0/2026/BIOL470/Final/Learning_Rig/bee_0408_3/fwd/cam1_2026-04-08_18-30-11.mp4,1418.0,1533.5,1042,1248,1794,1819,0.8177947
112,/Volumes/SmithL0/2026/BIOL470/Final/Learning_Rig/bee_0408_3/fwd/cam1_2026-04-08_18-30-11.mp4,1418.5,1537.0,1043,1249,1794,1825,0.8255605
113,/Volumes/SmithL0/2026/BIOL470/Final/Learning_Rig/bee_0408_3/fwd/cam1_2026-04-08_18-30-11.mp4,1419.0,1539.0,1044,1248,1794,1830,0.82904893
114,/Volumes/SmithL0/2026/BIOL470/Final/Learning_Rig/bee_0408_3/fwd/cam1_2026-04-08_18-30-11.mp4,1420.5,1537.5,1047,1245,1794,1830,0.8265534
115,/Volumes/SmithL0/2026/BIOL470/Final/Learning_Rig/bee_0408_3/fwd/cam1_2026-04-08_18-30-11.mp4,1421.5,1547.0,1047,1248,1796,1846,0.82018006
116,/Volumes/SmithL0/2026/BIOL470/Final/Learning_Rig/bee_0408_3/fwd/cam1_2026-04-08_18-30-11.mp4,1419.0,1541.0,1044,1250,1794,1832,0.82696956
117,/Volumes/SmithL0/2026/BIOL470/Final/Learning_Rig/bee_0408_3/fwd/cam1_2026-04-08_18-30-11.mp4,1427.0,1533.0,1053,1246,1801,1820,0.81213295
118,/Volumes/SmithL0/2026/BIOL470/Final/Learning_Rig/bee_0408_3/fwd/cam1_2026-04-08_18-30-11.mp4,1426.5,1533.5,1052,1249,1801,1818,0.81687343
119,/Volumes/SmithL0/2026/BIOL470/Final/Learning_Rig/bee_0408_3/fwd/cam1_2026-04-08_18-30-11.mp4,1431.5,1534.0,1060,1249,1803,1819,0.8227966
120,/Volumes/SmithL0/2026/BIOL470/Final/Learning_Rig/bee_0408_3/fwd/cam1_2026-04-08_18-30-11.mp4,1435.0,1534.5,1065,1249,1805,1820,0.82085866
121,/Volumes/SmithL0/2026/BIOL470/Final/Learning_Rig/bee_0408_3/fwd/cam1_2026-04-08_18-30-11.mp4,1433.5,1534.5,1061,1249,1806,1820,0.8179022
122,/Volumes/SmithL0/2026/BIOL470/Final/Learning_Rig/bee_0408_3/fwd/cam1_2026-04-08_18-30-11.mp4,1432.5,1537.0,1057,1251,1808,1823,0.8205501
123,/Volumes/SmithL0/2026/BIOL470/Final/Learning_Rig/bee_0408_3/fwd/cam1_2026-04-08_18-30-11.mp4,1432.0,1535.0,1057,1250,1807,1820,0.8218457
124,/Volumes/SmithL0/2026/BIOL470/Final/Learning_Rig/bee_0408_3/fwd/cam1_2026-04-08_18-30-11.mp4,1436.0,1537.0,1064,1251,1808,1823,0.8227902
125,/Volumes/SmithL0/2026/BIOL470/Final/Learning_Rig/bee_0408_3/fwd/cam1_2026-04-08_18-30-11.mp4,1435.0,1537.0,1058,1251,1812,1823,0.8239621
126,/Volumes/SmithL0/2026/BIOL470/Final/Learning_Rig/bee_0408_3/fwd/cam1_2026-04-08_18-30-11.mp4,1433.5,1536.5,1053,1250,1814,1823,0.8221248
127,/Volumes/SmithL0/2026/BIOL470/Final/Learning_Rig/bee_0408_3/fwd/cam1_2026-04-08_18-30-11.mp4,1436.5,1536.0,1056,1250,1817,1822,0.82107854
128,/Volumes/SmithL0/2026/BIOL470/Final/Learning_Rig/bee_0408_3/fwd/cam1_2026-04-08_18-30-11.mp4,1439.0,1538.5,1056,1248,1822,1829,0.8204132
129,/Volumes/SmithL0/2026/BIOL470/Final/Learning_Rig/bee_0408_3/fwd/cam1_2026-04-08_18-30-11.mp4,1450.5,1545.5,1074,1252,1827,1839,0.81427836
130,/Volumes/SmithL0/2026/BIOL470/Final/Learning_Rig/bee_0408_3/fwd/cam1_2026-04-08_18-30-11.mp4,1452.0,1551.5,1060,1250,1844,1853,0.808608
131,/Volumes/SmithL0/2026/BIOL470/Final/Learning_Rig/bee_0408_3/fwd/cam1_2026-04-08_18-30-11.mp4,1480.0,1555.0,1090,1267,1870,1843,0.803297
132,/Volumes/SmithL0/2026/BIOL470/Final/Learning_Rig/bee_0408_3/fwd/cam1_2026-04-08_18-30-11.mp4,1479.0,1555.0,1087,1267,1871,1843,0.8033001
133,/Volumes/SmithL0/2026/BIOL470/Final/Learning_Rig/bee_0408_3/fwd/cam1_2026-04-08_18-30-11.mp4,1465.5,1545.0,1081,1262,1850,1828,0.7948787
134,/Volumes/SmithL0/2026/BIOL470/Final/Learning_Rig/bee_0408_3/fwd/cam1_2026-04-08_18-30-11.mp4,1461.5,1542.5,1075,1260,1848,1825,0.7961284
135,/Volumes/SmithL0/2026/BIOL470/Final/Learning_Rig/bee_0408_3/fwd/cam1_2026-04-08_18-30-11.mp4,1461.5,1545.5,1076,1261,1847,1830,0.796391
136,/Volumes/SmithL0/2026/BIOL470/Final/Learning_Rig/bee_0408_3/fwd/cam1_2026-04-08_18-30-11.mp4,1475.5,1554.0,1081,1267,1870,1841,0.8063261
137,/Volumes/SmithL0/2026/BIOL470/Final/Learning_Rig/bee_0408_3/fwd/cam1_2026-04-08_18-30-11.mp4,1479.5,1551.0,1090,1268,1869,1834,0.81556755
138,/Volumes/SmithL0/2026/BIOL470/Final/Learning_Rig/bee_0408_3/fwd/cam1_2026-04-08_18-30-11.mp4,1481.0,1552.0,1094,1268,1868,1836,0.8133862
139,/Volumes/SmithL0/2026/BIOL470/Final/Learning_Rig/bee_0408_3/fwd/cam1_2026-04-08_18-30-11.mp4,1482.0,1555.0,1096,1267,1868,1843,0.80926377
140,/Volumes/SmithL0/2026/BIOL470/Final/Learning_Rig/bee_0408_3/fwd/cam1_2026-04-08_18-30-11.mp4,1479.5,1565.0,1089,1268,1870,1862,0.8100367
141,/Volumes/SmithL0/2026/BIOL470/Final/Learning_Rig/bee_0408_3/fwd/cam1_2026-04-08_18-30-11.mp4,1479.0,1568.5,1088,1268,1870,1869,0.80767095
142,/Volumes/SmithL0/2026/BIOL470/Final/Learning_Rig/bee_0408_3/fwd/cam1_2026-04-08_18-30-11.mp4,1480.0,1564.0,1091,1261,1869,1867,0.8056093
143,/Volumes/SmithL0/2026/BIOL470/Final/Learning_Rig/bee_0408_3/fwd/cam1_2026-04-08_18-30-11.mp4,1484.5,1563.0,1099,1267,1870,1859,0.79956204
144,/Volumes/SmithL0/2026/BIOL470/Final/Learning_Rig/bee_0408_3/fwd/cam1_2026-04-08_18-30-11.mp4,1484.5,1562.5,1099,1268,1870,1857,0.79870504
145,/Volumes/SmithL0/2026/BIOL470/Final/Learning_Rig/bee_0408_3/fwd/cam1_2026-04-08_18-30-11.mp4,1486.5,1559.5,1102,1268,1871,1851,0.80325484
146,/Volumes/SmithL0/2026/BIOL470/Final/Learning_Rig/bee_0408_3/fwd/cam1_2026-04-08_18-30-11.mp4,1489.0,1557.0,1104,1268,1874,1846,0.80522114
147,/Volumes/SmithL0/2026/BIOL470/Final/Learning_Rig/bee_0408_3/fwd/cam1_2026-04-08_18-30-11.mp4,1492.5,1555.5,1110,1263,1875,1848,0.8049172
148,/Volumes/SmithL0/2026/BIOL470/Final/Learning_Rig/bee_0408_3/fwd/cam1_2026-04-08_18-30-11.mp4,1497.5,1518.5,1125,1259,1870,1778,0.79638404
149,/Volumes/SmithL0/2026/BIOL470/Final/Learning_Rig/bee_0408_3/fwd/cam1_2026-04-08_18-30-11.mp4,1504.0,1529.5,1138,1265,1870,1794,0.79813987
150,/Volumes/SmithL0/2026/BIOL470/Final/Learning_Rig/bee_0408_3/fwd/cam1_2026-04-08_18-30-11.mp4,1500.0,1538.0,1129,1266,1871,1810,0.7993357
151,/Volumes/SmithL0/2026/BIOL470/Final/Learning_Rig/bee_0408_3/fwd/cam1_2026-04-08_18-30-11.mp4,1501.0,1543.0,1131,1265,1871,1821,0.80696183
152,/Volumes/SmithL0/2026/BIOL470/Final/Learning_Rig/bee_0408_3/fwd/cam1_2026-04-08_18-30-11.mp4,1490.0,1541.0,1108,1254,1872,1828,0.80638534
153,/Volumes/SmithL0/2026/BIOL470/Final/Learning_Rig/bee_0408_3/fwd/cam1_2026-04-08_18-30-11.mp4,1517.0,1548.5,1144,1262,1890,1835,0.82053155
154,/Volumes/SmithL0/2026/BIOL470/Final/Learning_Rig/bee_0408_3/fwd/cam1_2026-04-08_18-30-11.mp4,1543.0,1520.5,1175,1208,1911,1833,0.82196456
155,/Volumes/SmithL0/2026/BIOL470/Final/Learning_Rig/bee_0408_3/fwd/cam1_2026-04-08_18-30-11.mp4,1546.5,1507.5,1193,1191,1900,1824,0.79621714
156,/Volumes/SmithL0/2026/BIOL470/Final/Learning_Rig/bee_0408_3/fwd/cam1_2026-04-08_18-30-11.mp4,1551.0,1533.0,1202,1239,1900,1827,0.7948233
157,/Volumes/SmithL0/2026/BIOL470/Final/Learning_Rig/bee_0408_3/fwd/cam1_2026-04-08_18-30-11.mp4,1556.5,1536.0,1217,1240,1896,1832,0.79985726
158,/Volumes/SmithL0/2026/BIOL470/Final/Learning_Rig/bee_0408_3/fwd/cam1_2026-04-08_18-30-11.mp4,1556.5,1489.5,1223,1146,1890,1833,0.7961044
159,/Volumes/SmithL0/2026/BIOL470/Final/Learning_Rig/bee_0408_3/fwd/cam1_2026-04-08_18-30-11.mp4,1578.0,1487.5,1248,1133,1908,1842,0.81369036
160,/Volumes/SmithL0/2026/BIOL470/Final/Learning_Rig/bee_0408_3/fwd/cam1_2026-04-08_18-30-11.mp4,1596.0,1489.0,1258,1138,1934,1840,0.8138554
161,/Volumes/SmithL0/2026/BIOL470/Final/Learning_Rig/bee_0408_3/fwd/cam1_2026-04-08_18-30-11.mp4,1582.5,1493.0,1253,1140,1912,1846,0.8054025
162,/Volumes/SmithL0/2026/BIOL470/Final/Learning_Rig/bee_0408_3/fwd/cam1_2026-04-08_18-30-11.mp4,1588.0,1489.0,1273,1124,1903,1854,0.78623796
163,/Volumes/SmithL0/2026/BIOL470/Final/Learning_Rig/bee_0408_3/fwd/cam1_2026-04-08_18-30-11.mp4,1588.5,1602.5,1285,1370,1892,1835,0.6702238
164,/Volumes/SmithL0/2026/BIOL470/Final/Learning_Rig/bee_0408_3/fwd/cam1_2026-04-08_18-30-11.mp4,1641.5,1499.5,1294,1149,1989,1850,0.7986896
165,/Volumes/SmithL0/2026/BIOL470/Final/Learning_Rig/bee_0408_3/fwd/cam1_2026-04-08_18-30-11.mp4,1646.0,1543.5,1304,1217,1988,1870,0.82611454
166,/Volumes/SmithL0/2026/BIOL470/Final/Learning_Rig/bee_0408_3/fwd/cam1_2026-04-08_18-30-11.mp4,1687.0,1553.0,1302,1216,2072,1890,0.8349438
167,/Volumes/SmithL0/2026/BIOL470/Final/Learning_Rig/bee_0408_3/fwd/cam1_2026-04-08_18-30-11.mp4,1682.0,1549.0,1291,1205,2073,1893,0.8248839
168,/Volumes/SmithL0/2026/BIOL470/Final/Learning_Rig/bee_0408_3/fwd/cam1_2026-04-08_18-30-11.mp4,1680.5,1570.0,1315,1230,2046,1910,0.83540267
169,/Volumes/SmithL0/2026/BIOL470/Final/Learning_Rig/bee_0408_3/fwd/cam1_2026-04-08_18-30-11.mp4,1691.0,1583.5,1317,1238,2065,1929,0.8246719
170,/Volumes/SmithL0/2026/BIOL470/Final/Learning_Rig/bee_0408_3/fwd/cam1_2026-04-08_18-30-11.mp4,1690.0,1577.5,1312,1232,2068,1923,0.8172121
171,/Volumes/SmithL0/2026/BIOL470/Final/Learning_Rig/bee_0408_3/fwd/cam1_2026-04-08_18-30-11.mp4,1695.5,1577.5,1308,1233,2083,1922,0.80465996
172,/Volumes/SmithL0/2026/BIOL470/Final/Learning_Rig/bee_0408_3/fwd/cam1_2026-04-08_18-30-11.mp4,1645.0,1574.0,1292,1237,1998,1911,0.81814235
173,/Volumes/SmithL0/2026/BIOL470/Final/Learning_Rig/bee_0408_3/fwd/cam1_2026-04-08_18-30-11.mp4,1594.5,1567.5,1307,1229,1882,1906,0.8596709
174,/Volumes/SmithL0/2026/BIOL470/Final/Learning_Rig/bee_0408_3/fwd/cam1_2026-04-08_18-30-11.mp4,1596.5,1567.5,1309,1225,1884,1910,0.85860264
175,/Volumes/SmithL0/2026/BIOL470/Final/Learning_Rig/bee_0408_3/fwd/cam1_2026-04-08_18-30-11.mp4,1608.5,1569.5,1307,1222,1910,1917,0.85801846
176,/Volumes/SmithL0/2026/BIOL470/Final/Learning_Rig/bee_0408_3/fwd/cam1_2026-04-08_18-30-11.mp4,1637.5,1570.5,1394,1225,1881,1916,0.8389603
177,/Volumes/SmithL0/2026/BIOL470/Final/Learning_Rig/bee_0408_3/fwd/cam1_2026-04-08_18-30-11.mp4,1636.0,1571.5,1394,1224,1878,1919,0.842021
178,/Volumes/SmithL0/2026/BIOL470/Final/Learning_Rig/bee_0408_3/fwd/cam1_2026-04-08_18-30-11.mp4,1633.0,1581.0,1390,1230,1876,1932,0.83590376
179,/Volumes/SmithL0/2026/BIOL470/Final/Learning_Rig/bee_0408_3/fwd/cam1_2026-04-08_18-30-11.mp4,1653.0,1566.0,1405,1205,1901,1927,0.82489556
180,/Volumes/SmithL0/2026/BIOL470/Final/Learning_Rig/bee_0408_3/fwd/cam1_2026-04-08_18-30-11.mp4,1646.0,1565.0,1406,1203,1886,1927,0.8236288
181,/Volumes/SmithL0/2026/BIOL470/Final/Learning_Rig/bee_0408_3/fwd/cam1_2026-04-08_18-30-11.mp4,1632.0,1582.0,1386,1234,1878,1930,0.8234414
182,/Volumes/SmithL0/2026/BIOL470/Final/Learning_Rig/bee_0408_3/fwd/cam1_2026-04-08_18-30-11.mp4,1653.0,1565.5,1404,1203,1902,1928,0.83911645
183,/Volumes/SmithL0/2026/BIOL470/Final/Learning_Rig/bee_0408_3/fwd/cam1_2026-04-08_18-30-11.mp4,1662.0,1572.5,1403,1218,1921,1927,0.8369083
184,/Volumes/SmithL0/2026/BIOL470/Final/Learning_Rig/bee_0408_3/fwd/cam1_2026-04-08_18-30-11.mp4,1658.5,1588.5,1394,1228,1923,1949,0.82414055
185,/Volumes/SmithL0/2026/BIOL470/Final/Learning_Rig/bee_0408_3/fwd/cam1_2026-04-08_18-30-11.mp4,1646.5,1651.0,1376,1290,1917,2012,0.82716566
186,/Volumes/SmithL0/2026/BIOL470/Final/Learning_Rig/bee_0408_3/fwd/cam1_2026-04-08_18-30-11.mp4,1650.0,1660.0,1379,1302,1921,2018,0.83758557
187,/Volumes/SmithL0/2026/BIOL470/Final/Learning_Rig/bee_0408_3/fwd/cam1_2026-04-08_18-30-11.mp4,1649.5,1661.5,1373,1302,1926,2021,0.8420048
188,/Volumes/SmithL0/2026/BIOL470/Final/Learning_Rig/bee_0408_3/fwd/cam1_2026-04-08_18-30-11.mp4,1657.0,1667.5,1371,1308,1943,2027,0.8429203
189,/Volumes/SmithL0/2026/BIOL470/Final/Learning_Rig/bee_0408_3/fwd/cam1_2026-04-08_18-30-11.mp4,1663.0,1672.0,1384,1313,1942,2031,0.8440246
190,/Volumes/SmithL0/2026/BIOL470/Final/Learning_Rig/bee_0408_3/fwd/cam1_2026-04-08_18-30-11.mp4,1651.5,1673.5,1381,1323,1922,2024,0.8281809
191,/Volumes/SmithL0/2026/BIOL470/Final/Learning_Rig/bee_0408_3/fwd/cam1_2026-04-08_18-30-11.mp4,1662.0,1675.5,1395,1320,1929,2031,0.82470775
192,/Volumes/SmithL0/2026/BIOL470/Final/Learning_Rig/bee_0408_3/fwd/cam1_2026-04-08_18-30-11.mp4,1659.5,1674.5,1393,1326,1926,2023,0.8214339
193,/Volumes/SmithL0/2026/BIOL470/Final/Learning_Rig/bee_0408_3/fwd/cam1_2026-04-08_18-30-11.mp4,1660.0,1675.5,1394,1328,1926,2023,0.8219363
194,/Volumes/SmithL0/2026/BIOL470/Final/Learning_Rig/bee_0408_3/fwd/cam1_2026-04-08_18-30-11.mp4,1653.5,1679.0,1380,1328,1927,2030,0.81951284
195,/Volumes/SmithL0/2026/BIOL470/Final/Learning_Rig/bee_0408_3/fwd/cam1_2026-04-08_18-30-11.mp4,1652.5,1681.5,1379,1329,1926,2034,0.8185864
196,/Volumes/SmithL0/2026/BIOL470/Final/Learning_Rig/bee_0408_3/fwd/cam1_2026-04-08_18-30-11.mp4,1654.0,1688.0,1382,1332,1926,2044,0.8184408
197,/Volumes/SmithL0/2026/BIOL470/Final/Learning_Rig/bee_0408_3/fwd/cam1_2026-04-08_18-30-11.mp4,1648.5,1695.5,1376,1335,1921,2056,0.80841523
198,/Volumes/SmithL0/2026/BIOL470/Final/Learning_Rig/bee_0408_3/fwd/cam1_2026-04-08_18-30-11.mp4,1640.5,1711.5,1371,1314,1910,2109,0.82222474
199,/Volumes/SmithL0/2026/BIOL470/Final/Learning_Rig/bee_0408_3/fwd/cam1_2026-04-08_18-30-11.mp4,1634.0,1712.5,1360,1312,1908,2113,0.82421076
200,/Volumes/SmithL0/2026/BIOL470/Final/Learning_Rig/bee_0408_3/fwd/cam1_2026-04-08_18-30-11.mp4,1608.0,1771.5,1336,1431,1880,2112,0.82319564
201,/Volumes/SmithL0/2026/BIOL470/Final/Learning_Rig/bee_0408_3/fwd/cam1_2026-04-08_18-30-11.mp4,1608.5,1773.0,1336,1432,1881,2114,0.8090295
202,/Volumes/SmithL0/2026/BIOL470/Final/Learning_Rig/bee_0408_3/fwd/cam1_2026-04-08_18-30-11.mp4,1600.5,1782.5,1329,1453,1872,2112,0.8206307
203,/Volumes/SmithL0/2026/BIOL470/Final/Learning_Rig/bee_0408_3/fwd/cam1_2026-04-08_18-30-11.mp4,1599.5,1786.0,1334,1461,1865,2111,0.84546727
204,/Volumes/SmithL0/2026/BIOL470/Final/Learning_Rig/bee_0408_3/fwd/cam1_2026-04-08_18-30-11.mp4,1606.5,1784.5,1323,1455,1890,2114,0.8326349
205,/Volumes/SmithL0/2026/BIOL470/Final/Learning_Rig/bee_0408_3/fwd/cam1_2026-04-08_18-30-11.mp4,1605.0,1781.0,1314,1450,1896,2112,0.8221918
206,/Volumes/SmithL0/2026/BIOL470/Final/Learning_Rig/bee_0408_3/fwd/cam1_2026-04-08_18-30-11.mp4,1605.5,1777.5,1290,1444,1921,2111,0.8220963
207,/Volumes/SmithL0/2026/BIOL470/Final/Learning_Rig/bee_0408_3/fwd/cam1_2026-04-08_18-30-11.mp4,1615.0,1772.5,1279,1440,1951,2105,0.82111424
208,/Volumes/SmithL0/2026/BIOL470/Final/Learning_Rig/bee_0408_3/fwd/cam1_2026-04-08_18-30-11.mp4,1619.5,1780.0,1276,1456,1963,2104,0.83410764
209,/Volumes/SmithL0/2026/BIOL470/Final/Learning_Rig/bee_0408_3/fwd/cam1_2026-04-08_18-30-11.mp4,1622.5,1781.5,1276,1448,1969,2115,0.8348669
210,/Volumes/SmithL0/2026/BIOL470/Final/Learning_Rig/bee_0408_3/fwd/cam1_2026-04-08_18-30-11.mp4,1637.0,1810.5,1276,1466,1998,2155,0.81830233
211,/Volumes/SmithL0/2026/BIOL470/Final/Learning_Rig/bee_0408_3/fwd/cam1_2026-04-08_18-30-11.mp4,1628.5,1814.5,1269,1521,1988,2108,0.80610526
212,/Volumes/SmithL0/2026/BIOL470/Final/Learning_Rig/bee_0408_3/fwd/cam1_2026-04-08_18-30-11.mp4,1624.5,1807.5,1262,1499,1987,2116,0.80356085
213,/Volumes/SmithL0/2026/BIOL470/Final/Learning_Rig/bee_0408_3/fwd/cam1_2026-04-08_18-30-11.mp4,1629.0,1832.5,1262,1548,1996,2117,0.8028543
214,/Volumes/SmithL0/2026/BIOL470/Final/Learning_Rig/bee_0408_3/fwd/cam1_2026-04-08_18-30-11.mp4,1633.0,1843.0,1274,1550,1992,2136,0.8061667
215,/Volumes/SmithL0/2026/BIOL470/Final/Learning_Rig/bee_0408_3/fwd/cam1_2026-04-08_18-30-11.mp4,1633.5,1821.5,1268,1496,1999,2147,0.7945205
216,/Volumes/SmithL0/2026/BIOL470/Final/Learning_Rig/bee_0408_3/fwd/cam1_2026-04-08_18-30-11.mp4,1651.0,1834.5,1279,1524,2023,2145,0.78955644
217,/Volumes/SmithL0/2026/BIOL470/Final/Learning_Rig/bee_0408_3/fwd/cam1_2026-04-08_18-30-11.mp4,1645.0,1821.5,1271,1552,2019,2091,0.81282055
218,/Volumes/SmithL0/2026/BIOL470/Final/Learning_Rig/bee_0408_3/fwd/cam1_2026-04-08_18-30-11.mp4,1683.5,1794.0,1309,1550,2058,2038,0.83105916
219,/Volumes/SmithL0/2026/BIOL470/Final/Learning_Rig/bee_0408_3/fwd/cam1_2026-04-08_18-30-11.mp4,1706.5,1839.0,1346,1543,2067,2135,0.8340495
220,/Volumes/SmithL0/2026/BIOL470/Final/Learning_Rig/bee_0408_3/fwd/cam1_2026-04-08_18-30-11.mp4,1712.0,1856.0,1349,1565,2075,2147,0.8246916
221,/Volumes/SmithL0/2026/BIOL470/Final/Learning_Rig/bee_0408_3/fwd/cam1_2026-04-08_18-30-11.mp4,1709.0,1858.5,1344,1562,2074,2155,0.8261413
222,/Volumes/SmithL0/2026/BIOL470/Final/Learning_Rig/bee_0408_3/fwd/cam1_2026-04-08_18-30-11.mp4,1709.0,1857.0,1348,1563,2070,2151,0.8265491
223,/Volumes/SmithL0/2026/BIOL470/Final/Learning_Rig/bee_0408_3/fwd/cam1_2026-04-08_18-30-11.mp4,1744.5,1845.0,1421,1565,2068,2125,0.8190569
224,/Volumes/SmithL0/2026/BIOL470/Final/Learning_Rig/bee_0408_3/fwd/cam1_2026-04-08_18-30-11.mp4,1745.5,1842.5,1426,1560,2065,2125,0.81573844
225,/Volumes/SmithL0/2026/BIOL470/Final/Learning_Rig/bee_0408_3/fwd/cam1_2026-04-08_18-30-11.mp4,1747.0,1848.5,1428,1558,2066,2139,0.82317466
226,/Volumes/SmithL0/2026/BIOL470/Final/Learning_Rig/bee_0408_3/fwd/cam1_2026-04-08_18-30-11.mp4,1741.0,1821.5,1414,1494,2068,2149,0.8142323
227,/Volumes/SmithL0/2026/BIOL470/Final/Learning_Rig/bee_0408_3/fwd/cam1_2026-04-08_18-30-11.mp4,1749.5,1815.5,1442,1486,2057,2145,0.8223046
228,/Volumes/SmithL0/2026/BIOL470/Final/Learning_Rig/bee_0408_3/fwd/cam1_2026-04-08_18-30-11.mp4,1769.5,1821.0,1492,1492,2047,2150,0.83025914
229,/Volumes/SmithL0/2026/BIOL470/Final/Learning_Rig/bee_0408_3/fwd/cam1_2026-04-08_18-30-11.mp4,1768.5,1816.5,1506,1480,2031,2153,0.8260653
230,/Volumes/SmithL0/2026/BIOL470/Final/Learning_Rig/bee_0408_3/fwd/cam1_2026-04-08_18-30-11.mp4,1748.5,1814.0,1472,1479,2025,2149,0.824825
231,/Volumes/SmithL0/2026/BIOL470/Final/Learning_Rig/bee_0408_3/fwd/cam1_2026-04-08_18-30-11.mp4,1738.5,1813.0,1445,1487,2032,2139,0.81186223
232,/Volumes/SmithL0/2026/BIOL470/Final/Learning_Rig/bee_0408_3/fwd/cam1_2026-04-08_18-30-11.mp4,1729.0,1795.0,1444,1444,2014,2146,0.8135757
233,/Volumes/SmithL0/2026/BIOL470/Final/Learning_Rig/bee_0408_3/fwd/cam1_2026-04-08_18-30-11.mp4,1742.0,1800.0,1455,1445,2029,2155,0.8116145
234,/Volumes/SmithL0/2026/BIOL470/Final/Learning_Rig/bee_0408_3/fwd/cam1_2026-04-08_18-30-11.mp4,1741.0,1795.5,1455,1442,2027,2149,0.8166422
235,/Volumes/SmithL0/2026/BIOL470/Final/Learning_Rig/bee_0408_3/fwd/cam1_2026-04-08_18-30-11.mp4,1730.5,1792.5,1469,1426,1992,2159,0.8051083
236,/Volumes/SmithL0/2026/BIOL470/Final/Learning_Rig/bee_0408_3/fwd/cam1_2026-04-08_18-30-11.mp4,1733.5,1776.5,1471,1426,1996,2127,0.8093107
237,/Volumes/SmithL0/2026/BIOL470/Final/Learning_Rig/bee_0408_3/fwd/cam1_2026-04-08_18-30-11.mp4,1754.5,1776.0,1460,1429,2049,2123,0.83352864
238,/Volumes/SmithL0/2026/BIOL470/Final/Learning_Rig/bee_0408_3/fwd/cam1_2026-04-08_18-30-11.mp4,1718.5,1787.0,1370,1461,2067,2113,0.8310505
239,/Volumes/SmithL0/2026/BIOL470/Final/Learning_Rig/bee_0408_3/fwd/cam1_2026-04-08_18-30-11.mp4,1718.5,1777.0,1364,1452,2073,2102,0.8465051
240,/Volumes/SmithL0/2026/BIOL470/Final/Learning_Rig/bee_0408_3/fwd/cam1_2026-04-08_18-30-11.mp4,1702.5,1770.5,1329,1445,2076,2096,0.8597972
241,/Volumes/SmithL0/2026/BIOL470/Final/Learning_Rig/bee_0408_3/fwd/cam1_2026-04-08_18-30-11.mp4,1666.5,1778.0,1333,1460,2000,2096,0.8415215
242,/Volumes/SmithL0/2026/BIOL470/Final/Learning_Rig/bee_0408_3/fwd/cam1_2026-04-08_18-30-11.mp4,1711.5,1782.5,1347,1473,2076,2092,0.80450773
243,/Volumes/SmithL0/2026/BIOL470/Final/Learning_Rig/bee_0408_3/fwd/cam1_2026-04-08_18-30-11.mp4,1713.5,1808.0,1356,1542,2071,2074,0.81099933
244,/Volumes/SmithL0/2026/BIOL470/Final/Learning_Rig/bee_0408_3/fwd/cam1_2026-04-08_18-30-11.mp4,1712.0,1816.5,1350,1554,2074,2079,0.82653266
245,/Volumes/SmithL0/2026/BIOL470/Final/Learning_Rig/bee_0408_3/fwd/cam1_2026-04-08_18-30-11.mp4,1715.0,1818.5,1355,1554,2075,2083,0.82492024
246,/Volumes/SmithL0/2026/BIOL470/Final/Learning_Rig/bee_0408_3/fwd/cam1_2026-04-08_18-30-11.mp4,1718.5,1815.0,1363,1555,2074,2075,0.8246613
247,/Volumes/SmithL0/2026/BIOL470/Final/Learning_Rig/bee_0408_3/fwd/cam1_2026-04-08_18-30-11.mp4,1716.0,1813.5,1359,1558,2073,2069,0.82913
248,/Volumes/SmithL0/2026/BIOL470/Final/Learning_Rig/bee_0408_3/fwd/cam1_2026-04-08_18-30-11.mp4,1737.5,1786.0,1367,1542,2108,2030,0.80727863
249,/Volumes/SmithL0/2026/BIOL470/Final/Learning_Rig/bee_0408_3/fwd/cam1_2026-04-08_18-30-11.mp4,1732.5,1762.0,1363,1500,2102,2024,0.79352367
250,/Volumes/SmithL0/2026/BIOL470/Final/Learning_Rig/bee_0408_3/fwd/cam1_2026-04-08_18-30-11.mp4,1711.0,1758.0,1354,1492,2068,2024,0.7958375
251,/Volumes/SmithL0/2026/BIOL470/Final/Learning_Rig/bee_0408_3/fwd/cam1_2026-04-08_18-30-11.mp4,1668.0,1752.5,1321,1461,2015,2044,0.7825084
252,/Volumes/SmithL0/2026/BIOL470/Final/Learning_Rig/bee_0408_3/fwd/cam1_2026-04-08_18-30-11.mp4,1627.5,1813.5,1273,1486,1982,2141,0.8176814
253,/Volumes/SmithL0/2026/BIOL470/Final/Learning_Rig/bee_0408_3/fwd/cam1_2026-04-08_18-30-11.mp4,1622.0,1801.5,1266,1461,1978,2142,0.8243976
254,/Volumes/SmithL0/2026/BIOL470/Final/Learning_Rig/bee_0408_3/fwd/cam1_2026-04-08_18-30-11.mp4,1623.5,1822.5,1268,1497,1979,2148,0.8383323
255,/Volumes/SmithL0/2026/BIOL470/Final/Learning_Rig/bee_0408_3/fwd/cam1_2026-04-08_18-30-11.mp4,1620.0,1858.5,1271,1544,1969,2173,0.8412418
256,/Volumes/SmithL0/2026/BIOL470/Final/Learning_Rig/bee_0408_3/fwd/cam1_2026-04-08_18-30-11.mp4,1612.0,1893.0,1268,1576,1956,2210,0.83971334
257,/Volumes/SmithL0/2026/BIOL470/Final/Learning_Rig/bee_0408_3/fwd/cam1_2026-04-08_18-30-11.mp4,1614.5,1897.0,1269,1580,1960,2214,0.8411457
258,/Volumes/SmithL0/2026/BIOL470/Final/Learning_Rig/bee_0408_3/fwd/cam1_2026-04-08_18-30-11.mp4,1628.5,1922.0,1293,1587,1964,2257,0.8523634
259,/Volumes/SmithL0/2026/BIOL470/Final/Learning_Rig/bee_0408_3/fwd/cam1_2026-04-08_18-30-11.mp4,1629.5,1921.0,1306,1587,1953,2255,0.84441936
260,/Volumes/SmithL0/2026/BIOL470/Final/Learning_Rig/bee_0408_3/fwd/cam1_2026-04-08_18-30-11.mp4,1629.0,1925.0,1307,1590,1951,2260,0.8379793
261,/Volumes/SmithL0/2026/BIOL470/Final/Learning_Rig/bee_0408_3/fwd/cam1_2026-04-08_18-30-11.mp4,1626.5,1932.5,1304,1597,1949,2268,0.8406369
262,/Volumes/SmithL0/2026/BIOL470/Final/Learning_Rig/bee_0408_3/fwd/cam1_2026-04-08_18-30-11.mp4,1586.0,1938.0,1293,1611,1879,2265,0.8418205
263,/Volumes/SmithL0/2026/BIOL470/Final/Learning_Rig/bee_0408_3/fwd/cam1_2026-04-08_18-30-11.mp4,1584.0,1945.0,1295,1619,1873,2271,0.8504732
264,/Volumes/SmithL0/2026/BIOL470/Final/Learning_Rig/bee_0408_3/fwd/cam1_2026-04-08_18-30-11.mp4,1572.5,1933.5,1282,1586,1863,2281,0.8293226
265,/Volumes/SmithL0/2026/BIOL470/Final/Learning_Rig/bee_0408_3/fwd/cam1_2026-04-08_18-30-11.mp4,1581.5,1959.0,1319,1629,1844,2289,0.8523572
266,/Volumes/SmithL0/2026/BIOL470/Final/Learning_Rig/bee_0408_3/fwd/cam1_2026-04-08_18-30-11.mp4,1599.5,1962.0,1349,1628,1850,2296,0.85356736
267,/Volumes/SmithL0/2026/BIOL470/Final/Learning_Rig/bee_0408_3/fwd/cam1_2026-04-08_18-30-11.mp4,1590.5,1973.0,1329,1638,1852,2308,0.8345037
268,/Volumes/SmithL0/2026/BIOL470/Final/Learning_Rig/bee_0408_3/fwd/cam1_2026-04-08_18-30-11.mp4,1589.0,1983.5,1325,1652,1853,2315,0.8304595
269,/Volumes/SmithL0/2026/BIOL470/Final/Learning_Rig/bee_0408_3/fwd/cam1_2026-04-08_18-30-11.mp4,1582.5,1994.0,1306,1654,1859,2334,0.823342
270,/Volumes/SmithL0/2026/BIOL470/Final/Learning_Rig/bee_0408_3/fwd/cam1_2026-04-08_18-30-11.mp4,1578.0,2014.5,1301,1660,1855,2369,0.80981964
271,/Volumes/SmithL0/2026/BIOL470/Final/Learning_Rig/bee_0408_3/fwd/cam1_2026-04-08_18-30-11.mp4,1610.0,2023.5,1253,1674,1967,2373,0.800539
272,/Volumes/SmithL0/2026/BIOL470/Final/Learning_Rig/bee_0408_3/fwd/cam1_2026-04-08_18-30-11.mp4,1604.5,2060.0,1267,1737,1942,2383,0.8120418
273,/Volumes/SmithL0/2026/BIOL470/Final/Learning_Rig/bee_0408_3/fwd/cam1_2026-04-08_18-30-11.mp4,1613.0,2060.0,1269,1728,1957,2392,0.8171621
274,/Volumes/SmithL0/2026/BIOL470/Final/Learning_Rig/bee_0408_3/fwd/cam1_2026-04-08_18-30-11.mp4,1646.0,2085.0,1339,1774,1953,2396,0.82756585
275,/Volumes/SmithL0/2026/BIOL470/Final/Learning_Rig/bee_0408_3/fwd/cam1_2026-04-08_18-30-11.mp4,1647.0,2087.0,1343,1775,1951,2399,0.8409515
276,/Volumes/SmithL0/2026/BIOL470/Final/Learning_Rig/bee_0408_3/fwd/cam1_2026-04-08_18-30-11.mp4,1653.0,2090.5,1351,1780,1955,2401,0.83090186
277,/Volumes/SmithL0/2026/BIOL470/Final/Learning_Rig/bee_0408_3/fwd/cam1_2026-04-08_18-30-11.mp4,1659.0,2089.0,1342,1784,1976,2394,0.85697895
278,/Volumes/SmithL0/2026/BIOL470/Final/Learning_Rig/bee_0408_3/fwd/cam1_2026-04-08_18-30-11.mp4,1657.0,2088.0,1330,1786,1984,2390,0.8455878
279,/Volumes/SmithL0/2026/BIOL470/Final/Learning_Rig/bee_0408_3/fwd/cam1_2026-04-08_18-30-11.mp4,1664.5,2108.5,1328,1829,2001,2388,0.8042348
280,/Volumes/SmithL0/2026/BIOL470/Final/Learning_Rig/bee_0408_3/fwd/cam1_2026-04-08_18-30-11.mp4,1657.0,2124.5,1318,1862,1996,2387,0.79984933
281,/Volumes/SmithL0/2026/BIOL470/Final/Learning_Rig/bee_0408_3/fwd/cam1_2026-04-08_18-30-11.mp4,1663.5,2131.5,1332,1869,1995,2394,0.79950774
282,/Volumes/SmithL0/2026/BIOL470/Final/Learning_Rig/bee_0408_3/fwd/cam1_2026-04-08_18-30-11.mp4,1664.5,2126.0,1336,1874,1993,2378,0.799518
283,/Volumes/SmithL0/2026/BIOL470/Final/Learning_Rig/bee_0408_3/fwd/cam1_2026-04-08_18-30-11.mp4,1681.0,2141.0,1343,1887,2019,2395,0.7796887
284,/Volumes/SmithL0/2026/BIOL470/Final/Learning_Rig/bee_0408_3/fwd/cam1_2026-04-08_18-30-11.mp4,1703.5,2142.0,1343,1888,2064,2396,0.77415735
285,/Volumes/SmithL0/2026/BIOL470/Final/Learning_Rig/bee_0408_3/fwd/cam1_2026-04-08_18-30-11.mp4,1719.5,2145.0,1369,1889,2070,2401,0.771283
286,/Volumes/SmithL0/2026/BIOL470/Final/Learning_Rig/bee_0408_3/fwd/cam1_2026-04-08_18-30-11.mp4,1713.5,2165.5,1369,1940,2058,2391,0.7860046
287,/Volumes/SmithL0/2026/BIOL470/Final/Learning_Rig/bee_0408_3/fwd/cam1_2026-04-08_18-30-11.mp4,1733.0,2162.5,1378,1953,2088,2372,0.777559
288,/Volumes/SmithL0/2026/BIOL470/Final/Learning_Rig/bee_0408_3/fwd/cam1_2026-04-08_18-30-11.mp4,1738.5,2173.5,1380,1953,2097,2394,0.768629
289,/Volumes/SmithL0/2026/BIOL470/Final/Learning_Rig/bee_0408_3/fwd/cam1_2026-04-08_18-30-11.mp4,1743.5,2172.5,1385,1953,2102,2392,0.7376814
290,/Volumes/SmithL0/2026/BIOL470/Final/Learning_Rig/bee_0408_3/fwd/cam1_2026-04-08_18-30-11.mp4,1745.5,2158.5,1386,1925,2105,2392,0.71907276
291,/Volumes/SmithL0/2026/BIOL470/Final/Learning_Rig/bee_0408_3/fwd/cam1_2026-04-08_18-30-11.mp4,1793.5,2137.0,1470,1875,2117,2399,0.69394225
292,/Volumes/SmithL0/2026/BIOL470/Final/Learning_Rig/bee_0408_3/fwd/cam1_2026-04-08_18-30-11.mp4,1758.5,2171.5,1403,1913,2114,2430,0.62227017
293,/Volumes/SmithL0/2026/BIOL470/Final/Learning_Rig/bee_0408_3/fwd/cam1_2026-04-08_18-30-11.mp4,1774.0,2150.0,1436,1856,2112,2444,0.79990983
294,/Volumes/SmithL0/2026/BIOL470/Final/Learning_Rig/bee_0408_3/fwd/cam1_2026-04-08_18-30-11.mp4,1774.5,2153.5,1439,1859,2110,2448,0.8018198
295,/Volumes/SmithL0/2026/BIOL470/Final/Learning_Rig/bee_0408_3/fwd/cam1_2026-04-08_18-30-11.mp4,1790.0,2152.0,1443,1857,2137,2447,0.80726755
296,/Volumes/SmithL0/2026/BIOL470/Final/Learning_Rig/bee_0408_3/fwd/cam1_2026-04-08_18-30-11.mp4,1837.5,2142.0,1533,1856,2142,2428,0.8012781
297,/Volumes/SmithL0/2026/BIOL470/Final/Learning_Rig/bee_0408_3/fwd/cam1_2026-04-08_18-30-11.mp4,1850.0,2143.0,1534,1860,2166,2426,0.81159437
298,/Volumes/SmithL0/2026/BIOL470/Final/Learning_Rig/bee_0408_3/fwd/cam1_2026-04-08_18-30-11.mp4,1841.5,2145.0,1534,1859,2149,2431,0.8085466
299,/Volumes/SmithL0/2026/BIOL470/Final/Learning_Rig/bee_0408_3/fwd/cam1_2026-04-08_18-30-11.mp4,1829.5,2150.0,1533,1858,2126,2442,0.8156193
300,/Volumes/SmithL0/2026/BIOL470/Final/Learning_Rig/bee_0408_3/fwd/cam1_2026-04-08_18-30-11.mp4,1823.0,2152.0,1533,1858,2113,2446,0.82430553
301,/Volumes/SmithL0/2026/BIOL470/Final/Learning_Rig/bee_0408_3/fwd/cam1_2026-04-08_18-30-11.mp4,1821.0,2153.5,1534,1858,2108,2449,0.8345177
302,/Volumes/SmithL0/2026/BIOL470/Final/Learning_Rig/bee_0408_3/fwd/cam1_2026-04-08_18-30-11.mp4,1819.0,2163.5,1541,1862,2097,2465,0.8280797
303,/Volumes/SmithL0/2026/BIOL470/Final/Learning_Rig/bee_0408_3/fwd/cam1_2026-04-08_18-30-11.mp4,1811.5,2142.5,1546,1838,2077,2447,0.82835674
304,/Volumes/SmithL0/2026/BIOL470/Final/Learning_Rig/bee_0408_3/fwd/cam1_2026-04-08_18-30-11.mp4,1818.0,2122.5,1551,1820,2085,2425,0.8232414
305,/Volumes/SmithL0/2026/BIOL470/Final/Learning_Rig/bee_0408_3/fwd/cam1_2026-04-08_18-30-11.mp4,1807.0,2108.5,1548,1801,2066,2416,0.84278446
306,/Volumes/SmithL0/2026/BIOL470/Final/Learning_Rig/bee_0408_3/fwd/cam1_2026-04-08_18-30-11.mp4,1789.0,2097.5,1537,1773,2041,2422,0.84224933
307,/Volumes/SmithL0/2026/BIOL470/Final/Learning_Rig/bee_0408_3/fwd/cam1_2026-04-08_18-30-11.mp4,1766.5,2095.0,1519,1781,2014,2409,0.8345275
308,/Volumes/SmithL0/2026/BIOL470/Final/Learning_Rig/bee_0408_3/fwd/cam1_2026-04-08_18-30-11.mp4,1762.5,2085.0,1492,1772,2033,2398,0.8090257
309,/Volumes/SmithL0/2026/BIOL470/Final/Learning_Rig/bee_0408_3/fwd/cam1_2026-04-08_18-30-11.mp4,1740.5,2082.0,1463,1773,2018,2391,0.77939427
310,/Volumes/SmithL0/2026/BIOL470/Final/Learning_Rig/bee_0408_3/fwd/cam1_2026-04-08_18-30-11.mp4,1733.5,2088.0,1447,1771,2020,2405,0.8278593
311,/Volumes/SmithL0/2026/BIOL470/Final/Learning_Rig/bee_0408_3/fwd/cam1_2026-04-08_18-30-11.mp4,1725.5,2080.0,1427,1750,2024,2410,0.83165914
312,/Volumes/SmithL0/2026/BIOL470/Final/Learning_Rig/bee_0408_3/fwd/cam1_2026-04-08_18-30-11.mp4,1710.5,2031.5,1414,1733,2007,2330,0.7681411
313,/Volumes/SmithL0/2026/BIOL470/Final/Learning_Rig/bee_0408_3/fwd/cam1_2026-04-08_18-30-11.mp4,1654.5,2009.0,1388,1693,1921,2325,0.7868601
314,/Volumes/SmithL0/2026/BIOL470/Final/Learning_Rig/bee_0408_3/fwd/cam1_2026-04-08_18-30-11.mp4,1690.0,1994.0,1350,1657,2030,2331,0.76813114
315,/Volumes/SmithL0/2026/BIOL470/Final/Learning_Rig/bee_0408_3/fwd/cam1_2026-04-08_18-30-11.mp4,1623.0,1989.5,1350,1651,1896,2328,0.73139167
316,/Volumes/SmithL0/2026/BIOL470/Final/Learning_Rig/bee_0408_3/fwd/cam1_2026-04-08_18-30-11.mp4,1669.5,1990.0,1340,1649,1999,2331,0.8173255
317,/Volumes/SmithL0/2026/BIOL470/Final/Learning_Rig/bee_0408_3/fwd/cam1_2026-04-08_18-30-11.mp4,1635.0,1985.5,1318,1637,1952,2334,0.8476737
318,/Volumes/SmithL0/2026/BIOL470/Final/Learning_Rig/bee_0408_3/fwd/cam1_2026-04-08_18-30-11.mp4,1622.5,1967.0,1278,1618,1967,2316,0.8622487
319,/Volumes/SmithL0/2026/BIOL470/Final/Learning_Rig/bee_0408_3/fwd/cam1_2026-04-08_18-30-11.mp4,1598.5,1894.0,1262,1593,1935,2195,0.8140551
320,/Volumes/SmithL0/2026/BIOL470/Final/Learning_Rig/bee_0408_3/fwd/cam1_2026-04-08_18-30-11.mp4,1571.0,1912.0,1226,1601,1916,2223,0.8365841
321,/Volumes/SmithL0/2026/BIOL470/Final/Learning_Rig/bee_0408_3/fwd/cam1_2026-04-08_18-30-11.mp4,1561.0,1897.0,1213,1585,1909,2209,0.8199033
322,/Volumes/SmithL0/2026/BIOL470/Final/Learning_Rig/bee_0408_3/fwd/cam1_2026-04-08_18-30-11.mp4,1564.0,1892.0,1210,1579,1918,2205,0.8241522
323,/Volumes/SmithL0/2026/BIOL470/Final/Learning_Rig/bee_0408_3/fwd/cam1_2026-04-08_18-30-11.mp4,1559.0,1897.0,1197,1574,1921,2220,0.8034885
324,/Volumes/SmithL0/2026/BIOL470/Final/Learning_Rig/bee_0408_3/fwd/cam1_2026-04-08_18-30-11.mp4,1583.0,1900.0,1217,1576,1949,2224,0.7932437
325,/Volumes/SmithL0/2026/BIOL470/Final/Learning_Rig/bee_0408_3/fwd/cam1_2026-04-08_18-30-11.mp4,1591.0,1902.5,1230,1580,1952,2225,0.7938566
326,/Volumes/SmithL0/2026/BIOL470/Final/Learning_Rig/bee_0408_3/fwd/cam1_2026-04-08_18-30-11.mp4,1585.5,1885.0,1242,1595,1929,2175,0.7811662
327,/Volumes/SmithL0/2026/BIOL470/Final/Learning_Rig/bee_0408_3/fwd/cam1_2026-04-08_18-30-11.mp4,1569.0,1923.0,1214,1631,1924,2215,0.7626123
328,/Volumes/SmithL0/2026/BIOL470/Final/Learning_Rig/bee_0408_3/fwd/cam1_2026-04-08_18-30-11.mp4,1561.0,1919.5,1215,1633,1907,2206,0.7981121
329,/Volumes/SmithL0/2026/BIOL470/Final/Learning_Rig/bee_0408_3/fwd/cam1_2026-04-08_18-30-11.mp4,1546.0,1896.5,1203,1578,1889,2215,0.8226867
330,/Volumes/SmithL0/2026/BIOL470/Final/Learning_Rig/bee_0408_3/fwd/cam1_2026-04-08_18-30-11.mp4,1585.5,1923.0,1258,1592,1913,2254,0.8308037
331,/Volumes/SmithL0/2026/BIOL470/Final/Learning_Rig/bee_0408_3/fwd/cam1_2026-04-08_18-30-11.mp4,1570.0,1907.0,1313,1559,1827,2255,0.82598364
332,/Volumes/SmithL0/2026/BIOL470/Final/Learning_Rig/bee_0408_3/fwd/cam1_2026-04-08_18-30-11.mp4,1591.0,1910.0,1329,1573,1853,2247,0.84035826
333,/Volumes/SmithL0/2026/BIOL470/Final/Learning_Rig/bee_0408_3/fwd/cam1_2026-04-08_18-30-11.mp4,1589.0,1906.0,1316,1571,1862,2241,0.83563524
334,/Volumes/SmithL0/2026/BIOL470/Final/Learning_Rig/bee_0408_3/fwd/cam1_2026-04-08_18-30-11.mp4,1589.5,1904.0,1291,1567,1888,2241,0.83628637
335,/Volumes/SmithL0/2026/BIOL470/Final/Learning_Rig/bee_0408_3/fwd/cam1_2026-04-08_18-30-11.mp4,1605.5,1896.5,1323,1554,1888,2239,0.8326675
336,/Volumes/SmithL0/2026/BIOL470/Final/Learning_Rig/bee_0408_3/fwd/cam1_2026-04-08_18-30-11.mp4,1609.0,1904.0,1338,1567,1880,2241,0.83110756
337,/Volumes/SmithL0/2026/BIOL470/Final/Learning_Rig/bee_0408_3/fwd/cam1_2026-04-08_18-30-11.mp4,1611.5,1895.5,1342,1556,1881,2235,0.83312374
338,/Volumes/SmithL0/2026/BIOL470/Final/Learning_Rig/bee_0408_3/fwd/cam1_2026-04-08_18-30-11.mp4,1609.5,1907.0,1342,1576,1877,2238,0.8384084
339,/Volumes/SmithL0/2026/BIOL470/Final/Learning_Rig/bee_0408_3/fwd/cam1_2026-04-08_18-30-11.mp4,1607.0,1909.5,1342,1576,1872,2243,0.8428461
340,/Volumes/SmithL0/2026/BIOL470/Final/Learning_Rig/bee_0408_3/fwd/cam1_2026-04-08_18-30-11.mp4,1607.5,1910.0,1339,1578,1876,2242,0.8409788
341,/Volumes/SmithL0/2026/BIOL470/Final/Learning_Rig/bee_0408_3/fwd/cam1_2026-04-08_18-30-11.mp4,1605.5,1910.5,1338,1578,1873,2243,0.83281654
342,/Volumes/SmithL0/2026/BIOL470/Final/Learning_Rig/bee_0408_3/fwd/cam1_2026-04-08_18-30-11.mp4,1609.0,1912.0,1342,1578,1876,2246,0.8376125
343,/Volumes/SmithL0/2026/BIOL470/Final/Learning_Rig/bee_0408_3/fwd/cam1_2026-04-08_18-30-11.mp4,1606.0,1911.5,1345,1577,1867,2246,0.8358819
344,/Volumes/SmithL0/2026/BIOL470/Final/Learning_Rig/bee_0408_3/fwd/cam1_2026-04-08_18-30-11.mp4,1624.0,1910.0,1343,1580,1905,2240,0.8277512
345,/Volumes/SmithL0/2026/BIOL470/Final/Learning_Rig/bee_0408_3/fwd/cam1_2026-04-08_18-30-11.mp4,1620.0,1910.0,1343,1580,1897,2240,0.8283919
346,/Volumes/SmithL0/2026/BIOL470/Final/Learning_Rig/bee_0408_3/fwd/cam1_2026-04-08_18-30-11.mp4,1622.0,1910.5,1346,1580,1898,2241,0.82656395
347,/Volumes/SmithL0/2026/BIOL470/Final/Learning_Rig/bee_0408_3/fwd/cam1_2026-04-08_18-30-11.mp4,1625.5,1913.0,1344,1581,1907,2245,0.8266753
348,/Volumes/SmithL0/2026/BIOL470/Final/Learning_Rig/bee_0408_3/fwd/cam1_2026-04-08_18-30-11.mp4,1622.5,1913.0,1344,1581,1901,2245,0.8259093
349,/Volumes/SmithL0/2026/BIOL470/Final/Learning_Rig/bee_0408_3/fwd/cam1_2026-04-08_18-30-11.mp4,1617.0,1909.5,1344,1579,1890,2240,0.82343394
350,/Volumes/SmithL0/2026/BIOL470/Final/Learning_Rig/bee_0408_3/fwd/cam1_2026-04-08_18-30-11.mp4,1603.5,1910.0,1346,1578,1861,2242,0.8230917
351,/Volumes/SmithL0/2026/BIOL470/Final/Learning_Rig/bee_0408_3/fwd/cam1_2026-04-08_18-30-11.mp4,1604.0,1910.0,1348,1575,1860,2245,0.82481956
352,/Volumes/SmithL0/2026/BIOL470/Final/Learning_Rig/bee_0408_3/fwd/cam1_2026-04-08_18-30-11.mp4,1603.0,1911.5,1347,1574,1859,2249,0.82528627
353,/Volumes/SmithL0/2026/BIOL470/Final/Learning_Rig/bee_0408_3/fwd/cam1_2026-04-08_18-30-11.mp4,1602.5,1910.5,1348,1573,1857,2248,0.8272181
354,/Volumes/SmithL0/2026/BIOL470/Final/Learning_Rig/bee_0408_3/fwd/cam1_2026-04-08_18-30-11.mp4,1598.0,1912.0,1345,1572,1851,2252,0.8201366
355,/Volumes/SmithL0/2026/BIOL470/Final/Learning_Rig/bee_0408_3/fwd/cam1_2026-04-08_18-30-11.mp4,1599.0,1913.0,1345,1570,1853,2256,0.81330055
356,/Volumes/SmithL0/2026/BIOL470/Final/Learning_Rig/bee_0408_3/fwd/cam1_2026-04-08_18-30-11.mp4,1594.0,1912.0,1345,1569,1843,2255,0.79856735
357,/Volumes/SmithL0/2026/BIOL470/Final/Learning_Rig/bee_0408_3/fwd/cam1_2026-04-08_18-30-11.mp4,1598.5,1911.0,1346,1571,1851,2251,0.79930794
358,/Volumes/SmithL0/2026/BIOL470/Final/Learning_Rig/bee_0408_3/fwd/cam1_2026-04-08_18-30-11.mp4,1601.0,1909.0,1346,1572,1856,2246,0.8101312
359,/Volumes/SmithL0/2026/BIOL470/Final/Learning_Rig/bee_0408_3/fwd/cam1_2026-04-08_18-30-11.mp4,1636.5,1910.5,1341,1574,1932,2247,0.81152356
360,/Volumes/SmithL0/2026/BIOL470/Final/Learning_Rig/bee_0408_3/fwd/cam1_2026-04-08_18-30-11.mp4,1635.5,1913.5,1341,1581,1930,2246,0.8183616
361,/Volumes/SmithL0/2026/BIOL470/Final/Learning_Rig/bee_0408_3/fwd/cam1_2026-04-08_18-30-11.mp4,1656.0,1917.0,1342,1592,1970,2242,0.83781016
362,/Volumes/SmithL0/2026/BIOL470/Final/Learning_Rig/bee_0408_3/fwd/cam1_2026-04-08_18-30-11.mp4,1663.0,1899.5,1349,1563,1977,2236,0.8330428
363,/Volumes/SmithL0/2026/BIOL470/Final/Learning_Rig/bee_0408_3/fwd/cam1_2026-04-08_18-30-11.mp4,1668.5,1894.0,1363,1561,1974,2227,0.8305726
364,/Volumes/SmithL0/2026/BIOL470/Final/Learning_Rig/bee_0408_3/fwd/cam1_2026-04-08_18-30-11.mp4,1682.0,1886.0,1369,1549,1995,2223,0.83441454
365,/Volumes/SmithL0/2026/BIOL470/Final/Learning_Rig/bee_0408_3/fwd/cam1_2026-04-08_18-30-11.mp4,1729.5,1840.0,1449,1523,2010,2157,0.8561042
366,/Volumes/SmithL0/2026/BIOL470/Final/Learning_Rig/bee_0408_3/fwd/cam1_2026-04-08_18-30-11.mp4,1821.5,1724.5,1546,1355,2097,2094,0.8440046
367,/Volumes/SmithL0/2026/BIOL470/Final/Learning_Rig/bee_0408_3/fwd/cam1_2026-04-08_18-30-11.mp4,1826.5,1724.5,1553,1365,2100,2084,0.847708
368,/Volumes/SmithL0/2026/BIOL470/Final/Learning_Rig/bee_0408_3/fwd/cam1_2026-04-08_18-30-11.mp4,1829.0,1702.5,1552,1330,2106,2075,0.84778243
369,/Volumes/SmithL0/2026/BIOL470/Final/Learning_Rig/bee_0408_3/fwd/cam1_2026-04-08_18-30-11.mp4,1833.0,1725.0,1542,1364,2124,2086,0.84536946
370,/Volumes/SmithL0/2026/BIOL470/Final/Learning_Rig/bee_0408_3/fwd/cam1_2026-04-08_18-30-11.mp4,1843.0,1723.0,1524,1365,2162,2081,0.8190315
371,/Volumes/SmithL0/2026/BIOL470/Final/Learning_Rig/bee_0408_3/fwd/cam1_2026-04-08_18-30-11.mp4,1835.5,1708.5,1517,1341,2154,2076,0.8227982
372,/Volumes/SmithL0/2026/BIOL470/Final/Learning_Rig/bee_0408_3/fwd/cam1_2026-04-08_18-30-11.mp4,1843.0,1699.5,1503,1333,2183,2066,0.82448274
373,/Volumes/SmithL0/2026/BIOL470/Final/Learning_Rig/bee_0408_3/fwd/cam1_2026-04-08_18-30-11.mp4,1812.0,1781.5,1485,1505,2139,2058,0.731149
374,/Volumes/SmithL0/2026/BIOL470/Final/Learning_Rig/bee_0408_3/fwd/cam1_2026-04-08_18-30-11.mp4,1817.0,1699.5,1468,1322,2166,2077,0.8218411
375,/Volumes/SmithL0/2026/BIOL470/Final/Learning_Rig/bee_0408_3/fwd/cam1_2026-04-08_18-30-11.mp4,1852.0,1709.0,1502,1316,2202,2102,0.8378579
376,/Volumes/SmithL0/2026/BIOL470/Final/Learning_Rig/bee_0408_3/fwd/cam1_2026-04-08_18-30-11.mp4,1854.5,1824.0,1490,1558,2219,2090,0.70682
377,/Volumes/SmithL0/2026/BIOL470/Final/Learning_Rig/bee_0408_3/fwd/cam1_2026-04-08_18-30-11.mp4,1828.0,1722.5,1464,1341,2192,2104,0.8116752
378,/Volumes/SmithL0/2026/BIOL470/Final/Learning_Rig/bee_0408_3/fwd/cam1_2026-04-08_18-30-11.mp4,1841.5,1771.5,1481,1434,2202,2109,0.8013927
379,/Volumes/SmithL0/2026/BIOL470/Final/Learning_Rig/bee_0408_3/fwd/cam1_2026-04-08_18-30-11.mp4,1834.5,1778.0,1466,1432,2203,2124,0.8043152
380,/Volumes/SmithL0/2026/BIOL470/Final/Learning_Rig/bee_0408_3/fwd/cam1_2026-04-08_18-30-11.mp4,1851.0,1830.5,1545,1481,2157,2180,0.8105802
381,/Volumes/SmithL0/2026/BIOL470/Final/Learning_Rig/bee_0408_3/fwd/cam1_2026-04-08_18-30-11.mp4,1839.0,1835.0,1520,1495,2158,2175,0.8069051
382,/Volumes/SmithL0/2026/BIOL470/Final/Learning_Rig/bee_0408_3/fwd/cam1_2026-04-08_18-30-11.mp4,1834.0,1851.0,1562,1495,2106,2207,0.8336668
383,/Volumes/SmithL0/2026/BIOL470/Final/Learning_Rig/bee_0408_3/fwd/cam1_2026-04-08_18-30-11.mp4,1846.5,1870.5,1572,1495,2121,2246,0.83846354
384,/Volumes/SmithL0/2026/BIOL470/Final/Learning_Rig/bee_0408_3/fwd/cam1_2026-04-08_18-30-11.mp4,1892.5,1869.5,1636,1481,2149,2258,0.8188436
385,/Volumes/SmithL0/2026/BIOL470/Final/Learning_Rig/bee_0408_3/fwd/cam1_2026-04-08_18-30-11.mp4,1902.0,1873.5,1650,1484,2154,2263,0.82816046
386,/Volumes/SmithL0/2026/BIOL470/Final/Learning_Rig/bee_0408_3/fwd/cam1_2026-04-08_18-30-11.mp4,1904.5,1869.5,1659,1480,2150,2259,0.827959
387,/Volumes/SmithL0/2026/BIOL470/Final/Learning_Rig/bee_0408_3/fwd/cam1_2026-04-08_18-30-11.mp4,1912.5,1868.0,1676,1477,2149,2259,0.81696874
388,/Volumes/SmithL0/2026/BIOL470/Final/Learning_Rig/bee_0408_3/fwd/cam1_2026-04-08_18-30-11.mp4,1911.0,1886.5,1670,1490,2152,2283,0.8355367
389,/Volumes/SmithL0/2026/BIOL470/Final/Learning_Rig/bee_0408_3/fwd/cam1_2026-04-08_18-30-11.mp4,1914.5,1882.0,1686,1479,2143,2285,0.8378074
390,/Volumes/SmithL0/2026/BIOL470/Final/Learning_Rig/bee_0408_3/fwd/cam1_2026-04-08_18-30-11.mp4,1908.5,1876.0,1674,1474,2143,2278,0.8217537
391,/Volumes/SmithL0/2026/BIOL470/Final/Learning_Rig/bee_0408_3/fwd/cam1_2026-04-08_18-30-11.mp4,1903.5,1870.5,1656,1481,2151,2260,0.8160241
392,/Volumes/SmithL0/2026/BIOL470/Final/Learning_Rig/bee_0408_3/fwd/cam1_2026-04-08_18-30-11.mp4,1889.5,1865.5,1626,1476,2153,2255,0.8235515
393,/Volumes/SmithL0/2026/BIOL470/Final/Learning_Rig/bee_0408_3/fwd/cam1_2026-04-08_18-30-11.mp4,1888.5,1861.0,1624,1471,2153,2251,0.82117534
394,/Volumes/SmithL0/2026/BIOL470/Final/Learning_Rig/bee_0408_3/fwd/cam1_2026-04-08_18-30-11.mp4,1914.5,1861.5,1677,1470,2152,2253,0.8233395
395,/Volumes/SmithL0/2026/BIOL470/Final/Learning_Rig/bee_0408_3/fwd/cam1_2026-04-08_18-30-11.mp4,1910.0,1846.5,1669,1453,2151,2240,0.8139951
396,/Volumes/SmithL0/2026/BIOL470/Final/Learning_Rig/bee_0408_3/fwd/cam1_2026-04-08_18-30-11.mp4,1911.0,1840.0,1669,1451,2153,2229,0.8263944
397,/Volumes/SmithL0/2026/BIOL470/Final/Learning_Rig/bee_0408_3/fwd/cam1_2026-04-08_18-30-11.mp4,1915.0,1843.5,1678,1452,2152,2235,0.82091236
398,/Volumes/SmithL0/2026/BIOL470/Final/Learning_Rig/bee_0408_3/fwd/cam1_2026-04-08_18-30-11.mp4,1939.0,1848.5,1706,1451,2172,2246,0.82549626
399,/Volumes/SmithL0/2026/BIOL470/Final/Learning_Rig/bee_0408_3/fwd/cam1_2026-04-08_18-30-11.mp4,1950.5,1819.0,1707,1431,2194,2207,0.8416797
400,/Volumes/SmithL0/2026/BIOL470/Final/Learning_Rig/bee_0408_3/fwd/cam1_2026-04-08_18-30-11.mp4,1931.0,1808.5,1663,1417,2199,2200,0.8559122
401,/Volumes/SmithL0/2026/BIOL470/Final/Learning_Rig/bee_0408_3/fwd/cam1_2026-04-08_18-30-11.mp4,1903.5,1800.0,1614,1412,2193,2188,0.8272946
402,/Volumes/SmithL0/2026/BIOL470/Final/Learning_Rig/bee_0408_3/fwd/cam1_2026-04-08_18-30-11.mp4,1906.5,1789.0,1614,1404,2199,2174,0.81514
403,/Volumes/SmithL0/2026/BIOL470/Final/Learning_Rig/bee_0408_3/fwd/cam1_2026-04-08_18-30-11.mp4,1898.5,1767.5,1599,1384,2198,2151,0.8439113
404,/Volumes/SmithL0/2026/BIOL470/Final/Learning_Rig/bee_0408_3/fwd/cam1_2026-04-08_18-30-11.mp4,1900.5,1759.0,1602,1383,2199,2135,0.84473723
405,/Volumes/SmithL0/2026/BIOL470/Final/Learning_Rig/bee_0408_3/fwd/cam1_2026-04-08_18-30-11.mp4,1901.0,1755.0,1600,1381,2202,2129,0.83813906
406,/Volumes/SmithL0/2026/BIOL470/Final/Learning_Rig/bee_0408_3/fwd/cam1_2026-04-08_18-30-11.mp4,1900.5,1749.5,1607,1379,2194,2120,0.8505824
407,/Volumes/SmithL0/2026/BIOL470/Final/Learning_Rig/bee_0408_3/fwd/cam1_2026-04-08_18-30-11.mp4,1897.5,1748.0,1598,1375,2197,2121,0.8269614
408,/Volumes/SmithL0/2026/BIOL470/Final/Learning_Rig/bee_0408_3/fwd/cam1_2026-04-08_18-30-11.mp4,1901.0,1735.0,1605,1369,2197,2101,0.83908266
409,/Volumes/SmithL0/2026/BIOL470/Final/Learning_Rig/bee_0408_3/fwd/cam1_2026-04-08_18-30-11.mp4,1901.5,1735.0,1606,1372,2197,2098,0.83774173
410,/Volumes/SmithL0/2026/BIOL470/Final/Learning_Rig/bee_0408_3/fwd/cam1_2026-04-08_18-30-11.mp4,1909.0,1744.5,1614,1386,2204,2103,0.84279025
411,/Volumes/SmithL0/2026/BIOL470/Final/Learning_Rig/bee_0408_3/fwd/cam1_2026-04-08_18-30-11.mp4,1911.5,1752.5,1615,1388,2208,2117,0.8480494
412,/Volumes/SmithL0/2026/BIOL470/Final/Learning_Rig/bee_0408_3/fwd/cam1_2026-04-08_18-30-11.mp4,1919.0,1761.5,1624,1393,2214,2130,0.85168374
413,/Volumes/SmithL0/2026/BIOL470/Final/Learning_Rig/bee_0408_3/fwd/cam1_2026-04-08_18-30-11.mp4,1909.0,1797.5,1617,1436,2201,2159,0.83366954
414,/Volumes/SmithL0/2026/BIOL470/Final/Learning_Rig/bee_0408_3/fwd/cam1_2026-04-08_18-30-11.mp4,1898.0,1821.5,1603,1459,2193,2184,0.8546857
415,/Volumes/SmithL0/2026/BIOL470/Final/Learning_Rig/bee_0408_3/fwd/cam1_2026-04-08_18-30-11.mp4,1900.0,1824.5,1600,1453,2200,2196,0.85799
416,/Volumes/SmithL0/2026/BIOL470/Final/Learning_Rig/bee_0408_3/fwd/cam1_2026-04-08_18-30-11.mp4,1904.0,1856.5,1607,1487,2201,2226,0.8461165
417,/Volumes/SmithL0/2026/BIOL470/Final/Learning_Rig/bee_0408_3/fwd/cam1_2026-04-08_18-30-11.mp4,1903.5,1862.0,1606,1498,2201,2226,0.8458179
418,/Volumes/SmithL0/2026/BIOL470/Final/Learning_Rig/bee_0408_3/fwd/cam1_2026-04-08_18-30-11.mp4,1918.0,1867.0,1642,1498,2194,2236,0.8545067
419,/Volumes/SmithL0/2026/BIOL470/Final/Learning_Rig/bee_0408_3/fwd/cam1_2026-04-08_18-30-11.mp4,1912.5,1885.5,1615,1512,2210,2259,0.8177246
420,/Volumes/SmithL0/2026/BIOL470/Final/Learning_Rig/bee_0408_3/fwd/cam1_2026-04-08_18-30-11.mp4,1919.5,1893.5,1636,1530,2203,2257,0.80988187
421,/Volumes/SmithL0/2026/BIOL470/Final/Learning_Rig/bee_0408_3/fwd/cam1_2026-04-08_18-30-11.mp4,1896.0,1924.0,1594,1564,2198,2284,0.81195915
422,/Volumes/SmithL0/2026/BIOL470/Final/Learning_Rig/bee_0408_3/fwd/cam1_2026-04-08_18-30-11.mp4,1892.5,1943.5,1594,1577,2191,2310,0.83468693
423,/Volumes/SmithL0/2026/BIOL470/Final/Learning_Rig/bee_0408_3/fwd/cam1_2026-04-08_18-30-11.mp4,1890.0,1949.0,1588,1581,2192,2317,0.8428042
424,/Volumes/SmithL0/2026/BIOL470/Final/Learning_Rig/bee_0408_3/fwd/cam1_2026-04-08_18-30-11.mp4,1930.0,1963.5,1659,1605,2201,2322,0.8364147
425,/Volumes/SmithL0/2026/BIOL470/Final/Learning_Rig/bee_0408_3/fwd/cam1_2026-04-08_18-30-11.mp4,1921.5,1967.0,1658,1611,2185,2323,0.84511805
426,/Volumes/SmithL0/2026/BIOL470/Final/Learning_Rig/bee_0408_3/fwd/cam1_2026-04-08_18-30-11.mp4,1917.5,1974.0,1651,1630,2184,2318,0.8462121
427,/Volumes/SmithL0/2026/BIOL470/Final/Learning_Rig/bee_0408_3/fwd/cam1_2026-04-08_18-30-11.mp4,1898.0,1985.0,1617,1629,2179,2341,0.8146817
428,/Volumes/SmithL0/2026/BIOL470/Final/Learning_Rig/bee_0408_3/fwd/cam1_2026-04-08_18-30-11.mp4,1935.5,1959.0,1669,1611,2202,2307,0.8302216
429,/Volumes/SmithL0/2026/BIOL470/Final/Learning_Rig/bee_0408_3/fwd/cam1_2026-04-08_18-30-11.mp4,1900.0,1956.5,1649,1628,2151,2285,0.8287543
430,/Volumes/SmithL0/2026/BIOL470/Final/Learning_Rig/bee_0408_3/fwd/cam1_2026-04-08_18-30-11.mp4,1888.0,1964.5,1623,1649,2153,2280,0.83097315
431,/Volumes/SmithL0/2026/BIOL470/Final/Learning_Rig/bee_0408_3/fwd/cam1_2026-04-08_18-30-11.mp4,1914.0,1927.5,1572,1602,2256,2253,0.80277723
432,/Volumes/SmithL0/2026/BIOL470/Final/Learning_Rig/bee_0408_3/fwd/cam1_2026-04-08_18-30-11.mp4,1887.5,1948.5,1594,1647,2181,2250,0.70661557
433,/Volumes/SmithL0/2026/BIOL470/Final/Learning_Rig/bee_0408_3/fwd/cam1_2026-04-08_18-30-11.mp4,1889.5,1959.0,1592,1664,2187,2254,0.7681031
434,/Volumes/SmithL0/2026/BIOL470/Final/Learning_Rig/bee_0408_3/fwd/cam1_2026-04-08_18-30-11.mp4,1894.0,1958.5,1603,1660,2185,2257,0.7722827
435,/Volumes/SmithL0/2026/BIOL470/Final/Learning_Rig/bee_0408_3/fwd/cam1_2026-04-08_18-30-11.mp4,1899.0,1955.0,1609,1658,2189,2252,0.7592539
436,/Volumes/SmithL0/2026/BIOL470/Final/Learning_Rig/bee_0408_3/fwd/cam1_2026-04-08_18-30-11.mp4,1912.5,1947.0,1611,1658,2214,2236,0.7548357
437,/Volumes/SmithL0/2026/BIOL470/Final/Learning_Rig/bee_0408_3/fwd/cam1_2026-04-08_18-30-11.mp4,1907.0,1950.5,1618,1663,2196,2238,0.76755166
438,/Volumes/SmithL0/2026/BIOL470/Final/Learning_Rig/bee_0408_3/fwd/cam1_2026-04-08_18-30-11.mp4,1916.0,1949.0,1645,1654,2187,2244,0.71875054
439,/Volumes/SmithL0/2026/BIOL470/Final/Learning_Rig/bee_0408_3/fwd/cam1_2026-04-08_18-30-11.mp4,1803.0,1943.5,1655,1659,1951,2228,0.5753329
440,/Volumes/SmithL0/2026/BIOL470/Final/Learning_Rig/bee_0408_3/fwd/cam1_2026-04-08_18-30-11.mp4,1827.5,1947.0,1663,1652,1992,2242,0.6366204
441,/Volumes/SmithL0/2026/BIOL470/Final/Learning_Rig/bee_0408_3/fwd/cam1_2026-04-08_18-30-11.mp4,1887.5,1949.0,1678,1641,2097,2257,0.7618816
442,/Volumes/SmithL0/2026/BIOL470/Final/Learning_Rig/bee_0408_3/fwd/cam1_2026-04-08_18-30-11.mp4,1941.0,1959.0,1673,1643,2209,2275,0.7902314
443,/Volumes/SmithL0/2026/BIOL470/Final/Learning_Rig/bee_0408_3/fwd/cam1_2026-04-08_18-30-11.mp4,1945.5,1968.0,1686,1637,2205,2299,0.7966335
444,/Volumes/SmithL0/2026/BIOL470/Final/Learning_Rig/bee_0408_3/fwd/cam1_2026-04-08_18-30-11.mp4,1955.0,1965.0,1709,1634,2201,2296,0.78456455
445,/Volumes/SmithL0/2026/BIOL470/Final/Learning_Rig/bee_0408_3/fwd/cam1_2026-04-08_18-30-11.mp4,1954.0,1966.0,1704,1631,2204,2301,0.8063435
446,/Volumes/SmithL0/2026/BIOL470/Final/Learning_Rig/bee_0408_3/fwd/cam1_2026-04-08_18-30-11.mp4,1956.0,1966.5,1706,1629,2206,2304,0.8034441
447,/Volumes/SmithL0/2026/BIOL470/Final/Learning_Rig/bee_0408_3/fwd/cam1_2026-04-08_18-30-11.mp4,1958.5,1967.5,1711,1628,2206,2307,0.792474
448,/Volumes/SmithL0/2026/BIOL470/Final/Learning_Rig/bee_0408_3/fwd/cam1_2026-04-08_18-30-11.mp4,1957.5,1979.0,1726,1640,2189,2318,0.8196104
449,/Volumes/SmithL0/2026/BIOL470/Final/Learning_Rig/bee_0408_3/fwd/cam1_2026-04-08_18-30-11.mp4,1962.5,1979.5,1739,1641,2186,2318,0.8206402
450,/Volumes/SmithL0/2026/BIOL470/Final/Learning_Rig/bee_0408_3/fwd/cam1_2026-04-08_18-30-11.mp4,1952.0,1987.5,1718,1654,2186,2321,0.8102478
451,/Volumes/SmithL0/2026/BIOL470/Final/Learning_Rig/bee_0408_3/fwd/cam1_2026-04-08_18-30-11.mp4,1965.5,1981.0,1744,1655,2187,2307,0.81005865
452,/Volumes/SmithL0/2026/BIOL470/Final/Learning_Rig/bee_0408_3/fwd/cam1_2026-04-08_18-30-11.mp4,1966.5,1981.0,1749,1647,2184,2315,0.82324284
453,/Volumes/SmithL0/2026/BIOL470/Final/Learning_Rig/bee_0408_3/fwd/cam1_2026-04-08_18-30-11.mp4,1968.5,1977.5,1755,1641,2182,2314,0.81552535
454,/Volumes/SmithL0/2026/BIOL470/Final/Learning_Rig/bee_0408_3/fwd/cam1_2026-04-08_18-30-11.mp4,1968.0,1973.0,1756,1638,2180,2308,0.8006205
455,/Volumes/SmithL0/2026/BIOL470/Final/Learning_Rig/bee_0408_3/fwd/cam1_2026-04-08_18-30-11.mp4,1964.5,1975.5,1754,1639,2175,2312,0.7876439
456,/Volumes/SmithL0/2026/BIOL470/Final/Learning_Rig/bee_0408_3/fwd/cam1_2026-04-08_18-30-11.mp4,1957.0,1973.5,1740,1636,2174,2311,0.80051255
457,/Volumes/SmithL0/2026/BIOL470/Final/Learning_Rig/bee_0408_3/fwd/cam1_2026-04-08_18-30-11.mp4,1966.5,1952.0,1756,1601,2177,2303,0.80696875
458,/Volumes/SmithL0/2026/BIOL470/Final/Learning_Rig/bee_0408_3/fwd/cam1_2026-04-08_18-30-11.mp4,1969.0,1951.0,1762,1600,2176,2302,0.78474236
459,/Volumes/SmithL0/2026/BIOL470/Final/Learning_Rig/bee_0408_3/fwd/cam1_2026-04-08_18-30-11.mp4,1968.5,1963.0,1760,1623,2177,2303,0.7036316
460,/Volumes/SmithL0/2026/BIOL470/Final/Learning_Rig/bee_0408_3/fwd/cam1_2026-04-08_18-30-11.mp4,1968.0,1970.5,1759,1640,2177,2301,0.7398296
461,/Volumes/SmithL0/2026/BIOL470/Final/Learning_Rig/bee_0408_3/fwd/cam1_2026-04-08_18-30-11.mp4,1968.0,1970.0,1759,1637,2177,2303,0.67889833
462,/Volumes/SmithL0/2026/BIOL470/Final/Learning_Rig/bee_0408_3/fwd/cam1_2026-04-08_18-30-11.mp4,1968.0,1965.5,1759,1630,2177,2301,0.65797305
463,/Volumes/SmithL0/2026/BIOL470/Final/Learning_Rig/bee_0408_3/fwd/cam1_2026-04-08_18-30-11.mp4,1968.0,1962.5,1759,1624,2177,2301,0.67218596
464,/Volumes/SmithL0/2026/BIOL470/Final/Learning_Rig/bee_0408_3/fwd/cam1_2026-04-08_18-30-11.mp4,1967.0,1967.5,1758,1635,2176,2300,0.6070407
465,/Volumes/SmithL0/2026/BIOL470/Final/Learning_Rig/bee_0408_3/fwd/cam1_2026-04-08_18-30-11.mp4,1967.5,1967.0,1755,1633,2180,2301,0.57971793
466,/Volumes/SmithL0/2026/BIOL470/Final/Learning_Rig/bee_0408_3/fwd/cam1_2026-04-08_18-30-11.mp4,1978.0,1953.5,1755,1604,2201,2303,0.7672869
467,/Volumes/SmithL0/2026/BIOL470/Final/Learning_Rig/bee_0408_3/fwd/cam1_2026-04-08_18-30-11.mp4,1981.0,1943.0,1752,1583,2210,2303,0.8239295
468,/Volumes/SmithL0/2026/BIOL470/Final/Learning_Rig/bee_0408_3/fwd/cam1_2026-04-08_18-30-11.mp4,1955.0,1962.5,1712,1620,2198,2305,0.82395756
469,/Volumes/SmithL0/2026/BIOL470/Final/Learning_Rig/bee_0408_3/fwd/cam1_2026-04-08_18-30-11.mp4,1969.5,1951.5,1737,1600,2202,2303,0.83989143
470,/Volumes/SmithL0/2026/BIOL470/Final/Learning_Rig/bee_0408_3/fwd/cam1_2026-04-08_18-30-11.mp4,1963.0,1949.0,1726,1598,2200,2300,0.8405158
471,/Volumes/SmithL0/2026/BIOL470/Final/Learning_Rig/bee_0408_3/fwd/cam1_2026-04-08_18-30-11.mp4,1962.0,1946.0,1723,1607,2201,2285,0.8217552
472,/Volumes/SmithL0/2026/BIOL470/Final/Learning_Rig/bee_0408_3/fwd/cam1_2026-04-08_18-30-11.mp4,1962.5,1936.5,1720,1604,2205,2269,0.8248385
473,/Volumes/SmithL0/2026/BIOL470/Final/Learning_Rig/bee_0408_3/fwd/cam1_2026-04-08_18-30-11.mp4,1961.0,1935.5,1716,1610,2206,2261,0.8400256
474,/Volumes/SmithL0/2026/BIOL470/Final/Learning_Rig/bee_0408_3/fwd/cam1_2026-04-08_18-30-11.mp4,1951.5,1935.0,1694,1617,2209,2253,0.8253953
475,/Volumes/SmithL0/2026/BIOL470/Final/Learning_Rig/bee_0408_3/fwd/cam1_2026-04-08_18-30-11.mp4,1942.5,1906.5,1681,1559,2204,2254,0.8242637
476,/Volumes/SmithL0/2026/BIOL470/Final/Learning_Rig/bee_0408_3/fwd/cam1_2026-04-08_18-30-11.mp4,1942.0,1927.5,1679,1591,2205,2264,0.81636506
477,/Volumes/SmithL0/2026/BIOL470/Final/Learning_Rig/bee_0408_3/fwd/cam1_2026-04-08_18-30-11.mp4,1933.5,1952.5,1666,1623,2201,2282,0.811096
478,/Volumes/SmithL0/2026/BIOL470/Final/Learning_Rig/bee_0408_3/fwd/cam1_2026-04-08_18-30-11.mp4,1912.5,1978.0,1622,1649,2203,2307,0.8084591
479,/Volumes/SmithL0/2026/BIOL470/Final/Learning_Rig/bee_0408_3/fwd/cam1_2026-04-08_18-30-11.mp4,1897.5,1992.0,1598,1660,2197,2324,0.7937525
480,/Volumes/SmithL0/2026/BIOL470/Final/Learning_Rig/bee_0408_3/fwd/cam1_2026-04-08_18-30-11.mp4,1889.5,2021.0,1593,1666,2186,2376,0.81293744
481,/Volumes/SmithL0/2026/BIOL470/Final/Learning_Rig/bee_0408_3/fwd/cam1_2026-04-08_18-30-11.mp4,1840.5,2114.5,1579,1856,2102,2373,0.64414525
482,/Volumes/SmithL0/2026/BIOL470/Final/Learning_Rig/bee_0408_3/fwd/cam1_2026-04-08_18-30-11.mp4,1888.0,2018.0,1590,1671,2186,2365,0.8181888
483,/Volumes/SmithL0/2026/BIOL470/Final/Learning_Rig/bee_0408_3/fwd/cam1_2026-04-08_18-30-11.mp4,1838.0,2105.5,1576,1850,2100,2361,0.61205393
484,/Volumes/SmithL0/2026/BIOL470/Final/Learning_Rig/bee_0408_3/fwd/cam1_2026-04-08_18-30-11.mp4,1876.5,2008.0,1564,1665,2189,2351,0.81434536
485,/Volumes/SmithL0/2026/BIOL470/Final/Learning_Rig/bee_0408_3/fwd/cam1_2026-04-08_18-30-11.mp4,1879.5,1996.0,1552,1651,2207,2341,0.790912
486,/Volumes/SmithL0/2026/BIOL470/Final/Learning_Rig/bee_0408_3/fwd/cam1_2026-04-08_18-30-11.mp4,1853.5,1987.5,1500,1634,2207,2341,0.7956384
487,/Volumes/SmithL0/2026/BIOL470/Final/Learning_Rig/bee_0408_3/fwd/cam1_2026-04-08_18-30-11.mp4,1847.5,1982.0,1488,1629,2207,2335,0.7908642
488,/Volumes/SmithL0/2026/BIOL470/Final/Learning_Rig/bee_0408_3/fwd/cam1_2026-04-08_18-30-11.mp4,1787.0,1980.5,1435,1633,2139,2328,0.798809
489,/Volumes/SmithL0/2026/BIOL470/Final/Learning_Rig/bee_0408_3/fwd/cam1_2026-04-08_18-30-11.mp4,1779.5,1979.0,1437,1631,2122,2327,0.78279823
490,/Volumes/SmithL0/2026/BIOL470/Final/Learning_Rig/bee_0408_3/fwd/cam1_2026-04-08_18-30-11.mp4,1771.0,1978.0,1435,1633,2107,2323,0.7975608
491,/Volumes/SmithL0/2026/BIOL470/Final/Learning_Rig/bee_0408_3/fwd/cam1_2026-04-08_18-30-11.mp4,1767.5,1985.0,1431,1633,2104,2337,0.7656086
492,/Volumes/SmithL0/2026/BIOL470/Final/Learning_Rig/bee_0408_3/fwd/cam1_2026-04-08_18-30-11.mp4,1755.5,1975.5,1409,1632,2102,2319,0.7732036
493,/Volumes/SmithL0/2026/BIOL470/Final/Learning_Rig/bee_0408_3/fwd/cam1_2026-04-08_18-30-11.mp4,1612.0,2045.0,1416,1805,1808,2285,0.515739
494,/Volumes/SmithL0/2026/BIOL470/Final/Learning_Rig/bee_0408_3/fwd/cam1_2026-04-08_18-30-11.mp4,1745.0,2040.5,1399,1753,2091,2328,0.81438124
495,/Volumes/SmithL0/2026/BIOL470/Final/Learning_Rig/bee_0408_3/fwd/cam1_2026-04-08_18-30-11.mp4,1706.5,2045.0,1367,1762,2046,2328,0.81707263
496,/Volumes/SmithL0/2026/BIOL470/Final/Learning_Rig/bee_0408_3/fwd/cam1_2026-04-08_18-30-11.mp4,1666.5,2046.5,1325,1755,2008,2338,0.8039009
497,/Volumes/SmithL0/2026/BIOL470/Final/Learning_Rig/bee_0408_3/fwd/cam1_2026-04-08_18-30-11.mp4,1640.5,2011.0,1274,1715,2007,2307,0.8004938
498,/Volumes/SmithL0/2026/BIOL470/Final/Learning_Rig/bee_0408_3/fwd/cam1_2026-04-08_18-30-11.mp4,1631.0,1952.5,1278,1668,1984,2237,0.82722414
499,/Volumes/SmithL0/2026/BIOL470/Final/Learning_Rig/bee_0408_3/fwd/cam1_2026-04-08_18-30-11.mp4,1622.5,1957.5,1263,1681,1982,2234,0.8337468
500,/Volumes/SmithL0/2026/BIOL470/Final/Learning_Rig/bee_0408_3/fwd/cam1_2026-04-08_18-30-11.mp4,1627.5,1947.0,1268,1671,1987,2223,0.84310716
501,/Volumes/SmithL0/2026/BIOL470/Final/Learning_Rig/bee_0408_3/fwd/cam1_2026-04-08_18-30-11.mp4,1598.5,1926.5,1264,1646,1933,2207,0.81366557
502,/Volumes/SmithL0/2026/BIOL470/Final/Learning_Rig/bee_0408_3/fwd/cam1_2026-04-08_18-30-11.mp4,1568.0,1928.0,1228,1646,1908,2210,0.8143363
503,/Volumes/SmithL0/2026/BIOL470/Final/Learning_Rig/bee_0408_3/fwd/cam1_2026-04-08_18-30-11.mp4,1547.5,1878.0,1202,1544,1893,2212,0.8050833
504,/Volumes/SmithL0/2026/BIOL470/Final/Learning_Rig/bee_0408_3/fwd/cam1_2026-04-08_18-30-11.mp4,1529.5,1878.5,1195,1545,1864,2212,0.8308349
505,/Volumes/SmithL0/2026/BIOL470/Final/Learning_Rig/bee_0408_3/fwd/cam1_2026-04-08_18-30-11.mp4,1533.0,1859.0,1196,1527,1870,2191,0.83756214
506,/Volumes/SmithL0/2026/BIOL470/Final/Learning_Rig/bee_0408_3/fwd/cam1_2026-04-08_18-30-11.mp4,1530.0,1865.5,1195,1532,1865,2199,0.8158788
507,/Volumes/SmithL0/2026/BIOL470/Final/Learning_Rig/bee_0408_3/fwd/cam1_2026-04-08_18-30-11.mp4,1499.0,1870.0,1182,1547,1816,2193,0.8215988
508,/Volumes/SmithL0/2026/BIOL470/Final/Learning_Rig/bee_0408_3/fwd/cam1_2026-04-08_18-30-11.mp4,1499.0,1876.0,1180,1549,1818,2203,0.83179265
509,/Volumes/SmithL0/2026/BIOL470/Final/Learning_Rig/bee_0408_3/fwd/cam1_2026-04-08_18-30-11.mp4,1496.0,1866.0,1184,1532,1808,2200,0.8293575
510,/Volumes/SmithL0/2026/BIOL470/Final/Learning_Rig/bee_0408_3/fwd/cam1_2026-04-08_18-30-11.mp4,1487.5,1856.0,1184,1519,1791,2193,0.8276903
511,/Volumes/SmithL0/2026/BIOL470/Final/Learning_Rig/bee_0408_3/fwd/cam1_2026-04-08_18-30-11.mp4,1468.5,1860.5,1185,1525,1752,2196,0.8374023
512,/Volumes/SmithL0/2026/BIOL470/Final/Learning_Rig/bee_0408_3/fwd/cam1_2026-04-08_18-30-11.mp4,1463.0,1833.5,1185,1487,1741,2180,0.8185475
513,/Volumes/SmithL0/2026/BIOL470/Final/Learning_Rig/bee_0408_3/fwd/cam1_2026-04-08_18-30-11.mp4,1443.5,1832.5,1177,1477,1710,2188,0.83371776
514,/Volumes/SmithL0/2026/BIOL470/Final/Learning_Rig/bee_0408_3/fwd/cam1_2026-04-08_18-30-11.mp4,1459.0,1852.5,1204,1519,1714,2186,0.84678656
515,/Volumes/SmithL0/2026/BIOL470/Final/Learning_Rig/bee_0408_3/fwd/cam1_2026-04-08_18-30-11.mp4,1475.0,1858.5,1177,1518,1773,2199,0.851436
516,/Volumes/SmithL0/2026/BIOL470/Final/Learning_Rig/bee_0408_3/fwd/cam1_2026-04-08_18-30-11.mp4,1490.5,1852.0,1162,1502,1819,2202,0.84766215
517,/Volumes/SmithL0/2026/BIOL470/Final/Learning_Rig/bee_0408_3/fwd/cam1_2026-04-08_18-30-11.mp4,1512.0,1848.5,1176,1492,1848,2205,0.8340442
518,/Volumes/SmithL0/2026/BIOL470/Final/Learning_Rig/bee_0408_3/fwd/cam1_2026-04-08_18-30-11.mp4,1513.5,1786.5,1177,1485,1850,2088,0.8024191
519,/Volumes/SmithL0/2026/BIOL470/Final/Learning_Rig/bee_0408_3/fwd/cam1_2026-04-08_18-30-11.mp4,1536.0,1777.5,1200,1481,1872,2074,0.8046624
520,/Volumes/SmithL0/2026/BIOL470/Final/Learning_Rig/bee_0408_3/fwd/cam1_2026-04-08_18-30-11.mp4,1549.5,1745.5,1219,1461,1880,2030,0.81556785
521,/Volumes/SmithL0/2026/BIOL470/Final/Learning_Rig/bee_0408_3/fwd/cam1_2026-04-08_18-30-11.mp4,1556.0,1738.5,1229,1419,1883,2058,0.8048724
522,/Volumes/SmithL0/2026/BIOL470/Final/Learning_Rig/bee_0408_3/fwd/cam1_2026-04-08_18-30-11.mp4,1557.0,1729.5,1219,1404,1895,2055,0.83666
523,/Volumes/SmithL0/2026/BIOL470/Final/Learning_Rig/bee_0408_3/fwd/cam1_2026-04-08_18-30-11.mp4,1571.0,1847.5,1206,1461,1936,2234,0.79862595
524,/Volumes/SmithL0/2026/BIOL470/Final/Learning_Rig/bee_0408_3/fwd/cam1_2026-04-08_18-30-11.mp4,1568.0,1709.0,1219,1411,1917,2007,0.5275713
525,/Volumes/SmithL0/2026/BIOL470/Final/Learning_Rig/bee_0408_3/fwd/cam1_2026-04-08_18-30-11.mp4,1572.5,1845.0,1201,1461,1944,2229,0.804052
526,/Volumes/SmithL0/2026/BIOL470/Final/Learning_Rig/bee_0408_3/fwd/cam1_2026-04-08_18-30-11.mp4,1568.5,1698.5,1210,1396,1927,2001,0.6114922
527,/Volumes/SmithL0/2026/BIOL470/Final/Learning_Rig/bee_0408_3/fwd/cam1_2026-04-08_18-30-11.mp4,1583.5,1724.5,1234,1391,1933,2058,0.8246219
528,/Volumes/SmithL0/2026/BIOL470/Final/Learning_Rig/bee_0408_3/fwd/cam1_2026-04-08_18-30-11.mp4,1570.0,1741.5,1237,1392,1903,2091,0.8132539
529,/Volumes/SmithL0/2026/BIOL470/Final/Learning_Rig/bee_0408_3/fwd/cam1_2026-04-08_18-30-11.mp4,1571.0,1764.0,1213,1423,1929,2105,0.8173775
530,/Volumes/SmithL0/2026/BIOL470/Final/Learning_Rig/bee_0408_3/fwd/cam1_2026-04-08_18-30-11.mp4,1571.0,1761.5,1215,1410,1927,2113,0.8016772
531,/Volumes/SmithL0/2026/BIOL470/Final/Learning_Rig/bee_0408_3/fwd/cam1_2026-04-08_18-30-11.mp4,1581.0,1701.5,1244,1369,1918,2034,0.79584193
532,/Volumes/SmithL0/2026/BIOL470/Final/Learning_Rig/bee_0408_3/fwd/cam1_2026-04-08_18-30-11.mp4,1582.5,1699.0,1243,1368,1922,2030,0.79296863
533,/Volumes/SmithL0/2026/BIOL470/Final/Learning_Rig/bee_0408_3/fwd/cam1_2026-04-08_18-30-11.mp4,1596.0,1710.5,1264,1378,1928,2043,0.8242706
534,/Volumes/SmithL0/2026/BIOL470/Final/Learning_Rig/bee_0408_3/fwd/cam1_2026-04-08_18-30-11.mp4,1599.0,1721.5,1293,1373,1905,2070,0.81252146
535,/Volumes/SmithL0/2026/BIOL470/Final/Learning_Rig/bee_0408_3/fwd/cam1_2026-04-08_18-30-11.mp4,1601.0,1756.5,1288,1390,1914,2123,0.8331855
536,/Volumes/SmithL0/2026/BIOL470/Final/Learning_Rig/bee_0408_3/fwd/cam1_2026-04-08_18-30-11.mp4,1596.5,1785.0,1288,1436,1905,2134,0.8125242
537,/Volumes/SmithL0/2026/BIOL470/Final/Learning_Rig/bee_0408_3/fwd/cam1_2026-04-08_18-30-11.mp4,1627.0,1790.5,1291,1435,1963,2146,0.83216345
538,/Volumes/SmithL0/2026/BIOL470/Final/Learning_Rig/bee_0408_3/fwd/cam1_2026-04-08_18-30-11.mp4,1628.0,1795.5,1288,1443,1968,2148,0.81324714
539,/Volumes/SmithL0/2026/BIOL470/Final/Learning_Rig/bee_0408_3/fwd/cam1_2026-04-08_18-30-11.mp4,1639.5,1786.0,1291,1446,1988,2126,0.8037483
540,/Volumes/SmithL0/2026/BIOL470/Final/Learning_Rig/bee_0408_3/fwd/cam1_2026-04-08_18-30-11.mp4,1645.0,1787.5,1294,1449,1996,2126,0.8064125
541,/Volumes/SmithL0/2026/BIOL470/Final/Learning_Rig/bee_0408_3/fwd/cam1_2026-04-08_18-30-11.mp4,1648.0,1789.5,1298,1453,1998,2126,0.79851806
542,/Volumes/SmithL0/2026/BIOL470/Final/Learning_Rig/bee_0408_3/fwd/cam1_2026-04-08_18-30-11.mp4,1638.5,1789.5,1306,1448,1971,2131,0.83741164
543,/Volumes/SmithL0/2026/BIOL470/Final/Learning_Rig/bee_0408_3/fwd/cam1_2026-04-08_18-30-11.mp4,1646.0,1800.5,1310,1462,1982,2139,0.84060293
544,/Volumes/SmithL0/2026/BIOL470/Final/Learning_Rig/bee_0408_3/fwd/cam1_2026-04-08_18-30-11.mp4,1646.5,1800.5,1309,1461,1984,2140,0.84152204
545,/Volumes/SmithL0/2026/BIOL470/Final/Learning_Rig/bee_0408_3/fwd/cam1_2026-04-08_18-30-11.mp4,1646.5,1800.0,1308,1461,1985,2139,0.83954245
546,/Volumes/SmithL0/2026/BIOL470/Final/Learning_Rig/bee_0408_3/fwd/cam1_2026-04-08_18-30-11.mp4,1647.0,1798.5,1308,1460,1986,2137,0.83534676
547,/Volumes/SmithL0/2026/BIOL470/Final/Learning_Rig/bee_0408_3/fwd/cam1_2026-04-08_18-30-11.mp4,1648.5,1799.0,1309,1461,1988,2137,0.83079636
548,/Volumes/SmithL0/2026/BIOL470/Final/Learning_Rig/bee_0408_3/fwd/cam1_2026-04-08_18-30-11.mp4,1648.0,1797.5,1308,1460,1988,2135,0.83129823
549,/Volumes/SmithL0/2026/BIOL470/Final/Learning_Rig/bee_0408_3/fwd/cam1_2026-04-08_18-30-11.mp4,1650.0,1797.5,1307,1460,1993,2135,0.8221509
550,/Volumes/SmithL0/2026/BIOL470/Final/Learning_Rig/bee_0408_3/fwd/cam1_2026-04-08_18-30-11.mp4,1651.5,1799.5,1307,1465,1996,2134,0.82475096
551,/Volumes/SmithL0/2026/BIOL470/Final/Learning_Rig/bee_0408_3/fwd/cam1_2026-04-08_18-30-11.mp4,1593.0,1809.0,1296,1469,1890,2149,0.8525155
552,/Volumes/SmithL0/2026/BIOL470/Final/Learning_Rig/bee_0408_3/fwd/cam1_2026-04-08_18-30-11.mp4,1591.0,1808.5,1292,1470,1890,2147,0.84668237
553,/Volumes/SmithL0/2026/BIOL470/Final/Learning_Rig/bee_0408_3/fwd/cam1_2026-04-08_18-30-11.mp4,1589.5,1810.0,1286,1471,1893,2149,0.8522899
554,/Volumes/SmithL0/2026/BIOL470/Final/Learning_Rig/bee_0408_3/fwd/cam1_2026-04-08_18-30-11.mp4,1589.5,1813.0,1283,1472,1896,2154,0.8370245
555,/Volumes/SmithL0/2026/BIOL470/Final/Learning_Rig/bee_0408_3/fwd/cam1_2026-04-08_18-30-11.mp4,1589.5,1817.0,1282,1475,1897,2159,0.8361606
556,/Volumes/SmithL0/2026/BIOL470/Final/Learning_Rig/bee_0408_3/fwd/cam1_2026-04-08_18-30-11.mp4,1591.5,1821.0,1292,1472,1891,2170,0.81831807
557,/Volumes/SmithL0/2026/BIOL470/Final/Learning_Rig/bee_0408_3/fwd/cam1_2026-04-08_18-30-11.mp4,1589.0,1830.0,1288,1492,1890,2168,0.8235148
558,/Volumes/SmithL0/2026/BIOL470/Final/Learning_Rig/bee_0408_3/fwd/cam1_2026-04-08_18-30-11.mp4,1592.5,1832.5,1294,1494,1891,2171,0.8235734
559,/Volumes/SmithL0/2026/BIOL470/Final/Learning_Rig/bee_0408_3/fwd/cam1_2026-04-08_18-30-11.mp4,1584.0,1834.5,1273,1498,1895,2171,0.8279611
560,/Volumes/SmithL0/2026/BIOL470/Final/Learning_Rig/bee_0408_3/fwd/cam1_2026-04-08_18-30-11.mp4,1578.5,1834.5,1263,1494,1894,2175,0.8331109
561,/Volumes/SmithL0/2026/BIOL470/Final/Learning_Rig/bee_0408_3/fwd/cam1_2026-04-08_18-30-11.mp4,1580.5,1878.5,1263,1529,1898,2228,0.8058499
562,/Volumes/SmithL0/2026/BIOL470/Final/Learning_Rig/bee_0408_3/fwd/cam1_2026-04-08_18-30-11.mp4,1570.5,1892.5,1259,1553,1882,2232,0.7866735
563,/Volumes/SmithL0/2026/BIOL470/Final/Learning_Rig/bee_0408_3/fwd/cam1_2026-04-08_18-30-11.mp4,1544.5,1882.5,1255,1536,1834,2229,0.806499
564,/Volumes/SmithL0/2026/BIOL470/Final/Learning_Rig/bee_0408_3/fwd/cam1_2026-04-08_18-30-11.mp4,1526.0,1894.0,1259,1551,1793,2237,0.8118054
565,/Volumes/SmithL0/2026/BIOL470/Final/Learning_Rig/bee_0408_3/fwd/cam1_2026-04-08_18-30-11.mp4,1525.5,1894.0,1256,1549,1795,2239,0.8152581
566,/Volumes/SmithL0/2026/BIOL470/Final/Learning_Rig/bee_0408_3/fwd/cam1_2026-04-08_18-30-11.mp4,1530.5,1887.5,1250,1543,1811,2232,0.79614234
567,/Volumes/SmithL0/2026/BIOL470/Final/Learning_Rig/bee_0408_3/fwd/cam1_2026-04-08_18-30-11.mp4,1574.5,1896.0,1255,1553,1894,2239,0.78485745
568,/Volumes/SmithL0/2026/BIOL470/Final/Learning_Rig/bee_0408_3/fwd/cam1_2026-04-08_18-30-11.mp4,1573.5,1907.0,1249,1569,1898,2245,0.8006315
569,/Volumes/SmithL0/2026/BIOL470/Final/Learning_Rig/bee_0408_3/fwd/cam1_2026-04-08_18-30-11.mp4,1594.5,1908.5,1252,1572,1937,2245,0.8060413
570,/Volumes/SmithL0/2026/BIOL470/Final/Learning_Rig/bee_0408_3/fwd/cam1_2026-04-08_18-30-11.mp4,1621.5,1914.5,1251,1573,1992,2256,0.8230992
571,/Volumes/SmithL0/2026/BIOL470/Final/Learning_Rig/bee_0408_3/fwd/cam1_2026-04-08_18-30-11.mp4,1615.0,1975.0,1250,1646,1980,2304,0.8247482
572,/Volumes/SmithL0/2026/BIOL470/Final/Learning_Rig/bee_0408_3/fwd/cam1_2026-04-08_18-30-11.mp4,1599.0,1988.0,1232,1664,1966,2312,0.8053429
573,/Volumes/SmithL0/2026/BIOL470/Final/Learning_Rig/bee_0408_3/fwd/cam1_2026-04-08_18-30-11.mp4,1601.0,1990.5,1233,1667,1969,2314,0.8139033
574,/Volumes/SmithL0/2026/BIOL470/Final/Learning_Rig/bee_0408_3/fwd/cam1_2026-04-08_18-30-11.mp4,1597.0,1988.0,1231,1654,1963,2322,0.8053967
575,/Volumes/SmithL0/2026/BIOL470/Final/Learning_Rig/bee_0408_3/fwd/cam1_2026-04-08_18-30-11.mp4,1601.0,1999.5,1232,1655,1970,2344,0.83223903
576,/Volumes/SmithL0/2026/BIOL470/Final/Learning_Rig/bee_0408_3/fwd/cam1_2026-04-08_18-30-11.mp4,1618.0,1989.5,1238,1663,1998,2316,0.81724346
577,/Volumes/SmithL0/2026/BIOL470/Final/Learning_Rig/bee_0408_3/fwd/cam1_2026-04-08_18-30-11.mp4,1594.5,1996.5,1228,1663,1961,2330,0.8397684
578,/Volumes/SmithL0/2026/BIOL470/Final/Learning_Rig/bee_0408_3/fwd/cam1_2026-04-08_18-30-11.mp4,1598.5,1998.5,1234,1659,1963,2338,0.81693
579,/Volumes/SmithL0/2026/BIOL470/Final/Learning_Rig/bee_0408_3/fwd/cam1_2026-04-08_18-30-11.mp4,1596.5,2001.5,1228,1658,1965,2345,0.8172942
580,/Volumes/SmithL0/2026/BIOL470/Final/Learning_Rig/bee_0408_3/fwd/cam1_2026-04-08_18-30-11.mp4,1594.0,2003.0,1227,1651,1961,2355,0.828425
581,/Volumes/SmithL0/2026/BIOL470/Final/Learning_Rig/bee_0408_3/fwd/cam1_2026-04-08_18-30-11.mp4,1600.5,2061.0,1239,1761,1962,2361,0.8289363
582,/Volumes/SmithL0/2026/BIOL470/Final/Learning_Rig/bee_0408_3/fwd/cam1_2026-04-08_18-30-11.mp4,1600.5,2067.5,1243,1763,1958,2372,0.8291257
583,/Volumes/SmithL0/2026/BIOL470/Final/Learning_Rig/bee_0408_3/fwd/cam1_2026-04-08_18-30-11.mp4,1566.0,2071.0,1253,1748,1879,2394,0.8176572
584,/Volumes/SmithL0/2026/BIOL470/Final/Learning_Rig/bee_0408_3/fwd/cam1_2026-04-08_18-30-11.mp4,1541.5,2074.0,1232,1750,1851,2398,0.8211336
585,/Volumes/SmithL0/2026/BIOL470/Final/Learning_Rig/bee_0408_3/fwd/cam1_2026-04-08_18-30-11.mp4,1556.5,2091.5,1234,1756,1879,2427,0.82309514
586,/Volumes/SmithL0/2026/BIOL470/Final/Learning_Rig/bee_0408_3/fwd/cam1_2026-04-08_18-30-11.mp4,1577.0,2088.5,1250,1755,1904,2422,0.8024411
587,/Volumes/SmithL0/2026/BIOL470/Final/Learning_Rig/bee_0408_3/fwd/cam1_2026-04-08_18-30-11.mp4,1554.5,2094.5,1246,1758,1863,2431,0.80385745
588,/Volumes/SmithL0/2026/BIOL470/Final/Learning_Rig/bee_0408_3/fwd/cam1_2026-04-08_18-30-11.mp4,1554.0,2096.5,1245,1758,1863,2435,0.8053409
589,/Volumes/SmithL0/2026/BIOL470/Final/Learning_Rig/bee_0408_3/fwd/cam1_2026-04-08_18-30-11.mp4,1551.5,2095.0,1229,1775,1874,2415,0.8293075
590,/Volumes/SmithL0/2026/BIOL470/Final/Learning_Rig/bee_0408_3/fwd/cam1_2026-04-08_18-30-11.mp4,1541.5,2094.0,1224,1774,1859,2414,0.8403121
591,/Volumes/SmithL0/2026/BIOL470/Final/Learning_Rig/bee_0408_3/fwd/cam1_2026-04-08_18-30-11.mp4,1540.0,2093.0,1221,1773,1859,2413,0.85587376
592,/Volumes/SmithL0/2026/BIOL470/Final/Learning_Rig/bee_0408_3/fwd/cam1_2026-04-08_18-30-11.mp4,1539.5,2090.5,1219,1767,1860,2414,0.85784185
593,/Volumes/SmithL0/2026/BIOL470/Final/Learning_Rig/bee_0408_3/fwd/cam1_2026-04-08_18-30-11.mp4,1540.5,2089.0,1222,1764,1859,2414,0.85553586
594,/Volumes/SmithL0/2026/BIOL470/Final/Learning_Rig/bee_0408_3/fwd/cam1_2026-04-08_18-30-11.mp4,1535.5,2090.5,1218,1766,1853,2415,0.84953445
595,/Volumes/SmithL0/2026/BIOL470/Final/Learning_Rig/bee_0408_3/fwd/cam1_2026-04-08_18-30-11.mp4,1537.0,2091.5,1222,1768,1852,2415,0.84577835
596,/Volumes/SmithL0/2026/BIOL470/Final/Learning_Rig/bee_0408_3/fwd/cam1_2026-04-08_18-30-11.mp4,1562.0,2096.0,1231,1763,1893,2429,0.84022564
597,/Volumes/SmithL0/2026/BIOL470/Final/Learning_Rig/bee_0408_3/fwd/cam1_2026-04-08_18-30-11.mp4,1536.5,2094.5,1230,1765,1843,2424,0.84499276
598,/Volumes/SmithL0/2026/BIOL470/Final/Learning_Rig/bee_0408_3/fwd/cam1_2026-04-08_18-30-11.mp4,1537.0,2092.0,1231,1759,1843,2425,0.8500512
599,/Volumes/SmithL0/2026/BIOL470/Final/Learning_Rig/bee_0408_3/fwd/cam1_2026-04-08_18-30-11.mp4,1542.0,2113.5,1215,1809,1869,2418,0.85105646
600,/Volumes/SmithL0/2026/BIOL470/Final/Learning_Rig/bee_0408_3/fwd/cam1_2026-04-08_18-30-11.mp4,1525.0,2136.0,1188,1841,1862,2431,0.8219918
601,/Volumes/SmithL0/2026/BIOL470/Final/Learning_Rig/bee_0408_3/fwd/cam1_2026-04-08_18-30-11.mp4,1497.0,2139.0,1160,1847,1834,2431,0.8218911
602,/Volumes/SmithL0/2026/BIOL470/Final/Learning_Rig/bee_0408_3/fwd/cam1_2026-04-08_18-30-11.mp4,1479.0,2134.5,1154,1843,1804,2426,0.8320742
603,/Volumes/SmithL0/2026/BIOL470/Final/Learning_Rig/bee_0408_3/fwd/cam1_2026-04-08_18-30-11.mp4,1474.0,2155.5,1151,1855,1797,2456,0.84646356
604,/Volumes/SmithL0/2026/BIOL470/Final/Learning_Rig/bee_0408_3/fwd/cam1_2026-04-08_18-30-11.mp4,1473.5,2144.5,1151,1854,1796,2435,0.83138895
605,/Volumes/SmithL0/2026/BIOL470/Final/Learning_Rig/bee_0408_3/fwd/cam1_2026-04-08_18-30-11.mp4,1468.5,2144.5,1149,1852,1788,2437,0.8383979
606,/Volumes/SmithL0/2026/BIOL470/Final/Learning_Rig/bee_0408_3/fwd/cam1_2026-04-08_18-30-11.mp4,1467.5,2145.5,1149,1854,1786,2437,0.8386538
607,/Volumes/SmithL0/2026/BIOL470/Final/Learning_Rig/bee_0408_3/fwd/cam1_2026-04-08_18-30-11.mp4,1463.5,2135.0,1122,1849,1805,2421,0.8300077
608,/Volumes/SmithL0/2026/BIOL470/Final/Learning_Rig/bee_0408_3/fwd/cam1_2026-04-08_18-30-11.mp4,1456.5,2139.5,1118,1850,1795,2429,0.83880395
609,/Volumes/SmithL0/2026/BIOL470/Final/Learning_Rig/bee_0408_3/fwd/cam1_2026-04-08_18-30-11.mp4,1451.0,2140.0,1117,1848,1785,2432,0.8465432
610,/Volumes/SmithL0/2026/BIOL470/Final/Learning_Rig/bee_0408_3/fwd/cam1_2026-04-08_18-30-11.mp4,1446.0,2145.0,1117,1849,1775,2441,0.8300157
611,/Volumes/SmithL0/2026/BIOL470/Final/Learning_Rig/bee_0408_3/fwd/cam1_2026-04-08_18-30-11.mp4,1463.5,2152.5,1142,1858,1785,2447,0.81487465
612,/Volumes/SmithL0/2026/BIOL470/Final/Learning_Rig/bee_0408_3/fwd/cam1_2026-04-08_18-30-11.mp4,1464.5,2153.5,1139,1859,1790,2448,0.82443005
613,/Volumes/SmithL0/2026/BIOL470/Final/Learning_Rig/bee_0408_3/fwd/cam1_2026-04-08_18-30-11.mp4,1464.0,2147.0,1138,1865,1790,2429,0.84074855
614,/Volumes/SmithL0/2026/BIOL470/Final/Learning_Rig/bee_0408_3/fwd/cam1_2026-04-08_18-30-11.mp4,1463.5,2165.5,1136,1860,1791,2471,0.8391667
615,/Volumes/SmithL0/2026/BIOL470/Final/Learning_Rig/bee_0408_3/fwd/cam1_2026-04-08_18-30-11.mp4,1448.5,2169.0,1134,1861,1763,2477,0.8414203
616,/Volumes/SmithL0/2026/BIOL470/Final/Learning_Rig/bee_0408_3/fwd/cam1_2026-04-08_18-30-11.mp4,1429.0,2152.5,1120,1860,1738,2445,0.82824093
617,/Volumes/SmithL0/2026/BIOL470/Final/Learning_Rig/bee_0408_3/fwd/cam1_2026-04-08_18-30-11.mp4,1430.0,2188.0,1127,1859,1733,2517,0.8321568
618,/Volumes/SmithL0/2026/BIOL470/Final/Learning_Rig/bee_0408_3/fwd/cam1_2026-04-08_18-30-11.mp4,1431.5,2184.5,1132,1855,1731,2514,0.8309853
619,/Volumes/SmithL0/2026/BIOL470/Final/Learning_Rig/bee_0408_3/fwd/cam1_2026-04-08_18-30-11.mp4,1441.0,2157.0,1148,1848,1734,2466,0.82780266
620,/Volumes/SmithL0/2026/BIOL470/Final/Learning_Rig/bee_0408_3/fwd/cam1_2026-04-08_18-30-11.mp4,1414.0,2143.5,1147,1851,1681,2436,0.809901
621,/Volumes/SmithL0/2026/BIOL470/Final/Learning_Rig/bee_0408_3/fwd/cam1_2026-04-08_18-30-11.mp4,1385.0,2157.0,1147,1855,1623,2459,0.8310071
622,/Volumes/SmithL0/2026/BIOL470/Final/Learning_Rig/bee_0408_3/fwd/cam1_2026-04-08_18-30-11.mp4,1437.0,2182.0,1141,1855,1733,2509,0.8442904
623,/Volumes/SmithL0/2026/BIOL470/Final/Learning_Rig/bee_0408_3/fwd/cam1_2026-04-08_18-30-11.mp4,1425.5,2169.5,1140,1843,1711,2496,0.8201237
624,/Volumes/SmithL0/2026/BIOL470/Final/Learning_Rig/bee_0408_3/fwd/cam1_2026-04-08_18-30-11.mp4,1424.0,2178.0,1137,1838,1711,2518,0.822022
625,/Volumes/SmithL0/2026/BIOL470/Final/Learning_Rig/bee_0408_3/fwd/cam1_2026-04-08_18-30-11.mp4,1392.5,2176.5,1131,1838,1654,2515,0.83602226
626,/Volumes/SmithL0/2026/BIOL470/Final/Learning_Rig/bee_0408_3/fwd/cam1_2026-04-08_18-30-11.mp4,1379.5,2148.0,1140,1848,1619,2448,0.82834375
627,/Volumes/SmithL0/2026/BIOL470/Final/Learning_Rig/bee_0408_3/fwd/cam1_2026-04-08_18-30-11.mp4,1416.0,2124.5,1134,1817,1698,2432,0.8388695
628,/Volumes/SmithL0/2026/BIOL470/Final/Learning_Rig/bee_0408_3/fwd/cam1_2026-04-08_18-30-11.mp4,1376.0,2110.5,1126,1793,1626,2428,0.83403856
629,/Volumes/SmithL0/2026/BIOL470/Final/Learning_Rig/bee_0408_3/fwd/cam1_2026-04-08_18-30-11.mp4,1374.5,2095.0,1109,1789,1640,2401,0.83540314
630,/Volumes/SmithL0/2026/BIOL470/Final/Learning_Rig/bee_0408_3/fwd/cam1_2026-04-08_18-30-11.mp4,1376.5,2092.5,1108,1787,1645,2398,0.84357953
631,/Volumes/SmithL0/2026/BIOL470/Final/Learning_Rig/bee_0408_3/fwd/cam1_2026-04-08_18-30-11.mp4,1399.0,2086.5,1142,1776,1656,2397,0.82480204
632,/Volumes/SmithL0/2026/BIOL470/Final/Learning_Rig/bee_0408_3/fwd/cam1_2026-04-08_18-30-11.mp4,1433.5,2106.5,1131,1798,1736,2415,0.7763979
633,/Volumes/SmithL0/2026/BIOL470/Final/Learning_Rig/bee_0408_3/fwd/cam1_2026-04-08_18-30-11.mp4,1466.5,2112.5,1140,1792,1793,2433,0.8170718
634,/Volumes/SmithL0/2026/BIOL470/Final/Learning_Rig/bee_0408_3/fwd/cam1_2026-04-08_18-30-11.mp4,1474.5,2075.5,1159,1802,1790,2349,0.82502264
635,/Volumes/SmithL0/2026/BIOL470/Final/Learning_Rig/bee_0408_3/fwd/cam1_2026-04-08_18-30-11.mp4,1475.0,2070.5,1160,1785,1790,2356,0.82281226
636,/Volumes/SmithL0/2026/BIOL470/Final/Learning_Rig/bee_0408_3/fwd/cam1_2026-04-08_18-30-11.mp4,1476.5,2064.5,1188,1769,1765,2360,0.8188942
637,/Volumes/SmithL0/2026/BIOL470/Final/Learning_Rig/bee_0408_3/fwd/cam1_2026-04-08_18-30-11.mp4,1491.0,2061.5,1195,1766,1787,2357,0.830193
638,/Volumes/SmithL0/2026/BIOL470/Final/Learning_Rig/bee_0408_3/fwd/cam1_2026-04-08_18-30-11.mp4,1510.5,2039.5,1187,1755,1834,2324,0.8253045
639,/Volumes/SmithL0/2026/BIOL470/Final/Learning_Rig/bee_0408_3/fwd/cam1_2026-04-08_18-30-11.mp4,1509.0,2053.0,1189,1754,1829,2352,0.83051485
640,/Volumes/SmithL0/2026/BIOL470/Final/Learning_Rig/bee_0408_3/fwd/cam1_2026-04-08_18-30-11.mp4,1510.0,2078.0,1246,1761,1774,2395,0.8436457
641,/Volumes/SmithL0/2026/BIOL470/Final/Learning_Rig/bee_0408_3/fwd/cam1_2026-04-08_18-30-11.mp4,1515.5,2066.5,1250,1743,1781,2390,0.8416904
642,/Volumes/SmithL0/2026/BIOL470/Final/Learning_Rig/bee_0408_3/fwd/cam1_2026-04-08_18-30-11.mp4,1508.5,2056.0,1250,1723,1767,2389,0.80485016
643,/Volumes/SmithL0/2026/BIOL470/Final/Learning_Rig/bee_0408_3/fwd/cam1_2026-04-08_18-30-11.mp4,1514.5,2061.5,1252,1728,1777,2395,0.85163337
644,/Volumes/SmithL0/2026/BIOL470/Final/Learning_Rig/bee_0408_3/fwd/cam1_2026-04-08_18-30-11.mp4,1516.5,2062.5,1254,1735,1779,2390,0.86501414
645,/Volumes/SmithL0/2026/BIOL470/Final/Learning_Rig/bee_0408_3/fwd/cam1_2026-04-08_18-30-11.mp4,1519.0,2064.5,1253,1758,1785,2371,0.83771414
646,/Volumes/SmithL0/2026/BIOL470/Final/Learning_Rig/bee_0408_3/fwd/cam1_2026-04-08_18-30-11.mp4,1516.5,2058.0,1249,1759,1784,2357,0.8322893
647,/Volumes/SmithL0/2026/BIOL470/Final/Learning_Rig/bee_0408_3/fwd/cam1_2026-04-08_18-30-11.mp4,1489.0,2043.5,1199,1757,1779,2330,0.83398
648,/Volumes/SmithL0/2026/BIOL470/Final/Learning_Rig/bee_0408_3/fwd/cam1_2026-04-08_18-30-11.mp4,1490.0,2038.5,1197,1738,1783,2339,0.79294574
649,/Volumes/SmithL0/2026/BIOL470/Final/Learning_Rig/bee_0408_3/fwd/cam1_2026-04-08_18-30-11.mp4,1478.0,2045.5,1168,1762,1788,2329,0.837433
650,/Volumes/SmithL0/2026/BIOL470/Final/Learning_Rig/bee_0408_3/fwd/cam1_2026-04-08_18-30-11.mp4,1474.5,2045.0,1156,1764,1793,2326,0.82321423
651,/Volumes/SmithL0/2026/BIOL470/Final/Learning_Rig/bee_0408_3/fwd/cam1_2026-04-08_18-30-11.mp4,1462.5,2040.0,1131,1763,1794,2317,0.8301762
652,/Volumes/SmithL0/2026/BIOL470/Final/Learning_Rig/bee_0408_3/fwd/cam1_2026-04-08_18-30-11.mp4,1458.0,2043.0,1126,1761,1790,2325,0.8319034
653,/Volumes/SmithL0/2026/BIOL470/Final/Learning_Rig/bee_0408_3/fwd/cam1_2026-04-08_18-30-11.mp4,1460.5,2012.0,1123,1710,1798,2314,0.81951433
654,/Volumes/SmithL0/2026/BIOL470/Final/Learning_Rig/bee_0408_3/fwd/cam1_2026-04-08_18-30-11.mp4,1461.5,1984.0,1131,1679,1792,2289,0.8170346
655,/Volumes/SmithL0/2026/BIOL470/Final/Learning_Rig/bee_0408_3/fwd/cam1_2026-04-08_18-30-11.mp4,1423.0,1985.5,1086,1675,1760,2296,0.8459092
656,/Volumes/SmithL0/2026/BIOL470/Final/Learning_Rig/bee_0408_3/fwd/cam1_2026-04-08_18-30-11.mp4,1400.5,1957.5,1029,1669,1772,2246,0.8231663
657,/Volumes/SmithL0/2026/BIOL470/Final/Learning_Rig/bee_0408_3/fwd/cam1_2026-04-08_18-30-11.mp4,1394.5,1969.5,1025,1701,1764,2238,0.83535916
658,/Volumes/SmithL0/2026/BIOL470/Final/Learning_Rig/bee_0408_3/fwd/cam1_2026-04-08_18-30-11.mp4,1382.5,1964.0,1005,1690,1760,2238,0.8140967
659,/Volumes/SmithL0/2026/BIOL470/Final/Learning_Rig/bee_0408_3/fwd/cam1_2026-04-08_18-30-11.mp4,1332.0,1964.5,996,1673,1668,2256,0.82163554
660,/Volumes/SmithL0/2026/BIOL470/Final/Learning_Rig/bee_0408_3/fwd/cam1_2026-04-08_18-30-11.mp4,1323.0,1965.0,985,1672,1661,2258,0.8017713
661,/Volumes/SmithL0/2026/BIOL470/Final/Learning_Rig/bee_0408_3/fwd/cam1_2026-04-08_18-30-11.mp4,1322.0,1960.0,984,1665,1660,2255,0.81107074
662,/Volumes/SmithL0/2026/BIOL470/Final/Learning_Rig/bee_0408_3/fwd/cam1_2026-04-08_18-30-11.mp4,1314.5,1944.0,969,1655,1660,2233,0.8228652
663,/Volumes/SmithL0/2026/BIOL470/Final/Learning_Rig/bee_0408_3/fwd/cam1_2026-04-08_18-30-11.mp4,1306.0,1958.0,962,1664,1650,2252,0.81876737
664,/Volumes/SmithL0/2026/BIOL470/Final/Learning_Rig/bee_0408_3/fwd/cam1_2026-04-08_18-30-11.mp4,1294.0,1957.5,960,1664,1628,2251,0.8220053
665,/Volumes/SmithL0/2026/BIOL470/Final/Learning_Rig/bee_0408_3/fwd/cam1_2026-04-08_18-30-11.mp4,1239.0,1947.0,904,1666,1574,2228,0.82471895
666,/Volumes/SmithL0/2026/BIOL470/Final/Learning_Rig/bee_0408_3/fwd/cam1_2026-04-08_18-30-11.mp4,1222.0,1950.5,887,1669,1557,2232,0.83038825
667,/Volumes/SmithL0/2026/BIOL470/Final/Learning_Rig/bee_0408_3/fwd/cam1_2026-04-08_18-30-11.mp4,1221.0,1952.5,885,1670,1557,2235,0.8270593
668,/Volumes/SmithL0/2026/BIOL470/Final/Learning_Rig/bee_0408_3/fwd/cam1_2026-04-08_18-30-11.mp4,1232.0,1966.5,909,1671,1555,2262,0.8201799
669,/Volumes/SmithL0/2026/BIOL470/Final/Learning_Rig/bee_0408_3/fwd/cam1_2026-04-08_18-30-11.mp4,1229.5,1964.5,909,1666,1550,2263,0.82976246
670,/Volumes/SmithL0/2026/BIOL470/Final/Learning_Rig/bee_0408_3/fwd/cam1_2026-04-08_18-30-11.mp4,1235.5,1963.5,914,1660,1557,2267,0.8357205
671,/Volumes/SmithL0/2026/BIOL470/Final/Learning_Rig/bee_0408_3/fwd/cam1_2026-04-08_18-30-11.mp4,1236.5,1966.5,918,1663,1555,2270,0.8342918
672,/Volumes/SmithL0/2026/BIOL470/Final/Learning_Rig/bee_0408_3/fwd/cam1_2026-04-08_18-30-11.mp4,1217.5,1968.0,883,1658,1552,2278,0.83368456
673,/Volumes/SmithL0/2026/BIOL470/Final/Learning_Rig/bee_0408_3/fwd/cam1_2026-04-08_18-30-11.mp4,1224.5,1980.0,902,1673,1547,2287,0.8453085
674,/Volumes/SmithL0/2026/BIOL470/Final/Learning_Rig/bee_0408_3/fwd/cam1_2026-04-08_18-30-11.mp4,1224.0,1981.5,902,1674,1546,2289,0.8507691
675,/Volumes/SmithL0/2026/BIOL470/Final/Learning_Rig/bee_0408_3/fwd/cam1_2026-04-08_18-30-11.mp4,1224.5,1981.5,902,1674,1547,2289,0.85472274
676,/Volumes/SmithL0/2026/BIOL470/Final/Learning_Rig/bee_0408_3/fwd/cam1_2026-04-08_18-30-11.mp4,1229.5,1988.5,911,1672,1548,2305,0.84095925
677,/Volumes/SmithL0/2026/BIOL470/Final/Learning_Rig/bee_0408_3/fwd/cam1_2026-04-08_18-30-11.mp4,1219.0,1999.5,884,1673,1554,2326,0.83526945
678,/Volumes/SmithL0/2026/BIOL470/Final/Learning_Rig/bee_0408_3/fwd/cam1_2026-04-08_18-30-11.mp4,1207.5,2009.0,884,1683,1531,2335,0.8312139
679,/Volumes/SmithL0/2026/BIOL470/Final/Learning_Rig/bee_0408_3/fwd/cam1_2026-04-08_18-30-11.mp4,1209.5,2008.5,886,1681,1533,2336,0.8315588
680,/Volumes/SmithL0/2026/BIOL470/Final/Learning_Rig/bee_0408_3/fwd/cam1_2026-04-08_18-30-11.mp4,1213.5,2009.5,897,1674,1530,2345,0.82261056
681,/Volumes/SmithL0/2026/BIOL470/Final/Learning_Rig/bee_0408_3/fwd/cam1_2026-04-08_18-30-11.mp4,1201.5,2012.5,910,1679,1493,2346,0.8265106
682,/Volumes/SmithL0/2026/BIOL470/Final/Learning_Rig/bee_0408_3/fwd/cam1_2026-04-08_18-30-11.mp4,1192.5,2039.0,890,1727,1495,2351,0.8264924
683,/Volumes/SmithL0/2026/BIOL470/Final/Learning_Rig/bee_0408_3/fwd/cam1_2026-04-08_18-30-11.mp4,1196.5,2051.0,895,1748,1498,2354,0.82965183
684,/Volumes/SmithL0/2026/BIOL470/Final/Learning_Rig/bee_0408_3/fwd/cam1_2026-04-08_18-30-11.mp4,1197.5,2055.0,898,1756,1497,2354,0.8396716
685,/Volumes/SmithL0/2026/BIOL470/Final/Learning_Rig/bee_0408_3/fwd/cam1_2026-04-08_18-30-11.mp4,1201.5,2055.5,902,1757,1501,2354,0.83669883
686,/Volumes/SmithL0/2026/BIOL470/Final/Learning_Rig/bee_0408_3/fwd/cam1_2026-04-08_18-30-11.mp4,1204.5,2056.0,905,1756,1504,2356,0.835626
687,/Volumes/SmithL0/2026/BIOL470/Final/Learning_Rig/bee_0408_3/fwd/cam1_2026-04-08_18-30-11.mp4,1173.5,2060.0,899,1768,1448,2352,0.80182946
688,/Volumes/SmithL0/2026/BIOL470/Final/Learning_Rig/bee_0408_3/fwd/cam1_2026-04-08_18-30-11.mp4,1206.0,2062.5,903,1767,1509,2358,0.80226463
689,/Volumes/SmithL0/2026/BIOL470/Final/Learning_Rig/bee_0408_3/fwd/cam1_2026-04-08_18-30-11.mp4,1204.5,2066.5,897,1773,1512,2360,0.8006665
690,/Volumes/SmithL0/2026/BIOL470/Final/Learning_Rig/bee_0408_3/fwd/cam1_2026-04-08_18-30-11.mp4,1177.5,2060.5,888,1768,1467,2353,0.80709684
691,/Volumes/SmithL0/2026/BIOL470/Final/Learning_Rig/bee_0408_3/fwd/cam1_2026-04-08_18-30-11.mp4,1177.5,2062.0,890,1767,1465,2357,0.8085559
692,/Volumes/SmithL0/2026/BIOL470/Final/Learning_Rig/bee_0408_3/fwd/cam1_2026-04-08_18-30-11.mp4,1177.5,2063.5,889,1767,1466,2360,0.8079725
693,/Volumes/SmithL0/2026/BIOL470/Final/Learning_Rig/bee_0408_3/fwd/cam1_2026-04-08_18-30-11.mp4,1179.0,2065.0,891,1767,1467,2363,0.8077183
694,/Volumes/SmithL0/2026/BIOL470/Final/Learning_Rig/bee_0408_3/fwd/cam1_2026-04-08_18-30-11.mp4,1180.0,2066.5,891,1763,1469,2370,0.8034741
695,/Volumes/SmithL0/2026/BIOL470/Final/Learning_Rig/bee_0408_3/fwd/cam1_2026-04-08_18-30-11.mp4,1180.5,2068.0,891,1765,1470,2371,0.7976132
696,/Volumes/SmithL0/2026/BIOL470/Final/Learning_Rig/bee_0408_3/fwd/cam1_2026-04-08_18-30-11.mp4,1200.5,2035.5,904,1682,1497,2389,0.8030536
697,/Volumes/SmithL0/2026/BIOL470/Final/Learning_Rig/bee_0408_3/fwd/cam1_2026-04-08_18-30-11.mp4,1188.0,2080.0,894,1764,1482,2396,0.8149642
698,/Volumes/SmithL0/2026/BIOL470/Final/Learning_Rig/bee_0408_3/fwd/cam1_2026-04-08_18-30-11.mp4,1199.0,2085.5,905,1770,1493,2401,0.82296497
699,/Volumes/SmithL0/2026/BIOL470/Final/Learning_Rig/bee_0408_3/fwd/cam1_2026-04-08_18-30-11.mp4,1228.0,2107.5,902,1785,1554,2430,0.83097315
700,/Volumes/SmithL0/2026/BIOL470/Final/Learning_Rig/bee_0408_3/fwd/cam1_2026-04-08_18-30-11.mp4,1238.5,2126.5,912,1814,1565,2439,0.82304204
701,/Volumes/SmithL0/2026/BIOL470/Final/Learning_Rig/bee_0408_3/fwd/cam1_2026-04-08_18-30-11.mp4,1263.0,2128.5,953,1816,1573,2441,0.83502764
702,/Volumes/SmithL0/2026/BIOL470/Final/Learning_Rig/bee_0408_3/fwd/cam1_2026-04-08_18-30-11.mp4,1257.0,2152.5,952,1859,1562,2446,0.8337113
703,/Volumes/SmithL0/2026/BIOL470/Final/Learning_Rig/bee_0408_3/fwd/cam1_2026-04-08_18-30-11.mp4,1252.5,2150.5,951,1856,1554,2445,0.8421958
704,/Volumes/SmithL0/2026/BIOL470/Final/Learning_Rig/bee_0408_3/fwd/cam1_2026-04-08_18-30-11.mp4,1256.5,2150.0,957,1856,1556,2444,0.8371453
705,/Volumes/SmithL0/2026/BIOL470/Final/Learning_Rig/bee_0408_3/fwd/cam1_2026-04-08_18-30-11.mp4,1262.5,2152.5,968,1858,1557,2447,0.8301679
706,/Volumes/SmithL0/2026/BIOL470/Final/Learning_Rig/bee_0408_3/fwd/cam1_2026-04-08_18-30-11.mp4,1267.0,2154.0,972,1859,1562,2449,0.8247978
707,/Volumes/SmithL0/2026/BIOL470/Final/Learning_Rig/bee_0408_3/fwd/cam1_2026-04-08_18-30-11.mp4,1276.0,2166.0,984,1869,1568,2463,0.8249848
708,/Volumes/SmithL0/2026/BIOL470/Final/Learning_Rig/bee_0408_3/fwd/cam1_2026-04-08_18-30-11.mp4,1284.0,2203.5,991,1899,1577,2508,0.83776677
709,/Volumes/SmithL0/2026/BIOL470/Final/Learning_Rig/bee_0408_3/fwd/cam1_2026-04-08_18-30-11.mp4,1287.5,2217.0,993,1915,1582,2519,0.83580524
710,/Volumes/SmithL0/2026/BIOL470/Final/Learning_Rig/bee_0408_3/fwd/cam1_2026-04-08_18-30-11.mp4,1306.5,2235.0,994,1934,1619,2536,0.8412232
711,/Volumes/SmithL0/2026/BIOL470/Final/Learning_Rig/bee_0408_3/fwd/cam1_2026-04-08_18-30-11.mp4,1322.5,2237.0,1023,1938,1622,2536,0.84277505
712,/Volumes/SmithL0/2026/BIOL470/Final/Learning_Rig/bee_0408_3/fwd/cam1_2026-04-08_18-30-11.mp4,1322.5,2200.5,1037,1865,1608,2536,0.8335505
713,/Volumes/SmithL0/2026/BIOL470/Final/Learning_Rig/bee_0408_3/fwd/cam1_2026-04-08_18-30-11.mp4,1329.0,2204.0,1037,1873,1621,2535,0.8291211
714,/Volumes/SmithL0/2026/BIOL470/Final/Learning_Rig/bee_0408_3/fwd/cam1_2026-04-08_18-30-11.mp4,1331.0,2239.5,1023,1940,1639,2539,0.8423832
715,/Volumes/SmithL0/2026/BIOL470/Final/Learning_Rig/bee_0408_3/fwd/cam1_2026-04-08_18-30-11.mp4,1333.5,2237.0,1027,1936,1640,2538,0.8411953
716,/Volumes/SmithL0/2026/BIOL470/Final/Learning_Rig/bee_0408_3/fwd/cam1_2026-04-08_18-30-11.mp4,1333.0,2242.0,1024,1942,1642,2542,0.8439036
717,/Volumes/SmithL0/2026/BIOL470/Final/Learning_Rig/bee_0408_3/fwd/cam1_2026-04-08_18-30-11.mp4,1317.5,2235.0,993,1929,1642,2541,0.83768094
718,/Volumes/SmithL0/2026/BIOL470/Final/Learning_Rig/bee_0408_3/fwd/cam1_2026-04-08_18-30-11.mp4,1323.0,2209.5,1036,1881,1610,2538,0.8308224
719,/Volumes/SmithL0/2026/BIOL470/Final/Learning_Rig/bee_0408_3/fwd/cam1_2026-04-08_18-30-11.mp4,1312.5,2200.0,1019,1876,1606,2524,0.8200974
720,/Volumes/SmithL0/2026/BIOL470/Final/Learning_Rig/bee_0408_3/fwd/cam1_2026-04-08_18-30-11.mp4,1362.0,2197.0,1025,1857,1699,2537,0.81636345
721,/Volumes/SmithL0/2026/BIOL470/Final/Learning_Rig/bee_0408_3/fwd/cam1_2026-04-08_18-30-11.mp4,1364.5,2207.5,1042,1878,1687,2537,0.7933054
722,/Volumes/SmithL0/2026/BIOL470/Final/Learning_Rig/bee_0408_3/fwd/cam1_2026-04-08_18-30-11.mp4,1374.0,2215.0,1056,1893,1692,2537,0.7998935
723,/Volumes/SmithL0/2026/BIOL470/Final/Learning_Rig/bee_0408_3/fwd/cam1_2026-04-08_18-30-11.mp4,1402.0,2201.5,1093,1876,1711,2527,0.80978894
724,/Volumes/SmithL0/2026/BIOL470/Final/Learning_Rig/bee_0408_3/fwd/cam1_2026-04-08_18-30-11.mp4,1409.5,2205.0,1068,1877,1751,2533,0.8209123
725,/Volumes/SmithL0/2026/BIOL470/Final/Learning_Rig/bee_0408_3/fwd/cam1_2026-04-08_18-30-11.mp4,1400.5,2204.0,1039,1870,1762,2538,0.8295615
726,/Volumes/SmithL0/2026/BIOL470/Final/Learning_Rig/bee_0408_3/fwd/cam1_2026-04-08_18-30-11.mp4,1403.5,2206.0,1047,1874,1760,2538,0.83335745
727,/Volumes/SmithL0/2026/BIOL470/Final/Learning_Rig/bee_0408_3/fwd/cam1_2026-04-08_18-30-11.mp4,1407.0,2214.5,1058,1889,1756,2540,0.8215585
728,/Volumes/SmithL0/2026/BIOL470/Final/Learning_Rig/bee_0408_3/fwd/cam1_2026-04-08_18-30-11.mp4,1397.5,2234.0,1040,1959,1755,2509,0.8388858
729,/Volumes/SmithL0/2026/BIOL470/Final/Learning_Rig/bee_0408_3/fwd/cam1_2026-04-08_18-30-11.mp4,1393.0,2227.5,1031,1955,1755,2500,0.82605994
730,/Volumes/SmithL0/2026/BIOL470/Final/Learning_Rig/bee_0408_3/fwd/cam1_2026-04-08_18-30-11.mp4,1366.5,2239.0,1029,1974,1704,2504,0.7911727
731,/Volumes/SmithL0/2026/BIOL470/Final/Learning_Rig/bee_0408_3/fwd/cam1_2026-04-08_18-30-11.mp4,1324.0,2227.5,1011,1950,1637,2505,0.80626494
732,/Volumes/SmithL0/2026/BIOL470/Final/Learning_Rig/bee_0408_3/fwd/cam1_2026-04-08_18-30-11.mp4,1268.0,2230.0,928,1940,1608,2520,0.7795664
733,/Volumes/SmithL0/2026/BIOL470/Final/Learning_Rig/bee_0408_3/fwd/cam1_2026-04-08_18-30-11.mp4,1276.0,2228.0,941,1939,1611,2517,0.79184
734,/Volumes/SmithL0/2026/BIOL470/Final/Learning_Rig/bee_0408_3/fwd/cam1_2026-04-08_18-30-11.mp4,1293.0,2225.5,954,1931,1632,2520,0.8065194
735,/Volumes/SmithL0/2026/BIOL470/Final/Learning_Rig/bee_0408_3/fwd/cam1_2026-04-08_18-30-11.mp4,1306.5,2251.5,963,1972,1650,2531,0.8296003
736,/Volumes/SmithL0/2026/BIOL470/Final/Learning_Rig/bee_0408_3/fwd/cam1_2026-04-08_18-30-11.mp4,1289.0,2243.0,967,1977,1611,2509,0.7827741
737,/Volumes/SmithL0/2026/BIOL470/Final/Learning_Rig/bee_0408_3/fwd/cam1_2026-04-08_18-30-11.mp4,1277.5,2243.0,952,1978,1603,2508,0.77763087
738,/Volumes/SmithL0/2026/BIOL470/Final/Learning_Rig/bee_0408_3/fwd/cam1_2026-04-08_18-30-11.mp4,1272.5,2241.5,947,1973,1598,2510,0.7970735
739,/Volumes/SmithL0/2026/BIOL470/Final/Learning_Rig/bee_0408_3/fwd/cam1_2026-04-08_18-30-11.mp4,1273.0,2240.5,950,1972,1596,2509,0.7965069
740,/Volumes/SmithL0/2026/BIOL470/Final/Learning_Rig/bee_0408_3/fwd/cam1_2026-04-08_18-30-11.mp4,1273.0,2242.5,955,1973,1591,2512,0.79778874
741,/Volumes/SmithL0/2026/BIOL470/Final/Learning_Rig/bee_0408_3/fwd/cam1_2026-04-08_18-30-11.mp4,1292.5,2272.5,960,2023,1625,2522,0.7888137
742,/Volumes/SmithL0/2026/BIOL470/Final/Learning_Rig/bee_0408_3/fwd/cam1_2026-04-08_18-30-11.mp4,1299.5,2236.5,951,1954,1648,2519,0.78292686
743,/Volumes/SmithL0/2026/BIOL470/Final/Learning_Rig/bee_0408_3/fwd/cam1_2026-04-08_18-30-11.mp4,1303.0,2243.5,955,1984,1651,2503,0.79947376
744,/Volumes/SmithL0/2026/BIOL470/Final/Learning_Rig/bee_0408_3/fwd/cam1_2026-04-08_18-30-11.mp4,1279.0,2246.5,935,1987,1623,2506,0.7793903
745,/Volumes/SmithL0/2026/BIOL470/Final/Learning_Rig/bee_0408_3/fwd/cam1_2026-04-08_18-30-11.mp4,1252.5,2246.5,928,1968,1577,2525,0.80570966
746,/Volumes/SmithL0/2026/BIOL470/Final/Learning_Rig/bee_0408_3/fwd/cam1_2026-04-08_18-30-11.mp4,1236.0,2244.5,907,1963,1565,2526,0.8130799
747,/Volumes/SmithL0/2026/BIOL470/Final/Learning_Rig/bee_0408_3/fwd/cam1_2026-04-08_18-30-11.mp4,1241.5,2244.5,909,1961,1574,2528,0.81304765
748,/Volumes/SmithL0/2026/BIOL470/Final/Learning_Rig/bee_0408_3/fwd/cam1_2026-04-08_18-30-11.mp4,1239.0,2238.5,908,1974,1570,2503,0.8298241
749,/Volumes/SmithL0/2026/BIOL470/Final/Learning_Rig/bee_0408_3/fwd/cam1_2026-04-08_18-30-11.mp4,1231.5,2233.5,893,1971,1570,2496,0.83585197
750,/Volumes/SmithL0/2026/BIOL470/Final/Learning_Rig/bee_0408_3/fwd/cam1_2026-04-08_18-30-11.mp4,1227.0,2233.5,892,1969,1562,2498,0.83604807
751,/Volumes/SmithL0/2026/BIOL470/Final/Learning_Rig/bee_0408_3/fwd/cam1_2026-04-08_18-30-11.mp4,1229.0,2181.5,903,1948,1555,2415,0.83456904
752,/Volumes/SmithL0/2026/BIOL470/Final/Learning_Rig/bee_0408_3/fwd/cam1_2026-04-08_18-30-11.mp4,1231.5,2175.0,907,1948,1556,2402,0.8364699
753,/Volumes/SmithL0/2026/BIOL470/Final/Learning_Rig/bee_0408_3/fwd/cam1_2026-04-08_18-30-11.mp4,1234.0,2183.5,913,1944,1555,2423,0.8287421
754,/Volumes/SmithL0/2026/BIOL470/Final/Learning_Rig/bee_0408_3/fwd/cam1_2026-04-08_18-30-11.mp4,1234.5,2175.0,911,1930,1558,2420,0.81486386
755,/Volumes/SmithL0/2026/BIOL470/Final/Learning_Rig/bee_0408_3/fwd/cam1_2026-04-08_18-30-11.mp4,1220.0,2166.0,885,1943,1555,2389,0.80951846
756,/Volumes/SmithL0/2026/BIOL470/Final/Learning_Rig/bee_0408_3/fwd/cam1_2026-04-08_18-30-11.mp4,1229.5,2165.0,882,1944,1577,2386,0.79620165
757,/Volumes/SmithL0/2026/BIOL470/Final/Learning_Rig/bee_0408_3/fwd/cam1_2026-04-08_18-30-11.mp4,1226.0,2159.5,873,1942,1579,2377,0.80217123
758,/Volumes/SmithL0/2026/BIOL470/Final/Learning_Rig/bee_0408_3/fwd/cam1_2026-04-08_18-30-11.mp4,1223.5,2163.5,864,1936,1583,2391,0.80391383
759,/Volumes/SmithL0/2026/BIOL470/Final/Learning_Rig/bee_0408_3/fwd/cam1_2026-04-08_18-30-11.mp4,1214.5,2156.5,864,1938,1565,2375,0.81151617
760,/Volumes/SmithL0/2026/BIOL470/Final/Learning_Rig/bee_0408_3/fwd/cam1_2026-04-08_18-30-11.mp4,1202.0,2139.5,857,1916,1547,2363,0.80454206
761,/Volumes/SmithL0/2026/BIOL470/Final/Learning_Rig/bee_0408_3/fwd/cam1_2026-04-08_18-30-11.mp4,1198.5,2099.0,843,1874,1554,2324,0.82222664
762,/Volumes/SmithL0/2026/BIOL470/Final/Learning_Rig/bee_0408_3/fwd/cam1_2026-04-08_18-30-11.mp4,1190.5,2103.0,816,1859,1565,2347,0.81386197
763,/Volumes/SmithL0/2026/BIOL470/Final/Learning_Rig/bee_0408_3/fwd/cam1_2026-04-08_18-30-11.mp4,1143.0,2101.5,792,1863,1494,2340,0.8038346
764,/Volumes/SmithL0/2026/BIOL470/Final/Learning_Rig/bee_0408_3/fwd/cam1_2026-04-08_18-30-11.mp4,1126.0,2088.5,788,1848,1464,2329,0.82421297
765,/Volumes/SmithL0/2026/BIOL470/Final/Learning_Rig/bee_0408_3/fwd/cam1_2026-04-08_18-30-11.mp4,1125.0,2034.0,742,1760,1508,2308,0.7869415
766,/Volumes/SmithL0/2026/BIOL470/Final/Learning_Rig/bee_0408_3/fwd/cam1_2026-04-08_18-30-11.mp4,1053.5,2009.0,734,1683,1373,2335,0.78205264
767,/Volumes/SmithL0/2026/BIOL470/Final/Learning_Rig/bee_0408_3/fwd/cam1_2026-04-08_18-30-11.mp4,1071.0,1999.0,797,1666,1345,2332,0.7962352
768,/Volumes/SmithL0/2026/BIOL470/Final/Learning_Rig/bee_0408_3/fwd/cam1_2026-04-08_18-30-11.mp4,1058.0,1974.5,769,1656,1347,2293,0.76349705
769,/Volumes/SmithL0/2026/BIOL470/Final/Learning_Rig/bee_0408_3/fwd/cam1_2026-04-08_18-30-11.mp4,1061.5,1967.5,774,1664,1349,2271,0.7897918
770,/Volumes/SmithL0/2026/BIOL470/Final/Learning_Rig/bee_0408_3/fwd/cam1_2026-04-08_18-30-11.mp4,1065.0,1960.0,774,1671,1356,2249,0.78882086
771,/Volumes/SmithL0/2026/BIOL470/Final/Learning_Rig/bee_0408_3/fwd/cam1_2026-04-08_18-30-11.mp4,1019.0,1955.5,779,1655,1259,2256,0.79171133
772,/Volumes/SmithL0/2026/BIOL470/Final/Learning_Rig/bee_0408_3/fwd/cam1_2026-04-08_18-30-11.mp4,1025.0,1950.5,797,1650,1253,2251,0.8143263
773,/Volumes/SmithL0/2026/BIOL470/Final/Learning_Rig/bee_0408_3/fwd/cam1_2026-04-08_18-30-11.mp4,1039.5,1937.0,813,1632,1266,2242,0.86343503
774,/Volumes/SmithL0/2026/BIOL470/Final/Learning_Rig/bee_0408_3/fwd/cam1_2026-04-08_18-30-11.mp4,1036.0,1932.0,809,1620,1263,2244,0.8518198
775,/Volumes/SmithL0/2026/BIOL470/Final/Learning_Rig/bee_0408_3/fwd/cam1_2026-04-08_18-30-11.mp4,1040.0,1903.5,836,1597,1244,2210,0.80403405
776,/Volumes/SmithL0/2026/BIOL470/Final/Learning_Rig/bee_0408_3/fwd/cam1_2026-04-08_18-30-11.mp4,1025.0,1895.0,805,1587,1245,2203,0.80926025
777,/Volumes/SmithL0/2026/BIOL470/Final/Learning_Rig/bee_0408_3/fwd/cam1_2026-04-08_18-30-11.mp4,1017.5,1898.0,789,1573,1246,2223,0.80056804
778,/Volumes/SmithL0/2026/BIOL470/Final/Learning_Rig/bee_0408_3/fwd/cam1_2026-04-08_18-30-11.mp4,1057.5,1891.5,796,1569,1319,2214,0.8123408
779,/Volumes/SmithL0/2026/BIOL470/Final/Learning_Rig/bee_0408_3/fwd/cam1_2026-04-08_18-30-11.mp4,1081.0,1812.5,829,1504,1333,2121,0.817721
780,/Volumes/SmithL0/2026/BIOL470/Final/Learning_Rig/bee_0408_3/fwd/cam1_2026-04-08_18-30-11.mp4,1088.5,1800.0,836,1501,1341,2099,0.8233298
781,/Volumes/SmithL0/2026/BIOL470/Final/Learning_Rig/bee_0408_3/fwd/cam1_2026-04-08_18-30-11.mp4,1100.0,1793.5,842,1491,1358,2096,0.8228701
782,/Volumes/SmithL0/2026/BIOL470/Final/Learning_Rig/bee_0408_3/fwd/cam1_2026-04-08_18-30-11.mp4,1112.0,1782.5,858,1470,1366,2095,0.8164708
783,/Volumes/SmithL0/2026/BIOL470/Final/Learning_Rig/bee_0408_3/fwd/cam1_2026-04-08_18-30-11.mp4,1173.5,1781.0,835,1460,1512,2102,0.81041616
784,/Volumes/SmithL0/2026/BIOL470/Final/Learning_Rig/bee_0408_3/fwd/cam1_2026-04-08_18-30-11.mp4,1177.5,1787.0,831,1480,1524,2094,0.8097841
785,/Volumes/SmithL0/2026/BIOL470/Final/Learning_Rig/bee_0408_3/fwd/cam1_2026-04-08_18-30-11.mp4,1186.0,1809.0,839,1477,1533,2141,0.8095739
786,/Volumes/SmithL0/2026/BIOL470/Final/Learning_Rig/bee_0408_3/fwd/cam1_2026-04-08_18-30-11.mp4,1178.5,1751.5,842,1466,1515,2037,0.8053588
787,/Volumes/SmithL0/2026/BIOL470/Final/Learning_Rig/bee_0408_3/fwd/cam1_2026-04-08_18-30-11.mp4,1197.0,1703.0,851,1455,1543,1951,0.79021645
788,/Volumes/SmithL0/2026/BIOL470/Final/Learning_Rig/bee_0408_3/fwd/cam1_2026-04-08_18-30-11.mp4,1209.5,1699.0,868,1450,1551,1948,0.7967183
789,/Volumes/SmithL0/2026/BIOL470/Final/Learning_Rig/bee_0408_3/fwd/cam1_2026-04-08_18-30-11.mp4,1216.0,1697.0,874,1450,1558,1944,0.8031525
790,/Volumes/SmithL0/2026/BIOL470/Final/Learning_Rig/bee_0408_3/fwd/cam1_2026-04-08_18-30-11.mp4,1220.5,1696.5,881,1446,1560,1947,0.8020377
791,/Volumes/SmithL0/2026/BIOL470/Final/Learning_Rig/bee_0408_3/fwd/cam1_2026-04-08_18-30-11.mp4,1228.5,1697.5,892,1439,1565,1956,0.80337024
792,/Volumes/SmithL0/2026/BIOL470/Final/Learning_Rig/bee_0408_3/fwd/cam1_2026-04-08_18-30-11.mp4,1244.5,1719.5,902,1475,1587,1964,0.77808535
793,/Volumes/SmithL0/2026/BIOL470/Final/Learning_Rig/bee_0408_3/fwd/cam1_2026-04-08_18-30-11.mp4,1255.0,1731.5,904,1495,1606,1968,0.7793696
794,/Volumes/SmithL0/2026/BIOL470/Final/Learning_Rig/bee_0408_3/fwd/cam1_2026-04-08_18-30-11.mp4,1256.5,1732.0,902,1494,1611,1970,0.777895
795,/Volumes/SmithL0/2026/BIOL470/Final/Learning_Rig/bee_0408_3/fwd/cam1_2026-04-08_18-30-11.mp4,1257.5,1727.5,912,1476,1603,1979,0.7870042
796,/Volumes/SmithL0/2026/BIOL470/Final/Learning_Rig/bee_0408_3/fwd/cam1_2026-04-08_18-30-11.mp4,1265.0,1735.0,921,1491,1609,1979,0.7486623
797,/Volumes/SmithL0/2026/BIOL470/Final/Learning_Rig/bee_0408_3/fwd/cam1_2026-04-08_18-30-11.mp4,1284.0,1724.5,932,1478,1636,1971,0.75520974
798,/Volumes/SmithL0/2026/BIOL470/Final/Learning_Rig/bee_0408_3/fwd/cam1_2026-04-08_18-30-11.mp4,1299.5,1727.0,954,1469,1645,1985,0.7928846
799,/Volumes/SmithL0/2026/BIOL470/Final/Learning_Rig/bee_0408_3/fwd/cam1_2026-04-08_18-30-11.mp4,1341.0,1852.0,999,1477,1683,2227,0.81970125
800,/Volumes/SmithL0/2026/BIOL470/Final/Learning_Rig/bee_0408_3/fwd/cam1_2026-04-08_18-30-11.mp4,1359.0,1848.5,1009,1492,1709,2205,0.8079608
801,/Volumes/SmithL0/2026/BIOL470/Final/Learning_Rig/bee_0408_3/fwd/cam1_2026-04-08_18-30-11.mp4,1359.5,1857.0,1022,1510,1697,2204,0.7978321
802,/Volumes/SmithL0/2026/BIOL470/Final/Learning_Rig/bee_0408_3/fwd/cam1_2026-04-08_18-30-11.mp4,1359.0,1858.5,1017,1529,1701,2188,0.81260884
803,/Volumes/SmithL0/2026/BIOL470/Final/Learning_Rig/bee_0408_3/fwd/cam1_2026-04-08_18-30-11.mp4,1351.5,1860.5,1000,1527,1703,2194,0.8056108
804,/Volumes/SmithL0/2026/BIOL470/Final/Learning_Rig/bee_0408_3/fwd/cam1_2026-04-08_18-30-11.mp4,1391.5,1847.0,1057,1508,1726,2186,0.83042294
805,/Volumes/SmithL0/2026/BIOL470/Final/Learning_Rig/bee_0408_3/fwd/cam1_2026-04-08_18-30-11.mp4,1366.0,1845.5,1007,1490,1725,2201,0.82674915
806,/Volumes/SmithL0/2026/BIOL470/Final/Learning_Rig/bee_0408_3/fwd/cam1_2026-04-08_18-30-11.mp4,1369.5,1831.5,1018,1476,1721,2187,0.80658096
807,/Volumes/SmithL0/2026/BIOL470/Final/Learning_Rig/bee_0408_3/fwd/cam1_2026-04-08_18-30-11.mp4,1372.0,1841.0,1013,1494,1731,2188,0.855811
808,/Volumes/SmithL0/2026/BIOL470/Final/Learning_Rig/bee_0408_3/fwd/cam1_2026-04-08_18-30-11.mp4,1392.5,1882.0,1036,1551,1749,2213,0.8393975
809,/Volumes/SmithL0/2026/BIOL470/Final/Learning_Rig/bee_0408_3/fwd/cam1_2026-04-08_18-30-11.mp4,1432.5,1887.5,1136,1555,1729,2220,0.8364509
810,/Volumes/SmithL0/2026/BIOL470/Final/Learning_Rig/bee_0408_3/fwd/cam1_2026-04-08_18-30-11.mp4,1437.0,1876.5,1144,1535,1730,2218,0.8390226
811,/Volumes/SmithL0/2026/BIOL470/Final/Learning_Rig/bee_0408_3/fwd/cam1_2026-04-08_18-30-11.mp4,1468.0,1880.5,1146,1556,1790,2205,0.82587415
812,/Volumes/SmithL0/2026/BIOL470/Final/Learning_Rig/bee_0408_3/fwd/cam1_2026-04-08_18-30-11.mp4,1459.0,1890.5,1153,1572,1765,2209,0.8076681
813,/Volumes/SmithL0/2026/BIOL470/Final/Learning_Rig/bee_0408_3/fwd/cam1_2026-04-08_18-30-11.mp4,1461.0,1896.0,1149,1578,1773,2214,0.81504077
814,/Volumes/SmithL0/2026/BIOL470/Final/Learning_Rig/bee_0408_3/fwd/cam1_2026-04-08_18-30-11.mp4,1446.0,1912.5,1111,1598,1781,2227,0.8260066
815,/Volumes/SmithL0/2026/BIOL470/Final/Learning_Rig/bee_0408_3/fwd/cam1_2026-04-08_18-30-11.mp4,1424.5,1911.0,1091,1596,1758,2226,0.8174632
816,/Volumes/SmithL0/2026/BIOL470/Final/Learning_Rig/bee_0408_3/fwd/cam1_2026-04-08_18-30-11.mp4,1394.5,1900.0,1048,1584,1741,2216,0.7921245
817,/Volumes/SmithL0/2026/BIOL470/Final/Learning_Rig/bee_0408_3/fwd/cam1_2026-04-08_18-30-11.mp4,1390.5,1911.5,1014,1614,1767,2209,0.7229001
818,/Volumes/SmithL0/2026/BIOL470/Final/Learning_Rig/bee_0408_3/fwd/cam1_2026-04-08_18-30-11.mp4,1338.0,1954.0,975,1689,1701,2219,0.71236837
819,/Volumes/SmithL0/2026/BIOL470/Final/Learning_Rig/bee_0408_3/fwd/cam1_2026-04-08_18-30-11.mp4,1204.5,1915.0,986,1616,1423,2214,0.55159086
820,/Volumes/SmithL0/2026/BIOL470/Final/Learning_Rig/bee_0408_3/fwd/cam1_2026-04-08_18-30-11.mp4,1553.0,1936.0,1404,1657,1702,2215,0.50862193
821,/Volumes/SmithL0/2026/BIOL470/Final/Learning_Rig/bee_0408_3/fwd/cam1_2026-04-08_18-30-11.mp4,1338.5,1974.0,980,1727,1697,2221,0.7823587
822,/Volumes/SmithL0/2026/BIOL470/Final/Learning_Rig/bee_0408_3/fwd/cam1_2026-04-08_18-30-11.mp4,1326.5,1986.0,962,1743,1691,2229,0.79688567
823,/Volumes/SmithL0/2026/BIOL470/Final/Learning_Rig/bee_0408_3/fwd/cam1_2026-04-08_18-30-11.mp4,1299.0,1991.0,947,1739,1651,2243,0.80153716
824,/Volumes/SmithL0/2026/BIOL470/Final/Learning_Rig/bee_0408_3/fwd/cam1_2026-04-08_18-30-11.mp4,1268.0,1922.5,952,1588,1584,2257,0.71090543
825,/Volumes/SmithL0/2026/BIOL470/Final/Learning_Rig/bee_0408_3/fwd/cam1_2026-04-08_18-30-11.mp4,1292.0,2001.5,944,1739,1640,2264,0.81203574
826,/Volumes/SmithL0/2026/BIOL470/Final/Learning_Rig/bee_0408_3/fwd/cam1_2026-04-08_18-30-11.mp4,1293.0,2004.5,946,1738,1640,2271,0.8055605
827,/Volumes/SmithL0/2026/BIOL470/Final/Learning_Rig/bee_0408_3/fwd/cam1_2026-04-08_18-30-11.mp4,1280.0,2010.0,941,1744,1619,2276,0.80784863
828,/Volumes/SmithL0/2026/BIOL470/Final/Learning_Rig/bee_0408_3/fwd/cam1_2026-04-08_18-30-11.mp4,1258.0,2003.5,935,1721,1581,2286,0.8225887
829,/Volumes/SmithL0/2026/BIOL470/Final/Learning_Rig/bee_0408_3/fwd/cam1_2026-04-08_18-30-11.mp4,1250.5,1949.5,938,1603,1563,2296,0.83578813
830,/Volumes/SmithL0/2026/BIOL470/Final/Learning_Rig/bee_0408_3/fwd/cam1_2026-04-08_18-30-11.mp4,1229.0,1949.0,908,1591,1550,2307,0.8172377
831,/Volumes/SmithL0/2026/BIOL470/Final/Learning_Rig/bee_0408_3/fwd/cam1_2026-04-08_18-30-11.mp4,1229.5,1949.5,904,1592,1555,2307,0.8273966
832,/Volumes/SmithL0/2026/BIOL470/Final/Learning_Rig/bee_0408_3/fwd/cam1_2026-04-08_18-30-11.mp4,1231.5,1947.5,908,1593,1555,2302,0.83334786
833,/Volumes/SmithL0/2026/BIOL470/Final/Learning_Rig/bee_0408_3/fwd/cam1_2026-04-08_18-30-11.mp4,1234.0,1945.0,912,1594,1556,2296,0.8349922
834,/Volumes/SmithL0/2026/BIOL470/Final/Learning_Rig/bee_0408_3/fwd/cam1_2026-04-08_18-30-11.mp4,1234.0,1949.0,915,1601,1553,2297,0.8305694
835,/Volumes/SmithL0/2026/BIOL470/Final/Learning_Rig/bee_0408_3/fwd/cam1_2026-04-08_18-30-11.mp4,1234.5,1996.5,917,1693,1552,2300,0.858923
836,/Volumes/SmithL0/2026/BIOL470/Final/Learning_Rig/bee_0408_3/fwd/cam1_2026-04-08_18-30-11.mp4,1231.0,2005.0,919,1708,1543,2302,0.84956336
837,/Volumes/SmithL0/2026/BIOL470/Final/Learning_Rig/bee_0408_3/fwd/cam1_2026-04-08_18-30-11.mp4,1213.0,2023.0,904,1704,1522,2342,0.8399481
838,/Volumes/SmithL0/2026/BIOL470/Final/Learning_Rig/bee_0408_3/fwd/cam1_2026-04-08_18-30-11.mp4,1226.0,2025.0,903,1696,1549,2354,0.8665511
839,/Volumes/SmithL0/2026/BIOL470/Final/Learning_Rig/bee_0408_3/fwd/cam1_2026-04-08_18-30-11.mp4,1230.5,2024.5,910,1690,1551,2359,0.8632969
840,/Volumes/SmithL0/2026/BIOL470/Final/Learning_Rig/bee_0408_3/fwd/cam1_2026-04-08_18-30-11.mp4,1186.0,2026.5,917,1698,1455,2355,0.8229899
841,/Volumes/SmithL0/2026/BIOL470/Final/Learning_Rig/bee_0408_3/fwd/cam1_2026-04-08_18-30-11.mp4,1219.0,2028.5,898,1694,1540,2363,0.8293525
842,/Volumes/SmithL0/2026/BIOL470/Final/Learning_Rig/bee_0408_3/fwd/cam1_2026-04-08_18-30-11.mp4,1177.0,2035.0,916,1695,1438,2375,0.8166238
843,/Volumes/SmithL0/2026/BIOL470/Final/Learning_Rig/bee_0408_3/fwd/cam1_2026-04-08_18-30-11.mp4,1166.0,2044.0,912,1697,1420,2391,0.8162365
844,/Volumes/SmithL0/2026/BIOL470/Final/Learning_Rig/bee_0408_3/fwd/cam1_2026-04-08_18-30-11.mp4,1153.0,2036.5,906,1696,1400,2377,0.81959546
845,/Volumes/SmithL0/2026/BIOL470/Final/Learning_Rig/bee_0408_3/fwd/cam1_2026-04-08_18-30-11.mp4,1170.5,2030.5,913,1692,1428,2369,0.8185061
846,/Volumes/SmithL0/2026/BIOL470/Final/Learning_Rig/bee_0408_3/fwd/cam1_2026-04-08_18-30-11.mp4,1171.5,2051.5,927,1728,1416,2375,0.80199814
847,/Volumes/SmithL0/2026/BIOL470/Final/Learning_Rig/bee_0408_3/fwd/cam1_2026-04-08_18-30-11.mp4,1179.5,2043.0,931,1713,1428,2373,0.7961469
848,/Volumes/SmithL0/2026/BIOL470/Final/Learning_Rig/bee_0408_3/fwd/cam1_2026-04-08_18-30-11.mp4,1171.0,2047.0,918,1711,1424,2383,0.80453235
849,/Volumes/SmithL0/2026/BIOL470/Final/Learning_Rig/bee_0408_3/fwd/cam1_2026-04-08_18-30-11.mp4,1174.0,2083.0,921,1786,1427,2380,0.81039524
850,/Volumes/SmithL0/2026/BIOL470/Final/Learning_Rig/bee_0408_3/fwd/cam1_2026-04-08_18-30-11.mp4,1148.5,2040.0,864,1730,1433,2350,0.8358228
851,/Volumes/SmithL0/2026/BIOL470/Final/Learning_Rig/bee_0408_3/fwd/cam1_2026-04-08_18-30-11.mp4,1152.0,2042.5,861,1738,1443,2347,0.8253368
852,/Volumes/SmithL0/2026/BIOL470/Final/Learning_Rig/bee_0408_3/fwd/cam1_2026-04-08_18-30-11.mp4,1164.0,2054.5,849,1754,1479,2355,0.8240408
853,/Volumes/SmithL0/2026/BIOL470/Final/Learning_Rig/bee_0408_3/fwd/cam1_2026-04-08_18-30-11.mp4,1155.0,2051.0,842,1751,1468,2351,0.8347954
854,/Volumes/SmithL0/2026/BIOL470/Final/Learning_Rig/bee_0408_3/fwd/cam1_2026-04-08_18-30-11.mp4,1172.0,2025.5,836,1706,1508,2345,0.80309033
855,/Volumes/SmithL0/2026/BIOL470/Final/Learning_Rig/bee_0408_3/fwd/cam1_2026-04-08_18-30-11.mp4,1173.0,2007.5,826,1673,1520,2342,0.84440553
856,/Volumes/SmithL0/2026/BIOL470/Final/Learning_Rig/bee_0408_3/fwd/cam1_2026-04-08_18-30-11.mp4,1177.5,2006.0,829,1673,1526,2339,0.81943834
857,/Volumes/SmithL0/2026/BIOL470/Final/Learning_Rig/bee_0408_3/fwd/cam1_2026-04-08_18-30-11.mp4,1170.5,2041.0,841,1748,1500,2334,0.8078258
858,/Volumes/SmithL0/2026/BIOL470/Final/Learning_Rig/bee_0408_3/fwd/cam1_2026-04-08_18-30-11.mp4,1191.5,1981.5,830,1756,1553,2207,0.8167455
859,/Volumes/SmithL0/2026/BIOL470/Final/Learning_Rig/bee_0408_3/fwd/cam1_2026-04-08_18-30-11.mp4,1192.5,1984.0,822,1759,1563,2209,0.792462
860,/Volumes/SmithL0/2026/BIOL470/Final/Learning_Rig/bee_0408_3/fwd/cam1_2026-04-08_18-30-11.mp4,1189.0,1998.5,815,1782,1563,2215,0.81517714
861,/Volumes/SmithL0/2026/BIOL470/Final/Learning_Rig/bee_0408_3/fwd/cam1_2026-04-08_18-30-11.mp4,1260.5,1992.0,961,1767,1560,2217,0.8242267
862,/Volumes/SmithL0/2026/BIOL470/Final/Learning_Rig/bee_0408_3/fwd/cam1_2026-04-08_18-30-11.mp4,1226.0,1985.5,929,1739,1523,2232,0.82486635
863,/Volumes/SmithL0/2026/BIOL470/Final/Learning_Rig/bee_0408_3/fwd/cam1_2026-04-08_18-30-11.mp4,1208.0,1957.0,915,1663,1501,2251,0.83775365
864,/Volumes/SmithL0/2026/BIOL470/Final/Learning_Rig/bee_0408_3/fwd/cam1_2026-04-08_18-30-11.mp4,1218.0,1961.5,938,1677,1498,2246,0.8311483
865,/Volumes/SmithL0/2026/BIOL470/Final/Learning_Rig/bee_0408_3/fwd/cam1_2026-04-08_18-30-11.mp4,1215.0,1960.5,938,1660,1492,2261,0.82842654
866,/Volumes/SmithL0/2026/BIOL470/Final/Learning_Rig/bee_0408_3/fwd/cam1_2026-04-08_18-30-11.mp4,1196.0,1963.5,888,1677,1504,2250,0.8108743
867,/Volumes/SmithL0/2026/BIOL470/Final/Learning_Rig/bee_0408_3/fwd/cam1_2026-04-08_18-30-11.mp4,1195.5,1965.5,887,1679,1504,2252,0.81048447
868,/Volumes/SmithL0/2026/BIOL470/Final/Learning_Rig/bee_0408_3/fwd/cam1_2026-04-08_18-30-11.mp4,1195.0,1967.0,887,1677,1503,2257,0.81471646
869,/Volumes/SmithL0/2026/BIOL470/Final/Learning_Rig/bee_0408_3/fwd/cam1_2026-04-08_18-30-11.mp4,1192.5,1963.5,882,1679,1503,2248,0.8091258
870,/Volumes/SmithL0/2026/BIOL470/Final/Learning_Rig/bee_0408_3/fwd/cam1_2026-04-08_18-30-11.mp4,1188.0,1962.5,870,1684,1506,2241,0.8100301
871,/Volumes/SmithL0/2026/BIOL470/Final/Learning_Rig/bee_0408_3/fwd/cam1_2026-04-08_18-30-11.mp4,1185.5,1958.0,861,1676,1510,2240,0.81114775
872,/Volumes/SmithL0/2026/BIOL470/Final/Learning_Rig/bee_0408_3/fwd/cam1_2026-04-08_18-30-11.mp4,1172.5,1963.0,853,1673,1492,2253,0.80629426
873,/Volumes/SmithL0/2026/BIOL470/Final/Learning_Rig/bee_0408_3/fwd/cam1_2026-04-08_18-30-11.mp4,1172.0,1964.5,851,1671,1493,2258,0.8167859
874,/Volumes/SmithL0/2026/BIOL470/Final/Learning_Rig/bee_0408_3/fwd/cam1_2026-04-08_18-30-11.mp4,1177.0,1957.5,841,1665,1513,2250,0.8128478
875,/Volumes/SmithL0/2026/BIOL470/Final/Learning_Rig/bee_0408_3/fwd/cam1_2026-04-08_18-30-11.mp4,1170.0,1965.0,825,1663,1515,2267,0.8072961
876,/Volumes/SmithL0/2026/BIOL470/Final/Learning_Rig/bee_0408_3/fwd/cam1_2026-04-08_18-30-11.mp4,1165.5,1975.5,842,1668,1489,2283,0.8115213
877,/Volumes/SmithL0/2026/BIOL470/Final/Learning_Rig/bee_0408_3/fwd/cam1_2026-04-08_18-30-11.mp4,1175.5,1981.5,837,1662,1514,2301,0.8161433
878,/Volumes/SmithL0/2026/BIOL470/Final/Learning_Rig/bee_0408_3/fwd/cam1_2026-04-08_18-30-11.mp4,1173.0,1980.5,837,1665,1509,2296,0.8147238
879,/Volumes/SmithL0/2026/BIOL470/Final/Learning_Rig/bee_0408_3/fwd/cam1_2026-04-08_18-30-11.mp4,1171.0,1981.0,837,1665,1505,2297,0.81275713
880,/Volumes/SmithL0/2026/BIOL470/Final/Learning_Rig/bee_0408_3/fwd/cam1_2026-04-08_18-30-11.mp4,1168.0,1966.5,853,1664,1483,2269,0.81934357
881,/Volumes/SmithL0/2026/BIOL470/Final/Learning_Rig/bee_0408_3/fwd/cam1_2026-04-08_18-30-11.mp4,1169.0,1967.0,857,1667,1481,2267,0.8088106
882,/Volumes/SmithL0/2026/BIOL470/Final/Learning_Rig/bee_0408_3/fwd/cam1_2026-04-08_18-30-11.mp4,1170.0,1969.5,857,1664,1483,2275,0.81038517
883,/Volumes/SmithL0/2026/BIOL470/Final/Learning_Rig/bee_0408_3/fwd/cam1_2026-04-08_18-30-11.mp4,1178.0,1984.0,854,1665,1502,2303,0.81842196
884,/Volumes/SmithL0/2026/BIOL470/Final/Learning_Rig/bee_0408_3/fwd/cam1_2026-04-08_18-30-11.mp4,1187.0,1964.5,891,1660,1483,2269,0.8336931
885,/Volumes/SmithL0/2026/BIOL470/Final/Learning_Rig/bee_0408_3/fwd/cam1_2026-04-08_18-30-11.mp4,1188.0,1965.0,892,1661,1484,2269,0.8336203
886,/Volumes/SmithL0/2026/BIOL470/Final/Learning_Rig/bee_0408_3/fwd/cam1_2026-04-08_18-30-11.mp4,1208.5,1961.0,876,1651,1541,2271,0.83379763
887,/Volumes/SmithL0/2026/BIOL470/Final/Learning_Rig/bee_0408_3/fwd/cam1_2026-04-08_18-30-11.mp4,1212.0,1975.5,877,1650,1547,2301,0.8367641
888,/Volumes/SmithL0/2026/BIOL470/Final/Learning_Rig/bee_0408_3/fwd/cam1_2026-04-08_18-30-11.mp4,1200.0,1973.0,892,1644,1508,2302,0.8320645
889,/Volumes/SmithL0/2026/BIOL470/Final/Learning_Rig/bee_0408_3/fwd/cam1_2026-04-08_18-30-11.mp4,1200.5,1973.5,897,1636,1504,2311,0.8322836
890,/Volumes/SmithL0/2026/BIOL470/Final/Learning_Rig/bee_0408_3/fwd/cam1_2026-04-08_18-30-11.mp4,1227.5,1983.5,945,1636,1510,2331,0.81909007
891,/Volumes/SmithL0/2026/BIOL470/Final/Learning_Rig/bee_0408_3/fwd/cam1_2026-04-08_18-30-11.mp4,1231.5,1980.0,944,1631,1519,2329,0.82289416
892,/Volumes/SmithL0/2026/BIOL470/Final/Learning_Rig/bee_0408_3/fwd/cam1_2026-04-08_18-30-11.mp4,1239.0,1968.0,954,1615,1524,2321,0.81722397
893,/Volumes/SmithL0/2026/BIOL470/Final/Learning_Rig/bee_0408_3/fwd/cam1_2026-04-08_18-30-11.mp4,1249.5,1967.5,958,1617,1541,2318,0.82988083
894,/Volumes/SmithL0/2026/BIOL470/Final/Learning_Rig/bee_0408_3/fwd/cam1_2026-04-08_18-30-11.mp4,1241.5,1977.5,959,1629,1524,2326,0.81614435
895,/Volumes/SmithL0/2026/BIOL470/Final/Learning_Rig/bee_0408_3/fwd/cam1_2026-04-08_18-30-11.mp4,1240.5,1964.0,958,1614,1523,2314,0.8187276
896,/Volumes/SmithL0/2026/BIOL470/Final/Learning_Rig/bee_0408_3/fwd/cam1_2026-04-08_18-30-11.mp4,1246.5,1960.5,965,1609,1528,2312,0.8184093
897,/Volumes/SmithL0/2026/BIOL470/Final/Learning_Rig/bee_0408_3/fwd/cam1_2026-04-08_18-30-11.mp4,1246.5,1956.0,964,1602,1529,2310,0.8141548
898,/Volumes/SmithL0/2026/BIOL470/Final/Learning_Rig/bee_0408_3/fwd/cam1_2026-04-08_18-30-11.mp4,1245.5,1956.5,965,1597,1526,2316,0.8110027
899,/Volumes/SmithL0/2026/BIOL470/Final/Learning_Rig/bee_0408_3/fwd/cam1_2026-04-08_18-30-11.mp4,1243.0,1948.0,963,1596,1523,2300,0.81884646
900,/Volumes/SmithL0/2026/BIOL470/Final/Learning_Rig/bee_0408_3/fwd/cam1_2026-04-08_18-30-11.mp4,1238.0,1946.0,965,1594,1511,2298,0.8229801
901,/Volumes/SmithL0/2026/BIOL470/Final/Learning_Rig/bee_0408_3/fwd/cam1_2026-04-08_18-30-11.mp4,1242.0,1944.0,965,1592,1519,2296,0.81418353
902,/Volumes/SmithL0/2026/BIOL470/Final/Learning_Rig/bee_0408_3/fwd/cam1_2026-04-08_18-30-11.mp4,1244.0,1944.5,967,1592,1521,2297,0.82016945
903,/Volumes/SmithL0/2026/BIOL470/Final/Learning_Rig/bee_0408_3/fwd/cam1_2026-04-08_18-30-11.mp4,1235.0,1944.0,967,1591,1503,2297,0.8206453
904,/Volumes/SmithL0/2026/BIOL470/Final/Learning_Rig/bee_0408_3/fwd/cam1_2026-04-08_18-30-11.mp4,1266.0,1943.5,996,1593,1536,2294,0.8272544
905,/Volumes/SmithL0/2026/BIOL470/Final/Learning_Rig/bee_0408_3/fwd/cam1_2026-04-08_18-30-11.mp4,1240.5,1942.0,967,1588,1514,2296,0.8227274
906,/Volumes/SmithL0/2026/BIOL470/Final/Learning_Rig/bee_0408_3/fwd/cam1_2026-04-08_18-30-11.mp4,1233.0,1941.5,969,1587,1497,2296,0.8264686
907,/Volumes/SmithL0/2026/BIOL470/Final/Learning_Rig/bee_0408_3/fwd/cam1_2026-04-08_18-30-11.mp4,1269.5,1939.0,1005,1588,1534,2290,0.8161814
908,/Volumes/SmithL0/2026/BIOL470/Final/Learning_Rig/bee_0408_3/fwd/cam1_2026-04-08_18-30-11.mp4,1241.0,1940.5,966,1586,1516,2295,0.81467545
909,/Volumes/SmithL0/2026/BIOL470/Final/Learning_Rig/bee_0408_3/fwd/cam1_2026-04-08_18-30-11.mp4,1238.0,1939.5,965,1586,1511,2293,0.82153875
910,/Volumes/SmithL0/2026/BIOL470/Final/Learning_Rig/bee_0408_3/fwd/cam1_2026-04-08_18-30-11.mp4,1237.0,1942.5,966,1587,1508,2298,0.8318607
911,/Volumes/SmithL0/2026/BIOL470/Final/Learning_Rig/bee_0408_3/fwd/cam1_2026-04-08_18-30-11.mp4,1260.0,1943.5,1001,1593,1519,2294,0.8260961
912,/Volumes/SmithL0/2026/BIOL470/Final/Learning_Rig/bee_0408_3/fwd/cam1_2026-04-08_18-30-11.mp4,1254.0,1947.0,985,1592,1523,2302,0.81827354
913,/Volumes/SmithL0/2026/BIOL470/Final/Learning_Rig/bee_0408_3/fwd/cam1_2026-04-08_18-30-11.mp4,1250.0,1946.0,983,1591,1517,2301,0.8137622
914,/Volumes/SmithL0/2026/BIOL470/Final/Learning_Rig/bee_0408_3/fwd/cam1_2026-04-08_18-30-11.mp4,1249.5,1945.0,984,1591,1515,2299,0.8023163
915,/Volumes/SmithL0/2026/BIOL470/Final/Learning_Rig/bee_0408_3/fwd/cam1_2026-04-08_18-30-11.mp4,1254.5,1943.0,983,1590,1526,2296,0.81170726
916,/Volumes/SmithL0/2026/BIOL470/Final/Learning_Rig/bee_0408_3/fwd/cam1_2026-04-08_18-30-11.mp4,1256.0,1951.0,1013,1594,1499,2308,0.806649
917,/Volumes/SmithL0/2026/BIOL470/Final/Learning_Rig/bee_0408_3/fwd/cam1_2026-04-08_18-30-11.mp4,1253.5,1946.5,1008,1597,1499,2296,0.82177955
918,/Volumes/SmithL0/2026/BIOL470/Final/Learning_Rig/bee_0408_3/fwd/cam1_2026-04-08_18-30-11.mp4,1252.5,1954.0,1006,1606,1499,2302,0.8271209
919,/Volumes/SmithL0/2026/BIOL470/Final/Learning_Rig/bee_0408_3/fwd/cam1_2026-04-08_18-30-11.mp4,1248.0,1960.0,999,1616,1497,2304,0.83665437
920,/Volumes/SmithL0/2026/BIOL470/Final/Learning_Rig/bee_0408_3/fwd/cam1_2026-04-08_18-30-11.mp4,1245.5,1962.0,993,1619,1498,2305,0.83736616
921,/Volumes/SmithL0/2026/BIOL470/Final/Learning_Rig/bee_0408_3/fwd/cam1_2026-04-08_18-30-11.mp4,1242.0,1965.5,985,1622,1499,2309,0.83719045
922,/Volumes/SmithL0/2026/BIOL470/Final/Learning_Rig/bee_0408_3/fwd/cam1_2026-04-08_18-30-11.mp4,1225.0,1976.5,953,1622,1497,2331,0.8490444
923,/Volumes/SmithL0/2026/BIOL470/Final/Learning_Rig/bee_0408_3/fwd/cam1_2026-04-08_18-30-11.mp4,1213.0,1973.5,930,1613,1496,2334,0.8583567
924,/Volumes/SmithL0/2026/BIOL470/Final/Learning_Rig/bee_0408_3/fwd/cam1_2026-04-08_18-30-11.mp4,1214.0,1979.0,927,1622,1501,2336,0.8445207
925,/Volumes/SmithL0/2026/BIOL470/Final/Learning_Rig/bee_0408_3/fwd/cam1_2026-04-08_18-30-11.mp4,1215.0,1981.5,928,1625,1502,2338,0.8480822
926,/Volumes/SmithL0/2026/BIOL470/Final/Learning_Rig/bee_0408_3/fwd/cam1_2026-04-08_18-30-11.mp4,1157.5,1999.0,912,1646,1403,2352,0.80421275
927,/Volumes/SmithL0/2026/BIOL470/Final/Learning_Rig/bee_0408_3/fwd/cam1_2026-04-08_18-30-11.mp4,1184.5,1988.5,929,1640,1440,2337,0.8053146
928,/Volumes/SmithL0/2026/BIOL470/Final/Learning_Rig/bee_0408_3/fwd/cam1_2026-04-08_18-30-11.mp4,1151.5,1988.5,927,1642,1376,2335,0.79893786
929,/Volumes/SmithL0/2026/BIOL470/Final/Learning_Rig/bee_0408_3/fwd/cam1_2026-04-08_18-30-11.mp4,1223.0,1991.0,902,1636,1544,2346,0.7033491
930,/Volumes/SmithL0/2026/BIOL470/Final/Learning_Rig/bee_0408_3/fwd/cam1_2026-04-08_18-30-11.mp4,1146.5,2002.5,914,1664,1379,2341,0.8176514
931,/Volumes/SmithL0/2026/BIOL470/Final/Learning_Rig/bee_0408_3/fwd/cam1_2026-04-08_18-30-11.mp4,1227.5,2000.5,903,1650,1552,2351,0.7451357
932,/Volumes/SmithL0/2026/BIOL470/Final/Learning_Rig/bee_0408_3/fwd/cam1_2026-04-08_18-30-11.mp4,1147.0,2004.5,914,1669,1380,2340,0.8306603
933,/Volumes/SmithL0/2026/BIOL470/Final/Learning_Rig/bee_0408_3/fwd/cam1_2026-04-08_18-30-11.mp4,1231.0,2005.0,907,1658,1555,2352,0.75852805
934,/Volumes/SmithL0/2026/BIOL470/Final/Learning_Rig/bee_0408_3/fwd/cam1_2026-04-08_18-30-11.mp4,1143.0,2005.5,913,1673,1373,2338,0.83322304
935,/Volumes/SmithL0/2026/BIOL470/Final/Learning_Rig/bee_0408_3/fwd/cam1_2026-04-08_18-30-11.mp4,1229.0,2007.5,906,1663,1552,2352,0.73352563
936,/Volumes/SmithL0/2026/BIOL470/Final/Learning_Rig/bee_0408_3/fwd/cam1_2026-04-08_18-30-11.mp4,1127.5,2008.5,909,1683,1346,2334,0.7399475
937,/Volumes/SmithL0/2026/BIOL470/Final/Learning_Rig/bee_0408_3/fwd/cam1_2026-04-08_18-30-11.mp4,1122.0,2027.0,907,1699,1337,2355,0.77647364
938,/Volumes/SmithL0/2026/BIOL470/Final/Learning_Rig/bee_0408_3/fwd/cam1_2026-04-08_18-30-11.mp4,1116.0,2050.5,904,1723,1328,2378,0.745869
939,/Volumes/SmithL0/2026/BIOL470/Final/Learning_Rig/bee_0408_3/fwd/cam1_2026-04-08_18-30-11.mp4,1095.5,2076.5,866,1747,1325,2406,0.8203304
940,/Volumes/SmithL0/2026/BIOL470/Final/Learning_Rig/bee_0408_3/fwd/cam1_2026-04-08_18-30-11.mp4,1201.0,2072.0,875,1746,1527,2398,0.724365
941,/Volumes/SmithL0/2026/BIOL470/Final/Learning_Rig/bee_0408_3/fwd/cam1_2026-04-08_18-30-11.mp4,1101.0,2081.5,882,1753,1320,2410,0.79723084
942,/Volumes/SmithL0/2026/BIOL470/Final/Learning_Rig/bee_0408_3/fwd/cam1_2026-04-08_18-30-11.mp4,1193.5,2076.0,879,1753,1508,2399,0.7340966
943,/Volumes/SmithL0/2026/BIOL470/Final/Learning_Rig/bee_0408_3/fwd/cam1_2026-04-08_18-30-11.mp4,1100.0,2074.0,885,1753,1315,2395,0.787824
944,/Volumes/SmithL0/2026/BIOL470/Final/Learning_Rig/bee_0408_3/fwd/cam1_2026-04-08_18-30-11.mp4,1104.0,2079.0,894,1750,1314,2408,0.78498816
945,/Volumes/SmithL0/2026/BIOL470/Final/Learning_Rig/bee_0408_3/fwd/cam1_2026-04-08_18-30-11.mp4,1090.5,2068.5,869,1739,1312,2398,0.7861002
946,/Volumes/SmithL0/2026/BIOL470/Final/Learning_Rig/bee_0408_3/fwd/cam1_2026-04-08_18-30-11.mp4,1117.0,2074.0,913,1740,1321,2408,0.78088975
947,/Volumes/SmithL0/2026/BIOL470/Final/Learning_Rig/bee_0408_3/fwd/cam1_2026-04-08_18-30-11.mp4,1121.5,2075.5,914,1742,1329,2409,0.8060186
948,/Volumes/SmithL0/2026/BIOL470/Final/Learning_Rig/bee_0408_3/fwd/cam1_2026-04-08_18-30-11.mp4,1135.0,2069.5,936,1730,1334,2409,0.8105366
949,/Volumes/SmithL0/2026/BIOL470/Final/Learning_Rig/bee_0408_3/fwd/cam1_2026-04-08_18-30-11.mp4,1119.0,2081.0,908,1750,1330,2412,0.8162263
950,/Volumes/SmithL0/2026/BIOL470/Final/Learning_Rig/bee_0408_3/fwd/cam1_2026-04-08_18-30-11.mp4,1118.0,2080.0,903,1749,1333,2411,0.83278793
951,/Volumes/SmithL0/2026/BIOL470/Final/Learning_Rig/bee_0408_3/fwd/cam1_2026-04-08_18-30-11.mp4,1115.5,2085.5,903,1756,1328,2415,0.81634325
952,/Volumes/SmithL0/2026/BIOL470/Final/Learning_Rig/bee_0408_3/fwd/cam1_2026-04-08_18-30-11.mp4,1122.0,2084.5,916,1756,1328,2413,0.8282936
953,/Volumes/SmithL0/2026/BIOL470/Final/Learning_Rig/bee_0408_3/fwd/cam1_2026-04-08_18-30-11.mp4,1135.0,2084.0,938,1754,1332,2414,0.801841
954,/Volumes/SmithL0/2026/BIOL470/Final/Learning_Rig/bee_0408_3/fwd/cam1_2026-04-08_18-30-11.mp4,1106.0,2086.5,883,1758,1329,2415,0.8282486
955,/Volumes/SmithL0/2026/BIOL470/Final/Learning_Rig/bee_0408_3/fwd/cam1_2026-04-08_18-30-11.mp4,1120.0,2087.5,910,1761,1330,2414,0.8148998
956,/Volumes/SmithL0/2026/BIOL470/Final/Learning_Rig/bee_0408_3/fwd/cam1_2026-04-08_18-30-11.mp4,1136.0,2080.0,933,1748,1339,2412,0.81940836
957,/Volumes/SmithL0/2026/BIOL470/Final/Learning_Rig/bee_0408_3/fwd/cam1_2026-04-08_18-30-11.mp4,1121.0,2093.0,907,1765,1335,2421,0.81191087
958,/Volumes/SmithL0/2026/BIOL470/Final/Learning_Rig/bee_0408_3/fwd/cam1_2026-04-08_18-30-11.mp4,1123.5,2093.0,914,1765,1333,2421,0.81279576
959,/Volumes/SmithL0/2026/BIOL470/Final/Learning_Rig/bee_0408_3/fwd/cam1_2026-04-08_18-30-11.mp4,1125.5,2089.5,922,1760,1329,2419,0.8204742
960,/Volumes/SmithL0/2026/BIOL470/Final/Learning_Rig/bee_0408_3/fwd/cam1_2026-04-08_18-30-11.mp4,1094.0,2082.0,880,1756,1308,2408,0.8185861
961,/Volumes/SmithL0/2026/BIOL470/Final/Learning_Rig/bee_0408_3/fwd/cam1_2026-04-08_18-30-11.mp4,1113.0,2092.5,904,1766,1322,2419,0.79720765
962,/Volumes/SmithL0/2026/BIOL470/Final/Learning_Rig/bee_0408_3/fwd/cam1_2026-04-08_18-30-11.mp4,1125.0,2091.5,926,1760,1324,2423,0.80964464
963,/Volumes/SmithL0/2026/BIOL470/Final/Learning_Rig/bee_0408_3/fwd/cam1_2026-04-08_18-30-11.mp4,1097.5,2087.0,883,1758,1312,2416,0.81524235
964,/Volumes/SmithL0/2026/BIOL470/Final/Learning_Rig/bee_0408_3/fwd/cam1_2026-04-08_18-30-11.mp4,1122.5,2093.0,912,1767,1333,2419,0.7987637
965,/Volumes/SmithL0/2026/BIOL470/Final/Learning_Rig/bee_0408_3/fwd/cam1_2026-04-08_18-30-11.mp4,1141.5,2093.5,912,1770,1371,2417,0.8141087
966,/Volumes/SmithL0/2026/BIOL470/Final/Learning_Rig/bee_0408_3/fwd/cam1_2026-04-08_18-30-11.mp4,1139.5,2096.5,909,1775,1370,2418,0.8159477
967,/Volumes/SmithL0/2026/BIOL470/Final/Learning_Rig/bee_0408_3/fwd/cam1_2026-04-08_18-30-11.mp4,1141.5,2097.5,908,1777,1375,2418,0.8186496
968,/Volumes/SmithL0/2026/BIOL470/Final/Learning_Rig/bee_0408_3/fwd/cam1_2026-04-08_18-30-11.mp4,1142.5,2104.0,907,1778,1378,2430,0.8215488
969,/Volumes/SmithL0/2026/BIOL470/Final/Learning_Rig/bee_0408_3/fwd/cam1_2026-04-08_18-30-11.mp4,1140.5,2104.5,903,1775,1378,2434,0.81456935
970,/Volumes/SmithL0/2026/BIOL470/Final/Learning_Rig/bee_0408_3/fwd/cam1_2026-04-08_18-30-11.mp4,1090.5,2109.0,898,1778,1283,2440,0.8224418
971,/Volumes/SmithL0/2026/BIOL470/Final/Learning_Rig/bee_0408_3/fwd/cam1_2026-04-08_18-30-11.mp4,1109.5,2120.0,898,1792,1321,2448,0.8012349
972,/Volumes/SmithL0/2026/BIOL470/Final/Learning_Rig/bee_0408_3/fwd/cam1_2026-04-08_18-30-11.mp4,1133.0,2135.0,880,1818,1386,2452,0.7861785
973,/Volumes/SmithL0/2026/BIOL470/Final/Learning_Rig/bee_0408_3/fwd/cam1_2026-04-08_18-30-11.mp4,1124.5,2145.5,865,1825,1384,2466,0.7756513
974,/Volumes/SmithL0/2026/BIOL470/Final/Learning_Rig/bee_0408_3/fwd/cam1_2026-04-08_18-30-11.mp4,1123.5,2142.0,866,1823,1381,2461,0.7955141
975,/Volumes/SmithL0/2026/BIOL470/Final/Learning_Rig/bee_0408_3/fwd/cam1_2026-04-08_18-30-11.mp4,1122.0,2142.0,864,1826,1380,2458,0.79305387
976,/Volumes/SmithL0/2026/BIOL470/Final/Learning_Rig/bee_0408_3/fwd/cam1_2026-04-08_18-30-11.mp4,1121.0,2147.0,862,1829,1380,2465,0.78944135
977,/Volumes/SmithL0/2026/BIOL470/Final/Learning_Rig/bee_0408_3/fwd/cam1_2026-04-08_18-30-11.mp4,1124.5,2138.5,872,1826,1377,2451,0.79008013
978,/Volumes/SmithL0/2026/BIOL470/Final/Learning_Rig/bee_0408_3/fwd/cam1_2026-04-08_18-30-11.mp4,1128.0,2140.5,879,1828,1377,2453,0.79183424
979,/Volumes/SmithL0/2026/BIOL470/Final/Learning_Rig/bee_0408_3/fwd/cam1_2026-04-08_18-30-11.mp4,1123.5,2140.0,869,1826,1378,2454,0.7993313
980,/Volumes/SmithL0/2026/BIOL470/Final/Learning_Rig/bee_0408_3/fwd/cam1_2026-04-08_18-30-11.mp4,1127.0,2151.5,862,1844,1392,2459,0.79487497
981,/Volumes/SmithL0/2026/BIOL470/Final/Learning_Rig/bee_0408_3/fwd/cam1_2026-04-08_18-30-11.mp4,1124.5,2152.5,862,1841,1387,2464,0.7888765
982,/Volumes/SmithL0/2026/BIOL470/Final/Learning_Rig/bee_0408_3/fwd/cam1_2026-04-08_18-30-11.mp4,1126.0,2166.0,864,1856,1388,2476,0.79284865
983,/Volumes/SmithL0/2026/BIOL470/Final/Learning_Rig/bee_0408_3/fwd/cam1_2026-04-08_18-30-11.mp4,1127.5,2162.0,863,1857,1392,2467,0.79456836
984,/Volumes/SmithL0/2026/BIOL470/Final/Learning_Rig/bee_0408_3/fwd/cam1_2026-04-08_18-30-11.mp4,1126.5,2160.0,866,1855,1387,2465,0.7918915
985,/Volumes/SmithL0/2026/BIOL470/Final/Learning_Rig/bee_0408_3/fwd/cam1_2026-04-08_18-30-11.mp4,1126.0,2170.5,875,1862,1377,2479,0.79365003
986,/Volumes/SmithL0/2026/BIOL470/Final/Learning_Rig/bee_0408_3/fwd/cam1_2026-04-08_18-30-11.mp4,1111.0,2162.0,848,1863,1374,2461,0.8314844
987,/Volumes/SmithL0/2026/BIOL470/Final/Learning_Rig/bee_0408_3/fwd/cam1_2026-04-08_18-30-11.mp4,1124.0,2156.5,858,1847,1390,2466,0.8121974
988,/Volumes/SmithL0/2026/BIOL470/Final/Learning_Rig/bee_0408_3/fwd/cam1_2026-04-08_18-30-11.mp4,1121.0,2157.5,859,1849,1383,2466,0.8117726
989,/Volumes/SmithL0/2026/BIOL470/Final/Learning_Rig/bee_0408_3/fwd/cam1_2026-04-08_18-30-11.mp4,1123.5,2159.0,862,1850,1385,2468,0.8006491
990,/Volumes/SmithL0/2026/BIOL470/Final/Learning_Rig/bee_0408_3/fwd/cam1_2026-04-08_18-30-11.mp4,1116.0,2167.5,857,1863,1375,2472,0.8311187
991,/Volumes/SmithL0/2026/BIOL470/Final/Learning_Rig/bee_0408_3/fwd/cam1_2026-04-08_18-30-11.mp4,1115.5,2166.0,856,1860,1375,2472,0.82782155
992,/Volumes/SmithL0/2026/BIOL470/Final/Learning_Rig/bee_0408_3/fwd/cam1_2026-04-08_18-30-11.mp4,1110.0,2163.5,845,1843,1375,2484,0.83816093
993,/Volumes/SmithL0/2026/BIOL470/Final/Learning_Rig/bee_0408_3/fwd/cam1_2026-04-08_18-30-11.mp4,1090.5,2153.5,808,1851,1373,2456,0.8329568
994,/Volumes/SmithL0/2026/BIOL470/Final/Learning_Rig/bee_0408_3/fwd/cam1_2026-04-08_18-30-11.mp4,1087.5,2130.0,800,1807,1375,2453,0.79340404
995,/Volumes/SmithL0/2026/BIOL470/Final/Learning_Rig/bee_0408_3/fwd/cam1_2026-04-08_18-30-11.mp4,1085.0,2134.0,795,1817,1375,2451,0.78829485
996,/Volumes/SmithL0/2026/BIOL470/Final/Learning_Rig/bee_0408_3/fwd/cam1_2026-04-08_18-30-11.mp4,1083.5,2148.5,792,1848,1375,2449,0.82620794
997,/Volumes/SmithL0/2026/BIOL470/Final/Learning_Rig/bee_0408_3/fwd/cam1_2026-04-08_18-30-11.mp4,1084.0,2160.0,792,1847,1376,2473,0.83188313
998,/Volumes/SmithL0/2026/BIOL470/Final/Learning_Rig/bee_0408_3/fwd/cam1_2026-04-08_18-30-11.mp4,1090.5,2166.5,802,1852,1379,2481,0.846944
999,/Volumes/SmithL0/2026/BIOL470/Final/Learning_Rig/bee_0408_3/fwd/cam1_2026-04-08_18-30-11.mp4,1106.5,2175.0,828,1851,1385,2499,0.8616497
1000,/Volumes/SmithL0/2026/BIOL470/Final/Learning_Rig/bee_0408_3/fwd/cam1_2026-04-08_18-30-11.mp4,1087.0,2175.5,790,1857,1384,2494,0.85394037
1001,/Volumes/SmithL0/2026/BIOL470/Final/Learning_Rig/bee_0408_3/fwd/cam1_2026-04-08_18-30-11.mp4,1083.0,2173.5,781,1858,1385,2489,0.847538
1002,/Volumes/SmithL0/2026/BIOL470/Final/Learning_Rig/bee_0408_3/fwd/cam1_2026-04-08_18-30-11.mp4,1081.5,2172.5,778,1858,1385,2487,0.84313923
1003,/Volumes/SmithL0/2026/BIOL470/Final/Learning_Rig/bee_0408_3/fwd/cam1_2026-04-08_18-30-11.mp4,1082.5,2166.0,782,1862,1383,2470,0.8492238
1004,/Volumes/SmithL0/2026/BIOL470/Final/Learning_Rig/bee_0408_3/fwd/cam1_2026-04-08_18-30-11.mp4,1082.5,2166.0,783,1862,1382,2470,0.8515309
1005,/Volumes/SmithL0/2026/BIOL470/Final/Learning_Rig/bee_0408_3/fwd/cam1_2026-04-08_18-30-11.mp4,1083.5,2170.0,782,1858,1385,2482,0.8582079
1006,/Volumes/SmithL0/2026/BIOL470/Final/Learning_Rig/bee_0408_3/fwd/cam1_2026-04-08_18-30-11.mp4,1078.5,2173.0,771,1862,1386,2484,0.8364806
1007,/Volumes/SmithL0/2026/BIOL470/Final/Learning_Rig/bee_0408_3/fwd/cam1_2026-04-08_18-30-11.mp4,1081.0,2171.0,775,1862,1387,2480,0.8376713
1008,/Volumes/SmithL0/2026/BIOL470/Final/Learning_Rig/bee_0408_3/fwd/cam1_2026-04-08_18-30-11.mp4,1081.5,2167.5,776,1862,1387,2473,0.838071
1009,/Volumes/SmithL0/2026/BIOL470/Final/Learning_Rig/bee_0408_3/fwd/cam1_2026-04-08_18-30-11.mp4,1081.5,2169.5,775,1861,1388,2478,0.83517736
1010,/Volumes/SmithL0/2026/BIOL470/Final/Learning_Rig/bee_0408_3/fwd/cam1_2026-04-08_18-30-11.mp4,1080.0,2168.5,772,1861,1388,2476,0.83758104
1011,/Volumes/SmithL0/2026/BIOL470/Final/Learning_Rig/bee_0408_3/fwd/cam1_2026-04-08_18-30-11.mp4,1076.0,2165.5,762,1862,1390,2469,0.82386285
1012,/Volumes/SmithL0/2026/BIOL470/Final/Learning_Rig/bee_0408_3/fwd/cam1_2026-04-08_18-30-11.mp4,1077.5,2168.0,765,1859,1390,2477,0.82827
1013,/Volumes/SmithL0/2026/BIOL470/Final/Learning_Rig/bee_0408_3/fwd/cam1_2026-04-08_18-30-11.mp4,1080.0,2168.0,770,1861,1390,2475,0.82542187
1014,/Volumes/SmithL0/2026/BIOL470/Final/Learning_Rig/bee_0408_3/fwd/cam1_2026-04-08_18-30-11.mp4,1084.5,2170.5,779,1861,1390,2480,0.8358635
1015,/Volumes/SmithL0/2026/BIOL470/Final/Learning_Rig/bee_0408_3/fwd/cam1_2026-04-08_18-30-11.mp4,1084.0,2169.5,778,1860,1390,2479,0.83748513
1016,/Volumes/SmithL0/2026/BIOL470/Final/Learning_Rig/bee_0408_3/fwd/cam1_2026-04-08_18-30-11.mp4,1086.5,2168.0,782,1860,1391,2476,0.84034544
1017,/Volumes/SmithL0/2026/BIOL470/Final/Learning_Rig/bee_0408_3/fwd/cam1_2026-04-08_18-30-11.mp4,1085.5,2166.0,780,1860,1391,2472,0.8407096
1018,/Volumes/SmithL0/2026/BIOL470/Final/Learning_Rig/bee_0408_3/fwd/cam1_2026-04-08_18-30-11.mp4,1075.0,2166.5,757,1855,1393,2478,0.82002115
1019,/Volumes/SmithL0/2026/BIOL470/Final/Learning_Rig/bee_0408_3/fwd/cam1_2026-04-08_18-30-11.mp4,1081.5,2166.5,771,1856,1392,2477,0.8306862
1020,/Volumes/SmithL0/2026/BIOL470/Final/Learning_Rig/bee_0408_3/fwd/cam1_2026-04-08_18-30-11.mp4,1081.5,2166.5,770,1852,1393,2481,0.8283156
1021,/Volumes/SmithL0/2026/BIOL470/Final/Learning_Rig/bee_0408_3/fwd/cam1_2026-04-08_18-30-11.mp4,1081.0,2168.5,770,1850,1392,2487,0.831105
1022,/Volumes/SmithL0/2026/BIOL470/Final/Learning_Rig/bee_0408_3/fwd/cam1_2026-04-08_18-30-11.mp4,1073.0,2169.0,752,1849,1394,2489,0.8161263
1023,/Volumes/SmithL0/2026/BIOL470/Final/Learning_Rig/bee_0408_3/fwd/cam1_2026-04-08_18-30-11.mp4,1074.5,2169.0,755,1849,1394,2489,0.8207368
1024,/Volumes/SmithL0/2026/BIOL470/Final/Learning_Rig/bee_0408_3/fwd/cam1_2026-04-08_18-30-11.mp4,1074.5,2168.0,754,1847,1395,2489,0.8182955
1025,/Volumes/SmithL0/2026/BIOL470/Final/Learning_Rig/bee_0408_3/fwd/cam1_2026-04-08_18-30-11.mp4,1076.0,2169.0,757,1846,1395,2492,0.819511
1026,/Volumes/SmithL0/2026/BIOL470/Final/Learning_Rig/bee_0408_3/fwd/cam1_2026-04-08_18-30-11.mp4,1077.0,2168.5,759,1849,1395,2488,0.8238182
1027,/Volumes/SmithL0/2026/BIOL470/Final/Learning_Rig/bee_0408_3/fwd/cam1_2026-04-08_18-30-11.mp4,1084.5,2166.5,775,1849,1394,2484,0.83991134
1028,/Volumes/SmithL0/2026/BIOL470/Final/Learning_Rig/bee_0408_3/fwd/cam1_2026-04-08_18-30-11.mp4,1085.0,2169.5,777,1850,1393,2489,0.8403243
1029,/Volumes/SmithL0/2026/BIOL470/Final/Learning_Rig/bee_0408_3/fwd/cam1_2026-04-08_18-30-11.mp4,1087.0,2170.0,779,1852,1395,2488,0.8373726
1030,/Volumes/SmithL0/2026/BIOL470/Final/Learning_Rig/bee_0408_3/fwd/cam1_2026-04-08_18-30-11.mp4,1088.0,2170.0,782,1852,1394,2488,0.8474563
1031,/Volumes/SmithL0/2026/BIOL470/Final/Learning_Rig/bee_0408_3/fwd/cam1_2026-04-08_18-30-11.mp4,1087.5,2165.5,781,1852,1394,2479,0.84516764
1032,/Volumes/SmithL0/2026/BIOL470/Final/Learning_Rig/bee_0408_3/fwd/cam1_2026-04-08_18-30-11.mp4,1087.5,2167.5,781,1856,1394,2479,0.8495483
1033,/Volumes/SmithL0/2026/BIOL470/Final/Learning_Rig/bee_0408_3/fwd/cam1_2026-04-08_18-30-11.mp4,1088.0,2167.5,781,1856,1395,2479,0.8465578
1034,/Volumes/SmithL0/2026/BIOL470/Final/Learning_Rig/bee_0408_3/fwd/cam1_2026-04-08_18-30-11.mp4,1088.5,2170.0,782,1856,1395,2484,0.8441555
1035,/Volumes/SmithL0/2026/BIOL470/Final/Learning_Rig/bee_0408_3/fwd/cam1_2026-04-08_18-30-11.mp4,1086.5,2169.5,778,1857,1395,2482,0.84515464
1036,/Volumes/SmithL0/2026/BIOL470/Final/Learning_Rig/bee_0408_3/fwd/cam1_2026-04-08_18-30-11.mp4,1087.0,2167.5,780,1855,1394,2480,0.8424604
1037,/Volumes/SmithL0/2026/BIOL470/Final/Learning_Rig/bee_0408_3/fwd/cam1_2026-04-08_18-30-11.mp4,1088.0,2171.0,781,1856,1395,2486,0.83547986
1038,/Volumes/SmithL0/2026/BIOL470/Final/Learning_Rig/bee_0408_3/fwd/cam1_2026-04-08_18-30-11.mp4,1089.0,2169.5,782,1856,1396,2483,0.8440298
1039,/Volumes/SmithL0/2026/BIOL470/Final/Learning_Rig/bee_0408_3/fwd/cam1_2026-04-08_18-30-11.mp4,1089.0,2175.5,782,1863,1396,2488,0.84487945
1040,/Volumes/SmithL0/2026/BIOL470/Final/Learning_Rig/bee_0408_3/fwd/cam1_2026-04-08_18-30-11.mp4,1088.0,2171.5,781,1857,1395,2486,0.84229684
1041,/Volumes/SmithL0/2026/BIOL470/Final/Learning_Rig/bee_0408_3/fwd/cam1_2026-04-08_18-30-11.mp4,1088.5,2172.5,781,1859,1396,2486,0.8387737
1042,/Volumes/SmithL0/2026/BIOL470/Final/Learning_Rig/bee_0408_3/fwd/cam1_2026-04-08_18-30-11.mp4,1088.5,2173.5,783,1860,1394,2487,0.8417964
1043,/Volumes/SmithL0/2026/BIOL470/Final/Learning_Rig/bee_0408_3/fwd/cam1_2026-04-08_18-30-11.mp4,1088.0,2173.5,781,1862,1395,2485,0.84401375
1044,/Volumes/SmithL0/2026/BIOL470/Final/Learning_Rig/bee_0408_3/fwd/cam1_2026-04-08_18-30-11.mp4,1088.0,2172.5,781,1860,1395,2485,0.83997905
1045,/Volumes/SmithL0/2026/BIOL470/Final/Learning_Rig/bee_0408_3/fwd/cam1_2026-04-08_18-30-11.mp4,1088.5,2174.0,783,1864,1394,2484,0.84753084
1046,/Volumes/SmithL0/2026/BIOL470/Final/Learning_Rig/bee_0408_3/fwd/cam1_2026-04-08_18-30-11.mp4,1088.5,2172.5,782,1866,1395,2479,0.84711945
1047,/Volumes/SmithL0/2026/BIOL470/Final/Learning_Rig/bee_0408_3/fwd/cam1_2026-04-08_18-30-11.mp4,1088.0,2176.5,780,1865,1396,2488,0.84594184
1048,/Volumes/SmithL0/2026/BIOL470/Final/Learning_Rig/bee_0408_3/fwd/cam1_2026-04-08_18-30-11.mp4,1089.0,2174.5,782,1861,1396,2488,0.8518329
1049,/Volumes/SmithL0/2026/BIOL470/Final/Learning_Rig/bee_0408_3/fwd/cam1_2026-04-08_18-30-11.mp4,1090.0,2184.0,785,1887,1395,2481,0.823568
1050,/Volumes/SmithL0/2026/BIOL470/Final/Learning_Rig/bee_0408_3/fwd/cam1_2026-04-08_18-30-11.mp4,1092.0,2189.0,786,1897,1398,2481,0.80432457
1051,/Volumes/SmithL0/2026/BIOL470/Final/Learning_Rig/bee_0408_3/fwd/cam1_2026-04-08_18-30-11.mp4,1098.5,2192.5,797,1900,1400,2485,0.81893426
1052,/Volumes/SmithL0/2026/BIOL470/Final/Learning_Rig/bee_0408_3/fwd/cam1_2026-04-08_18-30-11.mp4,1104.0,2196.0,802,1901,1406,2491,0.8292172
1053,/Volumes/SmithL0/2026/BIOL470/Final/Learning_Rig/bee_0408_3/fwd/cam1_2026-04-08_18-30-11.mp4,1107.5,2196.5,806,1903,1409,2490,0.83272684
1054,/Volumes/SmithL0/2026/BIOL470/Final/Learning_Rig/bee_0408_3/fwd/cam1_2026-04-08_18-30-11.mp4,1124.5,2209.0,818,1925,1431,2493,0.82960427
1055,/Volumes/SmithL0/2026/BIOL470/Final/Learning_Rig/bee_0408_3/fwd/cam1_2026-04-08_18-30-11.mp4,1128.0,2214.5,819,1934,1437,2495,0.82822365
1056,/Volumes/SmithL0/2026/BIOL470/Final/Learning_Rig/bee_0408_3/fwd/cam1_2026-04-08_18-30-11.mp4,1128.5,2222.0,816,1946,1441,2498,0.8269557
1057,/Volumes/SmithL0/2026/BIOL470/Final/Learning_Rig/bee_0408_3/fwd/cam1_2026-04-08_18-30-11.mp4,1130.5,2222.0,817,1945,1444,2499,0.8335724
1058,/Volumes/SmithL0/2026/BIOL470/Final/Learning_Rig/bee_0408_3/fwd/cam1_2026-04-08_18-30-11.mp4,1129.5,2223.5,816,1948,1443,2499,0.83280176
1059,/Volumes/SmithL0/2026/BIOL470/Final/Learning_Rig/bee_0408_3/fwd/cam1_2026-04-08_18-30-11.mp4,1131.0,2221.5,817,1945,1445,2498,0.8268875
1060,/Volumes/SmithL0/2026/BIOL470/Final/Learning_Rig/bee_0408_3/fwd/cam1_2026-04-08_18-30-11.mp4,1137.0,2219.5,806,1945,1468,2494,0.8185579
1061,/Volumes/SmithL0/2026/BIOL470/Final/Learning_Rig/bee_0408_3/fwd/cam1_2026-04-08_18-30-11.mp4,1118.0,2200.0,790,1915,1446,2485,0.8229294
1062,/Volumes/SmithL0/2026/BIOL470/Final/Learning_Rig/bee_0408_3/fwd/cam1_2026-04-08_18-30-11.mp4,1106.0,2200.0,775,1918,1437,2482,0.8136707
1063,/Volumes/SmithL0/2026/BIOL470/Final/Learning_Rig/bee_0408_3/fwd/cam1_2026-04-08_18-30-11.mp4,1101.5,2209.5,775,1955,1428,2464,0.81875914
1064,/Volumes/SmithL0/2026/BIOL470/Final/Learning_Rig/bee_0408_3/fwd/cam1_2026-04-08_18-30-11.mp4,1092.5,2221.0,776,1955,1409,2487,0.8284828
1065,/Volumes/SmithL0/2026/BIOL470/Final/Learning_Rig/bee_0408_3/fwd/cam1_2026-04-08_18-30-11.mp4,1095.0,2219.5,780,1959,1410,2480,0.8325624
1066,/Volumes/SmithL0/2026/BIOL470/Final/Learning_Rig/bee_0408_3/fwd/cam1_2026-04-08_18-30-11.mp4,1094.0,2220.5,776,1960,1412,2481,0.8296202
1067,/Volumes/SmithL0/2026/BIOL470/Final/Learning_Rig/bee_0408_3/fwd/cam1_2026-04-08_18-30-11.mp4,1087.5,2220.5,764,1964,1411,2477,0.81907064
1068,/Volumes/SmithL0/2026/BIOL470/Final/Learning_Rig/bee_0408_3/fwd/cam1_2026-04-08_18-30-11.mp4,1086.5,2217.5,763,1961,1410,2474,0.8118837
1069,/Volumes/SmithL0/2026/BIOL470/Final/Learning_Rig/bee_0408_3/fwd/cam1_2026-04-08_18-30-11.mp4,1064.5,2213.5,722,1957,1407,2470,0.8013481
1070,/Volumes/SmithL0/2026/BIOL470/Final/Learning_Rig/bee_0408_3/fwd/cam1_2026-04-08_18-30-11.mp4,1072.0,2206.0,729,1940,1415,2472,0.78622234
1071,/Volumes/SmithL0/2026/BIOL470/Final/Learning_Rig/bee_0408_3/fwd/cam1_2026-04-08_18-30-11.mp4,1070.0,2196.5,753,1921,1387,2472,0.79954934
1072,/Volumes/SmithL0/2026/BIOL470/Final/Learning_Rig/bee_0408_3/fwd/cam1_2026-04-08_18-30-11.mp4,1054.0,2205.5,718,1920,1390,2491,0.81342924
1073,/Volumes/SmithL0/2026/BIOL470/Final/Learning_Rig/bee_0408_3/fwd/cam1_2026-04-08_18-30-11.mp4,1045.5,2203.0,704,1892,1387,2514,0.80679256
1074,/Volumes/SmithL0/2026/BIOL470/Final/Learning_Rig/bee_0408_3/fwd/cam1_2026-04-08_18-30-11.mp4,1046.5,2207.0,711,1894,1382,2520,0.81501293
1075,/Volumes/SmithL0/2026/BIOL470/Final/Learning_Rig/bee_0408_3/fwd/cam1_2026-04-08_18-30-11.mp4,1048.0,2199.5,717,1893,1379,2506,0.82121706
1076,/Volumes/SmithL0/2026/BIOL470/Final/Learning_Rig/bee_0408_3/fwd/cam1_2026-04-08_18-30-11.mp4,1077.0,2188.5,786,1877,1368,2500,0.8081485
1077,/Volumes/SmithL0/2026/BIOL470/Final/Learning_Rig/bee_0408_3/fwd/cam1_2026-04-08_18-30-11.mp4,1079.0,2182.0,793,1865,1365,2499,0.8248103
1078,/Volumes/SmithL0/2026/BIOL470/Final/Learning_Rig/bee_0408_3/fwd/cam1_2026-04-08_18-30-11.mp4,1081.5,2176.5,799,1855,1364,2498,0.83442456
1079,/Volumes/SmithL0/2026/BIOL470/Final/Learning_Rig/bee_0408_3/fwd/cam1_2026-04-08_18-30-11.mp4,1075.5,2173.0,859,1840,1292,2506,0.8441611
1080,/Volumes/SmithL0/2026/BIOL470/Final/Learning_Rig/bee_0408_3/fwd/cam1_2026-04-08_18-30-11.mp4,1102.5,2160.5,865,1824,1340,2497,0.81067413
1081,/Volumes/SmithL0/2026/BIOL470/Final/Learning_Rig/bee_0408_3/fwd/cam1_2026-04-08_18-30-11.mp4,1095.0,2155.5,866,1815,1324,2496,0.8343143
1082,/Volumes/SmithL0/2026/BIOL470/Final/Learning_Rig/bee_0408_3/fwd/cam1_2026-04-08_18-30-11.mp4,1087.5,2148.5,857,1808,1318,2489,0.8553411
1083,/Volumes/SmithL0/2026/BIOL470/Final/Learning_Rig/bee_0408_3/fwd/cam1_2026-04-08_18-30-11.mp4,1087.5,2147.0,855,1806,1320,2488,0.8540634
1084,/Volumes/SmithL0/2026/BIOL470/Final/Learning_Rig/bee_0408_3/fwd/cam1_2026-04-08_18-30-11.mp4,1086.0,2147.5,855,1806,1317,2489,0.8557387
1085,/Volumes/SmithL0/2026/BIOL470/Final/Learning_Rig/bee_0408_3/fwd/cam1_2026-04-08_18-30-11.mp4,1085.0,2147.0,854,1807,1316,2487,0.8493476
1086,/Volumes/SmithL0/2026/BIOL470/Final/Learning_Rig/bee_0408_3/fwd/cam1_2026-04-08_18-30-11.mp4,1086.5,2147.5,853,1807,1320,2488,0.8452619
1087,/Volumes/SmithL0/2026/BIOL470/Final/Learning_Rig/bee_0408_3/fwd/cam1_2026-04-08_18-30-11.mp4,1076.5,2149.5,853,1809,1300,2490,0.8592893
1088,/Volumes/SmithL0/2026/BIOL470/Final/Learning_Rig/bee_0408_3/fwd/cam1_2026-04-08_18-30-11.mp4,1076.5,2149.5,853,1810,1300,2489,0.8596788
1089,/Volumes/SmithL0/2026/BIOL470/Final/Learning_Rig/bee_0408_3/fwd/cam1_2026-04-08_18-30-11.mp4,1078.0,2150.5,853,1811,1303,2490,0.85876024
1090,/Volumes/SmithL0/2026/BIOL470/Final/Learning_Rig/bee_0408_3/fwd/cam1_2026-04-08_18-30-11.mp4,1078.0,2149.0,853,1808,1303,2490,0.85510653
1091,/Volumes/SmithL0/2026/BIOL470/Final/Learning_Rig/bee_0408_3/fwd/cam1_2026-04-08_18-30-11.mp4,1080.5,2151.0,859,1811,1302,2491,0.8360864
1092,/Volumes/SmithL0/2026/BIOL470/Final/Learning_Rig/bee_0408_3/fwd/cam1_2026-04-08_18-30-11.mp4,1083.0,2151.0,864,1811,1302,2491,0.82289106
1093,/Volumes/SmithL0/2026/BIOL470/Final/Learning_Rig/bee_0408_3/fwd/cam1_2026-04-08_18-30-11.mp4,1083.0,2151.5,863,1812,1303,2491,0.8252518
1094,/Volumes/SmithL0/2026/BIOL470/Final/Learning_Rig/bee_0408_3/fwd/cam1_2026-04-08_18-30-11.mp4,1083.0,2152.0,863,1812,1303,2492,0.82558525
1095,/Volumes/SmithL0/2026/BIOL470/Final/Learning_Rig/bee_0408_3/fwd/cam1_2026-04-08_18-30-11.mp4,1082.5,2154.5,861,1817,1304,2492,0.82094514
1096,/Volumes/SmithL0/2026/BIOL470/Final/Learning_Rig/bee_0408_3/fwd/cam1_2026-04-08_18-30-11.mp4,1115.5,2171.0,847,1835,1384,2507,0.81258285
1097,/Volumes/SmithL0/2026/BIOL470/Final/Learning_Rig/bee_0408_3/fwd/cam1_2026-04-08_18-30-11.mp4,1131.0,2174.5,846,1838,1416,2511,0.804974
1098,/Volumes/SmithL0/2026/BIOL470/Final/Learning_Rig/bee_0408_3/fwd/cam1_2026-04-08_18-30-11.mp4,1130.0,2175.0,847,1840,1413,2510,0.8084642
1099,/Volumes/SmithL0/2026/BIOL470/Final/Learning_Rig/bee_0408_3/fwd/cam1_2026-04-08_18-30-11.mp4,1124.0,2173.5,845,1841,1403,2506,0.8129141
1100,/Volumes/SmithL0/2026/BIOL470/Final/Learning_Rig/bee_0408_3/fwd/cam1_2026-04-08_18-30-11.mp4,1122.5,2177.0,844,1841,1401,2513,0.81299347
1101,/Volumes/SmithL0/2026/BIOL470/Final/Learning_Rig/bee_0408_3/fwd/cam1_2026-04-08_18-30-11.mp4,1090.5,2176.5,846,1842,1335,2511,0.80804145
1102,/Volumes/SmithL0/2026/BIOL470/Final/Learning_Rig/bee_0408_3/fwd/cam1_2026-04-08_18-30-11.mp4,1083.0,2168.0,856,1843,1310,2493,0.8059092
1103,/Volumes/SmithL0/2026/BIOL470/Final/Learning_Rig/bee_0408_3/fwd/cam1_2026-04-08_18-30-11.mp4,1086.5,2170.0,855,1844,1318,2496,0.8051325
1104,/Volumes/SmithL0/2026/BIOL470/Final/Learning_Rig/bee_0408_3/fwd/cam1_2026-04-08_18-30-11.mp4,1096.5,2182.0,845,1843,1348,2521,0.8037468
1105,/Volumes/SmithL0/2026/BIOL470/Final/Learning_Rig/bee_0408_3/fwd/cam1_2026-04-08_18-30-11.mp4,1094.0,2181.5,845,1843,1343,2520,0.8096249
1106,/Volumes/SmithL0/2026/BIOL470/Final/Learning_Rig/bee_0408_3/fwd/cam1_2026-04-08_18-30-11.mp4,1105.0,2181.5,846,1843,1364,2520,0.8145522
1107,/Volumes/SmithL0/2026/BIOL470/Final/Learning_Rig/bee_0408_3/fwd/cam1_2026-04-08_18-30-11.mp4,1103.5,2183.5,843,1843,1364,2524,0.8171571
1108,/Volumes/SmithL0/2026/BIOL470/Final/Learning_Rig/bee_0408_3/fwd/cam1_2026-04-08_18-30-11.mp4,1101.5,2183.5,841,1845,1362,2522,0.8175259
1109,/Volumes/SmithL0/2026/BIOL470/Final/Learning_Rig/bee_0408_3/fwd/cam1_2026-04-08_18-30-11.mp4,1098.0,2186.0,842,1846,1354,2526,0.81993395
1110,/Volumes/SmithL0/2026/BIOL470/Final/Learning_Rig/bee_0408_3/fwd/cam1_2026-04-08_18-30-11.mp4,1111.5,2185.5,841,1845,1382,2526,0.8150863
1111,/Volumes/SmithL0/2026/BIOL470/Final/Learning_Rig/bee_0408_3/fwd/cam1_2026-04-08_18-30-11.mp4,1090.0,2185.5,843,1846,1337,2525,0.8120585
1112,/Volumes/SmithL0/2026/BIOL470/Final/Learning_Rig/bee_0408_3/fwd/cam1_2026-04-08_18-30-11.mp4,1089.5,2187.0,844,1846,1335,2528,0.81318253
1113,/Volumes/SmithL0/2026/BIOL470/Final/Learning_Rig/bee_0408_3/fwd/cam1_2026-04-08_18-30-11.mp4,1091.5,2185.5,842,1846,1341,2525,0.81479305
1114,/Volumes/SmithL0/2026/BIOL470/Final/Learning_Rig/bee_0408_3/fwd/cam1_2026-04-08_18-30-11.mp4,1087.0,2186.0,845,1845,1329,2527,0.8106552
1115,/Volumes/SmithL0/2026/BIOL470/Final/Learning_Rig/bee_0408_3/fwd/cam1_2026-04-08_18-30-11.mp4,1088.0,2173.0,857,1844,1319,2502,0.8119398
1116,/Volumes/SmithL0/2026/BIOL470/Final/Learning_Rig/bee_0408_3/fwd/cam1_2026-04-08_18-30-11.mp4,1088.5,2172.5,858,1845,1319,2500,0.80739176
1117,/Volumes/SmithL0/2026/BIOL470/Final/Learning_Rig/bee_0408_3/fwd/cam1_2026-04-08_18-30-11.mp4,1084.0,2184.0,847,1844,1321,2524,0.80633163
1118,/Volumes/SmithL0/2026/BIOL470/Final/Learning_Rig/bee_0408_3/fwd/cam1_2026-04-08_18-30-11.mp4,1083.5,2183.5,847,1843,1320,2524,0.80814624
1119,/Volumes/SmithL0/2026/BIOL470/Final/Learning_Rig/bee_0408_3/fwd/cam1_2026-04-08_18-30-11.mp4,1083.0,2183.0,847,1842,1319,2524,0.8023607
1120,/Volumes/SmithL0/2026/BIOL470/Final/Learning_Rig/bee_0408_3/fwd/cam1_2026-04-08_18-30-11.mp4,1084.5,2176.0,863,1843,1306,2509,0.8124534
1121,/Volumes/SmithL0/2026/BIOL470/Final/Learning_Rig/bee_0408_3/fwd/cam1_2026-04-08_18-30-11.mp4,1086.5,2166.0,871,1825,1302,2507,0.8100268
1122,/Volumes/SmithL0/2026/BIOL470/Final/Learning_Rig/bee_0408_3/fwd/cam1_2026-04-08_18-30-11.mp4,1074.5,2164.0,855,1823,1294,2505,0.8271111
1123,/Volumes/SmithL0/2026/BIOL470/Final/Learning_Rig/bee_0408_3/fwd/cam1_2026-04-08_18-30-11.mp4,1068.5,2166.0,846,1823,1291,2509,0.8303923
1124,/Volumes/SmithL0/2026/BIOL470/Final/Learning_Rig/bee_0408_3/fwd/cam1_2026-04-08_18-30-11.mp4,1068.5,2168.0,849,1828,1288,2508,0.8303667
1125,/Volumes/SmithL0/2026/BIOL470/Final/Learning_Rig/bee_0408_3/fwd/cam1_2026-04-08_18-30-11.mp4,1066.0,2169.5,849,1832,1283,2507,0.83081824
1126,/Volumes/SmithL0/2026/BIOL470/Final/Learning_Rig/bee_0408_3/fwd/cam1_2026-04-08_18-30-11.mp4,1067.0,2174.0,850,1839,1284,2509,0.8329075
1127,/Volumes/SmithL0/2026/BIOL470/Final/Learning_Rig/bee_0408_3/fwd/cam1_2026-04-08_18-30-11.mp4,1066.5,2173.0,849,1839,1284,2507,0.83437127
1128,/Volumes/SmithL0/2026/BIOL470/Final/Learning_Rig/bee_0408_3/fwd/cam1_2026-04-08_18-30-11.mp4,1067.5,2173.0,851,1839,1284,2507,0.83649087
1129,/Volumes/SmithL0/2026/BIOL470/Final/Learning_Rig/bee_0408_3/fwd/cam1_2026-04-08_18-30-11.mp4,1067.5,2173.0,851,1840,1284,2506,0.83696824
1130,/Volumes/SmithL0/2026/BIOL470/Final/Learning_Rig/bee_0408_3/fwd/cam1_2026-04-08_18-30-11.mp4,1067.0,2173.0,851,1840,1283,2506,0.8350655
1131,/Volumes/SmithL0/2026/BIOL470/Final/Learning_Rig/bee_0408_3/fwd/cam1_2026-04-08_18-30-11.mp4,1067.0,2172.5,850,1840,1284,2505,0.83790064
1132,/Volumes/SmithL0/2026/BIOL470/Final/Learning_Rig/bee_0408_3/fwd/cam1_2026-04-08_18-30-11.mp4,1066.5,2173.0,850,1842,1283,2504,0.83681536
1133,/Volumes/SmithL0/2026/BIOL470/Final/Learning_Rig/bee_0408_3/fwd/cam1_2026-04-08_18-30-11.mp4,1067.0,2174.0,850,1843,1284,2505,0.8361809
1134,/Volumes/SmithL0/2026/BIOL470/Final/Learning_Rig/bee_0408_3/fwd/cam1_2026-04-08_18-30-11.mp4,1067.5,2174.0,851,1843,1284,2505,0.83670163
1135,/Volumes/SmithL0/2026/BIOL470/Final/Learning_Rig/bee_0408_3/fwd/cam1_2026-04-08_18-30-11.mp4,1067.0,2173.5,850,1842,1284,2505,0.8378538
1136,/Volumes/SmithL0/2026/BIOL470/Final/Learning_Rig/bee_0408_3/fwd/cam1_2026-04-08_18-30-11.mp4,1067.0,2174.0,851,1843,1283,2505,0.83825266
1137,/Volumes/SmithL0/2026/BIOL470/Final/Learning_Rig/bee_0408_3/fwd/cam1_2026-04-08_18-30-11.mp4,1067.0,2173.5,851,1842,1283,2505,0.8396796
1138,/Volumes/SmithL0/2026/BIOL470/Final/Learning_Rig/bee_0408_3/fwd/cam1_2026-04-08_18-30-11.mp4,1067.5,2173.5,852,1843,1283,2504,0.83818394
1139,/Volumes/SmithL0/2026/BIOL470/Final/Learning_Rig/bee_0408_3/fwd/cam1_2026-04-08_18-30-11.mp4,1068.5,2173.0,852,1842,1285,2504,0.83639526
1140,/Volumes/SmithL0/2026/BIOL470/Final/Learning_Rig/bee_0408_3/fwd/cam1_2026-04-08_18-30-11.mp4,1069.0,2173.0,853,1843,1285,2503,0.8376643
1141,/Volumes/SmithL0/2026/BIOL470/Final/Learning_Rig/bee_0408_3/fwd/cam1_2026-04-08_18-30-11.mp4,1068.5,2171.5,852,1842,1285,2501,0.84085137
1142,/Volumes/SmithL0/2026/BIOL470/Final/Learning_Rig/bee_0408_3/fwd/cam1_2026-04-08_18-30-11.mp4,1069.0,2172.5,853,1843,1285,2502,0.8387249
1143,/Volumes/SmithL0/2026/BIOL470/Final/Learning_Rig/bee_0408_3/fwd/cam1_2026-04-08_18-30-11.mp4,1069.0,2173.0,853,1843,1285,2503,0.8407378
1144,/Volumes/SmithL0/2026/BIOL470/Final/Learning_Rig/bee_0408_3/fwd/cam1_2026-04-08_18-30-11.mp4,1067.5,2167.5,853,1839,1282,2496,0.8448442
1145,/Volumes/SmithL0/2026/BIOL470/Final/Learning_Rig/bee_0408_3/fwd/cam1_2026-04-08_18-30-11.mp4,1075.5,2173.5,865,1840,1286,2507,0.83765674
1146,/Volumes/SmithL0/2026/BIOL470/Final/Learning_Rig/bee_0408_3/fwd/cam1_2026-04-08_18-30-11.mp4,1067.5,2166.0,854,1837,1281,2495,0.8423916
1147,/Volumes/SmithL0/2026/BIOL470/Final/Learning_Rig/bee_0408_3/fwd/cam1_2026-04-08_18-30-11.mp4,1067.5,2166.5,854,1836,1281,2497,0.8409131
1148,/Volumes/SmithL0/2026/BIOL470/Final/Learning_Rig/bee_0408_3/fwd/cam1_2026-04-08_18-30-11.mp4,1068.0,2166.5,854,1836,1282,2497,0.8415814
1149,/Volumes/SmithL0/2026/BIOL470/Final/Learning_Rig/bee_0408_3/fwd/cam1_2026-04-08_18-30-11.mp4,1067.0,2165.5,854,1834,1280,2497,0.8427061
1150,/Volumes/SmithL0/2026/BIOL470/Final/Learning_Rig/bee_0408_3/fwd/cam1_2026-04-08_18-30-11.mp4,1063.5,2145.5,853,1812,1274,2479,0.8567228
1151,/Volumes/SmithL0/2026/BIOL470/Final/Learning_Rig/bee_0408_3/fwd/cam1_2026-04-08_18-30-11.mp4,1056.0,2130.5,842,1799,1270,2462,0.8447582
1152,/Volumes/SmithL0/2026/BIOL470/Final/Learning_Rig/bee_0408_3/fwd/cam1_2026-04-08_18-30-11.mp4,1064.0,2137.0,850,1798,1278,2476,0.8432423
1153,/Volumes/SmithL0/2026/BIOL470/Final/Learning_Rig/bee_0408_3/fwd/cam1_2026-04-08_18-30-11.mp4,1053.5,2128.5,840,1792,1267,2465,0.8529968
1154,/Volumes/SmithL0/2026/BIOL470/Final/Learning_Rig/bee_0408_3/fwd/cam1_2026-04-08_18-30-11.mp4,1053.0,2131.5,840,1790,1266,2473,0.84564686
1155,/Volumes/SmithL0/2026/BIOL470/Final/Learning_Rig/bee_0408_3/fwd/cam1_2026-04-08_18-30-11.mp4,1052.5,2138.0,839,1789,1266,2487,0.84395736
1156,/Volumes/SmithL0/2026/BIOL470/Final/Learning_Rig/bee_0408_3/fwd/cam1_2026-04-08_18-30-11.mp4,1051.0,2129.5,837,1788,1265,2471,0.8482021
1157,/Volumes/SmithL0/2026/BIOL470/Final/Learning_Rig/bee_0408_3/fwd/cam1_2026-04-08_18-30-11.mp4,1050.0,2121.0,835,1788,1265,2454,0.8475014
1158,/Volumes/SmithL0/2026/BIOL470/Final/Learning_Rig/bee_0408_3/fwd/cam1_2026-04-08_18-30-11.mp4,1050.0,2119.5,835,1788,1265,2451,0.8487018
1159,/Volumes/SmithL0/2026/BIOL470/Final/Learning_Rig/bee_0408_3/fwd/cam1_2026-04-08_18-30-11.mp4,1049.5,2121.0,834,1787,1265,2455,0.85038126
1160,/Volumes/SmithL0/2026/BIOL470/Final/Learning_Rig/bee_0408_3/fwd/cam1_2026-04-08_18-30-11.mp4,1051.0,2120.5,837,1786,1265,2455,0.84666264
1161,/Volumes/SmithL0/2026/BIOL470/Final/Learning_Rig/bee_0408_3/fwd/cam1_2026-04-08_18-30-11.mp4,1050.5,2120.0,836,1785,1265,2455,0.84383965
1162,/Volumes/SmithL0/2026/BIOL470/Final/Learning_Rig/bee_0408_3/fwd/cam1_2026-04-08_18-30-11.mp4,1052.0,2124.0,839,1785,1265,2463,0.8443001
1163,/Volumes/SmithL0/2026/BIOL470/Final/Learning_Rig/bee_0408_3/fwd/cam1_2026-04-08_18-30-11.mp4,1052.5,2129.0,840,1785,1265,2473,0.8434031
1164,/Volumes/SmithL0/2026/BIOL470/Final/Learning_Rig/bee_0408_3/fwd/cam1_2026-04-08_18-30-11.mp4,1054.5,2139.0,842,1789,1267,2489,0.84093744
1165,/Volumes/SmithL0/2026/BIOL470/Final/Learning_Rig/bee_0408_3/fwd/cam1_2026-04-08_18-30-11.mp4,1054.0,2139.5,842,1789,1266,2490,0.844207
1166,/Volumes/SmithL0/2026/BIOL470/Final/Learning_Rig/bee_0408_3/fwd/cam1_2026-04-08_18-30-11.mp4,1053.0,2128.5,841,1783,1265,2474,0.8426946
1167,/Volumes/SmithL0/2026/BIOL470/Final/Learning_Rig/bee_0408_3/fwd/cam1_2026-04-08_18-30-11.mp4,1053.5,2126.0,842,1782,1265,2470,0.8442747
1168,/Volumes/SmithL0/2026/BIOL470/Final/Learning_Rig/bee_0408_3/fwd/cam1_2026-04-08_18-30-11.mp4,1052.5,2123.0,840,1783,1265,2463,0.84672076
1169,/Volumes/SmithL0/2026/BIOL470/Final/Learning_Rig/bee_0408_3/fwd/cam1_2026-04-08_18-30-11.mp4,1052.5,2120.5,840,1782,1265,2459,0.8452866
1170,/Volumes/SmithL0/2026/BIOL470/Final/Learning_Rig/bee_0408_3/fwd/cam1_2026-04-08_18-30-11.mp4,1053.0,2121.0,841,1781,1265,2461,0.84787583
1171,/Volumes/SmithL0/2026/BIOL470/Final/Learning_Rig/bee_0408_3/fwd/cam1_2026-04-08_18-30-11.mp4,1053.0,2120.5,841,1780,1265,2461,0.8488941
1172,/Volumes/SmithL0/2026/BIOL470/Final/Learning_Rig/bee_0408_3/fwd/cam1_2026-04-08_18-30-11.mp4,1051.0,2120.5,837,1780,1265,2461,0.85158587
1173,/Volumes/SmithL0/2026/BIOL470/Final/Learning_Rig/bee_0408_3/fwd/cam1_2026-04-08_18-30-11.mp4,1050.5,2118.5,836,1781,1265,2456,0.8521059
1174,/Volumes/SmithL0/2026/BIOL470/Final/Learning_Rig/bee_0408_3/fwd/cam1_2026-04-08_18-30-11.mp4,1051.0,2118.5,837,1782,1265,2455,0.8560719
1175,/Volumes/SmithL0/2026/BIOL470/Final/Learning_Rig/bee_0408_3/fwd/cam1_2026-04-08_18-30-11.mp4,1050.5,2118.5,836,1781,1265,2456,0.8552655
1176,/Volumes/SmithL0/2026/BIOL470/Final/Learning_Rig/bee_0408_3/fwd/cam1_2026-04-08_18-30-11.mp4,1051.0,2118.5,837,1782,1265,2455,0.85164654
1177,/Volumes/SmithL0/2026/BIOL470/Final/Learning_Rig/bee_0408_3/fwd/cam1_2026-04-08_18-30-11.mp4,1049.5,2116.0,834,1782,1265,2450,0.84618396
1178,/Volumes/SmithL0/2026/BIOL470/Final/Learning_Rig/bee_0408_3/fwd/cam1_2026-04-08_18-30-11.mp4,1050.5,2116.0,836,1782,1265,2450,0.8451091
1179,/Volumes/SmithL0/2026/BIOL470/Final/Learning_Rig/bee_0408_3/fwd/cam1_2026-04-08_18-30-11.mp4,1050.5,2117.0,836,1783,1265,2451,0.84643215
1180,/Volumes/SmithL0/2026/BIOL470/Final/Learning_Rig/bee_0408_3/fwd/cam1_2026-04-08_18-30-11.mp4,1051.0,2116.5,837,1784,1265,2449,0.8428939
1181,/Volumes/SmithL0/2026/BIOL470/Final/Learning_Rig/bee_0408_3/fwd/cam1_2026-04-08_18-30-11.mp4,1050.0,2115.5,835,1784,1265,2447,0.8436651
1182,/Volumes/SmithL0/2026/BIOL470/Final/Learning_Rig/bee_0408_3/fwd/cam1_2026-04-08_18-30-11.mp4,1050.5,2115.5,836,1783,1265,2448,0.8496024
1183,/Volumes/SmithL0/2026/BIOL470/Final/Learning_Rig/bee_0408_3/fwd/cam1_2026-04-08_18-30-11.mp4,1050.0,2114.5,835,1783,1265,2446,0.8492462
1184,/Volumes/SmithL0/2026/BIOL470/Final/Learning_Rig/bee_0408_3/fwd/cam1_2026-04-08_18-30-11.mp4,1050.0,2114.5,835,1783,1265,2446,0.8490212
1185,/Volumes/SmithL0/2026/BIOL470/Final/Learning_Rig/bee_0408_3/fwd/cam1_2026-04-08_18-30-11.mp4,1050.0,2113.5,835,1783,1265,2444,0.8467572
1186,/Volumes/SmithL0/2026/BIOL470/Final/Learning_Rig/bee_0408_3/fwd/cam1_2026-04-08_18-30-11.mp4,1050.0,2115.5,835,1784,1265,2447,0.84433377
1187,/Volumes/SmithL0/2026/BIOL470/Final/Learning_Rig/bee_0408_3/fwd/cam1_2026-04-08_18-30-11.mp4,1050.5,2118.5,836,1784,1265,2453,0.84899104
1188,/Volumes/SmithL0/2026/BIOL470/Final/Learning_Rig/bee_0408_3/fwd/cam1_2026-04-08_18-30-11.mp4,1044.5,2121.0,830,1782,1259,2460,0.8598863
1189,/Volumes/SmithL0/2026/BIOL470/Final/Learning_Rig/bee_0408_3/fwd/cam1_2026-04-08_18-30-11.mp4,1044.5,2120.5,831,1781,1258,2460,0.86463565
1190,/Volumes/SmithL0/2026/BIOL470/Final/Learning_Rig/bee_0408_3/fwd/cam1_2026-04-08_18-30-11.mp4,1044.5,2120.5,832,1781,1257,2460,0.8635756
1191,/Volumes/SmithL0/2026/BIOL470/Final/Learning_Rig/bee_0408_3/fwd/cam1_2026-04-08_18-30-11.mp4,1040.5,2117.5,830,1782,1251,2453,0.8619687
1192,/Volumes/SmithL0/2026/BIOL470/Final/Learning_Rig/bee_0408_3/fwd/cam1_2026-04-08_18-30-11.mp4,1041.0,2120.0,831,1783,1251,2457,0.8617814
1193,/Volumes/SmithL0/2026/BIOL470/Final/Learning_Rig/bee_0408_3/fwd/cam1_2026-04-08_18-30-11.mp4,1040.0,2119.5,830,1782,1250,2457,0.8642465
1194,/Volumes/SmithL0/2026/BIOL470/Final/Learning_Rig/bee_0408_3/fwd/cam1_2026-04-08_18-30-11.mp4,1039.5,2118.5,829,1781,1250,2456,0.8662046
1195,/Volumes/SmithL0/2026/BIOL470/Final/Learning_Rig/bee_0408_3/fwd/cam1_2026-04-08_18-30-11.mp4,1039.0,2116.0,829,1780,1249,2452,0.86143357
1196,/Volumes/SmithL0/2026/BIOL470/Final/Learning_Rig/bee_0408_3/fwd/cam1_2026-04-08_18-30-11.mp4,1037.0,2121.5,828,1779,1246,2464,0.8564888
1197,/Volumes/SmithL0/2026/BIOL470/Final/Learning_Rig/bee_0408_3/fwd/cam1_2026-04-08_18-30-11.mp4,1035.0,2117.5,827,1779,1243,2456,0.8560868
1198,/Volumes/SmithL0/2026/BIOL470/Final/Learning_Rig/bee_0408_3/fwd/cam1_2026-04-08_18-30-11.mp4,1036.0,2116.0,828,1778,1244,2454,0.8511679
1199,/Volumes/SmithL0/2026/BIOL470/Final/Learning_Rig/bee_0408_3/fwd/cam1_2026-04-08_18-30-11.mp4,1034.0,2114.0,824,1777,1244,2451,0.8544345
1200,/Volumes/SmithL0/2026/BIOL470/Final/Learning_Rig/bee_0408_3/fwd/cam1_2026-04-08_18-30-11.mp4,1035.0,2116.5,826,1777,1244,2456,0.8496364
1201,/Volumes/SmithL0/2026/BIOL470/Final/Learning_Rig/bee_0408_3/fwd/cam1_2026-04-08_18-30-11.mp4,1034.0,2116.0,825,1776,1243,2456,0.84941244
1202,/Volumes/SmithL0/2026/BIOL470/Final/Learning_Rig/bee_0408_3/fwd/cam1_2026-04-08_18-30-11.mp4,1033.0,2111.5,824,1776,1242,2447,0.8519776
1203,/Volumes/SmithL0/2026/BIOL470/Final/Learning_Rig/bee_0408_3/fwd/cam1_2026-04-08_18-30-11.mp4,1033.5,2111.0,825,1776,1242,2446,0.85132986
1204,/Volumes/SmithL0/2026/BIOL470/Final/Learning_Rig/bee_0408_3/fwd/cam1_2026-04-08_18-30-11.mp4,1033.5,2111.5,826,1776,1241,2447,0.8505437
1205,/Volumes/SmithL0/2026/BIOL470/Final/Learning_Rig/bee_0408_3/fwd/cam1_2026-04-08_18-30-11.mp4,1034.5,2115.5,827,1776,1242,2455,0.85171074
1206,/Volumes/SmithL0/2026/BIOL470/Final/Learning_Rig/bee_0408_3/fwd/cam1_2026-04-08_18-30-11.mp4,1035.0,2114.5,827,1776,1243,2453,0.8544124
1207,/Volumes/SmithL0/2026/BIOL470/Final/Learning_Rig/bee_0408_3/fwd/cam1_2026-04-08_18-30-11.mp4,1037.0,2111.5,832,1775,1242,2448,0.8514537
1208,/Volumes/SmithL0/2026/BIOL470/Final/Learning_Rig/bee_0408_3/fwd/cam1_2026-04-08_18-30-11.mp4,1035.5,2114.0,831,1775,1240,2453,0.8479424
1209,/Volumes/SmithL0/2026/BIOL470/Final/Learning_Rig/bee_0408_3/fwd/cam1_2026-04-08_18-30-11.mp4,1034.0,2114.5,830,1774,1238,2455,0.8449467
1210,/Volumes/SmithL0/2026/BIOL470/Final/Learning_Rig/bee_0408_3/fwd/cam1_2026-04-08_18-30-11.mp4,1033.5,2112.5,830,1773,1237,2452,0.8422834
1211,/Volumes/SmithL0/2026/BIOL470/Final/Learning_Rig/bee_0408_3/fwd/cam1_2026-04-08_18-30-11.mp4,1034.0,2111.0,830,1773,1238,2449,0.843399
1212,/Volumes/SmithL0/2026/BIOL470/Final/Learning_Rig/bee_0408_3/fwd/cam1_2026-04-08_18-30-11.mp4,1033.5,2113.0,830,1774,1237,2452,0.84375083
1213,/Volumes/SmithL0/2026/BIOL470/Final/Learning_Rig/bee_0408_3/fwd/cam1_2026-04-08_18-30-11.mp4,1033.0,2114.5,830,1774,1236,2455,0.84225774
1214,/Volumes/SmithL0/2026/BIOL470/Final/Learning_Rig/bee_0408_3/fwd/cam1_2026-04-08_18-30-11.mp4,1033.0,2112.0,829,1774,1237,2450,0.84615046
1215,/Volumes/SmithL0/2026/BIOL470/Final/Learning_Rig/bee_0408_3/fwd/cam1_2026-04-08_18-30-11.mp4,1032.0,2111.0,828,1774,1236,2448,0.84573513
1216,/Volumes/SmithL0/2026/BIOL470/Final/Learning_Rig/bee_0408_3/fwd/cam1_2026-04-08_18-30-11.mp4,1033.5,2111.0,828,1775,1239,2447,0.85112756
1217,/Volumes/SmithL0/2026/BIOL470/Final/Learning_Rig/bee_0408_3/fwd/cam1_2026-04-08_18-30-11.mp4,1035.0,2111.0,828,1776,1242,2446,0.8559096
1218,/Volumes/SmithL0/2026/BIOL470/Final/Learning_Rig/bee_0408_3/fwd/cam1_2026-04-08_18-30-11.mp4,1035.5,2110.5,828,1776,1243,2445,0.8573299
1219,/Volumes/SmithL0/2026/BIOL470/Final/Learning_Rig/bee_0408_3/fwd/cam1_2026-04-08_18-30-11.mp4,1035.5,2109.5,829,1776,1242,2443,0.8570603
1220,/Volumes/SmithL0/2026/BIOL470/Final/Learning_Rig/bee_0408_3/fwd/cam1_2026-04-08_18-30-11.mp4,1035.5,2109.0,829,1776,1242,2442,0.8542479
1221,/Volumes/SmithL0/2026/BIOL470/Final/Learning_Rig/bee_0408_3/fwd/cam1_2026-04-08_18-30-11.mp4,1036.0,2111.0,830,1776,1242,2446,0.8543246
1222,/Volumes/SmithL0/2026/BIOL470/Final/Learning_Rig/bee_0408_3/fwd/cam1_2026-04-08_18-30-11.mp4,1035.5,2110.5,829,1775,1242,2446,0.85411215
1223,/Volumes/SmithL0/2026/BIOL470/Final/Learning_Rig/bee_0408_3/fwd/cam1_2026-04-08_18-30-11.mp4,1035.0,2107.0,829,1775,1241,2439,0.8503689
1224,/Volumes/SmithL0/2026/BIOL470/Final/Learning_Rig/bee_0408_3/fwd/cam1_2026-04-08_18-30-11.mp4,1036.0,2107.5,830,1775,1242,2440,0.85246164
1225,/Volumes/SmithL0/2026/BIOL470/Final/Learning_Rig/bee_0408_3/fwd/cam1_2026-04-08_18-30-11.mp4,1036.0,2108.5,830,1775,1242,2442,0.85419524
1226,/Volumes/SmithL0/2026/BIOL470/Final/Learning_Rig/bee_0408_3/fwd/cam1_2026-04-08_18-30-11.mp4,1037.0,2113.0,831,1776,1243,2450,0.8571982
1227,/Volumes/SmithL0/2026/BIOL470/Final/Learning_Rig/bee_0408_3/fwd/cam1_2026-04-08_18-30-11.mp4,1037.0,2113.5,831,1775,1243,2452,0.8553281
1228,/Volumes/SmithL0/2026/BIOL470/Final/Learning_Rig/bee_0408_3/fwd/cam1_2026-04-08_18-30-11.mp4,1037.5,2110.0,831,1776,1244,2444,0.8591716
1229,/Volumes/SmithL0/2026/BIOL470/Final/Learning_Rig/bee_0408_3/fwd/cam1_2026-04-08_18-30-11.mp4,1037.0,2109.5,830,1776,1244,2443,0.8587135
1230,/Volumes/SmithL0/2026/BIOL470/Final/Learning_Rig/bee_0408_3/fwd/cam1_2026-04-08_18-30-11.mp4,1037.5,2111.5,830,1776,1245,2447,0.860282
1231,/Volumes/SmithL0/2026/BIOL470/Final/Learning_Rig/bee_0408_3/fwd/cam1_2026-04-08_18-30-11.mp4,1036.5,2108.0,829,1776,1244,2440,0.85687447
1232,/Volumes/SmithL0/2026/BIOL470/Final/Learning_Rig/bee_0408_3/fwd/cam1_2026-04-08_18-30-11.mp4,1036.5,2109.0,829,1776,1244,2442,0.8569177
1233,/Volumes/SmithL0/2026/BIOL470/Final/Learning_Rig/bee_0408_3/fwd/cam1_2026-04-08_18-30-11.mp4,1037.0,2109.5,830,1776,1244,2443,0.8571439
1234,/Volumes/SmithL0/2026/BIOL470/Final/Learning_Rig/bee_0408_3/fwd/cam1_2026-04-08_18-30-11.mp4,1036.5,2110.0,829,1777,1244,2443,0.8581085
1235,/Volumes/SmithL0/2026/BIOL470/Final/Learning_Rig/bee_0408_3/fwd/cam1_2026-04-08_18-30-11.mp4,1036.0,2108.0,828,1777,1244,2439,0.85587394
1236,/Volumes/SmithL0/2026/BIOL470/Final/Learning_Rig/bee_0408_3/fwd/cam1_2026-04-08_18-30-11.mp4,1037.0,2108.0,829,1776,1245,2440,0.8581824
1237,/Volumes/SmithL0/2026/BIOL470/Final/Learning_Rig/bee_0408_3/fwd/cam1_2026-04-08_18-30-11.mp4,1037.5,2113.0,829,1776,1246,2450,0.85894024
1238,/Volumes/SmithL0/2026/BIOL470/Final/Learning_Rig/bee_0408_3/fwd/cam1_2026-04-08_18-30-11.mp4,1036.5,2114.0,828,1777,1245,2451,0.85650045
1239,/Volumes/SmithL0/2026/BIOL470/Final/Learning_Rig/bee_0408_3/fwd/cam1_2026-04-08_18-30-11.mp4,1037.0,2115.0,829,1777,1245,2453,0.8570231
1240,/Volumes/SmithL0/2026/BIOL470/Final/Learning_Rig/bee_0408_3/fwd/cam1_2026-04-08_18-30-11.mp4,1037.5,2117.5,830,1777,1245,2458,0.8553461
1241,/Volumes/SmithL0/2026/BIOL470/Final/Learning_Rig/bee_0408_3/fwd/cam1_2026-04-08_18-30-11.mp4,1036.5,2115.0,829,1777,1244,2453,0.8552733
1242,/Volumes/SmithL0/2026/BIOL470/Final/Learning_Rig/bee_0408_3/fwd/cam1_2026-04-08_18-30-11.mp4,1037.0,2115.0,829,1777,1245,2453,0.8569089
1243,/Volumes/SmithL0/2026/BIOL470/Final/Learning_Rig/bee_0408_3/fwd/cam1_2026-04-08_18-30-11.mp4,1037.5,2114.0,830,1777,1245,2451,0.8574933
1244,/Volumes/SmithL0/2026/BIOL470/Final/Learning_Rig/bee_0408_3/fwd/cam1_2026-04-08_18-30-11.mp4,1037.5,2115.5,830,1777,1245,2454,0.85598636
1245,/Volumes/SmithL0/2026/BIOL470/Final/Learning_Rig/bee_0408_3/fwd/cam1_2026-04-08_18-30-11.mp4,1037.0,2114.0,830,1777,1244,2451,0.8559163
1246,/Volumes/SmithL0/2026/BIOL470/Final/Learning_Rig/bee_0408_3/fwd/cam1_2026-04-08_18-30-11.mp4,1036.5,2113.0,829,1777,1244,2449,0.8573925
1247,/Volumes/SmithL0/2026/BIOL470/Final/Learning_Rig/bee_0408_3/fwd/cam1_2026-04-08_18-30-11.mp4,1038.0,2116.0,831,1777,1245,2455,0.85546964
1248,/Volumes/SmithL0/2026/BIOL470/Final/Learning_Rig/bee_0408_3/fwd/cam1_2026-04-08_18-30-11.mp4,1038.0,2114.0,831,1777,1245,2451,0.857557
1249,/Volumes/SmithL0/2026/BIOL470/Final/Learning_Rig/bee_0408_3/fwd/cam1_2026-04-08_18-30-11.mp4,1038.0,2116.0,831,1777,1245,2455,0.8558371
1250,/Volumes/SmithL0/2026/BIOL470/Final/Learning_Rig/bee_0408_3/fwd/cam1_2026-04-08_18-30-11.mp4,1038.0,2115.0,830,1777,1246,2453,0.85817426
1251,/Volumes/SmithL0/2026/BIOL470/Final/Learning_Rig/bee_0408_3/fwd/cam1_2026-04-08_18-30-11.mp4,1037.5,2119.0,830,1777,1245,2461,0.8539863
1252,/Volumes/SmithL0/2026/BIOL470/Final/Learning_Rig/bee_0408_3/fwd/cam1_2026-04-08_18-30-11.mp4,1037.5,2116.0,829,1777,1246,2455,0.8560387
1253,/Volumes/SmithL0/2026/BIOL470/Final/Learning_Rig/bee_0408_3/fwd/cam1_2026-04-08_18-30-11.mp4,1038.0,2114.0,830,1777,1246,2451,0.85957956
1254,/Volumes/SmithL0/2026/BIOL470/Final/Learning_Rig/bee_0408_3/fwd/cam1_2026-04-08_18-30-11.mp4,1038.0,2113.0,831,1777,1245,2449,0.85941
1255,/Volumes/SmithL0/2026/BIOL470/Final/Learning_Rig/bee_0408_3/fwd/cam1_2026-04-08_18-30-11.mp4,1038.0,2113.0,832,1777,1244,2449,0.85753
1256,/Volumes/SmithL0/2026/BIOL470/Final/Learning_Rig/bee_0408_3/fwd/cam1_2026-04-08_18-30-11.mp4,1038.5,2119.0,832,1777,1245,2461,0.85425
1257,/Volumes/SmithL0/2026/BIOL470/Final/Learning_Rig/bee_0408_3/fwd/cam1_2026-04-08_18-30-11.mp4,1038.0,2128.0,831,1777,1245,2479,0.8489419
1258,/Volumes/SmithL0/2026/BIOL470/Final/Learning_Rig/bee_0408_3/fwd/cam1_2026-04-08_18-30-11.mp4,1038.5,2125.5,832,1777,1245,2474,0.8524452
1259,/Volumes/SmithL0/2026/BIOL470/Final/Learning_Rig/bee_0408_3/fwd/cam1_2026-04-08_18-30-11.mp4,1037.5,2127.5,830,1777,1245,2478,0.8518164
1260,/Volumes/SmithL0/2026/BIOL470/Final/Learning_Rig/bee_0408_3/fwd/cam1_2026-04-08_18-30-11.mp4,1038.0,2120.5,831,1777,1245,2464,0.85526425
1261,/Volumes/SmithL0/2026/BIOL470/Final/Learning_Rig/bee_0408_3/fwd/cam1_2026-04-08_18-30-11.mp4,1037.5,2123.0,830,1777,1245,2469,0.8540355
1262,/Volumes/SmithL0/2026/BIOL470/Final/Learning_Rig/bee_0408_3/fwd/cam1_2026-04-08_18-30-11.mp4,1038.5,2121.0,831,1777,1246,2465,0.85596967
1263,/Volumes/SmithL0/2026/BIOL470/Final/Learning_Rig/bee_0408_3/fwd/cam1_2026-04-08_18-30-11.mp4,1038.0,2125.5,831,1777,1245,2474,0.8533422
1264,/Volumes/SmithL0/2026/BIOL470/Final/Learning_Rig/bee_0408_3/fwd/cam1_2026-04-08_18-30-11.mp4,1037.5,2117.0,830,1777,1245,2457,0.8583667
1265,/Volumes/SmithL0/2026/BIOL470/Final/Learning_Rig/bee_0408_3/fwd/cam1_2026-04-08_18-30-11.mp4,1037.0,2120.5,830,1777,1244,2464,0.8536346
1266,/Volumes/SmithL0/2026/BIOL470/Final/Learning_Rig/bee_0408_3/fwd/cam1_2026-04-08_18-30-11.mp4,1037.0,2117.0,830,1777,1244,2457,0.85561496
1267,/Volumes/SmithL0/2026/BIOL470/Final/Learning_Rig/bee_0408_3/fwd/cam1_2026-04-08_18-30-11.mp4,1037.0,2121.5,831,1777,1243,2466,0.85046405
1268,/Volumes/SmithL0/2026/BIOL470/Final/Learning_Rig/bee_0408_3/fwd/cam1_2026-04-08_18-30-11.mp4,1037.5,2125.0,830,1777,1245,2473,0.8521244
1269,/Volumes/SmithL0/2026/BIOL470/Final/Learning_Rig/bee_0408_3/fwd/cam1_2026-04-08_18-30-11.mp4,1037.5,2127.0,830,1777,1245,2477,0.85137326
1270,/Volumes/SmithL0/2026/BIOL470/Final/Learning_Rig/bee_0408_3/fwd/cam1_2026-04-08_18-30-11.mp4,1038.5,2127.0,832,1777,1245,2477,0.8508317
1271,/Volumes/SmithL0/2026/BIOL470/Final/Learning_Rig/bee_0408_3/fwd/cam1_2026-04-08_18-30-11.mp4,1038.5,2127.5,832,1777,1245,2478,0.84965557
1272,/Volumes/SmithL0/2026/BIOL470/Final/Learning_Rig/bee_0408_3/fwd/cam1_2026-04-08_18-30-11.mp4,1038.5,2124.5,832,1777,1245,2472,0.8544927
1273,/Volumes/SmithL0/2026/BIOL470/Final/Learning_Rig/bee_0408_3/fwd/cam1_2026-04-08_18-30-11.mp4,1038.5,2130.0,832,1777,1245,2483,0.8474849
1274,/Volumes/SmithL0/2026/BIOL470/Final/Learning_Rig/bee_0408_3/fwd/cam1_2026-04-08_18-30-11.mp4,1038.0,2133.0,830,1774,1246,2492,0.8492004
1275,/Volumes/SmithL0/2026/BIOL470/Final/Learning_Rig/bee_0408_3/fwd/cam1_2026-04-08_18-30-11.mp4,1038.0,2130.0,831,1777,1245,2483,0.84989285
1276,/Volumes/SmithL0/2026/BIOL470/Final/Learning_Rig/bee_0408_3/fwd/cam1_2026-04-08_18-30-11.mp4,1038.5,2129.0,831,1777,1246,2481,0.85227114
1277,/Volumes/SmithL0/2026/BIOL470/Final/Learning_Rig/bee_0408_3/fwd/cam1_2026-04-08_18-30-11.mp4,1037.5,2126.0,831,1777,1244,2475,0.8504083
1278,/Volumes/SmithL0/2026/BIOL470/Final/Learning_Rig/bee_0408_3/fwd/cam1_2026-04-08_18-30-11.mp4,1038.0,2131.5,830,1777,1246,2486,0.8498598
1279,/Volumes/SmithL0/2026/BIOL470/Final/Learning_Rig/bee_0408_3/fwd/cam1_2026-04-08_18-30-11.mp4,1038.0,2130.0,830,1777,1246,2483,0.85077995
1280,/Volumes/SmithL0/2026/BIOL470/Final/Learning_Rig/bee_0408_3/fwd/cam1_2026-04-08_18-30-11.mp4,1038.0,2130.5,830,1777,1246,2484,0.85039365
1281,/Volumes/SmithL0/2026/BIOL470/Final/Learning_Rig/bee_0408_3/fwd/cam1_2026-04-08_18-30-11.mp4,1037.5,2130.0,830,1777,1245,2483,0.85093266
1282,/Volumes/SmithL0/2026/BIOL470/Final/Learning_Rig/bee_0408_3/fwd/cam1_2026-04-08_18-30-11.mp4,1038.5,2132.0,831,1777,1246,2487,0.85099494
1283,/Volumes/SmithL0/2026/BIOL470/Final/Learning_Rig/bee_0408_3/fwd/cam1_2026-04-08_18-30-11.mp4,1039.0,2130.5,833,1777,1245,2484,0.850665
1284,/Volumes/SmithL0/2026/BIOL470/Final/Learning_Rig/bee_0408_3/fwd/cam1_2026-04-08_18-30-11.mp4,1039.5,2127.5,833,1777,1246,2478,0.8559699
1285,/Volumes/SmithL0/2026/BIOL470/Final/Learning_Rig/bee_0408_3/fwd/cam1_2026-04-08_18-30-11.mp4,1039.5,2125.0,833,1777,1246,2473,0.85509175
1286,/Volumes/SmithL0/2026/BIOL470/Final/Learning_Rig/bee_0408_3/fwd/cam1_2026-04-08_18-30-11.mp4,1039.5,2128.5,833,1777,1246,2480,0.85375726
1287,/Volumes/SmithL0/2026/BIOL470/Final/Learning_Rig/bee_0408_3/fwd/cam1_2026-04-08_18-30-11.mp4,1039.0,2131.5,832,1776,1246,2487,0.8496571
1288,/Volumes/SmithL0/2026/BIOL470/Final/Learning_Rig/bee_0408_3/fwd/cam1_2026-04-08_18-30-11.mp4,1038.5,2124.5,832,1777,1245,2472,0.8543505
1289,/Volumes/SmithL0/2026/BIOL470/Final/Learning_Rig/bee_0408_3/fwd/cam1_2026-04-08_18-30-11.mp4,1038.5,2123.0,832,1776,1245,2470,0.85481715
1290,/Volumes/SmithL0/2026/BIOL470/Final/Learning_Rig/bee_0408_3/fwd/cam1_2026-04-08_18-30-11.mp4,1038.0,2122.0,832,1776,1244,2468,0.85411435
1291,/Volumes/SmithL0/2026/BIOL470/Final/Learning_Rig/bee_0408_3/fwd/cam1_2026-04-08_18-30-11.mp4,1038.5,2117.0,833,1776,1244,2458,0.85450506
1292,/Volumes/SmithL0/2026/BIOL470/Final/Learning_Rig/bee_0408_3/fwd/cam1_2026-04-08_18-30-11.mp4,1038.0,2123.0,832,1776,1244,2470,0.854008
1293,/Volumes/SmithL0/2026/BIOL470/Final/Learning_Rig/bee_0408_3/fwd/cam1_2026-04-08_18-30-11.mp4,1038.5,2130.0,832,1776,1245,2484,0.8515923
1294,/Volumes/SmithL0/2026/BIOL470/Final/Learning_Rig/bee_0408_3/fwd/cam1_2026-04-08_18-30-11.mp4,1038.0,2130.5,830,1770,1246,2491,0.8522741
1295,/Volumes/SmithL0/2026/BIOL470/Final/Learning_Rig/bee_0408_3/fwd/cam1_2026-04-08_18-30-11.mp4,1039.0,2122.5,833,1776,1245,2469,0.8547102
1296,/Volumes/SmithL0/2026/BIOL470/Final/Learning_Rig/bee_0408_3/fwd/cam1_2026-04-08_18-30-11.mp4,1038.5,2127.0,833,1776,1244,2478,0.8515471
1297,/Volumes/SmithL0/2026/BIOL470/Final/Learning_Rig/bee_0408_3/fwd/cam1_2026-04-08_18-30-11.mp4,1038.5,2125.0,833,1776,1244,2474,0.8486189
1298,/Volumes/SmithL0/2026/BIOL470/Final/Learning_Rig/bee_0408_3/fwd/cam1_2026-04-08_18-30-11.mp4,1039.0,2127.5,833,1777,1245,2478,0.8513882
1299,/Volumes/SmithL0/2026/BIOL470/Final/Learning_Rig/bee_0408_3/fwd/cam1_2026-04-08_18-30-11.mp4,1039.0,2130.0,833,1776,1245,2484,0.8491632
1300,/Volumes/SmithL0/2026/BIOL470/Final/Learning_Rig/bee_0408_3/fwd/cam1_2026-04-08_18-30-11.mp4,1037.5,2131.0,830,1771,1245,2491,0.84924227
1301,/Volumes/SmithL0/2026/BIOL470/Final/Learning_Rig/bee_0408_3/fwd/cam1_2026-04-08_18-30-11.mp4,1038.0,2123.0,832,1776,1244,2470,0.853357
1302,/Volumes/SmithL0/2026/BIOL470/Final/Learning_Rig/bee_0408_3/fwd/cam1_2026-04-08_18-30-11.mp4,1038.5,2126.5,833,1777,1244,2476,0.85177946
1303,/Volumes/SmithL0/2026/BIOL470/Final/Learning_Rig/bee_0408_3/fwd/cam1_2026-04-08_18-30-11.mp4,1038.5,2128.5,833,1777,1244,2480,0.85123295
1304,/Volumes/SmithL0/2026/BIOL470/Final/Learning_Rig/bee_0408_3/fwd/cam1_2026-04-08_18-30-11.mp4,1039.0,2127.5,833,1777,1245,2478,0.852735
1305,/Volumes/SmithL0/2026/BIOL470/Final/Learning_Rig/bee_0408_3/fwd/cam1_2026-04-08_18-30-11.mp4,1038.5,2132.5,831,1772,1246,2493,0.8514633
1306,/Volumes/SmithL0/2026/BIOL470/Final/Learning_Rig/bee_0408_3/fwd/cam1_2026-04-08_18-30-11.mp4,1038.5,2132.0,830,1771,1247,2493,0.85131
1307,/Volumes/SmithL0/2026/BIOL470/Final/Learning_Rig/bee_0408_3/fwd/cam1_2026-04-08_18-30-11.mp4,1039.5,2129.5,832,1776,1247,2483,0.8540168
1308,/Volumes/SmithL0/2026/BIOL470/Final/Learning_Rig/bee_0408_3/fwd/cam1_2026-04-08_18-30-11.mp4,1039.0,2127.5,832,1776,1246,2479,0.8554738
1309,/Volumes/SmithL0/2026/BIOL470/Final/Learning_Rig/bee_0408_3/fwd/cam1_2026-04-08_18-30-11.mp4,1039.5,2128.0,833,1776,1246,2480,0.8547127
1310,/Volumes/SmithL0/2026/BIOL470/Final/Learning_Rig/bee_0408_3/fwd/cam1_2026-04-08_18-30-11.mp4,1038.0,2129.5,831,1777,1245,2482,0.8513946
1311,/Volumes/SmithL0/2026/BIOL470/Final/Learning_Rig/bee_0408_3/fwd/cam1_2026-04-08_18-30-11.mp4,1038.0,2126.0,831,1776,1245,2476,0.85357445
1312,/Volumes/SmithL0/2026/BIOL470/Final/Learning_Rig/bee_0408_3/fwd/cam1_2026-04-08_18-30-11.mp4,1038.0,2123.0,832,1776,1244,2470,0.85487986
1313,/Volumes/SmithL0/2026/BIOL470/Final/Learning_Rig/bee_0408_3/fwd/cam1_2026-04-08_18-30-11.mp4,1038.0,2123.0,832,1777,1244,2469,0.85455304
1314,/Volumes/SmithL0/2026/BIOL470/Final/Learning_Rig/bee_0408_3/fwd/cam1_2026-04-08_18-30-11.mp4,1038.0,2126.0,831,1777,1245,2475,0.85340154
1315,/Volumes/SmithL0/2026/BIOL470/Final/Learning_Rig/bee_0408_3/fwd/cam1_2026-04-08_18-30-11.mp4,1038.0,2125.5,832,1777,1244,2474,0.8511599
1316,/Volumes/SmithL0/2026/BIOL470/Final/Learning_Rig/bee_0408_3/fwd/cam1_2026-04-08_18-30-11.mp4,1038.0,2125.0,831,1776,1245,2474,0.8527491
1317,/Volumes/SmithL0/2026/BIOL470/Final/Learning_Rig/bee_0408_3/fwd/cam1_2026-04-08_18-30-11.mp4,1037.5,2125.5,831,1776,1244,2475,0.852484
1318,/Volumes/SmithL0/2026/BIOL470/Final/Learning_Rig/bee_0408_3/fwd/cam1_2026-04-08_18-30-11.mp4,1038.5,2129.0,832,1776,1245,2482,0.85217494
1319,/Volumes/SmithL0/2026/BIOL470/Final/Learning_Rig/bee_0408_3/fwd/cam1_2026-04-08_18-30-11.mp4,1038.0,2122.0,831,1776,1245,2468,0.8559116
1320,/Volumes/SmithL0/2026/BIOL470/Final/Learning_Rig/bee_0408_3/fwd/cam1_2026-04-08_18-30-11.mp4,1037.5,2122.5,831,1777,1244,2468,0.8554291
1321,/Volumes/SmithL0/2026/BIOL470/Final/Learning_Rig/bee_0408_3/fwd/cam1_2026-04-08_18-30-11.mp4,1038.0,2128.5,831,1776,1245,2481,0.85347253
1322,/Volumes/SmithL0/2026/BIOL470/Final/Learning_Rig/bee_0408_3/fwd/cam1_2026-04-08_18-30-11.mp4,1038.0,2128.5,832,1776,1244,2481,0.851497
1323,/Volumes/SmithL0/2026/BIOL470/Final/Learning_Rig/bee_0408_3/fwd/cam1_2026-04-08_18-30-11.mp4,1038.5,2130.0,833,1776,1244,2484,0.85030895
1324,/Volumes/SmithL0/2026/BIOL470/Final/Learning_Rig/bee_0408_3/fwd/cam1_2026-04-08_18-30-11.mp4,1039.0,2128.5,833,1775,1245,2482,0.851653
1325,/Volumes/SmithL0/2026/BIOL470/Final/Learning_Rig/bee_0408_3/fwd/cam1_2026-04-08_18-30-11.mp4,1037.5,2127.5,831,1776,1244,2479,0.8512072
1326,/Volumes/SmithL0/2026/BIOL470/Final/Learning_Rig/bee_0408_3/fwd/cam1_2026-04-08_18-30-11.mp4,1037.5,2130.0,831,1776,1244,2484,0.8516459
1327,/Volumes/SmithL0/2026/BIOL470/Final/Learning_Rig/bee_0408_3/fwd/cam1_2026-04-08_18-30-11.mp4,1037.5,2130.0,831,1776,1244,2484,0.8501757
