,filepath,x_centroid,y_centroid,x_min,y_min,x_max,y_max,detection_confidence
0,/Volumes/SmithL0/2026/BIOL470/Final/Learning_Rig/bee_0408_2/bee_0408_2_fwd_blue_accident/cam1_2026-04-08_17-52-18.mp4,1939.0,350.0,1725,128,2153,572,0.8381227
1,/Volumes/SmithL0/2026/BIOL470/Final/Learning_Rig/bee_0408_2/bee_0408_2_fwd_blue_accident/cam1_2026-04-08_17-52-18.mp4,1938.5,350.0,1723,131,2154,569,0.8371069
2,/Volumes/SmithL0/2026/BIOL470/Final/Learning_Rig/bee_0408_2/bee_0408_2_fwd_blue_accident/cam1_2026-04-08_17-52-18.mp4,1939.0,349.5,1723,129,2155,570,0.8338743
3,/Volumes/SmithL0/2026/BIOL470/Final/Learning_Rig/bee_0408_2/bee_0408_2_fwd_blue_accident/cam1_2026-04-08_17-52-18.mp4,1938.0,350.5,1722,131,2154,570,0.8365644
4,/Volumes/SmithL0/2026/BIOL470/Final/Learning_Rig/bee_0408_2/bee_0408_2_fwd_blue_accident/cam1_2026-04-08_17-52-18.mp4,1937.0,350.5,1721,132,2153,569,0.83668965
5,/Volumes/SmithL0/2026/BIOL470/Final/Learning_Rig/bee_0408_2/bee_0408_2_fwd_blue_accident/cam1_2026-04-08_17-52-18.mp4,1938.5,349.5,1723,130,2154,569,0.8350627
6,/Volumes/SmithL0/2026/BIOL470/Final/Learning_Rig/bee_0408_2/bee_0408_2_fwd_blue_accident/cam1_2026-04-08_17-52-18.mp4,1938.5,349.5,1723,130,2154,569,0.8343609
7,/Volumes/SmithL0/2026/BIOL470/Final/Learning_Rig/bee_0408_2/bee_0408_2_fwd_blue_accident/cam1_2026-04-08_17-52-18.mp4,1938.5,349.5,1723,130,2154,569,0.83540183
8,/Volumes/SmithL0/2026/BIOL470/Final/Learning_Rig/bee_0408_2/bee_0408_2_fwd_blue_accident/cam1_2026-04-08_17-52-18.mp4,1938.0,350.0,1724,130,2152,570,0.8368137
9,/Volumes/SmithL0/2026/BIOL470/Final/Learning_Rig/bee_0408_2/bee_0408_2_fwd_blue_accident/cam1_2026-04-08_17-52-18.mp4,1938.5,349.5,1725,129,2152,570,0.8356355
10,/Volumes/SmithL0/2026/BIOL470/Final/Learning_Rig/bee_0408_2/bee_0408_2_fwd_blue_accident/cam1_2026-04-08_17-52-18.mp4,1938.0,349.0,1722,129,2154,569,0.83277065
11,/Volumes/SmithL0/2026/BIOL470/Final/Learning_Rig/bee_0408_2/bee_0408_2_fwd_blue_accident/cam1_2026-04-08_17-52-18.mp4,1938.0,349.5,1722,130,2154,569,0.83431095
12,/Volumes/SmithL0/2026/BIOL470/Final/Learning_Rig/bee_0408_2/bee_0408_2_fwd_blue_accident/cam1_2026-04-08_17-52-18.mp4,1938.5,349.0,1723,130,2154,568,0.83505243
13,/Volumes/SmithL0/2026/BIOL470/Final/Learning_Rig/bee_0408_2/bee_0408_2_fwd_blue_accident/cam1_2026-04-08_17-52-18.mp4,1937.5,349.0,1720,130,2155,568,0.83413863
14,/Volumes/SmithL0/2026/BIOL470/Final/Learning_Rig/bee_0408_2/bee_0408_2_fwd_blue_accident/cam1_2026-04-08_17-52-18.mp4,1937.0,348.5,1718,129,2156,568,0.8329695
15,/Volumes/SmithL0/2026/BIOL470/Final/Learning_Rig/bee_0408_2/bee_0408_2_fwd_blue_accident/cam1_2026-04-08_17-52-18.mp4,1937.0,349.0,1719,130,2155,568,0.83502704
16,/Volumes/SmithL0/2026/BIOL470/Final/Learning_Rig/bee_0408_2/bee_0408_2_fwd_blue_accident/cam1_2026-04-08_17-52-18.mp4,1938.0,349.0,1721,130,2155,568,0.8360205
17,/Volumes/SmithL0/2026/BIOL470/Final/Learning_Rig/bee_0408_2/bee_0408_2_fwd_blue_accident/cam1_2026-04-08_17-52-18.mp4,1938.5,349.5,1722,130,2155,569,0.8372185
18,/Volumes/SmithL0/2026/BIOL470/Final/Learning_Rig/bee_0408_2/bee_0408_2_fwd_blue_accident/cam1_2026-04-08_17-52-18.mp4,1939.5,349.0,1724,129,2155,569,0.8366984
19,/Volumes/SmithL0/2026/BIOL470/Final/Learning_Rig/bee_0408_2/bee_0408_2_fwd_blue_accident/cam1_2026-04-08_17-52-18.mp4,1938.5,349.0,1722,129,2155,569,0.8350256
20,/Volumes/SmithL0/2026/BIOL470/Final/Learning_Rig/bee_0408_2/bee_0408_2_fwd_blue_accident/cam1_2026-04-08_17-52-18.mp4,1939.5,349.0,1723,129,2156,569,0.8342485
21,/Volumes/SmithL0/2026/BIOL470/Final/Learning_Rig/bee_0408_2/bee_0408_2_fwd_blue_accident/cam1_2026-04-08_17-52-18.mp4,1939.5,347.5,1723,128,2156,567,0.83157
22,/Volumes/SmithL0/2026/BIOL470/Final/Learning_Rig/bee_0408_2/bee_0408_2_fwd_blue_accident/cam1_2026-04-08_17-52-18.mp4,1938.0,348.0,1721,128,2155,568,0.83249116
23,/Volumes/SmithL0/2026/BIOL470/Final/Learning_Rig/bee_0408_2/bee_0408_2_fwd_blue_accident/cam1_2026-04-08_17-52-18.mp4,1939.5,348.0,1723,128,2156,568,0.8335178
24,/Volumes/SmithL0/2026/BIOL470/Final/Learning_Rig/bee_0408_2/bee_0408_2_fwd_blue_accident/cam1_2026-04-08_17-52-18.mp4,1939.5,347.0,1724,126,2155,568,0.83272636
25,/Volumes/SmithL0/2026/BIOL470/Final/Learning_Rig/bee_0408_2/bee_0408_2_fwd_blue_accident/cam1_2026-04-08_17-52-18.mp4,1939.0,347.0,1724,126,2154,568,0.83253473
26,/Volumes/SmithL0/2026/BIOL470/Final/Learning_Rig/bee_0408_2/bee_0408_2_fwd_blue_accident/cam1_2026-04-08_17-52-18.mp4,1939.5,346.5,1726,125,2153,568,0.83161175
27,/Volumes/SmithL0/2026/BIOL470/Final/Learning_Rig/bee_0408_2/bee_0408_2_fwd_blue_accident/cam1_2026-04-08_17-52-18.mp4,1941.0,347.0,1728,127,2154,567,0.8326169
28,/Volumes/SmithL0/2026/BIOL470/Final/Learning_Rig/bee_0408_2/bee_0408_2_fwd_blue_accident/cam1_2026-04-08_17-52-18.mp4,1940.5,346.5,1727,125,2154,568,0.8321671
29,/Volumes/SmithL0/2026/BIOL470/Final/Learning_Rig/bee_0408_2/bee_0408_2_fwd_blue_accident/cam1_2026-04-08_17-52-18.mp4,1940.5,347.0,1727,127,2154,567,0.83228815
30,/Volumes/SmithL0/2026/BIOL470/Final/Learning_Rig/bee_0408_2/bee_0408_2_fwd_blue_accident/cam1_2026-04-08_17-52-18.mp4,1941.0,346.5,1726,126,2156,567,0.8301393
31,/Volumes/SmithL0/2026/BIOL470/Final/Learning_Rig/bee_0408_2/bee_0408_2_fwd_blue_accident/cam1_2026-04-08_17-52-18.mp4,1940.5,346.5,1726,125,2155,568,0.8310127
32,/Volumes/SmithL0/2026/BIOL470/Final/Learning_Rig/bee_0408_2/bee_0408_2_fwd_blue_accident/cam1_2026-04-08_17-52-18.mp4,1940.5,347.0,1726,127,2155,567,0.83308786
33,/Volumes/SmithL0/2026/BIOL470/Final/Learning_Rig/bee_0408_2/bee_0408_2_fwd_blue_accident/cam1_2026-04-08_17-52-18.mp4,1939.5,348.5,1724,129,2155,568,0.83348584
34,/Volumes/SmithL0/2026/BIOL470/Final/Learning_Rig/bee_0408_2/bee_0408_2_fwd_blue_accident/cam1_2026-04-08_17-52-18.mp4,1939.5,348.5,1725,129,2154,568,0.8348528
35,/Volumes/SmithL0/2026/BIOL470/Final/Learning_Rig/bee_0408_2/bee_0408_2_fwd_blue_accident/cam1_2026-04-08_17-52-18.mp4,1939.5,347.5,1725,127,2154,568,0.83257174
36,/Volumes/SmithL0/2026/BIOL470/Final/Learning_Rig/bee_0408_2/bee_0408_2_fwd_blue_accident/cam1_2026-04-08_17-52-18.mp4,1940.0,346.5,1726,125,2154,568,0.8301128
37,/Volumes/SmithL0/2026/BIOL470/Final/Learning_Rig/bee_0408_2/bee_0408_2_fwd_blue_accident/cam1_2026-04-08_17-52-18.mp4,1940.5,346.5,1727,125,2154,568,0.8305705
38,/Volumes/SmithL0/2026/BIOL470/Final/Learning_Rig/bee_0408_2/bee_0408_2_fwd_blue_accident/cam1_2026-04-08_17-52-18.mp4,1939.5,347.5,1725,127,2154,568,0.831568
39,/Volumes/SmithL0/2026/BIOL470/Final/Learning_Rig/bee_0408_2/bee_0408_2_fwd_blue_accident/cam1_2026-04-08_17-52-18.mp4,1939.5,345.0,1726,123,2153,567,0.8292161
40,/Volumes/SmithL0/2026/BIOL470/Final/Learning_Rig/bee_0408_2/bee_0408_2_fwd_blue_accident/cam1_2026-04-08_17-52-18.mp4,1940.0,345.5,1726,124,2154,567,0.82991225
41,/Volumes/SmithL0/2026/BIOL470/Final/Learning_Rig/bee_0408_2/bee_0408_2_fwd_blue_accident/cam1_2026-04-08_17-52-18.mp4,1939.0,346.5,1724,125,2154,568,0.8302061
42,/Volumes/SmithL0/2026/BIOL470/Final/Learning_Rig/bee_0408_2/bee_0408_2_fwd_blue_accident/cam1_2026-04-08_17-52-18.mp4,1939.0,346.5,1724,126,2154,567,0.83088964
43,/Volumes/SmithL0/2026/BIOL470/Final/Learning_Rig/bee_0408_2/bee_0408_2_fwd_blue_accident/cam1_2026-04-08_17-52-18.mp4,1939.5,347.5,1725,128,2154,567,0.8312656
44,/Volumes/SmithL0/2026/BIOL470/Final/Learning_Rig/bee_0408_2/bee_0408_2_fwd_blue_accident/cam1_2026-04-08_17-52-18.mp4,1939.0,348.5,1725,129,2153,568,0.83365935
45,/Volumes/SmithL0/2026/BIOL470/Final/Learning_Rig/bee_0408_2/bee_0408_2_fwd_blue_accident/cam1_2026-04-08_17-52-18.mp4,1938.0,347.0,1723,127,2153,567,0.8300076
46,/Volumes/SmithL0/2026/BIOL470/Final/Learning_Rig/bee_0408_2/bee_0408_2_fwd_blue_accident/cam1_2026-04-08_17-52-18.mp4,1939.0,346.0,1725,125,2153,567,0.8293788
47,/Volumes/SmithL0/2026/BIOL470/Final/Learning_Rig/bee_0408_2/bee_0408_2_fwd_blue_accident/cam1_2026-04-08_17-52-18.mp4,1937.0,347.0,1722,126,2152,568,0.8301095
48,/Volumes/SmithL0/2026/BIOL470/Final/Learning_Rig/bee_0408_2/bee_0408_2_fwd_blue_accident/cam1_2026-04-08_17-52-18.mp4,1938.5,345.0,1724,125,2153,565,0.8275372
49,/Volumes/SmithL0/2026/BIOL470/Final/Learning_Rig/bee_0408_2/bee_0408_2_fwd_blue_accident/cam1_2026-04-08_17-52-18.mp4,1939.0,346.0,1725,126,2153,566,0.8302403
50,/Volumes/SmithL0/2026/BIOL470/Final/Learning_Rig/bee_0408_2/bee_0408_2_fwd_blue_accident/cam1_2026-04-08_17-52-18.mp4,1938.0,345.5,1724,125,2152,566,0.8283253
51,/Volumes/SmithL0/2026/BIOL470/Final/Learning_Rig/bee_0408_2/bee_0408_2_fwd_blue_accident/cam1_2026-04-08_17-52-18.mp4,1938.0,346.5,1723,127,2153,566,0.83015794
52,/Volumes/SmithL0/2026/BIOL470/Final/Learning_Rig/bee_0408_2/bee_0408_2_fwd_blue_accident/cam1_2026-04-08_17-52-18.mp4,1938.0,346.5,1724,127,2152,566,0.8292627
53,/Volumes/SmithL0/2026/BIOL470/Final/Learning_Rig/bee_0408_2/bee_0408_2_fwd_blue_accident/cam1_2026-04-08_17-52-18.mp4,1938.0,345.5,1723,124,2153,567,0.82764745
54,/Volumes/SmithL0/2026/BIOL470/Final/Learning_Rig/bee_0408_2/bee_0408_2_fwd_blue_accident/cam1_2026-04-08_17-52-18.mp4,1939.0,345.5,1725,125,2153,566,0.82809997
55,/Volumes/SmithL0/2026/BIOL470/Final/Learning_Rig/bee_0408_2/bee_0408_2_fwd_blue_accident/cam1_2026-04-08_17-52-18.mp4,1939.0,346.5,1724,127,2154,566,0.8308356
56,/Volumes/SmithL0/2026/BIOL470/Final/Learning_Rig/bee_0408_2/bee_0408_2_fwd_blue_accident/cam1_2026-04-08_17-52-18.mp4,1938.5,346.5,1724,126,2153,567,0.82933015
57,/Volumes/SmithL0/2026/BIOL470/Final/Learning_Rig/bee_0408_2/bee_0408_2_fwd_blue_accident/cam1_2026-04-08_17-52-18.mp4,1940.0,346.5,1726,127,2154,566,0.83026344
58,/Volumes/SmithL0/2026/BIOL470/Final/Learning_Rig/bee_0408_2/bee_0408_2_fwd_blue_accident/cam1_2026-04-08_17-52-18.mp4,1939.5,346.0,1725,127,2154,565,0.8285746
59,/Volumes/SmithL0/2026/BIOL470/Final/Learning_Rig/bee_0408_2/bee_0408_2_fwd_blue_accident/cam1_2026-04-08_17-52-18.mp4,1939.0,346.0,1726,126,2152,566,0.82994413
60,/Volumes/SmithL0/2026/BIOL470/Final/Learning_Rig/bee_0408_2/bee_0408_2_fwd_blue_accident/cam1_2026-04-08_17-52-18.mp4,1939.0,346.5,1725,126,2153,567,0.82942647
61,/Volumes/SmithL0/2026/BIOL470/Final/Learning_Rig/bee_0408_2/bee_0408_2_fwd_blue_accident/cam1_2026-04-08_17-52-18.mp4,1938.0,347.0,1724,127,2152,567,0.831196
62,/Volumes/SmithL0/2026/BIOL470/Final/Learning_Rig/bee_0408_2/bee_0408_2_fwd_blue_accident/cam1_2026-04-08_17-52-18.mp4,1938.5,347.0,1725,127,2152,567,0.8307071
63,/Volumes/SmithL0/2026/BIOL470/Final/Learning_Rig/bee_0408_2/bee_0408_2_fwd_blue_accident/cam1_2026-04-08_17-52-18.mp4,1938.0,346.5,1724,126,2152,567,0.8291641
64,/Volumes/SmithL0/2026/BIOL470/Final/Learning_Rig/bee_0408_2/bee_0408_2_fwd_blue_accident/cam1_2026-04-08_17-52-18.mp4,1939.0,345.5,1725,124,2153,567,0.8296002
65,/Volumes/SmithL0/2026/BIOL470/Final/Learning_Rig/bee_0408_2/bee_0408_2_fwd_blue_accident/cam1_2026-04-08_17-52-18.mp4,1938.5,347.5,1726,126,2151,569,0.8305392
66,/Volumes/SmithL0/2026/BIOL470/Final/Learning_Rig/bee_0408_2/bee_0408_2_fwd_blue_accident/cam1_2026-04-08_17-52-18.mp4,1939.5,344.5,1726,122,2153,567,0.82810926
67,/Volumes/SmithL0/2026/BIOL470/Final/Learning_Rig/bee_0408_2/bee_0408_2_fwd_blue_accident/cam1_2026-04-08_17-52-18.mp4,1939.0,345.5,1726,123,2152,568,0.828463
68,/Volumes/SmithL0/2026/BIOL470/Final/Learning_Rig/bee_0408_2/bee_0408_2_fwd_blue_accident/cam1_2026-04-08_17-52-18.mp4,1938.5,346.0,1726,124,2151,568,0.82914233
69,/Volumes/SmithL0/2026/BIOL470/Final/Learning_Rig/bee_0408_2/bee_0408_2_fwd_blue_accident/cam1_2026-04-08_17-52-18.mp4,1940.0,345.0,1727,124,2153,566,0.82899886
70,/Volumes/SmithL0/2026/BIOL470/Final/Learning_Rig/bee_0408_2/bee_0408_2_fwd_blue_accident/cam1_2026-04-08_17-52-18.mp4,1940.0,345.0,1727,124,2153,566,0.8288686
71,/Volumes/SmithL0/2026/BIOL470/Final/Learning_Rig/bee_0408_2/bee_0408_2_fwd_blue_accident/cam1_2026-04-08_17-52-18.mp4,1939.5,345.5,1726,126,2153,565,0.82803077
72,/Volumes/SmithL0/2026/BIOL470/Final/Learning_Rig/bee_0408_2/bee_0408_2_fwd_blue_accident/cam1_2026-04-08_17-52-18.mp4,1940.0,345.5,1727,125,2153,566,0.828952
73,/Volumes/SmithL0/2026/BIOL470/Final/Learning_Rig/bee_0408_2/bee_0408_2_fwd_blue_accident/cam1_2026-04-08_17-52-18.mp4,1939.5,345.0,1727,123,2152,567,0.82677966
74,/Volumes/SmithL0/2026/BIOL470/Final/Learning_Rig/bee_0408_2/bee_0408_2_fwd_blue_accident/cam1_2026-04-08_17-52-18.mp4,1939.0,346.5,1726,126,2152,567,0.8304517
75,/Volumes/SmithL0/2026/BIOL470/Final/Learning_Rig/bee_0408_2/bee_0408_2_fwd_blue_accident/cam1_2026-04-08_17-52-18.mp4,1938.0,346.0,1724,125,2152,567,0.829323
76,/Volumes/SmithL0/2026/BIOL470/Final/Learning_Rig/bee_0408_2/bee_0408_2_fwd_blue_accident/cam1_2026-04-08_17-52-18.mp4,1939.0,346.0,1726,126,2152,566,0.8303387
77,/Volumes/SmithL0/2026/BIOL470/Final/Learning_Rig/bee_0408_2/bee_0408_2_fwd_blue_accident/cam1_2026-04-08_17-52-18.mp4,1939.0,346.0,1725,127,2153,565,0.82972836
78,/Volumes/SmithL0/2026/BIOL470/Final/Learning_Rig/bee_0408_2/bee_0408_2_fwd_blue_accident/cam1_2026-04-08_17-52-18.mp4,1939.0,346.5,1725,127,2153,566,0.83075184
79,/Volumes/SmithL0/2026/BIOL470/Final/Learning_Rig/bee_0408_2/bee_0408_2_fwd_blue_accident/cam1_2026-04-08_17-52-18.mp4,1939.0,346.0,1725,127,2153,565,0.8295127
80,/Volumes/SmithL0/2026/BIOL470/Final/Learning_Rig/bee_0408_2/bee_0408_2_fwd_blue_accident/cam1_2026-04-08_17-52-18.mp4,1940.0,347.0,1727,128,2153,566,0.83162796
81,/Volumes/SmithL0/2026/BIOL470/Final/Learning_Rig/bee_0408_2/bee_0408_2_fwd_blue_accident/cam1_2026-04-08_17-52-18.mp4,1938.5,347.5,1724,128,2153,567,0.83004
82,/Volumes/SmithL0/2026/BIOL470/Final/Learning_Rig/bee_0408_2/bee_0408_2_fwd_blue_accident/cam1_2026-04-08_17-52-18.mp4,1939.0,347.5,1726,128,2152,567,0.8316002
83,/Volumes/SmithL0/2026/BIOL470/Final/Learning_Rig/bee_0408_2/bee_0408_2_fwd_blue_accident/cam1_2026-04-08_17-52-18.mp4,1938.5,347.0,1726,126,2151,568,0.8300409
84,/Volumes/SmithL0/2026/BIOL470/Final/Learning_Rig/bee_0408_2/bee_0408_2_fwd_blue_accident/cam1_2026-04-08_17-52-18.mp4,1939.0,346.0,1725,125,2153,567,0.8272495
85,/Volumes/SmithL0/2026/BIOL470/Final/Learning_Rig/bee_0408_2/bee_0408_2_fwd_blue_accident/cam1_2026-04-08_17-52-18.mp4,1940.0,345.5,1727,124,2153,567,0.82801723
86,/Volumes/SmithL0/2026/BIOL470/Final/Learning_Rig/bee_0408_2/bee_0408_2_fwd_blue_accident/cam1_2026-04-08_17-52-18.mp4,1939.5,345.5,1727,124,2152,567,0.8291571
87,/Volumes/SmithL0/2026/BIOL470/Final/Learning_Rig/bee_0408_2/bee_0408_2_fwd_blue_accident/cam1_2026-04-08_17-52-18.mp4,1939.0,346.5,1726,127,2152,566,0.82938516
88,/Volumes/SmithL0/2026/BIOL470/Final/Learning_Rig/bee_0408_2/bee_0408_2_fwd_blue_accident/cam1_2026-04-08_17-52-18.mp4,1938.0,347.5,1725,127,2151,568,0.83028066
89,/Volumes/SmithL0/2026/BIOL470/Final/Learning_Rig/bee_0408_2/bee_0408_2_fwd_blue_accident/cam1_2026-04-08_17-52-18.mp4,1939.0,347.0,1726,127,2152,567,0.82908547
90,/Volumes/SmithL0/2026/BIOL470/Final/Learning_Rig/bee_0408_2/bee_0408_2_fwd_blue_accident/cam1_2026-04-08_17-52-18.mp4,1938.0,346.5,1725,125,2151,568,0.82852274
91,/Volumes/SmithL0/2026/BIOL470/Final/Learning_Rig/bee_0408_2/bee_0408_2_fwd_blue_accident/cam1_2026-04-08_17-52-18.mp4,1938.0,347.0,1725,125,2151,569,0.82894653
92,/Volumes/SmithL0/2026/BIOL470/Final/Learning_Rig/bee_0408_2/bee_0408_2_fwd_blue_accident/cam1_2026-04-08_17-52-18.mp4,1937.5,345.5,1724,123,2151,568,0.82790416
93,/Volumes/SmithL0/2026/BIOL470/Final/Learning_Rig/bee_0408_2/bee_0408_2_fwd_blue_accident/cam1_2026-04-08_17-52-18.mp4,1939.0,344.5,1726,121,2152,568,0.82617503
94,/Volumes/SmithL0/2026/BIOL470/Final/Learning_Rig/bee_0408_2/bee_0408_2_fwd_blue_accident/cam1_2026-04-08_17-52-18.mp4,1937.5,345.0,1724,123,2151,567,0.82593966
95,/Volumes/SmithL0/2026/BIOL470/Final/Learning_Rig/bee_0408_2/bee_0408_2_fwd_blue_accident/cam1_2026-04-08_17-52-18.mp4,1938.5,346.5,1725,126,2152,567,0.8283374
96,/Volumes/SmithL0/2026/BIOL470/Final/Learning_Rig/bee_0408_2/bee_0408_2_fwd_blue_accident/cam1_2026-04-08_17-52-18.mp4,1938.5,345.5,1724,124,2153,567,0.8261786
97,/Volumes/SmithL0/2026/BIOL470/Final/Learning_Rig/bee_0408_2/bee_0408_2_fwd_blue_accident/cam1_2026-04-08_17-52-18.mp4,1938.0,345.5,1725,124,2151,567,0.8286352
98,/Volumes/SmithL0/2026/BIOL470/Final/Learning_Rig/bee_0408_2/bee_0408_2_fwd_blue_accident/cam1_2026-04-08_17-52-18.mp4,1937.0,346.0,1723,125,2151,567,0.82723564
99,/Volumes/SmithL0/2026/BIOL470/Final/Learning_Rig/bee_0408_2/bee_0408_2_fwd_blue_accident/cam1_2026-04-08_17-52-18.mp4,1938.0,347.5,1724,128,2152,567,0.8305635
100,/Volumes/SmithL0/2026/BIOL470/Final/Learning_Rig/bee_0408_2/bee_0408_2_fwd_blue_accident/cam1_2026-04-08_17-52-18.mp4,1939.0,347.5,1726,129,2152,566,0.8306835
101,/Volumes/SmithL0/2026/BIOL470/Final/Learning_Rig/bee_0408_2/bee_0408_2_fwd_blue_accident/cam1_2026-04-08_17-52-18.mp4,1939.5,347.0,1726,127,2153,567,0.8306045
102,/Volumes/SmithL0/2026/BIOL470/Final/Learning_Rig/bee_0408_2/bee_0408_2_fwd_blue_accident/cam1_2026-04-08_17-52-18.mp4,1939.5,347.0,1726,127,2153,567,0.8312583
103,/Volumes/SmithL0/2026/BIOL470/Final/Learning_Rig/bee_0408_2/bee_0408_2_fwd_blue_accident/cam1_2026-04-08_17-52-18.mp4,1938.0,347.5,1724,127,2152,568,0.83085304
104,/Volumes/SmithL0/2026/BIOL470/Final/Learning_Rig/bee_0408_2/bee_0408_2_fwd_blue_accident/cam1_2026-04-08_17-52-18.mp4,1940.0,346.0,1727,125,2153,567,0.8282034
105,/Volumes/SmithL0/2026/BIOL470/Final/Learning_Rig/bee_0408_2/bee_0408_2_fwd_blue_accident/cam1_2026-04-08_17-52-18.mp4,1940.0,346.0,1727,126,2153,566,0.82839346
106,/Volumes/SmithL0/2026/BIOL470/Final/Learning_Rig/bee_0408_2/bee_0408_2_fwd_blue_accident/cam1_2026-04-08_17-52-18.mp4,1939.5,346.5,1727,127,2152,566,0.83029073
107,/Volumes/SmithL0/2026/BIOL470/Final/Learning_Rig/bee_0408_2/bee_0408_2_fwd_blue_accident/cam1_2026-04-08_17-52-18.mp4,1938.5,346.0,1727,125,2150,567,0.8305989
108,/Volumes/SmithL0/2026/BIOL470/Final/Learning_Rig/bee_0408_2/bee_0408_2_fwd_blue_accident/cam1_2026-04-08_17-52-18.mp4,1939.5,345.5,1728,124,2151,567,0.82926613
109,/Volumes/SmithL0/2026/BIOL470/Final/Learning_Rig/bee_0408_2/bee_0408_2_fwd_blue_accident/cam1_2026-04-08_17-52-18.mp4,1939.5,346.0,1727,125,2152,567,0.8293167
110,/Volumes/SmithL0/2026/BIOL470/Final/Learning_Rig/bee_0408_2/bee_0408_2_fwd_blue_accident/cam1_2026-04-08_17-52-18.mp4,1940.0,346.0,1727,125,2153,567,0.8289441
111,/Volumes/SmithL0/2026/BIOL470/Final/Learning_Rig/bee_0408_2/bee_0408_2_fwd_blue_accident/cam1_2026-04-08_17-52-18.mp4,1940.0,346.5,1728,126,2152,567,0.83048743
112,/Volumes/SmithL0/2026/BIOL470/Final/Learning_Rig/bee_0408_2/bee_0408_2_fwd_blue_accident/cam1_2026-04-08_17-52-18.mp4,1939.5,346.5,1727,125,2152,568,0.83001715
113,/Volumes/SmithL0/2026/BIOL470/Final/Learning_Rig/bee_0408_2/bee_0408_2_fwd_blue_accident/cam1_2026-04-08_17-52-18.mp4,1939.0,346.5,1727,125,2151,568,0.82999104
114,/Volumes/SmithL0/2026/BIOL470/Final/Learning_Rig/bee_0408_2/bee_0408_2_fwd_blue_accident/cam1_2026-04-08_17-52-18.mp4,1938.5,346.0,1726,125,2151,567,0.8297949
115,/Volumes/SmithL0/2026/BIOL470/Final/Learning_Rig/bee_0408_2/bee_0408_2_fwd_blue_accident/cam1_2026-04-08_17-52-18.mp4,1939.0,346.0,1727,124,2151,568,0.83012325
116,/Volumes/SmithL0/2026/BIOL470/Final/Learning_Rig/bee_0408_2/bee_0408_2_fwd_blue_accident/cam1_2026-04-08_17-52-18.mp4,1938.5,345.0,1725,123,2152,567,0.828545
117,/Volumes/SmithL0/2026/BIOL470/Final/Learning_Rig/bee_0408_2/bee_0408_2_fwd_blue_accident/cam1_2026-04-08_17-52-18.mp4,1939.5,344.0,1726,122,2153,566,0.8270627
118,/Volumes/SmithL0/2026/BIOL470/Final/Learning_Rig/bee_0408_2/bee_0408_2_fwd_blue_accident/cam1_2026-04-08_17-52-18.mp4,1939.0,345.0,1726,123,2152,567,0.8292871
119,/Volumes/SmithL0/2026/BIOL470/Final/Learning_Rig/bee_0408_2/bee_0408_2_fwd_blue_accident/cam1_2026-04-08_17-52-18.mp4,1939.0,345.5,1727,124,2151,567,0.82934636
120,/Volumes/SmithL0/2026/BIOL470/Final/Learning_Rig/bee_0408_2/bee_0408_2_fwd_blue_accident/cam1_2026-04-08_17-52-18.mp4,1939.0,345.0,1727,122,2151,568,0.8292908
121,/Volumes/SmithL0/2026/BIOL470/Final/Learning_Rig/bee_0408_2/bee_0408_2_fwd_blue_accident/cam1_2026-04-08_17-52-18.mp4,1940.0,344.5,1727,121,2153,568,0.82807887
122,/Volumes/SmithL0/2026/BIOL470/Final/Learning_Rig/bee_0408_2/bee_0408_2_fwd_blue_accident/cam1_2026-04-08_17-52-18.mp4,1940.0,345.0,1727,124,2153,566,0.82690835
123,/Volumes/SmithL0/2026/BIOL470/Final/Learning_Rig/bee_0408_2/bee_0408_2_fwd_blue_accident/cam1_2026-04-08_17-52-18.mp4,1940.5,343.5,1728,121,2153,566,0.8272837
124,/Volumes/SmithL0/2026/BIOL470/Final/Learning_Rig/bee_0408_2/bee_0408_2_fwd_blue_accident/cam1_2026-04-08_17-52-18.mp4,1941.0,343.0,1728,120,2154,566,0.82742494
125,/Volumes/SmithL0/2026/BIOL470/Final/Learning_Rig/bee_0408_2/bee_0408_2_fwd_blue_accident/cam1_2026-04-08_17-52-18.mp4,1941.0,343.0,1729,121,2153,565,0.82730514
126,/Volumes/SmithL0/2026/BIOL470/Final/Learning_Rig/bee_0408_2/bee_0408_2_fwd_blue_accident/cam1_2026-04-08_17-52-18.mp4,1940.0,343.5,1727,122,2153,565,0.8281904
127,/Volumes/SmithL0/2026/BIOL470/Final/Learning_Rig/bee_0408_2/bee_0408_2_fwd_blue_accident/cam1_2026-04-08_17-52-18.mp4,1941.0,344.5,1728,123,2154,566,0.8292547
128,/Volumes/SmithL0/2026/BIOL470/Final/Learning_Rig/bee_0408_2/bee_0408_2_fwd_blue_accident/cam1_2026-04-08_17-52-18.mp4,1939.5,346.0,1727,125,2152,567,0.8301371
129,/Volumes/SmithL0/2026/BIOL470/Final/Learning_Rig/bee_0408_2/bee_0408_2_fwd_blue_accident/cam1_2026-04-08_17-52-18.mp4,1939.5,345.0,1726,124,2153,566,0.8274204
130,/Volumes/SmithL0/2026/BIOL470/Final/Learning_Rig/bee_0408_2/bee_0408_2_fwd_blue_accident/cam1_2026-04-08_17-52-18.mp4,1939.5,346.0,1727,126,2152,566,0.8285793
131,/Volumes/SmithL0/2026/BIOL470/Final/Learning_Rig/bee_0408_2/bee_0408_2_fwd_blue_accident/cam1_2026-04-08_17-52-18.mp4,1939.0,346.0,1726,125,2152,567,0.8285076
132,/Volumes/SmithL0/2026/BIOL470/Final/Learning_Rig/bee_0408_2/bee_0408_2_fwd_blue_accident/cam1_2026-04-08_17-52-18.mp4,1940.5,345.5,1728,124,2153,567,0.82920814
133,/Volumes/SmithL0/2026/BIOL470/Final/Learning_Rig/bee_0408_2/bee_0408_2_fwd_blue_accident/cam1_2026-04-08_17-52-18.mp4,1939.5,345.0,1727,123,2152,567,0.8271694
134,/Volumes/SmithL0/2026/BIOL470/Final/Learning_Rig/bee_0408_2/bee_0408_2_fwd_blue_accident/cam1_2026-04-08_17-52-18.mp4,1939.5,346.5,1727,126,2152,567,0.8292339
135,/Volumes/SmithL0/2026/BIOL470/Final/Learning_Rig/bee_0408_2/bee_0408_2_fwd_blue_accident/cam1_2026-04-08_17-52-18.mp4,1939.5,348.0,1727,128,2152,568,0.8301812
136,/Volumes/SmithL0/2026/BIOL470/Final/Learning_Rig/bee_0408_2/bee_0408_2_fwd_blue_accident/cam1_2026-04-08_17-52-18.mp4,1937.5,347.0,1724,127,2151,567,0.8289155
137,/Volumes/SmithL0/2026/BIOL470/Final/Learning_Rig/bee_0408_2/bee_0408_2_fwd_blue_accident/cam1_2026-04-08_17-52-18.mp4,1939.0,346.0,1726,124,2152,568,0.82834965
138,/Volumes/SmithL0/2026/BIOL470/Final/Learning_Rig/bee_0408_2/bee_0408_2_fwd_blue_accident/cam1_2026-04-08_17-52-18.mp4,1939.0,345.5,1726,124,2152,567,0.8287699
139,/Volumes/SmithL0/2026/BIOL470/Final/Learning_Rig/bee_0408_2/bee_0408_2_fwd_blue_accident/cam1_2026-04-08_17-52-18.mp4,1939.0,345.5,1726,124,2152,567,0.8284765
140,/Volumes/SmithL0/2026/BIOL470/Final/Learning_Rig/bee_0408_2/bee_0408_2_fwd_blue_accident/cam1_2026-04-08_17-52-18.mp4,1938.5,345.5,1725,123,2152,568,0.82800615
141,/Volumes/SmithL0/2026/BIOL470/Final/Learning_Rig/bee_0408_2/bee_0408_2_fwd_blue_accident/cam1_2026-04-08_17-52-18.mp4,1937.0,347.0,1723,126,2151,568,0.8280357
142,/Volumes/SmithL0/2026/BIOL470/Final/Learning_Rig/bee_0408_2/bee_0408_2_fwd_blue_accident/cam1_2026-04-08_17-52-18.mp4,1938.0,346.0,1725,124,2151,568,0.8281521
143,/Volumes/SmithL0/2026/BIOL470/Final/Learning_Rig/bee_0408_2/bee_0408_2_fwd_blue_accident/cam1_2026-04-08_17-52-18.mp4,1938.5,346.5,1725,126,2152,567,0.8291107
144,/Volumes/SmithL0/2026/BIOL470/Final/Learning_Rig/bee_0408_2/bee_0408_2_fwd_blue_accident/cam1_2026-04-08_17-52-18.mp4,1938.5,347.0,1726,127,2151,567,0.8299589
145,/Volumes/SmithL0/2026/BIOL470/Final/Learning_Rig/bee_0408_2/bee_0408_2_fwd_blue_accident/cam1_2026-04-08_17-52-18.mp4,1938.5,347.0,1725,126,2152,568,0.83034676
146,/Volumes/SmithL0/2026/BIOL470/Final/Learning_Rig/bee_0408_2/bee_0408_2_fwd_blue_accident/cam1_2026-04-08_17-52-18.mp4,1939.0,346.5,1727,125,2151,568,0.82995176
147,/Volumes/SmithL0/2026/BIOL470/Final/Learning_Rig/bee_0408_2/bee_0408_2_fwd_blue_accident/cam1_2026-04-08_17-52-18.mp4,1939.0,345.5,1726,124,2152,567,0.82752514
148,/Volumes/SmithL0/2026/BIOL470/Final/Learning_Rig/bee_0408_2/bee_0408_2_fwd_blue_accident/cam1_2026-04-08_17-52-18.mp4,1940.0,347.0,1727,126,2153,568,0.82987887
149,/Volumes/SmithL0/2026/BIOL470/Final/Learning_Rig/bee_0408_2/bee_0408_2_fwd_blue_accident/cam1_2026-04-08_17-52-18.mp4,1940.5,346.0,1728,125,2153,567,0.82935154
150,/Volumes/SmithL0/2026/BIOL470/Final/Learning_Rig/bee_0408_2/bee_0408_2_fwd_blue_accident/cam1_2026-04-08_17-52-18.mp4,1938.5,347.0,1727,126,2150,568,0.8301154
151,/Volumes/SmithL0/2026/BIOL470/Final/Learning_Rig/bee_0408_2/bee_0408_2_fwd_blue_accident/cam1_2026-04-08_17-52-18.mp4,1938.0,346.5,1726,125,2150,568,0.82855964
152,/Volumes/SmithL0/2026/BIOL470/Final/Learning_Rig/bee_0408_2/bee_0408_2_fwd_blue_accident/cam1_2026-04-08_17-52-18.mp4,1937.5,346.5,1726,125,2149,568,0.8278419
153,/Volumes/SmithL0/2026/BIOL470/Final/Learning_Rig/bee_0408_2/bee_0408_2_fwd_blue_accident/cam1_2026-04-08_17-52-18.mp4,1938.0,345.5,1726,124,2150,567,0.8265035
154,/Volumes/SmithL0/2026/BIOL470/Final/Learning_Rig/bee_0408_2/bee_0408_2_fwd_blue_accident/cam1_2026-04-08_17-52-18.mp4,1938.5,344.5,1727,122,2150,567,0.8259215
155,/Volumes/SmithL0/2026/BIOL470/Final/Learning_Rig/bee_0408_2/bee_0408_2_fwd_blue_accident/cam1_2026-04-08_17-52-18.mp4,1939.0,345.0,1727,123,2151,567,0.82717603
156,/Volumes/SmithL0/2026/BIOL470/Final/Learning_Rig/bee_0408_2/bee_0408_2_fwd_blue_accident/cam1_2026-04-08_17-52-18.mp4,1939.0,345.0,1727,122,2151,568,0.8272855
157,/Volumes/SmithL0/2026/BIOL470/Final/Learning_Rig/bee_0408_2/bee_0408_2_fwd_blue_accident/cam1_2026-04-08_17-52-18.mp4,1938.5,344.0,1727,120,2150,568,0.82614374
158,/Volumes/SmithL0/2026/BIOL470/Final/Learning_Rig/bee_0408_2/bee_0408_2_fwd_blue_accident/cam1_2026-04-08_17-52-18.mp4,1938.5,343.5,1727,120,2150,567,0.82649493
159,/Volumes/SmithL0/2026/BIOL470/Final/Learning_Rig/bee_0408_2/bee_0408_2_fwd_blue_accident/cam1_2026-04-08_17-52-18.mp4,1939.0,345.0,1727,123,2151,567,0.8271585
160,/Volumes/SmithL0/2026/BIOL470/Final/Learning_Rig/bee_0408_2/bee_0408_2_fwd_blue_accident/cam1_2026-04-08_17-52-18.mp4,1939.5,344.0,1728,121,2151,567,0.8268392
161,/Volumes/SmithL0/2026/BIOL470/Final/Learning_Rig/bee_0408_2/bee_0408_2_fwd_blue_accident/cam1_2026-04-08_17-52-18.mp4,1938.0,346.5,1726,126,2150,567,0.8282297
162,/Volumes/SmithL0/2026/BIOL470/Final/Learning_Rig/bee_0408_2/bee_0408_2_fwd_blue_accident/cam1_2026-04-08_17-52-18.mp4,1938.0,346.0,1726,124,2150,568,0.827349
163,/Volumes/SmithL0/2026/BIOL470/Final/Learning_Rig/bee_0408_2/bee_0408_2_fwd_blue_accident/cam1_2026-04-08_17-52-18.mp4,1938.5,346.0,1727,124,2150,568,0.8277891
164,/Volumes/SmithL0/2026/BIOL470/Final/Learning_Rig/bee_0408_2/bee_0408_2_fwd_blue_accident/cam1_2026-04-08_17-52-18.mp4,1939.0,346.0,1727,124,2151,568,0.82777256
165,/Volumes/SmithL0/2026/BIOL470/Final/Learning_Rig/bee_0408_2/bee_0408_2_fwd_blue_accident/cam1_2026-04-08_17-52-18.mp4,1938.5,346.0,1727,124,2150,568,0.8274764
166,/Volumes/SmithL0/2026/BIOL470/Final/Learning_Rig/bee_0408_2/bee_0408_2_fwd_blue_accident/cam1_2026-04-08_17-52-18.mp4,1937.5,345.5,1726,122,2149,569,0.8275526
167,/Volumes/SmithL0/2026/BIOL470/Final/Learning_Rig/bee_0408_2/bee_0408_2_fwd_blue_accident/cam1_2026-04-08_17-52-18.mp4,1938.0,346.5,1726,124,2150,569,0.82814544
168,/Volumes/SmithL0/2026/BIOL470/Final/Learning_Rig/bee_0408_2/bee_0408_2_fwd_blue_accident/cam1_2026-04-08_17-52-18.mp4,1937.0,347.0,1725,126,2149,568,0.8293013
169,/Volumes/SmithL0/2026/BIOL470/Final/Learning_Rig/bee_0408_2/bee_0408_2_fwd_blue_accident/cam1_2026-04-08_17-52-18.mp4,1937.0,347.0,1724,126,2150,568,0.8306725
170,/Volumes/SmithL0/2026/BIOL470/Final/Learning_Rig/bee_0408_2/bee_0408_2_fwd_blue_accident/cam1_2026-04-08_17-52-18.mp4,1938.0,347.0,1726,127,2150,567,0.83046925
171,/Volumes/SmithL0/2026/BIOL470/Final/Learning_Rig/bee_0408_2/bee_0408_2_fwd_blue_accident/cam1_2026-04-08_17-52-18.mp4,1938.5,346.0,1726,124,2151,568,0.8294738
172,/Volumes/SmithL0/2026/BIOL470/Final/Learning_Rig/bee_0408_2/bee_0408_2_fwd_blue_accident/cam1_2026-04-08_17-52-18.mp4,1939.5,345.5,1727,124,2152,567,0.83027387
173,/Volumes/SmithL0/2026/BIOL470/Final/Learning_Rig/bee_0408_2/bee_0408_2_fwd_blue_accident/cam1_2026-04-08_17-52-18.mp4,1939.0,346.5,1727,126,2151,567,0.8310958
174,/Volumes/SmithL0/2026/BIOL470/Final/Learning_Rig/bee_0408_2/bee_0408_2_fwd_blue_accident/cam1_2026-04-08_17-52-18.mp4,1939.5,345.0,1727,123,2152,567,0.8280555
175,/Volumes/SmithL0/2026/BIOL470/Final/Learning_Rig/bee_0408_2/bee_0408_2_fwd_blue_accident/cam1_2026-04-08_17-52-18.mp4,1939.5,346.0,1727,125,2152,567,0.83027697
176,/Volumes/SmithL0/2026/BIOL470/Final/Learning_Rig/bee_0408_2/bee_0408_2_fwd_blue_accident/cam1_2026-04-08_17-52-18.mp4,1939.0,347.0,1727,126,2151,568,0.8315472
177,/Volumes/SmithL0/2026/BIOL470/Final/Learning_Rig/bee_0408_2/bee_0408_2_fwd_blue_accident/cam1_2026-04-08_17-52-18.mp4,1938.0,346.5,1726,125,2150,568,0.83050567
178,/Volumes/SmithL0/2026/BIOL470/Final/Learning_Rig/bee_0408_2/bee_0408_2_fwd_blue_accident/cam1_2026-04-08_17-52-18.mp4,1937.5,347.0,1724,126,2151,568,0.83054787
179,/Volumes/SmithL0/2026/BIOL470/Final/Learning_Rig/bee_0408_2/bee_0408_2_fwd_blue_accident/cam1_2026-04-08_17-52-18.mp4,1938.5,347.5,1725,127,2152,568,0.83194584
180,/Volumes/SmithL0/2026/BIOL470/Final/Learning_Rig/bee_0408_2/bee_0408_2_fwd_blue_accident/cam1_2026-04-08_17-52-18.mp4,1938.0,346.5,1726,125,2150,568,0.82789844
181,/Volumes/SmithL0/2026/BIOL470/Final/Learning_Rig/bee_0408_2/bee_0408_2_fwd_blue_accident/cam1_2026-04-08_17-52-18.mp4,1937.0,346.5,1724,125,2150,568,0.8283152
182,/Volumes/SmithL0/2026/BIOL470/Final/Learning_Rig/bee_0408_2/bee_0408_2_fwd_blue_accident/cam1_2026-04-08_17-52-18.mp4,1937.5,347.0,1725,126,2150,568,0.8280967
183,/Volumes/SmithL0/2026/BIOL470/Final/Learning_Rig/bee_0408_2/bee_0408_2_fwd_blue_accident/cam1_2026-04-08_17-52-18.mp4,1939.5,347.0,1726,126,2153,568,0.83006394
184,/Volumes/SmithL0/2026/BIOL470/Final/Learning_Rig/bee_0408_2/bee_0408_2_fwd_blue_accident/cam1_2026-04-08_17-52-18.mp4,1938.5,346.5,1726,125,2151,568,0.8292823
185,/Volumes/SmithL0/2026/BIOL470/Final/Learning_Rig/bee_0408_2/bee_0408_2_fwd_blue_accident/cam1_2026-04-08_17-52-18.mp4,1937.5,347.0,1726,126,2149,568,0.8302815
186,/Volumes/SmithL0/2026/BIOL470/Final/Learning_Rig/bee_0408_2/bee_0408_2_fwd_blue_accident/cam1_2026-04-08_17-52-18.mp4,1937.5,345.5,1725,122,2150,569,0.8294746
187,/Volumes/SmithL0/2026/BIOL470/Final/Learning_Rig/bee_0408_2/bee_0408_2_fwd_blue_accident/cam1_2026-04-08_17-52-18.mp4,1938.0,346.5,1727,125,2149,568,0.829952
188,/Volumes/SmithL0/2026/BIOL470/Final/Learning_Rig/bee_0408_2/bee_0408_2_fwd_blue_accident/cam1_2026-04-08_17-52-18.mp4,1938.5,346.0,1727,125,2150,567,0.8293034
189,/Volumes/SmithL0/2026/BIOL470/Final/Learning_Rig/bee_0408_2/bee_0408_2_fwd_blue_accident/cam1_2026-04-08_17-52-18.mp4,1937.5,346.5,1726,126,2149,567,0.83140236
190,/Volumes/SmithL0/2026/BIOL470/Final/Learning_Rig/bee_0408_2/bee_0408_2_fwd_blue_accident/cam1_2026-04-08_17-52-18.mp4,1938.5,346.0,1727,125,2150,567,0.8291065
191,/Volumes/SmithL0/2026/BIOL470/Final/Learning_Rig/bee_0408_2/bee_0408_2_fwd_blue_accident/cam1_2026-04-08_17-52-18.mp4,1939.0,345.5,1727,125,2151,566,0.82882696
192,/Volumes/SmithL0/2026/BIOL470/Final/Learning_Rig/bee_0408_2/bee_0408_2_fwd_blue_accident/cam1_2026-04-08_17-52-18.mp4,1939.0,344.5,1726,123,2152,566,0.8271905
193,/Volumes/SmithL0/2026/BIOL470/Final/Learning_Rig/bee_0408_2/bee_0408_2_fwd_blue_accident/cam1_2026-04-08_17-52-18.mp4,1937.0,345.5,1724,124,2150,567,0.8281672
194,/Volumes/SmithL0/2026/BIOL470/Final/Learning_Rig/bee_0408_2/bee_0408_2_fwd_blue_accident/cam1_2026-04-08_17-52-18.mp4,1937.0,344.5,1724,122,2150,567,0.8274698
195,/Volumes/SmithL0/2026/BIOL470/Final/Learning_Rig/bee_0408_2/bee_0408_2_fwd_blue_accident/cam1_2026-04-08_17-52-18.mp4,1938.0,345.0,1725,122,2151,568,0.8283846
196,/Volumes/SmithL0/2026/BIOL470/Final/Learning_Rig/bee_0408_2/bee_0408_2_fwd_blue_accident/cam1_2026-04-08_17-52-18.mp4,1937.5,345.5,1725,123,2150,568,0.8293231
197,/Volumes/SmithL0/2026/BIOL470/Final/Learning_Rig/bee_0408_2/bee_0408_2_fwd_blue_accident/cam1_2026-04-08_17-52-18.mp4,1938.0,345.5,1726,124,2150,567,0.82888335
198,/Volumes/SmithL0/2026/BIOL470/Final/Learning_Rig/bee_0408_2/bee_0408_2_fwd_blue_accident/cam1_2026-04-08_17-52-18.mp4,1938.0,345.0,1726,123,2150,567,0.8289079
199,/Volumes/SmithL0/2026/BIOL470/Final/Learning_Rig/bee_0408_2/bee_0408_2_fwd_blue_accident/cam1_2026-04-08_17-52-18.mp4,1938.0,346.0,1726,125,2150,567,0.829671
200,/Volumes/SmithL0/2026/BIOL470/Final/Learning_Rig/bee_0408_2/bee_0408_2_fwd_blue_accident/cam1_2026-04-08_17-52-18.mp4,1938.0,347.0,1726,126,2150,568,0.8314947
201,/Volumes/SmithL0/2026/BIOL470/Final/Learning_Rig/bee_0408_2/bee_0408_2_fwd_blue_accident/cam1_2026-04-08_17-52-18.mp4,1938.0,345.5,1726,123,2150,568,0.8282766
202,/Volumes/SmithL0/2026/BIOL470/Final/Learning_Rig/bee_0408_2/bee_0408_2_fwd_blue_accident/cam1_2026-04-08_17-52-18.mp4,1938.5,346.0,1727,125,2150,567,0.8289697
203,/Volumes/SmithL0/2026/BIOL470/Final/Learning_Rig/bee_0408_2/bee_0408_2_fwd_blue_accident/cam1_2026-04-08_17-52-18.mp4,1938.5,346.0,1727,126,2150,566,0.82978594
204,/Volumes/SmithL0/2026/BIOL470/Final/Learning_Rig/bee_0408_2/bee_0408_2_fwd_blue_accident/cam1_2026-04-08_17-52-18.mp4,1938.5,346.0,1726,125,2151,567,0.82892156
205,/Volumes/SmithL0/2026/BIOL470/Final/Learning_Rig/bee_0408_2/bee_0408_2_fwd_blue_accident/cam1_2026-04-08_17-52-18.mp4,1939.0,345.0,1727,123,2151,567,0.8270804
206,/Volumes/SmithL0/2026/BIOL470/Final/Learning_Rig/bee_0408_2/bee_0408_2_fwd_blue_accident/cam1_2026-04-08_17-52-18.mp4,1938.0,346.0,1726,124,2150,568,0.82870567
207,/Volumes/SmithL0/2026/BIOL470/Final/Learning_Rig/bee_0408_2/bee_0408_2_fwd_blue_accident/cam1_2026-04-08_17-52-18.mp4,1938.5,344.0,1726,121,2151,567,0.8269263
208,/Volumes/SmithL0/2026/BIOL470/Final/Learning_Rig/bee_0408_2/bee_0408_2_fwd_blue_accident/cam1_2026-04-08_17-52-18.mp4,1938.5,344.5,1727,121,2150,568,0.8275287
209,/Volumes/SmithL0/2026/BIOL470/Final/Learning_Rig/bee_0408_2/bee_0408_2_fwd_blue_accident/cam1_2026-04-08_17-52-18.mp4,1938.5,343.5,1727,119,2150,568,0.8265069
210,/Volumes/SmithL0/2026/BIOL470/Final/Learning_Rig/bee_0408_2/bee_0408_2_fwd_blue_accident/cam1_2026-04-08_17-52-18.mp4,1939.5,343.5,1727,120,2152,567,0.82577014
211,/Volumes/SmithL0/2026/BIOL470/Final/Learning_Rig/bee_0408_2/bee_0408_2_fwd_blue_accident/cam1_2026-04-08_17-52-18.mp4,1937.5,344.0,1724,121,2151,567,0.82466006
212,/Volumes/SmithL0/2026/BIOL470/Final/Learning_Rig/bee_0408_2/bee_0408_2_fwd_blue_accident/cam1_2026-04-08_17-52-18.mp4,1937.5,343.0,1726,118,2149,568,0.82544297
213,/Volumes/SmithL0/2026/BIOL470/Final/Learning_Rig/bee_0408_2/bee_0408_2_fwd_blue_accident/cam1_2026-04-08_17-52-18.mp4,1937.5,345.0,1726,122,2149,568,0.82834065
214,/Volumes/SmithL0/2026/BIOL470/Final/Learning_Rig/bee_0408_2/bee_0408_2_fwd_blue_accident/cam1_2026-04-08_17-52-18.mp4,1937.5,345.5,1725,124,2150,567,0.8276084
215,/Volumes/SmithL0/2026/BIOL470/Final/Learning_Rig/bee_0408_2/bee_0408_2_fwd_blue_accident/cam1_2026-04-08_17-52-18.mp4,1937.0,346.5,1725,125,2149,568,0.8291832
216,/Volumes/SmithL0/2026/BIOL470/Final/Learning_Rig/bee_0408_2/bee_0408_2_fwd_blue_accident/cam1_2026-04-08_17-52-18.mp4,1938.0,346.5,1726,126,2150,567,0.82945853
217,/Volumes/SmithL0/2026/BIOL470/Final/Learning_Rig/bee_0408_2/bee_0408_2_fwd_blue_accident/cam1_2026-04-08_17-52-18.mp4,1938.0,346.0,1725,125,2151,567,0.8270753
218,/Volumes/SmithL0/2026/BIOL470/Final/Learning_Rig/bee_0408_2/bee_0408_2_fwd_blue_accident/cam1_2026-04-08_17-52-18.mp4,1938.5,345.5,1726,124,2151,567,0.8277159
219,/Volumes/SmithL0/2026/BIOL470/Final/Learning_Rig/bee_0408_2/bee_0408_2_fwd_blue_accident/cam1_2026-04-08_17-52-18.mp4,1937.5,346.0,1725,124,2150,568,0.82817125
220,/Volumes/SmithL0/2026/BIOL470/Final/Learning_Rig/bee_0408_2/bee_0408_2_fwd_blue_accident/cam1_2026-04-08_17-52-18.mp4,1938.0,345.5,1725,124,2151,567,0.82792753
221,/Volumes/SmithL0/2026/BIOL470/Final/Learning_Rig/bee_0408_2/bee_0408_2_fwd_blue_accident/cam1_2026-04-08_17-52-18.mp4,1938.0,346.0,1726,125,2150,567,0.829056
222,/Volumes/SmithL0/2026/BIOL470/Final/Learning_Rig/bee_0408_2/bee_0408_2_fwd_blue_accident/cam1_2026-04-08_17-52-18.mp4,1937.5,345.5,1725,124,2150,567,0.82729506
223,/Volumes/SmithL0/2026/BIOL470/Final/Learning_Rig/bee_0408_2/bee_0408_2_fwd_blue_accident/cam1_2026-04-08_17-52-18.mp4,1937.5,345.5,1726,123,2149,568,0.8285719
224,/Volumes/SmithL0/2026/BIOL470/Final/Learning_Rig/bee_0408_2/bee_0408_2_fwd_blue_accident/cam1_2026-04-08_17-52-18.mp4,1938.5,346.0,1726,124,2151,568,0.8278496
225,/Volumes/SmithL0/2026/BIOL470/Final/Learning_Rig/bee_0408_2/bee_0408_2_fwd_blue_accident/cam1_2026-04-08_17-52-18.mp4,1938.0,345.0,1725,123,2151,567,0.8275504
226,/Volumes/SmithL0/2026/BIOL470/Final/Learning_Rig/bee_0408_2/bee_0408_2_fwd_blue_accident/cam1_2026-04-08_17-52-18.mp4,1938.0,345.0,1724,123,2152,567,0.8269492
227,/Volumes/SmithL0/2026/BIOL470/Final/Learning_Rig/bee_0408_2/bee_0408_2_fwd_blue_accident/cam1_2026-04-08_17-52-18.mp4,1938.5,345.5,1726,124,2151,567,0.82650065
228,/Volumes/SmithL0/2026/BIOL470/Final/Learning_Rig/bee_0408_2/bee_0408_2_fwd_blue_accident/cam1_2026-04-08_17-52-18.mp4,1938.0,345.5,1725,124,2151,567,0.8266075
229,/Volumes/SmithL0/2026/BIOL470/Final/Learning_Rig/bee_0408_2/bee_0408_2_fwd_blue_accident/cam1_2026-04-08_17-52-18.mp4,1938.5,346.0,1726,125,2151,567,0.8282858
230,/Volumes/SmithL0/2026/BIOL470/Final/Learning_Rig/bee_0408_2/bee_0408_2_fwd_blue_accident/cam1_2026-04-08_17-52-18.mp4,1939.5,345.5,1727,124,2152,567,0.8272619
231,/Volumes/SmithL0/2026/BIOL470/Final/Learning_Rig/bee_0408_2/bee_0408_2_fwd_blue_accident/cam1_2026-04-08_17-52-18.mp4,1938.5,346.0,1725,125,2152,567,0.8274685
232,/Volumes/SmithL0/2026/BIOL470/Final/Learning_Rig/bee_0408_2/bee_0408_2_fwd_blue_accident/cam1_2026-04-08_17-52-18.mp4,1939.0,344.5,1726,123,2152,566,0.825126
233,/Volumes/SmithL0/2026/BIOL470/Final/Learning_Rig/bee_0408_2/bee_0408_2_fwd_blue_accident/cam1_2026-04-08_17-52-18.mp4,1939.0,344.0,1726,122,2152,566,0.82490134
234,/Volumes/SmithL0/2026/BIOL470/Final/Learning_Rig/bee_0408_2/bee_0408_2_fwd_blue_accident/cam1_2026-04-08_17-52-18.mp4,1939.5,344.5,1727,122,2152,567,0.8269745
235,/Volumes/SmithL0/2026/BIOL470/Final/Learning_Rig/bee_0408_2/bee_0408_2_fwd_blue_accident/cam1_2026-04-08_17-52-18.mp4,1939.0,345.0,1726,123,2152,567,0.8284389
236,/Volumes/SmithL0/2026/BIOL470/Final/Learning_Rig/bee_0408_2/bee_0408_2_fwd_blue_accident/cam1_2026-04-08_17-52-18.mp4,1938.0,346.5,1725,126,2151,567,0.82982695
237,/Volumes/SmithL0/2026/BIOL470/Final/Learning_Rig/bee_0408_2/bee_0408_2_fwd_blue_accident/cam1_2026-04-08_17-52-18.mp4,1939.0,345.0,1727,123,2151,567,0.82805806
238,/Volumes/SmithL0/2026/BIOL470/Final/Learning_Rig/bee_0408_2/bee_0408_2_fwd_blue_accident/cam1_2026-04-08_17-52-18.mp4,1938.5,344.0,1726,122,2151,566,0.827436
239,/Volumes/SmithL0/2026/BIOL470/Final/Learning_Rig/bee_0408_2/bee_0408_2_fwd_blue_accident/cam1_2026-04-08_17-52-18.mp4,1938.5,343.5,1727,120,2150,567,0.8263981
240,/Volumes/SmithL0/2026/BIOL470/Final/Learning_Rig/bee_0408_2/bee_0408_2_fwd_blue_accident/cam1_2026-04-08_17-52-18.mp4,1939.0,345.0,1727,123,2151,567,0.8265513
241,/Volumes/SmithL0/2026/BIOL470/Final/Learning_Rig/bee_0408_2/bee_0408_2_fwd_blue_accident/cam1_2026-04-08_17-52-18.mp4,1938.5,343.5,1727,121,2150,566,0.82519686
242,/Volumes/SmithL0/2026/BIOL470/Final/Learning_Rig/bee_0408_2/bee_0408_2_fwd_blue_accident/cam1_2026-04-08_17-52-18.mp4,1939.5,342.5,1728,119,2151,566,0.825263
243,/Volumes/SmithL0/2026/BIOL470/Final/Learning_Rig/bee_0408_2/bee_0408_2_fwd_blue_accident/cam1_2026-04-08_17-52-18.mp4,1940.0,343.0,1728,120,2152,566,0.82559806
244,/Volumes/SmithL0/2026/BIOL470/Final/Learning_Rig/bee_0408_2/bee_0408_2_fwd_blue_accident/cam1_2026-04-08_17-52-18.mp4,1939.5,344.5,1728,123,2151,566,0.82684886
245,/Volumes/SmithL0/2026/BIOL470/Final/Learning_Rig/bee_0408_2/bee_0408_2_fwd_blue_accident/cam1_2026-04-08_17-52-18.mp4,1938.5,344.5,1727,121,2150,568,0.8262989
246,/Volumes/SmithL0/2026/BIOL470/Final/Learning_Rig/bee_0408_2/bee_0408_2_fwd_blue_accident/cam1_2026-04-08_17-52-18.mp4,1938.5,344.0,1727,120,2150,568,0.8255647
247,/Volumes/SmithL0/2026/BIOL470/Final/Learning_Rig/bee_0408_2/bee_0408_2_fwd_blue_accident/cam1_2026-04-08_17-52-18.mp4,1938.0,344.0,1726,120,2150,568,0.8254074
248,/Volumes/SmithL0/2026/BIOL470/Final/Learning_Rig/bee_0408_2/bee_0408_2_fwd_blue_accident/cam1_2026-04-08_17-52-18.mp4,1938.5,344.5,1727,121,2150,568,0.827182
249,/Volumes/SmithL0/2026/BIOL470/Final/Learning_Rig/bee_0408_2/bee_0408_2_fwd_blue_accident/cam1_2026-04-08_17-52-18.mp4,1939.0,345.0,1727,122,2151,568,0.8271642
250,/Volumes/SmithL0/2026/BIOL470/Final/Learning_Rig/bee_0408_2/bee_0408_2_fwd_blue_accident/cam1_2026-04-08_17-52-18.mp4,1938.5,345.0,1726,123,2151,567,0.82783353
251,/Volumes/SmithL0/2026/BIOL470/Final/Learning_Rig/bee_0408_2/bee_0408_2_fwd_blue_accident/cam1_2026-04-08_17-52-18.mp4,1938.0,346.0,1726,125,2150,567,0.8286859
252,/Volumes/SmithL0/2026/BIOL470/Final/Learning_Rig/bee_0408_2/bee_0408_2_fwd_blue_accident/cam1_2026-04-08_17-52-18.mp4,1938.5,345.0,1726,123,2151,567,0.82725114
253,/Volumes/SmithL0/2026/BIOL470/Final/Learning_Rig/bee_0408_2/bee_0408_2_fwd_blue_accident/cam1_2026-04-08_17-52-18.mp4,1938.0,345.5,1726,123,2150,568,0.8268425
254,/Volumes/SmithL0/2026/BIOL470/Final/Learning_Rig/bee_0408_2/bee_0408_2_fwd_blue_accident/cam1_2026-04-08_17-52-18.mp4,1939.5,344.0,1727,122,2152,566,0.82693183
255,/Volumes/SmithL0/2026/BIOL470/Final/Learning_Rig/bee_0408_2/bee_0408_2_fwd_blue_accident/cam1_2026-04-08_17-52-18.mp4,1937.5,345.5,1726,123,2149,568,0.8280882
256,/Volumes/SmithL0/2026/BIOL470/Final/Learning_Rig/bee_0408_2/bee_0408_2_fwd_blue_accident/cam1_2026-04-08_17-52-18.mp4,1938.0,345.5,1726,124,2150,567,0.82977355
257,/Volumes/SmithL0/2026/BIOL470/Final/Learning_Rig/bee_0408_2/bee_0408_2_fwd_blue_accident/cam1_2026-04-08_17-52-18.mp4,1937.5,346.0,1726,125,2149,567,0.82924646
258,/Volumes/SmithL0/2026/BIOL470/Final/Learning_Rig/bee_0408_2/bee_0408_2_fwd_blue_accident/cam1_2026-04-08_17-52-18.mp4,1938.0,345.0,1727,124,2149,566,0.82792383
259,/Volumes/SmithL0/2026/BIOL470/Final/Learning_Rig/bee_0408_2/bee_0408_2_fwd_blue_accident/cam1_2026-04-08_17-52-18.mp4,1939.0,345.5,1727,125,2151,566,0.82834995
260,/Volumes/SmithL0/2026/BIOL470/Final/Learning_Rig/bee_0408_2/bee_0408_2_fwd_blue_accident/cam1_2026-04-08_17-52-18.mp4,1939.5,345.0,1728,124,2151,566,0.8284516
261,/Volumes/SmithL0/2026/BIOL470/Final/Learning_Rig/bee_0408_2/bee_0408_2_fwd_blue_accident/cam1_2026-04-08_17-52-18.mp4,1938.5,345.0,1727,124,2150,566,0.8290885
262,/Volumes/SmithL0/2026/BIOL470/Final/Learning_Rig/bee_0408_2/bee_0408_2_fwd_blue_accident/cam1_2026-04-08_17-52-18.mp4,1939.5,345.5,1728,124,2151,567,0.83017254
263,/Volumes/SmithL0/2026/BIOL470/Final/Learning_Rig/bee_0408_2/bee_0408_2_fwd_blue_accident/cam1_2026-04-08_17-52-18.mp4,1939.0,344.5,1728,122,2150,567,0.8292998
264,/Volumes/SmithL0/2026/BIOL470/Final/Learning_Rig/bee_0408_2/bee_0408_2_fwd_blue_accident/cam1_2026-04-08_17-52-18.mp4,1938.5,345.0,1726,123,2151,567,0.82831454
265,/Volumes/SmithL0/2026/BIOL470/Final/Learning_Rig/bee_0408_2/bee_0408_2_fwd_blue_accident/cam1_2026-04-08_17-52-18.mp4,1938.5,344.0,1727,121,2150,567,0.82647836
266,/Volumes/SmithL0/2026/BIOL470/Final/Learning_Rig/bee_0408_2/bee_0408_2_fwd_blue_accident/cam1_2026-04-08_17-52-18.mp4,1938.5,344.0,1727,120,2150,568,0.8290567
267,/Volumes/SmithL0/2026/BIOL470/Final/Learning_Rig/bee_0408_2/bee_0408_2_fwd_blue_accident/cam1_2026-04-08_17-52-18.mp4,1938.0,345.0,1727,121,2149,569,0.8296004
268,/Volumes/SmithL0/2026/BIOL470/Final/Learning_Rig/bee_0408_2/bee_0408_2_fwd_blue_accident/cam1_2026-04-08_17-52-18.mp4,1938.5,345.0,1726,123,2151,567,0.82945406
269,/Volumes/SmithL0/2026/BIOL470/Final/Learning_Rig/bee_0408_2/bee_0408_2_fwd_blue_accident/cam1_2026-04-08_17-52-18.mp4,1938.0,345.0,1726,123,2150,567,0.82882226
270,/Volumes/SmithL0/2026/BIOL470/Final/Learning_Rig/bee_0408_2/bee_0408_2_fwd_blue_accident/cam1_2026-04-08_17-52-18.mp4,1938.0,345.0,1725,123,2151,567,0.8271754
271,/Volumes/SmithL0/2026/BIOL470/Final/Learning_Rig/bee_0408_2/bee_0408_2_fwd_blue_accident/cam1_2026-04-08_17-52-18.mp4,1938.0,345.0,1725,123,2151,567,0.8267286
272,/Volumes/SmithL0/2026/BIOL470/Final/Learning_Rig/bee_0408_2/bee_0408_2_fwd_blue_accident/cam1_2026-04-08_17-52-18.mp4,1937.5,345.5,1724,123,2151,568,0.82694405
273,/Volumes/SmithL0/2026/BIOL470/Final/Learning_Rig/bee_0408_2/bee_0408_2_fwd_blue_accident/cam1_2026-04-08_17-52-18.mp4,1939.0,344.5,1726,122,2152,567,0.82548887
274,/Volumes/SmithL0/2026/BIOL470/Final/Learning_Rig/bee_0408_2/bee_0408_2_fwd_blue_accident/cam1_2026-04-08_17-52-18.mp4,1939.0,345.0,1726,123,2152,567,0.8266699
275,/Volumes/SmithL0/2026/BIOL470/Final/Learning_Rig/bee_0408_2/bee_0408_2_fwd_blue_accident/cam1_2026-04-08_17-52-18.mp4,1938.0,346.5,1725,126,2151,567,0.8282544
276,/Volumes/SmithL0/2026/BIOL470/Final/Learning_Rig/bee_0408_2/bee_0408_2_fwd_blue_accident/cam1_2026-04-08_17-52-18.mp4,1939.0,346.0,1727,125,2151,567,0.8276442
277,/Volumes/SmithL0/2026/BIOL470/Final/Learning_Rig/bee_0408_2/bee_0408_2_fwd_blue_accident/cam1_2026-04-08_17-52-18.mp4,1939.0,344.5,1727,123,2151,566,0.82592124
278,/Volumes/SmithL0/2026/BIOL470/Final/Learning_Rig/bee_0408_2/bee_0408_2_fwd_blue_accident/cam1_2026-04-08_17-52-18.mp4,1939.0,344.5,1727,123,2151,566,0.82755566
279,/Volumes/SmithL0/2026/BIOL470/Final/Learning_Rig/bee_0408_2/bee_0408_2_fwd_blue_accident/cam1_2026-04-08_17-52-18.mp4,1939.5,344.0,1727,122,2152,566,0.8263414
280,/Volumes/SmithL0/2026/BIOL470/Final/Learning_Rig/bee_0408_2/bee_0408_2_fwd_blue_accident/cam1_2026-04-08_17-52-18.mp4,1939.5,344.0,1727,122,2152,566,0.8267565
281,/Volumes/SmithL0/2026/BIOL470/Final/Learning_Rig/bee_0408_2/bee_0408_2_fwd_blue_accident/cam1_2026-04-08_17-52-18.mp4,1939.0,345.5,1727,125,2151,566,0.8280241
282,/Volumes/SmithL0/2026/BIOL470/Final/Learning_Rig/bee_0408_2/bee_0408_2_fwd_blue_accident/cam1_2026-04-08_17-52-18.mp4,1939.5,347.0,1727,127,2152,567,0.8291445
283,/Volumes/SmithL0/2026/BIOL470/Final/Learning_Rig/bee_0408_2/bee_0408_2_fwd_blue_accident/cam1_2026-04-08_17-52-18.mp4,1939.0,347.0,1726,127,2152,567,0.82950956
284,/Volumes/SmithL0/2026/BIOL470/Final/Learning_Rig/bee_0408_2/bee_0408_2_fwd_blue_accident/cam1_2026-04-08_17-52-18.mp4,1939.0,346.0,1726,125,2152,567,0.82907456
285,/Volumes/SmithL0/2026/BIOL470/Final/Learning_Rig/bee_0408_2/bee_0408_2_fwd_blue_accident/cam1_2026-04-08_17-52-18.mp4,1939.0,346.0,1726,125,2152,567,0.8276475
286,/Volumes/SmithL0/2026/BIOL470/Final/Learning_Rig/bee_0408_2/bee_0408_2_fwd_blue_accident/cam1_2026-04-08_17-52-18.mp4,1938.0,345.5,1724,125,2152,566,0.8268321
287,/Volumes/SmithL0/2026/BIOL470/Final/Learning_Rig/bee_0408_2/bee_0408_2_fwd_blue_accident/cam1_2026-04-08_17-52-18.mp4,1938.0,347.0,1725,127,2151,567,0.8295265
288,/Volumes/SmithL0/2026/BIOL470/Final/Learning_Rig/bee_0408_2/bee_0408_2_fwd_blue_accident/cam1_2026-04-08_17-52-18.mp4,1938.5,347.5,1726,128,2151,567,0.83020705
289,/Volumes/SmithL0/2026/BIOL470/Final/Learning_Rig/bee_0408_2/bee_0408_2_fwd_blue_accident/cam1_2026-04-08_17-52-18.mp4,1936.5,347.5,1723,127,2150,568,0.82972455
290,/Volumes/SmithL0/2026/BIOL470/Final/Learning_Rig/bee_0408_2/bee_0408_2_fwd_blue_accident/cam1_2026-04-08_17-52-18.mp4,1937.0,347.5,1724,127,2150,568,0.83002466
291,/Volumes/SmithL0/2026/BIOL470/Final/Learning_Rig/bee_0408_2/bee_0408_2_fwd_blue_accident/cam1_2026-04-08_17-52-18.mp4,1937.0,348.0,1724,128,2150,568,0.8311163
292,/Volumes/SmithL0/2026/BIOL470/Final/Learning_Rig/bee_0408_2/bee_0408_2_fwd_blue_accident/cam1_2026-04-08_17-52-18.mp4,1937.5,347.5,1724,127,2151,568,0.8298428
293,/Volumes/SmithL0/2026/BIOL470/Final/Learning_Rig/bee_0408_2/bee_0408_2_fwd_blue_accident/cam1_2026-04-08_17-52-18.mp4,1938.5,348.0,1725,128,2152,568,0.8321027
294,/Volumes/SmithL0/2026/BIOL470/Final/Learning_Rig/bee_0408_2/bee_0408_2_fwd_blue_accident/cam1_2026-04-08_17-52-18.mp4,1937.5,348.0,1724,129,2151,567,0.8317368
295,/Volumes/SmithL0/2026/BIOL470/Final/Learning_Rig/bee_0408_2/bee_0408_2_fwd_blue_accident/cam1_2026-04-08_17-52-18.mp4,1938.5,346.5,1726,127,2151,566,0.8287828
296,/Volumes/SmithL0/2026/BIOL470/Final/Learning_Rig/bee_0408_2/bee_0408_2_fwd_blue_accident/cam1_2026-04-08_17-52-18.mp4,1938.0,347.5,1725,128,2151,567,0.8301799
297,/Volumes/SmithL0/2026/BIOL470/Final/Learning_Rig/bee_0408_2/bee_0408_2_fwd_blue_accident/cam1_2026-04-08_17-52-18.mp4,1938.5,347.0,1726,127,2151,567,0.83078146
298,/Volumes/SmithL0/2026/BIOL470/Final/Learning_Rig/bee_0408_2/bee_0408_2_fwd_blue_accident/cam1_2026-04-08_17-52-18.mp4,1937.5,348.0,1724,128,2151,568,0.83174074
299,/Volumes/SmithL0/2026/BIOL470/Final/Learning_Rig/bee_0408_2/bee_0408_2_fwd_blue_accident/cam1_2026-04-08_17-52-18.mp4,1937.5,347.5,1725,127,2150,568,0.83097214
300,/Volumes/SmithL0/2026/BIOL470/Final/Learning_Rig/bee_0408_2/bee_0408_2_fwd_blue_accident/cam1_2026-04-08_17-52-18.mp4,1936.5,347.5,1725,127,2148,568,0.83072674
301,/Volumes/SmithL0/2026/BIOL470/Final/Learning_Rig/bee_0408_2/bee_0408_2_fwd_blue_accident/cam1_2026-04-08_17-52-18.mp4,1937.0,347.0,1725,127,2149,567,0.82942814
302,/Volumes/SmithL0/2026/BIOL470/Final/Learning_Rig/bee_0408_2/bee_0408_2_fwd_blue_accident/cam1_2026-04-08_17-52-18.mp4,1937.5,346.5,1725,126,2150,567,0.8284573
303,/Volumes/SmithL0/2026/BIOL470/Final/Learning_Rig/bee_0408_2/bee_0408_2_fwd_blue_accident/cam1_2026-04-08_17-52-18.mp4,1938.0,346.5,1726,125,2150,568,0.82928455
304,/Volumes/SmithL0/2026/BIOL470/Final/Learning_Rig/bee_0408_2/bee_0408_2_fwd_blue_accident/cam1_2026-04-08_17-52-18.mp4,1937.5,345.5,1726,124,2149,567,0.82719904
305,/Volumes/SmithL0/2026/BIOL470/Final/Learning_Rig/bee_0408_2/bee_0408_2_fwd_blue_accident/cam1_2026-04-08_17-52-18.mp4,1938.0,345.5,1726,125,2150,566,0.82916194
306,/Volumes/SmithL0/2026/BIOL470/Final/Learning_Rig/bee_0408_2/bee_0408_2_fwd_blue_accident/cam1_2026-04-08_17-52-18.mp4,1938.0,346.5,1726,127,2150,566,0.8303673
307,/Volumes/SmithL0/2026/BIOL470/Final/Learning_Rig/bee_0408_2/bee_0408_2_fwd_blue_accident/cam1_2026-04-08_17-52-18.mp4,1938.0,347.5,1726,127,2150,568,0.8306407
308,/Volumes/SmithL0/2026/BIOL470/Final/Learning_Rig/bee_0408_2/bee_0408_2_fwd_blue_accident/cam1_2026-04-08_17-52-18.mp4,1938.0,347.5,1725,128,2151,567,0.8304352
309,/Volumes/SmithL0/2026/BIOL470/Final/Learning_Rig/bee_0408_2/bee_0408_2_fwd_blue_accident/cam1_2026-04-08_17-52-18.mp4,1936.5,348.5,1723,129,2150,568,0.8318992
310,/Volumes/SmithL0/2026/BIOL470/Final/Learning_Rig/bee_0408_2/bee_0408_2_fwd_blue_accident/cam1_2026-04-08_17-52-18.mp4,1936.5,349.5,1724,131,2149,568,0.8343462
311,/Volumes/SmithL0/2026/BIOL470/Final/Learning_Rig/bee_0408_2/bee_0408_2_fwd_blue_accident/cam1_2026-04-08_17-52-18.mp4,1937.0,348.0,1725,128,2149,568,0.8306549
312,/Volumes/SmithL0/2026/BIOL470/Final/Learning_Rig/bee_0408_2/bee_0408_2_fwd_blue_accident/cam1_2026-04-08_17-52-18.mp4,1937.5,347.5,1726,128,2149,567,0.83098876
313,/Volumes/SmithL0/2026/BIOL470/Final/Learning_Rig/bee_0408_2/bee_0408_2_fwd_blue_accident/cam1_2026-04-08_17-52-18.mp4,1938.0,347.0,1726,127,2150,567,0.8305254
314,/Volumes/SmithL0/2026/BIOL470/Final/Learning_Rig/bee_0408_2/bee_0408_2_fwd_blue_accident/cam1_2026-04-08_17-52-18.mp4,1937.0,346.5,1726,126,2148,567,0.83090824
315,/Volumes/SmithL0/2026/BIOL470/Final/Learning_Rig/bee_0408_2/bee_0408_2_fwd_blue_accident/cam1_2026-04-08_17-52-18.mp4,1937.5,346.5,1725,126,2150,567,0.82937336
316,/Volumes/SmithL0/2026/BIOL470/Final/Learning_Rig/bee_0408_2/bee_0408_2_fwd_blue_accident/cam1_2026-04-08_17-52-18.mp4,1937.0,347.0,1724,126,2150,568,0.82900476
317,/Volumes/SmithL0/2026/BIOL470/Final/Learning_Rig/bee_0408_2/bee_0408_2_fwd_blue_accident/cam1_2026-04-08_17-52-18.mp4,1936.5,346.0,1723,124,2150,568,0.8264167
318,/Volumes/SmithL0/2026/BIOL470/Final/Learning_Rig/bee_0408_2/bee_0408_2_fwd_blue_accident/cam1_2026-04-08_17-52-18.mp4,1937.0,346.0,1724,125,2150,567,0.8266693
319,/Volumes/SmithL0/2026/BIOL470/Final/Learning_Rig/bee_0408_2/bee_0408_2_fwd_blue_accident/cam1_2026-04-08_17-52-18.mp4,1937.5,346.5,1725,126,2150,567,0.82712275
320,/Volumes/SmithL0/2026/BIOL470/Final/Learning_Rig/bee_0408_2/bee_0408_2_fwd_blue_accident/cam1_2026-04-08_17-52-18.mp4,1937.5,347.0,1725,127,2150,567,0.82869256
321,/Volumes/SmithL0/2026/BIOL470/Final/Learning_Rig/bee_0408_2/bee_0408_2_fwd_blue_accident/cam1_2026-04-08_17-52-18.mp4,1936.5,347.0,1724,127,2149,567,0.8280379
322,/Volumes/SmithL0/2026/BIOL470/Final/Learning_Rig/bee_0408_2/bee_0408_2_fwd_blue_accident/cam1_2026-04-08_17-52-18.mp4,1937.0,346.0,1726,124,2148,568,0.8274878
323,/Volumes/SmithL0/2026/BIOL470/Final/Learning_Rig/bee_0408_2/bee_0408_2_fwd_blue_accident/cam1_2026-04-08_17-52-18.mp4,1937.0,345.0,1726,122,2148,568,0.82765746
324,/Volumes/SmithL0/2026/BIOL470/Final/Learning_Rig/bee_0408_2/bee_0408_2_fwd_blue_accident/cam1_2026-04-08_17-52-18.mp4,1937.0,345.5,1725,123,2149,568,0.82827675
325,/Volumes/SmithL0/2026/BIOL470/Final/Learning_Rig/bee_0408_2/bee_0408_2_fwd_blue_accident/cam1_2026-04-08_17-52-18.mp4,1938.0,345.0,1726,122,2150,568,0.82760096
326,/Volumes/SmithL0/2026/BIOL470/Final/Learning_Rig/bee_0408_2/bee_0408_2_fwd_blue_accident/cam1_2026-04-08_17-52-18.mp4,1938.5,345.0,1727,123,2150,567,0.82718956
327,/Volumes/SmithL0/2026/BIOL470/Final/Learning_Rig/bee_0408_2/bee_0408_2_fwd_blue_accident/cam1_2026-04-08_17-52-18.mp4,1939.0,344.5,1727,123,2151,566,0.826566
328,/Volumes/SmithL0/2026/BIOL470/Final/Learning_Rig/bee_0408_2/bee_0408_2_fwd_blue_accident/cam1_2026-04-08_17-52-18.mp4,1938.5,344.0,1727,122,2150,566,0.8249247
329,/Volumes/SmithL0/2026/BIOL470/Final/Learning_Rig/bee_0408_2/bee_0408_2_fwd_blue_accident/cam1_2026-04-08_17-52-18.mp4,1938.5,344.5,1727,123,2150,566,0.8254009
330,/Volumes/SmithL0/2026/BIOL470/Final/Learning_Rig/bee_0408_2/bee_0408_2_fwd_blue_accident/cam1_2026-04-08_17-52-18.mp4,1937.0,345.0,1725,123,2149,567,0.8248056
331,/Volumes/SmithL0/2026/BIOL470/Final/Learning_Rig/bee_0408_2/bee_0408_2_fwd_blue_accident/cam1_2026-04-08_17-52-18.mp4,1936.5,344.0,1725,123,2148,565,0.8238877
332,/Volumes/SmithL0/2026/BIOL470/Final/Learning_Rig/bee_0408_2/bee_0408_2_fwd_blue_accident/cam1_2026-04-08_17-52-18.mp4,1936.5,345.5,1724,125,2149,566,0.82646084
333,/Volumes/SmithL0/2026/BIOL470/Final/Learning_Rig/bee_0408_2/bee_0408_2_fwd_blue_accident/cam1_2026-04-08_17-52-18.mp4,1936.5,346.0,1724,126,2149,566,0.8264091
334,/Volumes/SmithL0/2026/BIOL470/Final/Learning_Rig/bee_0408_2/bee_0408_2_fwd_blue_accident/cam1_2026-04-08_17-52-18.mp4,1937.0,345.5,1725,125,2149,566,0.8258547
335,/Volumes/SmithL0/2026/BIOL470/Final/Learning_Rig/bee_0408_2/bee_0408_2_fwd_blue_accident/cam1_2026-04-08_17-52-18.mp4,1936.0,346.0,1723,125,2149,567,0.82541275
336,/Volumes/SmithL0/2026/BIOL470/Final/Learning_Rig/bee_0408_2/bee_0408_2_fwd_blue_accident/cam1_2026-04-08_17-52-18.mp4,1936.0,346.0,1724,125,2148,567,0.82532173
337,/Volumes/SmithL0/2026/BIOL470/Final/Learning_Rig/bee_0408_2/bee_0408_2_fwd_blue_accident/cam1_2026-04-08_17-52-18.mp4,1937.0,346.5,1724,126,2150,567,0.8249044
338,/Volumes/SmithL0/2026/BIOL470/Final/Learning_Rig/bee_0408_2/bee_0408_2_fwd_blue_accident/cam1_2026-04-08_17-52-18.mp4,1936.5,346.5,1725,125,2148,568,0.8270593
339,/Volumes/SmithL0/2026/BIOL470/Final/Learning_Rig/bee_0408_2/bee_0408_2_fwd_blue_accident/cam1_2026-04-08_17-52-18.mp4,1934.5,347.0,1720,125,2149,569,0.82459295
340,/Volumes/SmithL0/2026/BIOL470/Final/Learning_Rig/bee_0408_2/bee_0408_2_fwd_blue_accident/cam1_2026-04-08_17-52-18.mp4,1935.0,347.5,1721,126,2149,569,0.8260958
341,/Volumes/SmithL0/2026/BIOL470/Final/Learning_Rig/bee_0408_2/bee_0408_2_fwd_blue_accident/cam1_2026-04-08_17-52-18.mp4,1935.5,347.5,1722,127,2149,568,0.8279472
342,/Volumes/SmithL0/2026/BIOL470/Final/Learning_Rig/bee_0408_2/bee_0408_2_fwd_blue_accident/cam1_2026-04-08_17-52-18.mp4,1936.5,348.0,1724,128,2149,568,0.831076
343,/Volumes/SmithL0/2026/BIOL470/Final/Learning_Rig/bee_0408_2/bee_0408_2_fwd_blue_accident/cam1_2026-04-08_17-52-18.mp4,1936.5,348.0,1725,128,2148,568,0.83130205
344,/Volumes/SmithL0/2026/BIOL470/Final/Learning_Rig/bee_0408_2/bee_0408_2_fwd_blue_accident/cam1_2026-04-08_17-52-18.mp4,1936.5,347.5,1725,127,2148,568,0.8298731
345,/Volumes/SmithL0/2026/BIOL470/Final/Learning_Rig/bee_0408_2/bee_0408_2_fwd_blue_accident/cam1_2026-04-08_17-52-18.mp4,1936.5,346.5,1724,124,2149,569,0.8278669
346,/Volumes/SmithL0/2026/BIOL470/Final/Learning_Rig/bee_0408_2/bee_0408_2_fwd_blue_accident/cam1_2026-04-08_17-52-18.mp4,1937.5,346.0,1726,123,2149,569,0.8285514
347,/Volumes/SmithL0/2026/BIOL470/Final/Learning_Rig/bee_0408_2/bee_0408_2_fwd_blue_accident/cam1_2026-04-08_17-52-18.mp4,1935.0,346.5,1722,124,2148,569,0.82847804
348,/Volumes/SmithL0/2026/BIOL470/Final/Learning_Rig/bee_0408_2/bee_0408_2_fwd_blue_accident/cam1_2026-04-08_17-52-18.mp4,1936.5,346.5,1724,125,2149,568,0.828845
349,/Volumes/SmithL0/2026/BIOL470/Final/Learning_Rig/bee_0408_2/bee_0408_2_fwd_blue_accident/cam1_2026-04-08_17-52-18.mp4,1936.0,347.0,1723,125,2149,569,0.8275519
350,/Volumes/SmithL0/2026/BIOL470/Final/Learning_Rig/bee_0408_2/bee_0408_2_fwd_blue_accident/cam1_2026-04-08_17-52-18.mp4,1937.0,347.0,1726,125,2148,569,0.8296812
351,/Volumes/SmithL0/2026/BIOL470/Final/Learning_Rig/bee_0408_2/bee_0408_2_fwd_blue_accident/cam1_2026-04-08_17-52-18.mp4,1937.0,346.5,1725,125,2149,568,0.8283633
352,/Volumes/SmithL0/2026/BIOL470/Final/Learning_Rig/bee_0408_2/bee_0408_2_fwd_blue_accident/cam1_2026-04-08_17-52-18.mp4,1936.0,347.5,1724,127,2148,568,0.82878315
353,/Volumes/SmithL0/2026/BIOL470/Final/Learning_Rig/bee_0408_2/bee_0408_2_fwd_blue_accident/cam1_2026-04-08_17-52-18.mp4,1937.0,347.0,1726,126,2148,568,0.82770485
354,/Volumes/SmithL0/2026/BIOL470/Final/Learning_Rig/bee_0408_2/bee_0408_2_fwd_blue_accident/cam1_2026-04-08_17-52-18.mp4,1935.5,347.5,1723,128,2148,567,0.8278031
355,/Volumes/SmithL0/2026/BIOL470/Final/Learning_Rig/bee_0408_2/bee_0408_2_fwd_blue_accident/cam1_2026-04-08_17-52-18.mp4,1937.0,346.5,1725,126,2149,567,0.82769406
356,/Volumes/SmithL0/2026/BIOL470/Final/Learning_Rig/bee_0408_2/bee_0408_2_fwd_blue_accident/cam1_2026-04-08_17-52-18.mp4,1934.5,347.5,1721,128,2148,567,0.8279569
357,/Volumes/SmithL0/2026/BIOL470/Final/Learning_Rig/bee_0408_2/bee_0408_2_fwd_blue_accident/cam1_2026-04-08_17-52-18.mp4,1935.5,347.0,1723,126,2148,568,0.8276252
358,/Volumes/SmithL0/2026/BIOL470/Final/Learning_Rig/bee_0408_2/bee_0408_2_fwd_blue_accident/cam1_2026-04-08_17-52-18.mp4,1936.5,347.0,1724,127,2149,567,0.82791895
359,/Volumes/SmithL0/2026/BIOL470/Final/Learning_Rig/bee_0408_2/bee_0408_2_fwd_blue_accident/cam1_2026-04-08_17-52-18.mp4,1935.5,346.0,1724,125,2147,567,0.8260774
360,/Volumes/SmithL0/2026/BIOL470/Final/Learning_Rig/bee_0408_2/bee_0408_2_fwd_blue_accident/cam1_2026-04-08_17-52-18.mp4,1936.5,346.5,1725,124,2148,569,0.8282581
361,/Volumes/SmithL0/2026/BIOL470/Final/Learning_Rig/bee_0408_2/bee_0408_2_fwd_blue_accident/cam1_2026-04-08_17-52-18.mp4,1937.5,346.5,1726,124,2149,569,0.8284891
362,/Volumes/SmithL0/2026/BIOL470/Final/Learning_Rig/bee_0408_2/bee_0408_2_fwd_blue_accident/cam1_2026-04-08_17-52-18.mp4,1936.5,346.5,1724,124,2149,569,0.8283291
363,/Volumes/SmithL0/2026/BIOL470/Final/Learning_Rig/bee_0408_2/bee_0408_2_fwd_blue_accident/cam1_2026-04-08_17-52-18.mp4,1936.0,347.0,1723,126,2149,568,0.8288516
364,/Volumes/SmithL0/2026/BIOL470/Final/Learning_Rig/bee_0408_2/bee_0408_2_fwd_blue_accident/cam1_2026-04-08_17-52-18.mp4,1935.5,347.0,1723,127,2148,567,0.8287392
365,/Volumes/SmithL0/2026/BIOL470/Final/Learning_Rig/bee_0408_2/bee_0408_2_fwd_blue_accident/cam1_2026-04-08_17-52-18.mp4,1936.0,346.0,1722,125,2150,567,0.8272115
366,/Volumes/SmithL0/2026/BIOL470/Final/Learning_Rig/bee_0408_2/bee_0408_2_fwd_blue_accident/cam1_2026-04-08_17-52-18.mp4,1937.0,347.0,1724,126,2150,568,0.82797337
367,/Volumes/SmithL0/2026/BIOL470/Final/Learning_Rig/bee_0408_2/bee_0408_2_fwd_blue_accident/cam1_2026-04-08_17-52-18.mp4,1937.5,345.0,1725,123,2150,567,0.8250144
368,/Volumes/SmithL0/2026/BIOL470/Final/Learning_Rig/bee_0408_2/bee_0408_2_fwd_blue_accident/cam1_2026-04-08_17-52-18.mp4,1937.5,346.5,1725,126,2150,567,0.8265313
369,/Volumes/SmithL0/2026/BIOL470/Final/Learning_Rig/bee_0408_2/bee_0408_2_fwd_blue_accident/cam1_2026-04-08_17-52-18.mp4,1936.5,346.0,1725,125,2148,567,0.82521564
370,/Volumes/SmithL0/2026/BIOL470/Final/Learning_Rig/bee_0408_2/bee_0408_2_fwd_blue_accident/cam1_2026-04-08_17-52-18.mp4,1936.5,347.0,1725,127,2148,567,0.8271213
371,/Volumes/SmithL0/2026/BIOL470/Final/Learning_Rig/bee_0408_2/bee_0408_2_fwd_blue_accident/cam1_2026-04-08_17-52-18.mp4,1937.5,346.5,1726,126,2149,567,0.8270802
372,/Volumes/SmithL0/2026/BIOL470/Final/Learning_Rig/bee_0408_2/bee_0408_2_fwd_blue_accident/cam1_2026-04-08_17-52-18.mp4,1936.5,346.5,1725,125,2148,568,0.8270522
373,/Volumes/SmithL0/2026/BIOL470/Final/Learning_Rig/bee_0408_2/bee_0408_2_fwd_blue_accident/cam1_2026-04-08_17-52-18.mp4,1935.5,345.5,1723,122,2148,569,0.82496905
374,/Volumes/SmithL0/2026/BIOL470/Final/Learning_Rig/bee_0408_2/bee_0408_2_fwd_blue_accident/cam1_2026-04-08_17-52-18.mp4,1934.0,347.0,1721,125,2147,569,0.82515675
375,/Volumes/SmithL0/2026/BIOL470/Final/Learning_Rig/bee_0408_2/bee_0408_2_fwd_blue_accident/cam1_2026-04-08_17-52-18.mp4,1935.0,346.5,1721,125,2149,568,0.82431996
376,/Volumes/SmithL0/2026/BIOL470/Final/Learning_Rig/bee_0408_2/bee_0408_2_fwd_blue_accident/cam1_2026-04-08_17-52-18.mp4,1934.0,346.5,1720,125,2148,568,0.82493776
377,/Volumes/SmithL0/2026/BIOL470/Final/Learning_Rig/bee_0408_2/bee_0408_2_fwd_blue_accident/cam1_2026-04-08_17-52-18.mp4,1935.5,346.0,1722,124,2149,568,0.8246637
378,/Volumes/SmithL0/2026/BIOL470/Final/Learning_Rig/bee_0408_2/bee_0408_2_fwd_blue_accident/cam1_2026-04-08_17-52-18.mp4,1936.0,347.0,1722,127,2150,567,0.82660097
379,/Volumes/SmithL0/2026/BIOL470/Final/Learning_Rig/bee_0408_2/bee_0408_2_fwd_blue_accident/cam1_2026-04-08_17-52-18.mp4,1938.0,345.5,1726,125,2150,566,0.82429224
380,/Volumes/SmithL0/2026/BIOL470/Final/Learning_Rig/bee_0408_2/bee_0408_2_fwd_blue_accident/cam1_2026-04-08_17-52-18.mp4,1937.0,346.0,1726,125,2148,567,0.82566935
381,/Volumes/SmithL0/2026/BIOL470/Final/Learning_Rig/bee_0408_2/bee_0408_2_fwd_blue_accident/cam1_2026-04-08_17-52-18.mp4,1937.0,344.5,1725,123,2149,566,0.8233527
382,/Volumes/SmithL0/2026/BIOL470/Final/Learning_Rig/bee_0408_2/bee_0408_2_fwd_blue_accident/cam1_2026-04-08_17-52-18.mp4,1936.5,345.0,1724,124,2149,566,0.82491124
383,/Volumes/SmithL0/2026/BIOL470/Final/Learning_Rig/bee_0408_2/bee_0408_2_fwd_blue_accident/cam1_2026-04-08_17-52-18.mp4,1936.5,346.0,1724,125,2149,567,0.82679385
384,/Volumes/SmithL0/2026/BIOL470/Final/Learning_Rig/bee_0408_2/bee_0408_2_fwd_blue_accident/cam1_2026-04-08_17-52-18.mp4,1937.0,346.0,1726,125,2148,567,0.82691807
385,/Volumes/SmithL0/2026/BIOL470/Final/Learning_Rig/bee_0408_2/bee_0408_2_fwd_blue_accident/cam1_2026-04-08_17-52-18.mp4,1937.0,345.5,1726,123,2148,568,0.8269416
386,/Volumes/SmithL0/2026/BIOL470/Final/Learning_Rig/bee_0408_2/bee_0408_2_fwd_blue_accident/cam1_2026-04-08_17-52-18.mp4,1936.0,346.5,1723,126,2149,567,0.827514
387,/Volumes/SmithL0/2026/BIOL470/Final/Learning_Rig/bee_0408_2/bee_0408_2_fwd_blue_accident/cam1_2026-04-08_17-52-18.mp4,1935.5,346.5,1724,124,2147,569,0.8283237
388,/Volumes/SmithL0/2026/BIOL470/Final/Learning_Rig/bee_0408_2/bee_0408_2_fwd_blue_accident/cam1_2026-04-08_17-52-18.mp4,1936.5,345.5,1725,124,2148,567,0.8274015
389,/Volumes/SmithL0/2026/BIOL470/Final/Learning_Rig/bee_0408_2/bee_0408_2_fwd_blue_accident/cam1_2026-04-08_17-52-18.mp4,1937.5,345.5,1726,124,2149,567,0.8264927
390,/Volumes/SmithL0/2026/BIOL470/Final/Learning_Rig/bee_0408_2/bee_0408_2_fwd_blue_accident/cam1_2026-04-08_17-52-18.mp4,1937.5,346.0,1727,124,2148,568,0.8264526
391,/Volumes/SmithL0/2026/BIOL470/Final/Learning_Rig/bee_0408_2/bee_0408_2_fwd_blue_accident/cam1_2026-04-08_17-52-18.mp4,1937.0,347.0,1725,125,2149,569,0.8271367
392,/Volumes/SmithL0/2026/BIOL470/Final/Learning_Rig/bee_0408_2/bee_0408_2_fwd_blue_accident/cam1_2026-04-08_17-52-18.mp4,1936.5,346.5,1725,124,2148,569,0.82835066
393,/Volumes/SmithL0/2026/BIOL470/Final/Learning_Rig/bee_0408_2/bee_0408_2_fwd_blue_accident/cam1_2026-04-08_17-52-18.mp4,1938.0,345.5,1727,123,2149,568,0.8278738
394,/Volumes/SmithL0/2026/BIOL470/Final/Learning_Rig/bee_0408_2/bee_0408_2_fwd_blue_accident/cam1_2026-04-08_17-52-18.mp4,1938.5,345.0,1727,122,2150,568,0.82776916
395,/Volumes/SmithL0/2026/BIOL470/Final/Learning_Rig/bee_0408_2/bee_0408_2_fwd_blue_accident/cam1_2026-04-08_17-52-18.mp4,1937.5,345.5,1725,124,2150,567,0.82730776
396,/Volumes/SmithL0/2026/BIOL470/Final/Learning_Rig/bee_0408_2/bee_0408_2_fwd_blue_accident/cam1_2026-04-08_17-52-18.mp4,1937.0,345.5,1725,124,2149,567,0.82737863
397,/Volumes/SmithL0/2026/BIOL470/Final/Learning_Rig/bee_0408_2/bee_0408_2_fwd_blue_accident/cam1_2026-04-08_17-52-18.mp4,1937.0,344.5,1725,121,2149,568,0.8255488
398,/Volumes/SmithL0/2026/BIOL470/Final/Learning_Rig/bee_0408_2/bee_0408_2_fwd_blue_accident/cam1_2026-04-08_17-52-18.mp4,1938.0,345.0,1727,122,2149,568,0.8266971
399,/Volumes/SmithL0/2026/BIOL470/Final/Learning_Rig/bee_0408_2/bee_0408_2_fwd_blue_accident/cam1_2026-04-08_17-52-18.mp4,1937.0,346.0,1725,123,2149,569,0.8279241
400,/Volumes/SmithL0/2026/BIOL470/Final/Learning_Rig/bee_0408_2/bee_0408_2_fwd_blue_accident/cam1_2026-04-08_17-52-18.mp4,1937.0,346.0,1725,125,2149,567,0.8272586
401,/Volumes/SmithL0/2026/BIOL470/Final/Learning_Rig/bee_0408_2/bee_0408_2_fwd_blue_accident/cam1_2026-04-08_17-52-18.mp4,1938.0,345.5,1727,124,2149,567,0.82642543
402,/Volumes/SmithL0/2026/BIOL470/Final/Learning_Rig/bee_0408_2/bee_0408_2_fwd_blue_accident/cam1_2026-04-08_17-52-18.mp4,1937.5,345.5,1726,124,2149,567,0.8269734
403,/Volumes/SmithL0/2026/BIOL470/Final/Learning_Rig/bee_0408_2/bee_0408_2_fwd_blue_accident/cam1_2026-04-08_17-52-18.mp4,1938.0,346.0,1727,125,2149,567,0.8272515
404,/Volumes/SmithL0/2026/BIOL470/Final/Learning_Rig/bee_0408_2/bee_0408_2_fwd_blue_accident/cam1_2026-04-08_17-52-18.mp4,1938.5,346.5,1727,126,2150,567,0.8277205
405,/Volumes/SmithL0/2026/BIOL470/Final/Learning_Rig/bee_0408_2/bee_0408_2_fwd_blue_accident/cam1_2026-04-08_17-52-18.mp4,1938.5,347.5,1727,127,2150,568,0.8299406
406,/Volumes/SmithL0/2026/BIOL470/Final/Learning_Rig/bee_0408_2/bee_0408_2_fwd_blue_accident/cam1_2026-04-08_17-52-18.mp4,1938.5,347.0,1727,126,2150,568,0.82943016
407,/Volumes/SmithL0/2026/BIOL470/Final/Learning_Rig/bee_0408_2/bee_0408_2_fwd_blue_accident/cam1_2026-04-08_17-52-18.mp4,1938.0,345.5,1726,123,2150,568,0.8268081
408,/Volumes/SmithL0/2026/BIOL470/Final/Learning_Rig/bee_0408_2/bee_0408_2_fwd_blue_accident/cam1_2026-04-08_17-52-18.mp4,1937.5,346.5,1727,124,2148,569,0.82988113
409,/Volumes/SmithL0/2026/BIOL470/Final/Learning_Rig/bee_0408_2/bee_0408_2_fwd_blue_accident/cam1_2026-04-08_17-52-18.mp4,1937.5,346.0,1727,124,2148,568,0.8295644
410,/Volumes/SmithL0/2026/BIOL470/Final/Learning_Rig/bee_0408_2/bee_0408_2_fwd_blue_accident/cam1_2026-04-08_17-52-18.mp4,1936.5,346.5,1725,125,2148,568,0.828404
411,/Volumes/SmithL0/2026/BIOL470/Final/Learning_Rig/bee_0408_2/bee_0408_2_fwd_blue_accident/cam1_2026-04-08_17-52-18.mp4,1937.0,346.5,1725,125,2149,568,0.8297964
412,/Volumes/SmithL0/2026/BIOL470/Final/Learning_Rig/bee_0408_2/bee_0408_2_fwd_blue_accident/cam1_2026-04-08_17-52-18.mp4,1937.5,346.0,1726,124,2149,568,0.8297991
413,/Volumes/SmithL0/2026/BIOL470/Final/Learning_Rig/bee_0408_2/bee_0408_2_fwd_blue_accident/cam1_2026-04-08_17-52-18.mp4,1937.5,347.0,1725,126,2150,568,0.8295294
414,/Volumes/SmithL0/2026/BIOL470/Final/Learning_Rig/bee_0408_2/bee_0408_2_fwd_blue_accident/cam1_2026-04-08_17-52-18.mp4,1937.0,346.0,1725,125,2149,567,0.8288474
415,/Volumes/SmithL0/2026/BIOL470/Final/Learning_Rig/bee_0408_2/bee_0408_2_fwd_blue_accident/cam1_2026-04-08_17-52-18.mp4,1937.0,344.5,1726,121,2148,568,0.8278158
416,/Volumes/SmithL0/2026/BIOL470/Final/Learning_Rig/bee_0408_2/bee_0408_2_fwd_blue_accident/cam1_2026-04-08_17-52-18.mp4,1938.0,344.0,1726,121,2150,567,0.8272138
417,/Volumes/SmithL0/2026/BIOL470/Final/Learning_Rig/bee_0408_2/bee_0408_2_fwd_blue_accident/cam1_2026-04-08_17-52-18.mp4,1937.0,344.0,1725,120,2149,568,0.8264665
418,/Volumes/SmithL0/2026/BIOL470/Final/Learning_Rig/bee_0408_2/bee_0408_2_fwd_blue_accident/cam1_2026-04-08_17-52-18.mp4,1937.0,344.0,1725,120,2149,568,0.8273577
419,/Volumes/SmithL0/2026/BIOL470/Final/Learning_Rig/bee_0408_2/bee_0408_2_fwd_blue_accident/cam1_2026-04-08_17-52-18.mp4,1937.5,345.0,1725,122,2150,568,0.8275782
420,/Volumes/SmithL0/2026/BIOL470/Final/Learning_Rig/bee_0408_2/bee_0408_2_fwd_blue_accident/cam1_2026-04-08_17-52-18.mp4,1935.5,345.0,1723,122,2148,568,0.8249829
421,/Volumes/SmithL0/2026/BIOL470/Final/Learning_Rig/bee_0408_2/bee_0408_2_fwd_blue_accident/cam1_2026-04-08_17-52-18.mp4,1936.0,345.5,1724,123,2148,568,0.8254262
422,/Volumes/SmithL0/2026/BIOL470/Final/Learning_Rig/bee_0408_2/bee_0408_2_fwd_blue_accident/cam1_2026-04-08_17-52-18.mp4,1937.0,345.0,1725,123,2149,567,0.8258028
423,/Volumes/SmithL0/2026/BIOL470/Final/Learning_Rig/bee_0408_2/bee_0408_2_fwd_blue_accident/cam1_2026-04-08_17-52-18.mp4,1938.0,346.0,1725,124,2151,568,0.8262826
424,/Volumes/SmithL0/2026/BIOL470/Final/Learning_Rig/bee_0408_2/bee_0408_2_fwd_blue_accident/cam1_2026-04-08_17-52-18.mp4,1938.0,346.0,1725,125,2151,567,0.82731676
425,/Volumes/SmithL0/2026/BIOL470/Final/Learning_Rig/bee_0408_2/bee_0408_2_fwd_blue_accident/cam1_2026-04-08_17-52-18.mp4,1936.5,347.0,1724,126,2149,568,0.8287571
426,/Volumes/SmithL0/2026/BIOL470/Final/Learning_Rig/bee_0408_2/bee_0408_2_fwd_blue_accident/cam1_2026-04-08_17-52-18.mp4,1936.5,344.5,1724,121,2149,568,0.82711035
427,/Volumes/SmithL0/2026/BIOL470/Final/Learning_Rig/bee_0408_2/bee_0408_2_fwd_blue_accident/cam1_2026-04-08_17-52-18.mp4,1937.5,344.5,1725,120,2150,569,0.8254627
428,/Volumes/SmithL0/2026/BIOL470/Final/Learning_Rig/bee_0408_2/bee_0408_2_fwd_blue_accident/cam1_2026-04-08_17-52-18.mp4,1936.0,345.0,1724,122,2148,568,0.826142
429,/Volumes/SmithL0/2026/BIOL470/Final/Learning_Rig/bee_0408_2/bee_0408_2_fwd_blue_accident/cam1_2026-04-08_17-52-18.mp4,1936.5,345.0,1725,122,2148,568,0.82626027
430,/Volumes/SmithL0/2026/BIOL470/Final/Learning_Rig/bee_0408_2/bee_0408_2_fwd_blue_accident/cam1_2026-04-08_17-52-18.mp4,1937.0,344.5,1726,122,2148,567,0.82675195
431,/Volumes/SmithL0/2026/BIOL470/Final/Learning_Rig/bee_0408_2/bee_0408_2_fwd_blue_accident/cam1_2026-04-08_17-52-18.mp4,1935.5,345.0,1724,121,2147,569,0.82669705
432,/Volumes/SmithL0/2026/BIOL470/Final/Learning_Rig/bee_0408_2/bee_0408_2_fwd_blue_accident/cam1_2026-04-08_17-52-18.mp4,1937.0,345.0,1725,122,2149,568,0.82572365
433,/Volumes/SmithL0/2026/BIOL470/Final/Learning_Rig/bee_0408_2/bee_0408_2_fwd_blue_accident/cam1_2026-04-08_17-52-18.mp4,1936.5,345.5,1723,123,2150,568,0.82627004
434,/Volumes/SmithL0/2026/BIOL470/Final/Learning_Rig/bee_0408_2/bee_0408_2_fwd_blue_accident/cam1_2026-04-08_17-52-18.mp4,1937.0,345.0,1724,122,2150,568,0.82593364
435,/Volumes/SmithL0/2026/BIOL470/Final/Learning_Rig/bee_0408_2/bee_0408_2_fwd_blue_accident/cam1_2026-04-08_17-52-18.mp4,1936.5,344.5,1724,122,2149,567,0.82479596
436,/Volumes/SmithL0/2026/BIOL470/Final/Learning_Rig/bee_0408_2/bee_0408_2_fwd_blue_accident/cam1_2026-04-08_17-52-18.mp4,1937.5,344.5,1724,122,2151,567,0.8245391
437,/Volumes/SmithL0/2026/BIOL470/Final/Learning_Rig/bee_0408_2/bee_0408_2_fwd_blue_accident/cam1_2026-04-08_17-52-18.mp4,1937.0,343.5,1725,121,2149,566,0.8243718
438,/Volumes/SmithL0/2026/BIOL470/Final/Learning_Rig/bee_0408_2/bee_0408_2_fwd_blue_accident/cam1_2026-04-08_17-52-18.mp4,1936.0,345.5,1723,123,2149,568,0.8255829
439,/Volumes/SmithL0/2026/BIOL470/Final/Learning_Rig/bee_0408_2/bee_0408_2_fwd_blue_accident/cam1_2026-04-08_17-52-18.mp4,1937.0,345.5,1724,124,2150,567,0.8266507
440,/Volumes/SmithL0/2026/BIOL470/Final/Learning_Rig/bee_0408_2/bee_0408_2_fwd_blue_accident/cam1_2026-04-08_17-52-18.mp4,1937.5,345.0,1724,123,2151,567,0.8257146
441,/Volumes/SmithL0/2026/BIOL470/Final/Learning_Rig/bee_0408_2/bee_0408_2_fwd_blue_accident/cam1_2026-04-08_17-52-18.mp4,1937.0,344.5,1724,121,2150,568,0.8252417
442,/Volumes/SmithL0/2026/BIOL470/Final/Learning_Rig/bee_0408_2/bee_0408_2_fwd_blue_accident/cam1_2026-04-08_17-52-18.mp4,1937.0,344.5,1724,121,2150,568,0.82543606
443,/Volumes/SmithL0/2026/BIOL470/Final/Learning_Rig/bee_0408_2/bee_0408_2_fwd_blue_accident/cam1_2026-04-08_17-52-18.mp4,1937.0,345.5,1723,123,2151,568,0.8262407
444,/Volumes/SmithL0/2026/BIOL470/Final/Learning_Rig/bee_0408_2/bee_0408_2_fwd_blue_accident/cam1_2026-04-08_17-52-18.mp4,1937.5,344.0,1725,121,2150,567,0.8256117
445,/Volumes/SmithL0/2026/BIOL470/Final/Learning_Rig/bee_0408_2/bee_0408_2_fwd_blue_accident/cam1_2026-04-08_17-52-18.mp4,1938.0,345.5,1724,124,2152,567,0.82791454
446,/Volumes/SmithL0/2026/BIOL470/Final/Learning_Rig/bee_0408_2/bee_0408_2_fwd_blue_accident/cam1_2026-04-08_17-52-18.mp4,1937.0,345.5,1723,124,2151,567,0.8267615
447,/Volumes/SmithL0/2026/BIOL470/Final/Learning_Rig/bee_0408_2/bee_0408_2_fwd_blue_accident/cam1_2026-04-08_17-52-18.mp4,1938.0,345.5,1725,123,2151,568,0.82831264
448,/Volumes/SmithL0/2026/BIOL470/Final/Learning_Rig/bee_0408_2/bee_0408_2_fwd_blue_accident/cam1_2026-04-08_17-52-18.mp4,1937.5,346.0,1725,124,2150,568,0.83015084
449,/Volumes/SmithL0/2026/BIOL470/Final/Learning_Rig/bee_0408_2/bee_0408_2_fwd_blue_accident/cam1_2026-04-08_17-52-18.mp4,1936.0,346.5,1723,125,2149,568,0.82771504
450,/Volumes/SmithL0/2026/BIOL470/Final/Learning_Rig/bee_0408_2/bee_0408_2_fwd_blue_accident/cam1_2026-04-08_17-52-18.mp4,1937.0,345.0,1726,124,2148,566,0.82666314
451,/Volumes/SmithL0/2026/BIOL470/Final/Learning_Rig/bee_0408_2/bee_0408_2_fwd_blue_accident/cam1_2026-04-08_17-52-18.mp4,1937.0,345.5,1726,124,2148,567,0.8276981
452,/Volumes/SmithL0/2026/BIOL470/Final/Learning_Rig/bee_0408_2/bee_0408_2_fwd_blue_accident/cam1_2026-04-08_17-52-18.mp4,1936.5,345.5,1725,124,2148,567,0.8268374
453,/Volumes/SmithL0/2026/BIOL470/Final/Learning_Rig/bee_0408_2/bee_0408_2_fwd_blue_accident/cam1_2026-04-08_17-52-18.mp4,1936.5,345.5,1725,123,2148,568,0.8276892
454,/Volumes/SmithL0/2026/BIOL470/Final/Learning_Rig/bee_0408_2/bee_0408_2_fwd_blue_accident/cam1_2026-04-08_17-52-18.mp4,1937.0,345.5,1725,124,2149,567,0.82776374
455,/Volumes/SmithL0/2026/BIOL470/Final/Learning_Rig/bee_0408_2/bee_0408_2_fwd_blue_accident/cam1_2026-04-08_17-52-18.mp4,1937.5,345.0,1726,123,2149,567,0.8270052
456,/Volumes/SmithL0/2026/BIOL470/Final/Learning_Rig/bee_0408_2/bee_0408_2_fwd_blue_accident/cam1_2026-04-08_17-52-18.mp4,1938.0,345.5,1726,124,2150,567,0.828273
457,/Volumes/SmithL0/2026/BIOL470/Final/Learning_Rig/bee_0408_2/bee_0408_2_fwd_blue_accident/cam1_2026-04-08_17-52-18.mp4,1938.5,345.0,1727,124,2150,566,0.827201
458,/Volumes/SmithL0/2026/BIOL470/Final/Learning_Rig/bee_0408_2/bee_0408_2_fwd_blue_accident/cam1_2026-04-08_17-52-18.mp4,1937.5,345.0,1726,123,2149,567,0.82609737
459,/Volumes/SmithL0/2026/BIOL470/Final/Learning_Rig/bee_0408_2/bee_0408_2_fwd_blue_accident/cam1_2026-04-08_17-52-18.mp4,1937.0,344.0,1725,124,2149,564,0.82567525
460,/Volumes/SmithL0/2026/BIOL470/Final/Learning_Rig/bee_0408_2/bee_0408_2_fwd_blue_accident/cam1_2026-04-08_17-52-18.mp4,1937.5,344.5,1726,123,2149,566,0.82624143
461,/Volumes/SmithL0/2026/BIOL470/Final/Learning_Rig/bee_0408_2/bee_0408_2_fwd_blue_accident/cam1_2026-04-08_17-52-18.mp4,1937.0,345.5,1725,125,2149,566,0.82733464
462,/Volumes/SmithL0/2026/BIOL470/Final/Learning_Rig/bee_0408_2/bee_0408_2_fwd_blue_accident/cam1_2026-04-08_17-52-18.mp4,1937.5,346.0,1724,126,2151,566,0.82822603
463,/Volumes/SmithL0/2026/BIOL470/Final/Learning_Rig/bee_0408_2/bee_0408_2_fwd_blue_accident/cam1_2026-04-08_17-52-18.mp4,1938.5,344.5,1725,123,2152,566,0.82596916
464,/Volumes/SmithL0/2026/BIOL470/Final/Learning_Rig/bee_0408_2/bee_0408_2_fwd_blue_accident/cam1_2026-04-08_17-52-18.mp4,1938.0,344.5,1725,123,2151,566,0.8247529
465,/Volumes/SmithL0/2026/BIOL470/Final/Learning_Rig/bee_0408_2/bee_0408_2_fwd_blue_accident/cam1_2026-04-08_17-52-18.mp4,1935.0,345.5,1720,124,2150,567,0.8253042
466,/Volumes/SmithL0/2026/BIOL470/Final/Learning_Rig/bee_0408_2/bee_0408_2_fwd_blue_accident/cam1_2026-04-08_17-52-18.mp4,1936.5,344.0,1722,122,2151,566,0.822818
467,/Volumes/SmithL0/2026/BIOL470/Final/Learning_Rig/bee_0408_2/bee_0408_2_fwd_blue_accident/cam1_2026-04-08_17-52-18.mp4,1937.5,344.0,1725,122,2150,566,0.8251022
468,/Volumes/SmithL0/2026/BIOL470/Final/Learning_Rig/bee_0408_2/bee_0408_2_fwd_blue_accident/cam1_2026-04-08_17-52-18.mp4,1938.0,346.0,1726,126,2150,566,0.82740766
469,/Volumes/SmithL0/2026/BIOL470/Final/Learning_Rig/bee_0408_2/bee_0408_2_fwd_blue_accident/cam1_2026-04-08_17-52-18.mp4,1937.0,345.5,1725,124,2149,567,0.8264727
470,/Volumes/SmithL0/2026/BIOL470/Final/Learning_Rig/bee_0408_2/bee_0408_2_fwd_blue_accident/cam1_2026-04-08_17-52-18.mp4,1937.5,345.5,1725,124,2150,567,0.8257362
471,/Volumes/SmithL0/2026/BIOL470/Final/Learning_Rig/bee_0408_2/bee_0408_2_fwd_blue_accident/cam1_2026-04-08_17-52-18.mp4,1937.5,344.5,1725,122,2150,567,0.8266987
472,/Volumes/SmithL0/2026/BIOL470/Final/Learning_Rig/bee_0408_2/bee_0408_2_fwd_blue_accident/cam1_2026-04-08_17-52-18.mp4,1937.0,343.0,1725,119,2149,567,0.8245526
473,/Volumes/SmithL0/2026/BIOL470/Final/Learning_Rig/bee_0408_2/bee_0408_2_fwd_blue_accident/cam1_2026-04-08_17-52-18.mp4,1937.5,343.5,1726,120,2149,567,0.8255918
474,/Volumes/SmithL0/2026/BIOL470/Final/Learning_Rig/bee_0408_2/bee_0408_2_fwd_blue_accident/cam1_2026-04-08_17-52-18.mp4,1938.0,343.0,1726,119,2150,567,0.82387596
475,/Volumes/SmithL0/2026/BIOL470/Final/Learning_Rig/bee_0408_2/bee_0408_2_fwd_blue_accident/cam1_2026-04-08_17-52-18.mp4,1938.0,345.0,1727,122,2149,568,0.8256717
476,/Volumes/SmithL0/2026/BIOL470/Final/Learning_Rig/bee_0408_2/bee_0408_2_fwd_blue_accident/cam1_2026-04-08_17-52-18.mp4,1939.0,344.5,1727,122,2151,567,0.8247164
477,/Volumes/SmithL0/2026/BIOL470/Final/Learning_Rig/bee_0408_2/bee_0408_2_fwd_blue_accident/cam1_2026-04-08_17-52-18.mp4,1938.5,346.0,1727,125,2150,567,0.8264955
478,/Volumes/SmithL0/2026/BIOL470/Final/Learning_Rig/bee_0408_2/bee_0408_2_fwd_blue_accident/cam1_2026-04-08_17-52-18.mp4,1936.5,345.0,1724,123,2149,567,0.82362545
479,/Volumes/SmithL0/2026/BIOL470/Final/Learning_Rig/bee_0408_2/bee_0408_2_fwd_blue_accident/cam1_2026-04-08_17-52-18.mp4,1936.5,345.0,1724,122,2149,568,0.82499146
480,/Volumes/SmithL0/2026/BIOL470/Final/Learning_Rig/bee_0408_2/bee_0408_2_fwd_blue_accident/cam1_2026-04-08_17-52-18.mp4,1936.5,346.0,1723,124,2150,568,0.8264994
481,/Volumes/SmithL0/2026/BIOL470/Final/Learning_Rig/bee_0408_2/bee_0408_2_fwd_blue_accident/cam1_2026-04-08_17-52-18.mp4,1936.5,345.0,1724,122,2149,568,0.8257287
482,/Volumes/SmithL0/2026/BIOL470/Final/Learning_Rig/bee_0408_2/bee_0408_2_fwd_blue_accident/cam1_2026-04-08_17-52-18.mp4,1937.0,345.0,1724,122,2150,568,0.82696044
483,/Volumes/SmithL0/2026/BIOL470/Final/Learning_Rig/bee_0408_2/bee_0408_2_fwd_blue_accident/cam1_2026-04-08_17-52-18.mp4,1936.5,344.5,1723,120,2150,569,0.8257591
484,/Volumes/SmithL0/2026/BIOL470/Final/Learning_Rig/bee_0408_2/bee_0408_2_fwd_blue_accident/cam1_2026-04-08_17-52-18.mp4,1937.0,344.5,1724,121,2150,568,0.8255294
485,/Volumes/SmithL0/2026/BIOL470/Final/Learning_Rig/bee_0408_2/bee_0408_2_fwd_blue_accident/cam1_2026-04-08_17-52-18.mp4,1938.0,344.5,1725,122,2151,567,0.8253946
486,/Volumes/SmithL0/2026/BIOL470/Final/Learning_Rig/bee_0408_2/bee_0408_2_fwd_blue_accident/cam1_2026-04-08_17-52-18.mp4,1936.0,344.5,1722,121,2150,568,0.82401735
487,/Volumes/SmithL0/2026/BIOL470/Final/Learning_Rig/bee_0408_2/bee_0408_2_fwd_blue_accident/cam1_2026-04-08_17-52-18.mp4,1936.5,345.5,1724,124,2149,567,0.8255645
488,/Volumes/SmithL0/2026/BIOL470/Final/Learning_Rig/bee_0408_2/bee_0408_2_fwd_blue_accident/cam1_2026-04-08_17-52-18.mp4,1938.0,345.5,1726,123,2150,568,0.8273036
489,/Volumes/SmithL0/2026/BIOL470/Final/Learning_Rig/bee_0408_2/bee_0408_2_fwd_blue_accident/cam1_2026-04-08_17-52-18.mp4,1938.0,344.5,1726,121,2150,568,0.82668597
490,/Volumes/SmithL0/2026/BIOL470/Final/Learning_Rig/bee_0408_2/bee_0408_2_fwd_blue_accident/cam1_2026-04-08_17-52-18.mp4,1938.0,344.0,1727,122,2149,566,0.825998
491,/Volumes/SmithL0/2026/BIOL470/Final/Learning_Rig/bee_0408_2/bee_0408_2_fwd_blue_accident/cam1_2026-04-08_17-52-18.mp4,1937.0,345.0,1725,122,2149,568,0.82648265
492,/Volumes/SmithL0/2026/BIOL470/Final/Learning_Rig/bee_0408_2/bee_0408_2_fwd_blue_accident/cam1_2026-04-08_17-52-18.mp4,1937.5,344.5,1726,122,2149,567,0.8258321
493,/Volumes/SmithL0/2026/BIOL470/Final/Learning_Rig/bee_0408_2/bee_0408_2_fwd_blue_accident/cam1_2026-04-08_17-52-18.mp4,1936.0,345.0,1724,122,2148,568,0.82582545
494,/Volumes/SmithL0/2026/BIOL470/Final/Learning_Rig/bee_0408_2/bee_0408_2_fwd_blue_accident/cam1_2026-04-08_17-52-18.mp4,1935.5,346.5,1724,124,2147,569,0.8267267
495,/Volumes/SmithL0/2026/BIOL470/Final/Learning_Rig/bee_0408_2/bee_0408_2_fwd_blue_accident/cam1_2026-04-08_17-52-18.mp4,1936.0,345.5,1725,123,2147,568,0.82652116
496,/Volumes/SmithL0/2026/BIOL470/Final/Learning_Rig/bee_0408_2/bee_0408_2_fwd_blue_accident/cam1_2026-04-08_17-52-18.mp4,1935.0,346.5,1724,125,2146,568,0.8280311
497,/Volumes/SmithL0/2026/BIOL470/Final/Learning_Rig/bee_0408_2/bee_0408_2_fwd_blue_accident/cam1_2026-04-08_17-52-18.mp4,1936.5,345.5,1725,125,2148,566,0.82663965
498,/Volumes/SmithL0/2026/BIOL470/Final/Learning_Rig/bee_0408_2/bee_0408_2_fwd_blue_accident/cam1_2026-04-08_17-52-18.mp4,1936.5,347.0,1726,126,2147,568,0.82812047
499,/Volumes/SmithL0/2026/BIOL470/Final/Learning_Rig/bee_0408_2/bee_0408_2_fwd_blue_accident/cam1_2026-04-08_17-52-18.mp4,1937.0,346.0,1725,124,2149,568,0.8266803
500,/Volumes/SmithL0/2026/BIOL470/Final/Learning_Rig/bee_0408_2/bee_0408_2_fwd_blue_accident/cam1_2026-04-08_17-52-18.mp4,1937.5,346.0,1726,124,2149,568,0.8274896
501,/Volumes/SmithL0/2026/BIOL470/Final/Learning_Rig/bee_0408_2/bee_0408_2_fwd_blue_accident/cam1_2026-04-08_17-52-18.mp4,1937.5,346.0,1726,124,2149,568,0.82859075
502,/Volumes/SmithL0/2026/BIOL470/Final/Learning_Rig/bee_0408_2/bee_0408_2_fwd_blue_accident/cam1_2026-04-08_17-52-18.mp4,1937.5,345.5,1726,125,2149,566,0.8277245
503,/Volumes/SmithL0/2026/BIOL470/Final/Learning_Rig/bee_0408_2/bee_0408_2_fwd_blue_accident/cam1_2026-04-08_17-52-18.mp4,1937.0,346.5,1726,125,2148,568,0.82790715
504,/Volumes/SmithL0/2026/BIOL470/Final/Learning_Rig/bee_0408_2/bee_0408_2_fwd_blue_accident/cam1_2026-04-08_17-52-18.mp4,1935.5,347.0,1724,125,2147,569,0.8280236
505,/Volumes/SmithL0/2026/BIOL470/Final/Learning_Rig/bee_0408_2/bee_0408_2_fwd_blue_accident/cam1_2026-04-08_17-52-18.mp4,1936.0,346.5,1724,124,2148,569,0.8278489
506,/Volumes/SmithL0/2026/BIOL470/Final/Learning_Rig/bee_0408_2/bee_0408_2_fwd_blue_accident/cam1_2026-04-08_17-52-18.mp4,1936.5,345.5,1725,123,2148,568,0.82710505
507,/Volumes/SmithL0/2026/BIOL470/Final/Learning_Rig/bee_0408_2/bee_0408_2_fwd_blue_accident/cam1_2026-04-08_17-52-18.mp4,1936.5,345.5,1725,122,2148,569,0.82727057
508,/Volumes/SmithL0/2026/BIOL470/Final/Learning_Rig/bee_0408_2/bee_0408_2_fwd_blue_accident/cam1_2026-04-08_17-52-18.mp4,1936.0,345.0,1724,122,2148,568,0.8258012
509,/Volumes/SmithL0/2026/BIOL470/Final/Learning_Rig/bee_0408_2/bee_0408_2_fwd_blue_accident/cam1_2026-04-08_17-52-18.mp4,1936.5,344.0,1724,120,2149,568,0.8250046
510,/Volumes/SmithL0/2026/BIOL470/Final/Learning_Rig/bee_0408_2/bee_0408_2_fwd_blue_accident/cam1_2026-04-08_17-52-18.mp4,1938.0,344.0,1726,119,2150,569,0.8253572
511,/Volumes/SmithL0/2026/BIOL470/Final/Learning_Rig/bee_0408_2/bee_0408_2_fwd_blue_accident/cam1_2026-04-08_17-52-18.mp4,1938.0,344.0,1726,119,2150,569,0.8250941
512,/Volumes/SmithL0/2026/BIOL470/Final/Learning_Rig/bee_0408_2/bee_0408_2_fwd_blue_accident/cam1_2026-04-08_17-52-18.mp4,1937.0,345.0,1725,121,2149,569,0.8271078
513,/Volumes/SmithL0/2026/BIOL470/Final/Learning_Rig/bee_0408_2/bee_0408_2_fwd_blue_accident/cam1_2026-04-08_17-52-18.mp4,1936.0,345.0,1724,121,2148,569,0.8273375
514,/Volumes/SmithL0/2026/BIOL470/Final/Learning_Rig/bee_0408_2/bee_0408_2_fwd_blue_accident/cam1_2026-04-08_17-52-18.mp4,1936.0,345.5,1724,122,2148,569,0.8274461
515,/Volumes/SmithL0/2026/BIOL470/Final/Learning_Rig/bee_0408_2/bee_0408_2_fwd_blue_accident/cam1_2026-04-08_17-52-18.mp4,1936.5,345.5,1725,121,2148,570,0.82702994
516,/Volumes/SmithL0/2026/BIOL470/Final/Learning_Rig/bee_0408_2/bee_0408_2_fwd_blue_accident/cam1_2026-04-08_17-52-18.mp4,1936.0,345.0,1724,120,2148,570,0.8256037
517,/Volumes/SmithL0/2026/BIOL470/Final/Learning_Rig/bee_0408_2/bee_0408_2_fwd_blue_accident/cam1_2026-04-08_17-52-18.mp4,1936.0,346.5,1724,123,2148,570,0.8274063
518,/Volumes/SmithL0/2026/BIOL470/Final/Learning_Rig/bee_0408_2/bee_0408_2_fwd_blue_accident/cam1_2026-04-08_17-52-18.mp4,1935.0,345.0,1723,121,2147,569,0.82566476
519,/Volumes/SmithL0/2026/BIOL470/Final/Learning_Rig/bee_0408_2/bee_0408_2_fwd_blue_accident/cam1_2026-04-08_17-52-18.mp4,1934.5,345.0,1723,121,2146,569,0.8257754
520,/Volumes/SmithL0/2026/BIOL470/Final/Learning_Rig/bee_0408_2/bee_0408_2_fwd_blue_accident/cam1_2026-04-08_17-52-18.mp4,1935.0,345.5,1723,122,2147,569,0.8257883
521,/Volumes/SmithL0/2026/BIOL470/Final/Learning_Rig/bee_0408_2/bee_0408_2_fwd_blue_accident/cam1_2026-04-08_17-52-18.mp4,1934.5,346.0,1723,121,2146,571,0.82636476
522,/Volumes/SmithL0/2026/BIOL470/Final/Learning_Rig/bee_0408_2/bee_0408_2_fwd_blue_accident/cam1_2026-04-08_17-52-18.mp4,1935.0,346.0,1723,122,2147,570,0.8283269
523,/Volumes/SmithL0/2026/BIOL470/Final/Learning_Rig/bee_0408_2/bee_0408_2_fwd_blue_accident/cam1_2026-04-08_17-52-18.mp4,1935.5,345.5,1724,122,2147,569,0.82696277
524,/Volumes/SmithL0/2026/BIOL470/Final/Learning_Rig/bee_0408_2/bee_0408_2_fwd_blue_accident/cam1_2026-04-08_17-52-18.mp4,1936.5,344.5,1725,121,2148,568,0.82582724
525,/Volumes/SmithL0/2026/BIOL470/Final/Learning_Rig/bee_0408_2/bee_0408_2_fwd_blue_accident/cam1_2026-04-08_17-52-18.mp4,1935.5,346.5,1723,124,2148,569,0.82786536
526,/Volumes/SmithL0/2026/BIOL470/Final/Learning_Rig/bee_0408_2/bee_0408_2_fwd_blue_accident/cam1_2026-04-08_17-52-18.mp4,1936.0,346.0,1723,125,2149,567,0.8260853
527,/Volumes/SmithL0/2026/BIOL470/Final/Learning_Rig/bee_0408_2/bee_0408_2_fwd_blue_accident/cam1_2026-04-08_17-52-18.mp4,1936.0,345.0,1724,122,2148,568,0.82470375
528,/Volumes/SmithL0/2026/BIOL470/Final/Learning_Rig/bee_0408_2/bee_0408_2_fwd_blue_accident/cam1_2026-04-08_17-52-18.mp4,1936.5,344.5,1724,122,2149,567,0.82490635
529,/Volumes/SmithL0/2026/BIOL470/Final/Learning_Rig/bee_0408_2/bee_0408_2_fwd_blue_accident/cam1_2026-04-08_17-52-18.mp4,1937.5,343.5,1725,119,2150,568,0.82403535
530,/Volumes/SmithL0/2026/BIOL470/Final/Learning_Rig/bee_0408_2/bee_0408_2_fwd_blue_accident/cam1_2026-04-08_17-52-18.mp4,1936.5,344.5,1725,121,2148,568,0.823925
531,/Volumes/SmithL0/2026/BIOL470/Final/Learning_Rig/bee_0408_2/bee_0408_2_fwd_blue_accident/cam1_2026-04-08_17-52-18.mp4,1937.5,343.0,1726,119,2149,567,0.8237165
532,/Volumes/SmithL0/2026/BIOL470/Final/Learning_Rig/bee_0408_2/bee_0408_2_fwd_blue_accident/cam1_2026-04-08_17-52-18.mp4,1937.5,343.0,1725,119,2150,567,0.82309496
533,/Volumes/SmithL0/2026/BIOL470/Final/Learning_Rig/bee_0408_2/bee_0408_2_fwd_blue_accident/cam1_2026-04-08_17-52-18.mp4,1936.5,343.0,1725,118,2148,568,0.8239094
534,/Volumes/SmithL0/2026/BIOL470/Final/Learning_Rig/bee_0408_2/bee_0408_2_fwd_blue_accident/cam1_2026-04-08_17-52-18.mp4,1936.5,344.0,1725,120,2148,568,0.8251799
535,/Volumes/SmithL0/2026/BIOL470/Final/Learning_Rig/bee_0408_2/bee_0408_2_fwd_blue_accident/cam1_2026-04-08_17-52-18.mp4,1936.5,345.0,1725,122,2148,568,0.8262728
536,/Volumes/SmithL0/2026/BIOL470/Final/Learning_Rig/bee_0408_2/bee_0408_2_fwd_blue_accident/cam1_2026-04-08_17-52-18.mp4,1937.0,344.5,1726,121,2148,568,0.82525367
537,/Volumes/SmithL0/2026/BIOL470/Final/Learning_Rig/bee_0408_2/bee_0408_2_fwd_blue_accident/cam1_2026-04-08_17-52-18.mp4,1936.5,344.5,1725,121,2148,568,0.8255173
538,/Volumes/SmithL0/2026/BIOL470/Final/Learning_Rig/bee_0408_2/bee_0408_2_fwd_blue_accident/cam1_2026-04-08_17-52-18.mp4,1936.5,344.5,1725,122,2148,567,0.8251532
539,/Volumes/SmithL0/2026/BIOL470/Final/Learning_Rig/bee_0408_2/bee_0408_2_fwd_blue_accident/cam1_2026-04-08_17-52-18.mp4,1935.5,344.5,1724,121,2147,568,0.82472193
540,/Volumes/SmithL0/2026/BIOL470/Final/Learning_Rig/bee_0408_2/bee_0408_2_fwd_blue_accident/cam1_2026-04-08_17-52-18.mp4,1936.5,344.0,1725,119,2148,569,0.82603854
541,/Volumes/SmithL0/2026/BIOL470/Final/Learning_Rig/bee_0408_2/bee_0408_2_fwd_blue_accident/cam1_2026-04-08_17-52-18.mp4,1937.0,344.5,1725,120,2149,569,0.8269738
542,/Volumes/SmithL0/2026/BIOL470/Final/Learning_Rig/bee_0408_2/bee_0408_2_fwd_blue_accident/cam1_2026-04-08_17-52-18.mp4,1937.0,344.5,1725,121,2149,568,0.8262118
543,/Volumes/SmithL0/2026/BIOL470/Final/Learning_Rig/bee_0408_2/bee_0408_2_fwd_blue_accident/cam1_2026-04-08_17-52-18.mp4,1937.0,345.0,1725,121,2149,569,0.8261754
544,/Volumes/SmithL0/2026/BIOL470/Final/Learning_Rig/bee_0408_2/bee_0408_2_fwd_blue_accident/cam1_2026-04-08_17-52-18.mp4,1937.5,342.5,1725,118,2150,567,0.8248623
545,/Volumes/SmithL0/2026/BIOL470/Final/Learning_Rig/bee_0408_2/bee_0408_2_fwd_blue_accident/cam1_2026-04-08_17-52-18.mp4,1938.5,343.5,1726,120,2151,567,0.82637405
546,/Volumes/SmithL0/2026/BIOL470/Final/Learning_Rig/bee_0408_2/bee_0408_2_fwd_blue_accident/cam1_2026-04-08_17-52-18.mp4,1939.0,343.5,1727,120,2151,567,0.82621926
547,/Volumes/SmithL0/2026/BIOL470/Final/Learning_Rig/bee_0408_2/bee_0408_2_fwd_blue_accident/cam1_2026-04-08_17-52-18.mp4,1938.5,343.0,1726,119,2151,567,0.8255209
548,/Volumes/SmithL0/2026/BIOL470/Final/Learning_Rig/bee_0408_2/bee_0408_2_fwd_blue_accident/cam1_2026-04-08_17-52-18.mp4,1937.5,344.0,1726,119,2149,569,0.82613146
549,/Volumes/SmithL0/2026/BIOL470/Final/Learning_Rig/bee_0408_2/bee_0408_2_fwd_blue_accident/cam1_2026-04-08_17-52-18.mp4,1936.5,343.0,1725,117,2148,569,0.82442784
550,/Volumes/SmithL0/2026/BIOL470/Final/Learning_Rig/bee_0408_2/bee_0408_2_fwd_blue_accident/cam1_2026-04-08_17-52-18.mp4,1936.5,343.5,1725,119,2148,568,0.8247428
551,/Volumes/SmithL0/2026/BIOL470/Final/Learning_Rig/bee_0408_2/bee_0408_2_fwd_blue_accident/cam1_2026-04-08_17-52-18.mp4,1937.0,343.0,1726,117,2148,569,0.82488966
552,/Volumes/SmithL0/2026/BIOL470/Final/Learning_Rig/bee_0408_2/bee_0408_2_fwd_blue_accident/cam1_2026-04-08_17-52-18.mp4,1936.0,345.0,1724,121,2148,569,0.8254457
553,/Volumes/SmithL0/2026/BIOL470/Final/Learning_Rig/bee_0408_2/bee_0408_2_fwd_blue_accident/cam1_2026-04-08_17-52-18.mp4,1937.0,345.0,1725,121,2149,569,0.8265416
554,/Volumes/SmithL0/2026/BIOL470/Final/Learning_Rig/bee_0408_2/bee_0408_2_fwd_blue_accident/cam1_2026-04-08_17-52-18.mp4,1936.5,345.0,1724,122,2149,568,0.82626706
555,/Volumes/SmithL0/2026/BIOL470/Final/Learning_Rig/bee_0408_2/bee_0408_2_fwd_blue_accident/cam1_2026-04-08_17-52-18.mp4,1936.5,345.0,1724,121,2149,569,0.8270205
556,/Volumes/SmithL0/2026/BIOL470/Final/Learning_Rig/bee_0408_2/bee_0408_2_fwd_blue_accident/cam1_2026-04-08_17-52-18.mp4,1936.0,345.5,1724,122,2148,569,0.82625896
557,/Volumes/SmithL0/2026/BIOL470/Final/Learning_Rig/bee_0408_2/bee_0408_2_fwd_blue_accident/cam1_2026-04-08_17-52-18.mp4,1937.0,345.0,1725,122,2149,568,0.8269458
558,/Volumes/SmithL0/2026/BIOL470/Final/Learning_Rig/bee_0408_2/bee_0408_2_fwd_blue_accident/cam1_2026-04-08_17-52-18.mp4,1938.0,344.0,1727,120,2149,568,0.82584614
559,/Volumes/SmithL0/2026/BIOL470/Final/Learning_Rig/bee_0408_2/bee_0408_2_fwd_blue_accident/cam1_2026-04-08_17-52-18.mp4,1937.5,343.5,1726,119,2149,568,0.8254911
560,/Volumes/SmithL0/2026/BIOL470/Final/Learning_Rig/bee_0408_2/bee_0408_2_fwd_blue_accident/cam1_2026-04-08_17-52-18.mp4,1937.0,345.0,1726,121,2148,569,0.8270053
561,/Volumes/SmithL0/2026/BIOL470/Final/Learning_Rig/bee_0408_2/bee_0408_2_fwd_blue_accident/cam1_2026-04-08_17-52-18.mp4,1937.5,345.0,1725,122,2150,568,0.82653743
562,/Volumes/SmithL0/2026/BIOL470/Final/Learning_Rig/bee_0408_2/bee_0408_2_fwd_blue_accident/cam1_2026-04-08_17-52-18.mp4,1937.5,345.0,1725,122,2150,568,0.82663405
563,/Volumes/SmithL0/2026/BIOL470/Final/Learning_Rig/bee_0408_2/bee_0408_2_fwd_blue_accident/cam1_2026-04-08_17-52-18.mp4,1937.0,345.5,1725,121,2149,570,0.825741
564,/Volumes/SmithL0/2026/BIOL470/Final/Learning_Rig/bee_0408_2/bee_0408_2_fwd_blue_accident/cam1_2026-04-08_17-52-18.mp4,1937.0,346.5,1725,124,2149,569,0.82680947
565,/Volumes/SmithL0/2026/BIOL470/Final/Learning_Rig/bee_0408_2/bee_0408_2_fwd_blue_accident/cam1_2026-04-08_17-52-18.mp4,1936.5,346.0,1724,124,2149,568,0.82709724
566,/Volumes/SmithL0/2026/BIOL470/Final/Learning_Rig/bee_0408_2/bee_0408_2_fwd_blue_accident/cam1_2026-04-08_17-52-18.mp4,1937.0,346.5,1724,125,2150,568,0.82803684
567,/Volumes/SmithL0/2026/BIOL470/Final/Learning_Rig/bee_0408_2/bee_0408_2_fwd_blue_accident/cam1_2026-04-08_17-52-18.mp4,1937.5,347.5,1725,127,2150,568,0.8299059
568,/Volumes/SmithL0/2026/BIOL470/Final/Learning_Rig/bee_0408_2/bee_0408_2_fwd_blue_accident/cam1_2026-04-08_17-52-18.mp4,1937.0,347.5,1725,126,2149,569,0.8303484
569,/Volumes/SmithL0/2026/BIOL470/Final/Learning_Rig/bee_0408_2/bee_0408_2_fwd_blue_accident/cam1_2026-04-08_17-52-18.mp4,1938.0,347.5,1726,125,2150,570,0.8303978
570,/Volumes/SmithL0/2026/BIOL470/Final/Learning_Rig/bee_0408_2/bee_0408_2_fwd_blue_accident/cam1_2026-04-08_17-52-18.mp4,1936.5,344.5,1725,121,2148,568,0.82513016
571,/Volumes/SmithL0/2026/BIOL470/Final/Learning_Rig/bee_0408_2/bee_0408_2_fwd_blue_accident/cam1_2026-04-08_17-52-18.mp4,1936.0,344.0,1725,119,2147,569,0.82385397
572,/Volumes/SmithL0/2026/BIOL470/Final/Learning_Rig/bee_0408_2/bee_0408_2_fwd_blue_accident/cam1_2026-04-08_17-52-18.mp4,1937.5,342.5,1726,116,2149,569,0.82387906
573,/Volumes/SmithL0/2026/BIOL470/Final/Learning_Rig/bee_0408_2/bee_0408_2_fwd_blue_accident/cam1_2026-04-08_17-52-18.mp4,1936.5,343.0,1724,118,2149,568,0.82407516
574,/Volumes/SmithL0/2026/BIOL470/Final/Learning_Rig/bee_0408_2/bee_0408_2_fwd_blue_accident/cam1_2026-04-08_17-52-18.mp4,1935.5,343.5,1723,119,2148,568,0.8234011
575,/Volumes/SmithL0/2026/BIOL470/Final/Learning_Rig/bee_0408_2/bee_0408_2_fwd_blue_accident/cam1_2026-04-08_17-52-18.mp4,1935.5,347.0,1723,125,2148,569,0.8266836
576,/Volumes/SmithL0/2026/BIOL470/Final/Learning_Rig/bee_0408_2/bee_0408_2_fwd_blue_accident/cam1_2026-04-08_17-52-18.mp4,1936.0,344.5,1723,121,2149,568,0.8241647
577,/Volumes/SmithL0/2026/BIOL470/Final/Learning_Rig/bee_0408_2/bee_0408_2_fwd_blue_accident/cam1_2026-04-08_17-52-18.mp4,1937.0,345.0,1724,121,2150,569,0.8256001
578,/Volumes/SmithL0/2026/BIOL470/Final/Learning_Rig/bee_0408_2/bee_0408_2_fwd_blue_accident/cam1_2026-04-08_17-52-18.mp4,1936.0,345.0,1723,122,2149,568,0.82501477
579,/Volumes/SmithL0/2026/BIOL470/Final/Learning_Rig/bee_0408_2/bee_0408_2_fwd_blue_accident/cam1_2026-04-08_17-52-18.mp4,1936.5,345.5,1724,122,2149,569,0.8254125
580,/Volumes/SmithL0/2026/BIOL470/Final/Learning_Rig/bee_0408_2/bee_0408_2_fwd_blue_accident/cam1_2026-04-08_17-52-18.mp4,1936.5,345.5,1724,122,2149,569,0.8259739
581,/Volumes/SmithL0/2026/BIOL470/Final/Learning_Rig/bee_0408_2/bee_0408_2_fwd_blue_accident/cam1_2026-04-08_17-52-18.mp4,1936.5,345.0,1724,121,2149,569,0.82643306
582,/Volumes/SmithL0/2026/BIOL470/Final/Learning_Rig/bee_0408_2/bee_0408_2_fwd_blue_accident/cam1_2026-04-08_17-52-18.mp4,1935.5,346.0,1724,123,2147,569,0.8262142
583,/Volumes/SmithL0/2026/BIOL470/Final/Learning_Rig/bee_0408_2/bee_0408_2_fwd_blue_accident/cam1_2026-04-08_17-52-18.mp4,1935.5,345.0,1724,122,2147,568,0.823687
584,/Volumes/SmithL0/2026/BIOL470/Final/Learning_Rig/bee_0408_2/bee_0408_2_fwd_blue_accident/cam1_2026-04-08_17-52-18.mp4,1934.0,346.0,1722,123,2146,569,0.8244201
585,/Volumes/SmithL0/2026/BIOL470/Final/Learning_Rig/bee_0408_2/bee_0408_2_fwd_blue_accident/cam1_2026-04-08_17-52-18.mp4,1936.5,346.0,1725,124,2148,568,0.8261171
586,/Volumes/SmithL0/2026/BIOL470/Final/Learning_Rig/bee_0408_2/bee_0408_2_fwd_blue_accident/cam1_2026-04-08_17-52-18.mp4,1937.5,345.0,1726,122,2149,568,0.82650465
587,/Volumes/SmithL0/2026/BIOL470/Final/Learning_Rig/bee_0408_2/bee_0408_2_fwd_blue_accident/cam1_2026-04-08_17-52-18.mp4,1936.5,345.0,1726,121,2147,569,0.8263351
588,/Volumes/SmithL0/2026/BIOL470/Final/Learning_Rig/bee_0408_2/bee_0408_2_fwd_blue_accident/cam1_2026-04-08_17-52-18.mp4,1936.0,346.0,1725,123,2147,569,0.82773536
589,/Volumes/SmithL0/2026/BIOL470/Final/Learning_Rig/bee_0408_2/bee_0408_2_fwd_blue_accident/cam1_2026-04-08_17-52-18.mp4,1935.5,346.0,1724,124,2147,568,0.8263139
590,/Volumes/SmithL0/2026/BIOL470/Final/Learning_Rig/bee_0408_2/bee_0408_2_fwd_blue_accident/cam1_2026-04-08_17-52-18.mp4,1936.0,346.0,1725,124,2147,568,0.8278842
591,/Volumes/SmithL0/2026/BIOL470/Final/Learning_Rig/bee_0408_2/bee_0408_2_fwd_blue_accident/cam1_2026-04-08_17-52-18.mp4,1935.5,345.5,1724,122,2147,569,0.826668
592,/Volumes/SmithL0/2026/BIOL470/Final/Learning_Rig/bee_0408_2/bee_0408_2_fwd_blue_accident/cam1_2026-04-08_17-52-18.mp4,1936.5,345.5,1726,123,2147,568,0.82795054
593,/Volumes/SmithL0/2026/BIOL470/Final/Learning_Rig/bee_0408_2/bee_0408_2_fwd_blue_accident/cam1_2026-04-08_17-52-18.mp4,1936.0,346.5,1725,124,2147,569,0.8282709
594,/Volumes/SmithL0/2026/BIOL470/Final/Learning_Rig/bee_0408_2/bee_0408_2_fwd_blue_accident/cam1_2026-04-08_17-52-18.mp4,1936.0,345.5,1725,122,2147,569,0.82766765
595,/Volumes/SmithL0/2026/BIOL470/Final/Learning_Rig/bee_0408_2/bee_0408_2_fwd_blue_accident/cam1_2026-04-08_17-52-18.mp4,1935.5,346.5,1724,123,2147,570,0.82794535
596,/Volumes/SmithL0/2026/BIOL470/Final/Learning_Rig/bee_0408_2/bee_0408_2_fwd_blue_accident/cam1_2026-04-08_17-52-18.mp4,1935.0,346.0,1723,123,2147,569,0.82586914
597,/Volumes/SmithL0/2026/BIOL470/Final/Learning_Rig/bee_0408_2/bee_0408_2_fwd_blue_accident/cam1_2026-04-08_17-52-18.mp4,1935.5,345.5,1724,123,2147,568,0.82624257
598,/Volumes/SmithL0/2026/BIOL470/Final/Learning_Rig/bee_0408_2/bee_0408_2_fwd_blue_accident/cam1_2026-04-08_17-52-18.mp4,1936.0,345.5,1725,123,2147,568,0.8263102
599,/Volumes/SmithL0/2026/BIOL470/Final/Learning_Rig/bee_0408_2/bee_0408_2_fwd_blue_accident/cam1_2026-04-08_17-52-18.mp4,1935.5,345.0,1724,122,2147,568,0.82637763
600,/Volumes/SmithL0/2026/BIOL470/Final/Learning_Rig/bee_0408_2/bee_0408_2_fwd_blue_accident/cam1_2026-04-08_17-52-18.mp4,1937.5,343.5,1726,119,2149,568,0.824656
601,/Volumes/SmithL0/2026/BIOL470/Final/Learning_Rig/bee_0408_2/bee_0408_2_fwd_blue_accident/cam1_2026-04-08_17-52-18.mp4,1937.0,344.0,1725,120,2149,568,0.8258841
602,/Volumes/SmithL0/2026/BIOL470/Final/Learning_Rig/bee_0408_2/bee_0408_2_fwd_blue_accident/cam1_2026-04-08_17-52-18.mp4,1936.5,343.5,1724,118,2149,569,0.823738
603,/Volumes/SmithL0/2026/BIOL470/Final/Learning_Rig/bee_0408_2/bee_0408_2_fwd_blue_accident/cam1_2026-04-08_17-52-18.mp4,1935.5,343.0,1723,118,2148,568,0.82400614
604,/Volumes/SmithL0/2026/BIOL470/Final/Learning_Rig/bee_0408_2/bee_0408_2_fwd_blue_accident/cam1_2026-04-08_17-52-18.mp4,1935.5,343.0,1722,118,2149,568,0.82234687
605,/Volumes/SmithL0/2026/BIOL470/Final/Learning_Rig/bee_0408_2/bee_0408_2_fwd_blue_accident/cam1_2026-04-08_17-52-18.mp4,1936.0,344.0,1724,121,2148,567,0.8243332
606,/Volumes/SmithL0/2026/BIOL470/Final/Learning_Rig/bee_0408_2/bee_0408_2_fwd_blue_accident/cam1_2026-04-08_17-52-18.mp4,1935.5,344.0,1723,120,2148,568,0.8239209
607,/Volumes/SmithL0/2026/BIOL470/Final/Learning_Rig/bee_0408_2/bee_0408_2_fwd_blue_accident/cam1_2026-04-08_17-52-18.mp4,1936.0,345.0,1725,121,2147,569,0.82537305
608,/Volumes/SmithL0/2026/BIOL470/Final/Learning_Rig/bee_0408_2/bee_0408_2_fwd_blue_accident/cam1_2026-04-08_17-52-18.mp4,1935.0,344.5,1723,120,2147,569,0.8245919
609,/Volumes/SmithL0/2026/BIOL470/Final/Learning_Rig/bee_0408_2/bee_0408_2_fwd_blue_accident/cam1_2026-04-08_17-52-18.mp4,1936.5,344.0,1725,119,2148,569,0.82526106
610,/Volumes/SmithL0/2026/BIOL470/Final/Learning_Rig/bee_0408_2/bee_0408_2_fwd_blue_accident/cam1_2026-04-08_17-52-18.mp4,1937.0,344.0,1725,119,2149,569,0.825136
611,/Volumes/SmithL0/2026/BIOL470/Final/Learning_Rig/bee_0408_2/bee_0408_2_fwd_blue_accident/cam1_2026-04-08_17-52-18.mp4,1938.0,343.5,1726,119,2150,568,0.82580703
612,/Volumes/SmithL0/2026/BIOL470/Final/Learning_Rig/bee_0408_2/bee_0408_2_fwd_blue_accident/cam1_2026-04-08_17-52-18.mp4,1938.0,343.0,1726,117,2150,569,0.8253291
613,/Volumes/SmithL0/2026/BIOL470/Final/Learning_Rig/bee_0408_2/bee_0408_2_fwd_blue_accident/cam1_2026-04-08_17-52-18.mp4,1937.0,343.0,1725,116,2149,570,0.8241353
614,/Volumes/SmithL0/2026/BIOL470/Final/Learning_Rig/bee_0408_2/bee_0408_2_fwd_blue_accident/cam1_2026-04-08_17-52-18.mp4,1936.5,344.0,1724,119,2149,569,0.82472277
615,/Volumes/SmithL0/2026/BIOL470/Final/Learning_Rig/bee_0408_2/bee_0408_2_fwd_blue_accident/cam1_2026-04-08_17-52-18.mp4,1937.0,344.0,1725,119,2149,569,0.82642543
616,/Volumes/SmithL0/2026/BIOL470/Final/Learning_Rig/bee_0408_2/bee_0408_2_fwd_blue_accident/cam1_2026-04-08_17-52-18.mp4,1937.5,344.0,1725,120,2150,568,0.82636184
617,/Volumes/SmithL0/2026/BIOL470/Final/Learning_Rig/bee_0408_2/bee_0408_2_fwd_blue_accident/cam1_2026-04-08_17-52-18.mp4,1938.0,343.0,1726,118,2150,568,0.8259553
618,/Volumes/SmithL0/2026/BIOL470/Final/Learning_Rig/bee_0408_2/bee_0408_2_fwd_blue_accident/cam1_2026-04-08_17-52-18.mp4,1936.5,343.5,1725,119,2148,568,0.82481533
619,/Volumes/SmithL0/2026/BIOL470/Final/Learning_Rig/bee_0408_2/bee_0408_2_fwd_blue_accident/cam1_2026-04-08_17-52-18.mp4,1937.0,343.5,1726,118,2148,569,0.82498074
620,/Volumes/SmithL0/2026/BIOL470/Final/Learning_Rig/bee_0408_2/bee_0408_2_fwd_blue_accident/cam1_2026-04-08_17-52-18.mp4,1938.0,343.5,1727,118,2149,569,0.8260887
621,/Volumes/SmithL0/2026/BIOL470/Final/Learning_Rig/bee_0408_2/bee_0408_2_fwd_blue_accident/cam1_2026-04-08_17-52-18.mp4,1937.0,344.5,1725,121,2149,568,0.82619
622,/Volumes/SmithL0/2026/BIOL470/Final/Learning_Rig/bee_0408_2/bee_0408_2_fwd_blue_accident/cam1_2026-04-08_17-52-18.mp4,1936.0,345.5,1724,122,2148,569,0.82527316
623,/Volumes/SmithL0/2026/BIOL470/Final/Learning_Rig/bee_0408_2/bee_0408_2_fwd_blue_accident/cam1_2026-04-08_17-52-18.mp4,1935.5,345.0,1723,121,2148,569,0.8237791
624,/Volumes/SmithL0/2026/BIOL470/Final/Learning_Rig/bee_0408_2/bee_0408_2_fwd_blue_accident/cam1_2026-04-08_17-52-18.mp4,1934.0,346.5,1720,123,2148,570,0.8250605
625,/Volumes/SmithL0/2026/BIOL470/Final/Learning_Rig/bee_0408_2/bee_0408_2_fwd_blue_accident/cam1_2026-04-08_17-52-18.mp4,1936.5,345.5,1724,122,2149,569,0.8245465
626,/Volumes/SmithL0/2026/BIOL470/Final/Learning_Rig/bee_0408_2/bee_0408_2_fwd_blue_accident/cam1_2026-04-08_17-52-18.mp4,1936.0,346.0,1724,123,2148,569,0.82552046
627,/Volumes/SmithL0/2026/BIOL470/Final/Learning_Rig/bee_0408_2/bee_0408_2_fwd_blue_accident/cam1_2026-04-08_17-52-18.mp4,1936.5,345.5,1725,123,2148,568,0.8265632
628,/Volumes/SmithL0/2026/BIOL470/Final/Learning_Rig/bee_0408_2/bee_0408_2_fwd_blue_accident/cam1_2026-04-08_17-52-18.mp4,1936.5,346.0,1724,123,2149,569,0.8253894
629,/Volumes/SmithL0/2026/BIOL470/Final/Learning_Rig/bee_0408_2/bee_0408_2_fwd_blue_accident/cam1_2026-04-08_17-52-18.mp4,1935.5,345.0,1722,121,2149,569,0.82355326
630,/Volumes/SmithL0/2026/BIOL470/Final/Learning_Rig/bee_0408_2/bee_0408_2_fwd_blue_accident/cam1_2026-04-08_17-52-18.mp4,1932.5,346.0,1717,123,2148,569,0.8218333
631,/Volumes/SmithL0/2026/BIOL470/Final/Learning_Rig/bee_0408_2/bee_0408_2_fwd_blue_accident/cam1_2026-04-08_17-52-18.mp4,1935.0,345.0,1721,122,2149,568,0.82230777
632,/Volumes/SmithL0/2026/BIOL470/Final/Learning_Rig/bee_0408_2/bee_0408_2_fwd_blue_accident/cam1_2026-04-08_17-52-18.mp4,1935.5,345.0,1722,121,2149,569,0.8239775
633,/Volumes/SmithL0/2026/BIOL470/Final/Learning_Rig/bee_0408_2/bee_0408_2_fwd_blue_accident/cam1_2026-04-08_17-52-18.mp4,1936.0,345.5,1722,122,2150,569,0.8234746
634,/Volumes/SmithL0/2026/BIOL470/Final/Learning_Rig/bee_0408_2/bee_0408_2_fwd_blue_accident/cam1_2026-04-08_17-52-18.mp4,1937.0,345.0,1724,121,2150,569,0.82480156
635,/Volumes/SmithL0/2026/BIOL470/Final/Learning_Rig/bee_0408_2/bee_0408_2_fwd_blue_accident/cam1_2026-04-08_17-52-18.mp4,1936.5,344.5,1724,120,2149,569,0.82493144
636,/Volumes/SmithL0/2026/BIOL470/Final/Learning_Rig/bee_0408_2/bee_0408_2_fwd_blue_accident/cam1_2026-04-08_17-52-18.mp4,1936.0,345.0,1724,121,2148,569,0.82491463
637,/Volumes/SmithL0/2026/BIOL470/Final/Learning_Rig/bee_0408_2/bee_0408_2_fwd_blue_accident/cam1_2026-04-08_17-52-18.mp4,1935.5,344.0,1723,120,2148,568,0.82389426
638,/Volumes/SmithL0/2026/BIOL470/Final/Learning_Rig/bee_0408_2/bee_0408_2_fwd_blue_accident/cam1_2026-04-08_17-52-18.mp4,1936.0,344.5,1723,121,2149,568,0.82372016
639,/Volumes/SmithL0/2026/BIOL470/Final/Learning_Rig/bee_0408_2/bee_0408_2_fwd_blue_accident/cam1_2026-04-08_17-52-18.mp4,1935.5,345.0,1724,121,2147,569,0.82492167
640,/Volumes/SmithL0/2026/BIOL470/Final/Learning_Rig/bee_0408_2/bee_0408_2_fwd_blue_accident/cam1_2026-04-08_17-52-18.mp4,1935.5,345.5,1724,121,2147,570,0.82537484
641,/Volumes/SmithL0/2026/BIOL470/Final/Learning_Rig/bee_0408_2/bee_0408_2_fwd_blue_accident/cam1_2026-04-08_17-52-18.mp4,1936.5,346.0,1724,123,2149,569,0.82466835
642,/Volumes/SmithL0/2026/BIOL470/Final/Learning_Rig/bee_0408_2/bee_0408_2_fwd_blue_accident/cam1_2026-04-08_17-52-18.mp4,1936.5,346.0,1725,123,2148,569,0.8249661
643,/Volumes/SmithL0/2026/BIOL470/Final/Learning_Rig/bee_0408_2/bee_0408_2_fwd_blue_accident/cam1_2026-04-08_17-52-18.mp4,1936.0,345.5,1724,122,2148,569,0.8237009
644,/Volumes/SmithL0/2026/BIOL470/Final/Learning_Rig/bee_0408_2/bee_0408_2_fwd_blue_accident/cam1_2026-04-08_17-52-18.mp4,1936.0,345.5,1723,122,2149,569,0.82577896
645,/Volumes/SmithL0/2026/BIOL470/Final/Learning_Rig/bee_0408_2/bee_0408_2_fwd_blue_accident/cam1_2026-04-08_17-52-18.mp4,1935.5,343.5,1723,119,2148,568,0.8238506
646,/Volumes/SmithL0/2026/BIOL470/Final/Learning_Rig/bee_0408_2/bee_0408_2_fwd_blue_accident/cam1_2026-04-08_17-52-18.mp4,1936.5,343.5,1724,118,2149,569,0.8251238
647,/Volumes/SmithL0/2026/BIOL470/Final/Learning_Rig/bee_0408_2/bee_0408_2_fwd_blue_accident/cam1_2026-04-08_17-52-18.mp4,1935.0,344.0,1722,119,2148,569,0.82438016
648,/Volumes/SmithL0/2026/BIOL470/Final/Learning_Rig/bee_0408_2/bee_0408_2_fwd_blue_accident/cam1_2026-04-08_17-52-18.mp4,1934.5,344.5,1722,120,2147,569,0.8253702
649,/Volumes/SmithL0/2026/BIOL470/Final/Learning_Rig/bee_0408_2/bee_0408_2_fwd_blue_accident/cam1_2026-04-08_17-52-18.mp4,1935.5,346.0,1723,123,2148,569,0.82720435
650,/Volumes/SmithL0/2026/BIOL470/Final/Learning_Rig/bee_0408_2/bee_0408_2_fwd_blue_accident/cam1_2026-04-08_17-52-18.mp4,1936.0,343.5,1724,119,2148,568,0.8250739
651,/Volumes/SmithL0/2026/BIOL470/Final/Learning_Rig/bee_0408_2/bee_0408_2_fwd_blue_accident/cam1_2026-04-08_17-52-18.mp4,1935.5,344.5,1723,121,2148,568,0.82602376
652,/Volumes/SmithL0/2026/BIOL470/Final/Learning_Rig/bee_0408_2/bee_0408_2_fwd_blue_accident/cam1_2026-04-08_17-52-18.mp4,1936.0,344.5,1724,121,2148,568,0.8250732
653,/Volumes/SmithL0/2026/BIOL470/Final/Learning_Rig/bee_0408_2/bee_0408_2_fwd_blue_accident/cam1_2026-04-08_17-52-18.mp4,1937.5,344.0,1725,119,2150,569,0.82608134
654,/Volumes/SmithL0/2026/BIOL470/Final/Learning_Rig/bee_0408_2/bee_0408_2_fwd_blue_accident/cam1_2026-04-08_17-52-18.mp4,1937.0,343.5,1725,119,2149,568,0.8258475
655,/Volumes/SmithL0/2026/BIOL470/Final/Learning_Rig/bee_0408_2/bee_0408_2_fwd_blue_accident/cam1_2026-04-08_17-52-18.mp4,1937.0,342.5,1725,116,2149,569,0.82442003
656,/Volumes/SmithL0/2026/BIOL470/Final/Learning_Rig/bee_0408_2/bee_0408_2_fwd_blue_accident/cam1_2026-04-08_17-52-18.mp4,1937.0,344.0,1725,119,2149,569,0.82575595
657,/Volumes/SmithL0/2026/BIOL470/Final/Learning_Rig/bee_0408_2/bee_0408_2_fwd_blue_accident/cam1_2026-04-08_17-52-18.mp4,1936.0,343.0,1723,117,2149,569,0.8237357
658,/Volumes/SmithL0/2026/BIOL470/Final/Learning_Rig/bee_0408_2/bee_0408_2_fwd_blue_accident/cam1_2026-04-08_17-52-18.mp4,1936.5,342.0,1724,116,2149,568,0.82295895
659,/Volumes/SmithL0/2026/BIOL470/Final/Learning_Rig/bee_0408_2/bee_0408_2_fwd_blue_accident/cam1_2026-04-08_17-52-18.mp4,1937.0,343.0,1725,118,2149,568,0.82453454
660,/Volumes/SmithL0/2026/BIOL470/Final/Learning_Rig/bee_0408_2/bee_0408_2_fwd_blue_accident/cam1_2026-04-08_17-52-18.mp4,1937.0,346.5,1724,125,2150,568,0.8276641
661,/Volumes/SmithL0/2026/BIOL470/Final/Learning_Rig/bee_0408_2/bee_0408_2_fwd_blue_accident/cam1_2026-04-08_17-52-18.mp4,1937.5,346.5,1725,125,2150,568,0.82817423
662,/Volumes/SmithL0/2026/BIOL470/Final/Learning_Rig/bee_0408_2/bee_0408_2_fwd_blue_accident/cam1_2026-04-08_17-52-18.mp4,1936.5,346.5,1724,125,2149,568,0.8268928
663,/Volumes/SmithL0/2026/BIOL470/Final/Learning_Rig/bee_0408_2/bee_0408_2_fwd_blue_accident/cam1_2026-04-08_17-52-18.mp4,1936.5,346.0,1723,123,2150,569,0.8256471
664,/Volumes/SmithL0/2026/BIOL470/Final/Learning_Rig/bee_0408_2/bee_0408_2_fwd_blue_accident/cam1_2026-04-08_17-52-18.mp4,1937.5,345.0,1725,121,2150,569,0.8269438
665,/Volumes/SmithL0/2026/BIOL470/Final/Learning_Rig/bee_0408_2/bee_0408_2_fwd_blue_accident/cam1_2026-04-08_17-52-18.mp4,1938.5,343.5,1726,119,2151,568,0.8256387
666,/Volumes/SmithL0/2026/BIOL470/Final/Learning_Rig/bee_0408_2/bee_0408_2_fwd_blue_accident/cam1_2026-04-08_17-52-18.mp4,1937.5,345.5,1725,123,2150,568,0.8274165
667,/Volumes/SmithL0/2026/BIOL470/Final/Learning_Rig/bee_0408_2/bee_0408_2_fwd_blue_accident/cam1_2026-04-08_17-52-18.mp4,1938.0,344.5,1726,121,2150,568,0.8266305
668,/Volumes/SmithL0/2026/BIOL470/Final/Learning_Rig/bee_0408_2/bee_0408_2_fwd_blue_accident/cam1_2026-04-08_17-52-18.mp4,1937.0,343.5,1724,119,2150,568,0.82430613
669,/Volumes/SmithL0/2026/BIOL470/Final/Learning_Rig/bee_0408_2/bee_0408_2_fwd_blue_accident/cam1_2026-04-08_17-52-18.mp4,1938.0,345.5,1726,122,2150,569,0.8278234
670,/Volumes/SmithL0/2026/BIOL470/Final/Learning_Rig/bee_0408_2/bee_0408_2_fwd_blue_accident/cam1_2026-04-08_17-52-18.mp4,1937.5,345.0,1725,122,2150,568,0.82616913
671,/Volumes/SmithL0/2026/BIOL470/Final/Learning_Rig/bee_0408_2/bee_0408_2_fwd_blue_accident/cam1_2026-04-08_17-52-18.mp4,1937.5,344.0,1725,120,2150,568,0.8259934
672,/Volumes/SmithL0/2026/BIOL470/Final/Learning_Rig/bee_0408_2/bee_0408_2_fwd_blue_accident/cam1_2026-04-08_17-52-18.mp4,1937.5,344.5,1725,120,2150,569,0.82583827
673,/Volumes/SmithL0/2026/BIOL470/Final/Learning_Rig/bee_0408_2/bee_0408_2_fwd_blue_accident/cam1_2026-04-08_17-52-18.mp4,1937.0,344.5,1725,121,2149,568,0.82593924
674,/Volumes/SmithL0/2026/BIOL470/Final/Learning_Rig/bee_0408_2/bee_0408_2_fwd_blue_accident/cam1_2026-04-08_17-52-18.mp4,1937.0,345.0,1725,121,2149,569,0.8261545
675,/Volumes/SmithL0/2026/BIOL470/Final/Learning_Rig/bee_0408_2/bee_0408_2_fwd_blue_accident/cam1_2026-04-08_17-52-18.mp4,1938.0,345.0,1726,122,2150,568,0.8260107
676,/Volumes/SmithL0/2026/BIOL470/Final/Learning_Rig/bee_0408_2/bee_0408_2_fwd_blue_accident/cam1_2026-04-08_17-52-18.mp4,1937.5,345.0,1725,122,2150,568,0.8253331
677,/Volumes/SmithL0/2026/BIOL470/Final/Learning_Rig/bee_0408_2/bee_0408_2_fwd_blue_accident/cam1_2026-04-08_17-52-18.mp4,1938.0,344.0,1726,121,2150,567,0.82605594
678,/Volumes/SmithL0/2026/BIOL470/Final/Learning_Rig/bee_0408_2/bee_0408_2_fwd_blue_accident/cam1_2026-04-08_17-52-18.mp4,1937.5,344.0,1725,122,2150,566,0.8247197
679,/Volumes/SmithL0/2026/BIOL470/Final/Learning_Rig/bee_0408_2/bee_0408_2_fwd_blue_accident/cam1_2026-04-08_17-52-18.mp4,1937.0,344.5,1725,121,2149,568,0.8254804
680,/Volumes/SmithL0/2026/BIOL470/Final/Learning_Rig/bee_0408_2/bee_0408_2_fwd_blue_accident/cam1_2026-04-08_17-52-18.mp4,1937.5,343.0,1725,119,2150,567,0.82361627
681,/Volumes/SmithL0/2026/BIOL470/Final/Learning_Rig/bee_0408_2/bee_0408_2_fwd_blue_accident/cam1_2026-04-08_17-52-18.mp4,1937.5,343.5,1725,119,2150,568,0.8247626
682,/Volumes/SmithL0/2026/BIOL470/Final/Learning_Rig/bee_0408_2/bee_0408_2_fwd_blue_accident/cam1_2026-04-08_17-52-18.mp4,1937.5,343.5,1725,119,2150,568,0.8260459
683,/Volumes/SmithL0/2026/BIOL470/Final/Learning_Rig/bee_0408_2/bee_0408_2_fwd_blue_accident/cam1_2026-04-08_17-52-18.mp4,1937.0,344.0,1724,119,2150,569,0.8256529
684,/Volumes/SmithL0/2026/BIOL470/Final/Learning_Rig/bee_0408_2/bee_0408_2_fwd_blue_accident/cam1_2026-04-08_17-52-18.mp4,1937.5,344.5,1724,121,2151,568,0.82738274
685,/Volumes/SmithL0/2026/BIOL470/Final/Learning_Rig/bee_0408_2/bee_0408_2_fwd_blue_accident/cam1_2026-04-08_17-52-18.mp4,1937.5,344.5,1724,121,2151,568,0.8265693
686,/Volumes/SmithL0/2026/BIOL470/Final/Learning_Rig/bee_0408_2/bee_0408_2_fwd_blue_accident/cam1_2026-04-08_17-52-18.mp4,1937.0,346.0,1725,124,2149,568,0.82750005
687,/Volumes/SmithL0/2026/BIOL470/Final/Learning_Rig/bee_0408_2/bee_0408_2_fwd_blue_accident/cam1_2026-04-08_17-52-18.mp4,1936.5,345.5,1725,123,2148,568,0.8277999
688,/Volumes/SmithL0/2026/BIOL470/Final/Learning_Rig/bee_0408_2/bee_0408_2_fwd_blue_accident/cam1_2026-04-08_17-52-18.mp4,1937.0,347.0,1725,125,2149,569,0.82908696
689,/Volumes/SmithL0/2026/BIOL470/Final/Learning_Rig/bee_0408_2/bee_0408_2_fwd_blue_accident/cam1_2026-04-08_17-52-18.mp4,1937.5,345.0,1725,122,2150,568,0.82683784
690,/Volumes/SmithL0/2026/BIOL470/Final/Learning_Rig/bee_0408_2/bee_0408_2_fwd_blue_accident/cam1_2026-04-08_17-52-18.mp4,1937.5,344.5,1726,120,2149,569,0.82633495
691,/Volumes/SmithL0/2026/BIOL470/Final/Learning_Rig/bee_0408_2/bee_0408_2_fwd_blue_accident/cam1_2026-04-08_17-52-18.mp4,1938.5,345.0,1726,122,2151,568,0.82643133
692,/Volumes/SmithL0/2026/BIOL470/Final/Learning_Rig/bee_0408_2/bee_0408_2_fwd_blue_accident/cam1_2026-04-08_17-52-18.mp4,1938.5,344.5,1726,121,2151,568,0.8253372
693,/Volumes/SmithL0/2026/BIOL470/Final/Learning_Rig/bee_0408_2/bee_0408_2_fwd_blue_accident/cam1_2026-04-08_17-52-18.mp4,1938.5,344.5,1726,121,2151,568,0.8258848
694,/Volumes/SmithL0/2026/BIOL470/Final/Learning_Rig/bee_0408_2/bee_0408_2_fwd_blue_accident/cam1_2026-04-08_17-52-18.mp4,1937.0,344.5,1724,121,2150,568,0.82427454
695,/Volumes/SmithL0/2026/BIOL470/Final/Learning_Rig/bee_0408_2/bee_0408_2_fwd_blue_accident/cam1_2026-04-08_17-52-18.mp4,1935.5,345.5,1722,122,2149,569,0.823763
696,/Volumes/SmithL0/2026/BIOL470/Final/Learning_Rig/bee_0408_2/bee_0408_2_fwd_blue_accident/cam1_2026-04-08_17-52-18.mp4,1936.5,344.5,1723,121,2150,568,0.82245547
697,/Volumes/SmithL0/2026/BIOL470/Final/Learning_Rig/bee_0408_2/bee_0408_2_fwd_blue_accident/cam1_2026-04-08_17-52-18.mp4,1938.0,345.0,1725,123,2151,567,0.8254044
698,/Volumes/SmithL0/2026/BIOL470/Final/Learning_Rig/bee_0408_2/bee_0408_2_fwd_blue_accident/cam1_2026-04-08_17-52-18.mp4,1936.5,345.0,1723,122,2150,568,0.8246091
699,/Volumes/SmithL0/2026/BIOL470/Final/Learning_Rig/bee_0408_2/bee_0408_2_fwd_blue_accident/cam1_2026-04-08_17-52-18.mp4,1936.0,344.5,1723,121,2149,568,0.8256054
700,/Volumes/SmithL0/2026/BIOL470/Final/Learning_Rig/bee_0408_2/bee_0408_2_fwd_blue_accident/cam1_2026-04-08_17-52-18.mp4,1937.0,344.5,1724,121,2150,568,0.82593477
701,/Volumes/SmithL0/2026/BIOL470/Final/Learning_Rig/bee_0408_2/bee_0408_2_fwd_blue_accident/cam1_2026-04-08_17-52-18.mp4,1936.0,346.0,1723,122,2149,570,0.82535917
702,/Volumes/SmithL0/2026/BIOL470/Final/Learning_Rig/bee_0408_2/bee_0408_2_fwd_blue_accident/cam1_2026-04-08_17-52-18.mp4,1936.5,347.0,1724,125,2149,569,0.82784486
703,/Volumes/SmithL0/2026/BIOL470/Final/Learning_Rig/bee_0408_2/bee_0408_2_fwd_blue_accident/cam1_2026-04-08_17-52-18.mp4,1936.5,346.5,1723,124,2150,569,0.826612
704,/Volumes/SmithL0/2026/BIOL470/Final/Learning_Rig/bee_0408_2/bee_0408_2_fwd_blue_accident/cam1_2026-04-08_17-52-18.mp4,1936.5,347.0,1723,126,2150,568,0.82877004
705,/Volumes/SmithL0/2026/BIOL470/Final/Learning_Rig/bee_0408_2/bee_0408_2_fwd_blue_accident/cam1_2026-04-08_17-52-18.mp4,1936.0,347.0,1724,125,2148,569,0.82773936
706,/Volumes/SmithL0/2026/BIOL470/Final/Learning_Rig/bee_0408_2/bee_0408_2_fwd_blue_accident/cam1_2026-04-08_17-52-18.mp4,1936.0,346.5,1724,124,2148,569,0.82738674
707,/Volumes/SmithL0/2026/BIOL470/Final/Learning_Rig/bee_0408_2/bee_0408_2_fwd_blue_accident/cam1_2026-04-08_17-52-18.mp4,1936.5,346.5,1724,124,2149,569,0.82780397
708,/Volumes/SmithL0/2026/BIOL470/Final/Learning_Rig/bee_0408_2/bee_0408_2_fwd_blue_accident/cam1_2026-04-08_17-52-18.mp4,1937.0,346.5,1724,124,2150,569,0.8285706
709,/Volumes/SmithL0/2026/BIOL470/Final/Learning_Rig/bee_0408_2/bee_0408_2_fwd_blue_accident/cam1_2026-04-08_17-52-18.mp4,1937.5,346.5,1725,124,2150,569,0.82852936
710,/Volumes/SmithL0/2026/BIOL470/Final/Learning_Rig/bee_0408_2/bee_0408_2_fwd_blue_accident/cam1_2026-04-08_17-52-18.mp4,1938.0,346.0,1726,123,2150,569,0.8270368
711,/Volumes/SmithL0/2026/BIOL470/Final/Learning_Rig/bee_0408_2/bee_0408_2_fwd_blue_accident/cam1_2026-04-08_17-52-18.mp4,1937.5,347.0,1725,126,2150,568,0.828838
712,/Volumes/SmithL0/2026/BIOL470/Final/Learning_Rig/bee_0408_2/bee_0408_2_fwd_blue_accident/cam1_2026-04-08_17-52-18.mp4,1938.0,347.0,1727,125,2149,569,0.8298272
713,/Volumes/SmithL0/2026/BIOL470/Final/Learning_Rig/bee_0408_2/bee_0408_2_fwd_blue_accident/cam1_2026-04-08_17-52-18.mp4,1938.0,345.0,1726,122,2150,568,0.8279871
714,/Volumes/SmithL0/2026/BIOL470/Final/Learning_Rig/bee_0408_2/bee_0408_2_fwd_blue_accident/cam1_2026-04-08_17-52-18.mp4,1938.0,347.0,1726,126,2150,568,0.83037305
715,/Volumes/SmithL0/2026/BIOL470/Final/Learning_Rig/bee_0408_2/bee_0408_2_fwd_blue_accident/cam1_2026-04-08_17-52-18.mp4,1938.0,345.0,1726,123,2150,567,0.82855475
716,/Volumes/SmithL0/2026/BIOL470/Final/Learning_Rig/bee_0408_2/bee_0408_2_fwd_blue_accident/cam1_2026-04-08_17-52-18.mp4,1938.0,346.0,1726,124,2150,568,0.8282231
717,/Volumes/SmithL0/2026/BIOL470/Final/Learning_Rig/bee_0408_2/bee_0408_2_fwd_blue_accident/cam1_2026-04-08_17-52-18.mp4,1938.0,346.5,1726,125,2150,568,0.82841384
718,/Volumes/SmithL0/2026/BIOL470/Final/Learning_Rig/bee_0408_2/bee_0408_2_fwd_blue_accident/cam1_2026-04-08_17-52-18.mp4,1937.5,346.0,1725,125,2150,567,0.82832927
719,/Volumes/SmithL0/2026/BIOL470/Final/Learning_Rig/bee_0408_2/bee_0408_2_fwd_blue_accident/cam1_2026-04-08_17-52-18.mp4,1937.0,346.0,1725,125,2149,567,0.82798326
720,/Volumes/SmithL0/2026/BIOL470/Final/Learning_Rig/bee_0408_2/bee_0408_2_fwd_blue_accident/cam1_2026-04-08_17-52-18.mp4,1937.5,344.5,1725,121,2150,568,0.82768834
721,/Volumes/SmithL0/2026/BIOL470/Final/Learning_Rig/bee_0408_2/bee_0408_2_fwd_blue_accident/cam1_2026-04-08_17-52-18.mp4,1937.5,345.0,1726,122,2149,568,0.82702625
722,/Volumes/SmithL0/2026/BIOL470/Final/Learning_Rig/bee_0408_2/bee_0408_2_fwd_blue_accident/cam1_2026-04-08_17-52-18.mp4,1937.5,345.5,1726,123,2149,568,0.82711715
723,/Volumes/SmithL0/2026/BIOL470/Final/Learning_Rig/bee_0408_2/bee_0408_2_fwd_blue_accident/cam1_2026-04-08_17-52-18.mp4,1936.5,346.5,1725,124,2148,569,0.8278855
724,/Volumes/SmithL0/2026/BIOL470/Final/Learning_Rig/bee_0408_2/bee_0408_2_fwd_blue_accident/cam1_2026-04-08_17-52-18.mp4,1937.5,347.0,1726,125,2149,569,0.82903785
725,/Volumes/SmithL0/2026/BIOL470/Final/Learning_Rig/bee_0408_2/bee_0408_2_fwd_blue_accident/cam1_2026-04-08_17-52-18.mp4,1937.0,346.5,1725,124,2149,569,0.82887536
726,/Volumes/SmithL0/2026/BIOL470/Final/Learning_Rig/bee_0408_2/bee_0408_2_fwd_blue_accident/cam1_2026-04-08_17-52-18.mp4,1936.5,346.5,1723,124,2150,569,0.82826924
727,/Volumes/SmithL0/2026/BIOL470/Final/Learning_Rig/bee_0408_2/bee_0408_2_fwd_blue_accident/cam1_2026-04-08_17-52-18.mp4,1937.0,346.0,1724,123,2150,569,0.8276595
728,/Volumes/SmithL0/2026/BIOL470/Final/Learning_Rig/bee_0408_2/bee_0408_2_fwd_blue_accident/cam1_2026-04-08_17-52-18.mp4,1936.5,345.0,1723,122,2150,568,0.82621866
729,/Volumes/SmithL0/2026/BIOL470/Final/Learning_Rig/bee_0408_2/bee_0408_2_fwd_blue_accident/cam1_2026-04-08_17-52-18.mp4,1937.5,345.0,1724,122,2151,568,0.82592684
730,/Volumes/SmithL0/2026/BIOL470/Final/Learning_Rig/bee_0408_2/bee_0408_2_fwd_blue_accident/cam1_2026-04-08_17-52-18.mp4,1937.5,345.5,1724,124,2151,567,0.8266532
731,/Volumes/SmithL0/2026/BIOL470/Final/Learning_Rig/bee_0408_2/bee_0408_2_fwd_blue_accident/cam1_2026-04-08_17-52-18.mp4,1937.0,345.0,1724,123,2150,567,0.8251527
732,/Volumes/SmithL0/2026/BIOL470/Final/Learning_Rig/bee_0408_2/bee_0408_2_fwd_blue_accident/cam1_2026-04-08_17-52-18.mp4,1936.5,346.5,1723,126,2150,567,0.8276691
733,/Volumes/SmithL0/2026/BIOL470/Final/Learning_Rig/bee_0408_2/bee_0408_2_fwd_blue_accident/cam1_2026-04-08_17-52-18.mp4,1937.5,346.0,1724,125,2151,567,0.8268939
734,/Volumes/SmithL0/2026/BIOL470/Final/Learning_Rig/bee_0408_2/bee_0408_2_fwd_blue_accident/cam1_2026-04-08_17-52-18.mp4,1937.5,346.0,1725,125,2150,567,0.8267371
735,/Volumes/SmithL0/2026/BIOL470/Final/Learning_Rig/bee_0408_2/bee_0408_2_fwd_blue_accident/cam1_2026-04-08_17-52-18.mp4,1937.5,345.0,1724,124,2151,566,0.8268194
736,/Volumes/SmithL0/2026/BIOL470/Final/Learning_Rig/bee_0408_2/bee_0408_2_fwd_blue_accident/cam1_2026-04-08_17-52-18.mp4,1937.0,344.5,1724,121,2150,568,0.8253123
737,/Volumes/SmithL0/2026/BIOL470/Final/Learning_Rig/bee_0408_2/bee_0408_2_fwd_blue_accident/cam1_2026-04-08_17-52-18.mp4,1937.5,344.0,1725,121,2150,567,0.8270857
738,/Volumes/SmithL0/2026/BIOL470/Final/Learning_Rig/bee_0408_2/bee_0408_2_fwd_blue_accident/cam1_2026-04-08_17-52-18.mp4,1937.0,344.5,1724,122,2150,567,0.8258242
739,/Volumes/SmithL0/2026/BIOL470/Final/Learning_Rig/bee_0408_2/bee_0408_2_fwd_blue_accident/cam1_2026-04-08_17-52-18.mp4,1938.0,345.0,1726,123,2150,567,0.826915
740,/Volumes/SmithL0/2026/BIOL470/Final/Learning_Rig/bee_0408_2/bee_0408_2_fwd_blue_accident/cam1_2026-04-08_17-52-18.mp4,1938.0,345.0,1726,123,2150,567,0.8270101
741,/Volumes/SmithL0/2026/BIOL470/Final/Learning_Rig/bee_0408_2/bee_0408_2_fwd_blue_accident/cam1_2026-04-08_17-52-18.mp4,1938.5,345.0,1727,123,2150,567,0.8277733
742,/Volumes/SmithL0/2026/BIOL470/Final/Learning_Rig/bee_0408_2/bee_0408_2_fwd_blue_accident/cam1_2026-04-08_17-52-18.mp4,1939.0,344.5,1727,122,2151,567,0.8274567
743,/Volumes/SmithL0/2026/BIOL470/Final/Learning_Rig/bee_0408_2/bee_0408_2_fwd_blue_accident/cam1_2026-04-08_17-52-18.mp4,1938.5,344.5,1726,122,2151,567,0.8258631
744,/Volumes/SmithL0/2026/BIOL470/Final/Learning_Rig/bee_0408_2/bee_0408_2_fwd_blue_accident/cam1_2026-04-08_17-52-18.mp4,1938.5,344.5,1726,122,2151,567,0.8260078
745,/Volumes/SmithL0/2026/BIOL470/Final/Learning_Rig/bee_0408_2/bee_0408_2_fwd_blue_accident/cam1_2026-04-08_17-52-18.mp4,1937.5,344.0,1725,120,2150,568,0.82630056
746,/Volumes/SmithL0/2026/BIOL470/Final/Learning_Rig/bee_0408_2/bee_0408_2_fwd_blue_accident/cam1_2026-04-08_17-52-18.mp4,1937.5,343.0,1725,119,2150,567,0.82674307
747,/Volumes/SmithL0/2026/BIOL470/Final/Learning_Rig/bee_0408_2/bee_0408_2_fwd_blue_accident/cam1_2026-04-08_17-52-18.mp4,1937.5,343.5,1726,119,2149,568,0.8276609
748,/Volumes/SmithL0/2026/BIOL470/Final/Learning_Rig/bee_0408_2/bee_0408_2_fwd_blue_accident/cam1_2026-04-08_17-52-18.mp4,1938.0,343.5,1726,120,2150,567,0.8263378
749,/Volumes/SmithL0/2026/BIOL470/Final/Learning_Rig/bee_0408_2/bee_0408_2_fwd_blue_accident/cam1_2026-04-08_17-52-18.mp4,1937.5,344.0,1725,121,2150,567,0.82735926
750,/Volumes/SmithL0/2026/BIOL470/Final/Learning_Rig/bee_0408_2/bee_0408_2_fwd_blue_accident/cam1_2026-04-08_17-52-18.mp4,1937.0,346.0,1725,123,2149,569,0.82605284
751,/Volumes/SmithL0/2026/BIOL470/Final/Learning_Rig/bee_0408_2/bee_0408_2_fwd_blue_accident/cam1_2026-04-08_17-52-18.mp4,1937.5,346.0,1726,124,2149,568,0.82837605
752,/Volumes/SmithL0/2026/BIOL470/Final/Learning_Rig/bee_0408_2/bee_0408_2_fwd_blue_accident/cam1_2026-04-08_17-52-18.mp4,1938.0,345.0,1727,122,2149,568,0.82719463
753,/Volumes/SmithL0/2026/BIOL470/Final/Learning_Rig/bee_0408_2/bee_0408_2_fwd_blue_accident/cam1_2026-04-08_17-52-18.mp4,1937.0,345.0,1725,122,2149,568,0.82733065
754,/Volumes/SmithL0/2026/BIOL470/Final/Learning_Rig/bee_0408_2/bee_0408_2_fwd_blue_accident/cam1_2026-04-08_17-52-18.mp4,1938.0,344.5,1726,122,2150,567,0.8273702
755,/Volumes/SmithL0/2026/BIOL470/Final/Learning_Rig/bee_0408_2/bee_0408_2_fwd_blue_accident/cam1_2026-04-08_17-52-18.mp4,1938.0,344.0,1726,120,2150,568,0.8261472
756,/Volumes/SmithL0/2026/BIOL470/Final/Learning_Rig/bee_0408_2/bee_0408_2_fwd_blue_accident/cam1_2026-04-08_17-52-18.mp4,1937.5,343.5,1726,120,2149,567,0.8263803
757,/Volumes/SmithL0/2026/BIOL470/Final/Learning_Rig/bee_0408_2/bee_0408_2_fwd_blue_accident/cam1_2026-04-08_17-52-18.mp4,1938.0,344.0,1726,119,2150,569,0.82580984
758,/Volumes/SmithL0/2026/BIOL470/Final/Learning_Rig/bee_0408_2/bee_0408_2_fwd_blue_accident/cam1_2026-04-08_17-52-18.mp4,1937.5,343.0,1725,118,2150,568,0.82485735
759,/Volumes/SmithL0/2026/BIOL470/Final/Learning_Rig/bee_0408_2/bee_0408_2_fwd_blue_accident/cam1_2026-04-08_17-52-18.mp4,1938.0,343.0,1725,118,2151,568,0.82529646
760,/Volumes/SmithL0/2026/BIOL470/Final/Learning_Rig/bee_0408_2/bee_0408_2_fwd_blue_accident/cam1_2026-04-08_17-52-18.mp4,1937.5,343.0,1725,118,2150,568,0.8251881
761,/Volumes/SmithL0/2026/BIOL470/Final/Learning_Rig/bee_0408_2/bee_0408_2_fwd_blue_accident/cam1_2026-04-08_17-52-18.mp4,1938.0,344.0,1726,120,2150,568,0.8256799
762,/Volumes/SmithL0/2026/BIOL470/Final/Learning_Rig/bee_0408_2/bee_0408_2_fwd_blue_accident/cam1_2026-04-08_17-52-18.mp4,1937.5,344.0,1725,121,2150,567,0.8258622
763,/Volumes/SmithL0/2026/BIOL470/Final/Learning_Rig/bee_0408_2/bee_0408_2_fwd_blue_accident/cam1_2026-04-08_17-52-18.mp4,1938.5,343.5,1727,121,2150,566,0.8244927
764,/Volumes/SmithL0/2026/BIOL470/Final/Learning_Rig/bee_0408_2/bee_0408_2_fwd_blue_accident/cam1_2026-04-08_17-52-18.mp4,1937.5,345.0,1725,124,2150,566,0.8264844
765,/Volumes/SmithL0/2026/BIOL470/Final/Learning_Rig/bee_0408_2/bee_0408_2_fwd_blue_accident/cam1_2026-04-08_17-52-18.mp4,1937.5,345.5,1725,124,2150,567,0.82660186
766,/Volumes/SmithL0/2026/BIOL470/Final/Learning_Rig/bee_0408_2/bee_0408_2_fwd_blue_accident/cam1_2026-04-08_17-52-18.mp4,1937.5,345.0,1726,123,2149,567,0.82643414
767,/Volumes/SmithL0/2026/BIOL470/Final/Learning_Rig/bee_0408_2/bee_0408_2_fwd_blue_accident/cam1_2026-04-08_17-52-18.mp4,1937.5,343.5,1726,120,2149,567,0.8266518
768,/Volumes/SmithL0/2026/BIOL470/Final/Learning_Rig/bee_0408_2/bee_0408_2_fwd_blue_accident/cam1_2026-04-08_17-52-18.mp4,1937.5,344.5,1726,122,2149,567,0.8271816
769,/Volumes/SmithL0/2026/BIOL470/Final/Learning_Rig/bee_0408_2/bee_0408_2_fwd_blue_accident/cam1_2026-04-08_17-52-18.mp4,1938.0,344.5,1727,122,2149,567,0.82674813
770,/Volumes/SmithL0/2026/BIOL470/Final/Learning_Rig/bee_0408_2/bee_0408_2_fwd_blue_accident/cam1_2026-04-08_17-52-18.mp4,1936.5,345.5,1725,122,2148,569,0.82628936
771,/Volumes/SmithL0/2026/BIOL470/Final/Learning_Rig/bee_0408_2/bee_0408_2_fwd_blue_accident/cam1_2026-04-08_17-52-18.mp4,1936.5,345.0,1725,122,2148,568,0.82663333
772,/Volumes/SmithL0/2026/BIOL470/Final/Learning_Rig/bee_0408_2/bee_0408_2_fwd_blue_accident/cam1_2026-04-08_17-52-18.mp4,1937.5,344.0,1726,120,2149,568,0.8253563
773,/Volumes/SmithL0/2026/BIOL470/Final/Learning_Rig/bee_0408_2/bee_0408_2_fwd_blue_accident/cam1_2026-04-08_17-52-18.mp4,1936.5,344.5,1725,121,2148,568,0.8253899
774,/Volumes/SmithL0/2026/BIOL470/Final/Learning_Rig/bee_0408_2/bee_0408_2_fwd_blue_accident/cam1_2026-04-08_17-52-18.mp4,1936.5,346.5,1725,125,2148,568,0.8286186
775,/Volumes/SmithL0/2026/BIOL470/Final/Learning_Rig/bee_0408_2/bee_0408_2_fwd_blue_accident/cam1_2026-04-08_17-52-18.mp4,1936.5,345.5,1725,123,2148,568,0.8265035
776,/Volumes/SmithL0/2026/BIOL470/Final/Learning_Rig/bee_0408_2/bee_0408_2_fwd_blue_accident/cam1_2026-04-08_17-52-18.mp4,1936.0,344.5,1724,122,2148,567,0.8253955
777,/Volumes/SmithL0/2026/BIOL470/Final/Learning_Rig/bee_0408_2/bee_0408_2_fwd_blue_accident/cam1_2026-04-08_17-52-18.mp4,1936.0,345.0,1724,122,2148,568,0.8258196
778,/Volumes/SmithL0/2026/BIOL470/Final/Learning_Rig/bee_0408_2/bee_0408_2_fwd_blue_accident/cam1_2026-04-08_17-52-18.mp4,1935.0,345.0,1723,122,2147,568,0.8243058
779,/Volumes/SmithL0/2026/BIOL470/Final/Learning_Rig/bee_0408_2/bee_0408_2_fwd_blue_accident/cam1_2026-04-08_17-52-18.mp4,1936.0,345.0,1724,121,2148,569,0.8249501
780,/Volumes/SmithL0/2026/BIOL470/Final/Learning_Rig/bee_0408_2/bee_0408_2_fwd_blue_accident/cam1_2026-04-08_17-52-18.mp4,1937.0,344.5,1726,121,2148,568,0.8268951
781,/Volumes/SmithL0/2026/BIOL470/Final/Learning_Rig/bee_0408_2/bee_0408_2_fwd_blue_accident/cam1_2026-04-08_17-52-18.mp4,1937.5,345.5,1726,123,2149,568,0.8285526
782,/Volumes/SmithL0/2026/BIOL470/Final/Learning_Rig/bee_0408_2/bee_0408_2_fwd_blue_accident/cam1_2026-04-08_17-52-18.mp4,1936.0,344.5,1725,119,2147,570,0.8255255
783,/Volumes/SmithL0/2026/BIOL470/Final/Learning_Rig/bee_0408_2/bee_0408_2_fwd_blue_accident/cam1_2026-04-08_17-52-18.mp4,1936.0,344.5,1725,120,2147,569,0.8257162
784,/Volumes/SmithL0/2026/BIOL470/Final/Learning_Rig/bee_0408_2/bee_0408_2_fwd_blue_accident/cam1_2026-04-08_17-52-18.mp4,1936.5,344.0,1725,120,2148,568,0.82625234
785,/Volumes/SmithL0/2026/BIOL470/Final/Learning_Rig/bee_0408_2/bee_0408_2_fwd_blue_accident/cam1_2026-04-08_17-52-18.mp4,1936.5,343.5,1725,119,2148,568,0.82510996
786,/Volumes/SmithL0/2026/BIOL470/Final/Learning_Rig/bee_0408_2/bee_0408_2_fwd_blue_accident/cam1_2026-04-08_17-52-18.mp4,1936.5,343.0,1724,118,2149,568,0.82441807
787,/Volumes/SmithL0/2026/BIOL470/Final/Learning_Rig/bee_0408_2/bee_0408_2_fwd_blue_accident/cam1_2026-04-08_17-52-18.mp4,1936.5,343.5,1725,118,2148,569,0.8255304
788,/Volumes/SmithL0/2026/BIOL470/Final/Learning_Rig/bee_0408_2/bee_0408_2_fwd_blue_accident/cam1_2026-04-08_17-52-18.mp4,1936.0,344.0,1724,119,2148,569,0.8256803
789,/Volumes/SmithL0/2026/BIOL470/Final/Learning_Rig/bee_0408_2/bee_0408_2_fwd_blue_accident/cam1_2026-04-08_17-52-18.mp4,1936.5,344.5,1725,120,2148,569,0.82673794
790,/Volumes/SmithL0/2026/BIOL470/Final/Learning_Rig/bee_0408_2/bee_0408_2_fwd_blue_accident/cam1_2026-04-08_17-52-18.mp4,1937.0,344.0,1725,120,2149,568,0.82667154
791,/Volumes/SmithL0/2026/BIOL470/Final/Learning_Rig/bee_0408_2/bee_0408_2_fwd_blue_accident/cam1_2026-04-08_17-52-18.mp4,1937.0,344.0,1725,119,2149,569,0.8259506
792,/Volumes/SmithL0/2026/BIOL470/Final/Learning_Rig/bee_0408_2/bee_0408_2_fwd_blue_accident/cam1_2026-04-08_17-52-18.mp4,1938.0,344.0,1726,120,2150,568,0.825783
793,/Volumes/SmithL0/2026/BIOL470/Final/Learning_Rig/bee_0408_2/bee_0408_2_fwd_blue_accident/cam1_2026-04-08_17-52-18.mp4,1937.0,344.0,1725,119,2149,569,0.82617617
794,/Volumes/SmithL0/2026/BIOL470/Final/Learning_Rig/bee_0408_2/bee_0408_2_fwd_blue_accident/cam1_2026-04-08_17-52-18.mp4,1936.5,344.0,1725,119,2148,569,0.8260434
795,/Volumes/SmithL0/2026/BIOL470/Final/Learning_Rig/bee_0408_2/bee_0408_2_fwd_blue_accident/cam1_2026-04-08_17-52-18.mp4,1937.5,344.5,1727,121,2148,568,0.8279932
796,/Volumes/SmithL0/2026/BIOL470/Final/Learning_Rig/bee_0408_2/bee_0408_2_fwd_blue_accident/cam1_2026-04-08_17-52-18.mp4,1938.0,342.0,1727,116,2149,568,0.82571596
797,/Volumes/SmithL0/2026/BIOL470/Final/Learning_Rig/bee_0408_2/bee_0408_2_fwd_blue_accident/cam1_2026-04-08_17-52-18.mp4,1938.0,343.5,1726,119,2150,568,0.82669306
798,/Volumes/SmithL0/2026/BIOL470/Final/Learning_Rig/bee_0408_2/bee_0408_2_fwd_blue_accident/cam1_2026-04-08_17-52-18.mp4,1937.5,344.0,1726,119,2149,569,0.82665896
799,/Volumes/SmithL0/2026/BIOL470/Final/Learning_Rig/bee_0408_2/bee_0408_2_fwd_blue_accident/cam1_2026-04-08_17-52-18.mp4,1937.0,344.5,1726,120,2148,569,0.8258446
800,/Volumes/SmithL0/2026/BIOL470/Final/Learning_Rig/bee_0408_2/bee_0408_2_fwd_blue_accident/cam1_2026-04-08_17-52-18.mp4,1938.0,344.0,1727,120,2149,568,0.8261732
801,/Volumes/SmithL0/2026/BIOL470/Final/Learning_Rig/bee_0408_2/bee_0408_2_fwd_blue_accident/cam1_2026-04-08_17-52-18.mp4,1938.0,344.0,1727,120,2149,568,0.82741535
802,/Volumes/SmithL0/2026/BIOL470/Final/Learning_Rig/bee_0408_2/bee_0408_2_fwd_blue_accident/cam1_2026-04-08_17-52-18.mp4,1937.5,345.0,1726,122,2149,568,0.8271189
803,/Volumes/SmithL0/2026/BIOL470/Final/Learning_Rig/bee_0408_2/bee_0408_2_fwd_blue_accident/cam1_2026-04-08_17-52-18.mp4,1937.0,345.0,1725,122,2149,568,0.82550323
804,/Volumes/SmithL0/2026/BIOL470/Final/Learning_Rig/bee_0408_2/bee_0408_2_fwd_blue_accident/cam1_2026-04-08_17-52-18.mp4,1937.0,345.0,1725,122,2149,568,0.8259577
805,/Volumes/SmithL0/2026/BIOL470/Final/Learning_Rig/bee_0408_2/bee_0408_2_fwd_blue_accident/cam1_2026-04-08_17-52-18.mp4,1937.0,344.5,1725,120,2149,569,0.8244027
806,/Volumes/SmithL0/2026/BIOL470/Final/Learning_Rig/bee_0408_2/bee_0408_2_fwd_blue_accident/cam1_2026-04-08_17-52-18.mp4,1937.0,345.0,1725,121,2149,569,0.8252392
807,/Volumes/SmithL0/2026/BIOL470/Final/Learning_Rig/bee_0408_2/bee_0408_2_fwd_blue_accident/cam1_2026-04-08_17-52-18.mp4,1936.0,344.5,1724,120,2148,569,0.8259165
808,/Volumes/SmithL0/2026/BIOL470/Final/Learning_Rig/bee_0408_2/bee_0408_2_fwd_blue_accident/cam1_2026-04-08_17-52-18.mp4,1937.0,345.0,1725,122,2149,568,0.8257089
809,/Volumes/SmithL0/2026/BIOL470/Final/Learning_Rig/bee_0408_2/bee_0408_2_fwd_blue_accident/cam1_2026-04-08_17-52-18.mp4,1938.5,344.5,1726,121,2151,568,0.8268536
810,/Volumes/SmithL0/2026/BIOL470/Final/Learning_Rig/bee_0408_2/bee_0408_2_fwd_blue_accident/cam1_2026-04-08_17-52-18.mp4,1938.5,342.5,1726,117,2151,568,0.82559115
811,/Volumes/SmithL0/2026/BIOL470/Final/Learning_Rig/bee_0408_2/bee_0408_2_fwd_blue_accident/cam1_2026-04-08_17-52-18.mp4,1938.5,343.0,1726,118,2151,568,0.8254642
812,/Volumes/SmithL0/2026/BIOL470/Final/Learning_Rig/bee_0408_2/bee_0408_2_fwd_blue_accident/cam1_2026-04-08_17-52-18.mp4,1938.0,343.5,1726,119,2150,568,0.8255927
813,/Volumes/SmithL0/2026/BIOL470/Final/Learning_Rig/bee_0408_2/bee_0408_2_fwd_blue_accident/cam1_2026-04-08_17-52-18.mp4,1937.0,343.5,1725,119,2149,568,0.82514125
814,/Volumes/SmithL0/2026/BIOL470/Final/Learning_Rig/bee_0408_2/bee_0408_2_fwd_blue_accident/cam1_2026-04-08_17-52-18.mp4,1936.5,343.5,1725,119,2148,568,0.8233936
815,/Volumes/SmithL0/2026/BIOL470/Final/Learning_Rig/bee_0408_2/bee_0408_2_fwd_blue_accident/cam1_2026-04-08_17-52-18.mp4,1936.5,345.5,1725,123,2148,568,0.8262286
816,/Volumes/SmithL0/2026/BIOL470/Final/Learning_Rig/bee_0408_2/bee_0408_2_fwd_blue_accident/cam1_2026-04-08_17-52-18.mp4,1936.5,344.5,1725,122,2148,567,0.82446456
817,/Volumes/SmithL0/2026/BIOL470/Final/Learning_Rig/bee_0408_2/bee_0408_2_fwd_blue_accident/cam1_2026-04-08_17-52-18.mp4,1936.5,343.5,1725,120,2148,567,0.8248715
818,/Volumes/SmithL0/2026/BIOL470/Final/Learning_Rig/bee_0408_2/bee_0408_2_fwd_blue_accident/cam1_2026-04-08_17-52-18.mp4,1937.0,343.5,1726,119,2148,568,0.8244632
819,/Volumes/SmithL0/2026/BIOL470/Final/Learning_Rig/bee_0408_2/bee_0408_2_fwd_blue_accident/cam1_2026-04-08_17-52-18.mp4,1936.5,344.5,1726,121,2147,568,0.82626927
820,/Volumes/SmithL0/2026/BIOL470/Final/Learning_Rig/bee_0408_2/bee_0408_2_fwd_blue_accident/cam1_2026-04-08_17-52-18.mp4,1936.5,343.5,1725,118,2148,569,0.82539666
821,/Volumes/SmithL0/2026/BIOL470/Final/Learning_Rig/bee_0408_2/bee_0408_2_fwd_blue_accident/cam1_2026-04-08_17-52-18.mp4,1936.5,344.0,1726,119,2147,569,0.82484275
822,/Volumes/SmithL0/2026/BIOL470/Final/Learning_Rig/bee_0408_2/bee_0408_2_fwd_blue_accident/cam1_2026-04-08_17-52-18.mp4,1936.0,344.5,1725,120,2147,569,0.8251489
823,/Volumes/SmithL0/2026/BIOL470/Final/Learning_Rig/bee_0408_2/bee_0408_2_fwd_blue_accident/cam1_2026-04-08_17-52-18.mp4,1936.0,345.0,1725,120,2147,570,0.82531524
824,/Volumes/SmithL0/2026/BIOL470/Final/Learning_Rig/bee_0408_2/bee_0408_2_fwd_blue_accident/cam1_2026-04-08_17-52-18.mp4,1936.0,343.5,1724,119,2148,568,0.8240984
825,/Volumes/SmithL0/2026/BIOL470/Final/Learning_Rig/bee_0408_2/bee_0408_2_fwd_blue_accident/cam1_2026-04-08_17-52-18.mp4,1935.0,345.5,1723,122,2147,569,0.82501435
826,/Volumes/SmithL0/2026/BIOL470/Final/Learning_Rig/bee_0408_2/bee_0408_2_fwd_blue_accident/cam1_2026-04-08_17-52-18.mp4,1935.5,345.5,1724,122,2147,569,0.8252282
827,/Volumes/SmithL0/2026/BIOL470/Final/Learning_Rig/bee_0408_2/bee_0408_2_fwd_blue_accident/cam1_2026-04-08_17-52-18.mp4,1936.0,345.0,1724,122,2148,568,0.82470936
828,/Volumes/SmithL0/2026/BIOL470/Final/Learning_Rig/bee_0408_2/bee_0408_2_fwd_blue_accident/cam1_2026-04-08_17-52-18.mp4,1935.5,346.5,1723,124,2148,569,0.82704973
829,/Volumes/SmithL0/2026/BIOL470/Final/Learning_Rig/bee_0408_2/bee_0408_2_fwd_blue_accident/cam1_2026-04-08_17-52-18.mp4,1936.5,346.0,1724,124,2149,568,0.82682294
830,/Volumes/SmithL0/2026/BIOL470/Final/Learning_Rig/bee_0408_2/bee_0408_2_fwd_blue_accident/cam1_2026-04-08_17-52-18.mp4,1937.5,345.0,1725,122,2150,568,0.825923
831,/Volumes/SmithL0/2026/BIOL470/Final/Learning_Rig/bee_0408_2/bee_0408_2_fwd_blue_accident/cam1_2026-04-08_17-52-18.mp4,1937.5,345.0,1726,122,2149,568,0.8268549
832,/Volumes/SmithL0/2026/BIOL470/Final/Learning_Rig/bee_0408_2/bee_0408_2_fwd_blue_accident/cam1_2026-04-08_17-52-18.mp4,1937.5,345.5,1726,122,2149,569,0.8274519
833,/Volumes/SmithL0/2026/BIOL470/Final/Learning_Rig/bee_0408_2/bee_0408_2_fwd_blue_accident/cam1_2026-04-08_17-52-18.mp4,1937.0,343.5,1725,118,2149,569,0.82623297
834,/Volumes/SmithL0/2026/BIOL470/Final/Learning_Rig/bee_0408_2/bee_0408_2_fwd_blue_accident/cam1_2026-04-08_17-52-18.mp4,1937.5,344.0,1726,119,2149,569,0.8266725
835,/Volumes/SmithL0/2026/BIOL470/Final/Learning_Rig/bee_0408_2/bee_0408_2_fwd_blue_accident/cam1_2026-04-08_17-52-18.mp4,1939.0,343.5,1728,118,2150,569,0.82569605
836,/Volumes/SmithL0/2026/BIOL470/Final/Learning_Rig/bee_0408_2/bee_0408_2_fwd_blue_accident/cam1_2026-04-08_17-52-18.mp4,1938.0,344.5,1727,120,2149,569,0.826855
837,/Volumes/SmithL0/2026/BIOL470/Final/Learning_Rig/bee_0408_2/bee_0408_2_fwd_blue_accident/cam1_2026-04-08_17-52-18.mp4,1938.0,343.5,1727,117,2149,570,0.8250635
838,/Volumes/SmithL0/2026/BIOL470/Final/Learning_Rig/bee_0408_2/bee_0408_2_fwd_blue_accident/cam1_2026-04-08_17-52-18.mp4,1938.0,345.0,1727,120,2149,570,0.82595783
839,/Volumes/SmithL0/2026/BIOL470/Final/Learning_Rig/bee_0408_2/bee_0408_2_fwd_blue_accident/cam1_2026-04-08_17-52-18.mp4,1938.0,344.5,1726,120,2150,569,0.82478034
840,/Volumes/SmithL0/2026/BIOL470/Final/Learning_Rig/bee_0408_2/bee_0408_2_fwd_blue_accident/cam1_2026-04-08_17-52-18.mp4,1938.5,343.0,1726,118,2151,568,0.8245688
841,/Volumes/SmithL0/2026/BIOL470/Final/Learning_Rig/bee_0408_2/bee_0408_2_fwd_blue_accident/cam1_2026-04-08_17-52-18.mp4,1938.5,343.0,1727,118,2150,568,0.82404435
842,/Volumes/SmithL0/2026/BIOL470/Final/Learning_Rig/bee_0408_2/bee_0408_2_fwd_blue_accident/cam1_2026-04-08_17-52-18.mp4,1938.5,343.0,1726,118,2151,568,0.82477236
843,/Volumes/SmithL0/2026/BIOL470/Final/Learning_Rig/bee_0408_2/bee_0408_2_fwd_blue_accident/cam1_2026-04-08_17-52-18.mp4,1937.5,345.5,1725,123,2150,568,0.8269895
844,/Volumes/SmithL0/2026/BIOL470/Final/Learning_Rig/bee_0408_2/bee_0408_2_fwd_blue_accident/cam1_2026-04-08_17-52-18.mp4,1937.5,345.5,1725,123,2150,568,0.8265741
845,/Volumes/SmithL0/2026/BIOL470/Final/Learning_Rig/bee_0408_2/bee_0408_2_fwd_blue_accident/cam1_2026-04-08_17-52-18.mp4,1937.5,344.5,1725,121,2150,568,0.8249529
846,/Volumes/SmithL0/2026/BIOL470/Final/Learning_Rig/bee_0408_2/bee_0408_2_fwd_blue_accident/cam1_2026-04-08_17-52-18.mp4,1937.0,343.5,1724,120,2150,567,0.8245121
847,/Volumes/SmithL0/2026/BIOL470/Final/Learning_Rig/bee_0408_2/bee_0408_2_fwd_blue_accident/cam1_2026-04-08_17-52-18.mp4,1937.0,344.0,1724,120,2150,568,0.8259229
848,/Volumes/SmithL0/2026/BIOL470/Final/Learning_Rig/bee_0408_2/bee_0408_2_fwd_blue_accident/cam1_2026-04-08_17-52-18.mp4,1936.5,344.0,1724,120,2149,568,0.82648486
849,/Volumes/SmithL0/2026/BIOL470/Final/Learning_Rig/bee_0408_2/bee_0408_2_fwd_blue_accident/cam1_2026-04-08_17-52-18.mp4,1937.0,344.5,1725,120,2149,569,0.826546
850,/Volumes/SmithL0/2026/BIOL470/Final/Learning_Rig/bee_0408_2/bee_0408_2_fwd_blue_accident/cam1_2026-04-08_17-52-18.mp4,1937.0,344.5,1725,121,2149,568,0.8260555
851,/Volumes/SmithL0/2026/BIOL470/Final/Learning_Rig/bee_0408_2/bee_0408_2_fwd_blue_accident/cam1_2026-04-08_17-52-18.mp4,1936.5,343.5,1724,119,2149,568,0.8253932
852,/Volumes/SmithL0/2026/BIOL470/Final/Learning_Rig/bee_0408_2/bee_0408_2_fwd_blue_accident/cam1_2026-04-08_17-52-18.mp4,1936.0,344.0,1724,121,2148,567,0.82431626
853,/Volumes/SmithL0/2026/BIOL470/Final/Learning_Rig/bee_0408_2/bee_0408_2_fwd_blue_accident/cam1_2026-04-08_17-52-18.mp4,1936.5,343.0,1725,118,2148,568,0.8234164
854,/Volumes/SmithL0/2026/BIOL470/Final/Learning_Rig/bee_0408_2/bee_0408_2_fwd_blue_accident/cam1_2026-04-08_17-52-18.mp4,1937.5,344.0,1726,120,2149,568,0.82612324
855,/Volumes/SmithL0/2026/BIOL470/Final/Learning_Rig/bee_0408_2/bee_0408_2_fwd_blue_accident/cam1_2026-04-08_17-52-18.mp4,1937.5,344.5,1725,121,2150,568,0.82621354
856,/Volumes/SmithL0/2026/BIOL470/Final/Learning_Rig/bee_0408_2/bee_0408_2_fwd_blue_accident/cam1_2026-04-08_17-52-18.mp4,1937.0,345.0,1724,122,2150,568,0.82804555
857,/Volumes/SmithL0/2026/BIOL470/Final/Learning_Rig/bee_0408_2/bee_0408_2_fwd_blue_accident/cam1_2026-04-08_17-52-18.mp4,1936.5,346.5,1723,124,2150,569,0.8290724
858,/Volumes/SmithL0/2026/BIOL470/Final/Learning_Rig/bee_0408_2/bee_0408_2_fwd_blue_accident/cam1_2026-04-08_17-52-18.mp4,1936.0,346.5,1723,123,2149,570,0.8283259
859,/Volumes/SmithL0/2026/BIOL470/Final/Learning_Rig/bee_0408_2/bee_0408_2_fwd_blue_accident/cam1_2026-04-08_17-52-18.mp4,1937.0,343.5,1724,119,2150,568,0.8262226
860,/Volumes/SmithL0/2026/BIOL470/Final/Learning_Rig/bee_0408_2/bee_0408_2_fwd_blue_accident/cam1_2026-04-08_17-52-18.mp4,1937.5,344.0,1725,120,2150,568,0.8259473
861,/Volumes/SmithL0/2026/BIOL470/Final/Learning_Rig/bee_0408_2/bee_0408_2_fwd_blue_accident/cam1_2026-04-08_17-52-18.mp4,1938.5,344.0,1726,120,2151,568,0.8263658
862,/Volumes/SmithL0/2026/BIOL470/Final/Learning_Rig/bee_0408_2/bee_0408_2_fwd_blue_accident/cam1_2026-04-08_17-52-18.mp4,1938.0,344.5,1725,121,2151,568,0.8275968
863,/Volumes/SmithL0/2026/BIOL470/Final/Learning_Rig/bee_0408_2/bee_0408_2_fwd_blue_accident/cam1_2026-04-08_17-52-18.mp4,1937.5,346.0,1725,123,2150,569,0.8263353
864,/Volumes/SmithL0/2026/BIOL470/Final/Learning_Rig/bee_0408_2/bee_0408_2_fwd_blue_accident/cam1_2026-04-08_17-52-18.mp4,1938.5,344.5,1726,120,2151,569,0.8243385
865,/Volumes/SmithL0/2026/BIOL470/Final/Learning_Rig/bee_0408_2/bee_0408_2_fwd_blue_accident/cam1_2026-04-08_17-52-18.mp4,1934.0,345.5,1718,120,2150,571,0.8222339
866,/Volumes/SmithL0/2026/BIOL470/Final/Learning_Rig/bee_0408_2/bee_0408_2_fwd_blue_accident/cam1_2026-04-08_17-52-18.mp4,1935.5,347.0,1721,124,2150,570,0.82595235
867,/Volumes/SmithL0/2026/BIOL470/Final/Learning_Rig/bee_0408_2/bee_0408_2_fwd_blue_accident/cam1_2026-04-08_17-52-18.mp4,1934.5,346.0,1720,120,2149,572,0.82495683
868,/Volumes/SmithL0/2026/BIOL470/Final/Learning_Rig/bee_0408_2/bee_0408_2_fwd_blue_accident/cam1_2026-04-08_17-52-18.mp4,1935.0,345.0,1721,120,2149,570,0.8255343
869,/Volumes/SmithL0/2026/BIOL470/Final/Learning_Rig/bee_0408_2/bee_0408_2_fwd_blue_accident/cam1_2026-04-08_17-52-18.mp4,1934.0,344.0,1719,120,2149,568,0.82153124
870,/Volumes/SmithL0/2026/BIOL470/Final/Learning_Rig/bee_0408_2/bee_0408_2_fwd_blue_accident/cam1_2026-04-08_17-52-18.mp4,1935.5,344.0,1721,121,2150,567,0.8217224
871,/Volumes/SmithL0/2026/BIOL470/Final/Learning_Rig/bee_0408_2/bee_0408_2_fwd_blue_accident/cam1_2026-04-08_17-52-18.mp4,1934.5,343.5,1720,120,2149,567,0.8184338
872,/Volumes/SmithL0/2026/BIOL470/Final/Learning_Rig/bee_0408_2/bee_0408_2_fwd_blue_accident/cam1_2026-04-08_17-52-18.mp4,1938.0,344.0,1726,121,2150,567,0.82089937
873,/Volumes/SmithL0/2026/BIOL470/Final/Learning_Rig/bee_0408_2/bee_0408_2_fwd_blue_accident/cam1_2026-04-08_17-52-18.mp4,1935.5,344.5,1723,122,2148,567,0.8188002
874,/Volumes/SmithL0/2026/BIOL470/Final/Learning_Rig/bee_0408_2/bee_0408_2_fwd_blue_accident/cam1_2026-04-08_17-52-18.mp4,1937.5,344.0,1725,120,2150,568,0.8215441
875,/Volumes/SmithL0/2026/BIOL470/Final/Learning_Rig/bee_0408_2/bee_0408_2_fwd_blue_accident/cam1_2026-04-08_17-52-18.mp4,1937.5,344.5,1725,121,2150,568,0.82517785
876,/Volumes/SmithL0/2026/BIOL470/Final/Learning_Rig/bee_0408_2/bee_0408_2_fwd_blue_accident/cam1_2026-04-08_17-52-18.mp4,1936.5,345.5,1724,122,2149,569,0.82679385
877,/Volumes/SmithL0/2026/BIOL470/Final/Learning_Rig/bee_0408_2/bee_0408_2_fwd_blue_accident/cam1_2026-04-08_17-52-18.mp4,1933.0,353.0,1716,121,2150,585,0.82878166
878,/Volumes/SmithL0/2026/BIOL470/Final/Learning_Rig/bee_0408_2/bee_0408_2_fwd_blue_accident/cam1_2026-04-08_17-52-18.mp4,1934.5,349.5,1719,119,2150,580,0.82639074
879,/Volumes/SmithL0/2026/BIOL470/Final/Learning_Rig/bee_0408_2/bee_0408_2_fwd_blue_accident/cam1_2026-04-08_17-52-18.mp4,1934.5,349.5,1720,119,2149,580,0.82408166
880,/Volumes/SmithL0/2026/BIOL470/Final/Learning_Rig/bee_0408_2/bee_0408_2_fwd_blue_accident/cam1_2026-04-08_17-52-18.mp4,1937.5,341.5,1725,118,2150,565,0.81911266
881,/Volumes/SmithL0/2026/BIOL470/Final/Learning_Rig/bee_0408_2/bee_0408_2_fwd_blue_accident/cam1_2026-04-08_17-52-18.mp4,1937.5,344.0,1724,117,2151,571,0.8231012
882,/Volumes/SmithL0/2026/BIOL470/Final/Learning_Rig/bee_0408_2/bee_0408_2_fwd_blue_accident/cam1_2026-04-08_17-52-18.mp4,1920.5,339.5,1694,113,2147,566,0.81624603
883,/Volumes/SmithL0/2026/BIOL470/Final/Learning_Rig/bee_0408_2/bee_0408_2_fwd_blue_accident/cam1_2026-04-08_17-52-18.mp4,1923.0,339.0,1698,112,2148,566,0.8202719
884,/Volumes/SmithL0/2026/BIOL470/Final/Learning_Rig/bee_0408_2/bee_0408_2_fwd_blue_accident/cam1_2026-04-08_17-52-18.mp4,1932.5,339.0,1718,113,2147,565,0.8242967
885,/Volumes/SmithL0/2026/BIOL470/Final/Learning_Rig/bee_0408_2/bee_0408_2_fwd_blue_accident/cam1_2026-04-08_17-52-18.mp4,1936.0,343.5,1724,116,2148,571,0.82396567
886,/Volumes/SmithL0/2026/BIOL470/Final/Learning_Rig/bee_0408_2/bee_0408_2_fwd_blue_accident/cam1_2026-04-08_17-52-18.mp4,1936.0,342.5,1723,114,2149,571,0.82150424
887,/Volumes/SmithL0/2026/BIOL470/Final/Learning_Rig/bee_0408_2/bee_0408_2_fwd_blue_accident/cam1_2026-04-08_17-52-18.mp4,1936.5,343.0,1722,114,2151,572,0.82195467
888,/Volumes/SmithL0/2026/BIOL470/Final/Learning_Rig/bee_0408_2/bee_0408_2_fwd_blue_accident/cam1_2026-04-08_17-52-18.mp4,1935.5,344.0,1723,116,2148,572,0.82438993
889,/Volumes/SmithL0/2026/BIOL470/Final/Learning_Rig/bee_0408_2/bee_0408_2_fwd_blue_accident/cam1_2026-04-08_17-52-18.mp4,1935.5,344.0,1721,118,2150,570,0.82535243
890,/Volumes/SmithL0/2026/BIOL470/Final/Learning_Rig/bee_0408_2/bee_0408_2_fwd_blue_accident/cam1_2026-04-08_17-52-18.mp4,1937.0,344.0,1723,119,2151,569,0.8259689
891,/Volumes/SmithL0/2026/BIOL470/Final/Learning_Rig/bee_0408_2/bee_0408_2_fwd_blue_accident/cam1_2026-04-08_17-52-18.mp4,1935.5,344.5,1724,120,2147,569,0.8266968
892,/Volumes/SmithL0/2026/BIOL470/Final/Learning_Rig/bee_0408_2/bee_0408_2_fwd_blue_accident/cam1_2026-04-08_17-52-18.mp4,1935.0,346.0,1722,122,2148,570,0.82859796
893,/Volumes/SmithL0/2026/BIOL470/Final/Learning_Rig/bee_0408_2/bee_0408_2_fwd_blue_accident/cam1_2026-04-08_17-52-18.mp4,1936.0,345.5,1721,121,2151,570,0.82713014
894,/Volumes/SmithL0/2026/BIOL470/Final/Learning_Rig/bee_0408_2/bee_0408_2_fwd_blue_accident/cam1_2026-04-08_17-52-18.mp4,1938.0,344.5,1723,119,2153,570,0.8258193
895,/Volumes/SmithL0/2026/BIOL470/Final/Learning_Rig/bee_0408_2/bee_0408_2_fwd_blue_accident/cam1_2026-04-08_17-52-18.mp4,1935.5,345.0,1722,118,2149,572,0.824227
896,/Volumes/SmithL0/2026/BIOL470/Final/Learning_Rig/bee_0408_2/bee_0408_2_fwd_blue_accident/cam1_2026-04-08_17-52-18.mp4,1934.0,345.0,1719,119,2149,571,0.8208352
897,/Volumes/SmithL0/2026/BIOL470/Final/Learning_Rig/bee_0408_2/bee_0408_2_fwd_blue_accident/cam1_2026-04-08_17-52-18.mp4,1934.0,345.5,1720,121,2148,570,0.82278675
898,/Volumes/SmithL0/2026/BIOL470/Final/Learning_Rig/bee_0408_2/bee_0408_2_fwd_blue_accident/cam1_2026-04-08_17-52-18.mp4,1934.5,347.0,1723,124,2146,570,0.8277482
899,/Volumes/SmithL0/2026/BIOL470/Final/Learning_Rig/bee_0408_2/bee_0408_2_fwd_blue_accident/cam1_2026-04-08_17-52-18.mp4,1935.0,346.5,1723,123,2147,570,0.82675
900,/Volumes/SmithL0/2026/BIOL470/Final/Learning_Rig/bee_0408_2/bee_0408_2_fwd_blue_accident/cam1_2026-04-08_17-52-18.mp4,1937.0,345.0,1724,120,2150,570,0.8264926
901,/Volumes/SmithL0/2026/BIOL470/Final/Learning_Rig/bee_0408_2/bee_0408_2_fwd_blue_accident/cam1_2026-04-08_17-52-18.mp4,1936.5,347.0,1723,124,2150,570,0.8290504
902,/Volumes/SmithL0/2026/BIOL470/Final/Learning_Rig/bee_0408_2/bee_0408_2_fwd_blue_accident/cam1_2026-04-08_17-52-18.mp4,1935.0,347.5,1723,124,2147,571,0.82792914
903,/Volumes/SmithL0/2026/BIOL470/Final/Learning_Rig/bee_0408_2/bee_0408_2_fwd_blue_accident/cam1_2026-04-08_17-52-18.mp4,1935.5,346.0,1722,121,2149,571,0.8266572
904,/Volumes/SmithL0/2026/BIOL470/Final/Learning_Rig/bee_0408_2/bee_0408_2_fwd_blue_accident/cam1_2026-04-08_17-52-18.mp4,1935.0,345.5,1721,120,2149,571,0.82511437
905,/Volumes/SmithL0/2026/BIOL470/Final/Learning_Rig/bee_0408_2/bee_0408_2_fwd_blue_accident/cam1_2026-04-08_17-52-18.mp4,1933.0,347.5,1719,123,2147,572,0.82884145
906,/Volumes/SmithL0/2026/BIOL470/Final/Learning_Rig/bee_0408_2/bee_0408_2_fwd_blue_accident/cam1_2026-04-08_17-52-18.mp4,1932.5,348.5,1719,125,2146,572,0.82857424
907,/Volumes/SmithL0/2026/BIOL470/Final/Learning_Rig/bee_0408_2/bee_0408_2_fwd_blue_accident/cam1_2026-04-08_17-52-18.mp4,1934.0,346.5,1720,121,2148,572,0.82667154
908,/Volumes/SmithL0/2026/BIOL470/Final/Learning_Rig/bee_0408_2/bee_0408_2_fwd_blue_accident/cam1_2026-04-08_17-52-18.mp4,1935.0,348.0,1722,125,2148,571,0.8309384
909,/Volumes/SmithL0/2026/BIOL470/Final/Learning_Rig/bee_0408_2/bee_0408_2_fwd_blue_accident/cam1_2026-04-08_17-52-18.mp4,1932.0,349.5,1719,126,2145,573,0.8285002
910,/Volumes/SmithL0/2026/BIOL470/Final/Learning_Rig/bee_0408_2/bee_0408_2_fwd_blue_accident/cam1_2026-04-08_17-52-18.mp4,1931.5,347.0,1715,123,2148,571,0.8228583
911,/Volumes/SmithL0/2026/BIOL470/Final/Learning_Rig/bee_0408_2/bee_0408_2_fwd_blue_accident/cam1_2026-04-08_17-52-18.mp4,1931.5,348.0,1716,123,2147,573,0.82439053
912,/Volumes/SmithL0/2026/BIOL470/Final/Learning_Rig/bee_0408_2/bee_0408_2_fwd_blue_accident/cam1_2026-04-08_17-52-18.mp4,1931.5,347.0,1716,123,2147,571,0.82326436
913,/Volumes/SmithL0/2026/BIOL470/Final/Learning_Rig/bee_0408_2/bee_0408_2_fwd_blue_accident/cam1_2026-04-08_17-52-18.mp4,1925.5,353.5,1707,125,2144,582,0.8278888
914,/Volumes/SmithL0/2026/BIOL470/Final/Learning_Rig/bee_0408_2/bee_0408_2_fwd_blue_accident/cam1_2026-04-08_17-52-18.mp4,1933.0,351.0,1718,125,2148,577,0.83091253
915,/Volumes/SmithL0/2026/BIOL470/Final/Learning_Rig/bee_0408_2/bee_0408_2_fwd_blue_accident/cam1_2026-04-08_17-52-18.mp4,1931.0,352.5,1715,121,2147,584,0.82834023
916,/Volumes/SmithL0/2026/BIOL470/Final/Learning_Rig/bee_0408_2/bee_0408_2_fwd_blue_accident/cam1_2026-04-08_17-52-18.mp4,1932.0,352.5,1716,121,2148,584,0.8290178
917,/Volumes/SmithL0/2026/BIOL470/Final/Learning_Rig/bee_0408_2/bee_0408_2_fwd_blue_accident/cam1_2026-04-08_17-52-18.mp4,1935.0,350.0,1719,116,2151,584,0.8264293
918,/Volumes/SmithL0/2026/BIOL470/Final/Learning_Rig/bee_0408_2/bee_0408_2_fwd_blue_accident/cam1_2026-04-08_17-52-18.mp4,1934.5,352.5,1718,119,2151,586,0.82885283
919,/Volumes/SmithL0/2026/BIOL470/Final/Learning_Rig/bee_0408_2/bee_0408_2_fwd_blue_accident/cam1_2026-04-08_17-52-18.mp4,1932.5,354.5,1717,122,2148,587,0.83323115
920,/Volumes/SmithL0/2026/BIOL470/Final/Learning_Rig/bee_0408_2/bee_0408_2_fwd_blue_accident/cam1_2026-04-08_17-52-18.mp4,1935.0,353.0,1720,124,2150,582,0.8348194
921,/Volumes/SmithL0/2026/BIOL470/Final/Learning_Rig/bee_0408_2/bee_0408_2_fwd_blue_accident/cam1_2026-04-08_17-52-18.mp4,1937.5,343.5,1722,115,2153,572,0.82744783
922,/Volumes/SmithL0/2026/BIOL470/Final/Learning_Rig/bee_0408_2/bee_0408_2_fwd_blue_accident/cam1_2026-04-08_17-52-18.mp4,1936.0,343.0,1720,116,2152,570,0.8255576
923,/Volumes/SmithL0/2026/BIOL470/Final/Learning_Rig/bee_0408_2/bee_0408_2_fwd_blue_accident/cam1_2026-04-08_17-52-18.mp4,1935.5,343.5,1720,113,2151,574,0.82536584
924,/Volumes/SmithL0/2026/BIOL470/Final/Learning_Rig/bee_0408_2/bee_0408_2_fwd_blue_accident/cam1_2026-04-08_17-52-18.mp4,1935.5,344.5,1720,113,2151,576,0.8282779
925,/Volumes/SmithL0/2026/BIOL470/Final/Learning_Rig/bee_0408_2/bee_0408_2_fwd_blue_accident/cam1_2026-04-08_17-52-18.mp4,1928.0,338.0,1712,110,2144,566,0.82448924
926,/Volumes/SmithL0/2026/BIOL470/Final/Learning_Rig/bee_0408_2/bee_0408_2_fwd_blue_accident/cam1_2026-04-08_17-52-18.mp4,1928.5,338.5,1714,112,2143,565,0.8263792
927,/Volumes/SmithL0/2026/BIOL470/Final/Learning_Rig/bee_0408_2/bee_0408_2_fwd_blue_accident/cam1_2026-04-08_17-52-18.mp4,1928.5,338.5,1714,112,2143,565,0.8253531
928,/Volumes/SmithL0/2026/BIOL470/Final/Learning_Rig/bee_0408_2/bee_0408_2_fwd_blue_accident/cam1_2026-04-08_17-52-18.mp4,1926.0,339.0,1710,113,2142,565,0.8290735
929,/Volumes/SmithL0/2026/BIOL470/Final/Learning_Rig/bee_0408_2/bee_0408_2_fwd_blue_accident/cam1_2026-04-08_17-52-18.mp4,1925.5,337.5,1709,111,2142,564,0.8292764
930,/Volumes/SmithL0/2026/BIOL470/Final/Learning_Rig/bee_0408_2/bee_0408_2_fwd_blue_accident/cam1_2026-04-08_17-52-18.mp4,1922.0,337.0,1702,110,2142,564,0.8274283
931,/Volumes/SmithL0/2026/BIOL470/Final/Learning_Rig/bee_0408_2/bee_0408_2_fwd_blue_accident/cam1_2026-04-08_17-52-18.mp4,1923.0,336.5,1704,110,2142,563,0.8252985
932,/Volumes/SmithL0/2026/BIOL470/Final/Learning_Rig/bee_0408_2/bee_0408_2_fwd_blue_accident/cam1_2026-04-08_17-52-18.mp4,1923.5,336.5,1705,110,2142,563,0.82453793
933,/Volumes/SmithL0/2026/BIOL470/Final/Learning_Rig/bee_0408_2/bee_0408_2_fwd_blue_accident/cam1_2026-04-08_17-52-18.mp4,1921.5,335.0,1701,110,2142,560,0.8251783
934,/Volumes/SmithL0/2026/BIOL470/Final/Learning_Rig/bee_0408_2/bee_0408_2_fwd_blue_accident/cam1_2026-04-08_17-52-18.mp4,1925.0,327.5,1707,111,2143,544,0.82356983
935,/Volumes/SmithL0/2026/BIOL470/Final/Learning_Rig/bee_0408_2/bee_0408_2_fwd_blue_accident/cam1_2026-04-08_17-52-18.mp4,1925.0,326.0,1708,110,2142,542,0.8232773
936,/Volumes/SmithL0/2026/BIOL470/Final/Learning_Rig/bee_0408_2/bee_0408_2_fwd_blue_accident/cam1_2026-04-08_17-52-18.mp4,1927.5,325.5,1712,110,2143,541,0.82607067
937,/Volumes/SmithL0/2026/BIOL470/Final/Learning_Rig/bee_0408_2/bee_0408_2_fwd_blue_accident/cam1_2026-04-08_17-52-18.mp4,1920.5,322.0,1696,104,2145,540,0.82440233
938,/Volumes/SmithL0/2026/BIOL470/Final/Learning_Rig/bee_0408_2/bee_0408_2_fwd_blue_accident/cam1_2026-04-08_17-52-18.mp4,1918.0,321.5,1692,103,2144,540,0.8257885
939,/Volumes/SmithL0/2026/BIOL470/Final/Learning_Rig/bee_0408_2/bee_0408_2_fwd_blue_accident/cam1_2026-04-08_17-52-18.mp4,1917.5,321.0,1691,103,2144,539,0.825712
940,/Volumes/SmithL0/2026/BIOL470/Final/Learning_Rig/bee_0408_2/bee_0408_2_fwd_blue_accident/cam1_2026-04-08_17-52-18.mp4,1909.0,319.5,1674,102,2144,537,0.82150036
941,/Volumes/SmithL0/2026/BIOL470/Final/Learning_Rig/bee_0408_2/bee_0408_2_fwd_blue_accident/cam1_2026-04-08_17-52-18.mp4,1896.5,318.0,1647,102,2146,534,0.81800497
942,/Volumes/SmithL0/2026/BIOL470/Final/Learning_Rig/bee_0408_2/bee_0408_2_fwd_blue_accident/cam1_2026-04-08_17-52-18.mp4,1900.0,318.0,1655,100,2145,536,0.8208069
943,/Volumes/SmithL0/2026/BIOL470/Final/Learning_Rig/bee_0408_2/bee_0408_2_fwd_blue_accident/cam1_2026-04-08_17-52-18.mp4,1900.5,319.0,1656,102,2145,536,0.8203247
944,/Volumes/SmithL0/2026/BIOL470/Final/Learning_Rig/bee_0408_2/bee_0408_2_fwd_blue_accident/cam1_2026-04-08_17-52-18.mp4,1903.5,319.5,1662,101,2145,538,0.82145554
945,/Volumes/SmithL0/2026/BIOL470/Final/Learning_Rig/bee_0408_2/bee_0408_2_fwd_blue_accident/cam1_2026-04-08_17-52-18.mp4,1908.0,317.5,1671,97,2145,538,0.82169205
946,/Volumes/SmithL0/2026/BIOL470/Final/Learning_Rig/bee_0408_2/bee_0408_2_fwd_blue_accident/cam1_2026-04-08_17-52-18.mp4,1910.5,316.5,1678,95,2143,538,0.8228226
947,/Volumes/SmithL0/2026/BIOL470/Final/Learning_Rig/bee_0408_2/bee_0408_2_fwd_blue_accident/cam1_2026-04-08_17-52-18.mp4,1918.5,317.0,1694,98,2143,536,0.82296944
948,/Volumes/SmithL0/2026/BIOL470/Final/Learning_Rig/bee_0408_2/bee_0408_2_fwd_blue_accident/cam1_2026-04-08_17-52-18.mp4,1915.0,318.0,1686,99,2144,537,0.8231467
949,/Volumes/SmithL0/2026/BIOL470/Final/Learning_Rig/bee_0408_2/bee_0408_2_fwd_blue_accident/cam1_2026-04-08_17-52-18.mp4,1915.5,317.5,1687,98,2144,537,0.823107
950,/Volumes/SmithL0/2026/BIOL470/Final/Learning_Rig/bee_0408_2/bee_0408_2_fwd_blue_accident/cam1_2026-04-08_17-52-18.mp4,1911.0,315.5,1678,95,2144,536,0.82203424
951,/Volumes/SmithL0/2026/BIOL470/Final/Learning_Rig/bee_0408_2/bee_0408_2_fwd_blue_accident/cam1_2026-04-08_17-52-18.mp4,1902.5,318.5,1659,97,2146,540,0.82270193
952,/Volumes/SmithL0/2026/BIOL470/Final/Learning_Rig/bee_0408_2/bee_0408_2_fwd_blue_accident/cam1_2026-04-08_17-52-18.mp4,1899.5,319.0,1652,93,2147,545,0.8238551
953,/Volumes/SmithL0/2026/BIOL470/Final/Learning_Rig/bee_0408_2/bee_0408_2_fwd_blue_accident/cam1_2026-04-08_17-52-18.mp4,1896.5,325.0,1646,94,2147,556,0.8247405
954,/Volumes/SmithL0/2026/BIOL470/Final/Learning_Rig/bee_0408_2/bee_0408_2_fwd_blue_accident/cam1_2026-04-08_17-52-18.mp4,1920.5,326.0,1703,91,2138,561,0.8341455
955,/Volumes/SmithL0/2026/BIOL470/Final/Learning_Rig/bee_0408_2/bee_0408_2_fwd_blue_accident/cam1_2026-04-08_17-52-18.mp4,1911.0,324.0,1678,92,2144,556,0.82796043
956,/Volumes/SmithL0/2026/BIOL470/Final/Learning_Rig/bee_0408_2/bee_0408_2_fwd_blue_accident/cam1_2026-04-08_17-52-18.mp4,1913.0,320.5,1682,91,2144,550,0.827572
957,/Volumes/SmithL0/2026/BIOL470/Final/Learning_Rig/bee_0408_2/bee_0408_2_fwd_blue_accident/cam1_2026-04-08_17-52-18.mp4,1907.5,322.0,1671,90,2144,554,0.82619214
958,/Volumes/SmithL0/2026/BIOL470/Final/Learning_Rig/bee_0408_2/bee_0408_2_fwd_blue_accident/cam1_2026-04-08_17-52-18.mp4,1906.0,321.5,1668,90,2144,553,0.82467914
959,/Volumes/SmithL0/2026/BIOL470/Final/Learning_Rig/bee_0408_2/bee_0408_2_fwd_blue_accident/cam1_2026-04-08_17-52-18.mp4,1903.5,320.0,1664,88,2143,552,0.8241438
960,/Volumes/SmithL0/2026/BIOL470/Final/Learning_Rig/bee_0408_2/bee_0408_2_fwd_blue_accident/cam1_2026-04-08_17-52-18.mp4,1902.0,319.5,1660,85,2144,554,0.82301575
961,/Volumes/SmithL0/2026/BIOL470/Final/Learning_Rig/bee_0408_2/bee_0408_2_fwd_blue_accident/cam1_2026-04-08_17-52-18.mp4,1905.0,321.5,1666,85,2144,558,0.8212369
962,/Volumes/SmithL0/2026/BIOL470/Final/Learning_Rig/bee_0408_2/bee_0408_2_fwd_blue_accident/cam1_2026-04-08_17-52-18.mp4,1903.0,319.5,1662,85,2144,554,0.8209454
963,/Volumes/SmithL0/2026/BIOL470/Final/Learning_Rig/bee_0408_2/bee_0408_2_fwd_blue_accident/cam1_2026-04-08_17-52-18.mp4,1911.5,320.0,1680,87,2143,553,0.82227945
964,/Volumes/SmithL0/2026/BIOL470/Final/Learning_Rig/bee_0408_2/bee_0408_2_fwd_blue_accident/cam1_2026-04-08_17-52-18.mp4,1910.5,322.0,1678,87,2143,557,0.821111
