,filepath,x_centroid,y_centroid,x_min,y_min,x_max,y_max,detection_confidence
0,/Volumes/SmithL0/2026/BIOL470/Final/Learning_Rig/bee_0408_2/bee_0408_2_fwd_blue_accident/cam1_2026-04-08_17-44-01.mp4,1734.0,236.0,1490,0,1978,472,0.79908687
1,/Volumes/SmithL0/2026/BIOL470/Final/Learning_Rig/bee_0408_2/bee_0408_2_fwd_blue_accident/cam1_2026-04-08_17-44-01.mp4,1732.0,234.5,1489,0,1975,469,0.8054852
2,/Volumes/SmithL0/2026/BIOL470/Final/Learning_Rig/bee_0408_2/bee_0408_2_fwd_blue_accident/cam1_2026-04-08_17-44-01.mp4,1737.0,234.5,1494,0,1980,469,0.8078463
3,/Volumes/SmithL0/2026/BIOL470/Final/Learning_Rig/bee_0408_2/bee_0408_2_fwd_blue_accident/cam1_2026-04-08_17-44-01.mp4,1736.0,234.5,1492,0,1980,469,0.8057202
4,/Volumes/SmithL0/2026/BIOL470/Final/Learning_Rig/bee_0408_2/bee_0408_2_fwd_blue_accident/cam1_2026-04-08_17-44-01.mp4,1736.5,235.0,1490,0,1983,470,0.80515045
5,/Volumes/SmithL0/2026/BIOL470/Final/Learning_Rig/bee_0408_2/bee_0408_2_fwd_blue_accident/cam1_2026-04-08_17-44-01.mp4,1732.5,234.5,1488,0,1977,469,0.8059934
6,/Volumes/SmithL0/2026/BIOL470/Final/Learning_Rig/bee_0408_2/bee_0408_2_fwd_blue_accident/cam1_2026-04-08_17-44-01.mp4,1733.5,234.5,1486,1,1981,468,0.80351084
7,/Volumes/SmithL0/2026/BIOL470/Final/Learning_Rig/bee_0408_2/bee_0408_2_fwd_blue_accident/cam1_2026-04-08_17-44-01.mp4,1730.0,234.5,1480,0,1980,469,0.80347073
8,/Volumes/SmithL0/2026/BIOL470/Final/Learning_Rig/bee_0408_2/bee_0408_2_fwd_blue_accident/cam1_2026-04-08_17-44-01.mp4,1725.5,235.0,1483,0,1968,470,0.8086015
9,/Volumes/SmithL0/2026/BIOL470/Final/Learning_Rig/bee_0408_2/bee_0408_2_fwd_blue_accident/cam1_2026-04-08_17-44-01.mp4,1719.0,234.0,1477,0,1961,468,0.81660706
10,/Volumes/SmithL0/2026/BIOL470/Final/Learning_Rig/bee_0408_2/bee_0408_2_fwd_blue_accident/cam1_2026-04-08_17-44-01.mp4,1719.0,234.0,1476,0,1962,468,0.8148756
11,/Volumes/SmithL0/2026/BIOL470/Final/Learning_Rig/bee_0408_2/bee_0408_2_fwd_blue_accident/cam1_2026-04-08_17-44-01.mp4,1717.5,234.0,1474,0,1961,468,0.8173417
12,/Volumes/SmithL0/2026/BIOL470/Final/Learning_Rig/bee_0408_2/bee_0408_2_fwd_blue_accident/cam1_2026-04-08_17-44-01.mp4,1720.0,233.0,1476,0,1964,466,0.8126407
13,/Volumes/SmithL0/2026/BIOL470/Final/Learning_Rig/bee_0408_2/bee_0408_2_fwd_blue_accident/cam1_2026-04-08_17-44-01.mp4,1719.5,234.0,1476,0,1963,468,0.8204702
14,/Volumes/SmithL0/2026/BIOL470/Final/Learning_Rig/bee_0408_2/bee_0408_2_fwd_blue_accident/cam1_2026-04-08_17-44-01.mp4,1725.0,234.0,1487,1,1963,467,0.823445
15,/Volumes/SmithL0/2026/BIOL470/Final/Learning_Rig/bee_0408_2/bee_0408_2_fwd_blue_accident/cam1_2026-04-08_17-44-01.mp4,1722.0,234.0,1482,0,1962,468,0.82286453
16,/Volumes/SmithL0/2026/BIOL470/Final/Learning_Rig/bee_0408_2/bee_0408_2_fwd_blue_accident/cam1_2026-04-08_17-44-01.mp4,1717.5,234.0,1473,0,1962,468,0.82077026
17,/Volumes/SmithL0/2026/BIOL470/Final/Learning_Rig/bee_0408_2/bee_0408_2_fwd_blue_accident/cam1_2026-04-08_17-44-01.mp4,1717.0,234.0,1472,0,1962,468,0.8184519
18,/Volumes/SmithL0/2026/BIOL470/Final/Learning_Rig/bee_0408_2/bee_0408_2_fwd_blue_accident/cam1_2026-04-08_17-44-01.mp4,1719.0,234.0,1474,0,1964,468,0.8198352
19,/Volumes/SmithL0/2026/BIOL470/Final/Learning_Rig/bee_0408_2/bee_0408_2_fwd_blue_accident/cam1_2026-04-08_17-44-01.mp4,1717.5,233.5,1473,0,1962,467,0.821668
20,/Volumes/SmithL0/2026/BIOL470/Final/Learning_Rig/bee_0408_2/bee_0408_2_fwd_blue_accident/cam1_2026-04-08_17-44-01.mp4,1720.0,233.5,1476,0,1964,467,0.81899107
21,/Volumes/SmithL0/2026/BIOL470/Final/Learning_Rig/bee_0408_2/bee_0408_2_fwd_blue_accident/cam1_2026-04-08_17-44-01.mp4,1723.5,233.5,1483,1,1964,466,0.81796587
22,/Volumes/SmithL0/2026/BIOL470/Final/Learning_Rig/bee_0408_2/bee_0408_2_fwd_blue_accident/cam1_2026-04-08_17-44-01.mp4,1721.5,233.5,1479,0,1964,467,0.8149871
23,/Volumes/SmithL0/2026/BIOL470/Final/Learning_Rig/bee_0408_2/bee_0408_2_fwd_blue_accident/cam1_2026-04-08_17-44-01.mp4,1722.0,233.5,1480,0,1964,467,0.8140175
24,/Volumes/SmithL0/2026/BIOL470/Final/Learning_Rig/bee_0408_2/bee_0408_2_fwd_blue_accident/cam1_2026-04-08_17-44-01.mp4,1724.5,234.0,1484,2,1965,466,0.8160093
25,/Volumes/SmithL0/2026/BIOL470/Final/Learning_Rig/bee_0408_2/bee_0408_2_fwd_blue_accident/cam1_2026-04-08_17-44-01.mp4,1726.5,233.5,1490,1,1963,466,0.8159193
26,/Volumes/SmithL0/2026/BIOL470/Final/Learning_Rig/bee_0408_2/bee_0408_2_fwd_blue_accident/cam1_2026-04-08_17-44-01.mp4,1728.5,233.5,1493,1,1964,466,0.8164049
27,/Volumes/SmithL0/2026/BIOL470/Final/Learning_Rig/bee_0408_2/bee_0408_2_fwd_blue_accident/cam1_2026-04-08_17-44-01.mp4,1724.5,234.0,1487,1,1962,467,0.8177367
28,/Volumes/SmithL0/2026/BIOL470/Final/Learning_Rig/bee_0408_2/bee_0408_2_fwd_blue_accident/cam1_2026-04-08_17-44-01.mp4,1722.0,235.0,1482,1,1962,469,0.8148805
29,/Volumes/SmithL0/2026/BIOL470/Final/Learning_Rig/bee_0408_2/bee_0408_2_fwd_blue_accident/cam1_2026-04-08_17-44-01.mp4,1724.0,234.5,1485,1,1963,468,0.81566066
30,/Volumes/SmithL0/2026/BIOL470/Final/Learning_Rig/bee_0408_2/bee_0408_2_fwd_blue_accident/cam1_2026-04-08_17-44-01.mp4,1723.0,234.0,1483,0,1963,468,0.814003
31,/Volumes/SmithL0/2026/BIOL470/Final/Learning_Rig/bee_0408_2/bee_0408_2_fwd_blue_accident/cam1_2026-04-08_17-44-01.mp4,1722.0,234.5,1482,0,1962,469,0.821344
32,/Volumes/SmithL0/2026/BIOL470/Final/Learning_Rig/bee_0408_2/bee_0408_2_fwd_blue_accident/cam1_2026-04-08_17-44-01.mp4,1723.0,233.5,1484,1,1962,466,0.8108207
33,/Volumes/SmithL0/2026/BIOL470/Final/Learning_Rig/bee_0408_2/bee_0408_2_fwd_blue_accident/cam1_2026-04-08_17-44-01.mp4,1722.5,234.0,1484,0,1961,468,0.8164441
34,/Volumes/SmithL0/2026/BIOL470/Final/Learning_Rig/bee_0408_2/bee_0408_2_fwd_blue_accident/cam1_2026-04-08_17-44-01.mp4,1723.0,234.5,1484,0,1962,469,0.8181604
35,/Volumes/SmithL0/2026/BIOL470/Final/Learning_Rig/bee_0408_2/bee_0408_2_fwd_blue_accident/cam1_2026-04-08_17-44-01.mp4,1719.0,234.5,1476,0,1962,469,0.8209216
36,/Volumes/SmithL0/2026/BIOL470/Final/Learning_Rig/bee_0408_2/bee_0408_2_fwd_blue_accident/cam1_2026-04-08_17-44-01.mp4,1719.5,234.5,1477,0,1962,469,0.81728417
37,/Volumes/SmithL0/2026/BIOL470/Final/Learning_Rig/bee_0408_2/bee_0408_2_fwd_blue_accident/cam1_2026-04-08_17-44-01.mp4,1721.0,234.5,1479,1,1963,468,0.81129795
38,/Volumes/SmithL0/2026/BIOL470/Final/Learning_Rig/bee_0408_2/bee_0408_2_fwd_blue_accident/cam1_2026-04-08_17-44-01.mp4,1720.0,235.0,1479,0,1961,470,0.8159308
39,/Volumes/SmithL0/2026/BIOL470/Final/Learning_Rig/bee_0408_2/bee_0408_2_fwd_blue_accident/cam1_2026-04-08_17-44-01.mp4,1720.0,235.0,1479,0,1961,470,0.8180335
40,/Volumes/SmithL0/2026/BIOL470/Final/Learning_Rig/bee_0408_2/bee_0408_2_fwd_blue_accident/cam1_2026-04-08_17-44-01.mp4,1720.0,235.0,1478,0,1962,470,0.8150672
41,/Volumes/SmithL0/2026/BIOL470/Final/Learning_Rig/bee_0408_2/bee_0408_2_fwd_blue_accident/cam1_2026-04-08_17-44-01.mp4,1725.0,234.5,1487,1,1963,468,0.81610477
42,/Volumes/SmithL0/2026/BIOL470/Final/Learning_Rig/bee_0408_2/bee_0408_2_fwd_blue_accident/cam1_2026-04-08_17-44-01.mp4,1726.5,235.0,1490,2,1963,468,0.8138097
43,/Volumes/SmithL0/2026/BIOL470/Final/Learning_Rig/bee_0408_2/bee_0408_2_fwd_blue_accident/cam1_2026-04-08_17-44-01.mp4,1726.5,235.5,1490,2,1963,469,0.8125501
44,/Volumes/SmithL0/2026/BIOL470/Final/Learning_Rig/bee_0408_2/bee_0408_2_fwd_blue_accident/cam1_2026-04-08_17-44-01.mp4,1725.0,236.0,1486,3,1964,469,0.81201774
45,/Volumes/SmithL0/2026/BIOL470/Final/Learning_Rig/bee_0408_2/bee_0408_2_fwd_blue_accident/cam1_2026-04-08_17-44-01.mp4,1724.5,235.5,1487,3,1962,468,0.8147262
46,/Volumes/SmithL0/2026/BIOL470/Final/Learning_Rig/bee_0408_2/bee_0408_2_fwd_blue_accident/cam1_2026-04-08_17-44-01.mp4,1719.5,235.5,1476,1,1963,470,0.8159973
47,/Volumes/SmithL0/2026/BIOL470/Final/Learning_Rig/bee_0408_2/bee_0408_2_fwd_blue_accident/cam1_2026-04-08_17-44-01.mp4,1721.0,236.0,1479,0,1963,472,0.8130141
48,/Volumes/SmithL0/2026/BIOL470/Final/Learning_Rig/bee_0408_2/bee_0408_2_fwd_blue_accident/cam1_2026-04-08_17-44-01.mp4,1723.5,235.0,1485,1,1962,469,0.81319225
49,/Volumes/SmithL0/2026/BIOL470/Final/Learning_Rig/bee_0408_2/bee_0408_2_fwd_blue_accident/cam1_2026-04-08_17-44-01.mp4,1720.0,236.0,1478,1,1962,471,0.819167
50,/Volumes/SmithL0/2026/BIOL470/Final/Learning_Rig/bee_0408_2/bee_0408_2_fwd_blue_accident/cam1_2026-04-08_17-44-01.mp4,1719.5,236.0,1478,1,1961,471,0.8172286
51,/Volumes/SmithL0/2026/BIOL470/Final/Learning_Rig/bee_0408_2/bee_0408_2_fwd_blue_accident/cam1_2026-04-08_17-44-01.mp4,1718.0,236.0,1475,1,1961,471,0.8146585
52,/Volumes/SmithL0/2026/BIOL470/Final/Learning_Rig/bee_0408_2/bee_0408_2_fwd_blue_accident/cam1_2026-04-08_17-44-01.mp4,1719.0,236.0,1478,1,1960,471,0.8175287
53,/Volumes/SmithL0/2026/BIOL470/Final/Learning_Rig/bee_0408_2/bee_0408_2_fwd_blue_accident/cam1_2026-04-08_17-44-01.mp4,1719.0,235.0,1478,0,1960,470,0.81575966
54,/Volumes/SmithL0/2026/BIOL470/Final/Learning_Rig/bee_0408_2/bee_0408_2_fwd_blue_accident/cam1_2026-04-08_17-44-01.mp4,1719.5,235.0,1479,0,1960,470,0.8182376
55,/Volumes/SmithL0/2026/BIOL470/Final/Learning_Rig/bee_0408_2/bee_0408_2_fwd_blue_accident/cam1_2026-04-08_17-44-01.mp4,1721.5,235.5,1483,1,1960,470,0.8180796
56,/Volumes/SmithL0/2026/BIOL470/Final/Learning_Rig/bee_0408_2/bee_0408_2_fwd_blue_accident/cam1_2026-04-08_17-44-01.mp4,1721.5,235.5,1481,1,1962,470,0.81943893
57,/Volumes/SmithL0/2026/BIOL470/Final/Learning_Rig/bee_0408_2/bee_0408_2_fwd_blue_accident/cam1_2026-04-08_17-44-01.mp4,1723.5,237.0,1484,2,1963,472,0.8176844
58,/Volumes/SmithL0/2026/BIOL470/Final/Learning_Rig/bee_0408_2/bee_0408_2_fwd_blue_accident/cam1_2026-04-08_17-44-01.mp4,1723.0,236.5,1484,1,1962,472,0.8185388
59,/Volumes/SmithL0/2026/BIOL470/Final/Learning_Rig/bee_0408_2/bee_0408_2_fwd_blue_accident/cam1_2026-04-08_17-44-01.mp4,1722.0,237.5,1480,1,1964,474,0.8122722
60,/Volumes/SmithL0/2026/BIOL470/Final/Learning_Rig/bee_0408_2/bee_0408_2_fwd_blue_accident/cam1_2026-04-08_17-44-01.mp4,1721.5,236.5,1480,2,1963,471,0.81145734
61,/Volumes/SmithL0/2026/BIOL470/Final/Learning_Rig/bee_0408_2/bee_0408_2_fwd_blue_accident/cam1_2026-04-08_17-44-01.mp4,1720.5,236.5,1480,0,1961,473,0.8147856
62,/Volumes/SmithL0/2026/BIOL470/Final/Learning_Rig/bee_0408_2/bee_0408_2_fwd_blue_accident/cam1_2026-04-08_17-44-01.mp4,1722.5,236.5,1483,2,1962,471,0.81241226
63,/Volumes/SmithL0/2026/BIOL470/Final/Learning_Rig/bee_0408_2/bee_0408_2_fwd_blue_accident/cam1_2026-04-08_17-44-01.mp4,1719.5,236.5,1477,3,1962,470,0.8098759
64,/Volumes/SmithL0/2026/BIOL470/Final/Learning_Rig/bee_0408_2/bee_0408_2_fwd_blue_accident/cam1_2026-04-08_17-44-01.mp4,1721.5,237.0,1480,3,1963,471,0.80953765
65,/Volumes/SmithL0/2026/BIOL470/Final/Learning_Rig/bee_0408_2/bee_0408_2_fwd_blue_accident/cam1_2026-04-08_17-44-01.mp4,1722.5,237.0,1483,3,1962,471,0.81034505
66,/Volumes/SmithL0/2026/BIOL470/Final/Learning_Rig/bee_0408_2/bee_0408_2_fwd_blue_accident/cam1_2026-04-08_17-44-01.mp4,1722.5,237.0,1484,3,1961,471,0.8132412
67,/Volumes/SmithL0/2026/BIOL470/Final/Learning_Rig/bee_0408_2/bee_0408_2_fwd_blue_accident/cam1_2026-04-08_17-44-01.mp4,1722.5,236.0,1484,2,1961,470,0.8142976
68,/Volumes/SmithL0/2026/BIOL470/Final/Learning_Rig/bee_0408_2/bee_0408_2_fwd_blue_accident/cam1_2026-04-08_17-44-01.mp4,1723.5,235.5,1486,1,1961,470,0.8129923
69,/Volumes/SmithL0/2026/BIOL470/Final/Learning_Rig/bee_0408_2/bee_0408_2_fwd_blue_accident/cam1_2026-04-08_17-44-01.mp4,1722.5,236.5,1483,2,1962,471,0.81202525
70,/Volumes/SmithL0/2026/BIOL470/Final/Learning_Rig/bee_0408_2/bee_0408_2_fwd_blue_accident/cam1_2026-04-08_17-44-01.mp4,1722.0,236.5,1481,0,1963,473,0.8194926
71,/Volumes/SmithL0/2026/BIOL470/Final/Learning_Rig/bee_0408_2/bee_0408_2_fwd_blue_accident/cam1_2026-04-08_17-44-01.mp4,1720.0,236.0,1478,1,1962,471,0.8177321
72,/Volumes/SmithL0/2026/BIOL470/Final/Learning_Rig/bee_0408_2/bee_0408_2_fwd_blue_accident/cam1_2026-04-08_17-44-01.mp4,1721.0,236.5,1479,0,1963,473,0.81536514
73,/Volumes/SmithL0/2026/BIOL470/Final/Learning_Rig/bee_0408_2/bee_0408_2_fwd_blue_accident/cam1_2026-04-08_17-44-01.mp4,1718.5,236.5,1474,1,1963,472,0.81573385
74,/Volumes/SmithL0/2026/BIOL470/Final/Learning_Rig/bee_0408_2/bee_0408_2_fwd_blue_accident/cam1_2026-04-08_17-44-01.mp4,1719.5,236.5,1477,1,1962,472,0.8192182
75,/Volumes/SmithL0/2026/BIOL470/Final/Learning_Rig/bee_0408_2/bee_0408_2_fwd_blue_accident/cam1_2026-04-08_17-44-01.mp4,1719.5,236.5,1477,0,1962,473,0.8167514
76,/Volumes/SmithL0/2026/BIOL470/Final/Learning_Rig/bee_0408_2/bee_0408_2_fwd_blue_accident/cam1_2026-04-08_17-44-01.mp4,1719.0,236.5,1476,1,1962,472,0.8201892
77,/Volumes/SmithL0/2026/BIOL470/Final/Learning_Rig/bee_0408_2/bee_0408_2_fwd_blue_accident/cam1_2026-04-08_17-44-01.mp4,1722.0,236.0,1482,3,1962,469,0.81492877
78,/Volumes/SmithL0/2026/BIOL470/Final/Learning_Rig/bee_0408_2/bee_0408_2_fwd_blue_accident/cam1_2026-04-08_17-44-01.mp4,1718.0,236.0,1474,1,1962,471,0.8180262
79,/Volumes/SmithL0/2026/BIOL470/Final/Learning_Rig/bee_0408_2/bee_0408_2_fwd_blue_accident/cam1_2026-04-08_17-44-01.mp4,1718.0,236.5,1473,2,1963,471,0.8173939
80,/Volumes/SmithL0/2026/BIOL470/Final/Learning_Rig/bee_0408_2/bee_0408_2_fwd_blue_accident/cam1_2026-04-08_17-44-01.mp4,1717.0,236.5,1471,1,1963,472,0.819038
81,/Volumes/SmithL0/2026/BIOL470/Final/Learning_Rig/bee_0408_2/bee_0408_2_fwd_blue_accident/cam1_2026-04-08_17-44-01.mp4,1719.5,236.5,1477,1,1962,472,0.81508815
82,/Volumes/SmithL0/2026/BIOL470/Final/Learning_Rig/bee_0408_2/bee_0408_2_fwd_blue_accident/cam1_2026-04-08_17-44-01.mp4,1719.0,236.5,1476,1,1962,472,0.8199381
83,/Volumes/SmithL0/2026/BIOL470/Final/Learning_Rig/bee_0408_2/bee_0408_2_fwd_blue_accident/cam1_2026-04-08_17-44-01.mp4,1720.0,236.0,1479,1,1961,471,0.819581
84,/Volumes/SmithL0/2026/BIOL470/Final/Learning_Rig/bee_0408_2/bee_0408_2_fwd_blue_accident/cam1_2026-04-08_17-44-01.mp4,1720.5,236.0,1480,1,1961,471,0.8209477
85,/Volumes/SmithL0/2026/BIOL470/Final/Learning_Rig/bee_0408_2/bee_0408_2_fwd_blue_accident/cam1_2026-04-08_17-44-01.mp4,1720.0,236.0,1479,1,1961,471,0.8223471
86,/Volumes/SmithL0/2026/BIOL470/Final/Learning_Rig/bee_0408_2/bee_0408_2_fwd_blue_accident/cam1_2026-04-08_17-44-01.mp4,1720.0,237.0,1476,1,1964,473,0.81807625
87,/Volumes/SmithL0/2026/BIOL470/Final/Learning_Rig/bee_0408_2/bee_0408_2_fwd_blue_accident/cam1_2026-04-08_17-44-01.mp4,1721.5,236.0,1480,2,1963,470,0.8143166
88,/Volumes/SmithL0/2026/BIOL470/Final/Learning_Rig/bee_0408_2/bee_0408_2_fwd_blue_accident/cam1_2026-04-08_17-44-01.mp4,1721.5,237.0,1481,3,1962,471,0.8135398
89,/Volumes/SmithL0/2026/BIOL470/Final/Learning_Rig/bee_0408_2/bee_0408_2_fwd_blue_accident/cam1_2026-04-08_17-44-01.mp4,1721.0,237.5,1480,2,1962,473,0.8145299
90,/Volumes/SmithL0/2026/BIOL470/Final/Learning_Rig/bee_0408_2/bee_0408_2_fwd_blue_accident/cam1_2026-04-08_17-44-01.mp4,1715.5,235.5,1471,0,1960,471,0.8180883
91,/Volumes/SmithL0/2026/BIOL470/Final/Learning_Rig/bee_0408_2/bee_0408_2_fwd_blue_accident/cam1_2026-04-08_17-44-01.mp4,1721.0,235.0,1481,2,1961,468,0.8153946
92,/Volumes/SmithL0/2026/BIOL470/Final/Learning_Rig/bee_0408_2/bee_0408_2_fwd_blue_accident/cam1_2026-04-08_17-44-01.mp4,1717.5,235.5,1474,0,1961,471,0.81914675
93,/Volumes/SmithL0/2026/BIOL470/Final/Learning_Rig/bee_0408_2/bee_0408_2_fwd_blue_accident/cam1_2026-04-08_17-44-01.mp4,1718.0,236.0,1475,1,1961,471,0.8220358
94,/Volumes/SmithL0/2026/BIOL470/Final/Learning_Rig/bee_0408_2/bee_0408_2_fwd_blue_accident/cam1_2026-04-08_17-44-01.mp4,1719.0,236.5,1477,1,1961,472,0.820105
95,/Volumes/SmithL0/2026/BIOL470/Final/Learning_Rig/bee_0408_2/bee_0408_2_fwd_blue_accident/cam1_2026-04-08_17-44-01.mp4,1722.0,236.5,1483,1,1961,472,0.8195374
96,/Volumes/SmithL0/2026/BIOL470/Final/Learning_Rig/bee_0408_2/bee_0408_2_fwd_blue_accident/cam1_2026-04-08_17-44-01.mp4,1720.0,236.5,1478,1,1962,472,0.8171662
97,/Volumes/SmithL0/2026/BIOL470/Final/Learning_Rig/bee_0408_2/bee_0408_2_fwd_blue_accident/cam1_2026-04-08_17-44-01.mp4,1718.0,236.0,1475,1,1961,471,0.8200907
98,/Volumes/SmithL0/2026/BIOL470/Final/Learning_Rig/bee_0408_2/bee_0408_2_fwd_blue_accident/cam1_2026-04-08_17-44-01.mp4,1720.5,237.0,1479,2,1962,472,0.81553715
99,/Volumes/SmithL0/2026/BIOL470/Final/Learning_Rig/bee_0408_2/bee_0408_2_fwd_blue_accident/cam1_2026-04-08_17-44-01.mp4,1719.5,237.0,1477,2,1962,472,0.81967956
100,/Volumes/SmithL0/2026/BIOL470/Final/Learning_Rig/bee_0408_2/bee_0408_2_fwd_blue_accident/cam1_2026-04-08_17-44-01.mp4,1719.5,236.5,1478,2,1961,471,0.81966513
101,/Volumes/SmithL0/2026/BIOL470/Final/Learning_Rig/bee_0408_2/bee_0408_2_fwd_blue_accident/cam1_2026-04-08_17-44-01.mp4,1720.0,236.5,1479,2,1961,471,0.8209328
102,/Volumes/SmithL0/2026/BIOL470/Final/Learning_Rig/bee_0408_2/bee_0408_2_fwd_blue_accident/cam1_2026-04-08_17-44-01.mp4,1718.0,236.5,1475,2,1961,471,0.81556946
103,/Volumes/SmithL0/2026/BIOL470/Final/Learning_Rig/bee_0408_2/bee_0408_2_fwd_blue_accident/cam1_2026-04-08_17-44-01.mp4,1717.0,238.0,1472,3,1962,473,0.80729336
104,/Volumes/SmithL0/2026/BIOL470/Final/Learning_Rig/bee_0408_2/bee_0408_2_fwd_blue_accident/cam1_2026-04-08_17-44-01.mp4,1717.0,237.0,1472,2,1962,472,0.81523895
105,/Volumes/SmithL0/2026/BIOL470/Final/Learning_Rig/bee_0408_2/bee_0408_2_fwd_blue_accident/cam1_2026-04-08_17-44-01.mp4,1715.5,235.5,1470,0,1961,471,0.8194501
106,/Volumes/SmithL0/2026/BIOL470/Final/Learning_Rig/bee_0408_2/bee_0408_2_fwd_blue_accident/cam1_2026-04-08_17-44-01.mp4,1717.0,236.0,1474,1,1960,471,0.8200891
107,/Volumes/SmithL0/2026/BIOL470/Final/Learning_Rig/bee_0408_2/bee_0408_2_fwd_blue_accident/cam1_2026-04-08_17-44-01.mp4,1717.5,237.0,1475,2,1960,472,0.82191294
108,/Volumes/SmithL0/2026/BIOL470/Final/Learning_Rig/bee_0408_2/bee_0408_2_fwd_blue_accident/cam1_2026-04-08_17-44-01.mp4,1713.5,236.0,1467,1,1960,471,0.81869376
109,/Volumes/SmithL0/2026/BIOL470/Final/Learning_Rig/bee_0408_2/bee_0408_2_fwd_blue_accident/cam1_2026-04-08_17-44-01.mp4,1715.5,236.5,1472,2,1959,471,0.82009584
110,/Volumes/SmithL0/2026/BIOL470/Final/Learning_Rig/bee_0408_2/bee_0408_2_fwd_blue_accident/cam1_2026-04-08_17-44-01.mp4,1717.0,237.0,1473,3,1961,471,0.8165554
111,/Volumes/SmithL0/2026/BIOL470/Final/Learning_Rig/bee_0408_2/bee_0408_2_fwd_blue_accident/cam1_2026-04-08_17-44-01.mp4,1718.0,237.0,1475,2,1961,472,0.8186519
112,/Volumes/SmithL0/2026/BIOL470/Final/Learning_Rig/bee_0408_2/bee_0408_2_fwd_blue_accident/cam1_2026-04-08_17-44-01.mp4,1718.0,237.0,1475,2,1961,472,0.8163501
113,/Volumes/SmithL0/2026/BIOL470/Final/Learning_Rig/bee_0408_2/bee_0408_2_fwd_blue_accident/cam1_2026-04-08_17-44-01.mp4,1718.0,237.0,1476,1,1960,473,0.8186249
114,/Volumes/SmithL0/2026/BIOL470/Final/Learning_Rig/bee_0408_2/bee_0408_2_fwd_blue_accident/cam1_2026-04-08_17-44-01.mp4,1717.0,237.0,1474,2,1960,472,0.82056594
115,/Volumes/SmithL0/2026/BIOL470/Final/Learning_Rig/bee_0408_2/bee_0408_2_fwd_blue_accident/cam1_2026-04-08_17-44-01.mp4,1717.5,236.5,1474,0,1961,473,0.81721914
116,/Volumes/SmithL0/2026/BIOL470/Final/Learning_Rig/bee_0408_2/bee_0408_2_fwd_blue_accident/cam1_2026-04-08_17-44-01.mp4,1718.0,237.0,1475,1,1961,473,0.81153023
117,/Volumes/SmithL0/2026/BIOL470/Final/Learning_Rig/bee_0408_2/bee_0408_2_fwd_blue_accident/cam1_2026-04-08_17-44-01.mp4,1718.0,237.0,1475,2,1961,472,0.8205088
118,/Volumes/SmithL0/2026/BIOL470/Final/Learning_Rig/bee_0408_2/bee_0408_2_fwd_blue_accident/cam1_2026-04-08_17-44-01.mp4,1719.0,237.5,1476,2,1962,473,0.8182507
119,/Volumes/SmithL0/2026/BIOL470/Final/Learning_Rig/bee_0408_2/bee_0408_2_fwd_blue_accident/cam1_2026-04-08_17-44-01.mp4,1718.0,237.5,1473,2,1963,473,0.8174737
120,/Volumes/SmithL0/2026/BIOL470/Final/Learning_Rig/bee_0408_2/bee_0408_2_fwd_blue_accident/cam1_2026-04-08_17-44-01.mp4,1720.0,237.5,1477,2,1963,473,0.8237341
121,/Volumes/SmithL0/2026/BIOL470/Final/Learning_Rig/bee_0408_2/bee_0408_2_fwd_blue_accident/cam1_2026-04-08_17-44-01.mp4,1720.5,237.0,1479,2,1962,472,0.82392776
122,/Volumes/SmithL0/2026/BIOL470/Final/Learning_Rig/bee_0408_2/bee_0408_2_fwd_blue_accident/cam1_2026-04-08_17-44-01.mp4,1722.0,237.0,1482,3,1962,471,0.8234907
123,/Volumes/SmithL0/2026/BIOL470/Final/Learning_Rig/bee_0408_2/bee_0408_2_fwd_blue_accident/cam1_2026-04-08_17-44-01.mp4,1720.0,237.5,1477,3,1963,472,0.814375
124,/Volumes/SmithL0/2026/BIOL470/Final/Learning_Rig/bee_0408_2/bee_0408_2_fwd_blue_accident/cam1_2026-04-08_17-44-01.mp4,1722.0,236.5,1480,3,1964,470,0.8130104
125,/Volumes/SmithL0/2026/BIOL470/Final/Learning_Rig/bee_0408_2/bee_0408_2_fwd_blue_accident/cam1_2026-04-08_17-44-01.mp4,1722.0,237.0,1481,4,1963,470,0.81457096
126,/Volumes/SmithL0/2026/BIOL470/Final/Learning_Rig/bee_0408_2/bee_0408_2_fwd_blue_accident/cam1_2026-04-08_17-44-01.mp4,1717.5,237.0,1472,2,1963,472,0.8138112
127,/Volumes/SmithL0/2026/BIOL470/Final/Learning_Rig/bee_0408_2/bee_0408_2_fwd_blue_accident/cam1_2026-04-08_17-44-01.mp4,1717.5,237.5,1472,2,1963,473,0.8201979
128,/Volumes/SmithL0/2026/BIOL470/Final/Learning_Rig/bee_0408_2/bee_0408_2_fwd_blue_accident/cam1_2026-04-08_17-44-01.mp4,1718.5,237.0,1475,2,1962,472,0.82105047
129,/Volumes/SmithL0/2026/BIOL470/Final/Learning_Rig/bee_0408_2/bee_0408_2_fwd_blue_accident/cam1_2026-04-08_17-44-01.mp4,1718.5,237.5,1474,3,1963,472,0.8224685
130,/Volumes/SmithL0/2026/BIOL470/Final/Learning_Rig/bee_0408_2/bee_0408_2_fwd_blue_accident/cam1_2026-04-08_17-44-01.mp4,1719.0,237.0,1474,2,1964,472,0.8189179
131,/Volumes/SmithL0/2026/BIOL470/Final/Learning_Rig/bee_0408_2/bee_0408_2_fwd_blue_accident/cam1_2026-04-08_17-44-01.mp4,1720.0,237.0,1476,1,1964,473,0.82319957
132,/Volumes/SmithL0/2026/BIOL470/Final/Learning_Rig/bee_0408_2/bee_0408_2_fwd_blue_accident/cam1_2026-04-08_17-44-01.mp4,1721.5,237.0,1479,1,1964,473,0.82424074
133,/Volumes/SmithL0/2026/BIOL470/Final/Learning_Rig/bee_0408_2/bee_0408_2_fwd_blue_accident/cam1_2026-04-08_17-44-01.mp4,1724.0,237.0,1483,0,1965,474,0.81923705
134,/Volumes/SmithL0/2026/BIOL470/Final/Learning_Rig/bee_0408_2/bee_0408_2_fwd_blue_accident/cam1_2026-04-08_17-44-01.mp4,1724.0,237.0,1484,1,1964,473,0.82429665
135,/Volumes/SmithL0/2026/BIOL470/Final/Learning_Rig/bee_0408_2/bee_0408_2_fwd_blue_accident/cam1_2026-04-08_17-44-01.mp4,1721.0,237.5,1478,1,1964,474,0.81690407
136,/Volumes/SmithL0/2026/BIOL470/Final/Learning_Rig/bee_0408_2/bee_0408_2_fwd_blue_accident/cam1_2026-04-08_17-44-01.mp4,1722.0,237.5,1480,1,1964,474,0.81537646
137,/Volumes/SmithL0/2026/BIOL470/Final/Learning_Rig/bee_0408_2/bee_0408_2_fwd_blue_accident/cam1_2026-04-08_17-44-01.mp4,1719.0,236.0,1475,1,1963,471,0.82182175
138,/Volumes/SmithL0/2026/BIOL470/Final/Learning_Rig/bee_0408_2/bee_0408_2_fwd_blue_accident/cam1_2026-04-08_17-44-01.mp4,1721.5,237.0,1478,2,1965,472,0.821896
139,/Volumes/SmithL0/2026/BIOL470/Final/Learning_Rig/bee_0408_2/bee_0408_2_fwd_blue_accident/cam1_2026-04-08_17-44-01.mp4,1719.0,236.5,1474,2,1964,471,0.82117856
140,/Volumes/SmithL0/2026/BIOL470/Final/Learning_Rig/bee_0408_2/bee_0408_2_fwd_blue_accident/cam1_2026-04-08_17-44-01.mp4,1718.5,236.5,1473,1,1964,472,0.81474656
141,/Volumes/SmithL0/2026/BIOL470/Final/Learning_Rig/bee_0408_2/bee_0408_2_fwd_blue_accident/cam1_2026-04-08_17-44-01.mp4,1718.0,235.5,1474,1,1962,470,0.8190671
142,/Volumes/SmithL0/2026/BIOL470/Final/Learning_Rig/bee_0408_2/bee_0408_2_fwd_blue_accident/cam1_2026-04-08_17-44-01.mp4,1722.0,235.0,1482,2,1962,468,0.8162634
143,/Volumes/SmithL0/2026/BIOL470/Final/Learning_Rig/bee_0408_2/bee_0408_2_fwd_blue_accident/cam1_2026-04-08_17-44-01.mp4,1717.0,235.0,1472,0,1962,470,0.8214106
144,/Volumes/SmithL0/2026/BIOL470/Final/Learning_Rig/bee_0408_2/bee_0408_2_fwd_blue_accident/cam1_2026-04-08_17-44-01.mp4,1725.0,235.5,1488,2,1962,469,0.81673414
145,/Volumes/SmithL0/2026/BIOL470/Final/Learning_Rig/bee_0408_2/bee_0408_2_fwd_blue_accident/cam1_2026-04-08_17-44-01.mp4,1724.5,235.0,1487,1,1962,469,0.817731
146,/Volumes/SmithL0/2026/BIOL470/Final/Learning_Rig/bee_0408_2/bee_0408_2_fwd_blue_accident/cam1_2026-04-08_17-44-01.mp4,1717.0,235.5,1472,0,1962,471,0.81812805
147,/Volumes/SmithL0/2026/BIOL470/Final/Learning_Rig/bee_0408_2/bee_0408_2_fwd_blue_accident/cam1_2026-04-08_17-44-01.mp4,1722.0,235.5,1483,2,1961,469,0.81630015
148,/Volumes/SmithL0/2026/BIOL470/Final/Learning_Rig/bee_0408_2/bee_0408_2_fwd_blue_accident/cam1_2026-04-08_17-44-01.mp4,1721.0,236.0,1478,2,1964,470,0.8137511
149,/Volumes/SmithL0/2026/BIOL470/Final/Learning_Rig/bee_0408_2/bee_0408_2_fwd_blue_accident/cam1_2026-04-08_17-44-01.mp4,1720.0,236.5,1477,2,1963,471,0.8163267
150,/Volumes/SmithL0/2026/BIOL470/Final/Learning_Rig/bee_0408_2/bee_0408_2_fwd_blue_accident/cam1_2026-04-08_17-44-01.mp4,1718.0,235.5,1475,0,1961,471,0.81906784
151,/Volumes/SmithL0/2026/BIOL470/Final/Learning_Rig/bee_0408_2/bee_0408_2_fwd_blue_accident/cam1_2026-04-08_17-44-01.mp4,1720.0,235.5,1478,0,1962,471,0.8215296
152,/Volumes/SmithL0/2026/BIOL470/Final/Learning_Rig/bee_0408_2/bee_0408_2_fwd_blue_accident/cam1_2026-04-08_17-44-01.mp4,1720.5,236.0,1477,0,1964,472,0.81796557
153,/Volumes/SmithL0/2026/BIOL470/Final/Learning_Rig/bee_0408_2/bee_0408_2_fwd_blue_accident/cam1_2026-04-08_17-44-01.mp4,1720.5,235.5,1478,0,1963,471,0.82138807
154,/Volumes/SmithL0/2026/BIOL470/Final/Learning_Rig/bee_0408_2/bee_0408_2_fwd_blue_accident/cam1_2026-04-08_17-44-01.mp4,1722.5,235.5,1482,0,1963,471,0.816783
155,/Volumes/SmithL0/2026/BIOL470/Final/Learning_Rig/bee_0408_2/bee_0408_2_fwd_blue_accident/cam1_2026-04-08_17-44-01.mp4,1721.5,235.5,1481,0,1962,471,0.8157195
156,/Volumes/SmithL0/2026/BIOL470/Final/Learning_Rig/bee_0408_2/bee_0408_2_fwd_blue_accident/cam1_2026-04-08_17-44-01.mp4,1718.5,235.0,1476,0,1961,470,0.8209146
157,/Volumes/SmithL0/2026/BIOL470/Final/Learning_Rig/bee_0408_2/bee_0408_2_fwd_blue_accident/cam1_2026-04-08_17-44-01.mp4,1718.5,235.0,1477,0,1960,470,0.8180962
158,/Volumes/SmithL0/2026/BIOL470/Final/Learning_Rig/bee_0408_2/bee_0408_2_fwd_blue_accident/cam1_2026-04-08_17-44-01.mp4,1722.5,234.5,1484,2,1961,467,0.8172066
159,/Volumes/SmithL0/2026/BIOL470/Final/Learning_Rig/bee_0408_2/bee_0408_2_fwd_blue_accident/cam1_2026-04-08_17-44-01.mp4,1718.0,235.5,1479,0,1957,471,0.816405
160,/Volumes/SmithL0/2026/BIOL470/Final/Learning_Rig/bee_0408_2/bee_0408_2_fwd_blue_accident/cam1_2026-04-08_17-44-01.mp4,1721.5,234.5,1494,1,1949,468,0.8109134
161,/Volumes/SmithL0/2026/BIOL470/Final/Learning_Rig/bee_0408_2/bee_0408_2_fwd_blue_accident/cam1_2026-04-08_17-44-01.mp4,1717.0,234.5,1491,0,1943,469,0.8044793
162,/Volumes/SmithL0/2026/BIOL470/Final/Learning_Rig/bee_0408_2/bee_0408_2_fwd_blue_accident/cam1_2026-04-08_17-44-01.mp4,1716.0,234.5,1489,0,1943,469,0.8047356
163,/Volumes/SmithL0/2026/BIOL470/Final/Learning_Rig/bee_0408_2/bee_0408_2_fwd_blue_accident/cam1_2026-04-08_17-44-01.mp4,1714.0,234.0,1486,0,1942,468,0.8035871
164,/Volumes/SmithL0/2026/BIOL470/Final/Learning_Rig/bee_0408_2/bee_0408_2_fwd_blue_accident/cam1_2026-04-08_17-44-01.mp4,1714.0,234.5,1485,0,1943,469,0.8003869
165,/Volumes/SmithL0/2026/BIOL470/Final/Learning_Rig/bee_0408_2/bee_0408_2_fwd_blue_accident/cam1_2026-04-08_17-44-01.mp4,1716.5,235.5,1490,1,1943,470,0.7995085
166,/Volumes/SmithL0/2026/BIOL470/Final/Learning_Rig/bee_0408_2/bee_0408_2_fwd_blue_accident/cam1_2026-04-08_17-44-01.mp4,1719.0,235.0,1495,0,1943,470,0.7982017
167,/Volumes/SmithL0/2026/BIOL470/Final/Learning_Rig/bee_0408_2/bee_0408_2_fwd_blue_accident/cam1_2026-04-08_17-44-01.mp4,1714.5,234.5,1487,0,1942,469,0.7999286
168,/Volumes/SmithL0/2026/BIOL470/Final/Learning_Rig/bee_0408_2/bee_0408_2_fwd_blue_accident/cam1_2026-04-08_17-44-01.mp4,1715.0,235.0,1486,0,1944,470,0.79841214
169,/Volumes/SmithL0/2026/BIOL470/Final/Learning_Rig/bee_0408_2/bee_0408_2_fwd_blue_accident/cam1_2026-04-08_17-44-01.mp4,1716.0,235.5,1487,0,1945,471,0.7936771
170,/Volumes/SmithL0/2026/BIOL470/Final/Learning_Rig/bee_0408_2/bee_0408_2_fwd_blue_accident/cam1_2026-04-08_17-44-01.mp4,1715.5,235.5,1485,0,1946,471,0.7981626
171,/Volumes/SmithL0/2026/BIOL470/Final/Learning_Rig/bee_0408_2/bee_0408_2_fwd_blue_accident/cam1_2026-04-08_17-44-01.mp4,1718.5,236.0,1490,1,1947,471,0.8002195
172,/Volumes/SmithL0/2026/BIOL470/Final/Learning_Rig/bee_0408_2/bee_0408_2_fwd_blue_accident/cam1_2026-04-08_17-44-01.mp4,1717.5,234.5,1490,0,1945,469,0.8003728
173,/Volumes/SmithL0/2026/BIOL470/Final/Learning_Rig/bee_0408_2/bee_0408_2_fwd_blue_accident/cam1_2026-04-08_17-44-01.mp4,1716.5,234.5,1487,0,1946,469,0.80190027
174,/Volumes/SmithL0/2026/BIOL470/Final/Learning_Rig/bee_0408_2/bee_0408_2_fwd_blue_accident/cam1_2026-04-08_17-44-01.mp4,1716.5,234.5,1486,0,1947,469,0.8059308
175,/Volumes/SmithL0/2026/BIOL470/Final/Learning_Rig/bee_0408_2/bee_0408_2_fwd_blue_accident/cam1_2026-04-08_17-44-01.mp4,1714.5,234.5,1485,1,1944,468,0.8064891
176,/Volumes/SmithL0/2026/BIOL470/Final/Learning_Rig/bee_0408_2/bee_0408_2_fwd_blue_accident/cam1_2026-04-08_17-44-01.mp4,1715.0,235.0,1485,1,1945,469,0.80258733
177,/Volumes/SmithL0/2026/BIOL470/Final/Learning_Rig/bee_0408_2/bee_0408_2_fwd_blue_accident/cam1_2026-04-08_17-44-01.mp4,1713.0,235.0,1483,1,1943,469,0.8033784
178,/Volumes/SmithL0/2026/BIOL470/Final/Learning_Rig/bee_0408_2/bee_0408_2_fwd_blue_accident/cam1_2026-04-08_17-44-01.mp4,1714.0,235.5,1485,1,1943,470,0.7996811
179,/Volumes/SmithL0/2026/BIOL470/Final/Learning_Rig/bee_0408_2/bee_0408_2_fwd_blue_accident/cam1_2026-04-08_17-44-01.mp4,1712.5,235.5,1481,0,1944,471,0.7939639
180,/Volumes/SmithL0/2026/BIOL470/Final/Learning_Rig/bee_0408_2/bee_0408_2_fwd_blue_accident/cam1_2026-04-08_17-44-01.mp4,1711.0,235.5,1477,0,1945,471,0.7975143
181,/Volumes/SmithL0/2026/BIOL470/Final/Learning_Rig/bee_0408_2/bee_0408_2_fwd_blue_accident/cam1_2026-04-08_17-44-01.mp4,1710.0,235.5,1475,0,1945,471,0.79768085
182,/Volumes/SmithL0/2026/BIOL470/Final/Learning_Rig/bee_0408_2/bee_0408_2_fwd_blue_accident/cam1_2026-04-08_17-44-01.mp4,1708.5,235.5,1471,0,1946,471,0.79867804
183,/Volumes/SmithL0/2026/BIOL470/Final/Learning_Rig/bee_0408_2/bee_0408_2_fwd_blue_accident/cam1_2026-04-08_17-44-01.mp4,1713.0,235.0,1480,0,1946,470,0.80128074
184,/Volumes/SmithL0/2026/BIOL470/Final/Learning_Rig/bee_0408_2/bee_0408_2_fwd_blue_accident/cam1_2026-04-08_17-44-01.mp4,1712.5,235.5,1480,1,1945,470,0.80181855
185,/Volumes/SmithL0/2026/BIOL470/Final/Learning_Rig/bee_0408_2/bee_0408_2_fwd_blue_accident/cam1_2026-04-08_17-44-01.mp4,1714.0,235.5,1484,1,1944,470,0.8018062
186,/Volumes/SmithL0/2026/BIOL470/Final/Learning_Rig/bee_0408_2/bee_0408_2_fwd_blue_accident/cam1_2026-04-08_17-44-01.mp4,1714.5,235.0,1484,1,1945,469,0.8032679
187,/Volumes/SmithL0/2026/BIOL470/Final/Learning_Rig/bee_0408_2/bee_0408_2_fwd_blue_accident/cam1_2026-04-08_17-44-01.mp4,1715.5,234.5,1488,0,1943,469,0.8071324
188,/Volumes/SmithL0/2026/BIOL470/Final/Learning_Rig/bee_0408_2/bee_0408_2_fwd_blue_accident/cam1_2026-04-08_17-44-01.mp4,1716.5,234.5,1490,0,1943,469,0.8033897
189,/Volumes/SmithL0/2026/BIOL470/Final/Learning_Rig/bee_0408_2/bee_0408_2_fwd_blue_accident/cam1_2026-04-08_17-44-01.mp4,1716.0,236.0,1488,2,1944,470,0.80166507
190,/Volumes/SmithL0/2026/BIOL470/Final/Learning_Rig/bee_0408_2/bee_0408_2_fwd_blue_accident/cam1_2026-04-08_17-44-01.mp4,1713.5,235.0,1484,1,1943,469,0.8047551
191,/Volumes/SmithL0/2026/BIOL470/Final/Learning_Rig/bee_0408_2/bee_0408_2_fwd_blue_accident/cam1_2026-04-08_17-44-01.mp4,1714.0,234.5,1485,0,1943,469,0.7996385
192,/Volumes/SmithL0/2026/BIOL470/Final/Learning_Rig/bee_0408_2/bee_0408_2_fwd_blue_accident/cam1_2026-04-08_17-44-01.mp4,1714.5,235.5,1485,2,1944,469,0.8026353
193,/Volumes/SmithL0/2026/BIOL470/Final/Learning_Rig/bee_0408_2/bee_0408_2_fwd_blue_accident/cam1_2026-04-08_17-44-01.mp4,1713.5,235.5,1482,0,1945,471,0.79064995
194,/Volumes/SmithL0/2026/BIOL470/Final/Learning_Rig/bee_0408_2/bee_0408_2_fwd_blue_accident/cam1_2026-04-08_17-44-01.mp4,1715.5,235.5,1484,1,1947,470,0.8032443
195,/Volumes/SmithL0/2026/BIOL470/Final/Learning_Rig/bee_0408_2/bee_0408_2_fwd_blue_accident/cam1_2026-04-08_17-44-01.mp4,1716.0,235.5,1485,1,1947,470,0.802
196,/Volumes/SmithL0/2026/BIOL470/Final/Learning_Rig/bee_0408_2/bee_0408_2_fwd_blue_accident/cam1_2026-04-08_17-44-01.mp4,1716.0,236.0,1486,2,1946,470,0.8013866
197,/Volumes/SmithL0/2026/BIOL470/Final/Learning_Rig/bee_0408_2/bee_0408_2_fwd_blue_accident/cam1_2026-04-08_17-44-01.mp4,1717.0,235.0,1491,0,1943,470,0.80508536
198,/Volumes/SmithL0/2026/BIOL470/Final/Learning_Rig/bee_0408_2/bee_0408_2_fwd_blue_accident/cam1_2026-04-08_17-44-01.mp4,1716.0,234.5,1489,0,1943,469,0.80698615
199,/Volumes/SmithL0/2026/BIOL470/Final/Learning_Rig/bee_0408_2/bee_0408_2_fwd_blue_accident/cam1_2026-04-08_17-44-01.mp4,1715.5,235.5,1488,2,1943,469,0.808507
200,/Volumes/SmithL0/2026/BIOL470/Final/Learning_Rig/bee_0408_2/bee_0408_2_fwd_blue_accident/cam1_2026-04-08_17-44-01.mp4,1715.5,235.0,1487,2,1944,468,0.8087034
201,/Volumes/SmithL0/2026/BIOL470/Final/Learning_Rig/bee_0408_2/bee_0408_2_fwd_blue_accident/cam1_2026-04-08_17-44-01.mp4,1718.5,235.5,1492,2,1945,469,0.8072075
202,/Volumes/SmithL0/2026/BIOL470/Final/Learning_Rig/bee_0408_2/bee_0408_2_fwd_blue_accident/cam1_2026-04-08_17-44-01.mp4,1714.5,235.5,1484,1,1945,470,0.80359185
203,/Volumes/SmithL0/2026/BIOL470/Final/Learning_Rig/bee_0408_2/bee_0408_2_fwd_blue_accident/cam1_2026-04-08_17-44-01.mp4,1714.0,235.0,1482,0,1946,470,0.80159605
204,/Volumes/SmithL0/2026/BIOL470/Final/Learning_Rig/bee_0408_2/bee_0408_2_fwd_blue_accident/cam1_2026-04-08_17-44-01.mp4,1712.0,234.5,1479,0,1945,469,0.80390185
205,/Volumes/SmithL0/2026/BIOL470/Final/Learning_Rig/bee_0408_2/bee_0408_2_fwd_blue_accident/cam1_2026-04-08_17-44-01.mp4,1715.5,235.0,1487,0,1944,470,0.8048125
206,/Volumes/SmithL0/2026/BIOL470/Final/Learning_Rig/bee_0408_2/bee_0408_2_fwd_blue_accident/cam1_2026-04-08_17-44-01.mp4,1712.5,236.0,1481,1,1944,471,0.8026075
207,/Volumes/SmithL0/2026/BIOL470/Final/Learning_Rig/bee_0408_2/bee_0408_2_fwd_blue_accident/cam1_2026-04-08_17-44-01.mp4,1714.5,235.0,1487,0,1942,470,0.80439305
208,/Volumes/SmithL0/2026/BIOL470/Final/Learning_Rig/bee_0408_2/bee_0408_2_fwd_blue_accident/cam1_2026-04-08_17-44-01.mp4,1711.5,235.0,1479,0,1944,470,0.80390495
209,/Volumes/SmithL0/2026/BIOL470/Final/Learning_Rig/bee_0408_2/bee_0408_2_fwd_blue_accident/cam1_2026-04-08_17-44-01.mp4,1712.5,235.5,1481,1,1944,470,0.8017147
210,/Volumes/SmithL0/2026/BIOL470/Final/Learning_Rig/bee_0408_2/bee_0408_2_fwd_blue_accident/cam1_2026-04-08_17-44-01.mp4,1714.0,236.0,1485,1,1943,471,0.80082417
211,/Volumes/SmithL0/2026/BIOL470/Final/Learning_Rig/bee_0408_2/bee_0408_2_fwd_blue_accident/cam1_2026-04-08_17-44-01.mp4,1713.0,236.0,1484,1,1942,471,0.8037506
212,/Volumes/SmithL0/2026/BIOL470/Final/Learning_Rig/bee_0408_2/bee_0408_2_fwd_blue_accident/cam1_2026-04-08_17-44-01.mp4,1714.5,235.5,1486,1,1943,470,0.80552
213,/Volumes/SmithL0/2026/BIOL470/Final/Learning_Rig/bee_0408_2/bee_0408_2_fwd_blue_accident/cam1_2026-04-08_17-44-01.mp4,1713.5,235.0,1483,1,1944,469,0.8066778
214,/Volumes/SmithL0/2026/BIOL470/Final/Learning_Rig/bee_0408_2/bee_0408_2_fwd_blue_accident/cam1_2026-04-08_17-44-01.mp4,1715.5,235.5,1488,1,1943,470,0.8054163
215,/Volumes/SmithL0/2026/BIOL470/Final/Learning_Rig/bee_0408_2/bee_0408_2_fwd_blue_accident/cam1_2026-04-08_17-44-01.mp4,1714.5,235.5,1485,1,1944,470,0.8060737
216,/Volumes/SmithL0/2026/BIOL470/Final/Learning_Rig/bee_0408_2/bee_0408_2_fwd_blue_accident/cam1_2026-04-08_17-44-01.mp4,1715.0,235.5,1485,1,1945,470,0.80447644
217,/Volumes/SmithL0/2026/BIOL470/Final/Learning_Rig/bee_0408_2/bee_0408_2_fwd_blue_accident/cam1_2026-04-08_17-44-01.mp4,1712.5,235.5,1481,1,1944,470,0.80363894
218,/Volumes/SmithL0/2026/BIOL470/Final/Learning_Rig/bee_0408_2/bee_0408_2_fwd_blue_accident/cam1_2026-04-08_17-44-01.mp4,1715.0,235.5,1485,1,1945,470,0.80323946
219,/Volumes/SmithL0/2026/BIOL470/Final/Learning_Rig/bee_0408_2/bee_0408_2_fwd_blue_accident/cam1_2026-04-08_17-44-01.mp4,1714.5,235.0,1484,0,1945,470,0.80060065
220,/Volumes/SmithL0/2026/BIOL470/Final/Learning_Rig/bee_0408_2/bee_0408_2_fwd_blue_accident/cam1_2026-04-08_17-44-01.mp4,1714.0,235.0,1484,0,1944,470,0.8040116
221,/Volumes/SmithL0/2026/BIOL470/Final/Learning_Rig/bee_0408_2/bee_0408_2_fwd_blue_accident/cam1_2026-04-08_17-44-01.mp4,1712.5,235.5,1483,1,1942,470,0.8013259
222,/Volumes/SmithL0/2026/BIOL470/Final/Learning_Rig/bee_0408_2/bee_0408_2_fwd_blue_accident/cam1_2026-04-08_17-44-01.mp4,1716.5,235.5,1488,1,1945,470,0.80167496
223,/Volumes/SmithL0/2026/BIOL470/Final/Learning_Rig/bee_0408_2/bee_0408_2_fwd_blue_accident/cam1_2026-04-08_17-44-01.mp4,1715.0,235.0,1487,0,1943,470,0.8005616
224,/Volumes/SmithL0/2026/BIOL470/Final/Learning_Rig/bee_0408_2/bee_0408_2_fwd_blue_accident/cam1_2026-04-08_17-44-01.mp4,1716.0,235.5,1488,1,1944,470,0.8042312
225,/Volumes/SmithL0/2026/BIOL470/Final/Learning_Rig/bee_0408_2/bee_0408_2_fwd_blue_accident/cam1_2026-04-08_17-44-01.mp4,1714.0,235.0,1484,0,1944,470,0.80452067
226,/Volumes/SmithL0/2026/BIOL470/Final/Learning_Rig/bee_0408_2/bee_0408_2_fwd_blue_accident/cam1_2026-04-08_17-44-01.mp4,1711.5,234.5,1479,0,1944,469,0.8063372
227,/Volumes/SmithL0/2026/BIOL470/Final/Learning_Rig/bee_0408_2/bee_0408_2_fwd_blue_accident/cam1_2026-04-08_17-44-01.mp4,1711.5,235.0,1479,1,1944,469,0.80769664
228,/Volumes/SmithL0/2026/BIOL470/Final/Learning_Rig/bee_0408_2/bee_0408_2_fwd_blue_accident/cam1_2026-04-08_17-44-01.mp4,1712.0,234.5,1480,0,1944,469,0.8078945
229,/Volumes/SmithL0/2026/BIOL470/Final/Learning_Rig/bee_0408_2/bee_0408_2_fwd_blue_accident/cam1_2026-04-08_17-44-01.mp4,1711.5,234.5,1480,0,1943,469,0.8078058
230,/Volumes/SmithL0/2026/BIOL470/Final/Learning_Rig/bee_0408_2/bee_0408_2_fwd_blue_accident/cam1_2026-04-08_17-44-01.mp4,1712.0,234.0,1480,0,1944,468,0.80562574
231,/Volumes/SmithL0/2026/BIOL470/Final/Learning_Rig/bee_0408_2/bee_0408_2_fwd_blue_accident/cam1_2026-04-08_17-44-01.mp4,1710.0,234.5,1476,0,1944,469,0.80347186
232,/Volumes/SmithL0/2026/BIOL470/Final/Learning_Rig/bee_0408_2/bee_0408_2_fwd_blue_accident/cam1_2026-04-08_17-44-01.mp4,1713.5,235.0,1482,0,1945,470,0.80444056
233,/Volumes/SmithL0/2026/BIOL470/Final/Learning_Rig/bee_0408_2/bee_0408_2_fwd_blue_accident/cam1_2026-04-08_17-44-01.mp4,1713.0,235.0,1481,0,1945,470,0.80163413
234,/Volumes/SmithL0/2026/BIOL470/Final/Learning_Rig/bee_0408_2/bee_0408_2_fwd_blue_accident/cam1_2026-04-08_17-44-01.mp4,1713.5,234.5,1482,0,1945,469,0.80557525
235,/Volumes/SmithL0/2026/BIOL470/Final/Learning_Rig/bee_0408_2/bee_0408_2_fwd_blue_accident/cam1_2026-04-08_17-44-01.mp4,1713.5,235.5,1481,1,1946,470,0.80115765
236,/Volumes/SmithL0/2026/BIOL470/Final/Learning_Rig/bee_0408_2/bee_0408_2_fwd_blue_accident/cam1_2026-04-08_17-44-01.mp4,1715.0,234.5,1484,0,1946,469,0.80554044
237,/Volumes/SmithL0/2026/BIOL470/Final/Learning_Rig/bee_0408_2/bee_0408_2_fwd_blue_accident/cam1_2026-04-08_17-44-01.mp4,1711.0,235.5,1477,1,1945,470,0.80164254
238,/Volumes/SmithL0/2026/BIOL470/Final/Learning_Rig/bee_0408_2/bee_0408_2_fwd_blue_accident/cam1_2026-04-08_17-44-01.mp4,1711.0,235.0,1477,0,1945,470,0.8020352
239,/Volumes/SmithL0/2026/BIOL470/Final/Learning_Rig/bee_0408_2/bee_0408_2_fwd_blue_accident/cam1_2026-04-08_17-44-01.mp4,1713.0,234.5,1481,0,1945,469,0.8040491
240,/Volumes/SmithL0/2026/BIOL470/Final/Learning_Rig/bee_0408_2/bee_0408_2_fwd_blue_accident/cam1_2026-04-08_17-44-01.mp4,1712.0,235.5,1479,1,1945,470,0.8049487
241,/Volumes/SmithL0/2026/BIOL470/Final/Learning_Rig/bee_0408_2/bee_0408_2_fwd_blue_accident/cam1_2026-04-08_17-44-01.mp4,1713.0,235.5,1480,1,1946,470,0.8012888
242,/Volumes/SmithL0/2026/BIOL470/Final/Learning_Rig/bee_0408_2/bee_0408_2_fwd_blue_accident/cam1_2026-04-08_17-44-01.mp4,1716.5,235.5,1487,0,1946,471,0.8003705
243,/Volumes/SmithL0/2026/BIOL470/Final/Learning_Rig/bee_0408_2/bee_0408_2_fwd_blue_accident/cam1_2026-04-08_17-44-01.mp4,1718.5,236.0,1490,2,1947,470,0.80139726
244,/Volumes/SmithL0/2026/BIOL470/Final/Learning_Rig/bee_0408_2/bee_0408_2_fwd_blue_accident/cam1_2026-04-08_17-44-01.mp4,1718.0,236.0,1489,1,1947,471,0.8013783
245,/Volumes/SmithL0/2026/BIOL470/Final/Learning_Rig/bee_0408_2/bee_0408_2_fwd_blue_accident/cam1_2026-04-08_17-44-01.mp4,1719.5,235.5,1494,1,1945,470,0.8018569
246,/Volumes/SmithL0/2026/BIOL470/Final/Learning_Rig/bee_0408_2/bee_0408_2_fwd_blue_accident/cam1_2026-04-08_17-44-01.mp4,1720.5,235.0,1496,0,1945,470,0.8046766
247,/Volumes/SmithL0/2026/BIOL470/Final/Learning_Rig/bee_0408_2/bee_0408_2_fwd_blue_accident/cam1_2026-04-08_17-44-01.mp4,1715.0,235.5,1484,0,1946,471,0.799388
248,/Volumes/SmithL0/2026/BIOL470/Final/Learning_Rig/bee_0408_2/bee_0408_2_fwd_blue_accident/cam1_2026-04-08_17-44-01.mp4,1713.5,235.0,1483,0,1944,470,0.80232024
249,/Volumes/SmithL0/2026/BIOL470/Final/Learning_Rig/bee_0408_2/bee_0408_2_fwd_blue_accident/cam1_2026-04-08_17-44-01.mp4,1715.5,236.0,1486,1,1945,471,0.7988915
250,/Volumes/SmithL0/2026/BIOL470/Final/Learning_Rig/bee_0408_2/bee_0408_2_fwd_blue_accident/cam1_2026-04-08_17-44-01.mp4,1715.0,235.5,1484,1,1946,470,0.8017105
251,/Volumes/SmithL0/2026/BIOL470/Final/Learning_Rig/bee_0408_2/bee_0408_2_fwd_blue_accident/cam1_2026-04-08_17-44-01.mp4,1712.5,236.0,1481,1,1944,471,0.7941442
252,/Volumes/SmithL0/2026/BIOL470/Final/Learning_Rig/bee_0408_2/bee_0408_2_fwd_blue_accident/cam1_2026-04-08_17-44-01.mp4,1710.5,235.0,1476,0,1945,470,0.8041379
253,/Volumes/SmithL0/2026/BIOL470/Final/Learning_Rig/bee_0408_2/bee_0408_2_fwd_blue_accident/cam1_2026-04-08_17-44-01.mp4,1711.0,235.5,1477,1,1945,470,0.8041108
254,/Volumes/SmithL0/2026/BIOL470/Final/Learning_Rig/bee_0408_2/bee_0408_2_fwd_blue_accident/cam1_2026-04-08_17-44-01.mp4,1711.0,235.5,1479,0,1943,471,0.80366284
255,/Volumes/SmithL0/2026/BIOL470/Final/Learning_Rig/bee_0408_2/bee_0408_2_fwd_blue_accident/cam1_2026-04-08_17-44-01.mp4,1711.5,235.5,1479,0,1944,471,0.80154127
256,/Volumes/SmithL0/2026/BIOL470/Final/Learning_Rig/bee_0408_2/bee_0408_2_fwd_blue_accident/cam1_2026-04-08_17-44-01.mp4,1712.5,235.0,1481,0,1944,470,0.8039246
257,/Volumes/SmithL0/2026/BIOL470/Final/Learning_Rig/bee_0408_2/bee_0408_2_fwd_blue_accident/cam1_2026-04-08_17-44-01.mp4,1711.5,235.5,1478,0,1945,471,0.79483986
258,/Volumes/SmithL0/2026/BIOL470/Final/Learning_Rig/bee_0408_2/bee_0408_2_fwd_blue_accident/cam1_2026-04-08_17-44-01.mp4,1715.0,235.0,1485,0,1945,470,0.79975164
259,/Volumes/SmithL0/2026/BIOL470/Final/Learning_Rig/bee_0408_2/bee_0408_2_fwd_blue_accident/cam1_2026-04-08_17-44-01.mp4,1712.0,234.5,1479,0,1945,469,0.8024817
260,/Volumes/SmithL0/2026/BIOL470/Final/Learning_Rig/bee_0408_2/bee_0408_2_fwd_blue_accident/cam1_2026-04-08_17-44-01.mp4,1713.5,235.0,1482,0,1945,470,0.79460603
261,/Volumes/SmithL0/2026/BIOL470/Final/Learning_Rig/bee_0408_2/bee_0408_2_fwd_blue_accident/cam1_2026-04-08_17-44-01.mp4,1716.0,235.0,1485,0,1947,470,0.80246085
262,/Volumes/SmithL0/2026/BIOL470/Final/Learning_Rig/bee_0408_2/bee_0408_2_fwd_blue_accident/cam1_2026-04-08_17-44-01.mp4,1714.5,236.0,1482,1,1947,471,0.797654
263,/Volumes/SmithL0/2026/BIOL470/Final/Learning_Rig/bee_0408_2/bee_0408_2_fwd_blue_accident/cam1_2026-04-08_17-44-01.mp4,1715.0,235.0,1484,1,1946,469,0.8018853
264,/Volumes/SmithL0/2026/BIOL470/Final/Learning_Rig/bee_0408_2/bee_0408_2_fwd_blue_accident/cam1_2026-04-08_17-44-01.mp4,1714.5,235.5,1484,1,1945,470,0.80064
265,/Volumes/SmithL0/2026/BIOL470/Final/Learning_Rig/bee_0408_2/bee_0408_2_fwd_blue_accident/cam1_2026-04-08_17-44-01.mp4,1716.5,235.0,1486,0,1947,470,0.8030639
266,/Volumes/SmithL0/2026/BIOL470/Final/Learning_Rig/bee_0408_2/bee_0408_2_fwd_blue_accident/cam1_2026-04-08_17-44-01.mp4,1714.0,235.0,1482,0,1946,470,0.80238193
267,/Volumes/SmithL0/2026/BIOL470/Final/Learning_Rig/bee_0408_2/bee_0408_2_fwd_blue_accident/cam1_2026-04-08_17-44-01.mp4,1717.0,235.0,1488,0,1946,470,0.8056755
268,/Volumes/SmithL0/2026/BIOL470/Final/Learning_Rig/bee_0408_2/bee_0408_2_fwd_blue_accident/cam1_2026-04-08_17-44-01.mp4,1718.5,235.5,1491,0,1946,471,0.80087376
269,/Volumes/SmithL0/2026/BIOL470/Final/Learning_Rig/bee_0408_2/bee_0408_2_fwd_blue_accident/cam1_2026-04-08_17-44-01.mp4,1720.0,235.5,1495,0,1945,471,0.80359405
270,/Volumes/SmithL0/2026/BIOL470/Final/Learning_Rig/bee_0408_2/bee_0408_2_fwd_blue_accident/cam1_2026-04-08_17-44-01.mp4,1716.5,236.0,1490,1,1943,471,0.80212617
271,/Volumes/SmithL0/2026/BIOL470/Final/Learning_Rig/bee_0408_2/bee_0408_2_fwd_blue_accident/cam1_2026-04-08_17-44-01.mp4,1718.0,236.0,1493,1,1943,471,0.8064403
272,/Volumes/SmithL0/2026/BIOL470/Final/Learning_Rig/bee_0408_2/bee_0408_2_fwd_blue_accident/cam1_2026-04-08_17-44-01.mp4,1725.5,241.5,1494,0,1957,483,0.79951733
273,/Volumes/SmithL0/2026/BIOL470/Final/Learning_Rig/bee_0408_2/bee_0408_2_fwd_blue_accident/cam1_2026-04-08_17-44-01.mp4,1714.5,235.5,1485,0,1944,471,0.8027887
274,/Volumes/SmithL0/2026/BIOL470/Final/Learning_Rig/bee_0408_2/bee_0408_2_fwd_blue_accident/cam1_2026-04-08_17-44-01.mp4,1725.5,241.0,1494,0,1957,482,0.79658353
275,/Volumes/SmithL0/2026/BIOL470/Final/Learning_Rig/bee_0408_2/bee_0408_2_fwd_blue_accident/cam1_2026-04-08_17-44-01.mp4,1724.0,240.5,1492,0,1956,481,0.8009508
276,/Volumes/SmithL0/2026/BIOL470/Final/Learning_Rig/bee_0408_2/bee_0408_2_fwd_blue_accident/cam1_2026-04-08_17-44-01.mp4,1715.0,236.5,1484,2,1946,471,0.80289334
277,/Volumes/SmithL0/2026/BIOL470/Final/Learning_Rig/bee_0408_2/bee_0408_2_fwd_blue_accident/cam1_2026-04-08_17-44-01.mp4,1713.5,235.5,1483,0,1944,471,0.80005634
278,/Volumes/SmithL0/2026/BIOL470/Final/Learning_Rig/bee_0408_2/bee_0408_2_fwd_blue_accident/cam1_2026-04-08_17-44-01.mp4,1716.0,235.5,1488,0,1944,471,0.7998201
279,/Volumes/SmithL0/2026/BIOL470/Final/Learning_Rig/bee_0408_2/bee_0408_2_fwd_blue_accident/cam1_2026-04-08_17-44-01.mp4,1716.0,235.5,1489,0,1943,471,0.7959496
280,/Volumes/SmithL0/2026/BIOL470/Final/Learning_Rig/bee_0408_2/bee_0408_2_fwd_blue_accident/cam1_2026-04-08_17-44-01.mp4,1715.5,235.5,1487,0,1944,471,0.8001352
281,/Volumes/SmithL0/2026/BIOL470/Final/Learning_Rig/bee_0408_2/bee_0408_2_fwd_blue_accident/cam1_2026-04-08_17-44-01.mp4,1715.0,235.0,1487,0,1943,470,0.80105335
282,/Volumes/SmithL0/2026/BIOL470/Final/Learning_Rig/bee_0408_2/bee_0408_2_fwd_blue_accident/cam1_2026-04-08_17-44-01.mp4,1712.0,235.5,1480,0,1944,471,0.8016253
283,/Volumes/SmithL0/2026/BIOL470/Final/Learning_Rig/bee_0408_2/bee_0408_2_fwd_blue_accident/cam1_2026-04-08_17-44-01.mp4,1714.5,235.5,1485,2,1944,469,0.8040051
284,/Volumes/SmithL0/2026/BIOL470/Final/Learning_Rig/bee_0408_2/bee_0408_2_fwd_blue_accident/cam1_2026-04-08_17-44-01.mp4,1713.5,236.0,1482,2,1945,470,0.80523443
285,/Volumes/SmithL0/2026/BIOL470/Final/Learning_Rig/bee_0408_2/bee_0408_2_fwd_blue_accident/cam1_2026-04-08_17-44-01.mp4,1712.0,235.5,1480,2,1944,469,0.8026563
286,/Volumes/SmithL0/2026/BIOL470/Final/Learning_Rig/bee_0408_2/bee_0408_2_fwd_blue_accident/cam1_2026-04-08_17-44-01.mp4,1713.5,235.0,1482,1,1945,469,0.8029274
287,/Volumes/SmithL0/2026/BIOL470/Final/Learning_Rig/bee_0408_2/bee_0408_2_fwd_blue_accident/cam1_2026-04-08_17-44-01.mp4,1712.0,235.0,1480,1,1944,469,0.8041927
288,/Volumes/SmithL0/2026/BIOL470/Final/Learning_Rig/bee_0408_2/bee_0408_2_fwd_blue_accident/cam1_2026-04-08_17-44-01.mp4,1713.0,235.5,1482,1,1944,470,0.80132544
289,/Volumes/SmithL0/2026/BIOL470/Final/Learning_Rig/bee_0408_2/bee_0408_2_fwd_blue_accident/cam1_2026-04-08_17-44-01.mp4,1711.5,235.5,1478,1,1945,470,0.8071575
290,/Volumes/SmithL0/2026/BIOL470/Final/Learning_Rig/bee_0408_2/bee_0408_2_fwd_blue_accident/cam1_2026-04-08_17-44-01.mp4,1711.0,235.5,1479,1,1943,470,0.8035234
291,/Volumes/SmithL0/2026/BIOL470/Final/Learning_Rig/bee_0408_2/bee_0408_2_fwd_blue_accident/cam1_2026-04-08_17-44-01.mp4,1723.0,241.0,1490,0,1956,482,0.79132974
292,/Volumes/SmithL0/2026/BIOL470/Final/Learning_Rig/bee_0408_2/bee_0408_2_fwd_blue_accident/cam1_2026-04-08_17-44-01.mp4,1723.0,240.5,1491,0,1955,481,0.7940928
293,/Volumes/SmithL0/2026/BIOL470/Final/Learning_Rig/bee_0408_2/bee_0408_2_fwd_blue_accident/cam1_2026-04-08_17-44-01.mp4,1721.5,240.5,1488,0,1955,481,0.7990448
294,/Volumes/SmithL0/2026/BIOL470/Final/Learning_Rig/bee_0408_2/bee_0408_2_fwd_blue_accident/cam1_2026-04-08_17-44-01.mp4,1710.0,236.0,1476,1,1944,471,0.8004539
295,/Volumes/SmithL0/2026/BIOL470/Final/Learning_Rig/bee_0408_2/bee_0408_2_fwd_blue_accident/cam1_2026-04-08_17-44-01.mp4,1709.0,236.5,1475,2,1943,471,0.79936385
296,/Volumes/SmithL0/2026/BIOL470/Final/Learning_Rig/bee_0408_2/bee_0408_2_fwd_blue_accident/cam1_2026-04-08_17-44-01.mp4,1710.0,235.5,1477,0,1943,471,0.7965769
297,/Volumes/SmithL0/2026/BIOL470/Final/Learning_Rig/bee_0408_2/bee_0408_2_fwd_blue_accident/cam1_2026-04-08_17-44-01.mp4,1712.0,235.0,1479,0,1945,470,0.80392575
298,/Volumes/SmithL0/2026/BIOL470/Final/Learning_Rig/bee_0408_2/bee_0408_2_fwd_blue_accident/cam1_2026-04-08_17-44-01.mp4,1711.0,235.5,1478,0,1944,471,0.7981471
299,/Volumes/SmithL0/2026/BIOL470/Final/Learning_Rig/bee_0408_2/bee_0408_2_fwd_blue_accident/cam1_2026-04-08_17-44-01.mp4,1711.5,235.5,1479,0,1944,471,0.80264753
300,/Volumes/SmithL0/2026/BIOL470/Final/Learning_Rig/bee_0408_2/bee_0408_2_fwd_blue_accident/cam1_2026-04-08_17-44-01.mp4,1711.5,236.0,1478,1,1945,471,0.80434334
301,/Volumes/SmithL0/2026/BIOL470/Final/Learning_Rig/bee_0408_2/bee_0408_2_fwd_blue_accident/cam1_2026-04-08_17-44-01.mp4,1713.0,236.5,1480,2,1946,471,0.803707
302,/Volumes/SmithL0/2026/BIOL470/Final/Learning_Rig/bee_0408_2/bee_0408_2_fwd_blue_accident/cam1_2026-04-08_17-44-01.mp4,1712.0,236.0,1478,2,1946,470,0.80187136
303,/Volumes/SmithL0/2026/BIOL470/Final/Learning_Rig/bee_0408_2/bee_0408_2_fwd_blue_accident/cam1_2026-04-08_17-44-01.mp4,1709.5,236.0,1474,1,1945,471,0.7994797
304,/Volumes/SmithL0/2026/BIOL470/Final/Learning_Rig/bee_0408_2/bee_0408_2_fwd_blue_accident/cam1_2026-04-08_17-44-01.mp4,1712.0,236.0,1478,2,1946,470,0.80323607
305,/Volumes/SmithL0/2026/BIOL470/Final/Learning_Rig/bee_0408_2/bee_0408_2_fwd_blue_accident/cam1_2026-04-08_17-44-01.mp4,1714.5,235.5,1484,1,1945,470,0.80716085
306,/Volumes/SmithL0/2026/BIOL470/Final/Learning_Rig/bee_0408_2/bee_0408_2_fwd_blue_accident/cam1_2026-04-08_17-44-01.mp4,1712.5,235.0,1481,0,1944,470,0.80413884
307,/Volumes/SmithL0/2026/BIOL470/Final/Learning_Rig/bee_0408_2/bee_0408_2_fwd_blue_accident/cam1_2026-04-08_17-44-01.mp4,1712.0,235.5,1479,0,1945,471,0.80432624
308,/Volumes/SmithL0/2026/BIOL470/Final/Learning_Rig/bee_0408_2/bee_0408_2_fwd_blue_accident/cam1_2026-04-08_17-44-01.mp4,1713.0,235.0,1480,0,1946,470,0.803279
309,/Volumes/SmithL0/2026/BIOL470/Final/Learning_Rig/bee_0408_2/bee_0408_2_fwd_blue_accident/cam1_2026-04-08_17-44-01.mp4,1714.0,235.0,1482,0,1946,470,0.7996569
310,/Volumes/SmithL0/2026/BIOL470/Final/Learning_Rig/bee_0408_2/bee_0408_2_fwd_blue_accident/cam1_2026-04-08_17-44-01.mp4,1717.0,235.5,1488,0,1946,471,0.79686695
311,/Volumes/SmithL0/2026/BIOL470/Final/Learning_Rig/bee_0408_2/bee_0408_2_fwd_blue_accident/cam1_2026-04-08_17-44-01.mp4,1713.5,235.5,1482,0,1945,471,0.79752046
312,/Volumes/SmithL0/2026/BIOL470/Final/Learning_Rig/bee_0408_2/bee_0408_2_fwd_blue_accident/cam1_2026-04-08_17-44-01.mp4,1715.0,236.0,1483,0,1947,472,0.79913324
313,/Volumes/SmithL0/2026/BIOL470/Final/Learning_Rig/bee_0408_2/bee_0408_2_fwd_blue_accident/cam1_2026-04-08_17-44-01.mp4,1714.5,235.5,1483,0,1946,471,0.7987238
314,/Volumes/SmithL0/2026/BIOL470/Final/Learning_Rig/bee_0408_2/bee_0408_2_fwd_blue_accident/cam1_2026-04-08_17-44-01.mp4,1711.5,236.0,1476,0,1947,472,0.797313
315,/Volumes/SmithL0/2026/BIOL470/Final/Learning_Rig/bee_0408_2/bee_0408_2_fwd_blue_accident/cam1_2026-04-08_17-44-01.mp4,1712.5,236.0,1476,0,1949,472,0.7994905
316,/Volumes/SmithL0/2026/BIOL470/Final/Learning_Rig/bee_0408_2/bee_0408_2_fwd_blue_accident/cam1_2026-04-08_17-44-01.mp4,1716.5,236.5,1485,0,1948,473,0.7983318
317,/Volumes/SmithL0/2026/BIOL470/Final/Learning_Rig/bee_0408_2/bee_0408_2_fwd_blue_accident/cam1_2026-04-08_17-44-01.mp4,1714.0,235.5,1484,0,1944,471,0.80426794
318,/Volumes/SmithL0/2026/BIOL470/Final/Learning_Rig/bee_0408_2/bee_0408_2_fwd_blue_accident/cam1_2026-04-08_17-44-01.mp4,1712.5,235.5,1480,0,1945,471,0.79888827
319,/Volumes/SmithL0/2026/BIOL470/Final/Learning_Rig/bee_0408_2/bee_0408_2_fwd_blue_accident/cam1_2026-04-08_17-44-01.mp4,1712.0,235.0,1480,0,1944,470,0.8029358
320,/Volumes/SmithL0/2026/BIOL470/Final/Learning_Rig/bee_0408_2/bee_0408_2_fwd_blue_accident/cam1_2026-04-08_17-44-01.mp4,1710.0,235.0,1478,0,1942,470,0.80114275
321,/Volumes/SmithL0/2026/BIOL470/Final/Learning_Rig/bee_0408_2/bee_0408_2_fwd_blue_accident/cam1_2026-04-08_17-44-01.mp4,1710.0,235.0,1477,0,1943,470,0.8048402
322,/Volumes/SmithL0/2026/BIOL470/Final/Learning_Rig/bee_0408_2/bee_0408_2_fwd_blue_accident/cam1_2026-04-08_17-44-01.mp4,1711.0,235.0,1478,0,1944,470,0.8054154
323,/Volumes/SmithL0/2026/BIOL470/Final/Learning_Rig/bee_0408_2/bee_0408_2_fwd_blue_accident/cam1_2026-04-08_17-44-01.mp4,1709.5,234.5,1474,0,1945,469,0.8063991
324,/Volumes/SmithL0/2026/BIOL470/Final/Learning_Rig/bee_0408_2/bee_0408_2_fwd_blue_accident/cam1_2026-04-08_17-44-01.mp4,1712.0,234.0,1478,0,1946,468,0.80804193
325,/Volumes/SmithL0/2026/BIOL470/Final/Learning_Rig/bee_0408_2/bee_0408_2_fwd_blue_accident/cam1_2026-04-08_17-44-01.mp4,1712.5,234.5,1480,0,1945,469,0.80804527
326,/Volumes/SmithL0/2026/BIOL470/Final/Learning_Rig/bee_0408_2/bee_0408_2_fwd_blue_accident/cam1_2026-04-08_17-44-01.mp4,1711.0,235.0,1479,0,1943,470,0.801166
327,/Volumes/SmithL0/2026/BIOL470/Final/Learning_Rig/bee_0408_2/bee_0408_2_fwd_blue_accident/cam1_2026-04-08_17-44-01.mp4,1712.5,235.0,1482,0,1943,470,0.7993559
328,/Volumes/SmithL0/2026/BIOL470/Final/Learning_Rig/bee_0408_2/bee_0408_2_fwd_blue_accident/cam1_2026-04-08_17-44-01.mp4,1713.5,235.5,1482,1,1945,470,0.8031008
329,/Volumes/SmithL0/2026/BIOL470/Final/Learning_Rig/bee_0408_2/bee_0408_2_fwd_blue_accident/cam1_2026-04-08_17-44-01.mp4,1713.5,235.5,1483,1,1944,470,0.80300885
330,/Volumes/SmithL0/2026/BIOL470/Final/Learning_Rig/bee_0408_2/bee_0408_2_fwd_blue_accident/cam1_2026-04-08_17-44-01.mp4,1714.5,235.5,1484,0,1945,471,0.7994897
331,/Volumes/SmithL0/2026/BIOL470/Final/Learning_Rig/bee_0408_2/bee_0408_2_fwd_blue_accident/cam1_2026-04-08_17-44-01.mp4,1715.0,236.5,1485,1,1945,472,0.7972786
332,/Volumes/SmithL0/2026/BIOL470/Final/Learning_Rig/bee_0408_2/bee_0408_2_fwd_blue_accident/cam1_2026-04-08_17-44-01.mp4,1717.5,235.5,1489,1,1946,470,0.8019379
333,/Volumes/SmithL0/2026/BIOL470/Final/Learning_Rig/bee_0408_2/bee_0408_2_fwd_blue_accident/cam1_2026-04-08_17-44-01.mp4,1714.5,235.5,1484,0,1945,471,0.799575
334,/Volumes/SmithL0/2026/BIOL470/Final/Learning_Rig/bee_0408_2/bee_0408_2_fwd_blue_accident/cam1_2026-04-08_17-44-01.mp4,1713.0,235.5,1479,0,1947,471,0.8003463
335,/Volumes/SmithL0/2026/BIOL470/Final/Learning_Rig/bee_0408_2/bee_0408_2_fwd_blue_accident/cam1_2026-04-08_17-44-01.mp4,1714.0,235.5,1483,0,1945,471,0.796133
336,/Volumes/SmithL0/2026/BIOL470/Final/Learning_Rig/bee_0408_2/bee_0408_2_fwd_blue_accident/cam1_2026-04-08_17-44-01.mp4,1713.0,235.5,1481,0,1945,471,0.80001503
337,/Volumes/SmithL0/2026/BIOL470/Final/Learning_Rig/bee_0408_2/bee_0408_2_fwd_blue_accident/cam1_2026-04-08_17-44-01.mp4,1713.0,235.5,1482,0,1944,471,0.79770845
338,/Volumes/SmithL0/2026/BIOL470/Final/Learning_Rig/bee_0408_2/bee_0408_2_fwd_blue_accident/cam1_2026-04-08_17-44-01.mp4,1713.0,235.5,1482,0,1944,471,0.7980621
339,/Volumes/SmithL0/2026/BIOL470/Final/Learning_Rig/bee_0408_2/bee_0408_2_fwd_blue_accident/cam1_2026-04-08_17-44-01.mp4,1714.0,235.0,1485,0,1943,470,0.7993301
340,/Volumes/SmithL0/2026/BIOL470/Final/Learning_Rig/bee_0408_2/bee_0408_2_fwd_blue_accident/cam1_2026-04-08_17-44-01.mp4,1713.5,235.0,1483,0,1944,470,0.8017721
341,/Volumes/SmithL0/2026/BIOL470/Final/Learning_Rig/bee_0408_2/bee_0408_2_fwd_blue_accident/cam1_2026-04-08_17-44-01.mp4,1714.0,235.0,1484,0,1944,470,0.8035061
342,/Volumes/SmithL0/2026/BIOL470/Final/Learning_Rig/bee_0408_2/bee_0408_2_fwd_blue_accident/cam1_2026-04-08_17-44-01.mp4,1713.0,235.5,1482,0,1944,471,0.80291355
343,/Volumes/SmithL0/2026/BIOL470/Final/Learning_Rig/bee_0408_2/bee_0408_2_fwd_blue_accident/cam1_2026-04-08_17-44-01.mp4,1714.5,235.0,1485,0,1944,470,0.8012493
344,/Volumes/SmithL0/2026/BIOL470/Final/Learning_Rig/bee_0408_2/bee_0408_2_fwd_blue_accident/cam1_2026-04-08_17-44-01.mp4,1712.0,235.0,1481,0,1943,470,0.798025
345,/Volumes/SmithL0/2026/BIOL470/Final/Learning_Rig/bee_0408_2/bee_0408_2_fwd_blue_accident/cam1_2026-04-08_17-44-01.mp4,1715.0,235.0,1487,0,1943,470,0.7988535
346,/Volumes/SmithL0/2026/BIOL470/Final/Learning_Rig/bee_0408_2/bee_0408_2_fwd_blue_accident/cam1_2026-04-08_17-44-01.mp4,1715.0,235.0,1485,0,1945,470,0.7984416
347,/Volumes/SmithL0/2026/BIOL470/Final/Learning_Rig/bee_0408_2/bee_0408_2_fwd_blue_accident/cam1_2026-04-08_17-44-01.mp4,1714.0,235.0,1484,0,1944,470,0.8053036
348,/Volumes/SmithL0/2026/BIOL470/Final/Learning_Rig/bee_0408_2/bee_0408_2_fwd_blue_accident/cam1_2026-04-08_17-44-01.mp4,1713.0,235.0,1481,0,1945,470,0.80836374
349,/Volumes/SmithL0/2026/BIOL470/Final/Learning_Rig/bee_0408_2/bee_0408_2_fwd_blue_accident/cam1_2026-04-08_17-44-01.mp4,1714.0,235.0,1484,0,1944,470,0.8093308
350,/Volumes/SmithL0/2026/BIOL470/Final/Learning_Rig/bee_0408_2/bee_0408_2_fwd_blue_accident/cam1_2026-04-08_17-44-01.mp4,1711.5,234.5,1480,0,1943,469,0.8079742
351,/Volumes/SmithL0/2026/BIOL470/Final/Learning_Rig/bee_0408_2/bee_0408_2_fwd_blue_accident/cam1_2026-04-08_17-44-01.mp4,1714.5,235.0,1485,0,1944,470,0.80685365
352,/Volumes/SmithL0/2026/BIOL470/Final/Learning_Rig/bee_0408_2/bee_0408_2_fwd_blue_accident/cam1_2026-04-08_17-44-01.mp4,1714.0,235.5,1484,0,1944,471,0.8055301
353,/Volumes/SmithL0/2026/BIOL470/Final/Learning_Rig/bee_0408_2/bee_0408_2_fwd_blue_accident/cam1_2026-04-08_17-44-01.mp4,1711.5,235.0,1478,0,1945,470,0.8062968
354,/Volumes/SmithL0/2026/BIOL470/Final/Learning_Rig/bee_0408_2/bee_0408_2_fwd_blue_accident/cam1_2026-04-08_17-44-01.mp4,1710.0,235.5,1475,0,1945,471,0.8008351
355,/Volumes/SmithL0/2026/BIOL470/Final/Learning_Rig/bee_0408_2/bee_0408_2_fwd_blue_accident/cam1_2026-04-08_17-44-01.mp4,1713.5,235.5,1483,0,1944,471,0.80531925
356,/Volumes/SmithL0/2026/BIOL470/Final/Learning_Rig/bee_0408_2/bee_0408_2_fwd_blue_accident/cam1_2026-04-08_17-44-01.mp4,1714.0,235.0,1483,0,1945,470,0.806578
357,/Volumes/SmithL0/2026/BIOL470/Final/Learning_Rig/bee_0408_2/bee_0408_2_fwd_blue_accident/cam1_2026-04-08_17-44-01.mp4,1716.5,235.5,1489,0,1944,471,0.804929
358,/Volumes/SmithL0/2026/BIOL470/Final/Learning_Rig/bee_0408_2/bee_0408_2_fwd_blue_accident/cam1_2026-04-08_17-44-01.mp4,1714.5,235.0,1485,0,1944,470,0.8068244
359,/Volumes/SmithL0/2026/BIOL470/Final/Learning_Rig/bee_0408_2/bee_0408_2_fwd_blue_accident/cam1_2026-04-08_17-44-01.mp4,1714.5,235.0,1485,0,1944,470,0.8037975
360,/Volumes/SmithL0/2026/BIOL470/Final/Learning_Rig/bee_0408_2/bee_0408_2_fwd_blue_accident/cam1_2026-04-08_17-44-01.mp4,1710.0,235.0,1475,0,1945,470,0.80042756
361,/Volumes/SmithL0/2026/BIOL470/Final/Learning_Rig/bee_0408_2/bee_0408_2_fwd_blue_accident/cam1_2026-04-08_17-44-01.mp4,1710.5,235.5,1476,0,1945,471,0.79682046
362,/Volumes/SmithL0/2026/BIOL470/Final/Learning_Rig/bee_0408_2/bee_0408_2_fwd_blue_accident/cam1_2026-04-08_17-44-01.mp4,1710.0,235.5,1476,0,1944,471,0.79770464
363,/Volumes/SmithL0/2026/BIOL470/Final/Learning_Rig/bee_0408_2/bee_0408_2_fwd_blue_accident/cam1_2026-04-08_17-44-01.mp4,1710.5,235.5,1475,0,1946,471,0.8024356
364,/Volumes/SmithL0/2026/BIOL470/Final/Learning_Rig/bee_0408_2/bee_0408_2_fwd_blue_accident/cam1_2026-04-08_17-44-01.mp4,1710.5,235.0,1475,0,1946,470,0.8046019
365,/Volumes/SmithL0/2026/BIOL470/Final/Learning_Rig/bee_0408_2/bee_0408_2_fwd_blue_accident/cam1_2026-04-08_17-44-01.mp4,1713.0,235.5,1481,0,1945,471,0.79918563
366,/Volumes/SmithL0/2026/BIOL470/Final/Learning_Rig/bee_0408_2/bee_0408_2_fwd_blue_accident/cam1_2026-04-08_17-44-01.mp4,1715.0,235.5,1485,0,1945,471,0.80271924
367,/Volumes/SmithL0/2026/BIOL470/Final/Learning_Rig/bee_0408_2/bee_0408_2_fwd_blue_accident/cam1_2026-04-08_17-44-01.mp4,1712.0,235.5,1480,0,1944,471,0.8026985
368,/Volumes/SmithL0/2026/BIOL470/Final/Learning_Rig/bee_0408_2/bee_0408_2_fwd_blue_accident/cam1_2026-04-08_17-44-01.mp4,1713.0,235.5,1481,0,1945,471,0.8037052
369,/Volumes/SmithL0/2026/BIOL470/Final/Learning_Rig/bee_0408_2/bee_0408_2_fwd_blue_accident/cam1_2026-04-08_17-44-01.mp4,1710.5,235.5,1477,0,1944,471,0.80086
370,/Volumes/SmithL0/2026/BIOL470/Final/Learning_Rig/bee_0408_2/bee_0408_2_fwd_blue_accident/cam1_2026-04-08_17-44-01.mp4,1710.5,236.0,1475,1,1946,471,0.79800904
371,/Volumes/SmithL0/2026/BIOL470/Final/Learning_Rig/bee_0408_2/bee_0408_2_fwd_blue_accident/cam1_2026-04-08_17-44-01.mp4,1709.0,236.0,1474,0,1944,472,0.7975668
372,/Volumes/SmithL0/2026/BIOL470/Final/Learning_Rig/bee_0408_2/bee_0408_2_fwd_blue_accident/cam1_2026-04-08_17-44-01.mp4,1710.5,235.0,1477,0,1944,470,0.8039001
373,/Volumes/SmithL0/2026/BIOL470/Final/Learning_Rig/bee_0408_2/bee_0408_2_fwd_blue_accident/cam1_2026-04-08_17-44-01.mp4,1710.0,235.5,1476,0,1944,471,0.8012378
374,/Volumes/SmithL0/2026/BIOL470/Final/Learning_Rig/bee_0408_2/bee_0408_2_fwd_blue_accident/cam1_2026-04-08_17-44-01.mp4,1708.5,235.5,1472,0,1945,471,0.7986619
375,/Volumes/SmithL0/2026/BIOL470/Final/Learning_Rig/bee_0408_2/bee_0408_2_fwd_blue_accident/cam1_2026-04-08_17-44-01.mp4,1708.0,235.5,1470,0,1946,471,0.79569244
376,/Volumes/SmithL0/2026/BIOL470/Final/Learning_Rig/bee_0408_2/bee_0408_2_fwd_blue_accident/cam1_2026-04-08_17-44-01.mp4,1708.0,235.5,1472,0,1944,471,0.79750687
377,/Volumes/SmithL0/2026/BIOL470/Final/Learning_Rig/bee_0408_2/bee_0408_2_fwd_blue_accident/cam1_2026-04-08_17-44-01.mp4,1708.0,235.0,1472,0,1944,470,0.7963124
378,/Volumes/SmithL0/2026/BIOL470/Final/Learning_Rig/bee_0408_2/bee_0408_2_fwd_blue_accident/cam1_2026-04-08_17-44-01.mp4,1710.5,235.5,1477,0,1944,471,0.7978347
379,/Volumes/SmithL0/2026/BIOL470/Final/Learning_Rig/bee_0408_2/bee_0408_2_fwd_blue_accident/cam1_2026-04-08_17-44-01.mp4,1713.5,236.0,1484,0,1943,472,0.7987137
380,/Volumes/SmithL0/2026/BIOL470/Final/Learning_Rig/bee_0408_2/bee_0408_2_fwd_blue_accident/cam1_2026-04-08_17-44-01.mp4,1715.5,235.5,1486,0,1945,471,0.80071783
381,/Volumes/SmithL0/2026/BIOL470/Final/Learning_Rig/bee_0408_2/bee_0408_2_fwd_blue_accident/cam1_2026-04-08_17-44-01.mp4,1712.5,236.0,1480,0,1945,472,0.79913
382,/Volumes/SmithL0/2026/BIOL470/Final/Learning_Rig/bee_0408_2/bee_0408_2_fwd_blue_accident/cam1_2026-04-08_17-44-01.mp4,1714.0,235.5,1482,0,1946,471,0.8026457
383,/Volumes/SmithL0/2026/BIOL470/Final/Learning_Rig/bee_0408_2/bee_0408_2_fwd_blue_accident/cam1_2026-04-08_17-44-01.mp4,1711.0,235.0,1478,0,1944,470,0.7982056
384,/Volumes/SmithL0/2026/BIOL470/Final/Learning_Rig/bee_0408_2/bee_0408_2_fwd_blue_accident/cam1_2026-04-08_17-44-01.mp4,1713.0,235.0,1482,0,1944,470,0.80237365
385,/Volumes/SmithL0/2026/BIOL470/Final/Learning_Rig/bee_0408_2/bee_0408_2_fwd_blue_accident/cam1_2026-04-08_17-44-01.mp4,1714.0,235.0,1484,0,1944,470,0.80105877
386,/Volumes/SmithL0/2026/BIOL470/Final/Learning_Rig/bee_0408_2/bee_0408_2_fwd_blue_accident/cam1_2026-04-08_17-44-01.mp4,1716.0,234.5,1488,0,1944,469,0.8043952
387,/Volumes/SmithL0/2026/BIOL470/Final/Learning_Rig/bee_0408_2/bee_0408_2_fwd_blue_accident/cam1_2026-04-08_17-44-01.mp4,1712.0,235.0,1481,0,1943,470,0.7958439
388,/Volumes/SmithL0/2026/BIOL470/Final/Learning_Rig/bee_0408_2/bee_0408_2_fwd_blue_accident/cam1_2026-04-08_17-44-01.mp4,1707.0,235.5,1471,0,1943,471,0.79578716
389,/Volumes/SmithL0/2026/BIOL470/Final/Learning_Rig/bee_0408_2/bee_0408_2_fwd_blue_accident/cam1_2026-04-08_17-44-01.mp4,1709.5,235.5,1474,0,1945,471,0.8000327
390,/Volumes/SmithL0/2026/BIOL470/Final/Learning_Rig/bee_0408_2/bee_0408_2_fwd_blue_accident/cam1_2026-04-08_17-44-01.mp4,1711.5,235.0,1480,0,1943,470,0.8037385
391,/Volumes/SmithL0/2026/BIOL470/Final/Learning_Rig/bee_0408_2/bee_0408_2_fwd_blue_accident/cam1_2026-04-08_17-44-01.mp4,1710.5,235.0,1478,0,1943,470,0.80539304
392,/Volumes/SmithL0/2026/BIOL470/Final/Learning_Rig/bee_0408_2/bee_0408_2_fwd_blue_accident/cam1_2026-04-08_17-44-01.mp4,1712.5,235.0,1481,0,1944,470,0.8052441
393,/Volumes/SmithL0/2026/BIOL470/Final/Learning_Rig/bee_0408_2/bee_0408_2_fwd_blue_accident/cam1_2026-04-08_17-44-01.mp4,1712.5,236.0,1480,0,1945,472,0.800289
394,/Volumes/SmithL0/2026/BIOL470/Final/Learning_Rig/bee_0408_2/bee_0408_2_fwd_blue_accident/cam1_2026-04-08_17-44-01.mp4,1711.5,235.5,1478,0,1945,471,0.804731
395,/Volumes/SmithL0/2026/BIOL470/Final/Learning_Rig/bee_0408_2/bee_0408_2_fwd_blue_accident/cam1_2026-04-08_17-44-01.mp4,1709.0,235.5,1475,0,1943,471,0.8035432
396,/Volumes/SmithL0/2026/BIOL470/Final/Learning_Rig/bee_0408_2/bee_0408_2_fwd_blue_accident/cam1_2026-04-08_17-44-01.mp4,1708.5,236.5,1473,1,1944,472,0.7997451
397,/Volumes/SmithL0/2026/BIOL470/Final/Learning_Rig/bee_0408_2/bee_0408_2_fwd_blue_accident/cam1_2026-04-08_17-44-01.mp4,1707.5,236.5,1473,1,1942,472,0.8023568
398,/Volumes/SmithL0/2026/BIOL470/Final/Learning_Rig/bee_0408_2/bee_0408_2_fwd_blue_accident/cam1_2026-04-08_17-44-01.mp4,1709.5,236.0,1477,1,1942,471,0.8010174
399,/Volumes/SmithL0/2026/BIOL470/Final/Learning_Rig/bee_0408_2/bee_0408_2_fwd_blue_accident/cam1_2026-04-08_17-44-01.mp4,1710.5,235.5,1479,0,1942,471,0.79862374
400,/Volumes/SmithL0/2026/BIOL470/Final/Learning_Rig/bee_0408_2/bee_0408_2_fwd_blue_accident/cam1_2026-04-08_17-44-01.mp4,1711.0,235.0,1479,0,1943,470,0.8039233
401,/Volumes/SmithL0/2026/BIOL470/Final/Learning_Rig/bee_0408_2/bee_0408_2_fwd_blue_accident/cam1_2026-04-08_17-44-01.mp4,1712.5,235.0,1481,0,1944,470,0.804222
402,/Volumes/SmithL0/2026/BIOL470/Final/Learning_Rig/bee_0408_2/bee_0408_2_fwd_blue_accident/cam1_2026-04-08_17-44-01.mp4,1712.0,235.5,1480,0,1944,471,0.8011459
403,/Volumes/SmithL0/2026/BIOL470/Final/Learning_Rig/bee_0408_2/bee_0408_2_fwd_blue_accident/cam1_2026-04-08_17-44-01.mp4,1711.5,235.0,1481,0,1942,470,0.79963607
404,/Volumes/SmithL0/2026/BIOL470/Final/Learning_Rig/bee_0408_2/bee_0408_2_fwd_blue_accident/cam1_2026-04-08_17-44-01.mp4,1712.0,235.0,1482,0,1942,470,0.8045868
405,/Volumes/SmithL0/2026/BIOL470/Final/Learning_Rig/bee_0408_2/bee_0408_2_fwd_blue_accident/cam1_2026-04-08_17-44-01.mp4,1711.0,234.5,1480,1,1942,468,0.805267
406,/Volumes/SmithL0/2026/BIOL470/Final/Learning_Rig/bee_0408_2/bee_0408_2_fwd_blue_accident/cam1_2026-04-08_17-44-01.mp4,1714.0,235.0,1486,0,1942,470,0.8053273
407,/Volumes/SmithL0/2026/BIOL470/Final/Learning_Rig/bee_0408_2/bee_0408_2_fwd_blue_accident/cam1_2026-04-08_17-44-01.mp4,1715.0,234.5,1489,0,1941,469,0.8051737
408,/Volumes/SmithL0/2026/BIOL470/Final/Learning_Rig/bee_0408_2/bee_0408_2_fwd_blue_accident/cam1_2026-04-08_17-44-01.mp4,1712.5,235.0,1483,0,1942,470,0.8026234
409,/Volumes/SmithL0/2026/BIOL470/Final/Learning_Rig/bee_0408_2/bee_0408_2_fwd_blue_accident/cam1_2026-04-08_17-44-01.mp4,1710.5,235.5,1478,0,1943,471,0.80107725
410,/Volumes/SmithL0/2026/BIOL470/Final/Learning_Rig/bee_0408_2/bee_0408_2_fwd_blue_accident/cam1_2026-04-08_17-44-01.mp4,1712.5,236.0,1480,1,1945,471,0.8010498
411,/Volumes/SmithL0/2026/BIOL470/Final/Learning_Rig/bee_0408_2/bee_0408_2_fwd_blue_accident/cam1_2026-04-08_17-44-01.mp4,1713.5,236.0,1482,1,1945,471,0.80231845
412,/Volumes/SmithL0/2026/BIOL470/Final/Learning_Rig/bee_0408_2/bee_0408_2_fwd_blue_accident/cam1_2026-04-08_17-44-01.mp4,1711.0,235.5,1477,0,1945,471,0.8024725
413,/Volumes/SmithL0/2026/BIOL470/Final/Learning_Rig/bee_0408_2/bee_0408_2_fwd_blue_accident/cam1_2026-04-08_17-44-01.mp4,1711.5,235.5,1479,0,1944,471,0.8054639
414,/Volumes/SmithL0/2026/BIOL470/Final/Learning_Rig/bee_0408_2/bee_0408_2_fwd_blue_accident/cam1_2026-04-08_17-44-01.mp4,1711.0,235.0,1477,0,1945,470,0.8060896
415,/Volumes/SmithL0/2026/BIOL470/Final/Learning_Rig/bee_0408_2/bee_0408_2_fwd_blue_accident/cam1_2026-04-08_17-44-01.mp4,1711.0,235.0,1479,0,1943,470,0.80355376
416,/Volumes/SmithL0/2026/BIOL470/Final/Learning_Rig/bee_0408_2/bee_0408_2_fwd_blue_accident/cam1_2026-04-08_17-44-01.mp4,1710.5,235.0,1476,0,1945,470,0.80175924
417,/Volumes/SmithL0/2026/BIOL470/Final/Learning_Rig/bee_0408_2/bee_0408_2_fwd_blue_accident/cam1_2026-04-08_17-44-01.mp4,1709.5,235.5,1474,0,1945,471,0.7996986
418,/Volumes/SmithL0/2026/BIOL470/Final/Learning_Rig/bee_0408_2/bee_0408_2_fwd_blue_accident/cam1_2026-04-08_17-44-01.mp4,1708.0,235.5,1473,0,1943,471,0.7961637
419,/Volumes/SmithL0/2026/BIOL470/Final/Learning_Rig/bee_0408_2/bee_0408_2_fwd_blue_accident/cam1_2026-04-08_17-44-01.mp4,1712.0,235.0,1481,0,1943,470,0.801733
420,/Volumes/SmithL0/2026/BIOL470/Final/Learning_Rig/bee_0408_2/bee_0408_2_fwd_blue_accident/cam1_2026-04-08_17-44-01.mp4,1715.0,235.5,1486,1,1944,470,0.80670893
421,/Volumes/SmithL0/2026/BIOL470/Final/Learning_Rig/bee_0408_2/bee_0408_2_fwd_blue_accident/cam1_2026-04-08_17-44-01.mp4,1713.5,235.0,1483,0,1944,470,0.80668396
422,/Volumes/SmithL0/2026/BIOL470/Final/Learning_Rig/bee_0408_2/bee_0408_2_fwd_blue_accident/cam1_2026-04-08_17-44-01.mp4,1713.5,235.5,1481,1,1946,470,0.8066139
423,/Volumes/SmithL0/2026/BIOL470/Final/Learning_Rig/bee_0408_2/bee_0408_2_fwd_blue_accident/cam1_2026-04-08_17-44-01.mp4,1722.0,241.5,1486,0,1958,483,0.7981789
424,/Volumes/SmithL0/2026/BIOL470/Final/Learning_Rig/bee_0408_2/bee_0408_2_fwd_blue_accident/cam1_2026-04-08_17-44-01.mp4,1721.0,241.5,1485,0,1957,483,0.7965325
425,/Volumes/SmithL0/2026/BIOL470/Final/Learning_Rig/bee_0408_2/bee_0408_2_fwd_blue_accident/cam1_2026-04-08_17-44-01.mp4,1712.5,235.5,1480,0,1945,471,0.7989347
426,/Volumes/SmithL0/2026/BIOL470/Final/Learning_Rig/bee_0408_2/bee_0408_2_fwd_blue_accident/cam1_2026-04-08_17-44-01.mp4,1723.5,240.5,1489,0,1958,481,0.7911513
427,/Volumes/SmithL0/2026/BIOL470/Final/Learning_Rig/bee_0408_2/bee_0408_2_fwd_blue_accident/cam1_2026-04-08_17-44-01.mp4,1711.5,236.0,1477,0,1946,472,0.79374653
428,/Volumes/SmithL0/2026/BIOL470/Final/Learning_Rig/bee_0408_2/bee_0408_2_fwd_blue_accident/cam1_2026-04-08_17-44-01.mp4,1715.5,235.5,1486,0,1945,471,0.7980568
429,/Volumes/SmithL0/2026/BIOL470/Final/Learning_Rig/bee_0408_2/bee_0408_2_fwd_blue_accident/cam1_2026-04-08_17-44-01.mp4,1715.0,236.5,1485,1,1945,472,0.7984182
430,/Volumes/SmithL0/2026/BIOL470/Final/Learning_Rig/bee_0408_2/bee_0408_2_fwd_blue_accident/cam1_2026-04-08_17-44-01.mp4,1714.5,236.5,1484,2,1945,471,0.79824424
431,/Volumes/SmithL0/2026/BIOL470/Final/Learning_Rig/bee_0408_2/bee_0408_2_fwd_blue_accident/cam1_2026-04-08_17-44-01.mp4,1713.5,236.5,1482,1,1945,472,0.7974259
432,/Volumes/SmithL0/2026/BIOL470/Final/Learning_Rig/bee_0408_2/bee_0408_2_fwd_blue_accident/cam1_2026-04-08_17-44-01.mp4,1713.5,235.5,1484,0,1943,471,0.79682285
433,/Volumes/SmithL0/2026/BIOL470/Final/Learning_Rig/bee_0408_2/bee_0408_2_fwd_blue_accident/cam1_2026-04-08_17-44-01.mp4,1713.5,235.5,1484,0,1943,471,0.80051494
434,/Volumes/SmithL0/2026/BIOL470/Final/Learning_Rig/bee_0408_2/bee_0408_2_fwd_blue_accident/cam1_2026-04-08_17-44-01.mp4,1711.5,236.5,1479,0,1944,473,0.7975977
435,/Volumes/SmithL0/2026/BIOL470/Final/Learning_Rig/bee_0408_2/bee_0408_2_fwd_blue_accident/cam1_2026-04-08_17-44-01.mp4,1712.0,236.0,1480,0,1944,472,0.7976241
436,/Volumes/SmithL0/2026/BIOL470/Final/Learning_Rig/bee_0408_2/bee_0408_2_fwd_blue_accident/cam1_2026-04-08_17-44-01.mp4,1711.5,235.5,1479,0,1944,471,0.8006976
437,/Volumes/SmithL0/2026/BIOL470/Final/Learning_Rig/bee_0408_2/bee_0408_2_fwd_blue_accident/cam1_2026-04-08_17-44-01.mp4,1712.5,235.5,1482,0,1943,471,0.7982002
438,/Volumes/SmithL0/2026/BIOL470/Final/Learning_Rig/bee_0408_2/bee_0408_2_fwd_blue_accident/cam1_2026-04-08_17-44-01.mp4,1713.5,235.5,1482,0,1945,471,0.7955641
439,/Volumes/SmithL0/2026/BIOL470/Final/Learning_Rig/bee_0408_2/bee_0408_2_fwd_blue_accident/cam1_2026-04-08_17-44-01.mp4,1710.5,235.5,1477,0,1944,471,0.7954234
440,/Volumes/SmithL0/2026/BIOL470/Final/Learning_Rig/bee_0408_2/bee_0408_2_fwd_blue_accident/cam1_2026-04-08_17-44-01.mp4,1710.0,235.5,1476,0,1944,471,0.79684764
441,/Volumes/SmithL0/2026/BIOL470/Final/Learning_Rig/bee_0408_2/bee_0408_2_fwd_blue_accident/cam1_2026-04-08_17-44-01.mp4,1708.5,235.0,1472,0,1945,470,0.79771453
442,/Volumes/SmithL0/2026/BIOL470/Final/Learning_Rig/bee_0408_2/bee_0408_2_fwd_blue_accident/cam1_2026-04-08_17-44-01.mp4,1708.5,234.5,1474,0,1943,469,0.8047566
443,/Volumes/SmithL0/2026/BIOL470/Final/Learning_Rig/bee_0408_2/bee_0408_2_fwd_blue_accident/cam1_2026-04-08_17-44-01.mp4,1708.5,235.0,1473,0,1944,470,0.80361015
444,/Volumes/SmithL0/2026/BIOL470/Final/Learning_Rig/bee_0408_2/bee_0408_2_fwd_blue_accident/cam1_2026-04-08_17-44-01.mp4,1711.5,235.0,1479,0,1944,470,0.8034808
445,/Volumes/SmithL0/2026/BIOL470/Final/Learning_Rig/bee_0408_2/bee_0408_2_fwd_blue_accident/cam1_2026-04-08_17-44-01.mp4,1710.0,235.5,1476,0,1944,471,0.80330074
446,/Volumes/SmithL0/2026/BIOL470/Final/Learning_Rig/bee_0408_2/bee_0408_2_fwd_blue_accident/cam1_2026-04-08_17-44-01.mp4,1711.0,235.5,1479,0,1943,471,0.804512
447,/Volumes/SmithL0/2026/BIOL470/Final/Learning_Rig/bee_0408_2/bee_0408_2_fwd_blue_accident/cam1_2026-04-08_17-44-01.mp4,1712.0,236.0,1480,0,1944,472,0.80133307
448,/Volumes/SmithL0/2026/BIOL470/Final/Learning_Rig/bee_0408_2/bee_0408_2_fwd_blue_accident/cam1_2026-04-08_17-44-01.mp4,1709.5,236.0,1475,0,1944,472,0.8013645
449,/Volumes/SmithL0/2026/BIOL470/Final/Learning_Rig/bee_0408_2/bee_0408_2_fwd_blue_accident/cam1_2026-04-08_17-44-01.mp4,1707.5,235.5,1471,0,1944,471,0.8041286
450,/Volumes/SmithL0/2026/BIOL470/Final/Learning_Rig/bee_0408_2/bee_0408_2_fwd_blue_accident/cam1_2026-04-08_17-44-01.mp4,1709.5,235.5,1474,0,1945,471,0.8020749
451,/Volumes/SmithL0/2026/BIOL470/Final/Learning_Rig/bee_0408_2/bee_0408_2_fwd_blue_accident/cam1_2026-04-08_17-44-01.mp4,1709.0,235.5,1474,0,1944,471,0.8015391
452,/Volumes/SmithL0/2026/BIOL470/Final/Learning_Rig/bee_0408_2/bee_0408_2_fwd_blue_accident/cam1_2026-04-08_17-44-01.mp4,1709.0,235.5,1475,0,1943,471,0.8005819
453,/Volumes/SmithL0/2026/BIOL470/Final/Learning_Rig/bee_0408_2/bee_0408_2_fwd_blue_accident/cam1_2026-04-08_17-44-01.mp4,1711.5,235.5,1479,0,1944,471,0.80000937
454,/Volumes/SmithL0/2026/BIOL470/Final/Learning_Rig/bee_0408_2/bee_0408_2_fwd_blue_accident/cam1_2026-04-08_17-44-01.mp4,1712.5,236.0,1481,0,1944,472,0.8013304
455,/Volumes/SmithL0/2026/BIOL470/Final/Learning_Rig/bee_0408_2/bee_0408_2_fwd_blue_accident/cam1_2026-04-08_17-44-01.mp4,1712.5,235.5,1481,0,1944,471,0.80433244
456,/Volumes/SmithL0/2026/BIOL470/Final/Learning_Rig/bee_0408_2/bee_0408_2_fwd_blue_accident/cam1_2026-04-08_17-44-01.mp4,1713.5,235.5,1483,0,1944,471,0.8019182
457,/Volumes/SmithL0/2026/BIOL470/Final/Learning_Rig/bee_0408_2/bee_0408_2_fwd_blue_accident/cam1_2026-04-08_17-44-01.mp4,1714.0,235.5,1484,0,1944,471,0.8007734
458,/Volumes/SmithL0/2026/BIOL470/Final/Learning_Rig/bee_0408_2/bee_0408_2_fwd_blue_accident/cam1_2026-04-08_17-44-01.mp4,1712.5,235.5,1482,0,1943,471,0.8034799
459,/Volumes/SmithL0/2026/BIOL470/Final/Learning_Rig/bee_0408_2/bee_0408_2_fwd_blue_accident/cam1_2026-04-08_17-44-01.mp4,1711.5,235.5,1480,0,1943,471,0.8027542
460,/Volumes/SmithL0/2026/BIOL470/Final/Learning_Rig/bee_0408_2/bee_0408_2_fwd_blue_accident/cam1_2026-04-08_17-44-01.mp4,1709.0,236.0,1473,0,1945,472,0.7976041
461,/Volumes/SmithL0/2026/BIOL470/Final/Learning_Rig/bee_0408_2/bee_0408_2_fwd_blue_accident/cam1_2026-04-08_17-44-01.mp4,1711.5,235.5,1479,0,1944,471,0.7994357
462,/Volumes/SmithL0/2026/BIOL470/Final/Learning_Rig/bee_0408_2/bee_0408_2_fwd_blue_accident/cam1_2026-04-08_17-44-01.mp4,1711.5,235.5,1479,0,1944,471,0.80132663
463,/Volumes/SmithL0/2026/BIOL470/Final/Learning_Rig/bee_0408_2/bee_0408_2_fwd_blue_accident/cam1_2026-04-08_17-44-01.mp4,1713.0,235.5,1482,0,1944,471,0.79902333
464,/Volumes/SmithL0/2026/BIOL470/Final/Learning_Rig/bee_0408_2/bee_0408_2_fwd_blue_accident/cam1_2026-04-08_17-44-01.mp4,1712.5,235.0,1482,0,1943,470,0.804219
465,/Volumes/SmithL0/2026/BIOL470/Final/Learning_Rig/bee_0408_2/bee_0408_2_fwd_blue_accident/cam1_2026-04-08_17-44-01.mp4,1714.0,235.5,1485,0,1943,471,0.8020493
466,/Volumes/SmithL0/2026/BIOL470/Final/Learning_Rig/bee_0408_2/bee_0408_2_fwd_blue_accident/cam1_2026-04-08_17-44-01.mp4,1714.5,235.5,1485,0,1944,471,0.801192
467,/Volumes/SmithL0/2026/BIOL470/Final/Learning_Rig/bee_0408_2/bee_0408_2_fwd_blue_accident/cam1_2026-04-08_17-44-01.mp4,1714.0,235.5,1483,0,1945,471,0.80169916
468,/Volumes/SmithL0/2026/BIOL470/Final/Learning_Rig/bee_0408_2/bee_0408_2_fwd_blue_accident/cam1_2026-04-08_17-44-01.mp4,1713.5,235.0,1481,0,1946,470,0.8022027
469,/Volumes/SmithL0/2026/BIOL470/Final/Learning_Rig/bee_0408_2/bee_0408_2_fwd_blue_accident/cam1_2026-04-08_17-44-01.mp4,1717.0,235.0,1490,0,1944,470,0.8026815
470,/Volumes/SmithL0/2026/BIOL470/Final/Learning_Rig/bee_0408_2/bee_0408_2_fwd_blue_accident/cam1_2026-04-08_17-44-01.mp4,1715.0,234.5,1487,0,1943,469,0.805878
471,/Volumes/SmithL0/2026/BIOL470/Final/Learning_Rig/bee_0408_2/bee_0408_2_fwd_blue_accident/cam1_2026-04-08_17-44-01.mp4,1714.5,235.0,1487,0,1942,470,0.8035233
472,/Volumes/SmithL0/2026/BIOL470/Final/Learning_Rig/bee_0408_2/bee_0408_2_fwd_blue_accident/cam1_2026-04-08_17-44-01.mp4,1715.5,235.5,1487,0,1944,471,0.8015292
473,/Volumes/SmithL0/2026/BIOL470/Final/Learning_Rig/bee_0408_2/bee_0408_2_fwd_blue_accident/cam1_2026-04-08_17-44-01.mp4,1714.0,236.0,1484,0,1944,472,0.80361086
474,/Volumes/SmithL0/2026/BIOL470/Final/Learning_Rig/bee_0408_2/bee_0408_2_fwd_blue_accident/cam1_2026-04-08_17-44-01.mp4,1714.0,236.0,1484,0,1944,472,0.8041964
475,/Volumes/SmithL0/2026/BIOL470/Final/Learning_Rig/bee_0408_2/bee_0408_2_fwd_blue_accident/cam1_2026-04-08_17-44-01.mp4,1714.5,235.5,1486,0,1943,471,0.80514735
476,/Volumes/SmithL0/2026/BIOL470/Final/Learning_Rig/bee_0408_2/bee_0408_2_fwd_blue_accident/cam1_2026-04-08_17-44-01.mp4,1713.0,236.5,1482,0,1944,473,0.80355054
477,/Volumes/SmithL0/2026/BIOL470/Final/Learning_Rig/bee_0408_2/bee_0408_2_fwd_blue_accident/cam1_2026-04-08_17-44-01.mp4,1711.0,236.5,1477,0,1945,473,0.80061626
478,/Volumes/SmithL0/2026/BIOL470/Final/Learning_Rig/bee_0408_2/bee_0408_2_fwd_blue_accident/cam1_2026-04-08_17-44-01.mp4,1711.0,237.0,1476,0,1946,474,0.799654
479,/Volumes/SmithL0/2026/BIOL470/Final/Learning_Rig/bee_0408_2/bee_0408_2_fwd_blue_accident/cam1_2026-04-08_17-44-01.mp4,1712.5,236.5,1479,0,1946,473,0.7962712
480,/Volumes/SmithL0/2026/BIOL470/Final/Learning_Rig/bee_0408_2/bee_0408_2_fwd_blue_accident/cam1_2026-04-08_17-44-01.mp4,1712.5,234.5,1479,0,1946,469,0.80558825
481,/Volumes/SmithL0/2026/BIOL470/Final/Learning_Rig/bee_0408_2/bee_0408_2_fwd_blue_accident/cam1_2026-04-08_17-44-01.mp4,1709.5,235.0,1474,0,1945,470,0.7990461
482,/Volumes/SmithL0/2026/BIOL470/Final/Learning_Rig/bee_0408_2/bee_0408_2_fwd_blue_accident/cam1_2026-04-08_17-44-01.mp4,1711.0,236.0,1475,0,1947,472,0.79698735
483,/Volumes/SmithL0/2026/BIOL470/Final/Learning_Rig/bee_0408_2/bee_0408_2_fwd_blue_accident/cam1_2026-04-08_17-44-01.mp4,1710.0,235.5,1474,0,1946,471,0.7923657
484,/Volumes/SmithL0/2026/BIOL470/Final/Learning_Rig/bee_0408_2/bee_0408_2_fwd_blue_accident/cam1_2026-04-08_17-44-01.mp4,1714.0,235.0,1481,0,1947,470,0.80350167
485,/Volumes/SmithL0/2026/BIOL470/Final/Learning_Rig/bee_0408_2/bee_0408_2_fwd_blue_accident/cam1_2026-04-08_17-44-01.mp4,1713.0,235.0,1479,0,1947,470,0.799668
486,/Volumes/SmithL0/2026/BIOL470/Final/Learning_Rig/bee_0408_2/bee_0408_2_fwd_blue_accident/cam1_2026-04-08_17-44-01.mp4,1714.5,235.0,1483,0,1946,470,0.8043569
487,/Volumes/SmithL0/2026/BIOL470/Final/Learning_Rig/bee_0408_2/bee_0408_2_fwd_blue_accident/cam1_2026-04-08_17-44-01.mp4,1709.5,235.0,1476,0,1943,470,0.7993644
488,/Volumes/SmithL0/2026/BIOL470/Final/Learning_Rig/bee_0408_2/bee_0408_2_fwd_blue_accident/cam1_2026-04-08_17-44-01.mp4,1709.5,235.0,1477,0,1942,470,0.8008725
489,/Volumes/SmithL0/2026/BIOL470/Final/Learning_Rig/bee_0408_2/bee_0408_2_fwd_blue_accident/cam1_2026-04-08_17-44-01.mp4,1708.0,236.0,1473,0,1943,472,0.7982496
490,/Volumes/SmithL0/2026/BIOL470/Final/Learning_Rig/bee_0408_2/bee_0408_2_fwd_blue_accident/cam1_2026-04-08_17-44-01.mp4,1710.5,236.0,1476,0,1945,472,0.80095404
491,/Volumes/SmithL0/2026/BIOL470/Final/Learning_Rig/bee_0408_2/bee_0408_2_fwd_blue_accident/cam1_2026-04-08_17-44-01.mp4,1710.5,235.5,1478,0,1943,471,0.8059393
492,/Volumes/SmithL0/2026/BIOL470/Final/Learning_Rig/bee_0408_2/bee_0408_2_fwd_blue_accident/cam1_2026-04-08_17-44-01.mp4,1713.5,236.0,1485,0,1942,472,0.8049701
493,/Volumes/SmithL0/2026/BIOL470/Final/Learning_Rig/bee_0408_2/bee_0408_2_fwd_blue_accident/cam1_2026-04-08_17-44-01.mp4,1713.5,235.5,1484,0,1943,471,0.8028814
494,/Volumes/SmithL0/2026/BIOL470/Final/Learning_Rig/bee_0408_2/bee_0408_2_fwd_blue_accident/cam1_2026-04-08_17-44-01.mp4,1709.5,235.0,1476,0,1943,470,0.8051611
495,/Volumes/SmithL0/2026/BIOL470/Final/Learning_Rig/bee_0408_2/bee_0408_2_fwd_blue_accident/cam1_2026-04-08_17-44-01.mp4,1709.0,235.0,1475,0,1943,470,0.8063864
496,/Volumes/SmithL0/2026/BIOL470/Final/Learning_Rig/bee_0408_2/bee_0408_2_fwd_blue_accident/cam1_2026-04-08_17-44-01.mp4,1709.0,235.5,1473,0,1945,471,0.80585086
497,/Volumes/SmithL0/2026/BIOL470/Final/Learning_Rig/bee_0408_2/bee_0408_2_fwd_blue_accident/cam1_2026-04-08_17-44-01.mp4,1711.0,235.5,1477,0,1945,471,0.80466664
498,/Volumes/SmithL0/2026/BIOL470/Final/Learning_Rig/bee_0408_2/bee_0408_2_fwd_blue_accident/cam1_2026-04-08_17-44-01.mp4,1709.5,235.5,1474,0,1945,471,0.79812074
499,/Volumes/SmithL0/2026/BIOL470/Final/Learning_Rig/bee_0408_2/bee_0408_2_fwd_blue_accident/cam1_2026-04-08_17-44-01.mp4,1715.0,235.0,1487,0,1943,470,0.8027429
500,/Volumes/SmithL0/2026/BIOL470/Final/Learning_Rig/bee_0408_2/bee_0408_2_fwd_blue_accident/cam1_2026-04-08_17-44-01.mp4,1715.0,235.0,1487,1,1943,469,0.80616415
501,/Volumes/SmithL0/2026/BIOL470/Final/Learning_Rig/bee_0408_2/bee_0408_2_fwd_blue_accident/cam1_2026-04-08_17-44-01.mp4,1716.5,235.5,1490,1,1943,470,0.7997056
502,/Volumes/SmithL0/2026/BIOL470/Final/Learning_Rig/bee_0408_2/bee_0408_2_fwd_blue_accident/cam1_2026-04-08_17-44-01.mp4,1712.0,235.5,1479,0,1945,471,0.79292655
503,/Volumes/SmithL0/2026/BIOL470/Final/Learning_Rig/bee_0408_2/bee_0408_2_fwd_blue_accident/cam1_2026-04-08_17-44-01.mp4,1722.5,241.0,1489,0,1956,482,0.79410046
504,/Volumes/SmithL0/2026/BIOL470/Final/Learning_Rig/bee_0408_2/bee_0408_2_fwd_blue_accident/cam1_2026-04-08_17-44-01.mp4,1723.0,241.5,1489,0,1957,483,0.79062134
505,/Volumes/SmithL0/2026/BIOL470/Final/Learning_Rig/bee_0408_2/bee_0408_2_fwd_blue_accident/cam1_2026-04-08_17-44-01.mp4,1723.5,240.5,1491,0,1956,481,0.7944187
506,/Volumes/SmithL0/2026/BIOL470/Final/Learning_Rig/bee_0408_2/bee_0408_2_fwd_blue_accident/cam1_2026-04-08_17-44-01.mp4,1711.0,235.0,1479,0,1943,470,0.79766965
507,/Volumes/SmithL0/2026/BIOL470/Final/Learning_Rig/bee_0408_2/bee_0408_2_fwd_blue_accident/cam1_2026-04-08_17-44-01.mp4,1722.0,241.0,1490,0,1954,482,0.79313356
508,/Volumes/SmithL0/2026/BIOL470/Final/Learning_Rig/bee_0408_2/bee_0408_2_fwd_blue_accident/cam1_2026-04-08_17-44-01.mp4,1711.5,235.5,1480,0,1943,471,0.7978583
509,/Volumes/SmithL0/2026/BIOL470/Final/Learning_Rig/bee_0408_2/bee_0408_2_fwd_blue_accident/cam1_2026-04-08_17-44-01.mp4,1722.0,241.0,1489,0,1955,482,0.7933458
510,/Volumes/SmithL0/2026/BIOL470/Final/Learning_Rig/bee_0408_2/bee_0408_2_fwd_blue_accident/cam1_2026-04-08_17-44-01.mp4,1706.5,236.0,1468,1,1945,471,0.79993796
511,/Volumes/SmithL0/2026/BIOL470/Final/Learning_Rig/bee_0408_2/bee_0408_2_fwd_blue_accident/cam1_2026-04-08_17-44-01.mp4,1707.0,236.0,1470,2,1944,470,0.7999815
512,/Volumes/SmithL0/2026/BIOL470/Final/Learning_Rig/bee_0408_2/bee_0408_2_fwd_blue_accident/cam1_2026-04-08_17-44-01.mp4,1709.0,236.0,1472,1,1946,471,0.79849064
513,/Volumes/SmithL0/2026/BIOL470/Final/Learning_Rig/bee_0408_2/bee_0408_2_fwd_blue_accident/cam1_2026-04-08_17-44-01.mp4,1708.0,236.0,1472,1,1944,471,0.8021289
514,/Volumes/SmithL0/2026/BIOL470/Final/Learning_Rig/bee_0408_2/bee_0408_2_fwd_blue_accident/cam1_2026-04-08_17-44-01.mp4,1709.0,235.5,1474,0,1944,471,0.7997158
515,/Volumes/SmithL0/2026/BIOL470/Final/Learning_Rig/bee_0408_2/bee_0408_2_fwd_blue_accident/cam1_2026-04-08_17-44-01.mp4,1708.5,235.5,1474,0,1943,471,0.80067587
516,/Volumes/SmithL0/2026/BIOL470/Final/Learning_Rig/bee_0408_2/bee_0408_2_fwd_blue_accident/cam1_2026-04-08_17-44-01.mp4,1711.0,235.0,1479,0,1943,470,0.80302113
517,/Volumes/SmithL0/2026/BIOL470/Final/Learning_Rig/bee_0408_2/bee_0408_2_fwd_blue_accident/cam1_2026-04-08_17-44-01.mp4,1711.0,235.0,1478,0,1944,470,0.8025596
518,/Volumes/SmithL0/2026/BIOL470/Final/Learning_Rig/bee_0408_2/bee_0408_2_fwd_blue_accident/cam1_2026-04-08_17-44-01.mp4,1711.5,235.5,1479,0,1944,471,0.8021251
519,/Volumes/SmithL0/2026/BIOL470/Final/Learning_Rig/bee_0408_2/bee_0408_2_fwd_blue_accident/cam1_2026-04-08_17-44-01.mp4,1711.5,235.5,1478,0,1945,471,0.80174744
520,/Volumes/SmithL0/2026/BIOL470/Final/Learning_Rig/bee_0408_2/bee_0408_2_fwd_blue_accident/cam1_2026-04-08_17-44-01.mp4,1707.0,236.0,1471,0,1943,472,0.79582095
521,/Volumes/SmithL0/2026/BIOL470/Final/Learning_Rig/bee_0408_2/bee_0408_2_fwd_blue_accident/cam1_2026-04-08_17-44-01.mp4,1711.5,236.0,1479,0,1944,472,0.801032
522,/Volumes/SmithL0/2026/BIOL470/Final/Learning_Rig/bee_0408_2/bee_0408_2_fwd_blue_accident/cam1_2026-04-08_17-44-01.mp4,1709.5,236.0,1475,0,1944,472,0.8006134
523,/Volumes/SmithL0/2026/BIOL470/Final/Learning_Rig/bee_0408_2/bee_0408_2_fwd_blue_accident/cam1_2026-04-08_17-44-01.mp4,1722.0,241.0,1488,0,1956,482,0.7934621
524,/Volumes/SmithL0/2026/BIOL470/Final/Learning_Rig/bee_0408_2/bee_0408_2_fwd_blue_accident/cam1_2026-04-08_17-44-01.mp4,1709.0,236.0,1474,0,1944,472,0.79334456
525,/Volumes/SmithL0/2026/BIOL470/Final/Learning_Rig/bee_0408_2/bee_0408_2_fwd_blue_accident/cam1_2026-04-08_17-44-01.mp4,1709.0,236.0,1474,0,1944,472,0.7982165
526,/Volumes/SmithL0/2026/BIOL470/Final/Learning_Rig/bee_0408_2/bee_0408_2_fwd_blue_accident/cam1_2026-04-08_17-44-01.mp4,1705.5,235.5,1469,0,1942,471,0.79505116
527,/Volumes/SmithL0/2026/BIOL470/Final/Learning_Rig/bee_0408_2/bee_0408_2_fwd_blue_accident/cam1_2026-04-08_17-44-01.mp4,1718.0,241.0,1483,0,1953,482,0.7956159
528,/Volumes/SmithL0/2026/BIOL470/Final/Learning_Rig/bee_0408_2/bee_0408_2_fwd_blue_accident/cam1_2026-04-08_17-44-01.mp4,1709.5,235.5,1474,0,1945,471,0.7995124
529,/Volumes/SmithL0/2026/BIOL470/Final/Learning_Rig/bee_0408_2/bee_0408_2_fwd_blue_accident/cam1_2026-04-08_17-44-01.mp4,1721.5,241.0,1486,0,1957,482,0.7981506
530,/Volumes/SmithL0/2026/BIOL470/Final/Learning_Rig/bee_0408_2/bee_0408_2_fwd_blue_accident/cam1_2026-04-08_17-44-01.mp4,1720.5,240.5,1484,0,1957,481,0.7973602
531,/Volumes/SmithL0/2026/BIOL470/Final/Learning_Rig/bee_0408_2/bee_0408_2_fwd_blue_accident/cam1_2026-04-08_17-44-01.mp4,1709.5,235.5,1475,0,1944,471,0.8001888
532,/Volumes/SmithL0/2026/BIOL470/Final/Learning_Rig/bee_0408_2/bee_0408_2_fwd_blue_accident/cam1_2026-04-08_17-44-01.mp4,1707.5,235.5,1471,0,1944,471,0.8001969
533,/Volumes/SmithL0/2026/BIOL470/Final/Learning_Rig/bee_0408_2/bee_0408_2_fwd_blue_accident/cam1_2026-04-08_17-44-01.mp4,1709.0,235.0,1475,0,1943,470,0.7999109
534,/Volumes/SmithL0/2026/BIOL470/Final/Learning_Rig/bee_0408_2/bee_0408_2_fwd_blue_accident/cam1_2026-04-08_17-44-01.mp4,1708.0,235.5,1473,0,1943,471,0.7992745
535,/Volumes/SmithL0/2026/BIOL470/Final/Learning_Rig/bee_0408_2/bee_0408_2_fwd_blue_accident/cam1_2026-04-08_17-44-01.mp4,1708.5,235.0,1472,0,1945,470,0.79696923
536,/Volumes/SmithL0/2026/BIOL470/Final/Learning_Rig/bee_0408_2/bee_0408_2_fwd_blue_accident/cam1_2026-04-08_17-44-01.mp4,1707.5,235.5,1470,0,1945,471,0.7985964
537,/Volumes/SmithL0/2026/BIOL470/Final/Learning_Rig/bee_0408_2/bee_0408_2_fwd_blue_accident/cam1_2026-04-08_17-44-01.mp4,1707.5,235.5,1471,0,1944,471,0.80252457
538,/Volumes/SmithL0/2026/BIOL470/Final/Learning_Rig/bee_0408_2/bee_0408_2_fwd_blue_accident/cam1_2026-04-08_17-44-01.mp4,1706.0,235.0,1469,0,1943,470,0.8034404
539,/Volumes/SmithL0/2026/BIOL470/Final/Learning_Rig/bee_0408_2/bee_0408_2_fwd_blue_accident/cam1_2026-04-08_17-44-01.mp4,1707.0,235.5,1471,0,1943,471,0.8015472
540,/Volumes/SmithL0/2026/BIOL470/Final/Learning_Rig/bee_0408_2/bee_0408_2_fwd_blue_accident/cam1_2026-04-08_17-44-01.mp4,1719.5,241.0,1483,0,1956,482,0.79774237
541,/Volumes/SmithL0/2026/BIOL470/Final/Learning_Rig/bee_0408_2/bee_0408_2_fwd_blue_accident/cam1_2026-04-08_17-44-01.mp4,1720.5,241.5,1485,0,1956,483,0.79581136
542,/Volumes/SmithL0/2026/BIOL470/Final/Learning_Rig/bee_0408_2/bee_0408_2_fwd_blue_accident/cam1_2026-04-08_17-44-01.mp4,1720.0,241.5,1483,0,1957,483,0.79860157
543,/Volumes/SmithL0/2026/BIOL470/Final/Learning_Rig/bee_0408_2/bee_0408_2_fwd_blue_accident/cam1_2026-04-08_17-44-01.mp4,1710.0,236.0,1475,0,1945,472,0.7975774
544,/Volumes/SmithL0/2026/BIOL470/Final/Learning_Rig/bee_0408_2/bee_0408_2_fwd_blue_accident/cam1_2026-04-08_17-44-01.mp4,1721.5,242.0,1486,0,1957,484,0.7958613
545,/Volumes/SmithL0/2026/BIOL470/Final/Learning_Rig/bee_0408_2/bee_0408_2_fwd_blue_accident/cam1_2026-04-08_17-44-01.mp4,1723.5,242.0,1490,0,1957,484,0.78977317
546,/Volumes/SmithL0/2026/BIOL470/Final/Learning_Rig/bee_0408_2/bee_0408_2_fwd_blue_accident/cam1_2026-04-08_17-44-01.mp4,1721.0,241.0,1487,0,1955,482,0.7952067
547,/Volumes/SmithL0/2026/BIOL470/Final/Learning_Rig/bee_0408_2/bee_0408_2_fwd_blue_accident/cam1_2026-04-08_17-44-01.mp4,1721.5,241.5,1489,0,1954,483,0.7935417
548,/Volumes/SmithL0/2026/BIOL470/Final/Learning_Rig/bee_0408_2/bee_0408_2_fwd_blue_accident/cam1_2026-04-08_17-44-01.mp4,1722.0,241.0,1491,0,1953,482,0.7942271
549,/Volumes/SmithL0/2026/BIOL470/Final/Learning_Rig/bee_0408_2/bee_0408_2_fwd_blue_accident/cam1_2026-04-08_17-44-01.mp4,1706.5,235.0,1471,0,1942,470,0.7973815
550,/Volumes/SmithL0/2026/BIOL470/Final/Learning_Rig/bee_0408_2/bee_0408_2_fwd_blue_accident/cam1_2026-04-08_17-44-01.mp4,1721.5,241.0,1487,0,1956,482,0.79335207
551,/Volumes/SmithL0/2026/BIOL470/Final/Learning_Rig/bee_0408_2/bee_0408_2_fwd_blue_accident/cam1_2026-04-08_17-44-01.mp4,1719.0,241.5,1483,0,1955,483,0.79550546
552,/Volumes/SmithL0/2026/BIOL470/Final/Learning_Rig/bee_0408_2/bee_0408_2_fwd_blue_accident/cam1_2026-04-08_17-44-01.mp4,1708.0,235.5,1474,0,1942,471,0.799448
553,/Volumes/SmithL0/2026/BIOL470/Final/Learning_Rig/bee_0408_2/bee_0408_2_fwd_blue_accident/cam1_2026-04-08_17-44-01.mp4,1710.5,235.0,1478,0,1943,470,0.79951704
554,/Volumes/SmithL0/2026/BIOL470/Final/Learning_Rig/bee_0408_2/bee_0408_2_fwd_blue_accident/cam1_2026-04-08_17-44-01.mp4,1709.0,235.5,1475,0,1943,471,0.7999739
555,/Volumes/SmithL0/2026/BIOL470/Final/Learning_Rig/bee_0408_2/bee_0408_2_fwd_blue_accident/cam1_2026-04-08_17-44-01.mp4,1708.0,236.0,1474,0,1942,472,0.79923815
556,/Volumes/SmithL0/2026/BIOL470/Final/Learning_Rig/bee_0408_2/bee_0408_2_fwd_blue_accident/cam1_2026-04-08_17-44-01.mp4,1722.0,241.5,1489,0,1955,483,0.7968647
557,/Volumes/SmithL0/2026/BIOL470/Final/Learning_Rig/bee_0408_2/bee_0408_2_fwd_blue_accident/cam1_2026-04-08_17-44-01.mp4,1722.5,241.0,1489,0,1956,482,0.7982247
558,/Volumes/SmithL0/2026/BIOL470/Final/Learning_Rig/bee_0408_2/bee_0408_2_fwd_blue_accident/cam1_2026-04-08_17-44-01.mp4,1710.0,235.5,1477,0,1943,471,0.8008801
559,/Volumes/SmithL0/2026/BIOL470/Final/Learning_Rig/bee_0408_2/bee_0408_2_fwd_blue_accident/cam1_2026-04-08_17-44-01.mp4,1712.5,235.0,1483,0,1942,470,0.8040208
560,/Volumes/SmithL0/2026/BIOL470/Final/Learning_Rig/bee_0408_2/bee_0408_2_fwd_blue_accident/cam1_2026-04-08_17-44-01.mp4,1711.0,235.0,1482,0,1940,470,0.8039574
561,/Volumes/SmithL0/2026/BIOL470/Final/Learning_Rig/bee_0408_2/bee_0408_2_fwd_blue_accident/cam1_2026-04-08_17-44-01.mp4,1711.0,235.0,1479,0,1943,470,0.8032092
562,/Volumes/SmithL0/2026/BIOL470/Final/Learning_Rig/bee_0408_2/bee_0408_2_fwd_blue_accident/cam1_2026-04-08_17-44-01.mp4,1712.5,235.0,1482,0,1943,470,0.8005839
563,/Volumes/SmithL0/2026/BIOL470/Final/Learning_Rig/bee_0408_2/bee_0408_2_fwd_blue_accident/cam1_2026-04-08_17-44-01.mp4,1710.0,235.0,1477,0,1943,470,0.7978016
564,/Volumes/SmithL0/2026/BIOL470/Final/Learning_Rig/bee_0408_2/bee_0408_2_fwd_blue_accident/cam1_2026-04-08_17-44-01.mp4,1710.0,235.5,1476,0,1944,471,0.8017686
565,/Volumes/SmithL0/2026/BIOL470/Final/Learning_Rig/bee_0408_2/bee_0408_2_fwd_blue_accident/cam1_2026-04-08_17-44-01.mp4,1712.0,235.5,1480,0,1944,471,0.80517495
566,/Volumes/SmithL0/2026/BIOL470/Final/Learning_Rig/bee_0408_2/bee_0408_2_fwd_blue_accident/cam1_2026-04-08_17-44-01.mp4,1712.0,235.0,1482,0,1942,470,0.8054685
567,/Volumes/SmithL0/2026/BIOL470/Final/Learning_Rig/bee_0408_2/bee_0408_2_fwd_blue_accident/cam1_2026-04-08_17-44-01.mp4,1711.0,235.0,1479,0,1943,470,0.8051292
568,/Volumes/SmithL0/2026/BIOL470/Final/Learning_Rig/bee_0408_2/bee_0408_2_fwd_blue_accident/cam1_2026-04-08_17-44-01.mp4,1712.0,235.0,1481,0,1943,470,0.8055808
569,/Volumes/SmithL0/2026/BIOL470/Final/Learning_Rig/bee_0408_2/bee_0408_2_fwd_blue_accident/cam1_2026-04-08_17-44-01.mp4,1709.5,234.5,1476,0,1943,469,0.8047846
570,/Volumes/SmithL0/2026/BIOL470/Final/Learning_Rig/bee_0408_2/bee_0408_2_fwd_blue_accident/cam1_2026-04-08_17-44-01.mp4,1721.0,241.0,1486,0,1956,482,0.7908226
571,/Volumes/SmithL0/2026/BIOL470/Final/Learning_Rig/bee_0408_2/bee_0408_2_fwd_blue_accident/cam1_2026-04-08_17-44-01.mp4,1720.5,241.5,1486,0,1955,483,0.79039514
572,/Volumes/SmithL0/2026/BIOL470/Final/Learning_Rig/bee_0408_2/bee_0408_2_fwd_blue_accident/cam1_2026-04-08_17-44-01.mp4,1719.5,241.0,1484,0,1955,482,0.79087436
573,/Volumes/SmithL0/2026/BIOL470/Final/Learning_Rig/bee_0408_2/bee_0408_2_fwd_blue_accident/cam1_2026-04-08_17-44-01.mp4,1720.5,240.5,1485,0,1956,481,0.7969073
574,/Volumes/SmithL0/2026/BIOL470/Final/Learning_Rig/bee_0408_2/bee_0408_2_fwd_blue_accident/cam1_2026-04-08_17-44-01.mp4,1709.0,235.5,1474,0,1944,471,0.79847443
575,/Volumes/SmithL0/2026/BIOL470/Final/Learning_Rig/bee_0408_2/bee_0408_2_fwd_blue_accident/cam1_2026-04-08_17-44-01.mp4,1721.5,240.5,1487,0,1956,481,0.7937796
576,/Volumes/SmithL0/2026/BIOL470/Final/Learning_Rig/bee_0408_2/bee_0408_2_fwd_blue_accident/cam1_2026-04-08_17-44-01.mp4,1709.5,235.5,1474,0,1945,471,0.79199153
577,/Volumes/SmithL0/2026/BIOL470/Final/Learning_Rig/bee_0408_2/bee_0408_2_fwd_blue_accident/cam1_2026-04-08_17-44-01.mp4,1723.5,241.5,1491,0,1956,483,0.798054
578,/Volumes/SmithL0/2026/BIOL470/Final/Learning_Rig/bee_0408_2/bee_0408_2_fwd_blue_accident/cam1_2026-04-08_17-44-01.mp4,1721.5,241.5,1486,0,1957,483,0.7970065
579,/Volumes/SmithL0/2026/BIOL470/Final/Learning_Rig/bee_0408_2/bee_0408_2_fwd_blue_accident/cam1_2026-04-08_17-44-01.mp4,1722.5,241.0,1489,0,1956,482,0.7978732
580,/Volumes/SmithL0/2026/BIOL470/Final/Learning_Rig/bee_0408_2/bee_0408_2_fwd_blue_accident/cam1_2026-04-08_17-44-01.mp4,1719.5,241.5,1483,0,1956,483,0.79721665
581,/Volumes/SmithL0/2026/BIOL470/Final/Learning_Rig/bee_0408_2/bee_0408_2_fwd_blue_accident/cam1_2026-04-08_17-44-01.mp4,1721.0,241.5,1486,0,1956,483,0.7945248
582,/Volumes/SmithL0/2026/BIOL470/Final/Learning_Rig/bee_0408_2/bee_0408_2_fwd_blue_accident/cam1_2026-04-08_17-44-01.mp4,1723.0,241.5,1489,0,1957,483,0.79257834
583,/Volumes/SmithL0/2026/BIOL470/Final/Learning_Rig/bee_0408_2/bee_0408_2_fwd_blue_accident/cam1_2026-04-08_17-44-01.mp4,1723.5,241.0,1489,0,1958,482,0.79322475
584,/Volumes/SmithL0/2026/BIOL470/Final/Learning_Rig/bee_0408_2/bee_0408_2_fwd_blue_accident/cam1_2026-04-08_17-44-01.mp4,1723.0,241.5,1489,0,1957,483,0.79499793
585,/Volumes/SmithL0/2026/BIOL470/Final/Learning_Rig/bee_0408_2/bee_0408_2_fwd_blue_accident/cam1_2026-04-08_17-44-01.mp4,1722.0,241.5,1487,0,1957,483,0.7946069
586,/Volumes/SmithL0/2026/BIOL470/Final/Learning_Rig/bee_0408_2/bee_0408_2_fwd_blue_accident/cam1_2026-04-08_17-44-01.mp4,1710.0,236.5,1476,1,1944,472,0.79707444
587,/Volumes/SmithL0/2026/BIOL470/Final/Learning_Rig/bee_0408_2/bee_0408_2_fwd_blue_accident/cam1_2026-04-08_17-44-01.mp4,1721.0,241.0,1485,0,1957,482,0.7941299
588,/Volumes/SmithL0/2026/BIOL470/Final/Learning_Rig/bee_0408_2/bee_0408_2_fwd_blue_accident/cam1_2026-04-08_17-44-01.mp4,1721.5,241.0,1486,0,1957,482,0.79546505
589,/Volumes/SmithL0/2026/BIOL470/Final/Learning_Rig/bee_0408_2/bee_0408_2_fwd_blue_accident/cam1_2026-04-08_17-44-01.mp4,1720.5,241.0,1483,0,1958,482,0.79486847
590,/Volumes/SmithL0/2026/BIOL470/Final/Learning_Rig/bee_0408_2/bee_0408_2_fwd_blue_accident/cam1_2026-04-08_17-44-01.mp4,1709.0,236.0,1471,0,1947,472,0.7974943
591,/Volumes/SmithL0/2026/BIOL470/Final/Learning_Rig/bee_0408_2/bee_0408_2_fwd_blue_accident/cam1_2026-04-08_17-44-01.mp4,1709.0,236.0,1471,0,1947,472,0.79647225
592,/Volumes/SmithL0/2026/BIOL470/Final/Learning_Rig/bee_0408_2/bee_0408_2_fwd_blue_accident/cam1_2026-04-08_17-44-01.mp4,1721.0,241.0,1484,0,1958,482,0.7964407
593,/Volumes/SmithL0/2026/BIOL470/Final/Learning_Rig/bee_0408_2/bee_0408_2_fwd_blue_accident/cam1_2026-04-08_17-44-01.mp4,1710.0,236.0,1474,1,1946,471,0.8004203
594,/Volumes/SmithL0/2026/BIOL470/Final/Learning_Rig/bee_0408_2/bee_0408_2_fwd_blue_accident/cam1_2026-04-08_17-44-01.mp4,1710.0,235.0,1475,0,1945,470,0.8034903
595,/Volumes/SmithL0/2026/BIOL470/Final/Learning_Rig/bee_0408_2/bee_0408_2_fwd_blue_accident/cam1_2026-04-08_17-44-01.mp4,1711.0,235.0,1478,0,1944,470,0.8019495
596,/Volumes/SmithL0/2026/BIOL470/Final/Learning_Rig/bee_0408_2/bee_0408_2_fwd_blue_accident/cam1_2026-04-08_17-44-01.mp4,1710.0,235.5,1474,0,1946,471,0.7993051
597,/Volumes/SmithL0/2026/BIOL470/Final/Learning_Rig/bee_0408_2/bee_0408_2_fwd_blue_accident/cam1_2026-04-08_17-44-01.mp4,1721.5,240.5,1486,0,1957,481,0.7941848
598,/Volumes/SmithL0/2026/BIOL470/Final/Learning_Rig/bee_0408_2/bee_0408_2_fwd_blue_accident/cam1_2026-04-08_17-44-01.mp4,1707.5,236.0,1471,1,1944,471,0.79327345
599,/Volumes/SmithL0/2026/BIOL470/Final/Learning_Rig/bee_0408_2/bee_0408_2_fwd_blue_accident/cam1_2026-04-08_17-44-01.mp4,1707.0,235.5,1468,0,1946,471,0.7963542
600,/Volumes/SmithL0/2026/BIOL470/Final/Learning_Rig/bee_0408_2/bee_0408_2_fwd_blue_accident/cam1_2026-04-08_17-44-01.mp4,1709.5,235.5,1475,0,1944,471,0.79867417
601,/Volumes/SmithL0/2026/BIOL470/Final/Learning_Rig/bee_0408_2/bee_0408_2_fwd_blue_accident/cam1_2026-04-08_17-44-01.mp4,1710.0,236.0,1476,1,1944,471,0.79891884
602,/Volumes/SmithL0/2026/BIOL470/Final/Learning_Rig/bee_0408_2/bee_0408_2_fwd_blue_accident/cam1_2026-04-08_17-44-01.mp4,1709.0,235.5,1474,0,1944,471,0.80060035
603,/Volumes/SmithL0/2026/BIOL470/Final/Learning_Rig/bee_0408_2/bee_0408_2_fwd_blue_accident/cam1_2026-04-08_17-44-01.mp4,1710.5,235.5,1479,0,1942,471,0.7965215
604,/Volumes/SmithL0/2026/BIOL470/Final/Learning_Rig/bee_0408_2/bee_0408_2_fwd_blue_accident/cam1_2026-04-08_17-44-01.mp4,1708.5,235.5,1475,1,1942,470,0.80105096
605,/Volumes/SmithL0/2026/BIOL470/Final/Learning_Rig/bee_0408_2/bee_0408_2_fwd_blue_accident/cam1_2026-04-08_17-44-01.mp4,1712.0,235.5,1482,0,1942,471,0.8027144
606,/Volumes/SmithL0/2026/BIOL470/Final/Learning_Rig/bee_0408_2/bee_0408_2_fwd_blue_accident/cam1_2026-04-08_17-44-01.mp4,1710.5,235.5,1477,1,1944,470,0.804953
607,/Volumes/SmithL0/2026/BIOL470/Final/Learning_Rig/bee_0408_2/bee_0408_2_fwd_blue_accident/cam1_2026-04-08_17-44-01.mp4,1712.5,234.5,1482,0,1943,469,0.80606943
608,/Volumes/SmithL0/2026/BIOL470/Final/Learning_Rig/bee_0408_2/bee_0408_2_fwd_blue_accident/cam1_2026-04-08_17-44-01.mp4,1711.5,235.0,1479,0,1944,470,0.80291027
609,/Volumes/SmithL0/2026/BIOL470/Final/Learning_Rig/bee_0408_2/bee_0408_2_fwd_blue_accident/cam1_2026-04-08_17-44-01.mp4,1710.5,234.5,1478,0,1943,469,0.805233
610,/Volumes/SmithL0/2026/BIOL470/Final/Learning_Rig/bee_0408_2/bee_0408_2_fwd_blue_accident/cam1_2026-04-08_17-44-01.mp4,1712.0,235.0,1480,0,1944,470,0.8027855
611,/Volumes/SmithL0/2026/BIOL470/Final/Learning_Rig/bee_0408_2/bee_0408_2_fwd_blue_accident/cam1_2026-04-08_17-44-01.mp4,1712.0,235.5,1480,0,1944,471,0.79971904
612,/Volumes/SmithL0/2026/BIOL470/Final/Learning_Rig/bee_0408_2/bee_0408_2_fwd_blue_accident/cam1_2026-04-08_17-44-01.mp4,1724.0,240.5,1490,0,1958,481,0.79969174
613,/Volumes/SmithL0/2026/BIOL470/Final/Learning_Rig/bee_0408_2/bee_0408_2_fwd_blue_accident/cam1_2026-04-08_17-44-01.mp4,1710.5,235.5,1478,0,1943,471,0.79792356
614,/Volumes/SmithL0/2026/BIOL470/Final/Learning_Rig/bee_0408_2/bee_0408_2_fwd_blue_accident/cam1_2026-04-08_17-44-01.mp4,1709.0,235.5,1475,0,1943,471,0.79972225
615,/Volumes/SmithL0/2026/BIOL470/Final/Learning_Rig/bee_0408_2/bee_0408_2_fwd_blue_accident/cam1_2026-04-08_17-44-01.mp4,1714.5,235.0,1486,0,1943,470,0.80180216
616,/Volumes/SmithL0/2026/BIOL470/Final/Learning_Rig/bee_0408_2/bee_0408_2_fwd_blue_accident/cam1_2026-04-08_17-44-01.mp4,1711.5,235.0,1480,0,1943,470,0.80118877
617,/Volumes/SmithL0/2026/BIOL470/Final/Learning_Rig/bee_0408_2/bee_0408_2_fwd_blue_accident/cam1_2026-04-08_17-44-01.mp4,1711.0,235.5,1478,0,1944,471,0.799957
618,/Volumes/SmithL0/2026/BIOL470/Final/Learning_Rig/bee_0408_2/bee_0408_2_fwd_blue_accident/cam1_2026-04-08_17-44-01.mp4,1711.5,235.0,1478,0,1945,470,0.8051755
619,/Volumes/SmithL0/2026/BIOL470/Final/Learning_Rig/bee_0408_2/bee_0408_2_fwd_blue_accident/cam1_2026-04-08_17-44-01.mp4,1711.0,235.0,1475,0,1947,470,0.8043263
620,/Volumes/SmithL0/2026/BIOL470/Final/Learning_Rig/bee_0408_2/bee_0408_2_fwd_blue_accident/cam1_2026-04-08_17-44-01.mp4,1711.0,235.0,1476,0,1946,470,0.80489737
621,/Volumes/SmithL0/2026/BIOL470/Final/Learning_Rig/bee_0408_2/bee_0408_2_fwd_blue_accident/cam1_2026-04-08_17-44-01.mp4,1709.0,235.0,1474,0,1944,470,0.80090845
622,/Volumes/SmithL0/2026/BIOL470/Final/Learning_Rig/bee_0408_2/bee_0408_2_fwd_blue_accident/cam1_2026-04-08_17-44-01.mp4,1709.0,235.5,1474,0,1944,471,0.8001161
623,/Volumes/SmithL0/2026/BIOL470/Final/Learning_Rig/bee_0408_2/bee_0408_2_fwd_blue_accident/cam1_2026-04-08_17-44-01.mp4,1708.0,235.5,1470,0,1946,471,0.7968602
624,/Volumes/SmithL0/2026/BIOL470/Final/Learning_Rig/bee_0408_2/bee_0408_2_fwd_blue_accident/cam1_2026-04-08_17-44-01.mp4,1708.5,236.0,1471,0,1946,472,0.7897419
625,/Volumes/SmithL0/2026/BIOL470/Final/Learning_Rig/bee_0408_2/bee_0408_2_fwd_blue_accident/cam1_2026-04-08_17-44-01.mp4,1712.0,235.5,1478,0,1946,471,0.7978289
626,/Volumes/SmithL0/2026/BIOL470/Final/Learning_Rig/bee_0408_2/bee_0408_2_fwd_blue_accident/cam1_2026-04-08_17-44-01.mp4,1712.0,235.5,1477,0,1947,471,0.79910785
627,/Volumes/SmithL0/2026/BIOL470/Final/Learning_Rig/bee_0408_2/bee_0408_2_fwd_blue_accident/cam1_2026-04-08_17-44-01.mp4,1714.5,235.5,1482,0,1947,471,0.79946905
628,/Volumes/SmithL0/2026/BIOL470/Final/Learning_Rig/bee_0408_2/bee_0408_2_fwd_blue_accident/cam1_2026-04-08_17-44-01.mp4,1712.5,236.0,1479,0,1946,472,0.79980594
629,/Volumes/SmithL0/2026/BIOL470/Final/Learning_Rig/bee_0408_2/bee_0408_2_fwd_blue_accident/cam1_2026-04-08_17-44-01.mp4,1711.0,235.5,1479,0,1943,471,0.7984896
630,/Volumes/SmithL0/2026/BIOL470/Final/Learning_Rig/bee_0408_2/bee_0408_2_fwd_blue_accident/cam1_2026-04-08_17-44-01.mp4,1710.0,235.5,1477,0,1943,471,0.7998943
631,/Volumes/SmithL0/2026/BIOL470/Final/Learning_Rig/bee_0408_2/bee_0408_2_fwd_blue_accident/cam1_2026-04-08_17-44-01.mp4,1724.0,240.5,1490,0,1958,481,0.79750276
632,/Volumes/SmithL0/2026/BIOL470/Final/Learning_Rig/bee_0408_2/bee_0408_2_fwd_blue_accident/cam1_2026-04-08_17-44-01.mp4,1723.0,241.0,1488,0,1958,482,0.79693836
633,/Volumes/SmithL0/2026/BIOL470/Final/Learning_Rig/bee_0408_2/bee_0408_2_fwd_blue_accident/cam1_2026-04-08_17-44-01.mp4,1708.0,235.0,1473,0,1943,470,0.8018639
634,/Volumes/SmithL0/2026/BIOL470/Final/Learning_Rig/bee_0408_2/bee_0408_2_fwd_blue_accident/cam1_2026-04-08_17-44-01.mp4,1708.0,235.5,1474,0,1942,471,0.79873973
635,/Volumes/SmithL0/2026/BIOL470/Final/Learning_Rig/bee_0408_2/bee_0408_2_fwd_blue_accident/cam1_2026-04-08_17-44-01.mp4,1719.0,241.0,1482,0,1956,482,0.7988151
636,/Volumes/SmithL0/2026/BIOL470/Final/Learning_Rig/bee_0408_2/bee_0408_2_fwd_blue_accident/cam1_2026-04-08_17-44-01.mp4,1718.0,241.5,1480,0,1956,483,0.80023664
637,/Volumes/SmithL0/2026/BIOL470/Final/Learning_Rig/bee_0408_2/bee_0408_2_fwd_blue_accident/cam1_2026-04-08_17-44-01.mp4,1707.5,235.5,1472,0,1943,471,0.799919
638,/Volumes/SmithL0/2026/BIOL470/Final/Learning_Rig/bee_0408_2/bee_0408_2_fwd_blue_accident/cam1_2026-04-08_17-44-01.mp4,1708.5,236.0,1474,0,1943,472,0.7995822
639,/Volumes/SmithL0/2026/BIOL470/Final/Learning_Rig/bee_0408_2/bee_0408_2_fwd_blue_accident/cam1_2026-04-08_17-44-01.mp4,1721.0,241.5,1486,0,1956,483,0.79995584
640,/Volumes/SmithL0/2026/BIOL470/Final/Learning_Rig/bee_0408_2/bee_0408_2_fwd_blue_accident/cam1_2026-04-08_17-44-01.mp4,1709.0,235.5,1475,0,1943,471,0.8006784
641,/Volumes/SmithL0/2026/BIOL470/Final/Learning_Rig/bee_0408_2/bee_0408_2_fwd_blue_accident/cam1_2026-04-08_17-44-01.mp4,1720.0,241.0,1484,0,1956,482,0.7974399
642,/Volumes/SmithL0/2026/BIOL470/Final/Learning_Rig/bee_0408_2/bee_0408_2_fwd_blue_accident/cam1_2026-04-08_17-44-01.mp4,1708.0,235.5,1472,0,1944,471,0.79925454
643,/Volumes/SmithL0/2026/BIOL470/Final/Learning_Rig/bee_0408_2/bee_0408_2_fwd_blue_accident/cam1_2026-04-08_17-44-01.mp4,1709.0,236.5,1473,0,1945,473,0.8007947
644,/Volumes/SmithL0/2026/BIOL470/Final/Learning_Rig/bee_0408_2/bee_0408_2_fwd_blue_accident/cam1_2026-04-08_17-44-01.mp4,1707.0,236.0,1471,0,1943,472,0.80214006
645,/Volumes/SmithL0/2026/BIOL470/Final/Learning_Rig/bee_0408_2/bee_0408_2_fwd_blue_accident/cam1_2026-04-08_17-44-01.mp4,1708.0,236.0,1473,0,1943,472,0.8000734
646,/Volumes/SmithL0/2026/BIOL470/Final/Learning_Rig/bee_0408_2/bee_0408_2_fwd_blue_accident/cam1_2026-04-08_17-44-01.mp4,1719.0,241.0,1482,0,1956,482,0.7972786
647,/Volumes/SmithL0/2026/BIOL470/Final/Learning_Rig/bee_0408_2/bee_0408_2_fwd_blue_accident/cam1_2026-04-08_17-44-01.mp4,1707.0,235.5,1469,0,1945,471,0.79846007
648,/Volumes/SmithL0/2026/BIOL470/Final/Learning_Rig/bee_0408_2/bee_0408_2_fwd_blue_accident/cam1_2026-04-08_17-44-01.mp4,1720.0,241.5,1483,0,1957,483,0.79881835
649,/Volumes/SmithL0/2026/BIOL470/Final/Learning_Rig/bee_0408_2/bee_0408_2_fwd_blue_accident/cam1_2026-04-08_17-44-01.mp4,1718.5,241.0,1481,0,1956,482,0.7952517
650,/Volumes/SmithL0/2026/BIOL470/Final/Learning_Rig/bee_0408_2/bee_0408_2_fwd_blue_accident/cam1_2026-04-08_17-44-01.mp4,1705.0,235.5,1467,0,1943,471,0.798837
651,/Volumes/SmithL0/2026/BIOL470/Final/Learning_Rig/bee_0408_2/bee_0408_2_fwd_blue_accident/cam1_2026-04-08_17-44-01.mp4,1706.0,236.0,1468,0,1944,472,0.79655766
652,/Volumes/SmithL0/2026/BIOL470/Final/Learning_Rig/bee_0408_2/bee_0408_2_fwd_blue_accident/cam1_2026-04-08_17-44-01.mp4,1707.5,236.0,1472,0,1943,472,0.80180734
653,/Volumes/SmithL0/2026/BIOL470/Final/Learning_Rig/bee_0408_2/bee_0408_2_fwd_blue_accident/cam1_2026-04-08_17-44-01.mp4,1709.5,235.0,1475,0,1944,470,0.803142
654,/Volumes/SmithL0/2026/BIOL470/Final/Learning_Rig/bee_0408_2/bee_0408_2_fwd_blue_accident/cam1_2026-04-08_17-44-01.mp4,1709.0,235.0,1474,0,1944,470,0.80285037
655,/Volumes/SmithL0/2026/BIOL470/Final/Learning_Rig/bee_0408_2/bee_0408_2_fwd_blue_accident/cam1_2026-04-08_17-44-01.mp4,1710.0,235.0,1477,0,1943,470,0.803128
656,/Volumes/SmithL0/2026/BIOL470/Final/Learning_Rig/bee_0408_2/bee_0408_2_fwd_blue_accident/cam1_2026-04-08_17-44-01.mp4,1710.5,235.5,1476,0,1945,471,0.79809695
657,/Volumes/SmithL0/2026/BIOL470/Final/Learning_Rig/bee_0408_2/bee_0408_2_fwd_blue_accident/cam1_2026-04-08_17-44-01.mp4,1710.5,235.5,1475,0,1946,471,0.80127877
658,/Volumes/SmithL0/2026/BIOL470/Final/Learning_Rig/bee_0408_2/bee_0408_2_fwd_blue_accident/cam1_2026-04-08_17-44-01.mp4,1708.5,236.0,1470,0,1947,472,0.80264395
659,/Volumes/SmithL0/2026/BIOL470/Final/Learning_Rig/bee_0408_2/bee_0408_2_fwd_blue_accident/cam1_2026-04-08_17-44-01.mp4,1719.5,241.5,1481,0,1958,483,0.7989166
660,/Volumes/SmithL0/2026/BIOL470/Final/Learning_Rig/bee_0408_2/bee_0408_2_fwd_blue_accident/cam1_2026-04-08_17-44-01.mp4,1708.5,235.5,1472,0,1945,471,0.8032805
661,/Volumes/SmithL0/2026/BIOL470/Final/Learning_Rig/bee_0408_2/bee_0408_2_fwd_blue_accident/cam1_2026-04-08_17-44-01.mp4,1708.0,236.0,1471,0,1945,472,0.8020034
662,/Volumes/SmithL0/2026/BIOL470/Final/Learning_Rig/bee_0408_2/bee_0408_2_fwd_blue_accident/cam1_2026-04-08_17-44-01.mp4,1708.5,235.5,1472,0,1945,471,0.80387396
663,/Volumes/SmithL0/2026/BIOL470/Final/Learning_Rig/bee_0408_2/bee_0408_2_fwd_blue_accident/cam1_2026-04-08_17-44-01.mp4,1709.0,236.0,1474,0,1944,472,0.80083203
664,/Volumes/SmithL0/2026/BIOL470/Final/Learning_Rig/bee_0408_2/bee_0408_2_fwd_blue_accident/cam1_2026-04-08_17-44-01.mp4,1709.5,236.0,1474,1,1945,471,0.80228156
665,/Volumes/SmithL0/2026/BIOL470/Final/Learning_Rig/bee_0408_2/bee_0408_2_fwd_blue_accident/cam1_2026-04-08_17-44-01.mp4,1710.5,235.5,1476,0,1945,471,0.7993609
666,/Volumes/SmithL0/2026/BIOL470/Final/Learning_Rig/bee_0408_2/bee_0408_2_fwd_blue_accident/cam1_2026-04-08_17-44-01.mp4,1707.5,236.0,1469,0,1946,472,0.7999112
667,/Volumes/SmithL0/2026/BIOL470/Final/Learning_Rig/bee_0408_2/bee_0408_2_fwd_blue_accident/cam1_2026-04-08_17-44-01.mp4,1705.5,236.0,1466,0,1945,472,0.7979475
668,/Volumes/SmithL0/2026/BIOL470/Final/Learning_Rig/bee_0408_2/bee_0408_2_fwd_blue_accident/cam1_2026-04-08_17-44-01.mp4,1708.0,235.5,1472,0,1944,471,0.7966748
669,/Volumes/SmithL0/2026/BIOL470/Final/Learning_Rig/bee_0408_2/bee_0408_2_fwd_blue_accident/cam1_2026-04-08_17-44-01.mp4,1708.0,236.0,1472,0,1944,472,0.8001304
670,/Volumes/SmithL0/2026/BIOL470/Final/Learning_Rig/bee_0408_2/bee_0408_2_fwd_blue_accident/cam1_2026-04-08_17-44-01.mp4,1708.5,236.0,1474,0,1943,472,0.7989179
671,/Volumes/SmithL0/2026/BIOL470/Final/Learning_Rig/bee_0408_2/bee_0408_2_fwd_blue_accident/cam1_2026-04-08_17-44-01.mp4,1707.5,235.5,1472,0,1943,471,0.8002251
672,/Volumes/SmithL0/2026/BIOL470/Final/Learning_Rig/bee_0408_2/bee_0408_2_fwd_blue_accident/cam1_2026-04-08_17-44-01.mp4,1708.0,235.0,1473,0,1943,470,0.80359536
673,/Volumes/SmithL0/2026/BIOL470/Final/Learning_Rig/bee_0408_2/bee_0408_2_fwd_blue_accident/cam1_2026-04-08_17-44-01.mp4,1706.5,236.0,1470,0,1943,472,0.79675347
674,/Volumes/SmithL0/2026/BIOL470/Final/Learning_Rig/bee_0408_2/bee_0408_2_fwd_blue_accident/cam1_2026-04-08_17-44-01.mp4,1719.5,241.5,1483,0,1956,483,0.7968372
675,/Volumes/SmithL0/2026/BIOL470/Final/Learning_Rig/bee_0408_2/bee_0408_2_fwd_blue_accident/cam1_2026-04-08_17-44-01.mp4,1720.0,241.0,1485,0,1955,482,0.79314876
676,/Volumes/SmithL0/2026/BIOL470/Final/Learning_Rig/bee_0408_2/bee_0408_2_fwd_blue_accident/cam1_2026-04-08_17-44-01.mp4,1708.0,235.5,1473,0,1943,471,0.79439366
677,/Volumes/SmithL0/2026/BIOL470/Final/Learning_Rig/bee_0408_2/bee_0408_2_fwd_blue_accident/cam1_2026-04-08_17-44-01.mp4,1707.0,235.5,1470,0,1944,471,0.801428
678,/Volumes/SmithL0/2026/BIOL470/Final/Learning_Rig/bee_0408_2/bee_0408_2_fwd_blue_accident/cam1_2026-04-08_17-44-01.mp4,1707.0,235.5,1470,0,1944,471,0.8031375
679,/Volumes/SmithL0/2026/BIOL470/Final/Learning_Rig/bee_0408_2/bee_0408_2_fwd_blue_accident/cam1_2026-04-08_17-44-01.mp4,1709.0,235.5,1476,1,1942,470,0.80432427
680,/Volumes/SmithL0/2026/BIOL470/Final/Learning_Rig/bee_0408_2/bee_0408_2_fwd_blue_accident/cam1_2026-04-08_17-44-01.mp4,1708.5,236.0,1472,0,1945,472,0.7987261
681,/Volumes/SmithL0/2026/BIOL470/Final/Learning_Rig/bee_0408_2/bee_0408_2_fwd_blue_accident/cam1_2026-04-08_17-44-01.mp4,1708.5,235.5,1473,0,1944,471,0.7982064
682,/Volumes/SmithL0/2026/BIOL470/Final/Learning_Rig/bee_0408_2/bee_0408_2_fwd_blue_accident/cam1_2026-04-08_17-44-01.mp4,1708.0,235.5,1472,0,1944,471,0.7968805
683,/Volumes/SmithL0/2026/BIOL470/Final/Learning_Rig/bee_0408_2/bee_0408_2_fwd_blue_accident/cam1_2026-04-08_17-44-01.mp4,1708.0,236.5,1470,0,1946,473,0.79576534
684,/Volumes/SmithL0/2026/BIOL470/Final/Learning_Rig/bee_0408_2/bee_0408_2_fwd_blue_accident/cam1_2026-04-08_17-44-01.mp4,1709.0,235.5,1473,0,1945,471,0.7969395
685,/Volumes/SmithL0/2026/BIOL470/Final/Learning_Rig/bee_0408_2/bee_0408_2_fwd_blue_accident/cam1_2026-04-08_17-44-01.mp4,1708.0,236.0,1472,0,1944,472,0.79657614
686,/Volumes/SmithL0/2026/BIOL470/Final/Learning_Rig/bee_0408_2/bee_0408_2_fwd_blue_accident/cam1_2026-04-08_17-44-01.mp4,1722.5,241.0,1488,0,1957,482,0.79512715
687,/Volumes/SmithL0/2026/BIOL470/Final/Learning_Rig/bee_0408_2/bee_0408_2_fwd_blue_accident/cam1_2026-04-08_17-44-01.mp4,1721.0,241.0,1486,0,1956,482,0.7976135
688,/Volumes/SmithL0/2026/BIOL470/Final/Learning_Rig/bee_0408_2/bee_0408_2_fwd_blue_accident/cam1_2026-04-08_17-44-01.mp4,1720.5,241.0,1485,0,1956,482,0.7980279
689,/Volumes/SmithL0/2026/BIOL470/Final/Learning_Rig/bee_0408_2/bee_0408_2_fwd_blue_accident/cam1_2026-04-08_17-44-01.mp4,1708.5,235.5,1475,0,1942,471,0.806071
690,/Volumes/SmithL0/2026/BIOL470/Final/Learning_Rig/bee_0408_2/bee_0408_2_fwd_blue_accident/cam1_2026-04-08_17-44-01.mp4,1710.5,235.0,1479,0,1942,470,0.8060506
691,/Volumes/SmithL0/2026/BIOL470/Final/Learning_Rig/bee_0408_2/bee_0408_2_fwd_blue_accident/cam1_2026-04-08_17-44-01.mp4,1709.5,235.0,1477,0,1942,470,0.8010587
692,/Volumes/SmithL0/2026/BIOL470/Final/Learning_Rig/bee_0408_2/bee_0408_2_fwd_blue_accident/cam1_2026-04-08_17-44-01.mp4,1706.0,235.5,1469,0,1943,471,0.7993212
693,/Volumes/SmithL0/2026/BIOL470/Final/Learning_Rig/bee_0408_2/bee_0408_2_fwd_blue_accident/cam1_2026-04-08_17-44-01.mp4,1721.5,241.0,1487,0,1956,482,0.7976143
694,/Volumes/SmithL0/2026/BIOL470/Final/Learning_Rig/bee_0408_2/bee_0408_2_fwd_blue_accident/cam1_2026-04-08_17-44-01.mp4,1722.0,240.5,1487,0,1957,481,0.7941853
695,/Volumes/SmithL0/2026/BIOL470/Final/Learning_Rig/bee_0408_2/bee_0408_2_fwd_blue_accident/cam1_2026-04-08_17-44-01.mp4,1710.5,235.5,1475,0,1946,471,0.79570764
696,/Volumes/SmithL0/2026/BIOL470/Final/Learning_Rig/bee_0408_2/bee_0408_2_fwd_blue_accident/cam1_2026-04-08_17-44-01.mp4,1712.0,236.0,1477,0,1947,472,0.79934126
697,/Volumes/SmithL0/2026/BIOL470/Final/Learning_Rig/bee_0408_2/bee_0408_2_fwd_blue_accident/cam1_2026-04-08_17-44-01.mp4,1711.5,235.5,1478,0,1945,471,0.80162793
698,/Volumes/SmithL0/2026/BIOL470/Final/Learning_Rig/bee_0408_2/bee_0408_2_fwd_blue_accident/cam1_2026-04-08_17-44-01.mp4,1708.5,235.5,1472,0,1945,471,0.7983353
699,/Volumes/SmithL0/2026/BIOL470/Final/Learning_Rig/bee_0408_2/bee_0408_2_fwd_blue_accident/cam1_2026-04-08_17-44-01.mp4,1721.0,240.5,1487,0,1955,481,0.79699856
700,/Volumes/SmithL0/2026/BIOL470/Final/Learning_Rig/bee_0408_2/bee_0408_2_fwd_blue_accident/cam1_2026-04-08_17-44-01.mp4,1707.5,235.0,1472,0,1943,470,0.7963983
701,/Volumes/SmithL0/2026/BIOL470/Final/Learning_Rig/bee_0408_2/bee_0408_2_fwd_blue_accident/cam1_2026-04-08_17-44-01.mp4,1722.5,241.5,1488,0,1957,483,0.79618263
702,/Volumes/SmithL0/2026/BIOL470/Final/Learning_Rig/bee_0408_2/bee_0408_2_fwd_blue_accident/cam1_2026-04-08_17-44-01.mp4,1708.5,236.0,1471,0,1946,472,0.7924569
703,/Volumes/SmithL0/2026/BIOL470/Final/Learning_Rig/bee_0408_2/bee_0408_2_fwd_blue_accident/cam1_2026-04-08_17-44-01.mp4,1710.0,235.5,1476,0,1944,471,0.7944274
704,/Volumes/SmithL0/2026/BIOL470/Final/Learning_Rig/bee_0408_2/bee_0408_2_fwd_blue_accident/cam1_2026-04-08_17-44-01.mp4,1710.5,236.0,1478,0,1943,472,0.800897
705,/Volumes/SmithL0/2026/BIOL470/Final/Learning_Rig/bee_0408_2/bee_0408_2_fwd_blue_accident/cam1_2026-04-08_17-44-01.mp4,1722.0,241.0,1488,0,1956,482,0.795248
706,/Volumes/SmithL0/2026/BIOL470/Final/Learning_Rig/bee_0408_2/bee_0408_2_fwd_blue_accident/cam1_2026-04-08_17-44-01.mp4,1708.5,235.5,1472,0,1945,471,0.79849666
707,/Volumes/SmithL0/2026/BIOL470/Final/Learning_Rig/bee_0408_2/bee_0408_2_fwd_blue_accident/cam1_2026-04-08_17-44-01.mp4,1722.0,241.0,1486,0,1958,482,0.7918687
708,/Volumes/SmithL0/2026/BIOL470/Final/Learning_Rig/bee_0408_2/bee_0408_2_fwd_blue_accident/cam1_2026-04-08_17-44-01.mp4,1711.5,235.5,1479,0,1944,471,0.80413425
709,/Volumes/SmithL0/2026/BIOL470/Final/Learning_Rig/bee_0408_2/bee_0408_2_fwd_blue_accident/cam1_2026-04-08_17-44-01.mp4,1709.0,235.5,1474,0,1944,471,0.79976374
710,/Volumes/SmithL0/2026/BIOL470/Final/Learning_Rig/bee_0408_2/bee_0408_2_fwd_blue_accident/cam1_2026-04-08_17-44-01.mp4,1707.5,235.5,1472,0,1943,471,0.7998054
711,/Volumes/SmithL0/2026/BIOL470/Final/Learning_Rig/bee_0408_2/bee_0408_2_fwd_blue_accident/cam1_2026-04-08_17-44-01.mp4,1711.5,235.5,1480,0,1943,471,0.80062836
712,/Volumes/SmithL0/2026/BIOL470/Final/Learning_Rig/bee_0408_2/bee_0408_2_fwd_blue_accident/cam1_2026-04-08_17-44-01.mp4,1711.5,235.5,1481,1,1942,470,0.8046445
713,/Volumes/SmithL0/2026/BIOL470/Final/Learning_Rig/bee_0408_2/bee_0408_2_fwd_blue_accident/cam1_2026-04-08_17-44-01.mp4,1711.5,235.5,1481,0,1942,471,0.80129075
714,/Volumes/SmithL0/2026/BIOL470/Final/Learning_Rig/bee_0408_2/bee_0408_2_fwd_blue_accident/cam1_2026-04-08_17-44-01.mp4,1710.5,236.0,1478,1,1943,471,0.8020947
715,/Volumes/SmithL0/2026/BIOL470/Final/Learning_Rig/bee_0408_2/bee_0408_2_fwd_blue_accident/cam1_2026-04-08_17-44-01.mp4,1709.0,235.5,1475,0,1943,471,0.79982245
716,/Volumes/SmithL0/2026/BIOL470/Final/Learning_Rig/bee_0408_2/bee_0408_2_fwd_blue_accident/cam1_2026-04-08_17-44-01.mp4,1712.0,235.5,1481,0,1943,471,0.79700994
717,/Volumes/SmithL0/2026/BIOL470/Final/Learning_Rig/bee_0408_2/bee_0408_2_fwd_blue_accident/cam1_2026-04-08_17-44-01.mp4,1722.0,241.5,1489,0,1955,483,0.7930577
718,/Volumes/SmithL0/2026/BIOL470/Final/Learning_Rig/bee_0408_2/bee_0408_2_fwd_blue_accident/cam1_2026-04-08_17-44-01.mp4,1723.5,241.5,1490,0,1957,483,0.79451734
719,/Volumes/SmithL0/2026/BIOL470/Final/Learning_Rig/bee_0408_2/bee_0408_2_fwd_blue_accident/cam1_2026-04-08_17-44-01.mp4,1724.0,242.0,1490,0,1958,484,0.7955433
720,/Volumes/SmithL0/2026/BIOL470/Final/Learning_Rig/bee_0408_2/bee_0408_2_fwd_blue_accident/cam1_2026-04-08_17-44-01.mp4,1722.5,241.5,1487,0,1958,483,0.7964456
721,/Volumes/SmithL0/2026/BIOL470/Final/Learning_Rig/bee_0408_2/bee_0408_2_fwd_blue_accident/cam1_2026-04-08_17-44-01.mp4,1723.5,241.5,1489,0,1958,483,0.79239774
722,/Volumes/SmithL0/2026/BIOL470/Final/Learning_Rig/bee_0408_2/bee_0408_2_fwd_blue_accident/cam1_2026-04-08_17-44-01.mp4,1710.0,237.0,1476,1,1944,473,0.7942704
723,/Volumes/SmithL0/2026/BIOL470/Final/Learning_Rig/bee_0408_2/bee_0408_2_fwd_blue_accident/cam1_2026-04-08_17-44-01.mp4,1723.0,241.5,1490,0,1956,483,0.79453766
724,/Volumes/SmithL0/2026/BIOL470/Final/Learning_Rig/bee_0408_2/bee_0408_2_fwd_blue_accident/cam1_2026-04-08_17-44-01.mp4,1711.0,236.0,1479,1,1943,471,0.7965424
725,/Volumes/SmithL0/2026/BIOL470/Final/Learning_Rig/bee_0408_2/bee_0408_2_fwd_blue_accident/cam1_2026-04-08_17-44-01.mp4,1709.5,236.0,1475,1,1944,471,0.79840636
726,/Volumes/SmithL0/2026/BIOL470/Final/Learning_Rig/bee_0408_2/bee_0408_2_fwd_blue_accident/cam1_2026-04-08_17-44-01.mp4,1709.0,235.0,1475,0,1943,470,0.8037616
727,/Volumes/SmithL0/2026/BIOL470/Final/Learning_Rig/bee_0408_2/bee_0408_2_fwd_blue_accident/cam1_2026-04-08_17-44-01.mp4,1707.5,235.5,1471,0,1944,471,0.7960298
728,/Volumes/SmithL0/2026/BIOL470/Final/Learning_Rig/bee_0408_2/bee_0408_2_fwd_blue_accident/cam1_2026-04-08_17-44-01.mp4,1719.0,241.0,1482,0,1956,482,0.7908763
729,/Volumes/SmithL0/2026/BIOL470/Final/Learning_Rig/bee_0408_2/bee_0408_2_fwd_blue_accident/cam1_2026-04-08_17-44-01.mp4,1707.0,235.0,1471,0,1943,470,0.8018685
730,/Volumes/SmithL0/2026/BIOL470/Final/Learning_Rig/bee_0408_2/bee_0408_2_fwd_blue_accident/cam1_2026-04-08_17-44-01.mp4,1709.5,235.0,1475,0,1944,470,0.8001626
731,/Volumes/SmithL0/2026/BIOL470/Final/Learning_Rig/bee_0408_2/bee_0408_2_fwd_blue_accident/cam1_2026-04-08_17-44-01.mp4,1721.0,241.0,1486,0,1956,482,0.7945017
732,/Volumes/SmithL0/2026/BIOL470/Final/Learning_Rig/bee_0408_2/bee_0408_2_fwd_blue_accident/cam1_2026-04-08_17-44-01.mp4,1712.0,235.5,1479,0,1945,471,0.7996388
733,/Volumes/SmithL0/2026/BIOL470/Final/Learning_Rig/bee_0408_2/bee_0408_2_fwd_blue_accident/cam1_2026-04-08_17-44-01.mp4,1725.0,241.0,1492,0,1958,482,0.7971132
734,/Volumes/SmithL0/2026/BIOL470/Final/Learning_Rig/bee_0408_2/bee_0408_2_fwd_blue_accident/cam1_2026-04-08_17-44-01.mp4,1713.5,236.5,1481,1,1946,472,0.80211157
735,/Volumes/SmithL0/2026/BIOL470/Final/Learning_Rig/bee_0408_2/bee_0408_2_fwd_blue_accident/cam1_2026-04-08_17-44-01.mp4,1722.5,241.5,1487,0,1958,483,0.7997242
736,/Volumes/SmithL0/2026/BIOL470/Final/Learning_Rig/bee_0408_2/bee_0408_2_fwd_blue_accident/cam1_2026-04-08_17-44-01.mp4,1721.0,241.0,1486,0,1956,482,0.8009799
737,/Volumes/SmithL0/2026/BIOL470/Final/Learning_Rig/bee_0408_2/bee_0408_2_fwd_blue_accident/cam1_2026-04-08_17-44-01.mp4,1722.0,241.0,1487,0,1957,482,0.79883456
738,/Volumes/SmithL0/2026/BIOL470/Final/Learning_Rig/bee_0408_2/bee_0408_2_fwd_blue_accident/cam1_2026-04-08_17-44-01.mp4,1709.0,235.0,1473,0,1945,470,0.8038676
739,/Volumes/SmithL0/2026/BIOL470/Final/Learning_Rig/bee_0408_2/bee_0408_2_fwd_blue_accident/cam1_2026-04-08_17-44-01.mp4,1710.5,235.0,1477,0,1944,470,0.8016597
740,/Volumes/SmithL0/2026/BIOL470/Final/Learning_Rig/bee_0408_2/bee_0408_2_fwd_blue_accident/cam1_2026-04-08_17-44-01.mp4,1710.0,235.5,1476,0,1944,471,0.8019435
741,/Volumes/SmithL0/2026/BIOL470/Final/Learning_Rig/bee_0408_2/bee_0408_2_fwd_blue_accident/cam1_2026-04-08_17-44-01.mp4,1710.0,236.0,1475,0,1945,472,0.7955382
742,/Volumes/SmithL0/2026/BIOL470/Final/Learning_Rig/bee_0408_2/bee_0408_2_fwd_blue_accident/cam1_2026-04-08_17-44-01.mp4,1710.5,236.0,1476,0,1945,472,0.79768616
743,/Volumes/SmithL0/2026/BIOL470/Final/Learning_Rig/bee_0408_2/bee_0408_2_fwd_blue_accident/cam1_2026-04-08_17-44-01.mp4,1719.5,241.0,1482,0,1957,482,0.797743
744,/Volumes/SmithL0/2026/BIOL470/Final/Learning_Rig/bee_0408_2/bee_0408_2_fwd_blue_accident/cam1_2026-04-08_17-44-01.mp4,1708.0,235.5,1471,0,1945,471,0.7985177
745,/Volumes/SmithL0/2026/BIOL470/Final/Learning_Rig/bee_0408_2/bee_0408_2_fwd_blue_accident/cam1_2026-04-08_17-44-01.mp4,1708.5,235.0,1472,0,1945,470,0.7988423
746,/Volumes/SmithL0/2026/BIOL470/Final/Learning_Rig/bee_0408_2/bee_0408_2_fwd_blue_accident/cam1_2026-04-08_17-44-01.mp4,1720.5,241.5,1484,0,1957,483,0.796411
747,/Volumes/SmithL0/2026/BIOL470/Final/Learning_Rig/bee_0408_2/bee_0408_2_fwd_blue_accident/cam1_2026-04-08_17-44-01.mp4,1721.0,241.0,1485,0,1957,482,0.79143995
748,/Volumes/SmithL0/2026/BIOL470/Final/Learning_Rig/bee_0408_2/bee_0408_2_fwd_blue_accident/cam1_2026-04-08_17-44-01.mp4,1719.0,240.5,1482,0,1956,481,0.7944803
749,/Volumes/SmithL0/2026/BIOL470/Final/Learning_Rig/bee_0408_2/bee_0408_2_fwd_blue_accident/cam1_2026-04-08_17-44-01.mp4,1708.0,235.5,1473,0,1943,471,0.79809445
750,/Volumes/SmithL0/2026/BIOL470/Final/Learning_Rig/bee_0408_2/bee_0408_2_fwd_blue_accident/cam1_2026-04-08_17-44-01.mp4,1709.5,235.0,1476,0,1943,470,0.7982953
751,/Volumes/SmithL0/2026/BIOL470/Final/Learning_Rig/bee_0408_2/bee_0408_2_fwd_blue_accident/cam1_2026-04-08_17-44-01.mp4,1712.5,235.0,1481,0,1944,470,0.7976082
752,/Volumes/SmithL0/2026/BIOL470/Final/Learning_Rig/bee_0408_2/bee_0408_2_fwd_blue_accident/cam1_2026-04-08_17-44-01.mp4,1712.0,235.0,1480,1,1944,469,0.804208
753,/Volumes/SmithL0/2026/BIOL470/Final/Learning_Rig/bee_0408_2/bee_0408_2_fwd_blue_accident/cam1_2026-04-08_17-44-01.mp4,1708.5,235.5,1474,1,1943,470,0.80010605
754,/Volumes/SmithL0/2026/BIOL470/Final/Learning_Rig/bee_0408_2/bee_0408_2_fwd_blue_accident/cam1_2026-04-08_17-44-01.mp4,1709.5,236.0,1477,1,1942,471,0.79870707
755,/Volumes/SmithL0/2026/BIOL470/Final/Learning_Rig/bee_0408_2/bee_0408_2_fwd_blue_accident/cam1_2026-04-08_17-44-01.mp4,1720.0,241.5,1485,0,1955,483,0.7931262
756,/Volumes/SmithL0/2026/BIOL470/Final/Learning_Rig/bee_0408_2/bee_0408_2_fwd_blue_accident/cam1_2026-04-08_17-44-01.mp4,1719.5,241.0,1482,0,1957,482,0.7974968
757,/Volumes/SmithL0/2026/BIOL470/Final/Learning_Rig/bee_0408_2/bee_0408_2_fwd_blue_accident/cam1_2026-04-08_17-44-01.mp4,1718.0,241.5,1478,0,1958,483,0.7979226
758,/Volumes/SmithL0/2026/BIOL470/Final/Learning_Rig/bee_0408_2/bee_0408_2_fwd_blue_accident/cam1_2026-04-08_17-44-01.mp4,1718.0,241.0,1478,0,1958,482,0.79915106
759,/Volumes/SmithL0/2026/BIOL470/Final/Learning_Rig/bee_0408_2/bee_0408_2_fwd_blue_accident/cam1_2026-04-08_17-44-01.mp4,1706.5,236.0,1468,0,1945,472,0.79847854
760,/Volumes/SmithL0/2026/BIOL470/Final/Learning_Rig/bee_0408_2/bee_0408_2_fwd_blue_accident/cam1_2026-04-08_17-44-01.mp4,1707.5,236.0,1472,1,1943,471,0.79579395
761,/Volumes/SmithL0/2026/BIOL470/Final/Learning_Rig/bee_0408_2/bee_0408_2_fwd_blue_accident/cam1_2026-04-08_17-44-01.mp4,1707.5,235.5,1473,0,1942,471,0.8014115
762,/Volumes/SmithL0/2026/BIOL470/Final/Learning_Rig/bee_0408_2/bee_0408_2_fwd_blue_accident/cam1_2026-04-08_17-44-01.mp4,1707.5,235.0,1473,0,1942,470,0.7993608
763,/Volumes/SmithL0/2026/BIOL470/Final/Learning_Rig/bee_0408_2/bee_0408_2_fwd_blue_accident/cam1_2026-04-08_17-44-01.mp4,1707.0,235.5,1469,0,1945,471,0.80002433
764,/Volumes/SmithL0/2026/BIOL470/Final/Learning_Rig/bee_0408_2/bee_0408_2_fwd_blue_accident/cam1_2026-04-08_17-44-01.mp4,1706.0,235.0,1469,0,1943,470,0.8016444
765,/Volumes/SmithL0/2026/BIOL470/Final/Learning_Rig/bee_0408_2/bee_0408_2_fwd_blue_accident/cam1_2026-04-08_17-44-01.mp4,1705.5,235.5,1468,0,1943,471,0.80109847
766,/Volumes/SmithL0/2026/BIOL470/Final/Learning_Rig/bee_0408_2/bee_0408_2_fwd_blue_accident/cam1_2026-04-08_17-44-01.mp4,1706.5,236.0,1470,1,1943,471,0.7998401
767,/Volumes/SmithL0/2026/BIOL470/Final/Learning_Rig/bee_0408_2/bee_0408_2_fwd_blue_accident/cam1_2026-04-08_17-44-01.mp4,1720.0,241.0,1485,0,1955,482,0.8000667
768,/Volumes/SmithL0/2026/BIOL470/Final/Learning_Rig/bee_0408_2/bee_0408_2_fwd_blue_accident/cam1_2026-04-08_17-44-01.mp4,1707.5,235.5,1473,0,1942,471,0.79998094
769,/Volumes/SmithL0/2026/BIOL470/Final/Learning_Rig/bee_0408_2/bee_0408_2_fwd_blue_accident/cam1_2026-04-08_17-44-01.mp4,1708.5,235.5,1472,0,1945,471,0.7952513
770,/Volumes/SmithL0/2026/BIOL470/Final/Learning_Rig/bee_0408_2/bee_0408_2_fwd_blue_accident/cam1_2026-04-08_17-44-01.mp4,1708.0,235.5,1472,0,1944,471,0.7991745
771,/Volumes/SmithL0/2026/BIOL470/Final/Learning_Rig/bee_0408_2/bee_0408_2_fwd_blue_accident/cam1_2026-04-08_17-44-01.mp4,1708.5,235.5,1474,0,1943,471,0.7982612
772,/Volumes/SmithL0/2026/BIOL470/Final/Learning_Rig/bee_0408_2/bee_0408_2_fwd_blue_accident/cam1_2026-04-08_17-44-01.mp4,1709.0,236.0,1473,1,1945,471,0.8036697
773,/Volumes/SmithL0/2026/BIOL470/Final/Learning_Rig/bee_0408_2/bee_0408_2_fwd_blue_accident/cam1_2026-04-08_17-44-01.mp4,1722.0,241.0,1489,0,1955,482,0.80022216
774,/Volumes/SmithL0/2026/BIOL470/Final/Learning_Rig/bee_0408_2/bee_0408_2_fwd_blue_accident/cam1_2026-04-08_17-44-01.mp4,1720.0,240.5,1485,0,1955,481,0.79926693
775,/Volumes/SmithL0/2026/BIOL470/Final/Learning_Rig/bee_0408_2/bee_0408_2_fwd_blue_accident/cam1_2026-04-08_17-44-01.mp4,1710.5,235.0,1477,0,1944,470,0.8039554
776,/Volumes/SmithL0/2026/BIOL470/Final/Learning_Rig/bee_0408_2/bee_0408_2_fwd_blue_accident/cam1_2026-04-08_17-44-01.mp4,1710.0,235.0,1475,0,1945,470,0.8066767
777,/Volumes/SmithL0/2026/BIOL470/Final/Learning_Rig/bee_0408_2/bee_0408_2_fwd_blue_accident/cam1_2026-04-08_17-44-01.mp4,1709.0,235.0,1474,0,1944,470,0.8022324
778,/Volumes/SmithL0/2026/BIOL470/Final/Learning_Rig/bee_0408_2/bee_0408_2_fwd_blue_accident/cam1_2026-04-08_17-44-01.mp4,1709.0,235.0,1474,0,1944,470,0.80122334
779,/Volumes/SmithL0/2026/BIOL470/Final/Learning_Rig/bee_0408_2/bee_0408_2_fwd_blue_accident/cam1_2026-04-08_17-44-01.mp4,1710.5,235.0,1476,0,1945,470,0.7969067
780,/Volumes/SmithL0/2026/BIOL470/Final/Learning_Rig/bee_0408_2/bee_0408_2_fwd_blue_accident/cam1_2026-04-08_17-44-01.mp4,1708.5,235.0,1474,0,1943,470,0.7965561
781,/Volumes/SmithL0/2026/BIOL470/Final/Learning_Rig/bee_0408_2/bee_0408_2_fwd_blue_accident/cam1_2026-04-08_17-44-01.mp4,1709.0,235.0,1476,0,1942,470,0.7993414
782,/Volumes/SmithL0/2026/BIOL470/Final/Learning_Rig/bee_0408_2/bee_0408_2_fwd_blue_accident/cam1_2026-04-08_17-44-01.mp4,1709.0,235.0,1475,0,1943,470,0.7991714
783,/Volumes/SmithL0/2026/BIOL470/Final/Learning_Rig/bee_0408_2/bee_0408_2_fwd_blue_accident/cam1_2026-04-08_17-44-01.mp4,1709.0,235.0,1475,0,1943,470,0.80003035
784,/Volumes/SmithL0/2026/BIOL470/Final/Learning_Rig/bee_0408_2/bee_0408_2_fwd_blue_accident/cam1_2026-04-08_17-44-01.mp4,1709.0,235.0,1474,0,1944,470,0.79849035
785,/Volumes/SmithL0/2026/BIOL470/Final/Learning_Rig/bee_0408_2/bee_0408_2_fwd_blue_accident/cam1_2026-04-08_17-44-01.mp4,1706.0,235.0,1467,0,1945,470,0.79554695
786,/Volumes/SmithL0/2026/BIOL470/Final/Learning_Rig/bee_0408_2/bee_0408_2_fwd_blue_accident/cam1_2026-04-08_17-44-01.mp4,1707.5,235.0,1470,0,1945,470,0.80129385
787,/Volumes/SmithL0/2026/BIOL470/Final/Learning_Rig/bee_0408_2/bee_0408_2_fwd_blue_accident/cam1_2026-04-08_17-44-01.mp4,1708.0,234.5,1472,0,1944,469,0.8022262
788,/Volumes/SmithL0/2026/BIOL470/Final/Learning_Rig/bee_0408_2/bee_0408_2_fwd_blue_accident/cam1_2026-04-08_17-44-01.mp4,1707.0,234.5,1471,0,1943,469,0.80147296
789,/Volumes/SmithL0/2026/BIOL470/Final/Learning_Rig/bee_0408_2/bee_0408_2_fwd_blue_accident/cam1_2026-04-08_17-44-01.mp4,1708.5,235.5,1474,1,1943,470,0.80186146
790,/Volumes/SmithL0/2026/BIOL470/Final/Learning_Rig/bee_0408_2/bee_0408_2_fwd_blue_accident/cam1_2026-04-08_17-44-01.mp4,1709.5,236.0,1475,0,1944,472,0.8002167
791,/Volumes/SmithL0/2026/BIOL470/Final/Learning_Rig/bee_0408_2/bee_0408_2_fwd_blue_accident/cam1_2026-04-08_17-44-01.mp4,1706.5,235.0,1471,0,1942,470,0.7999352
792,/Volumes/SmithL0/2026/BIOL470/Final/Learning_Rig/bee_0408_2/bee_0408_2_fwd_blue_accident/cam1_2026-04-08_17-44-01.mp4,1705.5,236.5,1468,0,1943,473,0.7937802
793,/Volumes/SmithL0/2026/BIOL470/Final/Learning_Rig/bee_0408_2/bee_0408_2_fwd_blue_accident/cam1_2026-04-08_17-44-01.mp4,1719.5,241.0,1483,0,1956,482,0.79204136
794,/Volumes/SmithL0/2026/BIOL470/Final/Learning_Rig/bee_0408_2/bee_0408_2_fwd_blue_accident/cam1_2026-04-08_17-44-01.mp4,1707.0,236.0,1471,0,1943,472,0.78918546
795,/Volumes/SmithL0/2026/BIOL470/Final/Learning_Rig/bee_0408_2/bee_0408_2_fwd_blue_accident/cam1_2026-04-08_17-44-01.mp4,1708.5,236.0,1473,0,1944,472,0.7980779
796,/Volumes/SmithL0/2026/BIOL470/Final/Learning_Rig/bee_0408_2/bee_0408_2_fwd_blue_accident/cam1_2026-04-08_17-44-01.mp4,1708.0,235.5,1473,0,1943,471,0.8044723
797,/Volumes/SmithL0/2026/BIOL470/Final/Learning_Rig/bee_0408_2/bee_0408_2_fwd_blue_accident/cam1_2026-04-08_17-44-01.mp4,1709.5,235.5,1475,0,1944,471,0.8062287
798,/Volumes/SmithL0/2026/BIOL470/Final/Learning_Rig/bee_0408_2/bee_0408_2_fwd_blue_accident/cam1_2026-04-08_17-44-01.mp4,1710.0,235.0,1477,0,1943,470,0.8049061
799,/Volumes/SmithL0/2026/BIOL470/Final/Learning_Rig/bee_0408_2/bee_0408_2_fwd_blue_accident/cam1_2026-04-08_17-44-01.mp4,1708.5,235.0,1474,0,1943,470,0.8004342
800,/Volumes/SmithL0/2026/BIOL470/Final/Learning_Rig/bee_0408_2/bee_0408_2_fwd_blue_accident/cam1_2026-04-08_17-44-01.mp4,1709.0,235.5,1474,0,1944,471,0.8005336
801,/Volumes/SmithL0/2026/BIOL470/Final/Learning_Rig/bee_0408_2/bee_0408_2_fwd_blue_accident/cam1_2026-04-08_17-44-01.mp4,1709.0,235.5,1475,0,1943,471,0.7937298
802,/Volumes/SmithL0/2026/BIOL470/Final/Learning_Rig/bee_0408_2/bee_0408_2_fwd_blue_accident/cam1_2026-04-08_17-44-01.mp4,1707.5,235.5,1474,0,1941,471,0.7966309
803,/Volumes/SmithL0/2026/BIOL470/Final/Learning_Rig/bee_0408_2/bee_0408_2_fwd_blue_accident/cam1_2026-04-08_17-44-01.mp4,1708.0,235.5,1472,0,1944,471,0.7950782
804,/Volumes/SmithL0/2026/BIOL470/Final/Learning_Rig/bee_0408_2/bee_0408_2_fwd_blue_accident/cam1_2026-04-08_17-44-01.mp4,1709.0,235.5,1475,0,1943,471,0.7983334
805,/Volumes/SmithL0/2026/BIOL470/Final/Learning_Rig/bee_0408_2/bee_0408_2_fwd_blue_accident/cam1_2026-04-08_17-44-01.mp4,1721.0,240.5,1486,0,1956,481,0.7906162
806,/Volumes/SmithL0/2026/BIOL470/Final/Learning_Rig/bee_0408_2/bee_0408_2_fwd_blue_accident/cam1_2026-04-08_17-44-01.mp4,1710.5,236.0,1478,0,1943,472,0.7937482
807,/Volumes/SmithL0/2026/BIOL470/Final/Learning_Rig/bee_0408_2/bee_0408_2_fwd_blue_accident/cam1_2026-04-08_17-44-01.mp4,1709.5,236.0,1475,0,1944,472,0.795638
808,/Volumes/SmithL0/2026/BIOL470/Final/Learning_Rig/bee_0408_2/bee_0408_2_fwd_blue_accident/cam1_2026-04-08_17-44-01.mp4,1708.5,235.5,1473,0,1944,471,0.8012555
809,/Volumes/SmithL0/2026/BIOL470/Final/Learning_Rig/bee_0408_2/bee_0408_2_fwd_blue_accident/cam1_2026-04-08_17-44-01.mp4,1709.0,236.0,1473,0,1945,472,0.8022724
810,/Volumes/SmithL0/2026/BIOL470/Final/Learning_Rig/bee_0408_2/bee_0408_2_fwd_blue_accident/cam1_2026-04-08_17-44-01.mp4,1711.5,235.0,1480,0,1943,470,0.80544204
811,/Volumes/SmithL0/2026/BIOL470/Final/Learning_Rig/bee_0408_2/bee_0408_2_fwd_blue_accident/cam1_2026-04-08_17-44-01.mp4,1711.0,234.5,1479,0,1943,469,0.8062781
812,/Volumes/SmithL0/2026/BIOL470/Final/Learning_Rig/bee_0408_2/bee_0408_2_fwd_blue_accident/cam1_2026-04-08_17-44-01.mp4,1713.0,234.5,1482,0,1944,469,0.8084137
813,/Volumes/SmithL0/2026/BIOL470/Final/Learning_Rig/bee_0408_2/bee_0408_2_fwd_blue_accident/cam1_2026-04-08_17-44-01.mp4,1710.0,234.5,1475,0,1945,469,0.80676734
814,/Volumes/SmithL0/2026/BIOL470/Final/Learning_Rig/bee_0408_2/bee_0408_2_fwd_blue_accident/cam1_2026-04-08_17-44-01.mp4,1712.5,235.5,1479,0,1946,471,0.8026657
815,/Volumes/SmithL0/2026/BIOL470/Final/Learning_Rig/bee_0408_2/bee_0408_2_fwd_blue_accident/cam1_2026-04-08_17-44-01.mp4,1711.5,236.0,1477,0,1946,472,0.8010118
816,/Volumes/SmithL0/2026/BIOL470/Final/Learning_Rig/bee_0408_2/bee_0408_2_fwd_blue_accident/cam1_2026-04-08_17-44-01.mp4,1710.0,235.5,1475,0,1945,471,0.79693276
817,/Volumes/SmithL0/2026/BIOL470/Final/Learning_Rig/bee_0408_2/bee_0408_2_fwd_blue_accident/cam1_2026-04-08_17-44-01.mp4,1708.0,235.0,1474,0,1942,470,0.8027508
818,/Volumes/SmithL0/2026/BIOL470/Final/Learning_Rig/bee_0408_2/bee_0408_2_fwd_blue_accident/cam1_2026-04-08_17-44-01.mp4,1707.5,235.0,1472,0,1943,470,0.79891574
819,/Volumes/SmithL0/2026/BIOL470/Final/Learning_Rig/bee_0408_2/bee_0408_2_fwd_blue_accident/cam1_2026-04-08_17-44-01.mp4,1709.0,235.0,1474,0,1944,470,0.79795855
820,/Volumes/SmithL0/2026/BIOL470/Final/Learning_Rig/bee_0408_2/bee_0408_2_fwd_blue_accident/cam1_2026-04-08_17-44-01.mp4,1710.0,235.5,1478,1,1942,470,0.79881525
821,/Volumes/SmithL0/2026/BIOL470/Final/Learning_Rig/bee_0408_2/bee_0408_2_fwd_blue_accident/cam1_2026-04-08_17-44-01.mp4,1710.0,235.0,1479,0,1941,470,0.79521984
822,/Volumes/SmithL0/2026/BIOL470/Final/Learning_Rig/bee_0408_2/bee_0408_2_fwd_blue_accident/cam1_2026-04-08_17-44-01.mp4,1711.5,234.5,1482,0,1941,469,0.8030908
823,/Volumes/SmithL0/2026/BIOL470/Final/Learning_Rig/bee_0408_2/bee_0408_2_fwd_blue_accident/cam1_2026-04-08_17-44-01.mp4,1711.0,234.5,1480,0,1942,469,0.8045878
824,/Volumes/SmithL0/2026/BIOL470/Final/Learning_Rig/bee_0408_2/bee_0408_2_fwd_blue_accident/cam1_2026-04-08_17-44-01.mp4,1708.5,235.0,1475,0,1942,470,0.802626
825,/Volumes/SmithL0/2026/BIOL470/Final/Learning_Rig/bee_0408_2/bee_0408_2_fwd_blue_accident/cam1_2026-04-08_17-44-01.mp4,1709.5,235.0,1477,0,1942,470,0.80307615
826,/Volumes/SmithL0/2026/BIOL470/Final/Learning_Rig/bee_0408_2/bee_0408_2_fwd_blue_accident/cam1_2026-04-08_17-44-01.mp4,1709.5,235.5,1477,0,1942,471,0.8029629
827,/Volumes/SmithL0/2026/BIOL470/Final/Learning_Rig/bee_0408_2/bee_0408_2_fwd_blue_accident/cam1_2026-04-08_17-44-01.mp4,1709.0,236.5,1476,0,1942,473,0.79791546
828,/Volumes/SmithL0/2026/BIOL470/Final/Learning_Rig/bee_0408_2/bee_0408_2_fwd_blue_accident/cam1_2026-04-08_17-44-01.mp4,1708.5,235.5,1473,0,1944,471,0.79971904
829,/Volumes/SmithL0/2026/BIOL470/Final/Learning_Rig/bee_0408_2/bee_0408_2_fwd_blue_accident/cam1_2026-04-08_17-44-01.mp4,1708.5,235.0,1474,0,1943,470,0.8007942
830,/Volumes/SmithL0/2026/BIOL470/Final/Learning_Rig/bee_0408_2/bee_0408_2_fwd_blue_accident/cam1_2026-04-08_17-44-01.mp4,1709.0,235.0,1475,0,1943,470,0.80401474
831,/Volumes/SmithL0/2026/BIOL470/Final/Learning_Rig/bee_0408_2/bee_0408_2_fwd_blue_accident/cam1_2026-04-08_17-44-01.mp4,1711.0,234.5,1479,0,1943,469,0.8015087
832,/Volumes/SmithL0/2026/BIOL470/Final/Learning_Rig/bee_0408_2/bee_0408_2_fwd_blue_accident/cam1_2026-04-08_17-44-01.mp4,1714.0,234.5,1483,0,1945,469,0.80307513
833,/Volumes/SmithL0/2026/BIOL470/Final/Learning_Rig/bee_0408_2/bee_0408_2_fwd_blue_accident/cam1_2026-04-08_17-44-01.mp4,1710.5,234.5,1478,0,1943,469,0.8003013
834,/Volumes/SmithL0/2026/BIOL470/Final/Learning_Rig/bee_0408_2/bee_0408_2_fwd_blue_accident/cam1_2026-04-08_17-44-01.mp4,1709.5,234.0,1475,0,1944,468,0.80626374
835,/Volumes/SmithL0/2026/BIOL470/Final/Learning_Rig/bee_0408_2/bee_0408_2_fwd_blue_accident/cam1_2026-04-08_17-44-01.mp4,1708.0,234.5,1471,0,1945,469,0.80371183
836,/Volumes/SmithL0/2026/BIOL470/Final/Learning_Rig/bee_0408_2/bee_0408_2_fwd_blue_accident/cam1_2026-04-08_17-44-01.mp4,1708.5,233.5,1472,0,1945,467,0.8074867
837,/Volumes/SmithL0/2026/BIOL470/Final/Learning_Rig/bee_0408_2/bee_0408_2_fwd_blue_accident/cam1_2026-04-08_17-44-01.mp4,1709.5,234.5,1474,0,1945,469,0.8043527
838,/Volumes/SmithL0/2026/BIOL470/Final/Learning_Rig/bee_0408_2/bee_0408_2_fwd_blue_accident/cam1_2026-04-08_17-44-01.mp4,1712.0,234.5,1479,0,1945,469,0.80488575
839,/Volumes/SmithL0/2026/BIOL470/Final/Learning_Rig/bee_0408_2/bee_0408_2_fwd_blue_accident/cam1_2026-04-08_17-44-01.mp4,1709.5,235.0,1476,0,1943,470,0.8003854
840,/Volumes/SmithL0/2026/BIOL470/Final/Learning_Rig/bee_0408_2/bee_0408_2_fwd_blue_accident/cam1_2026-04-08_17-44-01.mp4,1720.0,241.0,1484,0,1956,482,0.79570323
841,/Volumes/SmithL0/2026/BIOL470/Final/Learning_Rig/bee_0408_2/bee_0408_2_fwd_blue_accident/cam1_2026-04-08_17-44-01.mp4,1719.0,240.5,1482,0,1956,481,0.79440963
842,/Volumes/SmithL0/2026/BIOL470/Final/Learning_Rig/bee_0408_2/bee_0408_2_fwd_blue_accident/cam1_2026-04-08_17-44-01.mp4,1707.0,235.5,1471,0,1943,471,0.7972387
843,/Volumes/SmithL0/2026/BIOL470/Final/Learning_Rig/bee_0408_2/bee_0408_2_fwd_blue_accident/cam1_2026-04-08_17-44-01.mp4,1706.0,234.5,1471,0,1941,469,0.8019096
844,/Volumes/SmithL0/2026/BIOL470/Final/Learning_Rig/bee_0408_2/bee_0408_2_fwd_blue_accident/cam1_2026-04-08_17-44-01.mp4,1707.5,235.0,1472,0,1943,470,0.8012112
845,/Volumes/SmithL0/2026/BIOL470/Final/Learning_Rig/bee_0408_2/bee_0408_2_fwd_blue_accident/cam1_2026-04-08_17-44-01.mp4,1708.5,235.0,1475,0,1942,470,0.79858565
846,/Volumes/SmithL0/2026/BIOL470/Final/Learning_Rig/bee_0408_2/bee_0408_2_fwd_blue_accident/cam1_2026-04-08_17-44-01.mp4,1707.5,234.5,1471,0,1944,469,0.8003043
847,/Volumes/SmithL0/2026/BIOL470/Final/Learning_Rig/bee_0408_2/bee_0408_2_fwd_blue_accident/cam1_2026-04-08_17-44-01.mp4,1708.0,235.5,1472,0,1944,471,0.7973715
848,/Volumes/SmithL0/2026/BIOL470/Final/Learning_Rig/bee_0408_2/bee_0408_2_fwd_blue_accident/cam1_2026-04-08_17-44-01.mp4,1708.0,235.0,1473,0,1943,470,0.79817057
849,/Volumes/SmithL0/2026/BIOL470/Final/Learning_Rig/bee_0408_2/bee_0408_2_fwd_blue_accident/cam1_2026-04-08_17-44-01.mp4,1709.0,235.0,1475,0,1943,470,0.79691833
850,/Volumes/SmithL0/2026/BIOL470/Final/Learning_Rig/bee_0408_2/bee_0408_2_fwd_blue_accident/cam1_2026-04-08_17-44-01.mp4,1708.5,235.0,1474,0,1943,470,0.7996002
851,/Volumes/SmithL0/2026/BIOL470/Final/Learning_Rig/bee_0408_2/bee_0408_2_fwd_blue_accident/cam1_2026-04-08_17-44-01.mp4,1709.0,235.0,1475,0,1943,470,0.80600864
852,/Volumes/SmithL0/2026/BIOL470/Final/Learning_Rig/bee_0408_2/bee_0408_2_fwd_blue_accident/cam1_2026-04-08_17-44-01.mp4,1710.5,235.0,1477,0,1944,470,0.80771124
853,/Volumes/SmithL0/2026/BIOL470/Final/Learning_Rig/bee_0408_2/bee_0408_2_fwd_blue_accident/cam1_2026-04-08_17-44-01.mp4,1709.0,235.5,1475,0,1943,471,0.8016761
854,/Volumes/SmithL0/2026/BIOL470/Final/Learning_Rig/bee_0408_2/bee_0408_2_fwd_blue_accident/cam1_2026-04-08_17-44-01.mp4,1708.0,236.0,1474,1,1942,471,0.8006784
855,/Volumes/SmithL0/2026/BIOL470/Final/Learning_Rig/bee_0408_2/bee_0408_2_fwd_blue_accident/cam1_2026-04-08_17-44-01.mp4,1709.0,236.0,1475,0,1943,472,0.80077034
856,/Volumes/SmithL0/2026/BIOL470/Final/Learning_Rig/bee_0408_2/bee_0408_2_fwd_blue_accident/cam1_2026-04-08_17-44-01.mp4,1708.5,235.5,1475,0,1942,471,0.7993123
857,/Volumes/SmithL0/2026/BIOL470/Final/Learning_Rig/bee_0408_2/bee_0408_2_fwd_blue_accident/cam1_2026-04-08_17-44-01.mp4,1710.5,236.0,1479,0,1942,472,0.8011449
858,/Volumes/SmithL0/2026/BIOL470/Final/Learning_Rig/bee_0408_2/bee_0408_2_fwd_blue_accident/cam1_2026-04-08_17-44-01.mp4,1712.0,236.0,1480,0,1944,472,0.80306554
859,/Volumes/SmithL0/2026/BIOL470/Final/Learning_Rig/bee_0408_2/bee_0408_2_fwd_blue_accident/cam1_2026-04-08_17-44-01.mp4,1710.5,235.5,1478,0,1943,471,0.80124295
860,/Volumes/SmithL0/2026/BIOL470/Final/Learning_Rig/bee_0408_2/bee_0408_2_fwd_blue_accident/cam1_2026-04-08_17-44-01.mp4,1711.5,236.0,1479,0,1944,472,0.79626846
861,/Volumes/SmithL0/2026/BIOL470/Final/Learning_Rig/bee_0408_2/bee_0408_2_fwd_blue_accident/cam1_2026-04-08_17-44-01.mp4,1711.0,235.5,1477,0,1945,471,0.80134773
862,/Volumes/SmithL0/2026/BIOL470/Final/Learning_Rig/bee_0408_2/bee_0408_2_fwd_blue_accident/cam1_2026-04-08_17-44-01.mp4,1711.0,235.0,1477,0,1945,470,0.80383974
863,/Volumes/SmithL0/2026/BIOL470/Final/Learning_Rig/bee_0408_2/bee_0408_2_fwd_blue_accident/cam1_2026-04-08_17-44-01.mp4,1708.5,236.0,1473,0,1944,472,0.7974839
864,/Volumes/SmithL0/2026/BIOL470/Final/Learning_Rig/bee_0408_2/bee_0408_2_fwd_blue_accident/cam1_2026-04-08_17-44-01.mp4,1711.0,235.5,1478,0,1944,471,0.79517764
865,/Volumes/SmithL0/2026/BIOL470/Final/Learning_Rig/bee_0408_2/bee_0408_2_fwd_blue_accident/cam1_2026-04-08_17-44-01.mp4,1710.5,235.5,1476,1,1945,470,0.7961809
866,/Volumes/SmithL0/2026/BIOL470/Final/Learning_Rig/bee_0408_2/bee_0408_2_fwd_blue_accident/cam1_2026-04-08_17-44-01.mp4,1710.5,235.5,1477,1,1944,470,0.79983014
867,/Volumes/SmithL0/2026/BIOL470/Final/Learning_Rig/bee_0408_2/bee_0408_2_fwd_blue_accident/cam1_2026-04-08_17-44-01.mp4,1711.0,235.5,1479,0,1943,471,0.8049203
868,/Volumes/SmithL0/2026/BIOL470/Final/Learning_Rig/bee_0408_2/bee_0408_2_fwd_blue_accident/cam1_2026-04-08_17-44-01.mp4,1710.0,235.5,1477,0,1943,471,0.80443496
869,/Volumes/SmithL0/2026/BIOL470/Final/Learning_Rig/bee_0408_2/bee_0408_2_fwd_blue_accident/cam1_2026-04-08_17-44-01.mp4,1710.5,236.0,1477,1,1944,471,0.80356354
870,/Volumes/SmithL0/2026/BIOL470/Final/Learning_Rig/bee_0408_2/bee_0408_2_fwd_blue_accident/cam1_2026-04-08_17-44-01.mp4,1710.0,235.0,1475,0,1945,470,0.8052142
871,/Volumes/SmithL0/2026/BIOL470/Final/Learning_Rig/bee_0408_2/bee_0408_2_fwd_blue_accident/cam1_2026-04-08_17-44-01.mp4,1707.5,235.5,1470,0,1945,471,0.7965606
872,/Volumes/SmithL0/2026/BIOL470/Final/Learning_Rig/bee_0408_2/bee_0408_2_fwd_blue_accident/cam1_2026-04-08_17-44-01.mp4,1708.5,235.5,1473,1,1944,470,0.8051138
873,/Volumes/SmithL0/2026/BIOL470/Final/Learning_Rig/bee_0408_2/bee_0408_2_fwd_blue_accident/cam1_2026-04-08_17-44-01.mp4,1709.5,235.0,1476,0,1943,470,0.8019813
874,/Volumes/SmithL0/2026/BIOL470/Final/Learning_Rig/bee_0408_2/bee_0408_2_fwd_blue_accident/cam1_2026-04-08_17-44-01.mp4,1708.5,235.0,1474,0,1943,470,0.80003685
875,/Volumes/SmithL0/2026/BIOL470/Final/Learning_Rig/bee_0408_2/bee_0408_2_fwd_blue_accident/cam1_2026-04-08_17-44-01.mp4,1708.5,236.0,1475,1,1942,471,0.79656905
876,/Volumes/SmithL0/2026/BIOL470/Final/Learning_Rig/bee_0408_2/bee_0408_2_fwd_blue_accident/cam1_2026-04-08_17-44-01.mp4,1707.5,236.0,1473,0,1942,472,0.79542214
877,/Volumes/SmithL0/2026/BIOL470/Final/Learning_Rig/bee_0408_2/bee_0408_2_fwd_blue_accident/cam1_2026-04-08_17-44-01.mp4,1711.0,236.5,1479,2,1943,471,0.79216117
878,/Volumes/SmithL0/2026/BIOL470/Final/Learning_Rig/bee_0408_2/bee_0408_2_fwd_blue_accident/cam1_2026-04-08_17-44-01.mp4,1721.0,240.0,1486,0,1956,480,0.79228103
879,/Volumes/SmithL0/2026/BIOL470/Final/Learning_Rig/bee_0408_2/bee_0408_2_fwd_blue_accident/cam1_2026-04-08_17-44-01.mp4,1708.5,235.0,1474,0,1943,470,0.7984509
880,/Volumes/SmithL0/2026/BIOL470/Final/Learning_Rig/bee_0408_2/bee_0408_2_fwd_blue_accident/cam1_2026-04-08_17-44-01.mp4,1718.0,240.5,1484,0,1952,481,0.79544103
881,/Volumes/SmithL0/2026/BIOL470/Final/Learning_Rig/bee_0408_2/bee_0408_2_fwd_blue_accident/cam1_2026-04-08_17-44-01.mp4,1722.0,241.0,1488,0,1956,482,0.79586995
882,/Volumes/SmithL0/2026/BIOL470/Final/Learning_Rig/bee_0408_2/bee_0408_2_fwd_blue_accident/cam1_2026-04-08_17-44-01.mp4,1712.5,235.5,1481,0,1944,471,0.79588705
883,/Volumes/SmithL0/2026/BIOL470/Final/Learning_Rig/bee_0408_2/bee_0408_2_fwd_blue_accident/cam1_2026-04-08_17-44-01.mp4,1710.0,235.5,1477,0,1943,471,0.79883975
884,/Volumes/SmithL0/2026/BIOL470/Final/Learning_Rig/bee_0408_2/bee_0408_2_fwd_blue_accident/cam1_2026-04-08_17-44-01.mp4,1710.0,235.0,1477,0,1943,470,0.8020235
885,/Volumes/SmithL0/2026/BIOL470/Final/Learning_Rig/bee_0408_2/bee_0408_2_fwd_blue_accident/cam1_2026-04-08_17-44-01.mp4,1722.5,240.5,1489,0,1956,481,0.79435146
886,/Volumes/SmithL0/2026/BIOL470/Final/Learning_Rig/bee_0408_2/bee_0408_2_fwd_blue_accident/cam1_2026-04-08_17-44-01.mp4,1709.0,235.5,1475,0,1943,471,0.7948509
887,/Volumes/SmithL0/2026/BIOL470/Final/Learning_Rig/bee_0408_2/bee_0408_2_fwd_blue_accident/cam1_2026-04-08_17-44-01.mp4,1709.0,235.0,1475,0,1943,470,0.79991275
888,/Volumes/SmithL0/2026/BIOL470/Final/Learning_Rig/bee_0408_2/bee_0408_2_fwd_blue_accident/cam1_2026-04-08_17-44-01.mp4,1711.0,235.5,1478,0,1944,471,0.80101424
889,/Volumes/SmithL0/2026/BIOL470/Final/Learning_Rig/bee_0408_2/bee_0408_2_fwd_blue_accident/cam1_2026-04-08_17-44-01.mp4,1708.0,235.0,1471,0,1945,470,0.7993976
890,/Volumes/SmithL0/2026/BIOL470/Final/Learning_Rig/bee_0408_2/bee_0408_2_fwd_blue_accident/cam1_2026-04-08_17-44-01.mp4,1710.0,234.5,1474,0,1946,469,0.80382895
891,/Volumes/SmithL0/2026/BIOL470/Final/Learning_Rig/bee_0408_2/bee_0408_2_fwd_blue_accident/cam1_2026-04-08_17-44-01.mp4,1711.5,234.5,1478,0,1945,469,0.80526334
892,/Volumes/SmithL0/2026/BIOL470/Final/Learning_Rig/bee_0408_2/bee_0408_2_fwd_blue_accident/cam1_2026-04-08_17-44-01.mp4,1711.0,235.0,1477,0,1945,470,0.803764
893,/Volumes/SmithL0/2026/BIOL470/Final/Learning_Rig/bee_0408_2/bee_0408_2_fwd_blue_accident/cam1_2026-04-08_17-44-01.mp4,1711.0,234.5,1478,0,1944,469,0.8066989
894,/Volumes/SmithL0/2026/BIOL470/Final/Learning_Rig/bee_0408_2/bee_0408_2_fwd_blue_accident/cam1_2026-04-08_17-44-01.mp4,1710.5,235.0,1477,0,1944,470,0.7975522
895,/Volumes/SmithL0/2026/BIOL470/Final/Learning_Rig/bee_0408_2/bee_0408_2_fwd_blue_accident/cam1_2026-04-08_17-44-01.mp4,1711.0,235.0,1477,0,1945,470,0.8012441
896,/Volumes/SmithL0/2026/BIOL470/Final/Learning_Rig/bee_0408_2/bee_0408_2_fwd_blue_accident/cam1_2026-04-08_17-44-01.mp4,1709.5,234.5,1474,0,1945,469,0.7998829
897,/Volumes/SmithL0/2026/BIOL470/Final/Learning_Rig/bee_0408_2/bee_0408_2_fwd_blue_accident/cam1_2026-04-08_17-44-01.mp4,1707.5,235.0,1470,0,1945,470,0.7986321
898,/Volumes/SmithL0/2026/BIOL470/Final/Learning_Rig/bee_0408_2/bee_0408_2_fwd_blue_accident/cam1_2026-04-08_17-44-01.mp4,1707.0,235.5,1469,1,1945,470,0.7958653
899,/Volumes/SmithL0/2026/BIOL470/Final/Learning_Rig/bee_0408_2/bee_0408_2_fwd_blue_accident/cam1_2026-04-08_17-44-01.mp4,1707.0,235.5,1468,0,1946,471,0.7963648
900,/Volumes/SmithL0/2026/BIOL470/Final/Learning_Rig/bee_0408_2/bee_0408_2_fwd_blue_accident/cam1_2026-04-08_17-44-01.mp4,1708.0,235.5,1472,0,1944,471,0.79499924
901,/Volumes/SmithL0/2026/BIOL470/Final/Learning_Rig/bee_0408_2/bee_0408_2_fwd_blue_accident/cam1_2026-04-08_17-44-01.mp4,1721.0,240.5,1485,0,1957,481,0.7915276
902,/Volumes/SmithL0/2026/BIOL470/Final/Learning_Rig/bee_0408_2/bee_0408_2_fwd_blue_accident/cam1_2026-04-08_17-44-01.mp4,1710.0,235.5,1475,0,1945,471,0.796356
903,/Volumes/SmithL0/2026/BIOL470/Final/Learning_Rig/bee_0408_2/bee_0408_2_fwd_blue_accident/cam1_2026-04-08_17-44-01.mp4,1708.5,235.5,1473,0,1944,471,0.7989323
904,/Volumes/SmithL0/2026/BIOL470/Final/Learning_Rig/bee_0408_2/bee_0408_2_fwd_blue_accident/cam1_2026-04-08_17-44-01.mp4,1709.5,235.0,1476,0,1943,470,0.80236596
905,/Volumes/SmithL0/2026/BIOL470/Final/Learning_Rig/bee_0408_2/bee_0408_2_fwd_blue_accident/cam1_2026-04-08_17-44-01.mp4,1709.5,235.5,1474,0,1945,471,0.8011316
906,/Volumes/SmithL0/2026/BIOL470/Final/Learning_Rig/bee_0408_2/bee_0408_2_fwd_blue_accident/cam1_2026-04-08_17-44-01.mp4,1709.5,235.5,1475,0,1944,471,0.79902655
907,/Volumes/SmithL0/2026/BIOL470/Final/Learning_Rig/bee_0408_2/bee_0408_2_fwd_blue_accident/cam1_2026-04-08_17-44-01.mp4,1709.5,235.5,1475,0,1944,471,0.79834497
908,/Volumes/SmithL0/2026/BIOL470/Final/Learning_Rig/bee_0408_2/bee_0408_2_fwd_blue_accident/cam1_2026-04-08_17-44-01.mp4,1708.5,235.5,1474,0,1943,471,0.799092
909,/Volumes/SmithL0/2026/BIOL470/Final/Learning_Rig/bee_0408_2/bee_0408_2_fwd_blue_accident/cam1_2026-04-08_17-44-01.mp4,1708.0,236.0,1471,0,1945,472,0.794085
910,/Volumes/SmithL0/2026/BIOL470/Final/Learning_Rig/bee_0408_2/bee_0408_2_fwd_blue_accident/cam1_2026-04-08_17-44-01.mp4,1708.5,235.0,1473,0,1944,470,0.7980925
911,/Volumes/SmithL0/2026/BIOL470/Final/Learning_Rig/bee_0408_2/bee_0408_2_fwd_blue_accident/cam1_2026-04-08_17-44-01.mp4,1708.5,235.0,1472,0,1945,470,0.79192716
912,/Volumes/SmithL0/2026/BIOL470/Final/Learning_Rig/bee_0408_2/bee_0408_2_fwd_blue_accident/cam1_2026-04-08_17-44-01.mp4,1710.5,235.5,1477,0,1944,471,0.7906239
913,/Volumes/SmithL0/2026/BIOL470/Final/Learning_Rig/bee_0408_2/bee_0408_2_fwd_blue_accident/cam1_2026-04-08_17-44-01.mp4,1711.0,235.5,1478,0,1944,471,0.7938033
914,/Volumes/SmithL0/2026/BIOL470/Final/Learning_Rig/bee_0408_2/bee_0408_2_fwd_blue_accident/cam1_2026-04-08_17-44-01.mp4,1713.5,235.5,1481,0,1946,471,0.7931519
915,/Volumes/SmithL0/2026/BIOL470/Final/Learning_Rig/bee_0408_2/bee_0408_2_fwd_blue_accident/cam1_2026-04-08_17-44-01.mp4,1711.0,235.5,1477,0,1945,471,0.7972828
916,/Volumes/SmithL0/2026/BIOL470/Final/Learning_Rig/bee_0408_2/bee_0408_2_fwd_blue_accident/cam1_2026-04-08_17-44-01.mp4,1709.0,235.5,1475,0,1943,471,0.80302125
917,/Volumes/SmithL0/2026/BIOL470/Final/Learning_Rig/bee_0408_2/bee_0408_2_fwd_blue_accident/cam1_2026-04-08_17-44-01.mp4,1721.0,241.5,1486,0,1956,483,0.79367125
918,/Volumes/SmithL0/2026/BIOL470/Final/Learning_Rig/bee_0408_2/bee_0408_2_fwd_blue_accident/cam1_2026-04-08_17-44-01.mp4,1707.5,235.0,1472,0,1943,470,0.8005961
919,/Volumes/SmithL0/2026/BIOL470/Final/Learning_Rig/bee_0408_2/bee_0408_2_fwd_blue_accident/cam1_2026-04-08_17-44-01.mp4,1710.5,235.0,1479,0,1942,470,0.802616
920,/Volumes/SmithL0/2026/BIOL470/Final/Learning_Rig/bee_0408_2/bee_0408_2_fwd_blue_accident/cam1_2026-04-08_17-44-01.mp4,1709.0,234.5,1475,0,1943,469,0.8028706
921,/Volumes/SmithL0/2026/BIOL470/Final/Learning_Rig/bee_0408_2/bee_0408_2_fwd_blue_accident/cam1_2026-04-08_17-44-01.mp4,1710.5,234.5,1478,0,1943,469,0.80260783
922,/Volumes/SmithL0/2026/BIOL470/Final/Learning_Rig/bee_0408_2/bee_0408_2_fwd_blue_accident/cam1_2026-04-08_17-44-01.mp4,1708.0,235.0,1475,0,1941,470,0.7985126
923,/Volumes/SmithL0/2026/BIOL470/Final/Learning_Rig/bee_0408_2/bee_0408_2_fwd_blue_accident/cam1_2026-04-08_17-44-01.mp4,1708.5,234.0,1475,0,1942,468,0.8049645
924,/Volumes/SmithL0/2026/BIOL470/Final/Learning_Rig/bee_0408_2/bee_0408_2_fwd_blue_accident/cam1_2026-04-08_17-44-01.mp4,1706.0,235.0,1469,1,1943,469,0.80416137
925,/Volumes/SmithL0/2026/BIOL470/Final/Learning_Rig/bee_0408_2/bee_0408_2_fwd_blue_accident/cam1_2026-04-08_17-44-01.mp4,1718.0,240.0,1482,0,1954,480,0.79654557
926,/Volumes/SmithL0/2026/BIOL470/Final/Learning_Rig/bee_0408_2/bee_0408_2_fwd_blue_accident/cam1_2026-04-08_17-44-01.mp4,1706.5,234.5,1471,1,1942,468,0.80297583
927,/Volumes/SmithL0/2026/BIOL470/Final/Learning_Rig/bee_0408_2/bee_0408_2_fwd_blue_accident/cam1_2026-04-08_17-44-01.mp4,1708.5,235.0,1474,2,1943,468,0.80636734
928,/Volumes/SmithL0/2026/BIOL470/Final/Learning_Rig/bee_0408_2/bee_0408_2_fwd_blue_accident/cam1_2026-04-08_17-44-01.mp4,1707.5,235.5,1472,2,1943,469,0.80429685
929,/Volumes/SmithL0/2026/BIOL470/Final/Learning_Rig/bee_0408_2/bee_0408_2_fwd_blue_accident/cam1_2026-04-08_17-44-01.mp4,1707.5,235.5,1471,2,1944,469,0.8026417
930,/Volumes/SmithL0/2026/BIOL470/Final/Learning_Rig/bee_0408_2/bee_0408_2_fwd_blue_accident/cam1_2026-04-08_17-44-01.mp4,1721.0,240.0,1486,0,1956,480,0.79814184
931,/Volumes/SmithL0/2026/BIOL470/Final/Learning_Rig/bee_0408_2/bee_0408_2_fwd_blue_accident/cam1_2026-04-08_17-44-01.mp4,1710.5,235.5,1477,1,1944,470,0.7972457
932,/Volumes/SmithL0/2026/BIOL470/Final/Learning_Rig/bee_0408_2/bee_0408_2_fwd_blue_accident/cam1_2026-04-08_17-44-01.mp4,1721.0,241.0,1485,0,1957,482,0.7974318
933,/Volumes/SmithL0/2026/BIOL470/Final/Learning_Rig/bee_0408_2/bee_0408_2_fwd_blue_accident/cam1_2026-04-08_17-44-01.mp4,1721.0,241.0,1485,0,1957,482,0.7959189
934,/Volumes/SmithL0/2026/BIOL470/Final/Learning_Rig/bee_0408_2/bee_0408_2_fwd_blue_accident/cam1_2026-04-08_17-44-01.mp4,1708.0,235.0,1476,1,1940,469,0.79942995
935,/Volumes/SmithL0/2026/BIOL470/Final/Learning_Rig/bee_0408_2/bee_0408_2_fwd_blue_accident/cam1_2026-04-08_17-44-01.mp4,1708.5,235.0,1475,0,1942,470,0.7994285
936,/Volumes/SmithL0/2026/BIOL470/Final/Learning_Rig/bee_0408_2/bee_0408_2_fwd_blue_accident/cam1_2026-04-08_17-44-01.mp4,1709.5,235.5,1475,1,1944,470,0.80226904
937,/Volumes/SmithL0/2026/BIOL470/Final/Learning_Rig/bee_0408_2/bee_0408_2_fwd_blue_accident/cam1_2026-04-08_17-44-01.mp4,1709.0,235.0,1475,0,1943,470,0.8011001
938,/Volumes/SmithL0/2026/BIOL470/Final/Learning_Rig/bee_0408_2/bee_0408_2_fwd_blue_accident/cam1_2026-04-08_17-44-01.mp4,1712.0,235.5,1480,0,1944,471,0.8006199
939,/Volumes/SmithL0/2026/BIOL470/Final/Learning_Rig/bee_0408_2/bee_0408_2_fwd_blue_accident/cam1_2026-04-08_17-44-01.mp4,1713.0,236.5,1482,2,1944,471,0.8025647
940,/Volumes/SmithL0/2026/BIOL470/Final/Learning_Rig/bee_0408_2/bee_0408_2_fwd_blue_accident/cam1_2026-04-08_17-44-01.mp4,1712.0,236.0,1480,1,1944,471,0.8026252
941,/Volumes/SmithL0/2026/BIOL470/Final/Learning_Rig/bee_0408_2/bee_0408_2_fwd_blue_accident/cam1_2026-04-08_17-44-01.mp4,1712.0,235.5,1480,1,1944,470,0.8040676
942,/Volumes/SmithL0/2026/BIOL470/Final/Learning_Rig/bee_0408_2/bee_0408_2_fwd_blue_accident/cam1_2026-04-08_17-44-01.mp4,1712.5,235.5,1482,0,1943,471,0.8062266
943,/Volumes/SmithL0/2026/BIOL470/Final/Learning_Rig/bee_0408_2/bee_0408_2_fwd_blue_accident/cam1_2026-04-08_17-44-01.mp4,1709.5,235.0,1476,0,1943,470,0.80365056
944,/Volumes/SmithL0/2026/BIOL470/Final/Learning_Rig/bee_0408_2/bee_0408_2_fwd_blue_accident/cam1_2026-04-08_17-44-01.mp4,1709.0,235.5,1474,0,1944,471,0.80227566
945,/Volumes/SmithL0/2026/BIOL470/Final/Learning_Rig/bee_0408_2/bee_0408_2_fwd_blue_accident/cam1_2026-04-08_17-44-01.mp4,1708.0,235.5,1473,0,1943,471,0.7989308
946,/Volumes/SmithL0/2026/BIOL470/Final/Learning_Rig/bee_0408_2/bee_0408_2_fwd_blue_accident/cam1_2026-04-08_17-44-01.mp4,1710.0,235.5,1475,0,1945,471,0.8023603
947,/Volumes/SmithL0/2026/BIOL470/Final/Learning_Rig/bee_0408_2/bee_0408_2_fwd_blue_accident/cam1_2026-04-08_17-44-01.mp4,1711.5,235.5,1477,0,1946,471,0.80123466
948,/Volumes/SmithL0/2026/BIOL470/Final/Learning_Rig/bee_0408_2/bee_0408_2_fwd_blue_accident/cam1_2026-04-08_17-44-01.mp4,1713.5,235.5,1481,0,1946,471,0.8029542
949,/Volumes/SmithL0/2026/BIOL470/Final/Learning_Rig/bee_0408_2/bee_0408_2_fwd_blue_accident/cam1_2026-04-08_17-44-01.mp4,1708.5,235.5,1471,0,1946,471,0.79170257
950,/Volumes/SmithL0/2026/BIOL470/Final/Learning_Rig/bee_0408_2/bee_0408_2_fwd_blue_accident/cam1_2026-04-08_17-44-01.mp4,1707.5,235.5,1470,0,1945,471,0.7946691
951,/Volumes/SmithL0/2026/BIOL470/Final/Learning_Rig/bee_0408_2/bee_0408_2_fwd_blue_accident/cam1_2026-04-08_17-44-01.mp4,1719.5,240.5,1482,0,1957,481,0.7883431
952,/Volumes/SmithL0/2026/BIOL470/Final/Learning_Rig/bee_0408_2/bee_0408_2_fwd_blue_accident/cam1_2026-04-08_17-44-01.mp4,1706.5,235.5,1469,1,1944,470,0.7953392
953,/Volumes/SmithL0/2026/BIOL470/Final/Learning_Rig/bee_0408_2/bee_0408_2_fwd_blue_accident/cam1_2026-04-08_17-44-01.mp4,1706.0,235.5,1469,1,1943,470,0.79459184
954,/Volumes/SmithL0/2026/BIOL470/Final/Learning_Rig/bee_0408_2/bee_0408_2_fwd_blue_accident/cam1_2026-04-08_17-44-01.mp4,1707.0,235.5,1471,1,1943,470,0.79422987
955,/Volumes/SmithL0/2026/BIOL470/Final/Learning_Rig/bee_0408_2/bee_0408_2_fwd_blue_accident/cam1_2026-04-08_17-44-01.mp4,1708.0,235.5,1473,1,1943,470,0.7977746
956,/Volumes/SmithL0/2026/BIOL470/Final/Learning_Rig/bee_0408_2/bee_0408_2_fwd_blue_accident/cam1_2026-04-08_17-44-01.mp4,1707.5,235.5,1472,2,1943,469,0.80102044
957,/Volumes/SmithL0/2026/BIOL470/Final/Learning_Rig/bee_0408_2/bee_0408_2_fwd_blue_accident/cam1_2026-04-08_17-44-01.mp4,1708.0,234.5,1470,1,1946,468,0.80177325
958,/Volumes/SmithL0/2026/BIOL470/Final/Learning_Rig/bee_0408_2/bee_0408_2_fwd_blue_accident/cam1_2026-04-08_17-44-01.mp4,1709.0,235.0,1474,0,1944,470,0.8014504
959,/Volumes/SmithL0/2026/BIOL470/Final/Learning_Rig/bee_0408_2/bee_0408_2_fwd_blue_accident/cam1_2026-04-08_17-44-01.mp4,1709.0,235.5,1474,1,1944,470,0.800791
960,/Volumes/SmithL0/2026/BIOL470/Final/Learning_Rig/bee_0408_2/bee_0408_2_fwd_blue_accident/cam1_2026-04-08_17-44-01.mp4,1710.5,235.5,1477,1,1944,470,0.8005973
961,/Volumes/SmithL0/2026/BIOL470/Final/Learning_Rig/bee_0408_2/bee_0408_2_fwd_blue_accident/cam1_2026-04-08_17-44-01.mp4,1709.0,235.5,1475,0,1943,471,0.79973346
962,/Volumes/SmithL0/2026/BIOL470/Final/Learning_Rig/bee_0408_2/bee_0408_2_fwd_blue_accident/cam1_2026-04-08_17-44-01.mp4,1721.0,241.0,1485,0,1957,482,0.7967935
963,/Volumes/SmithL0/2026/BIOL470/Final/Learning_Rig/bee_0408_2/bee_0408_2_fwd_blue_accident/cam1_2026-04-08_17-44-01.mp4,1719.0,241.0,1481,0,1957,482,0.7905648
964,/Volumes/SmithL0/2026/BIOL470/Final/Learning_Rig/bee_0408_2/bee_0408_2_fwd_blue_accident/cam1_2026-04-08_17-44-01.mp4,1719.5,241.5,1483,0,1956,483,0.7975358
965,/Volumes/SmithL0/2026/BIOL470/Final/Learning_Rig/bee_0408_2/bee_0408_2_fwd_blue_accident/cam1_2026-04-08_17-44-01.mp4,1719.5,240.5,1482,0,1957,481,0.79456174
966,/Volumes/SmithL0/2026/BIOL470/Final/Learning_Rig/bee_0408_2/bee_0408_2_fwd_blue_accident/cam1_2026-04-08_17-44-01.mp4,1718.5,241.0,1482,0,1955,482,0.7978649
967,/Volumes/SmithL0/2026/BIOL470/Final/Learning_Rig/bee_0408_2/bee_0408_2_fwd_blue_accident/cam1_2026-04-08_17-44-01.mp4,1719.0,240.5,1481,0,1957,481,0.79321724
968,/Volumes/SmithL0/2026/BIOL470/Final/Learning_Rig/bee_0408_2/bee_0408_2_fwd_blue_accident/cam1_2026-04-08_17-44-01.mp4,1706.5,236.0,1470,0,1943,472,0.795405
969,/Volumes/SmithL0/2026/BIOL470/Final/Learning_Rig/bee_0408_2/bee_0408_2_fwd_blue_accident/cam1_2026-04-08_17-44-01.mp4,1708.0,235.5,1472,0,1944,471,0.7976863
970,/Volumes/SmithL0/2026/BIOL470/Final/Learning_Rig/bee_0408_2/bee_0408_2_fwd_blue_accident/cam1_2026-04-08_17-44-01.mp4,1710.5,235.5,1476,0,1945,471,0.7992998
971,/Volumes/SmithL0/2026/BIOL470/Final/Learning_Rig/bee_0408_2/bee_0408_2_fwd_blue_accident/cam1_2026-04-08_17-44-01.mp4,1708.0,235.0,1472,0,1944,470,0.80147505
972,/Volumes/SmithL0/2026/BIOL470/Final/Learning_Rig/bee_0408_2/bee_0408_2_fwd_blue_accident/cam1_2026-04-08_17-44-01.mp4,1708.5,235.5,1473,0,1944,471,0.7986041
973,/Volumes/SmithL0/2026/BIOL470/Final/Learning_Rig/bee_0408_2/bee_0408_2_fwd_blue_accident/cam1_2026-04-08_17-44-01.mp4,1708.5,236.0,1473,0,1944,472,0.7964862
974,/Volumes/SmithL0/2026/BIOL470/Final/Learning_Rig/bee_0408_2/bee_0408_2_fwd_blue_accident/cam1_2026-04-08_17-44-01.mp4,1706.5,236.0,1468,0,1945,472,0.7949072
975,/Volumes/SmithL0/2026/BIOL470/Final/Learning_Rig/bee_0408_2/bee_0408_2_fwd_blue_accident/cam1_2026-04-08_17-44-01.mp4,1708.0,236.0,1470,0,1946,472,0.7967653
976,/Volumes/SmithL0/2026/BIOL470/Final/Learning_Rig/bee_0408_2/bee_0408_2_fwd_blue_accident/cam1_2026-04-08_17-44-01.mp4,1708.0,235.0,1471,0,1945,470,0.8016299
977,/Volumes/SmithL0/2026/BIOL470/Final/Learning_Rig/bee_0408_2/bee_0408_2_fwd_blue_accident/cam1_2026-04-08_17-44-01.mp4,1709.0,234.5,1473,0,1945,469,0.80559546
978,/Volumes/SmithL0/2026/BIOL470/Final/Learning_Rig/bee_0408_2/bee_0408_2_fwd_blue_accident/cam1_2026-04-08_17-44-01.mp4,1707.5,235.0,1470,0,1945,470,0.79944384
979,/Volumes/SmithL0/2026/BIOL470/Final/Learning_Rig/bee_0408_2/bee_0408_2_fwd_blue_accident/cam1_2026-04-08_17-44-01.mp4,1708.0,234.5,1471,0,1945,469,0.8015687
980,/Volumes/SmithL0/2026/BIOL470/Final/Learning_Rig/bee_0408_2/bee_0408_2_fwd_blue_accident/cam1_2026-04-08_17-44-01.mp4,1707.0,235.0,1469,0,1945,470,0.80577904
981,/Volumes/SmithL0/2026/BIOL470/Final/Learning_Rig/bee_0408_2/bee_0408_2_fwd_blue_accident/cam1_2026-04-08_17-44-01.mp4,1710.5,234.5,1477,1,1944,468,0.80535126
982,/Volumes/SmithL0/2026/BIOL470/Final/Learning_Rig/bee_0408_2/bee_0408_2_fwd_blue_accident/cam1_2026-04-08_17-44-01.mp4,1710.5,235.0,1477,1,1944,469,0.8023033
983,/Volumes/SmithL0/2026/BIOL470/Final/Learning_Rig/bee_0408_2/bee_0408_2_fwd_blue_accident/cam1_2026-04-08_17-44-01.mp4,1709.0,235.0,1474,2,1944,468,0.8082142
984,/Volumes/SmithL0/2026/BIOL470/Final/Learning_Rig/bee_0408_2/bee_0408_2_fwd_blue_accident/cam1_2026-04-08_17-44-01.mp4,1718.0,240.5,1479,0,1957,481,0.7979365
985,/Volumes/SmithL0/2026/BIOL470/Final/Learning_Rig/bee_0408_2/bee_0408_2_fwd_blue_accident/cam1_2026-04-08_17-44-01.mp4,1707.0,235.0,1469,0,1945,470,0.8052485
986,/Volumes/SmithL0/2026/BIOL470/Final/Learning_Rig/bee_0408_2/bee_0408_2_fwd_blue_accident/cam1_2026-04-08_17-44-01.mp4,1709.0,235.0,1474,0,1944,470,0.8068776
987,/Volumes/SmithL0/2026/BIOL470/Final/Learning_Rig/bee_0408_2/bee_0408_2_fwd_blue_accident/cam1_2026-04-08_17-44-01.mp4,1710.0,235.0,1477,0,1943,470,0.806444
988,/Volumes/SmithL0/2026/BIOL470/Final/Learning_Rig/bee_0408_2/bee_0408_2_fwd_blue_accident/cam1_2026-04-08_17-44-01.mp4,1710.0,235.0,1477,0,1943,470,0.80720186
989,/Volumes/SmithL0/2026/BIOL470/Final/Learning_Rig/bee_0408_2/bee_0408_2_fwd_blue_accident/cam1_2026-04-08_17-44-01.mp4,1709.5,236.0,1475,0,1944,472,0.8033316
990,/Volumes/SmithL0/2026/BIOL470/Final/Learning_Rig/bee_0408_2/bee_0408_2_fwd_blue_accident/cam1_2026-04-08_17-44-01.mp4,1710.0,236.0,1476,0,1944,472,0.8017746
991,/Volumes/SmithL0/2026/BIOL470/Final/Learning_Rig/bee_0408_2/bee_0408_2_fwd_blue_accident/cam1_2026-04-08_17-44-01.mp4,1708.0,235.5,1474,0,1942,471,0.7962154
992,/Volumes/SmithL0/2026/BIOL470/Final/Learning_Rig/bee_0408_2/bee_0408_2_fwd_blue_accident/cam1_2026-04-08_17-44-01.mp4,1708.5,235.5,1475,0,1942,471,0.8027088
993,/Volumes/SmithL0/2026/BIOL470/Final/Learning_Rig/bee_0408_2/bee_0408_2_fwd_blue_accident/cam1_2026-04-08_17-44-01.mp4,1708.5,236.0,1475,0,1942,472,0.7965616
994,/Volumes/SmithL0/2026/BIOL470/Final/Learning_Rig/bee_0408_2/bee_0408_2_fwd_blue_accident/cam1_2026-04-08_17-44-01.mp4,1709.0,235.5,1477,0,1941,471,0.8002501
995,/Volumes/SmithL0/2026/BIOL470/Final/Learning_Rig/bee_0408_2/bee_0408_2_fwd_blue_accident/cam1_2026-04-08_17-44-01.mp4,1710.0,234.5,1477,0,1943,469,0.80450135
996,/Volumes/SmithL0/2026/BIOL470/Final/Learning_Rig/bee_0408_2/bee_0408_2_fwd_blue_accident/cam1_2026-04-08_17-44-01.mp4,1707.0,234.5,1471,0,1943,469,0.80921865
997,/Volumes/SmithL0/2026/BIOL470/Final/Learning_Rig/bee_0408_2/bee_0408_2_fwd_blue_accident/cam1_2026-04-08_17-44-01.mp4,1707.0,234.5,1471,0,1943,469,0.80410546
998,/Volumes/SmithL0/2026/BIOL470/Final/Learning_Rig/bee_0408_2/bee_0408_2_fwd_blue_accident/cam1_2026-04-08_17-44-01.mp4,1769.5,252.5,1440,0,2099,505,0.62208754
999,/Volumes/SmithL0/2026/BIOL470/Final/Learning_Rig/bee_0408_2/bee_0408_2_fwd_blue_accident/cam1_2026-04-08_17-44-01.mp4,1722.0,252.0,1440,0,2004,504,0.7722772
1000,/Volumes/SmithL0/2026/BIOL470/Final/Learning_Rig/bee_0408_2/bee_0408_2_fwd_blue_accident/cam1_2026-04-08_17-44-01.mp4,1721.5,258.0,1443,5,2000,511,0.80256826
1001,/Volumes/SmithL0/2026/BIOL470/Final/Learning_Rig/bee_0408_2/bee_0408_2_fwd_blue_accident/cam1_2026-04-08_17-44-01.mp4,1720.0,262.0,1438,0,2002,524,0.7934717
1002,/Volumes/SmithL0/2026/BIOL470/Final/Learning_Rig/bee_0408_2/bee_0408_2_fwd_blue_accident/cam1_2026-04-08_17-44-01.mp4,1721.0,265.5,1440,2,2002,529,0.81363785
1003,/Volumes/SmithL0/2026/BIOL470/Final/Learning_Rig/bee_0408_2/bee_0408_2_fwd_blue_accident/cam1_2026-04-08_17-44-01.mp4,1717.5,264.5,1441,5,1994,524,0.828735
1004,/Volumes/SmithL0/2026/BIOL470/Final/Learning_Rig/bee_0408_2/bee_0408_2_fwd_blue_accident/cam1_2026-04-08_17-44-01.mp4,1714.0,263.0,1445,3,1983,523,0.8111322
1005,/Volumes/SmithL0/2026/BIOL470/Final/Learning_Rig/bee_0408_2/bee_0408_2_fwd_blue_accident/cam1_2026-04-08_17-44-01.mp4,1715.0,270.0,1446,9,1984,531,0.815527
1006,/Volumes/SmithL0/2026/BIOL470/Final/Learning_Rig/bee_0408_2/bee_0408_2_fwd_blue_accident/cam1_2026-04-08_17-44-01.mp4,1715.5,273.5,1450,12,1981,535,0.8117753
1007,/Volumes/SmithL0/2026/BIOL470/Final/Learning_Rig/bee_0408_2/bee_0408_2_fwd_blue_accident/cam1_2026-04-08_17-44-01.mp4,1707.5,273.5,1456,15,1959,532,0.77952963
1008,/Volumes/SmithL0/2026/BIOL470/Final/Learning_Rig/bee_0408_2/bee_0408_2_fwd_blue_accident/cam1_2026-04-08_17-44-01.mp4,1693.5,289.0,1460,35,1927,543,0.8088952
