,filepath,x_centroid,y_centroid,x_min,y_min,x_max,y_max,detection_confidence
0,/Volumes/SmithL0/2026/BIOL470/Final/Learning_Rig/bee_0408_2/bee_0408_2_fwd_blue_accident/cam1_2026-04-08_17-46-06.mp4,1782.0,279.5,1540,28,2024,531,0.8262715
1,/Volumes/SmithL0/2026/BIOL470/Final/Learning_Rig/bee_0408_2/bee_0408_2_fwd_blue_accident/cam1_2026-04-08_17-46-06.mp4,1781.5,280.5,1539,28,2024,533,0.82106006
2,/Volumes/SmithL0/2026/BIOL470/Final/Learning_Rig/bee_0408_2/bee_0408_2_fwd_blue_accident/cam1_2026-04-08_17-46-06.mp4,1794.5,286.5,1559,37,2030,536,0.8439251
3,/Volumes/SmithL0/2026/BIOL470/Final/Learning_Rig/bee_0408_2/bee_0408_2_fwd_blue_accident/cam1_2026-04-08_17-46-06.mp4,1802.0,291.5,1564,34,2040,549,0.8361123
4,/Volumes/SmithL0/2026/BIOL470/Final/Learning_Rig/bee_0408_2/bee_0408_2_fwd_blue_accident/cam1_2026-04-08_17-46-06.mp4,1798.5,296.5,1561,28,2036,565,0.84304917
5,/Volumes/SmithL0/2026/BIOL470/Final/Learning_Rig/bee_0408_2/bee_0408_2_fwd_blue_accident/cam1_2026-04-08_17-46-06.mp4,1800.5,302.5,1562,34,2039,571,0.8488363
6,/Volumes/SmithL0/2026/BIOL470/Final/Learning_Rig/bee_0408_2/bee_0408_2_fwd_blue_accident/cam1_2026-04-08_17-46-06.mp4,1801.0,310.0,1562,37,2040,583,0.843448
7,/Volumes/SmithL0/2026/BIOL470/Final/Learning_Rig/bee_0408_2/bee_0408_2_fwd_blue_accident/cam1_2026-04-08_17-46-06.mp4,1802.0,310.5,1562,38,2042,583,0.8414207
8,/Volumes/SmithL0/2026/BIOL470/Final/Learning_Rig/bee_0408_2/bee_0408_2_fwd_blue_accident/cam1_2026-04-08_17-46-06.mp4,1805.5,313.0,1562,39,2049,587,0.8425528
9,/Volumes/SmithL0/2026/BIOL470/Final/Learning_Rig/bee_0408_2/bee_0408_2_fwd_blue_accident/cam1_2026-04-08_17-46-06.mp4,1837.0,312.0,1612,38,2062,586,0.83217376
10,/Volumes/SmithL0/2026/BIOL470/Final/Learning_Rig/bee_0408_2/bee_0408_2_fwd_blue_accident/cam1_2026-04-08_17-46-06.mp4,1860.5,324.0,1650,45,2071,603,0.83082736
11,/Volumes/SmithL0/2026/BIOL470/Final/Learning_Rig/bee_0408_2/bee_0408_2_fwd_blue_accident/cam1_2026-04-08_17-46-06.mp4,1863.5,331.0,1652,51,2075,611,0.8177423
12,/Volumes/SmithL0/2026/BIOL470/Final/Learning_Rig/bee_0408_2/bee_0408_2_fwd_blue_accident/cam1_2026-04-08_17-46-06.mp4,1863.5,335.0,1653,51,2074,619,0.8265312
13,/Volumes/SmithL0/2026/BIOL470/Final/Learning_Rig/bee_0408_2/bee_0408_2_fwd_blue_accident/cam1_2026-04-08_17-46-06.mp4,1864.5,335.0,1654,51,2075,619,0.83074605
14,/Volumes/SmithL0/2026/BIOL470/Final/Learning_Rig/bee_0408_2/bee_0408_2_fwd_blue_accident/cam1_2026-04-08_17-46-06.mp4,1865.0,334.5,1655,51,2075,618,0.826674
15,/Volumes/SmithL0/2026/BIOL470/Final/Learning_Rig/bee_0408_2/bee_0408_2_fwd_blue_accident/cam1_2026-04-08_17-46-06.mp4,1879.5,330.5,1665,53,2094,608,0.81704265
16,/Volumes/SmithL0/2026/BIOL470/Final/Learning_Rig/bee_0408_2/bee_0408_2_fwd_blue_accident/cam1_2026-04-08_17-46-06.mp4,1878.0,331.0,1666,57,2090,605,0.8316735
17,/Volumes/SmithL0/2026/BIOL470/Final/Learning_Rig/bee_0408_2/bee_0408_2_fwd_blue_accident/cam1_2026-04-08_17-46-06.mp4,1876.0,332.5,1666,61,2086,604,0.82686806
18,/Volumes/SmithL0/2026/BIOL470/Final/Learning_Rig/bee_0408_2/bee_0408_2_fwd_blue_accident/cam1_2026-04-08_17-46-06.mp4,1879.5,331.0,1668,61,2091,601,0.8387962
19,/Volumes/SmithL0/2026/BIOL470/Final/Learning_Rig/bee_0408_2/bee_0408_2_fwd_blue_accident/cam1_2026-04-08_17-46-06.mp4,1880.0,330.5,1668,62,2092,599,0.8378178
20,/Volumes/SmithL0/2026/BIOL470/Final/Learning_Rig/bee_0408_2/bee_0408_2_fwd_blue_accident/cam1_2026-04-08_17-46-06.mp4,1880.0,337.0,1669,67,2091,607,0.8495436
21,/Volumes/SmithL0/2026/BIOL470/Final/Learning_Rig/bee_0408_2/bee_0408_2_fwd_blue_accident/cam1_2026-04-08_17-46-06.mp4,1878.0,333.5,1669,65,2087,602,0.8484963
22,/Volumes/SmithL0/2026/BIOL470/Final/Learning_Rig/bee_0408_2/bee_0408_2_fwd_blue_accident/cam1_2026-04-08_17-46-06.mp4,1872.0,331.5,1662,61,2082,602,0.83587795
23,/Volumes/SmithL0/2026/BIOL470/Final/Learning_Rig/bee_0408_2/bee_0408_2_fwd_blue_accident/cam1_2026-04-08_17-46-06.mp4,1864.5,325.0,1662,57,2067,593,0.8137274
24,/Volumes/SmithL0/2026/BIOL470/Final/Learning_Rig/bee_0408_2/bee_0408_2_fwd_blue_accident/cam1_2026-04-08_17-46-06.mp4,1856.5,325.5,1662,62,2051,589,0.8094836
25,/Volumes/SmithL0/2026/BIOL470/Final/Learning_Rig/bee_0408_2/bee_0408_2_fwd_blue_accident/cam1_2026-04-08_17-46-06.mp4,1865.0,323.5,1662,57,2068,590,0.81581324
26,/Volumes/SmithL0/2026/BIOL470/Final/Learning_Rig/bee_0408_2/bee_0408_2_fwd_blue_accident/cam1_2026-04-08_17-46-06.mp4,1869.5,325.5,1662,58,2077,593,0.82676864
27,/Volumes/SmithL0/2026/BIOL470/Final/Learning_Rig/bee_0408_2/bee_0408_2_fwd_blue_accident/cam1_2026-04-08_17-46-06.mp4,1869.5,321.5,1663,56,2076,587,0.8304157
28,/Volumes/SmithL0/2026/BIOL470/Final/Learning_Rig/bee_0408_2/bee_0408_2_fwd_blue_accident/cam1_2026-04-08_17-46-06.mp4,1874.5,320.0,1662,62,2087,578,0.82624364
29,/Volumes/SmithL0/2026/BIOL470/Final/Learning_Rig/bee_0408_2/bee_0408_2_fwd_blue_accident/cam1_2026-04-08_17-46-06.mp4,1874.0,315.5,1661,60,2087,571,0.83342004
30,/Volumes/SmithL0/2026/BIOL470/Final/Learning_Rig/bee_0408_2/bee_0408_2_fwd_blue_accident/cam1_2026-04-08_17-46-06.mp4,1870.5,310.5,1660,50,2081,571,0.84134156
31,/Volumes/SmithL0/2026/BIOL470/Final/Learning_Rig/bee_0408_2/bee_0408_2_fwd_blue_accident/cam1_2026-04-08_17-46-06.mp4,1867.0,316.5,1660,52,2074,581,0.8337831
32,/Volumes/SmithL0/2026/BIOL470/Final/Learning_Rig/bee_0408_2/bee_0408_2_fwd_blue_accident/cam1_2026-04-08_17-46-06.mp4,1867.5,314.0,1661,54,2074,574,0.8337813
33,/Volumes/SmithL0/2026/BIOL470/Final/Learning_Rig/bee_0408_2/bee_0408_2_fwd_blue_accident/cam1_2026-04-08_17-46-06.mp4,1869.5,315.0,1662,53,2077,577,0.8383184
34,/Volumes/SmithL0/2026/BIOL470/Final/Learning_Rig/bee_0408_2/bee_0408_2_fwd_blue_accident/cam1_2026-04-08_17-46-06.mp4,1870.0,322.0,1661,55,2079,589,0.8343805
35,/Volumes/SmithL0/2026/BIOL470/Final/Learning_Rig/bee_0408_2/bee_0408_2_fwd_blue_accident/cam1_2026-04-08_17-46-06.mp4,1873.0,317.5,1661,54,2085,581,0.8355031
36,/Volumes/SmithL0/2026/BIOL470/Final/Learning_Rig/bee_0408_2/bee_0408_2_fwd_blue_accident/cam1_2026-04-08_17-46-06.mp4,1872.5,312.5,1662,54,2083,571,0.83622843
37,/Volumes/SmithL0/2026/BIOL470/Final/Learning_Rig/bee_0408_2/bee_0408_2_fwd_blue_accident/cam1_2026-04-08_17-46-06.mp4,1865.5,307.5,1662,50,2069,565,0.83969736
38,/Volumes/SmithL0/2026/BIOL470/Final/Learning_Rig/bee_0408_2/bee_0408_2_fwd_blue_accident/cam1_2026-04-08_17-46-06.mp4,1883.5,312.0,1669,50,2098,574,0.8379017
39,/Volumes/SmithL0/2026/BIOL470/Final/Learning_Rig/bee_0408_2/bee_0408_2_fwd_blue_accident/cam1_2026-04-08_17-46-06.mp4,1884.5,307.0,1672,49,2097,565,0.8472395
40,/Volumes/SmithL0/2026/BIOL470/Final/Learning_Rig/bee_0408_2/bee_0408_2_fwd_blue_accident/cam1_2026-04-08_17-46-06.mp4,1907.5,310.0,1665,57,2150,563,0.8377974
41,/Volumes/SmithL0/2026/BIOL470/Final/Learning_Rig/bee_0408_2/bee_0408_2_fwd_blue_accident/cam1_2026-04-08_17-46-06.mp4,1906.5,304.5,1671,50,2142,559,0.83677804
42,/Volumes/SmithL0/2026/BIOL470/Final/Learning_Rig/bee_0408_2/bee_0408_2_fwd_blue_accident/cam1_2026-04-08_17-46-06.mp4,1909.5,324.0,1667,50,2152,598,0.833776
43,/Volumes/SmithL0/2026/BIOL470/Final/Learning_Rig/bee_0408_2/bee_0408_2_fwd_blue_accident/cam1_2026-04-08_17-46-06.mp4,1911.0,326.0,1665,50,2157,602,0.8328215
44,/Volumes/SmithL0/2026/BIOL470/Final/Learning_Rig/bee_0408_2/bee_0408_2_fwd_blue_accident/cam1_2026-04-08_17-46-06.mp4,1910.5,317.5,1664,50,2157,585,0.83092225
45,/Volumes/SmithL0/2026/BIOL470/Final/Learning_Rig/bee_0408_2/bee_0408_2_fwd_blue_accident/cam1_2026-04-08_17-46-06.mp4,1912.0,323.5,1663,50,2161,597,0.8304353
46,/Volumes/SmithL0/2026/BIOL470/Final/Learning_Rig/bee_0408_2/bee_0408_2_fwd_blue_accident/cam1_2026-04-08_17-46-06.mp4,1911.0,321.5,1663,50,2159,593,0.83092326
47,/Volumes/SmithL0/2026/BIOL470/Final/Learning_Rig/bee_0408_2/bee_0408_2_fwd_blue_accident/cam1_2026-04-08_17-46-06.mp4,1911.0,320.5,1663,50,2159,591,0.83119726
48,/Volumes/SmithL0/2026/BIOL470/Final/Learning_Rig/bee_0408_2/bee_0408_2_fwd_blue_accident/cam1_2026-04-08_17-46-06.mp4,1911.0,322.0,1663,50,2159,594,0.8332082
49,/Volumes/SmithL0/2026/BIOL470/Final/Learning_Rig/bee_0408_2/bee_0408_2_fwd_blue_accident/cam1_2026-04-08_17-46-06.mp4,1913.0,321.0,1662,49,2164,593,0.83044595
50,/Volumes/SmithL0/2026/BIOL470/Final/Learning_Rig/bee_0408_2/bee_0408_2_fwd_blue_accident/cam1_2026-04-08_17-46-06.mp4,1941.5,323.0,1655,49,2228,597,0.8254557
51,/Volumes/SmithL0/2026/BIOL470/Final/Learning_Rig/bee_0408_2/bee_0408_2_fwd_blue_accident/cam1_2026-04-08_17-46-06.mp4,1938.0,324.5,1655,49,2221,600,0.8227481
52,/Volumes/SmithL0/2026/BIOL470/Final/Learning_Rig/bee_0408_2/bee_0408_2_fwd_blue_accident/cam1_2026-04-08_17-46-06.mp4,1926.0,324.5,1655,49,2197,600,0.82428515
53,/Volumes/SmithL0/2026/BIOL470/Final/Learning_Rig/bee_0408_2/bee_0408_2_fwd_blue_accident/cam1_2026-04-08_17-46-06.mp4,1911.5,314.5,1666,48,2157,581,0.8309373
54,/Volumes/SmithL0/2026/BIOL470/Final/Learning_Rig/bee_0408_2/bee_0408_2_fwd_blue_accident/cam1_2026-04-08_17-46-06.mp4,1892.5,316.0,1667,47,2118,585,0.84051526
55,/Volumes/SmithL0/2026/BIOL470/Final/Learning_Rig/bee_0408_2/bee_0408_2_fwd_blue_accident/cam1_2026-04-08_17-46-06.mp4,1892.0,311.0,1669,46,2115,576,0.8354426
56,/Volumes/SmithL0/2026/BIOL470/Final/Learning_Rig/bee_0408_2/bee_0408_2_fwd_blue_accident/cam1_2026-04-08_17-46-06.mp4,1891.5,310.0,1672,44,2111,576,0.830437
57,/Volumes/SmithL0/2026/BIOL470/Final/Learning_Rig/bee_0408_2/bee_0408_2_fwd_blue_accident/cam1_2026-04-08_17-46-06.mp4,1893.5,310.0,1673,41,2114,579,0.8303728
58,/Volumes/SmithL0/2026/BIOL470/Final/Learning_Rig/bee_0408_2/bee_0408_2_fwd_blue_accident/cam1_2026-04-08_17-46-06.mp4,1894.5,310.0,1672,40,2117,580,0.82816625
59,/Volumes/SmithL0/2026/BIOL470/Final/Learning_Rig/bee_0408_2/bee_0408_2_fwd_blue_accident/cam1_2026-04-08_17-46-06.mp4,1892.5,311.5,1671,39,2114,584,0.8237294
60,/Volumes/SmithL0/2026/BIOL470/Final/Learning_Rig/bee_0408_2/bee_0408_2_fwd_blue_accident/cam1_2026-04-08_17-46-06.mp4,1893.5,312.0,1674,41,2113,583,0.82335883
61,/Volumes/SmithL0/2026/BIOL470/Final/Learning_Rig/bee_0408_2/bee_0408_2_fwd_blue_accident/cam1_2026-04-08_17-46-06.mp4,1893.0,310.5,1672,42,2114,579,0.82950497
62,/Volumes/SmithL0/2026/BIOL470/Final/Learning_Rig/bee_0408_2/bee_0408_2_fwd_blue_accident/cam1_2026-04-08_17-46-06.mp4,1892.0,310.5,1673,44,2111,577,0.8306663
63,/Volumes/SmithL0/2026/BIOL470/Final/Learning_Rig/bee_0408_2/bee_0408_2_fwd_blue_accident/cam1_2026-04-08_17-46-06.mp4,1908.0,329.0,1682,73,2134,585,0.82328045
64,/Volumes/SmithL0/2026/BIOL470/Final/Learning_Rig/bee_0408_2/bee_0408_2_fwd_blue_accident/cam1_2026-04-08_17-46-06.mp4,1912.5,328.0,1690,72,2135,584,0.82365483
65,/Volumes/SmithL0/2026/BIOL470/Final/Learning_Rig/bee_0408_2/bee_0408_2_fwd_blue_accident/cam1_2026-04-08_17-46-06.mp4,1910.5,332.5,1686,77,2135,588,0.8215742
66,/Volumes/SmithL0/2026/BIOL470/Final/Learning_Rig/bee_0408_2/bee_0408_2_fwd_blue_accident/cam1_2026-04-08_17-46-06.mp4,1909.0,333.5,1682,79,2136,588,0.8228047
67,/Volumes/SmithL0/2026/BIOL470/Final/Learning_Rig/bee_0408_2/bee_0408_2_fwd_blue_accident/cam1_2026-04-08_17-46-06.mp4,1907.5,335.0,1680,80,2135,590,0.8257573
68,/Volumes/SmithL0/2026/BIOL470/Final/Learning_Rig/bee_0408_2/bee_0408_2_fwd_blue_accident/cam1_2026-04-08_17-46-06.mp4,1905.5,336.5,1680,78,2131,595,0.8238228
69,/Volumes/SmithL0/2026/BIOL470/Final/Learning_Rig/bee_0408_2/bee_0408_2_fwd_blue_accident/cam1_2026-04-08_17-46-06.mp4,1905.0,336.5,1678,79,2132,594,0.82429147
70,/Volumes/SmithL0/2026/BIOL470/Final/Learning_Rig/bee_0408_2/bee_0408_2_fwd_blue_accident/cam1_2026-04-08_17-46-06.mp4,1906.5,335.5,1676,81,2137,590,0.82786787
71,/Volumes/SmithL0/2026/BIOL470/Final/Learning_Rig/bee_0408_2/bee_0408_2_fwd_blue_accident/cam1_2026-04-08_17-46-06.mp4,1906.5,332.5,1677,80,2136,585,0.82997936
72,/Volumes/SmithL0/2026/BIOL470/Final/Learning_Rig/bee_0408_2/bee_0408_2_fwd_blue_accident/cam1_2026-04-08_17-46-06.mp4,1909.5,332.5,1681,82,2138,583,0.8304242
73,/Volumes/SmithL0/2026/BIOL470/Final/Learning_Rig/bee_0408_2/bee_0408_2_fwd_blue_accident/cam1_2026-04-08_17-46-06.mp4,1911.0,333.0,1684,82,2138,584,0.8286052
74,/Volumes/SmithL0/2026/BIOL470/Final/Learning_Rig/bee_0408_2/bee_0408_2_fwd_blue_accident/cam1_2026-04-08_17-46-06.mp4,1911.0,333.0,1685,83,2137,583,0.8290896
75,/Volumes/SmithL0/2026/BIOL470/Final/Learning_Rig/bee_0408_2/bee_0408_2_fwd_blue_accident/cam1_2026-04-08_17-46-06.mp4,1911.5,333.0,1686,80,2137,586,0.8290956
76,/Volumes/SmithL0/2026/BIOL470/Final/Learning_Rig/bee_0408_2/bee_0408_2_fwd_blue_accident/cam1_2026-04-08_17-46-06.mp4,1910.0,333.5,1683,82,2137,585,0.82948244
77,/Volumes/SmithL0/2026/BIOL470/Final/Learning_Rig/bee_0408_2/bee_0408_2_fwd_blue_accident/cam1_2026-04-08_17-46-06.mp4,1907.0,333.0,1678,83,2136,583,0.82681966
78,/Volumes/SmithL0/2026/BIOL470/Final/Learning_Rig/bee_0408_2/bee_0408_2_fwd_blue_accident/cam1_2026-04-08_17-46-06.mp4,1906.0,334.5,1675,84,2137,585,0.8274291
79,/Volumes/SmithL0/2026/BIOL470/Final/Learning_Rig/bee_0408_2/bee_0408_2_fwd_blue_accident/cam1_2026-04-08_17-46-06.mp4,1907.0,335.0,1676,86,2138,584,0.82837284
80,/Volumes/SmithL0/2026/BIOL470/Final/Learning_Rig/bee_0408_2/bee_0408_2_fwd_blue_accident/cam1_2026-04-08_17-46-06.mp4,1905.0,335.0,1673,86,2137,584,0.82600516
81,/Volumes/SmithL0/2026/BIOL470/Final/Learning_Rig/bee_0408_2/bee_0408_2_fwd_blue_accident/cam1_2026-04-08_17-46-06.mp4,1906.0,335.0,1676,87,2136,583,0.8268508
82,/Volumes/SmithL0/2026/BIOL470/Final/Learning_Rig/bee_0408_2/bee_0408_2_fwd_blue_accident/cam1_2026-04-08_17-46-06.mp4,1909.0,334.5,1682,87,2136,582,0.8254943
83,/Volumes/SmithL0/2026/BIOL470/Final/Learning_Rig/bee_0408_2/bee_0408_2_fwd_blue_accident/cam1_2026-04-08_17-46-06.mp4,1908.5,334.5,1680,87,2137,582,0.8248353
84,/Volumes/SmithL0/2026/BIOL470/Final/Learning_Rig/bee_0408_2/bee_0408_2_fwd_blue_accident/cam1_2026-04-08_17-46-06.mp4,1912.0,328.5,1682,86,2142,571,0.82472533
85,/Volumes/SmithL0/2026/BIOL470/Final/Learning_Rig/bee_0408_2/bee_0408_2_fwd_blue_accident/cam1_2026-04-08_17-46-06.mp4,1912.5,328.5,1683,85,2142,572,0.8251206
86,/Volumes/SmithL0/2026/BIOL470/Final/Learning_Rig/bee_0408_2/bee_0408_2_fwd_blue_accident/cam1_2026-04-08_17-46-06.mp4,1914.5,328.5,1686,85,2143,572,0.8272132
87,/Volumes/SmithL0/2026/BIOL470/Final/Learning_Rig/bee_0408_2/bee_0408_2_fwd_blue_accident/cam1_2026-04-08_17-46-06.mp4,1914.5,328.5,1685,86,2144,571,0.8288242
88,/Volumes/SmithL0/2026/BIOL470/Final/Learning_Rig/bee_0408_2/bee_0408_2_fwd_blue_accident/cam1_2026-04-08_17-46-06.mp4,1913.5,328.5,1684,85,2143,572,0.82840854
89,/Volumes/SmithL0/2026/BIOL470/Final/Learning_Rig/bee_0408_2/bee_0408_2_fwd_blue_accident/cam1_2026-04-08_17-46-06.mp4,1914.5,328.5,1685,86,2144,571,0.8294834
90,/Volumes/SmithL0/2026/BIOL470/Final/Learning_Rig/bee_0408_2/bee_0408_2_fwd_blue_accident/cam1_2026-04-08_17-46-06.mp4,1911.0,329.5,1677,87,2145,572,0.82873124
91,/Volumes/SmithL0/2026/BIOL470/Final/Learning_Rig/bee_0408_2/bee_0408_2_fwd_blue_accident/cam1_2026-04-08_17-46-06.mp4,1913.0,329.0,1681,86,2145,572,0.8277937
92,/Volumes/SmithL0/2026/BIOL470/Final/Learning_Rig/bee_0408_2/bee_0408_2_fwd_blue_accident/cam1_2026-04-08_17-46-06.mp4,1912.0,329.0,1680,87,2144,571,0.8249792
93,/Volumes/SmithL0/2026/BIOL470/Final/Learning_Rig/bee_0408_2/bee_0408_2_fwd_blue_accident/cam1_2026-04-08_17-46-06.mp4,1914.5,328.5,1685,87,2144,570,0.8285809
94,/Volumes/SmithL0/2026/BIOL470/Final/Learning_Rig/bee_0408_2/bee_0408_2_fwd_blue_accident/cam1_2026-04-08_17-46-06.mp4,1915.5,328.5,1686,86,2145,571,0.8298119
95,/Volumes/SmithL0/2026/BIOL470/Final/Learning_Rig/bee_0408_2/bee_0408_2_fwd_blue_accident/cam1_2026-04-08_17-46-06.mp4,1900.0,328.5,1668,91,2132,566,0.82529837
96,/Volumes/SmithL0/2026/BIOL470/Final/Learning_Rig/bee_0408_2/bee_0408_2_fwd_blue_accident/cam1_2026-04-08_17-46-06.mp4,1900.0,328.5,1668,91,2132,566,0.82425284
97,/Volumes/SmithL0/2026/BIOL470/Final/Learning_Rig/bee_0408_2/bee_0408_2_fwd_blue_accident/cam1_2026-04-08_17-46-06.mp4,1898.0,329.5,1663,92,2133,567,0.8277759
98,/Volumes/SmithL0/2026/BIOL470/Final/Learning_Rig/bee_0408_2/bee_0408_2_fwd_blue_accident/cam1_2026-04-08_17-46-06.mp4,1899.5,329.5,1667,93,2132,566,0.8265593
99,/Volumes/SmithL0/2026/BIOL470/Final/Learning_Rig/bee_0408_2/bee_0408_2_fwd_blue_accident/cam1_2026-04-08_17-46-06.mp4,1896.0,330.0,1660,94,2132,566,0.8275477
100,/Volumes/SmithL0/2026/BIOL470/Final/Learning_Rig/bee_0408_2/bee_0408_2_fwd_blue_accident/cam1_2026-04-08_17-46-06.mp4,1897.0,329.0,1663,92,2131,566,0.8238155
101,/Volumes/SmithL0/2026/BIOL470/Final/Learning_Rig/bee_0408_2/bee_0408_2_fwd_blue_accident/cam1_2026-04-08_17-46-06.mp4,1898.0,329.5,1665,93,2131,566,0.82398635
102,/Volumes/SmithL0/2026/BIOL470/Final/Learning_Rig/bee_0408_2/bee_0408_2_fwd_blue_accident/cam1_2026-04-08_17-46-06.mp4,1905.0,329.0,1665,87,2145,571,0.8230132
103,/Volumes/SmithL0/2026/BIOL470/Final/Learning_Rig/bee_0408_2/bee_0408_2_fwd_blue_accident/cam1_2026-04-08_17-46-06.mp4,1905.5,328.5,1665,87,2146,570,0.8250598
104,/Volumes/SmithL0/2026/BIOL470/Final/Learning_Rig/bee_0408_2/bee_0408_2_fwd_blue_accident/cam1_2026-04-08_17-46-06.mp4,1905.0,328.5,1665,87,2145,570,0.8243768
105,/Volumes/SmithL0/2026/BIOL470/Final/Learning_Rig/bee_0408_2/bee_0408_2_fwd_blue_accident/cam1_2026-04-08_17-46-06.mp4,1899.0,328.5,1667,91,2131,566,0.82296634
106,/Volumes/SmithL0/2026/BIOL470/Final/Learning_Rig/bee_0408_2/bee_0408_2_fwd_blue_accident/cam1_2026-04-08_17-46-06.mp4,1898.5,329.0,1665,92,2132,566,0.8250595
107,/Volumes/SmithL0/2026/BIOL470/Final/Learning_Rig/bee_0408_2/bee_0408_2_fwd_blue_accident/cam1_2026-04-08_17-46-06.mp4,1896.0,328.5,1663,91,2129,566,0.8216564
108,/Volumes/SmithL0/2026/BIOL470/Final/Learning_Rig/bee_0408_2/bee_0408_2_fwd_blue_accident/cam1_2026-04-08_17-46-06.mp4,1897.0,328.5,1665,91,2129,566,0.82005996
109,/Volumes/SmithL0/2026/BIOL470/Final/Learning_Rig/bee_0408_2/bee_0408_2_fwd_blue_accident/cam1_2026-04-08_17-46-06.mp4,1895.5,328.5,1662,90,2129,567,0.8196148
110,/Volumes/SmithL0/2026/BIOL470/Final/Learning_Rig/bee_0408_2/bee_0408_2_fwd_blue_accident/cam1_2026-04-08_17-46-06.mp4,1897.5,328.5,1665,90,2130,567,0.82373375
111,/Volumes/SmithL0/2026/BIOL470/Final/Learning_Rig/bee_0408_2/bee_0408_2_fwd_blue_accident/cam1_2026-04-08_17-46-06.mp4,1898.0,328.0,1666,90,2130,566,0.82085645
112,/Volumes/SmithL0/2026/BIOL470/Final/Learning_Rig/bee_0408_2/bee_0408_2_fwd_blue_accident/cam1_2026-04-08_17-46-06.mp4,1900.0,328.5,1670,91,2130,566,0.82197165
113,/Volumes/SmithL0/2026/BIOL470/Final/Learning_Rig/bee_0408_2/bee_0408_2_fwd_blue_accident/cam1_2026-04-08_17-46-06.mp4,1897.0,328.5,1662,91,2132,566,0.8259728
114,/Volumes/SmithL0/2026/BIOL470/Final/Learning_Rig/bee_0408_2/bee_0408_2_fwd_blue_accident/cam1_2026-04-08_17-46-06.mp4,1896.0,328.0,1660,90,2132,566,0.82569534
115,/Volumes/SmithL0/2026/BIOL470/Final/Learning_Rig/bee_0408_2/bee_0408_2_fwd_blue_accident/cam1_2026-04-08_17-46-06.mp4,1895.0,328.0,1658,90,2132,566,0.8246147
116,/Volumes/SmithL0/2026/BIOL470/Final/Learning_Rig/bee_0408_2/bee_0408_2_fwd_blue_accident/cam1_2026-04-08_17-46-06.mp4,1895.5,328.0,1660,89,2131,567,0.8229749
117,/Volumes/SmithL0/2026/BIOL470/Final/Learning_Rig/bee_0408_2/bee_0408_2_fwd_blue_accident/cam1_2026-04-08_17-46-06.mp4,1894.5,328.5,1658,90,2131,567,0.8254275
118,/Volumes/SmithL0/2026/BIOL470/Final/Learning_Rig/bee_0408_2/bee_0408_2_fwd_blue_accident/cam1_2026-04-08_17-46-06.mp4,1898.0,328.5,1665,90,2131,567,0.8273867
119,/Volumes/SmithL0/2026/BIOL470/Final/Learning_Rig/bee_0408_2/bee_0408_2_fwd_blue_accident/cam1_2026-04-08_17-46-06.mp4,1906.0,329.5,1666,86,2146,573,0.8260042
120,/Volumes/SmithL0/2026/BIOL470/Final/Learning_Rig/bee_0408_2/bee_0408_2_fwd_blue_accident/cam1_2026-04-08_17-46-06.mp4,1901.0,328.5,1672,90,2130,567,0.8266262
121,/Volumes/SmithL0/2026/BIOL470/Final/Learning_Rig/bee_0408_2/bee_0408_2_fwd_blue_accident/cam1_2026-04-08_17-46-06.mp4,1899.5,328.5,1673,90,2126,567,0.82119066
122,/Volumes/SmithL0/2026/BIOL470/Final/Learning_Rig/bee_0408_2/bee_0408_2_fwd_blue_accident/cam1_2026-04-08_17-46-06.mp4,1898.5,329.0,1670,91,2127,567,0.8257935
123,/Volumes/SmithL0/2026/BIOL470/Final/Learning_Rig/bee_0408_2/bee_0408_2_fwd_blue_accident/cam1_2026-04-08_17-46-06.mp4,1896.5,328.5,1664,91,2129,566,0.8270294
124,/Volumes/SmithL0/2026/BIOL470/Final/Learning_Rig/bee_0408_2/bee_0408_2_fwd_blue_accident/cam1_2026-04-08_17-46-06.mp4,1899.0,328.5,1668,91,2130,566,0.82852983
125,/Volumes/SmithL0/2026/BIOL470/Final/Learning_Rig/bee_0408_2/bee_0408_2_fwd_blue_accident/cam1_2026-04-08_17-46-06.mp4,1900.5,328.0,1672,90,2129,566,0.8248134
126,/Volumes/SmithL0/2026/BIOL470/Final/Learning_Rig/bee_0408_2/bee_0408_2_fwd_blue_accident/cam1_2026-04-08_17-46-06.mp4,1898.5,327.5,1669,89,2128,566,0.82543826
127,/Volumes/SmithL0/2026/BIOL470/Final/Learning_Rig/bee_0408_2/bee_0408_2_fwd_blue_accident/cam1_2026-04-08_17-46-06.mp4,1897.5,328.5,1666,91,2129,566,0.8270507
128,/Volumes/SmithL0/2026/BIOL470/Final/Learning_Rig/bee_0408_2/bee_0408_2_fwd_blue_accident/cam1_2026-04-08_17-46-06.mp4,1899.0,329.0,1668,92,2130,566,0.8280619
129,/Volumes/SmithL0/2026/BIOL470/Final/Learning_Rig/bee_0408_2/bee_0408_2_fwd_blue_accident/cam1_2026-04-08_17-46-06.mp4,1900.0,329.0,1671,92,2129,566,0.8248283
130,/Volumes/SmithL0/2026/BIOL470/Final/Learning_Rig/bee_0408_2/bee_0408_2_fwd_blue_accident/cam1_2026-04-08_17-46-06.mp4,1900.0,329.5,1671,92,2129,567,0.8284464
131,/Volumes/SmithL0/2026/BIOL470/Final/Learning_Rig/bee_0408_2/bee_0408_2_fwd_blue_accident/cam1_2026-04-08_17-46-06.mp4,1900.0,328.5,1672,90,2128,567,0.82774526
132,/Volumes/SmithL0/2026/BIOL470/Final/Learning_Rig/bee_0408_2/bee_0408_2_fwd_blue_accident/cam1_2026-04-08_17-46-06.mp4,1899.5,329.0,1671,91,2128,567,0.82700175
133,/Volumes/SmithL0/2026/BIOL470/Final/Learning_Rig/bee_0408_2/bee_0408_2_fwd_blue_accident/cam1_2026-04-08_17-46-06.mp4,1899.5,328.5,1671,90,2128,567,0.82687974
134,/Volumes/SmithL0/2026/BIOL470/Final/Learning_Rig/bee_0408_2/bee_0408_2_fwd_blue_accident/cam1_2026-04-08_17-46-06.mp4,1899.5,328.0,1670,89,2129,567,0.82526755
135,/Volumes/SmithL0/2026/BIOL470/Final/Learning_Rig/bee_0408_2/bee_0408_2_fwd_blue_accident/cam1_2026-04-08_17-46-06.mp4,1900.0,328.5,1671,90,2129,567,0.8260434
136,/Volumes/SmithL0/2026/BIOL470/Final/Learning_Rig/bee_0408_2/bee_0408_2_fwd_blue_accident/cam1_2026-04-08_17-46-06.mp4,1901.0,328.0,1676,89,2126,567,0.8240424
137,/Volumes/SmithL0/2026/BIOL470/Final/Learning_Rig/bee_0408_2/bee_0408_2_fwd_blue_accident/cam1_2026-04-08_17-46-06.mp4,1911.0,329.5,1681,87,2141,572,0.8243394
138,/Volumes/SmithL0/2026/BIOL470/Final/Learning_Rig/bee_0408_2/bee_0408_2_fwd_blue_accident/cam1_2026-04-08_17-46-06.mp4,1912.0,329.0,1683,87,2141,571,0.82683957
139,/Volumes/SmithL0/2026/BIOL470/Final/Learning_Rig/bee_0408_2/bee_0408_2_fwd_blue_accident/cam1_2026-04-08_17-46-06.mp4,1911.0,329.0,1681,86,2141,572,0.82204115
140,/Volumes/SmithL0/2026/BIOL470/Final/Learning_Rig/bee_0408_2/bee_0408_2_fwd_blue_accident/cam1_2026-04-08_17-46-06.mp4,1912.5,329.5,1683,87,2142,572,0.82494056
141,/Volumes/SmithL0/2026/BIOL470/Final/Learning_Rig/bee_0408_2/bee_0408_2_fwd_blue_accident/cam1_2026-04-08_17-46-06.mp4,1915.5,329.0,1690,87,2141,571,0.82371926
142,/Volumes/SmithL0/2026/BIOL470/Final/Learning_Rig/bee_0408_2/bee_0408_2_fwd_blue_accident/cam1_2026-04-08_17-46-06.mp4,1913.0,329.0,1685,87,2141,571,0.82558537
143,/Volumes/SmithL0/2026/BIOL470/Final/Learning_Rig/bee_0408_2/bee_0408_2_fwd_blue_accident/cam1_2026-04-08_17-46-06.mp4,1916.0,329.0,1691,87,2141,571,0.8269231
144,/Volumes/SmithL0/2026/BIOL470/Final/Learning_Rig/bee_0408_2/bee_0408_2_fwd_blue_accident/cam1_2026-04-08_17-46-06.mp4,1900.0,329.0,1671,91,2129,567,0.82622355
145,/Volumes/SmithL0/2026/BIOL470/Final/Learning_Rig/bee_0408_2/bee_0408_2_fwd_blue_accident/cam1_2026-04-08_17-46-06.mp4,1897.5,329.0,1668,91,2127,567,0.8272024
146,/Volumes/SmithL0/2026/BIOL470/Final/Learning_Rig/bee_0408_2/bee_0408_2_fwd_blue_accident/cam1_2026-04-08_17-46-06.mp4,1899.5,329.0,1670,91,2129,567,0.82620925
147,/Volumes/SmithL0/2026/BIOL470/Final/Learning_Rig/bee_0408_2/bee_0408_2_fwd_blue_accident/cam1_2026-04-08_17-46-06.mp4,1899.0,328.5,1672,90,2126,567,0.8247388
148,/Volumes/SmithL0/2026/BIOL470/Final/Learning_Rig/bee_0408_2/bee_0408_2_fwd_blue_accident/cam1_2026-04-08_17-46-06.mp4,1901.5,329.0,1675,90,2128,568,0.82475543
149,/Volumes/SmithL0/2026/BIOL470/Final/Learning_Rig/bee_0408_2/bee_0408_2_fwd_blue_accident/cam1_2026-04-08_17-46-06.mp4,1900.0,328.0,1672,89,2128,567,0.8245641
150,/Volumes/SmithL0/2026/BIOL470/Final/Learning_Rig/bee_0408_2/bee_0408_2_fwd_blue_accident/cam1_2026-04-08_17-46-06.mp4,1898.5,328.5,1669,90,2128,567,0.8238555
151,/Volumes/SmithL0/2026/BIOL470/Final/Learning_Rig/bee_0408_2/bee_0408_2_fwd_blue_accident/cam1_2026-04-08_17-46-06.mp4,1900.0,328.0,1672,89,2128,567,0.8203485
152,/Volumes/SmithL0/2026/BIOL470/Final/Learning_Rig/bee_0408_2/bee_0408_2_fwd_blue_accident/cam1_2026-04-08_17-46-06.mp4,1900.5,328.0,1675,89,2126,567,0.82250345
153,/Volumes/SmithL0/2026/BIOL470/Final/Learning_Rig/bee_0408_2/bee_0408_2_fwd_blue_accident/cam1_2026-04-08_17-46-06.mp4,1901.0,327.5,1675,88,2127,567,0.820252
154,/Volumes/SmithL0/2026/BIOL470/Final/Learning_Rig/bee_0408_2/bee_0408_2_fwd_blue_accident/cam1_2026-04-08_17-46-06.mp4,1908.5,329.0,1676,86,2141,572,0.82223445
155,/Volumes/SmithL0/2026/BIOL470/Final/Learning_Rig/bee_0408_2/bee_0408_2_fwd_blue_accident/cam1_2026-04-08_17-46-06.mp4,1900.5,327.5,1674,88,2127,567,0.8216105
156,/Volumes/SmithL0/2026/BIOL470/Final/Learning_Rig/bee_0408_2/bee_0408_2_fwd_blue_accident/cam1_2026-04-08_17-46-06.mp4,1909.0,328.5,1677,86,2141,571,0.8239631
157,/Volumes/SmithL0/2026/BIOL470/Final/Learning_Rig/bee_0408_2/bee_0408_2_fwd_blue_accident/cam1_2026-04-08_17-46-06.mp4,1912.5,329.0,1682,87,2143,571,0.8255402
158,/Volumes/SmithL0/2026/BIOL470/Final/Learning_Rig/bee_0408_2/bee_0408_2_fwd_blue_accident/cam1_2026-04-08_17-46-06.mp4,1909.0,329.5,1676,87,2142,572,0.8230492
159,/Volumes/SmithL0/2026/BIOL470/Final/Learning_Rig/bee_0408_2/bee_0408_2_fwd_blue_accident/cam1_2026-04-08_17-46-06.mp4,1909.0,329.5,1676,87,2142,572,0.82218134
160,/Volumes/SmithL0/2026/BIOL470/Final/Learning_Rig/bee_0408_2/bee_0408_2_fwd_blue_accident/cam1_2026-04-08_17-46-06.mp4,1900.5,329.5,1670,92,2131,567,0.82443094
161,/Volumes/SmithL0/2026/BIOL470/Final/Learning_Rig/bee_0408_2/bee_0408_2_fwd_blue_accident/cam1_2026-04-08_17-46-06.mp4,1896.0,329.0,1660,90,2132,568,0.8258654
162,/Volumes/SmithL0/2026/BIOL470/Final/Learning_Rig/bee_0408_2/bee_0408_2_fwd_blue_accident/cam1_2026-04-08_17-46-06.mp4,1896.0,329.0,1659,91,2133,567,0.82757837
163,/Volumes/SmithL0/2026/BIOL470/Final/Learning_Rig/bee_0408_2/bee_0408_2_fwd_blue_accident/cam1_2026-04-08_17-46-06.mp4,1894.5,329.0,1657,91,2132,567,0.8271417
164,/Volumes/SmithL0/2026/BIOL470/Final/Learning_Rig/bee_0408_2/bee_0408_2_fwd_blue_accident/cam1_2026-04-08_17-46-06.mp4,1894.0,329.0,1657,91,2131,567,0.8268145
165,/Volumes/SmithL0/2026/BIOL470/Final/Learning_Rig/bee_0408_2/bee_0408_2_fwd_blue_accident/cam1_2026-04-08_17-46-06.mp4,1896.0,329.0,1661,91,2131,567,0.82560426
166,/Volumes/SmithL0/2026/BIOL470/Final/Learning_Rig/bee_0408_2/bee_0408_2_fwd_blue_accident/cam1_2026-04-08_17-46-06.mp4,1895.0,328.5,1660,90,2130,567,0.8236792
167,/Volumes/SmithL0/2026/BIOL470/Final/Learning_Rig/bee_0408_2/bee_0408_2_fwd_blue_accident/cam1_2026-04-08_17-46-06.mp4,1895.0,328.5,1659,90,2131,567,0.82476026
168,/Volumes/SmithL0/2026/BIOL470/Final/Learning_Rig/bee_0408_2/bee_0408_2_fwd_blue_accident/cam1_2026-04-08_17-46-06.mp4,1892.5,328.5,1655,90,2130,567,0.8248403
169,/Volumes/SmithL0/2026/BIOL470/Final/Learning_Rig/bee_0408_2/bee_0408_2_fwd_blue_accident/cam1_2026-04-08_17-46-06.mp4,1893.0,327.5,1656,88,2130,567,0.8215939
170,/Volumes/SmithL0/2026/BIOL470/Final/Learning_Rig/bee_0408_2/bee_0408_2_fwd_blue_accident/cam1_2026-04-08_17-46-06.mp4,1892.5,327.5,1655,88,2130,567,0.82230353
171,/Volumes/SmithL0/2026/BIOL470/Final/Learning_Rig/bee_0408_2/bee_0408_2_fwd_blue_accident/cam1_2026-04-08_17-46-06.mp4,1892.5,327.5,1655,88,2130,567,0.8242934
172,/Volumes/SmithL0/2026/BIOL470/Final/Learning_Rig/bee_0408_2/bee_0408_2_fwd_blue_accident/cam1_2026-04-08_17-46-06.mp4,1893.0,329.0,1656,90,2130,568,0.8250159
173,/Volumes/SmithL0/2026/BIOL470/Final/Learning_Rig/bee_0408_2/bee_0408_2_fwd_blue_accident/cam1_2026-04-08_17-46-06.mp4,1894.0,328.5,1658,89,2130,568,0.82426214
174,/Volumes/SmithL0/2026/BIOL470/Final/Learning_Rig/bee_0408_2/bee_0408_2_fwd_blue_accident/cam1_2026-04-08_17-46-06.mp4,1896.5,328.5,1665,90,2128,567,0.82421225
175,/Volumes/SmithL0/2026/BIOL470/Final/Learning_Rig/bee_0408_2/bee_0408_2_fwd_blue_accident/cam1_2026-04-08_17-46-06.mp4,1896.5,328.0,1664,88,2129,568,0.8248124
176,/Volumes/SmithL0/2026/BIOL470/Final/Learning_Rig/bee_0408_2/bee_0408_2_fwd_blue_accident/cam1_2026-04-08_17-46-06.mp4,1893.0,329.0,1658,90,2128,568,0.82638097
177,/Volumes/SmithL0/2026/BIOL470/Final/Learning_Rig/bee_0408_2/bee_0408_2_fwd_blue_accident/cam1_2026-04-08_17-46-06.mp4,1893.0,328.5,1655,90,2131,567,0.8271514
178,/Volumes/SmithL0/2026/BIOL470/Final/Learning_Rig/bee_0408_2/bee_0408_2_fwd_blue_accident/cam1_2026-04-08_17-46-06.mp4,1893.5,329.0,1655,91,2132,567,0.82818615
179,/Volumes/SmithL0/2026/BIOL470/Final/Learning_Rig/bee_0408_2/bee_0408_2_fwd_blue_accident/cam1_2026-04-08_17-46-06.mp4,1893.0,328.5,1654,90,2132,567,0.82816017
180,/Volumes/SmithL0/2026/BIOL470/Final/Learning_Rig/bee_0408_2/bee_0408_2_fwd_blue_accident/cam1_2026-04-08_17-46-06.mp4,1893.5,328.5,1655,90,2132,567,0.8259283
181,/Volumes/SmithL0/2026/BIOL470/Final/Learning_Rig/bee_0408_2/bee_0408_2_fwd_blue_accident/cam1_2026-04-08_17-46-06.mp4,1891.5,329.0,1653,91,2130,567,0.8260564
182,/Volumes/SmithL0/2026/BIOL470/Final/Learning_Rig/bee_0408_2/bee_0408_2_fwd_blue_accident/cam1_2026-04-08_17-46-06.mp4,1891.5,328.5,1653,90,2130,567,0.8263669
183,/Volumes/SmithL0/2026/BIOL470/Final/Learning_Rig/bee_0408_2/bee_0408_2_fwd_blue_accident/cam1_2026-04-08_17-46-06.mp4,1892.5,328.5,1654,91,2131,566,0.8239133
184,/Volumes/SmithL0/2026/BIOL470/Final/Learning_Rig/bee_0408_2/bee_0408_2_fwd_blue_accident/cam1_2026-04-08_17-46-06.mp4,1893.5,330.0,1655,93,2132,567,0.8273219
185,/Volumes/SmithL0/2026/BIOL470/Final/Learning_Rig/bee_0408_2/bee_0408_2_fwd_blue_accident/cam1_2026-04-08_17-46-06.mp4,1894.0,331.0,1656,95,2132,567,0.827952
186,/Volumes/SmithL0/2026/BIOL470/Final/Learning_Rig/bee_0408_2/bee_0408_2_fwd_blue_accident/cam1_2026-04-08_17-46-06.mp4,1894.0,330.5,1656,94,2132,567,0.82734203
187,/Volumes/SmithL0/2026/BIOL470/Final/Learning_Rig/bee_0408_2/bee_0408_2_fwd_blue_accident/cam1_2026-04-08_17-46-06.mp4,1893.5,330.0,1657,92,2130,568,0.8216626
188,/Volumes/SmithL0/2026/BIOL470/Final/Learning_Rig/bee_0408_2/bee_0408_2_fwd_blue_accident/cam1_2026-04-08_17-46-06.mp4,1894.0,329.5,1658,92,2130,567,0.82443964
189,/Volumes/SmithL0/2026/BIOL470/Final/Learning_Rig/bee_0408_2/bee_0408_2_fwd_blue_accident/cam1_2026-04-08_17-46-06.mp4,1894.0,329.5,1660,91,2128,568,0.8235823
190,/Volumes/SmithL0/2026/BIOL470/Final/Learning_Rig/bee_0408_2/bee_0408_2_fwd_blue_accident/cam1_2026-04-08_17-46-06.mp4,1894.0,329.5,1660,92,2128,567,0.8230871
191,/Volumes/SmithL0/2026/BIOL470/Final/Learning_Rig/bee_0408_2/bee_0408_2_fwd_blue_accident/cam1_2026-04-08_17-46-06.mp4,1893.5,330.0,1659,93,2128,567,0.8256077
192,/Volumes/SmithL0/2026/BIOL470/Final/Learning_Rig/bee_0408_2/bee_0408_2_fwd_blue_accident/cam1_2026-04-08_17-46-06.mp4,1893.5,330.0,1658,94,2129,566,0.82765746
193,/Volumes/SmithL0/2026/BIOL470/Final/Learning_Rig/bee_0408_2/bee_0408_2_fwd_blue_accident/cam1_2026-04-08_17-46-06.mp4,1894.0,330.0,1658,94,2130,566,0.82604015
194,/Volumes/SmithL0/2026/BIOL470/Final/Learning_Rig/bee_0408_2/bee_0408_2_fwd_blue_accident/cam1_2026-04-08_17-46-06.mp4,1895.0,330.0,1659,94,2131,566,0.82419133
195,/Volumes/SmithL0/2026/BIOL470/Final/Learning_Rig/bee_0408_2/bee_0408_2_fwd_blue_accident/cam1_2026-04-08_17-46-06.mp4,1896.0,330.0,1661,94,2131,566,0.82438034
196,/Volumes/SmithL0/2026/BIOL470/Final/Learning_Rig/bee_0408_2/bee_0408_2_fwd_blue_accident/cam1_2026-04-08_17-46-06.mp4,1896.0,330.0,1662,95,2130,565,0.82330567
197,/Volumes/SmithL0/2026/BIOL470/Final/Learning_Rig/bee_0408_2/bee_0408_2_fwd_blue_accident/cam1_2026-04-08_17-46-06.mp4,1896.5,330.0,1664,95,2129,565,0.8245252
198,/Volumes/SmithL0/2026/BIOL470/Final/Learning_Rig/bee_0408_2/bee_0408_2_fwd_blue_accident/cam1_2026-04-08_17-46-06.mp4,1907.0,330.0,1671,90,2143,570,0.8229888
199,/Volumes/SmithL0/2026/BIOL470/Final/Learning_Rig/bee_0408_2/bee_0408_2_fwd_blue_accident/cam1_2026-04-08_17-46-06.mp4,1915.0,329.5,1690,89,2140,570,0.82488835
200,/Volumes/SmithL0/2026/BIOL470/Final/Learning_Rig/bee_0408_2/bee_0408_2_fwd_blue_accident/cam1_2026-04-08_17-46-06.mp4,1921.5,330.0,1704,91,2139,569,0.82396895
201,/Volumes/SmithL0/2026/BIOL470/Final/Learning_Rig/bee_0408_2/bee_0408_2_fwd_blue_accident/cam1_2026-04-08_17-46-06.mp4,1920.5,330.5,1702,91,2139,570,0.82114285
202,/Volumes/SmithL0/2026/BIOL470/Final/Learning_Rig/bee_0408_2/bee_0408_2_fwd_blue_accident/cam1_2026-04-08_17-46-06.mp4,1901.0,330.0,1672,94,2130,566,0.82119477
203,/Volumes/SmithL0/2026/BIOL470/Final/Learning_Rig/bee_0408_2/bee_0408_2_fwd_blue_accident/cam1_2026-04-08_17-46-06.mp4,1899.5,329.5,1670,93,2129,566,0.8184932
204,/Volumes/SmithL0/2026/BIOL470/Final/Learning_Rig/bee_0408_2/bee_0408_2_fwd_blue_accident/cam1_2026-04-08_17-46-06.mp4,1895.0,330.5,1661,95,2129,566,0.8212692
205,/Volumes/SmithL0/2026/BIOL470/Final/Learning_Rig/bee_0408_2/bee_0408_2_fwd_blue_accident/cam1_2026-04-08_17-46-06.mp4,1894.5,330.0,1661,94,2128,566,0.82040304
206,/Volumes/SmithL0/2026/BIOL470/Final/Learning_Rig/bee_0408_2/bee_0408_2_fwd_blue_accident/cam1_2026-04-08_17-46-06.mp4,1895.5,330.5,1659,95,2132,566,0.8243095
207,/Volumes/SmithL0/2026/BIOL470/Final/Learning_Rig/bee_0408_2/bee_0408_2_fwd_blue_accident/cam1_2026-04-08_17-46-06.mp4,1894.5,330.5,1659,95,2130,566,0.82398844
208,/Volumes/SmithL0/2026/BIOL470/Final/Learning_Rig/bee_0408_2/bee_0408_2_fwd_blue_accident/cam1_2026-04-08_17-46-06.mp4,1895.0,329.5,1660,94,2130,565,0.821579
209,/Volumes/SmithL0/2026/BIOL470/Final/Learning_Rig/bee_0408_2/bee_0408_2_fwd_blue_accident/cam1_2026-04-08_17-46-06.mp4,1895.0,330.0,1661,94,2129,566,0.8245441
210,/Volumes/SmithL0/2026/BIOL470/Final/Learning_Rig/bee_0408_2/bee_0408_2_fwd_blue_accident/cam1_2026-04-08_17-46-06.mp4,1897.0,329.5,1663,93,2131,566,0.8231383
211,/Volumes/SmithL0/2026/BIOL470/Final/Learning_Rig/bee_0408_2/bee_0408_2_fwd_blue_accident/cam1_2026-04-08_17-46-06.mp4,1911.5,329.5,1683,89,2140,570,0.8199647
212,/Volumes/SmithL0/2026/BIOL470/Final/Learning_Rig/bee_0408_2/bee_0408_2_fwd_blue_accident/cam1_2026-04-08_17-46-06.mp4,1910.5,329.5,1681,89,2140,570,0.82075626
213,/Volumes/SmithL0/2026/BIOL470/Final/Learning_Rig/bee_0408_2/bee_0408_2_fwd_blue_accident/cam1_2026-04-08_17-46-06.mp4,1918.5,330.5,1697,90,2140,571,0.82045776
214,/Volumes/SmithL0/2026/BIOL470/Final/Learning_Rig/bee_0408_2/bee_0408_2_fwd_blue_accident/cam1_2026-04-08_17-46-06.mp4,1913.0,330.0,1687,89,2139,571,0.81829154
215,/Volumes/SmithL0/2026/BIOL470/Final/Learning_Rig/bee_0408_2/bee_0408_2_fwd_blue_accident/cam1_2026-04-08_17-46-06.mp4,1916.5,330.5,1693,90,2140,571,0.8188384
216,/Volumes/SmithL0/2026/BIOL470/Final/Learning_Rig/bee_0408_2/bee_0408_2_fwd_blue_accident/cam1_2026-04-08_17-46-06.mp4,1918.5,330.0,1696,89,2141,571,0.8193366
217,/Volumes/SmithL0/2026/BIOL470/Final/Learning_Rig/bee_0408_2/bee_0408_2_fwd_blue_accident/cam1_2026-04-08_17-46-06.mp4,1915.0,330.5,1689,90,2141,571,0.8185341
218,/Volumes/SmithL0/2026/BIOL470/Final/Learning_Rig/bee_0408_2/bee_0408_2_fwd_blue_accident/cam1_2026-04-08_17-46-06.mp4,1925.0,330.0,1709,89,2141,571,0.8233209
219,/Volumes/SmithL0/2026/BIOL470/Final/Learning_Rig/bee_0408_2/bee_0408_2_fwd_blue_accident/cam1_2026-04-08_17-46-06.mp4,1925.5,330.0,1708,90,2143,570,0.82247615
220,/Volumes/SmithL0/2026/BIOL470/Final/Learning_Rig/bee_0408_2/bee_0408_2_fwd_blue_accident/cam1_2026-04-08_17-46-06.mp4,1924.0,330.5,1708,91,2140,570,0.8211531
221,/Volumes/SmithL0/2026/BIOL470/Final/Learning_Rig/bee_0408_2/bee_0408_2_fwd_blue_accident/cam1_2026-04-08_17-46-06.mp4,1922.5,331.0,1706,92,2139,570,0.8221566
222,/Volumes/SmithL0/2026/BIOL470/Final/Learning_Rig/bee_0408_2/bee_0408_2_fwd_blue_accident/cam1_2026-04-08_17-46-06.mp4,1923.0,331.5,1706,92,2140,571,0.8252051
223,/Volumes/SmithL0/2026/BIOL470/Final/Learning_Rig/bee_0408_2/bee_0408_2_fwd_blue_accident/cam1_2026-04-08_17-46-06.mp4,1923.5,331.0,1706,91,2141,571,0.8249284
224,/Volumes/SmithL0/2026/BIOL470/Final/Learning_Rig/bee_0408_2/bee_0408_2_fwd_blue_accident/cam1_2026-04-08_17-46-06.mp4,1922.5,330.5,1702,90,2143,571,0.82529557
225,/Volumes/SmithL0/2026/BIOL470/Final/Learning_Rig/bee_0408_2/bee_0408_2_fwd_blue_accident/cam1_2026-04-08_17-46-06.mp4,1921.5,330.5,1699,91,2144,570,0.8245091
226,/Volumes/SmithL0/2026/BIOL470/Final/Learning_Rig/bee_0408_2/bee_0408_2_fwd_blue_accident/cam1_2026-04-08_17-46-06.mp4,1923.0,331.0,1702,92,2144,570,0.8277979
227,/Volumes/SmithL0/2026/BIOL470/Final/Learning_Rig/bee_0408_2/bee_0408_2_fwd_blue_accident/cam1_2026-04-08_17-46-06.mp4,1921.0,330.5,1701,91,2141,570,0.82392794
228,/Volumes/SmithL0/2026/BIOL470/Final/Learning_Rig/bee_0408_2/bee_0408_2_fwd_blue_accident/cam1_2026-04-08_17-46-06.mp4,1919.0,331.0,1696,91,2142,571,0.82320786
229,/Volumes/SmithL0/2026/BIOL470/Final/Learning_Rig/bee_0408_2/bee_0408_2_fwd_blue_accident/cam1_2026-04-08_17-46-06.mp4,1924.0,330.0,1706,89,2142,571,0.8256146
230,/Volumes/SmithL0/2026/BIOL470/Final/Learning_Rig/bee_0408_2/bee_0408_2_fwd_blue_accident/cam1_2026-04-08_17-46-06.mp4,1920.0,330.0,1701,89,2139,571,0.81745315
231,/Volumes/SmithL0/2026/BIOL470/Final/Learning_Rig/bee_0408_2/bee_0408_2_fwd_blue_accident/cam1_2026-04-08_17-46-06.mp4,1918.0,329.5,1694,89,2142,570,0.82396454
232,/Volumes/SmithL0/2026/BIOL470/Final/Learning_Rig/bee_0408_2/bee_0408_2_fwd_blue_accident/cam1_2026-04-08_17-46-06.mp4,1915.0,330.0,1688,89,2142,571,0.8199172
233,/Volumes/SmithL0/2026/BIOL470/Final/Learning_Rig/bee_0408_2/bee_0408_2_fwd_blue_accident/cam1_2026-04-08_17-46-06.mp4,1916.5,332.0,1692,93,2141,571,0.8224324
234,/Volumes/SmithL0/2026/BIOL470/Final/Learning_Rig/bee_0408_2/bee_0408_2_fwd_blue_accident/cam1_2026-04-08_17-46-06.mp4,1919.5,331.0,1698,92,2141,570,0.8232754
235,/Volumes/SmithL0/2026/BIOL470/Final/Learning_Rig/bee_0408_2/bee_0408_2_fwd_blue_accident/cam1_2026-04-08_17-46-06.mp4,1924.0,330.5,1708,92,2140,569,0.8245229
236,/Volumes/SmithL0/2026/BIOL470/Final/Learning_Rig/bee_0408_2/bee_0408_2_fwd_blue_accident/cam1_2026-04-08_17-46-06.mp4,1921.0,330.0,1701,91,2141,569,0.82366073
237,/Volumes/SmithL0/2026/BIOL470/Final/Learning_Rig/bee_0408_2/bee_0408_2_fwd_blue_accident/cam1_2026-04-08_17-46-06.mp4,1916.0,331.0,1691,92,2141,570,0.8210446
238,/Volumes/SmithL0/2026/BIOL470/Final/Learning_Rig/bee_0408_2/bee_0408_2_fwd_blue_accident/cam1_2026-04-08_17-46-06.mp4,1918.0,330.5,1697,92,2139,569,0.8201087
239,/Volumes/SmithL0/2026/BIOL470/Final/Learning_Rig/bee_0408_2/bee_0408_2_fwd_blue_accident/cam1_2026-04-08_17-46-06.mp4,1919.0,331.0,1698,92,2140,570,0.81977975
240,/Volumes/SmithL0/2026/BIOL470/Final/Learning_Rig/bee_0408_2/bee_0408_2_fwd_blue_accident/cam1_2026-04-08_17-46-06.mp4,1922.5,331.0,1705,93,2140,569,0.82008094
241,/Volumes/SmithL0/2026/BIOL470/Final/Learning_Rig/bee_0408_2/bee_0408_2_fwd_blue_accident/cam1_2026-04-08_17-46-06.mp4,1924.0,330.5,1709,92,2139,569,0.82006603
242,/Volumes/SmithL0/2026/BIOL470/Final/Learning_Rig/bee_0408_2/bee_0408_2_fwd_blue_accident/cam1_2026-04-08_17-46-06.mp4,1922.5,330.5,1706,92,2139,569,0.8186787
243,/Volumes/SmithL0/2026/BIOL470/Final/Learning_Rig/bee_0408_2/bee_0408_2_fwd_blue_accident/cam1_2026-04-08_17-46-06.mp4,1921.5,330.0,1702,91,2141,569,0.8226987
244,/Volumes/SmithL0/2026/BIOL470/Final/Learning_Rig/bee_0408_2/bee_0408_2_fwd_blue_accident/cam1_2026-04-08_17-46-06.mp4,1918.5,331.5,1695,94,2142,569,0.8217688
245,/Volumes/SmithL0/2026/BIOL470/Final/Learning_Rig/bee_0408_2/bee_0408_2_fwd_blue_accident/cam1_2026-04-08_17-46-06.mp4,1923.0,330.5,1704,92,2142,569,0.82364357
246,/Volumes/SmithL0/2026/BIOL470/Final/Learning_Rig/bee_0408_2/bee_0408_2_fwd_blue_accident/cam1_2026-04-08_17-46-06.mp4,1923.5,331.0,1706,92,2141,570,0.82360095
247,/Volumes/SmithL0/2026/BIOL470/Final/Learning_Rig/bee_0408_2/bee_0408_2_fwd_blue_accident/cam1_2026-04-08_17-46-06.mp4,1923.5,331.5,1707,92,2140,571,0.8211532
248,/Volumes/SmithL0/2026/BIOL470/Final/Learning_Rig/bee_0408_2/bee_0408_2_fwd_blue_accident/cam1_2026-04-08_17-46-06.mp4,1922.5,332.5,1705,93,2140,572,0.81808877
249,/Volumes/SmithL0/2026/BIOL470/Final/Learning_Rig/bee_0408_2/bee_0408_2_fwd_blue_accident/cam1_2026-04-08_17-46-06.mp4,1922.0,332.0,1704,92,2140,572,0.8143878
250,/Volumes/SmithL0/2026/BIOL470/Final/Learning_Rig/bee_0408_2/bee_0408_2_fwd_blue_accident/cam1_2026-04-08_17-46-06.mp4,1921.5,331.5,1703,93,2140,570,0.82149124
251,/Volumes/SmithL0/2026/BIOL470/Final/Learning_Rig/bee_0408_2/bee_0408_2_fwd_blue_accident/cam1_2026-04-08_17-46-06.mp4,1924.0,331.0,1709,92,2139,570,0.8204572
252,/Volumes/SmithL0/2026/BIOL470/Final/Learning_Rig/bee_0408_2/bee_0408_2_fwd_blue_accident/cam1_2026-04-08_17-46-06.mp4,1925.0,331.0,1710,92,2140,570,0.8232635
253,/Volumes/SmithL0/2026/BIOL470/Final/Learning_Rig/bee_0408_2/bee_0408_2_fwd_blue_accident/cam1_2026-04-08_17-46-06.mp4,1924.0,331.0,1707,93,2141,569,0.8243138
254,/Volumes/SmithL0/2026/BIOL470/Final/Learning_Rig/bee_0408_2/bee_0408_2_fwd_blue_accident/cam1_2026-04-08_17-46-06.mp4,1923.5,330.5,1706,91,2141,570,0.8230096
255,/Volumes/SmithL0/2026/BIOL470/Final/Learning_Rig/bee_0408_2/bee_0408_2_fwd_blue_accident/cam1_2026-04-08_17-46-06.mp4,1923.5,330.5,1705,91,2142,570,0.8237269
256,/Volumes/SmithL0/2026/BIOL470/Final/Learning_Rig/bee_0408_2/bee_0408_2_fwd_blue_accident/cam1_2026-04-08_17-46-06.mp4,1911.0,331.0,1680,92,2142,570,0.81993353
257,/Volumes/SmithL0/2026/BIOL470/Final/Learning_Rig/bee_0408_2/bee_0408_2_fwd_blue_accident/cam1_2026-04-08_17-46-06.mp4,1900.5,330.0,1672,94,2129,566,0.8216889
258,/Volumes/SmithL0/2026/BIOL470/Final/Learning_Rig/bee_0408_2/bee_0408_2_fwd_blue_accident/cam1_2026-04-08_17-46-06.mp4,1899.0,329.5,1670,93,2128,566,0.8227235
259,/Volumes/SmithL0/2026/BIOL470/Final/Learning_Rig/bee_0408_2/bee_0408_2_fwd_blue_accident/cam1_2026-04-08_17-46-06.mp4,1903.5,329.0,1678,92,2129,566,0.8184563
260,/Volumes/SmithL0/2026/BIOL470/Final/Learning_Rig/bee_0408_2/bee_0408_2_fwd_blue_accident/cam1_2026-04-08_17-46-06.mp4,1920.5,331.0,1699,91,2142,571,0.8210056
261,/Volumes/SmithL0/2026/BIOL470/Final/Learning_Rig/bee_0408_2/bee_0408_2_fwd_blue_accident/cam1_2026-04-08_17-46-06.mp4,1919.5,331.0,1697,91,2142,571,0.82180685
262,/Volumes/SmithL0/2026/BIOL470/Final/Learning_Rig/bee_0408_2/bee_0408_2_fwd_blue_accident/cam1_2026-04-08_17-46-06.mp4,1919.5,330.0,1698,89,2141,571,0.8205824
263,/Volumes/SmithL0/2026/BIOL470/Final/Learning_Rig/bee_0408_2/bee_0408_2_fwd_blue_accident/cam1_2026-04-08_17-46-06.mp4,1921.5,331.0,1704,92,2139,570,0.81625664
264,/Volumes/SmithL0/2026/BIOL470/Final/Learning_Rig/bee_0408_2/bee_0408_2_fwd_blue_accident/cam1_2026-04-08_17-46-06.mp4,1914.5,331.0,1690,92,2139,570,0.8147048
265,/Volumes/SmithL0/2026/BIOL470/Final/Learning_Rig/bee_0408_2/bee_0408_2_fwd_blue_accident/cam1_2026-04-08_17-46-06.mp4,1917.0,331.5,1697,93,2137,570,0.81547385
266,/Volumes/SmithL0/2026/BIOL470/Final/Learning_Rig/bee_0408_2/bee_0408_2_fwd_blue_accident/cam1_2026-04-08_17-46-06.mp4,1920.0,330.5,1701,93,2139,568,0.8189873
267,/Volumes/SmithL0/2026/BIOL470/Final/Learning_Rig/bee_0408_2/bee_0408_2_fwd_blue_accident/cam1_2026-04-08_17-46-06.mp4,1925.5,331.5,1712,93,2139,570,0.8212432
268,/Volumes/SmithL0/2026/BIOL470/Final/Learning_Rig/bee_0408_2/bee_0408_2_fwd_blue_accident/cam1_2026-04-08_17-46-06.mp4,1926.0,330.0,1712,91,2140,569,0.822595
269,/Volumes/SmithL0/2026/BIOL470/Final/Learning_Rig/bee_0408_2/bee_0408_2_fwd_blue_accident/cam1_2026-04-08_17-46-06.mp4,1924.5,331.5,1711,94,2138,569,0.8224423
270,/Volumes/SmithL0/2026/BIOL470/Final/Learning_Rig/bee_0408_2/bee_0408_2_fwd_blue_accident/cam1_2026-04-08_17-46-06.mp4,1924.5,332.5,1709,95,2140,570,0.82459563
271,/Volumes/SmithL0/2026/BIOL470/Final/Learning_Rig/bee_0408_2/bee_0408_2_fwd_blue_accident/cam1_2026-04-08_17-46-06.mp4,1924.5,332.5,1709,94,2140,571,0.8233133
272,/Volumes/SmithL0/2026/BIOL470/Final/Learning_Rig/bee_0408_2/bee_0408_2_fwd_blue_accident/cam1_2026-04-08_17-46-06.mp4,1924.5,331.5,1708,94,2141,569,0.8269473
273,/Volumes/SmithL0/2026/BIOL470/Final/Learning_Rig/bee_0408_2/bee_0408_2_fwd_blue_accident/cam1_2026-04-08_17-46-06.mp4,1919.0,330.5,1699,92,2139,569,0.82000834
274,/Volumes/SmithL0/2026/BIOL470/Final/Learning_Rig/bee_0408_2/bee_0408_2_fwd_blue_accident/cam1_2026-04-08_17-46-06.mp4,1901.0,329.0,1674,91,2128,567,0.8194513
275,/Volumes/SmithL0/2026/BIOL470/Final/Learning_Rig/bee_0408_2/bee_0408_2_fwd_blue_accident/cam1_2026-04-08_17-46-06.mp4,1895.0,330.0,1659,94,2131,566,0.8197288
276,/Volumes/SmithL0/2026/BIOL470/Final/Learning_Rig/bee_0408_2/bee_0408_2_fwd_blue_accident/cam1_2026-04-08_17-46-06.mp4,1896.0,330.5,1663,93,2129,568,0.8168675
277,/Volumes/SmithL0/2026/BIOL470/Final/Learning_Rig/bee_0408_2/bee_0408_2_fwd_blue_accident/cam1_2026-04-08_17-46-06.mp4,1899.5,329.5,1669,93,2130,566,0.8214192
278,/Volumes/SmithL0/2026/BIOL470/Final/Learning_Rig/bee_0408_2/bee_0408_2_fwd_blue_accident/cam1_2026-04-08_17-46-06.mp4,1924.5,331.0,1708,92,2141,570,0.82114977
279,/Volumes/SmithL0/2026/BIOL470/Final/Learning_Rig/bee_0408_2/bee_0408_2_fwd_blue_accident/cam1_2026-04-08_17-46-06.mp4,1923.5,331.5,1707,92,2140,571,0.81959426
280,/Volumes/SmithL0/2026/BIOL470/Final/Learning_Rig/bee_0408_2/bee_0408_2_fwd_blue_accident/cam1_2026-04-08_17-46-06.mp4,1920.5,331.0,1699,92,2142,570,0.8234003
281,/Volumes/SmithL0/2026/BIOL470/Final/Learning_Rig/bee_0408_2/bee_0408_2_fwd_blue_accident/cam1_2026-04-08_17-46-06.mp4,1918.0,330.5,1694,92,2142,569,0.8199209
282,/Volumes/SmithL0/2026/BIOL470/Final/Learning_Rig/bee_0408_2/bee_0408_2_fwd_blue_accident/cam1_2026-04-08_17-46-06.mp4,1924.0,329.5,1706,91,2142,568,0.82339734
283,/Volumes/SmithL0/2026/BIOL470/Final/Learning_Rig/bee_0408_2/bee_0408_2_fwd_blue_accident/cam1_2026-04-08_17-46-06.mp4,1922.5,330.5,1703,94,2142,567,0.82336855
284,/Volumes/SmithL0/2026/BIOL470/Final/Learning_Rig/bee_0408_2/bee_0408_2_fwd_blue_accident/cam1_2026-04-08_17-46-06.mp4,1916.0,330.0,1689,93,2143,567,0.82053065
285,/Volumes/SmithL0/2026/BIOL470/Final/Learning_Rig/bee_0408_2/bee_0408_2_fwd_blue_accident/cam1_2026-04-08_17-46-06.mp4,1921.5,330.5,1701,93,2142,568,0.81922585
286,/Volumes/SmithL0/2026/BIOL470/Final/Learning_Rig/bee_0408_2/bee_0408_2_fwd_blue_accident/cam1_2026-04-08_17-46-06.mp4,1920.0,329.5,1698,91,2142,568,0.81786555
287,/Volumes/SmithL0/2026/BIOL470/Final/Learning_Rig/bee_0408_2/bee_0408_2_fwd_blue_accident/cam1_2026-04-08_17-46-06.mp4,1915.0,329.5,1688,90,2142,569,0.8170889
288,/Volumes/SmithL0/2026/BIOL470/Final/Learning_Rig/bee_0408_2/bee_0408_2_fwd_blue_accident/cam1_2026-04-08_17-46-06.mp4,1917.0,329.0,1695,90,2139,568,0.81696945
289,/Volumes/SmithL0/2026/BIOL470/Final/Learning_Rig/bee_0408_2/bee_0408_2_fwd_blue_accident/cam1_2026-04-08_17-46-06.mp4,1923.5,327.5,1709,89,2138,566,0.81854254
290,/Volumes/SmithL0/2026/BIOL470/Final/Learning_Rig/bee_0408_2/bee_0408_2_fwd_blue_accident/cam1_2026-04-08_17-46-06.mp4,1923.0,328.5,1706,89,2140,568,0.8208375
291,/Volumes/SmithL0/2026/BIOL470/Final/Learning_Rig/bee_0408_2/bee_0408_2_fwd_blue_accident/cam1_2026-04-08_17-46-06.mp4,1924.0,329.0,1707,90,2141,568,0.8212279
292,/Volumes/SmithL0/2026/BIOL470/Final/Learning_Rig/bee_0408_2/bee_0408_2_fwd_blue_accident/cam1_2026-04-08_17-46-06.mp4,1922.5,329.5,1705,91,2140,568,0.81606245
293,/Volumes/SmithL0/2026/BIOL470/Final/Learning_Rig/bee_0408_2/bee_0408_2_fwd_blue_accident/cam1_2026-04-08_17-46-06.mp4,1923.5,329.0,1707,91,2140,567,0.8190544
294,/Volumes/SmithL0/2026/BIOL470/Final/Learning_Rig/bee_0408_2/bee_0408_2_fwd_blue_accident/cam1_2026-04-08_17-46-06.mp4,1923.5,328.5,1705,90,2142,567,0.8206509
295,/Volumes/SmithL0/2026/BIOL470/Final/Learning_Rig/bee_0408_2/bee_0408_2_fwd_blue_accident/cam1_2026-04-08_17-46-06.mp4,1914.0,329.0,1685,89,2143,569,0.81979156
296,/Volumes/SmithL0/2026/BIOL470/Final/Learning_Rig/bee_0408_2/bee_0408_2_fwd_blue_accident/cam1_2026-04-08_17-46-06.mp4,1914.5,329.0,1687,90,2142,568,0.81734055
297,/Volumes/SmithL0/2026/BIOL470/Final/Learning_Rig/bee_0408_2/bee_0408_2_fwd_blue_accident/cam1_2026-04-08_17-46-06.mp4,1916.5,329.5,1692,90,2141,569,0.8155215
298,/Volumes/SmithL0/2026/BIOL470/Final/Learning_Rig/bee_0408_2/bee_0408_2_fwd_blue_accident/cam1_2026-04-08_17-46-06.mp4,1913.0,329.0,1684,90,2142,568,0.8202754
299,/Volumes/SmithL0/2026/BIOL470/Final/Learning_Rig/bee_0408_2/bee_0408_2_fwd_blue_accident/cam1_2026-04-08_17-46-06.mp4,1911.5,328.0,1681,88,2142,568,0.81490725
300,/Volumes/SmithL0/2026/BIOL470/Final/Learning_Rig/bee_0408_2/bee_0408_2_fwd_blue_accident/cam1_2026-04-08_17-46-06.mp4,1907.5,328.5,1672,89,2143,568,0.8203891
301,/Volumes/SmithL0/2026/BIOL470/Final/Learning_Rig/bee_0408_2/bee_0408_2_fwd_blue_accident/cam1_2026-04-08_17-46-06.mp4,1907.5,329.5,1673,90,2142,569,0.8172548
302,/Volumes/SmithL0/2026/BIOL470/Final/Learning_Rig/bee_0408_2/bee_0408_2_fwd_blue_accident/cam1_2026-04-08_17-46-06.mp4,1905.5,330.5,1668,91,2143,570,0.8146254
303,/Volumes/SmithL0/2026/BIOL470/Final/Learning_Rig/bee_0408_2/bee_0408_2_fwd_blue_accident/cam1_2026-04-08_17-46-06.mp4,1916.5,329.0,1691,90,2142,568,0.82075006
304,/Volumes/SmithL0/2026/BIOL470/Final/Learning_Rig/bee_0408_2/bee_0408_2_fwd_blue_accident/cam1_2026-04-08_17-46-06.mp4,1916.0,330.0,1690,91,2142,569,0.8207973
305,/Volumes/SmithL0/2026/BIOL470/Final/Learning_Rig/bee_0408_2/bee_0408_2_fwd_blue_accident/cam1_2026-04-08_17-46-06.mp4,1920.5,329.0,1701,90,2140,568,0.8215264
306,/Volumes/SmithL0/2026/BIOL470/Final/Learning_Rig/bee_0408_2/bee_0408_2_fwd_blue_accident/cam1_2026-04-08_17-46-06.mp4,1924.5,329.0,1708,91,2141,567,0.82335126
307,/Volumes/SmithL0/2026/BIOL470/Final/Learning_Rig/bee_0408_2/bee_0408_2_fwd_blue_accident/cam1_2026-04-08_17-46-06.mp4,1920.0,329.0,1699,91,2141,567,0.8220455
308,/Volumes/SmithL0/2026/BIOL470/Final/Learning_Rig/bee_0408_2/bee_0408_2_fwd_blue_accident/cam1_2026-04-08_17-46-06.mp4,1921.5,329.5,1702,92,2141,567,0.8227087
309,/Volumes/SmithL0/2026/BIOL470/Final/Learning_Rig/bee_0408_2/bee_0408_2_fwd_blue_accident/cam1_2026-04-08_17-46-06.mp4,1921.0,330.5,1703,93,2139,568,0.8189898
310,/Volumes/SmithL0/2026/BIOL470/Final/Learning_Rig/bee_0408_2/bee_0408_2_fwd_blue_accident/cam1_2026-04-08_17-46-06.mp4,1921.0,329.0,1703,91,2139,567,0.81988394
311,/Volumes/SmithL0/2026/BIOL470/Final/Learning_Rig/bee_0408_2/bee_0408_2_fwd_blue_accident/cam1_2026-04-08_17-46-06.mp4,1916.5,329.0,1693,90,2140,568,0.819321
312,/Volumes/SmithL0/2026/BIOL470/Final/Learning_Rig/bee_0408_2/bee_0408_2_fwd_blue_accident/cam1_2026-04-08_17-46-06.mp4,1907.0,326.5,1673,88,2141,565,0.8169949
313,/Volumes/SmithL0/2026/BIOL470/Final/Learning_Rig/bee_0408_2/bee_0408_2_fwd_blue_accident/cam1_2026-04-08_17-46-06.mp4,1910.0,324.5,1678,87,2142,562,0.81832874
314,/Volumes/SmithL0/2026/BIOL470/Final/Learning_Rig/bee_0408_2/bee_0408_2_fwd_blue_accident/cam1_2026-04-08_17-46-06.mp4,1924.5,322.0,1709,87,2140,557,0.8241965
315,/Volumes/SmithL0/2026/BIOL470/Final/Learning_Rig/bee_0408_2/bee_0408_2_fwd_blue_accident/cam1_2026-04-08_17-46-06.mp4,1924.5,321.5,1708,87,2141,556,0.8257305
316,/Volumes/SmithL0/2026/BIOL470/Final/Learning_Rig/bee_0408_2/bee_0408_2_fwd_blue_accident/cam1_2026-04-08_17-46-06.mp4,1921.0,327.0,1703,88,2139,566,0.8263787
317,/Volumes/SmithL0/2026/BIOL470/Final/Learning_Rig/bee_0408_2/bee_0408_2_fwd_blue_accident/cam1_2026-04-08_17-46-06.mp4,1924.5,323.5,1707,86,2142,561,0.8263612
318,/Volumes/SmithL0/2026/BIOL470/Final/Learning_Rig/bee_0408_2/bee_0408_2_fwd_blue_accident/cam1_2026-04-08_17-46-06.mp4,1923.0,326.0,1704,86,2142,566,0.8274067
319,/Volumes/SmithL0/2026/BIOL470/Final/Learning_Rig/bee_0408_2/bee_0408_2_fwd_blue_accident/cam1_2026-04-08_17-46-06.mp4,1923.0,328.0,1703,89,2143,567,0.82900536
320,/Volumes/SmithL0/2026/BIOL470/Final/Learning_Rig/bee_0408_2/bee_0408_2_fwd_blue_accident/cam1_2026-04-08_17-46-06.mp4,1922.0,329.0,1701,90,2143,568,0.82745755
321,/Volumes/SmithL0/2026/BIOL470/Final/Learning_Rig/bee_0408_2/bee_0408_2_fwd_blue_accident/cam1_2026-04-08_17-46-06.mp4,1921.5,328.0,1700,88,2143,568,0.82489175
322,/Volumes/SmithL0/2026/BIOL470/Final/Learning_Rig/bee_0408_2/bee_0408_2_fwd_blue_accident/cam1_2026-04-08_17-46-06.mp4,1924.5,327.5,1706,88,2143,567,0.8255929
323,/Volumes/SmithL0/2026/BIOL470/Final/Learning_Rig/bee_0408_2/bee_0408_2_fwd_blue_accident/cam1_2026-04-08_17-46-06.mp4,1915.5,326.5,1688,88,2143,565,0.8233858
324,/Volumes/SmithL0/2026/BIOL470/Final/Learning_Rig/bee_0408_2/bee_0408_2_fwd_blue_accident/cam1_2026-04-08_17-46-06.mp4,1911.0,326.5,1678,88,2144,565,0.82208925
325,/Volumes/SmithL0/2026/BIOL470/Final/Learning_Rig/bee_0408_2/bee_0408_2_fwd_blue_accident/cam1_2026-04-08_17-46-06.mp4,1900.5,323.0,1654,88,2147,558,0.8142436
326,/Volumes/SmithL0/2026/BIOL470/Final/Learning_Rig/bee_0408_2/bee_0408_2_fwd_blue_accident/cam1_2026-04-08_17-46-06.mp4,1898.0,323.0,1649,89,2147,557,0.8146862
327,/Volumes/SmithL0/2026/BIOL470/Final/Learning_Rig/bee_0408_2/bee_0408_2_fwd_blue_accident/cam1_2026-04-08_17-46-06.mp4,1900.0,324.0,1653,88,2147,560,0.8165885
328,/Volumes/SmithL0/2026/BIOL470/Final/Learning_Rig/bee_0408_2/bee_0408_2_fwd_blue_accident/cam1_2026-04-08_17-46-06.mp4,1900.0,322.0,1653,88,2147,556,0.8167064
329,/Volumes/SmithL0/2026/BIOL470/Final/Learning_Rig/bee_0408_2/bee_0408_2_fwd_blue_accident/cam1_2026-04-08_17-46-06.mp4,1900.0,324.5,1653,88,2147,561,0.81751335
330,/Volumes/SmithL0/2026/BIOL470/Final/Learning_Rig/bee_0408_2/bee_0408_2_fwd_blue_accident/cam1_2026-04-08_17-46-06.mp4,1904.5,320.5,1662,87,2147,554,0.8144025
331,/Volumes/SmithL0/2026/BIOL470/Final/Learning_Rig/bee_0408_2/bee_0408_2_fwd_blue_accident/cam1_2026-04-08_17-46-06.mp4,1907.5,323.5,1669,88,2146,559,0.816249
332,/Volumes/SmithL0/2026/BIOL470/Final/Learning_Rig/bee_0408_2/bee_0408_2_fwd_blue_accident/cam1_2026-04-08_17-46-06.mp4,1910.5,323.0,1676,87,2145,559,0.81731623
333,/Volumes/SmithL0/2026/BIOL470/Final/Learning_Rig/bee_0408_2/bee_0408_2_fwd_blue_accident/cam1_2026-04-08_17-46-06.mp4,1911.0,324.0,1677,89,2145,559,0.8148273
334,/Volumes/SmithL0/2026/BIOL470/Final/Learning_Rig/bee_0408_2/bee_0408_2_fwd_blue_accident/cam1_2026-04-08_17-46-06.mp4,1906.0,324.0,1667,88,2145,560,0.81613487
335,/Volumes/SmithL0/2026/BIOL470/Final/Learning_Rig/bee_0408_2/bee_0408_2_fwd_blue_accident/cam1_2026-04-08_17-46-06.mp4,1903.0,325.5,1660,90,2146,561,0.8167985
336,/Volumes/SmithL0/2026/BIOL470/Final/Learning_Rig/bee_0408_2/bee_0408_2_fwd_blue_accident/cam1_2026-04-08_17-46-06.mp4,1906.0,327.5,1666,91,2146,564,0.8190519
337,/Volumes/SmithL0/2026/BIOL470/Final/Learning_Rig/bee_0408_2/bee_0408_2_fwd_blue_accident/cam1_2026-04-08_17-46-06.mp4,1909.5,325.0,1674,91,2145,559,0.81757116
338,/Volumes/SmithL0/2026/BIOL470/Final/Learning_Rig/bee_0408_2/bee_0408_2_fwd_blue_accident/cam1_2026-04-08_17-46-06.mp4,1902.5,327.5,1660,91,2145,564,0.81723326
339,/Volumes/SmithL0/2026/BIOL470/Final/Learning_Rig/bee_0408_2/bee_0408_2_fwd_blue_accident/cam1_2026-04-08_17-46-06.mp4,1902.0,328.5,1659,90,2145,567,0.8140076
340,/Volumes/SmithL0/2026/BIOL470/Final/Learning_Rig/bee_0408_2/bee_0408_2_fwd_blue_accident/cam1_2026-04-08_17-46-06.mp4,1905.0,329.5,1665,91,2145,568,0.8148013
341,/Volumes/SmithL0/2026/BIOL470/Final/Learning_Rig/bee_0408_2/bee_0408_2_fwd_blue_accident/cam1_2026-04-08_17-46-06.mp4,1909.0,329.5,1673,92,2145,567,0.8147644
342,/Volumes/SmithL0/2026/BIOL470/Final/Learning_Rig/bee_0408_2/bee_0408_2_fwd_blue_accident/cam1_2026-04-08_17-46-06.mp4,1907.0,327.5,1669,90,2145,565,0.8152895
343,/Volumes/SmithL0/2026/BIOL470/Final/Learning_Rig/bee_0408_2/bee_0408_2_fwd_blue_accident/cam1_2026-04-08_17-46-06.mp4,1903.5,325.5,1661,90,2146,561,0.81586754
344,/Volumes/SmithL0/2026/BIOL470/Final/Learning_Rig/bee_0408_2/bee_0408_2_fwd_blue_accident/cam1_2026-04-08_17-46-06.mp4,1907.0,326.0,1668,89,2146,563,0.818647
345,/Volumes/SmithL0/2026/BIOL470/Final/Learning_Rig/bee_0408_2/bee_0408_2_fwd_blue_accident/cam1_2026-04-08_17-46-06.mp4,1914.0,327.0,1684,90,2144,564,0.81955105
346,/Volumes/SmithL0/2026/BIOL470/Final/Learning_Rig/bee_0408_2/bee_0408_2_fwd_blue_accident/cam1_2026-04-08_17-46-06.mp4,1910.0,327.5,1674,89,2146,566,0.8178205
347,/Volumes/SmithL0/2026/BIOL470/Final/Learning_Rig/bee_0408_2/bee_0408_2_fwd_blue_accident/cam1_2026-04-08_17-46-06.mp4,1908.0,328.0,1671,89,2145,567,0.81548387
348,/Volumes/SmithL0/2026/BIOL470/Final/Learning_Rig/bee_0408_2/bee_0408_2_fwd_blue_accident/cam1_2026-04-08_17-46-06.mp4,1908.5,326.5,1672,90,2145,563,0.8152058
349,/Volumes/SmithL0/2026/BIOL470/Final/Learning_Rig/bee_0408_2/bee_0408_2_fwd_blue_accident/cam1_2026-04-08_17-46-06.mp4,1911.0,326.5,1678,90,2144,563,0.8150469
350,/Volumes/SmithL0/2026/BIOL470/Final/Learning_Rig/bee_0408_2/bee_0408_2_fwd_blue_accident/cam1_2026-04-08_17-46-06.mp4,1909.0,327.5,1673,89,2145,566,0.81501025
351,/Volumes/SmithL0/2026/BIOL470/Final/Learning_Rig/bee_0408_2/bee_0408_2_fwd_blue_accident/cam1_2026-04-08_17-46-06.mp4,1912.0,327.0,1679,87,2145,567,0.8163415
352,/Volumes/SmithL0/2026/BIOL470/Final/Learning_Rig/bee_0408_2/bee_0408_2_fwd_blue_accident/cam1_2026-04-08_17-46-06.mp4,1911.0,326.5,1677,87,2145,566,0.8179611
353,/Volumes/SmithL0/2026/BIOL470/Final/Learning_Rig/bee_0408_2/bee_0408_2_fwd_blue_accident/cam1_2026-04-08_17-46-06.mp4,1912.0,325.0,1680,86,2144,564,0.8173822
354,/Volumes/SmithL0/2026/BIOL470/Final/Learning_Rig/bee_0408_2/bee_0408_2_fwd_blue_accident/cam1_2026-04-08_17-46-06.mp4,1911.0,327.0,1678,88,2144,566,0.8155671
355,/Volumes/SmithL0/2026/BIOL470/Final/Learning_Rig/bee_0408_2/bee_0408_2_fwd_blue_accident/cam1_2026-04-08_17-46-06.mp4,1908.0,327.0,1672,87,2144,567,0.8144312
356,/Volumes/SmithL0/2026/BIOL470/Final/Learning_Rig/bee_0408_2/bee_0408_2_fwd_blue_accident/cam1_2026-04-08_17-46-06.mp4,1903.5,326.0,1662,89,2145,563,0.81760705
357,/Volumes/SmithL0/2026/BIOL470/Final/Learning_Rig/bee_0408_2/bee_0408_2_fwd_blue_accident/cam1_2026-04-08_17-46-06.mp4,1906.0,328.0,1668,90,2144,566,0.8173251
358,/Volumes/SmithL0/2026/BIOL470/Final/Learning_Rig/bee_0408_2/bee_0408_2_fwd_blue_accident/cam1_2026-04-08_17-46-06.mp4,1908.0,326.5,1671,89,2145,564,0.81857336
359,/Volumes/SmithL0/2026/BIOL470/Final/Learning_Rig/bee_0408_2/bee_0408_2_fwd_blue_accident/cam1_2026-04-08_17-46-06.mp4,1914.5,325.5,1685,88,2144,563,0.81960404
360,/Volumes/SmithL0/2026/BIOL470/Final/Learning_Rig/bee_0408_2/bee_0408_2_fwd_blue_accident/cam1_2026-04-08_17-46-06.mp4,1908.5,326.5,1672,87,2145,566,0.8188415
361,/Volumes/SmithL0/2026/BIOL470/Final/Learning_Rig/bee_0408_2/bee_0408_2_fwd_blue_accident/cam1_2026-04-08_17-46-06.mp4,1909.0,327.0,1673,87,2145,567,0.8181941
362,/Volumes/SmithL0/2026/BIOL470/Final/Learning_Rig/bee_0408_2/bee_0408_2_fwd_blue_accident/cam1_2026-04-08_17-46-06.mp4,1907.0,327.0,1669,87,2145,567,0.8195299
363,/Volumes/SmithL0/2026/BIOL470/Final/Learning_Rig/bee_0408_2/bee_0408_2_fwd_blue_accident/cam1_2026-04-08_17-46-06.mp4,1906.5,327.0,1669,86,2144,568,0.8182962
364,/Volumes/SmithL0/2026/BIOL470/Final/Learning_Rig/bee_0408_2/bee_0408_2_fwd_blue_accident/cam1_2026-04-08_17-46-06.mp4,1911.0,327.5,1678,88,2144,567,0.81912047
365,/Volumes/SmithL0/2026/BIOL470/Final/Learning_Rig/bee_0408_2/bee_0408_2_fwd_blue_accident/cam1_2026-04-08_17-46-06.mp4,1916.5,328.0,1690,89,2143,567,0.8174505
366,/Volumes/SmithL0/2026/BIOL470/Final/Learning_Rig/bee_0408_2/bee_0408_2_fwd_blue_accident/cam1_2026-04-08_17-46-06.mp4,1917.0,328.5,1691,89,2143,568,0.81923825
367,/Volumes/SmithL0/2026/BIOL470/Final/Learning_Rig/bee_0408_2/bee_0408_2_fwd_blue_accident/cam1_2026-04-08_17-46-06.mp4,1924.0,327.5,1706,89,2142,566,0.81967723
368,/Volumes/SmithL0/2026/BIOL470/Final/Learning_Rig/bee_0408_2/bee_0408_2_fwd_blue_accident/cam1_2026-04-08_17-46-06.mp4,1922.0,327.5,1702,87,2142,568,0.81411237
369,/Volumes/SmithL0/2026/BIOL470/Final/Learning_Rig/bee_0408_2/bee_0408_2_fwd_blue_accident/cam1_2026-04-08_17-46-06.mp4,1918.0,325.5,1693,88,2143,563,0.81615376
370,/Volumes/SmithL0/2026/BIOL470/Final/Learning_Rig/bee_0408_2/bee_0408_2_fwd_blue_accident/cam1_2026-04-08_17-46-06.mp4,1915.0,325.5,1687,88,2143,563,0.8149924
371,/Volumes/SmithL0/2026/BIOL470/Final/Learning_Rig/bee_0408_2/bee_0408_2_fwd_blue_accident/cam1_2026-04-08_17-46-06.mp4,1920.0,324.0,1697,88,2143,560,0.81567407
372,/Volumes/SmithL0/2026/BIOL470/Final/Learning_Rig/bee_0408_2/bee_0408_2_fwd_blue_accident/cam1_2026-04-08_17-46-06.mp4,1917.5,326.5,1691,89,2144,564,0.81892544
373,/Volumes/SmithL0/2026/BIOL470/Final/Learning_Rig/bee_0408_2/bee_0408_2_fwd_blue_accident/cam1_2026-04-08_17-46-06.mp4,1915.0,327.5,1687,90,2143,565,0.8171004
374,/Volumes/SmithL0/2026/BIOL470/Final/Learning_Rig/bee_0408_2/bee_0408_2_fwd_blue_accident/cam1_2026-04-08_17-46-06.mp4,1909.0,326.0,1674,89,2144,563,0.8172415
375,/Volumes/SmithL0/2026/BIOL470/Final/Learning_Rig/bee_0408_2/bee_0408_2_fwd_blue_accident/cam1_2026-04-08_17-46-06.mp4,1913.5,326.0,1684,90,2143,562,0.8179553
376,/Volumes/SmithL0/2026/BIOL470/Final/Learning_Rig/bee_0408_2/bee_0408_2_fwd_blue_accident/cam1_2026-04-08_17-46-06.mp4,1915.5,324.5,1688,89,2143,560,0.81894255
377,/Volumes/SmithL0/2026/BIOL470/Final/Learning_Rig/bee_0408_2/bee_0408_2_fwd_blue_accident/cam1_2026-04-08_17-46-06.mp4,1922.5,328.0,1703,88,2142,568,0.8151074
378,/Volumes/SmithL0/2026/BIOL470/Final/Learning_Rig/bee_0408_2/bee_0408_2_fwd_blue_accident/cam1_2026-04-08_17-46-06.mp4,1919.5,327.5,1697,87,2142,568,0.81781125
379,/Volumes/SmithL0/2026/BIOL470/Final/Learning_Rig/bee_0408_2/bee_0408_2_fwd_blue_accident/cam1_2026-04-08_17-46-06.mp4,1921.0,326.5,1700,86,2142,567,0.81869966
380,/Volumes/SmithL0/2026/BIOL470/Final/Learning_Rig/bee_0408_2/bee_0408_2_fwd_blue_accident/cam1_2026-04-08_17-46-06.mp4,1918.0,326.5,1695,86,2141,567,0.8173216
381,/Volumes/SmithL0/2026/BIOL470/Final/Learning_Rig/bee_0408_2/bee_0408_2_fwd_blue_accident/cam1_2026-04-08_17-46-06.mp4,1914.5,325.5,1686,86,2143,565,0.81781656
382,/Volumes/SmithL0/2026/BIOL470/Final/Learning_Rig/bee_0408_2/bee_0408_2_fwd_blue_accident/cam1_2026-04-08_17-46-06.mp4,1920.0,326.0,1699,85,2141,567,0.81884056
383,/Volumes/SmithL0/2026/BIOL470/Final/Learning_Rig/bee_0408_2/bee_0408_2_fwd_blue_accident/cam1_2026-04-08_17-46-06.mp4,1925.5,326.5,1710,86,2141,567,0.8215571
384,/Volumes/SmithL0/2026/BIOL470/Final/Learning_Rig/bee_0408_2/bee_0408_2_fwd_blue_accident/cam1_2026-04-08_17-46-06.mp4,1924.0,326.5,1708,86,2140,567,0.8201916
385,/Volumes/SmithL0/2026/BIOL470/Final/Learning_Rig/bee_0408_2/bee_0408_2_fwd_blue_accident/cam1_2026-04-08_17-46-06.mp4,1923.0,328.0,1705,88,2141,568,0.81976455
386,/Volumes/SmithL0/2026/BIOL470/Final/Learning_Rig/bee_0408_2/bee_0408_2_fwd_blue_accident/cam1_2026-04-08_17-46-06.mp4,1916.0,329.0,1690,90,2142,568,0.8179104
387,/Volumes/SmithL0/2026/BIOL470/Final/Learning_Rig/bee_0408_2/bee_0408_2_fwd_blue_accident/cam1_2026-04-08_17-46-06.mp4,1920.5,328.5,1701,89,2140,568,0.8187393
388,/Volumes/SmithL0/2026/BIOL470/Final/Learning_Rig/bee_0408_2/bee_0408_2_fwd_blue_accident/cam1_2026-04-08_17-46-06.mp4,1908.0,329.0,1676,90,2140,568,0.8154879
389,/Volumes/SmithL0/2026/BIOL470/Final/Learning_Rig/bee_0408_2/bee_0408_2_fwd_blue_accident/cam1_2026-04-08_17-46-06.mp4,1908.5,328.0,1675,89,2142,567,0.8185117
390,/Volumes/SmithL0/2026/BIOL470/Final/Learning_Rig/bee_0408_2/bee_0408_2_fwd_blue_accident/cam1_2026-04-08_17-46-06.mp4,1907.0,329.0,1672,89,2142,569,0.8186717
391,/Volumes/SmithL0/2026/BIOL470/Final/Learning_Rig/bee_0408_2/bee_0408_2_fwd_blue_accident/cam1_2026-04-08_17-46-06.mp4,1909.5,328.5,1677,88,2142,569,0.81952876
392,/Volumes/SmithL0/2026/BIOL470/Final/Learning_Rig/bee_0408_2/bee_0408_2_fwd_blue_accident/cam1_2026-04-08_17-46-06.mp4,1912.0,328.5,1682,89,2142,568,0.8194944
393,/Volumes/SmithL0/2026/BIOL470/Final/Learning_Rig/bee_0408_2/bee_0408_2_fwd_blue_accident/cam1_2026-04-08_17-46-06.mp4,1924.5,328.5,1709,90,2140,567,0.82190925
394,/Volumes/SmithL0/2026/BIOL470/Final/Learning_Rig/bee_0408_2/bee_0408_2_fwd_blue_accident/cam1_2026-04-08_17-46-06.mp4,1924.0,328.0,1710,89,2138,567,0.82111824
395,/Volumes/SmithL0/2026/BIOL470/Final/Learning_Rig/bee_0408_2/bee_0408_2_fwd_blue_accident/cam1_2026-04-08_17-46-06.mp4,1925.0,326.0,1711,86,2139,566,0.8234394
396,/Volumes/SmithL0/2026/BIOL470/Final/Learning_Rig/bee_0408_2/bee_0408_2_fwd_blue_accident/cam1_2026-04-08_17-46-06.mp4,1925.0,327.0,1710,86,2140,568,0.8229603
397,/Volumes/SmithL0/2026/BIOL470/Final/Learning_Rig/bee_0408_2/bee_0408_2_fwd_blue_accident/cam1_2026-04-08_17-46-06.mp4,1917.0,332.5,1699,86,2135,579,0.8182222
398,/Volumes/SmithL0/2026/BIOL470/Final/Learning_Rig/bee_0408_2/bee_0408_2_fwd_blue_accident/cam1_2026-04-08_17-46-06.mp4,1923.0,327.5,1707,86,2139,569,0.8200992
399,/Volumes/SmithL0/2026/BIOL470/Final/Learning_Rig/bee_0408_2/bee_0408_2_fwd_blue_accident/cam1_2026-04-08_17-46-06.mp4,1923.5,327.5,1709,87,2138,568,0.8225527
400,/Volumes/SmithL0/2026/BIOL470/Final/Learning_Rig/bee_0408_2/bee_0408_2_fwd_blue_accident/cam1_2026-04-08_17-46-06.mp4,1922.5,328.0,1705,88,2140,568,0.82173026
401,/Volumes/SmithL0/2026/BIOL470/Final/Learning_Rig/bee_0408_2/bee_0408_2_fwd_blue_accident/cam1_2026-04-08_17-46-06.mp4,1913.0,327.5,1686,87,2140,568,0.81868654
402,/Volumes/SmithL0/2026/BIOL470/Final/Learning_Rig/bee_0408_2/bee_0408_2_fwd_blue_accident/cam1_2026-04-08_17-46-06.mp4,1914.0,327.0,1687,87,2141,567,0.8211586
403,/Volumes/SmithL0/2026/BIOL470/Final/Learning_Rig/bee_0408_2/bee_0408_2_fwd_blue_accident/cam1_2026-04-08_17-46-06.mp4,1912.5,327.5,1684,88,2141,567,0.8169773
404,/Volumes/SmithL0/2026/BIOL470/Final/Learning_Rig/bee_0408_2/bee_0408_2_fwd_blue_accident/cam1_2026-04-08_17-46-06.mp4,1915.0,327.0,1691,87,2139,567,0.8129157
405,/Volumes/SmithL0/2026/BIOL470/Final/Learning_Rig/bee_0408_2/bee_0408_2_fwd_blue_accident/cam1_2026-04-08_17-46-06.mp4,1916.5,327.0,1693,88,2140,566,0.8161905
406,/Volumes/SmithL0/2026/BIOL470/Final/Learning_Rig/bee_0408_2/bee_0408_2_fwd_blue_accident/cam1_2026-04-08_17-46-06.mp4,1914.5,325.0,1688,87,2141,563,0.81961924
407,/Volumes/SmithL0/2026/BIOL470/Final/Learning_Rig/bee_0408_2/bee_0408_2_fwd_blue_accident/cam1_2026-04-08_17-46-06.mp4,1912.0,326.0,1685,87,2139,565,0.8188126
408,/Volumes/SmithL0/2026/BIOL470/Final/Learning_Rig/bee_0408_2/bee_0408_2_fwd_blue_accident/cam1_2026-04-08_17-46-06.mp4,1912.0,326.0,1682,88,2142,564,0.821237
409,/Volumes/SmithL0/2026/BIOL470/Final/Learning_Rig/bee_0408_2/bee_0408_2_fwd_blue_accident/cam1_2026-04-08_17-46-06.mp4,1894.0,326.5,1660,78,2128,575,0.8187109
410,/Volumes/SmithL0/2026/BIOL470/Final/Learning_Rig/bee_0408_2/bee_0408_2_fwd_blue_accident/cam1_2026-04-08_17-46-06.mp4,1912.0,327.5,1691,79,2133,576,0.82518303
411,/Volumes/SmithL0/2026/BIOL470/Final/Learning_Rig/bee_0408_2/bee_0408_2_fwd_blue_accident/cam1_2026-04-08_17-46-06.mp4,1915.0,329.5,1696,81,2134,578,0.8259964
412,/Volumes/SmithL0/2026/BIOL470/Final/Learning_Rig/bee_0408_2/bee_0408_2_fwd_blue_accident/cam1_2026-04-08_17-46-06.mp4,1906.5,327.0,1679,72,2134,582,0.8183401
413,/Volumes/SmithL0/2026/BIOL470/Final/Learning_Rig/bee_0408_2/bee_0408_2_fwd_blue_accident/cam1_2026-04-08_17-46-06.mp4,1905.5,326.5,1674,71,2137,582,0.81612486
414,/Volumes/SmithL0/2026/BIOL470/Final/Learning_Rig/bee_0408_2/bee_0408_2_fwd_blue_accident/cam1_2026-04-08_17-46-06.mp4,1906.5,328.0,1678,73,2135,583,0.8142724
415,/Volumes/SmithL0/2026/BIOL470/Final/Learning_Rig/bee_0408_2/bee_0408_2_fwd_blue_accident/cam1_2026-04-08_17-46-06.mp4,1905.5,328.0,1678,73,2133,583,0.8123203
416,/Volumes/SmithL0/2026/BIOL470/Final/Learning_Rig/bee_0408_2/bee_0408_2_fwd_blue_accident/cam1_2026-04-08_17-46-06.mp4,1902.5,323.0,1661,74,2144,572,0.81309164
417,/Volumes/SmithL0/2026/BIOL470/Final/Learning_Rig/bee_0408_2/bee_0408_2_fwd_blue_accident/cam1_2026-04-08_17-46-06.mp4,1903.0,323.0,1664,74,2142,572,0.8121919
418,/Volumes/SmithL0/2026/BIOL470/Final/Learning_Rig/bee_0408_2/bee_0408_2_fwd_blue_accident/cam1_2026-04-08_17-46-06.mp4,1902.5,323.0,1662,75,2143,571,0.81504774
419,/Volumes/SmithL0/2026/BIOL470/Final/Learning_Rig/bee_0408_2/bee_0408_2_fwd_blue_accident/cam1_2026-04-08_17-46-06.mp4,1902.0,323.5,1661,75,2143,572,0.81341267
420,/Volumes/SmithL0/2026/BIOL470/Final/Learning_Rig/bee_0408_2/bee_0408_2_fwd_blue_accident/cam1_2026-04-08_17-46-06.mp4,1902.0,323.5,1662,75,2142,572,0.8111923
421,/Volumes/SmithL0/2026/BIOL470/Final/Learning_Rig/bee_0408_2/bee_0408_2_fwd_blue_accident/cam1_2026-04-08_17-46-06.mp4,1900.0,323.5,1657,75,2143,572,0.8087931
422,/Volumes/SmithL0/2026/BIOL470/Final/Learning_Rig/bee_0408_2/bee_0408_2_fwd_blue_accident/cam1_2026-04-08_17-46-06.mp4,1901.0,323.5,1660,75,2142,572,0.81275755
423,/Volumes/SmithL0/2026/BIOL470/Final/Learning_Rig/bee_0408_2/bee_0408_2_fwd_blue_accident/cam1_2026-04-08_17-46-06.mp4,1902.0,323.0,1661,75,2143,571,0.81413585
424,/Volumes/SmithL0/2026/BIOL470/Final/Learning_Rig/bee_0408_2/bee_0408_2_fwd_blue_accident/cam1_2026-04-08_17-46-06.mp4,1903.5,323.0,1665,74,2142,572,0.81340086
425,/Volumes/SmithL0/2026/BIOL470/Final/Learning_Rig/bee_0408_2/bee_0408_2_fwd_blue_accident/cam1_2026-04-08_17-46-06.mp4,1903.5,323.5,1666,75,2141,572,0.81223226
426,/Volumes/SmithL0/2026/BIOL470/Final/Learning_Rig/bee_0408_2/bee_0408_2_fwd_blue_accident/cam1_2026-04-08_17-46-06.mp4,1892.0,325.0,1656,83,2128,567,0.8115413
427,/Volumes/SmithL0/2026/BIOL470/Final/Learning_Rig/bee_0408_2/bee_0408_2_fwd_blue_accident/cam1_2026-04-08_17-46-06.mp4,1900.0,324.0,1659,76,2141,572,0.811577
428,/Volumes/SmithL0/2026/BIOL470/Final/Learning_Rig/bee_0408_2/bee_0408_2_fwd_blue_accident/cam1_2026-04-08_17-46-06.mp4,1900.0,324.0,1657,76,2143,572,0.8123322
429,/Volumes/SmithL0/2026/BIOL470/Final/Learning_Rig/bee_0408_2/bee_0408_2_fwd_blue_accident/cam1_2026-04-08_17-46-06.mp4,1900.0,324.5,1656,77,2144,572,0.81326586
430,/Volumes/SmithL0/2026/BIOL470/Final/Learning_Rig/bee_0408_2/bee_0408_2_fwd_blue_accident/cam1_2026-04-08_17-46-06.mp4,1900.5,323.5,1658,75,2143,572,0.8129454
431,/Volumes/SmithL0/2026/BIOL470/Final/Learning_Rig/bee_0408_2/bee_0408_2_fwd_blue_accident/cam1_2026-04-08_17-46-06.mp4,1900.5,324.0,1659,75,2142,573,0.81123644
432,/Volumes/SmithL0/2026/BIOL470/Final/Learning_Rig/bee_0408_2/bee_0408_2_fwd_blue_accident/cam1_2026-04-08_17-46-06.mp4,1901.0,324.0,1659,75,2143,573,0.8116767
433,/Volumes/SmithL0/2026/BIOL470/Final/Learning_Rig/bee_0408_2/bee_0408_2_fwd_blue_accident/cam1_2026-04-08_17-46-06.mp4,1902.0,323.5,1662,75,2142,572,0.8110118
434,/Volumes/SmithL0/2026/BIOL470/Final/Learning_Rig/bee_0408_2/bee_0408_2_fwd_blue_accident/cam1_2026-04-08_17-46-06.mp4,1901.0,323.5,1662,75,2140,572,0.8112584
435,/Volumes/SmithL0/2026/BIOL470/Final/Learning_Rig/bee_0408_2/bee_0408_2_fwd_blue_accident/cam1_2026-04-08_17-46-06.mp4,1900.5,324.0,1659,76,2142,572,0.8115997
436,/Volumes/SmithL0/2026/BIOL470/Final/Learning_Rig/bee_0408_2/bee_0408_2_fwd_blue_accident/cam1_2026-04-08_17-46-06.mp4,1901.0,323.5,1660,75,2142,572,0.81189895
437,/Volumes/SmithL0/2026/BIOL470/Final/Learning_Rig/bee_0408_2/bee_0408_2_fwd_blue_accident/cam1_2026-04-08_17-46-06.mp4,1901.0,323.0,1661,74,2141,572,0.8077987
438,/Volumes/SmithL0/2026/BIOL470/Final/Learning_Rig/bee_0408_2/bee_0408_2_fwd_blue_accident/cam1_2026-04-08_17-46-06.mp4,1902.5,324.5,1665,76,2140,573,0.80722386
439,/Volumes/SmithL0/2026/BIOL470/Final/Learning_Rig/bee_0408_2/bee_0408_2_fwd_blue_accident/cam1_2026-04-08_17-46-06.mp4,1905.0,324.0,1670,76,2140,572,0.8099078
440,/Volumes/SmithL0/2026/BIOL470/Final/Learning_Rig/bee_0408_2/bee_0408_2_fwd_blue_accident/cam1_2026-04-08_17-46-06.mp4,1901.5,324.5,1662,77,2141,572,0.8101827
441,/Volumes/SmithL0/2026/BIOL470/Final/Learning_Rig/bee_0408_2/bee_0408_2_fwd_blue_accident/cam1_2026-04-08_17-46-06.mp4,1901.5,324.0,1662,77,2141,571,0.8103785
442,/Volumes/SmithL0/2026/BIOL470/Final/Learning_Rig/bee_0408_2/bee_0408_2_fwd_blue_accident/cam1_2026-04-08_17-46-06.mp4,1901.5,322.5,1663,75,2140,570,0.8111955
443,/Volumes/SmithL0/2026/BIOL470/Final/Learning_Rig/bee_0408_2/bee_0408_2_fwd_blue_accident/cam1_2026-04-08_17-46-06.mp4,1903.5,322.5,1667,75,2140,570,0.8086491
444,/Volumes/SmithL0/2026/BIOL470/Final/Learning_Rig/bee_0408_2/bee_0408_2_fwd_blue_accident/cam1_2026-04-08_17-46-06.mp4,1902.0,323.0,1663,76,2141,570,0.81338376
445,/Volumes/SmithL0/2026/BIOL470/Final/Learning_Rig/bee_0408_2/bee_0408_2_fwd_blue_accident/cam1_2026-04-08_17-46-06.mp4,1902.0,323.0,1665,76,2139,570,0.8105481
446,/Volumes/SmithL0/2026/BIOL470/Final/Learning_Rig/bee_0408_2/bee_0408_2_fwd_blue_accident/cam1_2026-04-08_17-46-06.mp4,1901.5,324.0,1664,76,2139,572,0.8070895
447,/Volumes/SmithL0/2026/BIOL470/Final/Learning_Rig/bee_0408_2/bee_0408_2_fwd_blue_accident/cam1_2026-04-08_17-46-06.mp4,1901.5,323.5,1663,75,2140,572,0.80641663
448,/Volumes/SmithL0/2026/BIOL470/Final/Learning_Rig/bee_0408_2/bee_0408_2_fwd_blue_accident/cam1_2026-04-08_17-46-06.mp4,1903.5,323.0,1668,75,2139,571,0.8078082
449,/Volumes/SmithL0/2026/BIOL470/Final/Learning_Rig/bee_0408_2/bee_0408_2_fwd_blue_accident/cam1_2026-04-08_17-46-06.mp4,1902.5,323.5,1665,75,2140,572,0.80872166
450,/Volumes/SmithL0/2026/BIOL470/Final/Learning_Rig/bee_0408_2/bee_0408_2_fwd_blue_accident/cam1_2026-04-08_17-46-06.mp4,1900.5,323.5,1660,75,2141,572,0.8073421
451,/Volumes/SmithL0/2026/BIOL470/Final/Learning_Rig/bee_0408_2/bee_0408_2_fwd_blue_accident/cam1_2026-04-08_17-46-06.mp4,1899.5,323.5,1660,75,2139,572,0.8055882
452,/Volumes/SmithL0/2026/BIOL470/Final/Learning_Rig/bee_0408_2/bee_0408_2_fwd_blue_accident/cam1_2026-04-08_17-46-06.mp4,1899.5,322.5,1660,75,2139,570,0.8069521
453,/Volumes/SmithL0/2026/BIOL470/Final/Learning_Rig/bee_0408_2/bee_0408_2_fwd_blue_accident/cam1_2026-04-08_17-46-06.mp4,1901.0,322.5,1664,74,2138,571,0.8062295
454,/Volumes/SmithL0/2026/BIOL470/Final/Learning_Rig/bee_0408_2/bee_0408_2_fwd_blue_accident/cam1_2026-04-08_17-46-06.mp4,1902.0,322.5,1666,75,2138,570,0.80390954
455,/Volumes/SmithL0/2026/BIOL470/Final/Learning_Rig/bee_0408_2/bee_0408_2_fwd_blue_accident/cam1_2026-04-08_17-46-06.mp4,1904.0,324.0,1670,76,2138,572,0.8015782
456,/Volumes/SmithL0/2026/BIOL470/Final/Learning_Rig/bee_0408_2/bee_0408_2_fwd_blue_accident/cam1_2026-04-08_17-46-06.mp4,1902.5,324.0,1668,75,2137,573,0.80448544
457,/Volumes/SmithL0/2026/BIOL470/Final/Learning_Rig/bee_0408_2/bee_0408_2_fwd_blue_accident/cam1_2026-04-08_17-46-06.mp4,1902.5,323.5,1669,75,2136,572,0.80466586
458,/Volumes/SmithL0/2026/BIOL470/Final/Learning_Rig/bee_0408_2/bee_0408_2_fwd_blue_accident/cam1_2026-04-08_17-46-06.mp4,1902.0,323.0,1667,75,2137,571,0.8074464
459,/Volumes/SmithL0/2026/BIOL470/Final/Learning_Rig/bee_0408_2/bee_0408_2_fwd_blue_accident/cam1_2026-04-08_17-46-06.mp4,1901.5,322.5,1666,74,2137,571,0.8062703
460,/Volumes/SmithL0/2026/BIOL470/Final/Learning_Rig/bee_0408_2/bee_0408_2_fwd_blue_accident/cam1_2026-04-08_17-46-06.mp4,1902.0,323.0,1669,74,2135,572,0.80437714
461,/Volumes/SmithL0/2026/BIOL470/Final/Learning_Rig/bee_0408_2/bee_0408_2_fwd_blue_accident/cam1_2026-04-08_17-46-06.mp4,1906.5,322.5,1678,75,2135,570,0.80496925
462,/Volumes/SmithL0/2026/BIOL470/Final/Learning_Rig/bee_0408_2/bee_0408_2_fwd_blue_accident/cam1_2026-04-08_17-46-06.mp4,1906.5,323.0,1676,75,2137,571,0.80682725
463,/Volumes/SmithL0/2026/BIOL470/Final/Learning_Rig/bee_0408_2/bee_0408_2_fwd_blue_accident/cam1_2026-04-08_17-46-06.mp4,1905.0,323.5,1674,76,2136,571,0.80611265
464,/Volumes/SmithL0/2026/BIOL470/Final/Learning_Rig/bee_0408_2/bee_0408_2_fwd_blue_accident/cam1_2026-04-08_17-46-06.mp4,1902.5,324.0,1669,76,2136,572,0.8068202
465,/Volumes/SmithL0/2026/BIOL470/Final/Learning_Rig/bee_0408_2/bee_0408_2_fwd_blue_accident/cam1_2026-04-08_17-46-06.mp4,1894.0,324.5,1665,82,2123,567,0.8044568
466,/Volumes/SmithL0/2026/BIOL470/Final/Learning_Rig/bee_0408_2/bee_0408_2_fwd_blue_accident/cam1_2026-04-08_17-46-06.mp4,1893.5,325.5,1662,84,2125,567,0.80880535
467,/Volumes/SmithL0/2026/BIOL470/Final/Learning_Rig/bee_0408_2/bee_0408_2_fwd_blue_accident/cam1_2026-04-08_17-46-06.mp4,1895.5,324.5,1667,82,2124,567,0.805587
468,/Volumes/SmithL0/2026/BIOL470/Final/Learning_Rig/bee_0408_2/bee_0408_2_fwd_blue_accident/cam1_2026-04-08_17-46-06.mp4,1892.0,325.5,1660,83,2124,568,0.8094526
469,/Volumes/SmithL0/2026/BIOL470/Final/Learning_Rig/bee_0408_2/bee_0408_2_fwd_blue_accident/cam1_2026-04-08_17-46-06.mp4,1893.0,326.0,1659,84,2127,568,0.8062872
470,/Volumes/SmithL0/2026/BIOL470/Final/Learning_Rig/bee_0408_2/bee_0408_2_fwd_blue_accident/cam1_2026-04-08_17-46-06.mp4,1904.0,324.5,1669,76,2139,573,0.8049182
471,/Volumes/SmithL0/2026/BIOL470/Final/Learning_Rig/bee_0408_2/bee_0408_2_fwd_blue_accident/cam1_2026-04-08_17-46-06.mp4,1896.0,325.5,1664,83,2128,568,0.8037868
472,/Volumes/SmithL0/2026/BIOL470/Final/Learning_Rig/bee_0408_2/bee_0408_2_fwd_blue_accident/cam1_2026-04-08_17-46-06.mp4,1894.0,325.0,1661,83,2127,567,0.8062954
473,/Volumes/SmithL0/2026/BIOL470/Final/Learning_Rig/bee_0408_2/bee_0408_2_fwd_blue_accident/cam1_2026-04-08_17-46-06.mp4,1894.5,325.0,1662,83,2127,567,0.80598485
474,/Volumes/SmithL0/2026/BIOL470/Final/Learning_Rig/bee_0408_2/bee_0408_2_fwd_blue_accident/cam1_2026-04-08_17-46-06.mp4,1895.5,324.5,1664,82,2127,567,0.80559754
475,/Volumes/SmithL0/2026/BIOL470/Final/Learning_Rig/bee_0408_2/bee_0408_2_fwd_blue_accident/cam1_2026-04-08_17-46-06.mp4,1906.5,323.0,1675,75,2138,571,0.8060264
476,/Volumes/SmithL0/2026/BIOL470/Final/Learning_Rig/bee_0408_2/bee_0408_2_fwd_blue_accident/cam1_2026-04-08_17-46-06.mp4,1905.5,323.5,1674,74,2137,573,0.8044726
477,/Volumes/SmithL0/2026/BIOL470/Final/Learning_Rig/bee_0408_2/bee_0408_2_fwd_blue_accident/cam1_2026-04-08_17-46-06.mp4,1905.5,324.0,1676,75,2135,573,0.8048063
478,/Volumes/SmithL0/2026/BIOL470/Final/Learning_Rig/bee_0408_2/bee_0408_2_fwd_blue_accident/cam1_2026-04-08_17-46-06.mp4,1908.0,324.5,1681,76,2135,573,0.80663455
479,/Volumes/SmithL0/2026/BIOL470/Final/Learning_Rig/bee_0408_2/bee_0408_2_fwd_blue_accident/cam1_2026-04-08_17-46-06.mp4,1908.0,323.5,1679,76,2137,571,0.8075802
480,/Volumes/SmithL0/2026/BIOL470/Final/Learning_Rig/bee_0408_2/bee_0408_2_fwd_blue_accident/cam1_2026-04-08_17-46-06.mp4,1905.5,324.0,1674,77,2137,571,0.8049566
481,/Volumes/SmithL0/2026/BIOL470/Final/Learning_Rig/bee_0408_2/bee_0408_2_fwd_blue_accident/cam1_2026-04-08_17-46-06.mp4,1906.0,323.0,1674,76,2138,570,0.8060349
482,/Volumes/SmithL0/2026/BIOL470/Final/Learning_Rig/bee_0408_2/bee_0408_2_fwd_blue_accident/cam1_2026-04-08_17-46-06.mp4,1909.0,323.5,1681,76,2137,571,0.80876154
483,/Volumes/SmithL0/2026/BIOL470/Final/Learning_Rig/bee_0408_2/bee_0408_2_fwd_blue_accident/cam1_2026-04-08_17-46-06.mp4,1910.5,323.5,1684,76,2137,571,0.80776244
484,/Volumes/SmithL0/2026/BIOL470/Final/Learning_Rig/bee_0408_2/bee_0408_2_fwd_blue_accident/cam1_2026-04-08_17-46-06.mp4,1908.5,324.0,1682,77,2135,571,0.8069593
485,/Volumes/SmithL0/2026/BIOL470/Final/Learning_Rig/bee_0408_2/bee_0408_2_fwd_blue_accident/cam1_2026-04-08_17-46-06.mp4,1905.5,323.5,1677,74,2134,573,0.8018971
486,/Volumes/SmithL0/2026/BIOL470/Final/Learning_Rig/bee_0408_2/bee_0408_2_fwd_blue_accident/cam1_2026-04-08_17-46-06.mp4,1908.5,323.0,1680,74,2137,572,0.80694777
487,/Volumes/SmithL0/2026/BIOL470/Final/Learning_Rig/bee_0408_2/bee_0408_2_fwd_blue_accident/cam1_2026-04-08_17-46-06.mp4,1905.5,322.5,1673,74,2138,571,0.8082546
488,/Volumes/SmithL0/2026/BIOL470/Final/Learning_Rig/bee_0408_2/bee_0408_2_fwd_blue_accident/cam1_2026-04-08_17-46-06.mp4,1903.5,322.5,1669,73,2138,572,0.80706644
489,/Volumes/SmithL0/2026/BIOL470/Final/Learning_Rig/bee_0408_2/bee_0408_2_fwd_blue_accident/cam1_2026-04-08_17-46-06.mp4,1905.5,322.5,1674,73,2137,572,0.8025888
490,/Volumes/SmithL0/2026/BIOL470/Final/Learning_Rig/bee_0408_2/bee_0408_2_fwd_blue_accident/cam1_2026-04-08_17-46-06.mp4,1908.5,322.5,1681,73,2136,572,0.80564624
491,/Volumes/SmithL0/2026/BIOL470/Final/Learning_Rig/bee_0408_2/bee_0408_2_fwd_blue_accident/cam1_2026-04-08_17-46-06.mp4,1900.5,323.0,1661,75,2140,571,0.808045
492,/Volumes/SmithL0/2026/BIOL470/Final/Learning_Rig/bee_0408_2/bee_0408_2_fwd_blue_accident/cam1_2026-04-08_17-46-06.mp4,1899.5,322.5,1661,74,2138,571,0.8071591
493,/Volumes/SmithL0/2026/BIOL470/Final/Learning_Rig/bee_0408_2/bee_0408_2_fwd_blue_accident/cam1_2026-04-08_17-46-06.mp4,1901.5,323.5,1664,76,2139,571,0.8088572
494,/Volumes/SmithL0/2026/BIOL470/Final/Learning_Rig/bee_0408_2/bee_0408_2_fwd_blue_accident/cam1_2026-04-08_17-46-06.mp4,1903.0,323.5,1668,75,2138,572,0.80844676
495,/Volumes/SmithL0/2026/BIOL470/Final/Learning_Rig/bee_0408_2/bee_0408_2_fwd_blue_accident/cam1_2026-04-08_17-46-06.mp4,1891.0,326.5,1657,87,2125,566,0.80784315
496,/Volumes/SmithL0/2026/BIOL470/Final/Learning_Rig/bee_0408_2/bee_0408_2_fwd_blue_accident/cam1_2026-04-08_17-46-06.mp4,1899.0,321.5,1661,75,2137,568,0.8075296
497,/Volumes/SmithL0/2026/BIOL470/Final/Learning_Rig/bee_0408_2/bee_0408_2_fwd_blue_accident/cam1_2026-04-08_17-46-06.mp4,1892.0,325.5,1658,85,2126,566,0.80566454
498,/Volumes/SmithL0/2026/BIOL470/Final/Learning_Rig/bee_0408_2/bee_0408_2_fwd_blue_accident/cam1_2026-04-08_17-46-06.mp4,1899.5,321.5,1663,75,2136,568,0.80057764
499,/Volumes/SmithL0/2026/BIOL470/Final/Learning_Rig/bee_0408_2/bee_0408_2_fwd_blue_accident/cam1_2026-04-08_17-46-06.mp4,1891.5,325.5,1659,84,2124,567,0.7999706
500,/Volumes/SmithL0/2026/BIOL470/Final/Learning_Rig/bee_0408_2/bee_0408_2_fwd_blue_accident/cam1_2026-04-08_17-46-06.mp4,1901.5,321.0,1665,75,2138,567,0.80417985
501,/Volumes/SmithL0/2026/BIOL470/Final/Learning_Rig/bee_0408_2/bee_0408_2_fwd_blue_accident/cam1_2026-04-08_17-46-06.mp4,1893.0,326.0,1661,85,2125,567,0.8049501
502,/Volumes/SmithL0/2026/BIOL470/Final/Learning_Rig/bee_0408_2/bee_0408_2_fwd_blue_accident/cam1_2026-04-08_17-46-06.mp4,1893.0,326.0,1662,84,2124,568,0.804109
503,/Volumes/SmithL0/2026/BIOL470/Final/Learning_Rig/bee_0408_2/bee_0408_2_fwd_blue_accident/cam1_2026-04-08_17-46-06.mp4,1892.5,325.5,1662,84,2123,567,0.80430746
504,/Volumes/SmithL0/2026/BIOL470/Final/Learning_Rig/bee_0408_2/bee_0408_2_fwd_blue_accident/cam1_2026-04-08_17-46-06.mp4,1902.5,323.0,1672,76,2133,570,0.8033049
505,/Volumes/SmithL0/2026/BIOL470/Final/Learning_Rig/bee_0408_2/bee_0408_2_fwd_blue_accident/cam1_2026-04-08_17-46-06.mp4,1904.0,323.5,1675,76,2133,571,0.8058063
506,/Volumes/SmithL0/2026/BIOL470/Final/Learning_Rig/bee_0408_2/bee_0408_2_fwd_blue_accident/cam1_2026-04-08_17-46-06.mp4,1905.0,322.0,1673,76,2137,568,0.80605143
507,/Volumes/SmithL0/2026/BIOL470/Final/Learning_Rig/bee_0408_2/bee_0408_2_fwd_blue_accident/cam1_2026-04-08_17-46-06.mp4,1905.5,323.5,1675,76,2136,571,0.8041179
508,/Volumes/SmithL0/2026/BIOL470/Final/Learning_Rig/bee_0408_2/bee_0408_2_fwd_blue_accident/cam1_2026-04-08_17-46-06.mp4,1904.5,323.0,1672,76,2137,570,0.8015713
509,/Volumes/SmithL0/2026/BIOL470/Final/Learning_Rig/bee_0408_2/bee_0408_2_fwd_blue_accident/cam1_2026-04-08_17-46-06.mp4,1893.0,325.0,1661,83,2125,567,0.80695516
510,/Volumes/SmithL0/2026/BIOL470/Final/Learning_Rig/bee_0408_2/bee_0408_2_fwd_blue_accident/cam1_2026-04-08_17-46-06.mp4,1903.0,322.5,1667,75,2139,570,0.80566406
511,/Volumes/SmithL0/2026/BIOL470/Final/Learning_Rig/bee_0408_2/bee_0408_2_fwd_blue_accident/cam1_2026-04-08_17-46-06.mp4,1903.5,323.0,1670,75,2137,571,0.8051714
512,/Volumes/SmithL0/2026/BIOL470/Final/Learning_Rig/bee_0408_2/bee_0408_2_fwd_blue_accident/cam1_2026-04-08_17-46-06.mp4,1893.0,325.0,1662,82,2124,568,0.8035217
513,/Volumes/SmithL0/2026/BIOL470/Final/Learning_Rig/bee_0408_2/bee_0408_2_fwd_blue_accident/cam1_2026-04-08_17-46-06.mp4,1893.5,325.0,1663,82,2124,568,0.80271435
514,/Volumes/SmithL0/2026/BIOL470/Final/Learning_Rig/bee_0408_2/bee_0408_2_fwd_blue_accident/cam1_2026-04-08_17-46-06.mp4,1893.0,325.0,1662,82,2124,568,0.80373484
515,/Volumes/SmithL0/2026/BIOL470/Final/Learning_Rig/bee_0408_2/bee_0408_2_fwd_blue_accident/cam1_2026-04-08_17-46-06.mp4,1904.0,323.5,1672,74,2136,573,0.8049684
516,/Volumes/SmithL0/2026/BIOL470/Final/Learning_Rig/bee_0408_2/bee_0408_2_fwd_blue_accident/cam1_2026-04-08_17-46-06.mp4,1904.0,323.5,1673,76,2135,571,0.8049601
517,/Volumes/SmithL0/2026/BIOL470/Final/Learning_Rig/bee_0408_2/bee_0408_2_fwd_blue_accident/cam1_2026-04-08_17-46-06.mp4,1903.0,322.5,1671,75,2135,570,0.8057582
518,/Volumes/SmithL0/2026/BIOL470/Final/Learning_Rig/bee_0408_2/bee_0408_2_fwd_blue_accident/cam1_2026-04-08_17-46-06.mp4,1905.5,322.5,1673,75,2138,570,0.80381703
519,/Volumes/SmithL0/2026/BIOL470/Final/Learning_Rig/bee_0408_2/bee_0408_2_fwd_blue_accident/cam1_2026-04-08_17-46-06.mp4,1906.5,323.0,1677,74,2136,572,0.8062662
520,/Volumes/SmithL0/2026/BIOL470/Final/Learning_Rig/bee_0408_2/bee_0408_2_fwd_blue_accident/cam1_2026-04-08_17-46-06.mp4,1893.0,324.5,1662,81,2124,568,0.808095
521,/Volumes/SmithL0/2026/BIOL470/Final/Learning_Rig/bee_0408_2/bee_0408_2_fwd_blue_accident/cam1_2026-04-08_17-46-06.mp4,1893.0,324.0,1664,80,2122,568,0.8058754
522,/Volumes/SmithL0/2026/BIOL470/Final/Learning_Rig/bee_0408_2/bee_0408_2_fwd_blue_accident/cam1_2026-04-08_17-46-06.mp4,1905.0,324.0,1676,75,2134,573,0.8064992
523,/Volumes/SmithL0/2026/BIOL470/Final/Learning_Rig/bee_0408_2/bee_0408_2_fwd_blue_accident/cam1_2026-04-08_17-46-06.mp4,1905.5,325.5,1676,77,2135,574,0.8057499
524,/Volumes/SmithL0/2026/BIOL470/Final/Learning_Rig/bee_0408_2/bee_0408_2_fwd_blue_accident/cam1_2026-04-08_17-46-06.mp4,1893.5,327.5,1663,85,2124,570,0.8044291
525,/Volumes/SmithL0/2026/BIOL470/Final/Learning_Rig/bee_0408_2/bee_0408_2_fwd_blue_accident/cam1_2026-04-08_17-46-06.mp4,1898.5,325.0,1665,76,2132,574,0.80316204
526,/Volumes/SmithL0/2026/BIOL470/Final/Learning_Rig/bee_0408_2/bee_0408_2_fwd_blue_accident/cam1_2026-04-08_17-46-06.mp4,1902.5,323.0,1671,72,2134,574,0.8033137
527,/Volumes/SmithL0/2026/BIOL470/Final/Learning_Rig/bee_0408_2/bee_0408_2_fwd_blue_accident/cam1_2026-04-08_17-46-06.mp4,1903.5,325.0,1674,75,2133,575,0.8059635
528,/Volumes/SmithL0/2026/BIOL470/Final/Learning_Rig/bee_0408_2/bee_0408_2_fwd_blue_accident/cam1_2026-04-08_17-46-06.mp4,1891.0,324.0,1659,80,2123,568,0.80775434
529,/Volumes/SmithL0/2026/BIOL470/Final/Learning_Rig/bee_0408_2/bee_0408_2_fwd_blue_accident/cam1_2026-04-08_17-46-06.mp4,1890.0,324.0,1658,81,2122,567,0.80690277
530,/Volumes/SmithL0/2026/BIOL470/Final/Learning_Rig/bee_0408_2/bee_0408_2_fwd_blue_accident/cam1_2026-04-08_17-46-06.mp4,1890.0,324.5,1658,80,2122,569,0.80559665
531,/Volumes/SmithL0/2026/BIOL470/Final/Learning_Rig/bee_0408_2/bee_0408_2_fwd_blue_accident/cam1_2026-04-08_17-46-06.mp4,1890.0,325.0,1659,81,2121,569,0.8024928
532,/Volumes/SmithL0/2026/BIOL470/Final/Learning_Rig/bee_0408_2/bee_0408_2_fwd_blue_accident/cam1_2026-04-08_17-46-06.mp4,1890.0,325.0,1660,80,2120,570,0.8059274
533,/Volumes/SmithL0/2026/BIOL470/Final/Learning_Rig/bee_0408_2/bee_0408_2_fwd_blue_accident/cam1_2026-04-08_17-46-06.mp4,1891.0,324.5,1662,80,2120,569,0.8042306
534,/Volumes/SmithL0/2026/BIOL470/Final/Learning_Rig/bee_0408_2/bee_0408_2_fwd_blue_accident/cam1_2026-04-08_17-46-06.mp4,1893.0,324.5,1666,80,2120,569,0.80391383
535,/Volumes/SmithL0/2026/BIOL470/Final/Learning_Rig/bee_0408_2/bee_0408_2_fwd_blue_accident/cam1_2026-04-08_17-46-06.mp4,1892.5,324.0,1665,79,2120,569,0.8002845
536,/Volumes/SmithL0/2026/BIOL470/Final/Learning_Rig/bee_0408_2/bee_0408_2_fwd_blue_accident/cam1_2026-04-08_17-46-06.mp4,1892.5,324.0,1665,79,2120,569,0.8010608
537,/Volumes/SmithL0/2026/BIOL470/Final/Learning_Rig/bee_0408_2/bee_0408_2_fwd_blue_accident/cam1_2026-04-08_17-46-06.mp4,1904.5,322.0,1681,74,2128,570,0.8038524
538,/Volumes/SmithL0/2026/BIOL470/Final/Learning_Rig/bee_0408_2/bee_0408_2_fwd_blue_accident/cam1_2026-04-08_17-46-06.mp4,1906.5,320.5,1684,75,2129,566,0.8029815
539,/Volumes/SmithL0/2026/BIOL470/Final/Learning_Rig/bee_0408_2/bee_0408_2_fwd_blue_accident/cam1_2026-04-08_17-46-06.mp4,1907.0,316.5,1681,74,2133,559,0.80046755
540,/Volumes/SmithL0/2026/BIOL470/Final/Learning_Rig/bee_0408_2/bee_0408_2_fwd_blue_accident/cam1_2026-04-08_17-46-06.mp4,1905.5,321.5,1680,74,2131,569,0.80290544
541,/Volumes/SmithL0/2026/BIOL470/Final/Learning_Rig/bee_0408_2/bee_0408_2_fwd_blue_accident/cam1_2026-04-08_17-46-06.mp4,1905.0,320.5,1681,74,2129,567,0.8038726
542,/Volumes/SmithL0/2026/BIOL470/Final/Learning_Rig/bee_0408_2/bee_0408_2_fwd_blue_accident/cam1_2026-04-08_17-46-06.mp4,1897.5,322.0,1664,74,2131,570,0.80049986
543,/Volumes/SmithL0/2026/BIOL470/Final/Learning_Rig/bee_0408_2/bee_0408_2_fwd_blue_accident/cam1_2026-04-08_17-46-06.mp4,1889.5,323.0,1660,75,2119,571,0.79999655
544,/Volumes/SmithL0/2026/BIOL470/Final/Learning_Rig/bee_0408_2/bee_0408_2_fwd_blue_accident/cam1_2026-04-08_17-46-06.mp4,1889.5,323.0,1660,77,2119,569,0.8031068
545,/Volumes/SmithL0/2026/BIOL470/Final/Learning_Rig/bee_0408_2/bee_0408_2_fwd_blue_accident/cam1_2026-04-08_17-46-06.mp4,1889.0,323.5,1660,78,2118,569,0.802255
546,/Volumes/SmithL0/2026/BIOL470/Final/Learning_Rig/bee_0408_2/bee_0408_2_fwd_blue_accident/cam1_2026-04-08_17-46-06.mp4,1889.0,323.5,1659,79,2119,568,0.80470103
547,/Volumes/SmithL0/2026/BIOL470/Final/Learning_Rig/bee_0408_2/bee_0408_2_fwd_blue_accident/cam1_2026-04-08_17-46-06.mp4,1889.0,323.0,1657,79,2121,567,0.8067482
548,/Volumes/SmithL0/2026/BIOL470/Final/Learning_Rig/bee_0408_2/bee_0408_2_fwd_blue_accident/cam1_2026-04-08_17-46-06.mp4,1889.5,324.0,1658,80,2121,568,0.8047403
549,/Volumes/SmithL0/2026/BIOL470/Final/Learning_Rig/bee_0408_2/bee_0408_2_fwd_blue_accident/cam1_2026-04-08_17-46-06.mp4,1889.0,324.5,1658,81,2120,568,0.804981
550,/Volumes/SmithL0/2026/BIOL470/Final/Learning_Rig/bee_0408_2/bee_0408_2_fwd_blue_accident/cam1_2026-04-08_17-46-06.mp4,1890.0,324.5,1660,79,2120,570,0.806465
551,/Volumes/SmithL0/2026/BIOL470/Final/Learning_Rig/bee_0408_2/bee_0408_2_fwd_blue_accident/cam1_2026-04-08_17-46-06.mp4,1891.5,324.0,1662,79,2121,569,0.80616695
552,/Volumes/SmithL0/2026/BIOL470/Final/Learning_Rig/bee_0408_2/bee_0408_2_fwd_blue_accident/cam1_2026-04-08_17-46-06.mp4,1900.0,322.5,1669,75,2131,570,0.802118
553,/Volumes/SmithL0/2026/BIOL470/Final/Learning_Rig/bee_0408_2/bee_0408_2_fwd_blue_accident/cam1_2026-04-08_17-46-06.mp4,1892.5,323.5,1665,79,2120,568,0.8062183
554,/Volumes/SmithL0/2026/BIOL470/Final/Learning_Rig/bee_0408_2/bee_0408_2_fwd_blue_accident/cam1_2026-04-08_17-46-06.mp4,1893.0,322.5,1666,76,2120,569,0.80180186
555,/Volumes/SmithL0/2026/BIOL470/Final/Learning_Rig/bee_0408_2/bee_0408_2_fwd_blue_accident/cam1_2026-04-08_17-46-06.mp4,1905.0,319.5,1683,73,2127,566,0.80308574
556,/Volumes/SmithL0/2026/BIOL470/Final/Learning_Rig/bee_0408_2/bee_0408_2_fwd_blue_accident/cam1_2026-04-08_17-46-06.mp4,1907.0,321.0,1686,73,2128,569,0.80429846
557,/Volumes/SmithL0/2026/BIOL470/Final/Learning_Rig/bee_0408_2/bee_0408_2_fwd_blue_accident/cam1_2026-04-08_17-46-06.mp4,1905.5,320.5,1683,74,2128,567,0.80286014
558,/Volumes/SmithL0/2026/BIOL470/Final/Learning_Rig/bee_0408_2/bee_0408_2_fwd_blue_accident/cam1_2026-04-08_17-46-06.mp4,1906.0,319.5,1684,73,2128,566,0.80057466
559,/Volumes/SmithL0/2026/BIOL470/Final/Learning_Rig/bee_0408_2/bee_0408_2_fwd_blue_accident/cam1_2026-04-08_17-46-06.mp4,1904.5,323.5,1682,74,2127,573,0.80428314
560,/Volumes/SmithL0/2026/BIOL470/Final/Learning_Rig/bee_0408_2/bee_0408_2_fwd_blue_accident/cam1_2026-04-08_17-46-06.mp4,1890.5,325.5,1659,81,2122,570,0.8048611
561,/Volumes/SmithL0/2026/BIOL470/Final/Learning_Rig/bee_0408_2/bee_0408_2_fwd_blue_accident/cam1_2026-04-08_17-46-06.mp4,1890.5,325.5,1659,80,2122,571,0.8046242
562,/Volumes/SmithL0/2026/BIOL470/Final/Learning_Rig/bee_0408_2/bee_0408_2_fwd_blue_accident/cam1_2026-04-08_17-46-06.mp4,1889.5,324.5,1659,79,2120,570,0.80683666
563,/Volumes/SmithL0/2026/BIOL470/Final/Learning_Rig/bee_0408_2/bee_0408_2_fwd_blue_accident/cam1_2026-04-08_17-46-06.mp4,1890.5,325.5,1662,80,2119,571,0.80562127
564,/Volumes/SmithL0/2026/BIOL470/Final/Learning_Rig/bee_0408_2/bee_0408_2_fwd_blue_accident/cam1_2026-04-08_17-46-06.mp4,1890.0,325.0,1661,80,2119,570,0.8030422
565,/Volumes/SmithL0/2026/BIOL470/Final/Learning_Rig/bee_0408_2/bee_0408_2_fwd_blue_accident/cam1_2026-04-08_17-46-06.mp4,1890.0,325.0,1661,80,2119,570,0.80204165
566,/Volumes/SmithL0/2026/BIOL470/Final/Learning_Rig/bee_0408_2/bee_0408_2_fwd_blue_accident/cam1_2026-04-08_17-46-06.mp4,1901.5,325.5,1674,77,2129,574,0.8015902
567,/Volumes/SmithL0/2026/BIOL470/Final/Learning_Rig/bee_0408_2/bee_0408_2_fwd_blue_accident/cam1_2026-04-08_17-46-06.mp4,1901.5,323.0,1674,76,2129,570,0.80524164
568,/Volumes/SmithL0/2026/BIOL470/Final/Learning_Rig/bee_0408_2/bee_0408_2_fwd_blue_accident/cam1_2026-04-08_17-46-06.mp4,1901.0,325.0,1677,76,2125,574,0.80783665
569,/Volumes/SmithL0/2026/BIOL470/Final/Learning_Rig/bee_0408_2/bee_0408_2_fwd_blue_accident/cam1_2026-04-08_17-46-06.mp4,1890.5,325.5,1662,82,2119,569,0.8052892
570,/Volumes/SmithL0/2026/BIOL470/Final/Learning_Rig/bee_0408_2/bee_0408_2_fwd_blue_accident/cam1_2026-04-08_17-46-06.mp4,1890.0,325.0,1661,81,2119,569,0.8061402
571,/Volumes/SmithL0/2026/BIOL470/Final/Learning_Rig/bee_0408_2/bee_0408_2_fwd_blue_accident/cam1_2026-04-08_17-46-06.mp4,1889.5,325.0,1660,81,2119,569,0.8077898
572,/Volumes/SmithL0/2026/BIOL470/Final/Learning_Rig/bee_0408_2/bee_0408_2_fwd_blue_accident/cam1_2026-04-08_17-46-06.mp4,1897.5,318.5,1665,76,2130,561,0.80177236
573,/Volumes/SmithL0/2026/BIOL470/Final/Learning_Rig/bee_0408_2/bee_0408_2_fwd_blue_accident/cam1_2026-04-08_17-46-06.mp4,1896.5,316.0,1667,73,2126,559,0.80127215
574,/Volumes/SmithL0/2026/BIOL470/Final/Learning_Rig/bee_0408_2/bee_0408_2_fwd_blue_accident/cam1_2026-04-08_17-46-06.mp4,1890.0,323.5,1664,78,2116,569,0.8024411
575,/Volumes/SmithL0/2026/BIOL470/Final/Learning_Rig/bee_0408_2/bee_0408_2_fwd_blue_accident/cam1_2026-04-08_17-46-06.mp4,1900.5,321.0,1676,74,2125,568,0.79695714
576,/Volumes/SmithL0/2026/BIOL470/Final/Learning_Rig/bee_0408_2/bee_0408_2_fwd_blue_accident/cam1_2026-04-08_17-46-06.mp4,1901.0,320.5,1676,74,2126,567,0.79555094
577,/Volumes/SmithL0/2026/BIOL470/Final/Learning_Rig/bee_0408_2/bee_0408_2_fwd_blue_accident/cam1_2026-04-08_17-46-06.mp4,1897.0,321.0,1667,75,2127,567,0.7989059
578,/Volumes/SmithL0/2026/BIOL470/Final/Learning_Rig/bee_0408_2/bee_0408_2_fwd_blue_accident/cam1_2026-04-08_17-46-06.mp4,1890.0,324.5,1663,78,2117,571,0.80371165
579,/Volumes/SmithL0/2026/BIOL470/Final/Learning_Rig/bee_0408_2/bee_0408_2_fwd_blue_accident/cam1_2026-04-08_17-46-06.mp4,1891.0,324.5,1664,79,2118,570,0.8006453
580,/Volumes/SmithL0/2026/BIOL470/Final/Learning_Rig/bee_0408_2/bee_0408_2_fwd_blue_accident/cam1_2026-04-08_17-46-06.mp4,1891.5,323.5,1667,77,2116,570,0.8034548
581,/Volumes/SmithL0/2026/BIOL470/Final/Learning_Rig/bee_0408_2/bee_0408_2_fwd_blue_accident/cam1_2026-04-08_17-46-06.mp4,1892.0,324.0,1667,76,2117,572,0.7999559
582,/Volumes/SmithL0/2026/BIOL470/Final/Learning_Rig/bee_0408_2/bee_0408_2_fwd_blue_accident/cam1_2026-04-08_17-46-06.mp4,1891.5,324.0,1666,77,2117,571,0.7959867
583,/Volumes/SmithL0/2026/BIOL470/Final/Learning_Rig/bee_0408_2/bee_0408_2_fwd_blue_accident/cam1_2026-04-08_17-46-06.mp4,1892.5,324.5,1668,79,2117,570,0.796228
584,/Volumes/SmithL0/2026/BIOL470/Final/Learning_Rig/bee_0408_2/bee_0408_2_fwd_blue_accident/cam1_2026-04-08_17-46-06.mp4,1902.0,320.0,1676,75,2128,565,0.7983013
585,/Volumes/SmithL0/2026/BIOL470/Final/Learning_Rig/bee_0408_2/bee_0408_2_fwd_blue_accident/cam1_2026-04-08_17-46-06.mp4,1901.0,317.5,1676,75,2126,560,0.79480964
586,/Volumes/SmithL0/2026/BIOL470/Final/Learning_Rig/bee_0408_2/bee_0408_2_fwd_blue_accident/cam1_2026-04-08_17-46-06.mp4,1901.0,321.5,1677,76,2125,567,0.7967596
587,/Volumes/SmithL0/2026/BIOL470/Final/Learning_Rig/bee_0408_2/bee_0408_2_fwd_blue_accident/cam1_2026-04-08_17-46-06.mp4,1892.5,325.5,1667,81,2118,570,0.80085266
588,/Volumes/SmithL0/2026/BIOL470/Final/Learning_Rig/bee_0408_2/bee_0408_2_fwd_blue_accident/cam1_2026-04-08_17-46-06.mp4,1891.5,324.5,1666,79,2117,570,0.79797524
589,/Volumes/SmithL0/2026/BIOL470/Final/Learning_Rig/bee_0408_2/bee_0408_2_fwd_blue_accident/cam1_2026-04-08_17-46-06.mp4,1889.0,327.5,1657,83,2121,572,0.8040112
590,/Volumes/SmithL0/2026/BIOL470/Final/Learning_Rig/bee_0408_2/bee_0408_2_fwd_blue_accident/cam1_2026-04-08_17-46-06.mp4,1888.5,327.5,1657,83,2120,572,0.80803555
591,/Volumes/SmithL0/2026/BIOL470/Final/Learning_Rig/bee_0408_2/bee_0408_2_fwd_blue_accident/cam1_2026-04-08_17-46-06.mp4,1889.5,326.5,1659,82,2120,571,0.8091823
592,/Volumes/SmithL0/2026/BIOL470/Final/Learning_Rig/bee_0408_2/bee_0408_2_fwd_blue_accident/cam1_2026-04-08_17-46-06.mp4,1890.5,325.0,1663,80,2118,570,0.80845296
593,/Volumes/SmithL0/2026/BIOL470/Final/Learning_Rig/bee_0408_2/bee_0408_2_fwd_blue_accident/cam1_2026-04-08_17-46-06.mp4,1891.0,324.5,1665,79,2117,570,0.8018772
594,/Volumes/SmithL0/2026/BIOL470/Final/Learning_Rig/bee_0408_2/bee_0408_2_fwd_blue_accident/cam1_2026-04-08_17-46-06.mp4,1891.5,324.5,1664,80,2119,569,0.802005
595,/Volumes/SmithL0/2026/BIOL470/Final/Learning_Rig/bee_0408_2/bee_0408_2_fwd_blue_accident/cam1_2026-04-08_17-46-06.mp4,1898.0,323.0,1665,78,2131,568,0.80222136
596,/Volumes/SmithL0/2026/BIOL470/Final/Learning_Rig/bee_0408_2/bee_0408_2_fwd_blue_accident/cam1_2026-04-08_17-46-06.mp4,1889.5,324.5,1660,79,2119,570,0.79943997
597,/Volumes/SmithL0/2026/BIOL470/Final/Learning_Rig/bee_0408_2/bee_0408_2_fwd_blue_accident/cam1_2026-04-08_17-46-06.mp4,1895.0,321.0,1663,76,2127,566,0.7987264
598,/Volumes/SmithL0/2026/BIOL470/Final/Learning_Rig/bee_0408_2/bee_0408_2_fwd_blue_accident/cam1_2026-04-08_17-46-06.mp4,1887.5,324.5,1657,79,2118,570,0.8035617
599,/Volumes/SmithL0/2026/BIOL470/Final/Learning_Rig/bee_0408_2/bee_0408_2_fwd_blue_accident/cam1_2026-04-08_17-46-06.mp4,1888.0,325.0,1658,79,2118,571,0.8081396
600,/Volumes/SmithL0/2026/BIOL470/Final/Learning_Rig/bee_0408_2/bee_0408_2_fwd_blue_accident/cam1_2026-04-08_17-46-06.mp4,1891.5,324.0,1665,78,2118,570,0.8040091
601,/Volumes/SmithL0/2026/BIOL470/Final/Learning_Rig/bee_0408_2/bee_0408_2_fwd_blue_accident/cam1_2026-04-08_17-46-06.mp4,1892.0,323.5,1667,78,2117,569,0.8081888
602,/Volumes/SmithL0/2026/BIOL470/Final/Learning_Rig/bee_0408_2/bee_0408_2_fwd_blue_accident/cam1_2026-04-08_17-46-06.mp4,1889.0,324.5,1660,79,2118,570,0.80557615
603,/Volumes/SmithL0/2026/BIOL470/Final/Learning_Rig/bee_0408_2/bee_0408_2_fwd_blue_accident/cam1_2026-04-08_17-46-06.mp4,1889.0,323.5,1660,78,2118,569,0.8081595
604,/Volumes/SmithL0/2026/BIOL470/Final/Learning_Rig/bee_0408_2/bee_0408_2_fwd_blue_accident/cam1_2026-04-08_17-46-06.mp4,1889.0,323.0,1658,77,2120,569,0.8057136
605,/Volumes/SmithL0/2026/BIOL470/Final/Learning_Rig/bee_0408_2/bee_0408_2_fwd_blue_accident/cam1_2026-04-08_17-46-06.mp4,1888.5,323.5,1659,79,2118,568,0.8034335
606,/Volumes/SmithL0/2026/BIOL470/Final/Learning_Rig/bee_0408_2/bee_0408_2_fwd_blue_accident/cam1_2026-04-08_17-46-06.mp4,1888.0,323.5,1659,79,2117,568,0.80410373
607,/Volumes/SmithL0/2026/BIOL470/Final/Learning_Rig/bee_0408_2/bee_0408_2_fwd_blue_accident/cam1_2026-04-08_17-46-06.mp4,1889.5,324.5,1662,79,2117,570,0.80543905
608,/Volumes/SmithL0/2026/BIOL470/Final/Learning_Rig/bee_0408_2/bee_0408_2_fwd_blue_accident/cam1_2026-04-08_17-46-06.mp4,1889.0,324.0,1662,79,2116,569,0.810106
609,/Volumes/SmithL0/2026/BIOL470/Final/Learning_Rig/bee_0408_2/bee_0408_2_fwd_blue_accident/cam1_2026-04-08_17-46-06.mp4,1889.5,324.5,1662,79,2117,570,0.8101599
610,/Volumes/SmithL0/2026/BIOL470/Final/Learning_Rig/bee_0408_2/bee_0408_2_fwd_blue_accident/cam1_2026-04-08_17-46-06.mp4,1889.0,323.5,1662,77,2116,570,0.8073624
611,/Volumes/SmithL0/2026/BIOL470/Final/Learning_Rig/bee_0408_2/bee_0408_2_fwd_blue_accident/cam1_2026-04-08_17-46-06.mp4,1891.5,322.5,1666,77,2117,568,0.80677754
612,/Volumes/SmithL0/2026/BIOL470/Final/Learning_Rig/bee_0408_2/bee_0408_2_fwd_blue_accident/cam1_2026-04-08_17-46-06.mp4,1891.5,323.5,1665,77,2118,570,0.8059772
613,/Volumes/SmithL0/2026/BIOL470/Final/Learning_Rig/bee_0408_2/bee_0408_2_fwd_blue_accident/cam1_2026-04-08_17-46-06.mp4,1890.0,324.0,1662,77,2118,571,0.8057139
614,/Volumes/SmithL0/2026/BIOL470/Final/Learning_Rig/bee_0408_2/bee_0408_2_fwd_blue_accident/cam1_2026-04-08_17-46-06.mp4,1890.0,323.0,1661,78,2119,568,0.80025566
615,/Volumes/SmithL0/2026/BIOL470/Final/Learning_Rig/bee_0408_2/bee_0408_2_fwd_blue_accident/cam1_2026-04-08_17-46-06.mp4,1888.0,324.5,1660,80,2116,569,0.8039655
616,/Volumes/SmithL0/2026/BIOL470/Final/Learning_Rig/bee_0408_2/bee_0408_2_fwd_blue_accident/cam1_2026-04-08_17-46-06.mp4,1899.0,321.0,1674,74,2124,568,0.8030441
617,/Volumes/SmithL0/2026/BIOL470/Final/Learning_Rig/bee_0408_2/bee_0408_2_fwd_blue_accident/cam1_2026-04-08_17-46-06.mp4,1889.0,323.5,1661,77,2117,570,0.8068879
618,/Volumes/SmithL0/2026/BIOL470/Final/Learning_Rig/bee_0408_2/bee_0408_2_fwd_blue_accident/cam1_2026-04-08_17-46-06.mp4,1889.0,324.5,1660,79,2118,570,0.8065704
619,/Volumes/SmithL0/2026/BIOL470/Final/Learning_Rig/bee_0408_2/bee_0408_2_fwd_blue_accident/cam1_2026-04-08_17-46-06.mp4,1889.5,324.0,1661,78,2118,570,0.8080587
620,/Volumes/SmithL0/2026/BIOL470/Final/Learning_Rig/bee_0408_2/bee_0408_2_fwd_blue_accident/cam1_2026-04-08_17-46-06.mp4,1889.0,322.5,1661,77,2117,568,0.8077273
621,/Volumes/SmithL0/2026/BIOL470/Final/Learning_Rig/bee_0408_2/bee_0408_2_fwd_blue_accident/cam1_2026-04-08_17-46-06.mp4,1891.5,322.0,1666,75,2117,569,0.80704623
622,/Volumes/SmithL0/2026/BIOL470/Final/Learning_Rig/bee_0408_2/bee_0408_2_fwd_blue_accident/cam1_2026-04-08_17-46-06.mp4,1892.0,322.5,1667,74,2117,571,0.80463314
623,/Volumes/SmithL0/2026/BIOL470/Final/Learning_Rig/bee_0408_2/bee_0408_2_fwd_blue_accident/cam1_2026-04-08_17-46-06.mp4,1892.5,323.0,1667,75,2118,571,0.80401033
624,/Volumes/SmithL0/2026/BIOL470/Final/Learning_Rig/bee_0408_2/bee_0408_2_fwd_blue_accident/cam1_2026-04-08_17-46-06.mp4,1889.5,325.0,1661,79,2118,571,0.8055464
625,/Volumes/SmithL0/2026/BIOL470/Final/Learning_Rig/bee_0408_2/bee_0408_2_fwd_blue_accident/cam1_2026-04-08_17-46-06.mp4,1890.0,324.0,1661,79,2119,569,0.8073162
626,/Volumes/SmithL0/2026/BIOL470/Final/Learning_Rig/bee_0408_2/bee_0408_2_fwd_blue_accident/cam1_2026-04-08_17-46-06.mp4,1889.0,325.0,1660,82,2118,568,0.80600095
627,/Volumes/SmithL0/2026/BIOL470/Final/Learning_Rig/bee_0408_2/bee_0408_2_fwd_blue_accident/cam1_2026-04-08_17-46-06.mp4,1888.5,326.5,1659,83,2118,570,0.8080338
628,/Volumes/SmithL0/2026/BIOL470/Final/Learning_Rig/bee_0408_2/bee_0408_2_fwd_blue_accident/cam1_2026-04-08_17-46-06.mp4,1889.5,325.0,1661,80,2118,570,0.80889946
629,/Volumes/SmithL0/2026/BIOL470/Final/Learning_Rig/bee_0408_2/bee_0408_2_fwd_blue_accident/cam1_2026-04-08_17-46-06.mp4,1890.0,325.0,1662,81,2118,569,0.8122814
630,/Volumes/SmithL0/2026/BIOL470/Final/Learning_Rig/bee_0408_2/bee_0408_2_fwd_blue_accident/cam1_2026-04-08_17-46-06.mp4,1890.5,325.5,1665,81,2116,570,0.8087477
631,/Volumes/SmithL0/2026/BIOL470/Final/Learning_Rig/bee_0408_2/bee_0408_2_fwd_blue_accident/cam1_2026-04-08_17-46-06.mp4,1891.0,324.0,1666,79,2116,569,0.80617917
632,/Volumes/SmithL0/2026/BIOL470/Final/Learning_Rig/bee_0408_2/bee_0408_2_fwd_blue_accident/cam1_2026-04-08_17-46-06.mp4,1890.5,323.5,1665,78,2116,569,0.80959415
633,/Volumes/SmithL0/2026/BIOL470/Final/Learning_Rig/bee_0408_2/bee_0408_2_fwd_blue_accident/cam1_2026-04-08_17-46-06.mp4,1892.0,323.0,1667,77,2117,569,0.8093662
634,/Volumes/SmithL0/2026/BIOL470/Final/Learning_Rig/bee_0408_2/bee_0408_2_fwd_blue_accident/cam1_2026-04-08_17-46-06.mp4,1892.5,323.0,1668,76,2117,570,0.8067226
635,/Volumes/SmithL0/2026/BIOL470/Final/Learning_Rig/bee_0408_2/bee_0408_2_fwd_blue_accident/cam1_2026-04-08_17-46-06.mp4,1901.0,324.5,1680,75,2122,574,0.8027577
636,/Volumes/SmithL0/2026/BIOL470/Final/Learning_Rig/bee_0408_2/bee_0408_2_fwd_blue_accident/cam1_2026-04-08_17-46-06.mp4,1891.5,322.5,1667,76,2116,569,0.8014544
637,/Volumes/SmithL0/2026/BIOL470/Final/Learning_Rig/bee_0408_2/bee_0408_2_fwd_blue_accident/cam1_2026-04-08_17-46-06.mp4,1888.5,323.5,1659,77,2118,570,0.80129915
638,/Volumes/SmithL0/2026/BIOL470/Final/Learning_Rig/bee_0408_2/bee_0408_2_fwd_blue_accident/cam1_2026-04-08_17-46-06.mp4,1887.0,322.0,1656,78,2118,566,0.81049347
639,/Volumes/SmithL0/2026/BIOL470/Final/Learning_Rig/bee_0408_2/bee_0408_2_fwd_blue_accident/cam1_2026-04-08_17-46-06.mp4,1888.5,322.0,1659,76,2118,568,0.8140487
640,/Volumes/SmithL0/2026/BIOL470/Final/Learning_Rig/bee_0408_2/bee_0408_2_fwd_blue_accident/cam1_2026-04-08_17-46-06.mp4,1888.0,322.0,1658,77,2118,567,0.81156826
641,/Volumes/SmithL0/2026/BIOL470/Final/Learning_Rig/bee_0408_2/bee_0408_2_fwd_blue_accident/cam1_2026-04-08_17-46-06.mp4,1887.5,322.0,1658,78,2117,566,0.81194395
642,/Volumes/SmithL0/2026/BIOL470/Final/Learning_Rig/bee_0408_2/bee_0408_2_fwd_blue_accident/cam1_2026-04-08_17-46-06.mp4,1887.0,322.0,1656,77,2118,567,0.8133337
643,/Volumes/SmithL0/2026/BIOL470/Final/Learning_Rig/bee_0408_2/bee_0408_2_fwd_blue_accident/cam1_2026-04-08_17-46-06.mp4,1886.5,321.5,1655,77,2118,566,0.81228954
644,/Volumes/SmithL0/2026/BIOL470/Final/Learning_Rig/bee_0408_2/bee_0408_2_fwd_blue_accident/cam1_2026-04-08_17-46-06.mp4,1891.5,321.0,1663,76,2120,566,0.81049097
645,/Volumes/SmithL0/2026/BIOL470/Final/Learning_Rig/bee_0408_2/bee_0408_2_fwd_blue_accident/cam1_2026-04-08_17-46-06.mp4,1890.5,321.5,1661,77,2120,566,0.8109017
646,/Volumes/SmithL0/2026/BIOL470/Final/Learning_Rig/bee_0408_2/bee_0408_2_fwd_blue_accident/cam1_2026-04-08_17-46-06.mp4,1891.5,322.0,1663,77,2120,567,0.8094851
647,/Volumes/SmithL0/2026/BIOL470/Final/Learning_Rig/bee_0408_2/bee_0408_2_fwd_blue_accident/cam1_2026-04-08_17-46-06.mp4,1901.5,322.0,1674,74,2129,570,0.80644524
648,/Volumes/SmithL0/2026/BIOL470/Final/Learning_Rig/bee_0408_2/bee_0408_2_fwd_blue_accident/cam1_2026-04-08_17-46-06.mp4,1904.0,321.5,1681,74,2127,569,0.8068035
649,/Volumes/SmithL0/2026/BIOL470/Final/Learning_Rig/bee_0408_2/bee_0408_2_fwd_blue_accident/cam1_2026-04-08_17-46-06.mp4,1901.5,322.0,1673,76,2130,568,0.8039216
650,/Volumes/SmithL0/2026/BIOL470/Final/Learning_Rig/bee_0408_2/bee_0408_2_fwd_blue_accident/cam1_2026-04-08_17-46-06.mp4,1901.0,321.0,1671,76,2131,566,0.8044754
651,/Volumes/SmithL0/2026/BIOL470/Final/Learning_Rig/bee_0408_2/bee_0408_2_fwd_blue_accident/cam1_2026-04-08_17-46-06.mp4,1891.5,322.5,1666,78,2117,567,0.80413115
652,/Volumes/SmithL0/2026/BIOL470/Final/Learning_Rig/bee_0408_2/bee_0408_2_fwd_blue_accident/cam1_2026-04-08_17-46-06.mp4,1902.0,318.5,1672,76,2132,561,0.80510086
653,/Volumes/SmithL0/2026/BIOL470/Final/Learning_Rig/bee_0408_2/bee_0408_2_fwd_blue_accident/cam1_2026-04-08_17-46-06.mp4,1904.5,319.5,1678,76,2131,563,0.80488276
654,/Volumes/SmithL0/2026/BIOL470/Final/Learning_Rig/bee_0408_2/bee_0408_2_fwd_blue_accident/cam1_2026-04-08_17-46-06.mp4,1905.5,318.0,1684,75,2127,561,0.7989023
655,/Volumes/SmithL0/2026/BIOL470/Final/Learning_Rig/bee_0408_2/bee_0408_2_fwd_blue_accident/cam1_2026-04-08_17-46-06.mp4,1905.5,316.5,1681,74,2130,559,0.80139947
656,/Volumes/SmithL0/2026/BIOL470/Final/Learning_Rig/bee_0408_2/bee_0408_2_fwd_blue_accident/cam1_2026-04-08_17-46-06.mp4,1899.0,316.0,1670,73,2128,559,0.7991908
657,/Volumes/SmithL0/2026/BIOL470/Final/Learning_Rig/bee_0408_2/bee_0408_2_fwd_blue_accident/cam1_2026-04-08_17-46-06.mp4,1900.0,315.5,1670,74,2130,557,0.8001171
658,/Volumes/SmithL0/2026/BIOL470/Final/Learning_Rig/bee_0408_2/bee_0408_2_fwd_blue_accident/cam1_2026-04-08_17-46-06.mp4,1900.0,318.0,1671,74,2129,562,0.8002613
659,/Volumes/SmithL0/2026/BIOL470/Final/Learning_Rig/bee_0408_2/bee_0408_2_fwd_blue_accident/cam1_2026-04-08_17-46-06.mp4,1889.0,324.0,1661,80,2117,568,0.8018993
660,/Volumes/SmithL0/2026/BIOL470/Final/Learning_Rig/bee_0408_2/bee_0408_2_fwd_blue_accident/cam1_2026-04-08_17-46-06.mp4,1889.0,324.0,1662,81,2116,567,0.8059952
661,/Volumes/SmithL0/2026/BIOL470/Final/Learning_Rig/bee_0408_2/bee_0408_2_fwd_blue_accident/cam1_2026-04-08_17-46-06.mp4,1889.0,324.5,1661,82,2117,567,0.80260926
662,/Volumes/SmithL0/2026/BIOL470/Final/Learning_Rig/bee_0408_2/bee_0408_2_fwd_blue_accident/cam1_2026-04-08_17-46-06.mp4,1890.0,323.5,1663,78,2117,569,0.80404085
663,/Volumes/SmithL0/2026/BIOL470/Final/Learning_Rig/bee_0408_2/bee_0408_2_fwd_blue_accident/cam1_2026-04-08_17-46-06.mp4,1891.5,322.5,1665,78,2118,567,0.80213594
664,/Volumes/SmithL0/2026/BIOL470/Final/Learning_Rig/bee_0408_2/bee_0408_2_fwd_blue_accident/cam1_2026-04-08_17-46-06.mp4,1890.5,322.5,1664,78,2117,567,0.80273896
665,/Volumes/SmithL0/2026/BIOL470/Final/Learning_Rig/bee_0408_2/bee_0408_2_fwd_blue_accident/cam1_2026-04-08_17-46-06.mp4,1893.0,322.5,1669,76,2117,569,0.7983448
666,/Volumes/SmithL0/2026/BIOL470/Final/Learning_Rig/bee_0408_2/bee_0408_2_fwd_blue_accident/cam1_2026-04-08_17-46-06.mp4,1891.5,323.5,1666,78,2117,569,0.79593605
667,/Volumes/SmithL0/2026/BIOL470/Final/Learning_Rig/bee_0408_2/bee_0408_2_fwd_blue_accident/cam1_2026-04-08_17-46-06.mp4,1901.5,320.5,1677,75,2126,566,0.7978161
668,/Volumes/SmithL0/2026/BIOL470/Final/Learning_Rig/bee_0408_2/bee_0408_2_fwd_blue_accident/cam1_2026-04-08_17-46-06.mp4,1901.0,319.5,1678,74,2124,565,0.803391
669,/Volumes/SmithL0/2026/BIOL470/Final/Learning_Rig/bee_0408_2/bee_0408_2_fwd_blue_accident/cam1_2026-04-08_17-46-06.mp4,1902.0,323.5,1678,77,2126,570,0.7974011
670,/Volumes/SmithL0/2026/BIOL470/Final/Learning_Rig/bee_0408_2/bee_0408_2_fwd_blue_accident/cam1_2026-04-08_17-46-06.mp4,1901.5,319.0,1672,74,2131,564,0.7995751
671,/Volumes/SmithL0/2026/BIOL470/Final/Learning_Rig/bee_0408_2/bee_0408_2_fwd_blue_accident/cam1_2026-04-08_17-46-06.mp4,1891.5,323.0,1663,78,2120,568,0.8040487
672,/Volumes/SmithL0/2026/BIOL470/Final/Learning_Rig/bee_0408_2/bee_0408_2_fwd_blue_accident/cam1_2026-04-08_17-46-06.mp4,1892.0,323.0,1664,78,2120,568,0.80431736
673,/Volumes/SmithL0/2026/BIOL470/Final/Learning_Rig/bee_0408_2/bee_0408_2_fwd_blue_accident/cam1_2026-04-08_17-46-06.mp4,1903.0,323.0,1674,74,2132,572,0.80672365
674,/Volumes/SmithL0/2026/BIOL470/Final/Learning_Rig/bee_0408_2/bee_0408_2_fwd_blue_accident/cam1_2026-04-08_17-46-06.mp4,1906.0,323.0,1681,74,2131,572,0.808621
675,/Volumes/SmithL0/2026/BIOL470/Final/Learning_Rig/bee_0408_2/bee_0408_2_fwd_blue_accident/cam1_2026-04-08_17-46-06.mp4,1890.5,323.5,1660,79,2121,568,0.80018836
676,/Volumes/SmithL0/2026/BIOL470/Final/Learning_Rig/bee_0408_2/bee_0408_2_fwd_blue_accident/cam1_2026-04-08_17-46-06.mp4,1888.5,324.0,1657,79,2120,569,0.8009742
677,/Volumes/SmithL0/2026/BIOL470/Final/Learning_Rig/bee_0408_2/bee_0408_2_fwd_blue_accident/cam1_2026-04-08_17-46-06.mp4,1889.5,324.0,1657,79,2122,569,0.8051807
678,/Volumes/SmithL0/2026/BIOL470/Final/Learning_Rig/bee_0408_2/bee_0408_2_fwd_blue_accident/cam1_2026-04-08_17-46-06.mp4,1889.0,323.0,1656,78,2122,568,0.80599135
679,/Volumes/SmithL0/2026/BIOL470/Final/Learning_Rig/bee_0408_2/bee_0408_2_fwd_blue_accident/cam1_2026-04-08_17-46-06.mp4,1889.5,322.5,1658,78,2121,567,0.8041173
680,/Volumes/SmithL0/2026/BIOL470/Final/Learning_Rig/bee_0408_2/bee_0408_2_fwd_blue_accident/cam1_2026-04-08_17-46-06.mp4,1889.0,321.5,1658,76,2120,567,0.8063456
681,/Volumes/SmithL0/2026/BIOL470/Final/Learning_Rig/bee_0408_2/bee_0408_2_fwd_blue_accident/cam1_2026-04-08_17-46-06.mp4,1889.5,322.5,1661,77,2118,568,0.8032899
682,/Volumes/SmithL0/2026/BIOL470/Final/Learning_Rig/bee_0408_2/bee_0408_2_fwd_blue_accident/cam1_2026-04-08_17-46-06.mp4,1892.5,321.5,1667,76,2118,567,0.80172
683,/Volumes/SmithL0/2026/BIOL470/Final/Learning_Rig/bee_0408_2/bee_0408_2_fwd_blue_accident/cam1_2026-04-08_17-46-06.mp4,1893.0,322.0,1667,77,2119,567,0.80565727
684,/Volumes/SmithL0/2026/BIOL470/Final/Learning_Rig/bee_0408_2/bee_0408_2_fwd_blue_accident/cam1_2026-04-08_17-46-06.mp4,1893.0,321.5,1667,76,2119,567,0.80349475
685,/Volumes/SmithL0/2026/BIOL470/Final/Learning_Rig/bee_0408_2/bee_0408_2_fwd_blue_accident/cam1_2026-04-08_17-46-06.mp4,1903.5,324.5,1679,75,2128,574,0.81152344
686,/Volumes/SmithL0/2026/BIOL470/Final/Learning_Rig/bee_0408_2/bee_0408_2_fwd_blue_accident/cam1_2026-04-08_17-46-06.mp4,1904.0,324.5,1679,75,2129,574,0.81028765
687,/Volumes/SmithL0/2026/BIOL470/Final/Learning_Rig/bee_0408_2/bee_0408_2_fwd_blue_accident/cam1_2026-04-08_17-46-06.mp4,1891.5,323.5,1664,79,2119,568,0.8090453
688,/Volumes/SmithL0/2026/BIOL470/Final/Learning_Rig/bee_0408_2/bee_0408_2_fwd_blue_accident/cam1_2026-04-08_17-46-06.mp4,1890.5,323.5,1664,78,2117,569,0.8045223
689,/Volumes/SmithL0/2026/BIOL470/Final/Learning_Rig/bee_0408_2/bee_0408_2_fwd_blue_accident/cam1_2026-04-08_17-46-06.mp4,1891.0,324.0,1665,80,2117,568,0.8033205
690,/Volumes/SmithL0/2026/BIOL470/Final/Learning_Rig/bee_0408_2/bee_0408_2_fwd_blue_accident/cam1_2026-04-08_17-46-06.mp4,1891.0,324.5,1663,80,2119,569,0.80009836
691,/Volumes/SmithL0/2026/BIOL470/Final/Learning_Rig/bee_0408_2/bee_0408_2_fwd_blue_accident/cam1_2026-04-08_17-46-06.mp4,1890.5,325.0,1662,82,2119,568,0.8040716
692,/Volumes/SmithL0/2026/BIOL470/Final/Learning_Rig/bee_0408_2/bee_0408_2_fwd_blue_accident/cam1_2026-04-08_17-46-06.mp4,1891.5,324.0,1663,80,2120,568,0.80657744
693,/Volumes/SmithL0/2026/BIOL470/Final/Learning_Rig/bee_0408_2/bee_0408_2_fwd_blue_accident/cam1_2026-04-08_17-46-06.mp4,1891.0,324.0,1664,80,2118,568,0.8020778
694,/Volumes/SmithL0/2026/BIOL470/Final/Learning_Rig/bee_0408_2/bee_0408_2_fwd_blue_accident/cam1_2026-04-08_17-46-06.mp4,1891.5,323.5,1664,79,2119,568,0.8061385
695,/Volumes/SmithL0/2026/BIOL470/Final/Learning_Rig/bee_0408_2/bee_0408_2_fwd_blue_accident/cam1_2026-04-08_17-46-06.mp4,1898.5,324.5,1671,77,2126,572,0.80425197
696,/Volumes/SmithL0/2026/BIOL470/Final/Learning_Rig/bee_0408_2/bee_0408_2_fwd_blue_accident/cam1_2026-04-08_17-46-06.mp4,1898.5,323.5,1670,76,2127,571,0.80323017
697,/Volumes/SmithL0/2026/BIOL470/Final/Learning_Rig/bee_0408_2/bee_0408_2_fwd_blue_accident/cam1_2026-04-08_17-46-06.mp4,1898.5,320.0,1676,75,2121,565,0.80283743
698,/Volumes/SmithL0/2026/BIOL470/Final/Learning_Rig/bee_0408_2/bee_0408_2_fwd_blue_accident/cam1_2026-04-08_17-46-06.mp4,1898.0,324.0,1673,76,2123,572,0.80009
699,/Volumes/SmithL0/2026/BIOL470/Final/Learning_Rig/bee_0408_2/bee_0408_2_fwd_blue_accident/cam1_2026-04-08_17-46-06.mp4,1900.0,317.0,1675,75,2125,559,0.8056653
700,/Volumes/SmithL0/2026/BIOL470/Final/Learning_Rig/bee_0408_2/bee_0408_2_fwd_blue_accident/cam1_2026-04-08_17-46-06.mp4,1900.0,316.5,1674,75,2126,558,0.79902214
701,/Volumes/SmithL0/2026/BIOL470/Final/Learning_Rig/bee_0408_2/bee_0408_2_fwd_blue_accident/cam1_2026-04-08_17-46-06.mp4,1900.0,321.5,1673,77,2127,566,0.8006806
702,/Volumes/SmithL0/2026/BIOL470/Final/Learning_Rig/bee_0408_2/bee_0408_2_fwd_blue_accident/cam1_2026-04-08_17-46-06.mp4,1899.0,315.5,1672,75,2126,556,0.8028888
703,/Volumes/SmithL0/2026/BIOL470/Final/Learning_Rig/bee_0408_2/bee_0408_2_fwd_blue_accident/cam1_2026-04-08_17-46-06.mp4,1891.0,323.5,1664,80,2118,567,0.8040155
704,/Volumes/SmithL0/2026/BIOL470/Final/Learning_Rig/bee_0408_2/bee_0408_2_fwd_blue_accident/cam1_2026-04-08_17-46-06.mp4,1891.0,322.5,1665,78,2117,567,0.8019991
705,/Volumes/SmithL0/2026/BIOL470/Final/Learning_Rig/bee_0408_2/bee_0408_2_fwd_blue_accident/cam1_2026-04-08_17-46-06.mp4,1890.5,323.5,1665,78,2116,569,0.79911554
706,/Volumes/SmithL0/2026/BIOL470/Final/Learning_Rig/bee_0408_2/bee_0408_2_fwd_blue_accident/cam1_2026-04-08_17-46-06.mp4,1900.5,322.5,1677,74,2124,571,0.80553484
707,/Volumes/SmithL0/2026/BIOL470/Final/Learning_Rig/bee_0408_2/bee_0408_2_fwd_blue_accident/cam1_2026-04-08_17-46-06.mp4,1900.5,324.0,1680,75,2121,573,0.807614
708,/Volumes/SmithL0/2026/BIOL470/Final/Learning_Rig/bee_0408_2/bee_0408_2_fwd_blue_accident/cam1_2026-04-08_17-46-06.mp4,1899.5,322.0,1678,75,2121,569,0.80245847
709,/Volumes/SmithL0/2026/BIOL470/Final/Learning_Rig/bee_0408_2/bee_0408_2_fwd_blue_accident/cam1_2026-04-08_17-46-06.mp4,1899.0,323.0,1677,75,2121,571,0.8026588
710,/Volumes/SmithL0/2026/BIOL470/Final/Learning_Rig/bee_0408_2/bee_0408_2_fwd_blue_accident/cam1_2026-04-08_17-46-06.mp4,1892.0,324.5,1668,78,2116,571,0.79630184
711,/Volumes/SmithL0/2026/BIOL470/Final/Learning_Rig/bee_0408_2/bee_0408_2_fwd_blue_accident/cam1_2026-04-08_17-46-06.mp4,1900.0,324.0,1678,76,2122,572,0.80414206
712,/Volumes/SmithL0/2026/BIOL470/Final/Learning_Rig/bee_0408_2/bee_0408_2_fwd_blue_accident/cam1_2026-04-08_17-46-06.mp4,1900.5,321.5,1678,75,2123,568,0.8062352
713,/Volumes/SmithL0/2026/BIOL470/Final/Learning_Rig/bee_0408_2/bee_0408_2_fwd_blue_accident/cam1_2026-04-08_17-46-06.mp4,1890.5,324.0,1662,80,2119,568,0.80469143
714,/Volumes/SmithL0/2026/BIOL470/Final/Learning_Rig/bee_0408_2/bee_0408_2_fwd_blue_accident/cam1_2026-04-08_17-46-06.mp4,1891.0,324.0,1662,78,2120,570,0.8088647
715,/Volumes/SmithL0/2026/BIOL470/Final/Learning_Rig/bee_0408_2/bee_0408_2_fwd_blue_accident/cam1_2026-04-08_17-46-06.mp4,1891.0,323.0,1664,79,2118,567,0.8027182
716,/Volumes/SmithL0/2026/BIOL470/Final/Learning_Rig/bee_0408_2/bee_0408_2_fwd_blue_accident/cam1_2026-04-08_17-46-06.mp4,1891.0,323.0,1662,78,2120,568,0.80180836
717,/Volumes/SmithL0/2026/BIOL470/Final/Learning_Rig/bee_0408_2/bee_0408_2_fwd_blue_accident/cam1_2026-04-08_17-46-06.mp4,1891.0,323.5,1665,77,2117,570,0.8004325
718,/Volumes/SmithL0/2026/BIOL470/Final/Learning_Rig/bee_0408_2/bee_0408_2_fwd_blue_accident/cam1_2026-04-08_17-46-06.mp4,1891.0,322.5,1666,76,2116,569,0.8037507
719,/Volumes/SmithL0/2026/BIOL470/Final/Learning_Rig/bee_0408_2/bee_0408_2_fwd_blue_accident/cam1_2026-04-08_17-46-06.mp4,1891.0,322.0,1666,75,2116,569,0.80573344
720,/Volumes/SmithL0/2026/BIOL470/Final/Learning_Rig/bee_0408_2/bee_0408_2_fwd_blue_accident/cam1_2026-04-08_17-46-06.mp4,1892.5,322.0,1668,75,2117,569,0.80435866
721,/Volumes/SmithL0/2026/BIOL470/Final/Learning_Rig/bee_0408_2/bee_0408_2_fwd_blue_accident/cam1_2026-04-08_17-46-06.mp4,1892.0,322.0,1667,75,2117,569,0.8056675
722,/Volumes/SmithL0/2026/BIOL470/Final/Learning_Rig/bee_0408_2/bee_0408_2_fwd_blue_accident/cam1_2026-04-08_17-46-06.mp4,1891.0,322.5,1666,75,2116,570,0.8029998
723,/Volumes/SmithL0/2026/BIOL470/Final/Learning_Rig/bee_0408_2/bee_0408_2_fwd_blue_accident/cam1_2026-04-08_17-46-06.mp4,1892.0,323.0,1666,76,2118,570,0.80086046
724,/Volumes/SmithL0/2026/BIOL470/Final/Learning_Rig/bee_0408_2/bee_0408_2_fwd_blue_accident/cam1_2026-04-08_17-46-06.mp4,1890.0,322.0,1665,73,2115,571,0.79065734
725,/Volumes/SmithL0/2026/BIOL470/Final/Learning_Rig/bee_0408_2/bee_0408_2_fwd_blue_accident/cam1_2026-04-08_17-46-06.mp4,1899.0,318.5,1674,74,2124,563,0.8035767
726,/Volumes/SmithL0/2026/BIOL470/Final/Learning_Rig/bee_0408_2/bee_0408_2_fwd_blue_accident/cam1_2026-04-08_17-46-06.mp4,1896.0,319.0,1663,75,2129,563,0.80305386
727,/Volumes/SmithL0/2026/BIOL470/Final/Learning_Rig/bee_0408_2/bee_0408_2_fwd_blue_accident/cam1_2026-04-08_17-46-06.mp4,1893.0,322.5,1658,76,2128,569,0.8067162
728,/Volumes/SmithL0/2026/BIOL470/Final/Learning_Rig/bee_0408_2/bee_0408_2_fwd_blue_accident/cam1_2026-04-08_17-46-06.mp4,1888.5,325.5,1660,80,2117,571,0.8064192
729,/Volumes/SmithL0/2026/BIOL470/Final/Learning_Rig/bee_0408_2/bee_0408_2_fwd_blue_accident/cam1_2026-04-08_17-46-06.mp4,1889.5,324.5,1660,81,2119,568,0.8064184
730,/Volumes/SmithL0/2026/BIOL470/Final/Learning_Rig/bee_0408_2/bee_0408_2_fwd_blue_accident/cam1_2026-04-08_17-46-06.mp4,1888.5,323.5,1661,80,2116,567,0.805989
731,/Volumes/SmithL0/2026/BIOL470/Final/Learning_Rig/bee_0408_2/bee_0408_2_fwd_blue_accident/cam1_2026-04-08_17-46-06.mp4,1898.0,322.5,1670,75,2126,570,0.80634487
732,/Volumes/SmithL0/2026/BIOL470/Final/Learning_Rig/bee_0408_2/bee_0408_2_fwd_blue_accident/cam1_2026-04-08_17-46-06.mp4,1901.0,320.5,1675,74,2127,567,0.8036546
733,/Volumes/SmithL0/2026/BIOL470/Final/Learning_Rig/bee_0408_2/bee_0408_2_fwd_blue_accident/cam1_2026-04-08_17-46-06.mp4,1901.0,318.5,1676,74,2126,563,0.81071097
734,/Volumes/SmithL0/2026/BIOL470/Final/Learning_Rig/bee_0408_2/bee_0408_2_fwd_blue_accident/cam1_2026-04-08_17-46-06.mp4,1901.0,320.0,1674,73,2128,567,0.8110239
735,/Volumes/SmithL0/2026/BIOL470/Final/Learning_Rig/bee_0408_2/bee_0408_2_fwd_blue_accident/cam1_2026-04-08_17-46-06.mp4,1903.0,316.5,1678,73,2128,560,0.80912304
736,/Volumes/SmithL0/2026/BIOL470/Final/Learning_Rig/bee_0408_2/bee_0408_2_fwd_blue_accident/cam1_2026-04-08_17-46-06.mp4,1902.0,316.5,1676,74,2128,559,0.8086809
737,/Volumes/SmithL0/2026/BIOL470/Final/Learning_Rig/bee_0408_2/bee_0408_2_fwd_blue_accident/cam1_2026-04-08_17-46-06.mp4,1901.5,321.5,1676,74,2127,569,0.80856997
738,/Volumes/SmithL0/2026/BIOL470/Final/Learning_Rig/bee_0408_2/bee_0408_2_fwd_blue_accident/cam1_2026-04-08_17-46-06.mp4,1890.5,324.0,1663,79,2118,569,0.80802256
739,/Volumes/SmithL0/2026/BIOL470/Final/Learning_Rig/bee_0408_2/bee_0408_2_fwd_blue_accident/cam1_2026-04-08_17-46-06.mp4,1890.5,323.0,1664,79,2117,567,0.8060846
740,/Volumes/SmithL0/2026/BIOL470/Final/Learning_Rig/bee_0408_2/bee_0408_2_fwd_blue_accident/cam1_2026-04-08_17-46-06.mp4,1889.5,323.5,1663,78,2116,569,0.8068375
741,/Volumes/SmithL0/2026/BIOL470/Final/Learning_Rig/bee_0408_2/bee_0408_2_fwd_blue_accident/cam1_2026-04-08_17-46-06.mp4,1888.5,323.0,1661,78,2116,568,0.8041699
742,/Volumes/SmithL0/2026/BIOL470/Final/Learning_Rig/bee_0408_2/bee_0408_2_fwd_blue_accident/cam1_2026-04-08_17-46-06.mp4,1889.5,323.0,1664,76,2115,570,0.8055203
743,/Volumes/SmithL0/2026/BIOL470/Final/Learning_Rig/bee_0408_2/bee_0408_2_fwd_blue_accident/cam1_2026-04-08_17-46-06.mp4,1888.5,324.0,1661,77,2116,571,0.8045453
744,/Volumes/SmithL0/2026/BIOL470/Final/Learning_Rig/bee_0408_2/bee_0408_2_fwd_blue_accident/cam1_2026-04-08_17-46-06.mp4,1888.0,324.5,1661,79,2115,570,0.8043619
745,/Volumes/SmithL0/2026/BIOL470/Final/Learning_Rig/bee_0408_2/bee_0408_2_fwd_blue_accident/cam1_2026-04-08_17-46-06.mp4,1889.0,326.0,1661,82,2117,570,0.8003455
746,/Volumes/SmithL0/2026/BIOL470/Final/Learning_Rig/bee_0408_2/bee_0408_2_fwd_blue_accident/cam1_2026-04-08_17-46-06.mp4,1887.5,325.0,1659,81,2116,569,0.8051483
747,/Volumes/SmithL0/2026/BIOL470/Final/Learning_Rig/bee_0408_2/bee_0408_2_fwd_blue_accident/cam1_2026-04-08_17-46-06.mp4,1888.0,325.5,1658,83,2118,568,0.80238485
748,/Volumes/SmithL0/2026/BIOL470/Final/Learning_Rig/bee_0408_2/bee_0408_2_fwd_blue_accident/cam1_2026-04-08_17-46-06.mp4,1887.5,324.0,1659,80,2116,568,0.80836177
749,/Volumes/SmithL0/2026/BIOL470/Final/Learning_Rig/bee_0408_2/bee_0408_2_fwd_blue_accident/cam1_2026-04-08_17-46-06.mp4,1887.5,324.5,1660,81,2115,568,0.8043275
750,/Volumes/SmithL0/2026/BIOL470/Final/Learning_Rig/bee_0408_2/bee_0408_2_fwd_blue_accident/cam1_2026-04-08_17-46-06.mp4,1890.0,325.5,1663,83,2117,568,0.8079887
751,/Volumes/SmithL0/2026/BIOL470/Final/Learning_Rig/bee_0408_2/bee_0408_2_fwd_blue_accident/cam1_2026-04-08_17-46-06.mp4,1890.5,325.0,1663,82,2118,568,0.81174016
752,/Volumes/SmithL0/2026/BIOL470/Final/Learning_Rig/bee_0408_2/bee_0408_2_fwd_blue_accident/cam1_2026-04-08_17-46-06.mp4,1890.5,324.0,1665,80,2116,568,0.81026703
753,/Volumes/SmithL0/2026/BIOL470/Final/Learning_Rig/bee_0408_2/bee_0408_2_fwd_blue_accident/cam1_2026-04-08_17-46-06.mp4,1890.0,324.5,1662,81,2118,568,0.809003
754,/Volumes/SmithL0/2026/BIOL470/Final/Learning_Rig/bee_0408_2/bee_0408_2_fwd_blue_accident/cam1_2026-04-08_17-46-06.mp4,1890.5,325.0,1664,81,2117,569,0.8087609
755,/Volumes/SmithL0/2026/BIOL470/Final/Learning_Rig/bee_0408_2/bee_0408_2_fwd_blue_accident/cam1_2026-04-08_17-46-06.mp4,1889.5,323.5,1661,80,2118,567,0.80434936
756,/Volumes/SmithL0/2026/BIOL470/Final/Learning_Rig/bee_0408_2/bee_0408_2_fwd_blue_accident/cam1_2026-04-08_17-46-06.mp4,1897.5,319.5,1666,74,2129,565,0.80292475
757,/Volumes/SmithL0/2026/BIOL470/Final/Learning_Rig/bee_0408_2/bee_0408_2_fwd_blue_accident/cam1_2026-04-08_17-46-06.mp4,1897.5,317.5,1667,75,2128,560,0.803211
758,/Volumes/SmithL0/2026/BIOL470/Final/Learning_Rig/bee_0408_2/bee_0408_2_fwd_blue_accident/cam1_2026-04-08_17-46-06.mp4,1899.0,317.0,1672,75,2126,559,0.8005914
759,/Volumes/SmithL0/2026/BIOL470/Final/Learning_Rig/bee_0408_2/bee_0408_2_fwd_blue_accident/cam1_2026-04-08_17-46-06.mp4,1891.0,323.5,1663,80,2119,567,0.80653226
760,/Volumes/SmithL0/2026/BIOL470/Final/Learning_Rig/bee_0408_2/bee_0408_2_fwd_blue_accident/cam1_2026-04-08_17-46-06.mp4,1890.5,323.0,1664,79,2117,567,0.80663604
761,/Volumes/SmithL0/2026/BIOL470/Final/Learning_Rig/bee_0408_2/bee_0408_2_fwd_blue_accident/cam1_2026-04-08_17-46-06.mp4,1897.5,317.0,1672,74,2123,560,0.8042038
762,/Volumes/SmithL0/2026/BIOL470/Final/Learning_Rig/bee_0408_2/bee_0408_2_fwd_blue_accident/cam1_2026-04-08_17-46-06.mp4,1898.5,319.0,1673,75,2124,563,0.8047561
763,/Volumes/SmithL0/2026/BIOL470/Final/Learning_Rig/bee_0408_2/bee_0408_2_fwd_blue_accident/cam1_2026-04-08_17-46-06.mp4,1897.0,319.0,1671,75,2123,563,0.7987872
764,/Volumes/SmithL0/2026/BIOL470/Final/Learning_Rig/bee_0408_2/bee_0408_2_fwd_blue_accident/cam1_2026-04-08_17-46-06.mp4,1890.5,323.0,1664,79,2117,567,0.8030793
765,/Volumes/SmithL0/2026/BIOL470/Final/Learning_Rig/bee_0408_2/bee_0408_2_fwd_blue_accident/cam1_2026-04-08_17-46-06.mp4,1898.0,319.5,1671,75,2125,564,0.7984415
766,/Volumes/SmithL0/2026/BIOL470/Final/Learning_Rig/bee_0408_2/bee_0408_2_fwd_blue_accident/cam1_2026-04-08_17-46-06.mp4,1890.0,323.0,1663,79,2117,567,0.8026089
767,/Volumes/SmithL0/2026/BIOL470/Final/Learning_Rig/bee_0408_2/bee_0408_2_fwd_blue_accident/cam1_2026-04-08_17-46-06.mp4,1889.5,323.0,1664,78,2115,568,0.8025453
768,/Volumes/SmithL0/2026/BIOL470/Final/Learning_Rig/bee_0408_2/bee_0408_2_fwd_blue_accident/cam1_2026-04-08_17-46-06.mp4,1898.0,318.5,1676,74,2120,563,0.80255944
769,/Volumes/SmithL0/2026/BIOL470/Final/Learning_Rig/bee_0408_2/bee_0408_2_fwd_blue_accident/cam1_2026-04-08_17-46-06.mp4,1899.5,318.5,1677,75,2122,562,0.80426085
770,/Volumes/SmithL0/2026/BIOL470/Final/Learning_Rig/bee_0408_2/bee_0408_2_fwd_blue_accident/cam1_2026-04-08_17-46-06.mp4,1902.0,315.0,1681,74,2123,556,0.80277896
771,/Volumes/SmithL0/2026/BIOL470/Final/Learning_Rig/bee_0408_2/bee_0408_2_fwd_blue_accident/cam1_2026-04-08_17-46-06.mp4,1902.5,318.0,1679,75,2126,561,0.8022611
772,/Volumes/SmithL0/2026/BIOL470/Final/Learning_Rig/bee_0408_2/bee_0408_2_fwd_blue_accident/cam1_2026-04-08_17-46-06.mp4,1901.5,320.0,1679,75,2124,565,0.8026902
773,/Volumes/SmithL0/2026/BIOL470/Final/Learning_Rig/bee_0408_2/bee_0408_2_fwd_blue_accident/cam1_2026-04-08_17-46-06.mp4,1901.0,321.0,1679,76,2123,566,0.7980777
774,/Volumes/SmithL0/2026/BIOL470/Final/Learning_Rig/bee_0408_2/bee_0408_2_fwd_blue_accident/cam1_2026-04-08_17-46-06.mp4,1896.5,319.5,1668,78,2125,561,0.80207574
775,/Volumes/SmithL0/2026/BIOL470/Final/Learning_Rig/bee_0408_2/bee_0408_2_fwd_blue_accident/cam1_2026-04-08_17-46-06.mp4,1896.0,321.0,1668,77,2124,565,0.8007958
776,/Volumes/SmithL0/2026/BIOL470/Final/Learning_Rig/bee_0408_2/bee_0408_2_fwd_blue_accident/cam1_2026-04-08_17-46-06.mp4,1890.0,323.5,1663,80,2117,567,0.8029744
777,/Volumes/SmithL0/2026/BIOL470/Final/Learning_Rig/bee_0408_2/bee_0408_2_fwd_blue_accident/cam1_2026-04-08_17-46-06.mp4,1897.0,319.0,1667,75,2127,563,0.8001013
778,/Volumes/SmithL0/2026/BIOL470/Final/Learning_Rig/bee_0408_2/bee_0408_2_fwd_blue_accident/cam1_2026-04-08_17-46-06.mp4,1889.0,323.5,1662,79,2116,568,0.7997879
779,/Volumes/SmithL0/2026/BIOL470/Final/Learning_Rig/bee_0408_2/bee_0408_2_fwd_blue_accident/cam1_2026-04-08_17-46-06.mp4,1891.5,323.5,1667,78,2116,569,0.79975396
780,/Volumes/SmithL0/2026/BIOL470/Final/Learning_Rig/bee_0408_2/bee_0408_2_fwd_blue_accident/cam1_2026-04-08_17-46-06.mp4,1890.5,324.0,1665,79,2116,569,0.797119
781,/Volumes/SmithL0/2026/BIOL470/Final/Learning_Rig/bee_0408_2/bee_0408_2_fwd_blue_accident/cam1_2026-04-08_17-46-06.mp4,1891.0,323.5,1665,78,2117,569,0.802284
782,/Volumes/SmithL0/2026/BIOL470/Final/Learning_Rig/bee_0408_2/bee_0408_2_fwd_blue_accident/cam1_2026-04-08_17-46-06.mp4,1899.5,322.5,1676,75,2123,570,0.8053598
783,/Volumes/SmithL0/2026/BIOL470/Final/Learning_Rig/bee_0408_2/bee_0408_2_fwd_blue_accident/cam1_2026-04-08_17-46-06.mp4,1890.5,323.0,1665,78,2116,568,0.8058863
784,/Volumes/SmithL0/2026/BIOL470/Final/Learning_Rig/bee_0408_2/bee_0408_2_fwd_blue_accident/cam1_2026-04-08_17-46-06.mp4,1891.5,322.5,1666,78,2117,567,0.80224895
785,/Volumes/SmithL0/2026/BIOL470/Final/Learning_Rig/bee_0408_2/bee_0408_2_fwd_blue_accident/cam1_2026-04-08_17-46-06.mp4,1891.5,325.0,1666,82,2117,568,0.80316234
786,/Volumes/SmithL0/2026/BIOL470/Final/Learning_Rig/bee_0408_2/bee_0408_2_fwd_blue_accident/cam1_2026-04-08_17-46-06.mp4,1899.5,321.5,1676,78,2123,565,0.80475205
787,/Volumes/SmithL0/2026/BIOL470/Final/Learning_Rig/bee_0408_2/bee_0408_2_fwd_blue_accident/cam1_2026-04-08_17-46-06.mp4,1899.5,324.5,1675,79,2124,570,0.801413
788,/Volumes/SmithL0/2026/BIOL470/Final/Learning_Rig/bee_0408_2/bee_0408_2_fwd_blue_accident/cam1_2026-04-08_17-46-06.mp4,1897.5,319.0,1669,79,2126,559,0.8039124
789,/Volumes/SmithL0/2026/BIOL470/Final/Learning_Rig/bee_0408_2/bee_0408_2_fwd_blue_accident/cam1_2026-04-08_17-46-06.mp4,1895.5,318.5,1669,75,2122,562,0.80407584
790,/Volumes/SmithL0/2026/BIOL470/Final/Learning_Rig/bee_0408_2/bee_0408_2_fwd_blue_accident/cam1_2026-04-08_17-46-06.mp4,1889.5,323.5,1663,80,2116,567,0.8083038
791,/Volumes/SmithL0/2026/BIOL470/Final/Learning_Rig/bee_0408_2/bee_0408_2_fwd_blue_accident/cam1_2026-04-08_17-46-06.mp4,1897.5,319.5,1670,78,2125,561,0.80297965
792,/Volumes/SmithL0/2026/BIOL470/Final/Learning_Rig/bee_0408_2/bee_0408_2_fwd_blue_accident/cam1_2026-04-08_17-46-06.mp4,1896.5,318.5,1670,75,2123,562,0.8100899
793,/Volumes/SmithL0/2026/BIOL470/Final/Learning_Rig/bee_0408_2/bee_0408_2_fwd_blue_accident/cam1_2026-04-08_17-46-06.mp4,1895.5,323.5,1668,78,2123,569,0.805369
794,/Volumes/SmithL0/2026/BIOL470/Final/Learning_Rig/bee_0408_2/bee_0408_2_fwd_blue_accident/cam1_2026-04-08_17-46-06.mp4,1895.5,322.5,1669,76,2122,569,0.80408555
795,/Volumes/SmithL0/2026/BIOL470/Final/Learning_Rig/bee_0408_2/bee_0408_2_fwd_blue_accident/cam1_2026-04-08_17-46-06.mp4,1895.5,319.5,1668,77,2123,562,0.800758
796,/Volumes/SmithL0/2026/BIOL470/Final/Learning_Rig/bee_0408_2/bee_0408_2_fwd_blue_accident/cam1_2026-04-08_17-46-06.mp4,1886.5,323.5,1657,80,2116,567,0.8060212
797,/Volumes/SmithL0/2026/BIOL470/Final/Learning_Rig/bee_0408_2/bee_0408_2_fwd_blue_accident/cam1_2026-04-08_17-46-06.mp4,1886.0,324.5,1658,81,2114,568,0.80549926
798,/Volumes/SmithL0/2026/BIOL470/Final/Learning_Rig/bee_0408_2/bee_0408_2_fwd_blue_accident/cam1_2026-04-08_17-46-06.mp4,1886.5,324.0,1658,80,2115,568,0.80421853
799,/Volumes/SmithL0/2026/BIOL470/Final/Learning_Rig/bee_0408_2/bee_0408_2_fwd_blue_accident/cam1_2026-04-08_17-46-06.mp4,1888.0,325.0,1660,82,2116,568,0.8083709
800,/Volumes/SmithL0/2026/BIOL470/Final/Learning_Rig/bee_0408_2/bee_0408_2_fwd_blue_accident/cam1_2026-04-08_17-46-06.mp4,1889.0,324.5,1662,81,2116,568,0.811129
801,/Volumes/SmithL0/2026/BIOL470/Final/Learning_Rig/bee_0408_2/bee_0408_2_fwd_blue_accident/cam1_2026-04-08_17-46-06.mp4,1890.0,324.0,1664,81,2116,567,0.80908954
802,/Volumes/SmithL0/2026/BIOL470/Final/Learning_Rig/bee_0408_2/bee_0408_2_fwd_blue_accident/cam1_2026-04-08_17-46-06.mp4,1890.0,325.0,1664,82,2116,568,0.8084369
803,/Volumes/SmithL0/2026/BIOL470/Final/Learning_Rig/bee_0408_2/bee_0408_2_fwd_blue_accident/cam1_2026-04-08_17-46-06.mp4,1890.0,324.0,1665,80,2115,568,0.80647504
804,/Volumes/SmithL0/2026/BIOL470/Final/Learning_Rig/bee_0408_2/bee_0408_2_fwd_blue_accident/cam1_2026-04-08_17-46-06.mp4,1889.0,324.5,1663,81,2115,568,0.80340576
805,/Volumes/SmithL0/2026/BIOL470/Final/Learning_Rig/bee_0408_2/bee_0408_2_fwd_blue_accident/cam1_2026-04-08_17-46-06.mp4,1896.5,320.0,1671,79,2122,561,0.80020523
806,/Volumes/SmithL0/2026/BIOL470/Final/Learning_Rig/bee_0408_2/bee_0408_2_fwd_blue_accident/cam1_2026-04-08_17-46-06.mp4,1889.0,325.0,1663,82,2115,568,0.8030786
807,/Volumes/SmithL0/2026/BIOL470/Final/Learning_Rig/bee_0408_2/bee_0408_2_fwd_blue_accident/cam1_2026-04-08_17-46-06.mp4,1890.5,323.5,1666,78,2115,569,0.80623645
808,/Volumes/SmithL0/2026/BIOL470/Final/Learning_Rig/bee_0408_2/bee_0408_2_fwd_blue_accident/cam1_2026-04-08_17-46-06.mp4,1898.0,323.0,1674,75,2122,571,0.8077197
809,/Volumes/SmithL0/2026/BIOL470/Final/Learning_Rig/bee_0408_2/bee_0408_2_fwd_blue_accident/cam1_2026-04-08_17-46-06.mp4,1889.5,324.5,1661,81,2118,568,0.80826753
810,/Volumes/SmithL0/2026/BIOL470/Final/Learning_Rig/bee_0408_2/bee_0408_2_fwd_blue_accident/cam1_2026-04-08_17-46-06.mp4,1887.5,324.5,1658,81,2117,568,0.8125173
811,/Volumes/SmithL0/2026/BIOL470/Final/Learning_Rig/bee_0408_2/bee_0408_2_fwd_blue_accident/cam1_2026-04-08_17-46-06.mp4,1888.0,325.0,1660,80,2116,570,0.8086272
812,/Volumes/SmithL0/2026/BIOL470/Final/Learning_Rig/bee_0408_2/bee_0408_2_fwd_blue_accident/cam1_2026-04-08_17-46-06.mp4,1888.5,324.5,1662,80,2115,569,0.80633605
813,/Volumes/SmithL0/2026/BIOL470/Final/Learning_Rig/bee_0408_2/bee_0408_2_fwd_blue_accident/cam1_2026-04-08_17-46-06.mp4,1897.5,318.5,1670,77,2125,560,0.7985832
814,/Volumes/SmithL0/2026/BIOL470/Final/Learning_Rig/bee_0408_2/bee_0408_2_fwd_blue_accident/cam1_2026-04-08_17-46-06.mp4,1889.0,324.0,1663,79,2115,569,0.80008173
815,/Volumes/SmithL0/2026/BIOL470/Final/Learning_Rig/bee_0408_2/bee_0408_2_fwd_blue_accident/cam1_2026-04-08_17-46-06.mp4,1891.0,324.5,1664,80,2118,569,0.8032264
816,/Volumes/SmithL0/2026/BIOL470/Final/Learning_Rig/bee_0408_2/bee_0408_2_fwd_blue_accident/cam1_2026-04-08_17-46-06.mp4,1889.5,324.5,1664,80,2115,569,0.8002728
817,/Volumes/SmithL0/2026/BIOL470/Final/Learning_Rig/bee_0408_2/bee_0408_2_fwd_blue_accident/cam1_2026-04-08_17-46-06.mp4,1895.5,321.0,1667,78,2124,564,0.79801244
818,/Volumes/SmithL0/2026/BIOL470/Final/Learning_Rig/bee_0408_2/bee_0408_2_fwd_blue_accident/cam1_2026-04-08_17-46-06.mp4,1897.0,317.0,1668,78,2126,556,0.8010833
819,/Volumes/SmithL0/2026/BIOL470/Final/Learning_Rig/bee_0408_2/bee_0408_2_fwd_blue_accident/cam1_2026-04-08_17-46-06.mp4,1898.5,319.0,1669,78,2128,560,0.8029597
820,/Volumes/SmithL0/2026/BIOL470/Final/Learning_Rig/bee_0408_2/bee_0408_2_fwd_blue_accident/cam1_2026-04-08_17-46-06.mp4,1897.5,319.5,1670,77,2125,562,0.80237263
821,/Volumes/SmithL0/2026/BIOL470/Final/Learning_Rig/bee_0408_2/bee_0408_2_fwd_blue_accident/cam1_2026-04-08_17-46-06.mp4,1897.0,319.5,1669,79,2125,560,0.8031905
822,/Volumes/SmithL0/2026/BIOL470/Final/Learning_Rig/bee_0408_2/bee_0408_2_fwd_blue_accident/cam1_2026-04-08_17-46-06.mp4,1896.0,319.0,1669,79,2123,559,0.802584
823,/Volumes/SmithL0/2026/BIOL470/Final/Learning_Rig/bee_0408_2/bee_0408_2_fwd_blue_accident/cam1_2026-04-08_17-46-06.mp4,1888.5,324.5,1663,82,2114,567,0.80542076
824,/Volumes/SmithL0/2026/BIOL470/Final/Learning_Rig/bee_0408_2/bee_0408_2_fwd_blue_accident/cam1_2026-04-08_17-46-06.mp4,1889.5,323.5,1664,80,2115,567,0.80604434
825,/Volumes/SmithL0/2026/BIOL470/Final/Learning_Rig/bee_0408_2/bee_0408_2_fwd_blue_accident/cam1_2026-04-08_17-46-06.mp4,1889.5,324.0,1663,81,2116,567,0.8062623
826,/Volumes/SmithL0/2026/BIOL470/Final/Learning_Rig/bee_0408_2/bee_0408_2_fwd_blue_accident/cam1_2026-04-08_17-46-06.mp4,1898.0,321.0,1670,77,2126,565,0.80308145
827,/Volumes/SmithL0/2026/BIOL470/Final/Learning_Rig/bee_0408_2/bee_0408_2_fwd_blue_accident/cam1_2026-04-08_17-46-06.mp4,1901.0,318.5,1675,78,2127,559,0.8021773
828,/Volumes/SmithL0/2026/BIOL470/Final/Learning_Rig/bee_0408_2/bee_0408_2_fwd_blue_accident/cam1_2026-04-08_17-46-06.mp4,1899.0,321.0,1670,79,2128,563,0.80387485
829,/Volumes/SmithL0/2026/BIOL470/Final/Learning_Rig/bee_0408_2/bee_0408_2_fwd_blue_accident/cam1_2026-04-08_17-46-06.mp4,1890.5,325.0,1666,79,2115,571,0.7944038
830,/Volumes/SmithL0/2026/BIOL470/Final/Learning_Rig/bee_0408_2/bee_0408_2_fwd_blue_accident/cam1_2026-04-08_17-46-06.mp4,1891.0,323.5,1666,79,2116,568,0.8024082
831,/Volumes/SmithL0/2026/BIOL470/Final/Learning_Rig/bee_0408_2/bee_0408_2_fwd_blue_accident/cam1_2026-04-08_17-46-06.mp4,1890.0,324.5,1665,80,2115,569,0.8021327
832,/Volumes/SmithL0/2026/BIOL470/Final/Learning_Rig/bee_0408_2/bee_0408_2_fwd_blue_accident/cam1_2026-04-08_17-46-06.mp4,1887.0,325.0,1660,81,2114,569,0.805653
833,/Volumes/SmithL0/2026/BIOL470/Final/Learning_Rig/bee_0408_2/bee_0408_2_fwd_blue_accident/cam1_2026-04-08_17-46-06.mp4,1886.5,325.5,1660,83,2113,568,0.8017819
834,/Volumes/SmithL0/2026/BIOL470/Final/Learning_Rig/bee_0408_2/bee_0408_2_fwd_blue_accident/cam1_2026-04-08_17-46-06.mp4,1888.0,325.5,1662,82,2114,569,0.8067216
835,/Volumes/SmithL0/2026/BIOL470/Final/Learning_Rig/bee_0408_2/bee_0408_2_fwd_blue_accident/cam1_2026-04-08_17-46-06.mp4,1888.5,325.0,1663,81,2114,569,0.8027697
836,/Volumes/SmithL0/2026/BIOL470/Final/Learning_Rig/bee_0408_2/bee_0408_2_fwd_blue_accident/cam1_2026-04-08_17-46-06.mp4,1887.0,324.5,1662,79,2112,570,0.80278736
837,/Volumes/SmithL0/2026/BIOL470/Final/Learning_Rig/bee_0408_2/bee_0408_2_fwd_blue_accident/cam1_2026-04-08_17-46-06.mp4,1895.5,319.0,1670,77,2121,561,0.8029239
838,/Volumes/SmithL0/2026/BIOL470/Final/Learning_Rig/bee_0408_2/bee_0408_2_fwd_blue_accident/cam1_2026-04-08_17-46-06.mp4,1895.5,319.0,1668,77,2123,561,0.8002404
839,/Volumes/SmithL0/2026/BIOL470/Final/Learning_Rig/bee_0408_2/bee_0408_2_fwd_blue_accident/cam1_2026-04-08_17-46-06.mp4,1898.0,317.5,1672,76,2124,559,0.8064664
840,/Volumes/SmithL0/2026/BIOL470/Final/Learning_Rig/bee_0408_2/bee_0408_2_fwd_blue_accident/cam1_2026-04-08_17-46-06.mp4,1896.5,317.0,1672,77,2121,557,0.8027032
841,/Volumes/SmithL0/2026/BIOL470/Final/Learning_Rig/bee_0408_2/bee_0408_2_fwd_blue_accident/cam1_2026-04-08_17-46-06.mp4,1894.5,319.0,1669,77,2120,561,0.8021803
842,/Volumes/SmithL0/2026/BIOL470/Final/Learning_Rig/bee_0408_2/bee_0408_2_fwd_blue_accident/cam1_2026-04-08_17-46-06.mp4,1894.5,320.5,1670,77,2119,564,0.7981686
843,/Volumes/SmithL0/2026/BIOL470/Final/Learning_Rig/bee_0408_2/bee_0408_2_fwd_blue_accident/cam1_2026-04-08_17-46-06.mp4,1896.5,319.0,1672,77,2121,561,0.8002447
844,/Volumes/SmithL0/2026/BIOL470/Final/Learning_Rig/bee_0408_2/bee_0408_2_fwd_blue_accident/cam1_2026-04-08_17-46-06.mp4,1897.0,320.5,1672,76,2122,565,0.80126137
845,/Volumes/SmithL0/2026/BIOL470/Final/Learning_Rig/bee_0408_2/bee_0408_2_fwd_blue_accident/cam1_2026-04-08_17-46-06.mp4,1896.0,321.5,1671,77,2121,566,0.7981736
846,/Volumes/SmithL0/2026/BIOL470/Final/Learning_Rig/bee_0408_2/bee_0408_2_fwd_blue_accident/cam1_2026-04-08_17-46-06.mp4,1898.0,316.5,1676,75,2120,558,0.804531
847,/Volumes/SmithL0/2026/BIOL470/Final/Learning_Rig/bee_0408_2/bee_0408_2_fwd_blue_accident/cam1_2026-04-08_17-46-06.mp4,1896.5,320.0,1672,77,2121,563,0.8039138
848,/Volumes/SmithL0/2026/BIOL470/Final/Learning_Rig/bee_0408_2/bee_0408_2_fwd_blue_accident/cam1_2026-04-08_17-46-06.mp4,1898.5,319.0,1674,76,2123,562,0.80302954
849,/Volumes/SmithL0/2026/BIOL470/Final/Learning_Rig/bee_0408_2/bee_0408_2_fwd_blue_accident/cam1_2026-04-08_17-46-06.mp4,1900.5,320.0,1681,76,2120,564,0.80779874
850,/Volumes/SmithL0/2026/BIOL470/Final/Learning_Rig/bee_0408_2/bee_0408_2_fwd_blue_accident/cam1_2026-04-08_17-46-06.mp4,1899.0,324.0,1675,79,2123,569,0.8025948
851,/Volumes/SmithL0/2026/BIOL470/Final/Learning_Rig/bee_0408_2/bee_0408_2_fwd_blue_accident/cam1_2026-04-08_17-46-06.mp4,1889.0,323.5,1665,79,2113,568,0.80583876
852,/Volumes/SmithL0/2026/BIOL470/Final/Learning_Rig/bee_0408_2/bee_0408_2_fwd_blue_accident/cam1_2026-04-08_17-46-06.mp4,1887.5,324.5,1662,80,2113,569,0.8036652
853,/Volumes/SmithL0/2026/BIOL470/Final/Learning_Rig/bee_0408_2/bee_0408_2_fwd_blue_accident/cam1_2026-04-08_17-46-06.mp4,1887.5,324.0,1662,79,2113,569,0.8055112
854,/Volumes/SmithL0/2026/BIOL470/Final/Learning_Rig/bee_0408_2/bee_0408_2_fwd_blue_accident/cam1_2026-04-08_17-46-06.mp4,1889.5,323.5,1667,79,2112,568,0.8080809
855,/Volumes/SmithL0/2026/BIOL470/Final/Learning_Rig/bee_0408_2/bee_0408_2_fwd_blue_accident/cam1_2026-04-08_17-46-06.mp4,1889.0,324.0,1667,80,2111,568,0.81070954
856,/Volumes/SmithL0/2026/BIOL470/Final/Learning_Rig/bee_0408_2/bee_0408_2_fwd_blue_accident/cam1_2026-04-08_17-46-06.mp4,1889.0,323.0,1668,78,2110,568,0.80822754
857,/Volumes/SmithL0/2026/BIOL470/Final/Learning_Rig/bee_0408_2/bee_0408_2_fwd_blue_accident/cam1_2026-04-08_17-46-06.mp4,1889.0,324.0,1666,79,2112,569,0.8073593
858,/Volumes/SmithL0/2026/BIOL470/Final/Learning_Rig/bee_0408_2/bee_0408_2_fwd_blue_accident/cam1_2026-04-08_17-46-06.mp4,1887.5,324.0,1662,81,2113,567,0.80906767
859,/Volumes/SmithL0/2026/BIOL470/Final/Learning_Rig/bee_0408_2/bee_0408_2_fwd_blue_accident/cam1_2026-04-08_17-46-06.mp4,1887.0,324.0,1661,81,2113,567,0.8078606
860,/Volumes/SmithL0/2026/BIOL470/Final/Learning_Rig/bee_0408_2/bee_0408_2_fwd_blue_accident/cam1_2026-04-08_17-46-06.mp4,1893.0,322.0,1667,79,2119,565,0.8041651
861,/Volumes/SmithL0/2026/BIOL470/Final/Learning_Rig/bee_0408_2/bee_0408_2_fwd_blue_accident/cam1_2026-04-08_17-46-06.mp4,1891.5,317.5,1667,76,2116,559,0.8057295
862,/Volumes/SmithL0/2026/BIOL470/Final/Learning_Rig/bee_0408_2/bee_0408_2_fwd_blue_accident/cam1_2026-04-08_17-46-06.mp4,1893.5,319.0,1670,77,2117,561,0.80664426
863,/Volumes/SmithL0/2026/BIOL470/Final/Learning_Rig/bee_0408_2/bee_0408_2_fwd_blue_accident/cam1_2026-04-08_17-46-06.mp4,1896.0,322.0,1672,76,2120,568,0.81392497
864,/Volumes/SmithL0/2026/BIOL470/Final/Learning_Rig/bee_0408_2/bee_0408_2_fwd_blue_accident/cam1_2026-04-08_17-46-06.mp4,1896.0,320.0,1672,76,2120,564,0.8070293
865,/Volumes/SmithL0/2026/BIOL470/Final/Learning_Rig/bee_0408_2/bee_0408_2_fwd_blue_accident/cam1_2026-04-08_17-46-06.mp4,1896.5,320.0,1672,77,2121,563,0.80453825
866,/Volumes/SmithL0/2026/BIOL470/Final/Learning_Rig/bee_0408_2/bee_0408_2_fwd_blue_accident/cam1_2026-04-08_17-46-06.mp4,1895.0,316.5,1675,76,2115,557,0.80555964
867,/Volumes/SmithL0/2026/BIOL470/Final/Learning_Rig/bee_0408_2/bee_0408_2_fwd_blue_accident/cam1_2026-04-08_17-46-06.mp4,1895.5,317.5,1675,76,2116,559,0.80251116
868,/Volumes/SmithL0/2026/BIOL470/Final/Learning_Rig/bee_0408_2/bee_0408_2_fwd_blue_accident/cam1_2026-04-08_17-46-06.mp4,1895.5,318.0,1672,76,2119,560,0.8067907
869,/Volumes/SmithL0/2026/BIOL470/Final/Learning_Rig/bee_0408_2/bee_0408_2_fwd_blue_accident/cam1_2026-04-08_17-46-06.mp4,1889.0,322.5,1664,78,2114,567,0.8058594
870,/Volumes/SmithL0/2026/BIOL470/Final/Learning_Rig/bee_0408_2/bee_0408_2_fwd_blue_accident/cam1_2026-04-08_17-46-06.mp4,1888.0,322.5,1664,75,2112,570,0.80757535
871,/Volumes/SmithL0/2026/BIOL470/Final/Learning_Rig/bee_0408_2/bee_0408_2_fwd_blue_accident/cam1_2026-04-08_17-46-06.mp4,1889.5,323.0,1664,79,2115,567,0.80814016
872,/Volumes/SmithL0/2026/BIOL470/Final/Learning_Rig/bee_0408_2/bee_0408_2_fwd_blue_accident/cam1_2026-04-08_17-46-06.mp4,1889.0,323.5,1663,79,2115,568,0.8105147
873,/Volumes/SmithL0/2026/BIOL470/Final/Learning_Rig/bee_0408_2/bee_0408_2_fwd_blue_accident/cam1_2026-04-08_17-46-06.mp4,1890.0,323.5,1661,80,2119,567,0.8087421
874,/Volumes/SmithL0/2026/BIOL470/Final/Learning_Rig/bee_0408_2/bee_0408_2_fwd_blue_accident/cam1_2026-04-08_17-46-06.mp4,1895.0,321.0,1665,74,2125,568,0.80848074
875,/Volumes/SmithL0/2026/BIOL470/Final/Learning_Rig/bee_0408_2/bee_0408_2_fwd_blue_accident/cam1_2026-04-08_17-46-06.mp4,1899.0,321.0,1669,76,2129,566,0.8075989
876,/Volumes/SmithL0/2026/BIOL470/Final/Learning_Rig/bee_0408_2/bee_0408_2_fwd_blue_accident/cam1_2026-04-08_17-46-06.mp4,1898.5,321.0,1671,76,2126,566,0.8047105
877,/Volumes/SmithL0/2026/BIOL470/Final/Learning_Rig/bee_0408_2/bee_0408_2_fwd_blue_accident/cam1_2026-04-08_17-46-06.mp4,1897.0,323.0,1669,79,2125,567,0.8054938
878,/Volumes/SmithL0/2026/BIOL470/Final/Learning_Rig/bee_0408_2/bee_0408_2_fwd_blue_accident/cam1_2026-04-08_17-46-06.mp4,1888.5,323.0,1661,78,2116,568,0.80816615
879,/Volumes/SmithL0/2026/BIOL470/Final/Learning_Rig/bee_0408_2/bee_0408_2_fwd_blue_accident/cam1_2026-04-08_17-46-06.mp4,1887.5,323.5,1660,80,2115,567,0.8081384
880,/Volumes/SmithL0/2026/BIOL470/Final/Learning_Rig/bee_0408_2/bee_0408_2_fwd_blue_accident/cam1_2026-04-08_17-46-06.mp4,1888.0,323.5,1660,79,2116,568,0.8079035
881,/Volumes/SmithL0/2026/BIOL470/Final/Learning_Rig/bee_0408_2/bee_0408_2_fwd_blue_accident/cam1_2026-04-08_17-46-06.mp4,1886.0,323.5,1658,81,2114,566,0.8080195
882,/Volumes/SmithL0/2026/BIOL470/Final/Learning_Rig/bee_0408_2/bee_0408_2_fwd_blue_accident/cam1_2026-04-08_17-46-06.mp4,1886.0,324.0,1658,81,2114,567,0.809319
883,/Volumes/SmithL0/2026/BIOL470/Final/Learning_Rig/bee_0408_2/bee_0408_2_fwd_blue_accident/cam1_2026-04-08_17-46-06.mp4,1891.5,319.0,1662,77,2121,561,0.8029081
884,/Volumes/SmithL0/2026/BIOL470/Final/Learning_Rig/bee_0408_2/bee_0408_2_fwd_blue_accident/cam1_2026-04-08_17-46-06.mp4,1886.0,324.0,1657,81,2115,567,0.80560523
885,/Volumes/SmithL0/2026/BIOL470/Final/Learning_Rig/bee_0408_2/bee_0408_2_fwd_blue_accident/cam1_2026-04-08_17-46-06.mp4,1886.0,323.5,1655,80,2117,567,0.8021752
886,/Volumes/SmithL0/2026/BIOL470/Final/Learning_Rig/bee_0408_2/bee_0408_2_fwd_blue_accident/cam1_2026-04-08_17-46-06.mp4,1887.5,323.5,1657,80,2118,567,0.80725956
887,/Volumes/SmithL0/2026/BIOL470/Final/Learning_Rig/bee_0408_2/bee_0408_2_fwd_blue_accident/cam1_2026-04-08_17-46-06.mp4,1887.5,324.0,1657,80,2118,568,0.8074861
888,/Volumes/SmithL0/2026/BIOL470/Final/Learning_Rig/bee_0408_2/bee_0408_2_fwd_blue_accident/cam1_2026-04-08_17-46-06.mp4,1888.0,324.0,1658,80,2118,568,0.8091817
889,/Volumes/SmithL0/2026/BIOL470/Final/Learning_Rig/bee_0408_2/bee_0408_2_fwd_blue_accident/cam1_2026-04-08_17-46-06.mp4,1887.0,322.0,1657,77,2117,567,0.8122941
890,/Volumes/SmithL0/2026/BIOL470/Final/Learning_Rig/bee_0408_2/bee_0408_2_fwd_blue_accident/cam1_2026-04-08_17-46-06.mp4,1887.0,323.0,1656,79,2118,567,0.8117691
891,/Volumes/SmithL0/2026/BIOL470/Final/Learning_Rig/bee_0408_2/bee_0408_2_fwd_blue_accident/cam1_2026-04-08_17-46-06.mp4,1886.0,323.0,1655,79,2117,567,0.8117441
892,/Volumes/SmithL0/2026/BIOL470/Final/Learning_Rig/bee_0408_2/bee_0408_2_fwd_blue_accident/cam1_2026-04-08_17-46-06.mp4,1886.5,323.0,1655,79,2118,567,0.81208074
893,/Volumes/SmithL0/2026/BIOL470/Final/Learning_Rig/bee_0408_2/bee_0408_2_fwd_blue_accident/cam1_2026-04-08_17-46-06.mp4,1887.0,324.0,1655,81,2119,567,0.810633
894,/Volumes/SmithL0/2026/BIOL470/Final/Learning_Rig/bee_0408_2/bee_0408_2_fwd_blue_accident/cam1_2026-04-08_17-46-06.mp4,1887.5,323.5,1655,80,2120,567,0.80858713
895,/Volumes/SmithL0/2026/BIOL470/Final/Learning_Rig/bee_0408_2/bee_0408_2_fwd_blue_accident/cam1_2026-04-08_17-46-06.mp4,1887.0,323.5,1657,80,2117,567,0.80806416
896,/Volumes/SmithL0/2026/BIOL470/Final/Learning_Rig/bee_0408_2/bee_0408_2_fwd_blue_accident/cam1_2026-04-08_17-46-06.mp4,1896.5,321.5,1664,75,2129,568,0.80547744
897,/Volumes/SmithL0/2026/BIOL470/Final/Learning_Rig/bee_0408_2/bee_0408_2_fwd_blue_accident/cam1_2026-04-08_17-46-06.mp4,1896.5,322.5,1665,77,2128,568,0.80837834
898,/Volumes/SmithL0/2026/BIOL470/Final/Learning_Rig/bee_0408_2/bee_0408_2_fwd_blue_accident/cam1_2026-04-08_17-46-06.mp4,1897.0,322.5,1666,76,2128,569,0.8071158
899,/Volumes/SmithL0/2026/BIOL470/Final/Learning_Rig/bee_0408_2/bee_0408_2_fwd_blue_accident/cam1_2026-04-08_17-46-06.mp4,1898.0,324.0,1669,76,2127,572,0.8018285
900,/Volumes/SmithL0/2026/BIOL470/Final/Learning_Rig/bee_0408_2/bee_0408_2_fwd_blue_accident/cam1_2026-04-08_17-46-06.mp4,1896.0,318.0,1670,78,2122,558,0.80382264
901,/Volumes/SmithL0/2026/BIOL470/Final/Learning_Rig/bee_0408_2/bee_0408_2_fwd_blue_accident/cam1_2026-04-08_17-46-06.mp4,1897.0,316.0,1673,78,2121,554,0.79958487
902,/Volumes/SmithL0/2026/BIOL470/Final/Learning_Rig/bee_0408_2/bee_0408_2_fwd_blue_accident/cam1_2026-04-08_17-46-06.mp4,1897.5,319.5,1672,77,2123,562,0.794663
903,/Volumes/SmithL0/2026/BIOL470/Final/Learning_Rig/bee_0408_2/bee_0408_2_fwd_blue_accident/cam1_2026-04-08_17-46-06.mp4,1897.0,323.0,1673,78,2121,568,0.7986169
904,/Volumes/SmithL0/2026/BIOL470/Final/Learning_Rig/bee_0408_2/bee_0408_2_fwd_blue_accident/cam1_2026-04-08_17-46-06.mp4,1896.5,324.0,1673,78,2120,570,0.8028996
905,/Volumes/SmithL0/2026/BIOL470/Final/Learning_Rig/bee_0408_2/bee_0408_2_fwd_blue_accident/cam1_2026-04-08_17-46-06.mp4,1897.0,323.0,1676,76,2118,570,0.80866885
906,/Volumes/SmithL0/2026/BIOL470/Final/Learning_Rig/bee_0408_2/bee_0408_2_fwd_blue_accident/cam1_2026-04-08_17-46-06.mp4,1898.0,320.0,1676,76,2120,564,0.80420893
907,/Volumes/SmithL0/2026/BIOL470/Final/Learning_Rig/bee_0408_2/bee_0408_2_fwd_blue_accident/cam1_2026-04-08_17-46-06.mp4,1889.5,323.0,1666,78,2113,568,0.8062603
908,/Volumes/SmithL0/2026/BIOL470/Final/Learning_Rig/bee_0408_2/bee_0408_2_fwd_blue_accident/cam1_2026-04-08_17-46-06.mp4,1889.0,323.0,1664,77,2114,569,0.80293506
909,/Volumes/SmithL0/2026/BIOL470/Final/Learning_Rig/bee_0408_2/bee_0408_2_fwd_blue_accident/cam1_2026-04-08_17-46-06.mp4,1889.0,324.0,1663,79,2115,569,0.80519897
910,/Volumes/SmithL0/2026/BIOL470/Final/Learning_Rig/bee_0408_2/bee_0408_2_fwd_blue_accident/cam1_2026-04-08_17-46-06.mp4,1890.0,323.0,1665,78,2115,568,0.805256
911,/Volumes/SmithL0/2026/BIOL470/Final/Learning_Rig/bee_0408_2/bee_0408_2_fwd_blue_accident/cam1_2026-04-08_17-46-06.mp4,1890.0,324.0,1665,78,2115,570,0.80658567
912,/Volumes/SmithL0/2026/BIOL470/Final/Learning_Rig/bee_0408_2/bee_0408_2_fwd_blue_accident/cam1_2026-04-08_17-46-06.mp4,1889.0,324.5,1663,78,2115,571,0.8041843
913,/Volumes/SmithL0/2026/BIOL470/Final/Learning_Rig/bee_0408_2/bee_0408_2_fwd_blue_accident/cam1_2026-04-08_17-46-06.mp4,1891.5,323.5,1668,78,2115,569,0.802275
914,/Volumes/SmithL0/2026/BIOL470/Final/Learning_Rig/bee_0408_2/bee_0408_2_fwd_blue_accident/cam1_2026-04-08_17-46-06.mp4,1891.0,323.5,1666,78,2116,569,0.80541265
915,/Volumes/SmithL0/2026/BIOL470/Final/Learning_Rig/bee_0408_2/bee_0408_2_fwd_blue_accident/cam1_2026-04-08_17-46-06.mp4,1892.0,322.5,1669,75,2115,570,0.80362254
916,/Volumes/SmithL0/2026/BIOL470/Final/Learning_Rig/bee_0408_2/bee_0408_2_fwd_blue_accident/cam1_2026-04-08_17-46-06.mp4,1890.0,323.5,1665,76,2115,571,0.8038818
917,/Volumes/SmithL0/2026/BIOL470/Final/Learning_Rig/bee_0408_2/bee_0408_2_fwd_blue_accident/cam1_2026-04-08_17-46-06.mp4,1890.5,323.5,1665,77,2116,570,0.80210584
918,/Volumes/SmithL0/2026/BIOL470/Final/Learning_Rig/bee_0408_2/bee_0408_2_fwd_blue_accident/cam1_2026-04-08_17-46-06.mp4,1889.5,323.0,1664,76,2115,570,0.79873973
919,/Volumes/SmithL0/2026/BIOL470/Final/Learning_Rig/bee_0408_2/bee_0408_2_fwd_blue_accident/cam1_2026-04-08_17-46-06.mp4,1895.0,316.5,1669,77,2121,556,0.80211866
920,/Volumes/SmithL0/2026/BIOL470/Final/Learning_Rig/bee_0408_2/bee_0408_2_fwd_blue_accident/cam1_2026-04-08_17-46-06.mp4,1896.0,317.0,1671,77,2121,557,0.7983475
921,/Volumes/SmithL0/2026/BIOL470/Final/Learning_Rig/bee_0408_2/bee_0408_2_fwd_blue_accident/cam1_2026-04-08_17-46-06.mp4,1896.0,322.0,1672,77,2120,567,0.8015941
922,/Volumes/SmithL0/2026/BIOL470/Final/Learning_Rig/bee_0408_2/bee_0408_2_fwd_blue_accident/cam1_2026-04-08_17-46-06.mp4,1895.0,324.0,1669,78,2121,570,0.8028673
923,/Volumes/SmithL0/2026/BIOL470/Final/Learning_Rig/bee_0408_2/bee_0408_2_fwd_blue_accident/cam1_2026-04-08_17-46-06.mp4,1894.0,321.5,1664,79,2124,564,0.80503106
924,/Volumes/SmithL0/2026/BIOL470/Final/Learning_Rig/bee_0408_2/bee_0408_2_fwd_blue_accident/cam1_2026-04-08_17-46-06.mp4,1894.5,321.0,1663,77,2126,565,0.8074157
925,/Volumes/SmithL0/2026/BIOL470/Final/Learning_Rig/bee_0408_2/bee_0408_2_fwd_blue_accident/cam1_2026-04-08_17-46-06.mp4,1888.0,325.0,1660,80,2116,570,0.81041175
926,/Volumes/SmithL0/2026/BIOL470/Final/Learning_Rig/bee_0408_2/bee_0408_2_fwd_blue_accident/cam1_2026-04-08_17-46-06.mp4,1888.0,323.5,1660,79,2116,568,0.80649114
927,/Volumes/SmithL0/2026/BIOL470/Final/Learning_Rig/bee_0408_2/bee_0408_2_fwd_blue_accident/cam1_2026-04-08_17-46-06.mp4,1889.0,323.0,1662,78,2116,568,0.80376923
928,/Volumes/SmithL0/2026/BIOL470/Final/Learning_Rig/bee_0408_2/bee_0408_2_fwd_blue_accident/cam1_2026-04-08_17-46-06.mp4,1887.0,323.5,1658,78,2116,569,0.80666345
929,/Volumes/SmithL0/2026/BIOL470/Final/Learning_Rig/bee_0408_2/bee_0408_2_fwd_blue_accident/cam1_2026-04-08_17-46-06.mp4,1887.0,325.0,1659,79,2115,571,0.80236167
930,/Volumes/SmithL0/2026/BIOL470/Final/Learning_Rig/bee_0408_2/bee_0408_2_fwd_blue_accident/cam1_2026-04-08_17-46-06.mp4,1888.0,322.5,1660,76,2116,569,0.8091574
931,/Volumes/SmithL0/2026/BIOL470/Final/Learning_Rig/bee_0408_2/bee_0408_2_fwd_blue_accident/cam1_2026-04-08_17-46-06.mp4,1888.0,324.0,1661,77,2115,571,0.8060932
932,/Volumes/SmithL0/2026/BIOL470/Final/Learning_Rig/bee_0408_2/bee_0408_2_fwd_blue_accident/cam1_2026-04-08_17-46-06.mp4,1888.0,322.0,1661,75,2115,569,0.8126521
933,/Volumes/SmithL0/2026/BIOL470/Final/Learning_Rig/bee_0408_2/bee_0408_2_fwd_blue_accident/cam1_2026-04-08_17-46-06.mp4,1889.5,322.0,1661,74,2118,570,0.8135464
934,/Volumes/SmithL0/2026/BIOL470/Final/Learning_Rig/bee_0408_2/bee_0408_2_fwd_blue_accident/cam1_2026-04-08_17-46-06.mp4,1887.5,323.0,1658,76,2117,570,0.8113789
935,/Volumes/SmithL0/2026/BIOL470/Final/Learning_Rig/bee_0408_2/bee_0408_2_fwd_blue_accident/cam1_2026-04-08_17-46-06.mp4,1887.5,323.0,1658,77,2117,569,0.81271344
936,/Volumes/SmithL0/2026/BIOL470/Final/Learning_Rig/bee_0408_2/bee_0408_2_fwd_blue_accident/cam1_2026-04-08_17-46-06.mp4,1888.5,323.0,1658,77,2119,569,0.8052693
937,/Volumes/SmithL0/2026/BIOL470/Final/Learning_Rig/bee_0408_2/bee_0408_2_fwd_blue_accident/cam1_2026-04-08_17-46-06.mp4,1888.0,323.0,1658,76,2118,570,0.8079674
938,/Volumes/SmithL0/2026/BIOL470/Final/Learning_Rig/bee_0408_2/bee_0408_2_fwd_blue_accident/cam1_2026-04-08_17-46-06.mp4,1888.0,321.5,1658,74,2118,569,0.8154941
939,/Volumes/SmithL0/2026/BIOL470/Final/Learning_Rig/bee_0408_2/bee_0408_2_fwd_blue_accident/cam1_2026-04-08_17-46-06.mp4,1888.0,323.0,1657,78,2119,568,0.8129992
940,/Volumes/SmithL0/2026/BIOL470/Final/Learning_Rig/bee_0408_2/bee_0408_2_fwd_blue_accident/cam1_2026-04-08_17-46-06.mp4,1890.5,322.5,1662,77,2119,568,0.8088018
941,/Volumes/SmithL0/2026/BIOL470/Final/Learning_Rig/bee_0408_2/bee_0408_2_fwd_blue_accident/cam1_2026-04-08_17-46-06.mp4,1890.0,322.5,1663,76,2117,569,0.80124766
942,/Volumes/SmithL0/2026/BIOL470/Final/Learning_Rig/bee_0408_2/bee_0408_2_fwd_blue_accident/cam1_2026-04-08_17-46-06.mp4,1899.0,320.5,1671,77,2127,564,0.7997931
943,/Volumes/SmithL0/2026/BIOL470/Final/Learning_Rig/bee_0408_2/bee_0408_2_fwd_blue_accident/cam1_2026-04-08_17-46-06.mp4,1890.0,325.0,1661,80,2119,570,0.8061859
944,/Volumes/SmithL0/2026/BIOL470/Final/Learning_Rig/bee_0408_2/bee_0408_2_fwd_blue_accident/cam1_2026-04-08_17-46-06.mp4,1890.5,324.0,1662,79,2119,569,0.80723214
945,/Volumes/SmithL0/2026/BIOL470/Final/Learning_Rig/bee_0408_2/bee_0408_2_fwd_blue_accident/cam1_2026-04-08_17-46-06.mp4,1890.5,324.5,1663,77,2118,572,0.80181676
946,/Volumes/SmithL0/2026/BIOL470/Final/Learning_Rig/bee_0408_2/bee_0408_2_fwd_blue_accident/cam1_2026-04-08_17-46-06.mp4,1890.0,325.0,1662,79,2118,571,0.8099261
947,/Volumes/SmithL0/2026/BIOL470/Final/Learning_Rig/bee_0408_2/bee_0408_2_fwd_blue_accident/cam1_2026-04-08_17-46-06.mp4,1889.5,324.5,1662,79,2117,570,0.81116706
948,/Volumes/SmithL0/2026/BIOL470/Final/Learning_Rig/bee_0408_2/bee_0408_2_fwd_blue_accident/cam1_2026-04-08_17-46-06.mp4,1889.5,322.5,1663,76,2116,569,0.81247693
949,/Volumes/SmithL0/2026/BIOL470/Final/Learning_Rig/bee_0408_2/bee_0408_2_fwd_blue_accident/cam1_2026-04-08_17-46-06.mp4,1890.5,323.0,1666,76,2115,570,0.80459756
950,/Volumes/SmithL0/2026/BIOL470/Final/Learning_Rig/bee_0408_2/bee_0408_2_fwd_blue_accident/cam1_2026-04-08_17-46-06.mp4,1900.0,325.0,1678,75,2122,575,0.8077969
951,/Volumes/SmithL0/2026/BIOL470/Final/Learning_Rig/bee_0408_2/bee_0408_2_fwd_blue_accident/cam1_2026-04-08_17-46-06.mp4,1891.0,322.0,1667,75,2115,569,0.80640346
952,/Volumes/SmithL0/2026/BIOL470/Final/Learning_Rig/bee_0408_2/bee_0408_2_fwd_blue_accident/cam1_2026-04-08_17-46-06.mp4,1890.5,322.5,1665,75,2116,570,0.8094329
953,/Volumes/SmithL0/2026/BIOL470/Final/Learning_Rig/bee_0408_2/bee_0408_2_fwd_blue_accident/cam1_2026-04-08_17-46-06.mp4,1891.0,322.5,1667,75,2115,570,0.80537957
954,/Volumes/SmithL0/2026/BIOL470/Final/Learning_Rig/bee_0408_2/bee_0408_2_fwd_blue_accident/cam1_2026-04-08_17-46-06.mp4,1894.0,323.0,1671,74,2117,572,0.8123314
955,/Volumes/SmithL0/2026/BIOL470/Final/Learning_Rig/bee_0408_2/bee_0408_2_fwd_blue_accident/cam1_2026-04-08_17-46-06.mp4,1889.5,323.5,1664,77,2115,570,0.80871797
956,/Volumes/SmithL0/2026/BIOL470/Final/Learning_Rig/bee_0408_2/bee_0408_2_fwd_blue_accident/cam1_2026-04-08_17-46-06.mp4,1890.0,324.0,1663,78,2117,570,0.8135028
957,/Volumes/SmithL0/2026/BIOL470/Final/Learning_Rig/bee_0408_2/bee_0408_2_fwd_blue_accident/cam1_2026-04-08_17-46-06.mp4,1888.5,324.0,1662,77,2115,571,0.8095894
958,/Volumes/SmithL0/2026/BIOL470/Final/Learning_Rig/bee_0408_2/bee_0408_2_fwd_blue_accident/cam1_2026-04-08_17-46-06.mp4,1889.0,323.0,1663,76,2115,570,0.81009114
959,/Volumes/SmithL0/2026/BIOL470/Final/Learning_Rig/bee_0408_2/bee_0408_2_fwd_blue_accident/cam1_2026-04-08_17-46-06.mp4,1889.5,324.0,1664,80,2115,568,0.8113443
960,/Volumes/SmithL0/2026/BIOL470/Final/Learning_Rig/bee_0408_2/bee_0408_2_fwd_blue_accident/cam1_2026-04-08_17-46-06.mp4,1888.5,322.0,1664,76,2113,568,0.8044589
961,/Volumes/SmithL0/2026/BIOL470/Final/Learning_Rig/bee_0408_2/bee_0408_2_fwd_blue_accident/cam1_2026-04-08_17-46-06.mp4,1895.0,319.0,1670,76,2120,562,0.7983298
962,/Volumes/SmithL0/2026/BIOL470/Final/Learning_Rig/bee_0408_2/bee_0408_2_fwd_blue_accident/cam1_2026-04-08_17-46-06.mp4,1888.5,322.5,1664,75,2113,570,0.79992676
963,/Volumes/SmithL0/2026/BIOL470/Final/Learning_Rig/bee_0408_2/bee_0408_2_fwd_blue_accident/cam1_2026-04-08_17-46-06.mp4,1889.5,322.0,1666,76,2113,568,0.80449146
964,/Volumes/SmithL0/2026/BIOL470/Final/Learning_Rig/bee_0408_2/bee_0408_2_fwd_blue_accident/cam1_2026-04-08_17-46-06.mp4,1889.0,321.5,1665,75,2113,568,0.8054397
965,/Volumes/SmithL0/2026/BIOL470/Final/Learning_Rig/bee_0408_2/bee_0408_2_fwd_blue_accident/cam1_2026-04-08_17-46-06.mp4,1889.0,323.0,1664,78,2114,568,0.80493367
966,/Volumes/SmithL0/2026/BIOL470/Final/Learning_Rig/bee_0408_2/bee_0408_2_fwd_blue_accident/cam1_2026-04-08_17-46-06.mp4,1895.5,318.0,1668,77,2123,559,0.8063459
967,/Volumes/SmithL0/2026/BIOL470/Final/Learning_Rig/bee_0408_2/bee_0408_2_fwd_blue_accident/cam1_2026-04-08_17-46-06.mp4,1888.0,324.0,1663,80,2113,568,0.8037407
968,/Volumes/SmithL0/2026/BIOL470/Final/Learning_Rig/bee_0408_2/bee_0408_2_fwd_blue_accident/cam1_2026-04-08_17-46-06.mp4,1897.5,320.5,1669,80,2126,561,0.80459094
969,/Volumes/SmithL0/2026/BIOL470/Final/Learning_Rig/bee_0408_2/bee_0408_2_fwd_blue_accident/cam1_2026-04-08_17-46-06.mp4,1895.5,322.5,1667,79,2124,566,0.80398875
970,/Volumes/SmithL0/2026/BIOL470/Final/Learning_Rig/bee_0408_2/bee_0408_2_fwd_blue_accident/cam1_2026-04-08_17-46-06.mp4,1894.0,321.0,1666,78,2122,564,0.80382186
971,/Volumes/SmithL0/2026/BIOL470/Final/Learning_Rig/bee_0408_2/bee_0408_2_fwd_blue_accident/cam1_2026-04-08_17-46-06.mp4,1887.5,324.0,1660,80,2115,568,0.8050049
972,/Volumes/SmithL0/2026/BIOL470/Final/Learning_Rig/bee_0408_2/bee_0408_2_fwd_blue_accident/cam1_2026-04-08_17-46-06.mp4,1893.5,320.0,1662,77,2125,563,0.80568224
973,/Volumes/SmithL0/2026/BIOL470/Final/Learning_Rig/bee_0408_2/bee_0408_2_fwd_blue_accident/cam1_2026-04-08_17-46-06.mp4,1891.5,318.5,1659,77,2124,560,0.7992501
974,/Volumes/SmithL0/2026/BIOL470/Final/Learning_Rig/bee_0408_2/bee_0408_2_fwd_blue_accident/cam1_2026-04-08_17-46-06.mp4,1885.5,324.5,1654,80,2117,569,0.806883
975,/Volumes/SmithL0/2026/BIOL470/Final/Learning_Rig/bee_0408_2/bee_0408_2_fwd_blue_accident/cam1_2026-04-08_17-46-06.mp4,1886.0,325.0,1655,82,2117,568,0.81026244
976,/Volumes/SmithL0/2026/BIOL470/Final/Learning_Rig/bee_0408_2/bee_0408_2_fwd_blue_accident/cam1_2026-04-08_17-46-06.mp4,1887.0,325.0,1656,83,2118,567,0.8091964
977,/Volumes/SmithL0/2026/BIOL470/Final/Learning_Rig/bee_0408_2/bee_0408_2_fwd_blue_accident/cam1_2026-04-08_17-46-06.mp4,1893.0,318.5,1661,79,2125,558,0.8058862
978,/Volumes/SmithL0/2026/BIOL470/Final/Learning_Rig/bee_0408_2/bee_0408_2_fwd_blue_accident/cam1_2026-04-08_17-46-06.mp4,1886.5,325.0,1657,82,2116,568,0.80584306
979,/Volumes/SmithL0/2026/BIOL470/Final/Learning_Rig/bee_0408_2/bee_0408_2_fwd_blue_accident/cam1_2026-04-08_17-46-06.mp4,1888.5,324.5,1661,83,2116,566,0.8049013
980,/Volumes/SmithL0/2026/BIOL470/Final/Learning_Rig/bee_0408_2/bee_0408_2_fwd_blue_accident/cam1_2026-04-08_17-46-06.mp4,1889.5,323.5,1664,80,2115,567,0.8093414
981,/Volumes/SmithL0/2026/BIOL470/Final/Learning_Rig/bee_0408_2/bee_0408_2_fwd_blue_accident/cam1_2026-04-08_17-46-06.mp4,1889.0,324.0,1663,81,2115,567,0.8107166
982,/Volumes/SmithL0/2026/BIOL470/Final/Learning_Rig/bee_0408_2/bee_0408_2_fwd_blue_accident/cam1_2026-04-08_17-46-06.mp4,1888.5,323.5,1663,80,2114,567,0.81060547
983,/Volumes/SmithL0/2026/BIOL470/Final/Learning_Rig/bee_0408_2/bee_0408_2_fwd_blue_accident/cam1_2026-04-08_17-46-06.mp4,1888.0,324.0,1664,79,2112,569,0.8098663
984,/Volumes/SmithL0/2026/BIOL470/Final/Learning_Rig/bee_0408_2/bee_0408_2_fwd_blue_accident/cam1_2026-04-08_17-46-06.mp4,1890.5,323.5,1667,78,2114,569,0.8073228
985,/Volumes/SmithL0/2026/BIOL470/Final/Learning_Rig/bee_0408_2/bee_0408_2_fwd_blue_accident/cam1_2026-04-08_17-46-06.mp4,1889.5,324.5,1666,79,2113,570,0.8038415
986,/Volumes/SmithL0/2026/BIOL470/Final/Learning_Rig/bee_0408_2/bee_0408_2_fwd_blue_accident/cam1_2026-04-08_17-46-06.mp4,1888.5,326.0,1663,80,2114,572,0.80725414
987,/Volumes/SmithL0/2026/BIOL470/Final/Learning_Rig/bee_0408_2/bee_0408_2_fwd_blue_accident/cam1_2026-04-08_17-46-06.mp4,1892.0,319.0,1663,78,2121,560,0.80139333
988,/Volumes/SmithL0/2026/BIOL470/Final/Learning_Rig/bee_0408_2/bee_0408_2_fwd_blue_accident/cam1_2026-04-08_17-46-06.mp4,1893.5,316.0,1668,76,2119,556,0.80102634
989,/Volumes/SmithL0/2026/BIOL470/Final/Learning_Rig/bee_0408_2/bee_0408_2_fwd_blue_accident/cam1_2026-04-08_17-46-06.mp4,1895.0,317.0,1671,77,2119,557,0.800394
990,/Volumes/SmithL0/2026/BIOL470/Final/Learning_Rig/bee_0408_2/bee_0408_2_fwd_blue_accident/cam1_2026-04-08_17-46-06.mp4,1892.5,314.5,1666,75,2119,554,0.8020083
991,/Volumes/SmithL0/2026/BIOL470/Final/Learning_Rig/bee_0408_2/bee_0408_2_fwd_blue_accident/cam1_2026-04-08_17-46-06.mp4,1894.0,316.5,1668,77,2120,556,0.8004423
992,/Volumes/SmithL0/2026/BIOL470/Final/Learning_Rig/bee_0408_2/bee_0408_2_fwd_blue_accident/cam1_2026-04-08_17-46-06.mp4,1894.0,316.5,1668,75,2120,558,0.7996296
993,/Volumes/SmithL0/2026/BIOL470/Final/Learning_Rig/bee_0408_2/bee_0408_2_fwd_blue_accident/cam1_2026-04-08_17-46-06.mp4,1887.5,323.5,1662,78,2113,569,0.8039716
994,/Volumes/SmithL0/2026/BIOL470/Final/Learning_Rig/bee_0408_2/bee_0408_2_fwd_blue_accident/cam1_2026-04-08_17-46-06.mp4,1888.5,323.0,1664,78,2113,568,0.80293953
995,/Volumes/SmithL0/2026/BIOL470/Final/Learning_Rig/bee_0408_2/bee_0408_2_fwd_blue_accident/cam1_2026-04-08_17-46-06.mp4,1889.5,323.5,1665,80,2114,567,0.80664945
996,/Volumes/SmithL0/2026/BIOL470/Final/Learning_Rig/bee_0408_2/bee_0408_2_fwd_blue_accident/cam1_2026-04-08_17-46-06.mp4,1889.0,324.0,1665,80,2113,568,0.80366516
997,/Volumes/SmithL0/2026/BIOL470/Final/Learning_Rig/bee_0408_2/bee_0408_2_fwd_blue_accident/cam1_2026-04-08_17-46-06.mp4,1889.0,324.5,1664,81,2114,568,0.80538815
998,/Volumes/SmithL0/2026/BIOL470/Final/Learning_Rig/bee_0408_2/bee_0408_2_fwd_blue_accident/cam1_2026-04-08_17-46-06.mp4,1897.0,321.0,1670,78,2124,564,0.8027697
999,/Volumes/SmithL0/2026/BIOL470/Final/Learning_Rig/bee_0408_2/bee_0408_2_fwd_blue_accident/cam1_2026-04-08_17-46-06.mp4,1888.5,324.5,1662,81,2115,568,0.8050984
1000,/Volumes/SmithL0/2026/BIOL470/Final/Learning_Rig/bee_0408_2/bee_0408_2_fwd_blue_accident/cam1_2026-04-08_17-46-06.mp4,1889.0,324.0,1663,79,2115,569,0.8033443
1001,/Volumes/SmithL0/2026/BIOL470/Final/Learning_Rig/bee_0408_2/bee_0408_2_fwd_blue_accident/cam1_2026-04-08_17-46-06.mp4,1888.5,323.0,1665,77,2112,569,0.79990965
1002,/Volumes/SmithL0/2026/BIOL470/Final/Learning_Rig/bee_0408_2/bee_0408_2_fwd_blue_accident/cam1_2026-04-08_17-46-06.mp4,1896.0,319.0,1672,77,2120,561,0.7994719
1003,/Volumes/SmithL0/2026/BIOL470/Final/Learning_Rig/bee_0408_2/bee_0408_2_fwd_blue_accident/cam1_2026-04-08_17-46-06.mp4,1887.5,323.5,1662,77,2113,570,0.7981598
1004,/Volumes/SmithL0/2026/BIOL470/Final/Learning_Rig/bee_0408_2/bee_0408_2_fwd_blue_accident/cam1_2026-04-08_17-46-06.mp4,1887.0,322.5,1663,78,2111,567,0.8011599
1005,/Volumes/SmithL0/2026/BIOL470/Final/Learning_Rig/bee_0408_2/bee_0408_2_fwd_blue_accident/cam1_2026-04-08_17-46-06.mp4,1893.0,317.0,1667,76,2119,558,0.80030435
1006,/Volumes/SmithL0/2026/BIOL470/Final/Learning_Rig/bee_0408_2/bee_0408_2_fwd_blue_accident/cam1_2026-04-08_17-46-06.mp4,1893.5,316.5,1668,76,2119,557,0.80334306
1007,/Volumes/SmithL0/2026/BIOL470/Final/Learning_Rig/bee_0408_2/bee_0408_2_fwd_blue_accident/cam1_2026-04-08_17-46-06.mp4,1895.5,317.0,1669,76,2122,558,0.79915357
1008,/Volumes/SmithL0/2026/BIOL470/Final/Learning_Rig/bee_0408_2/bee_0408_2_fwd_blue_accident/cam1_2026-04-08_17-46-06.mp4,1888.5,323.5,1663,79,2114,568,0.80190974
1009,/Volumes/SmithL0/2026/BIOL470/Final/Learning_Rig/bee_0408_2/bee_0408_2_fwd_blue_accident/cam1_2026-04-08_17-46-06.mp4,1889.0,324.0,1663,80,2115,568,0.80567545
1010,/Volumes/SmithL0/2026/BIOL470/Final/Learning_Rig/bee_0408_2/bee_0408_2_fwd_blue_accident/cam1_2026-04-08_17-46-06.mp4,1889.0,323.5,1663,78,2115,569,0.8093427
1011,/Volumes/SmithL0/2026/BIOL470/Final/Learning_Rig/bee_0408_2/bee_0408_2_fwd_blue_accident/cam1_2026-04-08_17-46-06.mp4,1889.5,323.5,1664,79,2115,568,0.8093776
1012,/Volumes/SmithL0/2026/BIOL470/Final/Learning_Rig/bee_0408_2/bee_0408_2_fwd_blue_accident/cam1_2026-04-08_17-46-06.mp4,1889.5,324.5,1663,81,2116,568,0.81262755
1013,/Volumes/SmithL0/2026/BIOL470/Final/Learning_Rig/bee_0408_2/bee_0408_2_fwd_blue_accident/cam1_2026-04-08_17-46-06.mp4,1889.0,325.0,1663,80,2115,570,0.8102687
1014,/Volumes/SmithL0/2026/BIOL470/Final/Learning_Rig/bee_0408_2/bee_0408_2_fwd_blue_accident/cam1_2026-04-08_17-46-06.mp4,1889.5,325.0,1665,79,2114,571,0.8072175
1015,/Volumes/SmithL0/2026/BIOL470/Final/Learning_Rig/bee_0408_2/bee_0408_2_fwd_blue_accident/cam1_2026-04-08_17-46-06.mp4,1890.0,325.5,1666,78,2114,573,0.80034673
1016,/Volumes/SmithL0/2026/BIOL470/Final/Learning_Rig/bee_0408_2/bee_0408_2_fwd_blue_accident/cam1_2026-04-08_17-46-06.mp4,1889.5,326.0,1665,80,2114,572,0.800971
1017,/Volumes/SmithL0/2026/BIOL470/Final/Learning_Rig/bee_0408_2/bee_0408_2_fwd_blue_accident/cam1_2026-04-08_17-46-06.mp4,1890.5,325.5,1667,79,2114,572,0.7990648
1018,/Volumes/SmithL0/2026/BIOL470/Final/Learning_Rig/bee_0408_2/bee_0408_2_fwd_blue_accident/cam1_2026-04-08_17-46-06.mp4,1889.0,325.5,1664,80,2114,571,0.80337983
1019,/Volumes/SmithL0/2026/BIOL470/Final/Learning_Rig/bee_0408_2/bee_0408_2_fwd_blue_accident/cam1_2026-04-08_17-46-06.mp4,1889.5,324.5,1664,79,2115,570,0.8076181
1020,/Volumes/SmithL0/2026/BIOL470/Final/Learning_Rig/bee_0408_2/bee_0408_2_fwd_blue_accident/cam1_2026-04-08_17-46-06.mp4,1895.0,318.5,1670,76,2120,561,0.79733664
1021,/Volumes/SmithL0/2026/BIOL470/Final/Learning_Rig/bee_0408_2/bee_0408_2_fwd_blue_accident/cam1_2026-04-08_17-46-06.mp4,1888.0,325.5,1662,80,2114,571,0.796751
1022,/Volumes/SmithL0/2026/BIOL470/Final/Learning_Rig/bee_0408_2/bee_0408_2_fwd_blue_accident/cam1_2026-04-08_17-46-06.mp4,1894.5,318.0,1669,77,2120,559,0.8005935
1023,/Volumes/SmithL0/2026/BIOL470/Final/Learning_Rig/bee_0408_2/bee_0408_2_fwd_blue_accident/cam1_2026-04-08_17-46-06.mp4,1888.0,325.0,1664,81,2112,569,0.80460453
1024,/Volumes/SmithL0/2026/BIOL470/Final/Learning_Rig/bee_0408_2/bee_0408_2_fwd_blue_accident/cam1_2026-04-08_17-46-06.mp4,1893.0,319.5,1667,78,2119,561,0.801055
1025,/Volumes/SmithL0/2026/BIOL470/Final/Learning_Rig/bee_0408_2/bee_0408_2_fwd_blue_accident/cam1_2026-04-08_17-46-06.mp4,1893.5,320.5,1668,79,2119,562,0.79832375
1026,/Volumes/SmithL0/2026/BIOL470/Final/Learning_Rig/bee_0408_2/bee_0408_2_fwd_blue_accident/cam1_2026-04-08_17-46-06.mp4,1894.5,319.5,1671,79,2118,560,0.8015209
1027,/Volumes/SmithL0/2026/BIOL470/Final/Learning_Rig/bee_0408_2/bee_0408_2_fwd_blue_accident/cam1_2026-04-08_17-46-06.mp4,1896.5,317.5,1673,77,2120,558,0.797228
1028,/Volumes/SmithL0/2026/BIOL470/Final/Learning_Rig/bee_0408_2/bee_0408_2_fwd_blue_accident/cam1_2026-04-08_17-46-06.mp4,1895.0,318.5,1670,77,2120,560,0.8017566
1029,/Volumes/SmithL0/2026/BIOL470/Final/Learning_Rig/bee_0408_2/bee_0408_2_fwd_blue_accident/cam1_2026-04-08_17-46-06.mp4,1895.5,320.0,1672,78,2119,562,0.7977048
1030,/Volumes/SmithL0/2026/BIOL470/Final/Learning_Rig/bee_0408_2/bee_0408_2_fwd_blue_accident/cam1_2026-04-08_17-46-06.mp4,1895.5,319.5,1669,78,2122,561,0.80155736
1031,/Volumes/SmithL0/2026/BIOL470/Final/Learning_Rig/bee_0408_2/bee_0408_2_fwd_blue_accident/cam1_2026-04-08_17-46-06.mp4,1888.5,325.5,1663,80,2114,571,0.8016872
1032,/Volumes/SmithL0/2026/BIOL470/Final/Learning_Rig/bee_0408_2/bee_0408_2_fwd_blue_accident/cam1_2026-04-08_17-46-06.mp4,1893.5,316.0,1669,77,2118,555,0.7977263
1033,/Volumes/SmithL0/2026/BIOL470/Final/Learning_Rig/bee_0408_2/bee_0408_2_fwd_blue_accident/cam1_2026-04-08_17-46-06.mp4,1896.0,319.5,1673,77,2119,562,0.7985391
1034,/Volumes/SmithL0/2026/BIOL470/Final/Learning_Rig/bee_0408_2/bee_0408_2_fwd_blue_accident/cam1_2026-04-08_17-46-06.mp4,1896.0,320.5,1672,78,2120,563,0.7980962
1035,/Volumes/SmithL0/2026/BIOL470/Final/Learning_Rig/bee_0408_2/bee_0408_2_fwd_blue_accident/cam1_2026-04-08_17-46-06.mp4,1889.0,325.0,1663,80,2115,570,0.8012878
1036,/Volumes/SmithL0/2026/BIOL470/Final/Learning_Rig/bee_0408_2/bee_0408_2_fwd_blue_accident/cam1_2026-04-08_17-46-06.mp4,1889.0,324.0,1663,78,2115,570,0.79867786
1037,/Volumes/SmithL0/2026/BIOL470/Final/Learning_Rig/bee_0408_2/bee_0408_2_fwd_blue_accident/cam1_2026-04-08_17-46-06.mp4,1889.0,324.5,1664,79,2114,570,0.800611
1038,/Volumes/SmithL0/2026/BIOL470/Final/Learning_Rig/bee_0408_2/bee_0408_2_fwd_blue_accident/cam1_2026-04-08_17-46-06.mp4,1889.5,325.5,1664,79,2115,572,0.79784435
1039,/Volumes/SmithL0/2026/BIOL470/Final/Learning_Rig/bee_0408_2/bee_0408_2_fwd_blue_accident/cam1_2026-04-08_17-46-06.mp4,1889.5,326.0,1665,80,2114,572,0.80448896
1040,/Volumes/SmithL0/2026/BIOL470/Final/Learning_Rig/bee_0408_2/bee_0408_2_fwd_blue_accident/cam1_2026-04-08_17-46-06.mp4,1888.5,325.5,1664,79,2113,572,0.80032
1041,/Volumes/SmithL0/2026/BIOL470/Final/Learning_Rig/bee_0408_2/bee_0408_2_fwd_blue_accident/cam1_2026-04-08_17-46-06.mp4,1894.5,320.5,1671,78,2118,563,0.7934087
1042,/Volumes/SmithL0/2026/BIOL470/Final/Learning_Rig/bee_0408_2/bee_0408_2_fwd_blue_accident/cam1_2026-04-08_17-46-06.mp4,1889.0,326.0,1664,79,2114,573,0.7981237
1043,/Volumes/SmithL0/2026/BIOL470/Final/Learning_Rig/bee_0408_2/bee_0408_2_fwd_blue_accident/cam1_2026-04-08_17-46-06.mp4,1888.0,325.5,1663,81,2113,570,0.80058897
1044,/Volumes/SmithL0/2026/BIOL470/Final/Learning_Rig/bee_0408_2/bee_0408_2_fwd_blue_accident/cam1_2026-04-08_17-46-06.mp4,1893.5,319.5,1669,79,2118,560,0.7993447
1045,/Volumes/SmithL0/2026/BIOL470/Final/Learning_Rig/bee_0408_2/bee_0408_2_fwd_blue_accident/cam1_2026-04-08_17-46-06.mp4,1887.5,326.0,1663,80,2112,572,0.79816955
1046,/Volumes/SmithL0/2026/BIOL470/Final/Learning_Rig/bee_0408_2/bee_0408_2_fwd_blue_accident/cam1_2026-04-08_17-46-06.mp4,1888.5,326.0,1664,80,2113,572,0.80818814
1047,/Volumes/SmithL0/2026/BIOL470/Final/Learning_Rig/bee_0408_2/bee_0408_2_fwd_blue_accident/cam1_2026-04-08_17-46-06.mp4,1888.5,325.0,1665,79,2112,571,0.8038333
1048,/Volumes/SmithL0/2026/BIOL470/Final/Learning_Rig/bee_0408_2/bee_0408_2_fwd_blue_accident/cam1_2026-04-08_17-46-06.mp4,1889.0,325.0,1665,79,2113,571,0.8078532
1049,/Volumes/SmithL0/2026/BIOL470/Final/Learning_Rig/bee_0408_2/bee_0408_2_fwd_blue_accident/cam1_2026-04-08_17-46-06.mp4,1888.5,324.0,1664,77,2113,571,0.8078273
1050,/Volumes/SmithL0/2026/BIOL470/Final/Learning_Rig/bee_0408_2/bee_0408_2_fwd_blue_accident/cam1_2026-04-08_17-46-06.mp4,1887.5,325.0,1663,80,2112,570,0.80727607
1051,/Volumes/SmithL0/2026/BIOL470/Final/Learning_Rig/bee_0408_2/bee_0408_2_fwd_blue_accident/cam1_2026-04-08_17-46-06.mp4,1887.5,324.5,1664,79,2111,570,0.80560124
1052,/Volumes/SmithL0/2026/BIOL470/Final/Learning_Rig/bee_0408_2/bee_0408_2_fwd_blue_accident/cam1_2026-04-08_17-46-06.mp4,1887.5,325.0,1664,78,2111,572,0.8065289
1053,/Volumes/SmithL0/2026/BIOL470/Final/Learning_Rig/bee_0408_2/bee_0408_2_fwd_blue_accident/cam1_2026-04-08_17-46-06.mp4,1889.5,326.5,1666,79,2113,574,0.8019888
1054,/Volumes/SmithL0/2026/BIOL470/Final/Learning_Rig/bee_0408_2/bee_0408_2_fwd_blue_accident/cam1_2026-04-08_17-46-06.mp4,1888.0,325.0,1663,80,2113,570,0.8054357
1055,/Volumes/SmithL0/2026/BIOL470/Final/Learning_Rig/bee_0408_2/bee_0408_2_fwd_blue_accident/cam1_2026-04-08_17-46-06.mp4,1888.0,325.5,1663,81,2113,570,0.8024182
1056,/Volumes/SmithL0/2026/BIOL470/Final/Learning_Rig/bee_0408_2/bee_0408_2_fwd_blue_accident/cam1_2026-04-08_17-46-06.mp4,1888.0,324.5,1661,82,2115,567,0.80643034
1057,/Volumes/SmithL0/2026/BIOL470/Final/Learning_Rig/bee_0408_2/bee_0408_2_fwd_blue_accident/cam1_2026-04-08_17-46-06.mp4,1895.5,317.5,1671,78,2120,557,0.8026843
1058,/Volumes/SmithL0/2026/BIOL470/Final/Learning_Rig/bee_0408_2/bee_0408_2_fwd_blue_accident/cam1_2026-04-08_17-46-06.mp4,1887.5,324.0,1662,79,2113,569,0.80185467
1059,/Volumes/SmithL0/2026/BIOL470/Final/Learning_Rig/bee_0408_2/bee_0408_2_fwd_blue_accident/cam1_2026-04-08_17-46-06.mp4,1896.0,319.0,1675,79,2117,559,0.8010569
1060,/Volumes/SmithL0/2026/BIOL470/Final/Learning_Rig/bee_0408_2/bee_0408_2_fwd_blue_accident/cam1_2026-04-08_17-46-06.mp4,1895.5,319.0,1673,79,2118,559,0.8008345
1061,/Volumes/SmithL0/2026/BIOL470/Final/Learning_Rig/bee_0408_2/bee_0408_2_fwd_blue_accident/cam1_2026-04-08_17-46-06.mp4,1896.0,318.0,1672,79,2120,557,0.8021051
1062,/Volumes/SmithL0/2026/BIOL470/Final/Learning_Rig/bee_0408_2/bee_0408_2_fwd_blue_accident/cam1_2026-04-08_17-46-06.mp4,1894.5,319.0,1672,78,2117,560,0.79881704
1063,/Volumes/SmithL0/2026/BIOL470/Final/Learning_Rig/bee_0408_2/bee_0408_2_fwd_blue_accident/cam1_2026-04-08_17-46-06.mp4,1896.5,320.5,1673,78,2120,563,0.7994713
1064,/Volumes/SmithL0/2026/BIOL470/Final/Learning_Rig/bee_0408_2/bee_0408_2_fwd_blue_accident/cam1_2026-04-08_17-46-06.mp4,1889.0,323.5,1664,79,2114,568,0.803339
1065,/Volumes/SmithL0/2026/BIOL470/Final/Learning_Rig/bee_0408_2/bee_0408_2_fwd_blue_accident/cam1_2026-04-08_17-46-06.mp4,1895.0,319.5,1671,78,2119,561,0.7999758
1066,/Volumes/SmithL0/2026/BIOL470/Final/Learning_Rig/bee_0408_2/bee_0408_2_fwd_blue_accident/cam1_2026-04-08_17-46-06.mp4,1888.5,325.5,1664,80,2113,571,0.8062452
1067,/Volumes/SmithL0/2026/BIOL470/Final/Learning_Rig/bee_0408_2/bee_0408_2_fwd_blue_accident/cam1_2026-04-08_17-46-06.mp4,1888.0,324.5,1664,78,2112,571,0.80688137
1068,/Volumes/SmithL0/2026/BIOL470/Final/Learning_Rig/bee_0408_2/bee_0408_2_fwd_blue_accident/cam1_2026-04-08_17-46-06.mp4,1887.0,325.0,1662,78,2112,572,0.80291635
1069,/Volumes/SmithL0/2026/BIOL470/Final/Learning_Rig/bee_0408_2/bee_0408_2_fwd_blue_accident/cam1_2026-04-08_17-46-06.mp4,1895.0,319.0,1671,78,2119,560,0.8004342
1070,/Volumes/SmithL0/2026/BIOL470/Final/Learning_Rig/bee_0408_2/bee_0408_2_fwd_blue_accident/cam1_2026-04-08_17-46-06.mp4,1894.0,317.0,1671,76,2117,558,0.80034316
1071,/Volumes/SmithL0/2026/BIOL470/Final/Learning_Rig/bee_0408_2/bee_0408_2_fwd_blue_accident/cam1_2026-04-08_17-46-06.mp4,1895.0,319.5,1671,78,2119,561,0.79785275
1072,/Volumes/SmithL0/2026/BIOL470/Final/Learning_Rig/bee_0408_2/bee_0408_2_fwd_blue_accident/cam1_2026-04-08_17-46-06.mp4,1894.5,315.0,1674,75,2115,555,0.8000984
1073,/Volumes/SmithL0/2026/BIOL470/Final/Learning_Rig/bee_0408_2/bee_0408_2_fwd_blue_accident/cam1_2026-04-08_17-46-06.mp4,1889.5,325.0,1665,80,2114,570,0.8004384
1074,/Volumes/SmithL0/2026/BIOL470/Final/Learning_Rig/bee_0408_2/bee_0408_2_fwd_blue_accident/cam1_2026-04-08_17-46-06.mp4,1888.5,326.5,1663,81,2114,572,0.80331564
1075,/Volumes/SmithL0/2026/BIOL470/Final/Learning_Rig/bee_0408_2/bee_0408_2_fwd_blue_accident/cam1_2026-04-08_17-46-06.mp4,1888.5,325.0,1664,79,2113,571,0.801708
1076,/Volumes/SmithL0/2026/BIOL470/Final/Learning_Rig/bee_0408_2/bee_0408_2_fwd_blue_accident/cam1_2026-04-08_17-46-06.mp4,1894.0,320.0,1671,77,2117,563,0.80191314
1077,/Volumes/SmithL0/2026/BIOL470/Final/Learning_Rig/bee_0408_2/bee_0408_2_fwd_blue_accident/cam1_2026-04-08_17-46-06.mp4,1894.5,318.0,1675,76,2114,560,0.80169415
1078,/Volumes/SmithL0/2026/BIOL470/Final/Learning_Rig/bee_0408_2/bee_0408_2_fwd_blue_accident/cam1_2026-04-08_17-46-06.mp4,1896.5,320.0,1675,78,2118,562,0.79877615
1079,/Volumes/SmithL0/2026/BIOL470/Final/Learning_Rig/bee_0408_2/bee_0408_2_fwd_blue_accident/cam1_2026-04-08_17-46-06.mp4,1889.5,325.0,1667,79,2112,571,0.80111307
1080,/Volumes/SmithL0/2026/BIOL470/Final/Learning_Rig/bee_0408_2/bee_0408_2_fwd_blue_accident/cam1_2026-04-08_17-46-06.mp4,1897.0,319.5,1679,76,2115,563,0.80198073
1081,/Volumes/SmithL0/2026/BIOL470/Final/Learning_Rig/bee_0408_2/bee_0408_2_fwd_blue_accident/cam1_2026-04-08_17-46-06.mp4,1895.5,322.0,1674,79,2117,565,0.8024176
1082,/Volumes/SmithL0/2026/BIOL470/Final/Learning_Rig/bee_0408_2/bee_0408_2_fwd_blue_accident/cam1_2026-04-08_17-46-06.mp4,1895.0,322.0,1673,79,2117,565,0.80066735
1083,/Volumes/SmithL0/2026/BIOL470/Final/Learning_Rig/bee_0408_2/bee_0408_2_fwd_blue_accident/cam1_2026-04-08_17-46-06.mp4,1894.5,320.5,1672,78,2117,563,0.7979551
1084,/Volumes/SmithL0/2026/BIOL470/Final/Learning_Rig/bee_0408_2/bee_0408_2_fwd_blue_accident/cam1_2026-04-08_17-46-06.mp4,1893.5,316.5,1671,78,2116,555,0.79457533
1085,/Volumes/SmithL0/2026/BIOL470/Final/Learning_Rig/bee_0408_2/bee_0408_2_fwd_blue_accident/cam1_2026-04-08_17-46-06.mp4,1894.5,317.0,1672,77,2117,557,0.79399675
1086,/Volumes/SmithL0/2026/BIOL470/Final/Learning_Rig/bee_0408_2/bee_0408_2_fwd_blue_accident/cam1_2026-04-08_17-46-06.mp4,1896.5,316.0,1675,77,2118,555,0.7951254
1087,/Volumes/SmithL0/2026/BIOL470/Final/Learning_Rig/bee_0408_2/bee_0408_2_fwd_blue_accident/cam1_2026-04-08_17-46-06.mp4,1896.0,321.0,1674,79,2118,563,0.7972745
1088,/Volumes/SmithL0/2026/BIOL470/Final/Learning_Rig/bee_0408_2/bee_0408_2_fwd_blue_accident/cam1_2026-04-08_17-46-06.mp4,1895.5,321.0,1673,80,2118,562,0.8038829
1089,/Volumes/SmithL0/2026/BIOL470/Final/Learning_Rig/bee_0408_2/bee_0408_2_fwd_blue_accident/cam1_2026-04-08_17-46-06.mp4,1888.0,325.5,1663,81,2113,570,0.80410266
1090,/Volumes/SmithL0/2026/BIOL470/Final/Learning_Rig/bee_0408_2/bee_0408_2_fwd_blue_accident/cam1_2026-04-08_17-46-06.mp4,1887.5,325.5,1663,81,2112,570,0.8050449
1091,/Volumes/SmithL0/2026/BIOL470/Final/Learning_Rig/bee_0408_2/bee_0408_2_fwd_blue_accident/cam1_2026-04-08_17-46-06.mp4,1888.0,325.5,1663,82,2113,569,0.8061995
1092,/Volumes/SmithL0/2026/BIOL470/Final/Learning_Rig/bee_0408_2/bee_0408_2_fwd_blue_accident/cam1_2026-04-08_17-46-06.mp4,1887.5,325.0,1663,81,2112,569,0.8013146
1093,/Volumes/SmithL0/2026/BIOL470/Final/Learning_Rig/bee_0408_2/bee_0408_2_fwd_blue_accident/cam1_2026-04-08_17-46-06.mp4,1887.5,323.5,1664,80,2111,567,0.8035296
1094,/Volumes/SmithL0/2026/BIOL470/Final/Learning_Rig/bee_0408_2/bee_0408_2_fwd_blue_accident/cam1_2026-04-08_17-46-06.mp4,1887.5,324.0,1663,81,2112,567,0.80624217
1095,/Volumes/SmithL0/2026/BIOL470/Final/Learning_Rig/bee_0408_2/bee_0408_2_fwd_blue_accident/cam1_2026-04-08_17-46-06.mp4,1895.0,318.0,1671,77,2119,559,0.80468047
1096,/Volumes/SmithL0/2026/BIOL470/Final/Learning_Rig/bee_0408_2/bee_0408_2_fwd_blue_accident/cam1_2026-04-08_17-46-06.mp4,1897.0,318.0,1673,78,2121,558,0.80112755
1097,/Volumes/SmithL0/2026/BIOL470/Final/Learning_Rig/bee_0408_2/bee_0408_2_fwd_blue_accident/cam1_2026-04-08_17-46-06.mp4,1895.5,318.0,1673,78,2118,558,0.80346143
1098,/Volumes/SmithL0/2026/BIOL470/Final/Learning_Rig/bee_0408_2/bee_0408_2_fwd_blue_accident/cam1_2026-04-08_17-46-06.mp4,1897.0,316.5,1677,76,2117,557,0.80750436
1099,/Volumes/SmithL0/2026/BIOL470/Final/Learning_Rig/bee_0408_2/bee_0408_2_fwd_blue_accident/cam1_2026-04-08_17-46-06.mp4,1896.0,317.5,1675,75,2117,560,0.81112194
1100,/Volumes/SmithL0/2026/BIOL470/Final/Learning_Rig/bee_0408_2/bee_0408_2_fwd_blue_accident/cam1_2026-04-08_17-46-06.mp4,1889.0,323.5,1665,80,2113,567,0.807744
1101,/Volumes/SmithL0/2026/BIOL470/Final/Learning_Rig/bee_0408_2/bee_0408_2_fwd_blue_accident/cam1_2026-04-08_17-46-06.mp4,1898.0,315.0,1676,77,2120,553,0.80337924
1102,/Volumes/SmithL0/2026/BIOL470/Final/Learning_Rig/bee_0408_2/bee_0408_2_fwd_blue_accident/cam1_2026-04-08_17-46-06.mp4,1898.5,315.0,1680,75,2117,555,0.80366594
1103,/Volumes/SmithL0/2026/BIOL470/Final/Learning_Rig/bee_0408_2/bee_0408_2_fwd_blue_accident/cam1_2026-04-08_17-46-06.mp4,1901.0,314.5,1680,76,2122,553,0.8027742
1104,/Volumes/SmithL0/2026/BIOL470/Final/Learning_Rig/bee_0408_2/bee_0408_2_fwd_blue_accident/cam1_2026-04-08_17-46-06.mp4,1899.5,319.0,1678,79,2121,559,0.804401
1105,/Volumes/SmithL0/2026/BIOL470/Final/Learning_Rig/bee_0408_2/bee_0408_2_fwd_blue_accident/cam1_2026-04-08_17-46-06.mp4,1900.0,320.5,1681,79,2119,562,0.797726
1106,/Volumes/SmithL0/2026/BIOL470/Final/Learning_Rig/bee_0408_2/bee_0408_2_fwd_blue_accident/cam1_2026-04-08_17-46-06.mp4,1891.0,325.0,1670,80,2112,570,0.8062356
1107,/Volumes/SmithL0/2026/BIOL470/Final/Learning_Rig/bee_0408_2/bee_0408_2_fwd_blue_accident/cam1_2026-04-08_17-46-06.mp4,1898.5,321.5,1682,76,2115,567,0.80625224
1108,/Volumes/SmithL0/2026/BIOL470/Final/Learning_Rig/bee_0408_2/bee_0408_2_fwd_blue_accident/cam1_2026-04-08_17-46-06.mp4,1891.5,323.5,1671,77,2112,570,0.8016124
1109,/Volumes/SmithL0/2026/BIOL470/Final/Learning_Rig/bee_0408_2/bee_0408_2_fwd_blue_accident/cam1_2026-04-08_17-46-06.mp4,1891.0,323.5,1670,78,2112,569,0.80731225
1110,/Volumes/SmithL0/2026/BIOL470/Final/Learning_Rig/bee_0408_2/bee_0408_2_fwd_blue_accident/cam1_2026-04-08_17-46-06.mp4,1890.0,324.5,1668,79,2112,570,0.80681384
1111,/Volumes/SmithL0/2026/BIOL470/Final/Learning_Rig/bee_0408_2/bee_0408_2_fwd_blue_accident/cam1_2026-04-08_17-46-06.mp4,1890.0,325.0,1670,80,2110,570,0.80693954
1112,/Volumes/SmithL0/2026/BIOL470/Final/Learning_Rig/bee_0408_2/bee_0408_2_fwd_blue_accident/cam1_2026-04-08_17-46-06.mp4,1895.5,323.5,1678,77,2113,570,0.80803025
1113,/Volumes/SmithL0/2026/BIOL470/Final/Learning_Rig/bee_0408_2/bee_0408_2_fwd_blue_accident/cam1_2026-04-08_17-46-06.mp4,1889.5,326.0,1668,80,2111,572,0.8044473
1114,/Volumes/SmithL0/2026/BIOL470/Final/Learning_Rig/bee_0408_2/bee_0408_2_fwd_blue_accident/cam1_2026-04-08_17-46-06.mp4,1891.0,326.0,1670,79,2112,573,0.80419916
1115,/Volumes/SmithL0/2026/BIOL470/Final/Learning_Rig/bee_0408_2/bee_0408_2_fwd_blue_accident/cam1_2026-04-08_17-46-06.mp4,1891.0,325.5,1670,78,2112,573,0.8010326
1116,/Volumes/SmithL0/2026/BIOL470/Final/Learning_Rig/bee_0408_2/bee_0408_2_fwd_blue_accident/cam1_2026-04-08_17-46-06.mp4,1890.0,326.0,1668,79,2112,573,0.8019278
1117,/Volumes/SmithL0/2026/BIOL470/Final/Learning_Rig/bee_0408_2/bee_0408_2_fwd_blue_accident/cam1_2026-04-08_17-46-06.mp4,1889.0,325.5,1666,81,2112,570,0.79689676
1118,/Volumes/SmithL0/2026/BIOL470/Final/Learning_Rig/bee_0408_2/bee_0408_2_fwd_blue_accident/cam1_2026-04-08_17-46-06.mp4,1899.0,321.0,1679,79,2119,563,0.7968753
1119,/Volumes/SmithL0/2026/BIOL470/Final/Learning_Rig/bee_0408_2/bee_0408_2_fwd_blue_accident/cam1_2026-04-08_17-46-06.mp4,1899.0,318.5,1682,79,2116,558,0.7963693
1120,/Volumes/SmithL0/2026/BIOL470/Final/Learning_Rig/bee_0408_2/bee_0408_2_fwd_blue_accident/cam1_2026-04-08_17-46-06.mp4,1897.5,315.5,1682,76,2113,555,0.8058867
1121,/Volumes/SmithL0/2026/BIOL470/Final/Learning_Rig/bee_0408_2/bee_0408_2_fwd_blue_accident/cam1_2026-04-08_17-46-06.mp4,1897.5,315.5,1684,77,2111,554,0.8028351
1122,/Volumes/SmithL0/2026/BIOL470/Final/Learning_Rig/bee_0408_2/bee_0408_2_fwd_blue_accident/cam1_2026-04-08_17-46-06.mp4,1899.0,315.5,1685,77,2113,554,0.8063466
1123,/Volumes/SmithL0/2026/BIOL470/Final/Learning_Rig/bee_0408_2/bee_0408_2_fwd_blue_accident/cam1_2026-04-08_17-46-06.mp4,1899.0,319.5,1684,77,2114,562,0.80128956
1124,/Volumes/SmithL0/2026/BIOL470/Final/Learning_Rig/bee_0408_2/bee_0408_2_fwd_blue_accident/cam1_2026-04-08_17-46-06.mp4,1900.5,320.5,1683,79,2118,562,0.7960095
1125,/Volumes/SmithL0/2026/BIOL470/Final/Learning_Rig/bee_0408_2/bee_0408_2_fwd_blue_accident/cam1_2026-04-08_17-46-06.mp4,1898.0,316.5,1681,77,2115,556,0.8006255
1126,/Volumes/SmithL0/2026/BIOL470/Final/Learning_Rig/bee_0408_2/bee_0408_2_fwd_blue_accident/cam1_2026-04-08_17-46-06.mp4,1897.5,314.0,1683,77,2112,551,0.7997224
1127,/Volumes/SmithL0/2026/BIOL470/Final/Learning_Rig/bee_0408_2/bee_0408_2_fwd_blue_accident/cam1_2026-04-08_17-46-06.mp4,1897.0,315.0,1682,78,2112,552,0.8035407
1128,/Volumes/SmithL0/2026/BIOL470/Final/Learning_Rig/bee_0408_2/bee_0408_2_fwd_blue_accident/cam1_2026-04-08_17-46-06.mp4,1897.5,317.0,1682,77,2113,557,0.801587
1129,/Volumes/SmithL0/2026/BIOL470/Final/Learning_Rig/bee_0408_2/bee_0408_2_fwd_blue_accident/cam1_2026-04-08_17-46-06.mp4,1900.5,321.0,1685,79,2116,563,0.79917806
1130,/Volumes/SmithL0/2026/BIOL470/Final/Learning_Rig/bee_0408_2/bee_0408_2_fwd_blue_accident/cam1_2026-04-08_17-46-06.mp4,1899.0,321.5,1682,76,2116,567,0.8012624
1131,/Volumes/SmithL0/2026/BIOL470/Final/Learning_Rig/bee_0408_2/bee_0408_2_fwd_blue_accident/cam1_2026-04-08_17-46-06.mp4,1900.0,318.5,1683,77,2117,560,0.79991955
1132,/Volumes/SmithL0/2026/BIOL470/Final/Learning_Rig/bee_0408_2/bee_0408_2_fwd_blue_accident/cam1_2026-04-08_17-46-06.mp4,1899.0,321.0,1682,76,2116,566,0.8106531
1133,/Volumes/SmithL0/2026/BIOL470/Final/Learning_Rig/bee_0408_2/bee_0408_2_fwd_blue_accident/cam1_2026-04-08_17-46-06.mp4,1897.5,322.0,1679,76,2116,568,0.8065844
1134,/Volumes/SmithL0/2026/BIOL470/Final/Learning_Rig/bee_0408_2/bee_0408_2_fwd_blue_accident/cam1_2026-04-08_17-46-06.mp4,1897.5,322.0,1679,76,2116,568,0.81172544
1135,/Volumes/SmithL0/2026/BIOL470/Final/Learning_Rig/bee_0408_2/bee_0408_2_fwd_blue_accident/cam1_2026-04-08_17-46-06.mp4,1898.0,320.0,1681,76,2115,564,0.8041587
1136,/Volumes/SmithL0/2026/BIOL470/Final/Learning_Rig/bee_0408_2/bee_0408_2_fwd_blue_accident/cam1_2026-04-08_17-46-06.mp4,1897.5,318.0,1681,76,2114,560,0.80562854
1137,/Volumes/SmithL0/2026/BIOL470/Final/Learning_Rig/bee_0408_2/bee_0408_2_fwd_blue_accident/cam1_2026-04-08_17-46-06.mp4,1895.0,322.5,1672,79,2118,566,0.8032085
1138,/Volumes/SmithL0/2026/BIOL470/Final/Learning_Rig/bee_0408_2/bee_0408_2_fwd_blue_accident/cam1_2026-04-08_17-46-06.mp4,1893.5,317.5,1671,76,2116,559,0.80822295
1139,/Volumes/SmithL0/2026/BIOL470/Final/Learning_Rig/bee_0408_2/bee_0408_2_fwd_blue_accident/cam1_2026-04-08_17-46-06.mp4,1895.5,321.0,1675,77,2116,565,0.8093439
1140,/Volumes/SmithL0/2026/BIOL470/Final/Learning_Rig/bee_0408_2/bee_0408_2_fwd_blue_accident/cam1_2026-04-08_17-46-06.mp4,1895.0,322.5,1669,79,2121,566,0.7998834
1141,/Volumes/SmithL0/2026/BIOL470/Final/Learning_Rig/bee_0408_2/bee_0408_2_fwd_blue_accident/cam1_2026-04-08_17-46-06.mp4,1896.0,320.5,1675,78,2117,563,0.79653263
1142,/Volumes/SmithL0/2026/BIOL470/Final/Learning_Rig/bee_0408_2/bee_0408_2_fwd_blue_accident/cam1_2026-04-08_17-46-06.mp4,1895.5,318.5,1675,78,2116,559,0.7989288
1143,/Volumes/SmithL0/2026/BIOL470/Final/Learning_Rig/bee_0408_2/bee_0408_2_fwd_blue_accident/cam1_2026-04-08_17-46-06.mp4,1896.5,319.5,1675,78,2118,561,0.7986933
1144,/Volumes/SmithL0/2026/BIOL470/Final/Learning_Rig/bee_0408_2/bee_0408_2_fwd_blue_accident/cam1_2026-04-08_17-46-06.mp4,1888.5,324.0,1665,77,2112,571,0.8002708
1145,/Volumes/SmithL0/2026/BIOL470/Final/Learning_Rig/bee_0408_2/bee_0408_2_fwd_blue_accident/cam1_2026-04-08_17-46-06.mp4,1890.0,323.5,1667,75,2113,572,0.7995216
1146,/Volumes/SmithL0/2026/BIOL470/Final/Learning_Rig/bee_0408_2/bee_0408_2_fwd_blue_accident/cam1_2026-04-08_17-46-06.mp4,1890.0,323.0,1666,75,2114,571,0.8049947
1147,/Volumes/SmithL0/2026/BIOL470/Final/Learning_Rig/bee_0408_2/bee_0408_2_fwd_blue_accident/cam1_2026-04-08_17-46-06.mp4,1890.0,323.5,1664,76,2116,571,0.80155987
1148,/Volumes/SmithL0/2026/BIOL470/Final/Learning_Rig/bee_0408_2/bee_0408_2_fwd_blue_accident/cam1_2026-04-08_17-46-06.mp4,1890.0,324.0,1666,77,2114,571,0.80089843
1149,/Volumes/SmithL0/2026/BIOL470/Final/Learning_Rig/bee_0408_2/bee_0408_2_fwd_blue_accident/cam1_2026-04-08_17-46-06.mp4,1889.0,324.5,1665,77,2113,572,0.80124384
1150,/Volumes/SmithL0/2026/BIOL470/Final/Learning_Rig/bee_0408_2/bee_0408_2_fwd_blue_accident/cam1_2026-04-08_17-46-06.mp4,1889.5,324.5,1667,78,2112,571,0.80287343
1151,/Volumes/SmithL0/2026/BIOL470/Final/Learning_Rig/bee_0408_2/bee_0408_2_fwd_blue_accident/cam1_2026-04-08_17-46-06.mp4,1890.0,324.5,1667,78,2113,571,0.80618083
1152,/Volumes/SmithL0/2026/BIOL470/Final/Learning_Rig/bee_0408_2/bee_0408_2_fwd_blue_accident/cam1_2026-04-08_17-46-06.mp4,1890.5,324.0,1667,77,2114,571,0.8048293
1153,/Volumes/SmithL0/2026/BIOL470/Final/Learning_Rig/bee_0408_2/bee_0408_2_fwd_blue_accident/cam1_2026-04-08_17-46-06.mp4,1891.0,325.0,1667,81,2115,569,0.80492306
1154,/Volumes/SmithL0/2026/BIOL470/Final/Learning_Rig/bee_0408_2/bee_0408_2_fwd_blue_accident/cam1_2026-04-08_17-46-06.mp4,1890.5,324.5,1668,79,2113,570,0.80926174
1155,/Volumes/SmithL0/2026/BIOL470/Final/Learning_Rig/bee_0408_2/bee_0408_2_fwd_blue_accident/cam1_2026-04-08_17-46-06.mp4,1891.5,325.5,1669,82,2114,569,0.8035429
1156,/Volumes/SmithL0/2026/BIOL470/Final/Learning_Rig/bee_0408_2/bee_0408_2_fwd_blue_accident/cam1_2026-04-08_17-46-06.mp4,1900.0,323.5,1683,78,2117,569,0.8049294
1157,/Volumes/SmithL0/2026/BIOL470/Final/Learning_Rig/bee_0408_2/bee_0408_2_fwd_blue_accident/cam1_2026-04-08_17-46-06.mp4,1899.5,325.5,1683,78,2116,573,0.8101114
1158,/Volumes/SmithL0/2026/BIOL470/Final/Learning_Rig/bee_0408_2/bee_0408_2_fwd_blue_accident/cam1_2026-04-08_17-46-06.mp4,1891.0,325.5,1670,78,2112,573,0.80897826
1159,/Volumes/SmithL0/2026/BIOL470/Final/Learning_Rig/bee_0408_2/bee_0408_2_fwd_blue_accident/cam1_2026-04-08_17-46-06.mp4,1890.5,325.0,1668,77,2113,573,0.810576
1160,/Volumes/SmithL0/2026/BIOL470/Final/Learning_Rig/bee_0408_2/bee_0408_2_fwd_blue_accident/cam1_2026-04-08_17-46-06.mp4,1890.5,325.5,1667,79,2114,572,0.8120224
1161,/Volumes/SmithL0/2026/BIOL470/Final/Learning_Rig/bee_0408_2/bee_0408_2_fwd_blue_accident/cam1_2026-04-08_17-46-06.mp4,1891.5,324.5,1670,77,2113,572,0.805709
1162,/Volumes/SmithL0/2026/BIOL470/Final/Learning_Rig/bee_0408_2/bee_0408_2_fwd_blue_accident/cam1_2026-04-08_17-46-06.mp4,1889.5,324.5,1665,77,2114,572,0.8047585
1163,/Volumes/SmithL0/2026/BIOL470/Final/Learning_Rig/bee_0408_2/bee_0408_2_fwd_blue_accident/cam1_2026-04-08_17-46-06.mp4,1889.5,324.0,1667,78,2112,570,0.8047474
1164,/Volumes/SmithL0/2026/BIOL470/Final/Learning_Rig/bee_0408_2/bee_0408_2_fwd_blue_accident/cam1_2026-04-08_17-46-06.mp4,1897.5,318.5,1679,76,2116,561,0.803905
1165,/Volumes/SmithL0/2026/BIOL470/Final/Learning_Rig/bee_0408_2/bee_0408_2_fwd_blue_accident/cam1_2026-04-08_17-46-06.mp4,1895.5,325.5,1674,79,2117,572,0.7946991
1166,/Volumes/SmithL0/2026/BIOL470/Final/Learning_Rig/bee_0408_2/bee_0408_2_fwd_blue_accident/cam1_2026-04-08_17-46-06.mp4,1896.0,320.0,1674,80,2118,560,0.7996267
1167,/Volumes/SmithL0/2026/BIOL470/Final/Learning_Rig/bee_0408_2/bee_0408_2_fwd_blue_accident/cam1_2026-04-08_17-46-06.mp4,1890.0,325.5,1666,80,2114,571,0.8005824
1168,/Volumes/SmithL0/2026/BIOL470/Final/Learning_Rig/bee_0408_2/bee_0408_2_fwd_blue_accident/cam1_2026-04-08_17-46-06.mp4,1889.0,325.5,1666,80,2112,571,0.803055
1169,/Volumes/SmithL0/2026/BIOL470/Final/Learning_Rig/bee_0408_2/bee_0408_2_fwd_blue_accident/cam1_2026-04-08_17-46-06.mp4,1889.5,325.0,1667,80,2112,570,0.8041565
1170,/Volumes/SmithL0/2026/BIOL470/Final/Learning_Rig/bee_0408_2/bee_0408_2_fwd_blue_accident/cam1_2026-04-08_17-46-06.mp4,1896.5,322.5,1678,75,2115,570,0.81251436
1171,/Volumes/SmithL0/2026/BIOL470/Final/Learning_Rig/bee_0408_2/bee_0408_2_fwd_blue_accident/cam1_2026-04-08_17-46-06.mp4,1897.0,321.5,1678,75,2116,568,0.81216586
1172,/Volumes/SmithL0/2026/BIOL470/Final/Learning_Rig/bee_0408_2/bee_0408_2_fwd_blue_accident/cam1_2026-04-08_17-46-06.mp4,1897.0,318.5,1678,76,2116,561,0.8084868
1173,/Volumes/SmithL0/2026/BIOL470/Final/Learning_Rig/bee_0408_2/bee_0408_2_fwd_blue_accident/cam1_2026-04-08_17-46-06.mp4,1899.0,320.5,1683,76,2115,565,0.80804753
1174,/Volumes/SmithL0/2026/BIOL470/Final/Learning_Rig/bee_0408_2/bee_0408_2_fwd_blue_accident/cam1_2026-04-08_17-46-06.mp4,1898.5,320.0,1681,76,2116,564,0.80762535
1175,/Volumes/SmithL0/2026/BIOL470/Final/Learning_Rig/bee_0408_2/bee_0408_2_fwd_blue_accident/cam1_2026-04-08_17-46-06.mp4,1898.5,318.0,1680,76,2117,560,0.8036136
1176,/Volumes/SmithL0/2026/BIOL470/Final/Learning_Rig/bee_0408_2/bee_0408_2_fwd_blue_accident/cam1_2026-04-08_17-46-06.mp4,1900.0,319.0,1682,77,2118,561,0.8043365
1177,/Volumes/SmithL0/2026/BIOL470/Final/Learning_Rig/bee_0408_2/bee_0408_2_fwd_blue_accident/cam1_2026-04-08_17-46-06.mp4,1903.5,322.5,1686,78,2121,567,0.7986193
1178,/Volumes/SmithL0/2026/BIOL470/Final/Learning_Rig/bee_0408_2/bee_0408_2_fwd_blue_accident/cam1_2026-04-08_17-46-06.mp4,1900.5,318.0,1684,76,2117,560,0.8035959
1179,/Volumes/SmithL0/2026/BIOL470/Final/Learning_Rig/bee_0408_2/bee_0408_2_fwd_blue_accident/cam1_2026-04-08_17-46-06.mp4,1900.0,321.0,1682,77,2118,565,0.80643964
1180,/Volumes/SmithL0/2026/BIOL470/Final/Learning_Rig/bee_0408_2/bee_0408_2_fwd_blue_accident/cam1_2026-04-08_17-46-06.mp4,1899.5,321.0,1682,78,2117,564,0.8023123
1181,/Volumes/SmithL0/2026/BIOL470/Final/Learning_Rig/bee_0408_2/bee_0408_2_fwd_blue_accident/cam1_2026-04-08_17-46-06.mp4,1893.5,325.0,1671,79,2116,571,0.8025923
1182,/Volumes/SmithL0/2026/BIOL470/Final/Learning_Rig/bee_0408_2/bee_0408_2_fwd_blue_accident/cam1_2026-04-08_17-46-06.mp4,1902.5,299.0,1686,80,2119,518,0.82335544
1183,/Volumes/SmithL0/2026/BIOL470/Final/Learning_Rig/bee_0408_2/bee_0408_2_fwd_blue_accident/cam1_2026-04-08_17-46-06.mp4,1905.0,299.0,1692,78,2118,520,0.82399386
1184,/Volumes/SmithL0/2026/BIOL470/Final/Learning_Rig/bee_0408_2/bee_0408_2_fwd_blue_accident/cam1_2026-04-08_17-46-06.mp4,1902.5,298.5,1687,78,2118,519,0.8249
1185,/Volumes/SmithL0/2026/BIOL470/Final/Learning_Rig/bee_0408_2/bee_0408_2_fwd_blue_accident/cam1_2026-04-08_17-46-06.mp4,1902.5,300.5,1688,82,2117,519,0.8270389
1186,/Volumes/SmithL0/2026/BIOL470/Final/Learning_Rig/bee_0408_2/bee_0408_2_fwd_blue_accident/cam1_2026-04-08_17-46-06.mp4,1906.0,300.0,1695,81,2117,519,0.8247773
1187,/Volumes/SmithL0/2026/BIOL470/Final/Learning_Rig/bee_0408_2/bee_0408_2_fwd_blue_accident/cam1_2026-04-08_17-46-06.mp4,1909.5,301.5,1701,83,2118,520,0.8271971
1188,/Volumes/SmithL0/2026/BIOL470/Final/Learning_Rig/bee_0408_2/bee_0408_2_fwd_blue_accident/cam1_2026-04-08_17-46-06.mp4,1906.5,302.5,1696,85,2117,520,0.8277196
1189,/Volumes/SmithL0/2026/BIOL470/Final/Learning_Rig/bee_0408_2/bee_0408_2_fwd_blue_accident/cam1_2026-04-08_17-46-06.mp4,1904.5,303.0,1691,85,2118,521,0.8241978
1190,/Volumes/SmithL0/2026/BIOL470/Final/Learning_Rig/bee_0408_2/bee_0408_2_fwd_blue_accident/cam1_2026-04-08_17-46-06.mp4,1906.5,302.5,1695,85,2118,520,0.82556605
1191,/Volumes/SmithL0/2026/BIOL470/Final/Learning_Rig/bee_0408_2/bee_0408_2_fwd_blue_accident/cam1_2026-04-08_17-46-06.mp4,1910.5,301.0,1701,83,2120,519,0.82736784
1192,/Volumes/SmithL0/2026/BIOL470/Final/Learning_Rig/bee_0408_2/bee_0408_2_fwd_blue_accident/cam1_2026-04-08_17-46-06.mp4,1913.5,301.5,1704,84,2123,519,0.82848287
1193,/Volumes/SmithL0/2026/BIOL470/Final/Learning_Rig/bee_0408_2/bee_0408_2_fwd_blue_accident/cam1_2026-04-08_17-46-06.mp4,1911.0,301.0,1700,84,2122,518,0.8281913
1194,/Volumes/SmithL0/2026/BIOL470/Final/Learning_Rig/bee_0408_2/bee_0408_2_fwd_blue_accident/cam1_2026-04-08_17-46-06.mp4,1911.5,302.0,1703,85,2120,519,0.8283121
1195,/Volumes/SmithL0/2026/BIOL470/Final/Learning_Rig/bee_0408_2/bee_0408_2_fwd_blue_accident/cam1_2026-04-08_17-46-06.mp4,1914.0,301.5,1704,84,2124,519,0.829008
1196,/Volumes/SmithL0/2026/BIOL470/Final/Learning_Rig/bee_0408_2/bee_0408_2_fwd_blue_accident/cam1_2026-04-08_17-46-06.mp4,1911.0,301.0,1702,83,2120,519,0.8286816
1197,/Volumes/SmithL0/2026/BIOL470/Final/Learning_Rig/bee_0408_2/bee_0408_2_fwd_blue_accident/cam1_2026-04-08_17-46-06.mp4,1911.5,301.0,1704,83,2119,519,0.82873195
1198,/Volumes/SmithL0/2026/BIOL470/Final/Learning_Rig/bee_0408_2/bee_0408_2_fwd_blue_accident/cam1_2026-04-08_17-46-06.mp4,1913.5,301.0,1705,84,2122,518,0.8300209
1199,/Volumes/SmithL0/2026/BIOL470/Final/Learning_Rig/bee_0408_2/bee_0408_2_fwd_blue_accident/cam1_2026-04-08_17-46-06.mp4,1912.0,300.0,1704,82,2120,518,0.82989234
1200,/Volumes/SmithL0/2026/BIOL470/Final/Learning_Rig/bee_0408_2/bee_0408_2_fwd_blue_accident/cam1_2026-04-08_17-46-06.mp4,1909.5,301.0,1702,84,2117,518,0.82909876
1201,/Volumes/SmithL0/2026/BIOL470/Final/Learning_Rig/bee_0408_2/bee_0408_2_fwd_blue_accident/cam1_2026-04-08_17-46-06.mp4,1909.0,300.0,1700,82,2118,518,0.8282879
1202,/Volumes/SmithL0/2026/BIOL470/Final/Learning_Rig/bee_0408_2/bee_0408_2_fwd_blue_accident/cam1_2026-04-08_17-46-06.mp4,1910.0,300.5,1702,83,2118,518,0.8298606
1203,/Volumes/SmithL0/2026/BIOL470/Final/Learning_Rig/bee_0408_2/bee_0408_2_fwd_blue_accident/cam1_2026-04-08_17-46-06.mp4,1909.5,300.5,1702,83,2117,518,0.82997125
1204,/Volumes/SmithL0/2026/BIOL470/Final/Learning_Rig/bee_0408_2/bee_0408_2_fwd_blue_accident/cam1_2026-04-08_17-46-06.mp4,1909.5,300.5,1702,84,2117,517,0.8308007
1205,/Volumes/SmithL0/2026/BIOL470/Final/Learning_Rig/bee_0408_2/bee_0408_2_fwd_blue_accident/cam1_2026-04-08_17-46-06.mp4,1909.5,300.5,1701,84,2118,517,0.8292596
1206,/Volumes/SmithL0/2026/BIOL470/Final/Learning_Rig/bee_0408_2/bee_0408_2_fwd_blue_accident/cam1_2026-04-08_17-46-06.mp4,1911.0,300.0,1702,83,2120,517,0.8306911
1207,/Volumes/SmithL0/2026/BIOL470/Final/Learning_Rig/bee_0408_2/bee_0408_2_fwd_blue_accident/cam1_2026-04-08_17-46-06.mp4,1910.5,300.0,1703,83,2118,517,0.83021206
1208,/Volumes/SmithL0/2026/BIOL470/Final/Learning_Rig/bee_0408_2/bee_0408_2_fwd_blue_accident/cam1_2026-04-08_17-46-06.mp4,1910.0,299.0,1702,80,2118,518,0.8307126
1209,/Volumes/SmithL0/2026/BIOL470/Final/Learning_Rig/bee_0408_2/bee_0408_2_fwd_blue_accident/cam1_2026-04-08_17-46-06.mp4,1909.0,299.0,1701,79,2117,519,0.829743
1210,/Volumes/SmithL0/2026/BIOL470/Final/Learning_Rig/bee_0408_2/bee_0408_2_fwd_blue_accident/cam1_2026-04-08_17-46-06.mp4,1909.5,300.0,1698,81,2121,519,0.828741
1211,/Volumes/SmithL0/2026/BIOL470/Final/Learning_Rig/bee_0408_2/bee_0408_2_fwd_blue_accident/cam1_2026-04-08_17-46-06.mp4,1908.0,300.5,1697,81,2119,520,0.82860655
1212,/Volumes/SmithL0/2026/BIOL470/Final/Learning_Rig/bee_0408_2/bee_0408_2_fwd_blue_accident/cam1_2026-04-08_17-46-06.mp4,1909.5,298.5,1701,78,2118,519,0.82955676
1213,/Volumes/SmithL0/2026/BIOL470/Final/Learning_Rig/bee_0408_2/bee_0408_2_fwd_blue_accident/cam1_2026-04-08_17-46-06.mp4,1909.5,299.5,1701,81,2118,518,0.82981795
1214,/Volumes/SmithL0/2026/BIOL470/Final/Learning_Rig/bee_0408_2/bee_0408_2_fwd_blue_accident/cam1_2026-04-08_17-46-06.mp4,1909.0,300.0,1700,81,2118,519,0.8296275
1215,/Volumes/SmithL0/2026/BIOL470/Final/Learning_Rig/bee_0408_2/bee_0408_2_fwd_blue_accident/cam1_2026-04-08_17-46-06.mp4,1909.5,300.5,1700,82,2119,519,0.8293441
1216,/Volumes/SmithL0/2026/BIOL470/Final/Learning_Rig/bee_0408_2/bee_0408_2_fwd_blue_accident/cam1_2026-04-08_17-46-06.mp4,1910.0,300.5,1702,82,2118,519,0.830896
1217,/Volumes/SmithL0/2026/BIOL470/Final/Learning_Rig/bee_0408_2/bee_0408_2_fwd_blue_accident/cam1_2026-04-08_17-46-06.mp4,1911.0,301.0,1704,82,2118,520,0.8290759
1218,/Volumes/SmithL0/2026/BIOL470/Final/Learning_Rig/bee_0408_2/bee_0408_2_fwd_blue_accident/cam1_2026-04-08_17-46-06.mp4,1910.0,300.5,1702,82,2118,519,0.827439
1219,/Volumes/SmithL0/2026/BIOL470/Final/Learning_Rig/bee_0408_2/bee_0408_2_fwd_blue_accident/cam1_2026-04-08_17-46-06.mp4,1910.0,302.0,1703,85,2117,519,0.827072
1220,/Volumes/SmithL0/2026/BIOL470/Final/Learning_Rig/bee_0408_2/bee_0408_2_fwd_blue_accident/cam1_2026-04-08_17-46-06.mp4,1910.0,301.0,1702,83,2118,519,0.82890457
1221,/Volumes/SmithL0/2026/BIOL470/Final/Learning_Rig/bee_0408_2/bee_0408_2_fwd_blue_accident/cam1_2026-04-08_17-46-06.mp4,1910.5,300.5,1703,81,2118,520,0.82818204
1222,/Volumes/SmithL0/2026/BIOL470/Final/Learning_Rig/bee_0408_2/bee_0408_2_fwd_blue_accident/cam1_2026-04-08_17-46-06.mp4,1912.0,300.5,1704,82,2120,519,0.829467
1223,/Volumes/SmithL0/2026/BIOL470/Final/Learning_Rig/bee_0408_2/bee_0408_2_fwd_blue_accident/cam1_2026-04-08_17-46-06.mp4,1912.0,301.0,1704,83,2120,519,0.8287728
1224,/Volumes/SmithL0/2026/BIOL470/Final/Learning_Rig/bee_0408_2/bee_0408_2_fwd_blue_accident/cam1_2026-04-08_17-46-06.mp4,1910.5,300.5,1703,83,2118,518,0.8292823
1225,/Volumes/SmithL0/2026/BIOL470/Final/Learning_Rig/bee_0408_2/bee_0408_2_fwd_blue_accident/cam1_2026-04-08_17-46-06.mp4,1910.5,301.0,1703,83,2118,519,0.8290253
1226,/Volumes/SmithL0/2026/BIOL470/Final/Learning_Rig/bee_0408_2/bee_0408_2_fwd_blue_accident/cam1_2026-04-08_17-46-06.mp4,1910.5,301.0,1703,83,2118,519,0.82908183
1227,/Volumes/SmithL0/2026/BIOL470/Final/Learning_Rig/bee_0408_2/bee_0408_2_fwd_blue_accident/cam1_2026-04-08_17-46-06.mp4,1911.0,301.5,1704,85,2118,518,0.8306951
1228,/Volumes/SmithL0/2026/BIOL470/Final/Learning_Rig/bee_0408_2/bee_0408_2_fwd_blue_accident/cam1_2026-04-08_17-46-06.mp4,1911.0,302.0,1703,84,2119,520,0.82820576
1229,/Volumes/SmithL0/2026/BIOL470/Final/Learning_Rig/bee_0408_2/bee_0408_2_fwd_blue_accident/cam1_2026-04-08_17-46-06.mp4,1910.0,301.5,1701,84,2119,519,0.8302787
1230,/Volumes/SmithL0/2026/BIOL470/Final/Learning_Rig/bee_0408_2/bee_0408_2_fwd_blue_accident/cam1_2026-04-08_17-46-06.mp4,1910.5,302.0,1702,86,2119,518,0.8310289
1231,/Volumes/SmithL0/2026/BIOL470/Final/Learning_Rig/bee_0408_2/bee_0408_2_fwd_blue_accident/cam1_2026-04-08_17-46-06.mp4,1910.5,302.0,1703,86,2118,518,0.8316568
1232,/Volumes/SmithL0/2026/BIOL470/Final/Learning_Rig/bee_0408_2/bee_0408_2_fwd_blue_accident/cam1_2026-04-08_17-46-06.mp4,1911.0,301.5,1704,84,2118,519,0.83000416
1233,/Volumes/SmithL0/2026/BIOL470/Final/Learning_Rig/bee_0408_2/bee_0408_2_fwd_blue_accident/cam1_2026-04-08_17-46-06.mp4,1910.5,301.5,1704,84,2117,519,0.83079994
1234,/Volumes/SmithL0/2026/BIOL470/Final/Learning_Rig/bee_0408_2/bee_0408_2_fwd_blue_accident/cam1_2026-04-08_17-46-06.mp4,1910.0,302.0,1702,85,2118,519,0.8296274
1235,/Volumes/SmithL0/2026/BIOL470/Final/Learning_Rig/bee_0408_2/bee_0408_2_fwd_blue_accident/cam1_2026-04-08_17-46-06.mp4,1911.5,301.5,1703,83,2120,520,0.829172
1236,/Volumes/SmithL0/2026/BIOL470/Final/Learning_Rig/bee_0408_2/bee_0408_2_fwd_blue_accident/cam1_2026-04-08_17-46-06.mp4,1911.0,302.5,1703,85,2119,520,0.8308068
1237,/Volumes/SmithL0/2026/BIOL470/Final/Learning_Rig/bee_0408_2/bee_0408_2_fwd_blue_accident/cam1_2026-04-08_17-46-06.mp4,1911.0,302.5,1702,85,2120,520,0.8310008
1238,/Volumes/SmithL0/2026/BIOL470/Final/Learning_Rig/bee_0408_2/bee_0408_2_fwd_blue_accident/cam1_2026-04-08_17-46-06.mp4,1909.5,302.5,1700,85,2119,520,0.8314612
1239,/Volumes/SmithL0/2026/BIOL470/Final/Learning_Rig/bee_0408_2/bee_0408_2_fwd_blue_accident/cam1_2026-04-08_17-46-06.mp4,1912.0,301.5,1702,85,2122,518,0.83118206
1240,/Volumes/SmithL0/2026/BIOL470/Final/Learning_Rig/bee_0408_2/bee_0408_2_fwd_blue_accident/cam1_2026-04-08_17-46-06.mp4,1912.5,301.5,1703,86,2122,517,0.83188856
1241,/Volumes/SmithL0/2026/BIOL470/Final/Learning_Rig/bee_0408_2/bee_0408_2_fwd_blue_accident/cam1_2026-04-08_17-46-06.mp4,1911.5,301.0,1703,84,2120,518,0.8298252
1242,/Volumes/SmithL0/2026/BIOL470/Final/Learning_Rig/bee_0408_2/bee_0408_2_fwd_blue_accident/cam1_2026-04-08_17-46-06.mp4,1912.0,301.5,1703,85,2121,518,0.8307032
1243,/Volumes/SmithL0/2026/BIOL470/Final/Learning_Rig/bee_0408_2/bee_0408_2_fwd_blue_accident/cam1_2026-04-08_17-46-06.mp4,1910.0,302.5,1703,85,2117,520,0.8282613
1244,/Volumes/SmithL0/2026/BIOL470/Final/Learning_Rig/bee_0408_2/bee_0408_2_fwd_blue_accident/cam1_2026-04-08_17-46-06.mp4,1909.0,302.5,1702,85,2116,520,0.8292665
1245,/Volumes/SmithL0/2026/BIOL470/Final/Learning_Rig/bee_0408_2/bee_0408_2_fwd_blue_accident/cam1_2026-04-08_17-46-06.mp4,1909.0,301.5,1703,84,2115,519,0.82892865
1246,/Volumes/SmithL0/2026/BIOL470/Final/Learning_Rig/bee_0408_2/bee_0408_2_fwd_blue_accident/cam1_2026-04-08_17-46-06.mp4,1909.5,302.0,1703,84,2116,520,0.82857084
1247,/Volumes/SmithL0/2026/BIOL470/Final/Learning_Rig/bee_0408_2/bee_0408_2_fwd_blue_accident/cam1_2026-04-08_17-46-06.mp4,1909.5,300.0,1703,81,2116,519,0.82945144
1248,/Volumes/SmithL0/2026/BIOL470/Final/Learning_Rig/bee_0408_2/bee_0408_2_fwd_blue_accident/cam1_2026-04-08_17-46-06.mp4,1910.0,300.0,1702,80,2118,520,0.82937664
1249,/Volumes/SmithL0/2026/BIOL470/Final/Learning_Rig/bee_0408_2/bee_0408_2_fwd_blue_accident/cam1_2026-04-08_17-46-06.mp4,1910.5,299.5,1704,80,2117,519,0.8291386
1250,/Volumes/SmithL0/2026/BIOL470/Final/Learning_Rig/bee_0408_2/bee_0408_2_fwd_blue_accident/cam1_2026-04-08_17-46-06.mp4,1910.0,300.5,1703,82,2117,519,0.83019185
1251,/Volumes/SmithL0/2026/BIOL470/Final/Learning_Rig/bee_0408_2/bee_0408_2_fwd_blue_accident/cam1_2026-04-08_17-46-06.mp4,1909.5,301.0,1704,83,2115,519,0.83045065
1252,/Volumes/SmithL0/2026/BIOL470/Final/Learning_Rig/bee_0408_2/bee_0408_2_fwd_blue_accident/cam1_2026-04-08_17-46-06.mp4,1908.5,302.0,1703,85,2114,519,0.8311757
1253,/Volumes/SmithL0/2026/BIOL470/Final/Learning_Rig/bee_0408_2/bee_0408_2_fwd_blue_accident/cam1_2026-04-08_17-46-06.mp4,1908.5,302.0,1702,85,2115,519,0.8306142
1254,/Volumes/SmithL0/2026/BIOL470/Final/Learning_Rig/bee_0408_2/bee_0408_2_fwd_blue_accident/cam1_2026-04-08_17-46-06.mp4,1908.0,301.0,1701,84,2115,518,0.83214545
1255,/Volumes/SmithL0/2026/BIOL470/Final/Learning_Rig/bee_0408_2/bee_0408_2_fwd_blue_accident/cam1_2026-04-08_17-46-06.mp4,1909.0,301.5,1703,84,2115,519,0.8301304
1256,/Volumes/SmithL0/2026/BIOL470/Final/Learning_Rig/bee_0408_2/bee_0408_2_fwd_blue_accident/cam1_2026-04-08_17-46-06.mp4,1909.5,303.0,1703,86,2116,520,0.829157
1257,/Volumes/SmithL0/2026/BIOL470/Final/Learning_Rig/bee_0408_2/bee_0408_2_fwd_blue_accident/cam1_2026-04-08_17-46-06.mp4,1910.0,302.5,1703,85,2117,520,0.82903975
1258,/Volumes/SmithL0/2026/BIOL470/Final/Learning_Rig/bee_0408_2/bee_0408_2_fwd_blue_accident/cam1_2026-04-08_17-46-06.mp4,1910.0,299.0,1703,77,2117,521,0.8252955
1259,/Volumes/SmithL0/2026/BIOL470/Final/Learning_Rig/bee_0408_2/bee_0408_2_fwd_blue_accident/cam1_2026-04-08_17-46-06.mp4,1909.5,300.5,1702,78,2117,523,0.82539475
1260,/Volumes/SmithL0/2026/BIOL470/Final/Learning_Rig/bee_0408_2/bee_0408_2_fwd_blue_accident/cam1_2026-04-08_17-46-06.mp4,1911.0,301.0,1703,78,2119,524,0.82459795
1261,/Volumes/SmithL0/2026/BIOL470/Final/Learning_Rig/bee_0408_2/bee_0408_2_fwd_blue_accident/cam1_2026-04-08_17-46-06.mp4,1912.0,302.0,1703,79,2121,525,0.8234316
1262,/Volumes/SmithL0/2026/BIOL470/Final/Learning_Rig/bee_0408_2/bee_0408_2_fwd_blue_accident/cam1_2026-04-08_17-46-06.mp4,1910.0,302.0,1699,78,2121,526,0.82299244
1263,/Volumes/SmithL0/2026/BIOL470/Final/Learning_Rig/bee_0408_2/bee_0408_2_fwd_blue_accident/cam1_2026-04-08_17-46-06.mp4,1913.0,302.0,1704,78,2122,526,0.82556546
1264,/Volumes/SmithL0/2026/BIOL470/Final/Learning_Rig/bee_0408_2/bee_0408_2_fwd_blue_accident/cam1_2026-04-08_17-46-06.mp4,1911.5,300.5,1703,77,2120,524,0.82563883
1265,/Volumes/SmithL0/2026/BIOL470/Final/Learning_Rig/bee_0408_2/bee_0408_2_fwd_blue_accident/cam1_2026-04-08_17-46-06.mp4,1912.5,299.5,1705,79,2120,520,0.82820666
1266,/Volumes/SmithL0/2026/BIOL470/Final/Learning_Rig/bee_0408_2/bee_0408_2_fwd_blue_accident/cam1_2026-04-08_17-46-06.mp4,1911.0,300.5,1702,81,2120,520,0.82874167
1267,/Volumes/SmithL0/2026/BIOL470/Final/Learning_Rig/bee_0408_2/bee_0408_2_fwd_blue_accident/cam1_2026-04-08_17-46-06.mp4,1910.5,302.5,1702,84,2119,521,0.8280755
1268,/Volumes/SmithL0/2026/BIOL470/Final/Learning_Rig/bee_0408_2/bee_0408_2_fwd_blue_accident/cam1_2026-04-08_17-46-06.mp4,1910.5,302.0,1704,84,2117,520,0.8286111
1269,/Volumes/SmithL0/2026/BIOL470/Final/Learning_Rig/bee_0408_2/bee_0408_2_fwd_blue_accident/cam1_2026-04-08_17-46-06.mp4,1910.0,302.5,1703,85,2117,520,0.8287308
1270,/Volumes/SmithL0/2026/BIOL470/Final/Learning_Rig/bee_0408_2/bee_0408_2_fwd_blue_accident/cam1_2026-04-08_17-46-06.mp4,1911.0,300.0,1704,80,2118,520,0.827499
1271,/Volumes/SmithL0/2026/BIOL470/Final/Learning_Rig/bee_0408_2/bee_0408_2_fwd_blue_accident/cam1_2026-04-08_17-46-06.mp4,1913.0,301.0,1706,82,2120,520,0.83012146
1272,/Volumes/SmithL0/2026/BIOL470/Final/Learning_Rig/bee_0408_2/bee_0408_2_fwd_blue_accident/cam1_2026-04-08_17-46-06.mp4,1912.5,302.5,1705,85,2120,520,0.8294807
1273,/Volumes/SmithL0/2026/BIOL470/Final/Learning_Rig/bee_0408_2/bee_0408_2_fwd_blue_accident/cam1_2026-04-08_17-46-06.mp4,1911.5,300.5,1704,83,2119,518,0.82945013
1274,/Volumes/SmithL0/2026/BIOL470/Final/Learning_Rig/bee_0408_2/bee_0408_2_fwd_blue_accident/cam1_2026-04-08_17-46-06.mp4,1910.0,299.5,1703,81,2117,518,0.8284138
1275,/Volumes/SmithL0/2026/BIOL470/Final/Learning_Rig/bee_0408_2/bee_0408_2_fwd_blue_accident/cam1_2026-04-08_17-46-06.mp4,1909.0,302.0,1702,84,2116,520,0.8253717
1276,/Volumes/SmithL0/2026/BIOL470/Final/Learning_Rig/bee_0408_2/bee_0408_2_fwd_blue_accident/cam1_2026-04-08_17-46-06.mp4,1909.0,300.5,1702,82,2116,519,0.82809365
1277,/Volumes/SmithL0/2026/BIOL470/Final/Learning_Rig/bee_0408_2/bee_0408_2_fwd_blue_accident/cam1_2026-04-08_17-46-06.mp4,1909.0,302.5,1702,84,2116,521,0.82800084
1278,/Volumes/SmithL0/2026/BIOL470/Final/Learning_Rig/bee_0408_2/bee_0408_2_fwd_blue_accident/cam1_2026-04-08_17-46-06.mp4,1910.0,301.0,1703,82,2117,520,0.82930326
1279,/Volumes/SmithL0/2026/BIOL470/Final/Learning_Rig/bee_0408_2/bee_0408_2_fwd_blue_accident/cam1_2026-04-08_17-46-06.mp4,1909.0,301.5,1701,81,2117,522,0.8249699
1280,/Volumes/SmithL0/2026/BIOL470/Final/Learning_Rig/bee_0408_2/bee_0408_2_fwd_blue_accident/cam1_2026-04-08_17-46-06.mp4,1908.5,300.0,1702,78,2115,522,0.82591623
1281,/Volumes/SmithL0/2026/BIOL470/Final/Learning_Rig/bee_0408_2/bee_0408_2_fwd_blue_accident/cam1_2026-04-08_17-46-06.mp4,1909.0,301.5,1702,81,2116,522,0.8261989
1282,/Volumes/SmithL0/2026/BIOL470/Final/Learning_Rig/bee_0408_2/bee_0408_2_fwd_blue_accident/cam1_2026-04-08_17-46-06.mp4,1908.0,303.0,1700,84,2116,522,0.8272975
1283,/Volumes/SmithL0/2026/BIOL470/Final/Learning_Rig/bee_0408_2/bee_0408_2_fwd_blue_accident/cam1_2026-04-08_17-46-06.mp4,1904.0,305.0,1692,87,2116,523,0.8290109
1284,/Volumes/SmithL0/2026/BIOL470/Final/Learning_Rig/bee_0408_2/bee_0408_2_fwd_blue_accident/cam1_2026-04-08_17-46-06.mp4,1905.0,303.5,1693,84,2117,523,0.82857656
1285,/Volumes/SmithL0/2026/BIOL470/Final/Learning_Rig/bee_0408_2/bee_0408_2_fwd_blue_accident/cam1_2026-04-08_17-46-06.mp4,1906.0,304.5,1696,85,2116,524,0.83041984
1286,/Volumes/SmithL0/2026/BIOL470/Final/Learning_Rig/bee_0408_2/bee_0408_2_fwd_blue_accident/cam1_2026-04-08_17-46-06.mp4,1907.5,304.0,1700,83,2115,525,0.8289661
1287,/Volumes/SmithL0/2026/BIOL470/Final/Learning_Rig/bee_0408_2/bee_0408_2_fwd_blue_accident/cam1_2026-04-08_17-46-06.mp4,1907.0,303.0,1697,80,2117,526,0.82604164
1288,/Volumes/SmithL0/2026/BIOL470/Final/Learning_Rig/bee_0408_2/bee_0408_2_fwd_blue_accident/cam1_2026-04-08_17-46-06.mp4,1909.0,304.5,1699,83,2119,526,0.82677853
1289,/Volumes/SmithL0/2026/BIOL470/Final/Learning_Rig/bee_0408_2/bee_0408_2_fwd_blue_accident/cam1_2026-04-08_17-46-06.mp4,1908.0,304.5,1698,83,2118,526,0.823309
1290,/Volumes/SmithL0/2026/BIOL470/Final/Learning_Rig/bee_0408_2/bee_0408_2_fwd_blue_accident/cam1_2026-04-08_17-46-06.mp4,1909.0,304.5,1698,83,2120,526,0.8255504
1291,/Volumes/SmithL0/2026/BIOL470/Final/Learning_Rig/bee_0408_2/bee_0408_2_fwd_blue_accident/cam1_2026-04-08_17-46-06.mp4,1907.5,305.0,1695,84,2120,526,0.8257314
1292,/Volumes/SmithL0/2026/BIOL470/Final/Learning_Rig/bee_0408_2/bee_0408_2_fwd_blue_accident/cam1_2026-04-08_17-46-06.mp4,1909.0,305.0,1697,83,2121,527,0.8270472
1293,/Volumes/SmithL0/2026/BIOL470/Final/Learning_Rig/bee_0408_2/bee_0408_2_fwd_blue_accident/cam1_2026-04-08_17-46-06.mp4,1905.0,305.0,1693,83,2117,527,0.8230786
1294,/Volumes/SmithL0/2026/BIOL470/Final/Learning_Rig/bee_0408_2/bee_0408_2_fwd_blue_accident/cam1_2026-04-08_17-46-06.mp4,1905.5,305.5,1692,84,2119,527,0.82315546
1295,/Volumes/SmithL0/2026/BIOL470/Final/Learning_Rig/bee_0408_2/bee_0408_2_fwd_blue_accident/cam1_2026-04-08_17-46-06.mp4,1904.5,306.0,1691,86,2118,526,0.82428694
1296,/Volumes/SmithL0/2026/BIOL470/Final/Learning_Rig/bee_0408_2/bee_0408_2_fwd_blue_accident/cam1_2026-04-08_17-46-06.mp4,1906.5,305.0,1694,83,2119,527,0.8258096
1297,/Volumes/SmithL0/2026/BIOL470/Final/Learning_Rig/bee_0408_2/bee_0408_2_fwd_blue_accident/cam1_2026-04-08_17-46-06.mp4,1908.5,304.5,1698,83,2119,526,0.8258343
1298,/Volumes/SmithL0/2026/BIOL470/Final/Learning_Rig/bee_0408_2/bee_0408_2_fwd_blue_accident/cam1_2026-04-08_17-46-06.mp4,1908.5,303.5,1700,82,2117,525,0.8282686
1299,/Volumes/SmithL0/2026/BIOL470/Final/Learning_Rig/bee_0408_2/bee_0408_2_fwd_blue_accident/cam1_2026-04-08_17-46-06.mp4,1909.5,303.0,1702,81,2117,525,0.8240496
1300,/Volumes/SmithL0/2026/BIOL470/Final/Learning_Rig/bee_0408_2/bee_0408_2_fwd_blue_accident/cam1_2026-04-08_17-46-06.mp4,1910.5,303.0,1701,82,2120,524,0.8259732
1301,/Volumes/SmithL0/2026/BIOL470/Final/Learning_Rig/bee_0408_2/bee_0408_2_fwd_blue_accident/cam1_2026-04-08_17-46-06.mp4,1910.5,305.0,1701,84,2120,526,0.8268492
1302,/Volumes/SmithL0/2026/BIOL470/Final/Learning_Rig/bee_0408_2/bee_0408_2_fwd_blue_accident/cam1_2026-04-08_17-46-06.mp4,1911.0,304.0,1703,84,2119,524,0.828662
1303,/Volumes/SmithL0/2026/BIOL470/Final/Learning_Rig/bee_0408_2/bee_0408_2_fwd_blue_accident/cam1_2026-04-08_17-46-06.mp4,1910.5,305.5,1702,87,2119,524,0.8285771
1304,/Volumes/SmithL0/2026/BIOL470/Final/Learning_Rig/bee_0408_2/bee_0408_2_fwd_blue_accident/cam1_2026-04-08_17-46-06.mp4,1911.0,303.5,1702,82,2120,525,0.8272722
1305,/Volumes/SmithL0/2026/BIOL470/Final/Learning_Rig/bee_0408_2/bee_0408_2_fwd_blue_accident/cam1_2026-04-08_17-46-06.mp4,1911.0,305.0,1703,85,2119,525,0.82932824
1306,/Volumes/SmithL0/2026/BIOL470/Final/Learning_Rig/bee_0408_2/bee_0408_2_fwd_blue_accident/cam1_2026-04-08_17-46-06.mp4,1911.5,305.5,1704,87,2119,524,0.8300664
1307,/Volumes/SmithL0/2026/BIOL470/Final/Learning_Rig/bee_0408_2/bee_0408_2_fwd_blue_accident/cam1_2026-04-08_17-46-06.mp4,1914.0,304.5,1706,85,2122,524,0.82800907
1308,/Volumes/SmithL0/2026/BIOL470/Final/Learning_Rig/bee_0408_2/bee_0408_2_fwd_blue_accident/cam1_2026-04-08_17-46-06.mp4,1913.5,305.0,1704,85,2123,525,0.8275983
1309,/Volumes/SmithL0/2026/BIOL470/Final/Learning_Rig/bee_0408_2/bee_0408_2_fwd_blue_accident/cam1_2026-04-08_17-46-06.mp4,1912.5,304.5,1705,85,2120,524,0.8285134
1310,/Volumes/SmithL0/2026/BIOL470/Final/Learning_Rig/bee_0408_2/bee_0408_2_fwd_blue_accident/cam1_2026-04-08_17-46-06.mp4,1913.0,303.5,1706,84,2120,523,0.82886565
1311,/Volumes/SmithL0/2026/BIOL470/Final/Learning_Rig/bee_0408_2/bee_0408_2_fwd_blue_accident/cam1_2026-04-08_17-46-06.mp4,1914.5,304.0,1707,85,2122,523,0.8293826
1312,/Volumes/SmithL0/2026/BIOL470/Final/Learning_Rig/bee_0408_2/bee_0408_2_fwd_blue_accident/cam1_2026-04-08_17-46-06.mp4,1913.5,304.0,1706,85,2121,523,0.8303697
1313,/Volumes/SmithL0/2026/BIOL470/Final/Learning_Rig/bee_0408_2/bee_0408_2_fwd_blue_accident/cam1_2026-04-08_17-46-06.mp4,1911.5,305.5,1705,86,2118,525,0.83063
1314,/Volumes/SmithL0/2026/BIOL470/Final/Learning_Rig/bee_0408_2/bee_0408_2_fwd_blue_accident/cam1_2026-04-08_17-46-06.mp4,1912.0,303.5,1705,83,2119,524,0.8288301
1315,/Volumes/SmithL0/2026/BIOL470/Final/Learning_Rig/bee_0408_2/bee_0408_2_fwd_blue_accident/cam1_2026-04-08_17-46-06.mp4,1910.5,305.5,1703,86,2118,525,0.82750607
1316,/Volumes/SmithL0/2026/BIOL470/Final/Learning_Rig/bee_0408_2/bee_0408_2_fwd_blue_accident/cam1_2026-04-08_17-46-06.mp4,1909.5,303.5,1701,82,2118,525,0.82683235
1317,/Volumes/SmithL0/2026/BIOL470/Final/Learning_Rig/bee_0408_2/bee_0408_2_fwd_blue_accident/cam1_2026-04-08_17-46-06.mp4,1911.0,304.0,1700,83,2122,525,0.8254407
1318,/Volumes/SmithL0/2026/BIOL470/Final/Learning_Rig/bee_0408_2/bee_0408_2_fwd_blue_accident/cam1_2026-04-08_17-46-06.mp4,1913.5,303.0,1702,82,2125,524,0.82588416
1319,/Volumes/SmithL0/2026/BIOL470/Final/Learning_Rig/bee_0408_2/bee_0408_2_fwd_blue_accident/cam1_2026-04-08_17-46-06.mp4,1913.0,303.0,1701,83,2125,523,0.8261748
1320,/Volumes/SmithL0/2026/BIOL470/Final/Learning_Rig/bee_0408_2/bee_0408_2_fwd_blue_accident/cam1_2026-04-08_17-46-06.mp4,1910.0,304.5,1699,85,2121,524,0.82522464
1321,/Volumes/SmithL0/2026/BIOL470/Final/Learning_Rig/bee_0408_2/bee_0408_2_fwd_blue_accident/cam1_2026-04-08_17-46-06.mp4,1912.0,304.0,1702,85,2122,523,0.8259743
1322,/Volumes/SmithL0/2026/BIOL470/Final/Learning_Rig/bee_0408_2/bee_0408_2_fwd_blue_accident/cam1_2026-04-08_17-46-06.mp4,1911.5,304.5,1702,86,2121,523,0.8270213
1323,/Volumes/SmithL0/2026/BIOL470/Final/Learning_Rig/bee_0408_2/bee_0408_2_fwd_blue_accident/cam1_2026-04-08_17-46-06.mp4,1913.0,303.5,1704,84,2122,523,0.8265002
1324,/Volumes/SmithL0/2026/BIOL470/Final/Learning_Rig/bee_0408_2/bee_0408_2_fwd_blue_accident/cam1_2026-04-08_17-46-06.mp4,1911.0,303.5,1700,84,2122,523,0.8254042
1325,/Volumes/SmithL0/2026/BIOL470/Final/Learning_Rig/bee_0408_2/bee_0408_2_fwd_blue_accident/cam1_2026-04-08_17-46-06.mp4,1909.0,303.0,1697,83,2121,523,0.82644063
1326,/Volumes/SmithL0/2026/BIOL470/Final/Learning_Rig/bee_0408_2/bee_0408_2_fwd_blue_accident/cam1_2026-04-08_17-46-06.mp4,1911.0,304.0,1700,85,2122,523,0.827535
1327,/Volumes/SmithL0/2026/BIOL470/Final/Learning_Rig/bee_0408_2/bee_0408_2_fwd_blue_accident/cam1_2026-04-08_17-46-06.mp4,1910.0,303.5,1701,83,2119,524,0.8265582
