,filepath,x_centroid,y_centroid,x_min,y_min,x_max,y_max,detection_confidence
0,/Volumes/SmithL0/2026/BIOL470/Final/Learning_Rig/bee_0408_1_fwd/cam1_2026-04-08_16-14-47.mp4,1229.5,583.0,839,314,1620,852,0.7967719
1,/Volumes/SmithL0/2026/BIOL470/Final/Learning_Rig/bee_0408_1_fwd/cam1_2026-04-08_16-14-47.mp4,2458.0,2754.5,2189,2469,2727,3040,0.78278095
2,/Volumes/SmithL0/2026/BIOL470/Final/Learning_Rig/bee_0408_1_fwd/cam1_2026-04-08_16-14-47.mp4,1263.0,669.5,896,337,1630,1002,0.6075628
3,/Volumes/SmithL0/2026/BIOL470/Final/Learning_Rig/bee_0408_1_fwd/cam1_2026-04-08_16-14-47.mp4,1267.0,538.5,871,260,1663,817,0.79848737
4,/Volumes/SmithL0/2026/BIOL470/Final/Learning_Rig/bee_0408_1_fwd/cam1_2026-04-08_16-14-47.mp4,2458.5,2754.0,2189,2469,2728,3039,0.7886099
5,/Volumes/SmithL0/2026/BIOL470/Final/Learning_Rig/bee_0408_1_fwd/cam1_2026-04-08_16-14-47.mp4,2459.0,2753.5,2191,2468,2727,3039,0.7824498
6,/Volumes/SmithL0/2026/BIOL470/Final/Learning_Rig/bee_0408_1_fwd/cam1_2026-04-08_16-14-47.mp4,1297.0,494.5,916,211,1678,778,0.78183836
7,/Volumes/SmithL0/2026/BIOL470/Final/Learning_Rig/bee_0408_1_fwd/cam1_2026-04-08_16-14-47.mp4,2458.5,2753.5,2190,2467,2727,3040,0.7844427
8,/Volumes/SmithL0/2026/BIOL470/Final/Learning_Rig/bee_0408_1_fwd/cam1_2026-04-08_16-14-47.mp4,1320.5,502.0,977,210,1664,794,0.7579583
9,/Volumes/SmithL0/2026/BIOL470/Final/Learning_Rig/bee_0408_1_fwd/cam1_2026-04-08_16-14-47.mp4,1371.0,597.5,1040,227,1702,968,0.8063738
10,/Volumes/SmithL0/2026/BIOL470/Final/Learning_Rig/bee_0408_1_fwd/cam1_2026-04-08_16-14-47.mp4,2458.0,2753.0,2190,2467,2726,3039,0.77446055
11,/Volumes/SmithL0/2026/BIOL470/Final/Learning_Rig/bee_0408_1_fwd/cam1_2026-04-08_16-14-47.mp4,1340.5,510.0,969,230,1712,790,0.63864875
12,/Volumes/SmithL0/2026/BIOL470/Final/Learning_Rig/bee_0408_1_fwd/cam1_2026-04-08_16-14-47.mp4,1404.5,522.5,1023,230,1786,815,0.81159085
13,/Volumes/SmithL0/2026/BIOL470/Final/Learning_Rig/bee_0408_1_fwd/cam1_2026-04-08_16-14-47.mp4,2458.0,2754.0,2190,2468,2726,3040,0.7648812
14,/Volumes/SmithL0/2026/BIOL470/Final/Learning_Rig/bee_0408_1_fwd/cam1_2026-04-08_16-14-47.mp4,1573.5,479.0,1383,286,1764,672,0.65551347
15,/Volumes/SmithL0/2026/BIOL470/Final/Learning_Rig/bee_0408_1_fwd/cam1_2026-04-08_16-14-47.mp4,2458.5,2754.5,2191,2470,2726,3039,0.7841492
16,/Volumes/SmithL0/2026/BIOL470/Final/Learning_Rig/bee_0408_1_fwd/cam1_2026-04-08_16-14-47.mp4,1433.5,621.0,1144,220,1723,1022,0.7517718
17,/Volumes/SmithL0/2026/BIOL470/Final/Learning_Rig/bee_0408_1_fwd/cam1_2026-04-08_16-14-47.mp4,1550.0,387.5,1357,230,1743,545,0.70527166
18,/Volumes/SmithL0/2026/BIOL470/Final/Learning_Rig/bee_0408_1_fwd/cam1_2026-04-08_16-14-47.mp4,1474.5,413.5,1214,242,1735,585,0.64439094
19,/Volumes/SmithL0/2026/BIOL470/Final/Learning_Rig/bee_0408_1_fwd/cam1_2026-04-08_16-14-47.mp4,1456.5,535.5,1175,243,1738,828,0.57325315
20,/Volumes/SmithL0/2026/BIOL470/Final/Learning_Rig/bee_0408_1_fwd/cam1_2026-04-08_16-14-47.mp4,1370.5,611.5,1072,234,1669,989,0.8218946
21,/Volumes/SmithL0/2026/BIOL470/Final/Learning_Rig/bee_0408_1_fwd/cam1_2026-04-08_16-14-47.mp4,2458.0,2754.0,2190,2469,2726,3039,0.7945798
22,/Volumes/SmithL0/2026/BIOL470/Final/Learning_Rig/bee_0408_1_fwd/cam1_2026-04-08_16-14-47.mp4,1384.5,704.0,1068,321,1701,1087,0.8223488
23,/Volumes/SmithL0/2026/BIOL470/Final/Learning_Rig/bee_0408_1_fwd/cam1_2026-04-08_16-14-47.mp4,2457.5,2754.0,2190,2469,2725,3039,0.79818016
24,/Volumes/SmithL0/2026/BIOL470/Final/Learning_Rig/bee_0408_1_fwd/cam1_2026-04-08_16-14-47.mp4,2458.5,2752.5,2191,2466,2726,3039,0.7943139
25,/Volumes/SmithL0/2026/BIOL470/Final/Learning_Rig/bee_0408_1_fwd/cam1_2026-04-08_16-14-47.mp4,1443.0,740.0,1226,366,1660,1114,0.70572394
26,/Volumes/SmithL0/2026/BIOL470/Final/Learning_Rig/bee_0408_1_fwd/cam1_2026-04-08_16-14-47.mp4,2458.0,2754.0,2190,2468,2726,3040,0.7993866
27,/Volumes/SmithL0/2026/BIOL470/Final/Learning_Rig/bee_0408_1_fwd/cam1_2026-04-08_16-14-47.mp4,1420.0,627.5,1213,462,1627,793,0.5300106
28,/Volumes/SmithL0/2026/BIOL470/Final/Learning_Rig/bee_0408_1_fwd/cam1_2026-04-08_16-14-47.mp4,2458.5,2753.5,2191,2468,2726,3039,0.77809066
29,/Volumes/SmithL0/2026/BIOL470/Final/Learning_Rig/bee_0408_1_fwd/cam1_2026-04-08_16-14-47.mp4,1454.5,772.5,1259,571,1650,974,0.55288875
30,/Volumes/SmithL0/2026/BIOL470/Final/Learning_Rig/bee_0408_1_fwd/cam1_2026-04-08_16-14-47.mp4,1431.0,739.0,1257,585,1605,893,0.52348506
31,/Volumes/SmithL0/2026/BIOL470/Final/Learning_Rig/bee_0408_1_fwd/cam1_2026-04-08_16-14-47.mp4,2459.0,2755.5,2192,2471,2726,3040,0.77748066
32,/Volumes/SmithL0/2026/BIOL470/Final/Learning_Rig/bee_0408_1_fwd/cam1_2026-04-08_16-14-47.mp4,1382.0,1096.5,1135,696,1629,1497,0.77218515
33,/Volumes/SmithL0/2026/BIOL470/Final/Learning_Rig/bee_0408_1_fwd/cam1_2026-04-08_16-14-47.mp4,1298.5,1091.5,1115,708,1482,1475,0.53252274
34,/Volumes/SmithL0/2026/BIOL470/Final/Learning_Rig/bee_0408_1_fwd/cam1_2026-04-08_16-14-47.mp4,2458.5,2755.5,2191,2471,2726,3040,0.7723632
35,/Volumes/SmithL0/2026/BIOL470/Final/Learning_Rig/bee_0408_1_fwd/cam1_2026-04-08_16-14-47.mp4,1307.0,1208.5,1018,808,1596,1609,0.76792353
36,/Volumes/SmithL0/2026/BIOL470/Final/Learning_Rig/bee_0408_1_fwd/cam1_2026-04-08_16-14-47.mp4,1196.5,1189.0,999,792,1394,1586,0.56450295
37,/Volumes/SmithL0/2026/BIOL470/Final/Learning_Rig/bee_0408_1_fwd/cam1_2026-04-08_16-14-47.mp4,2459.0,2755.0,2191,2470,2727,3040,0.76826686
38,/Volumes/SmithL0/2026/BIOL470/Final/Learning_Rig/bee_0408_1_fwd/cam1_2026-04-08_16-14-47.mp4,1248.0,1260.5,964,909,1532,1612,0.71824604
39,/Volumes/SmithL0/2026/BIOL470/Final/Learning_Rig/bee_0408_1_fwd/cam1_2026-04-08_16-14-47.mp4,1177.5,1408.0,895,1041,1460,1775,0.80629575
40,/Volumes/SmithL0/2026/BIOL470/Final/Learning_Rig/bee_0408_1_fwd/cam1_2026-04-08_16-14-47.mp4,2458.5,2754.0,2191,2468,2726,3040,0.7613318
41,/Volumes/SmithL0/2026/BIOL470/Final/Learning_Rig/bee_0408_1_fwd/cam1_2026-04-08_16-14-47.mp4,2458.5,2753.0,2191,2467,2726,3039,0.7771563
42,/Volumes/SmithL0/2026/BIOL470/Final/Learning_Rig/bee_0408_1_fwd/cam1_2026-04-08_16-14-47.mp4,1213.0,1459.0,915,1122,1511,1796,0.69830614
43,/Volumes/SmithL0/2026/BIOL470/Final/Learning_Rig/bee_0408_1_fwd/cam1_2026-04-08_16-14-47.mp4,2458.0,2753.5,2190,2468,2726,3039,0.76944894
44,/Volumes/SmithL0/2026/BIOL470/Final/Learning_Rig/bee_0408_1_fwd/cam1_2026-04-08_16-14-47.mp4,2458.0,2754.0,2190,2468,2726,3040,0.77236384
45,/Volumes/SmithL0/2026/BIOL470/Final/Learning_Rig/bee_0408_1_fwd/cam1_2026-04-08_16-14-47.mp4,1134.5,1709.0,921,1317,1348,2101,0.7480286
46,/Volumes/SmithL0/2026/BIOL470/Final/Learning_Rig/bee_0408_1_fwd/cam1_2026-04-08_16-14-47.mp4,1200.5,1828.0,916,1451,1485,2205,0.795812
47,/Volumes/SmithL0/2026/BIOL470/Final/Learning_Rig/bee_0408_1_fwd/cam1_2026-04-08_16-14-47.mp4,2457.0,2752.5,2188,2466,2726,3039,0.7838786
48,/Volumes/SmithL0/2026/BIOL470/Final/Learning_Rig/bee_0408_1_fwd/cam1_2026-04-08_16-14-47.mp4,1257.5,1941.0,991,1563,1524,2319,0.8282535
49,/Volumes/SmithL0/2026/BIOL470/Final/Learning_Rig/bee_0408_1_fwd/cam1_2026-04-08_16-14-47.mp4,2458.0,2754.0,2189,2469,2727,3039,0.7474052
50,/Volumes/SmithL0/2026/BIOL470/Final/Learning_Rig/bee_0408_1_fwd/cam1_2026-04-08_16-14-47.mp4,1304.0,2086.5,1061,1716,1547,2457,0.7885855
51,/Volumes/SmithL0/2026/BIOL470/Final/Learning_Rig/bee_0408_1_fwd/cam1_2026-04-08_16-14-47.mp4,2458.5,2753.0,2190,2467,2727,3039,0.74735415
52,/Volumes/SmithL0/2026/BIOL470/Final/Learning_Rig/bee_0408_1_fwd/cam1_2026-04-08_16-14-47.mp4,1301.5,1906.5,1071,1727,1532,2086,0.722266
53,/Volumes/SmithL0/2026/BIOL470/Final/Learning_Rig/bee_0408_1_fwd/cam1_2026-04-08_16-14-47.mp4,1354.5,2195.5,1112,1823,1597,2568,0.81023306
54,/Volumes/SmithL0/2026/BIOL470/Final/Learning_Rig/bee_0408_1_fwd/cam1_2026-04-08_16-14-47.mp4,2459.0,2754.0,2190,2468,2728,3040,0.75755256
55,/Volumes/SmithL0/2026/BIOL470/Final/Learning_Rig/bee_0408_1_fwd/cam1_2026-04-08_16-14-47.mp4,1359.0,2233.5,1115,1863,1603,2604,0.8064922
56,/Volumes/SmithL0/2026/BIOL470/Final/Learning_Rig/bee_0408_1_fwd/cam1_2026-04-08_16-14-47.mp4,2458.0,2753.0,2189,2466,2727,3040,0.77037174
57,/Volumes/SmithL0/2026/BIOL470/Final/Learning_Rig/bee_0408_1_fwd/cam1_2026-04-08_16-14-47.mp4,1356.5,2036.0,1130,1871,1583,2201,0.65859807
58,/Volumes/SmithL0/2026/BIOL470/Final/Learning_Rig/bee_0408_1_fwd/cam1_2026-04-08_16-14-47.mp4,1312.5,2181.0,1070,1828,1555,2534,0.7902293
59,/Volumes/SmithL0/2026/BIOL470/Final/Learning_Rig/bee_0408_1_fwd/cam1_2026-04-08_16-14-47.mp4,2459.0,2754.0,2191,2468,2727,3040,0.7618228
60,/Volumes/SmithL0/2026/BIOL470/Final/Learning_Rig/bee_0408_1_fwd/cam1_2026-04-08_16-14-47.mp4,1325.0,2011.0,1084,1823,1566,2199,0.6571229
61,/Volumes/SmithL0/2026/BIOL470/Final/Learning_Rig/bee_0408_1_fwd/cam1_2026-04-08_16-14-47.mp4,1293.0,2146.0,1017,1787,1569,2505,0.80884606
62,/Volumes/SmithL0/2026/BIOL470/Final/Learning_Rig/bee_0408_1_fwd/cam1_2026-04-08_16-14-47.mp4,2459.0,2754.0,2190,2469,2728,3039,0.7645018
63,/Volumes/SmithL0/2026/BIOL470/Final/Learning_Rig/bee_0408_1_fwd/cam1_2026-04-08_16-14-47.mp4,1261.5,2198.0,946,1830,1577,2566,0.82239455
64,/Volumes/SmithL0/2026/BIOL470/Final/Learning_Rig/bee_0408_1_fwd/cam1_2026-04-08_16-14-47.mp4,2459.0,2753.5,2190,2468,2728,3039,0.75452673
65,/Volumes/SmithL0/2026/BIOL470/Final/Learning_Rig/bee_0408_1_fwd/cam1_2026-04-08_16-14-47.mp4,1180.5,2196.5,907,1884,1454,2509,0.8082782
66,/Volumes/SmithL0/2026/BIOL470/Final/Learning_Rig/bee_0408_1_fwd/cam1_2026-04-08_16-14-47.mp4,2458.5,2754.5,2189,2469,2728,3040,0.7741195
67,/Volumes/SmithL0/2026/BIOL470/Final/Learning_Rig/bee_0408_1_fwd/cam1_2026-04-08_16-14-47.mp4,1198.0,2210.5,952,1930,1444,2491,0.78606665
68,/Volumes/SmithL0/2026/BIOL470/Final/Learning_Rig/bee_0408_1_fwd/cam1_2026-04-08_16-14-47.mp4,2458.5,2754.5,2190,2470,2727,3039,0.78140646
69,/Volumes/SmithL0/2026/BIOL470/Final/Learning_Rig/bee_0408_1_fwd/cam1_2026-04-08_16-14-47.mp4,1227.5,2213.0,895,1925,1560,2501,0.824649
70,/Volumes/SmithL0/2026/BIOL470/Final/Learning_Rig/bee_0408_1_fwd/cam1_2026-04-08_16-14-47.mp4,2459.0,2754.5,2190,2469,2728,3040,0.782177
71,/Volumes/SmithL0/2026/BIOL470/Final/Learning_Rig/bee_0408_1_fwd/cam1_2026-04-08_16-14-47.mp4,1273.0,2167.5,962,1843,1584,2492,0.837549
72,/Volumes/SmithL0/2026/BIOL470/Final/Learning_Rig/bee_0408_1_fwd/cam1_2026-04-08_16-14-47.mp4,2458.5,2754.0,2191,2468,2726,3040,0.7816729
73,/Volumes/SmithL0/2026/BIOL470/Final/Learning_Rig/bee_0408_1_fwd/cam1_2026-04-08_16-14-47.mp4,1251.0,2136.0,981,1783,1521,2489,0.8049295
74,/Volumes/SmithL0/2026/BIOL470/Final/Learning_Rig/bee_0408_1_fwd/cam1_2026-04-08_16-14-47.mp4,2457.5,2752.5,2190,2466,2725,3039,0.7791709
75,/Volumes/SmithL0/2026/BIOL470/Final/Learning_Rig/bee_0408_1_fwd/cam1_2026-04-08_16-14-47.mp4,1263.0,2141.0,972,1790,1554,2492,0.8141711
76,/Volumes/SmithL0/2026/BIOL470/Final/Learning_Rig/bee_0408_1_fwd/cam1_2026-04-08_16-14-47.mp4,2458.0,2754.0,2190,2468,2726,3040,0.7731935
77,/Volumes/SmithL0/2026/BIOL470/Final/Learning_Rig/bee_0408_1_fwd/cam1_2026-04-08_16-14-47.mp4,1294.5,2149.0,1019,1854,1570,2444,0.80872947
78,/Volumes/SmithL0/2026/BIOL470/Final/Learning_Rig/bee_0408_1_fwd/cam1_2026-04-08_16-14-47.mp4,2458.5,2753.5,2191,2467,2726,3040,0.78125256
79,/Volumes/SmithL0/2026/BIOL470/Final/Learning_Rig/bee_0408_1_fwd/cam1_2026-04-08_16-14-47.mp4,1348.0,2144.0,1014,1866,1682,2422,0.79720736
80,/Volumes/SmithL0/2026/BIOL470/Final/Learning_Rig/bee_0408_1_fwd/cam1_2026-04-08_16-14-47.mp4,2457.5,2754.0,2189,2469,2726,3039,0.77944845
81,/Volumes/SmithL0/2026/BIOL470/Final/Learning_Rig/bee_0408_1_fwd/cam1_2026-04-08_16-14-47.mp4,1410.0,2164.0,1022,1891,1798,2437,0.7773444
82,/Volumes/SmithL0/2026/BIOL470/Final/Learning_Rig/bee_0408_1_fwd/cam1_2026-04-08_16-14-47.mp4,2458.5,2753.0,2190,2467,2727,3039,0.77438563
83,/Volumes/SmithL0/2026/BIOL470/Final/Learning_Rig/bee_0408_1_fwd/cam1_2026-04-08_16-14-47.mp4,1465.0,2142.5,1088,1885,1842,2400,0.79515547
84,/Volumes/SmithL0/2026/BIOL470/Final/Learning_Rig/bee_0408_1_fwd/cam1_2026-04-08_16-14-47.mp4,2458.5,2754.0,2190,2469,2727,3039,0.7502297
85,/Volumes/SmithL0/2026/BIOL470/Final/Learning_Rig/bee_0408_1_fwd/cam1_2026-04-08_16-14-47.mp4,1654.0,2148.0,1477,2001,1831,2295,0.6870232
86,/Volumes/SmithL0/2026/BIOL470/Final/Learning_Rig/bee_0408_1_fwd/cam1_2026-04-08_16-14-47.mp4,1381.5,2142.5,1139,1849,1624,2436,0.8415736
87,/Volumes/SmithL0/2026/BIOL470/Final/Learning_Rig/bee_0408_1_fwd/cam1_2026-04-08_16-14-47.mp4,1495.0,2141.0,1136,1839,1854,2443,0.81729466
88,/Volumes/SmithL0/2026/BIOL470/Final/Learning_Rig/bee_0408_1_fwd/cam1_2026-04-08_16-14-47.mp4,2459.0,2753.5,2190,2467,2728,3040,0.74624974
89,/Volumes/SmithL0/2026/BIOL470/Final/Learning_Rig/bee_0408_1_fwd/cam1_2026-04-08_16-14-47.mp4,1535.5,2124.0,1192,1810,1879,2438,0.8469556
90,/Volumes/SmithL0/2026/BIOL470/Final/Learning_Rig/bee_0408_1_fwd/cam1_2026-04-08_16-14-47.mp4,2459.0,2753.0,2191,2467,2727,3039,0.76739156
91,/Volumes/SmithL0/2026/BIOL470/Final/Learning_Rig/bee_0408_1_fwd/cam1_2026-04-08_16-14-47.mp4,820.5,2920.0,383,2800,1258,3040,0.5632734
92,/Volumes/SmithL0/2026/BIOL470/Final/Learning_Rig/bee_0408_1_fwd/cam1_2026-04-08_16-14-47.mp4,1665.0,1969.0,1488,1809,1842,2129,0.5199309
93,/Volumes/SmithL0/2026/BIOL470/Final/Learning_Rig/bee_0408_1_fwd/cam1_2026-04-08_16-14-47.mp4,1010.0,2918.5,693,2797,1327,3040,0.5195757
94,/Volumes/SmithL0/2026/BIOL470/Final/Learning_Rig/bee_0408_1_fwd/cam1_2026-04-08_16-14-47.mp4,1561.5,1983.0,1246,1690,1877,2276,0.78345114
95,/Volumes/SmithL0/2026/BIOL470/Final/Learning_Rig/bee_0408_1_fwd/cam1_2026-04-08_16-14-47.mp4,2459.0,2753.5,2191,2468,2727,3039,0.755324
96,/Volumes/SmithL0/2026/BIOL470/Final/Learning_Rig/bee_0408_1_fwd/cam1_2026-04-08_16-14-47.mp4,1707.0,1896.0,1546,1698,1868,2094,0.72245497
97,/Volumes/SmithL0/2026/BIOL470/Final/Learning_Rig/bee_0408_1_fwd/cam1_2026-04-08_16-14-47.mp4,1650.5,1951.5,1323,1641,1978,2262,0.8039427
98,/Volumes/SmithL0/2026/BIOL470/Final/Learning_Rig/bee_0408_1_fwd/cam1_2026-04-08_16-14-47.mp4,2458.5,2754.0,2190,2469,2727,3039,0.77585876
99,/Volumes/SmithL0/2026/BIOL470/Final/Learning_Rig/bee_0408_1_fwd/cam1_2026-04-08_16-14-47.mp4,1787.5,1784.5,1632,1646,1943,1923,0.702424
100,/Volumes/SmithL0/2026/BIOL470/Final/Learning_Rig/bee_0408_1_fwd/cam1_2026-04-08_16-14-47.mp4,2458.5,2753.0,2190,2466,2727,3040,0.79949504
101,/Volumes/SmithL0/2026/BIOL470/Final/Learning_Rig/bee_0408_1_fwd/cam1_2026-04-08_16-14-47.mp4,1687.0,1943.5,1311,1568,2063,2319,0.7709107
102,/Volumes/SmithL0/2026/BIOL470/Final/Learning_Rig/bee_0408_1_fwd/cam1_2026-04-08_16-14-47.mp4,1547.5,1949.5,1313,1586,1782,2313,0.51586515
103,/Volumes/SmithL0/2026/BIOL470/Final/Learning_Rig/bee_0408_1_fwd/cam1_2026-04-08_16-14-47.mp4,2458.0,2752.0,2189,2465,2727,3039,0.8059103
104,/Volumes/SmithL0/2026/BIOL470/Final/Learning_Rig/bee_0408_1_fwd/cam1_2026-04-08_16-14-47.mp4,1859.0,1806.0,1536,1483,2182,2129,0.7935745
105,/Volumes/SmithL0/2026/BIOL470/Final/Learning_Rig/bee_0408_1_fwd/cam1_2026-04-08_16-14-47.mp4,2458.0,2752.5,2189,2465,2727,3040,0.79819286
106,/Volumes/SmithL0/2026/BIOL470/Final/Learning_Rig/bee_0408_1_fwd/cam1_2026-04-08_16-14-47.mp4,1860.0,1769.5,1538,1462,2182,2077,0.77398264
107,/Volumes/SmithL0/2026/BIOL470/Final/Learning_Rig/bee_0408_1_fwd/cam1_2026-04-08_16-14-47.mp4,2458.5,2753.5,2190,2467,2727,3040,0.79890925
108,/Volumes/SmithL0/2026/BIOL470/Final/Learning_Rig/bee_0408_1_fwd/cam1_2026-04-08_16-14-47.mp4,1849.5,1758.5,1517,1443,2182,2074,0.7346111
109,/Volumes/SmithL0/2026/BIOL470/Final/Learning_Rig/bee_0408_1_fwd/cam1_2026-04-08_16-14-47.mp4,2457.5,2752.5,2189,2466,2726,3039,0.79572856
110,/Volumes/SmithL0/2026/BIOL470/Final/Learning_Rig/bee_0408_1_fwd/cam1_2026-04-08_16-14-47.mp4,1819.5,1712.0,1514,1386,2125,2038,0.7905047
111,/Volumes/SmithL0/2026/BIOL470/Final/Learning_Rig/bee_0408_1_fwd/cam1_2026-04-08_16-14-47.mp4,2457.5,2753.5,2189,2467,2726,3040,0.788114
112,/Volumes/SmithL0/2026/BIOL470/Final/Learning_Rig/bee_0408_1_fwd/cam1_2026-04-08_16-14-47.mp4,1799.0,1657.5,1521,1340,2077,1975,0.7494738
113,/Volumes/SmithL0/2026/BIOL470/Final/Learning_Rig/bee_0408_1_fwd/cam1_2026-04-08_16-14-47.mp4,2457.5,2752.5,2189,2466,2726,3039,0.7922284
114,/Volumes/SmithL0/2026/BIOL470/Final/Learning_Rig/bee_0408_1_fwd/cam1_2026-04-08_16-14-47.mp4,1794.0,1548.0,1466,1213,2122,1883,0.78712237
115,/Volumes/SmithL0/2026/BIOL470/Final/Learning_Rig/bee_0408_1_fwd/cam1_2026-04-08_16-14-47.mp4,2457.5,2754.0,2189,2469,2726,3039,0.79234123
116,/Volumes/SmithL0/2026/BIOL470/Final/Learning_Rig/bee_0408_1_fwd/cam1_2026-04-08_16-14-47.mp4,1766.5,1472.5,1511,1117,2022,1828,0.72375274
117,/Volumes/SmithL0/2026/BIOL470/Final/Learning_Rig/bee_0408_1_fwd/cam1_2026-04-08_16-14-47.mp4,1685.5,1401.5,1340,1034,2031,1769,0.79979736
118,/Volumes/SmithL0/2026/BIOL470/Final/Learning_Rig/bee_0408_1_fwd/cam1_2026-04-08_16-14-47.mp4,2457.5,2752.5,2189,2466,2726,3039,0.7908567
119,/Volumes/SmithL0/2026/BIOL470/Final/Learning_Rig/bee_0408_1_fwd/cam1_2026-04-08_16-14-47.mp4,1712.5,1265.5,1400,909,2025,1622,0.786925
120,/Volumes/SmithL0/2026/BIOL470/Final/Learning_Rig/bee_0408_1_fwd/cam1_2026-04-08_16-14-47.mp4,2458.0,2754.5,2189,2469,2727,3040,0.7717679
121,/Volumes/SmithL0/2026/BIOL470/Final/Learning_Rig/bee_0408_1_fwd/cam1_2026-04-08_16-14-47.mp4,1627.5,1165.0,1331,804,1924,1526,0.7945972
122,/Volumes/SmithL0/2026/BIOL470/Final/Learning_Rig/bee_0408_1_fwd/cam1_2026-04-08_16-14-47.mp4,1534.5,1162.5,1315,801,1754,1524,0.75590074
123,/Volumes/SmithL0/2026/BIOL470/Final/Learning_Rig/bee_0408_1_fwd/cam1_2026-04-08_16-14-47.mp4,2456.5,2750.0,2181,2464,2732,3036,0.7557314
124,/Volumes/SmithL0/2026/BIOL470/Final/Learning_Rig/bee_0408_1_fwd/cam1_2026-04-08_16-14-47.mp4,2457.5,2754.0,2189,2469,2726,3039,0.77291435
125,/Volumes/SmithL0/2026/BIOL470/Final/Learning_Rig/bee_0408_1_fwd/cam1_2026-04-08_16-14-47.mp4,1515.5,935.0,1316,690,1715,1180,0.5424105
126,/Volumes/SmithL0/2026/BIOL470/Final/Learning_Rig/bee_0408_1_fwd/cam1_2026-04-08_16-14-47.mp4,2458.0,2753.0,2190,2467,2726,3039,0.77203685
127,/Volumes/SmithL0/2026/BIOL470/Final/Learning_Rig/bee_0408_1_fwd/cam1_2026-04-08_16-14-47.mp4,1529.0,819.5,1228,446,1830,1193,0.78633016
128,/Volumes/SmithL0/2026/BIOL470/Final/Learning_Rig/bee_0408_1_fwd/cam1_2026-04-08_16-14-47.mp4,2458.0,2754.5,2191,2469,2725,3040,0.7824925
129,/Volumes/SmithL0/2026/BIOL470/Final/Learning_Rig/bee_0408_1_fwd/cam1_2026-04-08_16-14-47.mp4,2458.0,2753.5,2190,2467,2726,3040,0.7866263
130,/Volumes/SmithL0/2026/BIOL470/Final/Learning_Rig/bee_0408_1_fwd/cam1_2026-04-08_16-14-47.mp4,1555.5,712.0,1267,346,1844,1078,0.7631941
131,/Volumes/SmithL0/2026/BIOL470/Final/Learning_Rig/bee_0408_1_fwd/cam1_2026-04-08_16-14-47.mp4,2458.0,2754.0,2190,2469,2726,3039,0.787035
132,/Volumes/SmithL0/2026/BIOL470/Final/Learning_Rig/bee_0408_1_fwd/cam1_2026-04-08_16-14-47.mp4,1585.0,643.0,1307,268,1863,1018,0.76130956
133,/Volumes/SmithL0/2026/BIOL470/Final/Learning_Rig/bee_0408_1_fwd/cam1_2026-04-08_16-14-47.mp4,1615.0,603.0,1293,226,1937,980,0.79290885
134,/Volumes/SmithL0/2026/BIOL470/Final/Learning_Rig/bee_0408_1_fwd/cam1_2026-04-08_16-14-47.mp4,2458.0,2754.5,2190,2469,2726,3040,0.7911871
135,/Volumes/SmithL0/2026/BIOL470/Final/Learning_Rig/bee_0408_1_fwd/cam1_2026-04-08_16-14-47.mp4,2458.5,2754.0,2190,2469,2727,3039,0.7829879
136,/Volumes/SmithL0/2026/BIOL470/Final/Learning_Rig/bee_0408_1_fwd/cam1_2026-04-08_16-14-47.mp4,1631.0,610.0,1331,239,1931,981,0.7259172
137,/Volumes/SmithL0/2026/BIOL470/Final/Learning_Rig/bee_0408_1_fwd/cam1_2026-04-08_16-14-47.mp4,1538.5,635.0,1315,291,1762,979,0.69449073
138,/Volumes/SmithL0/2026/BIOL470/Final/Learning_Rig/bee_0408_1_fwd/cam1_2026-04-08_16-14-47.mp4,1588.5,723.5,1308,475,1869,972,0.6280565
139,/Volumes/SmithL0/2026/BIOL470/Final/Learning_Rig/bee_0408_1_fwd/cam1_2026-04-08_16-14-47.mp4,2458.0,2753.5,2189,2468,2727,3039,0.7687535
140,/Volumes/SmithL0/2026/BIOL470/Final/Learning_Rig/bee_0408_1_fwd/cam1_2026-04-08_16-14-47.mp4,1631.5,620.0,1332,260,1931,980,0.74010295
141,/Volumes/SmithL0/2026/BIOL470/Final/Learning_Rig/bee_0408_1_fwd/cam1_2026-04-08_16-14-47.mp4,2457.5,2754.5,2189,2470,2726,3039,0.7782261
142,/Volumes/SmithL0/2026/BIOL470/Final/Learning_Rig/bee_0408_1_fwd/cam1_2026-04-08_16-14-47.mp4,1587.5,629.5,1355,277,1820,982,0.6796843
143,/Volumes/SmithL0/2026/BIOL470/Final/Learning_Rig/bee_0408_1_fwd/cam1_2026-04-08_16-14-47.mp4,2457.5,2755.0,2189,2470,2726,3040,0.77752393
144,/Volumes/SmithL0/2026/BIOL470/Final/Learning_Rig/bee_0408_1_fwd/cam1_2026-04-08_16-14-47.mp4,1567.0,671.0,1335,352,1799,990,0.6484214
145,/Volumes/SmithL0/2026/BIOL470/Final/Learning_Rig/bee_0408_1_fwd/cam1_2026-04-08_16-14-47.mp4,2458.0,2754.5,2189,2470,2727,3039,0.7755848
146,/Volumes/SmithL0/2026/BIOL470/Final/Learning_Rig/bee_0408_1_fwd/cam1_2026-04-08_16-14-47.mp4,1559.5,684.5,1328,385,1791,984,0.6944136
147,/Volumes/SmithL0/2026/BIOL470/Final/Learning_Rig/bee_0408_1_fwd/cam1_2026-04-08_16-14-47.mp4,2458.0,2752.0,2189,2465,2727,3039,0.7857201
148,/Volumes/SmithL0/2026/BIOL470/Final/Learning_Rig/bee_0408_1_fwd/cam1_2026-04-08_16-14-47.mp4,1557.5,679.0,1328,377,1787,981,0.7135353
149,/Volumes/SmithL0/2026/BIOL470/Final/Learning_Rig/bee_0408_1_fwd/cam1_2026-04-08_16-14-47.mp4,2458.0,2753.5,2190,2468,2726,3039,0.7809226
150,/Volumes/SmithL0/2026/BIOL470/Final/Learning_Rig/bee_0408_1_fwd/cam1_2026-04-08_16-14-47.mp4,1574.0,596.5,1321,216,1827,977,0.7319548
151,/Volumes/SmithL0/2026/BIOL470/Final/Learning_Rig/bee_0408_1_fwd/cam1_2026-04-08_16-14-47.mp4,1593.5,665.5,1376,362,1811,969,0.6262693
152,/Volumes/SmithL0/2026/BIOL470/Final/Learning_Rig/bee_0408_1_fwd/cam1_2026-04-08_16-14-47.mp4,1691.0,372.5,1537,229,1845,516,0.5793278
153,/Volumes/SmithL0/2026/BIOL470/Final/Learning_Rig/bee_0408_1_fwd/cam1_2026-04-08_16-14-47.mp4,1711.0,598.5,1534,243,1888,954,0.5548641
154,/Volumes/SmithL0/2026/BIOL470/Final/Learning_Rig/bee_0408_1_fwd/cam1_2026-04-08_16-14-47.mp4,1590.0,634.0,1307,295,1873,973,0.7988325
155,/Volumes/SmithL0/2026/BIOL470/Final/Learning_Rig/bee_0408_1_fwd/cam1_2026-04-08_16-14-47.mp4,2457.5,2754.0,2189,2468,2726,3040,0.7752375
156,/Volumes/SmithL0/2026/BIOL470/Final/Learning_Rig/bee_0408_1_fwd/cam1_2026-04-08_16-14-47.mp4,1692.0,419.5,1526,226,1858,613,0.7367992
157,/Volumes/SmithL0/2026/BIOL470/Final/Learning_Rig/bee_0408_1_fwd/cam1_2026-04-08_16-14-47.mp4,1594.5,602.5,1312,223,1877,982,0.7909182
158,/Volumes/SmithL0/2026/BIOL470/Final/Learning_Rig/bee_0408_1_fwd/cam1_2026-04-08_16-14-47.mp4,2458.0,2755.0,2190,2470,2726,3040,0.7818816
159,/Volumes/SmithL0/2026/BIOL470/Final/Learning_Rig/bee_0408_1_fwd/cam1_2026-04-08_16-14-47.mp4,1688.5,382.0,1517,229,1860,535,0.5906225
160,/Volumes/SmithL0/2026/BIOL470/Final/Learning_Rig/bee_0408_1_fwd/cam1_2026-04-08_16-14-47.mp4,1603.5,631.5,1334,247,1873,1016,0.8043083
161,/Volumes/SmithL0/2026/BIOL470/Final/Learning_Rig/bee_0408_1_fwd/cam1_2026-04-08_16-14-47.mp4,2458.0,2753.5,2190,2467,2726,3040,0.7787388
162,/Volumes/SmithL0/2026/BIOL470/Final/Learning_Rig/bee_0408_1_fwd/cam1_2026-04-08_16-14-47.mp4,2457.5,2754.0,2189,2469,2726,3039,0.78113246
163,/Volumes/SmithL0/2026/BIOL470/Final/Learning_Rig/bee_0408_1_fwd/cam1_2026-04-08_16-14-47.mp4,1645.5,618.5,1341,265,1950,972,0.7697999
164,/Volumes/SmithL0/2026/BIOL470/Final/Learning_Rig/bee_0408_1_fwd/cam1_2026-04-08_16-14-47.mp4,1642.0,568.0,1281,255,2003,881,0.7844648
165,/Volumes/SmithL0/2026/BIOL470/Final/Learning_Rig/bee_0408_1_fwd/cam1_2026-04-08_16-14-47.mp4,2458.0,2753.0,2189,2467,2727,3039,0.77555096
166,/Volumes/SmithL0/2026/BIOL470/Final/Learning_Rig/bee_0408_1_fwd/cam1_2026-04-08_16-14-47.mp4,2458.5,2754.0,2190,2468,2727,3040,0.77429134
167,/Volumes/SmithL0/2026/BIOL470/Final/Learning_Rig/bee_0408_1_fwd/cam1_2026-04-08_16-14-47.mp4,1604.5,652.5,1214,338,1995,967,0.76681864
168,/Volumes/SmithL0/2026/BIOL470/Final/Learning_Rig/bee_0408_1_fwd/cam1_2026-04-08_16-14-47.mp4,2458.5,2753.5,2190,2467,2727,3040,0.77971333
169,/Volumes/SmithL0/2026/BIOL470/Final/Learning_Rig/bee_0408_1_fwd/cam1_2026-04-08_16-14-47.mp4,1637.5,681.0,1327,364,1948,998,0.77956754
170,/Volumes/SmithL0/2026/BIOL470/Final/Learning_Rig/bee_0408_1_fwd/cam1_2026-04-08_16-14-47.mp4,1542.0,676.5,1206,368,1878,985,0.7994263
171,/Volumes/SmithL0/2026/BIOL470/Final/Learning_Rig/bee_0408_1_fwd/cam1_2026-04-08_16-14-47.mp4,2457.5,2754.5,2189,2469,2726,3040,0.7928435
172,/Volumes/SmithL0/2026/BIOL470/Final/Learning_Rig/bee_0408_1_fwd/cam1_2026-04-08_16-14-47.mp4,1504.0,690.0,1205,397,1803,983,0.807363
173,/Volumes/SmithL0/2026/BIOL470/Final/Learning_Rig/bee_0408_1_fwd/cam1_2026-04-08_16-14-47.mp4,2458.5,2754.0,2190,2469,2727,3039,0.7892369
174,/Volumes/SmithL0/2026/BIOL470/Final/Learning_Rig/bee_0408_1_fwd/cam1_2026-04-08_16-14-47.mp4,2458.0,2754.0,2189,2468,2727,3040,0.7938581
175,/Volumes/SmithL0/2026/BIOL470/Final/Learning_Rig/bee_0408_1_fwd/cam1_2026-04-08_16-14-47.mp4,1474.0,726.0,1169,438,1779,1014,0.76117986
176,/Volumes/SmithL0/2026/BIOL470/Final/Learning_Rig/bee_0408_1_fwd/cam1_2026-04-08_16-14-47.mp4,2458.5,2752.5,2190,2465,2727,3040,0.76592666
177,/Volumes/SmithL0/2026/BIOL470/Final/Learning_Rig/bee_0408_1_fwd/cam1_2026-04-08_16-14-47.mp4,1386.0,772.0,1082,476,1690,1068,0.75983876
178,/Volumes/SmithL0/2026/BIOL470/Final/Learning_Rig/bee_0408_1_fwd/cam1_2026-04-08_16-14-47.mp4,2459.0,2754.0,2191,2469,2727,3039,0.7849587
179,/Volumes/SmithL0/2026/BIOL470/Final/Learning_Rig/bee_0408_1_fwd/cam1_2026-04-08_16-14-47.mp4,1369.5,833.0,1070,552,1669,1114,0.7849296
180,/Volumes/SmithL0/2026/BIOL470/Final/Learning_Rig/bee_0408_1_fwd/cam1_2026-04-08_16-14-47.mp4,1351.0,851.0,1065,570,1637,1132,0.79582363
181,/Volumes/SmithL0/2026/BIOL470/Final/Learning_Rig/bee_0408_1_fwd/cam1_2026-04-08_16-14-47.mp4,2458.5,2753.0,2191,2467,2726,3039,0.78648764
182,/Volumes/SmithL0/2026/BIOL470/Final/Learning_Rig/bee_0408_1_fwd/cam1_2026-04-08_16-14-47.mp4,1329.0,882.5,1039,574,1619,1191,0.79944474
183,/Volumes/SmithL0/2026/BIOL470/Final/Learning_Rig/bee_0408_1_fwd/cam1_2026-04-08_16-14-47.mp4,2458.0,2754.0,2190,2468,2726,3040,0.77908635
184,/Volumes/SmithL0/2026/BIOL470/Final/Learning_Rig/bee_0408_1_fwd/cam1_2026-04-08_16-14-47.mp4,2458.0,2753.5,2190,2468,2726,3039,0.77859277
185,/Volumes/SmithL0/2026/BIOL470/Final/Learning_Rig/bee_0408_1_fwd/cam1_2026-04-08_16-14-47.mp4,1346.5,864.5,1099,594,1594,1135,0.7777107
186,/Volumes/SmithL0/2026/BIOL470/Final/Learning_Rig/bee_0408_1_fwd/cam1_2026-04-08_16-14-47.mp4,1342.5,972.5,1084,608,1601,1337,0.7617824
187,/Volumes/SmithL0/2026/BIOL470/Final/Learning_Rig/bee_0408_1_fwd/cam1_2026-04-08_16-14-47.mp4,2458.5,2753.5,2191,2468,2726,3039,0.78707474
188,/Volumes/SmithL0/2026/BIOL470/Final/Learning_Rig/bee_0408_1_fwd/cam1_2026-04-08_16-14-47.mp4,1339.0,1014.0,1061,630,1617,1398,0.71225077
189,/Volumes/SmithL0/2026/BIOL470/Final/Learning_Rig/bee_0408_1_fwd/cam1_2026-04-08_16-14-47.mp4,2458.5,2753.5,2191,2468,2726,3039,0.7909794
190,/Volumes/SmithL0/2026/BIOL470/Final/Learning_Rig/bee_0408_1_fwd/cam1_2026-04-08_16-14-47.mp4,1312.0,1118.0,1008,676,1616,1560,0.7882471
191,/Volumes/SmithL0/2026/BIOL470/Final/Learning_Rig/bee_0408_1_fwd/cam1_2026-04-08_16-14-47.mp4,1304.5,1113.0,1009,728,1600,1498,0.83513117
192,/Volumes/SmithL0/2026/BIOL470/Final/Learning_Rig/bee_0408_1_fwd/cam1_2026-04-08_16-14-47.mp4,2458.5,2754.0,2190,2469,2727,3039,0.78484106
193,/Volumes/SmithL0/2026/BIOL470/Final/Learning_Rig/bee_0408_1_fwd/cam1_2026-04-08_16-14-47.mp4,1308.5,1120.5,1012,737,1605,1504,0.8153115
194,/Volumes/SmithL0/2026/BIOL470/Final/Learning_Rig/bee_0408_1_fwd/cam1_2026-04-08_16-14-47.mp4,2458.5,2753.5,2191,2467,2726,3040,0.77617645
195,/Volumes/SmithL0/2026/BIOL470/Final/Learning_Rig/bee_0408_1_fwd/cam1_2026-04-08_16-14-47.mp4,1314.0,1120.0,1023,756,1605,1484,0.80309004
196,/Volumes/SmithL0/2026/BIOL470/Final/Learning_Rig/bee_0408_1_fwd/cam1_2026-04-08_16-14-47.mp4,2458.5,2753.5,2191,2467,2726,3040,0.77503604
197,/Volumes/SmithL0/2026/BIOL470/Final/Learning_Rig/bee_0408_1_fwd/cam1_2026-04-08_16-14-47.mp4,1327.5,1119.0,1043,750,1612,1488,0.83494526
198,/Volumes/SmithL0/2026/BIOL470/Final/Learning_Rig/bee_0408_1_fwd/cam1_2026-04-08_16-14-47.mp4,2458.0,2753.5,2190,2468,2726,3039,0.78690463
199,/Volumes/SmithL0/2026/BIOL470/Final/Learning_Rig/bee_0408_1_fwd/cam1_2026-04-08_16-14-47.mp4,1307.5,1120.0,1016,749,1599,1491,0.8172652
200,/Volumes/SmithL0/2026/BIOL470/Final/Learning_Rig/bee_0408_1_fwd/cam1_2026-04-08_16-14-47.mp4,2458.0,2754.0,2190,2468,2726,3040,0.78793234
201,/Volumes/SmithL0/2026/BIOL470/Final/Learning_Rig/bee_0408_1_fwd/cam1_2026-04-08_16-14-47.mp4,2458.0,2753.5,2191,2468,2725,3039,0.7911767
202,/Volumes/SmithL0/2026/BIOL470/Final/Learning_Rig/bee_0408_1_fwd/cam1_2026-04-08_16-14-47.mp4,1265.5,1111.5,961,750,1570,1473,0.7827864
203,/Volumes/SmithL0/2026/BIOL470/Final/Learning_Rig/bee_0408_1_fwd/cam1_2026-04-08_16-14-47.mp4,1222.0,1158.5,927,818,1517,1499,0.8039588
204,/Volumes/SmithL0/2026/BIOL470/Final/Learning_Rig/bee_0408_1_fwd/cam1_2026-04-08_16-14-47.mp4,2458.0,2753.5,2191,2467,2725,3040,0.79363775
205,/Volumes/SmithL0/2026/BIOL470/Final/Learning_Rig/bee_0408_1_fwd/cam1_2026-04-08_16-14-47.mp4,2458.0,2753.0,2190,2467,2726,3039,0.79320115
206,/Volumes/SmithL0/2026/BIOL470/Final/Learning_Rig/bee_0408_1_fwd/cam1_2026-04-08_16-14-47.mp4,1195.0,1231.0,921,898,1469,1564,0.78254056
207,/Volumes/SmithL0/2026/BIOL470/Final/Learning_Rig/bee_0408_1_fwd/cam1_2026-04-08_16-14-47.mp4,2458.0,2754.0,2190,2469,2726,3039,0.7901328
208,/Volumes/SmithL0/2026/BIOL470/Final/Learning_Rig/bee_0408_1_fwd/cam1_2026-04-08_16-14-47.mp4,1171.0,1328.0,928,959,1414,1697,0.7224097
209,/Volumes/SmithL0/2026/BIOL470/Final/Learning_Rig/bee_0408_1_fwd/cam1_2026-04-08_16-14-47.mp4,1140.0,1404.5,897,1026,1383,1783,0.7978789
210,/Volumes/SmithL0/2026/BIOL470/Final/Learning_Rig/bee_0408_1_fwd/cam1_2026-04-08_16-14-47.mp4,2458.0,2755.0,2190,2471,2726,3039,0.7956404
211,/Volumes/SmithL0/2026/BIOL470/Final/Learning_Rig/bee_0408_1_fwd/cam1_2026-04-08_16-14-47.mp4,1181.5,1529.5,918,1153,1445,1906,0.8010755
212,/Volumes/SmithL0/2026/BIOL470/Final/Learning_Rig/bee_0408_1_fwd/cam1_2026-04-08_16-14-47.mp4,2458.0,2755.0,2190,2470,2726,3040,0.79223746
213,/Volumes/SmithL0/2026/BIOL470/Final/Learning_Rig/bee_0408_1_fwd/cam1_2026-04-08_16-14-47.mp4,1237.5,1627.0,955,1254,1520,2000,0.7996603
214,/Volumes/SmithL0/2026/BIOL470/Final/Learning_Rig/bee_0408_1_fwd/cam1_2026-04-08_16-14-47.mp4,2458.0,2754.0,2190,2469,2726,3039,0.7893202
215,/Volumes/SmithL0/2026/BIOL470/Final/Learning_Rig/bee_0408_1_fwd/cam1_2026-04-08_16-14-47.mp4,1273.5,1823.5,965,1438,1582,2209,0.8074556
216,/Volumes/SmithL0/2026/BIOL470/Final/Learning_Rig/bee_0408_1_fwd/cam1_2026-04-08_16-14-47.mp4,2459.0,2754.0,2191,2468,2727,3040,0.7845444
217,/Volumes/SmithL0/2026/BIOL470/Final/Learning_Rig/bee_0408_1_fwd/cam1_2026-04-08_16-14-47.mp4,1300.0,1973.0,1025,1587,1575,2359,0.816799
218,/Volumes/SmithL0/2026/BIOL470/Final/Learning_Rig/bee_0408_1_fwd/cam1_2026-04-08_16-14-47.mp4,2459.5,2754.5,2191,2470,2728,3039,0.76075345
219,/Volumes/SmithL0/2026/BIOL470/Final/Learning_Rig/bee_0408_1_fwd/cam1_2026-04-08_16-14-47.mp4,867.5,2923.0,448,2806,1287,3040,0.5100742
220,/Volumes/SmithL0/2026/BIOL470/Final/Learning_Rig/bee_0408_1_fwd/cam1_2026-04-08_16-14-47.mp4,1287.0,2133.0,1047,1754,1527,2512,0.8065903
221,/Volumes/SmithL0/2026/BIOL470/Final/Learning_Rig/bee_0408_1_fwd/cam1_2026-04-08_16-14-47.mp4,2458.5,2754.0,2190,2469,2727,3039,0.7827945
222,/Volumes/SmithL0/2026/BIOL470/Final/Learning_Rig/bee_0408_1_fwd/cam1_2026-04-08_16-14-47.mp4,2459.0,2754.5,2191,2469,2727,3040,0.79043394
223,/Volumes/SmithL0/2026/BIOL470/Final/Learning_Rig/bee_0408_1_fwd/cam1_2026-04-08_16-14-47.mp4,1292.0,2154.0,1048,1812,1536,2496,0.7872778
224,/Volumes/SmithL0/2026/BIOL470/Final/Learning_Rig/bee_0408_1_fwd/cam1_2026-04-08_16-14-47.mp4,1354.5,2134.5,1126,1808,1583,2461,0.8016263
225,/Volumes/SmithL0/2026/BIOL470/Final/Learning_Rig/bee_0408_1_fwd/cam1_2026-04-08_16-14-47.mp4,2459.5,2753.5,2191,2467,2728,3040,0.7802878
226,/Volumes/SmithL0/2026/BIOL470/Final/Learning_Rig/bee_0408_1_fwd/cam1_2026-04-08_16-14-47.mp4,1398.0,2182.0,1135,1855,1661,2509,0.8144628
227,/Volumes/SmithL0/2026/BIOL470/Final/Learning_Rig/bee_0408_1_fwd/cam1_2026-04-08_16-14-47.mp4,2458.0,2753.5,2189,2467,2727,3040,0.76689214
228,/Volumes/SmithL0/2026/BIOL470/Final/Learning_Rig/bee_0408_1_fwd/cam1_2026-04-08_16-14-47.mp4,1436.5,2154.5,1055,1868,1818,2441,0.8056752
229,/Volumes/SmithL0/2026/BIOL470/Final/Learning_Rig/bee_0408_1_fwd/cam1_2026-04-08_16-14-47.mp4,2454.5,2750.5,2176,2464,2733,3037,0.76027375
230,/Volumes/SmithL0/2026/BIOL470/Final/Learning_Rig/bee_0408_1_fwd/cam1_2026-04-08_16-14-47.mp4,1633.5,2206.5,1271,1919,1996,2494,0.8207531
231,/Volumes/SmithL0/2026/BIOL470/Final/Learning_Rig/bee_0408_1_fwd/cam1_2026-04-08_16-14-47.mp4,2458.0,2753.5,2189,2468,2727,3039,0.75883114
232,/Volumes/SmithL0/2026/BIOL470/Final/Learning_Rig/bee_0408_1_fwd/cam1_2026-04-08_16-14-47.mp4,2457.5,2753.5,2189,2467,2726,3040,0.79497606
233,/Volumes/SmithL0/2026/BIOL470/Final/Learning_Rig/bee_0408_1_fwd/cam1_2026-04-08_16-14-47.mp4,1642.5,2243.0,1349,1958,1936,2528,0.70599365
234,/Volumes/SmithL0/2026/BIOL470/Final/Learning_Rig/bee_0408_1_fwd/cam1_2026-04-08_16-14-47.mp4,2457.5,2754.5,2190,2469,2725,3040,0.79938245
235,/Volumes/SmithL0/2026/BIOL470/Final/Learning_Rig/bee_0408_1_fwd/cam1_2026-04-08_16-14-47.mp4,1719.0,2248.0,1431,1975,2007,2521,0.7218884
236,/Volumes/SmithL0/2026/BIOL470/Final/Learning_Rig/bee_0408_1_fwd/cam1_2026-04-08_16-14-47.mp4,2458.0,2754.5,2190,2469,2726,3040,0.80522543
237,/Volumes/SmithL0/2026/BIOL470/Final/Learning_Rig/bee_0408_1_fwd/cam1_2026-04-08_16-14-47.mp4,1737.0,2278.5,1453,2015,2021,2542,0.79771256
238,/Volumes/SmithL0/2026/BIOL470/Final/Learning_Rig/bee_0408_1_fwd/cam1_2026-04-08_16-14-47.mp4,1850.0,2320.5,1449,2011,2251,2630,0.6757868
239,/Volumes/SmithL0/2026/BIOL470/Final/Learning_Rig/bee_0408_1_fwd/cam1_2026-04-08_16-14-47.mp4,1750.0,2251.0,1394,1968,2106,2534,0.80455655
240,/Volumes/SmithL0/2026/BIOL470/Final/Learning_Rig/bee_0408_1_fwd/cam1_2026-04-08_16-14-47.mp4,2458.5,2753.5,2190,2468,2727,3039,0.7962218
241,/Volumes/SmithL0/2026/BIOL470/Final/Learning_Rig/bee_0408_1_fwd/cam1_2026-04-08_16-14-47.mp4,1723.0,2240.0,1385,1955,2061,2525,0.8219078
242,/Volumes/SmithL0/2026/BIOL470/Final/Learning_Rig/bee_0408_1_fwd/cam1_2026-04-08_16-14-47.mp4,2458.0,2754.0,2189,2468,2727,3040,0.79279345
243,/Volumes/SmithL0/2026/BIOL470/Final/Learning_Rig/bee_0408_1_fwd/cam1_2026-04-08_16-14-47.mp4,1726.5,2216.5,1381,1931,2072,2502,0.8066371
244,/Volumes/SmithL0/2026/BIOL470/Final/Learning_Rig/bee_0408_1_fwd/cam1_2026-04-08_16-14-47.mp4,2458.5,2754.0,2190,2468,2727,3040,0.7995845
245,/Volumes/SmithL0/2026/BIOL470/Final/Learning_Rig/bee_0408_1_fwd/cam1_2026-04-08_16-14-47.mp4,2458.5,2753.0,2189,2466,2728,3040,0.80198675
246,/Volumes/SmithL0/2026/BIOL470/Final/Learning_Rig/bee_0408_1_fwd/cam1_2026-04-08_16-14-47.mp4,1673.0,2193.0,1395,1885,1951,2501,0.7815628
247,/Volumes/SmithL0/2026/BIOL470/Final/Learning_Rig/bee_0408_1_fwd/cam1_2026-04-08_16-14-47.mp4,2458.5,2753.5,2190,2468,2727,3039,0.78742784
248,/Volumes/SmithL0/2026/BIOL470/Final/Learning_Rig/bee_0408_1_fwd/cam1_2026-04-08_16-14-47.mp4,1689.5,2203.5,1419,1852,1960,2555,0.7032413
249,/Volumes/SmithL0/2026/BIOL470/Final/Learning_Rig/bee_0408_1_fwd/cam1_2026-04-08_16-14-47.mp4,1646.0,2192.0,1363,1841,1929,2543,0.7872544
250,/Volumes/SmithL0/2026/BIOL470/Final/Learning_Rig/bee_0408_1_fwd/cam1_2026-04-08_16-14-47.mp4,2459.0,2753.0,2190,2467,2728,3039,0.7860381
251,/Volumes/SmithL0/2026/BIOL470/Final/Learning_Rig/bee_0408_1_fwd/cam1_2026-04-08_16-14-47.mp4,1632.0,2021.0,1462,1867,1802,2175,0.867619
252,/Volumes/SmithL0/2026/BIOL470/Final/Learning_Rig/bee_0408_1_fwd/cam1_2026-04-08_16-14-47.mp4,1563.0,2206.0,1288,1861,1838,2551,0.8206536
253,/Volumes/SmithL0/2026/BIOL470/Final/Learning_Rig/bee_0408_1_fwd/cam1_2026-04-08_16-14-47.mp4,2457.5,2753.5,2187,2468,2728,3039,0.77547085
254,/Volumes/SmithL0/2026/BIOL470/Final/Learning_Rig/bee_0408_1_fwd/cam1_2026-04-08_16-14-47.mp4,1477.5,2169.0,1182,1860,1773,2478,0.80786985
255,/Volumes/SmithL0/2026/BIOL470/Final/Learning_Rig/bee_0408_1_fwd/cam1_2026-04-08_16-14-47.mp4,2459.5,2752.5,2191,2466,2728,3039,0.77826095
256,/Volumes/SmithL0/2026/BIOL470/Final/Learning_Rig/bee_0408_1_fwd/cam1_2026-04-08_16-14-47.mp4,1357.5,2206.5,1035,1925,1680,2488,0.81070167
257,/Volumes/SmithL0/2026/BIOL470/Final/Learning_Rig/bee_0408_1_fwd/cam1_2026-04-08_16-14-47.mp4,2459.5,2752.5,2190,2466,2729,3039,0.7859637
258,/Volumes/SmithL0/2026/BIOL470/Final/Learning_Rig/bee_0408_1_fwd/cam1_2026-04-08_16-14-47.mp4,1297.0,2231.5,945,1968,1649,2495,0.80735594
259,/Volumes/SmithL0/2026/BIOL470/Final/Learning_Rig/bee_0408_1_fwd/cam1_2026-04-08_16-14-47.mp4,2459.0,2753.0,2190,2467,2728,3039,0.7885401
260,/Volumes/SmithL0/2026/BIOL470/Final/Learning_Rig/bee_0408_1_fwd/cam1_2026-04-08_16-14-47.mp4,1237.0,2222.5,898,1975,1576,2470,0.7899498
261,/Volumes/SmithL0/2026/BIOL470/Final/Learning_Rig/bee_0408_1_fwd/cam1_2026-04-08_16-14-47.mp4,2460.0,2752.5,2192,2465,2728,3040,0.76879513
262,/Volumes/SmithL0/2026/BIOL470/Final/Learning_Rig/bee_0408_1_fwd/cam1_2026-04-08_16-14-47.mp4,1216.5,2210.0,853,1953,1580,2467,0.79696906
263,/Volumes/SmithL0/2026/BIOL470/Final/Learning_Rig/bee_0408_1_fwd/cam1_2026-04-08_16-14-47.mp4,2460.0,2753.0,2192,2467,2728,3039,0.7755461
264,/Volumes/SmithL0/2026/BIOL470/Final/Learning_Rig/bee_0408_1_fwd/cam1_2026-04-08_16-14-47.mp4,1210.5,2165.5,835,1897,1586,2434,0.8068341
265,/Volumes/SmithL0/2026/BIOL470/Final/Learning_Rig/bee_0408_1_fwd/cam1_2026-04-08_16-14-47.mp4,2459.0,2753.5,2191,2468,2727,3039,0.77210224
266,/Volumes/SmithL0/2026/BIOL470/Final/Learning_Rig/bee_0408_1_fwd/cam1_2026-04-08_16-14-47.mp4,2459.5,2753.5,2192,2467,2727,3040,0.7833977
267,/Volumes/SmithL0/2026/BIOL470/Final/Learning_Rig/bee_0408_1_fwd/cam1_2026-04-08_16-14-47.mp4,1215.0,2157.0,850,1911,1580,2403,0.7801794
268,/Volumes/SmithL0/2026/BIOL470/Final/Learning_Rig/bee_0408_1_fwd/cam1_2026-04-08_16-14-47.mp4,2458.0,2753.0,2190,2467,2726,3039,0.78887254
269,/Volumes/SmithL0/2026/BIOL470/Final/Learning_Rig/bee_0408_1_fwd/cam1_2026-04-08_16-14-47.mp4,1211.0,2151.5,882,1891,1540,2412,0.7459566
270,/Volumes/SmithL0/2026/BIOL470/Final/Learning_Rig/bee_0408_1_fwd/cam1_2026-04-08_16-14-47.mp4,1113.0,2156.5,880,1896,1346,2417,0.6358191
271,/Volumes/SmithL0/2026/BIOL470/Final/Learning_Rig/bee_0408_1_fwd/cam1_2026-04-08_16-14-47.mp4,1211.0,2115.0,914,1827,1508,2403,0.7848073
272,/Volumes/SmithL0/2026/BIOL470/Final/Learning_Rig/bee_0408_1_fwd/cam1_2026-04-08_16-14-47.mp4,2459.0,2753.5,2191,2468,2727,3039,0.7706369
273,/Volumes/SmithL0/2026/BIOL470/Final/Learning_Rig/bee_0408_1_fwd/cam1_2026-04-08_16-14-47.mp4,1248.5,2030.5,911,1707,1586,2354,0.8005567
274,/Volumes/SmithL0/2026/BIOL470/Final/Learning_Rig/bee_0408_1_fwd/cam1_2026-04-08_16-14-47.mp4,2458.0,2753.0,2190,2467,2726,3039,0.7728145
275,/Volumes/SmithL0/2026/BIOL470/Final/Learning_Rig/bee_0408_1_fwd/cam1_2026-04-08_16-14-47.mp4,1254.5,1967.5,951,1640,1558,2295,0.8005783
276,/Volumes/SmithL0/2026/BIOL470/Final/Learning_Rig/bee_0408_1_fwd/cam1_2026-04-08_16-14-47.mp4,2455.5,2750.5,2177,2464,2734,3037,0.73931956
277,/Volumes/SmithL0/2026/BIOL470/Final/Learning_Rig/bee_0408_1_fwd/cam1_2026-04-08_16-14-47.mp4,1260.5,1923.0,925,1582,1596,2264,0.813325
278,/Volumes/SmithL0/2026/BIOL470/Final/Learning_Rig/bee_0408_1_fwd/cam1_2026-04-08_16-14-47.mp4,2453.5,2750.5,2173,2464,2734,3037,0.73411214
279,/Volumes/SmithL0/2026/BIOL470/Final/Learning_Rig/bee_0408_1_fwd/cam1_2026-04-08_16-14-47.mp4,1261.0,1839.0,970,1487,1552,2191,0.79273283
280,/Volumes/SmithL0/2026/BIOL470/Final/Learning_Rig/bee_0408_1_fwd/cam1_2026-04-08_16-14-47.mp4,2458.0,2754.0,2190,2469,2726,3039,0.7681624
281,/Volumes/SmithL0/2026/BIOL470/Final/Learning_Rig/bee_0408_1_fwd/cam1_2026-04-08_16-14-47.mp4,934.5,2921.5,563,2804,1306,3039,0.526268
282,/Volumes/SmithL0/2026/BIOL470/Final/Learning_Rig/bee_0408_1_fwd/cam1_2026-04-08_16-14-47.mp4,1252.0,1752.5,931,1417,1573,2088,0.80684084
283,/Volumes/SmithL0/2026/BIOL470/Final/Learning_Rig/bee_0408_1_fwd/cam1_2026-04-08_16-14-47.mp4,2457.5,2753.5,2188,2468,2727,3039,0.7706124
284,/Volumes/SmithL0/2026/BIOL470/Final/Learning_Rig/bee_0408_1_fwd/cam1_2026-04-08_16-14-47.mp4,2457.5,2754.5,2189,2469,2726,3040,0.7870827
285,/Volumes/SmithL0/2026/BIOL470/Final/Learning_Rig/bee_0408_1_fwd/cam1_2026-04-08_16-14-47.mp4,1236.5,1646.5,928,1300,1545,1993,0.78075397
286,/Volumes/SmithL0/2026/BIOL470/Final/Learning_Rig/bee_0408_1_fwd/cam1_2026-04-08_16-14-47.mp4,2459.5,2753.5,2192,2468,2727,3039,0.7660295
287,/Volumes/SmithL0/2026/BIOL470/Final/Learning_Rig/bee_0408_1_fwd/cam1_2026-04-08_16-14-47.mp4,1240.0,1619.0,921,1288,1559,1950,0.6658007
288,/Volumes/SmithL0/2026/BIOL470/Final/Learning_Rig/bee_0408_1_fwd/cam1_2026-04-08_16-14-47.mp4,2458.0,2754.0,2191,2468,2725,3040,0.7886791
289,/Volumes/SmithL0/2026/BIOL470/Final/Learning_Rig/bee_0408_1_fwd/cam1_2026-04-08_16-14-47.mp4,1202.0,1568.0,964,1250,1440,1886,0.7291571
290,/Volumes/SmithL0/2026/BIOL470/Final/Learning_Rig/bee_0408_1_fwd/cam1_2026-04-08_16-14-47.mp4,1231.0,1641.0,982,1387,1480,1895,0.62869287
291,/Volumes/SmithL0/2026/BIOL470/Final/Learning_Rig/bee_0408_1_fwd/cam1_2026-04-08_16-14-47.mp4,2458.0,2753.0,2190,2467,2726,3039,0.77953666
292,/Volumes/SmithL0/2026/BIOL470/Final/Learning_Rig/bee_0408_1_fwd/cam1_2026-04-08_16-14-47.mp4,1241.5,1433.5,942,1081,1541,1786,0.77749705
293,/Volumes/SmithL0/2026/BIOL470/Final/Learning_Rig/bee_0408_1_fwd/cam1_2026-04-08_16-14-47.mp4,1244.5,1334.5,993,981,1496,1688,0.79468286
294,/Volumes/SmithL0/2026/BIOL470/Final/Learning_Rig/bee_0408_1_fwd/cam1_2026-04-08_16-14-47.mp4,2459.0,2753.0,2191,2467,2727,3039,0.78129286
295,/Volumes/SmithL0/2026/BIOL470/Final/Learning_Rig/bee_0408_1_fwd/cam1_2026-04-08_16-14-47.mp4,2458.5,2753.5,2190,2467,2727,3040,0.78270483
296,/Volumes/SmithL0/2026/BIOL470/Final/Learning_Rig/bee_0408_1_fwd/cam1_2026-04-08_16-14-47.mp4,1335.5,1215.5,1000,854,1671,1577,0.7658861
297,/Volumes/SmithL0/2026/BIOL470/Final/Learning_Rig/bee_0408_1_fwd/cam1_2026-04-08_16-14-47.mp4,2459.0,2754.0,2191,2468,2727,3040,0.7886639
298,/Volumes/SmithL0/2026/BIOL470/Final/Learning_Rig/bee_0408_1_fwd/cam1_2026-04-08_16-14-47.mp4,1422.0,848.5,1254,682,1590,1015,0.6273357
299,/Volumes/SmithL0/2026/BIOL470/Final/Learning_Rig/bee_0408_1_fwd/cam1_2026-04-08_16-14-47.mp4,2457.5,2754.0,2190,2468,2725,3040,0.79845774
300,/Volumes/SmithL0/2026/BIOL470/Final/Learning_Rig/bee_0408_1_fwd/cam1_2026-04-08_16-14-47.mp4,1348.0,913.5,1095,543,1601,1284,0.61896074
301,/Volumes/SmithL0/2026/BIOL470/Final/Learning_Rig/bee_0408_1_fwd/cam1_2026-04-08_16-14-47.mp4,1398.0,749.0,1089,369,1707,1129,0.81542134
302,/Volumes/SmithL0/2026/BIOL470/Final/Learning_Rig/bee_0408_1_fwd/cam1_2026-04-08_16-14-47.mp4,2458.0,2753.5,2190,2468,2726,3039,0.7941483
303,/Volumes/SmithL0/2026/BIOL470/Final/Learning_Rig/bee_0408_1_fwd/cam1_2026-04-08_16-14-47.mp4,2458.0,2753.0,2190,2467,2726,3039,0.79069006
304,/Volumes/SmithL0/2026/BIOL470/Final/Learning_Rig/bee_0408_1_fwd/cam1_2026-04-08_16-14-47.mp4,1399.0,607.0,1150,231,1648,983,0.76830006
305,/Volumes/SmithL0/2026/BIOL470/Final/Learning_Rig/bee_0408_1_fwd/cam1_2026-04-08_16-14-47.mp4,1345.0,511.0,1039,137,1651,885,0.7988517
306,/Volumes/SmithL0/2026/BIOL470/Final/Learning_Rig/bee_0408_1_fwd/cam1_2026-04-08_16-14-47.mp4,2457.5,2753.0,2189,2467,2726,3039,0.77660304
307,/Volumes/SmithL0/2026/BIOL470/Final/Learning_Rig/bee_0408_1_fwd/cam1_2026-04-08_16-14-47.mp4,2458.5,2752.0,2191,2465,2726,3039,0.7856366
308,/Volumes/SmithL0/2026/BIOL470/Final/Learning_Rig/bee_0408_1_fwd/cam1_2026-04-08_16-14-47.mp4,1352.5,516.0,1042,148,1663,884,0.7836758
309,/Volumes/SmithL0/2026/BIOL470/Final/Learning_Rig/bee_0408_1_fwd/cam1_2026-04-08_16-14-47.mp4,1263.5,531.5,1044,150,1483,913,0.50806236
310,/Volumes/SmithL0/2026/BIOL470/Final/Learning_Rig/bee_0408_1_fwd/cam1_2026-04-08_16-14-47.mp4,2458.0,2754.0,2190,2469,2726,3039,0.7919675
311,/Volumes/SmithL0/2026/BIOL470/Final/Learning_Rig/bee_0408_1_fwd/cam1_2026-04-08_16-14-47.mp4,1342.0,536.0,1047,181,1637,891,0.74415684
312,/Volumes/SmithL0/2026/BIOL470/Final/Learning_Rig/bee_0408_1_fwd/cam1_2026-04-08_16-14-47.mp4,2458.0,2753.5,2190,2467,2726,3040,0.7888306
313,/Volumes/SmithL0/2026/BIOL470/Final/Learning_Rig/bee_0408_1_fwd/cam1_2026-04-08_16-14-47.mp4,1366.0,540.0,1103,170,1629,910,0.71781063
314,/Volumes/SmithL0/2026/BIOL470/Final/Learning_Rig/bee_0408_1_fwd/cam1_2026-04-08_16-14-47.mp4,2458.5,2752.5,2190,2466,2727,3039,0.7798828
315,/Volumes/SmithL0/2026/BIOL470/Final/Learning_Rig/bee_0408_1_fwd/cam1_2026-04-08_16-14-47.mp4,1416.0,578.0,1091,180,1741,976,0.64800143
316,/Volumes/SmithL0/2026/BIOL470/Final/Learning_Rig/bee_0408_1_fwd/cam1_2026-04-08_16-14-47.mp4,2457.0,2753.0,2190,2466,2724,3040,0.7935108
317,/Volumes/SmithL0/2026/BIOL470/Final/Learning_Rig/bee_0408_1_fwd/cam1_2026-04-08_16-14-47.mp4,1379.0,676.0,1123,375,1635,977,0.69265616
318,/Volumes/SmithL0/2026/BIOL470/Final/Learning_Rig/bee_0408_1_fwd/cam1_2026-04-08_16-14-47.mp4,2458.0,2753.0,2190,2467,2726,3039,0.76617694
319,/Volumes/SmithL0/2026/BIOL470/Final/Learning_Rig/bee_0408_1_fwd/cam1_2026-04-08_16-14-47.mp4,1475.5,611.0,1149,246,1802,976,0.76276433
320,/Volumes/SmithL0/2026/BIOL470/Final/Learning_Rig/bee_0408_1_fwd/cam1_2026-04-08_16-14-47.mp4,1443.0,618.0,1204,251,1682,985,0.7879851
321,/Volumes/SmithL0/2026/BIOL470/Final/Learning_Rig/bee_0408_1_fwd/cam1_2026-04-08_16-14-47.mp4,2459.0,2754.0,2192,2468,2726,3040,0.7778859
322,/Volumes/SmithL0/2026/BIOL470/Final/Learning_Rig/bee_0408_1_fwd/cam1_2026-04-08_16-14-47.mp4,1540.5,620.0,1220,258,1861,982,0.7609602
323,/Volumes/SmithL0/2026/BIOL470/Final/Learning_Rig/bee_0408_1_fwd/cam1_2026-04-08_16-14-47.mp4,1612.0,620.5,1252,252,1972,989,0.80654234
324,/Volumes/SmithL0/2026/BIOL470/Final/Learning_Rig/bee_0408_1_fwd/cam1_2026-04-08_16-14-47.mp4,2457.5,2755.0,2190,2470,2725,3040,0.7871437
325,/Volumes/SmithL0/2026/BIOL470/Final/Learning_Rig/bee_0408_1_fwd/cam1_2026-04-08_16-14-47.mp4,1637.0,660.0,1286,331,1988,989,0.7997332
326,/Volumes/SmithL0/2026/BIOL470/Final/Learning_Rig/bee_0408_1_fwd/cam1_2026-04-08_16-14-47.mp4,2458.0,2753.5,2191,2467,2725,3040,0.79856044
327,/Volumes/SmithL0/2026/BIOL470/Final/Learning_Rig/bee_0408_1_fwd/cam1_2026-04-08_16-14-47.mp4,1851.5,520.0,1693,389,2010,651,0.5565315
328,/Volumes/SmithL0/2026/BIOL470/Final/Learning_Rig/bee_0408_1_fwd/cam1_2026-04-08_16-14-47.mp4,2458.0,2754.0,2190,2468,2726,3040,0.7916652
329,/Volumes/SmithL0/2026/BIOL470/Final/Learning_Rig/bee_0408_1_fwd/cam1_2026-04-08_16-14-47.mp4,1735.5,667.0,1356,367,2115,967,0.6557389
330,/Volumes/SmithL0/2026/BIOL470/Final/Learning_Rig/bee_0408_1_fwd/cam1_2026-04-08_16-14-47.mp4,1929.0,563.0,1730,395,2128,731,0.5029499
331,/Volumes/SmithL0/2026/BIOL470/Final/Learning_Rig/bee_0408_1_fwd/cam1_2026-04-08_16-14-47.mp4,2457.0,2753.0,2188,2467,2726,3039,0.77987075
332,/Volumes/SmithL0/2026/BIOL470/Final/Learning_Rig/bee_0408_1_fwd/cam1_2026-04-08_16-14-47.mp4,1701.0,739.0,1441,512,1961,966,0.76625204
333,/Volumes/SmithL0/2026/BIOL470/Final/Learning_Rig/bee_0408_1_fwd/cam1_2026-04-08_16-14-47.mp4,2457.5,2753.0,2189,2466,2726,3040,0.7933068
334,/Volumes/SmithL0/2026/BIOL470/Final/Learning_Rig/bee_0408_1_fwd/cam1_2026-04-08_16-14-47.mp4,1921.0,763.0,1530,491,2312,1035,0.6547743
335,/Volumes/SmithL0/2026/BIOL470/Final/Learning_Rig/bee_0408_1_fwd/cam1_2026-04-08_16-14-47.mp4,2458.0,2753.0,2190,2466,2726,3040,0.80240583
336,/Volumes/SmithL0/2026/BIOL470/Final/Learning_Rig/bee_0408_1_fwd/cam1_2026-04-08_16-14-47.mp4,1908.5,749.5,1585,514,2232,985,0.6759576
337,/Volumes/SmithL0/2026/BIOL470/Final/Learning_Rig/bee_0408_1_fwd/cam1_2026-04-08_16-14-47.mp4,2457.0,2753.0,2189,2467,2725,3039,0.79352766
338,/Volumes/SmithL0/2026/BIOL470/Final/Learning_Rig/bee_0408_1_fwd/cam1_2026-04-08_16-14-47.mp4,1891.5,812.0,1583,605,2200,1019,0.6914405
339,/Volumes/SmithL0/2026/BIOL470/Final/Learning_Rig/bee_0408_1_fwd/cam1_2026-04-08_16-14-47.mp4,1907.5,896.5,1585,595,2230,1198,0.6013372
340,/Volumes/SmithL0/2026/BIOL470/Final/Learning_Rig/bee_0408_1_fwd/cam1_2026-04-08_16-14-47.mp4,2457.0,2753.5,2189,2468,2725,3039,0.7863511
341,/Volumes/SmithL0/2026/BIOL470/Final/Learning_Rig/bee_0408_1_fwd/cam1_2026-04-08_16-14-47.mp4,1935.5,1074.5,1590,645,2281,1504,0.6215778
342,/Volumes/SmithL0/2026/BIOL470/Final/Learning_Rig/bee_0408_1_fwd/cam1_2026-04-08_16-14-47.mp4,1934.5,934.0,1587,659,2282,1209,0.54510146
343,/Volumes/SmithL0/2026/BIOL470/Final/Learning_Rig/bee_0408_1_fwd/cam1_2026-04-08_16-14-47.mp4,1935.5,1105.5,1638,757,2233,1454,0.7775067
344,/Volumes/SmithL0/2026/BIOL470/Final/Learning_Rig/bee_0408_1_fwd/cam1_2026-04-08_16-14-47.mp4,2458.0,2755.0,2190,2470,2726,3040,0.7670531
345,/Volumes/SmithL0/2026/BIOL470/Final/Learning_Rig/bee_0408_1_fwd/cam1_2026-04-08_16-14-47.mp4,2457.5,2754.0,2190,2469,2725,3039,0.78386015
346,/Volumes/SmithL0/2026/BIOL470/Final/Learning_Rig/bee_0408_1_fwd/cam1_2026-04-08_16-14-47.mp4,1942.5,1234.0,1643,827,2242,1641,0.77132183
347,/Volumes/SmithL0/2026/BIOL470/Final/Learning_Rig/bee_0408_1_fwd/cam1_2026-04-08_16-14-47.mp4,2459.0,2753.5,2191,2468,2727,3039,0.770689
348,/Volumes/SmithL0/2026/BIOL470/Final/Learning_Rig/bee_0408_1_fwd/cam1_2026-04-08_16-14-47.mp4,1809.5,1319.5,1508,936,2111,1703,0.74407774
349,/Volumes/SmithL0/2026/BIOL470/Final/Learning_Rig/bee_0408_1_fwd/cam1_2026-04-08_16-14-47.mp4,1720.5,1315.5,1523,935,1918,1696,0.5929044
350,/Volumes/SmithL0/2026/BIOL470/Final/Learning_Rig/bee_0408_1_fwd/cam1_2026-04-08_16-14-47.mp4,1787.5,1421.5,1464,1035,2111,1808,0.8139021
351,/Volumes/SmithL0/2026/BIOL470/Final/Learning_Rig/bee_0408_1_fwd/cam1_2026-04-08_16-14-47.mp4,2458.0,2754.0,2190,2468,2726,3040,0.78213006
352,/Volumes/SmithL0/2026/BIOL470/Final/Learning_Rig/bee_0408_1_fwd/cam1_2026-04-08_16-14-47.mp4,1782.0,1502.5,1472,1122,2092,1883,0.8495295
353,/Volumes/SmithL0/2026/BIOL470/Final/Learning_Rig/bee_0408_1_fwd/cam1_2026-04-08_16-14-47.mp4,2458.0,2753.5,2190,2467,2726,3040,0.7965958
354,/Volumes/SmithL0/2026/BIOL470/Final/Learning_Rig/bee_0408_1_fwd/cam1_2026-04-08_16-14-47.mp4,2457.5,2753.0,2190,2467,2725,3039,0.7993995
355,/Volumes/SmithL0/2026/BIOL470/Final/Learning_Rig/bee_0408_1_fwd/cam1_2026-04-08_16-14-47.mp4,1718.5,1641.5,1415,1252,2022,2031,0.7830798
356,/Volumes/SmithL0/2026/BIOL470/Final/Learning_Rig/bee_0408_1_fwd/cam1_2026-04-08_16-14-47.mp4,2458.0,2753.0,2189,2467,2727,3039,0.7879479
357,/Volumes/SmithL0/2026/BIOL470/Final/Learning_Rig/bee_0408_1_fwd/cam1_2026-04-08_16-14-47.mp4,1827.5,1816.0,1572,1429,2083,2203,0.78719807
358,/Volumes/SmithL0/2026/BIOL470/Final/Learning_Rig/bee_0408_1_fwd/cam1_2026-04-08_16-14-47.mp4,1710.0,1820.5,1371,1432,2049,2209,0.5478688
359,/Volumes/SmithL0/2026/BIOL470/Final/Learning_Rig/bee_0408_1_fwd/cam1_2026-04-08_16-14-47.mp4,2458.0,2754.0,2190,2468,2726,3040,0.80458933
360,/Volumes/SmithL0/2026/BIOL470/Final/Learning_Rig/bee_0408_1_fwd/cam1_2026-04-08_16-14-47.mp4,1853.0,1953.5,1606,1582,2100,2325,0.7877984
361,/Volumes/SmithL0/2026/BIOL470/Final/Learning_Rig/bee_0408_1_fwd/cam1_2026-04-08_16-14-47.mp4,2458.5,2754.5,2191,2469,2726,3040,0.8020406
362,/Volumes/SmithL0/2026/BIOL470/Final/Learning_Rig/bee_0408_1_fwd/cam1_2026-04-08_16-14-47.mp4,1873.5,1894.5,1641,1713,2106,2076,0.76761717
363,/Volumes/SmithL0/2026/BIOL470/Final/Learning_Rig/bee_0408_1_fwd/cam1_2026-04-08_16-14-47.mp4,1884.5,2058.0,1631,1721,2138,2395,0.7251025
364,/Volumes/SmithL0/2026/BIOL470/Final/Learning_Rig/bee_0408_1_fwd/cam1_2026-04-08_16-14-47.mp4,1911.0,2115.5,1655,1789,2167,2442,0.80798715
365,/Volumes/SmithL0/2026/BIOL470/Final/Learning_Rig/bee_0408_1_fwd/cam1_2026-04-08_16-14-47.mp4,2458.0,2754.5,2190,2469,2726,3040,0.80277604
366,/Volumes/SmithL0/2026/BIOL470/Final/Learning_Rig/bee_0408_1_fwd/cam1_2026-04-08_16-14-47.mp4,1912.0,1999.5,1658,1785,2166,2214,0.664654
367,/Volumes/SmithL0/2026/BIOL470/Final/Learning_Rig/bee_0408_1_fwd/cam1_2026-04-08_16-14-47.mp4,2458.5,2755.0,2190,2471,2727,3039,0.8064351
368,/Volumes/SmithL0/2026/BIOL470/Final/Learning_Rig/bee_0408_1_fwd/cam1_2026-04-08_16-14-47.mp4,1932.5,2119.0,1675,1808,2190,2430,0.6815297
369,/Volumes/SmithL0/2026/BIOL470/Final/Learning_Rig/bee_0408_1_fwd/cam1_2026-04-08_16-14-47.mp4,2457.5,2754.5,2189,2469,2726,3040,0.8010459
370,/Volumes/SmithL0/2026/BIOL470/Final/Learning_Rig/bee_0408_1_fwd/cam1_2026-04-08_16-14-47.mp4,2457.5,2754.0,2189,2469,2726,3039,0.8098603
371,/Volumes/SmithL0/2026/BIOL470/Final/Learning_Rig/bee_0408_1_fwd/cam1_2026-04-08_16-14-47.mp4,1905.5,2186.0,1631,1851,2180,2521,0.6731535
372,/Volumes/SmithL0/2026/BIOL470/Final/Learning_Rig/bee_0408_1_fwd/cam1_2026-04-08_16-14-47.mp4,2457.5,2753.5,2190,2468,2725,3039,0.80220276
373,/Volumes/SmithL0/2026/BIOL470/Final/Learning_Rig/bee_0408_1_fwd/cam1_2026-04-08_16-14-47.mp4,1867.5,2230.5,1620,1870,2115,2591,0.7872374
374,/Volumes/SmithL0/2026/BIOL470/Final/Learning_Rig/bee_0408_1_fwd/cam1_2026-04-08_16-14-47.mp4,1850.0,2216.5,1580,1878,2120,2555,0.81229925
375,/Volumes/SmithL0/2026/BIOL470/Final/Learning_Rig/bee_0408_1_fwd/cam1_2026-04-08_16-14-47.mp4,2457.5,2752.5,2189,2466,2726,3039,0.7855222
376,/Volumes/SmithL0/2026/BIOL470/Final/Learning_Rig/bee_0408_1_fwd/cam1_2026-04-08_16-14-47.mp4,2457.0,2754.0,2189,2468,2725,3040,0.798863
377,/Volumes/SmithL0/2026/BIOL470/Final/Learning_Rig/bee_0408_1_fwd/cam1_2026-04-08_16-14-47.mp4,2457.5,2753.5,2190,2468,2725,3039,0.792867
378,/Volumes/SmithL0/2026/BIOL470/Final/Learning_Rig/bee_0408_1_fwd/cam1_2026-04-08_16-14-47.mp4,1801.0,2137.0,1589,1855,2013,2419,0.7472878
379,/Volumes/SmithL0/2026/BIOL470/Final/Learning_Rig/bee_0408_1_fwd/cam1_2026-04-08_16-14-47.mp4,2457.5,2753.5,2189,2468,2726,3039,0.7938475
380,/Volumes/SmithL0/2026/BIOL470/Final/Learning_Rig/bee_0408_1_fwd/cam1_2026-04-08_16-14-47.mp4,1814.5,2145.0,1592,1802,2037,2488,0.7743997
381,/Volumes/SmithL0/2026/BIOL470/Final/Learning_Rig/bee_0408_1_fwd/cam1_2026-04-08_16-14-47.mp4,2456.5,2754.0,2188,2468,2725,3040,0.8117554
382,/Volumes/SmithL0/2026/BIOL470/Final/Learning_Rig/bee_0408_1_fwd/cam1_2026-04-08_16-14-47.mp4,1849.5,2129.5,1579,1795,2120,2464,0.8071288
383,/Volumes/SmithL0/2026/BIOL470/Final/Learning_Rig/bee_0408_1_fwd/cam1_2026-04-08_16-14-47.mp4,2457.0,2753.0,2189,2467,2725,3039,0.8118019
384,/Volumes/SmithL0/2026/BIOL470/Final/Learning_Rig/bee_0408_1_fwd/cam1_2026-04-08_16-14-47.mp4,1801.0,2112.5,1571,1775,2031,2450,0.80310094
385,/Volumes/SmithL0/2026/BIOL470/Final/Learning_Rig/bee_0408_1_fwd/cam1_2026-04-08_16-14-47.mp4,2457.0,2753.5,2189,2467,2725,3040,0.8087682
386,/Volumes/SmithL0/2026/BIOL470/Final/Learning_Rig/bee_0408_1_fwd/cam1_2026-04-08_16-14-47.mp4,1811.5,2101.0,1594,1768,2029,2434,0.7947506
387,/Volumes/SmithL0/2026/BIOL470/Final/Learning_Rig/bee_0408_1_fwd/cam1_2026-04-08_16-14-47.mp4,2457.0,2753.0,2189,2467,2725,3039,0.808113
388,/Volumes/SmithL0/2026/BIOL470/Final/Learning_Rig/bee_0408_1_fwd/cam1_2026-04-08_16-14-47.mp4,1748.0,2079.5,1486,1762,2010,2397,0.7846279
389,/Volumes/SmithL0/2026/BIOL470/Final/Learning_Rig/bee_0408_1_fwd/cam1_2026-04-08_16-14-47.mp4,1768.5,1930.5,1591,1767,1946,2094,0.5397392
390,/Volumes/SmithL0/2026/BIOL470/Final/Learning_Rig/bee_0408_1_fwd/cam1_2026-04-08_16-14-47.mp4,2457.5,2754.0,2189,2468,2726,3040,0.80235285
391,/Volumes/SmithL0/2026/BIOL470/Final/Learning_Rig/bee_0408_1_fwd/cam1_2026-04-08_16-14-47.mp4,1752.5,2119.5,1483,1775,2022,2464,0.79941416
392,/Volumes/SmithL0/2026/BIOL470/Final/Learning_Rig/bee_0408_1_fwd/cam1_2026-04-08_16-14-47.mp4,1689.5,2170.5,1417,1831,1962,2510,0.8167898
393,/Volumes/SmithL0/2026/BIOL470/Final/Learning_Rig/bee_0408_1_fwd/cam1_2026-04-08_16-14-47.mp4,2457.5,2754.0,2189,2468,2726,3040,0.7992256
394,/Volumes/SmithL0/2026/BIOL470/Final/Learning_Rig/bee_0408_1_fwd/cam1_2026-04-08_16-14-47.mp4,1651.5,2228.5,1368,1887,1935,2570,0.8110869
395,/Volumes/SmithL0/2026/BIOL470/Final/Learning_Rig/bee_0408_1_fwd/cam1_2026-04-08_16-14-47.mp4,2458.0,2753.0,2190,2467,2726,3039,0.80177677
396,/Volumes/SmithL0/2026/BIOL470/Final/Learning_Rig/bee_0408_1_fwd/cam1_2026-04-08_16-14-47.mp4,1595.5,2223.0,1295,1891,1896,2555,0.79362345
397,/Volumes/SmithL0/2026/BIOL470/Final/Learning_Rig/bee_0408_1_fwd/cam1_2026-04-08_16-14-47.mp4,2457.0,2753.5,2188,2468,2726,3039,0.77378154
398,/Volumes/SmithL0/2026/BIOL470/Final/Learning_Rig/bee_0408_1_fwd/cam1_2026-04-08_16-14-47.mp4,1582.5,2222.0,1284,1861,1881,2583,0.8232672
399,/Volumes/SmithL0/2026/BIOL470/Final/Learning_Rig/bee_0408_1_fwd/cam1_2026-04-08_16-14-47.mp4,2458.0,2754.5,2189,2470,2727,3039,0.7680362
400,/Volumes/SmithL0/2026/BIOL470/Final/Learning_Rig/bee_0408_1_fwd/cam1_2026-04-08_16-14-47.mp4,1587.5,2122.0,1298,1786,1877,2458,0.80346394
401,/Volumes/SmithL0/2026/BIOL470/Final/Learning_Rig/bee_0408_1_fwd/cam1_2026-04-08_16-14-47.mp4,2457.5,2753.5,2188,2467,2727,3040,0.7858532
402,/Volumes/SmithL0/2026/BIOL470/Final/Learning_Rig/bee_0408_1_fwd/cam1_2026-04-08_16-14-47.mp4,2459.0,2753.0,2190,2467,2728,3039,0.79295385
403,/Volumes/SmithL0/2026/BIOL470/Final/Learning_Rig/bee_0408_1_fwd/cam1_2026-04-08_16-14-47.mp4,1568.0,2134.0,1332,1765,1804,2503,0.7778904
404,/Volumes/SmithL0/2026/BIOL470/Final/Learning_Rig/bee_0408_1_fwd/cam1_2026-04-08_16-14-47.mp4,1644.5,2111.0,1309,1759,1980,2463,0.74929196
405,/Volumes/SmithL0/2026/BIOL470/Final/Learning_Rig/bee_0408_1_fwd/cam1_2026-04-08_16-14-47.mp4,1657.0,2106.0,1356,1776,1958,2436,0.8242712
406,/Volumes/SmithL0/2026/BIOL470/Final/Learning_Rig/bee_0408_1_fwd/cam1_2026-04-08_16-14-47.mp4,2457.0,2753.0,2188,2467,2726,3039,0.79724264
407,/Volumes/SmithL0/2026/BIOL470/Final/Learning_Rig/bee_0408_1_fwd/cam1_2026-04-08_16-14-47.mp4,1736.5,2115.0,1411,1827,2062,2403,0.8118375
408,/Volumes/SmithL0/2026/BIOL470/Final/Learning_Rig/bee_0408_1_fwd/cam1_2026-04-08_16-14-47.mp4,2457.5,2752.5,2188,2466,2727,3039,0.79580337
409,/Volumes/SmithL0/2026/BIOL470/Final/Learning_Rig/bee_0408_1_fwd/cam1_2026-04-08_16-14-47.mp4,1821.0,2156.5,1449,1864,2193,2449,0.80280197
410,/Volumes/SmithL0/2026/BIOL470/Final/Learning_Rig/bee_0408_1_fwd/cam1_2026-04-08_16-14-47.mp4,2458.5,2753.5,2188,2468,2729,3039,0.7978783
411,/Volumes/SmithL0/2026/BIOL470/Final/Learning_Rig/bee_0408_1_fwd/cam1_2026-04-08_16-14-47.mp4,2457.5,2754.0,2188,2468,2727,3040,0.8123639
412,/Volumes/SmithL0/2026/BIOL470/Final/Learning_Rig/bee_0408_1_fwd/cam1_2026-04-08_16-14-47.mp4,1791.0,2153.5,1446,1868,2136,2439,0.79085714
413,/Volumes/SmithL0/2026/BIOL470/Final/Learning_Rig/bee_0408_1_fwd/cam1_2026-04-08_16-14-47.mp4,1777.5,2149.5,1441,1866,2114,2433,0.80809695
414,/Volumes/SmithL0/2026/BIOL470/Final/Learning_Rig/bee_0408_1_fwd/cam1_2026-04-08_16-14-47.mp4,2458.5,2753.5,2189,2467,2728,3040,0.79909486
415,/Volumes/SmithL0/2026/BIOL470/Final/Learning_Rig/bee_0408_1_fwd/cam1_2026-04-08_16-14-47.mp4,2458.5,2754.0,2189,2468,2728,3040,0.8047168
416,/Volumes/SmithL0/2026/BIOL470/Final/Learning_Rig/bee_0408_1_fwd/cam1_2026-04-08_16-14-47.mp4,1757.0,2142.5,1437,1845,2077,2440,0.802864
417,/Volumes/SmithL0/2026/BIOL470/Final/Learning_Rig/bee_0408_1_fwd/cam1_2026-04-08_16-14-47.mp4,2458.0,2753.5,2189,2467,2727,3040,0.7940139
418,/Volumes/SmithL0/2026/BIOL470/Final/Learning_Rig/bee_0408_1_fwd/cam1_2026-04-08_16-14-47.mp4,1739.0,2078.5,1423,1755,2055,2402,0.78929937
419,/Volumes/SmithL0/2026/BIOL470/Final/Learning_Rig/bee_0408_1_fwd/cam1_2026-04-08_16-14-47.mp4,2457.5,2753.0,2188,2467,2727,3039,0.79626817
420,/Volumes/SmithL0/2026/BIOL470/Final/Learning_Rig/bee_0408_1_fwd/cam1_2026-04-08_16-14-47.mp4,1666.0,2101.5,1410,1741,1922,2462,0.7425074
421,/Volumes/SmithL0/2026/BIOL470/Final/Learning_Rig/bee_0408_1_fwd/cam1_2026-04-08_16-14-47.mp4,1576.5,2090.5,1307,1761,1846,2420,0.8383319
422,/Volumes/SmithL0/2026/BIOL470/Final/Learning_Rig/bee_0408_1_fwd/cam1_2026-04-08_16-14-47.mp4,2458.0,2754.0,2189,2469,2727,3039,0.79529184
423,/Volumes/SmithL0/2026/BIOL470/Final/Learning_Rig/bee_0408_1_fwd/cam1_2026-04-08_16-14-47.mp4,1512.5,2124.0,1227,1802,1798,2446,0.7895183
424,/Volumes/SmithL0/2026/BIOL470/Final/Learning_Rig/bee_0408_1_fwd/cam1_2026-04-08_16-14-47.mp4,2458.5,2754.0,2189,2468,2728,3040,0.78461295
425,/Volumes/SmithL0/2026/BIOL470/Final/Learning_Rig/bee_0408_1_fwd/cam1_2026-04-08_16-14-47.mp4,1446.0,2147.0,1127,1861,1765,2433,0.8517063
426,/Volumes/SmithL0/2026/BIOL470/Final/Learning_Rig/bee_0408_1_fwd/cam1_2026-04-08_16-14-47.mp4,2458.5,2754.0,2190,2468,2727,3040,0.77533597
427,/Volumes/SmithL0/2026/BIOL470/Final/Learning_Rig/bee_0408_1_fwd/cam1_2026-04-08_16-14-47.mp4,2459.0,2754.0,2190,2469,2728,3039,0.7897492
428,/Volumes/SmithL0/2026/BIOL470/Final/Learning_Rig/bee_0408_1_fwd/cam1_2026-04-08_16-14-47.mp4,1247.0,2170.0,918,1941,1576,2399,0.78599447
429,/Volumes/SmithL0/2026/BIOL470/Final/Learning_Rig/bee_0408_1_fwd/cam1_2026-04-08_16-14-47.mp4,1251.0,2160.5,922,1919,1580,2402,0.7843668
430,/Volumes/SmithL0/2026/BIOL470/Final/Learning_Rig/bee_0408_1_fwd/cam1_2026-04-08_16-14-47.mp4,2458.5,2753.5,2189,2467,2728,3040,0.77541345
431,/Volumes/SmithL0/2026/BIOL470/Final/Learning_Rig/bee_0408_1_fwd/cam1_2026-04-08_16-14-47.mp4,1256.0,2162.0,930,1904,1582,2420,0.79226726
432,/Volumes/SmithL0/2026/BIOL470/Final/Learning_Rig/bee_0408_1_fwd/cam1_2026-04-08_16-14-47.mp4,2459.0,2753.0,2191,2466,2727,3040,0.7793818
433,/Volumes/SmithL0/2026/BIOL470/Final/Learning_Rig/bee_0408_1_fwd/cam1_2026-04-08_16-14-47.mp4,1247.0,2156.0,895,1917,1599,2395,0.80130553
434,/Volumes/SmithL0/2026/BIOL470/Final/Learning_Rig/bee_0408_1_fwd/cam1_2026-04-08_16-14-47.mp4,2459.0,2753.5,2191,2467,2727,3040,0.7744327
435,/Volumes/SmithL0/2026/BIOL470/Final/Learning_Rig/bee_0408_1_fwd/cam1_2026-04-08_16-14-47.mp4,1287.0,2168.5,902,1938,1672,2399,0.7778978
436,/Volumes/SmithL0/2026/BIOL470/Final/Learning_Rig/bee_0408_1_fwd/cam1_2026-04-08_16-14-47.mp4,2459.0,2752.5,2191,2465,2727,3040,0.7769861
437,/Volumes/SmithL0/2026/BIOL470/Final/Learning_Rig/bee_0408_1_fwd/cam1_2026-04-08_16-14-47.mp4,1254.5,2134.5,902,1862,1607,2407,0.8131013
438,/Volumes/SmithL0/2026/BIOL470/Final/Learning_Rig/bee_0408_1_fwd/cam1_2026-04-08_16-14-47.mp4,2458.5,2754.0,2190,2469,2727,3039,0.7818124
439,/Volumes/SmithL0/2026/BIOL470/Final/Learning_Rig/bee_0408_1_fwd/cam1_2026-04-08_16-14-47.mp4,1259.5,2120.0,931,1840,1588,2400,0.770153
440,/Volumes/SmithL0/2026/BIOL470/Final/Learning_Rig/bee_0408_1_fwd/cam1_2026-04-08_16-14-47.mp4,2458.5,2753.5,2190,2468,2727,3039,0.7550974
441,/Volumes/SmithL0/2026/BIOL470/Final/Learning_Rig/bee_0408_1_fwd/cam1_2026-04-08_16-14-47.mp4,1302.5,2048.5,1018,1717,1587,2380,0.815458
442,/Volumes/SmithL0/2026/BIOL470/Final/Learning_Rig/bee_0408_1_fwd/cam1_2026-04-08_16-14-47.mp4,2459.0,2753.5,2191,2467,2727,3040,0.76853967
443,/Volumes/SmithL0/2026/BIOL470/Final/Learning_Rig/bee_0408_1_fwd/cam1_2026-04-08_16-14-47.mp4,1244.0,1852.0,952,1506,1536,2198,0.8085669
444,/Volumes/SmithL0/2026/BIOL470/Final/Learning_Rig/bee_0408_1_fwd/cam1_2026-04-08_16-14-47.mp4,1327.5,1861.0,1126,1518,1529,2204,0.76733756
445,/Volumes/SmithL0/2026/BIOL470/Final/Learning_Rig/bee_0408_1_fwd/cam1_2026-04-08_16-14-47.mp4,2459.5,2754.5,2191,2469,2728,3040,0.7601271
446,/Volumes/SmithL0/2026/BIOL470/Final/Learning_Rig/bee_0408_1_fwd/cam1_2026-04-08_16-14-47.mp4,2459.0,2755.0,2191,2470,2727,3040,0.75601125
447,/Volumes/SmithL0/2026/BIOL470/Final/Learning_Rig/bee_0408_1_fwd/cam1_2026-04-08_16-14-47.mp4,1262.5,1752.0,981,1421,1544,2083,0.6086237
448,/Volumes/SmithL0/2026/BIOL470/Final/Learning_Rig/bee_0408_1_fwd/cam1_2026-04-08_16-14-47.mp4,2459.0,2754.0,2190,2469,2728,3039,0.76699275
449,/Volumes/SmithL0/2026/BIOL470/Final/Learning_Rig/bee_0408_1_fwd/cam1_2026-04-08_16-14-47.mp4,1214.0,1697.5,907,1391,1521,2004,0.7593947
450,/Volumes/SmithL0/2026/BIOL470/Final/Learning_Rig/bee_0408_1_fwd/cam1_2026-04-08_16-14-47.mp4,1223.0,1678.5,943,1375,1503,1982,0.77026206
451,/Volumes/SmithL0/2026/BIOL470/Final/Learning_Rig/bee_0408_1_fwd/cam1_2026-04-08_16-14-47.mp4,2458.5,2754.0,2189,2468,2728,3040,0.73593307
452,/Volumes/SmithL0/2026/BIOL470/Final/Learning_Rig/bee_0408_1_fwd/cam1_2026-04-08_16-14-47.mp4,1231.5,1586.0,939,1232,1524,1940,0.7944954
453,/Volumes/SmithL0/2026/BIOL470/Final/Learning_Rig/bee_0408_1_fwd/cam1_2026-04-08_16-14-47.mp4,2458.5,2753.5,2190,2468,2727,3039,0.7675768
454,/Volumes/SmithL0/2026/BIOL470/Final/Learning_Rig/bee_0408_1_fwd/cam1_2026-04-08_16-14-47.mp4,2458.5,2753.5,2191,2468,2726,3039,0.7747453
455,/Volumes/SmithL0/2026/BIOL470/Final/Learning_Rig/bee_0408_1_fwd/cam1_2026-04-08_16-14-47.mp4,1247.5,1488.5,977,1135,1518,1842,0.7365122
456,/Volumes/SmithL0/2026/BIOL470/Final/Learning_Rig/bee_0408_1_fwd/cam1_2026-04-08_16-14-47.mp4,1311.0,1342.0,1100,1146,1522,1538,0.5892346
457,/Volumes/SmithL0/2026/BIOL470/Final/Learning_Rig/bee_0408_1_fwd/cam1_2026-04-08_16-14-47.mp4,2458.5,2754.0,2191,2468,2726,3040,0.7952543
458,/Volumes/SmithL0/2026/BIOL470/Final/Learning_Rig/bee_0408_1_fwd/cam1_2026-04-08_16-14-47.mp4,1280.0,1409.5,1007,1067,1553,1752,0.7667627
459,/Volumes/SmithL0/2026/BIOL470/Final/Learning_Rig/bee_0408_1_fwd/cam1_2026-04-08_16-14-47.mp4,2459.0,2755.0,2192,2470,2726,3040,0.7866471
460,/Volumes/SmithL0/2026/BIOL470/Final/Learning_Rig/bee_0408_1_fwd/cam1_2026-04-08_16-14-47.mp4,2458.0,2754.0,2190,2468,2726,3040,0.7977062
461,/Volumes/SmithL0/2026/BIOL470/Final/Learning_Rig/bee_0408_1_fwd/cam1_2026-04-08_16-14-47.mp4,1349.5,1145.0,1089,795,1610,1495,0.7959043
462,/Volumes/SmithL0/2026/BIOL470/Final/Learning_Rig/bee_0408_1_fwd/cam1_2026-04-08_16-14-47.mp4,2458.5,2754.0,2191,2468,2726,3040,0.79244727
463,/Volumes/SmithL0/2026/BIOL470/Final/Learning_Rig/bee_0408_1_fwd/cam1_2026-04-08_16-14-47.mp4,2458.0,2754.5,2190,2469,2726,3040,0.798574
464,/Volumes/SmithL0/2026/BIOL470/Final/Learning_Rig/bee_0408_1_fwd/cam1_2026-04-08_16-14-47.mp4,1310.5,865.0,1029,524,1592,1206,0.74786824
465,/Volumes/SmithL0/2026/BIOL470/Final/Learning_Rig/bee_0408_1_fwd/cam1_2026-04-08_16-14-47.mp4,2459.0,2753.0,2191,2466,2727,3040,0.7941316
466,/Volumes/SmithL0/2026/BIOL470/Final/Learning_Rig/bee_0408_1_fwd/cam1_2026-04-08_16-14-47.mp4,1301.0,714.5,993,354,1609,1075,0.78897804
467,/Volumes/SmithL0/2026/BIOL470/Final/Learning_Rig/bee_0408_1_fwd/cam1_2026-04-08_16-14-47.mp4,2457.5,2753.5,2189,2468,2726,3039,0.79534954
468,/Volumes/SmithL0/2026/BIOL470/Final/Learning_Rig/bee_0408_1_fwd/cam1_2026-04-08_16-14-47.mp4,1255.0,619.5,908,266,1602,973,0.78616154
469,/Volumes/SmithL0/2026/BIOL470/Final/Learning_Rig/bee_0408_1_fwd/cam1_2026-04-08_16-14-47.mp4,2458.5,2755.0,2190,2470,2727,3040,0.7866408
470,/Volumes/SmithL0/2026/BIOL470/Final/Learning_Rig/bee_0408_1_fwd/cam1_2026-04-08_16-14-47.mp4,1185.5,532.5,927,177,1444,888,0.7414505
471,/Volumes/SmithL0/2026/BIOL470/Final/Learning_Rig/bee_0408_1_fwd/cam1_2026-04-08_16-14-47.mp4,2458.5,2754.5,2190,2469,2727,3040,0.7890171
472,/Volumes/SmithL0/2026/BIOL470/Final/Learning_Rig/bee_0408_1_fwd/cam1_2026-04-08_16-14-47.mp4,1183.0,559.5,944,185,1422,934,0.7486957
473,/Volumes/SmithL0/2026/BIOL470/Final/Learning_Rig/bee_0408_1_fwd/cam1_2026-04-08_16-14-47.mp4,2459.0,2753.5,2191,2468,2727,3039,0.7924052
474,/Volumes/SmithL0/2026/BIOL470/Final/Learning_Rig/bee_0408_1_fwd/cam1_2026-04-08_16-14-47.mp4,1253.5,610.0,902,233,1605,987,0.7542905
475,/Volumes/SmithL0/2026/BIOL470/Final/Learning_Rig/bee_0408_1_fwd/cam1_2026-04-08_16-14-47.mp4,1164.0,628.5,948,241,1380,1016,0.6560308
476,/Volumes/SmithL0/2026/BIOL470/Final/Learning_Rig/bee_0408_1_fwd/cam1_2026-04-08_16-14-47.mp4,2457.5,2752.5,2189,2466,2726,3039,0.79765975
477,/Volumes/SmithL0/2026/BIOL470/Final/Learning_Rig/bee_0408_1_fwd/cam1_2026-04-08_16-14-47.mp4,1266.0,647.5,925,314,1607,981,0.7625662
478,/Volumes/SmithL0/2026/BIOL470/Final/Learning_Rig/bee_0408_1_fwd/cam1_2026-04-08_16-14-47.mp4,1435.0,487.5,1277,331,1593,644,0.61151636
479,/Volumes/SmithL0/2026/BIOL470/Final/Learning_Rig/bee_0408_1_fwd/cam1_2026-04-08_16-14-47.mp4,2458.0,2753.0,2189,2466,2727,3040,0.7905971
480,/Volumes/SmithL0/2026/BIOL470/Final/Learning_Rig/bee_0408_1_fwd/cam1_2026-04-08_16-14-47.mp4,1342.5,654.5,996,325,1689,984,0.7732911
481,/Volumes/SmithL0/2026/BIOL470/Final/Learning_Rig/bee_0408_1_fwd/cam1_2026-04-08_16-14-47.mp4,2458.0,2752.5,2189,2465,2727,3040,0.80150497
482,/Volumes/SmithL0/2026/BIOL470/Final/Learning_Rig/bee_0408_1_fwd/cam1_2026-04-08_16-14-47.mp4,1441.0,726.0,1076,403,1806,1049,0.7726659
483,/Volumes/SmithL0/2026/BIOL470/Final/Learning_Rig/bee_0408_1_fwd/cam1_2026-04-08_16-14-47.mp4,2458.5,2753.0,2190,2466,2727,3040,0.79048216
484,/Volumes/SmithL0/2026/BIOL470/Final/Learning_Rig/bee_0408_1_fwd/cam1_2026-04-08_16-14-47.mp4,1520.0,790.0,1130,483,1910,1097,0.7869341
485,/Volumes/SmithL0/2026/BIOL470/Final/Learning_Rig/bee_0408_1_fwd/cam1_2026-04-08_16-14-47.mp4,1485.0,874.0,1144,663,1826,1085,0.6567261
486,/Volumes/SmithL0/2026/BIOL470/Final/Learning_Rig/bee_0408_1_fwd/cam1_2026-04-08_16-14-47.mp4,1713.0,729.5,1516,531,1910,928,0.62952435
487,/Volumes/SmithL0/2026/BIOL470/Final/Learning_Rig/bee_0408_1_fwd/cam1_2026-04-08_16-14-47.mp4,2459.0,2754.0,2191,2468,2727,3040,0.7804616
488,/Volumes/SmithL0/2026/BIOL470/Final/Learning_Rig/bee_0408_1_fwd/cam1_2026-04-08_16-14-47.mp4,1510.0,898.0,1244,602,1776,1194,0.68022954
489,/Volumes/SmithL0/2026/BIOL470/Final/Learning_Rig/bee_0408_1_fwd/cam1_2026-04-08_16-14-47.mp4,1631.0,891.0,1240,603,2022,1179,0.5179856
490,/Volumes/SmithL0/2026/BIOL470/Final/Learning_Rig/bee_0408_1_fwd/cam1_2026-04-08_16-14-47.mp4,2458.0,2754.0,2190,2468,2726,3040,0.77652395
491,/Volumes/SmithL0/2026/BIOL470/Final/Learning_Rig/bee_0408_1_fwd/cam1_2026-04-08_16-14-47.mp4,1721.5,946.0,1374,730,2069,1162,0.7243583
492,/Volumes/SmithL0/2026/BIOL470/Final/Learning_Rig/bee_0408_1_fwd/cam1_2026-04-08_16-14-47.mp4,2457.5,2754.5,2190,2470,2725,3039,0.79555404
493,/Volumes/SmithL0/2026/BIOL470/Final/Learning_Rig/bee_0408_1_fwd/cam1_2026-04-08_16-14-47.mp4,1925.5,964.5,1538,693,2313,1236,0.77717215
494,/Volumes/SmithL0/2026/BIOL470/Final/Learning_Rig/bee_0408_1_fwd/cam1_2026-04-08_16-14-47.mp4,2457.0,2754.5,2189,2470,2725,3039,0.7890906
495,/Volumes/SmithL0/2026/BIOL470/Final/Learning_Rig/bee_0408_1_fwd/cam1_2026-04-08_16-14-47.mp4,2254.5,204.5,2112,66,2397,343,0.5170764
496,/Volumes/SmithL0/2026/BIOL470/Final/Learning_Rig/bee_0408_1_fwd/cam1_2026-04-08_16-14-47.mp4,2458.5,2754.5,2190,2469,2727,3040,0.7595259
497,/Volumes/SmithL0/2026/BIOL470/Final/Learning_Rig/bee_0408_1_fwd/cam1_2026-04-08_16-14-47.mp4,2458.0,2753.5,2190,2467,2726,3040,0.7724614
498,/Volumes/SmithL0/2026/BIOL470/Final/Learning_Rig/bee_0408_1_fwd/cam1_2026-04-08_16-14-47.mp4,2458.0,2753.0,2190,2467,2726,3039,0.7825804
499,/Volumes/SmithL0/2026/BIOL470/Final/Learning_Rig/bee_0408_1_fwd/cam1_2026-04-08_16-14-47.mp4,1794.5,1091.0,1431,761,2158,1421,0.7805504
500,/Volumes/SmithL0/2026/BIOL470/Final/Learning_Rig/bee_0408_1_fwd/cam1_2026-04-08_16-14-47.mp4,1761.0,1122.5,1422,780,2100,1465,0.80142295
501,/Volumes/SmithL0/2026/BIOL470/Final/Learning_Rig/bee_0408_1_fwd/cam1_2026-04-08_16-14-47.mp4,2458.0,2754.0,2190,2468,2726,3040,0.7835323
502,/Volumes/SmithL0/2026/BIOL470/Final/Learning_Rig/bee_0408_1_fwd/cam1_2026-04-08_16-14-47.mp4,1753.0,1171.0,1394,844,2112,1498,0.82310194
503,/Volumes/SmithL0/2026/BIOL470/Final/Learning_Rig/bee_0408_1_fwd/cam1_2026-04-08_16-14-47.mp4,2458.0,2752.5,2190,2466,2726,3039,0.7855907
504,/Volumes/SmithL0/2026/BIOL470/Final/Learning_Rig/bee_0408_1_fwd/cam1_2026-04-08_16-14-47.mp4,2459.0,2750.5,2191,2462,2727,3039,0.7934688
505,/Volumes/SmithL0/2026/BIOL470/Final/Learning_Rig/bee_0408_1_fwd/cam1_2026-04-08_16-14-47.mp4,1672.5,1289.0,1389,937,1956,1641,0.7695469
506,/Volumes/SmithL0/2026/BIOL470/Final/Learning_Rig/bee_0408_1_fwd/cam1_2026-04-08_16-14-47.mp4,1748.5,1417.5,1406,1059,2091,1776,0.8283431
507,/Volumes/SmithL0/2026/BIOL470/Final/Learning_Rig/bee_0408_1_fwd/cam1_2026-04-08_16-14-47.mp4,2458.5,2754.0,2190,2469,2727,3039,0.79250205
508,/Volumes/SmithL0/2026/BIOL470/Final/Learning_Rig/bee_0408_1_fwd/cam1_2026-04-08_16-14-47.mp4,2457.0,2754.0,2189,2468,2725,3040,0.8036061
509,/Volumes/SmithL0/2026/BIOL470/Final/Learning_Rig/bee_0408_1_fwd/cam1_2026-04-08_16-14-47.mp4,1824.5,1557.5,1533,1198,2116,1917,0.80095816
510,/Volumes/SmithL0/2026/BIOL470/Final/Learning_Rig/bee_0408_1_fwd/cam1_2026-04-08_16-14-47.mp4,2458.0,2754.0,2190,2468,2726,3040,0.8030825
511,/Volumes/SmithL0/2026/BIOL470/Final/Learning_Rig/bee_0408_1_fwd/cam1_2026-04-08_16-14-47.mp4,1921.0,1630.0,1633,1272,2209,1988,0.7983882
512,/Volumes/SmithL0/2026/BIOL470/Final/Learning_Rig/bee_0408_1_fwd/cam1_2026-04-08_16-14-47.mp4,2457.5,2754.0,2190,2469,2725,3039,0.79986405
513,/Volumes/SmithL0/2026/BIOL470/Final/Learning_Rig/bee_0408_1_fwd/cam1_2026-04-08_16-14-47.mp4,1882.5,1752.0,1630,1391,2135,2113,0.7380111
514,/Volumes/SmithL0/2026/BIOL470/Final/Learning_Rig/bee_0408_1_fwd/cam1_2026-04-08_16-14-47.mp4,1882.5,1601.0,1631,1392,2134,1810,0.67893887
515,/Volumes/SmithL0/2026/BIOL470/Final/Learning_Rig/bee_0408_1_fwd/cam1_2026-04-08_16-14-47.mp4,1822.5,1740.0,1665,1572,1980,1908,0.8764007
516,/Volumes/SmithL0/2026/BIOL470/Final/Learning_Rig/bee_0408_1_fwd/cam1_2026-04-08_16-14-47.mp4,2457.5,2754.0,2190,2469,2725,3039,0.80500853
517,/Volumes/SmithL0/2026/BIOL470/Final/Learning_Rig/bee_0408_1_fwd/cam1_2026-04-08_16-14-47.mp4,1838.0,1941.0,1628,1566,2048,2316,0.7313393
518,/Volumes/SmithL0/2026/BIOL470/Final/Learning_Rig/bee_0408_1_fwd/cam1_2026-04-08_16-14-47.mp4,1776.0,2043.0,1502,1685,2050,2401,0.802456
519,/Volumes/SmithL0/2026/BIOL470/Final/Learning_Rig/bee_0408_1_fwd/cam1_2026-04-08_16-14-47.mp4,2457.0,2754.0,2189,2468,2725,3040,0.8010586
520,/Volumes/SmithL0/2026/BIOL470/Final/Learning_Rig/bee_0408_1_fwd/cam1_2026-04-08_16-14-47.mp4,1792.0,1859.5,1630,1702,1954,2017,0.53482854
521,/Volumes/SmithL0/2026/BIOL470/Final/Learning_Rig/bee_0408_1_fwd/cam1_2026-04-08_16-14-47.mp4,2457.0,2753.5,2189,2468,2725,3039,0.8089851
522,/Volumes/SmithL0/2026/BIOL470/Final/Learning_Rig/bee_0408_1_fwd/cam1_2026-04-08_16-14-47.mp4,1900.0,2004.0,1675,1822,2125,2186,0.7591588
523,/Volumes/SmithL0/2026/BIOL470/Final/Learning_Rig/bee_0408_1_fwd/cam1_2026-04-08_16-14-47.mp4,1870.0,1985.5,1690,1827,2050,2144,0.68434054
524,/Volumes/SmithL0/2026/BIOL470/Final/Learning_Rig/bee_0408_1_fwd/cam1_2026-04-08_16-14-47.mp4,1891.0,2157.0,1643,1823,2139,2491,0.66525716
525,/Volumes/SmithL0/2026/BIOL470/Final/Learning_Rig/bee_0408_1_fwd/cam1_2026-04-08_16-14-47.mp4,1936.5,2206.0,1656,1893,2217,2519,0.7966373
526,/Volumes/SmithL0/2026/BIOL470/Final/Learning_Rig/bee_0408_1_fwd/cam1_2026-04-08_16-14-47.mp4,2458.0,2754.0,2190,2468,2726,3040,0.7936482
527,/Volumes/SmithL0/2026/BIOL470/Final/Learning_Rig/bee_0408_1_fwd/cam1_2026-04-08_16-14-47.mp4,2458.0,2753.5,2190,2467,2726,3040,0.8029945
528,/Volumes/SmithL0/2026/BIOL470/Final/Learning_Rig/bee_0408_1_fwd/cam1_2026-04-08_16-14-47.mp4,1940.5,2187.0,1649,1872,2232,2502,0.8008594
529,/Volumes/SmithL0/2026/BIOL470/Final/Learning_Rig/bee_0408_1_fwd/cam1_2026-04-08_16-14-47.mp4,2457.5,2753.5,2189,2467,2726,3040,0.8082464
530,/Volumes/SmithL0/2026/BIOL470/Final/Learning_Rig/bee_0408_1_fwd/cam1_2026-04-08_16-14-47.mp4,1813.5,2027.5,1651,1864,1976,2191,0.75465906
531,/Volumes/SmithL0/2026/BIOL470/Final/Learning_Rig/bee_0408_1_fwd/cam1_2026-04-08_16-14-47.mp4,1940.5,2150.0,1654,1846,2227,2454,0.60739803
532,/Volumes/SmithL0/2026/BIOL470/Final/Learning_Rig/bee_0408_1_fwd/cam1_2026-04-08_16-14-47.mp4,2457.5,2753.5,2189,2467,2726,3040,0.8086135
533,/Volumes/SmithL0/2026/BIOL470/Final/Learning_Rig/bee_0408_1_fwd/cam1_2026-04-08_16-14-47.mp4,1898.5,2118.0,1639,1841,2158,2395,0.7113634
534,/Volumes/SmithL0/2026/BIOL470/Final/Learning_Rig/bee_0408_1_fwd/cam1_2026-04-08_16-14-47.mp4,2457.0,2754.0,2189,2468,2725,3040,0.8085633
535,/Volumes/SmithL0/2026/BIOL470/Final/Learning_Rig/bee_0408_1_fwd/cam1_2026-04-08_16-14-47.mp4,1922.5,2147.5,1655,1811,2190,2484,0.7066516
536,/Volumes/SmithL0/2026/BIOL470/Final/Learning_Rig/bee_0408_1_fwd/cam1_2026-04-08_16-14-47.mp4,2457.5,2753.0,2189,2466,2726,3040,0.81062275
537,/Volumes/SmithL0/2026/BIOL470/Final/Learning_Rig/bee_0408_1_fwd/cam1_2026-04-08_16-14-47.mp4,1880.5,2167.0,1587,1824,2174,2510,0.6921326
538,/Volumes/SmithL0/2026/BIOL470/Final/Learning_Rig/bee_0408_1_fwd/cam1_2026-04-08_16-14-47.mp4,1772.0,2131.0,1514,1788,2030,2474,0.8031083
539,/Volumes/SmithL0/2026/BIOL470/Final/Learning_Rig/bee_0408_1_fwd/cam1_2026-04-08_16-14-47.mp4,2457.5,2754.0,2189,2468,2726,3040,0.8030054
540,/Volumes/SmithL0/2026/BIOL470/Final/Learning_Rig/bee_0408_1_fwd/cam1_2026-04-08_16-14-47.mp4,1755.0,2146.5,1466,1831,2044,2462,0.8249302
541,/Volumes/SmithL0/2026/BIOL470/Final/Learning_Rig/bee_0408_1_fwd/cam1_2026-04-08_16-14-47.mp4,2458.0,2753.5,2189,2467,2727,3040,0.8074097
542,/Volumes/SmithL0/2026/BIOL470/Final/Learning_Rig/bee_0408_1_fwd/cam1_2026-04-08_16-14-47.mp4,1647.0,2168.5,1331,1871,1963,2466,0.83957577
543,/Volumes/SmithL0/2026/BIOL470/Final/Learning_Rig/bee_0408_1_fwd/cam1_2026-04-08_16-14-47.mp4,2458.0,2752.0,2189,2465,2727,3039,0.7995033
544,/Volumes/SmithL0/2026/BIOL470/Final/Learning_Rig/bee_0408_1_fwd/cam1_2026-04-08_16-14-47.mp4,1492.5,2178.0,1155,1901,1830,2455,0.81469095
545,/Volumes/SmithL0/2026/BIOL470/Final/Learning_Rig/bee_0408_1_fwd/cam1_2026-04-08_16-14-47.mp4,2458.5,2753.5,2190,2467,2727,3040,0.7896461
546,/Volumes/SmithL0/2026/BIOL470/Final/Learning_Rig/bee_0408_1_fwd/cam1_2026-04-08_16-14-47.mp4,1510.0,2172.0,1200,1891,1820,2453,0.8125839
547,/Volumes/SmithL0/2026/BIOL470/Final/Learning_Rig/bee_0408_1_fwd/cam1_2026-04-08_16-14-47.mp4,2458.5,2753.5,2190,2468,2727,3039,0.7790908
548,/Volumes/SmithL0/2026/BIOL470/Final/Learning_Rig/bee_0408_1_fwd/cam1_2026-04-08_16-14-47.mp4,1535.0,2172.5,1254,1892,1816,2453,0.8099957
549,/Volumes/SmithL0/2026/BIOL470/Final/Learning_Rig/bee_0408_1_fwd/cam1_2026-04-08_16-14-47.mp4,2457.0,2753.0,2188,2467,2726,3039,0.78905493
550,/Volumes/SmithL0/2026/BIOL470/Final/Learning_Rig/bee_0408_1_fwd/cam1_2026-04-08_16-14-47.mp4,1504.0,2174.5,1203,1894,1805,2455,0.8054401
551,/Volumes/SmithL0/2026/BIOL470/Final/Learning_Rig/bee_0408_1_fwd/cam1_2026-04-08_16-14-47.mp4,2458.0,2753.5,2190,2467,2726,3040,0.79346913
552,/Volumes/SmithL0/2026/BIOL470/Final/Learning_Rig/bee_0408_1_fwd/cam1_2026-04-08_16-14-47.mp4,1533.5,2175.0,1263,1891,1804,2459,0.8006245
553,/Volumes/SmithL0/2026/BIOL470/Final/Learning_Rig/bee_0408_1_fwd/cam1_2026-04-08_16-14-47.mp4,2457.5,2753.0,2189,2466,2726,3040,0.7928557
554,/Volumes/SmithL0/2026/BIOL470/Final/Learning_Rig/bee_0408_1_fwd/cam1_2026-04-08_16-14-47.mp4,1532.0,2179.0,1275,1889,1789,2469,0.78950983
555,/Volumes/SmithL0/2026/BIOL470/Final/Learning_Rig/bee_0408_1_fwd/cam1_2026-04-08_16-14-47.mp4,2457.5,2751.5,2189,2464,2726,3039,0.77572495
556,/Volumes/SmithL0/2026/BIOL470/Final/Learning_Rig/bee_0408_1_fwd/cam1_2026-04-08_16-14-47.mp4,1485.0,2119.5,1184,1785,1786,2454,0.80158746
557,/Volumes/SmithL0/2026/BIOL470/Final/Learning_Rig/bee_0408_1_fwd/cam1_2026-04-08_16-14-47.mp4,2455.5,2750.5,2178,2464,2733,3037,0.7285324
558,/Volumes/SmithL0/2026/BIOL470/Final/Learning_Rig/bee_0408_1_fwd/cam1_2026-04-08_16-14-47.mp4,809.0,2918.0,375,2796,1243,3040,0.64801943
559,/Volumes/SmithL0/2026/BIOL470/Final/Learning_Rig/bee_0408_1_fwd/cam1_2026-04-08_16-14-47.mp4,1517.5,2148.5,1196,1786,1839,2511,0.80776596
560,/Volumes/SmithL0/2026/BIOL470/Final/Learning_Rig/bee_0408_1_fwd/cam1_2026-04-08_16-14-47.mp4,2455.5,2750.5,2176,2464,2735,3037,0.7330829
561,/Volumes/SmithL0/2026/BIOL470/Final/Learning_Rig/bee_0408_1_fwd/cam1_2026-04-08_16-14-47.mp4,887.5,2925.0,484,2811,1291,3039,0.60843235
562,/Volumes/SmithL0/2026/BIOL470/Final/Learning_Rig/bee_0408_1_fwd/cam1_2026-04-08_16-14-47.mp4,1038.5,2930.0,730,2820,1347,3040,0.5387179
563,/Volumes/SmithL0/2026/BIOL470/Final/Learning_Rig/bee_0408_1_fwd/cam1_2026-04-08_16-14-47.mp4,1581.5,2197.0,1305,1850,1858,2544,0.81551665
564,/Volumes/SmithL0/2026/BIOL470/Final/Learning_Rig/bee_0408_1_fwd/cam1_2026-04-08_16-14-47.mp4,2456.5,2750.0,2179,2463,2734,3037,0.75366795
565,/Volumes/SmithL0/2026/BIOL470/Final/Learning_Rig/bee_0408_1_fwd/cam1_2026-04-08_16-14-47.mp4,1649.5,2252.5,1313,1916,1986,2589,0.80752206
566,/Volumes/SmithL0/2026/BIOL470/Final/Learning_Rig/bee_0408_1_fwd/cam1_2026-04-08_16-14-47.mp4,2458.5,2753.5,2189,2467,2728,3040,0.7608625
567,/Volumes/SmithL0/2026/BIOL470/Final/Learning_Rig/bee_0408_1_fwd/cam1_2026-04-08_16-14-47.mp4,1711.0,2239.5,1334,1961,2088,2518,0.815646
568,/Volumes/SmithL0/2026/BIOL470/Final/Learning_Rig/bee_0408_1_fwd/cam1_2026-04-08_16-14-47.mp4,2458.5,2753.5,2189,2468,2728,3039,0.78875405
569,/Volumes/SmithL0/2026/BIOL470/Final/Learning_Rig/bee_0408_1_fwd/cam1_2026-04-08_16-14-47.mp4,2458.0,2754.0,2189,2468,2727,3040,0.80026186
570,/Volumes/SmithL0/2026/BIOL470/Final/Learning_Rig/bee_0408_1_fwd/cam1_2026-04-08_16-14-47.mp4,1749.0,2246.5,1451,1984,2047,2509,0.78614753
571,/Volumes/SmithL0/2026/BIOL470/Final/Learning_Rig/bee_0408_1_fwd/cam1_2026-04-08_16-14-47.mp4,2078.0,2438.5,1912,2260,2244,2617,0.55409974
572,/Volumes/SmithL0/2026/BIOL470/Final/Learning_Rig/bee_0408_1_fwd/cam1_2026-04-08_16-14-47.mp4,2458.0,2752.5,2189,2466,2727,3039,0.79550123
573,/Volumes/SmithL0/2026/BIOL470/Final/Learning_Rig/bee_0408_1_fwd/cam1_2026-04-08_16-14-47.mp4,1823.5,2249.5,1411,1995,2236,2504,0.7385653
574,/Volumes/SmithL0/2026/BIOL470/Final/Learning_Rig/bee_0408_1_fwd/cam1_2026-04-08_16-14-47.mp4,2094.0,2420.0,1944,2249,2244,2591,0.73809814
575,/Volumes/SmithL0/2026/BIOL470/Final/Learning_Rig/bee_0408_1_fwd/cam1_2026-04-08_16-14-47.mp4,2458.0,2753.0,2189,2466,2727,3040,0.7994856
576,/Volumes/SmithL0/2026/BIOL470/Final/Learning_Rig/bee_0408_1_fwd/cam1_2026-04-08_16-14-47.mp4,1754.5,2221.0,1361,1956,2148,2486,0.7696759
577,/Volumes/SmithL0/2026/BIOL470/Final/Learning_Rig/bee_0408_1_fwd/cam1_2026-04-08_16-14-47.mp4,1969.5,2272.0,1807,2108,2132,2436,0.6650541
578,/Volumes/SmithL0/2026/BIOL470/Final/Learning_Rig/bee_0408_1_fwd/cam1_2026-04-08_16-14-47.mp4,2457.5,2752.5,2188,2465,2727,3040,0.80504334
579,/Volumes/SmithL0/2026/BIOL470/Final/Learning_Rig/bee_0408_1_fwd/cam1_2026-04-08_16-14-47.mp4,1762.5,2233.5,1388,1972,2137,2495,0.7776757
580,/Volumes/SmithL0/2026/BIOL470/Final/Learning_Rig/bee_0408_1_fwd/cam1_2026-04-08_16-14-47.mp4,2457.5,2752.5,2188,2465,2727,3040,0.80746686
581,/Volumes/SmithL0/2026/BIOL470/Final/Learning_Rig/bee_0408_1_fwd/cam1_2026-04-08_16-14-47.mp4,1812.5,2126.5,1439,1833,2186,2420,0.7409331
582,/Volumes/SmithL0/2026/BIOL470/Final/Learning_Rig/bee_0408_1_fwd/cam1_2026-04-08_16-14-47.mp4,2457.5,2753.0,2189,2466,2726,3040,0.81066537
583,/Volumes/SmithL0/2026/BIOL470/Final/Learning_Rig/bee_0408_1_fwd/cam1_2026-04-08_16-14-47.mp4,1851.5,1915.0,1517,1581,2186,2249,0.7785105
584,/Volumes/SmithL0/2026/BIOL470/Final/Learning_Rig/bee_0408_1_fwd/cam1_2026-04-08_16-14-47.mp4,1983.0,1769.0,1800,1603,2166,1935,0.5498421
585,/Volumes/SmithL0/2026/BIOL470/Final/Learning_Rig/bee_0408_1_fwd/cam1_2026-04-08_16-14-47.mp4,2455.5,2752.5,2186,2465,2725,3040,0.8152605
586,/Volumes/SmithL0/2026/BIOL470/Final/Learning_Rig/bee_0408_1_fwd/cam1_2026-04-08_16-14-47.mp4,1905.5,1847.0,1617,1515,2194,2179,0.7862984
587,/Volumes/SmithL0/2026/BIOL470/Final/Learning_Rig/bee_0408_1_fwd/cam1_2026-04-08_16-14-47.mp4,1813.0,1854.5,1591,1541,2035,2168,0.7446537
588,/Volumes/SmithL0/2026/BIOL470/Final/Learning_Rig/bee_0408_1_fwd/cam1_2026-04-08_16-14-47.mp4,2456.5,2752.5,2187,2465,2726,3040,0.8125708
589,/Volumes/SmithL0/2026/BIOL470/Final/Learning_Rig/bee_0408_1_fwd/cam1_2026-04-08_16-14-47.mp4,1913.0,1732.5,1615,1385,2211,2080,0.770676
590,/Volumes/SmithL0/2026/BIOL470/Final/Learning_Rig/bee_0408_1_fwd/cam1_2026-04-08_16-14-47.mp4,2457.0,2752.5,2188,2465,2726,3040,0.8112789
591,/Volumes/SmithL0/2026/BIOL470/Final/Learning_Rig/bee_0408_1_fwd/cam1_2026-04-08_16-14-47.mp4,1927.0,1626.5,1631,1256,2223,1997,0.75993377
592,/Volumes/SmithL0/2026/BIOL470/Final/Learning_Rig/bee_0408_1_fwd/cam1_2026-04-08_16-14-47.mp4,1857.0,1683.0,1628,1368,2086,1998,0.58914864
593,/Volumes/SmithL0/2026/BIOL470/Final/Learning_Rig/bee_0408_1_fwd/cam1_2026-04-08_16-14-47.mp4,2457.0,2752.0,2188,2464,2726,3040,0.8029267
594,/Volumes/SmithL0/2026/BIOL470/Final/Learning_Rig/bee_0408_1_fwd/cam1_2026-04-08_16-14-47.mp4,1914.5,1556.0,1591,1232,2238,1880,0.7520182
595,/Volumes/SmithL0/2026/BIOL470/Final/Learning_Rig/bee_0408_1_fwd/cam1_2026-04-08_16-14-47.mp4,2457.5,2753.0,2189,2466,2726,3040,0.80369264
596,/Volumes/SmithL0/2026/BIOL470/Final/Learning_Rig/bee_0408_1_fwd/cam1_2026-04-08_16-14-47.mp4,1819.0,1535.5,1543,1186,2095,1885,0.80137897
597,/Volumes/SmithL0/2026/BIOL470/Final/Learning_Rig/bee_0408_1_fwd/cam1_2026-04-08_16-14-47.mp4,1944.0,1391.0,1784,1190,2104,1592,0.5883002
598,/Volumes/SmithL0/2026/BIOL470/Final/Learning_Rig/bee_0408_1_fwd/cam1_2026-04-08_16-14-47.mp4,2458.0,2753.0,2189,2466,2727,3040,0.7854429
599,/Volumes/SmithL0/2026/BIOL470/Final/Learning_Rig/bee_0408_1_fwd/cam1_2026-04-08_16-14-47.mp4,1673.0,1662.0,1365,1364,1981,1960,0.57341385
600,/Volumes/SmithL0/2026/BIOL470/Final/Learning_Rig/bee_0408_1_fwd/cam1_2026-04-08_16-14-47.mp4,1709.0,1599.5,1361,1254,2057,1945,0.7848628
601,/Volumes/SmithL0/2026/BIOL470/Final/Learning_Rig/bee_0408_1_fwd/cam1_2026-04-08_16-14-47.mp4,2458.0,2753.0,2189,2467,2727,3039,0.7844315
602,/Volumes/SmithL0/2026/BIOL470/Final/Learning_Rig/bee_0408_1_fwd/cam1_2026-04-08_16-14-47.mp4,1608.5,1617.0,1354,1266,1863,1968,0.6903829
603,/Volumes/SmithL0/2026/BIOL470/Final/Learning_Rig/bee_0408_1_fwd/cam1_2026-04-08_16-14-47.mp4,2457.0,2749.5,2182,2462,2732,3037,0.7882039
604,/Volumes/SmithL0/2026/BIOL470/Final/Learning_Rig/bee_0408_1_fwd/cam1_2026-04-08_16-14-47.mp4,1771.5,1582.0,1509,1263,2034,1901,0.69350195
605,/Volumes/SmithL0/2026/BIOL470/Final/Learning_Rig/bee_0408_1_fwd/cam1_2026-04-08_16-14-47.mp4,1673.0,1609.0,1336,1263,2010,1955,0.6497967
606,/Volumes/SmithL0/2026/BIOL470/Final/Learning_Rig/bee_0408_1_fwd/cam1_2026-04-08_16-14-47.mp4,1572.0,1626.5,1336,1279,1808,1974,0.6068321
607,/Volumes/SmithL0/2026/BIOL470/Final/Learning_Rig/bee_0408_1_fwd/cam1_2026-04-08_16-14-47.mp4,1882.0,1610.5,1727,1316,2037,1905,0.5447354
608,/Volumes/SmithL0/2026/BIOL470/Final/Learning_Rig/bee_0408_1_fwd/cam1_2026-04-08_16-14-47.mp4,2458.5,2754.0,2190,2468,2727,3040,0.7832287
609,/Volumes/SmithL0/2026/BIOL470/Final/Learning_Rig/bee_0408_1_fwd/cam1_2026-04-08_16-14-47.mp4,1705.0,1658.5,1375,1414,2035,1903,0.7329517
610,/Volumes/SmithL0/2026/BIOL470/Final/Learning_Rig/bee_0408_1_fwd/cam1_2026-04-08_16-14-47.mp4,1870.0,1662.5,1710,1429,2030,1896,0.6849023
611,/Volumes/SmithL0/2026/BIOL470/Final/Learning_Rig/bee_0408_1_fwd/cam1_2026-04-08_16-14-47.mp4,1604.0,1671.5,1335,1368,1873,1975,0.6017508
612,/Volumes/SmithL0/2026/BIOL470/Final/Learning_Rig/bee_0408_1_fwd/cam1_2026-04-08_16-14-47.mp4,2459.0,2753.0,2190,2467,2728,3039,0.7769778
613,/Volumes/SmithL0/2026/BIOL470/Final/Learning_Rig/bee_0408_1_fwd/cam1_2026-04-08_16-14-47.mp4,1693.5,1628.0,1352,1350,2035,1906,0.71282846
614,/Volumes/SmithL0/2026/BIOL470/Final/Learning_Rig/bee_0408_1_fwd/cam1_2026-04-08_16-14-47.mp4,1596.5,1635.5,1335,1286,1858,1985,0.6881509
615,/Volumes/SmithL0/2026/BIOL470/Final/Learning_Rig/bee_0408_1_fwd/cam1_2026-04-08_16-14-47.mp4,2458.5,2753.0,2190,2467,2727,3039,0.7907302
616,/Volumes/SmithL0/2026/BIOL470/Final/Learning_Rig/bee_0408_1_fwd/cam1_2026-04-08_16-14-47.mp4,1680.0,1664.5,1323,1381,2037,1948,0.7145985
617,/Volumes/SmithL0/2026/BIOL470/Final/Learning_Rig/bee_0408_1_fwd/cam1_2026-04-08_16-14-47.mp4,1869.0,1680.0,1708,1456,2030,1904,0.62546134
618,/Volumes/SmithL0/2026/BIOL470/Final/Learning_Rig/bee_0408_1_fwd/cam1_2026-04-08_16-14-47.mp4,2457.0,2750.5,2180,2464,2734,3037,0.7714739
619,/Volumes/SmithL0/2026/BIOL470/Final/Learning_Rig/bee_0408_1_fwd/cam1_2026-04-08_16-14-47.mp4,1682.0,1632.0,1322,1316,2042,1948,0.7043421
620,/Volumes/SmithL0/2026/BIOL470/Final/Learning_Rig/bee_0408_1_fwd/cam1_2026-04-08_16-14-47.mp4,1871.5,1682.0,1713,1459,2030,1905,0.65230894
621,/Volumes/SmithL0/2026/BIOL470/Final/Learning_Rig/bee_0408_1_fwd/cam1_2026-04-08_16-14-47.mp4,1583.0,1658.0,1334,1326,1832,1990,0.6442206
622,/Volumes/SmithL0/2026/BIOL470/Final/Learning_Rig/bee_0408_1_fwd/cam1_2026-04-08_16-14-47.mp4,2458.5,2752.0,2190,2465,2727,3039,0.7850293
623,/Volumes/SmithL0/2026/BIOL470/Final/Learning_Rig/bee_0408_1_fwd/cam1_2026-04-08_16-14-47.mp4,1674.5,1676.5,1311,1425,2038,1928,0.68346024
624,/Volumes/SmithL0/2026/BIOL470/Final/Learning_Rig/bee_0408_1_fwd/cam1_2026-04-08_16-14-47.mp4,1577.5,1680.5,1331,1374,1824,1987,0.63361716
625,/Volumes/SmithL0/2026/BIOL470/Final/Learning_Rig/bee_0408_1_fwd/cam1_2026-04-08_16-14-47.mp4,1854.5,1683.5,1678,1446,2031,1921,0.5689099
626,/Volumes/SmithL0/2026/BIOL470/Final/Learning_Rig/bee_0408_1_fwd/cam1_2026-04-08_16-14-47.mp4,2458.5,2752.5,2190,2465,2727,3040,0.79154253
627,/Volumes/SmithL0/2026/BIOL470/Final/Learning_Rig/bee_0408_1_fwd/cam1_2026-04-08_16-14-47.mp4,1677.5,1690.0,1302,1450,2053,1930,0.71107495
628,/Volumes/SmithL0/2026/BIOL470/Final/Learning_Rig/bee_0408_1_fwd/cam1_2026-04-08_16-14-47.mp4,1827.5,1694.5,1617,1465,2038,1924,0.5876568
629,/Volumes/SmithL0/2026/BIOL470/Final/Learning_Rig/bee_0408_1_fwd/cam1_2026-04-08_16-14-47.mp4,1609.5,1696.5,1326,1407,1893,1986,0.5736415
630,/Volumes/SmithL0/2026/BIOL470/Final/Learning_Rig/bee_0408_1_fwd/cam1_2026-04-08_16-14-47.mp4,2458.0,2752.0,2190,2464,2726,3040,0.7849677
631,/Volumes/SmithL0/2026/BIOL470/Final/Learning_Rig/bee_0408_1_fwd/cam1_2026-04-08_16-14-47.mp4,1535.5,1687.5,1297,1393,1774,1982,0.6438611
632,/Volumes/SmithL0/2026/BIOL470/Final/Learning_Rig/bee_0408_1_fwd/cam1_2026-04-08_16-14-47.mp4,1648.0,1653.5,1282,1375,2014,1932,0.55987126
633,/Volumes/SmithL0/2026/BIOL470/Final/Learning_Rig/bee_0408_1_fwd/cam1_2026-04-08_16-14-47.mp4,1631.0,1667.5,1282,1345,1980,1990,0.7988644
634,/Volumes/SmithL0/2026/BIOL470/Final/Learning_Rig/bee_0408_1_fwd/cam1_2026-04-08_16-14-47.mp4,2458.5,2752.5,2190,2466,2727,3039,0.7854086
635,/Volumes/SmithL0/2026/BIOL470/Final/Learning_Rig/bee_0408_1_fwd/cam1_2026-04-08_16-14-47.mp4,1612.5,1670.5,1280,1334,1945,2007,0.7795904
636,/Volumes/SmithL0/2026/BIOL470/Final/Learning_Rig/bee_0408_1_fwd/cam1_2026-04-08_16-14-47.mp4,2459.0,2753.5,2191,2468,2727,3039,0.76443475
637,/Volumes/SmithL0/2026/BIOL470/Final/Learning_Rig/bee_0408_1_fwd/cam1_2026-04-08_16-14-47.mp4,1493.0,1665.5,1276,1330,1710,2001,0.63457716
638,/Volumes/SmithL0/2026/BIOL470/Final/Learning_Rig/bee_0408_1_fwd/cam1_2026-04-08_16-14-47.mp4,1576.0,1828.5,1213,1433,1939,2224,0.7862722
639,/Volumes/SmithL0/2026/BIOL470/Final/Learning_Rig/bee_0408_1_fwd/cam1_2026-04-08_16-14-47.mp4,2458.5,2754.0,2191,2469,2726,3039,0.7682375
640,/Volumes/SmithL0/2026/BIOL470/Final/Learning_Rig/bee_0408_1_fwd/cam1_2026-04-08_16-14-47.mp4,1566.0,1675.5,1197,1391,1935,1960,0.7491746
641,/Volumes/SmithL0/2026/BIOL470/Final/Learning_Rig/bee_0408_1_fwd/cam1_2026-04-08_16-14-47.mp4,1541.5,1741.5,1176,1484,1907,1999,0.79917586
642,/Volumes/SmithL0/2026/BIOL470/Final/Learning_Rig/bee_0408_1_fwd/cam1_2026-04-08_16-14-47.mp4,2458.0,2753.0,2189,2467,2727,3039,0.79101825
643,/Volumes/SmithL0/2026/BIOL470/Final/Learning_Rig/bee_0408_1_fwd/cam1_2026-04-08_16-14-47.mp4,2457.5,2753.5,2189,2467,2726,3040,0.7978341
644,/Volumes/SmithL0/2026/BIOL470/Final/Learning_Rig/bee_0408_1_fwd/cam1_2026-04-08_16-14-47.mp4,1500.5,1694.0,1130,1431,1871,1957,0.6916353
645,/Volumes/SmithL0/2026/BIOL470/Final/Learning_Rig/bee_0408_1_fwd/cam1_2026-04-08_16-14-47.mp4,1504.0,1843.0,1124,1458,1884,2228,0.6593435
646,/Volumes/SmithL0/2026/BIOL470/Final/Learning_Rig/bee_0408_1_fwd/cam1_2026-04-08_16-14-47.mp4,1455.0,1742.5,1110,1479,1800,2006,0.7922271
647,/Volumes/SmithL0/2026/BIOL470/Final/Learning_Rig/bee_0408_1_fwd/cam1_2026-04-08_16-14-47.mp4,2457.0,2752.0,2187,2464,2727,3040,0.7738119
648,/Volumes/SmithL0/2026/BIOL470/Final/Learning_Rig/bee_0408_1_fwd/cam1_2026-04-08_16-14-47.mp4,2458.0,2753.0,2189,2466,2727,3040,0.78821737
649,/Volumes/SmithL0/2026/BIOL470/Final/Learning_Rig/bee_0408_1_fwd/cam1_2026-04-08_16-14-47.mp4,1418.5,1754.0,1056,1488,1781,2020,0.7246881
650,/Volumes/SmithL0/2026/BIOL470/Final/Learning_Rig/bee_0408_1_fwd/cam1_2026-04-08_16-14-47.mp4,2459.0,2752.0,2190,2465,2728,3039,0.7844897
651,/Volumes/SmithL0/2026/BIOL470/Final/Learning_Rig/bee_0408_1_fwd/cam1_2026-04-08_16-14-47.mp4,1382.0,1767.0,1032,1496,1732,2038,0.7710126
652,/Volumes/SmithL0/2026/BIOL470/Final/Learning_Rig/bee_0408_1_fwd/cam1_2026-04-08_16-14-47.mp4,1351.5,1748.0,1026,1529,1677,1967,0.77735686
653,/Volumes/SmithL0/2026/BIOL470/Final/Learning_Rig/bee_0408_1_fwd/cam1_2026-04-08_16-14-47.mp4,2458.5,2752.5,2190,2466,2727,3039,0.7758026
654,/Volumes/SmithL0/2026/BIOL470/Final/Learning_Rig/bee_0408_1_fwd/cam1_2026-04-08_16-14-47.mp4,1323.0,1768.5,973,1549,1673,1988,0.79479927
655,/Volumes/SmithL0/2026/BIOL470/Final/Learning_Rig/bee_0408_1_fwd/cam1_2026-04-08_16-14-47.mp4,2460.0,2752.5,2192,2466,2728,3039,0.7683353
656,/Volumes/SmithL0/2026/BIOL470/Final/Learning_Rig/bee_0408_1_fwd/cam1_2026-04-08_16-14-47.mp4,1204.0,1778.5,971,1569,1437,1988,0.64885163
657,/Volumes/SmithL0/2026/BIOL470/Final/Learning_Rig/bee_0408_1_fwd/cam1_2026-04-08_16-14-47.mp4,2458.0,2752.5,2189,2465,2727,3040,0.7842733
658,/Volumes/SmithL0/2026/BIOL470/Final/Learning_Rig/bee_0408_1_fwd/cam1_2026-04-08_16-14-47.mp4,1311.5,1777.0,946,1554,1677,2000,0.7807977
659,/Volumes/SmithL0/2026/BIOL470/Final/Learning_Rig/bee_0408_1_fwd/cam1_2026-04-08_16-14-47.mp4,1182.0,1782.5,950,1566,1414,1999,0.67986745
660,/Volumes/SmithL0/2026/BIOL470/Final/Learning_Rig/bee_0408_1_fwd/cam1_2026-04-08_16-14-47.mp4,1220.0,1785.5,856,1539,1584,2032,0.8129525
661,/Volumes/SmithL0/2026/BIOL470/Final/Learning_Rig/bee_0408_1_fwd/cam1_2026-04-08_16-14-47.mp4,2458.5,2751.5,2189,2464,2728,3039,0.7877792
662,/Volumes/SmithL0/2026/BIOL470/Final/Learning_Rig/bee_0408_1_fwd/cam1_2026-04-08_16-14-47.mp4,1229.5,1784.5,864,1553,1595,2016,0.7884119
663,/Volumes/SmithL0/2026/BIOL470/Final/Learning_Rig/bee_0408_1_fwd/cam1_2026-04-08_16-14-47.mp4,2459.0,2752.5,2190,2466,2728,3039,0.78213394
664,/Volumes/SmithL0/2026/BIOL470/Final/Learning_Rig/bee_0408_1_fwd/cam1_2026-04-08_16-14-47.mp4,2459.0,2752.5,2191,2465,2727,3040,0.78687674
665,/Volumes/SmithL0/2026/BIOL470/Final/Learning_Rig/bee_0408_1_fwd/cam1_2026-04-08_16-14-47.mp4,1236.0,1774.0,874,1554,1598,1994,0.766341
666,/Volumes/SmithL0/2026/BIOL470/Final/Learning_Rig/bee_0408_1_fwd/cam1_2026-04-08_16-14-47.mp4,2458.5,2754.0,2190,2468,2727,3040,0.78040135
667,/Volumes/SmithL0/2026/BIOL470/Final/Learning_Rig/bee_0408_1_fwd/cam1_2026-04-08_16-14-47.mp4,1266.0,1767.0,904,1548,1628,1986,0.75891733
668,/Volumes/SmithL0/2026/BIOL470/Final/Learning_Rig/bee_0408_1_fwd/cam1_2026-04-08_16-14-47.mp4,2458.0,2752.5,2189,2466,2727,3039,0.7810442
669,/Volumes/SmithL0/2026/BIOL470/Final/Learning_Rig/bee_0408_1_fwd/cam1_2026-04-08_16-14-47.mp4,1271.5,1763.5,905,1549,1638,1978,0.7624065
670,/Volumes/SmithL0/2026/BIOL470/Final/Learning_Rig/bee_0408_1_fwd/cam1_2026-04-08_16-14-47.mp4,2457.5,2753.5,2189,2468,2726,3039,0.7906705
671,/Volumes/SmithL0/2026/BIOL470/Final/Learning_Rig/bee_0408_1_fwd/cam1_2026-04-08_16-14-47.mp4,1258.5,1765.5,896,1548,1621,1983,0.7758877
672,/Volumes/SmithL0/2026/BIOL470/Final/Learning_Rig/bee_0408_1_fwd/cam1_2026-04-08_16-14-47.mp4,1256.5,1767.5,895,1551,1618,1984,0.77112657
673,/Volumes/SmithL0/2026/BIOL470/Final/Learning_Rig/bee_0408_1_fwd/cam1_2026-04-08_16-14-47.mp4,2459.0,2754.0,2190,2468,2728,3040,0.76679355
674,/Volumes/SmithL0/2026/BIOL470/Final/Learning_Rig/bee_0408_1_fwd/cam1_2026-04-08_16-14-47.mp4,1251.5,1775.0,916,1564,1587,1986,0.7859646
675,/Volumes/SmithL0/2026/BIOL470/Final/Learning_Rig/bee_0408_1_fwd/cam1_2026-04-08_16-14-47.mp4,2459.0,2752.5,2190,2465,2728,3040,0.7849438
676,/Volumes/SmithL0/2026/BIOL470/Final/Learning_Rig/bee_0408_1_fwd/cam1_2026-04-08_16-14-47.mp4,1247.5,1814.0,896,1590,1599,2038,0.793193
677,/Volumes/SmithL0/2026/BIOL470/Final/Learning_Rig/bee_0408_1_fwd/cam1_2026-04-08_16-14-47.mp4,2459.0,2753.0,2190,2467,2728,3039,0.7832816
678,/Volumes/SmithL0/2026/BIOL470/Final/Learning_Rig/bee_0408_1_fwd/cam1_2026-04-08_16-14-47.mp4,1256.0,1893.0,996,1576,1516,2210,0.8076724
679,/Volumes/SmithL0/2026/BIOL470/Final/Learning_Rig/bee_0408_1_fwd/cam1_2026-04-08_16-14-47.mp4,2459.5,2753.0,2191,2467,2728,3039,0.767267
680,/Volumes/SmithL0/2026/BIOL470/Final/Learning_Rig/bee_0408_1_fwd/cam1_2026-04-08_16-14-47.mp4,867.0,2924.0,436,2808,1298,3040,0.53663385
681,/Volumes/SmithL0/2026/BIOL470/Final/Learning_Rig/bee_0408_1_fwd/cam1_2026-04-08_16-14-47.mp4,1342.0,1914.5,1027,1600,1657,2229,0.80084157
682,/Volumes/SmithL0/2026/BIOL470/Final/Learning_Rig/bee_0408_1_fwd/cam1_2026-04-08_16-14-47.mp4,2459.0,2754.0,2190,2468,2728,3040,0.7586161
683,/Volumes/SmithL0/2026/BIOL470/Final/Learning_Rig/bee_0408_1_fwd/cam1_2026-04-08_16-14-47.mp4,1334.0,1970.0,1051,1644,1617,2296,0.83453476
684,/Volumes/SmithL0/2026/BIOL470/Final/Learning_Rig/bee_0408_1_fwd/cam1_2026-04-08_16-14-47.mp4,2459.0,2754.0,2189,2468,2729,3040,0.7672624
685,/Volumes/SmithL0/2026/BIOL470/Final/Learning_Rig/bee_0408_1_fwd/cam1_2026-04-08_16-14-47.mp4,1351.0,1969.0,1080,1647,1622,2291,0.8428789
686,/Volumes/SmithL0/2026/BIOL470/Final/Learning_Rig/bee_0408_1_fwd/cam1_2026-04-08_16-14-47.mp4,2460.0,2753.5,2192,2467,2728,3040,0.7434824
687,/Volumes/SmithL0/2026/BIOL470/Final/Learning_Rig/bee_0408_1_fwd/cam1_2026-04-08_16-14-47.mp4,1369.0,1976.0,1115,1649,1623,2303,0.8331143
688,/Volumes/SmithL0/2026/BIOL470/Final/Learning_Rig/bee_0408_1_fwd/cam1_2026-04-08_16-14-47.mp4,2459.5,2754.0,2191,2469,2728,3039,0.7611538
689,/Volumes/SmithL0/2026/BIOL470/Final/Learning_Rig/bee_0408_1_fwd/cam1_2026-04-08_16-14-47.mp4,1370.5,1977.5,1113,1651,1628,2304,0.8469916
690,/Volumes/SmithL0/2026/BIOL470/Final/Learning_Rig/bee_0408_1_fwd/cam1_2026-04-08_16-14-47.mp4,2458.0,2753.5,2189,2468,2727,3039,0.72507507
691,/Volumes/SmithL0/2026/BIOL470/Final/Learning_Rig/bee_0408_1_fwd/cam1_2026-04-08_16-14-47.mp4,1376.0,1982.5,1123,1662,1629,2303,0.8338464
692,/Volumes/SmithL0/2026/BIOL470/Final/Learning_Rig/bee_0408_1_fwd/cam1_2026-04-08_16-14-47.mp4,2460.0,2753.5,2191,2468,2729,3039,0.7634358
693,/Volumes/SmithL0/2026/BIOL470/Final/Learning_Rig/bee_0408_1_fwd/cam1_2026-04-08_16-14-47.mp4,1364.5,1986.0,1081,1678,1648,2294,0.7820489
694,/Volumes/SmithL0/2026/BIOL470/Final/Learning_Rig/bee_0408_1_fwd/cam1_2026-04-08_16-14-47.mp4,2459.5,2754.0,2190,2468,2729,3040,0.76019084
695,/Volumes/SmithL0/2026/BIOL470/Final/Learning_Rig/bee_0408_1_fwd/cam1_2026-04-08_16-14-47.mp4,934.5,2924.0,563,2809,1306,3039,0.56845105
696,/Volumes/SmithL0/2026/BIOL470/Final/Learning_Rig/bee_0408_1_fwd/cam1_2026-04-08_16-14-47.mp4,1382.0,1987.5,1074,1695,1690,2280,0.77890456
697,/Volumes/SmithL0/2026/BIOL470/Final/Learning_Rig/bee_0408_1_fwd/cam1_2026-04-08_16-14-47.mp4,2453.0,2751.0,2169,2465,2737,3037,0.73153114
698,/Volumes/SmithL0/2026/BIOL470/Final/Learning_Rig/bee_0408_1_fwd/cam1_2026-04-08_16-14-47.mp4,879.0,2923.0,448,2806,1310,3040,0.6157627
699,/Volumes/SmithL0/2026/BIOL470/Final/Learning_Rig/bee_0408_1_fwd/cam1_2026-04-08_16-14-47.mp4,1023.0,2928.0,687,2816,1359,3040,0.5449806
700,/Volumes/SmithL0/2026/BIOL470/Final/Learning_Rig/bee_0408_1_fwd/cam1_2026-04-08_16-14-47.mp4,1411.0,2008.5,1054,1756,1768,2261,0.7701683
701,/Volumes/SmithL0/2026/BIOL470/Final/Learning_Rig/bee_0408_1_fwd/cam1_2026-04-08_16-14-47.mp4,2451.5,2751.0,2168,2465,2735,3037,0.7272529
702,/Volumes/SmithL0/2026/BIOL470/Final/Learning_Rig/bee_0408_1_fwd/cam1_2026-04-08_16-14-47.mp4,1594.5,2148.5,1446,2016,1743,2281,0.6651883
703,/Volumes/SmithL0/2026/BIOL470/Final/Learning_Rig/bee_0408_1_fwd/cam1_2026-04-08_16-14-47.mp4,1044.0,2928.0,724,2816,1364,3040,0.5009159
704,/Volumes/SmithL0/2026/BIOL470/Final/Learning_Rig/bee_0408_1_fwd/cam1_2026-04-08_16-14-47.mp4,1437.0,2041.5,1061,1784,1813,2299,0.7868567
705,/Volumes/SmithL0/2026/BIOL470/Final/Learning_Rig/bee_0408_1_fwd/cam1_2026-04-08_16-14-47.mp4,2459.0,2754.0,2189,2468,2729,3040,0.71530914
706,/Volumes/SmithL0/2026/BIOL470/Final/Learning_Rig/bee_0408_1_fwd/cam1_2026-04-08_16-14-47.mp4,1455.5,2029.0,1083,1786,1828,2272,0.79270846
707,/Volumes/SmithL0/2026/BIOL470/Final/Learning_Rig/bee_0408_1_fwd/cam1_2026-04-08_16-14-47.mp4,2459.0,2751.5,2190,2464,2728,3039,0.7657303
708,/Volumes/SmithL0/2026/BIOL470/Final/Learning_Rig/bee_0408_1_fwd/cam1_2026-04-08_16-14-47.mp4,1487.5,1995.5,1101,1712,1874,2279,0.79134643
709,/Volumes/SmithL0/2026/BIOL470/Final/Learning_Rig/bee_0408_1_fwd/cam1_2026-04-08_16-14-47.mp4,2459.0,2754.0,2190,2468,2728,3040,0.74220216
710,/Volumes/SmithL0/2026/BIOL470/Final/Learning_Rig/bee_0408_1_fwd/cam1_2026-04-08_16-14-47.mp4,1701.5,1923.5,1561,1796,1842,2051,0.5267242
711,/Volumes/SmithL0/2026/BIOL470/Final/Learning_Rig/bee_0408_1_fwd/cam1_2026-04-08_16-14-47.mp4,1498.0,1942.5,1134,1655,1862,2230,0.8369668
712,/Volumes/SmithL0/2026/BIOL470/Final/Learning_Rig/bee_0408_1_fwd/cam1_2026-04-08_16-14-47.mp4,2459.0,2753.0,2191,2467,2727,3039,0.7741008
713,/Volumes/SmithL0/2026/BIOL470/Final/Learning_Rig/bee_0408_1_fwd/cam1_2026-04-08_16-14-47.mp4,1468.5,1891.5,1204,1580,1733,2203,0.8100528
714,/Volumes/SmithL0/2026/BIOL470/Final/Learning_Rig/bee_0408_1_fwd/cam1_2026-04-08_16-14-47.mp4,2458.5,2753.5,2190,2467,2727,3040,0.78326315
715,/Volumes/SmithL0/2026/BIOL470/Final/Learning_Rig/bee_0408_1_fwd/cam1_2026-04-08_16-14-47.mp4,1656.0,1781.0,1497,1623,1815,1939,0.6690766
716,/Volumes/SmithL0/2026/BIOL470/Final/Learning_Rig/bee_0408_1_fwd/cam1_2026-04-08_16-14-47.mp4,867.5,2919.0,422,2798,1313,3040,0.50654185
717,/Volumes/SmithL0/2026/BIOL470/Final/Learning_Rig/bee_0408_1_fwd/cam1_2026-04-08_16-14-47.mp4,1547.0,1891.5,1245,1564,1849,2219,0.79573315
718,/Volumes/SmithL0/2026/BIOL470/Final/Learning_Rig/bee_0408_1_fwd/cam1_2026-04-08_16-14-47.mp4,2459.5,2752.5,2190,2465,2729,3040,0.77672285
719,/Volumes/SmithL0/2026/BIOL470/Final/Learning_Rig/bee_0408_1_fwd/cam1_2026-04-08_16-14-47.mp4,1458.0,1899.5,1244,1588,1672,2211,0.58511657
720,/Volumes/SmithL0/2026/BIOL470/Final/Learning_Rig/bee_0408_1_fwd/cam1_2026-04-08_16-14-47.mp4,2458.5,2752.5,2190,2466,2727,3039,0.8003809
721,/Volumes/SmithL0/2026/BIOL470/Final/Learning_Rig/bee_0408_1_fwd/cam1_2026-04-08_16-14-47.mp4,1561.5,1798.0,1327,1341,1796,2255,0.6145037
722,/Volumes/SmithL0/2026/BIOL470/Final/Learning_Rig/bee_0408_1_fwd/cam1_2026-04-08_16-14-47.mp4,2458.0,2753.0,2190,2467,2726,3039,0.7987691
723,/Volumes/SmithL0/2026/BIOL470/Final/Learning_Rig/bee_0408_1_fwd/cam1_2026-04-08_16-14-47.mp4,1692.0,1597.5,1394,1254,1990,1941,0.65703946
724,/Volumes/SmithL0/2026/BIOL470/Final/Learning_Rig/bee_0408_1_fwd/cam1_2026-04-08_16-14-47.mp4,2457.5,2753.5,2189,2468,2726,3039,0.7967082
725,/Volumes/SmithL0/2026/BIOL470/Final/Learning_Rig/bee_0408_1_fwd/cam1_2026-04-08_16-14-47.mp4,1702.5,1572.5,1395,1252,2010,1893,0.76463753
726,/Volumes/SmithL0/2026/BIOL470/Final/Learning_Rig/bee_0408_1_fwd/cam1_2026-04-08_16-14-47.mp4,2458.0,2752.5,2190,2465,2726,3040,0.7917379
727,/Volumes/SmithL0/2026/BIOL470/Final/Learning_Rig/bee_0408_1_fwd/cam1_2026-04-08_16-14-47.mp4,1755.0,1595.5,1435,1316,2075,1875,0.76147586
728,/Volumes/SmithL0/2026/BIOL470/Final/Learning_Rig/bee_0408_1_fwd/cam1_2026-04-08_16-14-47.mp4,1758.0,1539.5,1433,1235,2083,1844,0.8211542
729,/Volumes/SmithL0/2026/BIOL470/Final/Learning_Rig/bee_0408_1_fwd/cam1_2026-04-08_16-14-47.mp4,2458.0,2754.0,2190,2469,2726,3039,0.7834098
730,/Volumes/SmithL0/2026/BIOL470/Final/Learning_Rig/bee_0408_1_fwd/cam1_2026-04-08_16-14-47.mp4,1757.0,1470.5,1430,1149,2084,1792,0.82403284
731,/Volumes/SmithL0/2026/BIOL470/Final/Learning_Rig/bee_0408_1_fwd/cam1_2026-04-08_16-14-47.mp4,2458.0,2753.0,2191,2467,2725,3039,0.7778411
732,/Volumes/SmithL0/2026/BIOL470/Final/Learning_Rig/bee_0408_1_fwd/cam1_2026-04-08_16-14-47.mp4,1721.0,1501.0,1409,1163,2033,1839,0.78881687
733,/Volumes/SmithL0/2026/BIOL470/Final/Learning_Rig/bee_0408_1_fwd/cam1_2026-04-08_16-14-47.mp4,2458.0,2752.0,2190,2465,2726,3039,0.7772455
734,/Volumes/SmithL0/2026/BIOL470/Final/Learning_Rig/bee_0408_1_fwd/cam1_2026-04-08_16-14-47.mp4,1615.5,1499.0,1411,1169,1820,1829,0.52190596
735,/Volumes/SmithL0/2026/BIOL470/Final/Learning_Rig/bee_0408_1_fwd/cam1_2026-04-08_16-14-47.mp4,1690.0,1530.0,1370,1202,2010,1858,0.7961774
736,/Volumes/SmithL0/2026/BIOL470/Final/Learning_Rig/bee_0408_1_fwd/cam1_2026-04-08_16-14-47.mp4,2459.0,2752.5,2191,2465,2727,3040,0.77103317
737,/Volumes/SmithL0/2026/BIOL470/Final/Learning_Rig/bee_0408_1_fwd/cam1_2026-04-08_16-14-47.mp4,1781.0,1513.5,1531,1193,2031,1834,0.57517725
738,/Volumes/SmithL0/2026/BIOL470/Final/Learning_Rig/bee_0408_1_fwd/cam1_2026-04-08_16-14-47.mp4,1696.5,1527.0,1363,1203,2030,1851,0.7878908
739,/Volumes/SmithL0/2026/BIOL470/Final/Learning_Rig/bee_0408_1_fwd/cam1_2026-04-08_16-14-47.mp4,2459.5,2752.5,2191,2465,2728,3040,0.774459
740,/Volumes/SmithL0/2026/BIOL470/Final/Learning_Rig/bee_0408_1_fwd/cam1_2026-04-08_16-14-47.mp4,2460.0,2753.0,2192,2466,2728,3040,0.7799035
741,/Volumes/SmithL0/2026/BIOL470/Final/Learning_Rig/bee_0408_1_fwd/cam1_2026-04-08_16-14-47.mp4,1708.5,1592.5,1349,1316,2068,1869,0.76228416
742,/Volumes/SmithL0/2026/BIOL470/Final/Learning_Rig/bee_0408_1_fwd/cam1_2026-04-08_16-14-47.mp4,1560.0,1670.0,1352,1457,1768,1883,0.6801132
743,/Volumes/SmithL0/2026/BIOL470/Final/Learning_Rig/bee_0408_1_fwd/cam1_2026-04-08_16-14-47.mp4,2458.5,2752.0,2191,2464,2726,3040,0.78407586
744,/Volumes/SmithL0/2026/BIOL470/Final/Learning_Rig/bee_0408_1_fwd/cam1_2026-04-08_16-14-47.mp4,1717.0,1571.0,1365,1288,2069,1854,0.74809515
745,/Volumes/SmithL0/2026/BIOL470/Final/Learning_Rig/bee_0408_1_fwd/cam1_2026-04-08_16-14-47.mp4,1597.5,1581.0,1362,1271,1833,1891,0.7016929
746,/Volumes/SmithL0/2026/BIOL470/Final/Learning_Rig/bee_0408_1_fwd/cam1_2026-04-08_16-14-47.mp4,1868.0,1577.0,1678,1358,2058,1796,0.65499926
747,/Volumes/SmithL0/2026/BIOL470/Final/Learning_Rig/bee_0408_1_fwd/cam1_2026-04-08_16-14-47.mp4,2459.5,2753.0,2192,2466,2727,3040,0.77029204
748,/Volumes/SmithL0/2026/BIOL470/Final/Learning_Rig/bee_0408_1_fwd/cam1_2026-04-08_16-14-47.mp4,1752.5,1593.5,1442,1354,2063,1833,0.6975454
749,/Volumes/SmithL0/2026/BIOL470/Final/Learning_Rig/bee_0408_1_fwd/cam1_2026-04-08_16-14-47.mp4,1698.0,1654.0,1328,1347,2068,1961,0.63568205
750,/Volumes/SmithL0/2026/BIOL470/Final/Learning_Rig/bee_0408_1_fwd/cam1_2026-04-08_16-14-47.mp4,2459.5,2754.0,2191,2469,2728,3039,0.77533746
751,/Volumes/SmithL0/2026/BIOL470/Final/Learning_Rig/bee_0408_1_fwd/cam1_2026-04-08_16-14-47.mp4,1752.5,1613.0,1483,1387,2022,1839,0.7328122
752,/Volumes/SmithL0/2026/BIOL470/Final/Learning_Rig/bee_0408_1_fwd/cam1_2026-04-08_16-14-47.mp4,2458.0,2754.5,2190,2469,2726,3040,0.7821594
753,/Volumes/SmithL0/2026/BIOL470/Final/Learning_Rig/bee_0408_1_fwd/cam1_2026-04-08_16-14-47.mp4,1653.0,1694.0,1355,1494,1951,1894,0.6785696
754,/Volumes/SmithL0/2026/BIOL470/Final/Learning_Rig/bee_0408_1_fwd/cam1_2026-04-08_16-14-47.mp4,1652.0,1585.0,1344,1270,1960,1900,0.65692985
755,/Volumes/SmithL0/2026/BIOL470/Final/Learning_Rig/bee_0408_1_fwd/cam1_2026-04-08_16-14-47.mp4,1579.5,1754.5,1306,1455,1853,2054,0.8070972
756,/Volumes/SmithL0/2026/BIOL470/Final/Learning_Rig/bee_0408_1_fwd/cam1_2026-04-08_16-14-47.mp4,2459.0,2752.0,2190,2465,2728,3039,0.76941115
757,/Volumes/SmithL0/2026/BIOL470/Final/Learning_Rig/bee_0408_1_fwd/cam1_2026-04-08_16-14-47.mp4,1678.0,1625.0,1526,1468,1830,1782,0.7026265
758,/Volumes/SmithL0/2026/BIOL470/Final/Learning_Rig/bee_0408_1_fwd/cam1_2026-04-08_16-14-47.mp4,1587.5,1627.0,1323,1465,1852,1789,0.701372
759,/Volumes/SmithL0/2026/BIOL470/Final/Learning_Rig/bee_0408_1_fwd/cam1_2026-04-08_16-14-47.mp4,1536.0,1774.0,1249,1454,1823,2094,0.8069259
760,/Volumes/SmithL0/2026/BIOL470/Final/Learning_Rig/bee_0408_1_fwd/cam1_2026-04-08_16-14-47.mp4,2458.0,2753.5,2189,2467,2727,3040,0.7876153
761,/Volumes/SmithL0/2026/BIOL470/Final/Learning_Rig/bee_0408_1_fwd/cam1_2026-04-08_16-14-47.mp4,1546.5,1874.5,1272,1442,1821,2307,0.7874425
762,/Volumes/SmithL0/2026/BIOL470/Final/Learning_Rig/bee_0408_1_fwd/cam1_2026-04-08_16-14-47.mp4,2455.5,2750.0,2177,2463,2734,3037,0.74927664
763,/Volumes/SmithL0/2026/BIOL470/Final/Learning_Rig/bee_0408_1_fwd/cam1_2026-04-08_16-14-47.mp4,1576.5,1619.0,1359,1441,1794,1797,0.5399711
764,/Volumes/SmithL0/2026/BIOL470/Final/Learning_Rig/bee_0408_1_fwd/cam1_2026-04-08_16-14-47.mp4,1563.5,1739.5,1307,1417,1820,2062,0.8256285
765,/Volumes/SmithL0/2026/BIOL470/Final/Learning_Rig/bee_0408_1_fwd/cam1_2026-04-08_16-14-47.mp4,2456.5,2750.5,2181,2464,2732,3037,0.7593307
766,/Volumes/SmithL0/2026/BIOL470/Final/Learning_Rig/bee_0408_1_fwd/cam1_2026-04-08_16-14-47.mp4,1555.0,1861.5,1293,1408,1817,2315,0.5505773
767,/Volumes/SmithL0/2026/BIOL470/Final/Learning_Rig/bee_0408_1_fwd/cam1_2026-04-08_16-14-47.mp4,1584.5,1584.5,1413,1431,1756,1738,0.5304212
768,/Volumes/SmithL0/2026/BIOL470/Final/Learning_Rig/bee_0408_1_fwd/cam1_2026-04-08_16-14-47.mp4,1553.0,1732.0,1278,1380,1828,2084,0.80550146
769,/Volumes/SmithL0/2026/BIOL470/Final/Learning_Rig/bee_0408_1_fwd/cam1_2026-04-08_16-14-47.mp4,2456.0,2750.5,2180,2464,2732,3037,0.75267494
770,/Volumes/SmithL0/2026/BIOL470/Final/Learning_Rig/bee_0408_1_fwd/cam1_2026-04-08_16-14-47.mp4,1555.0,1730.5,1275,1379,1835,2082,0.7944367
771,/Volumes/SmithL0/2026/BIOL470/Final/Learning_Rig/bee_0408_1_fwd/cam1_2026-04-08_16-14-47.mp4,2458.0,2753.0,2190,2467,2726,3039,0.7797359
772,/Volumes/SmithL0/2026/BIOL470/Final/Learning_Rig/bee_0408_1_fwd/cam1_2026-04-08_16-14-47.mp4,1561.0,1833.5,1295,1584,1827,2083,0.70192313
773,/Volumes/SmithL0/2026/BIOL470/Final/Learning_Rig/bee_0408_1_fwd/cam1_2026-04-08_16-14-47.mp4,1573.0,1731.5,1297,1365,1849,2098,0.8033757
774,/Volumes/SmithL0/2026/BIOL470/Final/Learning_Rig/bee_0408_1_fwd/cam1_2026-04-08_16-14-47.mp4,2458.0,2753.0,2189,2467,2727,3039,0.77777344
775,/Volumes/SmithL0/2026/BIOL470/Final/Learning_Rig/bee_0408_1_fwd/cam1_2026-04-08_16-14-47.mp4,1526.0,1627.0,1372,1475,1680,1779,0.7873858
776,/Volumes/SmithL0/2026/BIOL470/Final/Learning_Rig/bee_0408_1_fwd/cam1_2026-04-08_16-14-47.mp4,1556.0,1849.5,1282,1465,1830,2234,0.7861555
777,/Volumes/SmithL0/2026/BIOL470/Final/Learning_Rig/bee_0408_1_fwd/cam1_2026-04-08_16-14-47.mp4,2458.5,2752.0,2190,2465,2727,3039,0.78025216
778,/Volumes/SmithL0/2026/BIOL470/Final/Learning_Rig/bee_0408_1_fwd/cam1_2026-04-08_16-14-47.mp4,1434.0,1939.5,1089,1645,1779,2234,0.79585284
779,/Volumes/SmithL0/2026/BIOL470/Final/Learning_Rig/bee_0408_1_fwd/cam1_2026-04-08_16-14-47.mp4,2458.0,2753.5,2189,2468,2727,3039,0.7567282
780,/Volumes/SmithL0/2026/BIOL470/Final/Learning_Rig/bee_0408_1_fwd/cam1_2026-04-08_16-14-47.mp4,1443.0,1980.5,1079,1717,1807,2244,0.7841862
781,/Volumes/SmithL0/2026/BIOL470/Final/Learning_Rig/bee_0408_1_fwd/cam1_2026-04-08_16-14-47.mp4,2459.0,2753.0,2190,2467,2728,3039,0.73154837
782,/Volumes/SmithL0/2026/BIOL470/Final/Learning_Rig/bee_0408_1_fwd/cam1_2026-04-08_16-14-47.mp4,856.5,2920.0,406,2800,1307,3040,0.5452604
783,/Volumes/SmithL0/2026/BIOL470/Final/Learning_Rig/bee_0408_1_fwd/cam1_2026-04-08_16-14-47.mp4,1465.5,1989.5,1095,1728,1836,2251,0.80787915
784,/Volumes/SmithL0/2026/BIOL470/Final/Learning_Rig/bee_0408_1_fwd/cam1_2026-04-08_16-14-47.mp4,2460.0,2753.0,2191,2467,2729,3039,0.7259435
785,/Volumes/SmithL0/2026/BIOL470/Final/Learning_Rig/bee_0408_1_fwd/cam1_2026-04-08_16-14-47.mp4,1038.5,2927.0,724,2814,1353,3040,0.53680784
786,/Volumes/SmithL0/2026/BIOL470/Final/Learning_Rig/bee_0408_1_fwd/cam1_2026-04-08_16-14-47.mp4,902.5,2923.0,495,2806,1310,3040,0.5299372
787,/Volumes/SmithL0/2026/BIOL470/Final/Learning_Rig/bee_0408_1_fwd/cam1_2026-04-08_16-14-47.mp4,1450.5,1998.5,1098,1749,1803,2248,0.8141416
788,/Volumes/SmithL0/2026/BIOL470/Final/Learning_Rig/bee_0408_1_fwd/cam1_2026-04-08_16-14-47.mp4,2459.0,2752.0,2189,2465,2729,3039,0.7340629
789,/Volumes/SmithL0/2026/BIOL470/Final/Learning_Rig/bee_0408_1_fwd/cam1_2026-04-08_16-14-47.mp4,1445.5,1993.0,1098,1735,1793,2251,0.80748355
790,/Volumes/SmithL0/2026/BIOL470/Final/Learning_Rig/bee_0408_1_fwd/cam1_2026-04-08_16-14-47.mp4,2457.5,2753.0,2188,2467,2727,3039,0.7447724
791,/Volumes/SmithL0/2026/BIOL470/Final/Learning_Rig/bee_0408_1_fwd/cam1_2026-04-08_16-14-47.mp4,1640.0,1976.0,1484,1844,1796,2108,0.62395287
792,/Volumes/SmithL0/2026/BIOL470/Final/Learning_Rig/bee_0408_1_fwd/cam1_2026-04-08_16-14-47.mp4,1630.5,1965.5,1467,1820,1794,2111,0.83042014
793,/Volumes/SmithL0/2026/BIOL470/Final/Learning_Rig/bee_0408_1_fwd/cam1_2026-04-08_16-14-47.mp4,1455.0,2025.5,1120,1784,1790,2267,0.7960393
794,/Volumes/SmithL0/2026/BIOL470/Final/Learning_Rig/bee_0408_1_fwd/cam1_2026-04-08_16-14-47.mp4,2459.0,2754.0,2191,2469,2727,3039,0.75966126
795,/Volumes/SmithL0/2026/BIOL470/Final/Learning_Rig/bee_0408_1_fwd/cam1_2026-04-08_16-14-47.mp4,866.5,2922.5,437,2805,1296,3040,0.5511412
796,/Volumes/SmithL0/2026/BIOL470/Final/Learning_Rig/bee_0408_1_fwd/cam1_2026-04-08_16-14-47.mp4,1440.0,2087.0,1173,1762,1707,2412,0.8274548
797,/Volumes/SmithL0/2026/BIOL470/Final/Learning_Rig/bee_0408_1_fwd/cam1_2026-04-08_16-14-47.mp4,2460.5,2753.5,2192,2467,2729,3040,0.76206726
798,/Volumes/SmithL0/2026/BIOL470/Final/Learning_Rig/bee_0408_1_fwd/cam1_2026-04-08_16-14-47.mp4,1370.0,2100.5,1075,1757,1665,2444,0.82110876
799,/Volumes/SmithL0/2026/BIOL470/Final/Learning_Rig/bee_0408_1_fwd/cam1_2026-04-08_16-14-47.mp4,2459.5,2752.5,2191,2466,2728,3039,0.7467336
800,/Volumes/SmithL0/2026/BIOL470/Final/Learning_Rig/bee_0408_1_fwd/cam1_2026-04-08_16-14-47.mp4,1388.0,2084.0,1071,1767,1705,2401,0.7942138
801,/Volumes/SmithL0/2026/BIOL470/Final/Learning_Rig/bee_0408_1_fwd/cam1_2026-04-08_16-14-47.mp4,2459.0,2752.5,2190,2466,2728,3039,0.7463547
802,/Volumes/SmithL0/2026/BIOL470/Final/Learning_Rig/bee_0408_1_fwd/cam1_2026-04-08_16-14-47.mp4,1019.0,2925.5,742,2811,1296,3040,0.5449971
803,/Volumes/SmithL0/2026/BIOL470/Final/Learning_Rig/bee_0408_1_fwd/cam1_2026-04-08_16-14-47.mp4,1392.0,2080.5,1054,1773,1730,2388,0.77392244
804,/Volumes/SmithL0/2026/BIOL470/Final/Learning_Rig/bee_0408_1_fwd/cam1_2026-04-08_16-14-47.mp4,2457.5,2752.5,2188,2465,2727,3040,0.76386255
805,/Volumes/SmithL0/2026/BIOL470/Final/Learning_Rig/bee_0408_1_fwd/cam1_2026-04-08_16-14-47.mp4,1466.0,2057.5,1130,1771,1802,2344,0.8056347
806,/Volumes/SmithL0/2026/BIOL470/Final/Learning_Rig/bee_0408_1_fwd/cam1_2026-04-08_16-14-47.mp4,2457.0,2752.5,2186,2466,2728,3039,0.75991005
807,/Volumes/SmithL0/2026/BIOL470/Final/Learning_Rig/bee_0408_1_fwd/cam1_2026-04-08_16-14-47.mp4,1534.0,2030.5,1143,1763,1925,2298,0.78686994
808,/Volumes/SmithL0/2026/BIOL470/Final/Learning_Rig/bee_0408_1_fwd/cam1_2026-04-08_16-14-47.mp4,2453.0,2749.5,2171,2462,2735,3037,0.70440006
809,/Volumes/SmithL0/2026/BIOL470/Final/Learning_Rig/bee_0408_1_fwd/cam1_2026-04-08_16-14-47.mp4,1447.0,2014.0,1187,1743,1707,2285,0.80832124
810,/Volumes/SmithL0/2026/BIOL470/Final/Learning_Rig/bee_0408_1_fwd/cam1_2026-04-08_16-14-47.mp4,2459.5,2753.0,2191,2467,2728,3039,0.7511943
811,/Volumes/SmithL0/2026/BIOL470/Final/Learning_Rig/bee_0408_1_fwd/cam1_2026-04-08_16-14-47.mp4,1512.0,1989.5,1210,1714,1814,2265,0.7823605
812,/Volumes/SmithL0/2026/BIOL470/Final/Learning_Rig/bee_0408_1_fwd/cam1_2026-04-08_16-14-47.mp4,2460.0,2753.0,2191,2466,2729,3040,0.7649214
813,/Volumes/SmithL0/2026/BIOL470/Final/Learning_Rig/bee_0408_1_fwd/cam1_2026-04-08_16-14-47.mp4,1571.5,1951.0,1213,1655,1930,2247,0.834669
814,/Volumes/SmithL0/2026/BIOL470/Final/Learning_Rig/bee_0408_1_fwd/cam1_2026-04-08_16-14-47.mp4,2459.5,2753.0,2190,2466,2729,3040,0.7678637
815,/Volumes/SmithL0/2026/BIOL470/Final/Learning_Rig/bee_0408_1_fwd/cam1_2026-04-08_16-14-47.mp4,1594.5,1908.5,1259,1591,1930,2226,0.8197927
816,/Volumes/SmithL0/2026/BIOL470/Final/Learning_Rig/bee_0408_1_fwd/cam1_2026-04-08_16-14-47.mp4,2454.0,2750.0,2174,2463,2734,3037,0.74748415
817,/Volumes/SmithL0/2026/BIOL470/Final/Learning_Rig/bee_0408_1_fwd/cam1_2026-04-08_16-14-47.mp4,2458.0,2752.0,2189,2465,2727,3039,0.77532893
818,/Volumes/SmithL0/2026/BIOL470/Final/Learning_Rig/bee_0408_1_fwd/cam1_2026-04-08_16-14-47.mp4,1611.5,1892.0,1326,1552,1897,2232,0.7704489
819,/Volumes/SmithL0/2026/BIOL470/Final/Learning_Rig/bee_0408_1_fwd/cam1_2026-04-08_16-14-47.mp4,1510.0,1893.0,1308,1561,1712,2225,0.6852434
820,/Volumes/SmithL0/2026/BIOL470/Final/Learning_Rig/bee_0408_1_fwd/cam1_2026-04-08_16-14-47.mp4,1777.0,1745.5,1628,1560,1926,1931,0.51238775
821,/Volumes/SmithL0/2026/BIOL470/Final/Learning_Rig/bee_0408_1_fwd/cam1_2026-04-08_16-14-47.mp4,2457.5,2752.5,2189,2466,2726,3039,0.793175
822,/Volumes/SmithL0/2026/BIOL470/Final/Learning_Rig/bee_0408_1_fwd/cam1_2026-04-08_16-14-47.mp4,1554.0,1765.5,1336,1431,1772,2100,0.5960378
823,/Volumes/SmithL0/2026/BIOL470/Final/Learning_Rig/bee_0408_1_fwd/cam1_2026-04-08_16-14-47.mp4,2458.0,2753.5,2190,2467,2726,3040,0.791351
824,/Volumes/SmithL0/2026/BIOL470/Final/Learning_Rig/bee_0408_1_fwd/cam1_2026-04-08_16-14-47.mp4,1713.0,1671.0,1413,1360,2013,1982,0.71296585
825,/Volumes/SmithL0/2026/BIOL470/Final/Learning_Rig/bee_0408_1_fwd/cam1_2026-04-08_16-14-47.mp4,1821.0,1513.5,1665,1351,1977,1676,0.67761445
826,/Volumes/SmithL0/2026/BIOL470/Final/Learning_Rig/bee_0408_1_fwd/cam1_2026-04-08_16-14-47.mp4,2458.0,2753.0,2190,2466,2726,3040,0.7816416
827,/Volumes/SmithL0/2026/BIOL470/Final/Learning_Rig/bee_0408_1_fwd/cam1_2026-04-08_16-14-47.mp4,1723.0,1654.5,1488,1309,1958,2000,0.6736119
828,/Volumes/SmithL0/2026/BIOL470/Final/Learning_Rig/bee_0408_1_fwd/cam1_2026-04-08_16-14-47.mp4,1740.5,1730.5,1456,1461,2025,2000,0.53177834
829,/Volumes/SmithL0/2026/BIOL470/Final/Learning_Rig/bee_0408_1_fwd/cam1_2026-04-08_16-14-47.mp4,2458.0,2753.5,2189,2467,2727,3040,0.78524196
830,/Volumes/SmithL0/2026/BIOL470/Final/Learning_Rig/bee_0408_1_fwd/cam1_2026-04-08_16-14-47.mp4,1664.5,1757.0,1419,1430,1910,2084,0.7295482
831,/Volumes/SmithL0/2026/BIOL470/Final/Learning_Rig/bee_0408_1_fwd/cam1_2026-04-08_16-14-47.mp4,1930.5,1556.5,1743,1375,2118,1738,0.5813474
832,/Volumes/SmithL0/2026/BIOL470/Final/Learning_Rig/bee_0408_1_fwd/cam1_2026-04-08_16-14-47.mp4,1952.0,1606.0,1800,1441,2104,1771,0.89731216
833,/Volumes/SmithL0/2026/BIOL470/Final/Learning_Rig/bee_0408_1_fwd/cam1_2026-04-08_16-14-47.mp4,2457.5,2752.5,2190,2465,2725,3040,0.79725623
834,/Volumes/SmithL0/2026/BIOL470/Final/Learning_Rig/bee_0408_1_fwd/cam1_2026-04-08_16-14-47.mp4,1694.0,1744.0,1462,1445,1926,2043,0.77405304
835,/Volumes/SmithL0/2026/BIOL470/Final/Learning_Rig/bee_0408_1_fwd/cam1_2026-04-08_16-14-47.mp4,1976.5,1610.0,1823,1444,2130,1776,0.9024713
836,/Volumes/SmithL0/2026/BIOL470/Final/Learning_Rig/bee_0408_1_fwd/cam1_2026-04-08_16-14-47.mp4,2457.5,2752.5,2189,2465,2726,3040,0.7953653
837,/Volumes/SmithL0/2026/BIOL470/Final/Learning_Rig/bee_0408_1_fwd/cam1_2026-04-08_16-14-47.mp4,1727.0,1734.5,1513,1444,1941,2025,0.69850874
838,/Volumes/SmithL0/2026/BIOL470/Final/Learning_Rig/bee_0408_1_fwd/cam1_2026-04-08_16-14-47.mp4,2458.0,2753.0,2190,2467,2726,3039,0.79938537
839,/Volumes/SmithL0/2026/BIOL470/Final/Learning_Rig/bee_0408_1_fwd/cam1_2026-04-08_16-14-47.mp4,1767.0,1695.5,1540,1412,1994,1979,0.76426184
840,/Volumes/SmithL0/2026/BIOL470/Final/Learning_Rig/bee_0408_1_fwd/cam1_2026-04-08_16-14-47.mp4,1845.5,1695.0,1522,1409,2169,1981,0.70621794
841,/Volumes/SmithL0/2026/BIOL470/Final/Learning_Rig/bee_0408_1_fwd/cam1_2026-04-08_16-14-47.mp4,2458.5,2751.0,2190,2463,2727,3039,0.80295974
842,/Volumes/SmithL0/2026/BIOL470/Final/Learning_Rig/bee_0408_1_fwd/cam1_2026-04-08_16-14-47.mp4,1743.5,1735.0,1508,1496,1979,1974,0.78038806
843,/Volumes/SmithL0/2026/BIOL470/Final/Learning_Rig/bee_0408_1_fwd/cam1_2026-04-08_16-14-47.mp4,1824.0,1729.5,1492,1484,2156,1975,0.73472023
844,/Volumes/SmithL0/2026/BIOL470/Final/Learning_Rig/bee_0408_1_fwd/cam1_2026-04-08_16-14-47.mp4,2040.5,1693.5,1889,1482,2192,1905,0.5317587
845,/Volumes/SmithL0/2026/BIOL470/Final/Learning_Rig/bee_0408_1_fwd/cam1_2026-04-08_16-14-47.mp4,2458.0,2753.0,2190,2466,2726,3040,0.79238826
846,/Volumes/SmithL0/2026/BIOL470/Final/Learning_Rig/bee_0408_1_fwd/cam1_2026-04-08_16-14-47.mp4,1753.0,1738.5,1525,1501,1981,1976,0.7787713
847,/Volumes/SmithL0/2026/BIOL470/Final/Learning_Rig/bee_0408_1_fwd/cam1_2026-04-08_16-14-47.mp4,2040.0,1692.5,1885,1480,2195,1905,0.5680028
848,/Volumes/SmithL0/2026/BIOL470/Final/Learning_Rig/bee_0408_1_fwd/cam1_2026-04-08_16-14-47.mp4,2458.5,2751.5,2190,2464,2727,3039,0.8021118
849,/Volumes/SmithL0/2026/BIOL470/Final/Learning_Rig/bee_0408_1_fwd/cam1_2026-04-08_16-14-47.mp4,1787.5,1720.0,1481,1377,2094,2063,0.79090387
850,/Volumes/SmithL0/2026/BIOL470/Final/Learning_Rig/bee_0408_1_fwd/cam1_2026-04-08_16-14-47.mp4,2458.5,2752.5,2191,2466,2726,3039,0.79589665
851,/Volumes/SmithL0/2026/BIOL470/Final/Learning_Rig/bee_0408_1_fwd/cam1_2026-04-08_16-14-47.mp4,1782.5,1700.5,1481,1346,2084,2055,0.74843645
852,/Volumes/SmithL0/2026/BIOL470/Final/Learning_Rig/bee_0408_1_fwd/cam1_2026-04-08_16-14-47.mp4,2457.5,2752.5,2189,2465,2726,3040,0.80355257
853,/Volumes/SmithL0/2026/BIOL470/Final/Learning_Rig/bee_0408_1_fwd/cam1_2026-04-08_16-14-47.mp4,1750.0,1663.0,1496,1287,2004,2039,0.7494473
854,/Volumes/SmithL0/2026/BIOL470/Final/Learning_Rig/bee_0408_1_fwd/cam1_2026-04-08_16-14-47.mp4,1707.5,1627.0,1397,1258,2018,1996,0.7924724
855,/Volumes/SmithL0/2026/BIOL470/Final/Learning_Rig/bee_0408_1_fwd/cam1_2026-04-08_16-14-47.mp4,2457.5,2753.0,2189,2467,2726,3039,0.7915533
856,/Volumes/SmithL0/2026/BIOL470/Final/Learning_Rig/bee_0408_1_fwd/cam1_2026-04-08_16-14-47.mp4,2458.0,2755.0,2190,2470,2726,3040,0.7948483
857,/Volumes/SmithL0/2026/BIOL470/Final/Learning_Rig/bee_0408_1_fwd/cam1_2026-04-08_16-14-47.mp4,1749.5,1529.0,1412,1174,2087,1884,0.7631966
858,/Volumes/SmithL0/2026/BIOL470/Final/Learning_Rig/bee_0408_1_fwd/cam1_2026-04-08_16-14-47.mp4,2457.0,2753.5,2189,2468,2725,3039,0.7988745
859,/Volumes/SmithL0/2026/BIOL470/Final/Learning_Rig/bee_0408_1_fwd/cam1_2026-04-08_16-14-47.mp4,1634.0,1424.0,1315,1079,1953,1769,0.78461736
860,/Volumes/SmithL0/2026/BIOL470/Final/Learning_Rig/bee_0408_1_fwd/cam1_2026-04-08_16-14-47.mp4,1493.0,1291.5,1320,1080,1666,1503,0.5985798
861,/Volumes/SmithL0/2026/BIOL470/Final/Learning_Rig/bee_0408_1_fwd/cam1_2026-04-08_16-14-47.mp4,2457.0,2752.5,2189,2466,2725,3039,0.79969674
862,/Volumes/SmithL0/2026/BIOL470/Final/Learning_Rig/bee_0408_1_fwd/cam1_2026-04-08_16-14-47.mp4,1501.5,1126.5,1193,764,1810,1489,0.7803206
863,/Volumes/SmithL0/2026/BIOL470/Final/Learning_Rig/bee_0408_1_fwd/cam1_2026-04-08_16-14-47.mp4,2458.5,2752.0,2191,2465,2726,3039,0.7934951
864,/Volumes/SmithL0/2026/BIOL470/Final/Learning_Rig/bee_0408_1_fwd/cam1_2026-04-08_16-14-47.mp4,1407.5,1030.5,1095,655,1720,1406,0.57397574
865,/Volumes/SmithL0/2026/BIOL470/Final/Learning_Rig/bee_0408_1_fwd/cam1_2026-04-08_16-14-47.mp4,2458.0,2752.5,2190,2466,2726,3039,0.79131913
866,/Volumes/SmithL0/2026/BIOL470/Final/Learning_Rig/bee_0408_1_fwd/cam1_2026-04-08_16-14-47.mp4,2459.5,2752.0,2192,2465,2727,3039,0.77372366
867,/Volumes/SmithL0/2026/BIOL470/Final/Learning_Rig/bee_0408_1_fwd/cam1_2026-04-08_16-14-47.mp4,1545.5,866.5,1235,508,1856,1225,0.67204106
868,/Volumes/SmithL0/2026/BIOL470/Final/Learning_Rig/bee_0408_1_fwd/cam1_2026-04-08_16-14-47.mp4,2458.5,2753.5,2190,2467,2727,3040,0.77574426
869,/Volumes/SmithL0/2026/BIOL470/Final/Learning_Rig/bee_0408_1_fwd/cam1_2026-04-08_16-14-47.mp4,1595.5,788.5,1326,432,1865,1145,0.62424535
870,/Volumes/SmithL0/2026/BIOL470/Final/Learning_Rig/bee_0408_1_fwd/cam1_2026-04-08_16-14-47.mp4,1659.0,701.0,1438,377,1880,1025,0.77408004
871,/Volumes/SmithL0/2026/BIOL470/Final/Learning_Rig/bee_0408_1_fwd/cam1_2026-04-08_16-14-47.mp4,2459.5,2753.5,2191,2467,2728,3040,0.76276773
872,/Volumes/SmithL0/2026/BIOL470/Final/Learning_Rig/bee_0408_1_fwd/cam1_2026-04-08_16-14-47.mp4,1760.0,694.0,1436,365,2084,1023,0.64372176
873,/Volumes/SmithL0/2026/BIOL470/Final/Learning_Rig/bee_0408_1_fwd/cam1_2026-04-08_16-14-47.mp4,2458.0,2752.5,2190,2466,2726,3039,0.79007137
874,/Volumes/SmithL0/2026/BIOL470/Final/Learning_Rig/bee_0408_1_fwd/cam1_2026-04-08_16-14-47.mp4,1985.0,382.0,1851,230,2119,534,0.7309522
875,/Volumes/SmithL0/2026/BIOL470/Final/Learning_Rig/bee_0408_1_fwd/cam1_2026-04-08_16-14-47.mp4,1843.5,663.0,1503,375,2184,951,0.69060874
876,/Volumes/SmithL0/2026/BIOL470/Final/Learning_Rig/bee_0408_1_fwd/cam1_2026-04-08_16-14-47.mp4,1846.0,742.0,1512,543,2180,941,0.65991163
877,/Volumes/SmithL0/2026/BIOL470/Final/Learning_Rig/bee_0408_1_fwd/cam1_2026-04-08_16-14-47.mp4,2458.5,2753.0,2191,2466,2726,3040,0.767585
878,/Volumes/SmithL0/2026/BIOL470/Final/Learning_Rig/bee_0408_1_fwd/cam1_2026-04-08_16-14-47.mp4,2458.5,2753.5,2191,2468,2726,3039,0.7819081
879,/Volumes/SmithL0/2026/BIOL470/Final/Learning_Rig/bee_0408_1_fwd/cam1_2026-04-08_16-14-47.mp4,1887.5,593.0,1532,252,2243,934,0.6422057
880,/Volumes/SmithL0/2026/BIOL470/Final/Learning_Rig/bee_0408_1_fwd/cam1_2026-04-08_16-14-47.mp4,2018.0,554.5,1805,249,2231,860,0.60072535
881,/Volumes/SmithL0/2026/BIOL470/Final/Learning_Rig/bee_0408_1_fwd/cam1_2026-04-08_16-14-47.mp4,2076.5,468.0,1923,264,2230,672,0.5741037
882,/Volumes/SmithL0/2026/BIOL470/Final/Learning_Rig/bee_0408_1_fwd/cam1_2026-04-08_16-14-47.mp4,2033.5,448.5,1903,283,2164,614,0.8255675
883,/Volumes/SmithL0/2026/BIOL470/Final/Learning_Rig/bee_0408_1_fwd/cam1_2026-04-08_16-14-47.mp4,2457.5,2752.5,2190,2466,2725,3039,0.79167765
884,/Volumes/SmithL0/2026/BIOL470/Final/Learning_Rig/bee_0408_1_fwd/cam1_2026-04-08_16-14-47.mp4,1878.0,615.0,1568,251,2188,979,0.7565459
885,/Volumes/SmithL0/2026/BIOL470/Final/Learning_Rig/bee_0408_1_fwd/cam1_2026-04-08_16-14-47.mp4,2458.5,2754.0,2190,2468,2727,3040,0.7653542
886,/Volumes/SmithL0/2026/BIOL470/Final/Learning_Rig/bee_0408_1_fwd/cam1_2026-04-08_16-14-47.mp4,1842.0,680.5,1599,332,2085,1029,0.75471926
887,/Volumes/SmithL0/2026/BIOL470/Final/Learning_Rig/bee_0408_1_fwd/cam1_2026-04-08_16-14-47.mp4,1807.0,645.5,1516,263,2098,1028,0.8154417
888,/Volumes/SmithL0/2026/BIOL470/Final/Learning_Rig/bee_0408_1_fwd/cam1_2026-04-08_16-14-47.mp4,2458.0,2755.5,2189,2472,2727,3039,0.75233364
889,/Volumes/SmithL0/2026/BIOL470/Final/Learning_Rig/bee_0408_1_fwd/cam1_2026-04-08_16-14-47.mp4,1757.5,608.0,1446,240,2069,976,0.80762935
890,/Volumes/SmithL0/2026/BIOL470/Final/Learning_Rig/bee_0408_1_fwd/cam1_2026-04-08_16-14-47.mp4,2458.5,2754.0,2190,2469,2727,3039,0.7652704
891,/Volumes/SmithL0/2026/BIOL470/Final/Learning_Rig/bee_0408_1_fwd/cam1_2026-04-08_16-14-47.mp4,1671.5,541.5,1317,212,2026,871,0.80800605
892,/Volumes/SmithL0/2026/BIOL470/Final/Learning_Rig/bee_0408_1_fwd/cam1_2026-04-08_16-14-47.mp4,2458.5,2754.0,2191,2468,2726,3040,0.77809054
893,/Volumes/SmithL0/2026/BIOL470/Final/Learning_Rig/bee_0408_1_fwd/cam1_2026-04-08_16-14-47.mp4,1474.5,404.5,1329,229,1620,580,0.61647505
894,/Volumes/SmithL0/2026/BIOL470/Final/Learning_Rig/bee_0408_1_fwd/cam1_2026-04-08_16-14-47.mp4,2458.5,2753.5,2190,2467,2727,3040,0.7851567
895,/Volumes/SmithL0/2026/BIOL470/Final/Learning_Rig/bee_0408_1_fwd/cam1_2026-04-08_16-14-47.mp4,1561.5,574.5,1201,222,1922,927,0.7280016
896,/Volumes/SmithL0/2026/BIOL470/Final/Learning_Rig/bee_0408_1_fwd/cam1_2026-04-08_16-14-47.mp4,2458.0,2753.0,2190,2467,2726,3039,0.7895239
897,/Volumes/SmithL0/2026/BIOL470/Final/Learning_Rig/bee_0408_1_fwd/cam1_2026-04-08_16-14-47.mp4,1439.5,501.0,1023,241,1856,761,0.7876013
898,/Volumes/SmithL0/2026/BIOL470/Final/Learning_Rig/bee_0408_1_fwd/cam1_2026-04-08_16-14-47.mp4,1440.0,613.0,1036,236,1844,990,0.77911437
899,/Volumes/SmithL0/2026/BIOL470/Final/Learning_Rig/bee_0408_1_fwd/cam1_2026-04-08_16-14-47.mp4,2458.5,2752.5,2191,2466,2726,3039,0.80064917
900,/Volumes/SmithL0/2026/BIOL470/Final/Learning_Rig/bee_0408_1_fwd/cam1_2026-04-08_16-14-47.mp4,1366.0,476.0,944,179,1788,773,0.77687883
901,/Volumes/SmithL0/2026/BIOL470/Final/Learning_Rig/bee_0408_1_fwd/cam1_2026-04-08_16-14-47.mp4,2459.5,2751.5,2192,2464,2727,3039,0.80037916
902,/Volumes/SmithL0/2026/BIOL470/Final/Learning_Rig/bee_0408_1_fwd/cam1_2026-04-08_16-14-47.mp4,1289.0,627.0,880,262,1698,992,0.7609161
903,/Volumes/SmithL0/2026/BIOL470/Final/Learning_Rig/bee_0408_1_fwd/cam1_2026-04-08_16-14-47.mp4,1034.5,597.0,887,465,1182,729,0.6831897
904,/Volumes/SmithL0/2026/BIOL470/Final/Learning_Rig/bee_0408_1_fwd/cam1_2026-04-08_16-14-47.mp4,1309.0,643.0,914,329,1704,957,0.82583326
905,/Volumes/SmithL0/2026/BIOL470/Final/Learning_Rig/bee_0408_1_fwd/cam1_2026-04-08_16-14-47.mp4,2458.5,2753.0,2191,2466,2726,3040,0.8032363
906,/Volumes/SmithL0/2026/BIOL470/Final/Learning_Rig/bee_0408_1_fwd/cam1_2026-04-08_16-14-47.mp4,2458.0,2752.5,2190,2466,2726,3039,0.80045265
907,/Volumes/SmithL0/2026/BIOL470/Final/Learning_Rig/bee_0408_1_fwd/cam1_2026-04-08_16-14-47.mp4,1358.5,659.0,945,332,1772,986,0.8003934
908,/Volumes/SmithL0/2026/BIOL470/Final/Learning_Rig/bee_0408_1_fwd/cam1_2026-04-08_16-14-47.mp4,2458.0,2752.0,2190,2465,2726,3039,0.80090433
909,/Volumes/SmithL0/2026/BIOL470/Final/Learning_Rig/bee_0408_1_fwd/cam1_2026-04-08_16-14-47.mp4,1419.0,668.0,1037,354,1801,982,0.7919525
910,/Volumes/SmithL0/2026/BIOL470/Final/Learning_Rig/bee_0408_1_fwd/cam1_2026-04-08_16-14-47.mp4,1594.5,671.0,1392,382,1797,960,0.7209739
911,/Volumes/SmithL0/2026/BIOL470/Final/Learning_Rig/bee_0408_1_fwd/cam1_2026-04-08_16-14-47.mp4,1628.5,541.5,1461,386,1796,697,0.85769004
912,/Volumes/SmithL0/2026/BIOL470/Final/Learning_Rig/bee_0408_1_fwd/cam1_2026-04-08_16-14-47.mp4,2459.5,2753.0,2192,2466,2727,3040,0.78619796
913,/Volumes/SmithL0/2026/BIOL470/Final/Learning_Rig/bee_0408_1_fwd/cam1_2026-04-08_16-14-47.mp4,1493.0,646.5,1181,314,1805,979,0.7630559
914,/Volumes/SmithL0/2026/BIOL470/Final/Learning_Rig/bee_0408_1_fwd/cam1_2026-04-08_16-14-47.mp4,1570.5,649.5,1344,336,1797,963,0.7312975
915,/Volumes/SmithL0/2026/BIOL470/Final/Learning_Rig/bee_0408_1_fwd/cam1_2026-04-08_16-14-47.mp4,1626.5,491.0,1459,332,1794,650,0.89373744
916,/Volumes/SmithL0/2026/BIOL470/Final/Learning_Rig/bee_0408_1_fwd/cam1_2026-04-08_16-14-47.mp4,2458.5,2752.0,2191,2465,2726,3039,0.791386
917,/Volumes/SmithL0/2026/BIOL470/Final/Learning_Rig/bee_0408_1_fwd/cam1_2026-04-08_16-14-47.mp4,1436.0,627.0,1070,297,1802,957,0.75630456
918,/Volumes/SmithL0/2026/BIOL470/Final/Learning_Rig/bee_0408_1_fwd/cam1_2026-04-08_16-14-47.mp4,1522.0,637.5,1255,325,1789,950,0.7378489
919,/Volumes/SmithL0/2026/BIOL470/Final/Learning_Rig/bee_0408_1_fwd/cam1_2026-04-08_16-14-47.mp4,1566.5,513.5,1345,328,1788,699,0.56420016
920,/Volumes/SmithL0/2026/BIOL470/Final/Learning_Rig/bee_0408_1_fwd/cam1_2026-04-08_16-14-47.mp4,1425.0,631.0,1156,287,1694,975,0.8131532
921,/Volumes/SmithL0/2026/BIOL470/Final/Learning_Rig/bee_0408_1_fwd/cam1_2026-04-08_16-14-47.mp4,2459.0,2751.5,2191,2464,2727,3039,0.80142593
922,/Volumes/SmithL0/2026/BIOL470/Final/Learning_Rig/bee_0408_1_fwd/cam1_2026-04-08_16-14-47.mp4,1422.0,777.0,1135,364,1709,1190,0.8108651
923,/Volumes/SmithL0/2026/BIOL470/Final/Learning_Rig/bee_0408_1_fwd/cam1_2026-04-08_16-14-47.mp4,2459.0,2753.0,2191,2467,2727,3039,0.7984946
924,/Volumes/SmithL0/2026/BIOL470/Final/Learning_Rig/bee_0408_1_fwd/cam1_2026-04-08_16-14-47.mp4,1545.5,869.5,1260,524,1831,1215,0.8128362
925,/Volumes/SmithL0/2026/BIOL470/Final/Learning_Rig/bee_0408_1_fwd/cam1_2026-04-08_16-14-47.mp4,2459.0,2752.5,2191,2466,2727,3039,0.800433
926,/Volumes/SmithL0/2026/BIOL470/Final/Learning_Rig/bee_0408_1_fwd/cam1_2026-04-08_16-14-47.mp4,1576.0,1108.0,1228,651,1924,1565,0.80506
927,/Volumes/SmithL0/2026/BIOL470/Final/Learning_Rig/bee_0408_1_fwd/cam1_2026-04-08_16-14-47.mp4,2459.0,2752.0,2191,2464,2727,3040,0.7947255
928,/Volumes/SmithL0/2026/BIOL470/Final/Learning_Rig/bee_0408_1_fwd/cam1_2026-04-08_16-14-47.mp4,1581.5,931.0,1237,650,1926,1212,0.6271559
929,/Volumes/SmithL0/2026/BIOL470/Final/Learning_Rig/bee_0408_1_fwd/cam1_2026-04-08_16-14-47.mp4,1638.5,1134.5,1303,751,1974,1518,0.8022907
930,/Volumes/SmithL0/2026/BIOL470/Final/Learning_Rig/bee_0408_1_fwd/cam1_2026-04-08_16-14-47.mp4,2459.0,2751.0,2191,2463,2727,3039,0.79332453
931,/Volumes/SmithL0/2026/BIOL470/Final/Learning_Rig/bee_0408_1_fwd/cam1_2026-04-08_16-14-47.mp4,2459.0,2752.5,2191,2466,2727,3039,0.79825085
932,/Volumes/SmithL0/2026/BIOL470/Final/Learning_Rig/bee_0408_1_fwd/cam1_2026-04-08_16-14-47.mp4,1669.0,1239.5,1318,885,2020,1594,0.796643
933,/Volumes/SmithL0/2026/BIOL470/Final/Learning_Rig/bee_0408_1_fwd/cam1_2026-04-08_16-14-47.mp4,1724.5,1421.0,1399,1004,2050,1838,0.79866594
934,/Volumes/SmithL0/2026/BIOL470/Final/Learning_Rig/bee_0408_1_fwd/cam1_2026-04-08_16-14-47.mp4,2459.5,2753.5,2191,2468,2728,3039,0.7943899
935,/Volumes/SmithL0/2026/BIOL470/Final/Learning_Rig/bee_0408_1_fwd/cam1_2026-04-08_16-14-47.mp4,1638.5,1411.0,1405,973,1872,1849,0.537327
936,/Volumes/SmithL0/2026/BIOL470/Final/Learning_Rig/bee_0408_1_fwd/cam1_2026-04-08_16-14-47.mp4,2242.0,210.0,2088,65,2396,355,0.5303488
937,/Volumes/SmithL0/2026/BIOL470/Final/Learning_Rig/bee_0408_1_fwd/cam1_2026-04-08_16-14-47.mp4,1484.5,1928.0,1214,1557,1755,2299,0.80233675
938,/Volumes/SmithL0/2026/BIOL470/Final/Learning_Rig/bee_0408_1_fwd/cam1_2026-04-08_16-14-47.mp4,2460.5,2753.5,2192,2468,2729,3039,0.75238115
939,/Volumes/SmithL0/2026/BIOL470/Final/Learning_Rig/bee_0408_1_fwd/cam1_2026-04-08_16-14-47.mp4,2242.0,209.5,2087,65,2397,354,0.5482949
940,/Volumes/SmithL0/2026/BIOL470/Final/Learning_Rig/bee_0408_1_fwd/cam1_2026-04-08_16-14-47.mp4,1381.0,2077.0,1094,1749,1668,2405,0.7894602
941,/Volumes/SmithL0/2026/BIOL470/Final/Learning_Rig/bee_0408_1_fwd/cam1_2026-04-08_16-14-47.mp4,2459.5,2753.5,2191,2468,2728,3039,0.7714796
942,/Volumes/SmithL0/2026/BIOL470/Final/Learning_Rig/bee_0408_1_fwd/cam1_2026-04-08_16-14-47.mp4,2241.0,209.0,2086,65,2396,353,0.5412824
943,/Volumes/SmithL0/2026/BIOL470/Final/Learning_Rig/bee_0408_1_fwd/cam1_2026-04-08_16-14-47.mp4,1261.5,2159.0,927,1863,1596,2455,0.81142205
944,/Volumes/SmithL0/2026/BIOL470/Final/Learning_Rig/bee_0408_1_fwd/cam1_2026-04-08_16-14-47.mp4,2459.0,2752.5,2191,2466,2727,3039,0.77957535
945,/Volumes/SmithL0/2026/BIOL470/Final/Learning_Rig/bee_0408_1_fwd/cam1_2026-04-08_16-14-47.mp4,2240.0,209.5,2086,65,2394,354,0.5061696
946,/Volumes/SmithL0/2026/BIOL470/Final/Learning_Rig/bee_0408_1_fwd/cam1_2026-04-08_16-14-47.mp4,1260.0,2187.0,915,1817,1605,2557,0.85607815
947,/Volumes/SmithL0/2026/BIOL470/Final/Learning_Rig/bee_0408_1_fwd/cam1_2026-04-08_16-14-47.mp4,2459.5,2752.5,2192,2465,2727,3040,0.7719007
948,/Volumes/SmithL0/2026/BIOL470/Final/Learning_Rig/bee_0408_1_fwd/cam1_2026-04-08_16-14-47.mp4,1226.5,2088.0,865,1832,1588,2344,0.7985614
949,/Volumes/SmithL0/2026/BIOL470/Final/Learning_Rig/bee_0408_1_fwd/cam1_2026-04-08_16-14-47.mp4,2457.5,2753.0,2190,2466,2725,3040,0.78717625
950,/Volumes/SmithL0/2026/BIOL470/Final/Learning_Rig/bee_0408_1_fwd/cam1_2026-04-08_16-14-47.mp4,1195.5,2054.5,808,1793,1583,2316,0.81306076
951,/Volumes/SmithL0/2026/BIOL470/Final/Learning_Rig/bee_0408_1_fwd/cam1_2026-04-08_16-14-47.mp4,2459.5,2752.5,2192,2466,2727,3039,0.76540977
952,/Volumes/SmithL0/2026/BIOL470/Final/Learning_Rig/bee_0408_1_fwd/cam1_2026-04-08_16-14-47.mp4,1194.0,2035.0,803,1771,1585,2299,0.78921616
953,/Volumes/SmithL0/2026/BIOL470/Final/Learning_Rig/bee_0408_1_fwd/cam1_2026-04-08_16-14-47.mp4,2458.5,2753.0,2191,2467,2726,3039,0.7792634
954,/Volumes/SmithL0/2026/BIOL470/Final/Learning_Rig/bee_0408_1_fwd/cam1_2026-04-08_16-14-47.mp4,941.5,2919.5,598,2800,1285,3039,0.54479605
955,/Volumes/SmithL0/2026/BIOL470/Final/Learning_Rig/bee_0408_1_fwd/cam1_2026-04-08_16-14-47.mp4,2459.0,2751.5,2191,2464,2727,3039,0.7730455
956,/Volumes/SmithL0/2026/BIOL470/Final/Learning_Rig/bee_0408_1_fwd/cam1_2026-04-08_16-14-47.mp4,1242.5,2049.5,899,1770,1586,2329,0.766919
957,/Volumes/SmithL0/2026/BIOL470/Final/Learning_Rig/bee_0408_1_fwd/cam1_2026-04-08_16-14-47.mp4,2245.0,211.0,2092,65,2398,357,0.5175553
958,/Volumes/SmithL0/2026/BIOL470/Final/Learning_Rig/bee_0408_1_fwd/cam1_2026-04-08_16-14-47.mp4,1240.0,2047.0,881,1779,1599,2315,0.7890776
959,/Volumes/SmithL0/2026/BIOL470/Final/Learning_Rig/bee_0408_1_fwd/cam1_2026-04-08_16-14-47.mp4,2459.5,2752.5,2192,2465,2727,3040,0.77343047
960,/Volumes/SmithL0/2026/BIOL470/Final/Learning_Rig/bee_0408_1_fwd/cam1_2026-04-08_16-14-47.mp4,1263.0,2057.5,907,1781,1619,2334,0.80998117
961,/Volumes/SmithL0/2026/BIOL470/Final/Learning_Rig/bee_0408_1_fwd/cam1_2026-04-08_16-14-47.mp4,2458.5,2752.5,2191,2465,2726,3040,0.7724656
962,/Volumes/SmithL0/2026/BIOL470/Final/Learning_Rig/bee_0408_1_fwd/cam1_2026-04-08_16-14-47.mp4,2241.0,209.5,2085,65,2397,354,0.50817883
963,/Volumes/SmithL0/2026/BIOL470/Final/Learning_Rig/bee_0408_1_fwd/cam1_2026-04-08_16-14-47.mp4,1308.5,2030.5,944,1779,1673,2282,0.79481065
964,/Volumes/SmithL0/2026/BIOL470/Final/Learning_Rig/bee_0408_1_fwd/cam1_2026-04-08_16-14-47.mp4,2459.0,2752.0,2191,2465,2727,3039,0.7804804
965,/Volumes/SmithL0/2026/BIOL470/Final/Learning_Rig/bee_0408_1_fwd/cam1_2026-04-08_16-14-47.mp4,1476.0,1865.5,1314,1720,1638,2011,0.81156534
966,/Volumes/SmithL0/2026/BIOL470/Final/Learning_Rig/bee_0408_1_fwd/cam1_2026-04-08_16-14-47.mp4,1338.5,1995.0,1002,1712,1675,2278,0.78096324
967,/Volumes/SmithL0/2026/BIOL470/Final/Learning_Rig/bee_0408_1_fwd/cam1_2026-04-08_16-14-47.mp4,2458.5,2753.0,2190,2466,2727,3040,0.7617288
968,/Volumes/SmithL0/2026/BIOL470/Final/Learning_Rig/bee_0408_1_fwd/cam1_2026-04-08_16-14-47.mp4,1287.0,2029.0,1000,1680,1574,2378,0.7927147
969,/Volumes/SmithL0/2026/BIOL470/Final/Learning_Rig/bee_0408_1_fwd/cam1_2026-04-08_16-14-47.mp4,2458.0,2752.0,2190,2465,2726,3039,0.78810596
970,/Volumes/SmithL0/2026/BIOL470/Final/Learning_Rig/bee_0408_1_fwd/cam1_2026-04-08_16-14-47.mp4,1302.5,2111.0,1030,1750,1575,2472,0.82560104
971,/Volumes/SmithL0/2026/BIOL470/Final/Learning_Rig/bee_0408_1_fwd/cam1_2026-04-08_16-14-47.mp4,2458.0,2753.5,2190,2467,2726,3040,0.7515643
972,/Volumes/SmithL0/2026/BIOL470/Final/Learning_Rig/bee_0408_1_fwd/cam1_2026-04-08_16-14-47.mp4,1417.0,2156.0,1120,1855,1714,2457,0.81948376
973,/Volumes/SmithL0/2026/BIOL470/Final/Learning_Rig/bee_0408_1_fwd/cam1_2026-04-08_16-14-47.mp4,2460.5,2754.0,2193,2468,2728,3040,0.77107453
974,/Volumes/SmithL0/2026/BIOL470/Final/Learning_Rig/bee_0408_1_fwd/cam1_2026-04-08_16-14-47.mp4,1463.0,2170.5,1123,1911,1803,2430,0.80708855
975,/Volumes/SmithL0/2026/BIOL470/Final/Learning_Rig/bee_0408_1_fwd/cam1_2026-04-08_16-14-47.mp4,2459.0,2754.5,2191,2469,2727,3040,0.7774038
976,/Volumes/SmithL0/2026/BIOL470/Final/Learning_Rig/bee_0408_1_fwd/cam1_2026-04-08_16-14-47.mp4,1516.5,2165.5,1131,1917,1902,2414,0.7867124
977,/Volumes/SmithL0/2026/BIOL470/Final/Learning_Rig/bee_0408_1_fwd/cam1_2026-04-08_16-14-47.mp4,2457.5,2753.5,2189,2468,2726,3039,0.7759721
978,/Volumes/SmithL0/2026/BIOL470/Final/Learning_Rig/bee_0408_1_fwd/cam1_2026-04-08_16-14-47.mp4,1394.5,2176.0,1134,1948,1655,2404,0.63377744
979,/Volumes/SmithL0/2026/BIOL470/Final/Learning_Rig/bee_0408_1_fwd/cam1_2026-04-08_16-14-47.mp4,1629.5,2150.0,1277,1857,1982,2443,0.8394443
980,/Volumes/SmithL0/2026/BIOL470/Final/Learning_Rig/bee_0408_1_fwd/cam1_2026-04-08_16-14-47.mp4,2458.5,2753.0,2191,2467,2726,3039,0.7863915
981,/Volumes/SmithL0/2026/BIOL470/Final/Learning_Rig/bee_0408_1_fwd/cam1_2026-04-08_16-14-47.mp4,2245.0,209.5,2093,64,2397,355,0.5313416
982,/Volumes/SmithL0/2026/BIOL470/Final/Learning_Rig/bee_0408_1_fwd/cam1_2026-04-08_16-14-47.mp4,1845.5,2008.0,1693,1854,1998,2162,0.9191625
983,/Volumes/SmithL0/2026/BIOL470/Final/Learning_Rig/bee_0408_1_fwd/cam1_2026-04-08_16-14-47.mp4,2458.0,2752.5,2189,2466,2727,3039,0.7983007
984,/Volumes/SmithL0/2026/BIOL470/Final/Learning_Rig/bee_0408_1_fwd/cam1_2026-04-08_16-14-47.mp4,1660.0,2101.5,1328,1813,1992,2390,0.7758073
985,/Volumes/SmithL0/2026/BIOL470/Final/Learning_Rig/bee_0408_1_fwd/cam1_2026-04-08_16-14-47.mp4,2457.0,2753.0,2189,2466,2725,3040,0.8057531
986,/Volumes/SmithL0/2026/BIOL470/Final/Learning_Rig/bee_0408_1_fwd/cam1_2026-04-08_16-14-47.mp4,1805.5,2098.0,1486,1811,2125,2385,0.7780649
987,/Volumes/SmithL0/2026/BIOL470/Final/Learning_Rig/bee_0408_1_fwd/cam1_2026-04-08_16-14-47.mp4,1700.0,2106.0,1484,1826,1916,2386,0.7225267
988,/Volumes/SmithL0/2026/BIOL470/Final/Learning_Rig/bee_0408_1_fwd/cam1_2026-04-08_16-14-47.mp4,2018.0,2029.0,1873,1818,2163,2240,0.5324011
989,/Volumes/SmithL0/2026/BIOL470/Final/Learning_Rig/bee_0408_1_fwd/cam1_2026-04-08_16-14-47.mp4,2458.0,2754.0,2190,2468,2726,3040,0.803588
990,/Volumes/SmithL0/2026/BIOL470/Final/Learning_Rig/bee_0408_1_fwd/cam1_2026-04-08_16-14-47.mp4,1860.5,2001.5,1525,1677,2196,2326,0.78704774
991,/Volumes/SmithL0/2026/BIOL470/Final/Learning_Rig/bee_0408_1_fwd/cam1_2026-04-08_16-14-47.mp4,2243.5,210.0,2090,65,2397,355,0.5008942
992,/Volumes/SmithL0/2026/BIOL470/Final/Learning_Rig/bee_0408_1_fwd/cam1_2026-04-08_16-14-47.mp4,2457.5,2754.0,2190,2469,2725,3039,0.80827534
993,/Volumes/SmithL0/2026/BIOL470/Final/Learning_Rig/bee_0408_1_fwd/cam1_2026-04-08_16-14-47.mp4,1881.0,1939.5,1608,1604,2154,2275,0.7175097
994,/Volumes/SmithL0/2026/BIOL470/Final/Learning_Rig/bee_0408_1_fwd/cam1_2026-04-08_16-14-47.mp4,2042.5,1827.0,1903,1643,2182,2011,0.5685151
995,/Volumes/SmithL0/2026/BIOL470/Final/Learning_Rig/bee_0408_1_fwd/cam1_2026-04-08_16-14-47.mp4,2458.0,2752.5,2189,2465,2727,3040,0.8084516
996,/Volumes/SmithL0/2026/BIOL470/Final/Learning_Rig/bee_0408_1_fwd/cam1_2026-04-08_16-14-47.mp4,1828.0,1732.0,1537,1374,2119,2090,0.80719
997,/Volumes/SmithL0/2026/BIOL470/Final/Learning_Rig/bee_0408_1_fwd/cam1_2026-04-08_16-14-47.mp4,1885.5,1607.5,1597,1253,2174,1962,0.7955209
998,/Volumes/SmithL0/2026/BIOL470/Final/Learning_Rig/bee_0408_1_fwd/cam1_2026-04-08_16-14-47.mp4,2459.0,2752.5,2190,2466,2728,3039,0.7725849
999,/Volumes/SmithL0/2026/BIOL470/Final/Learning_Rig/bee_0408_1_fwd/cam1_2026-04-08_16-14-47.mp4,2244.5,210.0,2092,64,2397,356,0.50783855
1000,/Volumes/SmithL0/2026/BIOL470/Final/Learning_Rig/bee_0408_1_fwd/cam1_2026-04-08_16-14-47.mp4,2457.0,2752.5,2189,2466,2725,3039,0.8041689
1001,/Volumes/SmithL0/2026/BIOL470/Final/Learning_Rig/bee_0408_1_fwd/cam1_2026-04-08_16-14-47.mp4,1937.0,1488.0,1652,1137,2222,1839,0.7603385
1002,/Volumes/SmithL0/2026/BIOL470/Final/Learning_Rig/bee_0408_1_fwd/cam1_2026-04-08_16-14-47.mp4,2079.5,1333.5,1851,1158,2308,1509,0.6682462
1003,/Volumes/SmithL0/2026/BIOL470/Final/Learning_Rig/bee_0408_1_fwd/cam1_2026-04-08_16-14-47.mp4,2458.5,2753.5,2190,2468,2727,3039,0.7843133
1004,/Volumes/SmithL0/2026/BIOL470/Final/Learning_Rig/bee_0408_1_fwd/cam1_2026-04-08_16-14-47.mp4,1922.0,1325.0,1573,993,2271,1657,0.7760493
1005,/Volumes/SmithL0/2026/BIOL470/Final/Learning_Rig/bee_0408_1_fwd/cam1_2026-04-08_16-14-47.mp4,2458.0,2754.0,2190,2469,2726,3039,0.7860593
1006,/Volumes/SmithL0/2026/BIOL470/Final/Learning_Rig/bee_0408_1_fwd/cam1_2026-04-08_16-14-47.mp4,1909.5,1175.0,1543,818,2276,1532,0.7664577
1007,/Volumes/SmithL0/2026/BIOL470/Final/Learning_Rig/bee_0408_1_fwd/cam1_2026-04-08_16-14-47.mp4,2457.5,2753.0,2189,2467,2726,3039,0.794544
1008,/Volumes/SmithL0/2026/BIOL470/Final/Learning_Rig/bee_0408_1_fwd/cam1_2026-04-08_16-14-47.mp4,1940.5,1011.5,1658,657,2223,1366,0.7560191
1009,/Volumes/SmithL0/2026/BIOL470/Final/Learning_Rig/bee_0408_1_fwd/cam1_2026-04-08_16-14-47.mp4,2243.5,212.5,2093,65,2394,360,0.52803767
1010,/Volumes/SmithL0/2026/BIOL470/Final/Learning_Rig/bee_0408_1_fwd/cam1_2026-04-08_16-14-47.mp4,1819.0,816.5,1487,453,2151,1180,0.82615
1011,/Volumes/SmithL0/2026/BIOL470/Final/Learning_Rig/bee_0408_1_fwd/cam1_2026-04-08_16-14-47.mp4,2458.0,2753.0,2189,2467,2727,3039,0.76794314
1012,/Volumes/SmithL0/2026/BIOL470/Final/Learning_Rig/bee_0408_1_fwd/cam1_2026-04-08_16-14-47.mp4,2458.0,2753.0,2190,2466,2726,3040,0.7844384
1013,/Volumes/SmithL0/2026/BIOL470/Final/Learning_Rig/bee_0408_1_fwd/cam1_2026-04-08_16-14-47.mp4,1893.0,587.5,1629,230,2157,945,0.77968884
1014,/Volumes/SmithL0/2026/BIOL470/Final/Learning_Rig/bee_0408_1_fwd/cam1_2026-04-08_16-14-47.mp4,1789.5,600.5,1430,233,2149,968,0.698027
1015,/Volumes/SmithL0/2026/BIOL470/Final/Learning_Rig/bee_0408_1_fwd/cam1_2026-04-08_16-14-47.mp4,2459.0,2752.0,2191,2465,2727,3039,0.792992
1016,/Volumes/SmithL0/2026/BIOL470/Final/Learning_Rig/bee_0408_1_fwd/cam1_2026-04-08_16-14-47.mp4,1819.0,509.0,1503,128,2135,890,0.770339
1017,/Volumes/SmithL0/2026/BIOL470/Final/Learning_Rig/bee_0408_1_fwd/cam1_2026-04-08_16-14-47.mp4,2458.0,2752.5,2190,2466,2726,3039,0.7977517
1018,/Volumes/SmithL0/2026/BIOL470/Final/Learning_Rig/bee_0408_1_fwd/cam1_2026-04-08_16-14-47.mp4,1901.0,503.5,1654,120,2148,887,0.7308996
1019,/Volumes/SmithL0/2026/BIOL470/Final/Learning_Rig/bee_0408_1_fwd/cam1_2026-04-08_16-14-47.mp4,2457.0,2753.0,2188,2466,2726,3040,0.791771
1020,/Volumes/SmithL0/2026/BIOL470/Final/Learning_Rig/bee_0408_1_fwd/cam1_2026-04-08_16-14-47.mp4,1958.5,508.0,1633,140,2284,876,0.72469574
1021,/Volumes/SmithL0/2026/BIOL470/Final/Learning_Rig/bee_0408_1_fwd/cam1_2026-04-08_16-14-47.mp4,2458.0,2752.0,2190,2464,2726,3040,0.78969365
1022,/Volumes/SmithL0/2026/BIOL470/Final/Learning_Rig/bee_0408_1_fwd/cam1_2026-04-08_16-14-47.mp4,1913.0,534.5,1623,143,2203,926,0.7344897
1023,/Volumes/SmithL0/2026/BIOL470/Final/Learning_Rig/bee_0408_1_fwd/cam1_2026-04-08_16-14-47.mp4,2459.0,2752.0,2191,2464,2727,3040,0.78428465
1024,/Volumes/SmithL0/2026/BIOL470/Final/Learning_Rig/bee_0408_1_fwd/cam1_2026-04-08_16-14-47.mp4,1908.5,632.5,1633,238,2184,1027,0.5980472
1025,/Volumes/SmithL0/2026/BIOL470/Final/Learning_Rig/bee_0408_1_fwd/cam1_2026-04-08_16-14-47.mp4,1827.0,609.5,1459,233,2195,986,0.80314684
1026,/Volumes/SmithL0/2026/BIOL470/Final/Learning_Rig/bee_0408_1_fwd/cam1_2026-04-08_16-14-47.mp4,2458.0,2752.5,2190,2465,2726,3040,0.7826928
1027,/Volumes/SmithL0/2026/BIOL470/Final/Learning_Rig/bee_0408_1_fwd/cam1_2026-04-08_16-14-47.mp4,1722.5,571.0,1420,214,2025,928,0.78265727
1028,/Volumes/SmithL0/2026/BIOL470/Final/Learning_Rig/bee_0408_1_fwd/cam1_2026-04-08_16-14-47.mp4,2458.5,2753.5,2191,2467,2726,3040,0.7795888
1029,/Volumes/SmithL0/2026/BIOL470/Final/Learning_Rig/bee_0408_1_fwd/cam1_2026-04-08_16-14-47.mp4,2458.0,2753.0,2190,2466,2726,3040,0.7882106
1030,/Volumes/SmithL0/2026/BIOL470/Final/Learning_Rig/bee_0408_1_fwd/cam1_2026-04-08_16-14-47.mp4,1617.0,488.0,1258,155,1976,821,0.7019445
1031,/Volumes/SmithL0/2026/BIOL470/Final/Learning_Rig/bee_0408_1_fwd/cam1_2026-04-08_16-14-47.mp4,1714.5,491.5,1455,171,1974,812,0.5615831
1032,/Volumes/SmithL0/2026/BIOL470/Final/Learning_Rig/bee_0408_1_fwd/cam1_2026-04-08_16-14-47.mp4,1525.0,519.0,1148,166,1902,872,0.79031646
1033,/Volumes/SmithL0/2026/BIOL470/Final/Learning_Rig/bee_0408_1_fwd/cam1_2026-04-08_16-14-47.mp4,2458.5,2753.5,2190,2468,2727,3039,0.7695697
1034,/Volumes/SmithL0/2026/BIOL470/Final/Learning_Rig/bee_0408_1_fwd/cam1_2026-04-08_16-14-47.mp4,1440.5,455.0,1027,184,1854,726,0.8006576
1035,/Volumes/SmithL0/2026/BIOL470/Final/Learning_Rig/bee_0408_1_fwd/cam1_2026-04-08_16-14-47.mp4,2459.0,2752.5,2191,2466,2727,3039,0.77549577
1036,/Volumes/SmithL0/2026/BIOL470/Final/Learning_Rig/bee_0408_1_fwd/cam1_2026-04-08_16-14-47.mp4,1432.5,588.0,1022,186,1843,990,0.7457164
1037,/Volumes/SmithL0/2026/BIOL470/Final/Learning_Rig/bee_0408_1_fwd/cam1_2026-04-08_16-14-47.mp4,2458.0,2752.5,2190,2466,2726,3039,0.8000332
1038,/Volumes/SmithL0/2026/BIOL470/Final/Learning_Rig/bee_0408_1_fwd/cam1_2026-04-08_16-14-47.mp4,1397.0,512.5,997,247,1797,778,0.7368156
1039,/Volumes/SmithL0/2026/BIOL470/Final/Learning_Rig/bee_0408_1_fwd/cam1_2026-04-08_16-14-47.mp4,1479.0,548.5,1142,311,1816,786,0.5975423
1040,/Volumes/SmithL0/2026/BIOL470/Final/Learning_Rig/bee_0408_1_fwd/cam1_2026-04-08_16-14-47.mp4,2459.0,2752.5,2191,2466,2727,3039,0.79984426
1041,/Volumes/SmithL0/2026/BIOL470/Final/Learning_Rig/bee_0408_1_fwd/cam1_2026-04-08_16-14-47.mp4,1393.0,637.0,992,280,1794,994,0.7827788
1042,/Volumes/SmithL0/2026/BIOL470/Final/Learning_Rig/bee_0408_1_fwd/cam1_2026-04-08_16-14-47.mp4,1398.5,606.0,989,321,1808,891,0.7898946
1043,/Volumes/SmithL0/2026/BIOL470/Final/Learning_Rig/bee_0408_1_fwd/cam1_2026-04-08_16-14-47.mp4,2458.0,2752.0,2190,2465,2726,3039,0.7879253
1044,/Volumes/SmithL0/2026/BIOL470/Final/Learning_Rig/bee_0408_1_fwd/cam1_2026-04-08_16-14-47.mp4,2458.0,2751.5,2190,2464,2726,3039,0.7952574
1045,/Volumes/SmithL0/2026/BIOL470/Final/Learning_Rig/bee_0408_1_fwd/cam1_2026-04-08_16-14-47.mp4,1437.0,645.0,999,318,1875,972,0.780197
1046,/Volumes/SmithL0/2026/BIOL470/Final/Learning_Rig/bee_0408_1_fwd/cam1_2026-04-08_16-14-47.mp4,1467.0,661.0,1051,335,1883,987,0.8008689
1047,/Volumes/SmithL0/2026/BIOL470/Final/Learning_Rig/bee_0408_1_fwd/cam1_2026-04-08_16-14-47.mp4,2458.0,2753.0,2190,2466,2726,3040,0.78946716
1048,/Volumes/SmithL0/2026/BIOL470/Final/Learning_Rig/bee_0408_1_fwd/cam1_2026-04-08_16-14-47.mp4,1709.0,641.5,1565,486,1853,797,0.57900745
1049,/Volumes/SmithL0/2026/BIOL470/Final/Learning_Rig/bee_0408_1_fwd/cam1_2026-04-08_16-14-47.mp4,1528.0,655.0,1116,330,1940,980,0.7990662
1050,/Volumes/SmithL0/2026/BIOL470/Final/Learning_Rig/bee_0408_1_fwd/cam1_2026-04-08_16-14-47.mp4,2458.0,2753.5,2190,2467,2726,3040,0.7909202
1051,/Volumes/SmithL0/2026/BIOL470/Final/Learning_Rig/bee_0408_1_fwd/cam1_2026-04-08_16-14-47.mp4,1756.5,594.0,1601,436,1912,752,0.6875729
1052,/Volumes/SmithL0/2026/BIOL470/Final/Learning_Rig/bee_0408_1_fwd/cam1_2026-04-08_16-14-47.mp4,2458.0,2752.5,2190,2466,2726,3039,0.7783789
1053,/Volumes/SmithL0/2026/BIOL470/Final/Learning_Rig/bee_0408_1_fwd/cam1_2026-04-08_16-14-47.mp4,1650.5,444.0,1245,68,2056,820,0.719254
1054,/Volumes/SmithL0/2026/BIOL470/Final/Learning_Rig/bee_0408_1_fwd/cam1_2026-04-08_16-14-47.mp4,1400.5,500.5,1252,326,1549,675,0.5878007
1055,/Volumes/SmithL0/2026/BIOL470/Final/Learning_Rig/bee_0408_1_fwd/cam1_2026-04-08_16-14-47.mp4,1675.0,532.5,1344,185,2006,880,0.80320275
1056,/Volumes/SmithL0/2026/BIOL470/Final/Learning_Rig/bee_0408_1_fwd/cam1_2026-04-08_16-14-47.mp4,2458.0,2754.5,2190,2469,2726,3040,0.76754934
1057,/Volumes/SmithL0/2026/BIOL470/Final/Learning_Rig/bee_0408_1_fwd/cam1_2026-04-08_16-14-47.mp4,1695.0,563.5,1409,195,1981,932,0.83010566
1058,/Volumes/SmithL0/2026/BIOL470/Final/Learning_Rig/bee_0408_1_fwd/cam1_2026-04-08_16-14-47.mp4,2458.0,2752.0,2190,2464,2726,3040,0.75784516
1059,/Volumes/SmithL0/2026/BIOL470/Final/Learning_Rig/bee_0408_1_fwd/cam1_2026-04-08_16-14-47.mp4,2457.5,2753.5,2190,2467,2725,3040,0.7589224
1060,/Volumes/SmithL0/2026/BIOL470/Final/Learning_Rig/bee_0408_1_fwd/cam1_2026-04-08_16-14-47.mp4,1747.5,552.5,1430,168,2065,937,0.6352084
1061,/Volumes/SmithL0/2026/BIOL470/Final/Learning_Rig/bee_0408_1_fwd/cam1_2026-04-08_16-14-47.mp4,2458.0,2753.5,2190,2467,2726,3040,0.7738067
1062,/Volumes/SmithL0/2026/BIOL470/Final/Learning_Rig/bee_0408_1_fwd/cam1_2026-04-08_16-14-47.mp4,1785.5,539.5,1506,166,2065,913,0.65190494
1063,/Volumes/SmithL0/2026/BIOL470/Final/Learning_Rig/bee_0408_1_fwd/cam1_2026-04-08_16-14-47.mp4,2457.5,2753.0,2190,2466,2725,3040,0.78881365
1064,/Volumes/SmithL0/2026/BIOL470/Final/Learning_Rig/bee_0408_1_fwd/cam1_2026-04-08_16-14-47.mp4,1841.5,525.5,1491,190,2192,861,0.7743001
1065,/Volumes/SmithL0/2026/BIOL470/Final/Learning_Rig/bee_0408_1_fwd/cam1_2026-04-08_16-14-47.mp4,2458.0,2752.5,2191,2466,2725,3039,0.7953463
1066,/Volumes/SmithL0/2026/BIOL470/Final/Learning_Rig/bee_0408_1_fwd/cam1_2026-04-08_16-14-47.mp4,1930.0,533.0,1570,230,2290,836,0.7277471
1067,/Volumes/SmithL0/2026/BIOL470/Final/Learning_Rig/bee_0408_1_fwd/cam1_2026-04-08_16-14-47.mp4,2105.5,431.0,1945,240,2266,622,0.6558788
1068,/Volumes/SmithL0/2026/BIOL470/Final/Learning_Rig/bee_0408_1_fwd/cam1_2026-04-08_16-14-47.mp4,2458.0,2753.0,2191,2466,2725,3040,0.79965544
1069,/Volumes/SmithL0/2026/BIOL470/Final/Learning_Rig/bee_0408_1_fwd/cam1_2026-04-08_16-14-47.mp4,1926.0,489.0,1557,211,2295,767,0.7673754
1070,/Volumes/SmithL0/2026/BIOL470/Final/Learning_Rig/bee_0408_1_fwd/cam1_2026-04-08_16-14-47.mp4,2457.0,2754.0,2190,2468,2724,3040,0.78655016
1071,/Volumes/SmithL0/2026/BIOL470/Final/Learning_Rig/bee_0408_1_fwd/cam1_2026-04-08_16-14-47.mp4,1763.0,565.5,1447,328,2079,803,0.7801645
1072,/Volumes/SmithL0/2026/BIOL470/Final/Learning_Rig/bee_0408_1_fwd/cam1_2026-04-08_16-14-47.mp4,1843.5,581.0,1447,308,2240,854,0.75317615
1073,/Volumes/SmithL0/2026/BIOL470/Final/Learning_Rig/bee_0408_1_fwd/cam1_2026-04-08_16-14-47.mp4,1669.5,563.0,1447,336,1892,790,0.65905666
1074,/Volumes/SmithL0/2026/BIOL470/Final/Learning_Rig/bee_0408_1_fwd/cam1_2026-04-08_16-14-47.mp4,2457.0,2752.0,2189,2465,2725,3039,0.80203336
1075,/Volumes/SmithL0/2026/BIOL470/Final/Learning_Rig/bee_0408_1_fwd/cam1_2026-04-08_16-14-47.mp4,1868.0,637.0,1464,361,2272,913,0.7856001
1076,/Volumes/SmithL0/2026/BIOL470/Final/Learning_Rig/bee_0408_1_fwd/cam1_2026-04-08_16-14-47.mp4,2458.0,2753.5,2191,2467,2725,3040,0.79281855
1077,/Volumes/SmithL0/2026/BIOL470/Final/Learning_Rig/bee_0408_1_fwd/cam1_2026-04-08_16-14-47.mp4,1936.0,771.0,1553,455,2319,1087,0.7851224
1078,/Volumes/SmithL0/2026/BIOL470/Final/Learning_Rig/bee_0408_1_fwd/cam1_2026-04-08_16-14-47.mp4,1801.5,687.5,1560,473,2043,902,0.7311601
1079,/Volumes/SmithL0/2026/BIOL470/Final/Learning_Rig/bee_0408_1_fwd/cam1_2026-04-08_16-14-47.mp4,2141.0,693.0,1967,419,2315,967,0.60451967
1080,/Volumes/SmithL0/2026/BIOL470/Final/Learning_Rig/bee_0408_1_fwd/cam1_2026-04-08_16-14-47.mp4,1953.0,823.5,1597,506,2309,1141,0.79883575
1081,/Volumes/SmithL0/2026/BIOL470/Final/Learning_Rig/bee_0408_1_fwd/cam1_2026-04-08_16-14-47.mp4,2459.0,2754.0,2192,2468,2726,3040,0.7863936
1082,/Volumes/SmithL0/2026/BIOL470/Final/Learning_Rig/bee_0408_1_fwd/cam1_2026-04-08_16-14-47.mp4,1948.0,743.0,1609,523,2287,963,0.7549161
1083,/Volumes/SmithL0/2026/BIOL470/Final/Learning_Rig/bee_0408_1_fwd/cam1_2026-04-08_16-14-47.mp4,2457.5,2753.0,2190,2466,2725,3040,0.78475624
1084,/Volumes/SmithL0/2026/BIOL470/Final/Learning_Rig/bee_0408_1_fwd/cam1_2026-04-08_16-14-47.mp4,1936.0,848.0,1623,626,2249,1070,0.7531777
1085,/Volumes/SmithL0/2026/BIOL470/Final/Learning_Rig/bee_0408_1_fwd/cam1_2026-04-08_16-14-47.mp4,1958.5,989.0,1591,622,2326,1356,0.74186057
1086,/Volumes/SmithL0/2026/BIOL470/Final/Learning_Rig/bee_0408_1_fwd/cam1_2026-04-08_16-14-47.mp4,2457.5,2752.0,2190,2464,2725,3040,0.7926247
1087,/Volumes/SmithL0/2026/BIOL470/Final/Learning_Rig/bee_0408_1_fwd/cam1_2026-04-08_16-14-47.mp4,1958.0,975.5,1614,643,2302,1308,0.7771488
1088,/Volumes/SmithL0/2026/BIOL470/Final/Learning_Rig/bee_0408_1_fwd/cam1_2026-04-08_16-14-47.mp4,2458.5,2752.5,2191,2465,2726,3040,0.78593487
1089,/Volumes/SmithL0/2026/BIOL470/Final/Learning_Rig/bee_0408_1_fwd/cam1_2026-04-08_16-14-47.mp4,1920.5,972.0,1583,636,2258,1308,0.7739444
1090,/Volumes/SmithL0/2026/BIOL470/Final/Learning_Rig/bee_0408_1_fwd/cam1_2026-04-08_16-14-47.mp4,2458.0,2752.5,2190,2465,2726,3040,0.77567947
1091,/Volumes/SmithL0/2026/BIOL470/Final/Learning_Rig/bee_0408_1_fwd/cam1_2026-04-08_16-14-47.mp4,1876.0,993.0,1556,633,2196,1353,0.71244437
1092,/Volumes/SmithL0/2026/BIOL470/Final/Learning_Rig/bee_0408_1_fwd/cam1_2026-04-08_16-14-47.mp4,1831.0,926.0,1559,643,2103,1209,0.59284997
1093,/Volumes/SmithL0/2026/BIOL470/Final/Learning_Rig/bee_0408_1_fwd/cam1_2026-04-08_16-14-47.mp4,1784.0,1054.5,1434,643,2134,1466,0.81127304
1094,/Volumes/SmithL0/2026/BIOL470/Final/Learning_Rig/bee_0408_1_fwd/cam1_2026-04-08_16-14-47.mp4,2458.5,2752.5,2191,2465,2726,3040,0.7957544
1095,/Volumes/SmithL0/2026/BIOL470/Final/Learning_Rig/bee_0408_1_fwd/cam1_2026-04-08_16-14-47.mp4,1771.0,1090.5,1431,672,2111,1509,0.804242
1096,/Volumes/SmithL0/2026/BIOL470/Final/Learning_Rig/bee_0408_1_fwd/cam1_2026-04-08_16-14-47.mp4,2458.5,2752.5,2191,2466,2726,3039,0.7911267
1097,/Volumes/SmithL0/2026/BIOL470/Final/Learning_Rig/bee_0408_1_fwd/cam1_2026-04-08_16-14-47.mp4,1726.0,959.0,1422,678,2030,1240,0.5886221
1098,/Volumes/SmithL0/2026/BIOL470/Final/Learning_Rig/bee_0408_1_fwd/cam1_2026-04-08_16-14-47.mp4,2459.5,2752.0,2192,2465,2727,3039,0.7848579
1099,/Volumes/SmithL0/2026/BIOL470/Final/Learning_Rig/bee_0408_1_fwd/cam1_2026-04-08_16-14-47.mp4,1853.0,1120.0,1581,786,2125,1454,0.65216917
1100,/Volumes/SmithL0/2026/BIOL470/Final/Learning_Rig/bee_0408_1_fwd/cam1_2026-04-08_16-14-47.mp4,1759.0,1138.0,1514,782,2004,1494,0.5107231
1101,/Volumes/SmithL0/2026/BIOL470/Final/Learning_Rig/bee_0408_1_fwd/cam1_2026-04-08_16-14-47.mp4,2459.0,2753.0,2191,2467,2727,3039,0.7852033
1102,/Volumes/SmithL0/2026/BIOL470/Final/Learning_Rig/bee_0408_1_fwd/cam1_2026-04-08_16-14-47.mp4,1847.5,1206.0,1503,866,2192,1546,0.7775348
1103,/Volumes/SmithL0/2026/BIOL470/Final/Learning_Rig/bee_0408_1_fwd/cam1_2026-04-08_16-14-47.mp4,1846.0,1416.0,1499,1055,2193,1777,0.8365132
1104,/Volumes/SmithL0/2026/BIOL470/Final/Learning_Rig/bee_0408_1_fwd/cam1_2026-04-08_16-14-47.mp4,2458.0,2752.0,2189,2465,2727,3039,0.79384434
1105,/Volumes/SmithL0/2026/BIOL470/Final/Learning_Rig/bee_0408_1_fwd/cam1_2026-04-08_16-14-47.mp4,1920.0,1546.0,1586,1173,2254,1919,0.8153883
1106,/Volumes/SmithL0/2026/BIOL470/Final/Learning_Rig/bee_0408_1_fwd/cam1_2026-04-08_16-14-47.mp4,2459.0,2753.5,2191,2468,2727,3039,0.7873568
1107,/Volumes/SmithL0/2026/BIOL470/Final/Learning_Rig/bee_0408_1_fwd/cam1_2026-04-08_16-14-47.mp4,1912.0,1619.5,1592,1289,2232,1950,0.8007073
1108,/Volumes/SmithL0/2026/BIOL470/Final/Learning_Rig/bee_0408_1_fwd/cam1_2026-04-08_16-14-47.mp4,2458.5,2754.0,2190,2468,2727,3040,0.79755914
1109,/Volumes/SmithL0/2026/BIOL470/Final/Learning_Rig/bee_0408_1_fwd/cam1_2026-04-08_16-14-47.mp4,2458.0,2753.5,2189,2467,2727,3040,0.7924582
1110,/Volumes/SmithL0/2026/BIOL470/Final/Learning_Rig/bee_0408_1_fwd/cam1_2026-04-08_16-14-47.mp4,1938.0,1775.0,1668,1388,2208,2162,0.7837917
1111,/Volumes/SmithL0/2026/BIOL470/Final/Learning_Rig/bee_0408_1_fwd/cam1_2026-04-08_16-14-47.mp4,2458.0,2752.5,2190,2466,2726,3039,0.79846287
1112,/Volumes/SmithL0/2026/BIOL470/Final/Learning_Rig/bee_0408_1_fwd/cam1_2026-04-08_16-14-47.mp4,1806.5,1888.5,1512,1477,2101,2300,0.7801628
1113,/Volumes/SmithL0/2026/BIOL470/Final/Learning_Rig/bee_0408_1_fwd/cam1_2026-04-08_16-14-47.mp4,2458.0,2755.0,2190,2470,2726,3040,0.8035051
1114,/Volumes/SmithL0/2026/BIOL470/Final/Learning_Rig/bee_0408_1_fwd/cam1_2026-04-08_16-14-47.mp4,1869.5,1941.0,1621,1556,2118,2326,0.7584875
1115,/Volumes/SmithL0/2026/BIOL470/Final/Learning_Rig/bee_0408_1_fwd/cam1_2026-04-08_16-14-47.mp4,2458.0,2755.0,2189,2470,2727,3040,0.8032753
1116,/Volumes/SmithL0/2026/BIOL470/Final/Learning_Rig/bee_0408_1_fwd/cam1_2026-04-08_16-14-47.mp4,1900.5,2018.5,1694,1848,2107,2189,0.69809484
1117,/Volumes/SmithL0/2026/BIOL470/Final/Learning_Rig/bee_0408_1_fwd/cam1_2026-04-08_16-14-47.mp4,2457.5,2755.0,2189,2470,2726,3040,0.7946811
1118,/Volumes/SmithL0/2026/BIOL470/Final/Learning_Rig/bee_0408_1_fwd/cam1_2026-04-08_16-14-47.mp4,1914.0,2022.0,1680,1856,2148,2188,0.68630075
1119,/Volumes/SmithL0/2026/BIOL470/Final/Learning_Rig/bee_0408_1_fwd/cam1_2026-04-08_16-14-47.mp4,1926.0,2188.5,1684,1833,2168,2544,0.59039736
1120,/Volumes/SmithL0/2026/BIOL470/Final/Learning_Rig/bee_0408_1_fwd/cam1_2026-04-08_16-14-47.mp4,2457.0,2753.0,2188,2467,2726,3039,0.79282594
1121,/Volumes/SmithL0/2026/BIOL470/Final/Learning_Rig/bee_0408_1_fwd/cam1_2026-04-08_16-14-47.mp4,1889.0,2010.0,1650,1831,2128,2189,0.6248778
1122,/Volumes/SmithL0/2026/BIOL470/Final/Learning_Rig/bee_0408_1_fwd/cam1_2026-04-08_16-14-47.mp4,2457.5,2753.0,2189,2466,2726,3040,0.8002104
1123,/Volumes/SmithL0/2026/BIOL470/Final/Learning_Rig/bee_0408_1_fwd/cam1_2026-04-08_16-14-47.mp4,1825.0,1984.0,1667,1833,1983,2135,0.76862246
1124,/Volumes/SmithL0/2026/BIOL470/Final/Learning_Rig/bee_0408_1_fwd/cam1_2026-04-08_16-14-47.mp4,1834.0,2016.5,1648,1827,2020,2206,0.5517425
1125,/Volumes/SmithL0/2026/BIOL470/Final/Learning_Rig/bee_0408_1_fwd/cam1_2026-04-08_16-14-47.mp4,2457.5,2752.0,2189,2464,2726,3040,0.80653834
1126,/Volumes/SmithL0/2026/BIOL470/Final/Learning_Rig/bee_0408_1_fwd/cam1_2026-04-08_16-14-47.mp4,1737.5,2227.5,1457,1850,2018,2605,0.7172502
1127,/Volumes/SmithL0/2026/BIOL470/Final/Learning_Rig/bee_0408_1_fwd/cam1_2026-04-08_16-14-47.mp4,2458.0,2751.0,2188,2463,2728,3039,0.807751
1128,/Volumes/SmithL0/2026/BIOL470/Final/Learning_Rig/bee_0408_1_fwd/cam1_2026-04-08_16-14-47.mp4,1672.5,2231.5,1387,1873,1958,2590,0.77098995
1129,/Volumes/SmithL0/2026/BIOL470/Final/Learning_Rig/bee_0408_1_fwd/cam1_2026-04-08_16-14-47.mp4,1764.0,2232.5,1593,1879,1935,2586,0.5380031
1130,/Volumes/SmithL0/2026/BIOL470/Final/Learning_Rig/bee_0408_1_fwd/cam1_2026-04-08_16-14-47.mp4,2458.0,2752.0,2188,2464,2728,3040,0.78719485
1131,/Volumes/SmithL0/2026/BIOL470/Final/Learning_Rig/bee_0408_1_fwd/cam1_2026-04-08_16-14-47.mp4,1654.0,2267.0,1312,1914,1996,2620,0.7184281
1132,/Volumes/SmithL0/2026/BIOL470/Final/Learning_Rig/bee_0408_1_fwd/cam1_2026-04-08_16-14-47.mp4,1551.0,2230.5,1222,1925,1880,2536,0.80914885
1133,/Volumes/SmithL0/2026/BIOL470/Final/Learning_Rig/bee_0408_1_fwd/cam1_2026-04-08_16-14-47.mp4,2458.5,2753.0,2189,2466,2728,3040,0.7730902
1134,/Volumes/SmithL0/2026/BIOL470/Final/Learning_Rig/bee_0408_1_fwd/cam1_2026-04-08_16-14-47.mp4,2457.5,2753.0,2189,2467,2726,3039,0.79724836
1135,/Volumes/SmithL0/2026/BIOL470/Final/Learning_Rig/bee_0408_1_fwd/cam1_2026-04-08_16-14-47.mp4,1328.5,2214.5,975,1940,1682,2489,0.7965166
1136,/Volumes/SmithL0/2026/BIOL470/Final/Learning_Rig/bee_0408_1_fwd/cam1_2026-04-08_16-14-47.mp4,1229.5,2256.5,879,2005,1580,2508,0.8073054
1137,/Volumes/SmithL0/2026/BIOL470/Final/Learning_Rig/bee_0408_1_fwd/cam1_2026-04-08_16-14-47.mp4,2458.0,2752.5,2189,2465,2727,3040,0.78339034
1138,/Volumes/SmithL0/2026/BIOL470/Final/Learning_Rig/bee_0408_1_fwd/cam1_2026-04-08_16-14-47.mp4,1227.5,2275.5,879,2034,1576,2517,0.79980886
1139,/Volumes/SmithL0/2026/BIOL470/Final/Learning_Rig/bee_0408_1_fwd/cam1_2026-04-08_16-14-47.mp4,2458.0,2751.5,2188,2463,2728,3040,0.76087886
1140,/Volumes/SmithL0/2026/BIOL470/Final/Learning_Rig/bee_0408_1_fwd/cam1_2026-04-08_16-14-47.mp4,1245.0,2258.0,915,1997,1575,2519,0.7815805
1141,/Volumes/SmithL0/2026/BIOL470/Final/Learning_Rig/bee_0408_1_fwd/cam1_2026-04-08_16-14-47.mp4,2457.0,2752.0,2187,2465,2727,3039,0.7751205
1142,/Volumes/SmithL0/2026/BIOL470/Final/Learning_Rig/bee_0408_1_fwd/cam1_2026-04-08_16-14-47.mp4,1250.5,2246.0,925,1984,1576,2508,0.7901716
1143,/Volumes/SmithL0/2026/BIOL470/Final/Learning_Rig/bee_0408_1_fwd/cam1_2026-04-08_16-14-47.mp4,2457.5,2752.0,2189,2464,2726,3040,0.7797377
1144,/Volumes/SmithL0/2026/BIOL470/Final/Learning_Rig/bee_0408_1_fwd/cam1_2026-04-08_16-14-47.mp4,1259.0,2230.5,920,1961,1598,2500,0.8014524
1145,/Volumes/SmithL0/2026/BIOL470/Final/Learning_Rig/bee_0408_1_fwd/cam1_2026-04-08_16-14-47.mp4,2458.5,2753.5,2189,2468,2728,3039,0.770743
1146,/Volumes/SmithL0/2026/BIOL470/Final/Learning_Rig/bee_0408_1_fwd/cam1_2026-04-08_16-14-47.mp4,1265.0,2227.0,922,1941,1608,2513,0.8221046
1147,/Volumes/SmithL0/2026/BIOL470/Final/Learning_Rig/bee_0408_1_fwd/cam1_2026-04-08_16-14-47.mp4,2458.5,2754.5,2189,2469,2728,3040,0.76476306
1148,/Volumes/SmithL0/2026/BIOL470/Final/Learning_Rig/bee_0408_1_fwd/cam1_2026-04-08_16-14-47.mp4,1256.0,2235.0,919,1961,1593,2509,0.8198775
1149,/Volumes/SmithL0/2026/BIOL470/Final/Learning_Rig/bee_0408_1_fwd/cam1_2026-04-08_16-14-47.mp4,2458.5,2753.0,2190,2467,2727,3039,0.7794506
1150,/Volumes/SmithL0/2026/BIOL470/Final/Learning_Rig/bee_0408_1_fwd/cam1_2026-04-08_16-14-47.mp4,1289.0,2240.0,911,1969,1667,2511,0.7980406
1151,/Volumes/SmithL0/2026/BIOL470/Final/Learning_Rig/bee_0408_1_fwd/cam1_2026-04-08_16-14-47.mp4,2458.0,2752.5,2189,2466,2727,3039,0.77766025
1152,/Volumes/SmithL0/2026/BIOL470/Final/Learning_Rig/bee_0408_1_fwd/cam1_2026-04-08_16-14-47.mp4,2459.5,2753.0,2192,2467,2727,3039,0.7879906
1153,/Volumes/SmithL0/2026/BIOL470/Final/Learning_Rig/bee_0408_1_fwd/cam1_2026-04-08_16-14-47.mp4,1328.5,2206.0,981,1917,1676,2495,0.7756535
1154,/Volumes/SmithL0/2026/BIOL470/Final/Learning_Rig/bee_0408_1_fwd/cam1_2026-04-08_16-14-47.mp4,2459.0,2753.5,2191,2467,2727,3040,0.7822073
1155,/Volumes/SmithL0/2026/BIOL470/Final/Learning_Rig/bee_0408_1_fwd/cam1_2026-04-08_16-14-47.mp4,1355.0,2205.5,1024,1927,1686,2484,0.781624
1156,/Volumes/SmithL0/2026/BIOL470/Final/Learning_Rig/bee_0408_1_fwd/cam1_2026-04-08_16-14-47.mp4,1351.0,2149.5,991,1909,1711,2390,0.7963818
1157,/Volumes/SmithL0/2026/BIOL470/Final/Learning_Rig/bee_0408_1_fwd/cam1_2026-04-08_16-14-47.mp4,2459.0,2752.5,2191,2466,2727,3039,0.7778661
1158,/Volumes/SmithL0/2026/BIOL470/Final/Learning_Rig/bee_0408_1_fwd/cam1_2026-04-08_16-14-47.mp4,1347.5,2086.0,988,1830,1707,2342,0.8006767
1159,/Volumes/SmithL0/2026/BIOL470/Final/Learning_Rig/bee_0408_1_fwd/cam1_2026-04-08_16-14-47.mp4,2459.5,2753.5,2191,2467,2728,3040,0.7693002
1160,/Volumes/SmithL0/2026/BIOL470/Final/Learning_Rig/bee_0408_1_fwd/cam1_2026-04-08_16-14-47.mp4,1301.0,2041.5,931,1786,1671,2297,0.76328886
1161,/Volumes/SmithL0/2026/BIOL470/Final/Learning_Rig/bee_0408_1_fwd/cam1_2026-04-08_16-14-47.mp4,2453.5,2749.5,2175,2462,2732,3037,0.7417075
1162,/Volumes/SmithL0/2026/BIOL470/Final/Learning_Rig/bee_0408_1_fwd/cam1_2026-04-08_16-14-47.mp4,987.5,2921.0,678,2802,1297,3040,0.5587234
1163,/Volumes/SmithL0/2026/BIOL470/Final/Learning_Rig/bee_0408_1_fwd/cam1_2026-04-08_16-14-47.mp4,1225.5,1956.0,889,1638,1562,2274,0.7784764
1164,/Volumes/SmithL0/2026/BIOL470/Final/Learning_Rig/bee_0408_1_fwd/cam1_2026-04-08_16-14-47.mp4,2458.5,2752.5,2190,2466,2727,3039,0.76942044
1165,/Volumes/SmithL0/2026/BIOL470/Final/Learning_Rig/bee_0408_1_fwd/cam1_2026-04-08_16-14-47.mp4,1183.5,1899.5,914,1589,1453,2210,0.7949304
1166,/Volumes/SmithL0/2026/BIOL470/Final/Learning_Rig/bee_0408_1_fwd/cam1_2026-04-08_16-14-47.mp4,2458.5,2753.0,2190,2466,2727,3040,0.75389415
1167,/Volumes/SmithL0/2026/BIOL470/Final/Learning_Rig/bee_0408_1_fwd/cam1_2026-04-08_16-14-47.mp4,2459.0,2752.0,2191,2465,2727,3039,0.77293026
1168,/Volumes/SmithL0/2026/BIOL470/Final/Learning_Rig/bee_0408_1_fwd/cam1_2026-04-08_16-14-47.mp4,1261.0,1827.0,975,1473,1547,2181,0.74515474
1169,/Volumes/SmithL0/2026/BIOL470/Final/Learning_Rig/bee_0408_1_fwd/cam1_2026-04-08_16-14-47.mp4,2458.5,2751.5,2190,2463,2727,3040,0.79101914
1170,/Volumes/SmithL0/2026/BIOL470/Final/Learning_Rig/bee_0408_1_fwd/cam1_2026-04-08_16-14-47.mp4,1259.5,1831.5,1075,1473,1444,2190,0.76009345
1171,/Volumes/SmithL0/2026/BIOL470/Final/Learning_Rig/bee_0408_1_fwd/cam1_2026-04-08_16-14-47.mp4,1185.0,1815.5,923,1474,1447,2157,0.62348753
1172,/Volumes/SmithL0/2026/BIOL470/Final/Learning_Rig/bee_0408_1_fwd/cam1_2026-04-08_16-14-47.mp4,2459.5,2751.0,2192,2463,2727,3039,0.77542275
1173,/Volumes/SmithL0/2026/BIOL470/Final/Learning_Rig/bee_0408_1_fwd/cam1_2026-04-08_16-14-47.mp4,1386.0,1724.0,1168,1458,1604,1990,0.75447315
1174,/Volumes/SmithL0/2026/BIOL470/Final/Learning_Rig/bee_0408_1_fwd/cam1_2026-04-08_16-14-47.mp4,1289.5,1775.0,975,1453,1604,2097,0.7525134
1175,/Volumes/SmithL0/2026/BIOL470/Final/Learning_Rig/bee_0408_1_fwd/cam1_2026-04-08_16-14-47.mp4,1167.0,1778.0,966,1459,1368,2097,0.6649692
1176,/Volumes/SmithL0/2026/BIOL470/Final/Learning_Rig/bee_0408_1_fwd/cam1_2026-04-08_16-14-47.mp4,1392.0,1638.5,1176,1457,1608,1820,0.6043785
1177,/Volumes/SmithL0/2026/BIOL470/Final/Learning_Rig/bee_0408_1_fwd/cam1_2026-04-08_16-14-47.mp4,2458.5,2752.5,2190,2466,2727,3039,0.7758507
1178,/Volumes/SmithL0/2026/BIOL470/Final/Learning_Rig/bee_0408_1_fwd/cam1_2026-04-08_16-14-47.mp4,1320.5,1753.5,1122,1433,1519,2074,0.77442956
1179,/Volumes/SmithL0/2026/BIOL470/Final/Learning_Rig/bee_0408_1_fwd/cam1_2026-04-08_16-14-47.mp4,1275.5,1745.0,984,1423,1567,2067,0.764656
1180,/Volumes/SmithL0/2026/BIOL470/Final/Learning_Rig/bee_0408_1_fwd/cam1_2026-04-08_16-14-47.mp4,2459.0,2752.5,2191,2466,2727,3039,0.7699916
1181,/Volumes/SmithL0/2026/BIOL470/Final/Learning_Rig/bee_0408_1_fwd/cam1_2026-04-08_16-14-47.mp4,1353.5,1655.0,1008,1324,1699,1986,0.725505
1182,/Volumes/SmithL0/2026/BIOL470/Final/Learning_Rig/bee_0408_1_fwd/cam1_2026-04-08_16-14-47.mp4,2458.0,2752.5,2190,2465,2726,3040,0.78583205
1183,/Volumes/SmithL0/2026/BIOL470/Final/Learning_Rig/bee_0408_1_fwd/cam1_2026-04-08_16-14-47.mp4,1417.5,1461.5,1094,1133,1741,1790,0.5874123
1184,/Volumes/SmithL0/2026/BIOL470/Final/Learning_Rig/bee_0408_1_fwd/cam1_2026-04-08_16-14-47.mp4,2458.5,2752.0,2191,2465,2726,3039,0.767546
1185,/Volumes/SmithL0/2026/BIOL470/Final/Learning_Rig/bee_0408_1_fwd/cam1_2026-04-08_16-14-47.mp4,1410.5,1338.5,1095,998,1726,1679,0.72901034
1186,/Volumes/SmithL0/2026/BIOL470/Final/Learning_Rig/bee_0408_1_fwd/cam1_2026-04-08_16-14-47.mp4,2457.5,2751.5,2190,2464,2725,3039,0.7889892
1187,/Volumes/SmithL0/2026/BIOL470/Final/Learning_Rig/bee_0408_1_fwd/cam1_2026-04-08_16-14-47.mp4,1525.0,1178.0,1197,830,1853,1526,0.73509103
1188,/Volumes/SmithL0/2026/BIOL470/Final/Learning_Rig/bee_0408_1_fwd/cam1_2026-04-08_16-14-47.mp4,1628.0,1003.5,1428,839,1828,1168,0.65889055
1189,/Volumes/SmithL0/2026/BIOL470/Final/Learning_Rig/bee_0408_1_fwd/cam1_2026-04-08_16-14-47.mp4,2457.5,2752.5,2190,2466,2725,3039,0.78314155
1190,/Volumes/SmithL0/2026/BIOL470/Final/Learning_Rig/bee_0408_1_fwd/cam1_2026-04-08_16-14-47.mp4,1518.0,747.0,1259,502,1777,992,0.78213984
1191,/Volumes/SmithL0/2026/BIOL470/Final/Learning_Rig/bee_0408_1_fwd/cam1_2026-04-08_16-14-47.mp4,1497.0,643.0,1258,293,1736,993,0.7386112
1192,/Volumes/SmithL0/2026/BIOL470/Final/Learning_Rig/bee_0408_1_fwd/cam1_2026-04-08_16-14-47.mp4,1538.0,574.5,1296,165,1780,984,0.7997347
1193,/Volumes/SmithL0/2026/BIOL470/Final/Learning_Rig/bee_0408_1_fwd/cam1_2026-04-08_16-14-47.mp4,2457.5,2753.0,2190,2467,2725,3039,0.78558445
1194,/Volumes/SmithL0/2026/BIOL470/Final/Learning_Rig/bee_0408_1_fwd/cam1_2026-04-08_16-14-47.mp4,1473.0,564.5,1240,152,1706,977,0.77278847
1195,/Volumes/SmithL0/2026/BIOL470/Final/Learning_Rig/bee_0408_1_fwd/cam1_2026-04-08_16-14-47.mp4,2459.0,2753.0,2191,2467,2727,3039,0.77189386
1196,/Volumes/SmithL0/2026/BIOL470/Final/Learning_Rig/bee_0408_1_fwd/cam1_2026-04-08_16-14-47.mp4,2459.0,2753.0,2191,2467,2727,3039,0.7855782
1197,/Volumes/SmithL0/2026/BIOL470/Final/Learning_Rig/bee_0408_1_fwd/cam1_2026-04-08_16-14-47.mp4,1410.0,501.0,1203,73,1617,929,0.5845723
1198,/Volumes/SmithL0/2026/BIOL470/Final/Learning_Rig/bee_0408_1_fwd/cam1_2026-04-08_16-14-47.mp4,2459.5,2753.0,2191,2467,2728,3039,0.79172266
1199,/Volumes/SmithL0/2026/BIOL470/Final/Learning_Rig/bee_0408_1_fwd/cam1_2026-04-08_16-14-47.mp4,1393.0,608.0,1135,285,1651,931,0.5978031
1200,/Volumes/SmithL0/2026/BIOL470/Final/Learning_Rig/bee_0408_1_fwd/cam1_2026-04-08_16-14-47.mp4,1414.5,538.0,1170,95,1659,981,0.54981756
1201,/Volumes/SmithL0/2026/BIOL470/Final/Learning_Rig/bee_0408_1_fwd/cam1_2026-04-08_16-14-47.mp4,1411.0,559.0,1091,138,1731,980,0.80573255
1202,/Volumes/SmithL0/2026/BIOL470/Final/Learning_Rig/bee_0408_1_fwd/cam1_2026-04-08_16-14-47.mp4,2458.5,2753.0,2191,2467,2726,3039,0.7972221
1203,/Volumes/SmithL0/2026/BIOL470/Final/Learning_Rig/bee_0408_1_fwd/cam1_2026-04-08_16-14-47.mp4,1411.5,610.5,1096,232,1727,989,0.85616744
1204,/Volumes/SmithL0/2026/BIOL470/Final/Learning_Rig/bee_0408_1_fwd/cam1_2026-04-08_16-14-47.mp4,2457.5,2754.0,2190,2468,2725,3040,0.80467445
1205,/Volumes/SmithL0/2026/BIOL470/Final/Learning_Rig/bee_0408_1_fwd/cam1_2026-04-08_16-14-47.mp4,1484.5,619.5,1244,233,1725,1006,0.7872549
1206,/Volumes/SmithL0/2026/BIOL470/Final/Learning_Rig/bee_0408_1_fwd/cam1_2026-04-08_16-14-47.mp4,2459.0,2752.5,2191,2465,2727,3040,0.78101945
1207,/Volumes/SmithL0/2026/BIOL470/Final/Learning_Rig/bee_0408_1_fwd/cam1_2026-04-08_16-14-47.mp4,1579.0,624.5,1265,246,1893,1003,0.7985658
1208,/Volumes/SmithL0/2026/BIOL470/Final/Learning_Rig/bee_0408_1_fwd/cam1_2026-04-08_16-14-47.mp4,2458.5,2752.5,2191,2466,2726,3039,0.7786861
1209,/Volumes/SmithL0/2026/BIOL470/Final/Learning_Rig/bee_0408_1_fwd/cam1_2026-04-08_16-14-47.mp4,1486.5,629.5,1262,254,1711,1005,0.724962
1210,/Volumes/SmithL0/2026/BIOL470/Final/Learning_Rig/bee_0408_1_fwd/cam1_2026-04-08_16-14-47.mp4,1548.0,602.5,1272,229,1824,976,0.7790736
1211,/Volumes/SmithL0/2026/BIOL470/Final/Learning_Rig/bee_0408_1_fwd/cam1_2026-04-08_16-14-47.mp4,2459.5,2752.5,2192,2465,2727,3040,0.76949286
1212,/Volumes/SmithL0/2026/BIOL470/Final/Learning_Rig/bee_0408_1_fwd/cam1_2026-04-08_16-14-47.mp4,1684.0,621.5,1539,241,1829,1002,0.59613883
1213,/Volumes/SmithL0/2026/BIOL470/Final/Learning_Rig/bee_0408_1_fwd/cam1_2026-04-08_16-14-47.mp4,2459.0,2752.0,2191,2464,2727,3040,0.780943
1214,/Volumes/SmithL0/2026/BIOL470/Final/Learning_Rig/bee_0408_1_fwd/cam1_2026-04-08_16-14-47.mp4,1610.5,635.5,1239,299,1982,972,0.76864827
1215,/Volumes/SmithL0/2026/BIOL470/Final/Learning_Rig/bee_0408_1_fwd/cam1_2026-04-08_16-14-47.mp4,2459.0,2752.5,2191,2465,2727,3040,0.77621686
1216,/Volumes/SmithL0/2026/BIOL470/Final/Learning_Rig/bee_0408_1_fwd/cam1_2026-04-08_16-14-47.mp4,1677.0,678.0,1279,376,2075,980,0.7273639
1217,/Volumes/SmithL0/2026/BIOL470/Final/Learning_Rig/bee_0408_1_fwd/cam1_2026-04-08_16-14-47.mp4,1914.5,612.5,1783,483,2046,742,0.6016027
1218,/Volumes/SmithL0/2026/BIOL470/Final/Learning_Rig/bee_0408_1_fwd/cam1_2026-04-08_16-14-47.mp4,1897.0,719.0,1499,407,2295,1031,0.7938775
1219,/Volumes/SmithL0/2026/BIOL470/Final/Learning_Rig/bee_0408_1_fwd/cam1_2026-04-08_16-14-47.mp4,2458.5,2753.5,2190,2468,2727,3039,0.7832357
1220,/Volumes/SmithL0/2026/BIOL470/Final/Learning_Rig/bee_0408_1_fwd/cam1_2026-04-08_16-14-47.mp4,1877.0,717.5,1536,383,2218,1052,0.7879199
1221,/Volumes/SmithL0/2026/BIOL470/Final/Learning_Rig/bee_0408_1_fwd/cam1_2026-04-08_16-14-47.mp4,2458.0,2754.0,2190,2469,2726,3039,0.7856922
1222,/Volumes/SmithL0/2026/BIOL470/Final/Learning_Rig/bee_0408_1_fwd/cam1_2026-04-08_16-14-47.mp4,1895.0,752.0,1600,420,2190,1084,0.7783152
1223,/Volumes/SmithL0/2026/BIOL470/Final/Learning_Rig/bee_0408_1_fwd/cam1_2026-04-08_16-14-47.mp4,2458.0,2753.5,2190,2468,2726,3039,0.7723295
1224,/Volumes/SmithL0/2026/BIOL470/Final/Learning_Rig/bee_0408_1_fwd/cam1_2026-04-08_16-14-47.mp4,1879.0,812.5,1614,430,2144,1195,0.8038055
1225,/Volumes/SmithL0/2026/BIOL470/Final/Learning_Rig/bee_0408_1_fwd/cam1_2026-04-08_16-14-47.mp4,2458.5,2753.5,2191,2467,2726,3040,0.7853668
1226,/Volumes/SmithL0/2026/BIOL470/Final/Learning_Rig/bee_0408_1_fwd/cam1_2026-04-08_16-14-47.mp4,1878.5,870.5,1616,533,2141,1208,0.826298
1227,/Volumes/SmithL0/2026/BIOL470/Final/Learning_Rig/bee_0408_1_fwd/cam1_2026-04-08_16-14-47.mp4,2458.5,2754.5,2191,2469,2726,3040,0.78420687
1228,/Volumes/SmithL0/2026/BIOL470/Final/Learning_Rig/bee_0408_1_fwd/cam1_2026-04-08_16-14-47.mp4,2458.0,2753.0,2190,2466,2726,3040,0.77141535
1229,/Volumes/SmithL0/2026/BIOL470/Final/Learning_Rig/bee_0408_1_fwd/cam1_2026-04-08_16-14-47.mp4,1874.5,1058.5,1573,674,2176,1443,0.74977285
1230,/Volumes/SmithL0/2026/BIOL470/Final/Learning_Rig/bee_0408_1_fwd/cam1_2026-04-08_16-14-47.mp4,1913.5,1263.5,1594,916,2233,1611,0.8191959
1231,/Volumes/SmithL0/2026/BIOL470/Final/Learning_Rig/bee_0408_1_fwd/cam1_2026-04-08_16-14-47.mp4,2458.5,2752.5,2191,2466,2726,3039,0.7883415
1232,/Volumes/SmithL0/2026/BIOL470/Final/Learning_Rig/bee_0408_1_fwd/cam1_2026-04-08_16-14-47.mp4,1919.5,1355.0,1584,989,2255,1721,0.80403805
1233,/Volumes/SmithL0/2026/BIOL470/Final/Learning_Rig/bee_0408_1_fwd/cam1_2026-04-08_16-14-47.mp4,2458.0,2753.0,2190,2466,2726,3040,0.79099226
1234,/Volumes/SmithL0/2026/BIOL470/Final/Learning_Rig/bee_0408_1_fwd/cam1_2026-04-08_16-14-47.mp4,1894.0,1523.5,1563,1141,2225,1906,0.8233438
1235,/Volumes/SmithL0/2026/BIOL470/Final/Learning_Rig/bee_0408_1_fwd/cam1_2026-04-08_16-14-47.mp4,2458.5,2752.5,2191,2465,2726,3040,0.7901792
1236,/Volumes/SmithL0/2026/BIOL470/Final/Learning_Rig/bee_0408_1_fwd/cam1_2026-04-08_16-14-47.mp4,1930.0,1650.5,1647,1272,2213,2029,0.8272871
1237,/Volumes/SmithL0/2026/BIOL470/Final/Learning_Rig/bee_0408_1_fwd/cam1_2026-04-08_16-14-47.mp4,2458.0,2753.5,2189,2468,2727,3039,0.7956418
1238,/Volumes/SmithL0/2026/BIOL470/Final/Learning_Rig/bee_0408_1_fwd/cam1_2026-04-08_16-14-47.mp4,1917.0,1781.5,1637,1382,2197,2181,0.8040112
1239,/Volumes/SmithL0/2026/BIOL470/Final/Learning_Rig/bee_0408_1_fwd/cam1_2026-04-08_16-14-47.mp4,2457.5,2752.5,2189,2465,2726,3040,0.7961397
1240,/Volumes/SmithL0/2026/BIOL470/Final/Learning_Rig/bee_0408_1_fwd/cam1_2026-04-08_16-14-47.mp4,1880.5,1938.5,1602,1561,2159,2316,0.8118863
1241,/Volumes/SmithL0/2026/BIOL470/Final/Learning_Rig/bee_0408_1_fwd/cam1_2026-04-08_16-14-47.mp4,2458.0,2753.5,2191,2468,2725,3039,0.80426013
1242,/Volumes/SmithL0/2026/BIOL470/Final/Learning_Rig/bee_0408_1_fwd/cam1_2026-04-08_16-14-47.mp4,2458.0,2753.0,2191,2467,2725,3039,0.80622077
1243,/Volumes/SmithL0/2026/BIOL470/Final/Learning_Rig/bee_0408_1_fwd/cam1_2026-04-08_16-14-47.mp4,1867.5,2149.5,1546,1780,2189,2519,0.80042046
1244,/Volumes/SmithL0/2026/BIOL470/Final/Learning_Rig/bee_0408_1_fwd/cam1_2026-04-08_16-14-47.mp4,2457.5,2752.5,2190,2466,2725,3039,0.8128148
1245,/Volumes/SmithL0/2026/BIOL470/Final/Learning_Rig/bee_0408_1_fwd/cam1_2026-04-08_16-14-47.mp4,1923.5,2184.5,1687,1872,2160,2497,0.7928092
1246,/Volumes/SmithL0/2026/BIOL470/Final/Learning_Rig/bee_0408_1_fwd/cam1_2026-04-08_16-14-47.mp4,1920.5,2044.0,1685,1876,2156,2212,0.6065316
1247,/Volumes/SmithL0/2026/BIOL470/Final/Learning_Rig/bee_0408_1_fwd/cam1_2026-04-08_16-14-47.mp4,1917.0,2196.5,1665,1888,2169,2505,0.8120742
1248,/Volumes/SmithL0/2026/BIOL470/Final/Learning_Rig/bee_0408_1_fwd/cam1_2026-04-08_16-14-47.mp4,2458.5,2753.0,2191,2466,2726,3040,0.81148094
1249,/Volumes/SmithL0/2026/BIOL470/Final/Learning_Rig/bee_0408_1_fwd/cam1_2026-04-08_16-14-47.mp4,1836.0,2060.5,1682,1898,1990,2223,0.57402533
1250,/Volumes/SmithL0/2026/BIOL470/Final/Learning_Rig/bee_0408_1_fwd/cam1_2026-04-08_16-14-47.mp4,2458.5,2752.5,2191,2466,2726,3039,0.8096969
1251,/Volumes/SmithL0/2026/BIOL470/Final/Learning_Rig/bee_0408_1_fwd/cam1_2026-04-08_16-14-47.mp4,1903.5,2175.0,1629,1864,2178,2486,0.7975216
1252,/Volumes/SmithL0/2026/BIOL470/Final/Learning_Rig/bee_0408_1_fwd/cam1_2026-04-08_16-14-47.mp4,2457.5,2752.0,2189,2464,2726,3040,0.8138857
1253,/Volumes/SmithL0/2026/BIOL470/Final/Learning_Rig/bee_0408_1_fwd/cam1_2026-04-08_16-14-47.mp4,1890.0,2113.5,1582,1769,2198,2458,0.7958538
1254,/Volumes/SmithL0/2026/BIOL470/Final/Learning_Rig/bee_0408_1_fwd/cam1_2026-04-08_16-14-47.mp4,2458.0,2751.5,2189,2464,2727,3039,0.8057185
1255,/Volumes/SmithL0/2026/BIOL470/Final/Learning_Rig/bee_0408_1_fwd/cam1_2026-04-08_16-14-47.mp4,1783.0,2056.0,1492,1701,2074,2411,0.78864795
1256,/Volumes/SmithL0/2026/BIOL470/Final/Learning_Rig/bee_0408_1_fwd/cam1_2026-04-08_16-14-47.mp4,1644.5,2121.0,1315,1830,1974,2412,0.82377195
1257,/Volumes/SmithL0/2026/BIOL470/Final/Learning_Rig/bee_0408_1_fwd/cam1_2026-04-08_16-14-47.mp4,2458.0,2752.5,2190,2465,2726,3040,0.79489267
1258,/Volumes/SmithL0/2026/BIOL470/Final/Learning_Rig/bee_0408_1_fwd/cam1_2026-04-08_16-14-47.mp4,1559.5,2128.0,1235,1851,1884,2405,0.8390716
1259,/Volumes/SmithL0/2026/BIOL470/Final/Learning_Rig/bee_0408_1_fwd/cam1_2026-04-08_16-14-47.mp4,2459.0,2752.0,2191,2464,2727,3040,0.8020593
1260,/Volumes/SmithL0/2026/BIOL470/Final/Learning_Rig/bee_0408_1_fwd/cam1_2026-04-08_16-14-47.mp4,2458.5,2753.0,2190,2466,2727,3040,0.8012506
1261,/Volumes/SmithL0/2026/BIOL470/Final/Learning_Rig/bee_0408_1_fwd/cam1_2026-04-08_16-14-47.mp4,1448.5,2154.5,1120,1882,1777,2427,0.76806027
1262,/Volumes/SmithL0/2026/BIOL470/Final/Learning_Rig/bee_0408_1_fwd/cam1_2026-04-08_16-14-47.mp4,1270.0,2171.5,948,1941,1592,2402,0.8006778
1263,/Volumes/SmithL0/2026/BIOL470/Final/Learning_Rig/bee_0408_1_fwd/cam1_2026-04-08_16-14-47.mp4,2458.5,2752.5,2190,2465,2727,3040,0.7806688
1264,/Volumes/SmithL0/2026/BIOL470/Final/Learning_Rig/bee_0408_1_fwd/cam1_2026-04-08_16-14-47.mp4,1225.0,2205.0,887,1956,1563,2454,0.803559
1265,/Volumes/SmithL0/2026/BIOL470/Final/Learning_Rig/bee_0408_1_fwd/cam1_2026-04-08_16-14-47.mp4,2459.0,2752.0,2191,2464,2727,3040,0.7793802
1266,/Volumes/SmithL0/2026/BIOL470/Final/Learning_Rig/bee_0408_1_fwd/cam1_2026-04-08_16-14-47.mp4,1192.0,2217.5,905,1959,1479,2476,0.7927503
1267,/Volumes/SmithL0/2026/BIOL470/Final/Learning_Rig/bee_0408_1_fwd/cam1_2026-04-08_16-14-47.mp4,2458.5,2752.0,2191,2465,2726,3039,0.7779673
1268,/Volumes/SmithL0/2026/BIOL470/Final/Learning_Rig/bee_0408_1_fwd/cam1_2026-04-08_16-14-47.mp4,1250.5,2177.0,935,1893,1566,2461,0.8186569
1269,/Volumes/SmithL0/2026/BIOL470/Final/Learning_Rig/bee_0408_1_fwd/cam1_2026-04-08_16-14-47.mp4,2457.5,2752.0,2189,2465,2726,3039,0.78420836
1270,/Volumes/SmithL0/2026/BIOL470/Final/Learning_Rig/bee_0408_1_fwd/cam1_2026-04-08_16-14-47.mp4,1245.0,2149.5,941,1870,1549,2429,0.82439685
1271,/Volumes/SmithL0/2026/BIOL470/Final/Learning_Rig/bee_0408_1_fwd/cam1_2026-04-08_16-14-47.mp4,2458.5,2752.5,2190,2465,2727,3040,0.77057135
1272,/Volumes/SmithL0/2026/BIOL470/Final/Learning_Rig/bee_0408_1_fwd/cam1_2026-04-08_16-14-47.mp4,1244.0,2163.0,978,1853,1510,2473,0.821174
1273,/Volumes/SmithL0/2026/BIOL470/Final/Learning_Rig/bee_0408_1_fwd/cam1_2026-04-08_16-14-47.mp4,2458.0,2752.5,2189,2466,2727,3039,0.7617848
1274,/Volumes/SmithL0/2026/BIOL470/Final/Learning_Rig/bee_0408_1_fwd/cam1_2026-04-08_16-14-47.mp4,1248.0,2101.5,917,1805,1579,2398,0.850378
1275,/Volumes/SmithL0/2026/BIOL470/Final/Learning_Rig/bee_0408_1_fwd/cam1_2026-04-08_16-14-47.mp4,2458.5,2752.0,2190,2464,2727,3040,0.7484758
1276,/Volumes/SmithL0/2026/BIOL470/Final/Learning_Rig/bee_0408_1_fwd/cam1_2026-04-08_16-14-47.mp4,1244.0,2053.0,897,1804,1591,2302,0.8104955
1277,/Volumes/SmithL0/2026/BIOL470/Final/Learning_Rig/bee_0408_1_fwd/cam1_2026-04-08_16-14-47.mp4,2458.0,2753.0,2189,2466,2727,3040,0.75181466
1278,/Volumes/SmithL0/2026/BIOL470/Final/Learning_Rig/bee_0408_1_fwd/cam1_2026-04-08_16-14-47.mp4,893.0,2920.5,485,2802,1301,3039,0.50865245
1279,/Volumes/SmithL0/2026/BIOL470/Final/Learning_Rig/bee_0408_1_fwd/cam1_2026-04-08_16-14-47.mp4,1225.0,1981.0,851,1690,1599,2272,0.7901244
1280,/Volumes/SmithL0/2026/BIOL470/Final/Learning_Rig/bee_0408_1_fwd/cam1_2026-04-08_16-14-47.mp4,2459.0,2752.0,2191,2464,2727,3040,0.7452128
1281,/Volumes/SmithL0/2026/BIOL470/Final/Learning_Rig/bee_0408_1_fwd/cam1_2026-04-08_16-14-47.mp4,1019.5,2920.5,739,2802,1300,3039,0.5837163
1282,/Volumes/SmithL0/2026/BIOL470/Final/Learning_Rig/bee_0408_1_fwd/cam1_2026-04-08_16-14-47.mp4,1236.0,1950.0,877,1662,1595,2238,0.832019
1283,/Volumes/SmithL0/2026/BIOL470/Final/Learning_Rig/bee_0408_1_fwd/cam1_2026-04-08_16-14-47.mp4,2458.5,2752.5,2190,2466,2727,3039,0.74117273
1284,/Volumes/SmithL0/2026/BIOL470/Final/Learning_Rig/bee_0408_1_fwd/cam1_2026-04-08_16-14-47.mp4,1014.5,2921.0,733,2803,1296,3039,0.5798316
1285,/Volumes/SmithL0/2026/BIOL470/Final/Learning_Rig/bee_0408_1_fwd/cam1_2026-04-08_16-14-47.mp4,1238.5,1872.5,921,1548,1556,2197,0.7931007
1286,/Volumes/SmithL0/2026/BIOL470/Final/Learning_Rig/bee_0408_1_fwd/cam1_2026-04-08_16-14-47.mp4,2452.5,2749.5,2174,2462,2731,3037,0.75379515
1287,/Volumes/SmithL0/2026/BIOL470/Final/Learning_Rig/bee_0408_1_fwd/cam1_2026-04-08_16-14-47.mp4,1018.5,2922.5,731,2806,1306,3039,0.6089895
1288,/Volumes/SmithL0/2026/BIOL470/Final/Learning_Rig/bee_0408_1_fwd/cam1_2026-04-08_16-14-47.mp4,1211.0,1789.0,924,1455,1498,2123,0.79921466
1289,/Volumes/SmithL0/2026/BIOL470/Final/Learning_Rig/bee_0408_1_fwd/cam1_2026-04-08_16-14-47.mp4,2459.0,2752.5,2190,2466,2728,3039,0.7536161
1290,/Volumes/SmithL0/2026/BIOL470/Final/Learning_Rig/bee_0408_1_fwd/cam1_2026-04-08_16-14-47.mp4,917.0,2922.0,531,2804,1303,3040,0.52291775
