,filepath,x_centroid,y_centroid,x_min,y_min,x_max,y_max,detection_confidence
0,/Volumes/SmithL0/2026/BIOL470/Final/Learning_Rig/bee_0408_1_fwd/cam1_2026-04-08_16-15-57.mp4,1265.0,2256.5,972,2017,1558,2496,0.7856969
1,/Volumes/SmithL0/2026/BIOL470/Final/Learning_Rig/bee_0408_1_fwd/cam1_2026-04-08_16-15-57.mp4,2459.0,2752.0,2190,2464,2728,3040,0.78087175
2,/Volumes/SmithL0/2026/BIOL470/Final/Learning_Rig/bee_0408_1_fwd/cam1_2026-04-08_16-15-57.mp4,1257.5,2255.0,969,2018,1546,2492,0.7830085
3,/Volumes/SmithL0/2026/BIOL470/Final/Learning_Rig/bee_0408_1_fwd/cam1_2026-04-08_16-15-57.mp4,2460.0,2752.5,2191,2465,2729,3040,0.7516654
4,/Volumes/SmithL0/2026/BIOL470/Final/Learning_Rig/bee_0408_1_fwd/cam1_2026-04-08_16-15-57.mp4,1252.0,2257.0,972,2019,1532,2495,0.78996176
5,/Volumes/SmithL0/2026/BIOL470/Final/Learning_Rig/bee_0408_1_fwd/cam1_2026-04-08_16-15-57.mp4,2460.0,2751.5,2191,2464,2729,3039,0.77969766
6,/Volumes/SmithL0/2026/BIOL470/Final/Learning_Rig/bee_0408_1_fwd/cam1_2026-04-08_16-15-57.mp4,1260.0,2255.0,971,2013,1549,2497,0.7909641
7,/Volumes/SmithL0/2026/BIOL470/Final/Learning_Rig/bee_0408_1_fwd/cam1_2026-04-08_16-15-57.mp4,2458.5,2753.0,2190,2467,2727,3039,0.7811184
8,/Volumes/SmithL0/2026/BIOL470/Final/Learning_Rig/bee_0408_1_fwd/cam1_2026-04-08_16-15-57.mp4,1246.5,2257.0,968,2024,1525,2490,0.78739
9,/Volumes/SmithL0/2026/BIOL470/Final/Learning_Rig/bee_0408_1_fwd/cam1_2026-04-08_16-15-57.mp4,2459.0,2753.5,2191,2468,2727,3039,0.76802325
10,/Volumes/SmithL0/2026/BIOL470/Final/Learning_Rig/bee_0408_1_fwd/cam1_2026-04-08_16-15-57.mp4,1259.0,2259.5,972,2022,1546,2497,0.7844725
11,/Volumes/SmithL0/2026/BIOL470/Final/Learning_Rig/bee_0408_1_fwd/cam1_2026-04-08_16-15-57.mp4,2459.0,2753.5,2191,2467,2727,3040,0.77671754
12,/Volumes/SmithL0/2026/BIOL470/Final/Learning_Rig/bee_0408_1_fwd/cam1_2026-04-08_16-15-57.mp4,1256.5,2264.5,972,2033,1541,2496,0.78392446
13,/Volumes/SmithL0/2026/BIOL470/Final/Learning_Rig/bee_0408_1_fwd/cam1_2026-04-08_16-15-57.mp4,2459.5,2752.5,2191,2465,2728,3040,0.7791197
14,/Volumes/SmithL0/2026/BIOL470/Final/Learning_Rig/bee_0408_1_fwd/cam1_2026-04-08_16-15-57.mp4,1260.0,2264.5,972,2032,1548,2497,0.7881871
15,/Volumes/SmithL0/2026/BIOL470/Final/Learning_Rig/bee_0408_1_fwd/cam1_2026-04-08_16-15-57.mp4,2459.0,2752.5,2191,2465,2727,3040,0.7560914
16,/Volumes/SmithL0/2026/BIOL470/Final/Learning_Rig/bee_0408_1_fwd/cam1_2026-04-08_16-15-57.mp4,1261.0,2262.0,974,2026,1548,2498,0.7925929
17,/Volumes/SmithL0/2026/BIOL470/Final/Learning_Rig/bee_0408_1_fwd/cam1_2026-04-08_16-15-57.mp4,2459.5,2752.0,2191,2465,2728,3039,0.732689
18,/Volumes/SmithL0/2026/BIOL470/Final/Learning_Rig/bee_0408_1_fwd/cam1_2026-04-08_16-15-57.mp4,1254.0,2265.0,973,2033,1535,2497,0.7901905
19,/Volumes/SmithL0/2026/BIOL470/Final/Learning_Rig/bee_0408_1_fwd/cam1_2026-04-08_16-15-57.mp4,2458.5,2753.0,2190,2466,2727,3040,0.7614399
20,/Volumes/SmithL0/2026/BIOL470/Final/Learning_Rig/bee_0408_1_fwd/cam1_2026-04-08_16-15-57.mp4,1257.0,2262.5,974,2028,1540,2497,0.7951888
21,/Volumes/SmithL0/2026/BIOL470/Final/Learning_Rig/bee_0408_1_fwd/cam1_2026-04-08_16-15-57.mp4,2459.0,2752.5,2191,2466,2727,3039,0.77124625
22,/Volumes/SmithL0/2026/BIOL470/Final/Learning_Rig/bee_0408_1_fwd/cam1_2026-04-08_16-15-57.mp4,1248.5,2266.0,965,2033,1532,2499,0.7946097
23,/Volumes/SmithL0/2026/BIOL470/Final/Learning_Rig/bee_0408_1_fwd/cam1_2026-04-08_16-15-57.mp4,2458.5,2751.5,2189,2464,2728,3039,0.73846376
24,/Volumes/SmithL0/2026/BIOL470/Final/Learning_Rig/bee_0408_1_fwd/cam1_2026-04-08_16-15-57.mp4,1256.5,2262.0,967,2025,1546,2499,0.7996688
25,/Volumes/SmithL0/2026/BIOL470/Final/Learning_Rig/bee_0408_1_fwd/cam1_2026-04-08_16-15-57.mp4,2458.5,2752.0,2189,2465,2728,3039,0.76173997
26,/Volumes/SmithL0/2026/BIOL470/Final/Learning_Rig/bee_0408_1_fwd/cam1_2026-04-08_16-15-57.mp4,1250.5,2263.5,969,2030,1532,2497,0.79449195
27,/Volumes/SmithL0/2026/BIOL470/Final/Learning_Rig/bee_0408_1_fwd/cam1_2026-04-08_16-15-57.mp4,2459.5,2752.0,2190,2465,2729,3039,0.72431314
28,/Volumes/SmithL0/2026/BIOL470/Final/Learning_Rig/bee_0408_1_fwd/cam1_2026-04-08_16-15-57.mp4,1258.0,2260.0,972,2021,1544,2499,0.79740417
29,/Volumes/SmithL0/2026/BIOL470/Final/Learning_Rig/bee_0408_1_fwd/cam1_2026-04-08_16-15-57.mp4,2459.5,2752.5,2190,2465,2729,3040,0.7544198
30,/Volumes/SmithL0/2026/BIOL470/Final/Learning_Rig/bee_0408_1_fwd/cam1_2026-04-08_16-15-57.mp4,1254.5,2259.5,967,2019,1542,2500,0.79882
31,/Volumes/SmithL0/2026/BIOL470/Final/Learning_Rig/bee_0408_1_fwd/cam1_2026-04-08_16-15-57.mp4,2458.5,2751.5,2189,2464,2728,3039,0.7681648
32,/Volumes/SmithL0/2026/BIOL470/Final/Learning_Rig/bee_0408_1_fwd/cam1_2026-04-08_16-15-57.mp4,1257.5,2261.0,968,2022,1547,2500,0.79753554
33,/Volumes/SmithL0/2026/BIOL470/Final/Learning_Rig/bee_0408_1_fwd/cam1_2026-04-08_16-15-57.mp4,2458.5,2753.0,2190,2466,2727,3040,0.777126
34,/Volumes/SmithL0/2026/BIOL470/Final/Learning_Rig/bee_0408_1_fwd/cam1_2026-04-08_16-15-57.mp4,1257.0,2260.0,963,2018,1551,2502,0.79831463
35,/Volumes/SmithL0/2026/BIOL470/Final/Learning_Rig/bee_0408_1_fwd/cam1_2026-04-08_16-15-57.mp4,2460.0,2752.5,2191,2465,2729,3040,0.7544989
36,/Volumes/SmithL0/2026/BIOL470/Final/Learning_Rig/bee_0408_1_fwd/cam1_2026-04-08_16-15-57.mp4,1251.0,2257.5,966,2017,1536,2498,0.7942808
37,/Volumes/SmithL0/2026/BIOL470/Final/Learning_Rig/bee_0408_1_fwd/cam1_2026-04-08_16-15-57.mp4,2459.5,2753.5,2191,2467,2728,3040,0.7570721
38,/Volumes/SmithL0/2026/BIOL470/Final/Learning_Rig/bee_0408_1_fwd/cam1_2026-04-08_16-15-57.mp4,1249.5,2258.5,960,2016,1539,2501,0.8032561
39,/Volumes/SmithL0/2026/BIOL470/Final/Learning_Rig/bee_0408_1_fwd/cam1_2026-04-08_16-15-57.mp4,2458.0,2754.0,2189,2468,2727,3040,0.7716437
40,/Volumes/SmithL0/2026/BIOL470/Final/Learning_Rig/bee_0408_1_fwd/cam1_2026-04-08_16-15-57.mp4,1237.5,2262.5,954,2024,1521,2501,0.79709923
41,/Volumes/SmithL0/2026/BIOL470/Final/Learning_Rig/bee_0408_1_fwd/cam1_2026-04-08_16-15-57.mp4,2458.0,2754.0,2189,2469,2727,3039,0.76423657
42,/Volumes/SmithL0/2026/BIOL470/Final/Learning_Rig/bee_0408_1_fwd/cam1_2026-04-08_16-15-57.mp4,1247.5,2259.5,956,2019,1539,2500,0.8040753
43,/Volumes/SmithL0/2026/BIOL470/Final/Learning_Rig/bee_0408_1_fwd/cam1_2026-04-08_16-15-57.mp4,2459.0,2753.0,2191,2466,2727,3040,0.77339095
44,/Volumes/SmithL0/2026/BIOL470/Final/Learning_Rig/bee_0408_1_fwd/cam1_2026-04-08_16-15-57.mp4,1245.0,2261.5,961,2023,1529,2500,0.8019438
45,/Volumes/SmithL0/2026/BIOL470/Final/Learning_Rig/bee_0408_1_fwd/cam1_2026-04-08_16-15-57.mp4,2456.0,2749.0,2178,2461,2734,3037,0.7337494
46,/Volumes/SmithL0/2026/BIOL470/Final/Learning_Rig/bee_0408_1_fwd/cam1_2026-04-08_16-15-57.mp4,1248.0,2260.5,956,2021,1540,2500,0.8033039
47,/Volumes/SmithL0/2026/BIOL470/Final/Learning_Rig/bee_0408_1_fwd/cam1_2026-04-08_16-15-57.mp4,2459.5,2752.0,2191,2465,2728,3039,0.73933965
48,/Volumes/SmithL0/2026/BIOL470/Final/Learning_Rig/bee_0408_1_fwd/cam1_2026-04-08_16-15-57.mp4,1241.5,2262.0,950,2021,1533,2503,0.79550284
49,/Volumes/SmithL0/2026/BIOL470/Final/Learning_Rig/bee_0408_1_fwd/cam1_2026-04-08_16-15-57.mp4,2456.0,2750.0,2175,2463,2737,3037,0.71845305
50,/Volumes/SmithL0/2026/BIOL470/Final/Learning_Rig/bee_0408_1_fwd/cam1_2026-04-08_16-15-57.mp4,1247.0,2259.0,954,2017,1540,2501,0.8012358
51,/Volumes/SmithL0/2026/BIOL470/Final/Learning_Rig/bee_0408_1_fwd/cam1_2026-04-08_16-15-57.mp4,2458.5,2752.5,2190,2466,2727,3039,0.7329744
52,/Volumes/SmithL0/2026/BIOL470/Final/Learning_Rig/bee_0408_1_fwd/cam1_2026-04-08_16-15-57.mp4,1245.0,2259.0,956,2015,1534,2503,0.8100248
53,/Volumes/SmithL0/2026/BIOL470/Final/Learning_Rig/bee_0408_1_fwd/cam1_2026-04-08_16-15-57.mp4,2459.0,2752.0,2190,2465,2728,3039,0.7544403
54,/Volumes/SmithL0/2026/BIOL470/Final/Learning_Rig/bee_0408_1_fwd/cam1_2026-04-08_16-15-57.mp4,1238.0,2258.5,953,2018,1523,2499,0.7975096
55,/Volumes/SmithL0/2026/BIOL470/Final/Learning_Rig/bee_0408_1_fwd/cam1_2026-04-08_16-15-57.mp4,2454.5,2749.0,2174,2461,2735,3037,0.73141974
56,/Volumes/SmithL0/2026/BIOL470/Final/Learning_Rig/bee_0408_1_fwd/cam1_2026-04-08_16-15-57.mp4,1241.5,2256.5,952,2013,1531,2500,0.8011983
57,/Volumes/SmithL0/2026/BIOL470/Final/Learning_Rig/bee_0408_1_fwd/cam1_2026-04-08_16-15-57.mp4,2458.5,2753.0,2190,2466,2727,3040,0.77301687
58,/Volumes/SmithL0/2026/BIOL470/Final/Learning_Rig/bee_0408_1_fwd/cam1_2026-04-08_16-15-57.mp4,1228.5,2264.5,945,2029,1512,2500,0.7895123
59,/Volumes/SmithL0/2026/BIOL470/Final/Learning_Rig/bee_0408_1_fwd/cam1_2026-04-08_16-15-57.mp4,2459.0,2752.5,2191,2465,2727,3040,0.7622366
60,/Volumes/SmithL0/2026/BIOL470/Final/Learning_Rig/bee_0408_1_fwd/cam1_2026-04-08_16-15-57.mp4,1233.0,2260.0,936,2017,1530,2503,0.78564525
61,/Volumes/SmithL0/2026/BIOL470/Final/Learning_Rig/bee_0408_1_fwd/cam1_2026-04-08_16-15-57.mp4,2458.0,2753.0,2190,2467,2726,3039,0.77756554
62,/Volumes/SmithL0/2026/BIOL470/Final/Learning_Rig/bee_0408_1_fwd/cam1_2026-04-08_16-15-57.mp4,2459.0,2752.0,2190,2464,2728,3040,0.78818685
63,/Volumes/SmithL0/2026/BIOL470/Final/Learning_Rig/bee_0408_1_fwd/cam1_2026-04-08_16-15-57.mp4,1236.5,2261.5,927,2017,1546,2506,0.7851846
64,/Volumes/SmithL0/2026/BIOL470/Final/Learning_Rig/bee_0408_1_fwd/cam1_2026-04-08_16-15-57.mp4,1261.0,2265.0,968,2031,1554,2499,0.7866381
65,/Volumes/SmithL0/2026/BIOL470/Final/Learning_Rig/bee_0408_1_fwd/cam1_2026-04-08_16-15-57.mp4,2458.5,2751.5,2190,2464,2727,3039,0.7784253
66,/Volumes/SmithL0/2026/BIOL470/Final/Learning_Rig/bee_0408_1_fwd/cam1_2026-04-08_16-15-57.mp4,1238.5,2255.0,923,2007,1554,2503,0.77813613
67,/Volumes/SmithL0/2026/BIOL470/Final/Learning_Rig/bee_0408_1_fwd/cam1_2026-04-08_16-15-57.mp4,2458.5,2752.0,2189,2464,2728,3040,0.7654321
68,/Volumes/SmithL0/2026/BIOL470/Final/Learning_Rig/bee_0408_1_fwd/cam1_2026-04-08_16-15-57.mp4,1241.0,2239.5,923,1979,1559,2500,0.8099703
69,/Volumes/SmithL0/2026/BIOL470/Final/Learning_Rig/bee_0408_1_fwd/cam1_2026-04-08_16-15-57.mp4,2459.0,2752.0,2190,2464,2728,3040,0.7717024
70,/Volumes/SmithL0/2026/BIOL470/Final/Learning_Rig/bee_0408_1_fwd/cam1_2026-04-08_16-15-57.mp4,1234.0,2228.0,905,1950,1563,2506,0.81113654
71,/Volumes/SmithL0/2026/BIOL470/Final/Learning_Rig/bee_0408_1_fwd/cam1_2026-04-08_16-15-57.mp4,2459.5,2751.5,2191,2464,2728,3039,0.78603417
72,/Volumes/SmithL0/2026/BIOL470/Final/Learning_Rig/bee_0408_1_fwd/cam1_2026-04-08_16-15-57.mp4,1242.5,2229.5,922,1952,1563,2507,0.79820335
73,/Volumes/SmithL0/2026/BIOL470/Final/Learning_Rig/bee_0408_1_fwd/cam1_2026-04-08_16-15-57.mp4,2458.5,2751.0,2189,2463,2728,3039,0.7650149
74,/Volumes/SmithL0/2026/BIOL470/Final/Learning_Rig/bee_0408_1_fwd/cam1_2026-04-08_16-15-57.mp4,1271.5,2228.5,978,1953,1565,2504,0.817034
75,/Volumes/SmithL0/2026/BIOL470/Final/Learning_Rig/bee_0408_1_fwd/cam1_2026-04-08_16-15-57.mp4,2458.5,2752.0,2190,2464,2727,3040,0.7785009
76,/Volumes/SmithL0/2026/BIOL470/Final/Learning_Rig/bee_0408_1_fwd/cam1_2026-04-08_16-15-57.mp4,1267.0,2228.5,970,1947,1564,2510,0.80641735
77,/Volumes/SmithL0/2026/BIOL470/Final/Learning_Rig/bee_0408_1_fwd/cam1_2026-04-08_16-15-57.mp4,2458.5,2753.5,2190,2467,2727,3040,0.7776873
78,/Volumes/SmithL0/2026/BIOL470/Final/Learning_Rig/bee_0408_1_fwd/cam1_2026-04-08_16-15-57.mp4,1268.0,2218.5,996,1933,1540,2504,0.7937793
79,/Volumes/SmithL0/2026/BIOL470/Final/Learning_Rig/bee_0408_1_fwd/cam1_2026-04-08_16-15-57.mp4,2458.5,2753.0,2190,2466,2727,3040,0.7920876
80,/Volumes/SmithL0/2026/BIOL470/Final/Learning_Rig/bee_0408_1_fwd/cam1_2026-04-08_16-15-57.mp4,2257.0,203.5,2118,65,2396,342,0.5081103
81,/Volumes/SmithL0/2026/BIOL470/Final/Learning_Rig/bee_0408_1_fwd/cam1_2026-04-08_16-15-57.mp4,1267.0,2206.5,970,1906,1564,2507,0.80104727
82,/Volumes/SmithL0/2026/BIOL470/Final/Learning_Rig/bee_0408_1_fwd/cam1_2026-04-08_16-15-57.mp4,2460.0,2751.5,2192,2464,2728,3039,0.76457024
83,/Volumes/SmithL0/2026/BIOL470/Final/Learning_Rig/bee_0408_1_fwd/cam1_2026-04-08_16-15-57.mp4,1217.0,2206.0,927,1897,1507,2515,0.7988275
84,/Volumes/SmithL0/2026/BIOL470/Final/Learning_Rig/bee_0408_1_fwd/cam1_2026-04-08_16-15-57.mp4,2459.5,2751.5,2191,2463,2728,3040,0.7540744
85,/Volumes/SmithL0/2026/BIOL470/Final/Learning_Rig/bee_0408_1_fwd/cam1_2026-04-08_16-15-57.mp4,2257.5,204.5,2118,66,2397,343,0.5442512
86,/Volumes/SmithL0/2026/BIOL470/Final/Learning_Rig/bee_0408_1_fwd/cam1_2026-04-08_16-15-57.mp4,1224.5,2205.0,924,1896,1525,2514,0.8012972
87,/Volumes/SmithL0/2026/BIOL470/Final/Learning_Rig/bee_0408_1_fwd/cam1_2026-04-08_16-15-57.mp4,2458.5,2751.5,2190,2464,2727,3039,0.76393485
88,/Volumes/SmithL0/2026/BIOL470/Final/Learning_Rig/bee_0408_1_fwd/cam1_2026-04-08_16-15-57.mp4,2256.5,205.0,2116,67,2397,343,0.5768605
89,/Volumes/SmithL0/2026/BIOL470/Final/Learning_Rig/bee_0408_1_fwd/cam1_2026-04-08_16-15-57.mp4,1229.0,2211.5,911,1905,1547,2518,0.8164663
90,/Volumes/SmithL0/2026/BIOL470/Final/Learning_Rig/bee_0408_1_fwd/cam1_2026-04-08_16-15-57.mp4,2458.5,2750.5,2189,2462,2728,3039,0.7599539
91,/Volumes/SmithL0/2026/BIOL470/Final/Learning_Rig/bee_0408_1_fwd/cam1_2026-04-08_16-15-57.mp4,2258.5,205.0,2119,67,2398,343,0.64585924
92,/Volumes/SmithL0/2026/BIOL470/Final/Learning_Rig/bee_0408_1_fwd/cam1_2026-04-08_16-15-57.mp4,1240.0,2223.0,916,1923,1564,2523,0.8142814
93,/Volumes/SmithL0/2026/BIOL470/Final/Learning_Rig/bee_0408_1_fwd/cam1_2026-04-08_16-15-57.mp4,2460.0,2752.5,2191,2465,2729,3040,0.76973224
94,/Volumes/SmithL0/2026/BIOL470/Final/Learning_Rig/bee_0408_1_fwd/cam1_2026-04-08_16-15-57.mp4,2254.5,205.0,2113,67,2396,343,0.5609299
95,/Volumes/SmithL0/2026/BIOL470/Final/Learning_Rig/bee_0408_1_fwd/cam1_2026-04-08_16-15-57.mp4,1251.0,2212.0,931,1908,1571,2516,0.7942038
96,/Volumes/SmithL0/2026/BIOL470/Final/Learning_Rig/bee_0408_1_fwd/cam1_2026-04-08_16-15-57.mp4,2460.0,2751.5,2191,2463,2729,3040,0.7491386
97,/Volumes/SmithL0/2026/BIOL470/Final/Learning_Rig/bee_0408_1_fwd/cam1_2026-04-08_16-15-57.mp4,2256.5,204.5,2116,66,2397,343,0.5486343
98,/Volumes/SmithL0/2026/BIOL470/Final/Learning_Rig/bee_0408_1_fwd/cam1_2026-04-08_16-15-57.mp4,1248.5,2210.0,927,1913,1570,2507,0.78384477
99,/Volumes/SmithL0/2026/BIOL470/Final/Learning_Rig/bee_0408_1_fwd/cam1_2026-04-08_16-15-57.mp4,2459.0,2753.5,2190,2467,2728,3040,0.76724905
100,/Volumes/SmithL0/2026/BIOL470/Final/Learning_Rig/bee_0408_1_fwd/cam1_2026-04-08_16-15-57.mp4,1244.5,2223.0,914,1919,1575,2527,0.8072026
101,/Volumes/SmithL0/2026/BIOL470/Final/Learning_Rig/bee_0408_1_fwd/cam1_2026-04-08_16-15-57.mp4,2460.0,2751.5,2191,2464,2729,3039,0.7547649
102,/Volumes/SmithL0/2026/BIOL470/Final/Learning_Rig/bee_0408_1_fwd/cam1_2026-04-08_16-15-57.mp4,1249.5,2174.0,926,1887,1573,2461,0.80329835
103,/Volumes/SmithL0/2026/BIOL470/Final/Learning_Rig/bee_0408_1_fwd/cam1_2026-04-08_16-15-57.mp4,2459.5,2752.0,2191,2464,2728,3040,0.7670016
104,/Volumes/SmithL0/2026/BIOL470/Final/Learning_Rig/bee_0408_1_fwd/cam1_2026-04-08_16-15-57.mp4,1239.5,2172.0,922,1830,1557,2514,0.81538737
105,/Volumes/SmithL0/2026/BIOL470/Final/Learning_Rig/bee_0408_1_fwd/cam1_2026-04-08_16-15-57.mp4,2459.0,2751.5,2190,2464,2728,3039,0.7744609
106,/Volumes/SmithL0/2026/BIOL470/Final/Learning_Rig/bee_0408_1_fwd/cam1_2026-04-08_16-15-57.mp4,1243.0,2152.0,980,1827,1506,2477,0.81458884
107,/Volumes/SmithL0/2026/BIOL470/Final/Learning_Rig/bee_0408_1_fwd/cam1_2026-04-08_16-15-57.mp4,2459.0,2752.0,2190,2464,2728,3040,0.7677208
108,/Volumes/SmithL0/2026/BIOL470/Final/Learning_Rig/bee_0408_1_fwd/cam1_2026-04-08_16-15-57.mp4,1245.0,2130.0,980,1798,1510,2462,0.7923495
109,/Volumes/SmithL0/2026/BIOL470/Final/Learning_Rig/bee_0408_1_fwd/cam1_2026-04-08_16-15-57.mp4,2459.0,2751.5,2190,2464,2728,3039,0.7586951
110,/Volumes/SmithL0/2026/BIOL470/Final/Learning_Rig/bee_0408_1_fwd/cam1_2026-04-08_16-15-57.mp4,2256.0,203.5,2115,66,2397,341,0.53017116
111,/Volumes/SmithL0/2026/BIOL470/Final/Learning_Rig/bee_0408_1_fwd/cam1_2026-04-08_16-15-57.mp4,1254.5,2130.5,990,1772,1519,2489,0.80000204
112,/Volumes/SmithL0/2026/BIOL470/Final/Learning_Rig/bee_0408_1_fwd/cam1_2026-04-08_16-15-57.mp4,2459.5,2751.5,2191,2463,2728,3040,0.74715155
113,/Volumes/SmithL0/2026/BIOL470/Final/Learning_Rig/bee_0408_1_fwd/cam1_2026-04-08_16-15-57.mp4,2258.5,204.0,2120,66,2397,342,0.50688726
114,/Volumes/SmithL0/2026/BIOL470/Final/Learning_Rig/bee_0408_1_fwd/cam1_2026-04-08_16-15-57.mp4,1259.5,2142.0,1005,1782,1514,2502,0.79912746
115,/Volumes/SmithL0/2026/BIOL470/Final/Learning_Rig/bee_0408_1_fwd/cam1_2026-04-08_16-15-57.mp4,2456.0,2747.5,2179,2459,2733,3036,0.73964113
116,/Volumes/SmithL0/2026/BIOL470/Final/Learning_Rig/bee_0408_1_fwd/cam1_2026-04-08_16-15-57.mp4,1265.5,2116.0,1010,1768,1521,2464,0.7936882
117,/Volumes/SmithL0/2026/BIOL470/Final/Learning_Rig/bee_0408_1_fwd/cam1_2026-04-08_16-15-57.mp4,2455.5,2748.0,2177,2460,2734,3036,0.7391238
118,/Volumes/SmithL0/2026/BIOL470/Final/Learning_Rig/bee_0408_1_fwd/cam1_2026-04-08_16-15-57.mp4,1300.5,2115.5,1030,1792,1571,2439,0.8108818
119,/Volumes/SmithL0/2026/BIOL470/Final/Learning_Rig/bee_0408_1_fwd/cam1_2026-04-08_16-15-57.mp4,2455.5,2748.5,2178,2460,2733,3037,0.74997365
120,/Volumes/SmithL0/2026/BIOL470/Final/Learning_Rig/bee_0408_1_fwd/cam1_2026-04-08_16-15-57.mp4,1364.5,2122.5,1032,1816,1697,2429,0.81263536
121,/Volumes/SmithL0/2026/BIOL470/Final/Learning_Rig/bee_0408_1_fwd/cam1_2026-04-08_16-15-57.mp4,2459.5,2752.0,2191,2464,2728,3040,0.77656204
122,/Volumes/SmithL0/2026/BIOL470/Final/Learning_Rig/bee_0408_1_fwd/cam1_2026-04-08_16-15-57.mp4,1414.0,2114.5,1051,1833,1777,2396,0.79394525
123,/Volumes/SmithL0/2026/BIOL470/Final/Learning_Rig/bee_0408_1_fwd/cam1_2026-04-08_16-15-57.mp4,2459.5,2752.0,2191,2465,2728,3039,0.7583105
124,/Volumes/SmithL0/2026/BIOL470/Final/Learning_Rig/bee_0408_1_fwd/cam1_2026-04-08_16-15-57.mp4,1430.0,2112.0,1060,1830,1800,2394,0.78278905
125,/Volumes/SmithL0/2026/BIOL470/Final/Learning_Rig/bee_0408_1_fwd/cam1_2026-04-08_16-15-57.mp4,2459.5,2753.0,2191,2466,2728,3040,0.75816214
126,/Volumes/SmithL0/2026/BIOL470/Final/Learning_Rig/bee_0408_1_fwd/cam1_2026-04-08_16-15-57.mp4,1402.0,2120.0,1078,1856,1726,2384,0.7768971
127,/Volumes/SmithL0/2026/BIOL470/Final/Learning_Rig/bee_0408_1_fwd/cam1_2026-04-08_16-15-57.mp4,2459.5,2752.5,2191,2466,2728,3039,0.7658205
128,/Volumes/SmithL0/2026/BIOL470/Final/Learning_Rig/bee_0408_1_fwd/cam1_2026-04-08_16-15-57.mp4,1451.5,2074.0,1169,1814,1734,2334,0.8058108
129,/Volumes/SmithL0/2026/BIOL470/Final/Learning_Rig/bee_0408_1_fwd/cam1_2026-04-08_16-15-57.mp4,2460.0,2752.5,2192,2465,2728,3040,0.7433452
130,/Volumes/SmithL0/2026/BIOL470/Final/Learning_Rig/bee_0408_1_fwd/cam1_2026-04-08_16-15-57.mp4,1568.5,2080.0,1169,1789,1968,2371,0.65919584
131,/Volumes/SmithL0/2026/BIOL470/Final/Learning_Rig/bee_0408_1_fwd/cam1_2026-04-08_16-15-57.mp4,1617.0,2149.5,1222,1910,2012,2389,0.8034266
132,/Volumes/SmithL0/2026/BIOL470/Final/Learning_Rig/bee_0408_1_fwd/cam1_2026-04-08_16-15-57.mp4,2455.5,2749.0,2176,2461,2735,3037,0.71918285
133,/Volumes/SmithL0/2026/BIOL470/Final/Learning_Rig/bee_0408_1_fwd/cam1_2026-04-08_16-15-57.mp4,1480.5,2150.0,1231,1918,1730,2382,0.58243316
134,/Volumes/SmithL0/2026/BIOL470/Final/Learning_Rig/bee_0408_1_fwd/cam1_2026-04-08_16-15-57.mp4,1019.5,2924.0,745,2808,1294,3040,0.5458714
135,/Volumes/SmithL0/2026/BIOL470/Final/Learning_Rig/bee_0408_1_fwd/cam1_2026-04-08_16-15-57.mp4,1701.0,2122.0,1303,1882,2099,2362,0.7979519
136,/Volumes/SmithL0/2026/BIOL470/Final/Learning_Rig/bee_0408_1_fwd/cam1_2026-04-08_16-15-57.mp4,2459.5,2752.5,2191,2466,2728,3039,0.75268674
137,/Volumes/SmithL0/2026/BIOL470/Final/Learning_Rig/bee_0408_1_fwd/cam1_2026-04-08_16-15-57.mp4,2459.5,2752.0,2190,2464,2729,3040,0.776707
138,/Volumes/SmithL0/2026/BIOL470/Final/Learning_Rig/bee_0408_1_fwd/cam1_2026-04-08_16-15-57.mp4,1749.5,2122.0,1401,1863,2098,2381,0.7551469
139,/Volumes/SmithL0/2026/BIOL470/Final/Learning_Rig/bee_0408_1_fwd/cam1_2026-04-08_16-15-57.mp4,1658.5,2115.0,1410,1855,1907,2375,0.5977862
140,/Volumes/SmithL0/2026/BIOL470/Final/Learning_Rig/bee_0408_1_fwd/cam1_2026-04-08_16-15-57.mp4,1726.5,2119.5,1313,1854,2140,2385,0.79486966
141,/Volumes/SmithL0/2026/BIOL470/Final/Learning_Rig/bee_0408_1_fwd/cam1_2026-04-08_16-15-57.mp4,2455.0,2749.0,2176,2461,2734,3037,0.73875934
142,/Volumes/SmithL0/2026/BIOL470/Final/Learning_Rig/bee_0408_1_fwd/cam1_2026-04-08_16-15-57.mp4,1713.0,2155.5,1311,1916,2115,2395,0.7906613
143,/Volumes/SmithL0/2026/BIOL470/Final/Learning_Rig/bee_0408_1_fwd/cam1_2026-04-08_16-15-57.mp4,2459.5,2752.0,2190,2465,2729,3039,0.7628369
144,/Volumes/SmithL0/2026/BIOL470/Final/Learning_Rig/bee_0408_1_fwd/cam1_2026-04-08_16-15-57.mp4,1698.5,2091.0,1302,1826,2095,2356,0.78829783
145,/Volumes/SmithL0/2026/BIOL470/Final/Learning_Rig/bee_0408_1_fwd/cam1_2026-04-08_16-15-57.mp4,2459.0,2752.0,2190,2464,2728,3040,0.7697885
146,/Volumes/SmithL0/2026/BIOL470/Final/Learning_Rig/bee_0408_1_fwd/cam1_2026-04-08_16-15-57.mp4,1790.0,2059.5,1432,1785,2148,2334,0.78348726
147,/Volumes/SmithL0/2026/BIOL470/Final/Learning_Rig/bee_0408_1_fwd/cam1_2026-04-08_16-15-57.mp4,2458.0,2751.5,2188,2464,2728,3039,0.76659733
148,/Volumes/SmithL0/2026/BIOL470/Final/Learning_Rig/bee_0408_1_fwd/cam1_2026-04-08_16-15-57.mp4,1989.0,1937.5,1850,1805,2128,2070,0.7523459
149,/Volumes/SmithL0/2026/BIOL470/Final/Learning_Rig/bee_0408_1_fwd/cam1_2026-04-08_16-15-57.mp4,2457.0,2752.0,2188,2464,2726,3040,0.79002255
150,/Volumes/SmithL0/2026/BIOL470/Final/Learning_Rig/bee_0408_1_fwd/cam1_2026-04-08_16-15-57.mp4,1652.5,2071.5,1403,1804,1902,2339,0.78833616
151,/Volumes/SmithL0/2026/BIOL470/Final/Learning_Rig/bee_0408_1_fwd/cam1_2026-04-08_16-15-57.mp4,1754.5,2063.0,1389,1799,2120,2327,0.7534193
152,/Volumes/SmithL0/2026/BIOL470/Final/Learning_Rig/bee_0408_1_fwd/cam1_2026-04-08_16-15-57.mp4,1956.5,2049.0,1782,1806,2131,2292,0.6886865
153,/Volumes/SmithL0/2026/BIOL470/Final/Learning_Rig/bee_0408_1_fwd/cam1_2026-04-08_16-15-57.mp4,1730.5,2077.0,1378,1786,2083,2368,0.81995326
154,/Volumes/SmithL0/2026/BIOL470/Final/Learning_Rig/bee_0408_1_fwd/cam1_2026-04-08_16-15-57.mp4,2457.5,2752.5,2189,2466,2726,3039,0.7895281
155,/Volumes/SmithL0/2026/BIOL470/Final/Learning_Rig/bee_0408_1_fwd/cam1_2026-04-08_16-15-57.mp4,1586.0,2120.5,1362,1846,1810,2395,0.7799414
156,/Volumes/SmithL0/2026/BIOL470/Final/Learning_Rig/bee_0408_1_fwd/cam1_2026-04-08_16-15-57.mp4,2459.0,2753.5,2190,2468,2728,3039,0.7688284
157,/Volumes/SmithL0/2026/BIOL470/Final/Learning_Rig/bee_0408_1_fwd/cam1_2026-04-08_16-15-57.mp4,1881.0,2051.0,1724,1852,2038,2250,0.51638293
158,/Volumes/SmithL0/2026/BIOL470/Final/Learning_Rig/bee_0408_1_fwd/cam1_2026-04-08_16-15-57.mp4,2459.0,2753.5,2191,2467,2727,3040,0.78648275
159,/Volumes/SmithL0/2026/BIOL470/Final/Learning_Rig/bee_0408_1_fwd/cam1_2026-04-08_16-15-57.mp4,1644.0,2130.5,1343,1818,1945,2443,0.7407825
160,/Volumes/SmithL0/2026/BIOL470/Final/Learning_Rig/bee_0408_1_fwd/cam1_2026-04-08_16-15-57.mp4,1759.5,2054.0,1558,1827,1961,2281,0.6782336
161,/Volumes/SmithL0/2026/BIOL470/Final/Learning_Rig/bee_0408_1_fwd/cam1_2026-04-08_16-15-57.mp4,1630.0,2154.0,1347,1821,1913,2487,0.78902674
162,/Volumes/SmithL0/2026/BIOL470/Final/Learning_Rig/bee_0408_1_fwd/cam1_2026-04-08_16-15-57.mp4,2459.5,2752.0,2192,2465,2727,3039,0.7859363
163,/Volumes/SmithL0/2026/BIOL470/Final/Learning_Rig/bee_0408_1_fwd/cam1_2026-04-08_16-15-57.mp4,2458.5,2752.5,2191,2466,2726,3039,0.78729415
164,/Volumes/SmithL0/2026/BIOL470/Final/Learning_Rig/bee_0408_1_fwd/cam1_2026-04-08_16-15-57.mp4,1510.5,2230.5,1284,1965,1737,2496,0.74917775
165,/Volumes/SmithL0/2026/BIOL470/Final/Learning_Rig/bee_0408_1_fwd/cam1_2026-04-08_16-15-57.mp4,1642.0,2170.5,1310,1850,1974,2491,0.7425948
166,/Volumes/SmithL0/2026/BIOL470/Final/Learning_Rig/bee_0408_1_fwd/cam1_2026-04-08_16-15-57.mp4,1716.0,2035.0,1488,1848,1944,2222,0.60127157
167,/Volumes/SmithL0/2026/BIOL470/Final/Learning_Rig/bee_0408_1_fwd/cam1_2026-04-08_16-15-57.mp4,2458.5,2752.0,2190,2465,2727,3039,0.7706658
168,/Volumes/SmithL0/2026/BIOL470/Final/Learning_Rig/bee_0408_1_fwd/cam1_2026-04-08_16-15-57.mp4,1601.5,2204.0,1293,1817,1910,2591,0.768589
169,/Volumes/SmithL0/2026/BIOL470/Final/Learning_Rig/bee_0408_1_fwd/cam1_2026-04-08_16-15-57.mp4,1563.0,2148.0,1270,1778,1856,2518,0.7794364
170,/Volumes/SmithL0/2026/BIOL470/Final/Learning_Rig/bee_0408_1_fwd/cam1_2026-04-08_16-15-57.mp4,2460.0,2752.0,2191,2465,2729,3039,0.7560518
171,/Volumes/SmithL0/2026/BIOL470/Final/Learning_Rig/bee_0408_1_fwd/cam1_2026-04-08_16-15-57.mp4,1570.5,1945.0,1450,1799,1691,2091,0.53908014
172,/Volumes/SmithL0/2026/BIOL470/Final/Learning_Rig/bee_0408_1_fwd/cam1_2026-04-08_16-15-57.mp4,1540.5,2134.5,1244,1764,1837,2505,0.8193736
173,/Volumes/SmithL0/2026/BIOL470/Final/Learning_Rig/bee_0408_1_fwd/cam1_2026-04-08_16-15-57.mp4,2460.5,2752.5,2191,2466,2730,3039,0.72752076
174,/Volumes/SmithL0/2026/BIOL470/Final/Learning_Rig/bee_0408_1_fwd/cam1_2026-04-08_16-15-57.mp4,1529.5,2104.0,1236,1746,1823,2462,0.77164453
175,/Volumes/SmithL0/2026/BIOL470/Final/Learning_Rig/bee_0408_1_fwd/cam1_2026-04-08_16-15-57.mp4,2455.5,2748.5,2175,2460,2736,3037,0.705083
176,/Volumes/SmithL0/2026/BIOL470/Final/Learning_Rig/bee_0408_1_fwd/cam1_2026-04-08_16-15-57.mp4,1457.0,2105.0,1276,1748,1638,2462,0.69321185
177,/Volumes/SmithL0/2026/BIOL470/Final/Learning_Rig/bee_0408_1_fwd/cam1_2026-04-08_16-15-57.mp4,1525.5,2108.5,1228,1752,1823,2465,0.82734525
178,/Volumes/SmithL0/2026/BIOL470/Final/Learning_Rig/bee_0408_1_fwd/cam1_2026-04-08_16-15-57.mp4,2454.5,2748.5,2173,2460,2736,3037,0.6959758
179,/Volumes/SmithL0/2026/BIOL470/Final/Learning_Rig/bee_0408_1_fwd/cam1_2026-04-08_16-15-57.mp4,1039.5,2925.5,721,2812,1358,3039,0.50317705
180,/Volumes/SmithL0/2026/BIOL470/Final/Learning_Rig/bee_0408_1_fwd/cam1_2026-04-08_16-15-57.mp4,1519.0,2037.0,1229,1690,1809,2384,0.8173595
181,/Volumes/SmithL0/2026/BIOL470/Final/Learning_Rig/bee_0408_1_fwd/cam1_2026-04-08_16-15-57.mp4,2459.5,2753.0,2191,2466,2728,3040,0.72929335
182,/Volumes/SmithL0/2026/BIOL470/Final/Learning_Rig/bee_0408_1_fwd/cam1_2026-04-08_16-15-57.mp4,1499.0,1996.5,1221,1654,1777,2339,0.80366045
183,/Volumes/SmithL0/2026/BIOL470/Final/Learning_Rig/bee_0408_1_fwd/cam1_2026-04-08_16-15-57.mp4,2454.0,2750.0,2174,2463,2734,3037,0.7106382
184,/Volumes/SmithL0/2026/BIOL470/Final/Learning_Rig/bee_0408_1_fwd/cam1_2026-04-08_16-15-57.mp4,1046.0,2925.5,732,2812,1360,3039,0.50896084
185,/Volumes/SmithL0/2026/BIOL470/Final/Learning_Rig/bee_0408_1_fwd/cam1_2026-04-08_16-15-57.mp4,1478.5,1938.0,1186,1610,1771,2266,0.80385745
186,/Volumes/SmithL0/2026/BIOL470/Final/Learning_Rig/bee_0408_1_fwd/cam1_2026-04-08_16-15-57.mp4,2454.5,2749.0,2175,2461,2734,3037,0.7143402
187,/Volumes/SmithL0/2026/BIOL470/Final/Learning_Rig/bee_0408_1_fwd/cam1_2026-04-08_16-15-57.mp4,1045.0,2927.0,733,2815,1357,3039,0.5293993
188,/Volumes/SmithL0/2026/BIOL470/Final/Learning_Rig/bee_0408_1_fwd/cam1_2026-04-08_16-15-57.mp4,1443.5,1825.0,1167,1406,1720,2244,0.7993618
189,/Volumes/SmithL0/2026/BIOL470/Final/Learning_Rig/bee_0408_1_fwd/cam1_2026-04-08_16-15-57.mp4,2459.5,2752.5,2190,2465,2729,3040,0.7568172
190,/Volumes/SmithL0/2026/BIOL470/Final/Learning_Rig/bee_0408_1_fwd/cam1_2026-04-08_16-15-57.mp4,1385.0,1678.0,1051,1343,1719,2013,0.7997046
191,/Volumes/SmithL0/2026/BIOL470/Final/Learning_Rig/bee_0408_1_fwd/cam1_2026-04-08_16-15-57.mp4,2458.0,2751.5,2189,2464,2727,3039,0.7771314
192,/Volumes/SmithL0/2026/BIOL470/Final/Learning_Rig/bee_0408_1_fwd/cam1_2026-04-08_16-15-57.mp4,1290.0,1649.5,968,1305,1612,1994,0.80359197
193,/Volumes/SmithL0/2026/BIOL470/Final/Learning_Rig/bee_0408_1_fwd/cam1_2026-04-08_16-15-57.mp4,2459.0,2752.0,2190,2464,2728,3040,0.7678457
194,/Volumes/SmithL0/2026/BIOL470/Final/Learning_Rig/bee_0408_1_fwd/cam1_2026-04-08_16-15-57.mp4,1255.0,1591.0,900,1298,1610,1884,0.78081405
195,/Volumes/SmithL0/2026/BIOL470/Final/Learning_Rig/bee_0408_1_fwd/cam1_2026-04-08_16-15-57.mp4,2459.5,2752.0,2191,2464,2728,3040,0.76893127
196,/Volumes/SmithL0/2026/BIOL470/Final/Learning_Rig/bee_0408_1_fwd/cam1_2026-04-08_16-15-57.mp4,2459.0,2751.0,2191,2463,2727,3039,0.78007966
197,/Volumes/SmithL0/2026/BIOL470/Final/Learning_Rig/bee_0408_1_fwd/cam1_2026-04-08_16-15-57.mp4,1277.5,1458.0,1011,1144,1544,1772,0.68451244
198,/Volumes/SmithL0/2026/BIOL470/Final/Learning_Rig/bee_0408_1_fwd/cam1_2026-04-08_16-15-57.mp4,1168.5,1365.0,907,1043,1430,1687,0.7933814
199,/Volumes/SmithL0/2026/BIOL470/Final/Learning_Rig/bee_0408_1_fwd/cam1_2026-04-08_16-15-57.mp4,2457.5,2748.0,2182,2460,2733,3036,0.7566224
200,/Volumes/SmithL0/2026/BIOL470/Final/Learning_Rig/bee_0408_1_fwd/cam1_2026-04-08_16-15-57.mp4,1151.0,1244.0,881,907,1421,1581,0.79414386
201,/Volumes/SmithL0/2026/BIOL470/Final/Learning_Rig/bee_0408_1_fwd/cam1_2026-04-08_16-15-57.mp4,2459.5,2752.0,2191,2464,2728,3040,0.78450954
202,/Volumes/SmithL0/2026/BIOL470/Final/Learning_Rig/bee_0408_1_fwd/cam1_2026-04-08_16-15-57.mp4,1154.0,1142.5,874,801,1434,1484,0.8006228
203,/Volumes/SmithL0/2026/BIOL470/Final/Learning_Rig/bee_0408_1_fwd/cam1_2026-04-08_16-15-57.mp4,2458.5,2751.5,2190,2464,2727,3039,0.7851015
204,/Volumes/SmithL0/2026/BIOL470/Final/Learning_Rig/bee_0408_1_fwd/cam1_2026-04-08_16-15-57.mp4,2459.5,2752.5,2191,2465,2728,3040,0.7695104
205,/Volumes/SmithL0/2026/BIOL470/Final/Learning_Rig/bee_0408_1_fwd/cam1_2026-04-08_16-15-57.mp4,1177.5,1097.5,914,746,1441,1449,0.7668318
206,/Volumes/SmithL0/2026/BIOL470/Final/Learning_Rig/bee_0408_1_fwd/cam1_2026-04-08_16-15-57.mp4,2458.5,2751.5,2190,2463,2727,3040,0.7780967
207,/Volumes/SmithL0/2026/BIOL470/Final/Learning_Rig/bee_0408_1_fwd/cam1_2026-04-08_16-15-57.mp4,1140.0,1037.5,889,676,1391,1399,0.65022045
208,/Volumes/SmithL0/2026/BIOL470/Final/Learning_Rig/bee_0408_1_fwd/cam1_2026-04-08_16-15-57.mp4,2458.0,2753.0,2189,2467,2727,3039,0.7745698
209,/Volumes/SmithL0/2026/BIOL470/Final/Learning_Rig/bee_0408_1_fwd/cam1_2026-04-08_16-15-57.mp4,2459.0,2754.0,2191,2469,2727,3039,0.77611744
210,/Volumes/SmithL0/2026/BIOL470/Final/Learning_Rig/bee_0408_1_fwd/cam1_2026-04-08_16-15-57.mp4,2457.5,2749.5,2181,2463,2734,3036,0.7494115
211,/Volumes/SmithL0/2026/BIOL470/Final/Learning_Rig/bee_0408_1_fwd/cam1_2026-04-08_16-15-57.mp4,2458.5,2752.0,2190,2465,2727,3039,0.7591707
212,/Volumes/SmithL0/2026/BIOL470/Final/Learning_Rig/bee_0408_1_fwd/cam1_2026-04-08_16-15-57.mp4,2458.5,2752.0,2191,2465,2726,3039,0.78897536
213,/Volumes/SmithL0/2026/BIOL470/Final/Learning_Rig/bee_0408_1_fwd/cam1_2026-04-08_16-15-57.mp4,2459.0,2753.0,2191,2466,2727,3040,0.76881
214,/Volumes/SmithL0/2026/BIOL470/Final/Learning_Rig/bee_0408_1_fwd/cam1_2026-04-08_16-15-57.mp4,2460.0,2752.5,2192,2465,2728,3040,0.76313585
215,/Volumes/SmithL0/2026/BIOL470/Final/Learning_Rig/bee_0408_1_fwd/cam1_2026-04-08_16-15-57.mp4,1029.0,892.0,917,707,1141,1077,0.5902655
216,/Volumes/SmithL0/2026/BIOL470/Final/Learning_Rig/bee_0408_1_fwd/cam1_2026-04-08_16-15-57.mp4,2459.0,2753.0,2191,2467,2727,3039,0.76963097
217,/Volumes/SmithL0/2026/BIOL470/Final/Learning_Rig/bee_0408_1_fwd/cam1_2026-04-08_16-15-57.mp4,1251.5,931.0,987,603,1516,1259,0.5907993
218,/Volumes/SmithL0/2026/BIOL470/Final/Learning_Rig/bee_0408_1_fwd/cam1_2026-04-08_16-15-57.mp4,1031.5,801.5,918,618,1145,985,0.5267474
219,/Volumes/SmithL0/2026/BIOL470/Final/Learning_Rig/bee_0408_1_fwd/cam1_2026-04-08_16-15-57.mp4,2456.5,2749.5,2177,2463,2736,3036,0.7460864
220,/Volumes/SmithL0/2026/BIOL470/Final/Learning_Rig/bee_0408_1_fwd/cam1_2026-04-08_16-15-57.mp4,1034.0,790.0,918,590,1150,990,0.6062662
221,/Volumes/SmithL0/2026/BIOL470/Final/Learning_Rig/bee_0408_1_fwd/cam1_2026-04-08_16-15-57.mp4,2254.0,207.5,2110,63,2398,352,0.5107931
222,/Volumes/SmithL0/2026/BIOL470/Final/Learning_Rig/bee_0408_1_fwd/cam1_2026-04-08_16-15-57.mp4,2458.5,2752.5,2190,2465,2727,3040,0.7910526
223,/Volumes/SmithL0/2026/BIOL470/Final/Learning_Rig/bee_0408_1_fwd/cam1_2026-04-08_16-15-57.mp4,994.0,739.5,860,602,1128,877,0.50089
224,/Volumes/SmithL0/2026/BIOL470/Final/Learning_Rig/bee_0408_1_fwd/cam1_2026-04-08_16-15-57.mp4,2458.0,2753.0,2190,2467,2726,3039,0.7840398
225,/Volumes/SmithL0/2026/BIOL470/Final/Learning_Rig/bee_0408_1_fwd/cam1_2026-04-08_16-15-57.mp4,2459.0,2753.0,2191,2466,2727,3040,0.77008146
226,/Volumes/SmithL0/2026/BIOL470/Final/Learning_Rig/bee_0408_1_fwd/cam1_2026-04-08_16-15-57.mp4,1193.0,1089.0,879,615,1507,1563,0.6103621
227,/Volumes/SmithL0/2026/BIOL470/Final/Learning_Rig/bee_0408_1_fwd/cam1_2026-04-08_16-15-57.mp4,2458.5,2752.0,2191,2465,2726,3039,0.7861817
228,/Volumes/SmithL0/2026/BIOL470/Final/Learning_Rig/bee_0408_1_fwd/cam1_2026-04-08_16-15-57.mp4,2459.0,2751.5,2190,2463,2728,3040,0.79924005
229,/Volumes/SmithL0/2026/BIOL470/Final/Learning_Rig/bee_0408_1_fwd/cam1_2026-04-08_16-15-57.mp4,1229.0,1063.0,900,736,1558,1390,0.6055592
230,/Volumes/SmithL0/2026/BIOL470/Final/Learning_Rig/bee_0408_1_fwd/cam1_2026-04-08_16-15-57.mp4,2458.0,2752.0,2190,2464,2726,3040,0.8008916
231,/Volumes/SmithL0/2026/BIOL470/Final/Learning_Rig/bee_0408_1_fwd/cam1_2026-04-08_16-15-57.mp4,1223.5,1053.5,915,693,1532,1414,0.6863803
232,/Volumes/SmithL0/2026/BIOL470/Final/Learning_Rig/bee_0408_1_fwd/cam1_2026-04-08_16-15-57.mp4,2458.5,2752.5,2191,2466,2726,3039,0.79035217
233,/Volumes/SmithL0/2026/BIOL470/Final/Learning_Rig/bee_0408_1_fwd/cam1_2026-04-08_16-15-57.mp4,1196.0,1060.0,892,642,1500,1478,0.5968093
234,/Volumes/SmithL0/2026/BIOL470/Final/Learning_Rig/bee_0408_1_fwd/cam1_2026-04-08_16-15-57.mp4,2458.0,2752.5,2190,2465,2726,3040,0.7937851
235,/Volumes/SmithL0/2026/BIOL470/Final/Learning_Rig/bee_0408_1_fwd/cam1_2026-04-08_16-15-57.mp4,2458.5,2752.0,2191,2465,2726,3039,0.78676826
236,/Volumes/SmithL0/2026/BIOL470/Final/Learning_Rig/bee_0408_1_fwd/cam1_2026-04-08_16-15-57.mp4,1012.5,924.5,856,765,1169,1084,0.7613736
237,/Volumes/SmithL0/2026/BIOL470/Final/Learning_Rig/bee_0408_1_fwd/cam1_2026-04-08_16-15-57.mp4,2458.5,2751.0,2191,2462,2726,3040,0.78912294
238,/Volumes/SmithL0/2026/BIOL470/Final/Learning_Rig/bee_0408_1_fwd/cam1_2026-04-08_16-15-57.mp4,1267.0,1113.5,934,798,1600,1429,0.68331
239,/Volumes/SmithL0/2026/BIOL470/Final/Learning_Rig/bee_0408_1_fwd/cam1_2026-04-08_16-15-57.mp4,2460.0,2752.0,2192,2464,2728,3040,0.7744237
240,/Volumes/SmithL0/2026/BIOL470/Final/Learning_Rig/bee_0408_1_fwd/cam1_2026-04-08_16-15-57.mp4,1281.5,1115.0,926,778,1637,1452,0.5169491
241,/Volumes/SmithL0/2026/BIOL470/Final/Learning_Rig/bee_0408_1_fwd/cam1_2026-04-08_16-15-57.mp4,2458.0,2751.0,2190,2462,2726,3040,0.77904874
242,/Volumes/SmithL0/2026/BIOL470/Final/Learning_Rig/bee_0408_1_fwd/cam1_2026-04-08_16-15-57.mp4,1301.0,1131.0,929,789,1673,1473,0.7444228
243,/Volumes/SmithL0/2026/BIOL470/Final/Learning_Rig/bee_0408_1_fwd/cam1_2026-04-08_16-15-57.mp4,2457.5,2752.0,2189,2465,2726,3039,0.7740157
244,/Volumes/SmithL0/2026/BIOL470/Final/Learning_Rig/bee_0408_1_fwd/cam1_2026-04-08_16-15-57.mp4,1304.0,1163.0,912,874,1696,1452,0.7301439
245,/Volumes/SmithL0/2026/BIOL470/Final/Learning_Rig/bee_0408_1_fwd/cam1_2026-04-08_16-15-57.mp4,2457.5,2751.5,2190,2464,2725,3039,0.79135096
246,/Volumes/SmithL0/2026/BIOL470/Final/Learning_Rig/bee_0408_1_fwd/cam1_2026-04-08_16-15-57.mp4,1262.0,1216.0,839,952,1685,1480,0.7260419
247,/Volumes/SmithL0/2026/BIOL470/Final/Learning_Rig/bee_0408_1_fwd/cam1_2026-04-08_16-15-57.mp4,1321.0,1317.0,983,1152,1659,1482,0.5968137
248,/Volumes/SmithL0/2026/BIOL470/Final/Learning_Rig/bee_0408_1_fwd/cam1_2026-04-08_16-15-57.mp4,2457.5,2752.0,2189,2464,2726,3040,0.80405533
249,/Volumes/SmithL0/2026/BIOL470/Final/Learning_Rig/bee_0408_1_fwd/cam1_2026-04-08_16-15-57.mp4,1256.5,1246.5,847,940,1666,1553,0.75614506
250,/Volumes/SmithL0/2026/BIOL470/Final/Learning_Rig/bee_0408_1_fwd/cam1_2026-04-08_16-15-57.mp4,1304.0,1257.0,927,949,1681,1565,0.802066
251,/Volumes/SmithL0/2026/BIOL470/Final/Learning_Rig/bee_0408_1_fwd/cam1_2026-04-08_16-15-57.mp4,2459.0,2751.0,2190,2463,2728,3039,0.77981263
252,/Volumes/SmithL0/2026/BIOL470/Final/Learning_Rig/bee_0408_1_fwd/cam1_2026-04-08_16-15-57.mp4,1410.0,1262.0,1151,964,1669,1560,0.6710861
253,/Volumes/SmithL0/2026/BIOL470/Final/Learning_Rig/bee_0408_1_fwd/cam1_2026-04-08_16-15-57.mp4,2458.5,2752.5,2191,2465,2726,3040,0.79639965
254,/Volumes/SmithL0/2026/BIOL470/Final/Learning_Rig/bee_0408_1_fwd/cam1_2026-04-08_16-15-57.mp4,1309.5,1249.0,940,933,1679,1565,0.7882342
255,/Volumes/SmithL0/2026/BIOL470/Final/Learning_Rig/bee_0408_1_fwd/cam1_2026-04-08_16-15-57.mp4,2459.0,2752.0,2192,2465,2726,3039,0.7826339
256,/Volumes/SmithL0/2026/BIOL470/Final/Learning_Rig/bee_0408_1_fwd/cam1_2026-04-08_16-15-57.mp4,1415.5,1315.5,1088,951,1743,1680,0.7566132
257,/Volumes/SmithL0/2026/BIOL470/Final/Learning_Rig/bee_0408_1_fwd/cam1_2026-04-08_16-15-57.mp4,2253.5,206.0,2109,62,2398,350,0.5374262
258,/Volumes/SmithL0/2026/BIOL470/Final/Learning_Rig/bee_0408_1_fwd/cam1_2026-04-08_16-15-57.mp4,2459.5,2752.0,2193,2464,2726,3040,0.79007626
259,/Volumes/SmithL0/2026/BIOL470/Final/Learning_Rig/bee_0408_1_fwd/cam1_2026-04-08_16-15-57.mp4,1386.0,1325.0,1068,970,1704,1680,0.77916306
260,/Volumes/SmithL0/2026/BIOL470/Final/Learning_Rig/bee_0408_1_fwd/cam1_2026-04-08_16-15-57.mp4,1348.0,1380.0,1035,997,1661,1763,0.7852054
261,/Volumes/SmithL0/2026/BIOL470/Final/Learning_Rig/bee_0408_1_fwd/cam1_2026-04-08_16-15-57.mp4,2460.0,2752.0,2192,2464,2728,3040,0.7784955
262,/Volumes/SmithL0/2026/BIOL470/Final/Learning_Rig/bee_0408_1_fwd/cam1_2026-04-08_16-15-57.mp4,1367.0,1462.5,1093,1074,1641,1851,0.8250111
263,/Volumes/SmithL0/2026/BIOL470/Final/Learning_Rig/bee_0408_1_fwd/cam1_2026-04-08_16-15-57.mp4,2458.5,2751.5,2190,2463,2727,3040,0.7878079
264,/Volumes/SmithL0/2026/BIOL470/Final/Learning_Rig/bee_0408_1_fwd/cam1_2026-04-08_16-15-57.mp4,1337.5,1555.5,1041,1157,1634,1954,0.8462924
265,/Volumes/SmithL0/2026/BIOL470/Final/Learning_Rig/bee_0408_1_fwd/cam1_2026-04-08_16-15-57.mp4,2459.0,2751.5,2191,2463,2727,3040,0.7841043
266,/Volumes/SmithL0/2026/BIOL470/Final/Learning_Rig/bee_0408_1_fwd/cam1_2026-04-08_16-15-57.mp4,1264.5,1703.5,1011,1352,1518,2055,0.7824401
267,/Volumes/SmithL0/2026/BIOL470/Final/Learning_Rig/bee_0408_1_fwd/cam1_2026-04-08_16-15-57.mp4,2459.0,2751.5,2191,2463,2727,3040,0.7770692
268,/Volumes/SmithL0/2026/BIOL470/Final/Learning_Rig/bee_0408_1_fwd/cam1_2026-04-08_16-15-57.mp4,1245.5,1906.5,919,1585,1572,2228,0.8534055
269,/Volumes/SmithL0/2026/BIOL470/Final/Learning_Rig/bee_0408_1_fwd/cam1_2026-04-08_16-15-57.mp4,2460.0,2752.0,2192,2464,2728,3040,0.7760594
270,/Volumes/SmithL0/2026/BIOL470/Final/Learning_Rig/bee_0408_1_fwd/cam1_2026-04-08_16-15-57.mp4,1179.0,1964.0,904,1656,1454,2272,0.84600455
271,/Volumes/SmithL0/2026/BIOL470/Final/Learning_Rig/bee_0408_1_fwd/cam1_2026-04-08_16-15-57.mp4,2457.0,2749.0,2178,2462,2736,3036,0.7417629
272,/Volumes/SmithL0/2026/BIOL470/Final/Learning_Rig/bee_0408_1_fwd/cam1_2026-04-08_16-15-57.mp4,1176.0,2065.0,927,1732,1425,2398,0.8102958
273,/Volumes/SmithL0/2026/BIOL470/Final/Learning_Rig/bee_0408_1_fwd/cam1_2026-04-08_16-15-57.mp4,2460.0,2749.0,2185,2462,2735,3036,0.72415
274,/Volumes/SmithL0/2026/BIOL470/Final/Learning_Rig/bee_0408_1_fwd/cam1_2026-04-08_16-15-57.mp4,1157.5,2080.5,900,1757,1415,2404,0.822231
275,/Volumes/SmithL0/2026/BIOL470/Final/Learning_Rig/bee_0408_1_fwd/cam1_2026-04-08_16-15-57.mp4,2459.5,2748.5,2183,2461,2736,3036,0.73123854
276,/Volumes/SmithL0/2026/BIOL470/Final/Learning_Rig/bee_0408_1_fwd/cam1_2026-04-08_16-15-57.mp4,1153.5,2086.5,882,1771,1425,2402,0.79881257
277,/Volumes/SmithL0/2026/BIOL470/Final/Learning_Rig/bee_0408_1_fwd/cam1_2026-04-08_16-15-57.mp4,2461.0,2752.0,2193,2465,2729,3039,0.75686
278,/Volumes/SmithL0/2026/BIOL470/Final/Learning_Rig/bee_0408_1_fwd/cam1_2026-04-08_16-15-57.mp4,1182.5,2072.0,897,1746,1468,2398,0.8046443
279,/Volumes/SmithL0/2026/BIOL470/Final/Learning_Rig/bee_0408_1_fwd/cam1_2026-04-08_16-15-57.mp4,2459.0,2751.5,2191,2464,2727,3039,0.74824893
280,/Volumes/SmithL0/2026/BIOL470/Final/Learning_Rig/bee_0408_1_fwd/cam1_2026-04-08_16-15-57.mp4,1180.5,2043.0,909,1713,1452,2373,0.79772633
281,/Volumes/SmithL0/2026/BIOL470/Final/Learning_Rig/bee_0408_1_fwd/cam1_2026-04-08_16-15-57.mp4,2459.5,2752.5,2192,2466,2727,3039,0.76099765
282,/Volumes/SmithL0/2026/BIOL470/Final/Learning_Rig/bee_0408_1_fwd/cam1_2026-04-08_16-15-57.mp4,1212.5,2034.5,965,1712,1460,2357,0.77991635
283,/Volumes/SmithL0/2026/BIOL470/Final/Learning_Rig/bee_0408_1_fwd/cam1_2026-04-08_16-15-57.mp4,2459.0,2751.0,2191,2463,2727,3039,0.74426454
284,/Volumes/SmithL0/2026/BIOL470/Final/Learning_Rig/bee_0408_1_fwd/cam1_2026-04-08_16-15-57.mp4,1203.5,1979.0,939,1668,1468,2290,0.7969556
285,/Volumes/SmithL0/2026/BIOL470/Final/Learning_Rig/bee_0408_1_fwd/cam1_2026-04-08_16-15-57.mp4,2458.5,2750.5,2190,2462,2727,3039,0.78112054
286,/Volumes/SmithL0/2026/BIOL470/Final/Learning_Rig/bee_0408_1_fwd/cam1_2026-04-08_16-15-57.mp4,1194.0,1971.0,920,1659,1468,2283,0.8137281
287,/Volumes/SmithL0/2026/BIOL470/Final/Learning_Rig/bee_0408_1_fwd/cam1_2026-04-08_16-15-57.mp4,2458.0,2752.0,2189,2464,2727,3040,0.761236
288,/Volumes/SmithL0/2026/BIOL470/Final/Learning_Rig/bee_0408_1_fwd/cam1_2026-04-08_16-15-57.mp4,1232.5,1945.0,922,1602,1543,2288,0.83105165
289,/Volumes/SmithL0/2026/BIOL470/Final/Learning_Rig/bee_0408_1_fwd/cam1_2026-04-08_16-15-57.mp4,2459.0,2752.5,2190,2465,2728,3040,0.74653405
290,/Volumes/SmithL0/2026/BIOL470/Final/Learning_Rig/bee_0408_1_fwd/cam1_2026-04-08_16-15-57.mp4,1261.5,1937.0,981,1581,1542,2293,0.8003428
291,/Volumes/SmithL0/2026/BIOL470/Final/Learning_Rig/bee_0408_1_fwd/cam1_2026-04-08_16-15-57.mp4,2459.5,2752.5,2191,2465,2728,3040,0.7506326
292,/Volumes/SmithL0/2026/BIOL470/Final/Learning_Rig/bee_0408_1_fwd/cam1_2026-04-08_16-15-57.mp4,2260.5,203.5,2123,66,2398,341,0.5648281
293,/Volumes/SmithL0/2026/BIOL470/Final/Learning_Rig/bee_0408_1_fwd/cam1_2026-04-08_16-15-57.mp4,1373.0,1752.5,1220,1592,1526,1913,0.55482006
294,/Volumes/SmithL0/2026/BIOL470/Final/Learning_Rig/bee_0408_1_fwd/cam1_2026-04-08_16-15-57.mp4,1419.5,2035.5,1141,1666,1698,2405,0.81078714
295,/Volumes/SmithL0/2026/BIOL470/Final/Learning_Rig/bee_0408_1_fwd/cam1_2026-04-08_16-15-57.mp4,2460.5,2752.5,2192,2465,2729,3040,0.72955686
296,/Volumes/SmithL0/2026/BIOL470/Final/Learning_Rig/bee_0408_1_fwd/cam1_2026-04-08_16-15-57.mp4,2258.5,203.5,2120,66,2397,341,0.54022574
297,/Volumes/SmithL0/2026/BIOL470/Final/Learning_Rig/bee_0408_1_fwd/cam1_2026-04-08_16-15-57.mp4,1414.0,2094.5,1108,1761,1720,2428,0.82082194
298,/Volumes/SmithL0/2026/BIOL470/Final/Learning_Rig/bee_0408_1_fwd/cam1_2026-04-08_16-15-57.mp4,2459.5,2753.5,2190,2467,2729,3040,0.72182035
299,/Volumes/SmithL0/2026/BIOL470/Final/Learning_Rig/bee_0408_1_fwd/cam1_2026-04-08_16-15-57.mp4,1502.5,2126.5,1145,1818,1860,2435,0.8103951
300,/Volumes/SmithL0/2026/BIOL470/Final/Learning_Rig/bee_0408_1_fwd/cam1_2026-04-08_16-15-57.mp4,2455.0,2750.0,2175,2463,2735,3037,0.72541064
301,/Volumes/SmithL0/2026/BIOL470/Final/Learning_Rig/bee_0408_1_fwd/cam1_2026-04-08_16-15-57.mp4,1576.0,2132.5,1219,1841,1933,2424,0.8126025
302,/Volumes/SmithL0/2026/BIOL470/Final/Learning_Rig/bee_0408_1_fwd/cam1_2026-04-08_16-15-57.mp4,1747.5,2257.0,1587,2120,1908,2394,0.76327205
303,/Volumes/SmithL0/2026/BIOL470/Final/Learning_Rig/bee_0408_1_fwd/cam1_2026-04-08_16-15-57.mp4,2454.5,2749.0,2172,2461,2737,3037,0.7085695
304,/Volumes/SmithL0/2026/BIOL470/Final/Learning_Rig/bee_0408_1_fwd/cam1_2026-04-08_16-15-57.mp4,1619.5,2147.0,1247,1865,1992,2429,0.79302883
305,/Volumes/SmithL0/2026/BIOL470/Final/Learning_Rig/bee_0408_1_fwd/cam1_2026-04-08_16-15-57.mp4,1803.5,2279.5,1659,2152,1948,2407,0.65793175
306,/Volumes/SmithL0/2026/BIOL470/Final/Learning_Rig/bee_0408_1_fwd/cam1_2026-04-08_16-15-57.mp4,2455.0,2750.0,2173,2463,2737,3037,0.656801
307,/Volumes/SmithL0/2026/BIOL470/Final/Learning_Rig/bee_0408_1_fwd/cam1_2026-04-08_16-15-57.mp4,1041.0,2926.0,723,2812,1359,3040,0.50046647
308,/Volumes/SmithL0/2026/BIOL470/Final/Learning_Rig/bee_0408_1_fwd/cam1_2026-04-08_16-15-57.mp4,1659.0,2207.5,1297,1907,2021,2508,0.7948864
309,/Volumes/SmithL0/2026/BIOL470/Final/Learning_Rig/bee_0408_1_fwd/cam1_2026-04-08_16-15-57.mp4,2455.0,2749.0,2175,2461,2735,3037,0.73702383
310,/Volumes/SmithL0/2026/BIOL470/Final/Learning_Rig/bee_0408_1_fwd/cam1_2026-04-08_16-15-57.mp4,1549.0,2116.5,1171,1871,1927,2362,0.79260033
311,/Volumes/SmithL0/2026/BIOL470/Final/Learning_Rig/bee_0408_1_fwd/cam1_2026-04-08_16-15-57.mp4,2453.5,2748.5,2173,2460,2734,3037,0.71181154
312,/Volumes/SmithL0/2026/BIOL470/Final/Learning_Rig/bee_0408_1_fwd/cam1_2026-04-08_16-15-57.mp4,1040.5,2927.0,729,2815,1352,3039,0.5410293
313,/Volumes/SmithL0/2026/BIOL470/Final/Learning_Rig/bee_0408_1_fwd/cam1_2026-04-08_16-15-57.mp4,1533.0,2108.0,1168,1835,1898,2381,0.79097605
314,/Volumes/SmithL0/2026/BIOL470/Final/Learning_Rig/bee_0408_1_fwd/cam1_2026-04-08_16-15-57.mp4,2451.5,2750.0,2168,2463,2735,3037,0.6942123
315,/Volumes/SmithL0/2026/BIOL470/Final/Learning_Rig/bee_0408_1_fwd/cam1_2026-04-08_16-15-57.mp4,1047.0,2928.0,737,2817,1357,3039,0.57382774
316,/Volumes/SmithL0/2026/BIOL470/Final/Learning_Rig/bee_0408_1_fwd/cam1_2026-04-08_16-15-57.mp4,1717.5,2103.0,1518,1838,1917,2368,0.52033985
317,/Volumes/SmithL0/2026/BIOL470/Final/Learning_Rig/bee_0408_1_fwd/cam1_2026-04-08_16-15-57.mp4,1489.0,2052.5,1147,1746,1831,2359,0.8028098
318,/Volumes/SmithL0/2026/BIOL470/Final/Learning_Rig/bee_0408_1_fwd/cam1_2026-04-08_16-15-57.mp4,2451.0,2749.5,2167,2462,2735,3037,0.69205254
319,/Volumes/SmithL0/2026/BIOL470/Final/Learning_Rig/bee_0408_1_fwd/cam1_2026-04-08_16-15-57.mp4,1011.0,2921.0,712,2802,1310,3040,0.5209007
320,/Volumes/SmithL0/2026/BIOL470/Final/Learning_Rig/bee_0408_1_fwd/cam1_2026-04-08_16-15-57.mp4,1469.0,2044.5,1164,1686,1774,2403,0.80999416
321,/Volumes/SmithL0/2026/BIOL470/Final/Learning_Rig/bee_0408_1_fwd/cam1_2026-04-08_16-15-57.mp4,2454.0,2749.5,2173,2462,2735,3037,0.6905874
322,/Volumes/SmithL0/2026/BIOL470/Final/Learning_Rig/bee_0408_1_fwd/cam1_2026-04-08_16-15-57.mp4,1355.0,2086.0,1054,1697,1656,2475,0.80917054
323,/Volumes/SmithL0/2026/BIOL470/Final/Learning_Rig/bee_0408_1_fwd/cam1_2026-04-08_16-15-57.mp4,2452.5,2749.0,2170,2461,2735,3037,0.6806716
324,/Volumes/SmithL0/2026/BIOL470/Final/Learning_Rig/bee_0408_1_fwd/cam1_2026-04-08_16-15-57.mp4,1302.0,2110.0,1004,1767,1600,2453,0.8586217
325,/Volumes/SmithL0/2026/BIOL470/Final/Learning_Rig/bee_0408_1_fwd/cam1_2026-04-08_16-15-57.mp4,2460.0,2752.0,2191,2465,2729,3039,0.716449
326,/Volumes/SmithL0/2026/BIOL470/Final/Learning_Rig/bee_0408_1_fwd/cam1_2026-04-08_16-15-57.mp4,1246.0,2137.0,919,1846,1573,2428,0.8496169
327,/Volumes/SmithL0/2026/BIOL470/Final/Learning_Rig/bee_0408_1_fwd/cam1_2026-04-08_16-15-57.mp4,2457.5,2748.5,2179,2461,2736,3036,0.7279974
328,/Volumes/SmithL0/2026/BIOL470/Final/Learning_Rig/bee_0408_1_fwd/cam1_2026-04-08_16-15-57.mp4,1234.5,2180.5,894,1911,1575,2450,0.7944722
329,/Volumes/SmithL0/2026/BIOL470/Final/Learning_Rig/bee_0408_1_fwd/cam1_2026-04-08_16-15-57.mp4,2460.0,2751.5,2191,2464,2729,3039,0.7524275
330,/Volumes/SmithL0/2026/BIOL470/Final/Learning_Rig/bee_0408_1_fwd/cam1_2026-04-08_16-15-57.mp4,1238.5,2174.0,898,1900,1579,2448,0.80370146
331,/Volumes/SmithL0/2026/BIOL470/Final/Learning_Rig/bee_0408_1_fwd/cam1_2026-04-08_16-15-57.mp4,2460.0,2753.0,2192,2466,2728,3040,0.74902785
332,/Volumes/SmithL0/2026/BIOL470/Final/Learning_Rig/bee_0408_1_fwd/cam1_2026-04-08_16-15-57.mp4,1241.5,2136.0,899,1890,1584,2382,0.7891744
333,/Volumes/SmithL0/2026/BIOL470/Final/Learning_Rig/bee_0408_1_fwd/cam1_2026-04-08_16-15-57.mp4,2458.5,2753.0,2190,2467,2727,3039,0.74781454
334,/Volumes/SmithL0/2026/BIOL470/Final/Learning_Rig/bee_0408_1_fwd/cam1_2026-04-08_16-15-57.mp4,1405.5,2091.0,1223,1898,1588,2284,0.6196984
335,/Volumes/SmithL0/2026/BIOL470/Final/Learning_Rig/bee_0408_1_fwd/cam1_2026-04-08_16-15-57.mp4,1271.5,2092.0,925,1876,1618,2308,0.80772585
336,/Volumes/SmithL0/2026/BIOL470/Final/Learning_Rig/bee_0408_1_fwd/cam1_2026-04-08_16-15-57.mp4,2458.5,2753.5,2190,2468,2727,3039,0.7703323
337,/Volumes/SmithL0/2026/BIOL470/Final/Learning_Rig/bee_0408_1_fwd/cam1_2026-04-08_16-15-57.mp4,1268.5,2055.0,874,1811,1663,2299,0.76178944
338,/Volumes/SmithL0/2026/BIOL470/Final/Learning_Rig/bee_0408_1_fwd/cam1_2026-04-08_16-15-57.mp4,2459.5,2753.0,2192,2467,2727,3039,0.7523162
339,/Volumes/SmithL0/2026/BIOL470/Final/Learning_Rig/bee_0408_1_fwd/cam1_2026-04-08_16-15-57.mp4,1348.0,2098.0,1046,1901,1650,2295,0.6457299
340,/Volumes/SmithL0/2026/BIOL470/Final/Learning_Rig/bee_0408_1_fwd/cam1_2026-04-08_16-15-57.mp4,1063.5,2143.0,906,1989,1221,2297,0.54920375
341,/Volumes/SmithL0/2026/BIOL470/Final/Learning_Rig/bee_0408_1_fwd/cam1_2026-04-08_16-15-57.mp4,1211.5,2011.0,820,1730,1603,2292,0.78031564
342,/Volumes/SmithL0/2026/BIOL470/Final/Learning_Rig/bee_0408_1_fwd/cam1_2026-04-08_16-15-57.mp4,2459.5,2753.0,2191,2467,2728,3039,0.73817253
343,/Volumes/SmithL0/2026/BIOL470/Final/Learning_Rig/bee_0408_1_fwd/cam1_2026-04-08_16-15-57.mp4,1193.0,2010.5,798,1729,1588,2292,0.79341996
344,/Volumes/SmithL0/2026/BIOL470/Final/Learning_Rig/bee_0408_1_fwd/cam1_2026-04-08_16-15-57.mp4,2459.5,2752.0,2191,2464,2728,3040,0.7730199
345,/Volumes/SmithL0/2026/BIOL470/Final/Learning_Rig/bee_0408_1_fwd/cam1_2026-04-08_16-15-57.mp4,1229.5,2017.5,842,1740,1617,2295,0.7940786
346,/Volumes/SmithL0/2026/BIOL470/Final/Learning_Rig/bee_0408_1_fwd/cam1_2026-04-08_16-15-57.mp4,2460.5,2753.0,2192,2466,2729,3040,0.72246337
347,/Volumes/SmithL0/2026/BIOL470/Final/Learning_Rig/bee_0408_1_fwd/cam1_2026-04-08_16-15-57.mp4,1262.5,2014.5,897,1733,1628,2296,0.7725189
348,/Volumes/SmithL0/2026/BIOL470/Final/Learning_Rig/bee_0408_1_fwd/cam1_2026-04-08_16-15-57.mp4,2460.5,2753.5,2192,2467,2729,3040,0.711944
349,/Volumes/SmithL0/2026/BIOL470/Final/Learning_Rig/bee_0408_1_fwd/cam1_2026-04-08_16-15-57.mp4,1306.5,2098.0,987,1913,1626,2283,0.53586453
350,/Volumes/SmithL0/2026/BIOL470/Final/Learning_Rig/bee_0408_1_fwd/cam1_2026-04-08_16-15-57.mp4,1302.0,2006.5,921,1723,1683,2290,0.7834803
351,/Volumes/SmithL0/2026/BIOL470/Final/Learning_Rig/bee_0408_1_fwd/cam1_2026-04-08_16-15-57.mp4,2460.0,2752.5,2192,2466,2728,3039,0.757207
352,/Volumes/SmithL0/2026/BIOL470/Final/Learning_Rig/bee_0408_1_fwd/cam1_2026-04-08_16-15-57.mp4,1312.0,1994.0,937,1708,1687,2280,0.7927041
353,/Volumes/SmithL0/2026/BIOL470/Final/Learning_Rig/bee_0408_1_fwd/cam1_2026-04-08_16-15-57.mp4,2455.5,2749.5,2175,2462,2736,3037,0.69438756
354,/Volumes/SmithL0/2026/BIOL470/Final/Learning_Rig/bee_0408_1_fwd/cam1_2026-04-08_16-15-57.mp4,2260.5,204.0,2122,66,2399,342,0.5295189
355,/Volumes/SmithL0/2026/BIOL470/Final/Learning_Rig/bee_0408_1_fwd/cam1_2026-04-08_16-15-57.mp4,1283.5,1927.5,926,1623,1641,2232,0.81771463
356,/Volumes/SmithL0/2026/BIOL470/Final/Learning_Rig/bee_0408_1_fwd/cam1_2026-04-08_16-15-57.mp4,2460.5,2752.5,2192,2466,2729,3039,0.72842646
357,/Volumes/SmithL0/2026/BIOL470/Final/Learning_Rig/bee_0408_1_fwd/cam1_2026-04-08_16-15-57.mp4,2259.5,204.0,2120,66,2399,342,0.6177712
358,/Volumes/SmithL0/2026/BIOL470/Final/Learning_Rig/bee_0408_1_fwd/cam1_2026-04-08_16-15-57.mp4,1021.0,2921.0,735,2802,1307,3040,0.54323184
359,/Volumes/SmithL0/2026/BIOL470/Final/Learning_Rig/bee_0408_1_fwd/cam1_2026-04-08_16-15-57.mp4,1239.0,1846.5,900,1546,1578,2147,0.7871165
360,/Volumes/SmithL0/2026/BIOL470/Final/Learning_Rig/bee_0408_1_fwd/cam1_2026-04-08_16-15-57.mp4,2460.5,2752.0,2193,2464,2728,3040,0.76322865
361,/Volumes/SmithL0/2026/BIOL470/Final/Learning_Rig/bee_0408_1_fwd/cam1_2026-04-08_16-15-57.mp4,1096.0,1598.0,861,1256,1331,1940,0.7980618
362,/Volumes/SmithL0/2026/BIOL470/Final/Learning_Rig/bee_0408_1_fwd/cam1_2026-04-08_16-15-57.mp4,2460.0,2751.0,2191,2462,2729,3040,0.7899856
363,/Volumes/SmithL0/2026/BIOL470/Final/Learning_Rig/bee_0408_1_fwd/cam1_2026-04-08_16-15-57.mp4,1098.5,1595.0,864,1345,1333,1845,0.79715484
364,/Volumes/SmithL0/2026/BIOL470/Final/Learning_Rig/bee_0408_1_fwd/cam1_2026-04-08_16-15-57.mp4,2460.5,2750.0,2191,2460,2730,3040,0.7536641
365,/Volumes/SmithL0/2026/BIOL470/Final/Learning_Rig/bee_0408_1_fwd/cam1_2026-04-08_16-15-57.mp4,1136.0,1650.5,854,1451,1418,1850,0.7317462
366,/Volumes/SmithL0/2026/BIOL470/Final/Learning_Rig/bee_0408_1_fwd/cam1_2026-04-08_16-15-57.mp4,1095.5,1499.0,847,1146,1344,1852,0.6896717
367,/Volumes/SmithL0/2026/BIOL470/Final/Learning_Rig/bee_0408_1_fwd/cam1_2026-04-08_16-15-57.mp4,1117.0,1380.5,901,1152,1333,1609,0.50246966
368,/Volumes/SmithL0/2026/BIOL470/Final/Learning_Rig/bee_0408_1_fwd/cam1_2026-04-08_16-15-57.mp4,2459.5,2750.5,2192,2462,2727,3039,0.77979285
369,/Volumes/SmithL0/2026/BIOL470/Final/Learning_Rig/bee_0408_1_fwd/cam1_2026-04-08_16-15-57.mp4,1170.5,1410.5,900,1039,1441,1782,0.7753628
370,/Volumes/SmithL0/2026/BIOL470/Final/Learning_Rig/bee_0408_1_fwd/cam1_2026-04-08_16-15-57.mp4,1155.5,1548.5,914,1327,1397,1770,0.67868835
371,/Volumes/SmithL0/2026/BIOL470/Final/Learning_Rig/bee_0408_1_fwd/cam1_2026-04-08_16-15-57.mp4,1108.5,1469.5,908,1164,1309,1775,0.6001315
372,/Volumes/SmithL0/2026/BIOL470/Final/Learning_Rig/bee_0408_1_fwd/cam1_2026-04-08_16-15-57.mp4,2458.5,2750.0,2190,2461,2727,3039,0.7824835
373,/Volumes/SmithL0/2026/BIOL470/Final/Learning_Rig/bee_0408_1_fwd/cam1_2026-04-08_16-15-57.mp4,1071.5,1328.0,842,974,1301,1682,0.7739917
374,/Volumes/SmithL0/2026/BIOL470/Final/Learning_Rig/bee_0408_1_fwd/cam1_2026-04-08_16-15-57.mp4,2459.0,2752.0,2191,2464,2727,3040,0.7824733
375,/Volumes/SmithL0/2026/BIOL470/Final/Learning_Rig/bee_0408_1_fwd/cam1_2026-04-08_16-15-57.mp4,1062.5,1237.5,831,880,1294,1595,0.7375158
376,/Volumes/SmithL0/2026/BIOL470/Final/Learning_Rig/bee_0408_1_fwd/cam1_2026-04-08_16-15-57.mp4,1121.5,1170.0,899,819,1344,1521,0.77055454
377,/Volumes/SmithL0/2026/BIOL470/Final/Learning_Rig/bee_0408_1_fwd/cam1_2026-04-08_16-15-57.mp4,2458.5,2752.5,2191,2466,2726,3039,0.7678343
378,/Volumes/SmithL0/2026/BIOL470/Final/Learning_Rig/bee_0408_1_fwd/cam1_2026-04-08_16-15-57.mp4,2459.0,2751.0,2191,2462,2727,3040,0.7861707
379,/Volumes/SmithL0/2026/BIOL470/Final/Learning_Rig/bee_0408_1_fwd/cam1_2026-04-08_16-15-57.mp4,1124.5,1159.5,906,894,1343,1425,0.65293133
380,/Volumes/SmithL0/2026/BIOL470/Final/Learning_Rig/bee_0408_1_fwd/cam1_2026-04-08_16-15-57.mp4,2458.5,2751.5,2191,2464,2726,3039,0.78147256
381,/Volumes/SmithL0/2026/BIOL470/Final/Learning_Rig/bee_0408_1_fwd/cam1_2026-04-08_16-15-57.mp4,2458.0,2752.5,2191,2465,2725,3040,0.7950524
382,/Volumes/SmithL0/2026/BIOL470/Final/Learning_Rig/bee_0408_1_fwd/cam1_2026-04-08_16-15-57.mp4,2458.5,2751.0,2190,2463,2727,3039,0.7726857
383,/Volumes/SmithL0/2026/BIOL470/Final/Learning_Rig/bee_0408_1_fwd/cam1_2026-04-08_16-15-57.mp4,2458.5,2751.5,2191,2464,2726,3039,0.75151926
384,/Volumes/SmithL0/2026/BIOL470/Final/Learning_Rig/bee_0408_1_fwd/cam1_2026-04-08_16-15-57.mp4,2458.0,2751.0,2190,2462,2726,3040,0.7750045
385,/Volumes/SmithL0/2026/BIOL470/Final/Learning_Rig/bee_0408_1_fwd/cam1_2026-04-08_16-15-57.mp4,1202.0,1036.0,907,675,1497,1397,0.6481761
386,/Volumes/SmithL0/2026/BIOL470/Final/Learning_Rig/bee_0408_1_fwd/cam1_2026-04-08_16-15-57.mp4,1239.5,1077.5,929,732,1550,1423,0.7940037
387,/Volumes/SmithL0/2026/BIOL470/Final/Learning_Rig/bee_0408_1_fwd/cam1_2026-04-08_16-15-57.mp4,2458.0,2751.5,2191,2464,2725,3039,0.78632945
388,/Volumes/SmithL0/2026/BIOL470/Final/Learning_Rig/bee_0408_1_fwd/cam1_2026-04-08_16-15-57.mp4,2458.0,2751.0,2190,2463,2726,3039,0.78164303
389,/Volumes/SmithL0/2026/BIOL470/Final/Learning_Rig/bee_0408_1_fwd/cam1_2026-04-08_16-15-57.mp4,1233.0,1086.0,930,743,1536,1429,0.71786344
390,/Volumes/SmithL0/2026/BIOL470/Final/Learning_Rig/bee_0408_1_fwd/cam1_2026-04-08_16-15-57.mp4,1259.0,1081.5,990,725,1528,1438,0.7785807
391,/Volumes/SmithL0/2026/BIOL470/Final/Learning_Rig/bee_0408_1_fwd/cam1_2026-04-08_16-15-57.mp4,2458.5,2751.5,2191,2464,2726,3039,0.7608399
392,/Volumes/SmithL0/2026/BIOL470/Final/Learning_Rig/bee_0408_1_fwd/cam1_2026-04-08_16-15-57.mp4,2457.5,2752.0,2190,2465,2725,3039,0.76837325
393,/Volumes/SmithL0/2026/BIOL470/Final/Learning_Rig/bee_0408_1_fwd/cam1_2026-04-08_16-15-57.mp4,2458.0,2751.5,2190,2464,2726,3039,0.79333436
394,/Volumes/SmithL0/2026/BIOL470/Final/Learning_Rig/bee_0408_1_fwd/cam1_2026-04-08_16-15-57.mp4,1422.0,799.0,1097,437,1747,1161,0.7566351
395,/Volumes/SmithL0/2026/BIOL470/Final/Learning_Rig/bee_0408_1_fwd/cam1_2026-04-08_16-15-57.mp4,1495.0,621.5,1340,449,1650,794,0.7113982
396,/Volumes/SmithL0/2026/BIOL470/Final/Learning_Rig/bee_0408_1_fwd/cam1_2026-04-08_16-15-57.mp4,1498.5,821.0,1322,448,1675,1194,0.63485515
397,/Volumes/SmithL0/2026/BIOL470/Final/Learning_Rig/bee_0408_1_fwd/cam1_2026-04-08_16-15-57.mp4,2459.0,2752.5,2192,2465,2726,3040,0.7811757
398,/Volumes/SmithL0/2026/BIOL470/Final/Learning_Rig/bee_0408_1_fwd/cam1_2026-04-08_16-15-57.mp4,1447.5,768.5,1094,408,1801,1129,0.75058675
399,/Volumes/SmithL0/2026/BIOL470/Final/Learning_Rig/bee_0408_1_fwd/cam1_2026-04-08_16-15-57.mp4,1575.5,562.5,1450,422,1701,703,0.5111299
400,/Volumes/SmithL0/2026/BIOL470/Final/Learning_Rig/bee_0408_1_fwd/cam1_2026-04-08_16-15-57.mp4,1528.5,706.5,1180,374,1877,1039,0.83486885
401,/Volumes/SmithL0/2026/BIOL470/Final/Learning_Rig/bee_0408_1_fwd/cam1_2026-04-08_16-15-57.mp4,2459.5,2753.0,2192,2467,2727,3039,0.77254933
402,/Volumes/SmithL0/2026/BIOL470/Final/Learning_Rig/bee_0408_1_fwd/cam1_2026-04-08_16-15-57.mp4,1614.0,666.5,1227,361,2001,972,0.7868165
403,/Volumes/SmithL0/2026/BIOL470/Final/Learning_Rig/bee_0408_1_fwd/cam1_2026-04-08_16-15-57.mp4,2460.0,2752.5,2192,2466,2728,3039,0.7676517
404,/Volumes/SmithL0/2026/BIOL470/Final/Learning_Rig/bee_0408_1_fwd/cam1_2026-04-08_16-15-57.mp4,1800.0,562.5,1648,426,1952,699,0.76317275
405,/Volumes/SmithL0/2026/BIOL470/Final/Learning_Rig/bee_0408_1_fwd/cam1_2026-04-08_16-15-57.mp4,1724.0,650.0,1366,311,2082,989,0.8050716
406,/Volumes/SmithL0/2026/BIOL470/Final/Learning_Rig/bee_0408_1_fwd/cam1_2026-04-08_16-15-57.mp4,2459.0,2754.5,2192,2469,2726,3040,0.7883313
407,/Volumes/SmithL0/2026/BIOL470/Final/Learning_Rig/bee_0408_1_fwd/cam1_2026-04-08_16-15-57.mp4,1589.5,660.0,1363,327,1816,993,0.7493597
408,/Volumes/SmithL0/2026/BIOL470/Final/Learning_Rig/bee_0408_1_fwd/cam1_2026-04-08_16-15-57.mp4,2005.0,407.5,1869,274,2141,541,0.91062814
409,/Volumes/SmithL0/2026/BIOL470/Final/Learning_Rig/bee_0408_1_fwd/cam1_2026-04-08_16-15-57.mp4,1783.5,553.0,1428,263,2139,843,0.7959021
410,/Volumes/SmithL0/2026/BIOL470/Final/Learning_Rig/bee_0408_1_fwd/cam1_2026-04-08_16-15-57.mp4,2459.0,2753.5,2191,2467,2727,3040,0.7797907
411,/Volumes/SmithL0/2026/BIOL470/Final/Learning_Rig/bee_0408_1_fwd/cam1_2026-04-08_16-15-57.mp4,1801.0,545.0,1444,253,2158,837,0.8052531
412,/Volumes/SmithL0/2026/BIOL470/Final/Learning_Rig/bee_0408_1_fwd/cam1_2026-04-08_16-15-57.mp4,2457.0,2749.5,2182,2463,2732,3036,0.7664179
413,/Volumes/SmithL0/2026/BIOL470/Final/Learning_Rig/bee_0408_1_fwd/cam1_2026-04-08_16-15-57.mp4,2017.0,388.5,1881,241,2153,536,0.72808427
414,/Volumes/SmithL0/2026/BIOL470/Final/Learning_Rig/bee_0408_1_fwd/cam1_2026-04-08_16-15-57.mp4,1827.0,548.0,1447,263,2207,833,0.8109445
415,/Volumes/SmithL0/2026/BIOL470/Final/Learning_Rig/bee_0408_1_fwd/cam1_2026-04-08_16-15-57.mp4,2039.5,430.0,1877,274,2202,586,0.78832
416,/Volumes/SmithL0/2026/BIOL470/Final/Learning_Rig/bee_0408_1_fwd/cam1_2026-04-08_16-15-57.mp4,2458.5,2749.0,2183,2462,2734,3036,0.75505114
417,/Volumes/SmithL0/2026/BIOL470/Final/Learning_Rig/bee_0408_1_fwd/cam1_2026-04-08_16-15-57.mp4,1840.5,617.0,1460,294,2221,940,0.78582376
418,/Volumes/SmithL0/2026/BIOL470/Final/Learning_Rig/bee_0408_1_fwd/cam1_2026-04-08_16-15-57.mp4,2459.0,2752.0,2191,2464,2727,3040,0.77358377
419,/Volumes/SmithL0/2026/BIOL470/Final/Learning_Rig/bee_0408_1_fwd/cam1_2026-04-08_16-15-57.mp4,2065.5,473.5,1907,333,2224,614,0.74180496
420,/Volumes/SmithL0/2026/BIOL470/Final/Learning_Rig/bee_0408_1_fwd/cam1_2026-04-08_16-15-57.mp4,2086.0,468.5,1923,334,2249,603,0.7886689
421,/Volumes/SmithL0/2026/BIOL470/Final/Learning_Rig/bee_0408_1_fwd/cam1_2026-04-08_16-15-57.mp4,2460.0,2752.5,2193,2466,2727,3039,0.78164065
422,/Volumes/SmithL0/2026/BIOL470/Final/Learning_Rig/bee_0408_1_fwd/cam1_2026-04-08_16-15-57.mp4,1880.0,574.5,1475,290,2285,859,0.7535091
423,/Volumes/SmithL0/2026/BIOL470/Final/Learning_Rig/bee_0408_1_fwd/cam1_2026-04-08_16-15-57.mp4,1844.5,555.5,1495,269,2194,842,0.79478586
424,/Volumes/SmithL0/2026/BIOL470/Final/Learning_Rig/bee_0408_1_fwd/cam1_2026-04-08_16-15-57.mp4,2459.0,2752.5,2191,2465,2727,3040,0.7745855
425,/Volumes/SmithL0/2026/BIOL470/Final/Learning_Rig/bee_0408_1_fwd/cam1_2026-04-08_16-15-57.mp4,2459.0,2752.5,2191,2466,2727,3039,0.76530147
426,/Volumes/SmithL0/2026/BIOL470/Final/Learning_Rig/bee_0408_1_fwd/cam1_2026-04-08_16-15-57.mp4,1856.5,453.0,1514,39,2199,867,0.71247524
427,/Volumes/SmithL0/2026/BIOL470/Final/Learning_Rig/bee_0408_1_fwd/cam1_2026-04-08_16-15-57.mp4,2066.0,370.5,1941,232,2191,509,0.5764354
428,/Volumes/SmithL0/2026/BIOL470/Final/Learning_Rig/bee_0408_1_fwd/cam1_2026-04-08_16-15-57.mp4,2002.5,375.5,1864,231,2141,520,0.8224452
429,/Volumes/SmithL0/2026/BIOL470/Final/Learning_Rig/bee_0408_1_fwd/cam1_2026-04-08_16-15-57.mp4,2459.0,2752.0,2191,2465,2727,3039,0.7721567
430,/Volumes/SmithL0/2026/BIOL470/Final/Learning_Rig/bee_0408_1_fwd/cam1_2026-04-08_16-15-57.mp4,1830.0,568.0,1482,207,2178,929,0.67061394
431,/Volumes/SmithL0/2026/BIOL470/Final/Learning_Rig/bee_0408_1_fwd/cam1_2026-04-08_16-15-57.mp4,2459.5,2751.0,2191,2463,2728,3039,0.7751881
432,/Volumes/SmithL0/2026/BIOL470/Final/Learning_Rig/bee_0408_1_fwd/cam1_2026-04-08_16-15-57.mp4,1949.5,606.5,1739,239,2160,974,0.6629799
433,/Volumes/SmithL0/2026/BIOL470/Final/Learning_Rig/bee_0408_1_fwd/cam1_2026-04-08_16-15-57.mp4,1823.0,601.5,1470,235,2176,968,0.6052798
434,/Volumes/SmithL0/2026/BIOL470/Final/Learning_Rig/bee_0408_1_fwd/cam1_2026-04-08_16-15-57.mp4,1973.5,454.0,1794,240,2153,668,0.5417493
435,/Volumes/SmithL0/2026/BIOL470/Final/Learning_Rig/bee_0408_1_fwd/cam1_2026-04-08_16-15-57.mp4,1494.5,471.0,1181,22,1808,920,0.7941003
436,/Volumes/SmithL0/2026/BIOL470/Final/Learning_Rig/bee_0408_1_fwd/cam1_2026-04-08_16-15-57.mp4,2459.5,2751.5,2191,2464,2728,3039,0.7776179
437,/Volumes/SmithL0/2026/BIOL470/Final/Learning_Rig/bee_0408_1_fwd/cam1_2026-04-08_16-15-57.mp4,1483.0,468.5,1162,112,1804,825,0.8036282
438,/Volumes/SmithL0/2026/BIOL470/Final/Learning_Rig/bee_0408_1_fwd/cam1_2026-04-08_16-15-57.mp4,2460.0,2751.5,2191,2463,2729,3040,0.7495517
439,/Volumes/SmithL0/2026/BIOL470/Final/Learning_Rig/bee_0408_1_fwd/cam1_2026-04-08_16-15-57.mp4,2459.5,2751.5,2191,2463,2728,3040,0.78782773
440,/Volumes/SmithL0/2026/BIOL470/Final/Learning_Rig/bee_0408_1_fwd/cam1_2026-04-08_16-15-57.mp4,1494.0,485.5,1183,159,1805,812,0.7795265
441,/Volumes/SmithL0/2026/BIOL470/Final/Learning_Rig/bee_0408_1_fwd/cam1_2026-04-08_16-15-57.mp4,2459.0,2751.5,2191,2463,2727,3040,0.7826276
442,/Volumes/SmithL0/2026/BIOL470/Final/Learning_Rig/bee_0408_1_fwd/cam1_2026-04-08_16-15-57.mp4,1395.0,485.5,1023,188,1767,783,0.7638223
443,/Volumes/SmithL0/2026/BIOL470/Final/Learning_Rig/bee_0408_1_fwd/cam1_2026-04-08_16-15-57.mp4,2458.5,2752.0,2191,2465,2726,3039,0.7933576
444,/Volumes/SmithL0/2026/BIOL470/Final/Learning_Rig/bee_0408_1_fwd/cam1_2026-04-08_16-15-57.mp4,1290.5,456.0,909,157,1672,755,0.7536917
445,/Volumes/SmithL0/2026/BIOL470/Final/Learning_Rig/bee_0408_1_fwd/cam1_2026-04-08_16-15-57.mp4,1166.5,459.0,929,185,1404,733,0.5424445
446,/Volumes/SmithL0/2026/BIOL470/Final/Learning_Rig/bee_0408_1_fwd/cam1_2026-04-08_16-15-57.mp4,1287.5,448.0,902,163,1673,733,0.80033845
447,/Volumes/SmithL0/2026/BIOL470/Final/Learning_Rig/bee_0408_1_fwd/cam1_2026-04-08_16-15-57.mp4,2459.0,2752.5,2191,2465,2727,3040,0.7518674
448,/Volumes/SmithL0/2026/BIOL470/Final/Learning_Rig/bee_0408_1_fwd/cam1_2026-04-08_16-15-57.mp4,2252.5,207.0,2107,63,2398,351,0.5520618
449,/Volumes/SmithL0/2026/BIOL470/Final/Learning_Rig/bee_0408_1_fwd/cam1_2026-04-08_16-15-57.mp4,1311.5,443.5,917,164,1706,723,0.7984813
450,/Volumes/SmithL0/2026/BIOL470/Final/Learning_Rig/bee_0408_1_fwd/cam1_2026-04-08_16-15-57.mp4,2458.5,2750.5,2190,2462,2727,3039,0.7804477
451,/Volumes/SmithL0/2026/BIOL470/Final/Learning_Rig/bee_0408_1_fwd/cam1_2026-04-08_16-15-57.mp4,1314.0,448.0,916,170,1712,726,0.7813231
452,/Volumes/SmithL0/2026/BIOL470/Final/Learning_Rig/bee_0408_1_fwd/cam1_2026-04-08_16-15-57.mp4,2459.5,2751.0,2191,2462,2728,3040,0.7784234
453,/Volumes/SmithL0/2026/BIOL470/Final/Learning_Rig/bee_0408_1_fwd/cam1_2026-04-08_16-15-57.mp4,2459.0,2751.0,2191,2463,2727,3039,0.7916589
454,/Volumes/SmithL0/2026/BIOL470/Final/Learning_Rig/bee_0408_1_fwd/cam1_2026-04-08_16-15-57.mp4,1284.5,476.5,883,181,1686,772,0.76934224
455,/Volumes/SmithL0/2026/BIOL470/Final/Learning_Rig/bee_0408_1_fwd/cam1_2026-04-08_16-15-57.mp4,1348.0,537.5,1035,336,1661,739,0.59351295
456,/Volumes/SmithL0/2026/BIOL470/Final/Learning_Rig/bee_0408_1_fwd/cam1_2026-04-08_16-15-57.mp4,2458.0,2751.5,2190,2463,2726,3040,0.7936482
457,/Volumes/SmithL0/2026/BIOL470/Final/Learning_Rig/bee_0408_1_fwd/cam1_2026-04-08_16-15-57.mp4,1287.5,499.5,893,216,1682,783,0.77818006
458,/Volumes/SmithL0/2026/BIOL470/Final/Learning_Rig/bee_0408_1_fwd/cam1_2026-04-08_16-15-57.mp4,2254.5,208.5,2114,64,2395,353,0.53003234
459,/Volumes/SmithL0/2026/BIOL470/Final/Learning_Rig/bee_0408_1_fwd/cam1_2026-04-08_16-15-57.mp4,1500.0,478.5,1328,328,1672,629,0.8758966
460,/Volumes/SmithL0/2026/BIOL470/Final/Learning_Rig/bee_0408_1_fwd/cam1_2026-04-08_16-15-57.mp4,2459.0,2751.5,2191,2463,2727,3040,0.7913403
461,/Volumes/SmithL0/2026/BIOL470/Final/Learning_Rig/bee_0408_1_fwd/cam1_2026-04-08_16-15-57.mp4,1286.5,519.0,889,254,1684,784,0.7885405
462,/Volumes/SmithL0/2026/BIOL470/Final/Learning_Rig/bee_0408_1_fwd/cam1_2026-04-08_16-15-57.mp4,1387.0,523.5,1101,290,1673,757,0.7399298
463,/Volumes/SmithL0/2026/BIOL470/Final/Learning_Rig/bee_0408_1_fwd/cam1_2026-04-08_16-15-57.mp4,1493.0,529.0,1309,323,1677,735,0.7354871
464,/Volumes/SmithL0/2026/BIOL470/Final/Learning_Rig/bee_0408_1_fwd/cam1_2026-04-08_16-15-57.mp4,2252.5,207.5,2110,64,2395,351,0.55049103
465,/Volumes/SmithL0/2026/BIOL470/Final/Learning_Rig/bee_0408_1_fwd/cam1_2026-04-08_16-15-57.mp4,2458.0,2751.0,2190,2463,2726,3039,0.7959307
466,/Volumes/SmithL0/2026/BIOL470/Final/Learning_Rig/bee_0408_1_fwd/cam1_2026-04-08_16-15-57.mp4,1283.0,567.5,890,277,1676,858,0.7783345
467,/Volumes/SmithL0/2026/BIOL470/Final/Learning_Rig/bee_0408_1_fwd/cam1_2026-04-08_16-15-57.mp4,1467.5,472.0,1293,325,1642,619,0.70758116
468,/Volumes/SmithL0/2026/BIOL470/Final/Learning_Rig/bee_0408_1_fwd/cam1_2026-04-08_16-15-57.mp4,1267.5,573.0,890,274,1645,872,0.7792054
469,/Volumes/SmithL0/2026/BIOL470/Final/Learning_Rig/bee_0408_1_fwd/cam1_2026-04-08_16-15-57.mp4,2459.5,2753.0,2192,2466,2727,3040,0.77212095
470,/Volumes/SmithL0/2026/BIOL470/Final/Learning_Rig/bee_0408_1_fwd/cam1_2026-04-08_16-15-57.mp4,1369.5,594.5,1103,318,1636,871,0.68664616
471,/Volumes/SmithL0/2026/BIOL470/Final/Learning_Rig/bee_0408_1_fwd/cam1_2026-04-08_16-15-57.mp4,1248.0,681.5,912,370,1584,993,0.80404425
472,/Volumes/SmithL0/2026/BIOL470/Final/Learning_Rig/bee_0408_1_fwd/cam1_2026-04-08_16-15-57.mp4,2458.5,2753.0,2190,2467,2727,3039,0.7689166
473,/Volumes/SmithL0/2026/BIOL470/Final/Learning_Rig/bee_0408_1_fwd/cam1_2026-04-08_16-15-57.mp4,1187.5,822.5,907,462,1468,1183,0.82909906
474,/Volumes/SmithL0/2026/BIOL470/Final/Learning_Rig/bee_0408_1_fwd/cam1_2026-04-08_16-15-57.mp4,2459.0,2753.0,2192,2466,2726,3040,0.77283746
475,/Volumes/SmithL0/2026/BIOL470/Final/Learning_Rig/bee_0408_1_fwd/cam1_2026-04-08_16-15-57.mp4,1290.5,673.5,1126,472,1455,875,0.54320633
476,/Volumes/SmithL0/2026/BIOL470/Final/Learning_Rig/bee_0408_1_fwd/cam1_2026-04-08_16-15-57.mp4,2255.0,205.5,2114,67,2396,344,0.51140314
477,/Volumes/SmithL0/2026/BIOL470/Final/Learning_Rig/bee_0408_1_fwd/cam1_2026-04-08_16-15-57.mp4,1191.5,822.5,920,467,1463,1178,0.8007928
478,/Volumes/SmithL0/2026/BIOL470/Final/Learning_Rig/bee_0408_1_fwd/cam1_2026-04-08_16-15-57.mp4,2459.0,2751.5,2192,2463,2726,3040,0.7739151
479,/Volumes/SmithL0/2026/BIOL470/Final/Learning_Rig/bee_0408_1_fwd/cam1_2026-04-08_16-15-57.mp4,1274.5,809.0,943,444,1606,1174,0.7796624
480,/Volumes/SmithL0/2026/BIOL470/Final/Learning_Rig/bee_0408_1_fwd/cam1_2026-04-08_16-15-57.mp4,2458.5,2752.5,2191,2465,2726,3040,0.77963996
481,/Volumes/SmithL0/2026/BIOL470/Final/Learning_Rig/bee_0408_1_fwd/cam1_2026-04-08_16-15-57.mp4,2255.0,204.0,2113,66,2397,342,0.5364558
482,/Volumes/SmithL0/2026/BIOL470/Final/Learning_Rig/bee_0408_1_fwd/cam1_2026-04-08_16-15-57.mp4,1238.5,772.0,946,414,1531,1130,0.7948521
483,/Volumes/SmithL0/2026/BIOL470/Final/Learning_Rig/bee_0408_1_fwd/cam1_2026-04-08_16-15-57.mp4,2458.5,2752.0,2190,2464,2727,3040,0.768242
484,/Volumes/SmithL0/2026/BIOL470/Final/Learning_Rig/bee_0408_1_fwd/cam1_2026-04-08_16-15-57.mp4,2256.0,204.5,2115,66,2397,343,0.53531873
485,/Volumes/SmithL0/2026/BIOL470/Final/Learning_Rig/bee_0408_1_fwd/cam1_2026-04-08_16-15-57.mp4,1242.5,698.5,910,402,1575,995,0.8033416
486,/Volumes/SmithL0/2026/BIOL470/Final/Learning_Rig/bee_0408_1_fwd/cam1_2026-04-08_16-15-57.mp4,2458.5,2750.5,2191,2462,2726,3039,0.7871538
487,/Volumes/SmithL0/2026/BIOL470/Final/Learning_Rig/bee_0408_1_fwd/cam1_2026-04-08_16-15-57.mp4,1283.0,711.0,955,384,1611,1038,0.80465674
488,/Volumes/SmithL0/2026/BIOL470/Final/Learning_Rig/bee_0408_1_fwd/cam1_2026-04-08_16-15-57.mp4,2459.5,2751.5,2192,2464,2727,3039,0.78388214
489,/Volumes/SmithL0/2026/BIOL470/Final/Learning_Rig/bee_0408_1_fwd/cam1_2026-04-08_16-15-57.mp4,1267.0,685.5,925,340,1609,1031,0.8162424
490,/Volumes/SmithL0/2026/BIOL470/Final/Learning_Rig/bee_0408_1_fwd/cam1_2026-04-08_16-15-57.mp4,2458.5,2750.5,2190,2461,2727,3040,0.7936315
491,/Volumes/SmithL0/2026/BIOL470/Final/Learning_Rig/bee_0408_1_fwd/cam1_2026-04-08_16-15-57.mp4,1424.5,530.5,1253,354,1596,707,0.52095664
492,/Volumes/SmithL0/2026/BIOL470/Final/Learning_Rig/bee_0408_1_fwd/cam1_2026-04-08_16-15-57.mp4,1278.0,660.0,943,313,1613,1007,0.8225064
493,/Volumes/SmithL0/2026/BIOL470/Final/Learning_Rig/bee_0408_1_fwd/cam1_2026-04-08_16-15-57.mp4,2458.5,2750.5,2191,2461,2726,3040,0.7950524
494,/Volumes/SmithL0/2026/BIOL470/Final/Learning_Rig/bee_0408_1_fwd/cam1_2026-04-08_16-15-57.mp4,1332.5,583.5,989,285,1676,882,0.8106063
495,/Volumes/SmithL0/2026/BIOL470/Final/Learning_Rig/bee_0408_1_fwd/cam1_2026-04-08_16-15-57.mp4,2458.5,2752.0,2191,2464,2726,3040,0.7971948
496,/Volumes/SmithL0/2026/BIOL470/Final/Learning_Rig/bee_0408_1_fwd/cam1_2026-04-08_16-15-57.mp4,1489.0,444.0,1324,279,1654,609,0.77444416
497,/Volumes/SmithL0/2026/BIOL470/Final/Learning_Rig/bee_0408_1_fwd/cam1_2026-04-08_16-15-57.mp4,2459.0,2751.5,2192,2463,2726,3040,0.78728074
498,/Volumes/SmithL0/2026/BIOL470/Final/Learning_Rig/bee_0408_1_fwd/cam1_2026-04-08_16-15-57.mp4,1283.5,510.5,878,211,1689,810,0.75995606
499,/Volumes/SmithL0/2026/BIOL470/Final/Learning_Rig/bee_0408_1_fwd/cam1_2026-04-08_16-15-57.mp4,1279.5,477.0,892,172,1667,782,0.79506195
500,/Volumes/SmithL0/2026/BIOL470/Final/Learning_Rig/bee_0408_1_fwd/cam1_2026-04-08_16-15-57.mp4,2459.5,2752.5,2192,2465,2727,3040,0.7780875
501,/Volumes/SmithL0/2026/BIOL470/Final/Learning_Rig/bee_0408_1_fwd/cam1_2026-04-08_16-15-57.mp4,2459.5,2752.0,2192,2464,2727,3040,0.7601139
502,/Volumes/SmithL0/2026/BIOL470/Final/Learning_Rig/bee_0408_1_fwd/cam1_2026-04-08_16-15-57.mp4,1289.0,455.0,914,135,1664,775,0.7450929
503,/Volumes/SmithL0/2026/BIOL470/Final/Learning_Rig/bee_0408_1_fwd/cam1_2026-04-08_16-15-57.mp4,1323.0,519.5,970,228,1676,811,0.77405035
504,/Volumes/SmithL0/2026/BIOL470/Final/Learning_Rig/bee_0408_1_fwd/cam1_2026-04-08_16-15-57.mp4,2460.5,2752.5,2193,2466,2728,3039,0.76013213
505,/Volumes/SmithL0/2026/BIOL470/Final/Learning_Rig/bee_0408_1_fwd/cam1_2026-04-08_16-15-57.mp4,2460.0,2752.5,2193,2466,2727,3039,0.7798637
506,/Volumes/SmithL0/2026/BIOL470/Final/Learning_Rig/bee_0408_1_fwd/cam1_2026-04-08_16-15-57.mp4,1309.5,560.0,977,228,1642,892,0.7729433
507,/Volumes/SmithL0/2026/BIOL470/Final/Learning_Rig/bee_0408_1_fwd/cam1_2026-04-08_16-15-57.mp4,1319.0,608.5,998,239,1640,978,0.816089
508,/Volumes/SmithL0/2026/BIOL470/Final/Learning_Rig/bee_0408_1_fwd/cam1_2026-04-08_16-15-57.mp4,2459.5,2751.5,2191,2463,2728,3040,0.7701165
509,/Volumes/SmithL0/2026/BIOL470/Final/Learning_Rig/bee_0408_1_fwd/cam1_2026-04-08_16-15-57.mp4,1272.0,606.0,928,252,1616,960,0.8226911
510,/Volumes/SmithL0/2026/BIOL470/Final/Learning_Rig/bee_0408_1_fwd/cam1_2026-04-08_16-15-57.mp4,2459.0,2751.5,2191,2464,2727,3039,0.77391124
511,/Volumes/SmithL0/2026/BIOL470/Final/Learning_Rig/bee_0408_1_fwd/cam1_2026-04-08_16-15-57.mp4,1254.5,694.0,915,332,1594,1056,0.78155833
512,/Volumes/SmithL0/2026/BIOL470/Final/Learning_Rig/bee_0408_1_fwd/cam1_2026-04-08_16-15-57.mp4,2458.5,2752.5,2191,2465,2726,3040,0.7808563
513,/Volumes/SmithL0/2026/BIOL470/Final/Learning_Rig/bee_0408_1_fwd/cam1_2026-04-08_16-15-57.mp4,2459.0,2752.0,2192,2465,2726,3039,0.7936511
514,/Volumes/SmithL0/2026/BIOL470/Final/Learning_Rig/bee_0408_1_fwd/cam1_2026-04-08_16-15-57.mp4,1126.0,753.0,901,374,1351,1132,0.7419109
515,/Volumes/SmithL0/2026/BIOL470/Final/Learning_Rig/bee_0408_1_fwd/cam1_2026-04-08_16-15-57.mp4,1473.5,857.0,1311,731,1636,983,0.50590134
516,/Volumes/SmithL0/2026/BIOL470/Final/Learning_Rig/bee_0408_1_fwd/cam1_2026-04-08_16-15-57.mp4,2459.0,2752.0,2192,2465,2726,3039,0.7917295
517,/Volumes/SmithL0/2026/BIOL470/Final/Learning_Rig/bee_0408_1_fwd/cam1_2026-04-08_16-15-57.mp4,1430.0,868.5,1263,738,1597,999,0.6223801
518,/Volumes/SmithL0/2026/BIOL470/Final/Learning_Rig/bee_0408_1_fwd/cam1_2026-04-08_16-15-57.mp4,1051.5,863.5,835,533,1268,1194,0.51746255
519,/Volumes/SmithL0/2026/BIOL470/Final/Learning_Rig/bee_0408_1_fwd/cam1_2026-04-08_16-15-57.mp4,1165.0,679.5,1019,482,1311,877,0.5071832
520,/Volumes/SmithL0/2026/BIOL470/Final/Learning_Rig/bee_0408_1_fwd/cam1_2026-04-08_16-15-57.mp4,1160.0,807.5,1004,467,1316,1148,0.50592643
521,/Volumes/SmithL0/2026/BIOL470/Final/Learning_Rig/bee_0408_1_fwd/cam1_2026-04-08_16-15-57.mp4,2459.5,2751.5,2192,2463,2727,3040,0.7794445
522,/Volumes/SmithL0/2026/BIOL470/Final/Learning_Rig/bee_0408_1_fwd/cam1_2026-04-08_16-15-57.mp4,2219.0,213.0,2022,60,2416,366,0.50763595
523,/Volumes/SmithL0/2026/BIOL470/Final/Learning_Rig/bee_0408_1_fwd/cam1_2026-04-08_16-15-57.mp4,2459.0,2751.5,2191,2463,2727,3040,0.7765687
524,/Volumes/SmithL0/2026/BIOL470/Final/Learning_Rig/bee_0408_1_fwd/cam1_2026-04-08_16-15-57.mp4,1174.0,927.0,846,546,1502,1308,0.76667345
525,/Volumes/SmithL0/2026/BIOL470/Final/Learning_Rig/bee_0408_1_fwd/cam1_2026-04-08_16-15-57.mp4,1074.5,922.0,841,543,1308,1301,0.6252607
526,/Volumes/SmithL0/2026/BIOL470/Final/Learning_Rig/bee_0408_1_fwd/cam1_2026-04-08_16-15-57.mp4,1207.0,980.0,862,670,1552,1290,0.77450657
527,/Volumes/SmithL0/2026/BIOL470/Final/Learning_Rig/bee_0408_1_fwd/cam1_2026-04-08_16-15-57.mp4,2459.0,2750.0,2191,2460,2727,3040,0.7621989
528,/Volumes/SmithL0/2026/BIOL470/Final/Learning_Rig/bee_0408_1_fwd/cam1_2026-04-08_16-15-57.mp4,1089.5,971.0,860,655,1319,1287,0.6341503
529,/Volumes/SmithL0/2026/BIOL470/Final/Learning_Rig/bee_0408_1_fwd/cam1_2026-04-08_16-15-57.mp4,1253.5,1124.5,874,711,1633,1538,0.7880287
530,/Volumes/SmithL0/2026/BIOL470/Final/Learning_Rig/bee_0408_1_fwd/cam1_2026-04-08_16-15-57.mp4,2458.5,2751.0,2191,2463,2726,3039,0.7826628
531,/Volumes/SmithL0/2026/BIOL470/Final/Learning_Rig/bee_0408_1_fwd/cam1_2026-04-08_16-15-57.mp4,1253.0,990.0,874,703,1632,1277,0.6991969
532,/Volumes/SmithL0/2026/BIOL470/Final/Learning_Rig/bee_0408_1_fwd/cam1_2026-04-08_16-15-57.mp4,2458.5,2751.5,2191,2464,2726,3039,0.78441495
533,/Volumes/SmithL0/2026/BIOL470/Final/Learning_Rig/bee_0408_1_fwd/cam1_2026-04-08_16-15-57.mp4,2218.5,212.5,2022,60,2415,365,0.5152026
534,/Volumes/SmithL0/2026/BIOL470/Final/Learning_Rig/bee_0408_1_fwd/cam1_2026-04-08_16-15-57.mp4,2459.5,2753.0,2193,2467,2726,3039,0.776393
535,/Volumes/SmithL0/2026/BIOL470/Final/Learning_Rig/bee_0408_1_fwd/cam1_2026-04-08_16-15-57.mp4,1175.5,1172.0,914,742,1437,1602,0.725664
536,/Volumes/SmithL0/2026/BIOL470/Final/Learning_Rig/bee_0408_1_fwd/cam1_2026-04-08_16-15-57.mp4,1479.5,1031.5,1301,887,1658,1176,0.58436394
537,/Volumes/SmithL0/2026/BIOL470/Final/Learning_Rig/bee_0408_1_fwd/cam1_2026-04-08_16-15-57.mp4,1279.5,1165.0,904,731,1655,1599,0.5550705
538,/Volumes/SmithL0/2026/BIOL470/Final/Learning_Rig/bee_0408_1_fwd/cam1_2026-04-08_16-15-57.mp4,2219.0,212.0,2023,60,2415,364,0.50508755
539,/Volumes/SmithL0/2026/BIOL470/Final/Learning_Rig/bee_0408_1_fwd/cam1_2026-04-08_16-15-57.mp4,2458.0,2753.0,2191,2466,2725,3040,0.7859333
540,/Volumes/SmithL0/2026/BIOL470/Final/Learning_Rig/bee_0408_1_fwd/cam1_2026-04-08_16-15-57.mp4,1579.0,948.5,1414,808,1744,1089,0.7331915
541,/Volumes/SmithL0/2026/BIOL470/Final/Learning_Rig/bee_0408_1_fwd/cam1_2026-04-08_16-15-57.mp4,1368.5,1135.5,973,709,1764,1562,0.62412965
542,/Volumes/SmithL0/2026/BIOL470/Final/Learning_Rig/bee_0408_1_fwd/cam1_2026-04-08_16-15-57.mp4,1299.5,964.0,974,702,1625,1226,0.5158518
543,/Volumes/SmithL0/2026/BIOL470/Final/Learning_Rig/bee_0408_1_fwd/cam1_2026-04-08_16-15-57.mp4,2218.0,212.5,2020,59,2416,366,0.5081314
544,/Volumes/SmithL0/2026/BIOL470/Final/Learning_Rig/bee_0408_1_fwd/cam1_2026-04-08_16-15-57.mp4,2459.0,2752.5,2192,2465,2726,3040,0.77038467
545,/Volumes/SmithL0/2026/BIOL470/Final/Learning_Rig/bee_0408_1_fwd/cam1_2026-04-08_16-15-57.mp4,1607.0,906.0,1414,764,1800,1048,0.6818481
546,/Volumes/SmithL0/2026/BIOL470/Final/Learning_Rig/bee_0408_1_fwd/cam1_2026-04-08_16-15-57.mp4,2217.0,212.5,2018,59,2416,366,0.51142913
547,/Volumes/SmithL0/2026/BIOL470/Final/Learning_Rig/bee_0408_1_fwd/cam1_2026-04-08_16-15-57.mp4,1490.0,912.5,1106,656,1874,1169,0.7778219
548,/Volumes/SmithL0/2026/BIOL470/Final/Learning_Rig/bee_0408_1_fwd/cam1_2026-04-08_16-15-57.mp4,2459.0,2752.0,2191,2465,2727,3039,0.75525665
549,/Volumes/SmithL0/2026/BIOL470/Final/Learning_Rig/bee_0408_1_fwd/cam1_2026-04-08_16-15-57.mp4,1383.5,916.0,1119,669,1648,1163,0.7284602
550,/Volumes/SmithL0/2026/BIOL470/Final/Learning_Rig/bee_0408_1_fwd/cam1_2026-04-08_16-15-57.mp4,1733.0,813.5,1588,657,1878,970,0.7229356
551,/Volumes/SmithL0/2026/BIOL470/Final/Learning_Rig/bee_0408_1_fwd/cam1_2026-04-08_16-15-57.mp4,1958.5,688.0,1799,540,2118,836,0.9143864
552,/Volumes/SmithL0/2026/BIOL470/Final/Learning_Rig/bee_0408_1_fwd/cam1_2026-04-08_16-15-57.mp4,1640.0,788.0,1376,482,1904,1094,0.8076915
553,/Volumes/SmithL0/2026/BIOL470/Final/Learning_Rig/bee_0408_1_fwd/cam1_2026-04-08_16-15-57.mp4,2458.5,2754.0,2191,2468,2726,3040,0.7571678
554,/Volumes/SmithL0/2026/BIOL470/Final/Learning_Rig/bee_0408_1_fwd/cam1_2026-04-08_16-15-57.mp4,1759.0,798.0,1374,497,2144,1099,0.6468458
555,/Volumes/SmithL0/2026/BIOL470/Final/Learning_Rig/bee_0408_1_fwd/cam1_2026-04-08_16-15-57.mp4,1842.0,785.0,1480,434,2204,1136,0.8171824
556,/Volumes/SmithL0/2026/BIOL470/Final/Learning_Rig/bee_0408_1_fwd/cam1_2026-04-08_16-15-57.mp4,2459.0,2753.0,2192,2466,2726,3040,0.75348526
557,/Volumes/SmithL0/2026/BIOL470/Final/Learning_Rig/bee_0408_1_fwd/cam1_2026-04-08_16-15-57.mp4,2459.0,2753.5,2192,2467,2726,3040,0.78022283
558,/Volumes/SmithL0/2026/BIOL470/Final/Learning_Rig/bee_0408_1_fwd/cam1_2026-04-08_16-15-57.mp4,1849.5,671.0,1504,381,2195,961,0.7751887
559,/Volumes/SmithL0/2026/BIOL470/Final/Learning_Rig/bee_0408_1_fwd/cam1_2026-04-08_16-15-57.mp4,2058.0,519.0,1927,382,2189,656,0.56425273
560,/Volumes/SmithL0/2026/BIOL470/Final/Learning_Rig/bee_0408_1_fwd/cam1_2026-04-08_16-15-57.mp4,1893.5,615.5,1605,258,2182,973,0.76632255
561,/Volumes/SmithL0/2026/BIOL470/Final/Learning_Rig/bee_0408_1_fwd/cam1_2026-04-08_16-15-57.mp4,2459.0,2752.0,2191,2465,2727,3039,0.7607601
562,/Volumes/SmithL0/2026/BIOL470/Final/Learning_Rig/bee_0408_1_fwd/cam1_2026-04-08_16-15-57.mp4,1971.0,415.0,1796,264,2146,566,0.6425822
563,/Volumes/SmithL0/2026/BIOL470/Final/Learning_Rig/bee_0408_1_fwd/cam1_2026-04-08_16-15-57.mp4,2459.5,2753.5,2191,2467,2728,3040,0.7714642
564,/Volumes/SmithL0/2026/BIOL470/Final/Learning_Rig/bee_0408_1_fwd/cam1_2026-04-08_16-15-57.mp4,1871.5,602.5,1548,235,2195,970,0.7501658
565,/Volumes/SmithL0/2026/BIOL470/Final/Learning_Rig/bee_0408_1_fwd/cam1_2026-04-08_16-15-57.mp4,1995.5,378.0,1851,233,2140,523,0.5746736
566,/Volumes/SmithL0/2026/BIOL470/Final/Learning_Rig/bee_0408_1_fwd/cam1_2026-04-08_16-15-57.mp4,1843.0,599.0,1491,252,2195,946,0.8022512
567,/Volumes/SmithL0/2026/BIOL470/Final/Learning_Rig/bee_0408_1_fwd/cam1_2026-04-08_16-15-57.mp4,2460.0,2752.5,2193,2466,2727,3039,0.7830403
568,/Volumes/SmithL0/2026/BIOL470/Final/Learning_Rig/bee_0408_1_fwd/cam1_2026-04-08_16-15-57.mp4,2002.0,408.5,1859,265,2145,552,0.54282403
569,/Volumes/SmithL0/2026/BIOL470/Final/Learning_Rig/bee_0408_1_fwd/cam1_2026-04-08_16-15-57.mp4,2459.5,2751.5,2192,2464,2727,3039,0.77812004
570,/Volumes/SmithL0/2026/BIOL470/Final/Learning_Rig/bee_0408_1_fwd/cam1_2026-04-08_16-15-57.mp4,1719.5,606.5,1305,230,2134,983,0.73746324
571,/Volumes/SmithL0/2026/BIOL470/Final/Learning_Rig/bee_0408_1_fwd/cam1_2026-04-08_16-15-57.mp4,1674.0,804.0,1287,516,2061,1092,0.79337466
572,/Volumes/SmithL0/2026/BIOL470/Final/Learning_Rig/bee_0408_1_fwd/cam1_2026-04-08_16-15-57.mp4,2458.5,2751.5,2191,2464,2726,3039,0.7770397
573,/Volumes/SmithL0/2026/BIOL470/Final/Learning_Rig/bee_0408_1_fwd/cam1_2026-04-08_16-15-57.mp4,1639.0,921.5,1278,623,2000,1220,0.8133426
574,/Volumes/SmithL0/2026/BIOL470/Final/Learning_Rig/bee_0408_1_fwd/cam1_2026-04-08_16-15-57.mp4,2459.0,2753.0,2191,2466,2727,3040,0.7849297
575,/Volumes/SmithL0/2026/BIOL470/Final/Learning_Rig/bee_0408_1_fwd/cam1_2026-04-08_16-15-57.mp4,1586.0,1087.0,1227,644,1945,1530,0.8199681
576,/Volumes/SmithL0/2026/BIOL470/Final/Learning_Rig/bee_0408_1_fwd/cam1_2026-04-08_16-15-57.mp4,2459.0,2753.5,2191,2467,2727,3040,0.783581
577,/Volumes/SmithL0/2026/BIOL470/Final/Learning_Rig/bee_0408_1_fwd/cam1_2026-04-08_16-15-57.mp4,1575.5,1097.5,1222,743,1929,1452,0.81404907
578,/Volumes/SmithL0/2026/BIOL470/Final/Learning_Rig/bee_0408_1_fwd/cam1_2026-04-08_16-15-57.mp4,2458.0,2752.0,2190,2465,2726,3039,0.7871424
579,/Volumes/SmithL0/2026/BIOL470/Final/Learning_Rig/bee_0408_1_fwd/cam1_2026-04-08_16-15-57.mp4,1521.0,1183.5,1257,836,1785,1531,0.80323946
580,/Volumes/SmithL0/2026/BIOL470/Final/Learning_Rig/bee_0408_1_fwd/cam1_2026-04-08_16-15-57.mp4,2459.5,2751.0,2191,2462,2728,3040,0.7784202
581,/Volumes/SmithL0/2026/BIOL470/Final/Learning_Rig/bee_0408_1_fwd/cam1_2026-04-08_16-15-57.mp4,1596.0,1183.0,1236,852,1956,1514,0.7833092
582,/Volumes/SmithL0/2026/BIOL470/Final/Learning_Rig/bee_0408_1_fwd/cam1_2026-04-08_16-15-57.mp4,2459.5,2750.5,2191,2462,2728,3039,0.76578104
583,/Volumes/SmithL0/2026/BIOL470/Final/Learning_Rig/bee_0408_1_fwd/cam1_2026-04-08_16-15-57.mp4,1679.5,1291.0,1321,944,2038,1638,0.8146048
584,/Volumes/SmithL0/2026/BIOL470/Final/Learning_Rig/bee_0408_1_fwd/cam1_2026-04-08_16-15-57.mp4,2458.5,2751.0,2190,2462,2727,3040,0.77924377
585,/Volumes/SmithL0/2026/BIOL470/Final/Learning_Rig/bee_0408_1_fwd/cam1_2026-04-08_16-15-57.mp4,1821.0,1600.5,1441,1255,2201,1946,0.8119025
586,/Volumes/SmithL0/2026/BIOL470/Final/Learning_Rig/bee_0408_1_fwd/cam1_2026-04-08_16-15-57.mp4,2458.5,2751.5,2191,2464,2726,3039,0.78532666
587,/Volumes/SmithL0/2026/BIOL470/Final/Learning_Rig/bee_0408_1_fwd/cam1_2026-04-08_16-15-57.mp4,2026.0,1756.5,1878,1595,2174,1918,0.6701934
588,/Volumes/SmithL0/2026/BIOL470/Final/Learning_Rig/bee_0408_1_fwd/cam1_2026-04-08_16-15-57.mp4,1856.5,1738.0,1529,1366,2184,2110,0.8084422
589,/Volumes/SmithL0/2026/BIOL470/Final/Learning_Rig/bee_0408_1_fwd/cam1_2026-04-08_16-15-57.mp4,2458.0,2751.0,2190,2463,2726,3039,0.7927096
590,/Volumes/SmithL0/2026/BIOL470/Final/Learning_Rig/bee_0408_1_fwd/cam1_2026-04-08_16-15-57.mp4,2457.5,2752.0,2190,2465,2725,3039,0.8042925
591,/Volumes/SmithL0/2026/BIOL470/Final/Learning_Rig/bee_0408_1_fwd/cam1_2026-04-08_16-15-57.mp4,1814.5,1839.0,1532,1466,2097,2212,0.7999013
592,/Volumes/SmithL0/2026/BIOL470/Final/Learning_Rig/bee_0408_1_fwd/cam1_2026-04-08_16-15-57.mp4,2458.0,2752.0,2190,2465,2726,3039,0.80107665
593,/Volumes/SmithL0/2026/BIOL470/Final/Learning_Rig/bee_0408_1_fwd/cam1_2026-04-08_16-15-57.mp4,1812.0,1870.0,1555,1500,2069,2240,0.75076026
594,/Volumes/SmithL0/2026/BIOL470/Final/Learning_Rig/bee_0408_1_fwd/cam1_2026-04-08_16-15-57.mp4,2257.5,205.0,2118,66,2397,344,0.502383
595,/Volumes/SmithL0/2026/BIOL470/Final/Learning_Rig/bee_0408_1_fwd/cam1_2026-04-08_16-15-57.mp4,2458.0,2751.5,2190,2464,2726,3039,0.8033272
596,/Volumes/SmithL0/2026/BIOL470/Final/Learning_Rig/bee_0408_1_fwd/cam1_2026-04-08_16-15-57.mp4,1762.0,1982.5,1500,1586,2024,2379,0.7866766
597,/Volumes/SmithL0/2026/BIOL470/Final/Learning_Rig/bee_0408_1_fwd/cam1_2026-04-08_16-15-57.mp4,1690.0,2137.0,1418,1765,1962,2509,0.79647326
598,/Volumes/SmithL0/2026/BIOL470/Final/Learning_Rig/bee_0408_1_fwd/cam1_2026-04-08_16-15-57.mp4,2458.5,2752.0,2190,2464,2727,3040,0.78191197
599,/Volumes/SmithL0/2026/BIOL470/Final/Learning_Rig/bee_0408_1_fwd/cam1_2026-04-08_16-15-57.mp4,1767.0,2166.0,1451,1840,2083,2492,0.8070008
600,/Volumes/SmithL0/2026/BIOL470/Final/Learning_Rig/bee_0408_1_fwd/cam1_2026-04-08_16-15-57.mp4,2458.0,2751.5,2189,2463,2727,3040,0.78718
601,/Volumes/SmithL0/2026/BIOL470/Final/Learning_Rig/bee_0408_1_fwd/cam1_2026-04-08_16-15-57.mp4,1696.5,2134.5,1454,1826,1939,2443,0.68014556
602,/Volumes/SmithL0/2026/BIOL470/Final/Learning_Rig/bee_0408_1_fwd/cam1_2026-04-08_16-15-57.mp4,2458.0,2751.5,2188,2463,2728,3040,0.7859021
603,/Volumes/SmithL0/2026/BIOL470/Final/Learning_Rig/bee_0408_1_fwd/cam1_2026-04-08_16-15-57.mp4,1748.0,2095.5,1428,1749,2068,2442,0.7856037
604,/Volumes/SmithL0/2026/BIOL470/Final/Learning_Rig/bee_0408_1_fwd/cam1_2026-04-08_16-15-57.mp4,1644.5,2085.5,1319,1741,1970,2430,0.8149599
605,/Volumes/SmithL0/2026/BIOL470/Final/Learning_Rig/bee_0408_1_fwd/cam1_2026-04-08_16-15-57.mp4,2457.5,2752.5,2188,2465,2727,3040,0.76295894
606,/Volumes/SmithL0/2026/BIOL470/Final/Learning_Rig/bee_0408_1_fwd/cam1_2026-04-08_16-15-57.mp4,1632.0,2071.5,1284,1757,1980,2386,0.80983084
607,/Volumes/SmithL0/2026/BIOL470/Final/Learning_Rig/bee_0408_1_fwd/cam1_2026-04-08_16-15-57.mp4,2459.0,2752.0,2190,2464,2728,3040,0.769222
608,/Volumes/SmithL0/2026/BIOL470/Final/Learning_Rig/bee_0408_1_fwd/cam1_2026-04-08_16-15-57.mp4,1636.0,2084.0,1291,1804,1981,2364,0.79520816
609,/Volumes/SmithL0/2026/BIOL470/Final/Learning_Rig/bee_0408_1_fwd/cam1_2026-04-08_16-15-57.mp4,2460.0,2751.0,2191,2462,2729,3040,0.73081595
610,/Volumes/SmithL0/2026/BIOL470/Final/Learning_Rig/bee_0408_1_fwd/cam1_2026-04-08_16-15-57.mp4,1647.5,2084.5,1337,1812,1958,2357,0.80245167
611,/Volumes/SmithL0/2026/BIOL470/Final/Learning_Rig/bee_0408_1_fwd/cam1_2026-04-08_16-15-57.mp4,2454.5,2748.5,2175,2460,2734,3037,0.7153404
612,/Volumes/SmithL0/2026/BIOL470/Final/Learning_Rig/bee_0408_1_fwd/cam1_2026-04-08_16-15-57.mp4,1611.5,2130.5,1266,1854,1957,2407,0.7968616
613,/Volumes/SmithL0/2026/BIOL470/Final/Learning_Rig/bee_0408_1_fwd/cam1_2026-04-08_16-15-57.mp4,2456.0,2749.0,2176,2461,2736,3037,0.700248
614,/Volumes/SmithL0/2026/BIOL470/Final/Learning_Rig/bee_0408_1_fwd/cam1_2026-04-08_16-15-57.mp4,1599.0,2206.5,1310,1910,1888,2503,0.8156706
615,/Volumes/SmithL0/2026/BIOL470/Final/Learning_Rig/bee_0408_1_fwd/cam1_2026-04-08_16-15-57.mp4,2455.0,2749.5,2176,2462,2734,3037,0.72380817
616,/Volumes/SmithL0/2026/BIOL470/Final/Learning_Rig/bee_0408_1_fwd/cam1_2026-04-08_16-15-57.mp4,1258.5,2277.0,924,2028,1593,2526,0.8075292
617,/Volumes/SmithL0/2026/BIOL470/Final/Learning_Rig/bee_0408_1_fwd/cam1_2026-04-08_16-15-57.mp4,2458.5,2753.0,2190,2467,2727,3039,0.7834773
618,/Volumes/SmithL0/2026/BIOL470/Final/Learning_Rig/bee_0408_1_fwd/cam1_2026-04-08_16-15-57.mp4,1225.0,2274.0,871,2039,1579,2509,0.7703966
619,/Volumes/SmithL0/2026/BIOL470/Final/Learning_Rig/bee_0408_1_fwd/cam1_2026-04-08_16-15-57.mp4,2459.0,2752.0,2191,2464,2727,3040,0.7685231
620,/Volumes/SmithL0/2026/BIOL470/Final/Learning_Rig/bee_0408_1_fwd/cam1_2026-04-08_16-15-57.mp4,1198.0,2297.0,823,2064,1573,2530,0.78241575
621,/Volumes/SmithL0/2026/BIOL470/Final/Learning_Rig/bee_0408_1_fwd/cam1_2026-04-08_16-15-57.mp4,2458.5,2752.0,2190,2464,2727,3040,0.7782738
622,/Volumes/SmithL0/2026/BIOL470/Final/Learning_Rig/bee_0408_1_fwd/cam1_2026-04-08_16-15-57.mp4,2255.5,208.0,2114,63,2397,353,0.5100618
623,/Volumes/SmithL0/2026/BIOL470/Final/Learning_Rig/bee_0408_1_fwd/cam1_2026-04-08_16-15-57.mp4,2458.5,2751.0,2190,2463,2727,3039,0.7775405
624,/Volumes/SmithL0/2026/BIOL470/Final/Learning_Rig/bee_0408_1_fwd/cam1_2026-04-08_16-15-57.mp4,1203.5,2288.5,904,2066,1503,2511,0.7398266
625,/Volumes/SmithL0/2026/BIOL470/Final/Learning_Rig/bee_0408_1_fwd/cam1_2026-04-08_16-15-57.mp4,1292.5,2289.0,1063,2072,1522,2506,0.7117357
626,/Volumes/SmithL0/2026/BIOL470/Final/Learning_Rig/bee_0408_1_fwd/cam1_2026-04-08_16-15-57.mp4,2459.0,2751.5,2191,2464,2727,3039,0.7722613
627,/Volumes/SmithL0/2026/BIOL470/Final/Learning_Rig/bee_0408_1_fwd/cam1_2026-04-08_16-15-57.mp4,1207.5,2283.0,903,2052,1512,2514,0.75860566
628,/Volumes/SmithL0/2026/BIOL470/Final/Learning_Rig/bee_0408_1_fwd/cam1_2026-04-08_16-15-57.mp4,2257.5,204.0,2118,65,2397,343,0.50881094
629,/Volumes/SmithL0/2026/BIOL470/Final/Learning_Rig/bee_0408_1_fwd/cam1_2026-04-08_16-15-57.mp4,2458.5,2752.0,2190,2464,2727,3040,0.7635577
630,/Volumes/SmithL0/2026/BIOL470/Final/Learning_Rig/bee_0408_1_fwd/cam1_2026-04-08_16-15-57.mp4,1199.5,2288.5,903,2056,1496,2521,0.730577
631,/Volumes/SmithL0/2026/BIOL470/Final/Learning_Rig/bee_0408_1_fwd/cam1_2026-04-08_16-15-57.mp4,1290.5,2287.0,1070,2063,1511,2511,0.71691763
632,/Volumes/SmithL0/2026/BIOL470/Final/Learning_Rig/bee_0408_1_fwd/cam1_2026-04-08_16-15-57.mp4,2458.5,2751.5,2190,2463,2727,3040,0.79153275
633,/Volumes/SmithL0/2026/BIOL470/Final/Learning_Rig/bee_0408_1_fwd/cam1_2026-04-08_16-15-57.mp4,1165.5,2315.0,836,2069,1495,2561,0.77222276
634,/Volumes/SmithL0/2026/BIOL470/Final/Learning_Rig/bee_0408_1_fwd/cam1_2026-04-08_16-15-57.mp4,2459.5,2752.5,2191,2465,2728,3040,0.76638836
635,/Volumes/SmithL0/2026/BIOL470/Final/Learning_Rig/bee_0408_1_fwd/cam1_2026-04-08_16-15-57.mp4,1234.5,2287.5,947,2070,1522,2505,0.76284635
636,/Volumes/SmithL0/2026/BIOL470/Final/Learning_Rig/bee_0408_1_fwd/cam1_2026-04-08_16-15-57.mp4,2455.0,2749.5,2176,2462,2734,3037,0.7338399
637,/Volumes/SmithL0/2026/BIOL470/Final/Learning_Rig/bee_0408_1_fwd/cam1_2026-04-08_16-15-57.mp4,1199.0,2287.5,872,2070,1526,2505,0.73011446
638,/Volumes/SmithL0/2026/BIOL470/Final/Learning_Rig/bee_0408_1_fwd/cam1_2026-04-08_16-15-57.mp4,1306.0,2262.5,1087,2075,1525,2450,0.63677233
639,/Volumes/SmithL0/2026/BIOL470/Final/Learning_Rig/bee_0408_1_fwd/cam1_2026-04-08_16-15-57.mp4,2454.5,2750.0,2176,2463,2733,3037,0.7603406
640,/Volumes/SmithL0/2026/BIOL470/Final/Learning_Rig/bee_0408_1_fwd/cam1_2026-04-08_16-15-57.mp4,1220.0,2282.0,946,2059,1494,2505,0.7393934
641,/Volumes/SmithL0/2026/BIOL470/Final/Learning_Rig/bee_0408_1_fwd/cam1_2026-04-08_16-15-57.mp4,1312.0,2258.0,1107,2067,1517,2449,0.65384215
642,/Volumes/SmithL0/2026/BIOL470/Final/Learning_Rig/bee_0408_1_fwd/cam1_2026-04-08_16-15-57.mp4,2458.5,2753.0,2191,2466,2726,3040,0.78494215
643,/Volumes/SmithL0/2026/BIOL470/Final/Learning_Rig/bee_0408_1_fwd/cam1_2026-04-08_16-15-57.mp4,1240.5,2287.5,983,2071,1498,2504,0.760768
644,/Volumes/SmithL0/2026/BIOL470/Final/Learning_Rig/bee_0408_1_fwd/cam1_2026-04-08_16-15-57.mp4,1199.0,2281.0,915,2050,1483,2512,0.79663175
645,/Volumes/SmithL0/2026/BIOL470/Final/Learning_Rig/bee_0408_1_fwd/cam1_2026-04-08_16-15-57.mp4,2459.0,2752.0,2191,2465,2727,3039,0.7766362
646,/Volumes/SmithL0/2026/BIOL470/Final/Learning_Rig/bee_0408_1_fwd/cam1_2026-04-08_16-15-57.mp4,1183.5,2253.5,883,2004,1484,2503,0.781513
647,/Volumes/SmithL0/2026/BIOL470/Final/Learning_Rig/bee_0408_1_fwd/cam1_2026-04-08_16-15-57.mp4,2459.0,2753.5,2191,2467,2727,3040,0.76381385
648,/Volumes/SmithL0/2026/BIOL470/Final/Learning_Rig/bee_0408_1_fwd/cam1_2026-04-08_16-15-57.mp4,1227.0,2247.5,950,2004,1504,2491,0.78650683
649,/Volumes/SmithL0/2026/BIOL470/Final/Learning_Rig/bee_0408_1_fwd/cam1_2026-04-08_16-15-57.mp4,2458.5,2753.5,2191,2468,2726,3039,0.73445976
650,/Volumes/SmithL0/2026/BIOL470/Final/Learning_Rig/bee_0408_1_fwd/cam1_2026-04-08_16-15-57.mp4,1180.5,2261.5,890,2001,1471,2522,0.80195785
651,/Volumes/SmithL0/2026/BIOL470/Final/Learning_Rig/bee_0408_1_fwd/cam1_2026-04-08_16-15-57.mp4,2458.5,2752.5,2191,2466,2726,3039,0.75848436
652,/Volumes/SmithL0/2026/BIOL470/Final/Learning_Rig/bee_0408_1_fwd/cam1_2026-04-08_16-15-57.mp4,1186.5,2252.5,889,1988,1484,2517,0.78348964
653,/Volumes/SmithL0/2026/BIOL470/Final/Learning_Rig/bee_0408_1_fwd/cam1_2026-04-08_16-15-57.mp4,2458.0,2751.5,2190,2464,2726,3039,0.7594553
654,/Volumes/SmithL0/2026/BIOL470/Final/Learning_Rig/bee_0408_1_fwd/cam1_2026-04-08_16-15-57.mp4,1192.0,2235.5,910,1963,1474,2508,0.7986369
655,/Volumes/SmithL0/2026/BIOL470/Final/Learning_Rig/bee_0408_1_fwd/cam1_2026-04-08_16-15-57.mp4,2459.0,2752.5,2191,2465,2727,3040,0.7523472
656,/Volumes/SmithL0/2026/BIOL470/Final/Learning_Rig/bee_0408_1_fwd/cam1_2026-04-08_16-15-57.mp4,1180.0,2224.0,933,1946,1427,2502,0.7978433
657,/Volumes/SmithL0/2026/BIOL470/Final/Learning_Rig/bee_0408_1_fwd/cam1_2026-04-08_16-15-57.mp4,2459.5,2752.0,2192,2465,2727,3039,0.7790175
658,/Volumes/SmithL0/2026/BIOL470/Final/Learning_Rig/bee_0408_1_fwd/cam1_2026-04-08_16-15-57.mp4,2459.0,2751.5,2192,2463,2726,3040,0.7653055
659,/Volumes/SmithL0/2026/BIOL470/Final/Learning_Rig/bee_0408_1_fwd/cam1_2026-04-08_16-15-57.mp4,1127.5,2244.0,844,1945,1411,2543,0.74967057
660,/Volumes/SmithL0/2026/BIOL470/Final/Learning_Rig/bee_0408_1_fwd/cam1_2026-04-08_16-15-57.mp4,2459.5,2751.5,2193,2464,2726,3039,0.7704265
661,/Volumes/SmithL0/2026/BIOL470/Final/Learning_Rig/bee_0408_1_fwd/cam1_2026-04-08_16-15-57.mp4,1124.5,2202.5,860,1961,1389,2444,0.6471371
662,/Volumes/SmithL0/2026/BIOL470/Final/Learning_Rig/bee_0408_1_fwd/cam1_2026-04-08_16-15-57.mp4,2459.5,2752.0,2192,2464,2727,3040,0.7786613
663,/Volumes/SmithL0/2026/BIOL470/Final/Learning_Rig/bee_0408_1_fwd/cam1_2026-04-08_16-15-57.mp4,1159.5,2235.0,858,1945,1461,2525,0.6977117
664,/Volumes/SmithL0/2026/BIOL470/Final/Learning_Rig/bee_0408_1_fwd/cam1_2026-04-08_16-15-57.mp4,1189.5,2178.5,929,1951,1450,2406,0.6885583
665,/Volumes/SmithL0/2026/BIOL470/Final/Learning_Rig/bee_0408_1_fwd/cam1_2026-04-08_16-15-57.mp4,1198.5,2182.0,937,1969,1460,2395,0.79698503
666,/Volumes/SmithL0/2026/BIOL470/Final/Learning_Rig/bee_0408_1_fwd/cam1_2026-04-08_16-15-57.mp4,2459.5,2752.5,2192,2466,2727,3039,0.777033
667,/Volumes/SmithL0/2026/BIOL470/Final/Learning_Rig/bee_0408_1_fwd/cam1_2026-04-08_16-15-57.mp4,1185.5,2243.0,907,1986,1464,2500,0.7998285
668,/Volumes/SmithL0/2026/BIOL470/Final/Learning_Rig/bee_0408_1_fwd/cam1_2026-04-08_16-15-57.mp4,2458.5,2752.5,2191,2465,2726,3040,0.778328
669,/Volumes/SmithL0/2026/BIOL470/Final/Learning_Rig/bee_0408_1_fwd/cam1_2026-04-08_16-15-57.mp4,1226.0,2240.0,944,1982,1508,2498,0.78161246
670,/Volumes/SmithL0/2026/BIOL470/Final/Learning_Rig/bee_0408_1_fwd/cam1_2026-04-08_16-15-57.mp4,2458.5,2751.5,2191,2464,2726,3039,0.7808713
671,/Volumes/SmithL0/2026/BIOL470/Final/Learning_Rig/bee_0408_1_fwd/cam1_2026-04-08_16-15-57.mp4,1351.5,2092.5,1182,1952,1521,2233,0.7843834
672,/Volumes/SmithL0/2026/BIOL470/Final/Learning_Rig/bee_0408_1_fwd/cam1_2026-04-08_16-15-57.mp4,2458.0,2752.0,2190,2464,2726,3040,0.7756827
673,/Volumes/SmithL0/2026/BIOL470/Final/Learning_Rig/bee_0408_1_fwd/cam1_2026-04-08_16-15-57.mp4,1207.5,2226.0,883,1945,1532,2507,0.7631174
674,/Volumes/SmithL0/2026/BIOL470/Final/Learning_Rig/bee_0408_1_fwd/cam1_2026-04-08_16-15-57.mp4,1192.0,2228.5,892,1947,1492,2510,0.7818211
675,/Volumes/SmithL0/2026/BIOL470/Final/Learning_Rig/bee_0408_1_fwd/cam1_2026-04-08_16-15-57.mp4,2459.0,2751.0,2191,2463,2727,3039,0.7567477
676,/Volumes/SmithL0/2026/BIOL470/Final/Learning_Rig/bee_0408_1_fwd/cam1_2026-04-08_16-15-57.mp4,1327.0,2093.0,1167,1951,1487,2235,0.54769915
677,/Volumes/SmithL0/2026/BIOL470/Final/Learning_Rig/bee_0408_1_fwd/cam1_2026-04-08_16-15-57.mp4,1169.0,2275.5,869,1941,1469,2610,0.777114
678,/Volumes/SmithL0/2026/BIOL470/Final/Learning_Rig/bee_0408_1_fwd/cam1_2026-04-08_16-15-57.mp4,2459.5,2751.5,2193,2464,2726,3039,0.7573855
679,/Volumes/SmithL0/2026/BIOL470/Final/Learning_Rig/bee_0408_1_fwd/cam1_2026-04-08_16-15-57.mp4,1317.5,2086.0,1163,1950,1472,2222,0.6320879
680,/Volumes/SmithL0/2026/BIOL470/Final/Learning_Rig/bee_0408_1_fwd/cam1_2026-04-08_16-15-57.mp4,1162.0,2292.0,849,1952,1475,2632,0.814531
681,/Volumes/SmithL0/2026/BIOL470/Final/Learning_Rig/bee_0408_1_fwd/cam1_2026-04-08_16-15-57.mp4,2460.5,2752.5,2193,2465,2728,3040,0.7174137
682,/Volumes/SmithL0/2026/BIOL470/Final/Learning_Rig/bee_0408_1_fwd/cam1_2026-04-08_16-15-57.mp4,1317.5,2090.5,1174,1952,1461,2229,0.61906105
683,/Volumes/SmithL0/2026/BIOL470/Final/Learning_Rig/bee_0408_1_fwd/cam1_2026-04-08_16-15-57.mp4,1156.0,2245.0,858,1917,1454,2573,0.78536266
684,/Volumes/SmithL0/2026/BIOL470/Final/Learning_Rig/bee_0408_1_fwd/cam1_2026-04-08_16-15-57.mp4,2460.0,2751.5,2192,2464,2728,3039,0.7238884
685,/Volumes/SmithL0/2026/BIOL470/Final/Learning_Rig/bee_0408_1_fwd/cam1_2026-04-08_16-15-57.mp4,2459.0,2752.0,2192,2465,2726,3039,0.7848195
686,/Volumes/SmithL0/2026/BIOL470/Final/Learning_Rig/bee_0408_1_fwd/cam1_2026-04-08_16-15-57.mp4,1151.5,2233.5,859,1913,1444,2554,0.7845239
687,/Volumes/SmithL0/2026/BIOL470/Final/Learning_Rig/bee_0408_1_fwd/cam1_2026-04-08_16-15-57.mp4,2460.0,2752.5,2192,2466,2728,3039,0.78246117
688,/Volumes/SmithL0/2026/BIOL470/Final/Learning_Rig/bee_0408_1_fwd/cam1_2026-04-08_16-15-57.mp4,1165.5,2212.0,871,1917,1460,2507,0.77632785
689,/Volumes/SmithL0/2026/BIOL470/Final/Learning_Rig/bee_0408_1_fwd/cam1_2026-04-08_16-15-57.mp4,2459.0,2752.0,2191,2465,2727,3039,0.79158586
690,/Volumes/SmithL0/2026/BIOL470/Final/Learning_Rig/bee_0408_1_fwd/cam1_2026-04-08_16-15-57.mp4,1164.5,2235.0,866,1946,1463,2524,0.7880101
691,/Volumes/SmithL0/2026/BIOL470/Final/Learning_Rig/bee_0408_1_fwd/cam1_2026-04-08_16-15-57.mp4,1296.0,2085.5,1149,1949,1443,2222,0.57119316
692,/Volumes/SmithL0/2026/BIOL470/Final/Learning_Rig/bee_0408_1_fwd/cam1_2026-04-08_16-15-57.mp4,1155.5,2189.0,836,1954,1475,2424,0.80711603
693,/Volumes/SmithL0/2026/BIOL470/Final/Learning_Rig/bee_0408_1_fwd/cam1_2026-04-08_16-15-57.mp4,2459.0,2752.0,2191,2465,2727,3039,0.7839309
694,/Volumes/SmithL0/2026/BIOL470/Final/Learning_Rig/bee_0408_1_fwd/cam1_2026-04-08_16-15-57.mp4,1182.0,2215.5,828,1958,1536,2473,0.80325085
695,/Volumes/SmithL0/2026/BIOL470/Final/Learning_Rig/bee_0408_1_fwd/cam1_2026-04-08_16-15-57.mp4,2459.5,2753.0,2191,2466,2728,3040,0.7613379
696,/Volumes/SmithL0/2026/BIOL470/Final/Learning_Rig/bee_0408_1_fwd/cam1_2026-04-08_16-15-57.mp4,1204.0,2155.0,829,1913,1579,2397,0.7856724
697,/Volumes/SmithL0/2026/BIOL470/Final/Learning_Rig/bee_0408_1_fwd/cam1_2026-04-08_16-15-57.mp4,2459.5,2752.0,2192,2464,2727,3040,0.7780858
698,/Volumes/SmithL0/2026/BIOL470/Final/Learning_Rig/bee_0408_1_fwd/cam1_2026-04-08_16-15-57.mp4,2460.5,2750.5,2192,2461,2729,3040,0.7757972
699,/Volumes/SmithL0/2026/BIOL470/Final/Learning_Rig/bee_0408_1_fwd/cam1_2026-04-08_16-15-57.mp4,1183.0,2114.5,798,1851,1568,2378,0.74714047
700,/Volumes/SmithL0/2026/BIOL470/Final/Learning_Rig/bee_0408_1_fwd/cam1_2026-04-08_16-15-57.mp4,1172.5,2184.5,784,1996,1561,2373,0.6203702
701,/Volumes/SmithL0/2026/BIOL470/Final/Learning_Rig/bee_0408_1_fwd/cam1_2026-04-08_16-15-57.mp4,1203.0,2060.5,824,1786,1582,2335,0.77897334
702,/Volumes/SmithL0/2026/BIOL470/Final/Learning_Rig/bee_0408_1_fwd/cam1_2026-04-08_16-15-57.mp4,2459.5,2751.0,2191,2463,2728,3039,0.7382609
703,/Volumes/SmithL0/2026/BIOL470/Final/Learning_Rig/bee_0408_1_fwd/cam1_2026-04-08_16-15-57.mp4,1230.5,2029.0,863,1747,1598,2311,0.79339516
704,/Volumes/SmithL0/2026/BIOL470/Final/Learning_Rig/bee_0408_1_fwd/cam1_2026-04-08_16-15-57.mp4,2460.0,2752.0,2191,2464,2729,3040,0.7278855
705,/Volumes/SmithL0/2026/BIOL470/Final/Learning_Rig/bee_0408_1_fwd/cam1_2026-04-08_16-15-57.mp4,1292.0,2049.5,908,1757,1676,2342,0.74642926
706,/Volumes/SmithL0/2026/BIOL470/Final/Learning_Rig/bee_0408_1_fwd/cam1_2026-04-08_16-15-57.mp4,2457.0,2748.0,2179,2460,2735,3036,0.7381698
707,/Volumes/SmithL0/2026/BIOL470/Final/Learning_Rig/bee_0408_1_fwd/cam1_2026-04-08_16-15-57.mp4,1326.5,2047.0,957,1790,1696,2304,0.7611324
708,/Volumes/SmithL0/2026/BIOL470/Final/Learning_Rig/bee_0408_1_fwd/cam1_2026-04-08_16-15-57.mp4,2455.0,2749.5,2176,2462,2734,3037,0.72644633
709,/Volumes/SmithL0/2026/BIOL470/Final/Learning_Rig/bee_0408_1_fwd/cam1_2026-04-08_16-15-57.mp4,1319.0,2054.0,921,1815,1717,2293,0.73195064
710,/Volumes/SmithL0/2026/BIOL470/Final/Learning_Rig/bee_0408_1_fwd/cam1_2026-04-08_16-15-57.mp4,2460.0,2752.5,2191,2465,2729,3040,0.7266
711,/Volumes/SmithL0/2026/BIOL470/Final/Learning_Rig/bee_0408_1_fwd/cam1_2026-04-08_16-15-57.mp4,1517.5,2124.0,1318,1971,1717,2277,0.5003613
712,/Volumes/SmithL0/2026/BIOL470/Final/Learning_Rig/bee_0408_1_fwd/cam1_2026-04-08_16-15-57.mp4,1398.5,2145.5,1014,1845,1783,2446,0.7771618
713,/Volumes/SmithL0/2026/BIOL470/Final/Learning_Rig/bee_0408_1_fwd/cam1_2026-04-08_16-15-57.mp4,2458.5,2752.0,2190,2465,2727,3039,0.7547274
714,/Volumes/SmithL0/2026/BIOL470/Final/Learning_Rig/bee_0408_1_fwd/cam1_2026-04-08_16-15-57.mp4,1394.0,2174.0,1005,1874,1783,2474,0.7755388
715,/Volumes/SmithL0/2026/BIOL470/Final/Learning_Rig/bee_0408_1_fwd/cam1_2026-04-08_16-15-57.mp4,2454.5,2748.5,2176,2460,2733,3037,0.7118646
716,/Volumes/SmithL0/2026/BIOL470/Final/Learning_Rig/bee_0408_1_fwd/cam1_2026-04-08_16-15-57.mp4,1593.5,2038.0,1444,1901,1743,2175,0.69379425
717,/Volumes/SmithL0/2026/BIOL470/Final/Learning_Rig/bee_0408_1_fwd/cam1_2026-04-08_16-15-57.mp4,1344.0,2118.0,1000,1833,1688,2403,0.78183436
718,/Volumes/SmithL0/2026/BIOL470/Final/Learning_Rig/bee_0408_1_fwd/cam1_2026-04-08_16-15-57.mp4,2454.0,2747.5,2177,2458,2731,3037,0.733681
719,/Volumes/SmithL0/2026/BIOL470/Final/Learning_Rig/bee_0408_1_fwd/cam1_2026-04-08_16-15-57.mp4,1551.0,2024.0,1409,1890,1693,2158,0.54404473
720,/Volumes/SmithL0/2026/BIOL470/Final/Learning_Rig/bee_0408_1_fwd/cam1_2026-04-08_16-15-57.mp4,1270.5,2202.5,943,1904,1598,2501,0.7953058
721,/Volumes/SmithL0/2026/BIOL470/Final/Learning_Rig/bee_0408_1_fwd/cam1_2026-04-08_16-15-57.mp4,2459.5,2751.0,2192,2463,2727,3039,0.76028377
722,/Volumes/SmithL0/2026/BIOL470/Final/Learning_Rig/bee_0408_1_fwd/cam1_2026-04-08_16-15-57.mp4,1247.0,2236.5,922,1948,1572,2525,0.7961641
723,/Volumes/SmithL0/2026/BIOL470/Final/Learning_Rig/bee_0408_1_fwd/cam1_2026-04-08_16-15-57.mp4,2459.5,2750.0,2192,2461,2727,3039,0.76200455
724,/Volumes/SmithL0/2026/BIOL470/Final/Learning_Rig/bee_0408_1_fwd/cam1_2026-04-08_16-15-57.mp4,2459.0,2751.0,2191,2463,2727,3039,0.7808432
725,/Volumes/SmithL0/2026/BIOL470/Final/Learning_Rig/bee_0408_1_fwd/cam1_2026-04-08_16-15-57.mp4,1259.5,2248.5,945,1977,1574,2520,0.71155983
726,/Volumes/SmithL0/2026/BIOL470/Final/Learning_Rig/bee_0408_1_fwd/cam1_2026-04-08_16-15-57.mp4,1265.0,2244.5,956,1983,1574,2506,0.7738904
727,/Volumes/SmithL0/2026/BIOL470/Final/Learning_Rig/bee_0408_1_fwd/cam1_2026-04-08_16-15-57.mp4,2458.5,2753.0,2191,2466,2726,3040,0.7644609
728,/Volumes/SmithL0/2026/BIOL470/Final/Learning_Rig/bee_0408_1_fwd/cam1_2026-04-08_16-15-57.mp4,2458.5,2753.0,2190,2466,2727,3040,0.7746364
729,/Volumes/SmithL0/2026/BIOL470/Final/Learning_Rig/bee_0408_1_fwd/cam1_2026-04-08_16-15-57.mp4,1257.5,2279.5,947,1987,1568,2572,0.71091574
730,/Volumes/SmithL0/2026/BIOL470/Final/Learning_Rig/bee_0408_1_fwd/cam1_2026-04-08_16-15-57.mp4,2458.5,2751.5,2190,2463,2727,3040,0.774562
731,/Volumes/SmithL0/2026/BIOL470/Final/Learning_Rig/bee_0408_1_fwd/cam1_2026-04-08_16-15-57.mp4,1200.0,2261.0,937,1980,1463,2542,0.7377727
732,/Volumes/SmithL0/2026/BIOL470/Final/Learning_Rig/bee_0408_1_fwd/cam1_2026-04-08_16-15-57.mp4,1191.5,2236.0,913,1960,1470,2512,0.7953641
733,/Volumes/SmithL0/2026/BIOL470/Final/Learning_Rig/bee_0408_1_fwd/cam1_2026-04-08_16-15-57.mp4,2457.0,2748.5,2181,2461,2733,3036,0.72518367
734,/Volumes/SmithL0/2026/BIOL470/Final/Learning_Rig/bee_0408_1_fwd/cam1_2026-04-08_16-15-57.mp4,1221.0,2223.0,979,1953,1463,2493,0.7698097
735,/Volumes/SmithL0/2026/BIOL470/Final/Learning_Rig/bee_0408_1_fwd/cam1_2026-04-08_16-15-57.mp4,2459.0,2753.0,2191,2466,2727,3040,0.7532234
736,/Volumes/SmithL0/2026/BIOL470/Final/Learning_Rig/bee_0408_1_fwd/cam1_2026-04-08_16-15-57.mp4,1152.0,2244.0,830,1943,1474,2545,0.7938327
737,/Volumes/SmithL0/2026/BIOL470/Final/Learning_Rig/bee_0408_1_fwd/cam1_2026-04-08_16-15-57.mp4,2459.5,2752.0,2192,2464,2727,3040,0.72867256
738,/Volumes/SmithL0/2026/BIOL470/Final/Learning_Rig/bee_0408_1_fwd/cam1_2026-04-08_16-15-57.mp4,1216.5,2214.0,966,1950,1467,2478,0.5469407
739,/Volumes/SmithL0/2026/BIOL470/Final/Learning_Rig/bee_0408_1_fwd/cam1_2026-04-08_16-15-57.mp4,1165.0,2294.0,859,1947,1471,2641,0.8066842
740,/Volumes/SmithL0/2026/BIOL470/Final/Learning_Rig/bee_0408_1_fwd/cam1_2026-04-08_16-15-57.mp4,2460.0,2752.0,2192,2464,2728,3040,0.7293969
741,/Volumes/SmithL0/2026/BIOL470/Final/Learning_Rig/bee_0408_1_fwd/cam1_2026-04-08_16-15-57.mp4,1186.5,2265.5,908,1936,1465,2595,0.792823
742,/Volumes/SmithL0/2026/BIOL470/Final/Learning_Rig/bee_0408_1_fwd/cam1_2026-04-08_16-15-57.mp4,2459.5,2751.0,2192,2462,2727,3040,0.76689756
743,/Volumes/SmithL0/2026/BIOL470/Final/Learning_Rig/bee_0408_1_fwd/cam1_2026-04-08_16-15-57.mp4,1179.5,2212.0,888,1864,1471,2560,0.79773396
744,/Volumes/SmithL0/2026/BIOL470/Final/Learning_Rig/bee_0408_1_fwd/cam1_2026-04-08_16-15-57.mp4,2455.5,2749.0,2177,2462,2734,3036,0.7439773
745,/Volumes/SmithL0/2026/BIOL470/Final/Learning_Rig/bee_0408_1_fwd/cam1_2026-04-08_16-15-57.mp4,1164.5,2166.5,906,1819,1423,2514,0.79520446
746,/Volumes/SmithL0/2026/BIOL470/Final/Learning_Rig/bee_0408_1_fwd/cam1_2026-04-08_16-15-57.mp4,2459.0,2752.5,2191,2465,2727,3040,0.7662068
747,/Volumes/SmithL0/2026/BIOL470/Final/Learning_Rig/bee_0408_1_fwd/cam1_2026-04-08_16-15-57.mp4,2458.5,2752.0,2190,2464,2727,3040,0.76468253
748,/Volumes/SmithL0/2026/BIOL470/Final/Learning_Rig/bee_0408_1_fwd/cam1_2026-04-08_16-15-57.mp4,1171.0,2197.0,915,1837,1427,2557,0.7547286
749,/Volumes/SmithL0/2026/BIOL470/Final/Learning_Rig/bee_0408_1_fwd/cam1_2026-04-08_16-15-57.mp4,1319.0,2145.0,1017,1854,1621,2436,0.8166573
750,/Volumes/SmithL0/2026/BIOL470/Final/Learning_Rig/bee_0408_1_fwd/cam1_2026-04-08_16-15-57.mp4,2459.0,2752.5,2190,2465,2728,3040,0.72797406
751,/Volumes/SmithL0/2026/BIOL470/Final/Learning_Rig/bee_0408_1_fwd/cam1_2026-04-08_16-15-57.mp4,2459.0,2752.0,2191,2464,2727,3040,0.758934
752,/Volumes/SmithL0/2026/BIOL470/Final/Learning_Rig/bee_0408_1_fwd/cam1_2026-04-08_16-15-57.mp4,1682.0,2366.5,1527,2236,1837,2497,0.75542897
753,/Volumes/SmithL0/2026/BIOL470/Final/Learning_Rig/bee_0408_1_fwd/cam1_2026-04-08_16-15-57.mp4,1478.0,2210.5,1099,1905,1857,2516,0.7367524
754,/Volumes/SmithL0/2026/BIOL470/Final/Learning_Rig/bee_0408_1_fwd/cam1_2026-04-08_16-15-57.mp4,1421.0,2166.5,1117,1936,1725,2397,0.70354974
755,/Volumes/SmithL0/2026/BIOL470/Final/Learning_Rig/bee_0408_1_fwd/cam1_2026-04-08_16-15-57.mp4,1680.5,2239.5,1499,1964,1862,2515,0.5861649
756,/Volumes/SmithL0/2026/BIOL470/Final/Learning_Rig/bee_0408_1_fwd/cam1_2026-04-08_16-15-57.mp4,1871.5,2273.5,1697,2151,2046,2396,0.8201698
757,/Volumes/SmithL0/2026/BIOL470/Final/Learning_Rig/bee_0408_1_fwd/cam1_2026-04-08_16-15-57.mp4,1602.5,2223.5,1277,1949,1928,2498,0.77411276
758,/Volumes/SmithL0/2026/BIOL470/Final/Learning_Rig/bee_0408_1_fwd/cam1_2026-04-08_16-15-57.mp4,2458.5,2753.0,2189,2466,2728,3040,0.73736334
759,/Volumes/SmithL0/2026/BIOL470/Final/Learning_Rig/bee_0408_1_fwd/cam1_2026-04-08_16-15-57.mp4,2255.5,208.0,2115,62,2396,354,0.5164104
760,/Volumes/SmithL0/2026/BIOL470/Final/Learning_Rig/bee_0408_1_fwd/cam1_2026-04-08_16-15-57.mp4,1018.0,2921.5,740,2803,1296,3040,0.50753933
761,/Volumes/SmithL0/2026/BIOL470/Final/Learning_Rig/bee_0408_1_fwd/cam1_2026-04-08_16-15-57.mp4,2459.0,2751.0,2189,2463,2729,3039,0.78241867
762,/Volumes/SmithL0/2026/BIOL470/Final/Learning_Rig/bee_0408_1_fwd/cam1_2026-04-08_16-15-57.mp4,1769.5,2155.5,1381,1920,2158,2391,0.77092355
763,/Volumes/SmithL0/2026/BIOL470/Final/Learning_Rig/bee_0408_1_fwd/cam1_2026-04-08_16-15-57.mp4,1926.0,2161.0,1704,1922,2148,2400,0.680058
764,/Volumes/SmithL0/2026/BIOL470/Final/Learning_Rig/bee_0408_1_fwd/cam1_2026-04-08_16-15-57.mp4,2458.5,2752.0,2190,2465,2727,3039,0.80212736
765,/Volumes/SmithL0/2026/BIOL470/Final/Learning_Rig/bee_0408_1_fwd/cam1_2026-04-08_16-15-57.mp4,1775.5,2089.5,1460,1812,2091,2367,0.79498684
766,/Volumes/SmithL0/2026/BIOL470/Final/Learning_Rig/bee_0408_1_fwd/cam1_2026-04-08_16-15-57.mp4,2254.5,210.0,2115,64,2394,356,0.51033324
767,/Volumes/SmithL0/2026/BIOL470/Final/Learning_Rig/bee_0408_1_fwd/cam1_2026-04-08_16-15-57.mp4,2458.0,2751.5,2190,2463,2726,3040,0.797753
768,/Volumes/SmithL0/2026/BIOL470/Final/Learning_Rig/bee_0408_1_fwd/cam1_2026-04-08_16-15-57.mp4,1796.5,1961.5,1507,1638,2086,2285,0.7675735
769,/Volumes/SmithL0/2026/BIOL470/Final/Learning_Rig/bee_0408_1_fwd/cam1_2026-04-08_16-15-57.mp4,2459.5,2752.5,2191,2465,2728,3040,0.771008
770,/Volumes/SmithL0/2026/BIOL470/Final/Learning_Rig/bee_0408_1_fwd/cam1_2026-04-08_16-15-57.mp4,1801.5,1938.0,1513,1585,2090,2291,0.7652987
771,/Volumes/SmithL0/2026/BIOL470/Final/Learning_Rig/bee_0408_1_fwd/cam1_2026-04-08_16-15-57.mp4,1735.0,1909.0,1385,1547,2085,2271,0.8166328
772,/Volumes/SmithL0/2026/BIOL470/Final/Learning_Rig/bee_0408_1_fwd/cam1_2026-04-08_16-15-57.mp4,2459.5,2753.5,2191,2467,2728,3040,0.7970728
773,/Volumes/SmithL0/2026/BIOL470/Final/Learning_Rig/bee_0408_1_fwd/cam1_2026-04-08_16-15-57.mp4,1742.0,1855.0,1390,1506,2094,2204,0.80531216
774,/Volumes/SmithL0/2026/BIOL470/Final/Learning_Rig/bee_0408_1_fwd/cam1_2026-04-08_16-15-57.mp4,2458.0,2749.0,2182,2462,2734,3036,0.7649572
775,/Volumes/SmithL0/2026/BIOL470/Final/Learning_Rig/bee_0408_1_fwd/cam1_2026-04-08_16-15-57.mp4,1526.0,1851.0,1221,1467,1831,2235,0.81341326
776,/Volumes/SmithL0/2026/BIOL470/Final/Learning_Rig/bee_0408_1_fwd/cam1_2026-04-08_16-15-57.mp4,2460.5,2752.5,2191,2465,2730,3040,0.77097714
777,/Volumes/SmithL0/2026/BIOL470/Final/Learning_Rig/bee_0408_1_fwd/cam1_2026-04-08_16-15-57.mp4,2459.5,2751.5,2192,2463,2727,3040,0.77382505
778,/Volumes/SmithL0/2026/BIOL470/Final/Learning_Rig/bee_0408_1_fwd/cam1_2026-04-08_16-15-57.mp4,1214.0,1495.5,913,1182,1515,1809,0.77250075
779,/Volumes/SmithL0/2026/BIOL470/Final/Learning_Rig/bee_0408_1_fwd/cam1_2026-04-08_16-15-57.mp4,1136.5,1330.0,884,979,1389,1681,0.7670262
780,/Volumes/SmithL0/2026/BIOL470/Final/Learning_Rig/bee_0408_1_fwd/cam1_2026-04-08_16-15-57.mp4,2459.0,2751.5,2191,2463,2727,3040,0.7441356
781,/Volumes/SmithL0/2026/BIOL470/Final/Learning_Rig/bee_0408_1_fwd/cam1_2026-04-08_16-15-57.mp4,2256.5,205.0,2116,67,2397,343,0.5362775
782,/Volumes/SmithL0/2026/BIOL470/Final/Learning_Rig/bee_0408_1_fwd/cam1_2026-04-08_16-15-57.mp4,2458.5,2751.5,2191,2464,2726,3039,0.78285253
783,/Volumes/SmithL0/2026/BIOL470/Final/Learning_Rig/bee_0408_1_fwd/cam1_2026-04-08_16-15-57.mp4,1157.0,1233.5,917,882,1397,1585,0.7339745
784,/Volumes/SmithL0/2026/BIOL470/Final/Learning_Rig/bee_0408_1_fwd/cam1_2026-04-08_16-15-57.mp4,1039.0,1100.5,870,904,1208,1297,0.69950616
785,/Volumes/SmithL0/2026/BIOL470/Final/Learning_Rig/bee_0408_1_fwd/cam1_2026-04-08_16-15-57.mp4,2459.0,2752.5,2192,2466,2726,3039,0.7904878
786,/Volumes/SmithL0/2026/BIOL470/Final/Learning_Rig/bee_0408_1_fwd/cam1_2026-04-08_16-15-57.mp4,1150.0,1275.0,891,919,1409,1631,0.7588067
787,/Volumes/SmithL0/2026/BIOL470/Final/Learning_Rig/bee_0408_1_fwd/cam1_2026-04-08_16-15-57.mp4,1091.5,1177.5,847,940,1336,1415,0.66624993
788,/Volumes/SmithL0/2026/BIOL470/Final/Learning_Rig/bee_0408_1_fwd/cam1_2026-04-08_16-15-57.mp4,2255.5,208.0,2114,62,2397,354,0.5144262
789,/Volumes/SmithL0/2026/BIOL470/Final/Learning_Rig/bee_0408_1_fwd/cam1_2026-04-08_16-15-57.mp4,2458.0,2752.5,2191,2466,2725,3039,0.78901523
790,/Volumes/SmithL0/2026/BIOL470/Final/Learning_Rig/bee_0408_1_fwd/cam1_2026-04-08_16-15-57.mp4,1173.0,1259.5,887,886,1459,1633,0.58983797
791,/Volumes/SmithL0/2026/BIOL470/Final/Learning_Rig/bee_0408_1_fwd/cam1_2026-04-08_16-15-57.mp4,2256.0,208.5,2115,63,2397,354,0.50667626
792,/Volumes/SmithL0/2026/BIOL470/Final/Learning_Rig/bee_0408_1_fwd/cam1_2026-04-08_16-15-57.mp4,1140.0,1254.0,870,927,1410,1581,0.8012002
793,/Volumes/SmithL0/2026/BIOL470/Final/Learning_Rig/bee_0408_1_fwd/cam1_2026-04-08_16-15-57.mp4,2458.5,2752.0,2190,2465,2727,3039,0.768226
794,/Volumes/SmithL0/2026/BIOL470/Final/Learning_Rig/bee_0408_1_fwd/cam1_2026-04-08_16-15-57.mp4,1088.5,1131.0,854,783,1323,1479,0.79293257
795,/Volumes/SmithL0/2026/BIOL470/Final/Learning_Rig/bee_0408_1_fwd/cam1_2026-04-08_16-15-57.mp4,2458.5,2751.5,2190,2464,2727,3039,0.77855366
796,/Volumes/SmithL0/2026/BIOL470/Final/Learning_Rig/bee_0408_1_fwd/cam1_2026-04-08_16-15-57.mp4,2254.5,208.5,2113,63,2396,354,0.5030733
797,/Volumes/SmithL0/2026/BIOL470/Final/Learning_Rig/bee_0408_1_fwd/cam1_2026-04-08_16-15-57.mp4,2456.5,2747.5,2178,2459,2735,3036,0.7490059
798,/Volumes/SmithL0/2026/BIOL470/Final/Learning_Rig/bee_0408_1_fwd/cam1_2026-04-08_16-15-57.mp4,1104.5,1039.5,879,687,1330,1392,0.66682845
799,/Volumes/SmithL0/2026/BIOL470/Final/Learning_Rig/bee_0408_1_fwd/cam1_2026-04-08_16-15-57.mp4,2458.5,2752.5,2190,2465,2727,3040,0.76643306
800,/Volumes/SmithL0/2026/BIOL470/Final/Learning_Rig/bee_0408_1_fwd/cam1_2026-04-08_16-15-57.mp4,1130.5,904.0,856,535,1405,1273,0.7235929
801,/Volumes/SmithL0/2026/BIOL470/Final/Learning_Rig/bee_0408_1_fwd/cam1_2026-04-08_16-15-57.mp4,1136.0,833.5,874,476,1398,1191,0.80395806
802,/Volumes/SmithL0/2026/BIOL470/Final/Learning_Rig/bee_0408_1_fwd/cam1_2026-04-08_16-15-57.mp4,2458.0,2751.0,2190,2462,2726,3040,0.77818376
803,/Volumes/SmithL0/2026/BIOL470/Final/Learning_Rig/bee_0408_1_fwd/cam1_2026-04-08_16-15-57.mp4,1139.5,742.0,877,399,1402,1085,0.8327917
804,/Volumes/SmithL0/2026/BIOL470/Final/Learning_Rig/bee_0408_1_fwd/cam1_2026-04-08_16-15-57.mp4,2458.0,2754.0,2191,2468,2725,3040,0.7929859
805,/Volumes/SmithL0/2026/BIOL470/Final/Learning_Rig/bee_0408_1_fwd/cam1_2026-04-08_16-15-57.mp4,1110.5,677.5,853,332,1368,1023,0.81250626
806,/Volumes/SmithL0/2026/BIOL470/Final/Learning_Rig/bee_0408_1_fwd/cam1_2026-04-08_16-15-57.mp4,2458.0,2752.5,2191,2466,2725,3039,0.7923455
807,/Volumes/SmithL0/2026/BIOL470/Final/Learning_Rig/bee_0408_1_fwd/cam1_2026-04-08_16-15-57.mp4,1140.0,590.0,883,233,1397,947,0.8216658
808,/Volumes/SmithL0/2026/BIOL470/Final/Learning_Rig/bee_0408_1_fwd/cam1_2026-04-08_16-15-57.mp4,2458.0,2752.0,2191,2464,2725,3040,0.7891454
809,/Volumes/SmithL0/2026/BIOL470/Final/Learning_Rig/bee_0408_1_fwd/cam1_2026-04-08_16-15-57.mp4,1156.5,536.0,877,177,1436,895,0.79091895
810,/Volumes/SmithL0/2026/BIOL470/Final/Learning_Rig/bee_0408_1_fwd/cam1_2026-04-08_16-15-57.mp4,2457.5,2752.0,2190,2464,2725,3040,0.7722099
811,/Volumes/SmithL0/2026/BIOL470/Final/Learning_Rig/bee_0408_1_fwd/cam1_2026-04-08_16-15-57.mp4,2255.0,208.5,2113,62,2397,355,0.5028429
812,/Volumes/SmithL0/2026/BIOL470/Final/Learning_Rig/bee_0408_1_fwd/cam1_2026-04-08_16-15-57.mp4,1195.5,542.5,877,215,1514,870,0.79144657
813,/Volumes/SmithL0/2026/BIOL470/Final/Learning_Rig/bee_0408_1_fwd/cam1_2026-04-08_16-15-57.mp4,2458.0,2752.0,2190,2464,2726,3040,0.76808363
814,/Volumes/SmithL0/2026/BIOL470/Final/Learning_Rig/bee_0408_1_fwd/cam1_2026-04-08_16-15-57.mp4,2254.5,208.0,2111,61,2398,355,0.52576286
815,/Volumes/SmithL0/2026/BIOL470/Final/Learning_Rig/bee_0408_1_fwd/cam1_2026-04-08_16-15-57.mp4,2458.5,2751.5,2191,2463,2726,3040,0.7752768
816,/Volumes/SmithL0/2026/BIOL470/Final/Learning_Rig/bee_0408_1_fwd/cam1_2026-04-08_16-15-57.mp4,1202.0,512.0,894,179,1510,845,0.7375508
817,/Volumes/SmithL0/2026/BIOL470/Final/Learning_Rig/bee_0408_1_fwd/cam1_2026-04-08_16-15-57.mp4,2255.5,209.0,2113,62,2398,356,0.5168004
818,/Volumes/SmithL0/2026/BIOL470/Final/Learning_Rig/bee_0408_1_fwd/cam1_2026-04-08_16-15-57.mp4,1199.0,564.0,882,231,1516,897,0.79395354
819,/Volumes/SmithL0/2026/BIOL470/Final/Learning_Rig/bee_0408_1_fwd/cam1_2026-04-08_16-15-57.mp4,2458.5,2752.0,2190,2464,2727,3040,0.7694246
820,/Volumes/SmithL0/2026/BIOL470/Final/Learning_Rig/bee_0408_1_fwd/cam1_2026-04-08_16-15-57.mp4,2255.0,208.5,2111,62,2399,355,0.5474629
821,/Volumes/SmithL0/2026/BIOL470/Final/Learning_Rig/bee_0408_1_fwd/cam1_2026-04-08_16-15-57.mp4,1196.5,538.5,849,208,1544,869,0.7836141
822,/Volumes/SmithL0/2026/BIOL470/Final/Learning_Rig/bee_0408_1_fwd/cam1_2026-04-08_16-15-57.mp4,2459.0,2752.5,2191,2465,2727,3040,0.7708517
823,/Volumes/SmithL0/2026/BIOL470/Final/Learning_Rig/bee_0408_1_fwd/cam1_2026-04-08_16-15-57.mp4,2458.5,2752.5,2191,2465,2726,3040,0.78169215
824,/Volumes/SmithL0/2026/BIOL470/Final/Learning_Rig/bee_0408_1_fwd/cam1_2026-04-08_16-15-57.mp4,1206.5,597.5,840,337,1573,858,0.7033465
825,/Volumes/SmithL0/2026/BIOL470/Final/Learning_Rig/bee_0408_1_fwd/cam1_2026-04-08_16-15-57.mp4,2459.0,2753.0,2191,2466,2727,3040,0.7762131
826,/Volumes/SmithL0/2026/BIOL470/Final/Learning_Rig/bee_0408_1_fwd/cam1_2026-04-08_16-15-57.mp4,1219.0,568.5,846,290,1592,847,0.7091136
827,/Volumes/SmithL0/2026/BIOL470/Final/Learning_Rig/bee_0408_1_fwd/cam1_2026-04-08_16-15-57.mp4,2253.0,208.0,2108,62,2398,354,0.5183476
828,/Volumes/SmithL0/2026/BIOL470/Final/Learning_Rig/bee_0408_1_fwd/cam1_2026-04-08_16-15-57.mp4,2458.0,2753.5,2190,2467,2726,3040,0.7615133
829,/Volumes/SmithL0/2026/BIOL470/Final/Learning_Rig/bee_0408_1_fwd/cam1_2026-04-08_16-15-57.mp4,1235.5,554.0,868,268,1603,840,0.6265396
830,/Volumes/SmithL0/2026/BIOL470/Final/Learning_Rig/bee_0408_1_fwd/cam1_2026-04-08_16-15-57.mp4,1264.5,513.0,925,218,1604,808,0.751147
831,/Volumes/SmithL0/2026/BIOL470/Final/Learning_Rig/bee_0408_1_fwd/cam1_2026-04-08_16-15-57.mp4,2458.0,2751.5,2189,2464,2727,3039,0.7450187
832,/Volumes/SmithL0/2026/BIOL470/Final/Learning_Rig/bee_0408_1_fwd/cam1_2026-04-08_16-15-57.mp4,2458.5,2753.0,2191,2466,2726,3040,0.7633364
833,/Volumes/SmithL0/2026/BIOL470/Final/Learning_Rig/bee_0408_1_fwd/cam1_2026-04-08_16-15-57.mp4,1243.0,479.5,921,176,1565,783,0.73564285
834,/Volumes/SmithL0/2026/BIOL470/Final/Learning_Rig/bee_0408_1_fwd/cam1_2026-04-08_16-15-57.mp4,2459.0,2752.0,2191,2464,2727,3040,0.77171403
835,/Volumes/SmithL0/2026/BIOL470/Final/Learning_Rig/bee_0408_1_fwd/cam1_2026-04-08_16-15-57.mp4,1240.5,461.5,920,130,1561,793,0.7415951
836,/Volumes/SmithL0/2026/BIOL470/Final/Learning_Rig/bee_0408_1_fwd/cam1_2026-04-08_16-15-57.mp4,2456.5,2748.5,2180,2461,2733,3036,0.73527455
837,/Volumes/SmithL0/2026/BIOL470/Final/Learning_Rig/bee_0408_1_fwd/cam1_2026-04-08_16-15-57.mp4,1209.0,530.5,953,268,1465,793,0.68464607
838,/Volumes/SmithL0/2026/BIOL470/Final/Learning_Rig/bee_0408_1_fwd/cam1_2026-04-08_16-15-57.mp4,2455.5,2748.0,2178,2459,2733,3037,0.73952377
839,/Volumes/SmithL0/2026/BIOL470/Final/Learning_Rig/bee_0408_1_fwd/cam1_2026-04-08_16-15-57.mp4,1253.5,665.0,1034,502,1473,828,0.6613507
840,/Volumes/SmithL0/2026/BIOL470/Final/Learning_Rig/bee_0408_1_fwd/cam1_2026-04-08_16-15-57.mp4,1223.5,615.0,980,406,1467,824,0.6500291
841,/Volumes/SmithL0/2026/BIOL470/Final/Learning_Rig/bee_0408_1_fwd/cam1_2026-04-08_16-15-57.mp4,1193.5,553.5,916,276,1471,831,0.5464552
842,/Volumes/SmithL0/2026/BIOL470/Final/Learning_Rig/bee_0408_1_fwd/cam1_2026-04-08_16-15-57.mp4,2459.0,2751.0,2191,2463,2727,3039,0.77620333
843,/Volumes/SmithL0/2026/BIOL470/Final/Learning_Rig/bee_0408_1_fwd/cam1_2026-04-08_16-15-57.mp4,1223.5,528.0,840,243,1607,813,0.7568803
844,/Volumes/SmithL0/2026/BIOL470/Final/Learning_Rig/bee_0408_1_fwd/cam1_2026-04-08_16-15-57.mp4,2459.0,2753.0,2191,2466,2727,3040,0.74660593
845,/Volumes/SmithL0/2026/BIOL470/Final/Learning_Rig/bee_0408_1_fwd/cam1_2026-04-08_16-15-57.mp4,1241.0,603.5,859,293,1623,914,0.74493533
846,/Volumes/SmithL0/2026/BIOL470/Final/Learning_Rig/bee_0408_1_fwd/cam1_2026-04-08_16-15-57.mp4,2459.0,2751.0,2190,2463,2728,3039,0.77653545
847,/Volumes/SmithL0/2026/BIOL470/Final/Learning_Rig/bee_0408_1_fwd/cam1_2026-04-08_16-15-57.mp4,1222.0,626.0,850,324,1594,928,0.7578577
848,/Volumes/SmithL0/2026/BIOL470/Final/Learning_Rig/bee_0408_1_fwd/cam1_2026-04-08_16-15-57.mp4,2458.5,2752.0,2190,2465,2727,3039,0.77240014
849,/Volumes/SmithL0/2026/BIOL470/Final/Learning_Rig/bee_0408_1_fwd/cam1_2026-04-08_16-15-57.mp4,1230.5,661.5,862,365,1599,958,0.76649153
850,/Volumes/SmithL0/2026/BIOL470/Final/Learning_Rig/bee_0408_1_fwd/cam1_2026-04-08_16-15-57.mp4,1373.0,684.0,1141,411,1605,957,0.67265296
851,/Volumes/SmithL0/2026/BIOL470/Final/Learning_Rig/bee_0408_1_fwd/cam1_2026-04-08_16-15-57.mp4,1232.0,780.0,890,494,1574,1066,0.782439
852,/Volumes/SmithL0/2026/BIOL470/Final/Learning_Rig/bee_0408_1_fwd/cam1_2026-04-08_16-15-57.mp4,2459.0,2750.5,2191,2461,2727,3040,0.7693114
853,/Volumes/SmithL0/2026/BIOL470/Final/Learning_Rig/bee_0408_1_fwd/cam1_2026-04-08_16-15-57.mp4,1250.5,830.0,920,527,1581,1133,0.75878656
854,/Volumes/SmithL0/2026/BIOL470/Final/Learning_Rig/bee_0408_1_fwd/cam1_2026-04-08_16-15-57.mp4,2456.0,2748.5,2179,2461,2733,3036,0.75574756
855,/Volumes/SmithL0/2026/BIOL470/Final/Learning_Rig/bee_0408_1_fwd/cam1_2026-04-08_16-15-57.mp4,2456.0,2748.5,2179,2461,2733,3036,0.74946535
856,/Volumes/SmithL0/2026/BIOL470/Final/Learning_Rig/bee_0408_1_fwd/cam1_2026-04-08_16-15-57.mp4,1181.5,940.0,816,612,1547,1268,0.7203668
857,/Volumes/SmithL0/2026/BIOL470/Final/Learning_Rig/bee_0408_1_fwd/cam1_2026-04-08_16-15-57.mp4,2458.5,2750.5,2191,2462,2726,3039,0.7920107
858,/Volumes/SmithL0/2026/BIOL470/Final/Learning_Rig/bee_0408_1_fwd/cam1_2026-04-08_16-15-57.mp4,1258.0,849.5,972,618,1544,1081,0.78782946
859,/Volumes/SmithL0/2026/BIOL470/Final/Learning_Rig/bee_0408_1_fwd/cam1_2026-04-08_16-15-57.mp4,2459.0,2749.5,2191,2460,2727,3039,0.7794392
860,/Volumes/SmithL0/2026/BIOL470/Final/Learning_Rig/bee_0408_1_fwd/cam1_2026-04-08_16-15-57.mp4,1213.5,877.0,847,661,1580,1093,0.7275583
861,/Volumes/SmithL0/2026/BIOL470/Final/Learning_Rig/bee_0408_1_fwd/cam1_2026-04-08_16-15-57.mp4,1329.0,867.0,1059,656,1599,1078,0.67286646
862,/Volumes/SmithL0/2026/BIOL470/Final/Learning_Rig/bee_0408_1_fwd/cam1_2026-04-08_16-15-57.mp4,1403.5,867.5,1217,657,1590,1078,0.58824295
863,/Volumes/SmithL0/2026/BIOL470/Final/Learning_Rig/bee_0408_1_fwd/cam1_2026-04-08_16-15-57.mp4,2458.5,2751.0,2191,2462,2726,3040,0.7781045
864,/Volumes/SmithL0/2026/BIOL470/Final/Learning_Rig/bee_0408_1_fwd/cam1_2026-04-08_16-15-57.mp4,1222.0,888.5,857,682,1587,1095,0.7419469
865,/Volumes/SmithL0/2026/BIOL470/Final/Learning_Rig/bee_0408_1_fwd/cam1_2026-04-08_16-15-57.mp4,1400.5,887.0,1201,694,1600,1080,0.6467337
866,/Volumes/SmithL0/2026/BIOL470/Final/Learning_Rig/bee_0408_1_fwd/cam1_2026-04-08_16-15-57.mp4,2459.0,2752.5,2192,2465,2726,3040,0.786084
867,/Volumes/SmithL0/2026/BIOL470/Final/Learning_Rig/bee_0408_1_fwd/cam1_2026-04-08_16-15-57.mp4,1221.0,962.5,831,670,1611,1255,0.7725492
868,/Volumes/SmithL0/2026/BIOL470/Final/Learning_Rig/bee_0408_1_fwd/cam1_2026-04-08_16-15-57.mp4,1236.0,1019.5,885,694,1587,1345,0.82488996
869,/Volumes/SmithL0/2026/BIOL470/Final/Learning_Rig/bee_0408_1_fwd/cam1_2026-04-08_16-15-57.mp4,2458.5,2751.0,2191,2463,2726,3039,0.7903962
870,/Volumes/SmithL0/2026/BIOL470/Final/Learning_Rig/bee_0408_1_fwd/cam1_2026-04-08_16-15-57.mp4,1219.5,1056.0,865,730,1574,1382,0.8576703
871,/Volumes/SmithL0/2026/BIOL470/Final/Learning_Rig/bee_0408_1_fwd/cam1_2026-04-08_16-15-57.mp4,2458.5,2751.0,2191,2463,2726,3039,0.79387826
872,/Volumes/SmithL0/2026/BIOL470/Final/Learning_Rig/bee_0408_1_fwd/cam1_2026-04-08_16-15-57.mp4,2459.0,2752.5,2191,2465,2727,3040,0.76986206
873,/Volumes/SmithL0/2026/BIOL470/Final/Learning_Rig/bee_0408_1_fwd/cam1_2026-04-08_16-15-57.mp4,1181.5,1187.5,911,793,1452,1582,0.7611883
874,/Volumes/SmithL0/2026/BIOL470/Final/Learning_Rig/bee_0408_1_fwd/cam1_2026-04-08_16-15-57.mp4,1180.5,1309.5,891,952,1470,1667,0.79593754
875,/Volumes/SmithL0/2026/BIOL470/Final/Learning_Rig/bee_0408_1_fwd/cam1_2026-04-08_16-15-57.mp4,2459.0,2752.5,2191,2465,2727,3040,0.75425947
876,/Volumes/SmithL0/2026/BIOL470/Final/Learning_Rig/bee_0408_1_fwd/cam1_2026-04-08_16-15-57.mp4,1121.0,1441.0,875,1055,1367,1827,0.8030685
877,/Volumes/SmithL0/2026/BIOL470/Final/Learning_Rig/bee_0408_1_fwd/cam1_2026-04-08_16-15-57.mp4,2459.0,2752.5,2191,2465,2727,3040,0.7756038
878,/Volumes/SmithL0/2026/BIOL470/Final/Learning_Rig/bee_0408_1_fwd/cam1_2026-04-08_16-15-57.mp4,2459.0,2751.5,2191,2463,2727,3040,0.78841054
879,/Volumes/SmithL0/2026/BIOL470/Final/Learning_Rig/bee_0408_1_fwd/cam1_2026-04-08_16-15-57.mp4,1162.0,1370.5,943,1174,1381,1567,0.72779495
880,/Volumes/SmithL0/2026/BIOL470/Final/Learning_Rig/bee_0408_1_fwd/cam1_2026-04-08_16-15-57.mp4,1132.0,1546.0,897,1170,1367,1922,0.55235636
881,/Volumes/SmithL0/2026/BIOL470/Final/Learning_Rig/bee_0408_1_fwd/cam1_2026-04-08_16-15-57.mp4,1132.0,1543.0,891,1204,1373,1882,0.82007855
882,/Volumes/SmithL0/2026/BIOL470/Final/Learning_Rig/bee_0408_1_fwd/cam1_2026-04-08_16-15-57.mp4,2460.0,2751.0,2193,2462,2727,3040,0.77740014
883,/Volumes/SmithL0/2026/BIOL470/Final/Learning_Rig/bee_0408_1_fwd/cam1_2026-04-08_16-15-57.mp4,1137.0,1410.0,904,1208,1370,1612,0.64991057
884,/Volumes/SmithL0/2026/BIOL470/Final/Learning_Rig/bee_0408_1_fwd/cam1_2026-04-08_16-15-57.mp4,1148.5,1522.0,877,1132,1420,1912,0.772801
885,/Volumes/SmithL0/2026/BIOL470/Final/Learning_Rig/bee_0408_1_fwd/cam1_2026-04-08_16-15-57.mp4,2458.5,2752.5,2191,2465,2726,3040,0.76162887
886,/Volumes/SmithL0/2026/BIOL470/Final/Learning_Rig/bee_0408_1_fwd/cam1_2026-04-08_16-15-57.mp4,2458.5,2752.5,2192,2465,2725,3040,0.7869994
887,/Volumes/SmithL0/2026/BIOL470/Final/Learning_Rig/bee_0408_1_fwd/cam1_2026-04-08_16-15-57.mp4,1240.5,1451.0,932,1075,1549,1827,0.75513154
888,/Volumes/SmithL0/2026/BIOL470/Final/Learning_Rig/bee_0408_1_fwd/cam1_2026-04-08_16-15-57.mp4,1216.0,1514.0,922,1148,1510,1880,0.81646913
889,/Volumes/SmithL0/2026/BIOL470/Final/Learning_Rig/bee_0408_1_fwd/cam1_2026-04-08_16-15-57.mp4,2459.0,2752.0,2191,2465,2727,3039,0.760763
890,/Volumes/SmithL0/2026/BIOL470/Final/Learning_Rig/bee_0408_1_fwd/cam1_2026-04-08_16-15-57.mp4,1332.0,1528.5,1141,1173,1523,1884,0.557097
891,/Volumes/SmithL0/2026/BIOL470/Final/Learning_Rig/bee_0408_1_fwd/cam1_2026-04-08_16-15-57.mp4,2458.5,2752.5,2191,2466,2726,3039,0.7879637
892,/Volumes/SmithL0/2026/BIOL470/Final/Learning_Rig/bee_0408_1_fwd/cam1_2026-04-08_16-15-57.mp4,1337.5,1484.0,971,1156,1704,1812,0.7762418
893,/Volumes/SmithL0/2026/BIOL470/Final/Learning_Rig/bee_0408_1_fwd/cam1_2026-04-08_16-15-57.mp4,1678.0,1706.5,1512,1547,1844,1866,0.9271742
894,/Volumes/SmithL0/2026/BIOL470/Final/Learning_Rig/bee_0408_1_fwd/cam1_2026-04-08_16-15-57.mp4,2458.5,2751.5,2190,2464,2727,3039,0.7879061
895,/Volumes/SmithL0/2026/BIOL470/Final/Learning_Rig/bee_0408_1_fwd/cam1_2026-04-08_16-15-57.mp4,1494.5,1552.5,1115,1224,1874,1881,0.7253888
896,/Volumes/SmithL0/2026/BIOL470/Final/Learning_Rig/bee_0408_1_fwd/cam1_2026-04-08_16-15-57.mp4,1419.5,1551.0,1128,1287,1711,1815,0.5444986
897,/Volumes/SmithL0/2026/BIOL470/Final/Learning_Rig/bee_0408_1_fwd/cam1_2026-04-08_16-15-57.mp4,1545.0,1591.0,1185,1256,1905,1926,0.8343791
898,/Volumes/SmithL0/2026/BIOL470/Final/Learning_Rig/bee_0408_1_fwd/cam1_2026-04-08_16-15-57.mp4,2458.0,2751.0,2190,2463,2726,3039,0.7959094
899,/Volumes/SmithL0/2026/BIOL470/Final/Learning_Rig/bee_0408_1_fwd/cam1_2026-04-08_16-15-57.mp4,1443.5,1597.5,1184,1273,1703,1922,0.67983395
900,/Volumes/SmithL0/2026/BIOL470/Final/Learning_Rig/bee_0408_1_fwd/cam1_2026-04-08_16-15-57.mp4,2257.0,204.5,2117,66,2397,343,0.5102023
901,/Volumes/SmithL0/2026/BIOL470/Final/Learning_Rig/bee_0408_1_fwd/cam1_2026-04-08_16-15-57.mp4,2458.5,2752.5,2191,2465,2726,3040,0.79680187
902,/Volumes/SmithL0/2026/BIOL470/Final/Learning_Rig/bee_0408_1_fwd/cam1_2026-04-08_16-15-57.mp4,1555.5,1522.5,1162,1215,1949,1830,0.7834775
903,/Volumes/SmithL0/2026/BIOL470/Final/Learning_Rig/bee_0408_1_fwd/cam1_2026-04-08_16-15-57.mp4,1781.0,1593.0,1631,1457,1931,1729,0.6044694
904,/Volumes/SmithL0/2026/BIOL470/Final/Learning_Rig/bee_0408_1_fwd/cam1_2026-04-08_16-15-57.mp4,2256.5,204.5,2117,66,2396,343,0.5146352
905,/Volumes/SmithL0/2026/BIOL470/Final/Learning_Rig/bee_0408_1_fwd/cam1_2026-04-08_16-15-57.mp4,1548.0,1532.5,1149,1194,1947,1871,0.79181856
906,/Volumes/SmithL0/2026/BIOL470/Final/Learning_Rig/bee_0408_1_fwd/cam1_2026-04-08_16-15-57.mp4,2459.0,2752.0,2190,2464,2728,3040,0.7917199
907,/Volumes/SmithL0/2026/BIOL470/Final/Learning_Rig/bee_0408_1_fwd/cam1_2026-04-08_16-15-57.mp4,1434.5,1548.5,1044,1197,1825,1900,0.8058481
908,/Volumes/SmithL0/2026/BIOL470/Final/Learning_Rig/bee_0408_1_fwd/cam1_2026-04-08_16-15-57.mp4,2458.5,2752.0,2190,2464,2727,3040,0.79252625
909,/Volumes/SmithL0/2026/BIOL470/Final/Learning_Rig/bee_0408_1_fwd/cam1_2026-04-08_16-15-57.mp4,1369.5,1505.0,979,1198,1760,1812,0.7828537
910,/Volumes/SmithL0/2026/BIOL470/Final/Learning_Rig/bee_0408_1_fwd/cam1_2026-04-08_16-15-57.mp4,2458.0,2749.5,2179,2463,2737,3036,0.7616158
911,/Volumes/SmithL0/2026/BIOL470/Final/Learning_Rig/bee_0408_1_fwd/cam1_2026-04-08_16-15-57.mp4,2459.0,2752.0,2191,2464,2727,3040,0.7865864
912,/Volumes/SmithL0/2026/BIOL470/Final/Learning_Rig/bee_0408_1_fwd/cam1_2026-04-08_16-15-57.mp4,1331.0,1417.5,976,1160,1686,1675,0.78096956
913,/Volumes/SmithL0/2026/BIOL470/Final/Learning_Rig/bee_0408_1_fwd/cam1_2026-04-08_16-15-57.mp4,1501.5,1309.0,1296,1138,1707,1480,0.55019367
914,/Volumes/SmithL0/2026/BIOL470/Final/Learning_Rig/bee_0408_1_fwd/cam1_2026-04-08_16-15-57.mp4,2459.0,2751.5,2191,2464,2727,3039,0.7792266
915,/Volumes/SmithL0/2026/BIOL470/Final/Learning_Rig/bee_0408_1_fwd/cam1_2026-04-08_16-15-57.mp4,1318.0,1379.0,976,1086,1660,1672,0.7745077
916,/Volumes/SmithL0/2026/BIOL470/Final/Learning_Rig/bee_0408_1_fwd/cam1_2026-04-08_16-15-57.mp4,1198.5,1381.0,974,1092,1423,1670,0.5797938
917,/Volumes/SmithL0/2026/BIOL470/Final/Learning_Rig/bee_0408_1_fwd/cam1_2026-04-08_16-15-57.mp4,2458.0,2751.0,2190,2462,2726,3040,0.79496926
918,/Volumes/SmithL0/2026/BIOL470/Final/Learning_Rig/bee_0408_1_fwd/cam1_2026-04-08_16-15-57.mp4,1273.0,1306.0,977,954,1569,1658,0.72487694
919,/Volumes/SmithL0/2026/BIOL470/Final/Learning_Rig/bee_0408_1_fwd/cam1_2026-04-08_16-15-57.mp4,1355.5,1317.5,1183,957,1528,1678,0.5015799
920,/Volumes/SmithL0/2026/BIOL470/Final/Learning_Rig/bee_0408_1_fwd/cam1_2026-04-08_16-15-57.mp4,2459.0,2750.5,2191,2462,2727,3039,0.7909018
921,/Volumes/SmithL0/2026/BIOL470/Final/Learning_Rig/bee_0408_1_fwd/cam1_2026-04-08_16-15-57.mp4,1258.5,1291.5,936,929,1581,1654,0.6603153
922,/Volumes/SmithL0/2026/BIOL470/Final/Learning_Rig/bee_0408_1_fwd/cam1_2026-04-08_16-15-57.mp4,1168.5,1294.0,942,939,1395,1649,0.5248404
923,/Volumes/SmithL0/2026/BIOL470/Final/Learning_Rig/bee_0408_1_fwd/cam1_2026-04-08_16-15-57.mp4,2459.0,2750.0,2191,2461,2727,3039,0.77914363
924,/Volumes/SmithL0/2026/BIOL470/Final/Learning_Rig/bee_0408_1_fwd/cam1_2026-04-08_16-15-57.mp4,1132.0,1330.0,906,1070,1358,1590,0.6569926
925,/Volumes/SmithL0/2026/BIOL470/Final/Learning_Rig/bee_0408_1_fwd/cam1_2026-04-08_16-15-57.mp4,972.0,1100.5,827,911,1117,1290,0.54954976
926,/Volumes/SmithL0/2026/BIOL470/Final/Learning_Rig/bee_0408_1_fwd/cam1_2026-04-08_16-15-57.mp4,2459.5,2752.0,2192,2464,2727,3040,0.7896604
927,/Volumes/SmithL0/2026/BIOL470/Final/Learning_Rig/bee_0408_1_fwd/cam1_2026-04-08_16-15-57.mp4,1127.0,1218.0,852,867,1402,1569,0.69853586
928,/Volumes/SmithL0/2026/BIOL470/Final/Learning_Rig/bee_0408_1_fwd/cam1_2026-04-08_16-15-57.mp4,1189.0,1290.5,966,1012,1412,1569,0.567209
929,/Volumes/SmithL0/2026/BIOL470/Final/Learning_Rig/bee_0408_1_fwd/cam1_2026-04-08_16-15-57.mp4,2458.5,2751.0,2191,2462,2726,3040,0.7909486
930,/Volumes/SmithL0/2026/BIOL470/Final/Learning_Rig/bee_0408_1_fwd/cam1_2026-04-08_16-15-57.mp4,1145.5,1210.5,879,888,1412,1533,0.7284205
931,/Volumes/SmithL0/2026/BIOL470/Final/Learning_Rig/bee_0408_1_fwd/cam1_2026-04-08_16-15-57.mp4,2254.5,208.5,2112,63,2397,354,0.52398497
932,/Volumes/SmithL0/2026/BIOL470/Final/Learning_Rig/bee_0408_1_fwd/cam1_2026-04-08_16-15-57.mp4,2458.5,2751.5,2192,2464,2725,3039,0.78501886
933,/Volumes/SmithL0/2026/BIOL470/Final/Learning_Rig/bee_0408_1_fwd/cam1_2026-04-08_16-15-57.mp4,1169.0,1143.0,915,824,1423,1462,0.68543035
934,/Volumes/SmithL0/2026/BIOL470/Final/Learning_Rig/bee_0408_1_fwd/cam1_2026-04-08_16-15-57.mp4,2458.5,2752.0,2191,2464,2726,3040,0.7680068
935,/Volumes/SmithL0/2026/BIOL470/Final/Learning_Rig/bee_0408_1_fwd/cam1_2026-04-08_16-15-57.mp4,2459.5,2752.0,2192,2464,2727,3040,0.7771873
936,/Volumes/SmithL0/2026/BIOL470/Final/Learning_Rig/bee_0408_1_fwd/cam1_2026-04-08_16-15-57.mp4,1150.0,974.5,878,588,1422,1361,0.74246585
937,/Volumes/SmithL0/2026/BIOL470/Final/Learning_Rig/bee_0408_1_fwd/cam1_2026-04-08_16-15-57.mp4,1148.5,825.5,879,475,1418,1176,0.7905654
938,/Volumes/SmithL0/2026/BIOL470/Final/Learning_Rig/bee_0408_1_fwd/cam1_2026-04-08_16-15-57.mp4,2459.0,2751.5,2192,2464,2726,3039,0.7820108
939,/Volumes/SmithL0/2026/BIOL470/Final/Learning_Rig/bee_0408_1_fwd/cam1_2026-04-08_16-15-57.mp4,1145.5,745.5,886,396,1405,1095,0.78618145
940,/Volumes/SmithL0/2026/BIOL470/Final/Learning_Rig/bee_0408_1_fwd/cam1_2026-04-08_16-15-57.mp4,2458.5,2751.5,2191,2464,2726,3039,0.7827734
941,/Volumes/SmithL0/2026/BIOL470/Final/Learning_Rig/bee_0408_1_fwd/cam1_2026-04-08_16-15-57.mp4,2460.0,2752.5,2193,2465,2727,3040,0.7766527
942,/Volumes/SmithL0/2026/BIOL470/Final/Learning_Rig/bee_0408_1_fwd/cam1_2026-04-08_16-15-57.mp4,1146.5,625.5,877,270,1416,981,0.7546679
943,/Volumes/SmithL0/2026/BIOL470/Final/Learning_Rig/bee_0408_1_fwd/cam1_2026-04-08_16-15-57.mp4,2459.5,2752.5,2192,2465,2727,3040,0.7616579
944,/Volumes/SmithL0/2026/BIOL470/Final/Learning_Rig/bee_0408_1_fwd/cam1_2026-04-08_16-15-57.mp4,1167.0,617.0,886,263,1448,971,0.66550297
945,/Volumes/SmithL0/2026/BIOL470/Final/Learning_Rig/bee_0408_1_fwd/cam1_2026-04-08_16-15-57.mp4,1008.0,486.0,893,290,1123,682,0.5554375
946,/Volumes/SmithL0/2026/BIOL470/Final/Learning_Rig/bee_0408_1_fwd/cam1_2026-04-08_16-15-57.mp4,2459.0,2753.0,2192,2466,2726,3040,0.7704289
947,/Volumes/SmithL0/2026/BIOL470/Final/Learning_Rig/bee_0408_1_fwd/cam1_2026-04-08_16-15-57.mp4,1172.0,583.0,874,241,1470,925,0.63782376
948,/Volumes/SmithL0/2026/BIOL470/Final/Learning_Rig/bee_0408_1_fwd/cam1_2026-04-08_16-15-57.mp4,1020.5,596.5,869,253,1172,940,0.61618054
949,/Volumes/SmithL0/2026/BIOL470/Final/Learning_Rig/bee_0408_1_fwd/cam1_2026-04-08_16-15-57.mp4,1157.0,521.5,889,170,1425,873,0.76903594
950,/Volumes/SmithL0/2026/BIOL470/Final/Learning_Rig/bee_0408_1_fwd/cam1_2026-04-08_16-15-57.mp4,2458.5,2752.5,2191,2465,2726,3040,0.7653744
951,/Volumes/SmithL0/2026/BIOL470/Final/Learning_Rig/bee_0408_1_fwd/cam1_2026-04-08_16-15-57.mp4,2459.0,2751.5,2192,2464,2726,3039,0.7771892
952,/Volumes/SmithL0/2026/BIOL470/Final/Learning_Rig/bee_0408_1_fwd/cam1_2026-04-08_16-15-57.mp4,1164.0,479.5,906,89,1422,870,0.7264432
953,/Volumes/SmithL0/2026/BIOL470/Final/Learning_Rig/bee_0408_1_fwd/cam1_2026-04-08_16-15-57.mp4,1222.5,532.0,994,195,1451,869,0.6567377
954,/Volumes/SmithL0/2026/BIOL470/Final/Learning_Rig/bee_0408_1_fwd/cam1_2026-04-08_16-15-57.mp4,2460.0,2752.0,2193,2464,2727,3040,0.77823997
955,/Volumes/SmithL0/2026/BIOL470/Final/Learning_Rig/bee_0408_1_fwd/cam1_2026-04-08_16-15-57.mp4,1155.0,427.5,902,2,1408,853,0.71181995
956,/Volumes/SmithL0/2026/BIOL470/Final/Learning_Rig/bee_0408_1_fwd/cam1_2026-04-08_16-15-57.mp4,2459.0,2753.0,2191,2466,2727,3040,0.7752694
957,/Volumes/SmithL0/2026/BIOL470/Final/Learning_Rig/bee_0408_1_fwd/cam1_2026-04-08_16-15-57.mp4,1156.5,418.5,898,3,1415,834,0.56023175
958,/Volumes/SmithL0/2026/BIOL470/Final/Learning_Rig/bee_0408_1_fwd/cam1_2026-04-08_16-15-57.mp4,2459.0,2752.5,2192,2465,2726,3040,0.7687317
959,/Volumes/SmithL0/2026/BIOL470/Final/Learning_Rig/bee_0408_1_fwd/cam1_2026-04-08_16-15-57.mp4,1149.0,450.5,872,66,1426,835,0.7646681
960,/Volumes/SmithL0/2026/BIOL470/Final/Learning_Rig/bee_0408_1_fwd/cam1_2026-04-08_16-15-57.mp4,2457.5,2749.5,2179,2463,2736,3036,0.74258286
961,/Volumes/SmithL0/2026/BIOL470/Final/Learning_Rig/bee_0408_1_fwd/cam1_2026-04-08_16-15-57.mp4,1149.0,445.5,874,55,1424,836,0.72505134
962,/Volumes/SmithL0/2026/BIOL470/Final/Learning_Rig/bee_0408_1_fwd/cam1_2026-04-08_16-15-57.mp4,2460.0,2752.0,2193,2464,2727,3040,0.7729462
963,/Volumes/SmithL0/2026/BIOL470/Final/Learning_Rig/bee_0408_1_fwd/cam1_2026-04-08_16-15-57.mp4,1231.5,409.5,1016,1,1447,818,0.6125851
964,/Volumes/SmithL0/2026/BIOL470/Final/Learning_Rig/bee_0408_1_fwd/cam1_2026-04-08_16-15-57.mp4,1240.5,567.5,1029,316,1452,819,0.53474706
965,/Volumes/SmithL0/2026/BIOL470/Final/Learning_Rig/bee_0408_1_fwd/cam1_2026-04-08_16-15-57.mp4,2459.0,2752.0,2191,2464,2727,3040,0.7529989
966,/Volumes/SmithL0/2026/BIOL470/Final/Learning_Rig/bee_0408_1_fwd/cam1_2026-04-08_16-15-57.mp4,1191.0,560.5,911,305,1471,816,0.74419916
967,/Volumes/SmithL0/2026/BIOL470/Final/Learning_Rig/bee_0408_1_fwd/cam1_2026-04-08_16-15-57.mp4,1187.5,468.5,898,114,1477,823,0.5957691
968,/Volumes/SmithL0/2026/BIOL470/Final/Learning_Rig/bee_0408_1_fwd/cam1_2026-04-08_16-15-57.mp4,2456.0,2747.5,2178,2459,2734,3036,0.70195687
969,/Volumes/SmithL0/2026/BIOL470/Final/Learning_Rig/bee_0408_1_fwd/cam1_2026-04-08_16-15-57.mp4,1199.0,413.0,911,9,1487,817,0.68152016
970,/Volumes/SmithL0/2026/BIOL470/Final/Learning_Rig/bee_0408_1_fwd/cam1_2026-04-08_16-15-57.mp4,2454.5,2748.0,2177,2459,2732,3037,0.73315793
971,/Volumes/SmithL0/2026/BIOL470/Final/Learning_Rig/bee_0408_1_fwd/cam1_2026-04-08_16-15-57.mp4,1219.5,481.0,919,173,1520,789,0.6782682
972,/Volumes/SmithL0/2026/BIOL470/Final/Learning_Rig/bee_0408_1_fwd/cam1_2026-04-08_16-15-57.mp4,1023.5,283.5,868,128,1179,439,0.66456056
973,/Volumes/SmithL0/2026/BIOL470/Final/Learning_Rig/bee_0408_1_fwd/cam1_2026-04-08_16-15-57.mp4,2456.0,2747.0,2180,2458,2732,3036,0.7529695
974,/Volumes/SmithL0/2026/BIOL470/Final/Learning_Rig/bee_0408_1_fwd/cam1_2026-04-08_16-15-57.mp4,1220.5,522.5,903,278,1538,767,0.7042416
975,/Volumes/SmithL0/2026/BIOL470/Final/Learning_Rig/bee_0408_1_fwd/cam1_2026-04-08_16-15-57.mp4,1227.5,392.5,902,14,1553,771,0.6475579
976,/Volumes/SmithL0/2026/BIOL470/Final/Learning_Rig/bee_0408_1_fwd/cam1_2026-04-08_16-15-57.mp4,2459.0,2751.5,2191,2464,2727,3039,0.777876
977,/Volumes/SmithL0/2026/BIOL470/Final/Learning_Rig/bee_0408_1_fwd/cam1_2026-04-08_16-15-57.mp4,1234.5,454.5,895,135,1574,774,0.73418874
978,/Volumes/SmithL0/2026/BIOL470/Final/Learning_Rig/bee_0408_1_fwd/cam1_2026-04-08_16-15-57.mp4,1247.5,447.5,888,127,1607,768,0.75656486
979,/Volumes/SmithL0/2026/BIOL470/Final/Learning_Rig/bee_0408_1_fwd/cam1_2026-04-08_16-15-57.mp4,2459.0,2752.0,2191,2465,2727,3039,0.75521064
980,/Volumes/SmithL0/2026/BIOL470/Final/Learning_Rig/bee_0408_1_fwd/cam1_2026-04-08_16-15-57.mp4,2454.5,2748.5,2177,2460,2732,3037,0.74901676
981,/Volumes/SmithL0/2026/BIOL470/Final/Learning_Rig/bee_0408_1_fwd/cam1_2026-04-08_16-15-57.mp4,1365.5,483.5,1122,239,1609,728,0.73833907
982,/Volumes/SmithL0/2026/BIOL470/Final/Learning_Rig/bee_0408_1_fwd/cam1_2026-04-08_16-15-57.mp4,1286.0,451.0,974,169,1598,733,0.72167057
983,/Volumes/SmithL0/2026/BIOL470/Final/Learning_Rig/bee_0408_1_fwd/cam1_2026-04-08_16-15-57.mp4,2457.5,2750.5,2190,2461,2725,3040,0.78059864
984,/Volumes/SmithL0/2026/BIOL470/Final/Learning_Rig/bee_0408_1_fwd/cam1_2026-04-08_16-15-57.mp4,1230.5,397.0,916,40,1545,754,0.72815174
985,/Volumes/SmithL0/2026/BIOL470/Final/Learning_Rig/bee_0408_1_fwd/cam1_2026-04-08_16-15-57.mp4,2455.0,2748.0,2178,2459,2732,3037,0.7602365
986,/Volumes/SmithL0/2026/BIOL470/Final/Learning_Rig/bee_0408_1_fwd/cam1_2026-04-08_16-15-57.mp4,1277.0,533.0,879,281,1675,785,0.7533753
987,/Volumes/SmithL0/2026/BIOL470/Final/Learning_Rig/bee_0408_1_fwd/cam1_2026-04-08_16-15-57.mp4,2459.0,2750.5,2192,2461,2726,3040,0.7838157
988,/Volumes/SmithL0/2026/BIOL470/Final/Learning_Rig/bee_0408_1_fwd/cam1_2026-04-08_16-15-57.mp4,1251.0,565.5,871,298,1631,833,0.7591506
989,/Volumes/SmithL0/2026/BIOL470/Final/Learning_Rig/bee_0408_1_fwd/cam1_2026-04-08_16-15-57.mp4,1329.5,563.5,1027,330,1632,797,0.7049516
990,/Volumes/SmithL0/2026/BIOL470/Final/Learning_Rig/bee_0408_1_fwd/cam1_2026-04-08_16-15-57.mp4,2459.0,2752.0,2192,2464,2726,3040,0.79193926
991,/Volumes/SmithL0/2026/BIOL470/Final/Learning_Rig/bee_0408_1_fwd/cam1_2026-04-08_16-15-57.mp4,1257.0,615.0,891,339,1623,891,0.78902286
992,/Volumes/SmithL0/2026/BIOL470/Final/Learning_Rig/bee_0408_1_fwd/cam1_2026-04-08_16-15-57.mp4,1253.0,626.0,885,334,1621,918,0.803735
993,/Volumes/SmithL0/2026/BIOL470/Final/Learning_Rig/bee_0408_1_fwd/cam1_2026-04-08_16-15-57.mp4,2459.0,2751.0,2192,2463,2726,3039,0.78630894
994,/Volumes/SmithL0/2026/BIOL470/Final/Learning_Rig/bee_0408_1_fwd/cam1_2026-04-08_16-15-57.mp4,2459.5,2751.0,2192,2462,2727,3040,0.78073704
995,/Volumes/SmithL0/2026/BIOL470/Final/Learning_Rig/bee_0408_1_fwd/cam1_2026-04-08_16-15-57.mp4,1210.0,633.5,832,376,1588,891,0.7568634
996,/Volumes/SmithL0/2026/BIOL470/Final/Learning_Rig/bee_0408_1_fwd/cam1_2026-04-08_16-15-57.mp4,1221.5,609.5,836,329,1607,890,0.8099441
997,/Volumes/SmithL0/2026/BIOL470/Final/Learning_Rig/bee_0408_1_fwd/cam1_2026-04-08_16-15-57.mp4,2458.5,2751.5,2191,2463,2726,3040,0.78703827
998,/Volumes/SmithL0/2026/BIOL470/Final/Learning_Rig/bee_0408_1_fwd/cam1_2026-04-08_16-15-57.mp4,1271.5,627.0,879,328,1664,926,0.80284095
999,/Volumes/SmithL0/2026/BIOL470/Final/Learning_Rig/bee_0408_1_fwd/cam1_2026-04-08_16-15-57.mp4,2459.0,2751.5,2191,2463,2727,3040,0.7863775
1000,/Volumes/SmithL0/2026/BIOL470/Final/Learning_Rig/bee_0408_1_fwd/cam1_2026-04-08_16-15-57.mp4,1280.0,646.0,886,334,1674,958,0.77786255
1001,/Volumes/SmithL0/2026/BIOL470/Final/Learning_Rig/bee_0408_1_fwd/cam1_2026-04-08_16-15-57.mp4,2459.5,2753.0,2193,2466,2726,3040,0.7737017
1002,/Volumes/SmithL0/2026/BIOL470/Final/Learning_Rig/bee_0408_1_fwd/cam1_2026-04-08_16-15-57.mp4,1046.0,753.0,904,577,1188,929,0.6115818
1003,/Volumes/SmithL0/2026/BIOL470/Final/Learning_Rig/bee_0408_1_fwd/cam1_2026-04-08_16-15-57.mp4,2459.5,2751.5,2192,2463,2727,3040,0.7678378
1004,/Volumes/SmithL0/2026/BIOL470/Final/Learning_Rig/bee_0408_1_fwd/cam1_2026-04-08_16-15-57.mp4,1256.5,717.0,921,368,1592,1066,0.7625079
1005,/Volumes/SmithL0/2026/BIOL470/Final/Learning_Rig/bee_0408_1_fwd/cam1_2026-04-08_16-15-57.mp4,1268.5,771.5,962,448,1575,1095,0.82497466
1006,/Volumes/SmithL0/2026/BIOL470/Final/Learning_Rig/bee_0408_1_fwd/cam1_2026-04-08_16-15-57.mp4,2459.0,2751.0,2192,2462,2726,3040,0.78249913
1007,/Volumes/SmithL0/2026/BIOL470/Final/Learning_Rig/bee_0408_1_fwd/cam1_2026-04-08_16-15-57.mp4,1227.0,804.0,945,515,1509,1093,0.78426826
1008,/Volumes/SmithL0/2026/BIOL470/Final/Learning_Rig/bee_0408_1_fwd/cam1_2026-04-08_16-15-57.mp4,2459.0,2753.0,2191,2466,2727,3040,0.76825637
1009,/Volumes/SmithL0/2026/BIOL470/Final/Learning_Rig/bee_0408_1_fwd/cam1_2026-04-08_16-15-57.mp4,1216.0,934.0,927,534,1505,1334,0.6636193
1010,/Volumes/SmithL0/2026/BIOL470/Final/Learning_Rig/bee_0408_1_fwd/cam1_2026-04-08_16-15-57.mp4,1148.5,912.5,877,615,1420,1210,0.7889752
1011,/Volumes/SmithL0/2026/BIOL470/Final/Learning_Rig/bee_0408_1_fwd/cam1_2026-04-08_16-15-57.mp4,2459.5,2752.0,2192,2465,2727,3039,0.7815238
1012,/Volumes/SmithL0/2026/BIOL470/Final/Learning_Rig/bee_0408_1_fwd/cam1_2026-04-08_16-15-57.mp4,1128.5,1011.5,845,619,1412,1404,0.7389722
1013,/Volumes/SmithL0/2026/BIOL470/Final/Learning_Rig/bee_0408_1_fwd/cam1_2026-04-08_16-15-57.mp4,1179.0,853.5,935,628,1423,1079,0.6934309
1014,/Volumes/SmithL0/2026/BIOL470/Final/Learning_Rig/bee_0408_1_fwd/cam1_2026-04-08_16-15-57.mp4,1248.0,819.0,1077,632,1419,1006,0.68912756
1015,/Volumes/SmithL0/2026/BIOL470/Final/Learning_Rig/bee_0408_1_fwd/cam1_2026-04-08_16-15-57.mp4,1228.0,1034.5,963,678,1493,1391,0.8026215
1016,/Volumes/SmithL0/2026/BIOL470/Final/Learning_Rig/bee_0408_1_fwd/cam1_2026-04-08_16-15-57.mp4,2460.0,2751.5,2193,2464,2727,3039,0.7768707
1017,/Volumes/SmithL0/2026/BIOL470/Final/Learning_Rig/bee_0408_1_fwd/cam1_2026-04-08_16-15-57.mp4,1242.0,1015.0,910,644,1574,1386,0.81838703
1018,/Volumes/SmithL0/2026/BIOL470/Final/Learning_Rig/bee_0408_1_fwd/cam1_2026-04-08_16-15-57.mp4,2459.5,2751.5,2192,2464,2727,3039,0.7702035
1019,/Volumes/SmithL0/2026/BIOL470/Final/Learning_Rig/bee_0408_1_fwd/cam1_2026-04-08_16-15-57.mp4,2458.5,2750.5,2191,2462,2726,3039,0.79184747
1020,/Volumes/SmithL0/2026/BIOL470/Final/Learning_Rig/bee_0408_1_fwd/cam1_2026-04-08_16-15-57.mp4,1309.5,854.0,960,589,1659,1119,0.7901876
1021,/Volumes/SmithL0/2026/BIOL470/Final/Learning_Rig/bee_0408_1_fwd/cam1_2026-04-08_16-15-57.mp4,1298.5,991.0,949,609,1648,1373,0.6658312
1022,/Volumes/SmithL0/2026/BIOL470/Final/Learning_Rig/bee_0408_1_fwd/cam1_2026-04-08_16-15-57.mp4,2459.5,2751.0,2192,2462,2727,3040,0.78457034
1023,/Volumes/SmithL0/2026/BIOL470/Final/Learning_Rig/bee_0408_1_fwd/cam1_2026-04-08_16-15-57.mp4,1417.5,934.5,1211,568,1624,1301,0.69876987
1024,/Volumes/SmithL0/2026/BIOL470/Final/Learning_Rig/bee_0408_1_fwd/cam1_2026-04-08_16-15-57.mp4,2458.5,2751.5,2191,2463,2726,3040,0.78739506
1025,/Volumes/SmithL0/2026/BIOL470/Final/Learning_Rig/bee_0408_1_fwd/cam1_2026-04-08_16-15-57.mp4,1462.0,905.0,1178,596,1746,1214,0.71071976
1026,/Volumes/SmithL0/2026/BIOL470/Final/Learning_Rig/bee_0408_1_fwd/cam1_2026-04-08_16-15-57.mp4,1399.0,1009.5,1066,644,1732,1375,0.8142111
1027,/Volumes/SmithL0/2026/BIOL470/Final/Learning_Rig/bee_0408_1_fwd/cam1_2026-04-08_16-15-57.mp4,2459.0,2750.5,2191,2462,2727,3039,0.77966475
1028,/Volumes/SmithL0/2026/BIOL470/Final/Learning_Rig/bee_0408_1_fwd/cam1_2026-04-08_16-15-57.mp4,1558.0,1229.0,1210,854,1906,1604,0.8044177
1029,/Volumes/SmithL0/2026/BIOL470/Final/Learning_Rig/bee_0408_1_fwd/cam1_2026-04-08_16-15-57.mp4,2459.0,2750.5,2192,2462,2726,3039,0.7779741
1030,/Volumes/SmithL0/2026/BIOL470/Final/Learning_Rig/bee_0408_1_fwd/cam1_2026-04-08_16-15-57.mp4,1569.0,1374.5,1245,974,1893,1775,0.7895319
1031,/Volumes/SmithL0/2026/BIOL470/Final/Learning_Rig/bee_0408_1_fwd/cam1_2026-04-08_16-15-57.mp4,2459.5,2751.0,2192,2462,2727,3040,0.7884118
1032,/Volumes/SmithL0/2026/BIOL470/Final/Learning_Rig/bee_0408_1_fwd/cam1_2026-04-08_16-15-57.mp4,1663.0,1525.0,1314,1149,2012,1901,0.80081075
1033,/Volumes/SmithL0/2026/BIOL470/Final/Learning_Rig/bee_0408_1_fwd/cam1_2026-04-08_16-15-57.mp4,2459.0,2750.5,2191,2462,2727,3039,0.77716565
1034,/Volumes/SmithL0/2026/BIOL470/Final/Learning_Rig/bee_0408_1_fwd/cam1_2026-04-08_16-15-57.mp4,2459.5,2751.5,2192,2463,2727,3040,0.7795861
1035,/Volumes/SmithL0/2026/BIOL470/Final/Learning_Rig/bee_0408_1_fwd/cam1_2026-04-08_16-15-57.mp4,1760.0,1685.5,1469,1313,2051,2058,0.76662487
1036,/Volumes/SmithL0/2026/BIOL470/Final/Learning_Rig/bee_0408_1_fwd/cam1_2026-04-08_16-15-57.mp4,1760.5,1903.0,1487,1496,2034,2310,0.7874627
1037,/Volumes/SmithL0/2026/BIOL470/Final/Learning_Rig/bee_0408_1_fwd/cam1_2026-04-08_16-15-57.mp4,2459.5,2752.0,2191,2465,2728,3039,0.78439647
1038,/Volumes/SmithL0/2026/BIOL470/Final/Learning_Rig/bee_0408_1_fwd/cam1_2026-04-08_16-15-57.mp4,1630.0,2028.0,1345,1650,1915,2406,0.8185597
1039,/Volumes/SmithL0/2026/BIOL470/Final/Learning_Rig/bee_0408_1_fwd/cam1_2026-04-08_16-15-57.mp4,2456.0,2748.5,2177,2461,2735,3036,0.743872
1040,/Volumes/SmithL0/2026/BIOL470/Final/Learning_Rig/bee_0408_1_fwd/cam1_2026-04-08_16-15-57.mp4,1680.0,1797.5,1512,1653,1848,1942,0.5525404
1041,/Volumes/SmithL0/2026/BIOL470/Final/Learning_Rig/bee_0408_1_fwd/cam1_2026-04-08_16-15-57.mp4,1389.0,2267.0,1109,1878,1669,2656,0.8118802
1042,/Volumes/SmithL0/2026/BIOL470/Final/Learning_Rig/bee_0408_1_fwd/cam1_2026-04-08_16-15-57.mp4,2459.5,2752.0,2191,2464,2728,3040,0.7719628
1043,/Volumes/SmithL0/2026/BIOL470/Final/Learning_Rig/bee_0408_1_fwd/cam1_2026-04-08_16-15-57.mp4,1247.0,2252.5,921,1967,1573,2538,0.8312334
1044,/Volumes/SmithL0/2026/BIOL470/Final/Learning_Rig/bee_0408_1_fwd/cam1_2026-04-08_16-15-57.mp4,2460.5,2752.5,2192,2465,2729,3040,0.7513304
1045,/Volumes/SmithL0/2026/BIOL470/Final/Learning_Rig/bee_0408_1_fwd/cam1_2026-04-08_16-15-57.mp4,2255.5,207.5,2114,62,2397,353,0.5129369
1046,/Volumes/SmithL0/2026/BIOL470/Final/Learning_Rig/bee_0408_1_fwd/cam1_2026-04-08_16-15-57.mp4,1244.0,2261.5,915,2023,1573,2500,0.7946819
1047,/Volumes/SmithL0/2026/BIOL470/Final/Learning_Rig/bee_0408_1_fwd/cam1_2026-04-08_16-15-57.mp4,2459.5,2752.5,2192,2466,2727,3039,0.76495457
1048,/Volumes/SmithL0/2026/BIOL470/Final/Learning_Rig/bee_0408_1_fwd/cam1_2026-04-08_16-15-57.mp4,1241.5,2236.0,913,1962,1570,2510,0.8240618
1049,/Volumes/SmithL0/2026/BIOL470/Final/Learning_Rig/bee_0408_1_fwd/cam1_2026-04-08_16-15-57.mp4,2459.5,2753.5,2192,2467,2727,3040,0.77373034
1050,/Volumes/SmithL0/2026/BIOL470/Final/Learning_Rig/bee_0408_1_fwd/cam1_2026-04-08_16-15-57.mp4,1244.0,2235.5,915,1955,1573,2516,0.83733284
1051,/Volumes/SmithL0/2026/BIOL470/Final/Learning_Rig/bee_0408_1_fwd/cam1_2026-04-08_16-15-57.mp4,2459.0,2752.0,2191,2464,2727,3040,0.76887417
1052,/Volumes/SmithL0/2026/BIOL470/Final/Learning_Rig/bee_0408_1_fwd/cam1_2026-04-08_16-15-57.mp4,1254.0,2199.5,922,1903,1586,2496,0.81463826
1053,/Volumes/SmithL0/2026/BIOL470/Final/Learning_Rig/bee_0408_1_fwd/cam1_2026-04-08_16-15-57.mp4,2459.5,2752.0,2191,2464,2728,3040,0.753593
1054,/Volumes/SmithL0/2026/BIOL470/Final/Learning_Rig/bee_0408_1_fwd/cam1_2026-04-08_16-15-57.mp4,1319.5,2162.5,974,1842,1665,2483,0.8279516
1055,/Volumes/SmithL0/2026/BIOL470/Final/Learning_Rig/bee_0408_1_fwd/cam1_2026-04-08_16-15-57.mp4,2459.5,2752.5,2191,2465,2728,3040,0.75674653
1056,/Volumes/SmithL0/2026/BIOL470/Final/Learning_Rig/bee_0408_1_fwd/cam1_2026-04-08_16-15-57.mp4,1466.5,1944.0,1300,1800,1633,2088,0.8209167
1057,/Volumes/SmithL0/2026/BIOL470/Final/Learning_Rig/bee_0408_1_fwd/cam1_2026-04-08_16-15-57.mp4,1336.0,2091.0,1012,1792,1660,2390,0.80391514
1058,/Volumes/SmithL0/2026/BIOL470/Final/Learning_Rig/bee_0408_1_fwd/cam1_2026-04-08_16-15-57.mp4,2459.5,2753.0,2191,2466,2728,3040,0.7073097
1059,/Volumes/SmithL0/2026/BIOL470/Final/Learning_Rig/bee_0408_1_fwd/cam1_2026-04-08_16-15-57.mp4,1389.5,2045.5,1096,1686,1683,2405,0.8300759
1060,/Volumes/SmithL0/2026/BIOL470/Final/Learning_Rig/bee_0408_1_fwd/cam1_2026-04-08_16-15-57.mp4,2460.0,2752.5,2191,2465,2729,3040,0.7453697
1061,/Volumes/SmithL0/2026/BIOL470/Final/Learning_Rig/bee_0408_1_fwd/cam1_2026-04-08_16-15-57.mp4,1358.0,2091.5,1107,1704,1609,2479,0.8344425
1062,/Volumes/SmithL0/2026/BIOL470/Final/Learning_Rig/bee_0408_1_fwd/cam1_2026-04-08_16-15-57.mp4,2457.0,2748.0,2179,2460,2735,3036,0.67241925
1063,/Volumes/SmithL0/2026/BIOL470/Final/Learning_Rig/bee_0408_1_fwd/cam1_2026-04-08_16-15-57.mp4,1414.0,1869.0,1227,1711,1601,2027,0.549109
1064,/Volumes/SmithL0/2026/BIOL470/Final/Learning_Rig/bee_0408_1_fwd/cam1_2026-04-08_16-15-57.mp4,1044.0,2929.0,731,2818,1357,3040,0.5291691
1065,/Volumes/SmithL0/2026/BIOL470/Final/Learning_Rig/bee_0408_1_fwd/cam1_2026-04-08_16-15-57.mp4,1510.0,2141.0,1225,1803,1795,2479,0.8153025
1066,/Volumes/SmithL0/2026/BIOL470/Final/Learning_Rig/bee_0408_1_fwd/cam1_2026-04-08_16-15-57.mp4,2456.0,2749.0,2177,2462,2735,3036,0.6733391
1067,/Volumes/SmithL0/2026/BIOL470/Final/Learning_Rig/bee_0408_1_fwd/cam1_2026-04-08_16-15-57.mp4,1022.5,2921.0,743,2803,1302,3039,0.5878487
1068,/Volumes/SmithL0/2026/BIOL470/Final/Learning_Rig/bee_0408_1_fwd/cam1_2026-04-08_16-15-57.mp4,1597.5,2224.0,1273,1903,1922,2545,0.8206534
1069,/Volumes/SmithL0/2026/BIOL470/Final/Learning_Rig/bee_0408_1_fwd/cam1_2026-04-08_16-15-57.mp4,2459.0,2751.5,2191,2464,2727,3039,0.7267357
1070,/Volumes/SmithL0/2026/BIOL470/Final/Learning_Rig/bee_0408_1_fwd/cam1_2026-04-08_16-15-57.mp4,1038.0,2926.0,727,2813,1349,3039,0.5706708
1071,/Volumes/SmithL0/2026/BIOL470/Final/Learning_Rig/bee_0408_1_fwd/cam1_2026-04-08_16-15-57.mp4,2458.5,2752.5,2191,2466,2726,3039,0.78389984
1072,/Volumes/SmithL0/2026/BIOL470/Final/Learning_Rig/bee_0408_1_fwd/cam1_2026-04-08_16-15-57.mp4,2026.5,2412.0,1814,2221,2239,2603,0.69208574
1073,/Volumes/SmithL0/2026/BIOL470/Final/Learning_Rig/bee_0408_1_fwd/cam1_2026-04-08_16-15-57.mp4,1806.0,2229.5,1382,1900,2230,2559,0.6914742
1074,/Volumes/SmithL0/2026/BIOL470/Final/Learning_Rig/bee_0408_1_fwd/cam1_2026-04-08_16-15-57.mp4,1720.0,2250.5,1393,1954,2047,2547,0.7949989
1075,/Volumes/SmithL0/2026/BIOL470/Final/Learning_Rig/bee_0408_1_fwd/cam1_2026-04-08_16-15-57.mp4,2457.0,2752.0,2189,2464,2725,3040,0.7900693
1076,/Volumes/SmithL0/2026/BIOL470/Final/Learning_Rig/bee_0408_1_fwd/cam1_2026-04-08_16-15-57.mp4,1713.5,2231.5,1353,1915,2074,2548,0.82432944
1077,/Volumes/SmithL0/2026/BIOL470/Final/Learning_Rig/bee_0408_1_fwd/cam1_2026-04-08_16-15-57.mp4,2458.0,2752.5,2190,2465,2726,3040,0.77631074
1078,/Volumes/SmithL0/2026/BIOL470/Final/Learning_Rig/bee_0408_1_fwd/cam1_2026-04-08_16-15-57.mp4,2458.5,2751.5,2190,2464,2727,3039,0.7855311
1079,/Volumes/SmithL0/2026/BIOL470/Final/Learning_Rig/bee_0408_1_fwd/cam1_2026-04-08_16-15-57.mp4,1695.0,2243.5,1344,1901,2046,2586,0.7727895
1080,/Volumes/SmithL0/2026/BIOL470/Final/Learning_Rig/bee_0408_1_fwd/cam1_2026-04-08_16-15-57.mp4,1590.5,2243.0,1340,1904,1841,2582,0.564696
1081,/Volumes/SmithL0/2026/BIOL470/Final/Learning_Rig/bee_0408_1_fwd/cam1_2026-04-08_16-15-57.mp4,2460.5,2752.0,2192,2465,2729,3039,0.76493216
1082,/Volumes/SmithL0/2026/BIOL470/Final/Learning_Rig/bee_0408_1_fwd/cam1_2026-04-08_16-15-57.mp4,1699.5,2155.0,1324,1908,2075,2402,0.74990106
1083,/Volumes/SmithL0/2026/BIOL470/Final/Learning_Rig/bee_0408_1_fwd/cam1_2026-04-08_16-15-57.mp4,1698.0,2162.0,1299,1927,2097,2397,0.77205837
1084,/Volumes/SmithL0/2026/BIOL470/Final/Learning_Rig/bee_0408_1_fwd/cam1_2026-04-08_16-15-57.mp4,2460.0,2752.0,2191,2465,2729,3039,0.7497993
1085,/Volumes/SmithL0/2026/BIOL470/Final/Learning_Rig/bee_0408_1_fwd/cam1_2026-04-08_16-15-57.mp4,2008.0,2080.0,1860,1946,2156,2214,0.80656344
1086,/Volumes/SmithL0/2026/BIOL470/Final/Learning_Rig/bee_0408_1_fwd/cam1_2026-04-08_16-15-57.mp4,2459.5,2753.0,2191,2466,2728,3040,0.757001
1087,/Volumes/SmithL0/2026/BIOL470/Final/Learning_Rig/bee_0408_1_fwd/cam1_2026-04-08_16-15-57.mp4,1789.5,2110.5,1387,1824,2192,2397,0.74419725
1088,/Volumes/SmithL0/2026/BIOL470/Final/Learning_Rig/bee_0408_1_fwd/cam1_2026-04-08_16-15-57.mp4,2458.0,2751.5,2189,2463,2727,3040,0.7823061
1089,/Volumes/SmithL0/2026/BIOL470/Final/Learning_Rig/bee_0408_1_fwd/cam1_2026-04-08_16-15-57.mp4,1802.5,2072.5,1425,1765,2180,2380,0.77306306
1090,/Volumes/SmithL0/2026/BIOL470/Final/Learning_Rig/bee_0408_1_fwd/cam1_2026-04-08_16-15-57.mp4,2257.0,205.0,2118,66,2396,344,0.54875636
1091,/Volumes/SmithL0/2026/BIOL470/Final/Learning_Rig/bee_0408_1_fwd/cam1_2026-04-08_16-15-57.mp4,2457.5,2747.5,2182,2459,2733,3036,0.7743026
1092,/Volumes/SmithL0/2026/BIOL470/Final/Learning_Rig/bee_0408_1_fwd/cam1_2026-04-08_16-15-57.mp4,1823.0,1994.0,1463,1712,2183,2276,0.7703258
1093,/Volumes/SmithL0/2026/BIOL470/Final/Learning_Rig/bee_0408_1_fwd/cam1_2026-04-08_16-15-57.mp4,1980.5,1882.0,1817,1702,2144,2062,0.6469581
1094,/Volumes/SmithL0/2026/BIOL470/Final/Learning_Rig/bee_0408_1_fwd/cam1_2026-04-08_16-15-57.mp4,1890.0,1795.5,1724,1615,2056,1976,0.7937476
1095,/Volumes/SmithL0/2026/BIOL470/Final/Learning_Rig/bee_0408_1_fwd/cam1_2026-04-08_16-15-57.mp4,2459.0,2751.5,2190,2464,2728,3039,0.78863305
1096,/Volumes/SmithL0/2026/BIOL470/Final/Learning_Rig/bee_0408_1_fwd/cam1_2026-04-08_16-15-57.mp4,1774.5,1943.0,1482,1606,2067,2280,0.78800184
1097,/Volumes/SmithL0/2026/BIOL470/Final/Learning_Rig/bee_0408_1_fwd/cam1_2026-04-08_16-15-57.mp4,2254.5,210.0,2114,63,2395,357,0.50300753
1098,/Volumes/SmithL0/2026/BIOL470/Final/Learning_Rig/bee_0408_1_fwd/cam1_2026-04-08_16-15-57.mp4,1674.5,1835.0,1402,1477,1947,2193,0.818949
1099,/Volumes/SmithL0/2026/BIOL470/Final/Learning_Rig/bee_0408_1_fwd/cam1_2026-04-08_16-15-57.mp4,2458.5,2751.5,2189,2463,2728,3040,0.78610724
1100,/Volumes/SmithL0/2026/BIOL470/Final/Learning_Rig/bee_0408_1_fwd/cam1_2026-04-08_16-15-57.mp4,2458.5,2751.5,2189,2463,2728,3040,0.7663183
1101,/Volumes/SmithL0/2026/BIOL470/Final/Learning_Rig/bee_0408_1_fwd/cam1_2026-04-08_16-15-57.mp4,1647.0,1742.0,1292,1389,2002,2095,0.7654314
1102,/Volumes/SmithL0/2026/BIOL470/Final/Learning_Rig/bee_0408_1_fwd/cam1_2026-04-08_16-15-57.mp4,2458.5,2752.5,2190,2466,2727,3039,0.776144
1103,/Volumes/SmithL0/2026/BIOL470/Final/Learning_Rig/bee_0408_1_fwd/cam1_2026-04-08_16-15-57.mp4,1517.5,1766.5,1186,1447,1849,2086,0.7629542
1104,/Volumes/SmithL0/2026/BIOL470/Final/Learning_Rig/bee_0408_1_fwd/cam1_2026-04-08_16-15-57.mp4,1412.5,1734.5,1082,1429,1743,2040,0.8014003
1105,/Volumes/SmithL0/2026/BIOL470/Final/Learning_Rig/bee_0408_1_fwd/cam1_2026-04-08_16-15-57.mp4,2458.5,2753.0,2189,2466,2728,3040,0.7754557
1106,/Volumes/SmithL0/2026/BIOL470/Final/Learning_Rig/bee_0408_1_fwd/cam1_2026-04-08_16-15-57.mp4,1270.0,1700.0,920,1413,1620,1987,0.8050962
1107,/Volumes/SmithL0/2026/BIOL470/Final/Learning_Rig/bee_0408_1_fwd/cam1_2026-04-08_16-15-57.mp4,2458.5,2754.0,2190,2468,2727,3040,0.76862174
1108,/Volumes/SmithL0/2026/BIOL470/Final/Learning_Rig/bee_0408_1_fwd/cam1_2026-04-08_16-15-57.mp4,1254.5,1637.5,920,1346,1589,1929,0.80204976
1109,/Volumes/SmithL0/2026/BIOL470/Final/Learning_Rig/bee_0408_1_fwd/cam1_2026-04-08_16-15-57.mp4,2458.5,2752.5,2190,2465,2727,3040,0.7775119
1110,/Volumes/SmithL0/2026/BIOL470/Final/Learning_Rig/bee_0408_1_fwd/cam1_2026-04-08_16-15-57.mp4,2460.0,2752.0,2192,2464,2728,3040,0.7902707
1111,/Volumes/SmithL0/2026/BIOL470/Final/Learning_Rig/bee_0408_1_fwd/cam1_2026-04-08_16-15-57.mp4,1217.5,1561.5,909,1242,1526,1881,0.7795282
1112,/Volumes/SmithL0/2026/BIOL470/Final/Learning_Rig/bee_0408_1_fwd/cam1_2026-04-08_16-15-57.mp4,2459.5,2751.5,2192,2463,2727,3040,0.7874006
1113,/Volumes/SmithL0/2026/BIOL470/Final/Learning_Rig/bee_0408_1_fwd/cam1_2026-04-08_16-15-57.mp4,1156.0,1454.5,870,1127,1442,1782,0.7790611
1114,/Volumes/SmithL0/2026/BIOL470/Final/Learning_Rig/bee_0408_1_fwd/cam1_2026-04-08_16-15-57.mp4,2459.5,2753.0,2192,2466,2727,3040,0.7862697
1115,/Volumes/SmithL0/2026/BIOL470/Final/Learning_Rig/bee_0408_1_fwd/cam1_2026-04-08_16-15-57.mp4,1109.5,1334.0,877,990,1342,1678,0.77120364
1116,/Volumes/SmithL0/2026/BIOL470/Final/Learning_Rig/bee_0408_1_fwd/cam1_2026-04-08_16-15-57.mp4,1111.5,1308.5,869,954,1354,1663,0.7930293
1117,/Volumes/SmithL0/2026/BIOL470/Final/Learning_Rig/bee_0408_1_fwd/cam1_2026-04-08_16-15-57.mp4,2459.5,2752.0,2191,2464,2728,3040,0.7777713
1118,/Volumes/SmithL0/2026/BIOL470/Final/Learning_Rig/bee_0408_1_fwd/cam1_2026-04-08_16-15-57.mp4,1045.0,1255.0,867,963,1223,1547,0.5766259
1119,/Volumes/SmithL0/2026/BIOL470/Final/Learning_Rig/bee_0408_1_fwd/cam1_2026-04-08_16-15-57.mp4,2459.0,2752.5,2191,2466,2727,3039,0.7870235
1120,/Volumes/SmithL0/2026/BIOL470/Final/Learning_Rig/bee_0408_1_fwd/cam1_2026-04-08_16-15-57.mp4,1115.0,1260.5,909,891,1321,1630,0.68048364
1121,/Volumes/SmithL0/2026/BIOL470/Final/Learning_Rig/bee_0408_1_fwd/cam1_2026-04-08_16-15-57.mp4,1126.5,1195.5,902,839,1351,1552,0.7971495
1122,/Volumes/SmithL0/2026/BIOL470/Final/Learning_Rig/bee_0408_1_fwd/cam1_2026-04-08_16-15-57.mp4,2459.5,2752.5,2192,2465,2727,3040,0.7929178
1123,/Volumes/SmithL0/2026/BIOL470/Final/Learning_Rig/bee_0408_1_fwd/cam1_2026-04-08_16-15-57.mp4,2459.5,2751.5,2192,2463,2727,3040,0.79622394
1124,/Volumes/SmithL0/2026/BIOL470/Final/Learning_Rig/bee_0408_1_fwd/cam1_2026-04-08_16-15-57.mp4,2458.5,2751.5,2191,2464,2726,3039,0.79307795
1125,/Volumes/SmithL0/2026/BIOL470/Final/Learning_Rig/bee_0408_1_fwd/cam1_2026-04-08_16-15-57.mp4,1236.0,808.0,926,450,1546,1166,0.73558646
1126,/Volumes/SmithL0/2026/BIOL470/Final/Learning_Rig/bee_0408_1_fwd/cam1_2026-04-08_16-15-57.mp4,1293.0,610.5,1155,458,1431,763,0.5245858
1127,/Volumes/SmithL0/2026/BIOL470/Final/Learning_Rig/bee_0408_1_fwd/cam1_2026-04-08_16-15-57.mp4,2459.0,2752.0,2192,2465,2726,3039,0.7898887
1128,/Volumes/SmithL0/2026/BIOL470/Final/Learning_Rig/bee_0408_1_fwd/cam1_2026-04-08_16-15-57.mp4,1280.5,723.0,1115,347,1446,1099,0.7341374
1129,/Volumes/SmithL0/2026/BIOL470/Final/Learning_Rig/bee_0408_1_fwd/cam1_2026-04-08_16-15-57.mp4,1186.0,719.5,929,358,1443,1081,0.71072674
1130,/Volumes/SmithL0/2026/BIOL470/Final/Learning_Rig/bee_0408_1_fwd/cam1_2026-04-08_16-15-57.mp4,1311.5,604.5,1110,350,1513,859,0.66712546
1131,/Volumes/SmithL0/2026/BIOL470/Final/Learning_Rig/bee_0408_1_fwd/cam1_2026-04-08_16-15-57.mp4,1185.0,674.0,921,308,1449,1040,0.78657395
1132,/Volumes/SmithL0/2026/BIOL470/Final/Learning_Rig/bee_0408_1_fwd/cam1_2026-04-08_16-15-57.mp4,2459.0,2752.0,2191,2464,2727,3040,0.7814436
1133,/Volumes/SmithL0/2026/BIOL470/Final/Learning_Rig/bee_0408_1_fwd/cam1_2026-04-08_16-15-57.mp4,1165.5,548.5,910,167,1421,930,0.8072296
1134,/Volumes/SmithL0/2026/BIOL470/Final/Learning_Rig/bee_0408_1_fwd/cam1_2026-04-08_16-15-57.mp4,2458.5,2752.5,2192,2466,2725,3039,0.7863986
1135,/Volumes/SmithL0/2026/BIOL470/Final/Learning_Rig/bee_0408_1_fwd/cam1_2026-04-08_16-15-57.mp4,1159.5,495.0,917,117,1402,873,0.7807729
1136,/Volumes/SmithL0/2026/BIOL470/Final/Learning_Rig/bee_0408_1_fwd/cam1_2026-04-08_16-15-57.mp4,2458.5,2752.5,2191,2465,2726,3040,0.78069925
1137,/Volumes/SmithL0/2026/BIOL470/Final/Learning_Rig/bee_0408_1_fwd/cam1_2026-04-08_16-15-57.mp4,2458.5,2753.0,2192,2466,2725,3040,0.7811456
1138,/Volumes/SmithL0/2026/BIOL470/Final/Learning_Rig/bee_0408_1_fwd/cam1_2026-04-08_16-15-57.mp4,1143.5,636.0,888,307,1399,965,0.7588704
1139,/Volumes/SmithL0/2026/BIOL470/Final/Learning_Rig/bee_0408_1_fwd/cam1_2026-04-08_16-15-57.mp4,1142.0,738.5,890,517,1394,960,0.6907719
1140,/Volumes/SmithL0/2026/BIOL470/Final/Learning_Rig/bee_0408_1_fwd/cam1_2026-04-08_16-15-57.mp4,1210.5,604.5,1006,219,1415,990,0.59447926
1141,/Volumes/SmithL0/2026/BIOL470/Final/Learning_Rig/bee_0408_1_fwd/cam1_2026-04-08_16-15-57.mp4,2458.5,2752.5,2191,2465,2726,3040,0.7928517
1142,/Volumes/SmithL0/2026/BIOL470/Final/Learning_Rig/bee_0408_1_fwd/cam1_2026-04-08_16-15-57.mp4,1121.0,635.5,851,266,1391,1005,0.67779493
1143,/Volumes/SmithL0/2026/BIOL470/Final/Learning_Rig/bee_0408_1_fwd/cam1_2026-04-08_16-15-57.mp4,2458.5,2751.5,2191,2463,2726,3040,0.7961872
1144,/Volumes/SmithL0/2026/BIOL470/Final/Learning_Rig/bee_0408_1_fwd/cam1_2026-04-08_16-15-57.mp4,1236.0,736.5,968,363,1504,1110,0.7404735
1145,/Volumes/SmithL0/2026/BIOL470/Final/Learning_Rig/bee_0408_1_fwd/cam1_2026-04-08_16-15-57.mp4,1291.5,795.5,950,444,1633,1147,0.7949412
1146,/Volumes/SmithL0/2026/BIOL470/Final/Learning_Rig/bee_0408_1_fwd/cam1_2026-04-08_16-15-57.mp4,2458.5,2752.0,2191,2465,2726,3039,0.79139274
1147,/Volumes/SmithL0/2026/BIOL470/Final/Learning_Rig/bee_0408_1_fwd/cam1_2026-04-08_16-15-57.mp4,2458.5,2750.5,2190,2462,2727,3039,0.78770447
1148,/Volumes/SmithL0/2026/BIOL470/Final/Learning_Rig/bee_0408_1_fwd/cam1_2026-04-08_16-15-57.mp4,1352.0,765.5,991,359,1713,1172,0.6987171
1149,/Volumes/SmithL0/2026/BIOL470/Final/Learning_Rig/bee_0408_1_fwd/cam1_2026-04-08_16-15-57.mp4,1394.0,896.5,1019,610,1769,1183,0.7711965
1150,/Volumes/SmithL0/2026/BIOL470/Final/Learning_Rig/bee_0408_1_fwd/cam1_2026-04-08_16-15-57.mp4,2459.0,2748.5,2184,2461,2734,3036,0.73568606
1151,/Volumes/SmithL0/2026/BIOL470/Final/Learning_Rig/bee_0408_1_fwd/cam1_2026-04-08_16-15-57.mp4,1285.5,891.0,1030,609,1541,1173,0.7181128
1152,/Volumes/SmithL0/2026/BIOL470/Final/Learning_Rig/bee_0408_1_fwd/cam1_2026-04-08_16-15-57.mp4,2458.5,2752.0,2191,2464,2726,3040,0.7797574
1153,/Volumes/SmithL0/2026/BIOL470/Final/Learning_Rig/bee_0408_1_fwd/cam1_2026-04-08_16-15-57.mp4,1457.0,875.5,1044,596,1870,1155,0.71196973
1154,/Volumes/SmithL0/2026/BIOL470/Final/Learning_Rig/bee_0408_1_fwd/cam1_2026-04-08_16-15-57.mp4,1781.5,917.0,1597,759,1966,1075,0.7391985
1155,/Volumes/SmithL0/2026/BIOL470/Final/Learning_Rig/bee_0408_1_fwd/cam1_2026-04-08_16-15-57.mp4,1586.0,949.0,1197,719,1975,1179,0.7323037
1156,/Volumes/SmithL0/2026/BIOL470/Final/Learning_Rig/bee_0408_1_fwd/cam1_2026-04-08_16-15-57.mp4,2459.0,2751.5,2191,2464,2727,3039,0.7310796
1157,/Volumes/SmithL0/2026/BIOL470/Final/Learning_Rig/bee_0408_1_fwd/cam1_2026-04-08_16-15-57.mp4,1771.0,956.5,1570,748,1972,1165,0.6711231
1158,/Volumes/SmithL0/2026/BIOL470/Final/Learning_Rig/bee_0408_1_fwd/cam1_2026-04-08_16-15-57.mp4,1543.5,927.0,1239,637,1848,1217,0.77292114
1159,/Volumes/SmithL0/2026/BIOL470/Final/Learning_Rig/bee_0408_1_fwd/cam1_2026-04-08_16-15-57.mp4,2460.0,2752.5,2193,2466,2727,3039,0.74323076
1160,/Volumes/SmithL0/2026/BIOL470/Final/Learning_Rig/bee_0408_1_fwd/cam1_2026-04-08_16-15-57.mp4,2007.0,919.0,1871,784,2143,1054,0.8045106
1161,/Volumes/SmithL0/2026/BIOL470/Final/Learning_Rig/bee_0408_1_fwd/cam1_2026-04-08_16-15-57.mp4,1718.5,857.5,1338,621,2099,1094,0.7759324
1162,/Volumes/SmithL0/2026/BIOL470/Final/Learning_Rig/bee_0408_1_fwd/cam1_2026-04-08_16-15-57.mp4,2459.5,2752.0,2192,2465,2727,3039,0.73861164
1163,/Volumes/SmithL0/2026/BIOL470/Final/Learning_Rig/bee_0408_1_fwd/cam1_2026-04-08_16-15-57.mp4,1800.0,837.0,1490,578,2110,1096,0.7978641
1164,/Volumes/SmithL0/2026/BIOL470/Final/Learning_Rig/bee_0408_1_fwd/cam1_2026-04-08_16-15-57.mp4,2458.5,2754.0,2191,2469,2726,3039,0.7691453
1165,/Volumes/SmithL0/2026/BIOL470/Final/Learning_Rig/bee_0408_1_fwd/cam1_2026-04-08_16-15-57.mp4,2254.0,209.5,2108,63,2400,356,0.5164683
1166,/Volumes/SmithL0/2026/BIOL470/Final/Learning_Rig/bee_0408_1_fwd/cam1_2026-04-08_16-15-57.mp4,1841.5,857.0,1573,634,2110,1080,0.8095384
1167,/Volumes/SmithL0/2026/BIOL470/Final/Learning_Rig/bee_0408_1_fwd/cam1_2026-04-08_16-15-57.mp4,2459.0,2752.5,2191,2465,2727,3040,0.7674093
1168,/Volumes/SmithL0/2026/BIOL470/Final/Learning_Rig/bee_0408_1_fwd/cam1_2026-04-08_16-15-57.mp4,1907.5,866.0,1498,624,2317,1108,0.7942687
1169,/Volumes/SmithL0/2026/BIOL470/Final/Learning_Rig/bee_0408_1_fwd/cam1_2026-04-08_16-15-57.mp4,2459.0,2750.5,2191,2462,2727,3039,0.79053307
1170,/Volumes/SmithL0/2026/BIOL470/Final/Learning_Rig/bee_0408_1_fwd/cam1_2026-04-08_16-15-57.mp4,1813.0,870.5,1495,659,2131,1082,0.588947
1171,/Volumes/SmithL0/2026/BIOL470/Final/Learning_Rig/bee_0408_1_fwd/cam1_2026-04-08_16-15-57.mp4,1803.5,878.5,1417,629,2190,1128,0.8227616
1172,/Volumes/SmithL0/2026/BIOL470/Final/Learning_Rig/bee_0408_1_fwd/cam1_2026-04-08_16-15-57.mp4,2459.0,2751.5,2191,2463,2727,3040,0.7935676
1173,/Volumes/SmithL0/2026/BIOL470/Final/Learning_Rig/bee_0408_1_fwd/cam1_2026-04-08_16-15-57.mp4,1672.5,875.5,1438,629,1907,1122,0.6665188
1174,/Volumes/SmithL0/2026/BIOL470/Final/Learning_Rig/bee_0408_1_fwd/cam1_2026-04-08_16-15-57.mp4,2061.5,759.5,1887,583,2236,936,0.570923
1175,/Volumes/SmithL0/2026/BIOL470/Final/Learning_Rig/bee_0408_1_fwd/cam1_2026-04-08_16-15-57.mp4,1777.5,905.0,1379,630,2176,1180,0.75991917
1176,/Volumes/SmithL0/2026/BIOL470/Final/Learning_Rig/bee_0408_1_fwd/cam1_2026-04-08_16-15-57.mp4,2456.5,2748.0,2178,2460,2735,3036,0.73137105
1177,/Volumes/SmithL0/2026/BIOL470/Final/Learning_Rig/bee_0408_1_fwd/cam1_2026-04-08_16-15-57.mp4,1777.0,1100.5,1388,631,2166,1570,0.7856538
1178,/Volumes/SmithL0/2026/BIOL470/Final/Learning_Rig/bee_0408_1_fwd/cam1_2026-04-08_16-15-57.mp4,2456.0,2747.5,2178,2459,2734,3036,0.73930866
1179,/Volumes/SmithL0/2026/BIOL470/Final/Learning_Rig/bee_0408_1_fwd/cam1_2026-04-08_16-15-57.mp4,1770.5,949.0,1389,620,2152,1278,0.7111609
1180,/Volumes/SmithL0/2026/BIOL470/Final/Learning_Rig/bee_0408_1_fwd/cam1_2026-04-08_16-15-57.mp4,2020.5,933.0,1897,638,2144,1228,0.6148777
1181,/Volumes/SmithL0/2026/BIOL470/Final/Learning_Rig/bee_0408_1_fwd/cam1_2026-04-08_16-15-57.mp4,2455.5,2747.5,2178,2459,2733,3036,0.75772005
1182,/Volumes/SmithL0/2026/BIOL470/Final/Learning_Rig/bee_0408_1_fwd/cam1_2026-04-08_16-15-57.mp4,1785.0,1110.5,1427,677,2143,1544,0.7366473
1183,/Volumes/SmithL0/2026/BIOL470/Final/Learning_Rig/bee_0408_1_fwd/cam1_2026-04-08_16-15-57.mp4,1771.0,1005.5,1415,693,2127,1318,0.7496133
1184,/Volumes/SmithL0/2026/BIOL470/Final/Learning_Rig/bee_0408_1_fwd/cam1_2026-04-08_16-15-57.mp4,2455.0,2747.5,2177,2459,2733,3036,0.7472542
1185,/Volumes/SmithL0/2026/BIOL470/Final/Learning_Rig/bee_0408_1_fwd/cam1_2026-04-08_16-15-57.mp4,1886.5,1035.5,1649,696,2124,1375,0.7434599
1186,/Volumes/SmithL0/2026/BIOL470/Final/Learning_Rig/bee_0408_1_fwd/cam1_2026-04-08_16-15-57.mp4,1776.5,1106.5,1460,725,2093,1488,0.809843
1187,/Volumes/SmithL0/2026/BIOL470/Final/Learning_Rig/bee_0408_1_fwd/cam1_2026-04-08_16-15-57.mp4,2456.0,2747.5,2180,2459,2732,3036,0.7507244
1188,/Volumes/SmithL0/2026/BIOL470/Final/Learning_Rig/bee_0408_1_fwd/cam1_2026-04-08_16-15-57.mp4,1771.5,1184.0,1442,803,2101,1565,0.80350834
1189,/Volumes/SmithL0/2026/BIOL470/Final/Learning_Rig/bee_0408_1_fwd/cam1_2026-04-08_16-15-57.mp4,1683.0,1204.5,1451,795,1915,1614,0.74960303
1190,/Volumes/SmithL0/2026/BIOL470/Final/Learning_Rig/bee_0408_1_fwd/cam1_2026-04-08_16-15-57.mp4,2457.0,2747.5,2181,2459,2733,3036,0.7242856
1191,/Volumes/SmithL0/2026/BIOL470/Final/Learning_Rig/bee_0408_1_fwd/cam1_2026-04-08_16-15-57.mp4,1828.5,1443.5,1568,1064,2089,1823,0.7778315
1192,/Volumes/SmithL0/2026/BIOL470/Final/Learning_Rig/bee_0408_1_fwd/cam1_2026-04-08_16-15-57.mp4,2459.5,2752.5,2192,2465,2727,3040,0.7326962
1193,/Volumes/SmithL0/2026/BIOL470/Final/Learning_Rig/bee_0408_1_fwd/cam1_2026-04-08_16-15-57.mp4,1810.5,1623.0,1516,1234,2105,2012,0.8227797
1194,/Volumes/SmithL0/2026/BIOL470/Final/Learning_Rig/bee_0408_1_fwd/cam1_2026-04-08_16-15-57.mp4,2459.0,2750.5,2191,2462,2727,3039,0.7715651
1195,/Volumes/SmithL0/2026/BIOL470/Final/Learning_Rig/bee_0408_1_fwd/cam1_2026-04-08_16-15-57.mp4,1819.0,1736.5,1535,1363,2103,2110,0.7962228
1196,/Volumes/SmithL0/2026/BIOL470/Final/Learning_Rig/bee_0408_1_fwd/cam1_2026-04-08_16-15-57.mp4,2458.5,2752.0,2191,2465,2726,3039,0.7848034
1197,/Volumes/SmithL0/2026/BIOL470/Final/Learning_Rig/bee_0408_1_fwd/cam1_2026-04-08_16-15-57.mp4,1840.5,1942.5,1595,1567,2086,2318,0.8192736
1198,/Volumes/SmithL0/2026/BIOL470/Final/Learning_Rig/bee_0408_1_fwd/cam1_2026-04-08_16-15-57.mp4,2459.0,2752.5,2191,2465,2727,3040,0.78844243
1199,/Volumes/SmithL0/2026/BIOL470/Final/Learning_Rig/bee_0408_1_fwd/cam1_2026-04-08_16-15-57.mp4,1860.0,2053.5,1596,1748,2124,2359,0.81792265
1200,/Volumes/SmithL0/2026/BIOL470/Final/Learning_Rig/bee_0408_1_fwd/cam1_2026-04-08_16-15-57.mp4,2459.0,2752.5,2191,2465,2727,3040,0.78907025
1201,/Volumes/SmithL0/2026/BIOL470/Final/Learning_Rig/bee_0408_1_fwd/cam1_2026-04-08_16-15-57.mp4,1865.5,2094.5,1624,1787,2107,2402,0.8118481
1202,/Volumes/SmithL0/2026/BIOL470/Final/Learning_Rig/bee_0408_1_fwd/cam1_2026-04-08_16-15-57.mp4,2457.5,2751.5,2190,2464,2725,3039,0.7974567
1203,/Volumes/SmithL0/2026/BIOL470/Final/Learning_Rig/bee_0408_1_fwd/cam1_2026-04-08_16-15-57.mp4,1909.5,2276.5,1667,1956,2152,2597,0.8091687
1204,/Volumes/SmithL0/2026/BIOL470/Final/Learning_Rig/bee_0408_1_fwd/cam1_2026-04-08_16-15-57.mp4,2458.0,2750.5,2190,2461,2726,3040,0.8027695
1205,/Volumes/SmithL0/2026/BIOL470/Final/Learning_Rig/bee_0408_1_fwd/cam1_2026-04-08_16-15-57.mp4,1897.0,2243.0,1627,1957,2167,2529,0.81601024
1206,/Volumes/SmithL0/2026/BIOL470/Final/Learning_Rig/bee_0408_1_fwd/cam1_2026-04-08_16-15-57.mp4,2458.0,2752.0,2190,2464,2726,3040,0.8015883
1207,/Volumes/SmithL0/2026/BIOL470/Final/Learning_Rig/bee_0408_1_fwd/cam1_2026-04-08_16-15-57.mp4,1870.5,2214.5,1591,1927,2150,2502,0.8114411
1208,/Volumes/SmithL0/2026/BIOL470/Final/Learning_Rig/bee_0408_1_fwd/cam1_2026-04-08_16-15-57.mp4,2459.0,2752.5,2191,2466,2727,3039,0.7849012
1209,/Volumes/SmithL0/2026/BIOL470/Final/Learning_Rig/bee_0408_1_fwd/cam1_2026-04-08_16-15-57.mp4,2458.0,2752.0,2190,2464,2726,3040,0.80532986
1210,/Volumes/SmithL0/2026/BIOL470/Final/Learning_Rig/bee_0408_1_fwd/cam1_2026-04-08_16-15-57.mp4,1884.0,2201.5,1625,1867,2143,2536,0.7872782
1211,/Volumes/SmithL0/2026/BIOL470/Final/Learning_Rig/bee_0408_1_fwd/cam1_2026-04-08_16-15-57.mp4,2458.0,2752.0,2190,2465,2726,3039,0.80694044
1212,/Volumes/SmithL0/2026/BIOL470/Final/Learning_Rig/bee_0408_1_fwd/cam1_2026-04-08_16-15-57.mp4,1862.5,2190.5,1559,1882,2166,2499,0.77467144
1213,/Volumes/SmithL0/2026/BIOL470/Final/Learning_Rig/bee_0408_1_fwd/cam1_2026-04-08_16-15-57.mp4,1800.0,2150.5,1490,1786,2110,2515,0.79686916
1214,/Volumes/SmithL0/2026/BIOL470/Final/Learning_Rig/bee_0408_1_fwd/cam1_2026-04-08_16-15-57.mp4,2458.0,2750.5,2189,2462,2727,3039,0.7920249
1215,/Volumes/SmithL0/2026/BIOL470/Final/Learning_Rig/bee_0408_1_fwd/cam1_2026-04-08_16-15-57.mp4,1470.0,2222.0,1129,1941,1811,2503,0.8240133
1216,/Volumes/SmithL0/2026/BIOL470/Final/Learning_Rig/bee_0408_1_fwd/cam1_2026-04-08_16-15-57.mp4,2458.5,2750.5,2190,2462,2727,3039,0.77202356
1217,/Volumes/SmithL0/2026/BIOL470/Final/Learning_Rig/bee_0408_1_fwd/cam1_2026-04-08_16-15-57.mp4,2458.5,2750.0,2190,2460,2727,3040,0.7772212
1218,/Volumes/SmithL0/2026/BIOL470/Final/Learning_Rig/bee_0408_1_fwd/cam1_2026-04-08_16-15-57.mp4,1437.0,2233.0,1100,1968,1774,2498,0.7703051
1219,/Volumes/SmithL0/2026/BIOL470/Final/Learning_Rig/bee_0408_1_fwd/cam1_2026-04-08_16-15-57.mp4,2459.0,2752.0,2191,2464,2727,3040,0.77859044
1220,/Volumes/SmithL0/2026/BIOL470/Final/Learning_Rig/bee_0408_1_fwd/cam1_2026-04-08_16-15-57.mp4,1302.0,2255.0,932,2019,1672,2491,0.771226
1221,/Volumes/SmithL0/2026/BIOL470/Final/Learning_Rig/bee_0408_1_fwd/cam1_2026-04-08_16-15-57.mp4,1435.5,2257.0,1229,2031,1642,2483,0.6255133
1222,/Volumes/SmithL0/2026/BIOL470/Final/Learning_Rig/bee_0408_1_fwd/cam1_2026-04-08_16-15-57.mp4,1252.5,2246.5,920,1989,1585,2504,0.7957628
1223,/Volumes/SmithL0/2026/BIOL470/Final/Learning_Rig/bee_0408_1_fwd/cam1_2026-04-08_16-15-57.mp4,2458.5,2752.0,2191,2465,2726,3039,0.7818777
1224,/Volumes/SmithL0/2026/BIOL470/Final/Learning_Rig/bee_0408_1_fwd/cam1_2026-04-08_16-15-57.mp4,1254.5,2236.0,921,1969,1588,2503,0.78759956
1225,/Volumes/SmithL0/2026/BIOL470/Final/Learning_Rig/bee_0408_1_fwd/cam1_2026-04-08_16-15-57.mp4,2459.5,2751.0,2191,2463,2728,3039,0.7688595
1226,/Volumes/SmithL0/2026/BIOL470/Final/Learning_Rig/bee_0408_1_fwd/cam1_2026-04-08_16-15-57.mp4,1272.0,2222.0,926,1963,1618,2481,0.80463517
1227,/Volumes/SmithL0/2026/BIOL470/Final/Learning_Rig/bee_0408_1_fwd/cam1_2026-04-08_16-15-57.mp4,2459.0,2751.5,2191,2464,2727,3039,0.754071
1228,/Volumes/SmithL0/2026/BIOL470/Final/Learning_Rig/bee_0408_1_fwd/cam1_2026-04-08_16-15-57.mp4,1281.5,2164.0,897,1938,1666,2390,0.76535004
1229,/Volumes/SmithL0/2026/BIOL470/Final/Learning_Rig/bee_0408_1_fwd/cam1_2026-04-08_16-15-57.mp4,2459.0,2752.5,2191,2465,2727,3040,0.75331265
1230,/Volumes/SmithL0/2026/BIOL470/Final/Learning_Rig/bee_0408_1_fwd/cam1_2026-04-08_16-15-57.mp4,2458.5,2751.0,2190,2463,2727,3039,0.7797933
1231,/Volumes/SmithL0/2026/BIOL470/Final/Learning_Rig/bee_0408_1_fwd/cam1_2026-04-08_16-15-57.mp4,1297.5,2148.0,923,1901,1672,2395,0.77369726
1232,/Volumes/SmithL0/2026/BIOL470/Final/Learning_Rig/bee_0408_1_fwd/cam1_2026-04-08_16-15-57.mp4,1255.5,2119.5,914,1849,1597,2390,0.8035101
1233,/Volumes/SmithL0/2026/BIOL470/Final/Learning_Rig/bee_0408_1_fwd/cam1_2026-04-08_16-15-57.mp4,2459.0,2752.5,2191,2465,2727,3040,0.77337825
1234,/Volumes/SmithL0/2026/BIOL470/Final/Learning_Rig/bee_0408_1_fwd/cam1_2026-04-08_16-15-57.mp4,1243.0,2113.5,913,1829,1573,2398,0.7908219
1235,/Volumes/SmithL0/2026/BIOL470/Final/Learning_Rig/bee_0408_1_fwd/cam1_2026-04-08_16-15-57.mp4,2460.0,2752.0,2192,2464,2728,3040,0.7518041
1236,/Volumes/SmithL0/2026/BIOL470/Final/Learning_Rig/bee_0408_1_fwd/cam1_2026-04-08_16-15-57.mp4,1244.0,2112.5,915,1830,1573,2395,0.78969866
1237,/Volumes/SmithL0/2026/BIOL470/Final/Learning_Rig/bee_0408_1_fwd/cam1_2026-04-08_16-15-57.mp4,2460.5,2752.0,2192,2465,2729,3039,0.7495848
1238,/Volumes/SmithL0/2026/BIOL470/Final/Learning_Rig/bee_0408_1_fwd/cam1_2026-04-08_16-15-57.mp4,1231.5,2082.5,871,1818,1592,2347,0.7681258
1239,/Volumes/SmithL0/2026/BIOL470/Final/Learning_Rig/bee_0408_1_fwd/cam1_2026-04-08_16-15-57.mp4,2453.5,2748.5,2174,2460,2733,3037,0.7190566
1240,/Volumes/SmithL0/2026/BIOL470/Final/Learning_Rig/bee_0408_1_fwd/cam1_2026-04-08_16-15-57.mp4,1229.0,2164.5,881,1980,1577,2349,0.6516018
1241,/Volumes/SmithL0/2026/BIOL470/Final/Learning_Rig/bee_0408_1_fwd/cam1_2026-04-08_16-15-57.mp4,2452.0,2749.0,2173,2461,2731,3037,0.73188984
1242,/Volumes/SmithL0/2026/BIOL470/Final/Learning_Rig/bee_0408_1_fwd/cam1_2026-04-08_16-15-57.mp4,1233.5,2119.0,892,1872,1575,2366,0.71471834
1243,/Volumes/SmithL0/2026/BIOL470/Final/Learning_Rig/bee_0408_1_fwd/cam1_2026-04-08_16-15-57.mp4,1233.0,2202.5,894,2035,1572,2370,0.6606973
1244,/Volumes/SmithL0/2026/BIOL470/Final/Learning_Rig/bee_0408_1_fwd/cam1_2026-04-08_16-15-57.mp4,1237.5,2096.0,998,1768,1477,2424,0.81667423
1245,/Volumes/SmithL0/2026/BIOL470/Final/Learning_Rig/bee_0408_1_fwd/cam1_2026-04-08_16-15-57.mp4,2458.0,2752.5,2189,2465,2727,3040,0.71837276
1246,/Volumes/SmithL0/2026/BIOL470/Final/Learning_Rig/bee_0408_1_fwd/cam1_2026-04-08_16-15-57.mp4,1249.5,2187.0,1021,1946,1478,2428,0.6891484
1247,/Volumes/SmithL0/2026/BIOL470/Final/Learning_Rig/bee_0408_1_fwd/cam1_2026-04-08_16-15-57.mp4,1213.0,2025.0,923,1682,1503,2368,0.81828564
1248,/Volumes/SmithL0/2026/BIOL470/Final/Learning_Rig/bee_0408_1_fwd/cam1_2026-04-08_16-15-57.mp4,2453.5,2749.0,2173,2461,2734,3037,0.7013253
1249,/Volumes/SmithL0/2026/BIOL470/Final/Learning_Rig/bee_0408_1_fwd/cam1_2026-04-08_16-15-57.mp4,1279.5,1952.0,1040,1614,1519,2290,0.80358595
1250,/Volumes/SmithL0/2026/BIOL470/Final/Learning_Rig/bee_0408_1_fwd/cam1_2026-04-08_16-15-57.mp4,2459.0,2752.0,2191,2464,2727,3040,0.7333898
1251,/Volumes/SmithL0/2026/BIOL470/Final/Learning_Rig/bee_0408_1_fwd/cam1_2026-04-08_16-15-57.mp4,1277.0,1836.0,1025,1473,1529,2199,0.8139077
1252,/Volumes/SmithL0/2026/BIOL470/Final/Learning_Rig/bee_0408_1_fwd/cam1_2026-04-08_16-15-57.mp4,2459.0,2751.0,2191,2463,2727,3039,0.7461133
1253,/Volumes/SmithL0/2026/BIOL470/Final/Learning_Rig/bee_0408_1_fwd/cam1_2026-04-08_16-15-57.mp4,1269.0,1769.0,1005,1420,1533,2118,0.8044199
1254,/Volumes/SmithL0/2026/BIOL470/Final/Learning_Rig/bee_0408_1_fwd/cam1_2026-04-08_16-15-57.mp4,2459.5,2752.0,2191,2464,2728,3040,0.71762764
1255,/Volumes/SmithL0/2026/BIOL470/Final/Learning_Rig/bee_0408_1_fwd/cam1_2026-04-08_16-15-57.mp4,1197.5,1604.5,892,1251,1503,1958,0.79571956
1256,/Volumes/SmithL0/2026/BIOL470/Final/Learning_Rig/bee_0408_1_fwd/cam1_2026-04-08_16-15-57.mp4,2459.5,2750.5,2192,2462,2727,3039,0.77851754
1257,/Volumes/SmithL0/2026/BIOL470/Final/Learning_Rig/bee_0408_1_fwd/cam1_2026-04-08_16-15-57.mp4,1151.0,1423.5,919,1064,1383,1783,0.78415126
1258,/Volumes/SmithL0/2026/BIOL470/Final/Learning_Rig/bee_0408_1_fwd/cam1_2026-04-08_16-15-57.mp4,2459.0,2751.5,2192,2463,2726,3040,0.77965
1259,/Volumes/SmithL0/2026/BIOL470/Final/Learning_Rig/bee_0408_1_fwd/cam1_2026-04-08_16-15-57.mp4,2458.5,2751.5,2191,2463,2726,3040,0.7626623
1260,/Volumes/SmithL0/2026/BIOL470/Final/Learning_Rig/bee_0408_1_fwd/cam1_2026-04-08_16-15-57.mp4,1166.0,1019.0,908,643,1424,1395,0.73037654
1261,/Volumes/SmithL0/2026/BIOL470/Final/Learning_Rig/bee_0408_1_fwd/cam1_2026-04-08_16-15-57.mp4,2458.0,2751.5,2191,2464,2725,3039,0.7486187
1262,/Volumes/SmithL0/2026/BIOL470/Final/Learning_Rig/bee_0408_1_fwd/cam1_2026-04-08_16-15-57.mp4,2252.0,207.5,2109,62,2395,353,0.51916677
1263,/Volumes/SmithL0/2026/BIOL470/Final/Learning_Rig/bee_0408_1_fwd/cam1_2026-04-08_16-15-57.mp4,1170.0,722.5,909,365,1431,1080,0.79145294
1264,/Volumes/SmithL0/2026/BIOL470/Final/Learning_Rig/bee_0408_1_fwd/cam1_2026-04-08_16-15-57.mp4,2459.5,2752.0,2193,2465,2726,3039,0.7603809
1265,/Volumes/SmithL0/2026/BIOL470/Final/Learning_Rig/bee_0408_1_fwd/cam1_2026-04-08_16-15-57.mp4,1136.5,573.5,880,202,1393,945,0.78362715
1266,/Volumes/SmithL0/2026/BIOL470/Final/Learning_Rig/bee_0408_1_fwd/cam1_2026-04-08_16-15-57.mp4,2457.0,2747.5,2182,2459,2732,3036,0.7224388
1267,/Volumes/SmithL0/2026/BIOL470/Final/Learning_Rig/bee_0408_1_fwd/cam1_2026-04-08_16-15-57.mp4,1218.0,541.0,914,155,1522,927,0.7737156
1268,/Volumes/SmithL0/2026/BIOL470/Final/Learning_Rig/bee_0408_1_fwd/cam1_2026-04-08_16-15-57.mp4,2459.5,2752.5,2193,2466,2726,3039,0.7407244
1269,/Volumes/SmithL0/2026/BIOL470/Final/Learning_Rig/bee_0408_1_fwd/cam1_2026-04-08_16-15-57.mp4,1172.5,557.5,914,168,1431,947,0.7738044
1270,/Volumes/SmithL0/2026/BIOL470/Final/Learning_Rig/bee_0408_1_fwd/cam1_2026-04-08_16-15-57.mp4,2454.0,2749.0,2176,2461,2732,3037,0.7292059
1271,/Volumes/SmithL0/2026/BIOL470/Final/Learning_Rig/bee_0408_1_fwd/cam1_2026-04-08_16-15-57.mp4,1189.0,683.0,896,322,1482,1044,0.7958446
1272,/Volumes/SmithL0/2026/BIOL470/Final/Learning_Rig/bee_0408_1_fwd/cam1_2026-04-08_16-15-57.mp4,2459.0,2751.0,2192,2463,2726,3039,0.729024
1273,/Volumes/SmithL0/2026/BIOL470/Final/Learning_Rig/bee_0408_1_fwd/cam1_2026-04-08_16-15-57.mp4,1206.0,688.0,898,330,1514,1046,0.8045427
1274,/Volumes/SmithL0/2026/BIOL470/Final/Learning_Rig/bee_0408_1_fwd/cam1_2026-04-08_16-15-57.mp4,2459.5,2752.0,2192,2464,2727,3040,0.7596961
1275,/Volumes/SmithL0/2026/BIOL470/Final/Learning_Rig/bee_0408_1_fwd/cam1_2026-04-08_16-15-57.mp4,1224.0,684.0,917,337,1531,1031,0.7953854
1276,/Volumes/SmithL0/2026/BIOL470/Final/Learning_Rig/bee_0408_1_fwd/cam1_2026-04-08_16-15-57.mp4,2456.5,2748.0,2177,2460,2736,3036,0.7070088
1277,/Volumes/SmithL0/2026/BIOL470/Final/Learning_Rig/bee_0408_1_fwd/cam1_2026-04-08_16-15-57.mp4,2458.5,2751.0,2191,2463,2726,3039,0.7671694
1278,/Volumes/SmithL0/2026/BIOL470/Final/Learning_Rig/bee_0408_1_fwd/cam1_2026-04-08_16-15-57.mp4,1246.0,710.5,921,372,1571,1049,0.6524855
1279,/Volumes/SmithL0/2026/BIOL470/Final/Learning_Rig/bee_0408_1_fwd/cam1_2026-04-08_16-15-57.mp4,2458.0,2753.0,2191,2467,2725,3039,0.7867115
1280,/Volumes/SmithL0/2026/BIOL470/Final/Learning_Rig/bee_0408_1_fwd/cam1_2026-04-08_16-15-57.mp4,1257.0,714.5,944,368,1570,1061,0.7397951
1281,/Volumes/SmithL0/2026/BIOL470/Final/Learning_Rig/bee_0408_1_fwd/cam1_2026-04-08_16-15-57.mp4,2458.5,2751.0,2190,2463,2727,3039,0.78412277
1282,/Volumes/SmithL0/2026/BIOL470/Final/Learning_Rig/bee_0408_1_fwd/cam1_2026-04-08_16-15-57.mp4,1247.5,727.0,923,366,1572,1088,0.7560653
1283,/Volumes/SmithL0/2026/BIOL470/Final/Learning_Rig/bee_0408_1_fwd/cam1_2026-04-08_16-15-57.mp4,1299.5,792.5,1000,419,1599,1166,0.80012065
1284,/Volumes/SmithL0/2026/BIOL470/Final/Learning_Rig/bee_0408_1_fwd/cam1_2026-04-08_16-15-57.mp4,2459.5,2753.0,2191,2466,2728,3040,0.78068966
1285,/Volumes/SmithL0/2026/BIOL470/Final/Learning_Rig/bee_0408_1_fwd/cam1_2026-04-08_16-15-57.mp4,2459.0,2754.0,2192,2468,2726,3040,0.78913623
1286,/Volumes/SmithL0/2026/BIOL470/Final/Learning_Rig/bee_0408_1_fwd/cam1_2026-04-08_16-15-57.mp4,1332.0,792.5,1004,438,1660,1147,0.7405794
1287,/Volumes/SmithL0/2026/BIOL470/Final/Learning_Rig/bee_0408_1_fwd/cam1_2026-04-08_16-15-57.mp4,1176.0,759.0,976,464,1376,1054,0.59889203
1288,/Volumes/SmithL0/2026/BIOL470/Final/Learning_Rig/bee_0408_1_fwd/cam1_2026-04-08_16-15-57.mp4,1146.5,659.0,1019,462,1274,856,0.52995336
1289,/Volumes/SmithL0/2026/BIOL470/Final/Learning_Rig/bee_0408_1_fwd/cam1_2026-04-08_16-15-57.mp4,1305.0,844.5,919,524,1691,1165,0.78815114
1290,/Volumes/SmithL0/2026/BIOL470/Final/Learning_Rig/bee_0408_1_fwd/cam1_2026-04-08_16-15-57.mp4,2459.0,2753.5,2192,2467,2726,3040,0.7877374
1291,/Volumes/SmithL0/2026/BIOL470/Final/Learning_Rig/bee_0408_1_fwd/cam1_2026-04-08_16-15-57.mp4,1297.0,820.5,886,532,1708,1109,0.79669976
1292,/Volumes/SmithL0/2026/BIOL470/Final/Learning_Rig/bee_0408_1_fwd/cam1_2026-04-08_16-15-57.mp4,2458.0,2752.0,2190,2464,2726,3040,0.79564804
1293,/Volumes/SmithL0/2026/BIOL470/Final/Learning_Rig/bee_0408_1_fwd/cam1_2026-04-08_16-15-57.mp4,2458.5,2751.5,2191,2464,2726,3039,0.78600055
1294,/Volumes/SmithL0/2026/BIOL470/Final/Learning_Rig/bee_0408_1_fwd/cam1_2026-04-08_16-15-57.mp4,1244.5,840.5,821,575,1668,1106,0.7714816
1295,/Volumes/SmithL0/2026/BIOL470/Final/Learning_Rig/bee_0408_1_fwd/cam1_2026-04-08_16-15-57.mp4,2253.0,207.5,2112,61,2394,354,0.5305808
1296,/Volumes/SmithL0/2026/BIOL470/Final/Learning_Rig/bee_0408_1_fwd/cam1_2026-04-08_16-15-57.mp4,2458.5,2751.0,2191,2463,2726,3039,0.77500755
1297,/Volumes/SmithL0/2026/BIOL470/Final/Learning_Rig/bee_0408_1_fwd/cam1_2026-04-08_16-15-57.mp4,1357.0,911.5,1065,636,1649,1187,0.6956142
1298,/Volumes/SmithL0/2026/BIOL470/Final/Learning_Rig/bee_0408_1_fwd/cam1_2026-04-08_16-15-57.mp4,2459.0,2752.5,2191,2466,2727,3039,0.7574856
1299,/Volumes/SmithL0/2026/BIOL470/Final/Learning_Rig/bee_0408_1_fwd/cam1_2026-04-08_16-15-57.mp4,1292.0,922.0,912,622,1672,1222,0.7204151
1300,/Volumes/SmithL0/2026/BIOL470/Final/Learning_Rig/bee_0408_1_fwd/cam1_2026-04-08_16-15-57.mp4,1477.0,815.5,1311,665,1643,966,0.5072939
1301,/Volumes/SmithL0/2026/BIOL470/Final/Learning_Rig/bee_0408_1_fwd/cam1_2026-04-08_16-15-57.mp4,2459.5,2751.5,2192,2463,2727,3040,0.7694738
1302,/Volumes/SmithL0/2026/BIOL470/Final/Learning_Rig/bee_0408_1_fwd/cam1_2026-04-08_16-15-57.mp4,1394.0,908.0,1087,633,1701,1183,0.76195914
1303,/Volumes/SmithL0/2026/BIOL470/Final/Learning_Rig/bee_0408_1_fwd/cam1_2026-04-08_16-15-57.mp4,1320.5,869.0,934,555,1707,1183,0.7033855
1304,/Volumes/SmithL0/2026/BIOL470/Final/Learning_Rig/bee_0408_1_fwd/cam1_2026-04-08_16-15-57.mp4,1458.5,914.0,1208,675,1709,1153,0.6812451
1305,/Volumes/SmithL0/2026/BIOL470/Final/Learning_Rig/bee_0408_1_fwd/cam1_2026-04-08_16-15-57.mp4,1523.5,851.5,1353,691,1694,1012,0.5959922
1306,/Volumes/SmithL0/2026/BIOL470/Final/Learning_Rig/bee_0408_1_fwd/cam1_2026-04-08_16-15-57.mp4,1041.0,2926.5,736,2813,1346,3040,0.5078539
1307,/Volumes/SmithL0/2026/BIOL470/Final/Learning_Rig/bee_0408_1_fwd/cam1_2026-04-08_16-15-57.mp4,2459.0,2751.5,2191,2464,2727,3039,0.7679348
1308,/Volumes/SmithL0/2026/BIOL470/Final/Learning_Rig/bee_0408_1_fwd/cam1_2026-04-08_16-15-57.mp4,1383.5,863.0,976,592,1791,1134,0.7637363
1309,/Volumes/SmithL0/2026/BIOL470/Final/Learning_Rig/bee_0408_1_fwd/cam1_2026-04-08_16-15-57.mp4,2457.5,2751.5,2190,2464,2725,3039,0.7750943
1310,/Volumes/SmithL0/2026/BIOL470/Final/Learning_Rig/bee_0408_1_fwd/cam1_2026-04-08_16-15-57.mp4,1413.0,831.0,1027,596,1799,1066,0.6912434
1311,/Volumes/SmithL0/2026/BIOL470/Final/Learning_Rig/bee_0408_1_fwd/cam1_2026-04-08_16-15-57.mp4,1596.0,889.5,1392,723,1800,1056,0.56252855
1312,/Volumes/SmithL0/2026/BIOL470/Final/Learning_Rig/bee_0408_1_fwd/cam1_2026-04-08_16-15-57.mp4,1364.5,815.0,996,533,1733,1097,0.7867614
1313,/Volumes/SmithL0/2026/BIOL470/Final/Learning_Rig/bee_0408_1_fwd/cam1_2026-04-08_16-15-57.mp4,2458.5,2751.5,2191,2463,2726,3040,0.78120035
1314,/Volumes/SmithL0/2026/BIOL470/Final/Learning_Rig/bee_0408_1_fwd/cam1_2026-04-08_16-15-57.mp4,1296.5,803.5,907,529,1686,1078,0.7921234
1315,/Volumes/SmithL0/2026/BIOL470/Final/Learning_Rig/bee_0408_1_fwd/cam1_2026-04-08_16-15-57.mp4,2458.5,2752.5,2191,2466,2726,3039,0.7754435
1316,/Volumes/SmithL0/2026/BIOL470/Final/Learning_Rig/bee_0408_1_fwd/cam1_2026-04-08_16-15-57.mp4,1226.5,712.0,867,386,1586,1038,0.81344354
1317,/Volumes/SmithL0/2026/BIOL470/Final/Learning_Rig/bee_0408_1_fwd/cam1_2026-04-08_16-15-57.mp4,2458.5,2753.0,2191,2466,2726,3040,0.7782662
1318,/Volumes/SmithL0/2026/BIOL470/Final/Learning_Rig/bee_0408_1_fwd/cam1_2026-04-08_16-15-57.mp4,1265.0,644.5,918,299,1612,990,0.8202051
1319,/Volumes/SmithL0/2026/BIOL470/Final/Learning_Rig/bee_0408_1_fwd/cam1_2026-04-08_16-15-57.mp4,2459.5,2751.5,2192,2464,2727,3039,0.78229517
1320,/Volumes/SmithL0/2026/BIOL470/Final/Learning_Rig/bee_0408_1_fwd/cam1_2026-04-08_16-15-57.mp4,2458.5,2752.0,2191,2465,2726,3039,0.793758
1321,/Volumes/SmithL0/2026/BIOL470/Final/Learning_Rig/bee_0408_1_fwd/cam1_2026-04-08_16-15-57.mp4,1337.5,641.0,988,314,1687,968,0.782679
1322,/Volumes/SmithL0/2026/BIOL470/Final/Learning_Rig/bee_0408_1_fwd/cam1_2026-04-08_16-15-57.mp4,1357.0,733.5,1014,492,1700,975,0.70413876
1323,/Volumes/SmithL0/2026/BIOL470/Final/Learning_Rig/bee_0408_1_fwd/cam1_2026-04-08_16-15-57.mp4,1371.0,670.5,1024,339,1718,1002,0.7748338
1324,/Volumes/SmithL0/2026/BIOL470/Final/Learning_Rig/bee_0408_1_fwd/cam1_2026-04-08_16-15-57.mp4,2458.5,2752.5,2191,2466,2726,3039,0.77406543
1325,/Volumes/SmithL0/2026/BIOL470/Final/Learning_Rig/bee_0408_1_fwd/cam1_2026-04-08_16-15-57.mp4,1416.5,678.5,1046,366,1787,991,0.7760127
1326,/Volumes/SmithL0/2026/BIOL470/Final/Learning_Rig/bee_0408_1_fwd/cam1_2026-04-08_16-15-57.mp4,2460.0,2752.0,2192,2464,2728,3040,0.7687356
1327,/Volumes/SmithL0/2026/BIOL470/Final/Learning_Rig/bee_0408_1_fwd/cam1_2026-04-08_16-15-57.mp4,1444.5,761.5,1112,509,1777,1014,0.68081164
1328,/Volumes/SmithL0/2026/BIOL470/Final/Learning_Rig/bee_0408_1_fwd/cam1_2026-04-08_16-15-57.mp4,1428.0,667.5,1065,332,1791,1003,0.7831923
1329,/Volumes/SmithL0/2026/BIOL470/Final/Learning_Rig/bee_0408_1_fwd/cam1_2026-04-08_16-15-57.mp4,2460.5,2751.5,2192,2464,2729,3039,0.750132
1330,/Volumes/SmithL0/2026/BIOL470/Final/Learning_Rig/bee_0408_1_fwd/cam1_2026-04-08_16-15-57.mp4,1378.0,758.5,1045,397,1711,1120,0.7980012
1331,/Volumes/SmithL0/2026/BIOL470/Final/Learning_Rig/bee_0408_1_fwd/cam1_2026-04-08_16-15-57.mp4,2459.5,2752.0,2191,2464,2728,3040,0.74497044
1332,/Volumes/SmithL0/2026/BIOL470/Final/Learning_Rig/bee_0408_1_fwd/cam1_2026-04-08_16-15-57.mp4,1401.0,806.0,1093,436,1709,1176,0.811818
1333,/Volumes/SmithL0/2026/BIOL470/Final/Learning_Rig/bee_0408_1_fwd/cam1_2026-04-08_16-15-57.mp4,2460.0,2750.5,2192,2461,2728,3040,0.78342885
1334,/Volumes/SmithL0/2026/BIOL470/Final/Learning_Rig/bee_0408_1_fwd/cam1_2026-04-08_16-15-57.mp4,2459.0,2750.0,2191,2460,2727,3040,0.78348446
1335,/Volumes/SmithL0/2026/BIOL470/Final/Learning_Rig/bee_0408_1_fwd/cam1_2026-04-08_16-15-57.mp4,1516.5,798.5,1235,421,1798,1176,0.7688614
1336,/Volumes/SmithL0/2026/BIOL470/Final/Learning_Rig/bee_0408_1_fwd/cam1_2026-04-08_16-15-57.mp4,1560.5,759.5,1226,365,1895,1154,0.7730209
1337,/Volumes/SmithL0/2026/BIOL470/Final/Learning_Rig/bee_0408_1_fwd/cam1_2026-04-08_16-15-57.mp4,2459.5,2751.5,2192,2464,2727,3039,0.7584661
1338,/Volumes/SmithL0/2026/BIOL470/Final/Learning_Rig/bee_0408_1_fwd/cam1_2026-04-08_16-15-57.mp4,1633.0,543.0,1472,374,1794,712,0.65788066
1339,/Volumes/SmithL0/2026/BIOL470/Final/Learning_Rig/bee_0408_1_fwd/cam1_2026-04-08_16-15-57.mp4,1462.5,774.5,1221,412,1704,1137,0.5274209
1340,/Volumes/SmithL0/2026/BIOL470/Final/Learning_Rig/bee_0408_1_fwd/cam1_2026-04-08_16-15-57.mp4,2460.0,2750.5,2192,2462,2728,3039,0.7553996
1341,/Volumes/SmithL0/2026/BIOL470/Final/Learning_Rig/bee_0408_1_fwd/cam1_2026-04-08_16-15-57.mp4,1578.0,809.0,1277,443,1879,1175,0.73867995
1342,/Volumes/SmithL0/2026/BIOL470/Final/Learning_Rig/bee_0408_1_fwd/cam1_2026-04-08_16-15-57.mp4,1611.5,845.0,1306,506,1917,1184,0.7909283
1343,/Volumes/SmithL0/2026/BIOL470/Final/Learning_Rig/bee_0408_1_fwd/cam1_2026-04-08_16-15-57.mp4,2459.0,2751.5,2192,2464,2726,3039,0.75978565
1344,/Volumes/SmithL0/2026/BIOL470/Final/Learning_Rig/bee_0408_1_fwd/cam1_2026-04-08_16-15-57.mp4,1648.0,861.5,1316,539,1980,1184,0.8325751
1345,/Volumes/SmithL0/2026/BIOL470/Final/Learning_Rig/bee_0408_1_fwd/cam1_2026-04-08_16-15-57.mp4,2455.0,2748.5,2179,2460,2731,3037,0.7495442
1346,/Volumes/SmithL0/2026/BIOL470/Final/Learning_Rig/bee_0408_1_fwd/cam1_2026-04-08_16-15-57.mp4,1664.0,870.5,1305,566,2023,1175,0.781708
1347,/Volumes/SmithL0/2026/BIOL470/Final/Learning_Rig/bee_0408_1_fwd/cam1_2026-04-08_16-15-57.mp4,2454.5,2749.0,2175,2461,2734,3037,0.6867276
1348,/Volumes/SmithL0/2026/BIOL470/Final/Learning_Rig/bee_0408_1_fwd/cam1_2026-04-08_16-15-57.mp4,1857.0,783.5,1700,580,2014,987,0.5578346
1349,/Volumes/SmithL0/2026/BIOL470/Final/Learning_Rig/bee_0408_1_fwd/cam1_2026-04-08_16-15-57.mp4,1705.5,833.5,1381,522,2030,1145,0.77235055
1350,/Volumes/SmithL0/2026/BIOL470/Final/Learning_Rig/bee_0408_1_fwd/cam1_2026-04-08_16-15-57.mp4,2458.5,2751.0,2191,2462,2726,3040,0.74896294
1351,/Volumes/SmithL0/2026/BIOL470/Final/Learning_Rig/bee_0408_1_fwd/cam1_2026-04-08_16-15-57.mp4,1932.5,709.5,1771,574,2094,845,0.53861874
1352,/Volumes/SmithL0/2026/BIOL470/Final/Learning_Rig/bee_0408_1_fwd/cam1_2026-04-08_16-15-57.mp4,1822.0,798.5,1454,523,2190,1074,0.7630919
1353,/Volumes/SmithL0/2026/BIOL470/Final/Learning_Rig/bee_0408_1_fwd/cam1_2026-04-08_16-15-57.mp4,2457.0,2748.5,2181,2461,2733,3036,0.75506836
1354,/Volumes/SmithL0/2026/BIOL470/Final/Learning_Rig/bee_0408_1_fwd/cam1_2026-04-08_16-15-57.mp4,1992.0,673.5,1844,536,2140,811,0.6807576
1355,/Volumes/SmithL0/2026/BIOL470/Final/Learning_Rig/bee_0408_1_fwd/cam1_2026-04-08_16-15-57.mp4,1699.5,787.5,1441,498,1958,1077,0.67114437
1356,/Volumes/SmithL0/2026/BIOL470/Final/Learning_Rig/bee_0408_1_fwd/cam1_2026-04-08_16-15-57.mp4,1769.0,866.5,1396,572,2142,1161,0.7675121
1357,/Volumes/SmithL0/2026/BIOL470/Final/Learning_Rig/bee_0408_1_fwd/cam1_2026-04-08_16-15-57.mp4,1666.5,877.5,1412,593,1921,1162,0.7544112
1358,/Volumes/SmithL0/2026/BIOL470/Final/Learning_Rig/bee_0408_1_fwd/cam1_2026-04-08_16-15-57.mp4,2458.5,2752.5,2191,2466,2726,3039,0.7513712
1359,/Volumes/SmithL0/2026/BIOL470/Final/Learning_Rig/bee_0408_1_fwd/cam1_2026-04-08_16-15-57.mp4,1754.0,872.0,1386,595,2122,1149,0.7725361
1360,/Volumes/SmithL0/2026/BIOL470/Final/Learning_Rig/bee_0408_1_fwd/cam1_2026-04-08_16-15-57.mp4,2459.0,2752.0,2192,2464,2726,3040,0.7670737
1361,/Volumes/SmithL0/2026/BIOL470/Final/Learning_Rig/bee_0408_1_fwd/cam1_2026-04-08_16-15-57.mp4,2458.0,2752.5,2190,2465,2726,3040,0.7473461
1362,/Volumes/SmithL0/2026/BIOL470/Final/Learning_Rig/bee_0408_1_fwd/cam1_2026-04-08_16-15-57.mp4,1734.0,879.5,1345,570,2123,1189,0.5072409
1363,/Volumes/SmithL0/2026/BIOL470/Final/Learning_Rig/bee_0408_1_fwd/cam1_2026-04-08_16-15-57.mp4,1716.0,935.5,1314,702,2118,1169,0.7637484
1364,/Volumes/SmithL0/2026/BIOL470/Final/Learning_Rig/bee_0408_1_fwd/cam1_2026-04-08_16-15-57.mp4,2458.5,2752.5,2191,2466,2726,3039,0.7585206
1365,/Volumes/SmithL0/2026/BIOL470/Final/Learning_Rig/bee_0408_1_fwd/cam1_2026-04-08_16-15-57.mp4,2252.5,209.5,2110,62,2395,357,0.50573707
1366,/Volumes/SmithL0/2026/BIOL470/Final/Learning_Rig/bee_0408_1_fwd/cam1_2026-04-08_16-15-57.mp4,1807.5,910.5,1393,624,2222,1197,0.7882294
1367,/Volumes/SmithL0/2026/BIOL470/Final/Learning_Rig/bee_0408_1_fwd/cam1_2026-04-08_16-15-57.mp4,2459.0,2751.5,2192,2463,2726,3040,0.7574544
1368,/Volumes/SmithL0/2026/BIOL470/Final/Learning_Rig/bee_0408_1_fwd/cam1_2026-04-08_16-15-57.mp4,1838.0,899.5,1480,609,2196,1190,0.7793691
1369,/Volumes/SmithL0/2026/BIOL470/Final/Learning_Rig/bee_0408_1_fwd/cam1_2026-04-08_16-15-57.mp4,2459.5,2750.5,2192,2461,2727,3040,0.7624953
1370,/Volumes/SmithL0/2026/BIOL470/Final/Learning_Rig/bee_0408_1_fwd/cam1_2026-04-08_16-15-57.mp4,2459.5,2751.5,2192,2464,2727,3039,0.7729008
1371,/Volumes/SmithL0/2026/BIOL470/Final/Learning_Rig/bee_0408_1_fwd/cam1_2026-04-08_16-15-57.mp4,1829.5,1067.5,1439,644,2220,1491,0.5091577
1372,/Volumes/SmithL0/2026/BIOL470/Final/Learning_Rig/bee_0408_1_fwd/cam1_2026-04-08_16-15-57.mp4,2459.0,2751.0,2192,2462,2726,3040,0.7763019
1373,/Volumes/SmithL0/2026/BIOL470/Final/Learning_Rig/bee_0408_1_fwd/cam1_2026-04-08_16-15-57.mp4,1844.0,1016.5,1473,702,2215,1331,0.7495399
1374,/Volumes/SmithL0/2026/BIOL470/Final/Learning_Rig/bee_0408_1_fwd/cam1_2026-04-08_16-15-57.mp4,1869.5,1094.5,1590,750,2149,1439,0.82628953
1375,/Volumes/SmithL0/2026/BIOL470/Final/Learning_Rig/bee_0408_1_fwd/cam1_2026-04-08_16-15-57.mp4,2456.5,2748.0,2181,2460,2732,3036,0.73986506
1376,/Volumes/SmithL0/2026/BIOL470/Final/Learning_Rig/bee_0408_1_fwd/cam1_2026-04-08_16-15-57.mp4,1985.0,1084.0,1636,741,2334,1427,0.79144794
1377,/Volumes/SmithL0/2026/BIOL470/Final/Learning_Rig/bee_0408_1_fwd/cam1_2026-04-08_16-15-57.mp4,2459.0,2752.0,2191,2464,2727,3040,0.7458405
1378,/Volumes/SmithL0/2026/BIOL470/Final/Learning_Rig/bee_0408_1_fwd/cam1_2026-04-08_16-15-57.mp4,1873.0,1097.5,1634,751,2112,1444,0.67509055
1379,/Volumes/SmithL0/2026/BIOL470/Final/Learning_Rig/bee_0408_1_fwd/cam1_2026-04-08_16-15-57.mp4,2460.0,2751.5,2192,2463,2728,3040,0.760077
1380,/Volumes/SmithL0/2026/BIOL470/Final/Learning_Rig/bee_0408_1_fwd/cam1_2026-04-08_16-15-57.mp4,2460.0,2751.5,2193,2463,2727,3040,0.7609792
1381,/Volumes/SmithL0/2026/BIOL470/Final/Learning_Rig/bee_0408_1_fwd/cam1_2026-04-08_16-15-57.mp4,1879.0,1230.0,1613,836,2145,1624,0.71056217
1382,/Volumes/SmithL0/2026/BIOL470/Final/Learning_Rig/bee_0408_1_fwd/cam1_2026-04-08_16-15-57.mp4,1830.5,1268.5,1542,864,2119,1673,0.7893848
1383,/Volumes/SmithL0/2026/BIOL470/Final/Learning_Rig/bee_0408_1_fwd/cam1_2026-04-08_16-15-57.mp4,2460.0,2753.0,2192,2466,2728,3040,0.762223
1384,/Volumes/SmithL0/2026/BIOL470/Final/Learning_Rig/bee_0408_1_fwd/cam1_2026-04-08_16-15-57.mp4,1731.5,1336.5,1401,972,2062,1701,0.83207226
1385,/Volumes/SmithL0/2026/BIOL470/Final/Learning_Rig/bee_0408_1_fwd/cam1_2026-04-08_16-15-57.mp4,2460.0,2751.0,2193,2463,2727,3039,0.7660946
1386,/Volumes/SmithL0/2026/BIOL470/Final/Learning_Rig/bee_0408_1_fwd/cam1_2026-04-08_16-15-57.mp4,1888.0,1202.5,1741,986,2035,1419,0.74100286
1387,/Volumes/SmithL0/2026/BIOL470/Final/Learning_Rig/bee_0408_1_fwd/cam1_2026-04-08_16-15-57.mp4,1345.5,1447.5,1010,1146,1681,1749,0.80711293
1388,/Volumes/SmithL0/2026/BIOL470/Final/Learning_Rig/bee_0408_1_fwd/cam1_2026-04-08_16-15-57.mp4,2460.0,2753.5,2192,2467,2728,3040,0.7459614
1389,/Volumes/SmithL0/2026/BIOL470/Final/Learning_Rig/bee_0408_1_fwd/cam1_2026-04-08_16-15-57.mp4,1550.0,1347.5,1379,1164,1721,1531,0.5927334
1390,/Volumes/SmithL0/2026/BIOL470/Final/Learning_Rig/bee_0408_1_fwd/cam1_2026-04-08_16-15-57.mp4,1261.5,1496.5,932,1198,1591,1795,0.80060804
1391,/Volumes/SmithL0/2026/BIOL470/Final/Learning_Rig/bee_0408_1_fwd/cam1_2026-04-08_16-15-57.mp4,2456.5,2748.0,2180,2460,2733,3036,0.7403232
1392,/Volumes/SmithL0/2026/BIOL470/Final/Learning_Rig/bee_0408_1_fwd/cam1_2026-04-08_16-15-57.mp4,1215.5,1634.5,921,1307,1510,1962,0.81029576
1393,/Volumes/SmithL0/2026/BIOL470/Final/Learning_Rig/bee_0408_1_fwd/cam1_2026-04-08_16-15-57.mp4,2458.5,2750.5,2191,2462,2726,3039,0.77077824
1394,/Volumes/SmithL0/2026/BIOL470/Final/Learning_Rig/bee_0408_1_fwd/cam1_2026-04-08_16-15-57.mp4,1212.5,1751.0,924,1380,1501,2122,0.804925
1395,/Volumes/SmithL0/2026/BIOL470/Final/Learning_Rig/bee_0408_1_fwd/cam1_2026-04-08_16-15-57.mp4,2459.5,2750.5,2192,2462,2727,3039,0.75692844
1396,/Volumes/SmithL0/2026/BIOL470/Final/Learning_Rig/bee_0408_1_fwd/cam1_2026-04-08_16-15-57.mp4,1279.5,1879.0,984,1510,1575,2248,0.81955934
1397,/Volumes/SmithL0/2026/BIOL470/Final/Learning_Rig/bee_0408_1_fwd/cam1_2026-04-08_16-15-57.mp4,2455.0,2747.0,2177,2458,2733,3036,0.73526055
1398,/Volumes/SmithL0/2026/BIOL470/Final/Learning_Rig/bee_0408_1_fwd/cam1_2026-04-08_16-15-57.mp4,1333.5,1941.0,1083,1580,1584,2302,0.8099695
1399,/Volumes/SmithL0/2026/BIOL470/Final/Learning_Rig/bee_0408_1_fwd/cam1_2026-04-08_16-15-57.mp4,2459.0,2750.5,2191,2462,2727,3039,0.72861075
1400,/Volumes/SmithL0/2026/BIOL470/Final/Learning_Rig/bee_0408_1_fwd/cam1_2026-04-08_16-15-57.mp4,1450.0,2084.0,1118,1765,1782,2403,0.81017494
1401,/Volumes/SmithL0/2026/BIOL470/Final/Learning_Rig/bee_0408_1_fwd/cam1_2026-04-08_16-15-57.mp4,2459.0,2750.5,2190,2462,2728,3039,0.71910197
1402,/Volumes/SmithL0/2026/BIOL470/Final/Learning_Rig/bee_0408_1_fwd/cam1_2026-04-08_16-15-57.mp4,1538.5,2098.0,1199,1799,1878,2397,0.79695606
1403,/Volumes/SmithL0/2026/BIOL470/Final/Learning_Rig/bee_0408_1_fwd/cam1_2026-04-08_16-15-57.mp4,2459.5,2751.5,2191,2463,2728,3040,0.71640503
1404,/Volumes/SmithL0/2026/BIOL470/Final/Learning_Rig/bee_0408_1_fwd/cam1_2026-04-08_16-15-57.mp4,1613.5,2251.0,1240,1954,1987,2548,0.81269425
1405,/Volumes/SmithL0/2026/BIOL470/Final/Learning_Rig/bee_0408_1_fwd/cam1_2026-04-08_16-15-57.mp4,2451.0,2747.5,2169,2458,2733,3037,0.7059958
1406,/Volumes/SmithL0/2026/BIOL470/Final/Learning_Rig/bee_0408_1_fwd/cam1_2026-04-08_16-15-57.mp4,1671.0,2246.5,1312,1962,2030,2531,0.8075604
1407,/Volumes/SmithL0/2026/BIOL470/Final/Learning_Rig/bee_0408_1_fwd/cam1_2026-04-08_16-15-57.mp4,2459.0,2750.0,2191,2461,2727,3039,0.74681383
1408,/Volumes/SmithL0/2026/BIOL470/Final/Learning_Rig/bee_0408_1_fwd/cam1_2026-04-08_16-15-57.mp4,1699.0,2236.5,1326,1959,2072,2514,0.7986212
1409,/Volumes/SmithL0/2026/BIOL470/Final/Learning_Rig/bee_0408_1_fwd/cam1_2026-04-08_16-15-57.mp4,2456.0,2748.0,2179,2460,2733,3036,0.7459093
1410,/Volumes/SmithL0/2026/BIOL470/Final/Learning_Rig/bee_0408_1_fwd/cam1_2026-04-08_16-15-57.mp4,1676.5,2221.0,1332,1942,2021,2500,0.79293483
1411,/Volumes/SmithL0/2026/BIOL470/Final/Learning_Rig/bee_0408_1_fwd/cam1_2026-04-08_16-15-57.mp4,2459.5,2752.0,2191,2465,2728,3039,0.761966
1412,/Volumes/SmithL0/2026/BIOL470/Final/Learning_Rig/bee_0408_1_fwd/cam1_2026-04-08_16-15-57.mp4,1675.0,2235.0,1313,1964,2037,2506,0.7892279
1413,/Volumes/SmithL0/2026/BIOL470/Final/Learning_Rig/bee_0408_1_fwd/cam1_2026-04-08_16-15-57.mp4,2459.0,2752.5,2191,2465,2727,3040,0.7787259
1414,/Volumes/SmithL0/2026/BIOL470/Final/Learning_Rig/bee_0408_1_fwd/cam1_2026-04-08_16-15-57.mp4,1712.0,2236.5,1357,1971,2067,2502,0.76956815
1415,/Volumes/SmithL0/2026/BIOL470/Final/Learning_Rig/bee_0408_1_fwd/cam1_2026-04-08_16-15-57.mp4,2458.5,2752.0,2190,2464,2727,3040,0.7647906
1416,/Volumes/SmithL0/2026/BIOL470/Final/Learning_Rig/bee_0408_1_fwd/cam1_2026-04-08_16-15-57.mp4,1733.0,2244.5,1388,1982,2078,2507,0.79862684
1417,/Volumes/SmithL0/2026/BIOL470/Final/Learning_Rig/bee_0408_1_fwd/cam1_2026-04-08_16-15-57.mp4,2457.5,2752.0,2190,2465,2725,3039,0.7847598
1418,/Volumes/SmithL0/2026/BIOL470/Final/Learning_Rig/bee_0408_1_fwd/cam1_2026-04-08_16-15-57.mp4,1737.0,2243.0,1392,1977,2082,2509,0.8048759
1419,/Volumes/SmithL0/2026/BIOL470/Final/Learning_Rig/bee_0408_1_fwd/cam1_2026-04-08_16-15-57.mp4,2459.0,2752.0,2191,2464,2727,3040,0.7744524
1420,/Volumes/SmithL0/2026/BIOL470/Final/Learning_Rig/bee_0408_1_fwd/cam1_2026-04-08_16-15-57.mp4,2458.0,2752.0,2190,2465,2726,3039,0.7886828
1421,/Volumes/SmithL0/2026/BIOL470/Final/Learning_Rig/bee_0408_1_fwd/cam1_2026-04-08_16-15-57.mp4,1746.0,2260.5,1428,1997,2064,2524,0.78401226
1422,/Volumes/SmithL0/2026/BIOL470/Final/Learning_Rig/bee_0408_1_fwd/cam1_2026-04-08_16-15-57.mp4,1748.0,2277.5,1434,2014,2062,2541,0.8043131
1423,/Volumes/SmithL0/2026/BIOL470/Final/Learning_Rig/bee_0408_1_fwd/cam1_2026-04-08_16-15-57.mp4,2458.5,2752.0,2191,2464,2726,3040,0.79624754
1424,/Volumes/SmithL0/2026/BIOL470/Final/Learning_Rig/bee_0408_1_fwd/cam1_2026-04-08_16-15-57.mp4,1840.5,2297.0,1421,2009,2260,2585,0.55443233
1425,/Volumes/SmithL0/2026/BIOL470/Final/Learning_Rig/bee_0408_1_fwd/cam1_2026-04-08_16-15-57.mp4,2458.0,2751.5,2191,2464,2725,3039,0.7933186
1426,/Volumes/SmithL0/2026/BIOL470/Final/Learning_Rig/bee_0408_1_fwd/cam1_2026-04-08_16-15-57.mp4,1786.5,2310.0,1474,2030,2099,2590,0.783774
1427,/Volumes/SmithL0/2026/BIOL470/Final/Learning_Rig/bee_0408_1_fwd/cam1_2026-04-08_16-15-57.mp4,2099.0,2431.0,1945,2259,2253,2603,0.66064984
1428,/Volumes/SmithL0/2026/BIOL470/Final/Learning_Rig/bee_0408_1_fwd/cam1_2026-04-08_16-15-57.mp4,2457.5,2751.0,2190,2463,2725,3039,0.7923686
1429,/Volumes/SmithL0/2026/BIOL470/Final/Learning_Rig/bee_0408_1_fwd/cam1_2026-04-08_16-15-57.mp4,1796.5,2306.0,1471,2018,2122,2594,0.77141553
1430,/Volumes/SmithL0/2026/BIOL470/Final/Learning_Rig/bee_0408_1_fwd/cam1_2026-04-08_16-15-57.mp4,1760.0,2295.0,1469,2011,2051,2579,0.79680425
1431,/Volumes/SmithL0/2026/BIOL470/Final/Learning_Rig/bee_0408_1_fwd/cam1_2026-04-08_16-15-57.mp4,2458.0,2750.0,2190,2461,2726,3039,0.7901753
1432,/Volumes/SmithL0/2026/BIOL470/Final/Learning_Rig/bee_0408_1_fwd/cam1_2026-04-08_16-15-57.mp4,1760.0,2286.5,1469,2003,2051,2570,0.8015708
1433,/Volumes/SmithL0/2026/BIOL470/Final/Learning_Rig/bee_0408_1_fwd/cam1_2026-04-08_16-15-57.mp4,2458.5,2750.5,2191,2462,2726,3039,0.7815772
1434,/Volumes/SmithL0/2026/BIOL470/Final/Learning_Rig/bee_0408_1_fwd/cam1_2026-04-08_16-15-57.mp4,1855.5,2325.5,1550,2047,2161,2604,0.794973
1435,/Volumes/SmithL0/2026/BIOL470/Final/Learning_Rig/bee_0408_1_fwd/cam1_2026-04-08_16-15-57.mp4,2457.5,2752.0,2190,2465,2725,3039,0.7925085
1436,/Volumes/SmithL0/2026/BIOL470/Final/Learning_Rig/bee_0408_1_fwd/cam1_2026-04-08_16-15-57.mp4,2458.0,2752.0,2190,2464,2726,3040,0.7929034
1437,/Volumes/SmithL0/2026/BIOL470/Final/Learning_Rig/bee_0408_1_fwd/cam1_2026-04-08_16-15-57.mp4,1742.5,2237.0,1456,1952,2029,2522,0.69828665
1438,/Volumes/SmithL0/2026/BIOL470/Final/Learning_Rig/bee_0408_1_fwd/cam1_2026-04-08_16-15-57.mp4,1770.5,2258.0,1482,1977,2059,2539,0.80234885
1439,/Volumes/SmithL0/2026/BIOL470/Final/Learning_Rig/bee_0408_1_fwd/cam1_2026-04-08_16-15-57.mp4,2458.0,2751.5,2190,2463,2726,3040,0.78791285
1440,/Volumes/SmithL0/2026/BIOL470/Final/Learning_Rig/bee_0408_1_fwd/cam1_2026-04-08_16-15-57.mp4,1783.5,2276.5,1484,1985,2083,2568,0.80675554
1441,/Volumes/SmithL0/2026/BIOL470/Final/Learning_Rig/bee_0408_1_fwd/cam1_2026-04-08_16-15-57.mp4,2458.5,2752.0,2190,2465,2727,3039,0.7662832
1442,/Volumes/SmithL0/2026/BIOL470/Final/Learning_Rig/bee_0408_1_fwd/cam1_2026-04-08_16-15-57.mp4,2458.5,2751.0,2190,2462,2727,3040,0.7762513
1443,/Volumes/SmithL0/2026/BIOL470/Final/Learning_Rig/bee_0408_1_fwd/cam1_2026-04-08_16-15-57.mp4,1773.0,2262.0,1488,1980,2058,2544,0.7320471
1444,/Volumes/SmithL0/2026/BIOL470/Final/Learning_Rig/bee_0408_1_fwd/cam1_2026-04-08_16-15-57.mp4,1765.5,2172.0,1482,1985,2049,2359,0.61340266
1445,/Volumes/SmithL0/2026/BIOL470/Final/Learning_Rig/bee_0408_1_fwd/cam1_2026-04-08_16-15-57.mp4,1777.5,2227.0,1484,1988,2071,2466,0.795811
1446,/Volumes/SmithL0/2026/BIOL470/Final/Learning_Rig/bee_0408_1_fwd/cam1_2026-04-08_16-15-57.mp4,2458.0,2750.0,2190,2460,2726,3040,0.7859396
1447,/Volumes/SmithL0/2026/BIOL470/Final/Learning_Rig/bee_0408_1_fwd/cam1_2026-04-08_16-15-57.mp4,1814.0,2280.5,1555,1954,2073,2607,0.5727803
1448,/Volumes/SmithL0/2026/BIOL470/Final/Learning_Rig/bee_0408_1_fwd/cam1_2026-04-08_16-15-57.mp4,1775.5,2265.0,1477,1972,2074,2558,0.8008623
1449,/Volumes/SmithL0/2026/BIOL470/Final/Learning_Rig/bee_0408_1_fwd/cam1_2026-04-08_16-15-57.mp4,2457.5,2751.0,2189,2463,2726,3039,0.7940872
1450,/Volumes/SmithL0/2026/BIOL470/Final/Learning_Rig/bee_0408_1_fwd/cam1_2026-04-08_16-15-57.mp4,1769.5,2252.5,1473,1953,2066,2552,0.82909995
1451,/Volumes/SmithL0/2026/BIOL470/Final/Learning_Rig/bee_0408_1_fwd/cam1_2026-04-08_16-15-57.mp4,2458.5,2753.0,2191,2467,2726,3039,0.7872597
1452,/Volumes/SmithL0/2026/BIOL470/Final/Learning_Rig/bee_0408_1_fwd/cam1_2026-04-08_16-15-57.mp4,1760.0,2239.5,1472,1941,2048,2538,0.8086609
1453,/Volumes/SmithL0/2026/BIOL470/Final/Learning_Rig/bee_0408_1_fwd/cam1_2026-04-08_16-15-57.mp4,2458.5,2752.0,2190,2465,2727,3039,0.79510355
1454,/Volumes/SmithL0/2026/BIOL470/Final/Learning_Rig/bee_0408_1_fwd/cam1_2026-04-08_16-15-57.mp4,1759.5,2223.5,1458,1923,2061,2524,0.8019181
1455,/Volumes/SmithL0/2026/BIOL470/Final/Learning_Rig/bee_0408_1_fwd/cam1_2026-04-08_16-15-57.mp4,2458.5,2752.5,2190,2466,2727,3039,0.77643013
1456,/Volumes/SmithL0/2026/BIOL470/Final/Learning_Rig/bee_0408_1_fwd/cam1_2026-04-08_16-15-57.mp4,1769.0,2209.0,1435,1900,2103,2518,0.79037267
1457,/Volumes/SmithL0/2026/BIOL470/Final/Learning_Rig/bee_0408_1_fwd/cam1_2026-04-08_16-15-57.mp4,2459.5,2751.5,2191,2464,2728,3039,0.7776366
1458,/Volumes/SmithL0/2026/BIOL470/Final/Learning_Rig/bee_0408_1_fwd/cam1_2026-04-08_16-15-57.mp4,1735.0,2213.5,1441,1906,2029,2521,0.81335175
1459,/Volumes/SmithL0/2026/BIOL470/Final/Learning_Rig/bee_0408_1_fwd/cam1_2026-04-08_16-15-57.mp4,2458.0,2751.0,2189,2463,2727,3039,0.78633577
1460,/Volumes/SmithL0/2026/BIOL470/Final/Learning_Rig/bee_0408_1_fwd/cam1_2026-04-08_16-15-57.mp4,1744.0,2238.0,1452,1937,2036,2539,0.80584174
1461,/Volumes/SmithL0/2026/BIOL470/Final/Learning_Rig/bee_0408_1_fwd/cam1_2026-04-08_16-15-57.mp4,2458.0,2752.5,2189,2465,2727,3040,0.7899413
1462,/Volumes/SmithL0/2026/BIOL470/Final/Learning_Rig/bee_0408_1_fwd/cam1_2026-04-08_16-15-57.mp4,1741.5,2243.5,1453,1941,2030,2546,0.8100528
1463,/Volumes/SmithL0/2026/BIOL470/Final/Learning_Rig/bee_0408_1_fwd/cam1_2026-04-08_16-15-57.mp4,2459.0,2751.0,2190,2463,2728,3039,0.78896636
1464,/Volumes/SmithL0/2026/BIOL470/Final/Learning_Rig/bee_0408_1_fwd/cam1_2026-04-08_16-15-57.mp4,1764.5,2200.5,1422,1898,2107,2503,0.79256374
1465,/Volumes/SmithL0/2026/BIOL470/Final/Learning_Rig/bee_0408_1_fwd/cam1_2026-04-08_16-15-57.mp4,2456.5,2748.0,2179,2460,2734,3036,0.7563156
1466,/Volumes/SmithL0/2026/BIOL470/Final/Learning_Rig/bee_0408_1_fwd/cam1_2026-04-08_16-15-57.mp4,1739.5,2194.5,1391,1886,2088,2503,0.7981681
1467,/Volumes/SmithL0/2026/BIOL470/Final/Learning_Rig/bee_0408_1_fwd/cam1_2026-04-08_16-15-57.mp4,2459.0,2750.0,2190,2461,2728,3039,0.7657931
1468,/Volumes/SmithL0/2026/BIOL470/Final/Learning_Rig/bee_0408_1_fwd/cam1_2026-04-08_16-15-57.mp4,1667.5,2188.5,1327,1860,2008,2517,0.80754876
1469,/Volumes/SmithL0/2026/BIOL470/Final/Learning_Rig/bee_0408_1_fwd/cam1_2026-04-08_16-15-57.mp4,2458.0,2751.5,2189,2463,2727,3040,0.76984316
1470,/Volumes/SmithL0/2026/BIOL470/Final/Learning_Rig/bee_0408_1_fwd/cam1_2026-04-08_16-15-57.mp4,1671.5,2206.0,1328,1872,2015,2540,0.7824944
1471,/Volumes/SmithL0/2026/BIOL470/Final/Learning_Rig/bee_0408_1_fwd/cam1_2026-04-08_16-15-57.mp4,2459.0,2751.5,2190,2463,2728,3040,0.7474902
1472,/Volumes/SmithL0/2026/BIOL470/Final/Learning_Rig/bee_0408_1_fwd/cam1_2026-04-08_16-15-57.mp4,2459.0,2751.0,2189,2462,2729,3040,0.77657694
1473,/Volumes/SmithL0/2026/BIOL470/Final/Learning_Rig/bee_0408_1_fwd/cam1_2026-04-08_16-15-57.mp4,1697.0,2156.0,1335,1865,2059,2447,0.7613688
1474,/Volumes/SmithL0/2026/BIOL470/Final/Learning_Rig/bee_0408_1_fwd/cam1_2026-04-08_16-15-57.mp4,1620.0,2203.0,1283,1866,1957,2540,0.8016594
1475,/Volumes/SmithL0/2026/BIOL470/Final/Learning_Rig/bee_0408_1_fwd/cam1_2026-04-08_16-15-57.mp4,2455.5,2750.0,2176,2463,2735,3037,0.66177356
1476,/Volumes/SmithL0/2026/BIOL470/Final/Learning_Rig/bee_0408_1_fwd/cam1_2026-04-08_16-15-57.mp4,1630.0,2143.0,1287,1871,1973,2415,0.7845865
1477,/Volumes/SmithL0/2026/BIOL470/Final/Learning_Rig/bee_0408_1_fwd/cam1_2026-04-08_16-15-57.mp4,2461.0,2752.5,2193,2466,2729,3039,0.74184304
1478,/Volumes/SmithL0/2026/BIOL470/Final/Learning_Rig/bee_0408_1_fwd/cam1_2026-04-08_16-15-57.mp4,1545.5,2138.5,1315,1874,1776,2403,0.518449
1479,/Volumes/SmithL0/2026/BIOL470/Final/Learning_Rig/bee_0408_1_fwd/cam1_2026-04-08_16-15-57.mp4,1606.0,2114.5,1286,1828,1926,2401,0.8288833
1480,/Volumes/SmithL0/2026/BIOL470/Final/Learning_Rig/bee_0408_1_fwd/cam1_2026-04-08_16-15-57.mp4,2460.0,2750.0,2191,2460,2729,3040,0.7330714
1481,/Volumes/SmithL0/2026/BIOL470/Final/Learning_Rig/bee_0408_1_fwd/cam1_2026-04-08_16-15-57.mp4,1567.0,2106.0,1246,1800,1888,2412,0.80405354
1482,/Volumes/SmithL0/2026/BIOL470/Final/Learning_Rig/bee_0408_1_fwd/cam1_2026-04-08_16-15-57.mp4,2460.5,2752.0,2192,2464,2729,3040,0.7208707
1483,/Volumes/SmithL0/2026/BIOL470/Final/Learning_Rig/bee_0408_1_fwd/cam1_2026-04-08_16-15-57.mp4,1566.0,2100.5,1233,1811,1899,2390,0.7899905
1484,/Volumes/SmithL0/2026/BIOL470/Final/Learning_Rig/bee_0408_1_fwd/cam1_2026-04-08_16-15-57.mp4,2449.0,2748.5,2165,2460,2733,3037,0.6866071
1485,/Volumes/SmithL0/2026/BIOL470/Final/Learning_Rig/bee_0408_1_fwd/cam1_2026-04-08_16-15-57.mp4,1566.5,2074.0,1234,1779,1899,2369,0.7885825
1486,/Volumes/SmithL0/2026/BIOL470/Final/Learning_Rig/bee_0408_1_fwd/cam1_2026-04-08_16-15-57.mp4,1724.5,2242.5,1562,2110,1887,2375,0.688157
1487,/Volumes/SmithL0/2026/BIOL470/Final/Learning_Rig/bee_0408_1_fwd/cam1_2026-04-08_16-15-57.mp4,2451.5,2748.0,2166,2459,2737,3037,0.6871062
1488,/Volumes/SmithL0/2026/BIOL470/Final/Learning_Rig/bee_0408_1_fwd/cam1_2026-04-08_16-15-57.mp4,1566.5,2093.0,1236,1793,1897,2393,0.8001391
1489,/Volumes/SmithL0/2026/BIOL470/Final/Learning_Rig/bee_0408_1_fwd/cam1_2026-04-08_16-15-57.mp4,2456.0,2748.5,2172,2460,2740,3037,0.64572406
1490,/Volumes/SmithL0/2026/BIOL470/Final/Learning_Rig/bee_0408_1_fwd/cam1_2026-04-08_16-15-57.mp4,1634.0,2153.0,1282,1870,1986,2436,0.826411
1491,/Volumes/SmithL0/2026/BIOL470/Final/Learning_Rig/bee_0408_1_fwd/cam1_2026-04-08_16-15-57.mp4,2459.5,2752.5,2191,2465,2728,3040,0.7407498
1492,/Volumes/SmithL0/2026/BIOL470/Final/Learning_Rig/bee_0408_1_fwd/cam1_2026-04-08_16-15-57.mp4,1628.5,2152.0,1285,1870,1972,2434,0.8233565
1493,/Volumes/SmithL0/2026/BIOL470/Final/Learning_Rig/bee_0408_1_fwd/cam1_2026-04-08_16-15-57.mp4,2458.0,2751.5,2188,2464,2728,3039,0.74385655
1494,/Volumes/SmithL0/2026/BIOL470/Final/Learning_Rig/bee_0408_1_fwd/cam1_2026-04-08_16-15-57.mp4,1611.0,2150.0,1284,1864,1938,2436,0.8610109
1495,/Volumes/SmithL0/2026/BIOL470/Final/Learning_Rig/bee_0408_1_fwd/cam1_2026-04-08_16-15-57.mp4,2452.0,2748.0,2171,2459,2733,3037,0.7363755
1496,/Volumes/SmithL0/2026/BIOL470/Final/Learning_Rig/bee_0408_1_fwd/cam1_2026-04-08_16-15-57.mp4,1617.5,2149.0,1283,1863,1952,2435,0.8392413
1497,/Volumes/SmithL0/2026/BIOL470/Final/Learning_Rig/bee_0408_1_fwd/cam1_2026-04-08_16-15-57.mp4,2449.5,2747.5,2166,2458,2733,3037,0.6855648
1498,/Volumes/SmithL0/2026/BIOL470/Final/Learning_Rig/bee_0408_1_fwd/cam1_2026-04-08_16-15-57.mp4,1633.0,2149.0,1286,1864,1980,2434,0.81974405
1499,/Volumes/SmithL0/2026/BIOL470/Final/Learning_Rig/bee_0408_1_fwd/cam1_2026-04-08_16-15-57.mp4,2449.0,2748.5,2163,2460,2735,3037,0.6616255
1500,/Volumes/SmithL0/2026/BIOL470/Final/Learning_Rig/bee_0408_1_fwd/cam1_2026-04-08_16-15-57.mp4,1633.5,2149.5,1286,1863,1981,2436,0.82300335
1501,/Volumes/SmithL0/2026/BIOL470/Final/Learning_Rig/bee_0408_1_fwd/cam1_2026-04-08_16-15-57.mp4,2452.5,2747.5,2172,2458,2733,3037,0.6838573
1502,/Volumes/SmithL0/2026/BIOL470/Final/Learning_Rig/bee_0408_1_fwd/cam1_2026-04-08_16-15-57.mp4,1641.5,2165.5,1298,1885,1985,2446,0.8055941
1503,/Volumes/SmithL0/2026/BIOL470/Final/Learning_Rig/bee_0408_1_fwd/cam1_2026-04-08_16-15-57.mp4,2451.5,2747.5,2169,2458,2734,3037,0.7249204
1504,/Volumes/SmithL0/2026/BIOL470/Final/Learning_Rig/bee_0408_1_fwd/cam1_2026-04-08_16-15-57.mp4,1649.0,2174.0,1307,1897,1991,2451,0.79422843
1505,/Volumes/SmithL0/2026/BIOL470/Final/Learning_Rig/bee_0408_1_fwd/cam1_2026-04-08_16-15-57.mp4,2455.0,2746.5,2175,2457,2735,3036,0.7313471
1506,/Volumes/SmithL0/2026/BIOL470/Final/Learning_Rig/bee_0408_1_fwd/cam1_2026-04-08_16-15-57.mp4,1659.5,2193.0,1327,1925,1992,2461,0.8163807
1507,/Volumes/SmithL0/2026/BIOL470/Final/Learning_Rig/bee_0408_1_fwd/cam1_2026-04-08_16-15-57.mp4,2456.5,2748.5,2179,2461,2734,3036,0.7368873
1508,/Volumes/SmithL0/2026/BIOL470/Final/Learning_Rig/bee_0408_1_fwd/cam1_2026-04-08_16-15-57.mp4,1691.0,2227.5,1352,1957,2030,2498,0.8128241
1509,/Volumes/SmithL0/2026/BIOL470/Final/Learning_Rig/bee_0408_1_fwd/cam1_2026-04-08_16-15-57.mp4,2458.0,2752.5,2189,2465,2727,3040,0.77476287
1510,/Volumes/SmithL0/2026/BIOL470/Final/Learning_Rig/bee_0408_1_fwd/cam1_2026-04-08_16-15-57.mp4,1692.0,2231.5,1356,1963,2028,2500,0.8240553
1511,/Volumes/SmithL0/2026/BIOL470/Final/Learning_Rig/bee_0408_1_fwd/cam1_2026-04-08_16-15-57.mp4,2458.0,2750.5,2190,2462,2726,3039,0.77986276
1512,/Volumes/SmithL0/2026/BIOL470/Final/Learning_Rig/bee_0408_1_fwd/cam1_2026-04-08_16-15-57.mp4,1661.0,2234.0,1304,1981,2018,2487,0.7927875
1513,/Volumes/SmithL0/2026/BIOL470/Final/Learning_Rig/bee_0408_1_fwd/cam1_2026-04-08_16-15-57.mp4,2458.5,2751.5,2189,2463,2728,3040,0.7542543
1514,/Volumes/SmithL0/2026/BIOL470/Final/Learning_Rig/bee_0408_1_fwd/cam1_2026-04-08_16-15-57.mp4,1630.0,2220.0,1272,1955,1988,2485,0.7965778
1515,/Volumes/SmithL0/2026/BIOL470/Final/Learning_Rig/bee_0408_1_fwd/cam1_2026-04-08_16-15-57.mp4,2460.0,2751.5,2192,2464,2728,3039,0.74106795
1516,/Volumes/SmithL0/2026/BIOL470/Final/Learning_Rig/bee_0408_1_fwd/cam1_2026-04-08_16-15-57.mp4,1641.5,2238.0,1282,1964,2001,2512,0.81621516
1517,/Volumes/SmithL0/2026/BIOL470/Final/Learning_Rig/bee_0408_1_fwd/cam1_2026-04-08_16-15-57.mp4,2459.5,2751.5,2191,2464,2728,3039,0.7725629
1518,/Volumes/SmithL0/2026/BIOL470/Final/Learning_Rig/bee_0408_1_fwd/cam1_2026-04-08_16-15-57.mp4,1646.5,2234.5,1288,1967,2005,2502,0.8183661
1519,/Volumes/SmithL0/2026/BIOL470/Final/Learning_Rig/bee_0408_1_fwd/cam1_2026-04-08_16-15-57.mp4,2460.0,2753.0,2192,2466,2728,3040,0.75116444
1520,/Volumes/SmithL0/2026/BIOL470/Final/Learning_Rig/bee_0408_1_fwd/cam1_2026-04-08_16-15-57.mp4,1644.5,2222.5,1284,1968,2005,2477,0.8263946
1521,/Volumes/SmithL0/2026/BIOL470/Final/Learning_Rig/bee_0408_1_fwd/cam1_2026-04-08_16-15-57.mp4,2459.5,2752.0,2191,2464,2728,3040,0.7609243
1522,/Volumes/SmithL0/2026/BIOL470/Final/Learning_Rig/bee_0408_1_fwd/cam1_2026-04-08_16-15-57.mp4,1640.0,2211.0,1277,1970,2003,2452,0.8153824
1523,/Volumes/SmithL0/2026/BIOL470/Final/Learning_Rig/bee_0408_1_fwd/cam1_2026-04-08_16-15-57.mp4,2458.0,2747.5,2182,2459,2734,3036,0.73641753
1524,/Volumes/SmithL0/2026/BIOL470/Final/Learning_Rig/bee_0408_1_fwd/cam1_2026-04-08_16-15-57.mp4,1622.5,2216.5,1250,1963,1995,2470,0.7554592
1525,/Volumes/SmithL0/2026/BIOL470/Final/Learning_Rig/bee_0408_1_fwd/cam1_2026-04-08_16-15-57.mp4,2458.0,2747.0,2183,2458,2733,3036,0.7516428
1526,/Volumes/SmithL0/2026/BIOL470/Final/Learning_Rig/bee_0408_1_fwd/cam1_2026-04-08_16-15-57.mp4,1633.5,2224.5,1263,1969,2004,2480,0.7893819
1527,/Volumes/SmithL0/2026/BIOL470/Final/Learning_Rig/bee_0408_1_fwd/cam1_2026-04-08_16-15-57.mp4,2459.0,2751.5,2191,2464,2727,3039,0.76954234
1528,/Volumes/SmithL0/2026/BIOL470/Final/Learning_Rig/bee_0408_1_fwd/cam1_2026-04-08_16-15-57.mp4,1574.5,2212.5,1205,1936,1944,2489,0.78900754
1529,/Volumes/SmithL0/2026/BIOL470/Final/Learning_Rig/bee_0408_1_fwd/cam1_2026-04-08_16-15-57.mp4,2460.0,2750.0,2192,2461,2728,3039,0.7636264
1530,/Volumes/SmithL0/2026/BIOL470/Final/Learning_Rig/bee_0408_1_fwd/cam1_2026-04-08_16-15-57.mp4,1554.5,2196.5,1191,1925,1918,2468,0.8254112
1531,/Volumes/SmithL0/2026/BIOL470/Final/Learning_Rig/bee_0408_1_fwd/cam1_2026-04-08_16-15-57.mp4,2459.5,2750.0,2191,2461,2728,3039,0.75150853
1532,/Volumes/SmithL0/2026/BIOL470/Final/Learning_Rig/bee_0408_1_fwd/cam1_2026-04-08_16-15-57.mp4,1531.0,2161.5,1158,1875,1904,2448,0.80260533
1533,/Volumes/SmithL0/2026/BIOL470/Final/Learning_Rig/bee_0408_1_fwd/cam1_2026-04-08_16-15-57.mp4,2454.5,2748.5,2176,2460,2733,3037,0.72439843
1534,/Volumes/SmithL0/2026/BIOL470/Final/Learning_Rig/bee_0408_1_fwd/cam1_2026-04-08_16-15-57.mp4,1520.5,2135.0,1134,1820,1907,2450,0.8276012
1535,/Volumes/SmithL0/2026/BIOL470/Final/Learning_Rig/bee_0408_1_fwd/cam1_2026-04-08_16-15-57.mp4,2456.5,2749.0,2178,2461,2735,3037,0.68341565
1536,/Volumes/SmithL0/2026/BIOL470/Final/Learning_Rig/bee_0408_1_fwd/cam1_2026-04-08_16-15-57.mp4,1493.0,2084.5,1095,1810,1891,2359,0.79268295
1537,/Volumes/SmithL0/2026/BIOL470/Final/Learning_Rig/bee_0408_1_fwd/cam1_2026-04-08_16-15-57.mp4,1401.5,2078.0,1120,1797,1683,2359,0.7177278
1538,/Volumes/SmithL0/2026/BIOL470/Final/Learning_Rig/bee_0408_1_fwd/cam1_2026-04-08_16-15-57.mp4,2457.5,2749.0,2181,2462,2734,3036,0.70122373
1539,/Volumes/SmithL0/2026/BIOL470/Final/Learning_Rig/bee_0408_1_fwd/cam1_2026-04-08_16-15-57.mp4,1477.0,2068.5,1081,1785,1873,2352,0.7786787
1540,/Volumes/SmithL0/2026/BIOL470/Final/Learning_Rig/bee_0408_1_fwd/cam1_2026-04-08_16-15-57.mp4,2453.5,2749.0,2174,2461,2733,3037,0.7268688
1541,/Volumes/SmithL0/2026/BIOL470/Final/Learning_Rig/bee_0408_1_fwd/cam1_2026-04-08_16-15-57.mp4,1446.0,2005.5,1091,1714,1801,2297,0.7874963
1542,/Volumes/SmithL0/2026/BIOL470/Final/Learning_Rig/bee_0408_1_fwd/cam1_2026-04-08_16-15-57.mp4,2455.5,2749.0,2176,2461,2735,3037,0.65715235
1543,/Volumes/SmithL0/2026/BIOL470/Final/Learning_Rig/bee_0408_1_fwd/cam1_2026-04-08_16-15-57.mp4,1357.5,1904.0,1089,1565,1626,2243,0.7745956
1544,/Volumes/SmithL0/2026/BIOL470/Final/Learning_Rig/bee_0408_1_fwd/cam1_2026-04-08_16-15-57.mp4,2459.5,2751.5,2192,2464,2727,3039,0.7407759
1545,/Volumes/SmithL0/2026/BIOL470/Final/Learning_Rig/bee_0408_1_fwd/cam1_2026-04-08_16-15-57.mp4,1324.0,1839.0,1019,1479,1629,2199,0.8051743
1546,/Volumes/SmithL0/2026/BIOL470/Final/Learning_Rig/bee_0408_1_fwd/cam1_2026-04-08_16-15-57.mp4,2456.0,2747.5,2178,2459,2734,3036,0.7109689
1547,/Volumes/SmithL0/2026/BIOL470/Final/Learning_Rig/bee_0408_1_fwd/cam1_2026-04-08_16-15-57.mp4,1311.5,1830.5,1020,1455,1603,2206,0.80377996
1548,/Volumes/SmithL0/2026/BIOL470/Final/Learning_Rig/bee_0408_1_fwd/cam1_2026-04-08_16-15-57.mp4,2459.5,2751.5,2193,2463,2726,3040,0.72718424
1549,/Volumes/SmithL0/2026/BIOL470/Final/Learning_Rig/bee_0408_1_fwd/cam1_2026-04-08_16-15-57.mp4,1242.5,1727.5,921,1378,1564,2077,0.79577607
1550,/Volumes/SmithL0/2026/BIOL470/Final/Learning_Rig/bee_0408_1_fwd/cam1_2026-04-08_16-15-57.mp4,2458.5,2750.0,2192,2461,2725,3039,0.7511533
1551,/Volumes/SmithL0/2026/BIOL470/Final/Learning_Rig/bee_0408_1_fwd/cam1_2026-04-08_16-15-57.mp4,1142.5,1730.0,916,1378,1369,2082,0.72395515
1552,/Volumes/SmithL0/2026/BIOL470/Final/Learning_Rig/bee_0408_1_fwd/cam1_2026-04-08_16-15-57.mp4,1156.5,1667.5,899,1330,1414,2005,0.8168545
1553,/Volumes/SmithL0/2026/BIOL470/Final/Learning_Rig/bee_0408_1_fwd/cam1_2026-04-08_16-15-57.mp4,2458.5,2751.0,2191,2462,2726,3040,0.78042805
1554,/Volumes/SmithL0/2026/BIOL470/Final/Learning_Rig/bee_0408_1_fwd/cam1_2026-04-08_16-15-57.mp4,1152.5,1672.5,880,1329,1425,2016,0.81751037
1555,/Volumes/SmithL0/2026/BIOL470/Final/Learning_Rig/bee_0408_1_fwd/cam1_2026-04-08_16-15-57.mp4,2458.5,2751.0,2191,2463,2726,3039,0.7624523
1556,/Volumes/SmithL0/2026/BIOL470/Final/Learning_Rig/bee_0408_1_fwd/cam1_2026-04-08_16-15-57.mp4,1192.0,1755.5,882,1516,1502,1995,0.7345566
1557,/Volumes/SmithL0/2026/BIOL470/Final/Learning_Rig/bee_0408_1_fwd/cam1_2026-04-08_16-15-57.mp4,2456.5,2748.0,2181,2460,2732,3036,0.73233485
1558,/Volumes/SmithL0/2026/BIOL470/Final/Learning_Rig/bee_0408_1_fwd/cam1_2026-04-08_16-15-57.mp4,2460.0,2752.0,2193,2464,2727,3040,0.7535296
1559,/Volumes/SmithL0/2026/BIOL470/Final/Learning_Rig/bee_0408_1_fwd/cam1_2026-04-08_16-15-57.mp4,1231.0,1827.5,934,1616,1528,2039,0.7517456
1560,/Volumes/SmithL0/2026/BIOL470/Final/Learning_Rig/bee_0408_1_fwd/cam1_2026-04-08_16-15-57.mp4,1247.0,1831.5,920,1584,1574,2079,0.7612407
1561,/Volumes/SmithL0/2026/BIOL470/Final/Learning_Rig/bee_0408_1_fwd/cam1_2026-04-08_16-15-57.mp4,2460.0,2751.5,2193,2464,2727,3039,0.74986863
1562,/Volumes/SmithL0/2026/BIOL470/Final/Learning_Rig/bee_0408_1_fwd/cam1_2026-04-08_16-15-57.mp4,1288.5,1841.5,1003,1599,1574,2084,0.7819163
1563,/Volumes/SmithL0/2026/BIOL470/Final/Learning_Rig/bee_0408_1_fwd/cam1_2026-04-08_16-15-57.mp4,2459.5,2752.0,2192,2464,2727,3040,0.76041806
1564,/Volumes/SmithL0/2026/BIOL470/Final/Learning_Rig/bee_0408_1_fwd/cam1_2026-04-08_16-15-57.mp4,1221.5,1908.5,909,1620,1534,2197,0.79934007
1565,/Volumes/SmithL0/2026/BIOL470/Final/Learning_Rig/bee_0408_1_fwd/cam1_2026-04-08_16-15-57.mp4,2459.0,2750.5,2191,2462,2727,3039,0.7715183
1566,/Volumes/SmithL0/2026/BIOL470/Final/Learning_Rig/bee_0408_1_fwd/cam1_2026-04-08_16-15-57.mp4,1225.0,1936.5,921,1646,1529,2227,0.80234087
1567,/Volumes/SmithL0/2026/BIOL470/Final/Learning_Rig/bee_0408_1_fwd/cam1_2026-04-08_16-15-57.mp4,2459.0,2752.5,2191,2465,2727,3040,0.73119414
1568,/Volumes/SmithL0/2026/BIOL470/Final/Learning_Rig/bee_0408_1_fwd/cam1_2026-04-08_16-15-57.mp4,1194.0,2013.0,900,1683,1488,2343,0.81370234
1569,/Volumes/SmithL0/2026/BIOL470/Final/Learning_Rig/bee_0408_1_fwd/cam1_2026-04-08_16-15-57.mp4,2455.5,2748.5,2178,2461,2733,3036,0.6910262
1570,/Volumes/SmithL0/2026/BIOL470/Final/Learning_Rig/bee_0408_1_fwd/cam1_2026-04-08_16-15-57.mp4,1210.0,2079.0,921,1742,1499,2416,0.824245
1571,/Volumes/SmithL0/2026/BIOL470/Final/Learning_Rig/bee_0408_1_fwd/cam1_2026-04-08_16-15-57.mp4,2453.5,2747.5,2174,2458,2733,3037,0.71447885
1572,/Volumes/SmithL0/2026/BIOL470/Final/Learning_Rig/bee_0408_1_fwd/cam1_2026-04-08_16-15-57.mp4,1196.5,2102.5,922,1778,1471,2427,0.80738163
1573,/Volumes/SmithL0/2026/BIOL470/Final/Learning_Rig/bee_0408_1_fwd/cam1_2026-04-08_16-15-57.mp4,2453.5,2748.0,2171,2459,2736,3037,0.6910551
1574,/Volumes/SmithL0/2026/BIOL470/Final/Learning_Rig/bee_0408_1_fwd/cam1_2026-04-08_16-15-57.mp4,1153.0,2103.0,902,1800,1404,2406,0.81117564
1575,/Volumes/SmithL0/2026/BIOL470/Final/Learning_Rig/bee_0408_1_fwd/cam1_2026-04-08_16-15-57.mp4,2459.0,2751.0,2191,2463,2727,3039,0.77234167
1576,/Volumes/SmithL0/2026/BIOL470/Final/Learning_Rig/bee_0408_1_fwd/cam1_2026-04-08_16-15-57.mp4,1202.5,2075.5,916,1761,1489,2390,0.8256131
1577,/Volumes/SmithL0/2026/BIOL470/Final/Learning_Rig/bee_0408_1_fwd/cam1_2026-04-08_16-15-57.mp4,2453.5,2748.5,2175,2460,2732,3037,0.7292451
1578,/Volumes/SmithL0/2026/BIOL470/Final/Learning_Rig/bee_0408_1_fwd/cam1_2026-04-08_16-15-57.mp4,1215.0,2041.5,917,1755,1513,2328,0.8147913
1579,/Volumes/SmithL0/2026/BIOL470/Final/Learning_Rig/bee_0408_1_fwd/cam1_2026-04-08_16-15-57.mp4,2454.5,2749.5,2176,2462,2733,3037,0.7196271
1580,/Volumes/SmithL0/2026/BIOL470/Final/Learning_Rig/bee_0408_1_fwd/cam1_2026-04-08_16-15-57.mp4,1187.5,2063.0,905,1725,1470,2401,0.8061951
1581,/Volumes/SmithL0/2026/BIOL470/Final/Learning_Rig/bee_0408_1_fwd/cam1_2026-04-08_16-15-57.mp4,2456.5,2749.0,2178,2462,2735,3036,0.6841349
1582,/Volumes/SmithL0/2026/BIOL470/Final/Learning_Rig/bee_0408_1_fwd/cam1_2026-04-08_16-15-57.mp4,1192.5,2017.0,922,1670,1463,2364,0.81980205
1583,/Volumes/SmithL0/2026/BIOL470/Final/Learning_Rig/bee_0408_1_fwd/cam1_2026-04-08_16-15-57.mp4,2459.5,2752.5,2191,2465,2728,3040,0.7606485
1584,/Volumes/SmithL0/2026/BIOL470/Final/Learning_Rig/bee_0408_1_fwd/cam1_2026-04-08_16-15-57.mp4,1267.5,1839.0,1096,1687,1439,1991,0.728389
1585,/Volumes/SmithL0/2026/BIOL470/Final/Learning_Rig/bee_0408_1_fwd/cam1_2026-04-08_16-15-57.mp4,1223.5,2039.5,980,1674,1467,2405,0.80188745
1586,/Volumes/SmithL0/2026/BIOL470/Final/Learning_Rig/bee_0408_1_fwd/cam1_2026-04-08_16-15-57.mp4,2457.0,2747.5,2180,2459,2734,3036,0.7320207
1587,/Volumes/SmithL0/2026/BIOL470/Final/Learning_Rig/bee_0408_1_fwd/cam1_2026-04-08_16-15-57.mp4,1290.5,2108.0,1030,1778,1551,2438,0.81708133
1588,/Volumes/SmithL0/2026/BIOL470/Final/Learning_Rig/bee_0408_1_fwd/cam1_2026-04-08_16-15-57.mp4,2459.5,2749.5,2191,2460,2728,3039,0.7361445
1589,/Volumes/SmithL0/2026/BIOL470/Final/Learning_Rig/bee_0408_1_fwd/cam1_2026-04-08_16-15-57.mp4,1516.0,2218.0,1152,1945,1880,2491,0.78847563
1590,/Volumes/SmithL0/2026/BIOL470/Final/Learning_Rig/bee_0408_1_fwd/cam1_2026-04-08_16-15-57.mp4,2460.0,2750.5,2192,2461,2728,3040,0.7452126
1591,/Volumes/SmithL0/2026/BIOL470/Final/Learning_Rig/bee_0408_1_fwd/cam1_2026-04-08_16-15-57.mp4,1682.5,2347.0,1522,2221,1843,2473,0.69749826
1592,/Volumes/SmithL0/2026/BIOL470/Final/Learning_Rig/bee_0408_1_fwd/cam1_2026-04-08_16-15-57.mp4,1594.5,2245.0,1210,1986,1979,2504,0.79127437
1593,/Volumes/SmithL0/2026/BIOL470/Final/Learning_Rig/bee_0408_1_fwd/cam1_2026-04-08_16-15-57.mp4,2459.5,2751.0,2191,2463,2728,3039,0.73283666
1594,/Volumes/SmithL0/2026/BIOL470/Final/Learning_Rig/bee_0408_1_fwd/cam1_2026-04-08_16-15-57.mp4,1669.5,2299.0,1303,2016,2036,2582,0.8037773
1595,/Volumes/SmithL0/2026/BIOL470/Final/Learning_Rig/bee_0408_1_fwd/cam1_2026-04-08_16-15-57.mp4,2457.5,2753.0,2190,2467,2725,3039,0.77894956
1596,/Volumes/SmithL0/2026/BIOL470/Final/Learning_Rig/bee_0408_1_fwd/cam1_2026-04-08_16-15-57.mp4,1633.5,2258.5,1364,1991,1903,2526,0.81507754
1597,/Volumes/SmithL0/2026/BIOL470/Final/Learning_Rig/bee_0408_1_fwd/cam1_2026-04-08_16-15-57.mp4,2456.5,2751.5,2188,2464,2725,3039,0.7934403
1598,/Volumes/SmithL0/2026/BIOL470/Final/Learning_Rig/bee_0408_1_fwd/cam1_2026-04-08_16-15-57.mp4,1926.5,2366.0,1768,2232,2085,2500,0.6085489
1599,/Volumes/SmithL0/2026/BIOL470/Final/Learning_Rig/bee_0408_1_fwd/cam1_2026-04-08_16-15-57.mp4,2457.5,2751.5,2189,2463,2726,3040,0.78175384
1600,/Volumes/SmithL0/2026/BIOL470/Final/Learning_Rig/bee_0408_1_fwd/cam1_2026-04-08_16-15-57.mp4,1719.5,2254.5,1368,1985,2071,2524,0.7723513
1601,/Volumes/SmithL0/2026/BIOL470/Final/Learning_Rig/bee_0408_1_fwd/cam1_2026-04-08_16-15-57.mp4,1699.5,2239.5,1304,1987,2095,2492,0.78708893
1602,/Volumes/SmithL0/2026/BIOL470/Final/Learning_Rig/bee_0408_1_fwd/cam1_2026-04-08_16-15-57.mp4,2456.5,2751.5,2186,2463,2727,3040,0.76253176
1603,/Volumes/SmithL0/2026/BIOL470/Final/Learning_Rig/bee_0408_1_fwd/cam1_2026-04-08_16-15-57.mp4,1563.0,2245.0,1317,1982,1809,2508,0.7467025
1604,/Volumes/SmithL0/2026/BIOL470/Final/Learning_Rig/bee_0408_1_fwd/cam1_2026-04-08_16-15-57.mp4,1914.0,2259.5,1767,2126,2061,2393,0.57356495
1605,/Volumes/SmithL0/2026/BIOL470/Final/Learning_Rig/bee_0408_1_fwd/cam1_2026-04-08_16-15-57.mp4,1750.0,2227.0,1433,2047,2067,2407,0.5707787
1606,/Volumes/SmithL0/2026/BIOL470/Final/Learning_Rig/bee_0408_1_fwd/cam1_2026-04-08_16-15-57.mp4,1604.0,2249.0,1206,1970,2002,2528,0.7757433
1607,/Volumes/SmithL0/2026/BIOL470/Final/Learning_Rig/bee_0408_1_fwd/cam1_2026-04-08_16-15-57.mp4,1810.0,2255.0,1627,2150,1993,2360,0.7553955
1608,/Volumes/SmithL0/2026/BIOL470/Final/Learning_Rig/bee_0408_1_fwd/cam1_2026-04-08_16-15-57.mp4,2458.5,2751.5,2190,2463,2727,3040,0.7553332
1609,/Volumes/SmithL0/2026/BIOL470/Final/Learning_Rig/bee_0408_1_fwd/cam1_2026-04-08_16-15-57.mp4,1531.0,2230.0,1146,1973,1916,2487,0.7708556
1610,/Volumes/SmithL0/2026/BIOL470/Final/Learning_Rig/bee_0408_1_fwd/cam1_2026-04-08_16-15-57.mp4,2460.0,2751.0,2192,2462,2728,3040,0.75653267
1611,/Volumes/SmithL0/2026/BIOL470/Final/Learning_Rig/bee_0408_1_fwd/cam1_2026-04-08_16-15-57.mp4,1531.0,2219.5,1174,1943,1888,2496,0.7994678
1612,/Volumes/SmithL0/2026/BIOL470/Final/Learning_Rig/bee_0408_1_fwd/cam1_2026-04-08_16-15-57.mp4,2459.5,2750.0,2192,2461,2727,3039,0.76735276
1613,/Volumes/SmithL0/2026/BIOL470/Final/Learning_Rig/bee_0408_1_fwd/cam1_2026-04-08_16-15-57.mp4,2459.0,2751.0,2191,2462,2727,3040,0.7469876
1614,/Volumes/SmithL0/2026/BIOL470/Final/Learning_Rig/bee_0408_1_fwd/cam1_2026-04-08_16-15-57.mp4,1453.5,2145.0,1225,1851,1682,2439,0.7291409
1615,/Volumes/SmithL0/2026/BIOL470/Final/Learning_Rig/bee_0408_1_fwd/cam1_2026-04-08_16-15-57.mp4,1447.5,2120.0,1173,1780,1722,2460,0.80421007
1616,/Volumes/SmithL0/2026/BIOL470/Final/Learning_Rig/bee_0408_1_fwd/cam1_2026-04-08_16-15-57.mp4,2454.5,2748.5,2175,2460,2734,3037,0.7220081
1617,/Volumes/SmithL0/2026/BIOL470/Final/Learning_Rig/bee_0408_1_fwd/cam1_2026-04-08_16-15-57.mp4,1517.5,1939.0,1351,1789,1684,2089,0.6658425
1618,/Volumes/SmithL0/2026/BIOL470/Final/Learning_Rig/bee_0408_1_fwd/cam1_2026-04-08_16-15-57.mp4,1370.5,2089.0,1071,1774,1670,2404,0.8167805
1619,/Volumes/SmithL0/2026/BIOL470/Final/Learning_Rig/bee_0408_1_fwd/cam1_2026-04-08_16-15-57.mp4,2455.5,2749.0,2178,2461,2733,3037,0.7134202
1620,/Volumes/SmithL0/2026/BIOL470/Final/Learning_Rig/bee_0408_1_fwd/cam1_2026-04-08_16-15-57.mp4,1255.0,2144.0,916,1890,1594,2398,0.812993
1621,/Volumes/SmithL0/2026/BIOL470/Final/Learning_Rig/bee_0408_1_fwd/cam1_2026-04-08_16-15-57.mp4,2456.5,2748.5,2179,2460,2734,3037,0.6639632
1622,/Volumes/SmithL0/2026/BIOL470/Final/Learning_Rig/bee_0408_1_fwd/cam1_2026-04-08_16-15-57.mp4,1246.5,2147.5,913,1900,1580,2395,0.78845954
1623,/Volumes/SmithL0/2026/BIOL470/Final/Learning_Rig/bee_0408_1_fwd/cam1_2026-04-08_16-15-57.mp4,2453.0,2748.5,2174,2460,2732,3037,0.7053108
1624,/Volumes/SmithL0/2026/BIOL470/Final/Learning_Rig/bee_0408_1_fwd/cam1_2026-04-08_16-15-57.mp4,1237.5,2143.0,901,1896,1574,2390,0.80792683
1625,/Volumes/SmithL0/2026/BIOL470/Final/Learning_Rig/bee_0408_1_fwd/cam1_2026-04-08_16-15-57.mp4,2453.5,2748.5,2175,2460,2732,3037,0.71237177
1626,/Volumes/SmithL0/2026/BIOL470/Final/Learning_Rig/bee_0408_1_fwd/cam1_2026-04-08_16-15-57.mp4,2255.0,209.0,2113,62,2397,356,0.5311603
1627,/Volumes/SmithL0/2026/BIOL470/Final/Learning_Rig/bee_0408_1_fwd/cam1_2026-04-08_16-15-57.mp4,1254.0,2040.0,880,1794,1628,2286,0.7601462
1628,/Volumes/SmithL0/2026/BIOL470/Final/Learning_Rig/bee_0408_1_fwd/cam1_2026-04-08_16-15-57.mp4,2459.0,2751.5,2191,2463,2727,3040,0.7540333
1629,/Volumes/SmithL0/2026/BIOL470/Final/Learning_Rig/bee_0408_1_fwd/cam1_2026-04-08_16-15-57.mp4,1442.5,2103.5,1259,1924,1626,2283,0.6450715
1630,/Volumes/SmithL0/2026/BIOL470/Final/Learning_Rig/bee_0408_1_fwd/cam1_2026-04-08_16-15-57.mp4,1287.0,2005.5,901,1723,1673,2288,0.75930935
1631,/Volumes/SmithL0/2026/BIOL470/Final/Learning_Rig/bee_0408_1_fwd/cam1_2026-04-08_16-15-57.mp4,2459.0,2751.5,2192,2463,2726,3040,0.7503646
1632,/Volumes/SmithL0/2026/BIOL470/Final/Learning_Rig/bee_0408_1_fwd/cam1_2026-04-08_16-15-57.mp4,1255.0,1963.5,915,1663,1595,2264,0.8003469
1633,/Volumes/SmithL0/2026/BIOL470/Final/Learning_Rig/bee_0408_1_fwd/cam1_2026-04-08_16-15-57.mp4,2459.5,2751.0,2192,2462,2727,3040,0.732853
1634,/Volumes/SmithL0/2026/BIOL470/Final/Learning_Rig/bee_0408_1_fwd/cam1_2026-04-08_16-15-57.mp4,1176.5,1755.5,890,1440,1463,2071,0.79999703
1635,/Volumes/SmithL0/2026/BIOL470/Final/Learning_Rig/bee_0408_1_fwd/cam1_2026-04-08_16-15-57.mp4,2459.5,2750.5,2192,2462,2727,3039,0.73381513
1636,/Volumes/SmithL0/2026/BIOL470/Final/Learning_Rig/bee_0408_1_fwd/cam1_2026-04-08_16-15-57.mp4,1228.0,1669.5,882,1346,1574,1993,0.79953337
1637,/Volumes/SmithL0/2026/BIOL470/Final/Learning_Rig/bee_0408_1_fwd/cam1_2026-04-08_16-15-57.mp4,2459.0,2751.0,2192,2463,2726,3039,0.76438963
1638,/Volumes/SmithL0/2026/BIOL470/Final/Learning_Rig/bee_0408_1_fwd/cam1_2026-04-08_16-15-57.mp4,1135.0,1564.0,858,1243,1412,1885,0.7956886
1639,/Volumes/SmithL0/2026/BIOL470/Final/Learning_Rig/bee_0408_1_fwd/cam1_2026-04-08_16-15-57.mp4,2459.0,2751.0,2192,2462,2726,3040,0.7787652
1640,/Volumes/SmithL0/2026/BIOL470/Final/Learning_Rig/bee_0408_1_fwd/cam1_2026-04-08_16-15-57.mp4,1213.0,1545.5,1007,1219,1419,1872,0.74558645
1641,/Volumes/SmithL0/2026/BIOL470/Final/Learning_Rig/bee_0408_1_fwd/cam1_2026-04-08_16-15-57.mp4,1116.0,1535.5,862,1225,1370,1846,0.7787078
1642,/Volumes/SmithL0/2026/BIOL470/Final/Learning_Rig/bee_0408_1_fwd/cam1_2026-04-08_16-15-57.mp4,2458.0,2751.0,2191,2463,2725,3039,0.7752742
1643,/Volumes/SmithL0/2026/BIOL470/Final/Learning_Rig/bee_0408_1_fwd/cam1_2026-04-08_16-15-57.mp4,1135.0,1653.0,893,1460,1377,1846,0.5024636
1644,/Volumes/SmithL0/2026/BIOL470/Final/Learning_Rig/bee_0408_1_fwd/cam1_2026-04-08_16-15-57.mp4,1149.5,1615.0,878,1409,1421,1821,0.80360734
1645,/Volumes/SmithL0/2026/BIOL470/Final/Learning_Rig/bee_0408_1_fwd/cam1_2026-04-08_16-15-57.mp4,2459.0,2751.0,2192,2463,2726,3039,0.7848587
1646,/Volumes/SmithL0/2026/BIOL470/Final/Learning_Rig/bee_0408_1_fwd/cam1_2026-04-08_16-15-57.mp4,1141.0,1527.0,883,1237,1399,1817,0.7798939
1647,/Volumes/SmithL0/2026/BIOL470/Final/Learning_Rig/bee_0408_1_fwd/cam1_2026-04-08_16-15-57.mp4,1116.0,1327.0,905,1137,1327,1517,0.56415486
1648,/Volumes/SmithL0/2026/BIOL470/Final/Learning_Rig/bee_0408_1_fwd/cam1_2026-04-08_16-15-57.mp4,1155.0,1524.5,894,1152,1416,1897,0.81548834
1649,/Volumes/SmithL0/2026/BIOL470/Final/Learning_Rig/bee_0408_1_fwd/cam1_2026-04-08_16-15-57.mp4,2460.0,2749.5,2193,2460,2727,3039,0.7734774
1650,/Volumes/SmithL0/2026/BIOL470/Final/Learning_Rig/bee_0408_1_fwd/cam1_2026-04-08_16-15-57.mp4,1196.0,1561.5,928,1225,1464,1898,0.794813
1651,/Volumes/SmithL0/2026/BIOL470/Final/Learning_Rig/bee_0408_1_fwd/cam1_2026-04-08_16-15-57.mp4,2460.0,2751.5,2193,2464,2727,3039,0.7557534
1652,/Volumes/SmithL0/2026/BIOL470/Final/Learning_Rig/bee_0408_1_fwd/cam1_2026-04-08_16-15-57.mp4,1023.5,2926.0,746,2813,1301,3039,0.5479689
1653,/Volumes/SmithL0/2026/BIOL470/Final/Learning_Rig/bee_0408_1_fwd/cam1_2026-04-08_16-15-57.mp4,1222.5,1668.5,940,1431,1505,1906,0.537471
1654,/Volumes/SmithL0/2026/BIOL470/Final/Learning_Rig/bee_0408_1_fwd/cam1_2026-04-08_16-15-57.mp4,1236.5,1669.5,961,1383,1512,1956,0.779408
1655,/Volumes/SmithL0/2026/BIOL470/Final/Learning_Rig/bee_0408_1_fwd/cam1_2026-04-08_16-15-57.mp4,2459.5,2751.0,2193,2463,2726,3039,0.7519096
1656,/Volumes/SmithL0/2026/BIOL470/Final/Learning_Rig/bee_0408_1_fwd/cam1_2026-04-08_16-15-57.mp4,1259.5,1642.5,998,1291,1521,1994,0.7787781
1657,/Volumes/SmithL0/2026/BIOL470/Final/Learning_Rig/bee_0408_1_fwd/cam1_2026-04-08_16-15-57.mp4,2460.5,2752.0,2193,2465,2728,3039,0.74873257
1658,/Volumes/SmithL0/2026/BIOL470/Final/Learning_Rig/bee_0408_1_fwd/cam1_2026-04-08_16-15-57.mp4,1236.5,1647.0,952,1301,1521,1993,0.7786278
1659,/Volumes/SmithL0/2026/BIOL470/Final/Learning_Rig/bee_0408_1_fwd/cam1_2026-04-08_16-15-57.mp4,2460.0,2750.5,2192,2461,2728,3040,0.7497095
1660,/Volumes/SmithL0/2026/BIOL470/Final/Learning_Rig/bee_0408_1_fwd/cam1_2026-04-08_16-15-57.mp4,2460.0,2751.5,2193,2464,2727,3039,0.7556558
1661,/Volumes/SmithL0/2026/BIOL470/Final/Learning_Rig/bee_0408_1_fwd/cam1_2026-04-08_16-15-57.mp4,1243.0,1635.5,943,1283,1543,1988,0.7472454
1662,/Volumes/SmithL0/2026/BIOL470/Final/Learning_Rig/bee_0408_1_fwd/cam1_2026-04-08_16-15-57.mp4,1236.0,1634.0,942,1284,1530,1984,0.7760508
1663,/Volumes/SmithL0/2026/BIOL470/Final/Learning_Rig/bee_0408_1_fwd/cam1_2026-04-08_16-15-57.mp4,2459.5,2751.5,2193,2464,2726,3039,0.76880574
1664,/Volumes/SmithL0/2026/BIOL470/Final/Learning_Rig/bee_0408_1_fwd/cam1_2026-04-08_16-15-57.mp4,2459.0,2751.5,2192,2463,2726,3040,0.77210945
1665,/Volumes/SmithL0/2026/BIOL470/Final/Learning_Rig/bee_0408_1_fwd/cam1_2026-04-08_16-15-57.mp4,1237.0,1631.0,938,1279,1536,1983,0.7586303
1666,/Volumes/SmithL0/2026/BIOL470/Final/Learning_Rig/bee_0408_1_fwd/cam1_2026-04-08_16-15-57.mp4,2454.5,2747.5,2178,2459,2731,3036,0.757298
1667,/Volumes/SmithL0/2026/BIOL470/Final/Learning_Rig/bee_0408_1_fwd/cam1_2026-04-08_16-15-57.mp4,1219.5,1615.5,927,1287,1512,1944,0.7436257
1668,/Volumes/SmithL0/2026/BIOL470/Final/Learning_Rig/bee_0408_1_fwd/cam1_2026-04-08_16-15-57.mp4,2457.5,2751.0,2190,2462,2725,3040,0.7867523
1669,/Volumes/SmithL0/2026/BIOL470/Final/Learning_Rig/bee_0408_1_fwd/cam1_2026-04-08_16-15-57.mp4,1212.5,1559.0,942,1239,1483,1879,0.78023916
1670,/Volumes/SmithL0/2026/BIOL470/Final/Learning_Rig/bee_0408_1_fwd/cam1_2026-04-08_16-15-57.mp4,2254.0,207.5,2111,61,2397,354,0.5325989
1671,/Volumes/SmithL0/2026/BIOL470/Final/Learning_Rig/bee_0408_1_fwd/cam1_2026-04-08_16-15-57.mp4,1207.0,1545.0,927,1223,1487,1867,0.78065133
1672,/Volumes/SmithL0/2026/BIOL470/Final/Learning_Rig/bee_0408_1_fwd/cam1_2026-04-08_16-15-57.mp4,2456.5,2748.5,2180,2461,2733,3036,0.7629062
1673,/Volumes/SmithL0/2026/BIOL470/Final/Learning_Rig/bee_0408_1_fwd/cam1_2026-04-08_16-15-57.mp4,2459.5,2751.0,2192,2462,2727,3040,0.7743127
1674,/Volumes/SmithL0/2026/BIOL470/Final/Learning_Rig/bee_0408_1_fwd/cam1_2026-04-08_16-15-57.mp4,1198.5,1509.5,924,1183,1473,1836,0.60239387
1675,/Volumes/SmithL0/2026/BIOL470/Final/Learning_Rig/bee_0408_1_fwd/cam1_2026-04-08_16-15-57.mp4,2256.0,204.0,2115,66,2397,342,0.56758815
1676,/Volumes/SmithL0/2026/BIOL470/Final/Learning_Rig/bee_0408_1_fwd/cam1_2026-04-08_16-15-57.mp4,2459.0,2749.5,2191,2460,2727,3039,0.7657068
1677,/Volumes/SmithL0/2026/BIOL470/Final/Learning_Rig/bee_0408_1_fwd/cam1_2026-04-08_16-15-57.mp4,1215.0,1416.5,925,1070,1505,1763,0.7632531
1678,/Volumes/SmithL0/2026/BIOL470/Final/Learning_Rig/bee_0408_1_fwd/cam1_2026-04-08_16-15-57.mp4,2459.0,2750.0,2192,2461,2726,3039,0.78221107
1679,/Volumes/SmithL0/2026/BIOL470/Final/Learning_Rig/bee_0408_1_fwd/cam1_2026-04-08_16-15-57.mp4,1228.5,1167.5,988,815,1469,1520,0.7557311
1680,/Volumes/SmithL0/2026/BIOL470/Final/Learning_Rig/bee_0408_1_fwd/cam1_2026-04-08_16-15-57.mp4,2459.5,2751.0,2192,2462,2727,3040,0.78609985
1681,/Volumes/SmithL0/2026/BIOL470/Final/Learning_Rig/bee_0408_1_fwd/cam1_2026-04-08_16-15-57.mp4,1394.0,806.0,1100,439,1688,1173,0.75921655
1682,/Volumes/SmithL0/2026/BIOL470/Final/Learning_Rig/bee_0408_1_fwd/cam1_2026-04-08_16-15-57.mp4,2460.0,2751.5,2192,2463,2728,3040,0.74167573
1683,/Volumes/SmithL0/2026/BIOL470/Final/Learning_Rig/bee_0408_1_fwd/cam1_2026-04-08_16-15-57.mp4,1396.0,944.5,1105,722,1687,1167,0.7134405
1684,/Volumes/SmithL0/2026/BIOL470/Final/Learning_Rig/bee_0408_1_fwd/cam1_2026-04-08_16-15-57.mp4,1443.0,815.0,1244,440,1642,1190,0.62870234
1685,/Volumes/SmithL0/2026/BIOL470/Final/Learning_Rig/bee_0408_1_fwd/cam1_2026-04-08_16-15-57.mp4,2459.5,2751.5,2193,2464,2726,3039,0.76415205
1686,/Volumes/SmithL0/2026/BIOL470/Final/Learning_Rig/bee_0408_1_fwd/cam1_2026-04-08_16-15-57.mp4,1354.0,928.5,1116,731,1592,1126,0.73523283
1687,/Volumes/SmithL0/2026/BIOL470/Final/Learning_Rig/bee_0408_1_fwd/cam1_2026-04-08_16-15-57.mp4,1349.0,739.0,1103,349,1595,1129,0.7136599
1688,/Volumes/SmithL0/2026/BIOL470/Final/Learning_Rig/bee_0408_1_fwd/cam1_2026-04-08_16-15-57.mp4,2460.0,2750.0,2194,2461,2726,3039,0.7704136
1689,/Volumes/SmithL0/2026/BIOL470/Final/Learning_Rig/bee_0408_1_fwd/cam1_2026-04-08_16-15-57.mp4,1290.5,811.5,1059,496,1522,1127,0.74879986
1690,/Volumes/SmithL0/2026/BIOL470/Final/Learning_Rig/bee_0408_1_fwd/cam1_2026-04-08_16-15-57.mp4,1302.5,740.0,1022,342,1583,1138,0.69045055
1691,/Volumes/SmithL0/2026/BIOL470/Final/Learning_Rig/bee_0408_1_fwd/cam1_2026-04-08_16-15-57.mp4,1298.0,920.5,1067,725,1529,1116,0.5887983
1692,/Volumes/SmithL0/2026/BIOL470/Final/Learning_Rig/bee_0408_1_fwd/cam1_2026-04-08_16-15-57.mp4,1291.5,704.5,1021,317,1562,1092,0.81622875
1693,/Volumes/SmithL0/2026/BIOL470/Final/Learning_Rig/bee_0408_1_fwd/cam1_2026-04-08_16-15-57.mp4,2460.0,2750.0,2193,2460,2727,3040,0.7611903
1694,/Volumes/SmithL0/2026/BIOL470/Final/Learning_Rig/bee_0408_1_fwd/cam1_2026-04-08_16-15-57.mp4,1036.5,2926.0,729,2813,1344,3039,0.50643396
1695,/Volumes/SmithL0/2026/BIOL470/Final/Learning_Rig/bee_0408_1_fwd/cam1_2026-04-08_16-15-57.mp4,1314.5,682.0,1040,293,1589,1071,0.81263715
1696,/Volumes/SmithL0/2026/BIOL470/Final/Learning_Rig/bee_0408_1_fwd/cam1_2026-04-08_16-15-57.mp4,2459.0,2749.0,2192,2458,2726,3040,0.7763395
1697,/Volumes/SmithL0/2026/BIOL470/Final/Learning_Rig/bee_0408_1_fwd/cam1_2026-04-08_16-15-57.mp4,1037.5,2926.5,726,2813,1349,3040,0.59401697
1698,/Volumes/SmithL0/2026/BIOL470/Final/Learning_Rig/bee_0408_1_fwd/cam1_2026-04-08_16-15-57.mp4,1323.0,640.0,1029,264,1617,1016,0.7953175
1699,/Volumes/SmithL0/2026/BIOL470/Final/Learning_Rig/bee_0408_1_fwd/cam1_2026-04-08_16-15-57.mp4,2459.5,2750.5,2193,2462,2726,3039,0.7659972
1700,/Volumes/SmithL0/2026/BIOL470/Final/Learning_Rig/bee_0408_1_fwd/cam1_2026-04-08_16-15-57.mp4,1293.0,625.5,1064,261,1522,990,0.7983581
1701,/Volumes/SmithL0/2026/BIOL470/Final/Learning_Rig/bee_0408_1_fwd/cam1_2026-04-08_16-15-57.mp4,2460.5,2751.0,2192,2463,2729,3039,0.7149167
1702,/Volumes/SmithL0/2026/BIOL470/Final/Learning_Rig/bee_0408_1_fwd/cam1_2026-04-08_16-15-57.mp4,1287.5,744.0,1048,497,1527,991,0.62445927
1703,/Volumes/SmithL0/2026/BIOL470/Final/Learning_Rig/bee_0408_1_fwd/cam1_2026-04-08_16-15-57.mp4,1042.0,2928.0,730,2817,1354,3039,0.5117452
1704,/Volumes/SmithL0/2026/BIOL470/Final/Learning_Rig/bee_0408_1_fwd/cam1_2026-04-08_16-15-57.mp4,1389.5,610.0,1088,234,1691,986,0.801229
1705,/Volumes/SmithL0/2026/BIOL470/Final/Learning_Rig/bee_0408_1_fwd/cam1_2026-04-08_16-15-57.mp4,2459.5,2749.5,2192,2460,2727,3039,0.77020717
1706,/Volumes/SmithL0/2026/BIOL470/Final/Learning_Rig/bee_0408_1_fwd/cam1_2026-04-08_16-15-57.mp4,1309.0,606.0,1106,232,1512,980,0.7427325
1707,/Volumes/SmithL0/2026/BIOL470/Final/Learning_Rig/bee_0408_1_fwd/cam1_2026-04-08_16-15-57.mp4,1382.0,585.5,1077,207,1687,964,0.7801393
1708,/Volumes/SmithL0/2026/BIOL470/Final/Learning_Rig/bee_0408_1_fwd/cam1_2026-04-08_16-15-57.mp4,2460.5,2750.5,2193,2461,2728,3040,0.7535086
1709,/Volumes/SmithL0/2026/BIOL470/Final/Learning_Rig/bee_0408_1_fwd/cam1_2026-04-08_16-15-57.mp4,1309.0,570.5,1093,184,1525,957,0.6749301
1710,/Volumes/SmithL0/2026/BIOL470/Final/Learning_Rig/bee_0408_1_fwd/cam1_2026-04-08_16-15-57.mp4,1043.5,2927.5,735,2815,1352,3040,0.5385229
1711,/Volumes/SmithL0/2026/BIOL470/Final/Learning_Rig/bee_0408_1_fwd/cam1_2026-04-08_16-15-57.mp4,1419.5,582.5,1077,179,1762,986,0.75384676
1712,/Volumes/SmithL0/2026/BIOL470/Final/Learning_Rig/bee_0408_1_fwd/cam1_2026-04-08_16-15-57.mp4,2459.5,2751.5,2192,2463,2727,3040,0.73297995
1713,/Volumes/SmithL0/2026/BIOL470/Final/Learning_Rig/bee_0408_1_fwd/cam1_2026-04-08_16-15-57.mp4,1325.5,579.5,1096,184,1555,975,0.6945839
1714,/Volumes/SmithL0/2026/BIOL470/Final/Learning_Rig/bee_0408_1_fwd/cam1_2026-04-08_16-15-57.mp4,1580.5,354.5,1430,219,1731,490,0.8329842
1715,/Volumes/SmithL0/2026/BIOL470/Final/Learning_Rig/bee_0408_1_fwd/cam1_2026-04-08_16-15-57.mp4,1436.0,540.5,1118,213,1754,868,0.7832233
1716,/Volumes/SmithL0/2026/BIOL470/Final/Learning_Rig/bee_0408_1_fwd/cam1_2026-04-08_16-15-57.mp4,2459.0,2752.0,2191,2464,2727,3040,0.7484716
1717,/Volumes/SmithL0/2026/BIOL470/Final/Learning_Rig/bee_0408_1_fwd/cam1_2026-04-08_16-15-57.mp4,2458.5,2753.0,2191,2467,2726,3039,0.77998734
1718,/Volumes/SmithL0/2026/BIOL470/Final/Learning_Rig/bee_0408_1_fwd/cam1_2026-04-08_16-15-57.mp4,1329.5,501.5,1100,174,1559,829,0.7703392
1719,/Volumes/SmithL0/2026/BIOL470/Final/Learning_Rig/bee_0408_1_fwd/cam1_2026-04-08_16-15-57.mp4,1617.5,353.5,1456,224,1779,483,0.76420766
1720,/Volumes/SmithL0/2026/BIOL470/Final/Learning_Rig/bee_0408_1_fwd/cam1_2026-04-08_16-15-57.mp4,1436.5,512.0,1106,181,1767,843,0.71311224
1721,/Volumes/SmithL0/2026/BIOL470/Final/Learning_Rig/bee_0408_1_fwd/cam1_2026-04-08_16-15-57.mp4,1044.0,2926.5,737,2814,1351,3039,0.53810203
1722,/Volumes/SmithL0/2026/BIOL470/Final/Learning_Rig/bee_0408_1_fwd/cam1_2026-04-08_16-15-57.mp4,1668.5,347.5,1520,222,1817,473,0.85891485
1723,/Volumes/SmithL0/2026/BIOL470/Final/Learning_Rig/bee_0408_1_fwd/cam1_2026-04-08_16-15-57.mp4,1395.5,473.0,1093,163,1698,783,0.81123817
1724,/Volumes/SmithL0/2026/BIOL470/Final/Learning_Rig/bee_0408_1_fwd/cam1_2026-04-08_16-15-57.mp4,2458.5,2752.0,2191,2465,2726,3039,0.7691894
1725,/Volumes/SmithL0/2026/BIOL470/Final/Learning_Rig/bee_0408_1_fwd/cam1_2026-04-08_16-15-57.mp4,1044.5,2926.0,735,2813,1354,3039,0.50321347
1726,/Volumes/SmithL0/2026/BIOL470/Final/Learning_Rig/bee_0408_1_fwd/cam1_2026-04-08_16-15-57.mp4,1702.0,360.0,1559,228,1845,492,0.8238813
1727,/Volumes/SmithL0/2026/BIOL470/Final/Learning_Rig/bee_0408_1_fwd/cam1_2026-04-08_16-15-57.mp4,2458.0,2752.5,2191,2465,2725,3040,0.78764266
1728,/Volumes/SmithL0/2026/BIOL470/Final/Learning_Rig/bee_0408_1_fwd/cam1_2026-04-08_16-15-57.mp4,1485.5,456.0,1081,158,1890,754,0.7841734
1729,/Volumes/SmithL0/2026/BIOL470/Final/Learning_Rig/bee_0408_1_fwd/cam1_2026-04-08_16-15-57.mp4,2458.5,2751.5,2191,2464,2726,3039,0.77385724
1730,/Volumes/SmithL0/2026/BIOL470/Final/Learning_Rig/bee_0408_1_fwd/cam1_2026-04-08_16-15-57.mp4,1515.0,467.5,1104,187,1926,748,0.7592547
1731,/Volumes/SmithL0/2026/BIOL470/Final/Learning_Rig/bee_0408_1_fwd/cam1_2026-04-08_16-15-57.mp4,1747.5,362.0,1596,228,1899,496,0.7039463
1732,/Volumes/SmithL0/2026/BIOL470/Final/Learning_Rig/bee_0408_1_fwd/cam1_2026-04-08_16-15-57.mp4,1791.5,323.5,1638,191,1945,456,0.86865693
1733,/Volumes/SmithL0/2026/BIOL470/Final/Learning_Rig/bee_0408_1_fwd/cam1_2026-04-08_16-15-57.mp4,2459.0,2752.0,2191,2465,2727,3039,0.7673078
1734,/Volumes/SmithL0/2026/BIOL470/Final/Learning_Rig/bee_0408_1_fwd/cam1_2026-04-08_16-15-57.mp4,1579.5,449.5,1188,162,1971,737,0.7371011
1735,/Volumes/SmithL0/2026/BIOL470/Final/Learning_Rig/bee_0408_1_fwd/cam1_2026-04-08_16-15-57.mp4,1853.5,352.5,1711,218,1996,487,0.8494751
1736,/Volumes/SmithL0/2026/BIOL470/Final/Learning_Rig/bee_0408_1_fwd/cam1_2026-04-08_16-15-57.mp4,2460.0,2751.5,2194,2463,2726,3040,0.77505606
1737,/Volumes/SmithL0/2026/BIOL470/Final/Learning_Rig/bee_0408_1_fwd/cam1_2026-04-08_16-15-57.mp4,1613.5,440.0,1231,196,1996,684,0.761235
1738,/Volumes/SmithL0/2026/BIOL470/Final/Learning_Rig/bee_0408_1_fwd/cam1_2026-04-08_16-15-57.mp4,2000.5,386.5,1847,243,2154,530,0.79233325
1739,/Volumes/SmithL0/2026/BIOL470/Final/Learning_Rig/bee_0408_1_fwd/cam1_2026-04-08_16-15-57.mp4,2458.5,2752.5,2191,2465,2726,3040,0.7688692
1740,/Volumes/SmithL0/2026/BIOL470/Final/Learning_Rig/bee_0408_1_fwd/cam1_2026-04-08_16-15-57.mp4,1788.0,379.5,1384,60,2192,699,0.7102284
1741,/Volumes/SmithL0/2026/BIOL470/Final/Learning_Rig/bee_0408_1_fwd/cam1_2026-04-08_16-15-57.mp4,1782.5,451.0,1388,229,2177,673,0.6677043
1742,/Volumes/SmithL0/2026/BIOL470/Final/Learning_Rig/bee_0408_1_fwd/cam1_2026-04-08_16-15-57.mp4,2456.5,2748.0,2182,2460,2731,3036,0.76870763
1743,/Volumes/SmithL0/2026/BIOL470/Final/Learning_Rig/bee_0408_1_fwd/cam1_2026-04-08_16-15-57.mp4,1814.5,382.0,1439,55,2190,709,0.7442442
1744,/Volumes/SmithL0/2026/BIOL470/Final/Learning_Rig/bee_0408_1_fwd/cam1_2026-04-08_16-15-57.mp4,1716.0,366.5,1441,55,1991,678,0.5329885
1745,/Volumes/SmithL0/2026/BIOL470/Final/Learning_Rig/bee_0408_1_fwd/cam1_2026-04-08_16-15-57.mp4,1803.0,390.0,1450,30,2156,750,0.7762379
1746,/Volumes/SmithL0/2026/BIOL470/Final/Learning_Rig/bee_0408_1_fwd/cam1_2026-04-08_16-15-57.mp4,2458.5,2752.0,2191,2464,2726,3040,0.77543616
1747,/Volumes/SmithL0/2026/BIOL470/Final/Learning_Rig/bee_0408_1_fwd/cam1_2026-04-08_16-15-57.mp4,2070.5,371.5,1921,231,2220,512,0.6912259
1748,/Volumes/SmithL0/2026/BIOL470/Final/Learning_Rig/bee_0408_1_fwd/cam1_2026-04-08_16-15-57.mp4,2011.5,384.5,1866,182,2157,587,0.7918605
1749,/Volumes/SmithL0/2026/BIOL470/Final/Learning_Rig/bee_0408_1_fwd/cam1_2026-04-08_16-15-57.mp4,2459.0,2751.0,2191,2463,2727,3039,0.7835868
1750,/Volumes/SmithL0/2026/BIOL470/Final/Learning_Rig/bee_0408_1_fwd/cam1_2026-04-08_16-15-57.mp4,1821.0,461.0,1451,155,2191,767,0.7535658
1751,/Volumes/SmithL0/2026/BIOL470/Final/Learning_Rig/bee_0408_1_fwd/cam1_2026-04-08_16-15-57.mp4,1038.5,2925.0,728,2811,1349,3039,0.52864325
1752,/Volumes/SmithL0/2026/BIOL470/Final/Learning_Rig/bee_0408_1_fwd/cam1_2026-04-08_16-15-57.mp4,2459.5,2753.0,2191,2466,2728,3040,0.7611353
1753,/Volumes/SmithL0/2026/BIOL470/Final/Learning_Rig/bee_0408_1_fwd/cam1_2026-04-08_16-15-57.mp4,1714.0,474.0,1450,146,1978,802,0.7149541
1754,/Volumes/SmithL0/2026/BIOL470/Final/Learning_Rig/bee_0408_1_fwd/cam1_2026-04-08_16-15-57.mp4,1789.5,522.5,1476,172,2103,873,0.78826207
1755,/Volumes/SmithL0/2026/BIOL470/Final/Learning_Rig/bee_0408_1_fwd/cam1_2026-04-08_16-15-57.mp4,2459.0,2751.5,2190,2463,2728,3040,0.7702431
1756,/Volumes/SmithL0/2026/BIOL470/Final/Learning_Rig/bee_0408_1_fwd/cam1_2026-04-08_16-15-57.mp4,1813.0,549.0,1450,164,2176,934,0.81875634
1757,/Volumes/SmithL0/2026/BIOL470/Final/Learning_Rig/bee_0408_1_fwd/cam1_2026-04-08_16-15-57.mp4,1877.0,373.5,1733,188,2021,559,0.749634
1758,/Volumes/SmithL0/2026/BIOL470/Final/Learning_Rig/bee_0408_1_fwd/cam1_2026-04-08_16-15-57.mp4,2460.5,2752.0,2192,2464,2729,3040,0.740789
1759,/Volumes/SmithL0/2026/BIOL470/Final/Learning_Rig/bee_0408_1_fwd/cam1_2026-04-08_16-15-57.mp4,2460.0,2752.0,2192,2464,2728,3040,0.73769355
1760,/Volumes/SmithL0/2026/BIOL470/Final/Learning_Rig/bee_0408_1_fwd/cam1_2026-04-08_16-15-57.mp4,1710.0,557.5,1428,168,1992,947,0.7075528
1761,/Volumes/SmithL0/2026/BIOL470/Final/Learning_Rig/bee_0408_1_fwd/cam1_2026-04-08_16-15-57.mp4,1698.5,659.0,1421,271,1976,1047,0.79624057
1762,/Volumes/SmithL0/2026/BIOL470/Final/Learning_Rig/bee_0408_1_fwd/cam1_2026-04-08_16-15-57.mp4,2459.5,2751.5,2191,2464,2728,3039,0.7425905
1763,/Volumes/SmithL0/2026/BIOL470/Final/Learning_Rig/bee_0408_1_fwd/cam1_2026-04-08_16-15-57.mp4,1703.5,650.0,1426,264,1981,1036,0.80047727
1764,/Volumes/SmithL0/2026/BIOL470/Final/Learning_Rig/bee_0408_1_fwd/cam1_2026-04-08_16-15-57.mp4,2460.0,2752.5,2192,2465,2728,3040,0.7449344
1765,/Volumes/SmithL0/2026/BIOL470/Final/Learning_Rig/bee_0408_1_fwd/cam1_2026-04-08_16-15-57.mp4,2222.5,216.0,2028,58,2417,374,0.5542232
1766,/Volumes/SmithL0/2026/BIOL470/Final/Learning_Rig/bee_0408_1_fwd/cam1_2026-04-08_16-15-57.mp4,1668.5,660.5,1382,273,1955,1048,0.8244357
1767,/Volumes/SmithL0/2026/BIOL470/Final/Learning_Rig/bee_0408_1_fwd/cam1_2026-04-08_16-15-57.mp4,2458.5,2749.5,2191,2459,2726,3040,0.77866226
1768,/Volumes/SmithL0/2026/BIOL470/Final/Learning_Rig/bee_0408_1_fwd/cam1_2026-04-08_16-15-57.mp4,2224.5,217.0,2031,59,2418,375,0.53179204
1769,/Volumes/SmithL0/2026/BIOL470/Final/Learning_Rig/bee_0408_1_fwd/cam1_2026-04-08_16-15-57.mp4,1678.5,664.5,1383,295,1974,1034,0.8214068
1770,/Volumes/SmithL0/2026/BIOL470/Final/Learning_Rig/bee_0408_1_fwd/cam1_2026-04-08_16-15-57.mp4,2459.0,2750.5,2191,2461,2727,3040,0.758519
1771,/Volumes/SmithL0/2026/BIOL470/Final/Learning_Rig/bee_0408_1_fwd/cam1_2026-04-08_16-15-57.mp4,1675.5,644.0,1379,270,1972,1018,0.80156356
1772,/Volumes/SmithL0/2026/BIOL470/Final/Learning_Rig/bee_0408_1_fwd/cam1_2026-04-08_16-15-57.mp4,2459.5,2752.0,2192,2465,2727,3039,0.74237084
1773,/Volumes/SmithL0/2026/BIOL470/Final/Learning_Rig/bee_0408_1_fwd/cam1_2026-04-08_16-15-57.mp4,2223.0,216.0,2029,59,2417,373,0.54433113
1774,/Volumes/SmithL0/2026/BIOL470/Final/Learning_Rig/bee_0408_1_fwd/cam1_2026-04-08_16-15-57.mp4,1616.0,707.5,1334,338,1898,1077,0.79127234
1775,/Volumes/SmithL0/2026/BIOL470/Final/Learning_Rig/bee_0408_1_fwd/cam1_2026-04-08_16-15-57.mp4,2456.5,2749.5,2180,2462,2733,3037,0.71421576
1776,/Volumes/SmithL0/2026/BIOL470/Final/Learning_Rig/bee_0408_1_fwd/cam1_2026-04-08_16-15-57.mp4,1655.0,834.0,1388,594,1922,1074,0.62132496
1777,/Volumes/SmithL0/2026/BIOL470/Final/Learning_Rig/bee_0408_1_fwd/cam1_2026-04-08_16-15-57.mp4,1564.5,694.0,1217,348,1912,1040,0.7973827
1778,/Volumes/SmithL0/2026/BIOL470/Final/Learning_Rig/bee_0408_1_fwd/cam1_2026-04-08_16-15-57.mp4,2458.0,2751.5,2190,2464,2726,3039,0.7528881
1779,/Volumes/SmithL0/2026/BIOL470/Final/Learning_Rig/bee_0408_1_fwd/cam1_2026-04-08_16-15-57.mp4,2225.0,216.0,2031,59,2419,373,0.518829
1780,/Volumes/SmithL0/2026/BIOL470/Final/Learning_Rig/bee_0408_1_fwd/cam1_2026-04-08_16-15-57.mp4,2459.0,2751.5,2192,2463,2726,3040,0.7523281
1781,/Volumes/SmithL0/2026/BIOL470/Final/Learning_Rig/bee_0408_1_fwd/cam1_2026-04-08_16-15-57.mp4,1509.0,744.5,1132,414,1886,1075,0.67265433
1782,/Volumes/SmithL0/2026/BIOL470/Final/Learning_Rig/bee_0408_1_fwd/cam1_2026-04-08_16-15-57.mp4,2458.0,2750.0,2190,2460,2726,3040,0.77889174
1783,/Volumes/SmithL0/2026/BIOL470/Final/Learning_Rig/bee_0408_1_fwd/cam1_2026-04-08_16-15-57.mp4,1381.5,789.0,993,506,1770,1072,0.75094676
1784,/Volumes/SmithL0/2026/BIOL470/Final/Learning_Rig/bee_0408_1_fwd/cam1_2026-04-08_16-15-57.mp4,2220.5,215.5,2024,59,2417,372,0.5374287
1785,/Volumes/SmithL0/2026/BIOL470/Final/Learning_Rig/bee_0408_1_fwd/cam1_2026-04-08_16-15-57.mp4,1321.5,711.0,936,426,1707,996,0.78770083
1786,/Volumes/SmithL0/2026/BIOL470/Final/Learning_Rig/bee_0408_1_fwd/cam1_2026-04-08_16-15-57.mp4,2458.5,2751.5,2191,2463,2726,3040,0.7766604
1787,/Volumes/SmithL0/2026/BIOL470/Final/Learning_Rig/bee_0408_1_fwd/cam1_2026-04-08_16-15-57.mp4,1277.0,654.0,943,314,1611,994,0.78792375
1788,/Volumes/SmithL0/2026/BIOL470/Final/Learning_Rig/bee_0408_1_fwd/cam1_2026-04-08_16-15-57.mp4,2460.0,2750.5,2192,2462,2728,3039,0.7358698
1789,/Volumes/SmithL0/2026/BIOL470/Final/Learning_Rig/bee_0408_1_fwd/cam1_2026-04-08_16-15-57.mp4,2246.5,211.0,2096,61,2397,361,0.51200205
1790,/Volumes/SmithL0/2026/BIOL470/Final/Learning_Rig/bee_0408_1_fwd/cam1_2026-04-08_16-15-57.mp4,1222.0,548.0,916,218,1528,878,0.8108787
1791,/Volumes/SmithL0/2026/BIOL470/Final/Learning_Rig/bee_0408_1_fwd/cam1_2026-04-08_16-15-57.mp4,2459.5,2751.5,2192,2464,2727,3039,0.7666178
1792,/Volumes/SmithL0/2026/BIOL470/Final/Learning_Rig/bee_0408_1_fwd/cam1_2026-04-08_16-15-57.mp4,2245.5,209.5,2093,60,2398,359,0.5612827
1793,/Volumes/SmithL0/2026/BIOL470/Final/Learning_Rig/bee_0408_1_fwd/cam1_2026-04-08_16-15-57.mp4,1203.5,524.5,915,196,1492,853,0.8191625
1794,/Volumes/SmithL0/2026/BIOL470/Final/Learning_Rig/bee_0408_1_fwd/cam1_2026-04-08_16-15-57.mp4,2459.5,2752.0,2192,2465,2727,3039,0.7595263
1795,/Volumes/SmithL0/2026/BIOL470/Final/Learning_Rig/bee_0408_1_fwd/cam1_2026-04-08_16-15-57.mp4,2245.5,210.5,2094,60,2397,361,0.5160425
1796,/Volumes/SmithL0/2026/BIOL470/Final/Learning_Rig/bee_0408_1_fwd/cam1_2026-04-08_16-15-57.mp4,1312.0,537.5,949,238,1675,837,0.79872036
1797,/Volumes/SmithL0/2026/BIOL470/Final/Learning_Rig/bee_0408_1_fwd/cam1_2026-04-08_16-15-57.mp4,2459.5,2752.0,2191,2464,2728,3040,0.7312404
1798,/Volumes/SmithL0/2026/BIOL470/Final/Learning_Rig/bee_0408_1_fwd/cam1_2026-04-08_16-15-57.mp4,2243.5,212.5,2090,60,2397,365,0.5197151
1799,/Volumes/SmithL0/2026/BIOL470/Final/Learning_Rig/bee_0408_1_fwd/cam1_2026-04-08_16-15-57.mp4,1329.0,553.5,965,240,1693,867,0.80851126
1800,/Volumes/SmithL0/2026/BIOL470/Final/Learning_Rig/bee_0408_1_fwd/cam1_2026-04-08_16-15-57.mp4,2458.0,2751.5,2191,2463,2725,3040,0.7788212
1801,/Volumes/SmithL0/2026/BIOL470/Final/Learning_Rig/bee_0408_1_fwd/cam1_2026-04-08_16-15-57.mp4,1339.0,549.0,981,232,1697,866,0.80425245
1802,/Volumes/SmithL0/2026/BIOL470/Final/Learning_Rig/bee_0408_1_fwd/cam1_2026-04-08_16-15-57.mp4,2459.0,2752.0,2192,2464,2726,3040,0.7520559
1803,/Volumes/SmithL0/2026/BIOL470/Final/Learning_Rig/bee_0408_1_fwd/cam1_2026-04-08_16-15-57.mp4,2458.5,2752.0,2190,2464,2727,3040,0.7529084
1804,/Volumes/SmithL0/2026/BIOL470/Final/Learning_Rig/bee_0408_1_fwd/cam1_2026-04-08_16-15-57.mp4,1379.0,636.5,990,296,1768,977,0.7501676
1805,/Volumes/SmithL0/2026/BIOL470/Final/Learning_Rig/bee_0408_1_fwd/cam1_2026-04-08_16-15-57.mp4,2220.0,216.5,2024,59,2416,374,0.51373804
1806,/Volumes/SmithL0/2026/BIOL470/Final/Learning_Rig/bee_0408_1_fwd/cam1_2026-04-08_16-15-57.mp4,1347.5,687.0,939,402,1756,972,0.78461283
1807,/Volumes/SmithL0/2026/BIOL470/Final/Learning_Rig/bee_0408_1_fwd/cam1_2026-04-08_16-15-57.mp4,2457.0,2748.5,2181,2461,2733,3036,0.71294695
1808,/Volumes/SmithL0/2026/BIOL470/Final/Learning_Rig/bee_0408_1_fwd/cam1_2026-04-08_16-15-57.mp4,1301.5,729.5,903,479,1700,980,0.76923823
1809,/Volumes/SmithL0/2026/BIOL470/Final/Learning_Rig/bee_0408_1_fwd/cam1_2026-04-08_16-15-57.mp4,2456.0,2748.5,2179,2461,2733,3036,0.7200475
1810,/Volumes/SmithL0/2026/BIOL470/Final/Learning_Rig/bee_0408_1_fwd/cam1_2026-04-08_16-15-57.mp4,1353.5,712.5,925,441,1782,984,0.7569185
1811,/Volumes/SmithL0/2026/BIOL470/Final/Learning_Rig/bee_0408_1_fwd/cam1_2026-04-08_16-15-57.mp4,2459.0,2752.0,2191,2465,2727,3039,0.7524671
1812,/Volumes/SmithL0/2026/BIOL470/Final/Learning_Rig/bee_0408_1_fwd/cam1_2026-04-08_16-15-57.mp4,1540.5,758.5,1323,545,1758,972,0.6094479
1813,/Volumes/SmithL0/2026/BIOL470/Final/Learning_Rig/bee_0408_1_fwd/cam1_2026-04-08_16-15-57.mp4,2459.0,2752.0,2192,2465,2726,3039,0.7553696
1814,/Volumes/SmithL0/2026/BIOL470/Final/Learning_Rig/bee_0408_1_fwd/cam1_2026-04-08_16-15-57.mp4,1540.5,762.0,1310,549,1771,975,0.7444243
1815,/Volumes/SmithL0/2026/BIOL470/Final/Learning_Rig/bee_0408_1_fwd/cam1_2026-04-08_16-15-57.mp4,1409.0,756.5,1029,535,1789,978,0.6524924
1816,/Volumes/SmithL0/2026/BIOL470/Final/Learning_Rig/bee_0408_1_fwd/cam1_2026-04-08_16-15-57.mp4,1132.5,795.5,964,602,1301,989,0.6408877
1817,/Volumes/SmithL0/2026/BIOL470/Final/Learning_Rig/bee_0408_1_fwd/cam1_2026-04-08_16-15-57.mp4,2221.5,216.0,2027,59,2416,373,0.51360416
1818,/Volumes/SmithL0/2026/BIOL470/Final/Learning_Rig/bee_0408_1_fwd/cam1_2026-04-08_16-15-57.mp4,1589.5,731.0,1415,556,1764,906,0.5018593
1819,/Volumes/SmithL0/2026/BIOL470/Final/Learning_Rig/bee_0408_1_fwd/cam1_2026-04-08_16-15-57.mp4,1384.0,705.0,970,424,1798,986,0.77162373
1820,/Volumes/SmithL0/2026/BIOL470/Final/Learning_Rig/bee_0408_1_fwd/cam1_2026-04-08_16-15-57.mp4,2459.5,2753.0,2193,2466,2726,3040,0.76745194
1821,/Volumes/SmithL0/2026/BIOL470/Final/Learning_Rig/bee_0408_1_fwd/cam1_2026-04-08_16-15-57.mp4,1452.0,746.0,1116,507,1788,985,0.7492451
1822,/Volumes/SmithL0/2026/BIOL470/Final/Learning_Rig/bee_0408_1_fwd/cam1_2026-04-08_16-15-57.mp4,1580.5,763.5,1356,548,1805,979,0.69174004
1823,/Volumes/SmithL0/2026/BIOL470/Final/Learning_Rig/bee_0408_1_fwd/cam1_2026-04-08_16-15-57.mp4,1143.5,792.0,982,597,1305,987,0.5274727
1824,/Volumes/SmithL0/2026/BIOL470/Final/Learning_Rig/bee_0408_1_fwd/cam1_2026-04-08_16-15-57.mp4,2459.0,2752.0,2192,2464,2726,3040,0.76948774
1825,/Volumes/SmithL0/2026/BIOL470/Final/Learning_Rig/bee_0408_1_fwd/cam1_2026-04-08_16-15-57.mp4,1455.5,691.0,1029,383,1882,999,0.76403713
1826,/Volumes/SmithL0/2026/BIOL470/Final/Learning_Rig/bee_0408_1_fwd/cam1_2026-04-08_16-15-57.mp4,2222.0,218.5,2026,59,2418,378,0.5490179
1827,/Volumes/SmithL0/2026/BIOL470/Final/Learning_Rig/bee_0408_1_fwd/cam1_2026-04-08_16-15-57.mp4,1674.0,715.0,1501,565,1847,865,0.5322338
1828,/Volumes/SmithL0/2026/BIOL470/Final/Learning_Rig/bee_0408_1_fwd/cam1_2026-04-08_16-15-57.mp4,1488.5,623.0,1081,362,1896,884,0.75639683
1829,/Volumes/SmithL0/2026/BIOL470/Final/Learning_Rig/bee_0408_1_fwd/cam1_2026-04-08_16-15-57.mp4,2459.5,2750.0,2192,2460,2727,3040,0.7447267
1830,/Volumes/SmithL0/2026/BIOL470/Final/Learning_Rig/bee_0408_1_fwd/cam1_2026-04-08_16-15-57.mp4,2222.5,217.0,2028,59,2417,375,0.56320393
1831,/Volumes/SmithL0/2026/BIOL470/Final/Learning_Rig/bee_0408_1_fwd/cam1_2026-04-08_16-15-57.mp4,1547.5,678.0,1112,368,1983,988,0.7691439
1832,/Volumes/SmithL0/2026/BIOL470/Final/Learning_Rig/bee_0408_1_fwd/cam1_2026-04-08_16-15-57.mp4,2459.5,2751.0,2192,2462,2727,3040,0.76005787
1833,/Volumes/SmithL0/2026/BIOL470/Final/Learning_Rig/bee_0408_1_fwd/cam1_2026-04-08_16-15-57.mp4,1760.0,727.5,1564,569,1956,886,0.69606173
1834,/Volumes/SmithL0/2026/BIOL470/Final/Learning_Rig/bee_0408_1_fwd/cam1_2026-04-08_16-15-57.mp4,2222.0,216.5,2027,59,2417,374,0.53095764
1835,/Volumes/SmithL0/2026/BIOL470/Final/Learning_Rig/bee_0408_1_fwd/cam1_2026-04-08_16-15-57.mp4,1558.0,649.5,1131,317,1985,982,0.7469922
1836,/Volumes/SmithL0/2026/BIOL470/Final/Learning_Rig/bee_0408_1_fwd/cam1_2026-04-08_16-15-57.mp4,2460.0,2752.5,2192,2465,2728,3040,0.7342195
1837,/Volumes/SmithL0/2026/BIOL470/Final/Learning_Rig/bee_0408_1_fwd/cam1_2026-04-08_16-15-57.mp4,1591.5,697.0,1206,488,1977,906,0.6957907
1838,/Volumes/SmithL0/2026/BIOL470/Final/Learning_Rig/bee_0408_1_fwd/cam1_2026-04-08_16-15-57.mp4,1800.0,718.0,1635,555,1965,881,0.57883
1839,/Volumes/SmithL0/2026/BIOL470/Final/Learning_Rig/bee_0408_1_fwd/cam1_2026-04-08_16-15-57.mp4,2223.0,215.5,2028,58,2418,373,0.54946357
1840,/Volumes/SmithL0/2026/BIOL470/Final/Learning_Rig/bee_0408_1_fwd/cam1_2026-04-08_16-15-57.mp4,2459.0,2749.5,2191,2460,2727,3039,0.7659558
1841,/Volumes/SmithL0/2026/BIOL470/Final/Learning_Rig/bee_0408_1_fwd/cam1_2026-04-08_16-15-57.mp4,1612.5,747.5,1220,525,2005,970,0.75725186
1842,/Volumes/SmithL0/2026/BIOL470/Final/Learning_Rig/bee_0408_1_fwd/cam1_2026-04-08_16-15-57.mp4,2224.0,215.5,2030,58,2418,373,0.56553143
1843,/Volumes/SmithL0/2026/BIOL470/Final/Learning_Rig/bee_0408_1_fwd/cam1_2026-04-08_16-15-57.mp4,2459.0,2752.0,2192,2464,2726,3040,0.7626976
1844,/Volumes/SmithL0/2026/BIOL470/Final/Learning_Rig/bee_0408_1_fwd/cam1_2026-04-08_16-15-57.mp4,1725.0,714.5,1417,342,2033,1087,0.7327392
1845,/Volumes/SmithL0/2026/BIOL470/Final/Learning_Rig/bee_0408_1_fwd/cam1_2026-04-08_16-15-57.mp4,1619.0,710.5,1405,343,1833,1078,0.6939867
1846,/Volumes/SmithL0/2026/BIOL470/Final/Learning_Rig/bee_0408_1_fwd/cam1_2026-04-08_16-15-57.mp4,2226.0,215.5,2035,59,2417,372,0.5868023
1847,/Volumes/SmithL0/2026/BIOL470/Final/Learning_Rig/bee_0408_1_fwd/cam1_2026-04-08_16-15-57.mp4,2248.5,206.0,2101,67,2396,345,0.51939064
1848,/Volumes/SmithL0/2026/BIOL470/Final/Learning_Rig/bee_0408_1_fwd/cam1_2026-04-08_16-15-57.mp4,1038.5,2928.5,729,2818,1348,3039,0.5112821
1849,/Volumes/SmithL0/2026/BIOL470/Final/Learning_Rig/bee_0408_1_fwd/cam1_2026-04-08_16-15-57.mp4,2454.5,2747.5,2176,2459,2733,3036,0.72442275
1850,/Volumes/SmithL0/2026/BIOL470/Final/Learning_Rig/bee_0408_1_fwd/cam1_2026-04-08_16-15-57.mp4,1686.5,706.5,1417,338,1956,1075,0.6752307
1851,/Volumes/SmithL0/2026/BIOL470/Final/Learning_Rig/bee_0408_1_fwd/cam1_2026-04-08_16-15-57.mp4,1036.0,2925.0,725,2810,1347,3040,0.57471764
1852,/Volumes/SmithL0/2026/BIOL470/Final/Learning_Rig/bee_0408_1_fwd/cam1_2026-04-08_16-15-57.mp4,1791.0,650.0,1633,349,1949,951,0.57157254
1853,/Volumes/SmithL0/2026/BIOL470/Final/Learning_Rig/bee_0408_1_fwd/cam1_2026-04-08_16-15-57.mp4,2459.5,2751.0,2191,2462,2728,3040,0.7355552
1854,/Volumes/SmithL0/2026/BIOL470/Final/Learning_Rig/bee_0408_1_fwd/cam1_2026-04-08_16-15-57.mp4,1703.0,711.5,1436,347,1970,1076,0.71013427
1855,/Volumes/SmithL0/2026/BIOL470/Final/Learning_Rig/bee_0408_1_fwd/cam1_2026-04-08_16-15-57.mp4,1798.0,727.5,1630,352,1966,1103,0.64780176
1856,/Volumes/SmithL0/2026/BIOL470/Final/Learning_Rig/bee_0408_1_fwd/cam1_2026-04-08_16-15-57.mp4,1824.5,526.0,1680,350,1969,702,0.5707941
1857,/Volumes/SmithL0/2026/BIOL470/Final/Learning_Rig/bee_0408_1_fwd/cam1_2026-04-08_16-15-57.mp4,1708.0,720.0,1435,359,1981,1081,0.76061994
1858,/Volumes/SmithL0/2026/BIOL470/Final/Learning_Rig/bee_0408_1_fwd/cam1_2026-04-08_16-15-57.mp4,2455.0,2746.5,2177,2457,2733,3036,0.7248527
1859,/Volumes/SmithL0/2026/BIOL470/Final/Learning_Rig/bee_0408_1_fwd/cam1_2026-04-08_16-15-57.mp4,1804.0,741.5,1630,362,1978,1121,0.63312274
1860,/Volumes/SmithL0/2026/BIOL470/Final/Learning_Rig/bee_0408_1_fwd/cam1_2026-04-08_16-15-57.mp4,2226.0,215.5,2035,58,2417,373,0.60510933
1861,/Volumes/SmithL0/2026/BIOL470/Final/Learning_Rig/bee_0408_1_fwd/cam1_2026-04-08_16-15-57.mp4,1666.0,764.5,1390,364,1942,1165,0.79876244
1862,/Volumes/SmithL0/2026/BIOL470/Final/Learning_Rig/bee_0408_1_fwd/cam1_2026-04-08_16-15-57.mp4,2459.5,2752.0,2192,2465,2727,3039,0.7385547
1863,/Volumes/SmithL0/2026/BIOL470/Final/Learning_Rig/bee_0408_1_fwd/cam1_2026-04-08_16-15-57.mp4,2226.0,217.0,2033,58,2419,376,0.5646372
1864,/Volumes/SmithL0/2026/BIOL470/Final/Learning_Rig/bee_0408_1_fwd/cam1_2026-04-08_16-15-57.mp4,2455.0,2747.0,2178,2458,2732,3036,0.7241388
1865,/Volumes/SmithL0/2026/BIOL470/Final/Learning_Rig/bee_0408_1_fwd/cam1_2026-04-08_16-15-57.mp4,1669.0,773.0,1389,372,1949,1174,0.7079981
1866,/Volumes/SmithL0/2026/BIOL470/Final/Learning_Rig/bee_0408_1_fwd/cam1_2026-04-08_16-15-57.mp4,2223.0,216.5,2029,59,2417,374,0.62968993
1867,/Volumes/SmithL0/2026/BIOL470/Final/Learning_Rig/bee_0408_1_fwd/cam1_2026-04-08_16-15-57.mp4,2459.0,2749.5,2191,2460,2727,3039,0.77184916
1868,/Volumes/SmithL0/2026/BIOL470/Final/Learning_Rig/bee_0408_1_fwd/cam1_2026-04-08_16-15-57.mp4,1660.0,798.0,1384,419,1936,1177,0.72848105
1869,/Volumes/SmithL0/2026/BIOL470/Final/Learning_Rig/bee_0408_1_fwd/cam1_2026-04-08_16-15-57.mp4,2223.0,217.0,2029,58,2417,376,0.6287881
1870,/Volumes/SmithL0/2026/BIOL470/Final/Learning_Rig/bee_0408_1_fwd/cam1_2026-04-08_16-15-57.mp4,1656.0,805.0,1341,433,1971,1177,0.7830754
1871,/Volumes/SmithL0/2026/BIOL470/Final/Learning_Rig/bee_0408_1_fwd/cam1_2026-04-08_16-15-57.mp4,2458.5,2752.5,2191,2465,2726,3040,0.7731938
1872,/Volumes/SmithL0/2026/BIOL470/Final/Learning_Rig/bee_0408_1_fwd/cam1_2026-04-08_16-15-57.mp4,2223.5,216.0,2029,58,2418,374,0.636698
1873,/Volumes/SmithL0/2026/BIOL470/Final/Learning_Rig/bee_0408_1_fwd/cam1_2026-04-08_16-15-57.mp4,2458.5,2752.5,2191,2465,2726,3040,0.7643849
1874,/Volumes/SmithL0/2026/BIOL470/Final/Learning_Rig/bee_0408_1_fwd/cam1_2026-04-08_16-15-57.mp4,1650.5,807.5,1319,441,1982,1174,0.7577723
1875,/Volumes/SmithL0/2026/BIOL470/Final/Learning_Rig/bee_0408_1_fwd/cam1_2026-04-08_16-15-57.mp4,2223.0,216.0,2030,59,2416,373,0.6248124
1876,/Volumes/SmithL0/2026/BIOL470/Final/Learning_Rig/bee_0408_1_fwd/cam1_2026-04-08_16-15-57.mp4,2458.5,2752.5,2192,2465,2725,3040,0.7800796
1877,/Volumes/SmithL0/2026/BIOL470/Final/Learning_Rig/bee_0408_1_fwd/cam1_2026-04-08_16-15-57.mp4,1642.5,820.5,1305,471,1980,1170,0.72411644
1878,/Volumes/SmithL0/2026/BIOL470/Final/Learning_Rig/bee_0408_1_fwd/cam1_2026-04-08_16-15-57.mp4,2223.0,217.0,2029,58,2417,376,0.6096853
1879,/Volumes/SmithL0/2026/BIOL470/Final/Learning_Rig/bee_0408_1_fwd/cam1_2026-04-08_16-15-57.mp4,2459.5,2752.5,2193,2465,2726,3040,0.78686565
1880,/Volumes/SmithL0/2026/BIOL470/Final/Learning_Rig/bee_0408_1_fwd/cam1_2026-04-08_16-15-57.mp4,1658.5,817.5,1304,460,2013,1175,0.71583
1881,/Volumes/SmithL0/2026/BIOL470/Final/Learning_Rig/bee_0408_1_fwd/cam1_2026-04-08_16-15-57.mp4,1761.5,662.0,1648,505,1875,819,0.61921865
1882,/Volumes/SmithL0/2026/BIOL470/Final/Learning_Rig/bee_0408_1_fwd/cam1_2026-04-08_16-15-57.mp4,2225.0,216.0,2033,59,2417,373,0.5396283
1883,/Volumes/SmithL0/2026/BIOL470/Final/Learning_Rig/bee_0408_1_fwd/cam1_2026-04-08_16-15-57.mp4,2252.5,205.0,2108,65,2397,345,0.512681
1884,/Volumes/SmithL0/2026/BIOL470/Final/Learning_Rig/bee_0408_1_fwd/cam1_2026-04-08_16-15-57.mp4,2460.0,2751.5,2194,2463,2726,3040,0.7845506
1885,/Volumes/SmithL0/2026/BIOL470/Final/Learning_Rig/bee_0408_1_fwd/cam1_2026-04-08_16-15-57.mp4,1653.5,831.0,1299,485,2008,1177,0.7190561
1886,/Volumes/SmithL0/2026/BIOL470/Final/Learning_Rig/bee_0408_1_fwd/cam1_2026-04-08_16-15-57.mp4,2225.0,216.5,2032,59,2418,374,0.5723389
1887,/Volumes/SmithL0/2026/BIOL470/Final/Learning_Rig/bee_0408_1_fwd/cam1_2026-04-08_16-15-57.mp4,2459.0,2751.0,2192,2463,2726,3039,0.78790265
1888,/Volumes/SmithL0/2026/BIOL470/Final/Learning_Rig/bee_0408_1_fwd/cam1_2026-04-08_16-15-57.mp4,1523.0,923.5,1290,665,1756,1182,0.7028205
1889,/Volumes/SmithL0/2026/BIOL470/Final/Learning_Rig/bee_0408_1_fwd/cam1_2026-04-08_16-15-57.mp4,1635.0,835.5,1289,490,1981,1181,0.6006272
1890,/Volumes/SmithL0/2026/BIOL470/Final/Learning_Rig/bee_0408_1_fwd/cam1_2026-04-08_16-15-57.mp4,2225.0,218.5,2030,58,2420,379,0.50073457
1891,/Volumes/SmithL0/2026/BIOL470/Final/Learning_Rig/bee_0408_1_fwd/cam1_2026-04-08_16-15-57.mp4,2459.0,2751.0,2191,2462,2727,3040,0.76685846
1892,/Volumes/SmithL0/2026/BIOL470/Final/Learning_Rig/bee_0408_1_fwd/cam1_2026-04-08_16-15-57.mp4,1500.0,980.0,1287,724,1713,1236,0.6740619
1893,/Volumes/SmithL0/2026/BIOL470/Final/Learning_Rig/bee_0408_1_fwd/cam1_2026-04-08_16-15-57.mp4,1618.5,971.0,1283,706,1954,1236,0.6711138
1894,/Volumes/SmithL0/2026/BIOL470/Final/Learning_Rig/bee_0408_1_fwd/cam1_2026-04-08_16-15-57.mp4,1587.5,924.5,1252,587,1923,1262,0.7972306
1895,/Volumes/SmithL0/2026/BIOL470/Final/Learning_Rig/bee_0408_1_fwd/cam1_2026-04-08_16-15-57.mp4,2457.5,2748.0,2182,2460,2733,3036,0.7423659
1896,/Volumes/SmithL0/2026/BIOL470/Final/Learning_Rig/bee_0408_1_fwd/cam1_2026-04-08_16-15-57.mp4,1571.5,930.0,1234,590,1909,1270,0.7864201
1897,/Volumes/SmithL0/2026/BIOL470/Final/Learning_Rig/bee_0408_1_fwd/cam1_2026-04-08_16-15-57.mp4,2458.5,2751.5,2191,2464,2726,3039,0.77175087
1898,/Volumes/SmithL0/2026/BIOL470/Final/Learning_Rig/bee_0408_1_fwd/cam1_2026-04-08_16-15-57.mp4,1039.0,2927.0,729,2814,1349,3040,0.5291433
1899,/Volumes/SmithL0/2026/BIOL470/Final/Learning_Rig/bee_0408_1_fwd/cam1_2026-04-08_16-15-57.mp4,2458.0,2752.0,2190,2465,2726,3039,0.7721034
1900,/Volumes/SmithL0/2026/BIOL470/Final/Learning_Rig/bee_0408_1_fwd/cam1_2026-04-08_16-15-57.mp4,1557.0,1082.0,1204,623,1910,1541,0.751736
1901,/Volumes/SmithL0/2026/BIOL470/Final/Learning_Rig/bee_0408_1_fwd/cam1_2026-04-08_16-15-57.mp4,1551.0,925.0,1184,582,1918,1268,0.69066745
1902,/Volumes/SmithL0/2026/BIOL470/Final/Learning_Rig/bee_0408_1_fwd/cam1_2026-04-08_16-15-57.mp4,2221.5,216.5,2026,59,2417,374,0.51330584
1903,/Volumes/SmithL0/2026/BIOL470/Final/Learning_Rig/bee_0408_1_fwd/cam1_2026-04-08_16-15-57.mp4,2458.5,2752.0,2191,2465,2726,3039,0.7745472
1904,/Volumes/SmithL0/2026/BIOL470/Final/Learning_Rig/bee_0408_1_fwd/cam1_2026-04-08_16-15-57.mp4,1670.0,973.0,1485,776,1855,1170,0.65754914
1905,/Volumes/SmithL0/2026/BIOL470/Final/Learning_Rig/bee_0408_1_fwd/cam1_2026-04-08_16-15-57.mp4,2459.0,2752.5,2192,2465,2726,3040,0.7546928
1906,/Volumes/SmithL0/2026/BIOL470/Final/Learning_Rig/bee_0408_1_fwd/cam1_2026-04-08_16-15-57.mp4,1352.0,1041.5,1086,747,1618,1336,0.61203283
1907,/Volumes/SmithL0/2026/BIOL470/Final/Learning_Rig/bee_0408_1_fwd/cam1_2026-04-08_16-15-57.mp4,1409.0,1121.5,1087,738,1731,1505,0.61062616
1908,/Volumes/SmithL0/2026/BIOL470/Final/Learning_Rig/bee_0408_1_fwd/cam1_2026-04-08_16-15-57.mp4,1448.5,1034.0,1088,730,1809,1338,0.79487675
1909,/Volumes/SmithL0/2026/BIOL470/Final/Learning_Rig/bee_0408_1_fwd/cam1_2026-04-08_16-15-57.mp4,2455.5,2749.0,2177,2462,2734,3036,0.7114509
1910,/Volumes/SmithL0/2026/BIOL470/Final/Learning_Rig/bee_0408_1_fwd/cam1_2026-04-08_16-15-57.mp4,1433.0,1159.0,1074,740,1792,1578,0.80841684
1911,/Volumes/SmithL0/2026/BIOL470/Final/Learning_Rig/bee_0408_1_fwd/cam1_2026-04-08_16-15-57.mp4,2457.0,2748.5,2181,2461,2733,3036,0.6700339
1912,/Volumes/SmithL0/2026/BIOL470/Final/Learning_Rig/bee_0408_1_fwd/cam1_2026-04-08_16-15-57.mp4,1438.5,997.0,1072,749,1805,1245,0.64267325
1913,/Volumes/SmithL0/2026/BIOL470/Final/Learning_Rig/bee_0408_1_fwd/cam1_2026-04-08_16-15-57.mp4,1399.5,1185.0,1052,745,1747,1625,0.8069953
1914,/Volumes/SmithL0/2026/BIOL470/Final/Learning_Rig/bee_0408_1_fwd/cam1_2026-04-08_16-15-57.mp4,2458.5,2753.0,2192,2467,2725,3039,0.7629972
1915,/Volumes/SmithL0/2026/BIOL470/Final/Learning_Rig/bee_0408_1_fwd/cam1_2026-04-08_16-15-57.mp4,1042.5,2926.5,739,2813,1346,3040,0.5020131
1916,/Volumes/SmithL0/2026/BIOL470/Final/Learning_Rig/bee_0408_1_fwd/cam1_2026-04-08_16-15-57.mp4,1296.5,1128.0,1062,772,1531,1484,0.8031053
1917,/Volumes/SmithL0/2026/BIOL470/Final/Learning_Rig/bee_0408_1_fwd/cam1_2026-04-08_16-15-57.mp4,1386.5,1126.0,1051,773,1722,1479,0.7743976
1918,/Volumes/SmithL0/2026/BIOL470/Final/Learning_Rig/bee_0408_1_fwd/cam1_2026-04-08_16-15-57.mp4,2457.0,2748.5,2183,2461,2731,3036,0.74121416
1919,/Volumes/SmithL0/2026/BIOL470/Final/Learning_Rig/bee_0408_1_fwd/cam1_2026-04-08_16-15-57.mp4,1561.5,1285.0,1402,1112,1721,1458,0.5099038
1920,/Volumes/SmithL0/2026/BIOL470/Final/Learning_Rig/bee_0408_1_fwd/cam1_2026-04-08_16-15-57.mp4,1406.0,1193.0,1019,872,1793,1514,0.80028516
1921,/Volumes/SmithL0/2026/BIOL470/Final/Learning_Rig/bee_0408_1_fwd/cam1_2026-04-08_16-15-57.mp4,2459.0,2752.5,2192,2466,2726,3039,0.77883345
1922,/Volumes/SmithL0/2026/BIOL470/Final/Learning_Rig/bee_0408_1_fwd/cam1_2026-04-08_16-15-57.mp4,1462.0,1441.0,1102,1123,1822,1759,0.7835544
1923,/Volumes/SmithL0/2026/BIOL470/Final/Learning_Rig/bee_0408_1_fwd/cam1_2026-04-08_16-15-57.mp4,2458.5,2751.5,2191,2463,2726,3040,0.7812658
1924,/Volumes/SmithL0/2026/BIOL470/Final/Learning_Rig/bee_0408_1_fwd/cam1_2026-04-08_16-15-57.mp4,1638.0,1446.0,1460,1102,1816,1790,0.58181787
1925,/Volumes/SmithL0/2026/BIOL470/Final/Learning_Rig/bee_0408_1_fwd/cam1_2026-04-08_16-15-57.mp4,2220.5,214.5,2025,59,2416,370,0.52123547
1926,/Volumes/SmithL0/2026/BIOL470/Final/Learning_Rig/bee_0408_1_fwd/cam1_2026-04-08_16-15-57.mp4,1596.5,1552.0,1287,1202,1906,1902,0.79451203
1927,/Volumes/SmithL0/2026/BIOL470/Final/Learning_Rig/bee_0408_1_fwd/cam1_2026-04-08_16-15-57.mp4,2459.0,2751.5,2191,2464,2727,3039,0.7777092
1928,/Volumes/SmithL0/2026/BIOL470/Final/Learning_Rig/bee_0408_1_fwd/cam1_2026-04-08_16-15-57.mp4,1683.0,1711.5,1349,1360,2017,2063,0.8024884
1929,/Volumes/SmithL0/2026/BIOL470/Final/Learning_Rig/bee_0408_1_fwd/cam1_2026-04-08_16-15-57.mp4,2459.5,2751.5,2192,2463,2727,3040,0.7790346
1930,/Volumes/SmithL0/2026/BIOL470/Final/Learning_Rig/bee_0408_1_fwd/cam1_2026-04-08_16-15-57.mp4,1705.0,1752.5,1384,1419,2026,2086,0.7789131
1931,/Volumes/SmithL0/2026/BIOL470/Final/Learning_Rig/bee_0408_1_fwd/cam1_2026-04-08_16-15-57.mp4,2459.0,2751.5,2191,2464,2727,3039,0.7770405
1932,/Volumes/SmithL0/2026/BIOL470/Final/Learning_Rig/bee_0408_1_fwd/cam1_2026-04-08_16-15-57.mp4,1815.0,1746.5,1630,1406,2000,2087,0.5605153
1933,/Volumes/SmithL0/2026/BIOL470/Final/Learning_Rig/bee_0408_1_fwd/cam1_2026-04-08_16-15-57.mp4,1744.0,1875.5,1413,1549,2075,2202,0.7892975
1934,/Volumes/SmithL0/2026/BIOL470/Final/Learning_Rig/bee_0408_1_fwd/cam1_2026-04-08_16-15-57.mp4,2459.0,2752.5,2191,2465,2727,3040,0.78476316
1935,/Volumes/SmithL0/2026/BIOL470/Final/Learning_Rig/bee_0408_1_fwd/cam1_2026-04-08_16-15-57.mp4,1820.5,1987.5,1518,1678,2123,2297,0.77520627
1936,/Volumes/SmithL0/2026/BIOL470/Final/Learning_Rig/bee_0408_1_fwd/cam1_2026-04-08_16-15-57.mp4,2460.0,2753.5,2191,2467,2729,3040,0.7397621
1937,/Volumes/SmithL0/2026/BIOL470/Final/Learning_Rig/bee_0408_1_fwd/cam1_2026-04-08_16-15-57.mp4,1824.0,2089.0,1518,1775,2130,2403,0.80919087
1938,/Volumes/SmithL0/2026/BIOL470/Final/Learning_Rig/bee_0408_1_fwd/cam1_2026-04-08_16-15-57.mp4,2458.0,2752.5,2190,2465,2726,3040,0.7819526
1939,/Volumes/SmithL0/2026/BIOL470/Final/Learning_Rig/bee_0408_1_fwd/cam1_2026-04-08_16-15-57.mp4,2220.5,215.5,2024,59,2417,372,0.5639843
1940,/Volumes/SmithL0/2026/BIOL470/Final/Learning_Rig/bee_0408_1_fwd/cam1_2026-04-08_16-15-57.mp4,1821.5,2089.0,1524,1778,2119,2400,0.801055
1941,/Volumes/SmithL0/2026/BIOL470/Final/Learning_Rig/bee_0408_1_fwd/cam1_2026-04-08_16-15-57.mp4,2458.0,2751.5,2190,2464,2726,3039,0.7873812
1942,/Volumes/SmithL0/2026/BIOL470/Final/Learning_Rig/bee_0408_1_fwd/cam1_2026-04-08_16-15-57.mp4,2221.0,216.0,2026,59,2416,373,0.60203815
1943,/Volumes/SmithL0/2026/BIOL470/Final/Learning_Rig/bee_0408_1_fwd/cam1_2026-04-08_16-15-57.mp4,1782.5,2104.5,1453,1805,2112,2404,0.7976767
1944,/Volumes/SmithL0/2026/BIOL470/Final/Learning_Rig/bee_0408_1_fwd/cam1_2026-04-08_16-15-57.mp4,2457.0,2750.0,2189,2461,2725,3039,0.7961802
1945,/Volumes/SmithL0/2026/BIOL470/Final/Learning_Rig/bee_0408_1_fwd/cam1_2026-04-08_16-15-57.mp4,2221.5,215.5,2027,60,2416,371,0.55456114
1946,/Volumes/SmithL0/2026/BIOL470/Final/Learning_Rig/bee_0408_1_fwd/cam1_2026-04-08_16-15-57.mp4,2457.0,2750.0,2189,2461,2725,3039,0.7955916
1947,/Volumes/SmithL0/2026/BIOL470/Final/Learning_Rig/bee_0408_1_fwd/cam1_2026-04-08_16-15-57.mp4,1792.5,2090.0,1457,1782,2128,2398,0.78498995
1948,/Volumes/SmithL0/2026/BIOL470/Final/Learning_Rig/bee_0408_1_fwd/cam1_2026-04-08_16-15-57.mp4,2222.0,214.5,2027,59,2417,370,0.50685424
1949,/Volumes/SmithL0/2026/BIOL470/Final/Learning_Rig/bee_0408_1_fwd/cam1_2026-04-08_16-15-57.mp4,1799.5,2100.5,1436,1798,2163,2403,0.7987216
1950,/Volumes/SmithL0/2026/BIOL470/Final/Learning_Rig/bee_0408_1_fwd/cam1_2026-04-08_16-15-57.mp4,2458.0,2751.0,2189,2462,2727,3040,0.7850952
1951,/Volumes/SmithL0/2026/BIOL470/Final/Learning_Rig/bee_0408_1_fwd/cam1_2026-04-08_16-15-57.mp4,1740.0,2094.0,1395,1784,2085,2404,0.78879666
1952,/Volumes/SmithL0/2026/BIOL470/Final/Learning_Rig/bee_0408_1_fwd/cam1_2026-04-08_16-15-57.mp4,2458.0,2751.0,2189,2462,2727,3040,0.7673811
1953,/Volumes/SmithL0/2026/BIOL470/Final/Learning_Rig/bee_0408_1_fwd/cam1_2026-04-08_16-15-57.mp4,1729.0,2100.5,1424,1766,2034,2435,0.788845
1954,/Volumes/SmithL0/2026/BIOL470/Final/Learning_Rig/bee_0408_1_fwd/cam1_2026-04-08_16-15-57.mp4,2455.5,2748.5,2177,2460,2734,3037,0.7400167
1955,/Volumes/SmithL0/2026/BIOL470/Final/Learning_Rig/bee_0408_1_fwd/cam1_2026-04-08_16-15-57.mp4,2458.0,2751.5,2189,2463,2727,3040,0.7807088
1956,/Volumes/SmithL0/2026/BIOL470/Final/Learning_Rig/bee_0408_1_fwd/cam1_2026-04-08_16-15-57.mp4,1680.0,2176.0,1364,1833,1996,2519,0.77478826
1957,/Volumes/SmithL0/2026/BIOL470/Final/Learning_Rig/bee_0408_1_fwd/cam1_2026-04-08_16-15-57.mp4,2220.0,215.5,2022,59,2418,372,0.5149902
1958,/Volumes/SmithL0/2026/BIOL470/Final/Learning_Rig/bee_0408_1_fwd/cam1_2026-04-08_16-15-57.mp4,1490.5,2174.5,1188,1864,1793,2485,0.8259824
1959,/Volumes/SmithL0/2026/BIOL470/Final/Learning_Rig/bee_0408_1_fwd/cam1_2026-04-08_16-15-57.mp4,2455.0,2750.0,2175,2463,2735,3037,0.71585155
1960,/Volumes/SmithL0/2026/BIOL470/Final/Learning_Rig/bee_0408_1_fwd/cam1_2026-04-08_16-15-57.mp4,1415.5,2202.0,1113,1911,1718,2493,0.8111184
1961,/Volumes/SmithL0/2026/BIOL470/Final/Learning_Rig/bee_0408_1_fwd/cam1_2026-04-08_16-15-57.mp4,2458.0,2753.0,2191,2466,2725,3040,0.7591477
1962,/Volumes/SmithL0/2026/BIOL470/Final/Learning_Rig/bee_0408_1_fwd/cam1_2026-04-08_16-15-57.mp4,2220.0,215.0,2024,59,2416,371,0.5282058
1963,/Volumes/SmithL0/2026/BIOL470/Final/Learning_Rig/bee_0408_1_fwd/cam1_2026-04-08_16-15-57.mp4,1349.0,2231.0,1025,1963,1673,2499,0.8018365
1964,/Volumes/SmithL0/2026/BIOL470/Final/Learning_Rig/bee_0408_1_fwd/cam1_2026-04-08_16-15-57.mp4,2457.5,2753.0,2189,2467,2726,3039,0.72939885
1965,/Volumes/SmithL0/2026/BIOL470/Final/Learning_Rig/bee_0408_1_fwd/cam1_2026-04-08_16-15-57.mp4,2221.0,214.5,2026,60,2416,369,0.56401104
1966,/Volumes/SmithL0/2026/BIOL470/Final/Learning_Rig/bee_0408_1_fwd/cam1_2026-04-08_16-15-57.mp4,1303.5,2210.5,946,1979,1661,2442,0.81794846
1967,/Volumes/SmithL0/2026/BIOL470/Final/Learning_Rig/bee_0408_1_fwd/cam1_2026-04-08_16-15-57.mp4,2459.0,2751.5,2192,2464,2726,3039,0.74449974
1968,/Volumes/SmithL0/2026/BIOL470/Final/Learning_Rig/bee_0408_1_fwd/cam1_2026-04-08_16-15-57.mp4,2219.5,214.0,2023,60,2416,368,0.54952186
1969,/Volumes/SmithL0/2026/BIOL470/Final/Learning_Rig/bee_0408_1_fwd/cam1_2026-04-08_16-15-57.mp4,1257.0,2202.0,927,1966,1587,2438,0.7818216
1970,/Volumes/SmithL0/2026/BIOL470/Final/Learning_Rig/bee_0408_1_fwd/cam1_2026-04-08_16-15-57.mp4,2459.5,2751.0,2192,2463,2727,3039,0.7212684
1971,/Volumes/SmithL0/2026/BIOL470/Final/Learning_Rig/bee_0408_1_fwd/cam1_2026-04-08_16-15-57.mp4,1255.5,2202.0,910,1958,1601,2446,0.7703959
1972,/Volumes/SmithL0/2026/BIOL470/Final/Learning_Rig/bee_0408_1_fwd/cam1_2026-04-08_16-15-57.mp4,2459.5,2751.0,2192,2462,2727,3040,0.73433524
1973,/Volumes/SmithL0/2026/BIOL470/Final/Learning_Rig/bee_0408_1_fwd/cam1_2026-04-08_16-15-57.mp4,1255.0,2186.5,926,1934,1584,2439,0.788253
1974,/Volumes/SmithL0/2026/BIOL470/Final/Learning_Rig/bee_0408_1_fwd/cam1_2026-04-08_16-15-57.mp4,2459.0,2752.0,2192,2464,2726,3040,0.73315096
1975,/Volumes/SmithL0/2026/BIOL470/Final/Learning_Rig/bee_0408_1_fwd/cam1_2026-04-08_16-15-57.mp4,2244.5,210.5,2092,60,2397,361,0.51413757
1976,/Volumes/SmithL0/2026/BIOL470/Final/Learning_Rig/bee_0408_1_fwd/cam1_2026-04-08_16-15-57.mp4,1271.5,2178.5,940,1924,1603,2433,0.8104373
1977,/Volumes/SmithL0/2026/BIOL470/Final/Learning_Rig/bee_0408_1_fwd/cam1_2026-04-08_16-15-57.mp4,2459.0,2752.5,2192,2465,2726,3040,0.74519825
1978,/Volumes/SmithL0/2026/BIOL470/Final/Learning_Rig/bee_0408_1_fwd/cam1_2026-04-08_16-15-57.mp4,2215.0,214.5,2011,58,2419,371,0.54693264
1979,/Volumes/SmithL0/2026/BIOL470/Final/Learning_Rig/bee_0408_1_fwd/cam1_2026-04-08_16-15-57.mp4,1416.0,1948.0,1245,1799,1587,2097,0.8784208
1980,/Volumes/SmithL0/2026/BIOL470/Final/Learning_Rig/bee_0408_1_fwd/cam1_2026-04-08_16-15-57.mp4,1331.5,2119.0,1042,1782,1621,2456,0.82308215
1981,/Volumes/SmithL0/2026/BIOL470/Final/Learning_Rig/bee_0408_1_fwd/cam1_2026-04-08_16-15-57.mp4,2459.5,2753.0,2193,2466,2726,3040,0.7278694
1982,/Volumes/SmithL0/2026/BIOL470/Final/Learning_Rig/bee_0408_1_fwd/cam1_2026-04-08_16-15-57.mp4,2216.5,214.0,2015,58,2418,370,0.56690675
1983,/Volumes/SmithL0/2026/BIOL470/Final/Learning_Rig/bee_0408_1_fwd/cam1_2026-04-08_16-15-57.mp4,1357.0,2139.5,1116,1778,1598,2501,0.80647945
1984,/Volumes/SmithL0/2026/BIOL470/Final/Learning_Rig/bee_0408_1_fwd/cam1_2026-04-08_16-15-57.mp4,2459.5,2750.0,2191,2461,2728,3039,0.724578
1985,/Volumes/SmithL0/2026/BIOL470/Final/Learning_Rig/bee_0408_1_fwd/cam1_2026-04-08_16-15-57.mp4,2220.5,214.5,2023,59,2418,370,0.57150567
1986,/Volumes/SmithL0/2026/BIOL470/Final/Learning_Rig/bee_0408_1_fwd/cam1_2026-04-08_16-15-57.mp4,1428.0,2121.5,1152,1788,1704,2455,0.80903155
1987,/Volumes/SmithL0/2026/BIOL470/Final/Learning_Rig/bee_0408_1_fwd/cam1_2026-04-08_16-15-57.mp4,2452.5,2748.0,2172,2459,2733,3037,0.7028407
1988,/Volumes/SmithL0/2026/BIOL470/Final/Learning_Rig/bee_0408_1_fwd/cam1_2026-04-08_16-15-57.mp4,2220.0,214.5,2025,59,2415,370,0.57353157
1989,/Volumes/SmithL0/2026/BIOL470/Final/Learning_Rig/bee_0408_1_fwd/cam1_2026-04-08_16-15-57.mp4,1461.5,2109.0,1147,1810,1776,2408,0.8114007
1990,/Volumes/SmithL0/2026/BIOL470/Final/Learning_Rig/bee_0408_1_fwd/cam1_2026-04-08_16-15-57.mp4,2453.0,2748.0,2172,2459,2734,3037,0.702322
1991,/Volumes/SmithL0/2026/BIOL470/Final/Learning_Rig/bee_0408_1_fwd/cam1_2026-04-08_16-15-57.mp4,2219.0,214.5,2024,59,2414,370,0.60205895
1992,/Volumes/SmithL0/2026/BIOL470/Final/Learning_Rig/bee_0408_1_fwd/cam1_2026-04-08_16-15-57.mp4,1532.0,2104.5,1166,1818,1898,2391,0.8105277
1993,/Volumes/SmithL0/2026/BIOL470/Final/Learning_Rig/bee_0408_1_fwd/cam1_2026-04-08_16-15-57.mp4,2458.0,2751.0,2189,2463,2727,3039,0.7382037
1994,/Volumes/SmithL0/2026/BIOL470/Final/Learning_Rig/bee_0408_1_fwd/cam1_2026-04-08_16-15-57.mp4,2243.5,215.0,2089,62,2398,368,0.5574622
1995,/Volumes/SmithL0/2026/BIOL470/Final/Learning_Rig/bee_0408_1_fwd/cam1_2026-04-08_16-15-57.mp4,1592.5,2119.5,1220,1841,1965,2398,0.7891006
1996,/Volumes/SmithL0/2026/BIOL470/Final/Learning_Rig/bee_0408_1_fwd/cam1_2026-04-08_16-15-57.mp4,2459.0,2751.5,2191,2464,2727,3039,0.7086981
1997,/Volumes/SmithL0/2026/BIOL470/Final/Learning_Rig/bee_0408_1_fwd/cam1_2026-04-08_16-15-57.mp4,1759.5,2238.5,1591,2108,1928,2369,0.7074487
1998,/Volumes/SmithL0/2026/BIOL470/Final/Learning_Rig/bee_0408_1_fwd/cam1_2026-04-08_16-15-57.mp4,2247.5,212.5,2097,61,2398,364,0.54837346
1999,/Volumes/SmithL0/2026/BIOL470/Final/Learning_Rig/bee_0408_1_fwd/cam1_2026-04-08_16-15-57.mp4,1793.5,2113.5,1398,1851,2189,2376,0.77599657
2000,/Volumes/SmithL0/2026/BIOL470/Final/Learning_Rig/bee_0408_1_fwd/cam1_2026-04-08_16-15-57.mp4,2460.5,2750.0,2191,2461,2730,3039,0.735599
2001,/Volumes/SmithL0/2026/BIOL470/Final/Learning_Rig/bee_0408_1_fwd/cam1_2026-04-08_16-15-57.mp4,1815.0,2114.5,1438,1836,2192,2393,0.79724723
2002,/Volumes/SmithL0/2026/BIOL470/Final/Learning_Rig/bee_0408_1_fwd/cam1_2026-04-08_16-15-57.mp4,1703.0,2121.5,1435,1836,1971,2407,0.7830085
2003,/Volumes/SmithL0/2026/BIOL470/Final/Learning_Rig/bee_0408_1_fwd/cam1_2026-04-08_16-15-57.mp4,2458.5,2751.5,2191,2463,2726,3040,0.77619976
2004,/Volumes/SmithL0/2026/BIOL470/Final/Learning_Rig/bee_0408_1_fwd/cam1_2026-04-08_16-15-57.mp4,2220.5,215.0,2023,59,2418,371,0.50673765
2005,/Volumes/SmithL0/2026/BIOL470/Final/Learning_Rig/bee_0408_1_fwd/cam1_2026-04-08_16-15-57.mp4,1735.0,2102.0,1384,1846,2086,2358,0.8029596
2006,/Volumes/SmithL0/2026/BIOL470/Final/Learning_Rig/bee_0408_1_fwd/cam1_2026-04-08_16-15-57.mp4,2459.5,2751.5,2192,2464,2727,3039,0.77692837
2007,/Volumes/SmithL0/2026/BIOL470/Final/Learning_Rig/bee_0408_1_fwd/cam1_2026-04-08_16-15-57.mp4,1743.5,2055.5,1408,1743,2079,2368,0.8232952
2008,/Volumes/SmithL0/2026/BIOL470/Final/Learning_Rig/bee_0408_1_fwd/cam1_2026-04-08_16-15-57.mp4,2458.5,2751.5,2192,2463,2725,3040,0.7813192
2009,/Volumes/SmithL0/2026/BIOL470/Final/Learning_Rig/bee_0408_1_fwd/cam1_2026-04-08_16-15-57.mp4,1748.0,2034.5,1431,1716,2065,2353,0.7855565
2010,/Volumes/SmithL0/2026/BIOL470/Final/Learning_Rig/bee_0408_1_fwd/cam1_2026-04-08_16-15-57.mp4,2459.5,2752.5,2192,2465,2727,3040,0.7620998
2011,/Volumes/SmithL0/2026/BIOL470/Final/Learning_Rig/bee_0408_1_fwd/cam1_2026-04-08_16-15-57.mp4,1599.5,2000.5,1338,1657,1861,2344,0.8012101
2012,/Volumes/SmithL0/2026/BIOL470/Final/Learning_Rig/bee_0408_1_fwd/cam1_2026-04-08_16-15-57.mp4,2458.0,2750.5,2191,2462,2725,3039,0.78759736
2013,/Volumes/SmithL0/2026/BIOL470/Final/Learning_Rig/bee_0408_1_fwd/cam1_2026-04-08_16-15-57.mp4,1708.5,2005.5,1382,1668,2035,2343,0.7552671
2014,/Volumes/SmithL0/2026/BIOL470/Final/Learning_Rig/bee_0408_1_fwd/cam1_2026-04-08_16-15-57.mp4,1723.0,1968.0,1388,1651,2058,2285,0.77390593
2015,/Volumes/SmithL0/2026/BIOL470/Final/Learning_Rig/bee_0408_1_fwd/cam1_2026-04-08_16-15-57.mp4,2458.0,2751.0,2190,2463,2726,3039,0.77274436
2016,/Volumes/SmithL0/2026/BIOL470/Final/Learning_Rig/bee_0408_1_fwd/cam1_2026-04-08_16-15-57.mp4,1730.5,1973.0,1505,1655,1956,2291,0.7580933
2017,/Volumes/SmithL0/2026/BIOL470/Final/Learning_Rig/bee_0408_1_fwd/cam1_2026-04-08_16-15-57.mp4,1648.0,1915.5,1334,1575,1962,2256,0.77932584
2018,/Volumes/SmithL0/2026/BIOL470/Final/Learning_Rig/bee_0408_1_fwd/cam1_2026-04-08_16-15-57.mp4,2460.0,2753.5,2191,2467,2729,3040,0.7328968
2019,/Volumes/SmithL0/2026/BIOL470/Final/Learning_Rig/bee_0408_1_fwd/cam1_2026-04-08_16-15-57.mp4,1575.0,1831.5,1319,1446,1831,2217,0.8070121
2020,/Volumes/SmithL0/2026/BIOL470/Final/Learning_Rig/bee_0408_1_fwd/cam1_2026-04-08_16-15-57.mp4,2459.5,2751.5,2191,2464,2728,3039,0.7219752
2021,/Volumes/SmithL0/2026/BIOL470/Final/Learning_Rig/bee_0408_1_fwd/cam1_2026-04-08_16-15-57.mp4,1516.5,1704.0,1173,1352,1860,2056,0.77141327
2022,/Volumes/SmithL0/2026/BIOL470/Final/Learning_Rig/bee_0408_1_fwd/cam1_2026-04-08_16-15-57.mp4,2455.0,2748.5,2173,2460,2737,3037,0.6683207
2023,/Volumes/SmithL0/2026/BIOL470/Final/Learning_Rig/bee_0408_1_fwd/cam1_2026-04-08_16-15-57.mp4,2459.0,2753.0,2190,2466,2728,3040,0.74386275
2024,/Volumes/SmithL0/2026/BIOL470/Final/Learning_Rig/bee_0408_1_fwd/cam1_2026-04-08_16-15-57.mp4,1433.0,1664.5,1183,1428,1683,1901,0.7383113
2025,/Volumes/SmithL0/2026/BIOL470/Final/Learning_Rig/bee_0408_1_fwd/cam1_2026-04-08_16-15-57.mp4,1360.0,1575.5,1039,1245,1681,1906,0.71464086
2026,/Volumes/SmithL0/2026/BIOL470/Final/Learning_Rig/bee_0408_1_fwd/cam1_2026-04-08_16-15-57.mp4,1337.0,1577.0,1024,1222,1650,1932,0.7739632
2027,/Volumes/SmithL0/2026/BIOL470/Final/Learning_Rig/bee_0408_1_fwd/cam1_2026-04-08_16-15-57.mp4,2456.5,2748.0,2181,2460,2732,3036,0.7385702
2028,/Volumes/SmithL0/2026/BIOL470/Final/Learning_Rig/bee_0408_1_fwd/cam1_2026-04-08_16-15-57.mp4,1288.0,1506.5,1006,1158,1570,1855,0.81940395
2029,/Volumes/SmithL0/2026/BIOL470/Final/Learning_Rig/bee_0408_1_fwd/cam1_2026-04-08_16-15-57.mp4,2456.5,2749.0,2181,2462,2732,3036,0.75530374
2030,/Volumes/SmithL0/2026/BIOL470/Final/Learning_Rig/bee_0408_1_fwd/cam1_2026-04-08_16-15-57.mp4,2459.0,2753.0,2192,2466,2726,3040,0.77742827
2031,/Volumes/SmithL0/2026/BIOL470/Final/Learning_Rig/bee_0408_1_fwd/cam1_2026-04-08_16-15-57.mp4,1234.0,1350.5,946,1007,1522,1694,0.7644634
2032,/Volumes/SmithL0/2026/BIOL470/Final/Learning_Rig/bee_0408_1_fwd/cam1_2026-04-08_16-15-57.mp4,1323.5,1373.0,1126,1055,1521,1691,0.5185169
2033,/Volumes/SmithL0/2026/BIOL470/Final/Learning_Rig/bee_0408_1_fwd/cam1_2026-04-08_16-15-57.mp4,2223.0,214.5,2029,58,2417,371,0.5033861
2034,/Volumes/SmithL0/2026/BIOL470/Final/Learning_Rig/bee_0408_1_fwd/cam1_2026-04-08_16-15-57.mp4,2459.0,2751.5,2192,2463,2726,3040,0.7727349
2035,/Volumes/SmithL0/2026/BIOL470/Final/Learning_Rig/bee_0408_1_fwd/cam1_2026-04-08_16-15-57.mp4,1175.0,1181.5,921,829,1429,1534,0.7081097
2036,/Volumes/SmithL0/2026/BIOL470/Final/Learning_Rig/bee_0408_1_fwd/cam1_2026-04-08_16-15-57.mp4,2459.5,2751.0,2193,2462,2726,3040,0.78617495
2037,/Volumes/SmithL0/2026/BIOL470/Final/Learning_Rig/bee_0408_1_fwd/cam1_2026-04-08_16-15-57.mp4,1197.5,1042.0,920,680,1475,1404,0.7373488
2038,/Volumes/SmithL0/2026/BIOL470/Final/Learning_Rig/bee_0408_1_fwd/cam1_2026-04-08_16-15-57.mp4,2220.5,214.5,2024,59,2417,370,0.55471826
2039,/Volumes/SmithL0/2026/BIOL470/Final/Learning_Rig/bee_0408_1_fwd/cam1_2026-04-08_16-15-57.mp4,2456.0,2748.5,2179,2460,2733,3037,0.73546517
2040,/Volumes/SmithL0/2026/BIOL470/Final/Learning_Rig/bee_0408_1_fwd/cam1_2026-04-08_16-15-57.mp4,2222.5,213.5,2027,58,2418,369,0.53670657
2041,/Volumes/SmithL0/2026/BIOL470/Final/Learning_Rig/bee_0408_1_fwd/cam1_2026-04-08_16-15-57.mp4,2454.0,2750.0,2173,2463,2735,3037,0.71778864
2042,/Volumes/SmithL0/2026/BIOL470/Final/Learning_Rig/bee_0408_1_fwd/cam1_2026-04-08_16-15-57.mp4,1193.5,854.5,917,488,1470,1221,0.71519417
2043,/Volumes/SmithL0/2026/BIOL470/Final/Learning_Rig/bee_0408_1_fwd/cam1_2026-04-08_16-15-57.mp4,2221.5,214.0,2026,58,2417,370,0.52467155
2044,/Volumes/SmithL0/2026/BIOL470/Final/Learning_Rig/bee_0408_1_fwd/cam1_2026-04-08_16-15-57.mp4,1194.5,726.0,949,360,1440,1092,0.78437585
2045,/Volumes/SmithL0/2026/BIOL470/Final/Learning_Rig/bee_0408_1_fwd/cam1_2026-04-08_16-15-57.mp4,2459.0,2750.0,2191,2461,2727,3039,0.7537619
2046,/Volumes/SmithL0/2026/BIOL470/Final/Learning_Rig/bee_0408_1_fwd/cam1_2026-04-08_16-15-57.mp4,1181.0,827.5,916,565,1446,1090,0.74869764
2047,/Volumes/SmithL0/2026/BIOL470/Final/Learning_Rig/bee_0408_1_fwd/cam1_2026-04-08_16-15-57.mp4,2246.0,210.0,2094,60,2398,360,0.5403359
2048,/Volumes/SmithL0/2026/BIOL470/Final/Learning_Rig/bee_0408_1_fwd/cam1_2026-04-08_16-15-57.mp4,1161.0,551.0,915,187,1407,915,0.8100708
2049,/Volumes/SmithL0/2026/BIOL470/Final/Learning_Rig/bee_0408_1_fwd/cam1_2026-04-08_16-15-57.mp4,2459.5,2751.0,2192,2462,2727,3040,0.76048887
2050,/Volumes/SmithL0/2026/BIOL470/Final/Learning_Rig/bee_0408_1_fwd/cam1_2026-04-08_16-15-57.mp4,2459.0,2751.5,2192,2464,2726,3039,0.77334255
2051,/Volumes/SmithL0/2026/BIOL470/Final/Learning_Rig/bee_0408_1_fwd/cam1_2026-04-08_16-15-57.mp4,1164.0,462.5,917,82,1411,843,0.7261873
2052,/Volumes/SmithL0/2026/BIOL470/Final/Learning_Rig/bee_0408_1_fwd/cam1_2026-04-08_16-15-57.mp4,2458.5,2751.5,2191,2463,2726,3040,0.77671146
2053,/Volumes/SmithL0/2026/BIOL470/Final/Learning_Rig/bee_0408_1_fwd/cam1_2026-04-08_16-15-57.mp4,1179.0,514.5,924,124,1434,905,0.74585897
2054,/Volumes/SmithL0/2026/BIOL470/Final/Learning_Rig/bee_0408_1_fwd/cam1_2026-04-08_16-15-57.mp4,1258.0,569.0,937,219,1579,919,0.819389
2055,/Volumes/SmithL0/2026/BIOL470/Final/Learning_Rig/bee_0408_1_fwd/cam1_2026-04-08_16-15-57.mp4,2458.5,2751.0,2191,2462,2726,3040,0.783503
2056,/Volumes/SmithL0/2026/BIOL470/Final/Learning_Rig/bee_0408_1_fwd/cam1_2026-04-08_16-15-57.mp4,1025.5,2926.0,748,2812,1303,3040,0.5095386
2057,/Volumes/SmithL0/2026/BIOL470/Final/Learning_Rig/bee_0408_1_fwd/cam1_2026-04-08_16-15-57.mp4,2221.0,215.5,2024,58,2418,373,0.5057479
2058,/Volumes/SmithL0/2026/BIOL470/Final/Learning_Rig/bee_0408_1_fwd/cam1_2026-04-08_16-15-57.mp4,2458.5,2749.5,2191,2460,2726,3039,0.7857265
2059,/Volumes/SmithL0/2026/BIOL470/Final/Learning_Rig/bee_0408_1_fwd/cam1_2026-04-08_16-15-57.mp4,1277.0,597.5,956,233,1598,962,0.7813059
2060,/Volumes/SmithL0/2026/BIOL470/Final/Learning_Rig/bee_0408_1_fwd/cam1_2026-04-08_16-15-57.mp4,2217.5,214.5,2018,58,2417,371,0.50671864
2061,/Volumes/SmithL0/2026/BIOL470/Final/Learning_Rig/bee_0408_1_fwd/cam1_2026-04-08_16-15-57.mp4,1279.5,617.5,980,262,1579,973,0.792155
2062,/Volumes/SmithL0/2026/BIOL470/Final/Learning_Rig/bee_0408_1_fwd/cam1_2026-04-08_16-15-57.mp4,2460.0,2750.5,2193,2461,2727,3040,0.7629935
2063,/Volumes/SmithL0/2026/BIOL470/Final/Learning_Rig/bee_0408_1_fwd/cam1_2026-04-08_16-15-57.mp4,1265.5,652.0,931,306,1600,998,0.78534704
2064,/Volumes/SmithL0/2026/BIOL470/Final/Learning_Rig/bee_0408_1_fwd/cam1_2026-04-08_16-15-57.mp4,2459.0,2750.0,2192,2461,2726,3039,0.7850018
2065,/Volumes/SmithL0/2026/BIOL470/Final/Learning_Rig/bee_0408_1_fwd/cam1_2026-04-08_16-15-57.mp4,1305.0,670.0,997,301,1613,1039,0.7944495
2066,/Volumes/SmithL0/2026/BIOL470/Final/Learning_Rig/bee_0408_1_fwd/cam1_2026-04-08_16-15-57.mp4,2459.0,2750.5,2192,2462,2726,3039,0.76896185
2067,/Volumes/SmithL0/2026/BIOL470/Final/Learning_Rig/bee_0408_1_fwd/cam1_2026-04-08_16-15-57.mp4,1013.0,2921.0,742,2803,1284,3039,0.5113823
2068,/Volumes/SmithL0/2026/BIOL470/Final/Learning_Rig/bee_0408_1_fwd/cam1_2026-04-08_16-15-57.mp4,1251.5,708.5,898,345,1605,1072,0.7851616
2069,/Volumes/SmithL0/2026/BIOL470/Final/Learning_Rig/bee_0408_1_fwd/cam1_2026-04-08_16-15-57.mp4,2459.0,2749.5,2192,2459,2726,3040,0.7695135
2070,/Volumes/SmithL0/2026/BIOL470/Final/Learning_Rig/bee_0408_1_fwd/cam1_2026-04-08_16-15-57.mp4,1269.0,735.5,935,402,1603,1069,0.79623437
2071,/Volumes/SmithL0/2026/BIOL470/Final/Learning_Rig/bee_0408_1_fwd/cam1_2026-04-08_16-15-57.mp4,2459.0,2750.0,2193,2461,2725,3039,0.7860559
2072,/Volumes/SmithL0/2026/BIOL470/Final/Learning_Rig/bee_0408_1_fwd/cam1_2026-04-08_16-15-57.mp4,1307.5,746.5,929,473,1686,1020,0.76606256
2073,/Volumes/SmithL0/2026/BIOL470/Final/Learning_Rig/bee_0408_1_fwd/cam1_2026-04-08_16-15-57.mp4,2459.5,2750.5,2192,2462,2727,3039,0.7433878
2074,/Volumes/SmithL0/2026/BIOL470/Final/Learning_Rig/bee_0408_1_fwd/cam1_2026-04-08_16-15-57.mp4,1345.5,709.5,950,421,1741,998,0.78378093
2075,/Volumes/SmithL0/2026/BIOL470/Final/Learning_Rig/bee_0408_1_fwd/cam1_2026-04-08_16-15-57.mp4,2454.0,2748.5,2174,2460,2734,3037,0.64087504
2076,/Volumes/SmithL0/2026/BIOL470/Final/Learning_Rig/bee_0408_1_fwd/cam1_2026-04-08_16-15-57.mp4,1485.0,828.0,1245,639,1725,1017,0.5808201
2077,/Volumes/SmithL0/2026/BIOL470/Final/Learning_Rig/bee_0408_1_fwd/cam1_2026-04-08_16-15-57.mp4,2242.5,216.0,2089,61,2396,371,0.5263424
2078,/Volumes/SmithL0/2026/BIOL470/Final/Learning_Rig/bee_0408_1_fwd/cam1_2026-04-08_16-15-57.mp4,1383.0,697.0,990,374,1776,1020,0.7731998
2079,/Volumes/SmithL0/2026/BIOL470/Final/Learning_Rig/bee_0408_1_fwd/cam1_2026-04-08_16-15-57.mp4,2460.0,2750.5,2193,2462,2727,3039,0.717987
2080,/Volumes/SmithL0/2026/BIOL470/Final/Learning_Rig/bee_0408_1_fwd/cam1_2026-04-08_16-15-57.mp4,1018.0,2922.5,742,2805,1294,3040,0.5445457
2081,/Volumes/SmithL0/2026/BIOL470/Final/Learning_Rig/bee_0408_1_fwd/cam1_2026-04-08_16-15-57.mp4,2240.0,216.5,2086,62,2394,371,0.5241273
2082,/Volumes/SmithL0/2026/BIOL470/Final/Learning_Rig/bee_0408_1_fwd/cam1_2026-04-08_16-15-57.mp4,1402.0,749.0,1047,419,1757,1079,0.7941563
2083,/Volumes/SmithL0/2026/BIOL470/Final/Learning_Rig/bee_0408_1_fwd/cam1_2026-04-08_16-15-57.mp4,2459.5,2752.0,2192,2465,2727,3039,0.72806746
2084,/Volumes/SmithL0/2026/BIOL470/Final/Learning_Rig/bee_0408_1_fwd/cam1_2026-04-08_16-15-57.mp4,2241.5,214.0,2088,62,2395,366,0.57684636
2085,/Volumes/SmithL0/2026/BIOL470/Final/Learning_Rig/bee_0408_1_fwd/cam1_2026-04-08_16-15-57.mp4,1414.5,827.0,1067,489,1762,1165,0.81019527
2086,/Volumes/SmithL0/2026/BIOL470/Final/Learning_Rig/bee_0408_1_fwd/cam1_2026-04-08_16-15-57.mp4,2459.5,2751.5,2192,2464,2727,3039,0.7730147
2087,/Volumes/SmithL0/2026/BIOL470/Final/Learning_Rig/bee_0408_1_fwd/cam1_2026-04-08_16-15-57.mp4,2218.5,215.0,2022,59,2415,371,0.5433344
2088,/Volumes/SmithL0/2026/BIOL470/Final/Learning_Rig/bee_0408_1_fwd/cam1_2026-04-08_16-15-57.mp4,1462.5,852.5,1207,473,1718,1232,0.7708777
2089,/Volumes/SmithL0/2026/BIOL470/Final/Learning_Rig/bee_0408_1_fwd/cam1_2026-04-08_16-15-57.mp4,2459.0,2750.5,2191,2461,2727,3040,0.76803374
2090,/Volumes/SmithL0/2026/BIOL470/Final/Learning_Rig/bee_0408_1_fwd/cam1_2026-04-08_16-15-57.mp4,2219.0,215.0,2023,59,2415,371,0.58863455
2091,/Volumes/SmithL0/2026/BIOL470/Final/Learning_Rig/bee_0408_1_fwd/cam1_2026-04-08_16-15-57.mp4,2458.5,2752.5,2191,2465,2726,3040,0.7502176
2092,/Volumes/SmithL0/2026/BIOL470/Final/Learning_Rig/bee_0408_1_fwd/cam1_2026-04-08_16-15-57.mp4,1483.0,817.0,1202,445,1764,1189,0.71173984
2093,/Volumes/SmithL0/2026/BIOL470/Final/Learning_Rig/bee_0408_1_fwd/cam1_2026-04-08_16-15-57.mp4,1587.5,824.5,1337,450,1838,1199,0.6913375
2094,/Volumes/SmithL0/2026/BIOL470/Final/Learning_Rig/bee_0408_1_fwd/cam1_2026-04-08_16-15-57.mp4,2221.5,215.5,2025,58,2418,373,0.6258466
2095,/Volumes/SmithL0/2026/BIOL470/Final/Learning_Rig/bee_0408_1_fwd/cam1_2026-04-08_16-15-57.mp4,1601.0,776.5,1292,380,1910,1173,0.7704409
2096,/Volumes/SmithL0/2026/BIOL470/Final/Learning_Rig/bee_0408_1_fwd/cam1_2026-04-08_16-15-57.mp4,2459.5,2752.5,2192,2465,2727,3040,0.74038583
2097,/Volumes/SmithL0/2026/BIOL470/Final/Learning_Rig/bee_0408_1_fwd/cam1_2026-04-08_16-15-57.mp4,2223.5,216.5,2030,59,2417,374,0.6282597
2098,/Volumes/SmithL0/2026/BIOL470/Final/Learning_Rig/bee_0408_1_fwd/cam1_2026-04-08_16-15-57.mp4,1637.5,752.5,1368,359,1907,1146,0.78330505
2099,/Volumes/SmithL0/2026/BIOL470/Final/Learning_Rig/bee_0408_1_fwd/cam1_2026-04-08_16-15-57.mp4,2459.0,2750.5,2191,2461,2727,3040,0.7503981
2100,/Volumes/SmithL0/2026/BIOL470/Final/Learning_Rig/bee_0408_1_fwd/cam1_2026-04-08_16-15-57.mp4,2225.5,216.0,2033,59,2418,373,0.61174273
2101,/Volumes/SmithL0/2026/BIOL470/Final/Learning_Rig/bee_0408_1_fwd/cam1_2026-04-08_16-15-57.mp4,1650.0,730.5,1329,349,1971,1112,0.7618539
2102,/Volumes/SmithL0/2026/BIOL470/Final/Learning_Rig/bee_0408_1_fwd/cam1_2026-04-08_16-15-57.mp4,2459.0,2749.5,2191,2460,2727,3039,0.7554001
2103,/Volumes/SmithL0/2026/BIOL470/Final/Learning_Rig/bee_0408_1_fwd/cam1_2026-04-08_16-15-57.mp4,2224.0,216.0,2031,59,2417,373,0.6087165
2104,/Volumes/SmithL0/2026/BIOL470/Final/Learning_Rig/bee_0408_1_fwd/cam1_2026-04-08_16-15-57.mp4,1628.0,763.5,1307,395,1949,1132,0.76802516
2105,/Volumes/SmithL0/2026/BIOL470/Final/Learning_Rig/bee_0408_1_fwd/cam1_2026-04-08_16-15-57.mp4,2456.5,2745.0,2182,2454,2731,3036,0.75654876
2106,/Volumes/SmithL0/2026/BIOL470/Final/Learning_Rig/bee_0408_1_fwd/cam1_2026-04-08_16-15-57.mp4,2224.5,217.0,2032,59,2417,375,0.64278746
2107,/Volumes/SmithL0/2026/BIOL470/Final/Learning_Rig/bee_0408_1_fwd/cam1_2026-04-08_16-15-57.mp4,1698.0,808.5,1315,486,2081,1131,0.8063858
2108,/Volumes/SmithL0/2026/BIOL470/Final/Learning_Rig/bee_0408_1_fwd/cam1_2026-04-08_16-15-57.mp4,2458.5,2752.5,2190,2465,2727,3040,0.73756015
2109,/Volumes/SmithL0/2026/BIOL470/Final/Learning_Rig/bee_0408_1_fwd/cam1_2026-04-08_16-15-57.mp4,2224.0,215.5,2031,59,2417,372,0.6020917
2110,/Volumes/SmithL0/2026/BIOL470/Final/Learning_Rig/bee_0408_1_fwd/cam1_2026-04-08_16-15-57.mp4,1740.0,851.0,1351,560,2129,1142,0.76860064
2111,/Volumes/SmithL0/2026/BIOL470/Final/Learning_Rig/bee_0408_1_fwd/cam1_2026-04-08_16-15-57.mp4,2458.5,2751.0,2190,2462,2727,3040,0.7672101
2112,/Volumes/SmithL0/2026/BIOL470/Final/Learning_Rig/bee_0408_1_fwd/cam1_2026-04-08_16-15-57.mp4,2222.5,215.0,2030,59,2415,371,0.5616274
2113,/Volumes/SmithL0/2026/BIOL470/Final/Learning_Rig/bee_0408_1_fwd/cam1_2026-04-08_16-15-57.mp4,1946.5,771.0,1776,641,2117,901,0.5069164
2114,/Volumes/SmithL0/2026/BIOL470/Final/Learning_Rig/bee_0408_1_fwd/cam1_2026-04-08_16-15-57.mp4,1800.0,863.5,1394,580,2206,1147,0.7906172
2115,/Volumes/SmithL0/2026/BIOL470/Final/Learning_Rig/bee_0408_1_fwd/cam1_2026-04-08_16-15-57.mp4,2460.0,2752.0,2192,2465,2728,3039,0.7297194
2116,/Volumes/SmithL0/2026/BIOL470/Final/Learning_Rig/bee_0408_1_fwd/cam1_2026-04-08_16-15-57.mp4,2023.0,810.5,1855,657,2191,964,0.5419785
2117,/Volumes/SmithL0/2026/BIOL470/Final/Learning_Rig/bee_0408_1_fwd/cam1_2026-04-08_16-15-57.mp4,2223.0,215.5,2031,59,2415,372,0.5195073
2118,/Volumes/SmithL0/2026/BIOL470/Final/Learning_Rig/bee_0408_1_fwd/cam1_2026-04-08_16-15-57.mp4,1858.0,870.5,1438,578,2278,1163,0.7495076
2119,/Volumes/SmithL0/2026/BIOL470/Final/Learning_Rig/bee_0408_1_fwd/cam1_2026-04-08_16-15-57.mp4,2459.0,2751.5,2191,2463,2727,3040,0.721137
2120,/Volumes/SmithL0/2026/BIOL470/Final/Learning_Rig/bee_0408_1_fwd/cam1_2026-04-08_16-15-57.mp4,2223.5,214.5,2032,58,2415,371,0.65687823
2121,/Volumes/SmithL0/2026/BIOL470/Final/Learning_Rig/bee_0408_1_fwd/cam1_2026-04-08_16-15-57.mp4,2084.5,816.0,1927,682,2242,950,0.57886916
2122,/Volumes/SmithL0/2026/BIOL470/Final/Learning_Rig/bee_0408_1_fwd/cam1_2026-04-08_16-15-57.mp4,1861.0,805.5,1512,492,2210,1119,0.7782897
2123,/Volumes/SmithL0/2026/BIOL470/Final/Learning_Rig/bee_0408_1_fwd/cam1_2026-04-08_16-15-57.mp4,2459.0,2751.0,2192,2463,2726,3039,0.7452594
2124,/Volumes/SmithL0/2026/BIOL470/Final/Learning_Rig/bee_0408_1_fwd/cam1_2026-04-08_16-15-57.mp4,2126.5,706.0,1985,500,2268,912,0.71555346
2125,/Volumes/SmithL0/2026/BIOL470/Final/Learning_Rig/bee_0408_1_fwd/cam1_2026-04-08_16-15-57.mp4,2225.0,217.0,2032,59,2418,375,0.60828525
2126,/Volumes/SmithL0/2026/BIOL470/Final/Learning_Rig/bee_0408_1_fwd/cam1_2026-04-08_16-15-57.mp4,1937.0,780.0,1586,485,2288,1075,0.771038
2127,/Volumes/SmithL0/2026/BIOL470/Final/Learning_Rig/bee_0408_1_fwd/cam1_2026-04-08_16-15-57.mp4,2455.5,2750.0,2175,2463,2736,3037,0.6789213
2128,/Volumes/SmithL0/2026/BIOL470/Final/Learning_Rig/bee_0408_1_fwd/cam1_2026-04-08_16-15-57.mp4,2455.0,2748.5,2176,2460,2734,3037,0.7151001
2129,/Volumes/SmithL0/2026/BIOL470/Final/Learning_Rig/bee_0408_1_fwd/cam1_2026-04-08_16-15-57.mp4,1946.5,700.5,1630,348,2263,1053,0.71205264
2130,/Volumes/SmithL0/2026/BIOL470/Final/Learning_Rig/bee_0408_1_fwd/cam1_2026-04-08_16-15-57.mp4,2103.5,541.5,1955,381,2252,702,0.9199362
2131,/Volumes/SmithL0/2026/BIOL470/Final/Learning_Rig/bee_0408_1_fwd/cam1_2026-04-08_16-15-57.mp4,1926.5,716.0,1586,371,2267,1061,0.74591684
2132,/Volumes/SmithL0/2026/BIOL470/Final/Learning_Rig/bee_0408_1_fwd/cam1_2026-04-08_16-15-57.mp4,2456.0,2748.0,2179,2460,2733,3036,0.6932387
2133,/Volumes/SmithL0/2026/BIOL470/Final/Learning_Rig/bee_0408_1_fwd/cam1_2026-04-08_16-15-57.mp4,2094.5,612.0,1949,452,2240,772,0.7712546
2134,/Volumes/SmithL0/2026/BIOL470/Final/Learning_Rig/bee_0408_1_fwd/cam1_2026-04-08_16-15-57.mp4,1868.0,748.0,1486,456,2250,1040,0.7362774
2135,/Volumes/SmithL0/2026/BIOL470/Final/Learning_Rig/bee_0408_1_fwd/cam1_2026-04-08_16-15-57.mp4,2458.0,2748.0,2184,2460,2732,3036,0.72410476
2136,/Volumes/SmithL0/2026/BIOL470/Final/Learning_Rig/bee_0408_1_fwd/cam1_2026-04-08_16-15-57.mp4,1743.5,783.0,1486,536,2001,1030,0.7760536
2137,/Volumes/SmithL0/2026/BIOL470/Final/Learning_Rig/bee_0408_1_fwd/cam1_2026-04-08_16-15-57.mp4,1872.0,773.5,1496,521,2248,1026,0.76353127
2138,/Volumes/SmithL0/2026/BIOL470/Final/Learning_Rig/bee_0408_1_fwd/cam1_2026-04-08_16-15-57.mp4,2458.5,2752.0,2191,2465,2726,3039,0.75559914
2139,/Volumes/SmithL0/2026/BIOL470/Final/Learning_Rig/bee_0408_1_fwd/cam1_2026-04-08_16-15-57.mp4,1796.0,798.5,1482,477,2110,1120,0.8000995
2140,/Volumes/SmithL0/2026/BIOL470/Final/Learning_Rig/bee_0408_1_fwd/cam1_2026-04-08_16-15-57.mp4,2454.5,2747.5,2177,2458,2732,3037,0.70948434
2141,/Volumes/SmithL0/2026/BIOL470/Final/Learning_Rig/bee_0408_1_fwd/cam1_2026-04-08_16-15-57.mp4,1840.5,816.0,1483,469,2198,1163,0.7196098
2142,/Volumes/SmithL0/2026/BIOL470/Final/Learning_Rig/bee_0408_1_fwd/cam1_2026-04-08_16-15-57.mp4,2455.5,2748.5,2179,2460,2732,3037,0.71051604
2143,/Volumes/SmithL0/2026/BIOL470/Final/Learning_Rig/bee_0408_1_fwd/cam1_2026-04-08_16-15-57.mp4,2459.5,2751.0,2193,2462,2726,3040,0.7598417
2144,/Volumes/SmithL0/2026/BIOL470/Final/Learning_Rig/bee_0408_1_fwd/cam1_2026-04-08_16-15-57.mp4,1892.0,868.0,1540,543,2244,1193,0.7581213
2145,/Volumes/SmithL0/2026/BIOL470/Final/Learning_Rig/bee_0408_1_fwd/cam1_2026-04-08_16-15-57.mp4,1022.0,2923.0,740,2806,1304,3040,0.5237602
2146,/Volumes/SmithL0/2026/BIOL470/Final/Learning_Rig/bee_0408_1_fwd/cam1_2026-04-08_16-15-57.mp4,1919.5,921.5,1580,600,2259,1243,0.7761525
2147,/Volumes/SmithL0/2026/BIOL470/Final/Learning_Rig/bee_0408_1_fwd/cam1_2026-04-08_16-15-57.mp4,2458.0,2751.0,2191,2463,2725,3039,0.7697816
2148,/Volumes/SmithL0/2026/BIOL470/Final/Learning_Rig/bee_0408_1_fwd/cam1_2026-04-08_16-15-57.mp4,1809.5,866.5,1446,535,2173,1198,0.7790084
2149,/Volumes/SmithL0/2026/BIOL470/Final/Learning_Rig/bee_0408_1_fwd/cam1_2026-04-08_16-15-57.mp4,2458.5,2752.5,2191,2465,2726,3040,0.7753095
2150,/Volumes/SmithL0/2026/BIOL470/Final/Learning_Rig/bee_0408_1_fwd/cam1_2026-04-08_16-15-57.mp4,1752.0,871.5,1388,529,2116,1214,0.8174551
2151,/Volumes/SmithL0/2026/BIOL470/Final/Learning_Rig/bee_0408_1_fwd/cam1_2026-04-08_16-15-57.mp4,2459.0,2751.5,2191,2463,2727,3040,0.75486344
2152,/Volumes/SmithL0/2026/BIOL470/Final/Learning_Rig/bee_0408_1_fwd/cam1_2026-04-08_16-15-57.mp4,1722.5,849.0,1377,475,2068,1223,0.7756117
2153,/Volumes/SmithL0/2026/BIOL470/Final/Learning_Rig/bee_0408_1_fwd/cam1_2026-04-08_16-15-57.mp4,2460.0,2749.5,2192,2459,2728,3040,0.73488694
2154,/Volumes/SmithL0/2026/BIOL470/Final/Learning_Rig/bee_0408_1_fwd/cam1_2026-04-08_16-15-57.mp4,2459.5,2751.0,2192,2462,2727,3040,0.7434665
2155,/Volumes/SmithL0/2026/BIOL470/Final/Learning_Rig/bee_0408_1_fwd/cam1_2026-04-08_16-15-57.mp4,1537.0,974.5,1328,716,1746,1233,0.5866753
2156,/Volumes/SmithL0/2026/BIOL470/Final/Learning_Rig/bee_0408_1_fwd/cam1_2026-04-08_16-15-57.mp4,1633.0,868.0,1333,500,1933,1236,0.55182505
2157,/Volumes/SmithL0/2026/BIOL470/Final/Learning_Rig/bee_0408_1_fwd/cam1_2026-04-08_16-15-57.mp4,2224.0,218.5,2030,59,2418,378,0.50213075
2158,/Volumes/SmithL0/2026/BIOL470/Final/Learning_Rig/bee_0408_1_fwd/cam1_2026-04-08_16-15-57.mp4,2459.5,2752.0,2192,2464,2727,3040,0.7542181
2159,/Volumes/SmithL0/2026/BIOL470/Final/Learning_Rig/bee_0408_1_fwd/cam1_2026-04-08_16-15-57.mp4,1603.0,872.5,1341,515,1865,1230,0.75369793
2160,/Volumes/SmithL0/2026/BIOL470/Final/Learning_Rig/bee_0408_1_fwd/cam1_2026-04-08_16-15-57.mp4,1531.5,964.0,1235,589,1828,1339,0.78117234
2161,/Volumes/SmithL0/2026/BIOL470/Final/Learning_Rig/bee_0408_1_fwd/cam1_2026-04-08_16-15-57.mp4,2459.0,2750.5,2192,2461,2726,3040,0.7559832
2162,/Volumes/SmithL0/2026/BIOL470/Final/Learning_Rig/bee_0408_1_fwd/cam1_2026-04-08_16-15-57.mp4,1392.0,1071.0,1008,726,1776,1416,0.81419545
2163,/Volumes/SmithL0/2026/BIOL470/Final/Learning_Rig/bee_0408_1_fwd/cam1_2026-04-08_16-15-57.mp4,2459.5,2752.0,2191,2465,2728,3039,0.73824
2164,/Volumes/SmithL0/2026/BIOL470/Final/Learning_Rig/bee_0408_1_fwd/cam1_2026-04-08_16-15-57.mp4,1348.0,1068.5,1007,746,1689,1391,0.8194265
2165,/Volumes/SmithL0/2026/BIOL470/Final/Learning_Rig/bee_0408_1_fwd/cam1_2026-04-08_16-15-57.mp4,2459.0,2751.0,2191,2463,2727,3039,0.7781009
2166,/Volumes/SmithL0/2026/BIOL470/Final/Learning_Rig/bee_0408_1_fwd/cam1_2026-04-08_16-15-57.mp4,1259.5,1070.0,909,748,1610,1392,0.79899716
2167,/Volumes/SmithL0/2026/BIOL470/Final/Learning_Rig/bee_0408_1_fwd/cam1_2026-04-08_16-15-57.mp4,2458.0,2752.0,2191,2464,2725,3040,0.78543913
2168,/Volumes/SmithL0/2026/BIOL470/Final/Learning_Rig/bee_0408_1_fwd/cam1_2026-04-08_16-15-57.mp4,1205.5,1324.5,942,985,1469,1664,0.78435236
2169,/Volumes/SmithL0/2026/BIOL470/Final/Learning_Rig/bee_0408_1_fwd/cam1_2026-04-08_16-15-57.mp4,2458.5,2750.0,2191,2461,2726,3039,0.77123165
2170,/Volumes/SmithL0/2026/BIOL470/Final/Learning_Rig/bee_0408_1_fwd/cam1_2026-04-08_16-15-57.mp4,1182.5,1429.0,908,1073,1457,1785,0.7796552
2171,/Volumes/SmithL0/2026/BIOL470/Final/Learning_Rig/bee_0408_1_fwd/cam1_2026-04-08_16-15-57.mp4,2459.5,2752.0,2192,2465,2727,3039,0.7739606
2172,/Volumes/SmithL0/2026/BIOL470/Final/Learning_Rig/bee_0408_1_fwd/cam1_2026-04-08_16-15-57.mp4,2244.0,209.5,2090,60,2398,359,0.5570646
2173,/Volumes/SmithL0/2026/BIOL470/Final/Learning_Rig/bee_0408_1_fwd/cam1_2026-04-08_16-15-57.mp4,2458.0,2750.5,2190,2461,2726,3040,0.77633554
2174,/Volumes/SmithL0/2026/BIOL470/Final/Learning_Rig/bee_0408_1_fwd/cam1_2026-04-08_16-15-57.mp4,1125.0,1586.0,924,1213,1326,1959,0.7444471
2175,/Volumes/SmithL0/2026/BIOL470/Final/Learning_Rig/bee_0408_1_fwd/cam1_2026-04-08_16-15-57.mp4,1133.5,1405.5,926,1221,1341,1590,0.672313
2176,/Volumes/SmithL0/2026/BIOL470/Final/Learning_Rig/bee_0408_1_fwd/cam1_2026-04-08_16-15-57.mp4,1088.0,1671.0,853,1302,1323,2040,0.78929317
2177,/Volumes/SmithL0/2026/BIOL470/Final/Learning_Rig/bee_0408_1_fwd/cam1_2026-04-08_16-15-57.mp4,1091.5,1546.0,864,1310,1319,1782,0.7424394
2178,/Volumes/SmithL0/2026/BIOL470/Final/Learning_Rig/bee_0408_1_fwd/cam1_2026-04-08_16-15-57.mp4,2456.5,2747.5,2182,2459,2731,3036,0.73706234
2179,/Volumes/SmithL0/2026/BIOL470/Final/Learning_Rig/bee_0408_1_fwd/cam1_2026-04-08_16-15-57.mp4,1134.5,1868.5,955,1716,1314,2021,0.5706
2180,/Volumes/SmithL0/2026/BIOL470/Final/Learning_Rig/bee_0408_1_fwd/cam1_2026-04-08_16-15-57.mp4,1115.5,1813.5,905,1411,1326,2216,0.79831016
2181,/Volumes/SmithL0/2026/BIOL470/Final/Learning_Rig/bee_0408_1_fwd/cam1_2026-04-08_16-15-57.mp4,2459.0,2750.0,2191,2460,2727,3040,0.7690679
2182,/Volumes/SmithL0/2026/BIOL470/Final/Learning_Rig/bee_0408_1_fwd/cam1_2026-04-08_16-15-57.mp4,2221.0,214.5,2026,59,2416,370,0.51924115
2183,/Volumes/SmithL0/2026/BIOL470/Final/Learning_Rig/bee_0408_1_fwd/cam1_2026-04-08_16-15-57.mp4,1112.0,1911.5,885,1551,1339,2272,0.81209564
2184,/Volumes/SmithL0/2026/BIOL470/Final/Learning_Rig/bee_0408_1_fwd/cam1_2026-04-08_16-15-57.mp4,2459.5,2750.5,2192,2462,2727,3039,0.766114
2185,/Volumes/SmithL0/2026/BIOL470/Final/Learning_Rig/bee_0408_1_fwd/cam1_2026-04-08_16-15-57.mp4,2220.0,214.5,2024,59,2416,370,0.5697319
2186,/Volumes/SmithL0/2026/BIOL470/Final/Learning_Rig/bee_0408_1_fwd/cam1_2026-04-08_16-15-57.mp4,1164.0,2008.5,911,1657,1417,2360,0.82985777
2187,/Volumes/SmithL0/2026/BIOL470/Final/Learning_Rig/bee_0408_1_fwd/cam1_2026-04-08_16-15-57.mp4,2460.5,2750.5,2193,2462,2728,3039,0.7447483
2188,/Volumes/SmithL0/2026/BIOL470/Final/Learning_Rig/bee_0408_1_fwd/cam1_2026-04-08_16-15-57.mp4,2219.5,215.0,2022,59,2417,371,0.5090927
2189,/Volumes/SmithL0/2026/BIOL470/Final/Learning_Rig/bee_0408_1_fwd/cam1_2026-04-08_16-15-57.mp4,1271.0,2135.5,972,1833,1570,2438,0.8007384
2190,/Volumes/SmithL0/2026/BIOL470/Final/Learning_Rig/bee_0408_1_fwd/cam1_2026-04-08_16-15-57.mp4,2459.0,2751.0,2192,2462,2726,3040,0.7560654
2191,/Volumes/SmithL0/2026/BIOL470/Final/Learning_Rig/bee_0408_1_fwd/cam1_2026-04-08_16-15-57.mp4,2219.0,215.0,2021,59,2417,371,0.5082601
2192,/Volumes/SmithL0/2026/BIOL470/Final/Learning_Rig/bee_0408_1_fwd/cam1_2026-04-08_16-15-57.mp4,1363.0,2150.5,1018,1860,1708,2441,0.80714285
2193,/Volumes/SmithL0/2026/BIOL470/Final/Learning_Rig/bee_0408_1_fwd/cam1_2026-04-08_16-15-57.mp4,2459.5,2752.0,2192,2465,2727,3039,0.73518425
2194,/Volumes/SmithL0/2026/BIOL470/Final/Learning_Rig/bee_0408_1_fwd/cam1_2026-04-08_16-15-57.mp4,2218.5,214.5,2021,59,2416,370,0.51557195
2195,/Volumes/SmithL0/2026/BIOL470/Final/Learning_Rig/bee_0408_1_fwd/cam1_2026-04-08_16-15-57.mp4,1459.5,2155.0,1104,1863,1815,2447,0.8014812
2196,/Volumes/SmithL0/2026/BIOL470/Final/Learning_Rig/bee_0408_1_fwd/cam1_2026-04-08_16-15-57.mp4,2459.0,2751.0,2191,2463,2727,3039,0.7407934
2197,/Volumes/SmithL0/2026/BIOL470/Final/Learning_Rig/bee_0408_1_fwd/cam1_2026-04-08_16-15-57.mp4,1634.5,2306.0,1475,2174,1794,2438,0.6468557
2198,/Volumes/SmithL0/2026/BIOL470/Final/Learning_Rig/bee_0408_1_fwd/cam1_2026-04-08_16-15-57.mp4,1538.0,2243.5,1179,1944,1897,2543,0.81238705
2199,/Volumes/SmithL0/2026/BIOL470/Final/Learning_Rig/bee_0408_1_fwd/cam1_2026-04-08_16-15-57.mp4,2459.5,2750.5,2191,2461,2728,3040,0.760671
2200,/Volumes/SmithL0/2026/BIOL470/Final/Learning_Rig/bee_0408_1_fwd/cam1_2026-04-08_16-15-57.mp4,1640.0,2270.0,1276,1982,2004,2558,0.7824244
2201,/Volumes/SmithL0/2026/BIOL470/Final/Learning_Rig/bee_0408_1_fwd/cam1_2026-04-08_16-15-57.mp4,2458.0,2750.0,2189,2461,2727,3039,0.77788603
2202,/Volumes/SmithL0/2026/BIOL470/Final/Learning_Rig/bee_0408_1_fwd/cam1_2026-04-08_16-15-57.mp4,1849.0,2328.0,1700,2199,1998,2457,0.6085135
2203,/Volumes/SmithL0/2026/BIOL470/Final/Learning_Rig/bee_0408_1_fwd/cam1_2026-04-08_16-15-57.mp4,2458.5,2750.0,2190,2461,2727,3039,0.7821615
2204,/Volumes/SmithL0/2026/BIOL470/Final/Learning_Rig/bee_0408_1_fwd/cam1_2026-04-08_16-15-57.mp4,2078.0,2412.0,1914,2244,2242,2580,0.78159434
2205,/Volumes/SmithL0/2026/BIOL470/Final/Learning_Rig/bee_0408_1_fwd/cam1_2026-04-08_16-15-57.mp4,2029.0,2412.0,1819,2217,2239,2607,0.6394185
2206,/Volumes/SmithL0/2026/BIOL470/Final/Learning_Rig/bee_0408_1_fwd/cam1_2026-04-08_16-15-57.mp4,2458.0,2752.5,2190,2465,2726,3040,0.79058826
2207,/Volumes/SmithL0/2026/BIOL470/Final/Learning_Rig/bee_0408_1_fwd/cam1_2026-04-08_16-15-57.mp4,1735.5,2266.5,1374,1995,2097,2538,0.7711845
2208,/Volumes/SmithL0/2026/BIOL470/Final/Learning_Rig/bee_0408_1_fwd/cam1_2026-04-08_16-15-57.mp4,2458.5,2754.0,2191,2468,2726,3040,0.7728305
2209,/Volumes/SmithL0/2026/BIOL470/Final/Learning_Rig/bee_0408_1_fwd/cam1_2026-04-08_16-15-57.mp4,1770.0,2238.0,1372,1970,2168,2506,0.68665165
2210,/Volumes/SmithL0/2026/BIOL470/Final/Learning_Rig/bee_0408_1_fwd/cam1_2026-04-08_16-15-57.mp4,1948.5,2338.0,1793,2209,2104,2467,0.5657961
2211,/Volumes/SmithL0/2026/BIOL470/Final/Learning_Rig/bee_0408_1_fwd/cam1_2026-04-08_16-15-57.mp4,2459.0,2750.5,2190,2462,2728,3039,0.78602034
2212,/Volumes/SmithL0/2026/BIOL470/Final/Learning_Rig/bee_0408_1_fwd/cam1_2026-04-08_16-15-57.mp4,2219.5,215.0,2022,59,2417,371,0.57648844
2213,/Volumes/SmithL0/2026/BIOL470/Final/Learning_Rig/bee_0408_1_fwd/cam1_2026-04-08_16-15-57.mp4,2455.5,2749.5,2176,2462,2735,3037,0.70964074
2214,/Volumes/SmithL0/2026/BIOL470/Final/Learning_Rig/bee_0408_1_fwd/cam1_2026-04-08_16-15-57.mp4,1774.0,2224.5,1387,1936,2161,2513,0.5836239
2215,/Volumes/SmithL0/2026/BIOL470/Final/Learning_Rig/bee_0408_1_fwd/cam1_2026-04-08_16-15-57.mp4,2220.0,216.5,2021,59,2419,374,0.52500904
2216,/Volumes/SmithL0/2026/BIOL470/Final/Learning_Rig/bee_0408_1_fwd/cam1_2026-04-08_16-15-57.mp4,1742.5,2237.0,1401,1950,2084,2524,0.7953519
2217,/Volumes/SmithL0/2026/BIOL470/Final/Learning_Rig/bee_0408_1_fwd/cam1_2026-04-08_16-15-57.mp4,2458.5,2752.5,2189,2465,2728,3040,0.7530159
2218,/Volumes/SmithL0/2026/BIOL470/Final/Learning_Rig/bee_0408_1_fwd/cam1_2026-04-08_16-15-57.mp4,2221.0,215.5,2024,59,2418,372,0.5724482
2219,/Volumes/SmithL0/2026/BIOL470/Final/Learning_Rig/bee_0408_1_fwd/cam1_2026-04-08_16-15-57.mp4,1729.5,2166.0,1403,1893,2056,2439,0.79508495
2220,/Volumes/SmithL0/2026/BIOL470/Final/Learning_Rig/bee_0408_1_fwd/cam1_2026-04-08_16-15-57.mp4,2458.0,2751.5,2190,2464,2726,3039,0.78732514
2221,/Volumes/SmithL0/2026/BIOL470/Final/Learning_Rig/bee_0408_1_fwd/cam1_2026-04-08_16-15-57.mp4,2221.5,215.5,2025,59,2418,372,0.5579908
2222,/Volumes/SmithL0/2026/BIOL470/Final/Learning_Rig/bee_0408_1_fwd/cam1_2026-04-08_16-15-57.mp4,1703.5,2184.5,1382,1863,2025,2506,0.78560555
2223,/Volumes/SmithL0/2026/BIOL470/Final/Learning_Rig/bee_0408_1_fwd/cam1_2026-04-08_16-15-57.mp4,2458.5,2750.5,2190,2462,2727,3039,0.7747415
2224,/Volumes/SmithL0/2026/BIOL470/Final/Learning_Rig/bee_0408_1_fwd/cam1_2026-04-08_16-15-57.mp4,2221.0,216.0,2025,59,2417,373,0.52770334
2225,/Volumes/SmithL0/2026/BIOL470/Final/Learning_Rig/bee_0408_1_fwd/cam1_2026-04-08_16-15-57.mp4,2459.5,2751.5,2192,2463,2727,3040,0.7799795
2226,/Volumes/SmithL0/2026/BIOL470/Final/Learning_Rig/bee_0408_1_fwd/cam1_2026-04-08_16-15-57.mp4,1603.5,2158.0,1382,1853,1825,2463,0.77077293
2227,/Volumes/SmithL0/2026/BIOL470/Final/Learning_Rig/bee_0408_1_fwd/cam1_2026-04-08_16-15-57.mp4,2222.0,214.5,2027,59,2417,370,0.5762431
2228,/Volumes/SmithL0/2026/BIOL470/Final/Learning_Rig/bee_0408_1_fwd/cam1_2026-04-08_16-15-57.mp4,1549.5,2218.0,1287,1858,1812,2578,0.79723644
2229,/Volumes/SmithL0/2026/BIOL470/Final/Learning_Rig/bee_0408_1_fwd/cam1_2026-04-08_16-15-57.mp4,2459.0,2752.5,2191,2466,2727,3039,0.7424951
2230,/Volumes/SmithL0/2026/BIOL470/Final/Learning_Rig/bee_0408_1_fwd/cam1_2026-04-08_16-15-57.mp4,2222.5,215.0,2028,59,2417,371,0.55638015
2231,/Volumes/SmithL0/2026/BIOL470/Final/Learning_Rig/bee_0408_1_fwd/cam1_2026-04-08_16-15-57.mp4,1472.5,2231.0,1224,1874,1721,2588,0.8133209
2232,/Volumes/SmithL0/2026/BIOL470/Final/Learning_Rig/bee_0408_1_fwd/cam1_2026-04-08_16-15-57.mp4,2458.0,2752.5,2189,2465,2727,3040,0.7324251
2233,/Volumes/SmithL0/2026/BIOL470/Final/Learning_Rig/bee_0408_1_fwd/cam1_2026-04-08_16-15-57.mp4,2221.5,215.0,2027,59,2416,371,0.5780866
2234,/Volumes/SmithL0/2026/BIOL470/Final/Learning_Rig/bee_0408_1_fwd/cam1_2026-04-08_16-15-57.mp4,1518.5,2032.5,1340,1885,1697,2180,0.54350644
2235,/Volumes/SmithL0/2026/BIOL470/Final/Learning_Rig/bee_0408_1_fwd/cam1_2026-04-08_16-15-57.mp4,1448.0,2197.5,1117,1883,1779,2512,0.85722935
2236,/Volumes/SmithL0/2026/BIOL470/Final/Learning_Rig/bee_0408_1_fwd/cam1_2026-04-08_16-15-57.mp4,2460.0,2753.0,2192,2466,2728,3040,0.7344833
2237,/Volumes/SmithL0/2026/BIOL470/Final/Learning_Rig/bee_0408_1_fwd/cam1_2026-04-08_16-15-57.mp4,1425.0,2211.5,1114,1889,1736,2534,0.8408166
2238,/Volumes/SmithL0/2026/BIOL470/Final/Learning_Rig/bee_0408_1_fwd/cam1_2026-04-08_16-15-57.mp4,2459.5,2752.5,2192,2465,2727,3040,0.76744884
2239,/Volumes/SmithL0/2026/BIOL470/Final/Learning_Rig/bee_0408_1_fwd/cam1_2026-04-08_16-15-57.mp4,2221.5,215.0,2026,59,2417,371,0.5235941
2240,/Volumes/SmithL0/2026/BIOL470/Final/Learning_Rig/bee_0408_1_fwd/cam1_2026-04-08_16-15-57.mp4,1294.5,2225.0,976,1940,1613,2510,0.8077489
2241,/Volumes/SmithL0/2026/BIOL470/Final/Learning_Rig/bee_0408_1_fwd/cam1_2026-04-08_16-15-57.mp4,2458.5,2751.5,2190,2464,2727,3039,0.7556163
2242,/Volumes/SmithL0/2026/BIOL470/Final/Learning_Rig/bee_0408_1_fwd/cam1_2026-04-08_16-15-57.mp4,1249.5,2245.5,918,1969,1581,2522,0.8288318
2243,/Volumes/SmithL0/2026/BIOL470/Final/Learning_Rig/bee_0408_1_fwd/cam1_2026-04-08_16-15-57.mp4,2460.0,2753.0,2191,2467,2729,3039,0.6933951
2244,/Volumes/SmithL0/2026/BIOL470/Final/Learning_Rig/bee_0408_1_fwd/cam1_2026-04-08_16-15-57.mp4,1251.5,2223.0,921,1999,1582,2447,0.8116054
2245,/Volumes/SmithL0/2026/BIOL470/Final/Learning_Rig/bee_0408_1_fwd/cam1_2026-04-08_16-15-57.mp4,2458.5,2751.5,2191,2463,2726,3040,0.75162953
2246,/Volumes/SmithL0/2026/BIOL470/Final/Learning_Rig/bee_0408_1_fwd/cam1_2026-04-08_16-15-57.mp4,1256.5,2208.5,924,1996,1589,2421,0.8049475
2247,/Volumes/SmithL0/2026/BIOL470/Final/Learning_Rig/bee_0408_1_fwd/cam1_2026-04-08_16-15-57.mp4,2458.0,2751.0,2191,2462,2725,3040,0.7717807
2248,/Volumes/SmithL0/2026/BIOL470/Final/Learning_Rig/bee_0408_1_fwd/cam1_2026-04-08_16-15-57.mp4,2216.0,216.0,2012,59,2420,373,0.51213074
2249,/Volumes/SmithL0/2026/BIOL470/Final/Learning_Rig/bee_0408_1_fwd/cam1_2026-04-08_16-15-57.mp4,1260.0,2194.5,924,1972,1596,2417,0.7942264
2250,/Volumes/SmithL0/2026/BIOL470/Final/Learning_Rig/bee_0408_1_fwd/cam1_2026-04-08_16-15-57.mp4,2459.5,2752.0,2191,2465,2728,3039,0.7379617
2251,/Volumes/SmithL0/2026/BIOL470/Final/Learning_Rig/bee_0408_1_fwd/cam1_2026-04-08_16-15-57.mp4,1317.5,2155.0,983,1914,1652,2396,0.7588115
2252,/Volumes/SmithL0/2026/BIOL470/Final/Learning_Rig/bee_0408_1_fwd/cam1_2026-04-08_16-15-57.mp4,2459.5,2753.0,2191,2466,2728,3040,0.70791674
2253,/Volumes/SmithL0/2026/BIOL470/Final/Learning_Rig/bee_0408_1_fwd/cam1_2026-04-08_16-15-57.mp4,1400.5,2152.0,1174,1909,1627,2395,0.6348467
2254,/Volumes/SmithL0/2026/BIOL470/Final/Learning_Rig/bee_0408_1_fwd/cam1_2026-04-08_16-15-57.mp4,1339.0,2154.0,1005,1908,1673,2400,0.75726235
2255,/Volumes/SmithL0/2026/BIOL470/Final/Learning_Rig/bee_0408_1_fwd/cam1_2026-04-08_16-15-57.mp4,2456.0,2748.0,2179,2460,2733,3036,0.7257376
2256,/Volumes/SmithL0/2026/BIOL470/Final/Learning_Rig/bee_0408_1_fwd/cam1_2026-04-08_16-15-57.mp4,2218.0,214.5,2018,59,2418,370,0.50016785
2257,/Volumes/SmithL0/2026/BIOL470/Final/Learning_Rig/bee_0408_1_fwd/cam1_2026-04-08_16-15-57.mp4,1349.0,2137.5,1025,1874,1673,2401,0.7469272
2258,/Volumes/SmithL0/2026/BIOL470/Final/Learning_Rig/bee_0408_1_fwd/cam1_2026-04-08_16-15-57.mp4,2455.0,2748.5,2178,2460,2732,3037,0.72990847
2259,/Volumes/SmithL0/2026/BIOL470/Final/Learning_Rig/bee_0408_1_fwd/cam1_2026-04-08_16-15-57.mp4,1326.0,2102.5,1026,1757,1626,2448,0.81831974
2260,/Volumes/SmithL0/2026/BIOL470/Final/Learning_Rig/bee_0408_1_fwd/cam1_2026-04-08_16-15-57.mp4,2459.0,2752.0,2191,2465,2727,3039,0.75127876
2261,/Volumes/SmithL0/2026/BIOL470/Final/Learning_Rig/bee_0408_1_fwd/cam1_2026-04-08_16-15-57.mp4,1364.0,2101.0,1107,1756,1621,2446,0.78440416
2262,/Volumes/SmithL0/2026/BIOL470/Final/Learning_Rig/bee_0408_1_fwd/cam1_2026-04-08_16-15-57.mp4,2453.5,2747.5,2176,2458,2731,3037,0.7139114
2263,/Volumes/SmithL0/2026/BIOL470/Final/Learning_Rig/bee_0408_1_fwd/cam1_2026-04-08_16-15-57.mp4,1331.5,2012.0,1133,1762,1530,2262,0.62849903
2264,/Volumes/SmithL0/2026/BIOL470/Final/Learning_Rig/bee_0408_1_fwd/cam1_2026-04-08_16-15-57.mp4,1331.0,1927.5,1135,1761,1527,2094,0.5352488
2265,/Volumes/SmithL0/2026/BIOL470/Final/Learning_Rig/bee_0408_1_fwd/cam1_2026-04-08_16-15-57.mp4,1377.5,2108.5,1067,1792,1688,2425,0.79858106
2266,/Volumes/SmithL0/2026/BIOL470/Final/Learning_Rig/bee_0408_1_fwd/cam1_2026-04-08_16-15-57.mp4,2456.5,2748.0,2179,2460,2734,3036,0.7052756
2267,/Volumes/SmithL0/2026/BIOL470/Final/Learning_Rig/bee_0408_1_fwd/cam1_2026-04-08_16-15-57.mp4,2220.5,214.0,2023,59,2418,369,0.5069665
2268,/Volumes/SmithL0/2026/BIOL470/Final/Learning_Rig/bee_0408_1_fwd/cam1_2026-04-08_16-15-57.mp4,1476.0,2156.0,1126,1859,1826,2453,0.8178521
2269,/Volumes/SmithL0/2026/BIOL470/Final/Learning_Rig/bee_0408_1_fwd/cam1_2026-04-08_16-15-57.mp4,2460.5,2752.5,2193,2465,2728,3040,0.7213454
2270,/Volumes/SmithL0/2026/BIOL470/Final/Learning_Rig/bee_0408_1_fwd/cam1_2026-04-08_16-15-57.mp4,1638.0,2183.0,1258,1898,2018,2468,0.79252076
2271,/Volumes/SmithL0/2026/BIOL470/Final/Learning_Rig/bee_0408_1_fwd/cam1_2026-04-08_16-15-57.mp4,2460.0,2752.5,2192,2466,2728,3039,0.7527539
2272,/Volumes/SmithL0/2026/BIOL470/Final/Learning_Rig/bee_0408_1_fwd/cam1_2026-04-08_16-15-57.mp4,1694.0,2186.0,1301,1915,2087,2457,0.783061
2273,/Volumes/SmithL0/2026/BIOL470/Final/Learning_Rig/bee_0408_1_fwd/cam1_2026-04-08_16-15-57.mp4,2460.0,2750.0,2192,2461,2728,3039,0.74128896
2274,/Volumes/SmithL0/2026/BIOL470/Final/Learning_Rig/bee_0408_1_fwd/cam1_2026-04-08_16-15-57.mp4,1732.5,2157.0,1349,1901,2116,2413,0.8082143
2275,/Volumes/SmithL0/2026/BIOL470/Final/Learning_Rig/bee_0408_1_fwd/cam1_2026-04-08_16-15-57.mp4,2455.0,2747.0,2176,2458,2734,3036,0.7351607
2276,/Volumes/SmithL0/2026/BIOL470/Final/Learning_Rig/bee_0408_1_fwd/cam1_2026-04-08_16-15-57.mp4,1653.0,2145.0,1387,1881,1919,2409,0.781145
2277,/Volumes/SmithL0/2026/BIOL470/Final/Learning_Rig/bee_0408_1_fwd/cam1_2026-04-08_16-15-57.mp4,2454.5,2748.0,2175,2459,2734,3037,0.7159609
2278,/Volumes/SmithL0/2026/BIOL470/Final/Learning_Rig/bee_0408_1_fwd/cam1_2026-04-08_16-15-57.mp4,2220.5,214.0,2024,59,2417,369,0.54195035
2279,/Volumes/SmithL0/2026/BIOL470/Final/Learning_Rig/bee_0408_1_fwd/cam1_2026-04-08_16-15-57.mp4,1730.5,2153.0,1368,1868,2093,2438,0.8027335
2280,/Volumes/SmithL0/2026/BIOL470/Final/Learning_Rig/bee_0408_1_fwd/cam1_2026-04-08_16-15-57.mp4,2453.5,2748.0,2175,2459,2732,3037,0.7436098
2281,/Volumes/SmithL0/2026/BIOL470/Final/Learning_Rig/bee_0408_1_fwd/cam1_2026-04-08_16-15-57.mp4,1728.0,2150.0,1353,1861,2103,2439,0.79811156
2282,/Volumes/SmithL0/2026/BIOL470/Final/Learning_Rig/bee_0408_1_fwd/cam1_2026-04-08_16-15-57.mp4,2453.0,2748.0,2173,2459,2733,3037,0.764194
2283,/Volumes/SmithL0/2026/BIOL470/Final/Learning_Rig/bee_0408_1_fwd/cam1_2026-04-08_16-15-57.mp4,1945.5,2040.0,1794,1906,2097,2174,0.72975826
2284,/Volumes/SmithL0/2026/BIOL470/Final/Learning_Rig/bee_0408_1_fwd/cam1_2026-04-08_16-15-57.mp4,2215.5,213.5,2014,59,2417,368,0.53879356
2285,/Volumes/SmithL0/2026/BIOL470/Final/Learning_Rig/bee_0408_1_fwd/cam1_2026-04-08_16-15-57.mp4,2458.5,2750.5,2189,2462,2728,3039,0.7792911
2286,/Volumes/SmithL0/2026/BIOL470/Final/Learning_Rig/bee_0408_1_fwd/cam1_2026-04-08_16-15-57.mp4,1784.5,2192.5,1380,1933,2189,2452,0.73737437
2287,/Volumes/SmithL0/2026/BIOL470/Final/Learning_Rig/bee_0408_1_fwd/cam1_2026-04-08_16-15-57.mp4,2219.0,214.5,2020,59,2418,370,0.51032573
2288,/Volumes/SmithL0/2026/BIOL470/Final/Learning_Rig/bee_0408_1_fwd/cam1_2026-04-08_16-15-57.mp4,1742.0,2207.5,1366,1948,2118,2467,0.79263526
2289,/Volumes/SmithL0/2026/BIOL470/Final/Learning_Rig/bee_0408_1_fwd/cam1_2026-04-08_16-15-57.mp4,2459.0,2751.0,2189,2462,2729,3040,0.7853433
2290,/Volumes/SmithL0/2026/BIOL470/Final/Learning_Rig/bee_0408_1_fwd/cam1_2026-04-08_16-15-57.mp4,2217.0,215.0,2015,59,2419,371,0.524654
2291,/Volumes/SmithL0/2026/BIOL470/Final/Learning_Rig/bee_0408_1_fwd/cam1_2026-04-08_16-15-57.mp4,1741.5,2232.0,1365,1963,2118,2501,0.7772396
2292,/Volumes/SmithL0/2026/BIOL470/Final/Learning_Rig/bee_0408_1_fwd/cam1_2026-04-08_16-15-57.mp4,2459.0,2752.5,2191,2465,2727,3040,0.775735
2293,/Volumes/SmithL0/2026/BIOL470/Final/Learning_Rig/bee_0408_1_fwd/cam1_2026-04-08_16-15-57.mp4,1728.0,2256.5,1370,1965,2086,2548,0.8016176
2294,/Volumes/SmithL0/2026/BIOL470/Final/Learning_Rig/bee_0408_1_fwd/cam1_2026-04-08_16-15-57.mp4,2459.0,2750.5,2190,2461,2728,3040,0.7471862
2295,/Volumes/SmithL0/2026/BIOL470/Final/Learning_Rig/bee_0408_1_fwd/cam1_2026-04-08_16-15-57.mp4,1683.5,2249.5,1330,1951,2037,2548,0.81334865
2296,/Volumes/SmithL0/2026/BIOL470/Final/Learning_Rig/bee_0408_1_fwd/cam1_2026-04-08_16-15-57.mp4,2456.5,2748.0,2180,2460,2733,3036,0.7374552
2297,/Volumes/SmithL0/2026/BIOL470/Final/Learning_Rig/bee_0408_1_fwd/cam1_2026-04-08_16-15-57.mp4,2219.0,216.0,2019,58,2419,374,0.5228933
2298,/Volumes/SmithL0/2026/BIOL470/Final/Learning_Rig/bee_0408_1_fwd/cam1_2026-04-08_16-15-57.mp4,1662.0,2220.0,1317,1900,2007,2540,0.7966891
2299,/Volumes/SmithL0/2026/BIOL470/Final/Learning_Rig/bee_0408_1_fwd/cam1_2026-04-08_16-15-57.mp4,2453.0,2748.0,2173,2459,2733,3037,0.66956055
2300,/Volumes/SmithL0/2026/BIOL470/Final/Learning_Rig/bee_0408_1_fwd/cam1_2026-04-08_16-15-57.mp4,2222.5,214.5,2027,58,2418,371,0.52703947
2301,/Volumes/SmithL0/2026/BIOL470/Final/Learning_Rig/bee_0408_1_fwd/cam1_2026-04-08_16-15-57.mp4,1601.5,2193.5,1286,1878,1917,2509,0.79097664
2302,/Volumes/SmithL0/2026/BIOL470/Final/Learning_Rig/bee_0408_1_fwd/cam1_2026-04-08_16-15-57.mp4,2449.5,2748.0,2165,2459,2734,3037,0.6236453
2303,/Volumes/SmithL0/2026/BIOL470/Final/Learning_Rig/bee_0408_1_fwd/cam1_2026-04-08_16-15-57.mp4,2221.5,215.0,2026,59,2417,371,0.528815
2304,/Volumes/SmithL0/2026/BIOL470/Final/Learning_Rig/bee_0408_1_fwd/cam1_2026-04-08_16-15-57.mp4,2451.0,2748.0,2169,2459,2733,3037,0.68796164
2305,/Volumes/SmithL0/2026/BIOL470/Final/Learning_Rig/bee_0408_1_fwd/cam1_2026-04-08_16-15-57.mp4,1461.0,2169.5,1257,1809,1665,2530,0.67805606
2306,/Volumes/SmithL0/2026/BIOL470/Final/Learning_Rig/bee_0408_1_fwd/cam1_2026-04-08_16-15-57.mp4,1475.5,1968.0,1315,1812,1636,2124,0.5520075
2307,/Volumes/SmithL0/2026/BIOL470/Final/Learning_Rig/bee_0408_1_fwd/cam1_2026-04-08_16-15-57.mp4,2222.5,214.5,2027,59,2418,370,0.5241284
2308,/Volumes/SmithL0/2026/BIOL470/Final/Learning_Rig/bee_0408_1_fwd/cam1_2026-04-08_16-15-57.mp4,1473.0,2187.5,1192,1824,1754,2551,0.8006109
2309,/Volumes/SmithL0/2026/BIOL470/Final/Learning_Rig/bee_0408_1_fwd/cam1_2026-04-08_16-15-57.mp4,2454.5,2748.5,2174,2460,2735,3037,0.6459181
2310,/Volumes/SmithL0/2026/BIOL470/Final/Learning_Rig/bee_0408_1_fwd/cam1_2026-04-08_16-15-57.mp4,2247.0,211.0,2097,62,2397,360,0.51372343
2311,/Volumes/SmithL0/2026/BIOL470/Final/Learning_Rig/bee_0408_1_fwd/cam1_2026-04-08_16-15-57.mp4,1372.5,2185.5,1079,1851,1666,2520,0.80447906
2312,/Volumes/SmithL0/2026/BIOL470/Final/Learning_Rig/bee_0408_1_fwd/cam1_2026-04-08_16-15-57.mp4,1481.0,2044.0,1321,1855,1641,2233,0.7062594
2313,/Volumes/SmithL0/2026/BIOL470/Final/Learning_Rig/bee_0408_1_fwd/cam1_2026-04-08_16-15-57.mp4,2454.5,2747.5,2174,2458,2735,3037,0.65298885
2314,/Volumes/SmithL0/2026/BIOL470/Final/Learning_Rig/bee_0408_1_fwd/cam1_2026-04-08_16-15-57.mp4,2220.5,214.0,2025,59,2416,369,0.56662905
2315,/Volumes/SmithL0/2026/BIOL470/Final/Learning_Rig/bee_0408_1_fwd/cam1_2026-04-08_16-15-57.mp4,1351.5,2196.5,1050,1872,1653,2521,0.80938447
2316,/Volumes/SmithL0/2026/BIOL470/Final/Learning_Rig/bee_0408_1_fwd/cam1_2026-04-08_16-15-57.mp4,2456.5,2747.5,2180,2459,2733,3036,0.7009665
2317,/Volumes/SmithL0/2026/BIOL470/Final/Learning_Rig/bee_0408_1_fwd/cam1_2026-04-08_16-15-57.mp4,2221.5,214.5,2027,58,2416,371,0.53491193
2318,/Volumes/SmithL0/2026/BIOL470/Final/Learning_Rig/bee_0408_1_fwd/cam1_2026-04-08_16-15-57.mp4,1343.5,2215.0,1016,1913,1671,2517,0.8284459
2319,/Volumes/SmithL0/2026/BIOL470/Final/Learning_Rig/bee_0408_1_fwd/cam1_2026-04-08_16-15-57.mp4,2455.0,2748.0,2177,2459,2733,3037,0.6987989
2320,/Volumes/SmithL0/2026/BIOL470/Final/Learning_Rig/bee_0408_1_fwd/cam1_2026-04-08_16-15-57.mp4,2221.0,215.0,2026,59,2416,371,0.5100722
2321,/Volumes/SmithL0/2026/BIOL470/Final/Learning_Rig/bee_0408_1_fwd/cam1_2026-04-08_16-15-57.mp4,1270.0,2235.5,929,1977,1611,2494,0.8176752
2322,/Volumes/SmithL0/2026/BIOL470/Final/Learning_Rig/bee_0408_1_fwd/cam1_2026-04-08_16-15-57.mp4,2454.0,2749.0,2175,2461,2733,3037,0.6707096
2323,/Volumes/SmithL0/2026/BIOL470/Final/Learning_Rig/bee_0408_1_fwd/cam1_2026-04-08_16-15-57.mp4,1262.0,2232.5,919,1977,1605,2488,0.8127322
2324,/Volumes/SmithL0/2026/BIOL470/Final/Learning_Rig/bee_0408_1_fwd/cam1_2026-04-08_16-15-57.mp4,2453.5,2748.0,2174,2459,2733,3037,0.6855908
2325,/Volumes/SmithL0/2026/BIOL470/Final/Learning_Rig/bee_0408_1_fwd/cam1_2026-04-08_16-15-57.mp4,2220.0,215.0,2024,59,2416,371,0.50231063
2326,/Volumes/SmithL0/2026/BIOL470/Final/Learning_Rig/bee_0408_1_fwd/cam1_2026-04-08_16-15-57.mp4,1336.0,2230.5,977,1980,1695,2481,0.7944901
2327,/Volumes/SmithL0/2026/BIOL470/Final/Learning_Rig/bee_0408_1_fwd/cam1_2026-04-08_16-15-57.mp4,2459.5,2750.5,2192,2462,2727,3039,0.7200237
2328,/Volumes/SmithL0/2026/BIOL470/Final/Learning_Rig/bee_0408_1_fwd/cam1_2026-04-08_16-15-57.mp4,2242.5,213.5,2090,62,2395,365,0.5103429
2329,/Volumes/SmithL0/2026/BIOL470/Final/Learning_Rig/bee_0408_1_fwd/cam1_2026-04-08_16-15-57.mp4,1302.5,2218.5,918,1988,1687,2449,0.7969201
2330,/Volumes/SmithL0/2026/BIOL470/Final/Learning_Rig/bee_0408_1_fwd/cam1_2026-04-08_16-15-57.mp4,2455.0,2748.5,2177,2460,2733,3037,0.7148159
2331,/Volumes/SmithL0/2026/BIOL470/Final/Learning_Rig/bee_0408_1_fwd/cam1_2026-04-08_16-15-57.mp4,2242.0,212.0,2090,63,2394,361,0.52421355
2332,/Volumes/SmithL0/2026/BIOL470/Final/Learning_Rig/bee_0408_1_fwd/cam1_2026-04-08_16-15-57.mp4,1287.0,2188.0,919,1970,1655,2406,0.75923944
2333,/Volumes/SmithL0/2026/BIOL470/Final/Learning_Rig/bee_0408_1_fwd/cam1_2026-04-08_16-15-57.mp4,2459.0,2750.5,2191,2462,2727,3039,0.7188904
2334,/Volumes/SmithL0/2026/BIOL470/Final/Learning_Rig/bee_0408_1_fwd/cam1_2026-04-08_16-15-57.mp4,1232.5,2139.5,868,1886,1597,2393,0.77163327
2335,/Volumes/SmithL0/2026/BIOL470/Final/Learning_Rig/bee_0408_1_fwd/cam1_2026-04-08_16-15-57.mp4,2454.0,2747.0,2175,2457,2733,3037,0.67018163
2336,/Volumes/SmithL0/2026/BIOL470/Final/Learning_Rig/bee_0408_1_fwd/cam1_2026-04-08_16-15-57.mp4,2219.0,214.0,2023,59,2415,369,0.53445697
2337,/Volumes/SmithL0/2026/BIOL470/Final/Learning_Rig/bee_0408_1_fwd/cam1_2026-04-08_16-15-57.mp4,1248.5,2120.5,910,1851,1587,2390,0.7769917
2338,/Volumes/SmithL0/2026/BIOL470/Final/Learning_Rig/bee_0408_1_fwd/cam1_2026-04-08_16-15-57.mp4,2460.0,2750.0,2192,2460,2728,3040,0.73746985
2339,/Volumes/SmithL0/2026/BIOL470/Final/Learning_Rig/bee_0408_1_fwd/cam1_2026-04-08_16-15-57.mp4,2219.0,214.0,2023,59,2415,369,0.57588243
2340,/Volumes/SmithL0/2026/BIOL470/Final/Learning_Rig/bee_0408_1_fwd/cam1_2026-04-08_16-15-57.mp4,1250.5,2102.0,929,1806,1572,2398,0.7992546
2341,/Volumes/SmithL0/2026/BIOL470/Final/Learning_Rig/bee_0408_1_fwd/cam1_2026-04-08_16-15-57.mp4,2459.0,2751.0,2191,2463,2727,3039,0.74748415
2342,/Volumes/SmithL0/2026/BIOL470/Final/Learning_Rig/bee_0408_1_fwd/cam1_2026-04-08_16-15-57.mp4,2218.5,214.0,2020,59,2417,369,0.5434986
2343,/Volumes/SmithL0/2026/BIOL470/Final/Learning_Rig/bee_0408_1_fwd/cam1_2026-04-08_16-15-57.mp4,1207.5,1931.5,960,1615,1455,2248,0.8142421
2344,/Volumes/SmithL0/2026/BIOL470/Final/Learning_Rig/bee_0408_1_fwd/cam1_2026-04-08_16-15-57.mp4,2454.0,2748.5,2175,2460,2733,3037,0.7042369
2345,/Volumes/SmithL0/2026/BIOL470/Final/Learning_Rig/bee_0408_1_fwd/cam1_2026-04-08_16-15-57.mp4,1263.5,1840.0,937,1486,1590,2194,0.77360713
2346,/Volumes/SmithL0/2026/BIOL470/Final/Learning_Rig/bee_0408_1_fwd/cam1_2026-04-08_16-15-57.mp4,2455.0,2749.0,2178,2461,2732,3037,0.73317415
2347,/Volumes/SmithL0/2026/BIOL470/Final/Learning_Rig/bee_0408_1_fwd/cam1_2026-04-08_16-15-57.mp4,1143.5,1738.0,896,1391,1391,2085,0.7872328
2348,/Volumes/SmithL0/2026/BIOL470/Final/Learning_Rig/bee_0408_1_fwd/cam1_2026-04-08_16-15-57.mp4,2459.5,2752.0,2191,2464,2728,3040,0.73170996
2349,/Volumes/SmithL0/2026/BIOL470/Final/Learning_Rig/bee_0408_1_fwd/cam1_2026-04-08_16-15-57.mp4,2242.5,211.5,2087,61,2398,362,0.5891823
2350,/Volumes/SmithL0/2026/BIOL470/Final/Learning_Rig/bee_0408_1_fwd/cam1_2026-04-08_16-15-57.mp4,1157.5,1646.5,910,1310,1405,1983,0.79515284
2351,/Volumes/SmithL0/2026/BIOL470/Final/Learning_Rig/bee_0408_1_fwd/cam1_2026-04-08_16-15-57.mp4,2459.5,2751.0,2191,2462,2728,3040,0.75527245
2352,/Volumes/SmithL0/2026/BIOL470/Final/Learning_Rig/bee_0408_1_fwd/cam1_2026-04-08_16-15-57.mp4,1158.0,1753.5,902,1518,1414,1989,0.73988193
2353,/Volumes/SmithL0/2026/BIOL470/Final/Learning_Rig/bee_0408_1_fwd/cam1_2026-04-08_16-15-57.mp4,2242.0,211.5,2085,62,2399,361,0.58863664
2354,/Volumes/SmithL0/2026/BIOL470/Final/Learning_Rig/bee_0408_1_fwd/cam1_2026-04-08_16-15-57.mp4,1098.5,1401.5,847,1044,1350,1759,0.78449064
2355,/Volumes/SmithL0/2026/BIOL470/Final/Learning_Rig/bee_0408_1_fwd/cam1_2026-04-08_16-15-57.mp4,2459.0,2750.5,2191,2461,2727,3040,0.74911237
2356,/Volumes/SmithL0/2026/BIOL470/Final/Learning_Rig/bee_0408_1_fwd/cam1_2026-04-08_16-15-57.mp4,2219.5,214.0,2023,59,2416,369,0.5607775
2357,/Volumes/SmithL0/2026/BIOL470/Final/Learning_Rig/bee_0408_1_fwd/cam1_2026-04-08_16-15-57.mp4,1141.0,1297.0,879,939,1403,1655,0.7959632
2358,/Volumes/SmithL0/2026/BIOL470/Final/Learning_Rig/bee_0408_1_fwd/cam1_2026-04-08_16-15-57.mp4,2458.0,2749.0,2189,2458,2727,3040,0.7511193
2359,/Volumes/SmithL0/2026/BIOL470/Final/Learning_Rig/bee_0408_1_fwd/cam1_2026-04-08_16-15-57.mp4,2245.5,212.5,2093,61,2398,364,0.5381761
2360,/Volumes/SmithL0/2026/BIOL470/Final/Learning_Rig/bee_0408_1_fwd/cam1_2026-04-08_16-15-57.mp4,2458.5,2750.5,2189,2462,2728,3039,0.7332443
2361,/Volumes/SmithL0/2026/BIOL470/Final/Learning_Rig/bee_0408_1_fwd/cam1_2026-04-08_16-15-57.mp4,1158.5,1211.5,904,851,1413,1572,0.73237634
2362,/Volumes/SmithL0/2026/BIOL470/Final/Learning_Rig/bee_0408_1_fwd/cam1_2026-04-08_16-15-57.mp4,2219.0,214.0,2023,59,2415,369,0.52804565
2363,/Volumes/SmithL0/2026/BIOL470/Final/Learning_Rig/bee_0408_1_fwd/cam1_2026-04-08_16-15-57.mp4,1155.5,1140.0,909,789,1402,1491,0.73008186
2364,/Volumes/SmithL0/2026/BIOL470/Final/Learning_Rig/bee_0408_1_fwd/cam1_2026-04-08_16-15-57.mp4,2460.5,2752.5,2192,2465,2729,3040,0.72126794
2365,/Volumes/SmithL0/2026/BIOL470/Final/Learning_Rig/bee_0408_1_fwd/cam1_2026-04-08_16-15-57.mp4,1173.0,1140.0,1001,791,1345,1489,0.6928782
2366,/Volumes/SmithL0/2026/BIOL470/Final/Learning_Rig/bee_0408_1_fwd/cam1_2026-04-08_16-15-57.mp4,2220.0,214.0,2025,59,2415,369,0.59813786
2367,/Volumes/SmithL0/2026/BIOL470/Final/Learning_Rig/bee_0408_1_fwd/cam1_2026-04-08_16-15-57.mp4,2459.5,2751.5,2191,2463,2728,3040,0.75674397
2368,/Volumes/SmithL0/2026/BIOL470/Final/Learning_Rig/bee_0408_1_fwd/cam1_2026-04-08_16-15-57.mp4,1261.0,887.0,1103,703,1419,1071,0.6337562
2369,/Volumes/SmithL0/2026/BIOL470/Final/Learning_Rig/bee_0408_1_fwd/cam1_2026-04-08_16-15-57.mp4,1148.0,1106.0,908,782,1388,1430,0.63307494
2370,/Volumes/SmithL0/2026/BIOL470/Final/Learning_Rig/bee_0408_1_fwd/cam1_2026-04-08_16-15-57.mp4,1203.5,891.5,993,698,1414,1085,0.61243474
2371,/Volumes/SmithL0/2026/BIOL470/Final/Learning_Rig/bee_0408_1_fwd/cam1_2026-04-08_16-15-57.mp4,2221.5,214.0,2028,59,2415,369,0.55069715
2372,/Volumes/SmithL0/2026/BIOL470/Final/Learning_Rig/bee_0408_1_fwd/cam1_2026-04-08_16-15-57.mp4,2459.5,2751.0,2192,2462,2727,3040,0.75357866
2373,/Volumes/SmithL0/2026/BIOL470/Final/Learning_Rig/bee_0408_1_fwd/cam1_2026-04-08_16-15-57.mp4,1277.0,825.5,1129,645,1425,1006,0.6035771
2374,/Volumes/SmithL0/2026/BIOL470/Final/Learning_Rig/bee_0408_1_fwd/cam1_2026-04-08_16-15-57.mp4,1263.5,944.5,1099,640,1428,1249,0.58530915
2375,/Volumes/SmithL0/2026/BIOL470/Final/Learning_Rig/bee_0408_1_fwd/cam1_2026-04-08_16-15-57.mp4,2223.0,213.5,2030,59,2416,368,0.52931863
2376,/Volumes/SmithL0/2026/BIOL470/Final/Learning_Rig/bee_0408_1_fwd/cam1_2026-04-08_16-15-57.mp4,2459.0,2751.5,2192,2463,2726,3040,0.77772135
2377,/Volumes/SmithL0/2026/BIOL470/Final/Learning_Rig/bee_0408_1_fwd/cam1_2026-04-08_16-15-57.mp4,1279.0,737.0,982,367,1576,1107,0.77384824
2378,/Volumes/SmithL0/2026/BIOL470/Final/Learning_Rig/bee_0408_1_fwd/cam1_2026-04-08_16-15-57.mp4,2222.0,213.5,2029,59,2415,368,0.56408954
2379,/Volumes/SmithL0/2026/BIOL470/Final/Learning_Rig/bee_0408_1_fwd/cam1_2026-04-08_16-15-57.mp4,1290.0,608.5,1001,242,1579,975,0.7924885
2380,/Volumes/SmithL0/2026/BIOL470/Final/Learning_Rig/bee_0408_1_fwd/cam1_2026-04-08_16-15-57.mp4,2458.5,2752.0,2191,2464,2726,3040,0.77478635
2381,/Volumes/SmithL0/2026/BIOL470/Final/Learning_Rig/bee_0408_1_fwd/cam1_2026-04-08_16-15-57.mp4,1043.5,2929.5,728,2820,1359,3039,0.53981626
2382,/Volumes/SmithL0/2026/BIOL470/Final/Learning_Rig/bee_0408_1_fwd/cam1_2026-04-08_16-15-57.mp4,2221.5,214.0,2027,59,2416,369,0.53713304
2383,/Volumes/SmithL0/2026/BIOL470/Final/Learning_Rig/bee_0408_1_fwd/cam1_2026-04-08_16-15-57.mp4,2459.0,2752.5,2192,2465,2726,3040,0.78269535
2384,/Volumes/SmithL0/2026/BIOL470/Final/Learning_Rig/bee_0408_1_fwd/cam1_2026-04-08_16-15-57.mp4,1354.5,574.5,1087,188,1622,961,0.7651514
2385,/Volumes/SmithL0/2026/BIOL470/Final/Learning_Rig/bee_0408_1_fwd/cam1_2026-04-08_16-15-57.mp4,1422.0,567.0,1229,196,1615,938,0.7241037
2386,/Volumes/SmithL0/2026/BIOL470/Final/Learning_Rig/bee_0408_1_fwd/cam1_2026-04-08_16-15-57.mp4,1444.5,392.5,1276,201,1613,584,0.51438814
2387,/Volumes/SmithL0/2026/BIOL470/Final/Learning_Rig/bee_0408_1_fwd/cam1_2026-04-08_16-15-57.mp4,2459.5,2751.0,2192,2463,2727,3039,0.74974513
2388,/Volumes/SmithL0/2026/BIOL470/Final/Learning_Rig/bee_0408_1_fwd/cam1_2026-04-08_16-15-57.mp4,1364.0,575.5,1077,216,1651,935,0.74722356
2389,/Volumes/SmithL0/2026/BIOL470/Final/Learning_Rig/bee_0408_1_fwd/cam1_2026-04-08_16-15-57.mp4,1469.5,581.0,1297,225,1642,937,0.735239
2390,/Volumes/SmithL0/2026/BIOL470/Final/Learning_Rig/bee_0408_1_fwd/cam1_2026-04-08_16-15-57.mp4,1488.0,414.5,1341,223,1635,606,0.68391645
2391,/Volumes/SmithL0/2026/BIOL470/Final/Learning_Rig/bee_0408_1_fwd/cam1_2026-04-08_16-15-57.mp4,1356.5,556.5,1080,186,1633,927,0.6932939
2392,/Volumes/SmithL0/2026/BIOL470/Final/Learning_Rig/bee_0408_1_fwd/cam1_2026-04-08_16-15-57.mp4,2455.0,2748.0,2177,2460,2733,3036,0.6724167
2393,/Volumes/SmithL0/2026/BIOL470/Final/Learning_Rig/bee_0408_1_fwd/cam1_2026-04-08_16-15-57.mp4,1372.5,555.0,1101,169,1644,941,0.78448707
2394,/Volumes/SmithL0/2026/BIOL470/Final/Learning_Rig/bee_0408_1_fwd/cam1_2026-04-08_16-15-57.mp4,2459.5,2750.5,2192,2461,2727,3040,0.74676496
2395,/Volumes/SmithL0/2026/BIOL470/Final/Learning_Rig/bee_0408_1_fwd/cam1_2026-04-08_16-15-57.mp4,2215.5,215.0,2015,59,2416,371,0.5329122
2396,/Volumes/SmithL0/2026/BIOL470/Final/Learning_Rig/bee_0408_1_fwd/cam1_2026-04-08_16-15-57.mp4,2460.0,2750.5,2193,2462,2727,3039,0.77471983
2397,/Volumes/SmithL0/2026/BIOL470/Final/Learning_Rig/bee_0408_1_fwd/cam1_2026-04-08_16-15-57.mp4,1338.5,512.0,1071,132,1606,892,0.69872695
2398,/Volumes/SmithL0/2026/BIOL470/Final/Learning_Rig/bee_0408_1_fwd/cam1_2026-04-08_16-15-57.mp4,2459.0,2751.5,2192,2463,2726,3040,0.76649314
2399,/Volumes/SmithL0/2026/BIOL470/Final/Learning_Rig/bee_0408_1_fwd/cam1_2026-04-08_16-15-57.mp4,1341.0,509.5,1070,131,1612,888,0.7652204
2400,/Volumes/SmithL0/2026/BIOL470/Final/Learning_Rig/bee_0408_1_fwd/cam1_2026-04-08_16-15-57.mp4,1346.0,630.0,1081,362,1611,898,0.6436811
2401,/Volumes/SmithL0/2026/BIOL470/Final/Learning_Rig/bee_0408_1_fwd/cam1_2026-04-08_16-15-57.mp4,2217.5,215.5,2018,59,2417,372,0.52970093
2402,/Volumes/SmithL0/2026/BIOL470/Final/Learning_Rig/bee_0408_1_fwd/cam1_2026-04-08_16-15-57.mp4,1321.5,631.0,1026,239,1617,1023,0.79172325
2403,/Volumes/SmithL0/2026/BIOL470/Final/Learning_Rig/bee_0408_1_fwd/cam1_2026-04-08_16-15-57.mp4,2459.0,2752.5,2192,2465,2726,3040,0.76184374
2404,/Volumes/SmithL0/2026/BIOL470/Final/Learning_Rig/bee_0408_1_fwd/cam1_2026-04-08_16-15-57.mp4,1226.0,563.5,1042,242,1410,885,0.508971
2405,/Volumes/SmithL0/2026/BIOL470/Final/Learning_Rig/bee_0408_1_fwd/cam1_2026-04-08_16-15-57.mp4,1340.5,658.5,1021,283,1660,1034,0.7753626
2406,/Volumes/SmithL0/2026/BIOL470/Final/Learning_Rig/bee_0408_1_fwd/cam1_2026-04-08_16-15-57.mp4,2459.5,2753.5,2193,2467,2726,3040,0.7716805
2407,/Volumes/SmithL0/2026/BIOL470/Final/Learning_Rig/bee_0408_1_fwd/cam1_2026-04-08_16-15-57.mp4,2220.0,214.5,2024,59,2416,370,0.57489526
2408,/Volumes/SmithL0/2026/BIOL470/Final/Learning_Rig/bee_0408_1_fwd/cam1_2026-04-08_16-15-57.mp4,1346.5,675.5,1028,318,1665,1033,0.7951089
2409,/Volumes/SmithL0/2026/BIOL470/Final/Learning_Rig/bee_0408_1_fwd/cam1_2026-04-08_16-15-57.mp4,2458.5,2752.0,2191,2464,2726,3040,0.78230524
2410,/Volumes/SmithL0/2026/BIOL470/Final/Learning_Rig/bee_0408_1_fwd/cam1_2026-04-08_16-15-57.mp4,1468.5,480.0,1309,322,1628,638,0.6436668
2411,/Volumes/SmithL0/2026/BIOL470/Final/Learning_Rig/bee_0408_1_fwd/cam1_2026-04-08_16-15-57.mp4,2458.5,2751.5,2192,2464,2725,3039,0.78292996
2412,/Volumes/SmithL0/2026/BIOL470/Final/Learning_Rig/bee_0408_1_fwd/cam1_2026-04-08_16-15-57.mp4,1372.5,651.0,1065,306,1680,996,0.7409892
2413,/Volumes/SmithL0/2026/BIOL470/Final/Learning_Rig/bee_0408_1_fwd/cam1_2026-04-08_16-15-57.mp4,1419.5,634.5,1090,301,1749,968,0.7632876
2414,/Volumes/SmithL0/2026/BIOL470/Final/Learning_Rig/bee_0408_1_fwd/cam1_2026-04-08_16-15-57.mp4,2459.0,2751.5,2192,2464,2726,3039,0.7579276
2415,/Volumes/SmithL0/2026/BIOL470/Final/Learning_Rig/bee_0408_1_fwd/cam1_2026-04-08_16-15-57.mp4,2243.5,214.5,2091,61,2396,368,0.5115907
2416,/Volumes/SmithL0/2026/BIOL470/Final/Learning_Rig/bee_0408_1_fwd/cam1_2026-04-08_16-15-57.mp4,1465.5,630.5,1132,293,1799,968,0.801521
2417,/Volumes/SmithL0/2026/BIOL470/Final/Learning_Rig/bee_0408_1_fwd/cam1_2026-04-08_16-15-57.mp4,2459.5,2751.0,2193,2463,2726,3039,0.755883
2418,/Volumes/SmithL0/2026/BIOL470/Final/Learning_Rig/bee_0408_1_fwd/cam1_2026-04-08_16-15-57.mp4,1598.0,441.0,1451,311,1745,571,0.68963736
2419,/Volumes/SmithL0/2026/BIOL470/Final/Learning_Rig/bee_0408_1_fwd/cam1_2026-04-08_16-15-57.mp4,2222.0,216.5,2026,59,2418,374,0.5236356
2420,/Volumes/SmithL0/2026/BIOL470/Final/Learning_Rig/bee_0408_1_fwd/cam1_2026-04-08_16-15-57.mp4,1534.0,652.5,1166,271,1902,1034,0.8310431
2421,/Volumes/SmithL0/2026/BIOL470/Final/Learning_Rig/bee_0408_1_fwd/cam1_2026-04-08_16-15-57.mp4,2460.0,2751.0,2193,2462,2727,3040,0.7535859
2422,/Volumes/SmithL0/2026/BIOL470/Final/Learning_Rig/bee_0408_1_fwd/cam1_2026-04-08_16-15-57.mp4,2223.0,215.5,2030,59,2416,372,0.6097013
2423,/Volumes/SmithL0/2026/BIOL470/Final/Learning_Rig/bee_0408_1_fwd/cam1_2026-04-08_16-15-57.mp4,1595.5,583.0,1193,275,1998,891,0.77648205
2424,/Volumes/SmithL0/2026/BIOL470/Final/Learning_Rig/bee_0408_1_fwd/cam1_2026-04-08_16-15-57.mp4,2459.5,2751.0,2193,2462,2726,3040,0.7526026
2425,/Volumes/SmithL0/2026/BIOL470/Final/Learning_Rig/bee_0408_1_fwd/cam1_2026-04-08_16-15-57.mp4,1818.5,496.5,1661,350,1976,643,0.5991194
2426,/Volumes/SmithL0/2026/BIOL470/Final/Learning_Rig/bee_0408_1_fwd/cam1_2026-04-08_16-15-57.mp4,2458.0,2751.0,2191,2463,2725,3039,0.7725592
2427,/Volumes/SmithL0/2026/BIOL470/Final/Learning_Rig/bee_0408_1_fwd/cam1_2026-04-08_16-15-57.mp4,1858.0,475.0,1573,290,2143,660,0.71603954
2428,/Volumes/SmithL0/2026/BIOL470/Final/Learning_Rig/bee_0408_1_fwd/cam1_2026-04-08_16-15-57.mp4,1741.5,413.0,1328,163,2155,663,0.6931527
2429,/Volumes/SmithL0/2026/BIOL470/Final/Learning_Rig/bee_0408_1_fwd/cam1_2026-04-08_16-15-57.mp4,1615.5,635.5,1330,276,1901,995,0.58357483
2430,/Volumes/SmithL0/2026/BIOL470/Final/Learning_Rig/bee_0408_1_fwd/cam1_2026-04-08_16-15-57.mp4,1961.5,503.5,1773,351,2150,656,0.52539784
2431,/Volumes/SmithL0/2026/BIOL470/Final/Learning_Rig/bee_0408_1_fwd/cam1_2026-04-08_16-15-57.mp4,1821.0,527.5,1433,235,2209,820,0.7844093
2432,/Volumes/SmithL0/2026/BIOL470/Final/Learning_Rig/bee_0408_1_fwd/cam1_2026-04-08_16-15-57.mp4,2459.0,2751.5,2191,2464,2727,3039,0.76168984
2433,/Volumes/SmithL0/2026/BIOL470/Final/Learning_Rig/bee_0408_1_fwd/cam1_2026-04-08_16-15-57.mp4,2059.0,378.0,1912,230,2206,526,0.6687007
2434,/Volumes/SmithL0/2026/BIOL470/Final/Learning_Rig/bee_0408_1_fwd/cam1_2026-04-08_16-15-57.mp4,2059.5,449.0,1909,230,2210,668,0.6489849
2435,/Volumes/SmithL0/2026/BIOL470/Final/Learning_Rig/bee_0408_1_fwd/cam1_2026-04-08_16-15-57.mp4,1826.0,556.5,1443,250,2209,863,0.794982
2436,/Volumes/SmithL0/2026/BIOL470/Final/Learning_Rig/bee_0408_1_fwd/cam1_2026-04-08_16-15-57.mp4,2459.0,2753.0,2192,2466,2726,3040,0.7599902
2437,/Volumes/SmithL0/2026/BIOL470/Final/Learning_Rig/bee_0408_1_fwd/cam1_2026-04-08_16-15-57.mp4,2052.5,474.5,1912,282,2193,667,0.6771528
2438,/Volumes/SmithL0/2026/BIOL470/Final/Learning_Rig/bee_0408_1_fwd/cam1_2026-04-08_16-15-57.mp4,2011.0,426.0,1872,284,2150,568,0.8008545
2439,/Volumes/SmithL0/2026/BIOL470/Final/Learning_Rig/bee_0408_1_fwd/cam1_2026-04-08_16-15-57.mp4,1803.5,539.0,1418,250,2189,828,0.8006106
2440,/Volumes/SmithL0/2026/BIOL470/Final/Learning_Rig/bee_0408_1_fwd/cam1_2026-04-08_16-15-57.mp4,2459.5,2752.0,2192,2464,2727,3040,0.7687595
2441,/Volumes/SmithL0/2026/BIOL470/Final/Learning_Rig/bee_0408_1_fwd/cam1_2026-04-08_16-15-57.mp4,1800.0,563.5,1425,241,2175,886,0.7970033
2442,/Volumes/SmithL0/2026/BIOL470/Final/Learning_Rig/bee_0408_1_fwd/cam1_2026-04-08_16-15-57.mp4,2456.0,2751.0,2177,2465,2735,3037,0.74356455
2443,/Volumes/SmithL0/2026/BIOL470/Final/Learning_Rig/bee_0408_1_fwd/cam1_2026-04-08_16-15-57.mp4,2458.5,2752.5,2191,2465,2726,3040,0.76656383
2444,/Volumes/SmithL0/2026/BIOL470/Final/Learning_Rig/bee_0408_1_fwd/cam1_2026-04-08_16-15-57.mp4,1774.5,618.5,1351,264,2198,973,0.71468145
2445,/Volumes/SmithL0/2026/BIOL470/Final/Learning_Rig/bee_0408_1_fwd/cam1_2026-04-08_16-15-57.mp4,1994.0,483.0,1824,331,2164,635,0.64522177
2446,/Volumes/SmithL0/2026/BIOL470/Final/Learning_Rig/bee_0408_1_fwd/cam1_2026-04-08_16-15-57.mp4,2458.5,2752.5,2191,2466,2726,3039,0.78458685
2447,/Volumes/SmithL0/2026/BIOL470/Final/Learning_Rig/bee_0408_1_fwd/cam1_2026-04-08_16-15-57.mp4,1701.0,597.5,1381,310,2021,885,0.74757755
2448,/Volumes/SmithL0/2026/BIOL470/Final/Learning_Rig/bee_0408_1_fwd/cam1_2026-04-08_16-15-57.mp4,1615.0,617.0,1382,316,1848,918,0.73320997
2449,/Volumes/SmithL0/2026/BIOL470/Final/Learning_Rig/bee_0408_1_fwd/cam1_2026-04-08_16-15-57.mp4,2015.0,602.5,1866,443,2164,762,0.6444011
2450,/Volumes/SmithL0/2026/BIOL470/Final/Learning_Rig/bee_0408_1_fwd/cam1_2026-04-08_16-15-57.mp4,2455.0,2748.5,2178,2460,2732,3037,0.74333483
2451,/Volumes/SmithL0/2026/BIOL470/Final/Learning_Rig/bee_0408_1_fwd/cam1_2026-04-08_16-15-57.mp4,2017.0,535.0,1846,372,2188,698,0.7058685
2452,/Volumes/SmithL0/2026/BIOL470/Final/Learning_Rig/bee_0408_1_fwd/cam1_2026-04-08_16-15-57.mp4,1692.0,589.0,1431,277,1953,901,0.6349744
2453,/Volumes/SmithL0/2026/BIOL470/Final/Learning_Rig/bee_0408_1_fwd/cam1_2026-04-08_16-15-57.mp4,1766.5,515.0,1452,260,2081,770,0.7964146
2454,/Volumes/SmithL0/2026/BIOL470/Final/Learning_Rig/bee_0408_1_fwd/cam1_2026-04-08_16-15-57.mp4,2458.5,2751.0,2191,2462,2726,3040,0.7824771
2455,/Volumes/SmithL0/2026/BIOL470/Final/Learning_Rig/bee_0408_1_fwd/cam1_2026-04-08_16-15-57.mp4,2458.5,2751.0,2192,2462,2725,3040,0.78886557
2456,/Volumes/SmithL0/2026/BIOL470/Final/Learning_Rig/bee_0408_1_fwd/cam1_2026-04-08_16-15-57.mp4,1851.0,500.5,1455,229,2247,772,0.7785813
2457,/Volumes/SmithL0/2026/BIOL470/Final/Learning_Rig/bee_0408_1_fwd/cam1_2026-04-08_16-15-57.mp4,2457.5,2751.5,2191,2464,2724,3039,0.79655176
2458,/Volumes/SmithL0/2026/BIOL470/Final/Learning_Rig/bee_0408_1_fwd/cam1_2026-04-08_16-15-57.mp4,1838.0,516.0,1448,239,2228,793,0.7616181
