,filepath,x_centroid,y_centroid,x_min,y_min,x_max,y_max,detection_confidence
0,/Volumes/SmithL0/2026/BIOL470/Final/Learning_Rig/bee_0408_3/rev/cam1_2026-04-08_18-45-06.mp4,1726.5,1517.0,1356,1236,2097,1798,0.78944445
1,/Volumes/SmithL0/2026/BIOL470/Final/Learning_Rig/bee_0408_3/rev/cam1_2026-04-08_18-45-06.mp4,1727.0,1521.5,1354,1234,2100,1809,0.7913785
2,/Volumes/SmithL0/2026/BIOL470/Final/Learning_Rig/bee_0408_3/rev/cam1_2026-04-08_18-45-06.mp4,1730.0,1520.0,1356,1235,2104,1805,0.79223675
3,/Volumes/SmithL0/2026/BIOL470/Final/Learning_Rig/bee_0408_3/rev/cam1_2026-04-08_18-45-06.mp4,1725.5,1520.5,1354,1236,2097,1805,0.7938761
4,/Volumes/SmithL0/2026/BIOL470/Final/Learning_Rig/bee_0408_3/rev/cam1_2026-04-08_18-45-06.mp4,1724.5,1520.0,1353,1235,2096,1805,0.7944409
5,/Volumes/SmithL0/2026/BIOL470/Final/Learning_Rig/bee_0408_3/rev/cam1_2026-04-08_18-45-06.mp4,1723.0,1520.0,1350,1237,2096,1803,0.79432887
6,/Volumes/SmithL0/2026/BIOL470/Final/Learning_Rig/bee_0408_3/rev/cam1_2026-04-08_18-45-06.mp4,1727.5,1518.0,1356,1234,2099,1802,0.79358906
7,/Volumes/SmithL0/2026/BIOL470/Final/Learning_Rig/bee_0408_3/rev/cam1_2026-04-08_18-45-06.mp4,1733.5,1518.0,1362,1234,2105,1802,0.79781324
8,/Volumes/SmithL0/2026/BIOL470/Final/Learning_Rig/bee_0408_3/rev/cam1_2026-04-08_18-45-06.mp4,1736.5,1517.5,1376,1234,2097,1801,0.79682094
9,/Volumes/SmithL0/2026/BIOL470/Final/Learning_Rig/bee_0408_3/rev/cam1_2026-04-08_18-45-06.mp4,1734.5,1517.5,1375,1234,2094,1801,0.7959617
10,/Volumes/SmithL0/2026/BIOL470/Final/Learning_Rig/bee_0408_3/rev/cam1_2026-04-08_18-45-06.mp4,1739.5,1518.0,1382,1234,2097,1802,0.7930604
11,/Volumes/SmithL0/2026/BIOL470/Final/Learning_Rig/bee_0408_3/rev/cam1_2026-04-08_18-45-06.mp4,1744.0,1528.0,1392,1251,2096,1805,0.78828526
12,/Volumes/SmithL0/2026/BIOL470/Final/Learning_Rig/bee_0408_3/rev/cam1_2026-04-08_18-45-06.mp4,1746.0,1529.0,1394,1253,2098,1805,0.7812598
13,/Volumes/SmithL0/2026/BIOL470/Final/Learning_Rig/bee_0408_3/rev/cam1_2026-04-08_18-45-06.mp4,1738.0,1527.0,1382,1247,2094,1807,0.7920549
14,/Volumes/SmithL0/2026/BIOL470/Final/Learning_Rig/bee_0408_3/rev/cam1_2026-04-08_18-45-06.mp4,1739.5,1530.0,1385,1252,2094,1808,0.786952
15,/Volumes/SmithL0/2026/BIOL470/Final/Learning_Rig/bee_0408_3/rev/cam1_2026-04-08_18-45-06.mp4,1743.5,1531.0,1398,1255,2089,1807,0.78839684
16,/Volumes/SmithL0/2026/BIOL470/Final/Learning_Rig/bee_0408_3/rev/cam1_2026-04-08_18-45-06.mp4,1749.5,1535.0,1402,1259,2097,1811,0.78120714
17,/Volumes/SmithL0/2026/BIOL470/Final/Learning_Rig/bee_0408_3/rev/cam1_2026-04-08_18-45-06.mp4,1754.5,1522.0,1406,1254,2103,1790,0.7785889
18,/Volumes/SmithL0/2026/BIOL470/Final/Learning_Rig/bee_0408_3/rev/cam1_2026-04-08_18-45-06.mp4,1752.0,1536.5,1400,1249,2104,1824,0.79490334
19,/Volumes/SmithL0/2026/BIOL470/Final/Learning_Rig/bee_0408_3/rev/cam1_2026-04-08_18-45-06.mp4,1765.0,1532.0,1430,1257,2100,1807,0.79441047
20,/Volumes/SmithL0/2026/BIOL470/Final/Learning_Rig/bee_0408_3/rev/cam1_2026-04-08_18-45-06.mp4,1764.0,1546.5,1426,1251,2102,1842,0.79867727
21,/Volumes/SmithL0/2026/BIOL470/Final/Learning_Rig/bee_0408_3/rev/cam1_2026-04-08_18-45-06.mp4,1762.5,1548.5,1424,1251,2101,1846,0.8033579
22,/Volumes/SmithL0/2026/BIOL470/Final/Learning_Rig/bee_0408_3/rev/cam1_2026-04-08_18-45-06.mp4,1766.5,1538.5,1436,1254,2097,1823,0.8020051
23,/Volumes/SmithL0/2026/BIOL470/Final/Learning_Rig/bee_0408_3/rev/cam1_2026-04-08_18-45-06.mp4,1765.5,1547.5,1430,1251,2101,1844,0.8008589
24,/Volumes/SmithL0/2026/BIOL470/Final/Learning_Rig/bee_0408_3/rev/cam1_2026-04-08_18-45-06.mp4,1769.0,1546.5,1437,1250,2101,1843,0.8015167
25,/Volumes/SmithL0/2026/BIOL470/Final/Learning_Rig/bee_0408_3/rev/cam1_2026-04-08_18-45-06.mp4,1803.5,1538.5,1504,1257,2103,1820,0.80697536
26,/Volumes/SmithL0/2026/BIOL470/Final/Learning_Rig/bee_0408_3/rev/cam1_2026-04-08_18-45-06.mp4,1806.0,1539.5,1503,1259,2109,1820,0.8049486
27,/Volumes/SmithL0/2026/BIOL470/Final/Learning_Rig/bee_0408_3/rev/cam1_2026-04-08_18-45-06.mp4,1804.5,1540.0,1500,1261,2109,1819,0.80304325
28,/Volumes/SmithL0/2026/BIOL470/Final/Learning_Rig/bee_0408_3/rev/cam1_2026-04-08_18-45-06.mp4,1805.5,1540.0,1500,1261,2111,1819,0.80364186
29,/Volumes/SmithL0/2026/BIOL470/Final/Learning_Rig/bee_0408_3/rev/cam1_2026-04-08_18-45-06.mp4,1780.0,1546.0,1455,1251,2105,1841,0.7978026
30,/Volumes/SmithL0/2026/BIOL470/Final/Learning_Rig/bee_0408_3/rev/cam1_2026-04-08_18-45-06.mp4,1793.0,1537.0,1485,1256,2101,1818,0.80339324
31,/Volumes/SmithL0/2026/BIOL470/Final/Learning_Rig/bee_0408_3/rev/cam1_2026-04-08_18-45-06.mp4,1804.0,1541.5,1500,1258,2108,1825,0.8044321
32,/Volumes/SmithL0/2026/BIOL470/Final/Learning_Rig/bee_0408_3/rev/cam1_2026-04-08_18-45-06.mp4,1805.0,1543.5,1501,1259,2109,1828,0.80168927
33,/Volumes/SmithL0/2026/BIOL470/Final/Learning_Rig/bee_0408_3/rev/cam1_2026-04-08_18-45-06.mp4,1787.5,1549.0,1465,1250,2110,1848,0.8012875
34,/Volumes/SmithL0/2026/BIOL470/Final/Learning_Rig/bee_0408_3/rev/cam1_2026-04-08_18-45-06.mp4,1782.5,1548.5,1455,1249,2110,1848,0.8002655
35,/Volumes/SmithL0/2026/BIOL470/Final/Learning_Rig/bee_0408_3/rev/cam1_2026-04-08_18-45-06.mp4,1781.5,1550.5,1453,1252,2110,1849,0.7992089
36,/Volumes/SmithL0/2026/BIOL470/Final/Learning_Rig/bee_0408_3/rev/cam1_2026-04-08_18-45-06.mp4,1784.5,1556.5,1466,1245,2103,1868,0.8098589
37,/Volumes/SmithL0/2026/BIOL470/Final/Learning_Rig/bee_0408_3/rev/cam1_2026-04-08_18-45-06.mp4,1785.5,1541.0,1469,1213,2102,1869,0.8295084
38,/Volumes/SmithL0/2026/BIOL470/Final/Learning_Rig/bee_0408_3/rev/cam1_2026-04-08_18-45-06.mp4,1778.0,1551.0,1470,1236,2086,1866,0.81409734
39,/Volumes/SmithL0/2026/BIOL470/Final/Learning_Rig/bee_0408_3/rev/cam1_2026-04-08_18-45-06.mp4,1779.0,1499.5,1474,1162,2084,1837,0.79367846
40,/Volumes/SmithL0/2026/BIOL470/Final/Learning_Rig/bee_0408_3/rev/cam1_2026-04-08_18-45-06.mp4,1754.0,1482.5,1451,1135,2057,1830,0.81168205
41,/Volumes/SmithL0/2026/BIOL470/Final/Learning_Rig/bee_0408_3/rev/cam1_2026-04-08_18-45-06.mp4,1751.0,1436.0,1443,1081,2059,1791,0.84502995
42,/Volumes/SmithL0/2026/BIOL470/Final/Learning_Rig/bee_0408_3/rev/cam1_2026-04-08_18-45-06.mp4,1708.0,1386.0,1403,1044,2013,1728,0.82182944
43,/Volumes/SmithL0/2026/BIOL470/Final/Learning_Rig/bee_0408_3/rev/cam1_2026-04-08_18-45-06.mp4,1706.0,1356.0,1397,1013,2015,1699,0.8465429
44,/Volumes/SmithL0/2026/BIOL470/Final/Learning_Rig/bee_0408_3/rev/cam1_2026-04-08_18-45-06.mp4,1704.0,1294.0,1403,943,2005,1645,0.8338364
45,/Volumes/SmithL0/2026/BIOL470/Final/Learning_Rig/bee_0408_3/rev/cam1_2026-04-08_18-45-06.mp4,1694.5,1284.0,1399,944,1990,1624,0.8041216
46,/Volumes/SmithL0/2026/BIOL470/Final/Learning_Rig/bee_0408_3/rev/cam1_2026-04-08_18-45-06.mp4,1681.0,1235.0,1401,884,1961,1586,0.8352277
47,/Volumes/SmithL0/2026/BIOL470/Final/Learning_Rig/bee_0408_3/rev/cam1_2026-04-08_18-45-06.mp4,1662.0,1219.5,1364,862,1960,1577,0.8430939
48,/Volumes/SmithL0/2026/BIOL470/Final/Learning_Rig/bee_0408_3/rev/cam1_2026-04-08_18-45-06.mp4,1616.5,1199.0,1315,846,1918,1552,0.85229146
49,/Volumes/SmithL0/2026/BIOL470/Final/Learning_Rig/bee_0408_3/rev/cam1_2026-04-08_18-45-06.mp4,1617.5,1182.5,1321,835,1914,1530,0.8237347
50,/Volumes/SmithL0/2026/BIOL470/Final/Learning_Rig/bee_0408_3/rev/cam1_2026-04-08_18-45-06.mp4,1611.0,1158.0,1322,807,1900,1509,0.83417857
51,/Volumes/SmithL0/2026/BIOL470/Final/Learning_Rig/bee_0408_3/rev/cam1_2026-04-08_18-45-06.mp4,1603.5,1136.0,1306,775,1901,1497,0.8377343
52,/Volumes/SmithL0/2026/BIOL470/Final/Learning_Rig/bee_0408_3/rev/cam1_2026-04-08_18-45-06.mp4,1594.0,1125.5,1312,760,1876,1491,0.8361659
53,/Volumes/SmithL0/2026/BIOL470/Final/Learning_Rig/bee_0408_3/rev/cam1_2026-04-08_18-45-06.mp4,1584.5,1110.5,1293,742,1876,1479,0.8313838
54,/Volumes/SmithL0/2026/BIOL470/Final/Learning_Rig/bee_0408_3/rev/cam1_2026-04-08_18-45-06.mp4,1570.5,1087.5,1276,724,1865,1451,0.8295123
55,/Volumes/SmithL0/2026/BIOL470/Final/Learning_Rig/bee_0408_3/rev/cam1_2026-04-08_18-45-06.mp4,1565.0,1072.5,1272,698,1858,1447,0.83123744
56,/Volumes/SmithL0/2026/BIOL470/Final/Learning_Rig/bee_0408_3/rev/cam1_2026-04-08_18-45-06.mp4,1534.0,1037.0,1258,669,1810,1405,0.84671384
57,/Volumes/SmithL0/2026/BIOL470/Final/Learning_Rig/bee_0408_3/rev/cam1_2026-04-08_18-45-06.mp4,1519.0,969.5,1238,641,1800,1298,0.8578528
58,/Volumes/SmithL0/2026/BIOL470/Final/Learning_Rig/bee_0408_3/rev/cam1_2026-04-08_18-45-06.mp4,1521.0,960.5,1217,639,1825,1282,0.8271076
59,/Volumes/SmithL0/2026/BIOL470/Final/Learning_Rig/bee_0408_3/rev/cam1_2026-04-08_18-45-06.mp4,1514.0,943.5,1202,613,1826,1274,0.81502295
60,/Volumes/SmithL0/2026/BIOL470/Final/Learning_Rig/bee_0408_3/rev/cam1_2026-04-08_18-45-06.mp4,1491.0,898.0,1159,570,1823,1226,0.82501096
61,/Volumes/SmithL0/2026/BIOL470/Final/Learning_Rig/bee_0408_3/rev/cam1_2026-04-08_18-45-06.mp4,1439.0,837.5,1137,489,1741,1186,0.84357595
62,/Volumes/SmithL0/2026/BIOL470/Final/Learning_Rig/bee_0408_3/rev/cam1_2026-04-08_18-45-06.mp4,1428.0,779.0,1080,448,1776,1110,0.82532984
63,/Volumes/SmithL0/2026/BIOL470/Final/Learning_Rig/bee_0408_3/rev/cam1_2026-04-08_18-45-06.mp4,1332.5,704.5,1020,372,1645,1037,0.8514657
64,/Volumes/SmithL0/2026/BIOL470/Final/Learning_Rig/bee_0408_3/rev/cam1_2026-04-08_18-45-06.mp4,1261.5,648.5,902,334,1621,963,0.8062272
65,/Volumes/SmithL0/2026/BIOL470/Final/Learning_Rig/bee_0408_3/rev/cam1_2026-04-08_18-45-06.mp4,1249.0,582.5,899,254,1599,911,0.7964358
66,/Volumes/SmithL0/2026/BIOL470/Final/Learning_Rig/bee_0408_3/rev/cam1_2026-04-08_18-45-06.mp4,1240.0,580.0,890,245,1590,915,0.80873847
67,/Volumes/SmithL0/2026/BIOL470/Final/Learning_Rig/bee_0408_3/rev/cam1_2026-04-08_18-45-06.mp4,1198.0,573.5,854,234,1542,913,0.813371
68,/Volumes/SmithL0/2026/BIOL470/Final/Learning_Rig/bee_0408_3/rev/cam1_2026-04-08_18-45-06.mp4,1187.0,578.5,835,267,1539,890,0.8070603
69,/Volumes/SmithL0/2026/BIOL470/Final/Learning_Rig/bee_0408_3/rev/cam1_2026-04-08_18-45-06.mp4,1189.0,577.0,829,264,1549,890,0.8060719
70,/Volumes/SmithL0/2026/BIOL470/Final/Learning_Rig/bee_0408_3/rev/cam1_2026-04-08_18-45-06.mp4,1207.0,581.5,851,267,1563,896,0.8034875
71,/Volumes/SmithL0/2026/BIOL470/Final/Learning_Rig/bee_0408_3/rev/cam1_2026-04-08_18-45-06.mp4,1234.5,590.5,907,291,1562,890,0.81624484
72,/Volumes/SmithL0/2026/BIOL470/Final/Learning_Rig/bee_0408_3/rev/cam1_2026-04-08_18-45-06.mp4,1204.5,556.0,851,256,1558,856,0.8078112
73,/Volumes/SmithL0/2026/BIOL470/Final/Learning_Rig/bee_0408_3/rev/cam1_2026-04-08_18-45-06.mp4,1195.5,486.5,833,139,1558,834,0.8279564
74,/Volumes/SmithL0/2026/BIOL470/Final/Learning_Rig/bee_0408_3/rev/cam1_2026-04-08_18-45-06.mp4,1112.5,453.5,749,105,1476,802,0.7747754
75,/Volumes/SmithL0/2026/BIOL470/Final/Learning_Rig/bee_0408_3/rev/cam1_2026-04-08_18-45-06.mp4,1102.0,435.0,758,72,1446,798,0.7626236
76,/Volumes/SmithL0/2026/BIOL470/Final/Learning_Rig/bee_0408_3/rev/cam1_2026-04-08_18-45-06.mp4,1162.0,415.5,734,39,1590,792,0.80862737
77,/Volumes/SmithL0/2026/BIOL470/Final/Learning_Rig/bee_0408_3/rev/cam1_2026-04-08_18-45-06.mp4,1169.0,408.5,753,29,1585,788,0.8002481
78,/Volumes/SmithL0/2026/BIOL470/Final/Learning_Rig/bee_0408_3/rev/cam1_2026-04-08_18-45-06.mp4,1173.0,407.5,762,30,1584,785,0.8095515
79,/Volumes/SmithL0/2026/BIOL470/Final/Learning_Rig/bee_0408_3/rev/cam1_2026-04-08_18-45-06.mp4,1178.5,409.0,773,38,1584,780,0.79732144
80,/Volumes/SmithL0/2026/BIOL470/Final/Learning_Rig/bee_0408_3/rev/cam1_2026-04-08_18-45-06.mp4,1185.5,422.0,807,61,1564,783,0.7956489
81,/Volumes/SmithL0/2026/BIOL470/Final/Learning_Rig/bee_0408_3/rev/cam1_2026-04-08_18-45-06.mp4,1293.5,415.0,1025,41,1562,789,0.75369346
82,/Volumes/SmithL0/2026/BIOL470/Final/Learning_Rig/bee_0408_3/rev/cam1_2026-04-08_18-45-06.mp4,1192.5,422.0,832,60,1553,784,0.80769664
83,/Volumes/SmithL0/2026/BIOL470/Final/Learning_Rig/bee_0408_3/rev/cam1_2026-04-08_18-45-06.mp4,1299.5,431.0,1047,69,1552,793,0.7317017
84,/Volumes/SmithL0/2026/BIOL470/Final/Learning_Rig/bee_0408_3/rev/cam1_2026-04-08_18-45-06.mp4,1162.5,431.0,767,68,1558,794,0.79183716
85,/Volumes/SmithL0/2026/BIOL470/Final/Learning_Rig/bee_0408_3/rev/cam1_2026-04-08_18-45-06.mp4,1285.5,434.5,1029,80,1542,789,0.5904713
86,/Volumes/SmithL0/2026/BIOL470/Final/Learning_Rig/bee_0408_3/rev/cam1_2026-04-08_18-45-06.mp4,1187.0,423.0,817,40,1557,806,0.82442015
87,/Volumes/SmithL0/2026/BIOL470/Final/Learning_Rig/bee_0408_3/rev/cam1_2026-04-08_18-45-06.mp4,1169.5,444.0,777,72,1562,816,0.79615194
88,/Volumes/SmithL0/2026/BIOL470/Final/Learning_Rig/bee_0408_3/rev/cam1_2026-04-08_18-45-06.mp4,1153.5,442.5,750,67,1557,818,0.7686514
89,/Volumes/SmithL0/2026/BIOL470/Final/Learning_Rig/bee_0408_3/rev/cam1_2026-04-08_18-45-06.mp4,1289.5,445.0,1043,78,1536,812,0.67408377
90,/Volumes/SmithL0/2026/BIOL470/Final/Learning_Rig/bee_0408_3/rev/cam1_2026-04-08_18-45-06.mp4,1167.0,453.0,768,76,1566,830,0.78068686
91,/Volumes/SmithL0/2026/BIOL470/Final/Learning_Rig/bee_0408_3/rev/cam1_2026-04-08_18-45-06.mp4,1190.0,469.0,817,103,1563,835,0.8017464
92,/Volumes/SmithL0/2026/BIOL470/Final/Learning_Rig/bee_0408_3/rev/cam1_2026-04-08_18-45-06.mp4,1195.0,479.0,828,125,1562,833,0.8043538
93,/Volumes/SmithL0/2026/BIOL470/Final/Learning_Rig/bee_0408_3/rev/cam1_2026-04-08_18-45-06.mp4,1194.5,479.5,827,122,1562,837,0.80731785
94,/Volumes/SmithL0/2026/BIOL470/Final/Learning_Rig/bee_0408_3/rev/cam1_2026-04-08_18-45-06.mp4,1198.0,480.0,830,121,1566,839,0.8042445
95,/Volumes/SmithL0/2026/BIOL470/Final/Learning_Rig/bee_0408_3/rev/cam1_2026-04-08_18-45-06.mp4,1207.0,476.0,849,114,1565,838,0.8120217
96,/Volumes/SmithL0/2026/BIOL470/Final/Learning_Rig/bee_0408_3/rev/cam1_2026-04-08_18-45-06.mp4,1208.5,474.0,847,110,1570,838,0.81429845
97,/Volumes/SmithL0/2026/BIOL470/Final/Learning_Rig/bee_0408_3/rev/cam1_2026-04-08_18-45-06.mp4,1245.5,528.5,912,220,1579,837,0.808315
98,/Volumes/SmithL0/2026/BIOL470/Final/Learning_Rig/bee_0408_3/rev/cam1_2026-04-08_18-45-06.mp4,1249.5,518.0,911,198,1588,838,0.81672305
99,/Volumes/SmithL0/2026/BIOL470/Final/Learning_Rig/bee_0408_3/rev/cam1_2026-04-08_18-45-06.mp4,1255.5,536.0,913,239,1598,833,0.80578965
100,/Volumes/SmithL0/2026/BIOL470/Final/Learning_Rig/bee_0408_3/rev/cam1_2026-04-08_18-45-06.mp4,1275.0,541.5,901,274,1649,809,0.784238
101,/Volumes/SmithL0/2026/BIOL470/Final/Learning_Rig/bee_0408_3/rev/cam1_2026-04-08_18-45-06.mp4,1290.5,526.0,920,242,1661,810,0.7802728
102,/Volumes/SmithL0/2026/BIOL470/Final/Learning_Rig/bee_0408_3/rev/cam1_2026-04-08_18-45-06.mp4,1285.0,522.5,908,231,1662,814,0.75906676
103,/Volumes/SmithL0/2026/BIOL470/Final/Learning_Rig/bee_0408_3/rev/cam1_2026-04-08_18-45-06.mp4,1265.5,536.0,841,266,1690,806,0.75269496
104,/Volumes/SmithL0/2026/BIOL470/Final/Learning_Rig/bee_0408_3/rev/cam1_2026-04-08_18-45-06.mp4,1355.0,562.0,1015,314,1695,810,0.78520876
105,/Volumes/SmithL0/2026/BIOL470/Final/Learning_Rig/bee_0408_3/rev/cam1_2026-04-08_18-45-06.mp4,1354.5,560.0,1021,309,1688,811,0.80131084
106,/Volumes/SmithL0/2026/BIOL470/Final/Learning_Rig/bee_0408_3/rev/cam1_2026-04-08_18-45-06.mp4,1352.0,552.0,1024,292,1680,812,0.7888106
107,/Volumes/SmithL0/2026/BIOL470/Final/Learning_Rig/bee_0408_3/rev/cam1_2026-04-08_18-45-06.mp4,1375.5,544.0,1088,256,1663,832,0.8012716
108,/Volumes/SmithL0/2026/BIOL470/Final/Learning_Rig/bee_0408_3/rev/cam1_2026-04-08_18-45-06.mp4,1385.0,545.0,1105,239,1665,851,0.8311224
109,/Volumes/SmithL0/2026/BIOL470/Final/Learning_Rig/bee_0408_3/rev/cam1_2026-04-08_18-45-06.mp4,1392.0,527.0,1106,210,1678,844,0.8204267
110,/Volumes/SmithL0/2026/BIOL470/Final/Learning_Rig/bee_0408_3/rev/cam1_2026-04-08_18-45-06.mp4,1404.5,472.0,1066,141,1743,803,0.81008744
111,/Volumes/SmithL0/2026/BIOL470/Final/Learning_Rig/bee_0408_3/rev/cam1_2026-04-08_18-45-06.mp4,1412.0,462.5,1076,143,1748,782,0.81601936
112,/Volumes/SmithL0/2026/BIOL470/Final/Learning_Rig/bee_0408_3/rev/cam1_2026-04-08_18-45-06.mp4,1423.0,531.0,1092,134,1754,928,0.8208749
113,/Volumes/SmithL0/2026/BIOL470/Final/Learning_Rig/bee_0408_3/rev/cam1_2026-04-08_18-45-06.mp4,1423.0,532.5,1085,129,1761,936,0.81415415
114,/Volumes/SmithL0/2026/BIOL470/Final/Learning_Rig/bee_0408_3/rev/cam1_2026-04-08_18-45-06.mp4,1426.0,467.0,1075,126,1777,808,0.8156895
115,/Volumes/SmithL0/2026/BIOL470/Final/Learning_Rig/bee_0408_3/rev/cam1_2026-04-08_18-45-06.mp4,1431.5,469.5,1063,114,1800,825,0.7766289
116,/Volumes/SmithL0/2026/BIOL470/Final/Learning_Rig/bee_0408_3/rev/cam1_2026-04-08_18-45-06.mp4,1453.5,420.5,1097,126,1810,715,0.8067418
117,/Volumes/SmithL0/2026/BIOL470/Final/Learning_Rig/bee_0408_3/rev/cam1_2026-04-08_18-45-06.mp4,1455.0,408.0,1097,96,1813,720,0.8055039
118,/Volumes/SmithL0/2026/BIOL470/Final/Learning_Rig/bee_0408_3/rev/cam1_2026-04-08_18-45-06.mp4,1463.5,367.5,1110,63,1817,672,0.8013675
119,/Volumes/SmithL0/2026/BIOL470/Final/Learning_Rig/bee_0408_3/rev/cam1_2026-04-08_18-45-06.mp4,1483.0,395.5,1131,108,1835,683,0.79985327
120,/Volumes/SmithL0/2026/BIOL470/Final/Learning_Rig/bee_0408_3/rev/cam1_2026-04-08_18-45-06.mp4,1478.5,389.0,1122,94,1835,684,0.807865
121,/Volumes/SmithL0/2026/BIOL470/Final/Learning_Rig/bee_0408_3/rev/cam1_2026-04-08_18-45-06.mp4,1452.0,374.0,1106,67,1798,681,0.79502624
122,/Volumes/SmithL0/2026/BIOL470/Final/Learning_Rig/bee_0408_3/rev/cam1_2026-04-08_18-45-06.mp4,1471.0,384.0,1116,74,1826,694,0.7970065
123,/Volumes/SmithL0/2026/BIOL470/Final/Learning_Rig/bee_0408_3/rev/cam1_2026-04-08_18-45-06.mp4,1473.5,384.0,1156,55,1791,713,0.80067575
124,/Volumes/SmithL0/2026/BIOL470/Final/Learning_Rig/bee_0408_3/rev/cam1_2026-04-08_18-45-06.mp4,1478.0,389.0,1166,62,1790,716,0.8145296
125,/Volumes/SmithL0/2026/BIOL470/Final/Learning_Rig/bee_0408_3/rev/cam1_2026-04-08_18-45-06.mp4,1460.0,399.5,1161,57,1759,742,0.82193375
126,/Volumes/SmithL0/2026/BIOL470/Final/Learning_Rig/bee_0408_3/rev/cam1_2026-04-08_18-45-06.mp4,1461.5,411.5,1162,62,1761,761,0.8288872
127,/Volumes/SmithL0/2026/BIOL470/Final/Learning_Rig/bee_0408_3/rev/cam1_2026-04-08_18-45-06.mp4,1499.5,439.0,1160,77,1839,801,0.8218324
128,/Volumes/SmithL0/2026/BIOL470/Final/Learning_Rig/bee_0408_3/rev/cam1_2026-04-08_18-45-06.mp4,1507.5,450.5,1171,93,1844,808,0.8457806
129,/Volumes/SmithL0/2026/BIOL470/Final/Learning_Rig/bee_0408_3/rev/cam1_2026-04-08_18-45-06.mp4,1496.0,467.5,1162,114,1830,821,0.8452577
130,/Volumes/SmithL0/2026/BIOL470/Final/Learning_Rig/bee_0408_3/rev/cam1_2026-04-08_18-45-06.mp4,1508.0,468.5,1220,121,1796,816,0.83576953
131,/Volumes/SmithL0/2026/BIOL470/Final/Learning_Rig/bee_0408_3/rev/cam1_2026-04-08_18-45-06.mp4,1546.0,473.5,1236,141,1856,806,0.8169081
132,/Volumes/SmithL0/2026/BIOL470/Final/Learning_Rig/bee_0408_3/rev/cam1_2026-04-08_18-45-06.mp4,1544.5,486.5,1232,153,1857,820,0.8121991
133,/Volumes/SmithL0/2026/BIOL470/Final/Learning_Rig/bee_0408_3/rev/cam1_2026-04-08_18-45-06.mp4,1517.5,491.5,1232,159,1803,824,0.82779336
134,/Volumes/SmithL0/2026/BIOL470/Final/Learning_Rig/bee_0408_3/rev/cam1_2026-04-08_18-45-06.mp4,1502.5,537.0,1237,186,1768,888,0.83680344
135,/Volumes/SmithL0/2026/BIOL470/Final/Learning_Rig/bee_0408_3/rev/cam1_2026-04-08_18-45-06.mp4,1536.5,569.0,1233,230,1840,908,0.83627415
136,/Volumes/SmithL0/2026/BIOL470/Final/Learning_Rig/bee_0408_3/rev/cam1_2026-04-08_18-45-06.mp4,1534.0,565.0,1215,213,1853,917,0.83009285
137,/Volumes/SmithL0/2026/BIOL470/Final/Learning_Rig/bee_0408_3/rev/cam1_2026-04-08_18-45-06.mp4,1522.0,559.5,1209,210,1835,909,0.84031135
138,/Volumes/SmithL0/2026/BIOL470/Final/Learning_Rig/bee_0408_3/rev/cam1_2026-04-08_18-45-06.mp4,1497.5,583.5,1162,276,1833,891,0.7083273
139,/Volumes/SmithL0/2026/BIOL470/Final/Learning_Rig/bee_0408_3/rev/cam1_2026-04-08_18-45-06.mp4,1504.5,605.5,1148,308,1861,903,0.7645778
140,/Volumes/SmithL0/2026/BIOL470/Final/Learning_Rig/bee_0408_3/rev/cam1_2026-04-08_18-45-06.mp4,1491.0,612.5,1130,324,1852,901,0.8119587
141,/Volumes/SmithL0/2026/BIOL470/Final/Learning_Rig/bee_0408_3/rev/cam1_2026-04-08_18-45-06.mp4,1469.0,589.0,1109,281,1829,897,0.8144669
142,/Volumes/SmithL0/2026/BIOL470/Final/Learning_Rig/bee_0408_3/rev/cam1_2026-04-08_18-45-06.mp4,1463.5,588.0,1106,284,1821,892,0.8072601
143,/Volumes/SmithL0/2026/BIOL470/Final/Learning_Rig/bee_0408_3/rev/cam1_2026-04-08_18-45-06.mp4,1456.0,583.5,1102,272,1810,895,0.8021906
144,/Volumes/SmithL0/2026/BIOL470/Final/Learning_Rig/bee_0408_3/rev/cam1_2026-04-08_18-45-06.mp4,1458.0,627.0,1107,330,1809,924,0.8061992
145,/Volumes/SmithL0/2026/BIOL470/Final/Learning_Rig/bee_0408_3/rev/cam1_2026-04-08_18-45-06.mp4,1458.0,624.5,1109,335,1807,914,0.81671095
146,/Volumes/SmithL0/2026/BIOL470/Final/Learning_Rig/bee_0408_3/rev/cam1_2026-04-08_18-45-06.mp4,1455.0,633.5,1114,345,1796,922,0.8277779
147,/Volumes/SmithL0/2026/BIOL470/Final/Learning_Rig/bee_0408_3/rev/cam1_2026-04-08_18-45-06.mp4,1452.5,637.0,1111,347,1794,927,0.82924014
148,/Volumes/SmithL0/2026/BIOL470/Final/Learning_Rig/bee_0408_3/rev/cam1_2026-04-08_18-45-06.mp4,1426.0,635.0,1081,344,1771,926,0.8585571
149,/Volumes/SmithL0/2026/BIOL470/Final/Learning_Rig/bee_0408_3/rev/cam1_2026-04-08_18-45-06.mp4,1421.5,640.5,1076,343,1767,938,0.8525363
150,/Volumes/SmithL0/2026/BIOL470/Final/Learning_Rig/bee_0408_3/rev/cam1_2026-04-08_18-45-06.mp4,1417.5,662.0,1073,340,1762,984,0.83227783
151,/Volumes/SmithL0/2026/BIOL470/Final/Learning_Rig/bee_0408_3/rev/cam1_2026-04-08_18-45-06.mp4,1396.0,675.5,1053,373,1739,978,0.82328564
152,/Volumes/SmithL0/2026/BIOL470/Final/Learning_Rig/bee_0408_3/rev/cam1_2026-04-08_18-45-06.mp4,1369.5,670.0,1043,350,1696,990,0.81917584
153,/Volumes/SmithL0/2026/BIOL470/Final/Learning_Rig/bee_0408_3/rev/cam1_2026-04-08_18-45-06.mp4,1377.0,680.0,1046,362,1708,998,0.8049133
154,/Volumes/SmithL0/2026/BIOL470/Final/Learning_Rig/bee_0408_3/rev/cam1_2026-04-08_18-45-06.mp4,1335.0,679.5,1024,341,1646,1018,0.80641085
155,/Volumes/SmithL0/2026/BIOL470/Final/Learning_Rig/bee_0408_3/rev/cam1_2026-04-08_18-45-06.mp4,1313.5,681.0,1018,341,1609,1021,0.7912208
156,/Volumes/SmithL0/2026/BIOL470/Final/Learning_Rig/bee_0408_3/rev/cam1_2026-04-08_18-45-06.mp4,1321.0,680.5,1033,342,1609,1019,0.8134112
157,/Volumes/SmithL0/2026/BIOL470/Final/Learning_Rig/bee_0408_3/rev/cam1_2026-04-08_18-45-06.mp4,1328.5,685.5,1033,350,1624,1021,0.80834436
158,/Volumes/SmithL0/2026/BIOL470/Final/Learning_Rig/bee_0408_3/rev/cam1_2026-04-08_18-45-06.mp4,1326.5,679.5,1037,338,1616,1021,0.81652445
159,/Volumes/SmithL0/2026/BIOL470/Final/Learning_Rig/bee_0408_3/rev/cam1_2026-04-08_18-45-06.mp4,1338.5,683.0,1040,344,1637,1022,0.81728184
160,/Volumes/SmithL0/2026/BIOL470/Final/Learning_Rig/bee_0408_3/rev/cam1_2026-04-08_18-45-06.mp4,1307.5,683.5,1039,338,1576,1029,0.80109274
161,/Volumes/SmithL0/2026/BIOL470/Final/Learning_Rig/bee_0408_3/rev/cam1_2026-04-08_18-45-06.mp4,1357.5,678.0,1082,333,1633,1023,0.8033636
162,/Volumes/SmithL0/2026/BIOL470/Final/Learning_Rig/bee_0408_3/rev/cam1_2026-04-08_18-45-06.mp4,1332.5,671.5,1069,335,1596,1008,0.8284474
163,/Volumes/SmithL0/2026/BIOL470/Final/Learning_Rig/bee_0408_3/rev/cam1_2026-04-08_18-45-06.mp4,1335.0,677.0,1068,340,1602,1014,0.82691795
164,/Volumes/SmithL0/2026/BIOL470/Final/Learning_Rig/bee_0408_3/rev/cam1_2026-04-08_18-45-06.mp4,1334.0,669.5,1067,344,1601,995,0.83135974
165,/Volumes/SmithL0/2026/BIOL470/Final/Learning_Rig/bee_0408_3/rev/cam1_2026-04-08_18-45-06.mp4,1333.5,671.5,1064,344,1603,999,0.8252725
166,/Volumes/SmithL0/2026/BIOL470/Final/Learning_Rig/bee_0408_3/rev/cam1_2026-04-08_18-45-06.mp4,1326.5,662.0,1054,337,1599,987,0.82968575
167,/Volumes/SmithL0/2026/BIOL470/Final/Learning_Rig/bee_0408_3/rev/cam1_2026-04-08_18-45-06.mp4,1324.5,662.0,1052,341,1597,983,0.83464843
168,/Volumes/SmithL0/2026/BIOL470/Final/Learning_Rig/bee_0408_3/rev/cam1_2026-04-08_18-45-06.mp4,1325.5,670.5,1048,349,1603,992,0.8259397
169,/Volumes/SmithL0/2026/BIOL470/Final/Learning_Rig/bee_0408_3/rev/cam1_2026-04-08_18-45-06.mp4,1336.5,677.0,1051,367,1622,987,0.8130074
170,/Volumes/SmithL0/2026/BIOL470/Final/Learning_Rig/bee_0408_3/rev/cam1_2026-04-08_18-45-06.mp4,1325.0,677.0,1011,383,1639,971,0.82049966
171,/Volumes/SmithL0/2026/BIOL470/Final/Learning_Rig/bee_0408_3/rev/cam1_2026-04-08_18-45-06.mp4,1326.0,667.0,999,391,1653,943,0.82521456
172,/Volumes/SmithL0/2026/BIOL470/Final/Learning_Rig/bee_0408_3/rev/cam1_2026-04-08_18-45-06.mp4,1330.0,651.5,998,366,1662,937,0.8278072
173,/Volumes/SmithL0/2026/BIOL470/Final/Learning_Rig/bee_0408_3/rev/cam1_2026-04-08_18-45-06.mp4,1364.0,647.5,1038,359,1690,936,0.7840912
174,/Volumes/SmithL0/2026/BIOL470/Final/Learning_Rig/bee_0408_3/rev/cam1_2026-04-08_18-45-06.mp4,1326.0,601.0,954,341,1698,861,0.7767342
175,/Volumes/SmithL0/2026/BIOL470/Final/Learning_Rig/bee_0408_3/rev/cam1_2026-04-08_18-45-06.mp4,1327.5,594.0,948,334,1707,854,0.778878
176,/Volumes/SmithL0/2026/BIOL470/Final/Learning_Rig/bee_0408_3/rev/cam1_2026-04-08_18-45-06.mp4,1325.0,576.5,946,331,1704,822,0.7794196
177,/Volumes/SmithL0/2026/BIOL470/Final/Learning_Rig/bee_0408_3/rev/cam1_2026-04-08_18-45-06.mp4,1323.0,579.5,942,330,1704,829,0.77832776
178,/Volumes/SmithL0/2026/BIOL470/Final/Learning_Rig/bee_0408_3/rev/cam1_2026-04-08_18-45-06.mp4,1328.5,571.5,956,332,1701,811,0.80042535
179,/Volumes/SmithL0/2026/BIOL470/Final/Learning_Rig/bee_0408_3/rev/cam1_2026-04-08_18-45-06.mp4,1431.5,576.0,1168,330,1695,822,0.61489344
180,/Volumes/SmithL0/2026/BIOL470/Final/Learning_Rig/bee_0408_3/rev/cam1_2026-04-08_18-45-06.mp4,1327.5,568.0,954,328,1701,808,0.7864558
181,/Volumes/SmithL0/2026/BIOL470/Final/Learning_Rig/bee_0408_3/rev/cam1_2026-04-08_18-45-06.mp4,1349.5,573.5,955,338,1744,809,0.80648303
182,/Volumes/SmithL0/2026/BIOL470/Final/Learning_Rig/bee_0408_3/rev/cam1_2026-04-08_18-45-06.mp4,1364.5,580.0,989,339,1740,821,0.80226916
183,/Volumes/SmithL0/2026/BIOL470/Final/Learning_Rig/bee_0408_3/rev/cam1_2026-04-08_18-45-06.mp4,1400.5,579.5,1042,342,1759,817,0.8349763
184,/Volumes/SmithL0/2026/BIOL470/Final/Learning_Rig/bee_0408_3/rev/cam1_2026-04-08_18-45-06.mp4,1412.5,570.0,1052,328,1773,812,0.82384694
185,/Volumes/SmithL0/2026/BIOL470/Final/Learning_Rig/bee_0408_3/rev/cam1_2026-04-08_18-45-06.mp4,1422.0,538.0,1064,263,1780,813,0.8311018
186,/Volumes/SmithL0/2026/BIOL470/Final/Learning_Rig/bee_0408_3/rev/cam1_2026-04-08_18-45-06.mp4,1428.5,535.0,1082,260,1775,810,0.83744043
187,/Volumes/SmithL0/2026/BIOL470/Final/Learning_Rig/bee_0408_3/rev/cam1_2026-04-08_18-45-06.mp4,1436.5,541.5,1093,250,1780,833,0.8190457
188,/Volumes/SmithL0/2026/BIOL470/Final/Learning_Rig/bee_0408_3/rev/cam1_2026-04-08_18-45-06.mp4,1441.0,518.5,1102,253,1780,784,0.8343738
189,/Volumes/SmithL0/2026/BIOL470/Final/Learning_Rig/bee_0408_3/rev/cam1_2026-04-08_18-45-06.mp4,1439.0,500.5,1112,187,1766,814,0.8260815
190,/Volumes/SmithL0/2026/BIOL470/Final/Learning_Rig/bee_0408_3/rev/cam1_2026-04-08_18-45-06.mp4,1440.0,512.5,1111,168,1769,857,0.83842045
191,/Volumes/SmithL0/2026/BIOL470/Final/Learning_Rig/bee_0408_3/rev/cam1_2026-04-08_18-45-06.mp4,1430.5,534.0,1127,174,1734,894,0.815881
192,/Volumes/SmithL0/2026/BIOL470/Final/Learning_Rig/bee_0408_3/rev/cam1_2026-04-08_18-45-06.mp4,1441.5,533.5,1155,163,1728,904,0.83325005
193,/Volumes/SmithL0/2026/BIOL470/Final/Learning_Rig/bee_0408_3/rev/cam1_2026-04-08_18-45-06.mp4,1434.0,538.5,1134,238,1734,839,0.8348989
194,/Volumes/SmithL0/2026/BIOL470/Final/Learning_Rig/bee_0408_3/rev/cam1_2026-04-08_18-45-06.mp4,1422.5,512.5,1124,196,1721,829,0.8291622
195,/Volumes/SmithL0/2026/BIOL470/Final/Learning_Rig/bee_0408_3/rev/cam1_2026-04-08_18-45-06.mp4,1423.0,563.0,1107,235,1739,891,0.81983984
196,/Volumes/SmithL0/2026/BIOL470/Final/Learning_Rig/bee_0408_3/rev/cam1_2026-04-08_18-45-06.mp4,1426.5,531.0,1108,239,1745,823,0.8185595
197,/Volumes/SmithL0/2026/BIOL470/Final/Learning_Rig/bee_0408_3/rev/cam1_2026-04-08_18-45-06.mp4,1429.0,537.5,1111,239,1747,836,0.8274318
198,/Volumes/SmithL0/2026/BIOL470/Final/Learning_Rig/bee_0408_3/rev/cam1_2026-04-08_18-45-06.mp4,1429.5,544.5,1108,241,1751,848,0.83869046
199,/Volumes/SmithL0/2026/BIOL470/Final/Learning_Rig/bee_0408_3/rev/cam1_2026-04-08_18-45-06.mp4,1458.5,554.0,1127,253,1790,855,0.82961786
200,/Volumes/SmithL0/2026/BIOL470/Final/Learning_Rig/bee_0408_3/rev/cam1_2026-04-08_18-45-06.mp4,1460.0,559.5,1123,256,1797,863,0.812155
201,/Volumes/SmithL0/2026/BIOL470/Final/Learning_Rig/bee_0408_3/rev/cam1_2026-04-08_18-45-06.mp4,1464.0,581.5,1121,251,1807,912,0.79797786
202,/Volumes/SmithL0/2026/BIOL470/Final/Learning_Rig/bee_0408_3/rev/cam1_2026-04-08_18-45-06.mp4,1475.5,539.0,1131,253,1820,825,0.7997269
203,/Volumes/SmithL0/2026/BIOL470/Final/Learning_Rig/bee_0408_3/rev/cam1_2026-04-08_18-45-06.mp4,1490.0,541.5,1140,266,1840,817,0.8172597
204,/Volumes/SmithL0/2026/BIOL470/Final/Learning_Rig/bee_0408_3/rev/cam1_2026-04-08_18-45-06.mp4,1503.0,546.0,1146,272,1860,820,0.8308839
205,/Volumes/SmithL0/2026/BIOL470/Final/Learning_Rig/bee_0408_3/rev/cam1_2026-04-08_18-45-06.mp4,1517.0,551.5,1154,278,1880,825,0.85508746
206,/Volumes/SmithL0/2026/BIOL470/Final/Learning_Rig/bee_0408_3/rev/cam1_2026-04-08_18-45-06.mp4,1550.5,542.5,1181,256,1920,829,0.8216585
207,/Volumes/SmithL0/2026/BIOL470/Final/Learning_Rig/bee_0408_3/rev/cam1_2026-04-08_18-45-06.mp4,1567.0,535.0,1211,242,1923,828,0.81743073
208,/Volumes/SmithL0/2026/BIOL470/Final/Learning_Rig/bee_0408_3/rev/cam1_2026-04-08_18-45-06.mp4,1575.0,537.5,1220,245,1930,830,0.81891626
209,/Volumes/SmithL0/2026/BIOL470/Final/Learning_Rig/bee_0408_3/rev/cam1_2026-04-08_18-45-06.mp4,1579.0,544.0,1225,246,1933,842,0.8144265
210,/Volumes/SmithL0/2026/BIOL470/Final/Learning_Rig/bee_0408_3/rev/cam1_2026-04-08_18-45-06.mp4,1590.0,551.0,1241,241,1939,861,0.81520534
211,/Volumes/SmithL0/2026/BIOL470/Final/Learning_Rig/bee_0408_3/rev/cam1_2026-04-08_18-45-06.mp4,1579.0,570.5,1216,227,1942,914,0.80032414
212,/Volumes/SmithL0/2026/BIOL470/Final/Learning_Rig/bee_0408_3/rev/cam1_2026-04-08_18-45-06.mp4,1597.5,486.5,1251,186,1944,787,0.81845593
213,/Volumes/SmithL0/2026/BIOL470/Final/Learning_Rig/bee_0408_3/rev/cam1_2026-04-08_18-45-06.mp4,1586.0,446.5,1265,151,1907,742,0.8302978
214,/Volumes/SmithL0/2026/BIOL470/Final/Learning_Rig/bee_0408_3/rev/cam1_2026-04-08_18-45-06.mp4,1582.0,427.5,1297,111,1867,744,0.84082043
215,/Volumes/SmithL0/2026/BIOL470/Final/Learning_Rig/bee_0408_3/rev/cam1_2026-04-08_18-45-06.mp4,1559.5,422.5,1297,74,1822,771,0.8447488
216,/Volumes/SmithL0/2026/BIOL470/Final/Learning_Rig/bee_0408_3/rev/cam1_2026-04-08_18-45-06.mp4,1537.0,429.0,1278,75,1796,783,0.83466387
217,/Volumes/SmithL0/2026/BIOL470/Final/Learning_Rig/bee_0408_3/rev/cam1_2026-04-08_18-45-06.mp4,1529.5,427.5,1254,71,1805,784,0.85685587
218,/Volumes/SmithL0/2026/BIOL470/Final/Learning_Rig/bee_0408_3/rev/cam1_2026-04-08_18-45-06.mp4,1521.0,430.5,1269,71,1773,790,0.8378652
219,/Volumes/SmithL0/2026/BIOL470/Final/Learning_Rig/bee_0408_3/rev/cam1_2026-04-08_18-45-06.mp4,1530.5,425.0,1279,65,1782,785,0.8288034
220,/Volumes/SmithL0/2026/BIOL470/Final/Learning_Rig/bee_0408_3/rev/cam1_2026-04-08_18-45-06.mp4,1528.0,423.0,1271,65,1785,781,0.82226187
221,/Volumes/SmithL0/2026/BIOL470/Final/Learning_Rig/bee_0408_3/rev/cam1_2026-04-08_18-45-06.mp4,1547.0,409.0,1235,63,1859,755,0.8132299
222,/Volumes/SmithL0/2026/BIOL470/Final/Learning_Rig/bee_0408_3/rev/cam1_2026-04-08_18-45-06.mp4,1558.5,403.5,1232,77,1885,730,0.8268349
223,/Volumes/SmithL0/2026/BIOL470/Final/Learning_Rig/bee_0408_3/rev/cam1_2026-04-08_18-45-06.mp4,1545.0,408.5,1231,89,1859,728,0.8538679
224,/Volumes/SmithL0/2026/BIOL470/Final/Learning_Rig/bee_0408_3/rev/cam1_2026-04-08_18-45-06.mp4,1542.0,416.0,1215,125,1869,707,0.8337639
225,/Volumes/SmithL0/2026/BIOL470/Final/Learning_Rig/bee_0408_3/rev/cam1_2026-04-08_18-45-06.mp4,1563.5,433.0,1209,188,1918,678,0.7929396
226,/Volumes/SmithL0/2026/BIOL470/Final/Learning_Rig/bee_0408_3/rev/cam1_2026-04-08_18-45-06.mp4,1556.5,422.5,1193,139,1920,706,0.80412334
227,/Volumes/SmithL0/2026/BIOL470/Final/Learning_Rig/bee_0408_3/rev/cam1_2026-04-08_18-45-06.mp4,1562.5,394.0,1193,72,1932,716,0.80636716
228,/Volumes/SmithL0/2026/BIOL470/Final/Learning_Rig/bee_0408_3/rev/cam1_2026-04-08_18-45-06.mp4,1585.0,428.5,1195,134,1975,723,0.8379935
229,/Volumes/SmithL0/2026/BIOL470/Final/Learning_Rig/bee_0408_3/rev/cam1_2026-04-08_18-45-06.mp4,1581.5,462.5,1190,185,1973,740,0.82977873
230,/Volumes/SmithL0/2026/BIOL470/Final/Learning_Rig/bee_0408_3/rev/cam1_2026-04-08_18-45-06.mp4,1581.5,449.5,1190,172,1973,727,0.81773585
231,/Volumes/SmithL0/2026/BIOL470/Final/Learning_Rig/bee_0408_3/rev/cam1_2026-04-08_18-45-06.mp4,1605.5,457.0,1225,190,1986,724,0.80808896
232,/Volumes/SmithL0/2026/BIOL470/Final/Learning_Rig/bee_0408_3/rev/cam1_2026-04-08_18-45-06.mp4,1618.5,459.5,1234,199,2003,720,0.8044389
233,/Volumes/SmithL0/2026/BIOL470/Final/Learning_Rig/bee_0408_3/rev/cam1_2026-04-08_18-45-06.mp4,1611.5,456.0,1221,190,2002,722,0.8111997
234,/Volumes/SmithL0/2026/BIOL470/Final/Learning_Rig/bee_0408_3/rev/cam1_2026-04-08_18-45-06.mp4,1621.5,484.0,1232,187,2011,781,0.80090725
235,/Volumes/SmithL0/2026/BIOL470/Final/Learning_Rig/bee_0408_3/rev/cam1_2026-04-08_18-45-06.mp4,1621.5,460.5,1235,188,2008,733,0.80123276
236,/Volumes/SmithL0/2026/BIOL470/Final/Learning_Rig/bee_0408_3/rev/cam1_2026-04-08_18-45-06.mp4,1621.0,471.5,1234,196,2008,747,0.7975645
237,/Volumes/SmithL0/2026/BIOL470/Final/Learning_Rig/bee_0408_3/rev/cam1_2026-04-08_18-45-06.mp4,1620.5,482.0,1231,191,2010,773,0.8047713
238,/Volumes/SmithL0/2026/BIOL470/Final/Learning_Rig/bee_0408_3/rev/cam1_2026-04-08_18-45-06.mp4,1621.0,481.0,1232,194,2010,768,0.788445
239,/Volumes/SmithL0/2026/BIOL470/Final/Learning_Rig/bee_0408_3/rev/cam1_2026-04-08_18-45-06.mp4,1620.5,485.5,1230,193,2011,778,0.7878702
240,/Volumes/SmithL0/2026/BIOL470/Final/Learning_Rig/bee_0408_3/rev/cam1_2026-04-08_18-45-06.mp4,1623.0,489.5,1239,200,2007,779,0.8076298
241,/Volumes/SmithL0/2026/BIOL470/Final/Learning_Rig/bee_0408_3/rev/cam1_2026-04-08_18-45-06.mp4,1625.0,491.5,1247,175,2003,808,0.79615384
242,/Volumes/SmithL0/2026/BIOL470/Final/Learning_Rig/bee_0408_3/rev/cam1_2026-04-08_18-45-06.mp4,1624.5,487.5,1242,197,2007,778,0.7935082
243,/Volumes/SmithL0/2026/BIOL470/Final/Learning_Rig/bee_0408_3/rev/cam1_2026-04-08_18-45-06.mp4,1628.0,478.5,1261,166,1995,791,0.81302845
244,/Volumes/SmithL0/2026/BIOL470/Final/Learning_Rig/bee_0408_3/rev/cam1_2026-04-08_18-45-06.mp4,1636.5,539.0,1279,245,1994,833,0.80957556
245,/Volumes/SmithL0/2026/BIOL470/Final/Learning_Rig/bee_0408_3/rev/cam1_2026-04-08_18-45-06.mp4,1663.5,576.0,1344,240,1983,912,0.82228565
246,/Volumes/SmithL0/2026/BIOL470/Final/Learning_Rig/bee_0408_3/rev/cam1_2026-04-08_18-45-06.mp4,1664.0,577.0,1357,232,1971,922,0.8200058
247,/Volumes/SmithL0/2026/BIOL470/Final/Learning_Rig/bee_0408_3/rev/cam1_2026-04-08_18-45-06.mp4,1665.5,578.0,1359,233,1972,923,0.82191926
248,/Volumes/SmithL0/2026/BIOL470/Final/Learning_Rig/bee_0408_3/rev/cam1_2026-04-08_18-45-06.mp4,1664.0,579.5,1359,235,1969,924,0.83214986
249,/Volumes/SmithL0/2026/BIOL470/Final/Learning_Rig/bee_0408_3/rev/cam1_2026-04-08_18-45-06.mp4,1631.5,580.5,1359,234,1904,927,0.8387533
250,/Volumes/SmithL0/2026/BIOL470/Final/Learning_Rig/bee_0408_3/rev/cam1_2026-04-08_18-45-06.mp4,1620.5,583.0,1352,228,1889,938,0.8406253
251,/Volumes/SmithL0/2026/BIOL470/Final/Learning_Rig/bee_0408_3/rev/cam1_2026-04-08_18-45-06.mp4,1646.0,584.0,1355,236,1937,932,0.84370697
252,/Volumes/SmithL0/2026/BIOL470/Final/Learning_Rig/bee_0408_3/rev/cam1_2026-04-08_18-45-06.mp4,1607.5,589.0,1351,241,1864,937,0.85563546
253,/Volumes/SmithL0/2026/BIOL470/Final/Learning_Rig/bee_0408_3/rev/cam1_2026-04-08_18-45-06.mp4,1614.5,592.5,1349,242,1880,943,0.8452176
254,/Volumes/SmithL0/2026/BIOL470/Final/Learning_Rig/bee_0408_3/rev/cam1_2026-04-08_18-45-06.mp4,1609.0,593.5,1350,241,1868,946,0.8553143
255,/Volumes/SmithL0/2026/BIOL470/Final/Learning_Rig/bee_0408_3/rev/cam1_2026-04-08_18-45-06.mp4,1607.0,598.5,1349,243,1865,954,0.85409033
256,/Volumes/SmithL0/2026/BIOL470/Final/Learning_Rig/bee_0408_3/rev/cam1_2026-04-08_18-45-06.mp4,1595.5,619.5,1335,252,1856,987,0.85477996
257,/Volumes/SmithL0/2026/BIOL470/Final/Learning_Rig/bee_0408_3/rev/cam1_2026-04-08_18-45-06.mp4,1577.5,684.0,1310,332,1845,1036,0.82304054
258,/Volumes/SmithL0/2026/BIOL470/Final/Learning_Rig/bee_0408_3/rev/cam1_2026-04-08_18-45-06.mp4,1580.0,684.5,1310,334,1850,1035,0.8177168
259,/Volumes/SmithL0/2026/BIOL470/Final/Learning_Rig/bee_0408_3/rev/cam1_2026-04-08_18-45-06.mp4,1583.0,683.0,1309,330,1857,1036,0.8195343
260,/Volumes/SmithL0/2026/BIOL470/Final/Learning_Rig/bee_0408_3/rev/cam1_2026-04-08_18-45-06.mp4,1564.5,685.0,1313,332,1816,1038,0.829828
261,/Volumes/SmithL0/2026/BIOL470/Final/Learning_Rig/bee_0408_3/rev/cam1_2026-04-08_18-45-06.mp4,1569.0,677.0,1312,308,1826,1046,0.82774
262,/Volumes/SmithL0/2026/BIOL470/Final/Learning_Rig/bee_0408_3/rev/cam1_2026-04-08_18-45-06.mp4,1567.5,687.5,1315,332,1820,1043,0.82902604
263,/Volumes/SmithL0/2026/BIOL470/Final/Learning_Rig/bee_0408_3/rev/cam1_2026-04-08_18-45-06.mp4,1568.0,692.0,1310,342,1826,1042,0.82773274
264,/Volumes/SmithL0/2026/BIOL470/Final/Learning_Rig/bee_0408_3/rev/cam1_2026-04-08_18-45-06.mp4,1569.5,691.0,1307,343,1832,1039,0.83085763
265,/Volumes/SmithL0/2026/BIOL470/Final/Learning_Rig/bee_0408_3/rev/cam1_2026-04-08_18-45-06.mp4,1570.0,692.0,1311,342,1829,1042,0.82705265
266,/Volumes/SmithL0/2026/BIOL470/Final/Learning_Rig/bee_0408_3/rev/cam1_2026-04-08_18-45-06.mp4,1573.5,688.5,1314,328,1833,1049,0.830962
267,/Volumes/SmithL0/2026/BIOL470/Final/Learning_Rig/bee_0408_3/rev/cam1_2026-04-08_18-45-06.mp4,1566.0,705.0,1311,345,1821,1065,0.84465814
268,/Volumes/SmithL0/2026/BIOL470/Final/Learning_Rig/bee_0408_3/rev/cam1_2026-04-08_18-45-06.mp4,1563.5,709.5,1305,349,1822,1070,0.83784205
269,/Volumes/SmithL0/2026/BIOL470/Final/Learning_Rig/bee_0408_3/rev/cam1_2026-04-08_18-45-06.mp4,1565.5,709.5,1301,348,1830,1071,0.8426368
270,/Volumes/SmithL0/2026/BIOL470/Final/Learning_Rig/bee_0408_3/rev/cam1_2026-04-08_18-45-06.mp4,1567.5,709.0,1303,347,1832,1071,0.8408993
271,/Volumes/SmithL0/2026/BIOL470/Final/Learning_Rig/bee_0408_3/rev/cam1_2026-04-08_18-45-06.mp4,1564.0,708.5,1303,346,1825,1071,0.83629405
272,/Volumes/SmithL0/2026/BIOL470/Final/Learning_Rig/bee_0408_3/rev/cam1_2026-04-08_18-45-06.mp4,1562.5,710.5,1302,350,1823,1071,0.8347194
273,/Volumes/SmithL0/2026/BIOL470/Final/Learning_Rig/bee_0408_3/rev/cam1_2026-04-08_18-45-06.mp4,1561.0,710.5,1301,349,1821,1072,0.8297234
274,/Volumes/SmithL0/2026/BIOL470/Final/Learning_Rig/bee_0408_3/rev/cam1_2026-04-08_18-45-06.mp4,1568.0,709.5,1307,347,1829,1072,0.8287617
275,/Volumes/SmithL0/2026/BIOL470/Final/Learning_Rig/bee_0408_3/rev/cam1_2026-04-08_18-45-06.mp4,1560.5,707.0,1304,344,1817,1070,0.8286601
276,/Volumes/SmithL0/2026/BIOL470/Final/Learning_Rig/bee_0408_3/rev/cam1_2026-04-08_18-45-06.mp4,1566.5,708.5,1308,349,1825,1068,0.82766604
277,/Volumes/SmithL0/2026/BIOL470/Final/Learning_Rig/bee_0408_3/rev/cam1_2026-04-08_18-45-06.mp4,1565.5,710.0,1308,351,1823,1069,0.8285058
278,/Volumes/SmithL0/2026/BIOL470/Final/Learning_Rig/bee_0408_3/rev/cam1_2026-04-08_18-45-06.mp4,1565.5,708.0,1308,347,1823,1069,0.8291786
279,/Volumes/SmithL0/2026/BIOL470/Final/Learning_Rig/bee_0408_3/rev/cam1_2026-04-08_18-45-06.mp4,1565.5,709.0,1307,349,1824,1069,0.8294522
280,/Volumes/SmithL0/2026/BIOL470/Final/Learning_Rig/bee_0408_3/rev/cam1_2026-04-08_18-45-06.mp4,1564.5,710.5,1305,350,1824,1071,0.8264431
281,/Volumes/SmithL0/2026/BIOL470/Final/Learning_Rig/bee_0408_3/rev/cam1_2026-04-08_18-45-06.mp4,1573.0,708.0,1310,345,1836,1071,0.82732445
282,/Volumes/SmithL0/2026/BIOL470/Final/Learning_Rig/bee_0408_3/rev/cam1_2026-04-08_18-45-06.mp4,1566.5,708.0,1310,345,1823,1071,0.8281429
283,/Volumes/SmithL0/2026/BIOL470/Final/Learning_Rig/bee_0408_3/rev/cam1_2026-04-08_18-45-06.mp4,1564.5,711.0,1307,350,1822,1072,0.8273507
284,/Volumes/SmithL0/2026/BIOL470/Final/Learning_Rig/bee_0408_3/rev/cam1_2026-04-08_18-45-06.mp4,1573.5,710.5,1310,345,1837,1076,0.8318298
285,/Volumes/SmithL0/2026/BIOL470/Final/Learning_Rig/bee_0408_3/rev/cam1_2026-04-08_18-45-06.mp4,1572.0,711.0,1311,345,1833,1077,0.8335306
286,/Volumes/SmithL0/2026/BIOL470/Final/Learning_Rig/bee_0408_3/rev/cam1_2026-04-08_18-45-06.mp4,1570.5,709.0,1311,340,1830,1078,0.8330966
287,/Volumes/SmithL0/2026/BIOL470/Final/Learning_Rig/bee_0408_3/rev/cam1_2026-04-08_18-45-06.mp4,1570.0,710.0,1310,342,1830,1078,0.8323368
288,/Volumes/SmithL0/2026/BIOL470/Final/Learning_Rig/bee_0408_3/rev/cam1_2026-04-08_18-45-06.mp4,1570.5,711.0,1311,343,1830,1079,0.83617073
289,/Volumes/SmithL0/2026/BIOL470/Final/Learning_Rig/bee_0408_3/rev/cam1_2026-04-08_18-45-06.mp4,1571.0,711.0,1310,343,1832,1079,0.8358741
290,/Volumes/SmithL0/2026/BIOL470/Final/Learning_Rig/bee_0408_3/rev/cam1_2026-04-08_18-45-06.mp4,1570.5,710.5,1311,343,1830,1078,0.8395453
291,/Volumes/SmithL0/2026/BIOL470/Final/Learning_Rig/bee_0408_3/rev/cam1_2026-04-08_18-45-06.mp4,1574.0,710.5,1312,342,1836,1079,0.83828473
292,/Volumes/SmithL0/2026/BIOL470/Final/Learning_Rig/bee_0408_3/rev/cam1_2026-04-08_18-45-06.mp4,1575.0,710.0,1312,342,1838,1078,0.8384839
293,/Volumes/SmithL0/2026/BIOL470/Final/Learning_Rig/bee_0408_3/rev/cam1_2026-04-08_18-45-06.mp4,1573.0,712.0,1312,344,1834,1080,0.837558
294,/Volumes/SmithL0/2026/BIOL470/Final/Learning_Rig/bee_0408_3/rev/cam1_2026-04-08_18-45-06.mp4,1572.0,712.5,1311,345,1833,1080,0.83535945
295,/Volumes/SmithL0/2026/BIOL470/Final/Learning_Rig/bee_0408_3/rev/cam1_2026-04-08_18-45-06.mp4,1571.5,712.5,1311,346,1832,1079,0.8332513
296,/Volumes/SmithL0/2026/BIOL470/Final/Learning_Rig/bee_0408_3/rev/cam1_2026-04-08_18-45-06.mp4,1571.0,713.0,1310,346,1832,1080,0.835697
297,/Volumes/SmithL0/2026/BIOL470/Final/Learning_Rig/bee_0408_3/rev/cam1_2026-04-08_18-45-06.mp4,1571.0,712.0,1311,344,1831,1080,0.835966
298,/Volumes/SmithL0/2026/BIOL470/Final/Learning_Rig/bee_0408_3/rev/cam1_2026-04-08_18-45-06.mp4,1570.0,711.5,1310,344,1830,1079,0.8329132
299,/Volumes/SmithL0/2026/BIOL470/Final/Learning_Rig/bee_0408_3/rev/cam1_2026-04-08_18-45-06.mp4,1570.5,711.5,1310,344,1831,1079,0.83307385
300,/Volumes/SmithL0/2026/BIOL470/Final/Learning_Rig/bee_0408_3/rev/cam1_2026-04-08_18-45-06.mp4,1569.5,712.5,1309,345,1830,1080,0.83466804
301,/Volumes/SmithL0/2026/BIOL470/Final/Learning_Rig/bee_0408_3/rev/cam1_2026-04-08_18-45-06.mp4,1570.5,712.0,1309,344,1832,1080,0.8366005
302,/Volumes/SmithL0/2026/BIOL470/Final/Learning_Rig/bee_0408_3/rev/cam1_2026-04-08_18-45-06.mp4,1571.0,712.5,1309,344,1833,1081,0.8357242
303,/Volumes/SmithL0/2026/BIOL470/Final/Learning_Rig/bee_0408_3/rev/cam1_2026-04-08_18-45-06.mp4,1571.0,712.0,1309,344,1833,1080,0.8351192
304,/Volumes/SmithL0/2026/BIOL470/Final/Learning_Rig/bee_0408_3/rev/cam1_2026-04-08_18-45-06.mp4,1570.5,712.5,1309,346,1832,1079,0.83317375
305,/Volumes/SmithL0/2026/BIOL470/Final/Learning_Rig/bee_0408_3/rev/cam1_2026-04-08_18-45-06.mp4,1571.0,712.0,1309,343,1833,1081,0.8348908
306,/Volumes/SmithL0/2026/BIOL470/Final/Learning_Rig/bee_0408_3/rev/cam1_2026-04-08_18-45-06.mp4,1571.0,712.5,1309,345,1833,1080,0.8336611
307,/Volumes/SmithL0/2026/BIOL470/Final/Learning_Rig/bee_0408_3/rev/cam1_2026-04-08_18-45-06.mp4,1572.0,712.5,1309,344,1835,1081,0.8350151
308,/Volumes/SmithL0/2026/BIOL470/Final/Learning_Rig/bee_0408_3/rev/cam1_2026-04-08_18-45-06.mp4,1570.5,712.5,1308,344,1833,1081,0.8347036
309,/Volumes/SmithL0/2026/BIOL470/Final/Learning_Rig/bee_0408_3/rev/cam1_2026-04-08_18-45-06.mp4,1571.0,712.5,1308,344,1834,1081,0.8368181
310,/Volumes/SmithL0/2026/BIOL470/Final/Learning_Rig/bee_0408_3/rev/cam1_2026-04-08_18-45-06.mp4,1571.0,712.5,1309,345,1833,1080,0.8357078
311,/Volumes/SmithL0/2026/BIOL470/Final/Learning_Rig/bee_0408_3/rev/cam1_2026-04-08_18-45-06.mp4,1571.0,712.5,1309,345,1833,1080,0.8367338
312,/Volumes/SmithL0/2026/BIOL470/Final/Learning_Rig/bee_0408_3/rev/cam1_2026-04-08_18-45-06.mp4,1571.0,712.5,1309,345,1833,1080,0.8359491
313,/Volumes/SmithL0/2026/BIOL470/Final/Learning_Rig/bee_0408_3/rev/cam1_2026-04-08_18-45-06.mp4,1571.5,712.5,1309,345,1834,1080,0.836292
314,/Volumes/SmithL0/2026/BIOL470/Final/Learning_Rig/bee_0408_3/rev/cam1_2026-04-08_18-45-06.mp4,1571.0,712.0,1309,344,1833,1080,0.8344816
315,/Volumes/SmithL0/2026/BIOL470/Final/Learning_Rig/bee_0408_3/rev/cam1_2026-04-08_18-45-06.mp4,1571.5,711.5,1309,343,1834,1080,0.83529776
316,/Volumes/SmithL0/2026/BIOL470/Final/Learning_Rig/bee_0408_3/rev/cam1_2026-04-08_18-45-06.mp4,1571.0,712.0,1309,344,1833,1080,0.8358815
317,/Volumes/SmithL0/2026/BIOL470/Final/Learning_Rig/bee_0408_3/rev/cam1_2026-04-08_18-45-06.mp4,1580.5,712.5,1328,347,1833,1078,0.85307264
318,/Volumes/SmithL0/2026/BIOL470/Final/Learning_Rig/bee_0408_3/rev/cam1_2026-04-08_18-45-06.mp4,1581.5,712.5,1330,347,1833,1078,0.85409755
319,/Volumes/SmithL0/2026/BIOL470/Final/Learning_Rig/bee_0408_3/rev/cam1_2026-04-08_18-45-06.mp4,1580.5,712.0,1327,346,1834,1078,0.8546931
320,/Volumes/SmithL0/2026/BIOL470/Final/Learning_Rig/bee_0408_3/rev/cam1_2026-04-08_18-45-06.mp4,1581.0,711.5,1328,346,1834,1077,0.854214
321,/Volumes/SmithL0/2026/BIOL470/Final/Learning_Rig/bee_0408_3/rev/cam1_2026-04-08_18-45-06.mp4,1580.5,714.5,1326,351,1835,1078,0.8560276
322,/Volumes/SmithL0/2026/BIOL470/Final/Learning_Rig/bee_0408_3/rev/cam1_2026-04-08_18-45-06.mp4,1577.5,712.5,1319,346,1836,1079,0.84429985
323,/Volumes/SmithL0/2026/BIOL470/Final/Learning_Rig/bee_0408_3/rev/cam1_2026-04-08_18-45-06.mp4,1578.0,714.0,1321,349,1835,1079,0.84562194
324,/Volumes/SmithL0/2026/BIOL470/Final/Learning_Rig/bee_0408_3/rev/cam1_2026-04-08_18-45-06.mp4,1578.5,711.0,1323,343,1834,1079,0.8452999
325,/Volumes/SmithL0/2026/BIOL470/Final/Learning_Rig/bee_0408_3/rev/cam1_2026-04-08_18-45-06.mp4,1578.5,709.5,1323,339,1834,1080,0.84078544
326,/Volumes/SmithL0/2026/BIOL470/Final/Learning_Rig/bee_0408_3/rev/cam1_2026-04-08_18-45-06.mp4,1578.5,708.5,1323,336,1834,1081,0.8437474
327,/Volumes/SmithL0/2026/BIOL470/Final/Learning_Rig/bee_0408_3/rev/cam1_2026-04-08_18-45-06.mp4,1578.5,709.0,1323,337,1834,1081,0.84275633
328,/Volumes/SmithL0/2026/BIOL470/Final/Learning_Rig/bee_0408_3/rev/cam1_2026-04-08_18-45-06.mp4,1577.0,711.5,1319,341,1835,1082,0.8416942
329,/Volumes/SmithL0/2026/BIOL470/Final/Learning_Rig/bee_0408_3/rev/cam1_2026-04-08_18-45-06.mp4,1578.0,712.0,1322,342,1834,1082,0.84899455
330,/Volumes/SmithL0/2026/BIOL470/Final/Learning_Rig/bee_0408_3/rev/cam1_2026-04-08_18-45-06.mp4,1577.5,711.0,1322,339,1833,1083,0.84649634
331,/Volumes/SmithL0/2026/BIOL470/Final/Learning_Rig/bee_0408_3/rev/cam1_2026-04-08_18-45-06.mp4,1578.5,712.0,1322,340,1835,1084,0.847736
332,/Volumes/SmithL0/2026/BIOL470/Final/Learning_Rig/bee_0408_3/rev/cam1_2026-04-08_18-45-06.mp4,1577.0,712.5,1320,342,1834,1083,0.8456839
333,/Volumes/SmithL0/2026/BIOL470/Final/Learning_Rig/bee_0408_3/rev/cam1_2026-04-08_18-45-06.mp4,1576.5,713.0,1317,342,1836,1084,0.84474266
334,/Volumes/SmithL0/2026/BIOL470/Final/Learning_Rig/bee_0408_3/rev/cam1_2026-04-08_18-45-06.mp4,1576.0,714.0,1319,344,1833,1084,0.8477771
335,/Volumes/SmithL0/2026/BIOL470/Final/Learning_Rig/bee_0408_3/rev/cam1_2026-04-08_18-45-06.mp4,1577.0,712.0,1320,340,1834,1084,0.8467028
336,/Volumes/SmithL0/2026/BIOL470/Final/Learning_Rig/bee_0408_3/rev/cam1_2026-04-08_18-45-06.mp4,1576.5,715.0,1318,346,1835,1084,0.8455446
337,/Volumes/SmithL0/2026/BIOL470/Final/Learning_Rig/bee_0408_3/rev/cam1_2026-04-08_18-45-06.mp4,1576.5,716.5,1318,348,1835,1085,0.8453341
338,/Volumes/SmithL0/2026/BIOL470/Final/Learning_Rig/bee_0408_3/rev/cam1_2026-04-08_18-45-06.mp4,1574.0,714.5,1314,343,1834,1086,0.84295875
339,/Volumes/SmithL0/2026/BIOL470/Final/Learning_Rig/bee_0408_3/rev/cam1_2026-04-08_18-45-06.mp4,1575.0,715.0,1314,344,1836,1086,0.844857
340,/Volumes/SmithL0/2026/BIOL470/Final/Learning_Rig/bee_0408_3/rev/cam1_2026-04-08_18-45-06.mp4,1574.5,717.5,1314,348,1835,1087,0.84648204
341,/Volumes/SmithL0/2026/BIOL470/Final/Learning_Rig/bee_0408_3/rev/cam1_2026-04-08_18-45-06.mp4,1574.0,719.0,1314,350,1834,1088,0.8473201
342,/Volumes/SmithL0/2026/BIOL470/Final/Learning_Rig/bee_0408_3/rev/cam1_2026-04-08_18-45-06.mp4,1573.5,720.0,1312,351,1835,1089,0.8460561
343,/Volumes/SmithL0/2026/BIOL470/Final/Learning_Rig/bee_0408_3/rev/cam1_2026-04-08_18-45-06.mp4,1574.0,720.0,1312,348,1836,1092,0.844456
344,/Volumes/SmithL0/2026/BIOL470/Final/Learning_Rig/bee_0408_3/rev/cam1_2026-04-08_18-45-06.mp4,1573.5,721.0,1312,349,1835,1093,0.8470097
345,/Volumes/SmithL0/2026/BIOL470/Final/Learning_Rig/bee_0408_3/rev/cam1_2026-04-08_18-45-06.mp4,1574.0,722.0,1312,350,1836,1094,0.8480099
346,/Volumes/SmithL0/2026/BIOL470/Final/Learning_Rig/bee_0408_3/rev/cam1_2026-04-08_18-45-06.mp4,1573.0,724.0,1311,353,1835,1095,0.8472825
347,/Volumes/SmithL0/2026/BIOL470/Final/Learning_Rig/bee_0408_3/rev/cam1_2026-04-08_18-45-06.mp4,1573.5,726.0,1311,357,1836,1095,0.84789944
348,/Volumes/SmithL0/2026/BIOL470/Final/Learning_Rig/bee_0408_3/rev/cam1_2026-04-08_18-45-06.mp4,1573.5,725.0,1311,354,1836,1096,0.8443796
349,/Volumes/SmithL0/2026/BIOL470/Final/Learning_Rig/bee_0408_3/rev/cam1_2026-04-08_18-45-06.mp4,1573.0,720.5,1311,344,1835,1097,0.8405389
350,/Volumes/SmithL0/2026/BIOL470/Final/Learning_Rig/bee_0408_3/rev/cam1_2026-04-08_18-45-06.mp4,1573.0,719.0,1311,340,1835,1098,0.8425693
351,/Volumes/SmithL0/2026/BIOL470/Final/Learning_Rig/bee_0408_3/rev/cam1_2026-04-08_18-45-06.mp4,1573.0,724.0,1311,349,1835,1099,0.8447913
352,/Volumes/SmithL0/2026/BIOL470/Final/Learning_Rig/bee_0408_3/rev/cam1_2026-04-08_18-45-06.mp4,1574.0,729.5,1311,359,1837,1100,0.844028
353,/Volumes/SmithL0/2026/BIOL470/Final/Learning_Rig/bee_0408_3/rev/cam1_2026-04-08_18-45-06.mp4,1574.0,730.5,1311,361,1837,1100,0.8445898
354,/Volumes/SmithL0/2026/BIOL470/Final/Learning_Rig/bee_0408_3/rev/cam1_2026-04-08_18-45-06.mp4,1573.5,730.5,1311,361,1836,1100,0.84315974
355,/Volumes/SmithL0/2026/BIOL470/Final/Learning_Rig/bee_0408_3/rev/cam1_2026-04-08_18-45-06.mp4,1573.5,726.5,1311,350,1836,1103,0.83704734
356,/Volumes/SmithL0/2026/BIOL470/Final/Learning_Rig/bee_0408_3/rev/cam1_2026-04-08_18-45-06.mp4,1573.0,720.5,1311,339,1835,1102,0.83746517
357,/Volumes/SmithL0/2026/BIOL470/Final/Learning_Rig/bee_0408_3/rev/cam1_2026-04-08_18-45-06.mp4,1573.0,726.5,1311,351,1835,1102,0.8366161
358,/Volumes/SmithL0/2026/BIOL470/Final/Learning_Rig/bee_0408_3/rev/cam1_2026-04-08_18-45-06.mp4,1573.5,730.0,1310,359,1837,1101,0.83675605
359,/Volumes/SmithL0/2026/BIOL470/Final/Learning_Rig/bee_0408_3/rev/cam1_2026-04-08_18-45-06.mp4,1573.5,731.5,1310,361,1837,1102,0.8347492
360,/Volumes/SmithL0/2026/BIOL470/Final/Learning_Rig/bee_0408_3/rev/cam1_2026-04-08_18-45-06.mp4,1573.5,730.5,1310,360,1837,1101,0.83405715
361,/Volumes/SmithL0/2026/BIOL470/Final/Learning_Rig/bee_0408_3/rev/cam1_2026-04-08_18-45-06.mp4,1572.5,730.0,1310,359,1835,1101,0.83514136
362,/Volumes/SmithL0/2026/BIOL470/Final/Learning_Rig/bee_0408_3/rev/cam1_2026-04-08_18-45-06.mp4,1572.5,726.5,1310,352,1835,1101,0.83173674
363,/Volumes/SmithL0/2026/BIOL470/Final/Learning_Rig/bee_0408_3/rev/cam1_2026-04-08_18-45-06.mp4,1572.5,727.0,1310,353,1835,1101,0.8313252
364,/Volumes/SmithL0/2026/BIOL470/Final/Learning_Rig/bee_0408_3/rev/cam1_2026-04-08_18-45-06.mp4,1573.5,727.0,1310,353,1837,1101,0.82863885
365,/Volumes/SmithL0/2026/BIOL470/Final/Learning_Rig/bee_0408_3/rev/cam1_2026-04-08_18-45-06.mp4,1574.0,728.0,1310,355,1838,1101,0.8250985
366,/Volumes/SmithL0/2026/BIOL470/Final/Learning_Rig/bee_0408_3/rev/cam1_2026-04-08_18-45-06.mp4,1573.0,728.5,1310,354,1836,1103,0.8244189
367,/Volumes/SmithL0/2026/BIOL470/Final/Learning_Rig/bee_0408_3/rev/cam1_2026-04-08_18-45-06.mp4,1571.5,728.0,1310,352,1833,1104,0.82619816
368,/Volumes/SmithL0/2026/BIOL470/Final/Learning_Rig/bee_0408_3/rev/cam1_2026-04-08_18-45-06.mp4,1572.0,726.0,1310,347,1834,1105,0.8259431
369,/Volumes/SmithL0/2026/BIOL470/Final/Learning_Rig/bee_0408_3/rev/cam1_2026-04-08_18-45-06.mp4,1570.5,730.0,1309,353,1832,1107,0.8239897
370,/Volumes/SmithL0/2026/BIOL470/Final/Learning_Rig/bee_0408_3/rev/cam1_2026-04-08_18-45-06.mp4,1570.0,734.5,1309,360,1831,1109,0.8227254
371,/Volumes/SmithL0/2026/BIOL470/Final/Learning_Rig/bee_0408_3/rev/cam1_2026-04-08_18-45-06.mp4,1570.0,734.5,1309,360,1831,1109,0.8215786
372,/Volumes/SmithL0/2026/BIOL470/Final/Learning_Rig/bee_0408_3/rev/cam1_2026-04-08_18-45-06.mp4,1568.5,735.5,1308,360,1829,1111,0.81981534
373,/Volumes/SmithL0/2026/BIOL470/Final/Learning_Rig/bee_0408_3/rev/cam1_2026-04-08_18-45-06.mp4,1568.0,736.5,1308,360,1828,1113,0.81895804
374,/Volumes/SmithL0/2026/BIOL470/Final/Learning_Rig/bee_0408_3/rev/cam1_2026-04-08_18-45-06.mp4,1566.5,735.5,1307,357,1826,1114,0.8175681
375,/Volumes/SmithL0/2026/BIOL470/Final/Learning_Rig/bee_0408_3/rev/cam1_2026-04-08_18-45-06.mp4,1569.0,736.5,1308,360,1830,1113,0.8183498
376,/Volumes/SmithL0/2026/BIOL470/Final/Learning_Rig/bee_0408_3/rev/cam1_2026-04-08_18-45-06.mp4,1568.5,736.5,1308,360,1829,1113,0.8154413
377,/Volumes/SmithL0/2026/BIOL470/Final/Learning_Rig/bee_0408_3/rev/cam1_2026-04-08_18-45-06.mp4,1568.5,736.5,1307,361,1830,1112,0.8159268
378,/Volumes/SmithL0/2026/BIOL470/Final/Learning_Rig/bee_0408_3/rev/cam1_2026-04-08_18-45-06.mp4,1552.5,732.5,1307,359,1798,1106,0.81365126
379,/Volumes/SmithL0/2026/BIOL470/Final/Learning_Rig/bee_0408_3/rev/cam1_2026-04-08_18-45-06.mp4,1553.5,729.5,1308,353,1799,1106,0.8149968
380,/Volumes/SmithL0/2026/BIOL470/Final/Learning_Rig/bee_0408_3/rev/cam1_2026-04-08_18-45-06.mp4,1555.0,731.0,1312,353,1798,1109,0.8142806
381,/Volumes/SmithL0/2026/BIOL470/Final/Learning_Rig/bee_0408_3/rev/cam1_2026-04-08_18-45-06.mp4,1567.0,744.0,1308,366,1826,1122,0.8195122
382,/Volumes/SmithL0/2026/BIOL470/Final/Learning_Rig/bee_0408_3/rev/cam1_2026-04-08_18-45-06.mp4,1565.0,745.0,1307,367,1823,1123,0.81814265
383,/Volumes/SmithL0/2026/BIOL470/Final/Learning_Rig/bee_0408_3/rev/cam1_2026-04-08_18-45-06.mp4,1564.5,741.0,1307,360,1822,1122,0.8189887
384,/Volumes/SmithL0/2026/BIOL470/Final/Learning_Rig/bee_0408_3/rev/cam1_2026-04-08_18-45-06.mp4,1554.0,731.0,1312,352,1796,1110,0.8160142
385,/Volumes/SmithL0/2026/BIOL470/Final/Learning_Rig/bee_0408_3/rev/cam1_2026-04-08_18-45-06.mp4,1563.5,744.0,1307,359,1820,1129,0.81730366
386,/Volumes/SmithL0/2026/BIOL470/Final/Learning_Rig/bee_0408_3/rev/cam1_2026-04-08_18-45-06.mp4,1559.0,741.5,1303,353,1815,1130,0.8224591
387,/Volumes/SmithL0/2026/BIOL470/Final/Learning_Rig/bee_0408_3/rev/cam1_2026-04-08_18-45-06.mp4,1552.5,735.5,1307,351,1798,1120,0.8182196
388,/Volumes/SmithL0/2026/BIOL470/Final/Learning_Rig/bee_0408_3/rev/cam1_2026-04-08_18-45-06.mp4,1552.5,737.5,1307,353,1798,1122,0.8152533
389,/Volumes/SmithL0/2026/BIOL470/Final/Learning_Rig/bee_0408_3/rev/cam1_2026-04-08_18-45-06.mp4,1553.5,737.5,1308,353,1799,1122,0.8133933
390,/Volumes/SmithL0/2026/BIOL470/Final/Learning_Rig/bee_0408_3/rev/cam1_2026-04-08_18-45-06.mp4,1553.5,743.0,1308,360,1799,1126,0.8073498
391,/Volumes/SmithL0/2026/BIOL470/Final/Learning_Rig/bee_0408_3/rev/cam1_2026-04-08_18-45-06.mp4,1564.5,776.0,1306,411,1823,1141,0.8151859
392,/Volumes/SmithL0/2026/BIOL470/Final/Learning_Rig/bee_0408_3/rev/cam1_2026-04-08_18-45-06.mp4,1555.0,786.0,1292,440,1818,1132,0.82337296
393,/Volumes/SmithL0/2026/BIOL470/Final/Learning_Rig/bee_0408_3/rev/cam1_2026-04-08_18-45-06.mp4,1557.0,785.5,1299,439,1815,1132,0.825358
394,/Volumes/SmithL0/2026/BIOL470/Final/Learning_Rig/bee_0408_3/rev/cam1_2026-04-08_18-45-06.mp4,1557.5,786.5,1299,441,1816,1132,0.8267864
395,/Volumes/SmithL0/2026/BIOL470/Final/Learning_Rig/bee_0408_3/rev/cam1_2026-04-08_18-45-06.mp4,1556.5,786.5,1296,440,1817,1133,0.8221773
396,/Volumes/SmithL0/2026/BIOL470/Final/Learning_Rig/bee_0408_3/rev/cam1_2026-04-08_18-45-06.mp4,1536.0,787.0,1256,439,1816,1135,0.8182788
397,/Volumes/SmithL0/2026/BIOL470/Final/Learning_Rig/bee_0408_3/rev/cam1_2026-04-08_18-45-06.mp4,1559.5,786.5,1301,438,1818,1135,0.8097184
398,/Volumes/SmithL0/2026/BIOL470/Final/Learning_Rig/bee_0408_3/rev/cam1_2026-04-08_18-45-06.mp4,1560.0,789.0,1302,440,1818,1138,0.812188
399,/Volumes/SmithL0/2026/BIOL470/Final/Learning_Rig/bee_0408_3/rev/cam1_2026-04-08_18-45-06.mp4,1555.5,806.5,1298,448,1813,1165,0.81821316
400,/Volumes/SmithL0/2026/BIOL470/Final/Learning_Rig/bee_0408_3/rev/cam1_2026-04-08_18-45-06.mp4,1579.0,808.5,1313,443,1845,1174,0.810242
401,/Volumes/SmithL0/2026/BIOL470/Final/Learning_Rig/bee_0408_3/rev/cam1_2026-04-08_18-45-06.mp4,1570.5,817.5,1309,455,1832,1180,0.8202884
402,/Volumes/SmithL0/2026/BIOL470/Final/Learning_Rig/bee_0408_3/rev/cam1_2026-04-08_18-45-06.mp4,1565.0,814.0,1305,457,1825,1171,0.8222601
403,/Volumes/SmithL0/2026/BIOL470/Final/Learning_Rig/bee_0408_3/rev/cam1_2026-04-08_18-45-06.mp4,1564.5,822.0,1290,468,1839,1176,0.8282128
404,/Volumes/SmithL0/2026/BIOL470/Final/Learning_Rig/bee_0408_3/rev/cam1_2026-04-08_18-45-06.mp4,1574.5,822.0,1289,466,1860,1178,0.8293784
405,/Volumes/SmithL0/2026/BIOL470/Final/Learning_Rig/bee_0408_3/rev/cam1_2026-04-08_18-45-06.mp4,1584.5,812.0,1258,475,1911,1149,0.85450584
406,/Volumes/SmithL0/2026/BIOL470/Final/Learning_Rig/bee_0408_3/rev/cam1_2026-04-08_18-45-06.mp4,1591.0,810.0,1235,479,1947,1141,0.8535657
407,/Volumes/SmithL0/2026/BIOL470/Final/Learning_Rig/bee_0408_3/rev/cam1_2026-04-08_18-45-06.mp4,1597.5,811.0,1238,477,1957,1145,0.8573456
408,/Volumes/SmithL0/2026/BIOL470/Final/Learning_Rig/bee_0408_3/rev/cam1_2026-04-08_18-45-06.mp4,1601.5,809.5,1243,479,1960,1140,0.85716295
409,/Volumes/SmithL0/2026/BIOL470/Final/Learning_Rig/bee_0408_3/rev/cam1_2026-04-08_18-45-06.mp4,1599.0,809.0,1242,481,1956,1137,0.8643833
410,/Volumes/SmithL0/2026/BIOL470/Final/Learning_Rig/bee_0408_3/rev/cam1_2026-04-08_18-45-06.mp4,1597.5,812.0,1243,488,1952,1136,0.84938985
411,/Volumes/SmithL0/2026/BIOL470/Final/Learning_Rig/bee_0408_3/rev/cam1_2026-04-08_18-45-06.mp4,1614.5,821.5,1262,532,1967,1111,0.8331626
412,/Volumes/SmithL0/2026/BIOL470/Final/Learning_Rig/bee_0408_3/rev/cam1_2026-04-08_18-45-06.mp4,1628.5,830.0,1282,551,1975,1109,0.8563642
413,/Volumes/SmithL0/2026/BIOL470/Final/Learning_Rig/bee_0408_3/rev/cam1_2026-04-08_18-45-06.mp4,1628.0,837.0,1279,565,1977,1109,0.84681296
414,/Volumes/SmithL0/2026/BIOL470/Final/Learning_Rig/bee_0408_3/rev/cam1_2026-04-08_18-45-06.mp4,1632.0,841.0,1278,571,1986,1111,0.8274736
415,/Volumes/SmithL0/2026/BIOL470/Final/Learning_Rig/bee_0408_3/rev/cam1_2026-04-08_18-45-06.mp4,1634.0,839.0,1278,565,1990,1113,0.844888
416,/Volumes/SmithL0/2026/BIOL470/Final/Learning_Rig/bee_0408_3/rev/cam1_2026-04-08_18-45-06.mp4,1633.5,834.0,1275,560,1992,1108,0.8320478
417,/Volumes/SmithL0/2026/BIOL470/Final/Learning_Rig/bee_0408_3/rev/cam1_2026-04-08_18-45-06.mp4,1636.5,843.5,1272,580,2001,1107,0.8034961
418,/Volumes/SmithL0/2026/BIOL470/Final/Learning_Rig/bee_0408_3/rev/cam1_2026-04-08_18-45-06.mp4,1644.5,842.0,1278,582,2011,1102,0.8204199
419,/Volumes/SmithL0/2026/BIOL470/Final/Learning_Rig/bee_0408_3/rev/cam1_2026-04-08_18-45-06.mp4,1649.5,841.0,1291,567,2008,1115,0.8131979
420,/Volumes/SmithL0/2026/BIOL470/Final/Learning_Rig/bee_0408_3/rev/cam1_2026-04-08_18-45-06.mp4,1654.0,846.0,1315,525,1993,1167,0.8235265
421,/Volumes/SmithL0/2026/BIOL470/Final/Learning_Rig/bee_0408_3/rev/cam1_2026-04-08_18-45-06.mp4,1647.5,832.0,1317,529,1978,1135,0.81275654
422,/Volumes/SmithL0/2026/BIOL470/Final/Learning_Rig/bee_0408_3/rev/cam1_2026-04-08_18-45-06.mp4,1633.5,809.0,1302,479,1965,1139,0.8326488
423,/Volumes/SmithL0/2026/BIOL470/Final/Learning_Rig/bee_0408_3/rev/cam1_2026-04-08_18-45-06.mp4,1620.5,814.5,1337,455,1904,1174,0.8488549
424,/Volumes/SmithL0/2026/BIOL470/Final/Learning_Rig/bee_0408_3/rev/cam1_2026-04-08_18-45-06.mp4,1600.5,818.5,1338,456,1863,1181,0.8351981
425,/Volumes/SmithL0/2026/BIOL470/Final/Learning_Rig/bee_0408_3/rev/cam1_2026-04-08_18-45-06.mp4,1622.5,821.0,1344,457,1901,1185,0.83375794
426,/Volumes/SmithL0/2026/BIOL470/Final/Learning_Rig/bee_0408_3/rev/cam1_2026-04-08_18-45-06.mp4,1588.5,820.5,1353,458,1824,1183,0.84206265
427,/Volumes/SmithL0/2026/BIOL470/Final/Learning_Rig/bee_0408_3/rev/cam1_2026-04-08_18-45-06.mp4,1588.5,808.5,1336,458,1841,1159,0.84211016
428,/Volumes/SmithL0/2026/BIOL470/Final/Learning_Rig/bee_0408_3/rev/cam1_2026-04-08_18-45-06.mp4,1576.0,810.5,1269,477,1883,1144,0.81103027
429,/Volumes/SmithL0/2026/BIOL470/Final/Learning_Rig/bee_0408_3/rev/cam1_2026-04-08_18-45-06.mp4,1568.5,805.0,1267,468,1870,1142,0.8241856
430,/Volumes/SmithL0/2026/BIOL470/Final/Learning_Rig/bee_0408_3/rev/cam1_2026-04-08_18-45-06.mp4,1566.5,814.0,1247,487,1886,1141,0.82760954
431,/Volumes/SmithL0/2026/BIOL470/Final/Learning_Rig/bee_0408_3/rev/cam1_2026-04-08_18-45-06.mp4,1541.5,824.5,1218,521,1865,1128,0.8258927
432,/Volumes/SmithL0/2026/BIOL470/Final/Learning_Rig/bee_0408_3/rev/cam1_2026-04-08_18-45-06.mp4,1535.0,828.0,1214,526,1856,1130,0.8319936
433,/Volumes/SmithL0/2026/BIOL470/Final/Learning_Rig/bee_0408_3/rev/cam1_2026-04-08_18-45-06.mp4,1547.0,799.0,1220,515,1874,1083,0.84110117
434,/Volumes/SmithL0/2026/BIOL470/Final/Learning_Rig/bee_0408_3/rev/cam1_2026-04-08_18-45-06.mp4,1546.0,799.0,1220,514,1872,1084,0.837695
435,/Volumes/SmithL0/2026/BIOL470/Final/Learning_Rig/bee_0408_3/rev/cam1_2026-04-08_18-45-06.mp4,1546.5,797.5,1220,512,1873,1083,0.8405171
436,/Volumes/SmithL0/2026/BIOL470/Final/Learning_Rig/bee_0408_3/rev/cam1_2026-04-08_18-45-06.mp4,1545.0,794.5,1216,508,1874,1081,0.8419597
437,/Volumes/SmithL0/2026/BIOL470/Final/Learning_Rig/bee_0408_3/rev/cam1_2026-04-08_18-45-06.mp4,1538.0,799.0,1194,518,1882,1080,0.837131
438,/Volumes/SmithL0/2026/BIOL470/Final/Learning_Rig/bee_0408_3/rev/cam1_2026-04-08_18-45-06.mp4,1535.0,794.5,1181,518,1889,1071,0.83422303
439,/Volumes/SmithL0/2026/BIOL470/Final/Learning_Rig/bee_0408_3/rev/cam1_2026-04-08_18-45-06.mp4,1530.0,817.0,1164,524,1896,1110,0.81517786
440,/Volumes/SmithL0/2026/BIOL470/Final/Learning_Rig/bee_0408_3/rev/cam1_2026-04-08_18-45-06.mp4,1529.5,841.0,1167,539,1892,1143,0.82804316
441,/Volumes/SmithL0/2026/BIOL470/Final/Learning_Rig/bee_0408_3/rev/cam1_2026-04-08_18-45-06.mp4,1537.5,819.0,1173,536,1902,1102,0.8066973
442,/Volumes/SmithL0/2026/BIOL470/Final/Learning_Rig/bee_0408_3/rev/cam1_2026-04-08_18-45-06.mp4,1540.5,827.0,1174,543,1907,1111,0.81076306
443,/Volumes/SmithL0/2026/BIOL470/Final/Learning_Rig/bee_0408_3/rev/cam1_2026-04-08_18-45-06.mp4,1537.5,821.5,1176,545,1899,1098,0.829958
444,/Volumes/SmithL0/2026/BIOL470/Final/Learning_Rig/bee_0408_3/rev/cam1_2026-04-08_18-45-06.mp4,1514.5,795.5,1157,540,1872,1051,0.833035
445,/Volumes/SmithL0/2026/BIOL470/Final/Learning_Rig/bee_0408_3/rev/cam1_2026-04-08_18-45-06.mp4,1506.5,805.5,1146,543,1867,1068,0.82542866
446,/Volumes/SmithL0/2026/BIOL470/Final/Learning_Rig/bee_0408_3/rev/cam1_2026-04-08_18-45-06.mp4,1498.5,818.0,1142,543,1855,1093,0.82517916
447,/Volumes/SmithL0/2026/BIOL470/Final/Learning_Rig/bee_0408_3/rev/cam1_2026-04-08_18-45-06.mp4,1489.5,831.0,1136,554,1843,1108,0.84253067
448,/Volumes/SmithL0/2026/BIOL470/Final/Learning_Rig/bee_0408_3/rev/cam1_2026-04-08_18-45-06.mp4,1492.5,841.5,1152,551,1833,1132,0.82917887
449,/Volumes/SmithL0/2026/BIOL470/Final/Learning_Rig/bee_0408_3/rev/cam1_2026-04-08_18-45-06.mp4,1488.5,843.5,1154,558,1823,1129,0.8324561
450,/Volumes/SmithL0/2026/BIOL470/Final/Learning_Rig/bee_0408_3/rev/cam1_2026-04-08_18-45-06.mp4,1500.5,871.0,1164,559,1837,1183,0.81236506
451,/Volumes/SmithL0/2026/BIOL470/Final/Learning_Rig/bee_0408_3/rev/cam1_2026-04-08_18-45-06.mp4,1510.5,880.5,1193,558,1828,1203,0.807531
452,/Volumes/SmithL0/2026/BIOL470/Final/Learning_Rig/bee_0408_3/rev/cam1_2026-04-08_18-45-06.mp4,1484.0,886.5,1193,551,1775,1222,0.8254443
453,/Volumes/SmithL0/2026/BIOL470/Final/Learning_Rig/bee_0408_3/rev/cam1_2026-04-08_18-45-06.mp4,1474.0,880.5,1208,540,1740,1221,0.7933875
454,/Volumes/SmithL0/2026/BIOL470/Final/Learning_Rig/bee_0408_3/rev/cam1_2026-04-08_18-45-06.mp4,1466.0,885.5,1191,540,1741,1231,0.8194391
455,/Volumes/SmithL0/2026/BIOL470/Final/Learning_Rig/bee_0408_3/rev/cam1_2026-04-08_18-45-06.mp4,1451.0,884.0,1175,531,1727,1237,0.8188094
456,/Volumes/SmithL0/2026/BIOL470/Final/Learning_Rig/bee_0408_3/rev/cam1_2026-04-08_18-45-06.mp4,1432.0,889.5,1162,517,1702,1262,0.8185169
457,/Volumes/SmithL0/2026/BIOL470/Final/Learning_Rig/bee_0408_3/rev/cam1_2026-04-08_18-45-06.mp4,1375.0,885.0,1124,529,1626,1241,0.8224174
458,/Volumes/SmithL0/2026/BIOL470/Final/Learning_Rig/bee_0408_3/rev/cam1_2026-04-08_18-45-06.mp4,1368.5,918.0,1091,562,1646,1274,0.82448703
459,/Volumes/SmithL0/2026/BIOL470/Final/Learning_Rig/bee_0408_3/rev/cam1_2026-04-08_18-45-06.mp4,1352.5,938.5,1080,591,1625,1286,0.8216988
460,/Volumes/SmithL0/2026/BIOL470/Final/Learning_Rig/bee_0408_3/rev/cam1_2026-04-08_18-45-06.mp4,1368.5,950.5,1089,600,1648,1301,0.82954335
461,/Volumes/SmithL0/2026/BIOL470/Final/Learning_Rig/bee_0408_3/rev/cam1_2026-04-08_18-45-06.mp4,1361.5,953.5,1075,598,1648,1309,0.8358259
462,/Volumes/SmithL0/2026/BIOL470/Final/Learning_Rig/bee_0408_3/rev/cam1_2026-04-08_18-45-06.mp4,1360.0,949.0,1070,591,1650,1307,0.83961606
463,/Volumes/SmithL0/2026/BIOL470/Final/Learning_Rig/bee_0408_3/rev/cam1_2026-04-08_18-45-06.mp4,1368.0,966.0,1082,619,1654,1313,0.8210262
464,/Volumes/SmithL0/2026/BIOL470/Final/Learning_Rig/bee_0408_3/rev/cam1_2026-04-08_18-45-06.mp4,1358.0,970.5,1076,620,1640,1321,0.8163716
465,/Volumes/SmithL0/2026/BIOL470/Final/Learning_Rig/bee_0408_3/rev/cam1_2026-04-08_18-45-06.mp4,1355.5,974.5,1071,627,1640,1322,0.81856036
466,/Volumes/SmithL0/2026/BIOL470/Final/Learning_Rig/bee_0408_3/rev/cam1_2026-04-08_18-45-06.mp4,1371.0,978.0,1090,635,1652,1321,0.8170595
467,/Volumes/SmithL0/2026/BIOL470/Final/Learning_Rig/bee_0408_3/rev/cam1_2026-04-08_18-45-06.mp4,1358.0,975.0,1076,626,1640,1324,0.8155218
468,/Volumes/SmithL0/2026/BIOL470/Final/Learning_Rig/bee_0408_3/rev/cam1_2026-04-08_18-45-06.mp4,1356.0,976.0,1073,629,1639,1323,0.8165099
469,/Volumes/SmithL0/2026/BIOL470/Final/Learning_Rig/bee_0408_3/rev/cam1_2026-04-08_18-45-06.mp4,1363.0,974.0,1083,628,1643,1320,0.81527495
470,/Volumes/SmithL0/2026/BIOL470/Final/Learning_Rig/bee_0408_3/rev/cam1_2026-04-08_18-45-06.mp4,1361.0,965.0,1068,623,1654,1307,0.8225391
471,/Volumes/SmithL0/2026/BIOL470/Final/Learning_Rig/bee_0408_3/rev/cam1_2026-04-08_18-45-06.mp4,1376.5,971.0,1102,633,1651,1309,0.8305223
472,/Volumes/SmithL0/2026/BIOL470/Final/Learning_Rig/bee_0408_3/rev/cam1_2026-04-08_18-45-06.mp4,1370.0,971.5,1085,634,1655,1309,0.8199824
473,/Volumes/SmithL0/2026/BIOL470/Final/Learning_Rig/bee_0408_3/rev/cam1_2026-04-08_18-45-06.mp4,1359.5,973.0,1078,626,1641,1320,0.8162393
474,/Volumes/SmithL0/2026/BIOL470/Final/Learning_Rig/bee_0408_3/rev/cam1_2026-04-08_18-45-06.mp4,1356.5,975.0,1073,628,1640,1322,0.81588054
475,/Volumes/SmithL0/2026/BIOL470/Final/Learning_Rig/bee_0408_3/rev/cam1_2026-04-08_18-45-06.mp4,1364.0,964.0,1071,606,1657,1322,0.8152475
476,/Volumes/SmithL0/2026/BIOL470/Final/Learning_Rig/bee_0408_3/rev/cam1_2026-04-08_18-45-06.mp4,1359.5,975.0,1081,628,1638,1322,0.8158903
477,/Volumes/SmithL0/2026/BIOL470/Final/Learning_Rig/bee_0408_3/rev/cam1_2026-04-08_18-45-06.mp4,1340.5,981.0,1073,640,1608,1322,0.8182362
478,/Volumes/SmithL0/2026/BIOL470/Final/Learning_Rig/bee_0408_3/rev/cam1_2026-04-08_18-45-06.mp4,1339.0,982.0,1072,640,1606,1324,0.8202682
479,/Volumes/SmithL0/2026/BIOL470/Final/Learning_Rig/bee_0408_3/rev/cam1_2026-04-08_18-45-06.mp4,1339.0,984.0,1071,641,1607,1327,0.8186879
480,/Volumes/SmithL0/2026/BIOL470/Final/Learning_Rig/bee_0408_3/rev/cam1_2026-04-08_18-45-06.mp4,1338.0,983.5,1068,641,1608,1326,0.82117134
481,/Volumes/SmithL0/2026/BIOL470/Final/Learning_Rig/bee_0408_3/rev/cam1_2026-04-08_18-45-06.mp4,1335.0,975.5,1053,638,1617,1313,0.82774705
482,/Volumes/SmithL0/2026/BIOL470/Final/Learning_Rig/bee_0408_3/rev/cam1_2026-04-08_18-45-06.mp4,1337.5,974.5,1049,636,1626,1313,0.82748055
483,/Volumes/SmithL0/2026/BIOL470/Final/Learning_Rig/bee_0408_3/rev/cam1_2026-04-08_18-45-06.mp4,1340.5,995.0,1045,649,1636,1341,0.81672937
484,/Volumes/SmithL0/2026/BIOL470/Final/Learning_Rig/bee_0408_3/rev/cam1_2026-04-08_18-45-06.mp4,1329.0,1001.0,1025,660,1633,1342,0.80262977
485,/Volumes/SmithL0/2026/BIOL470/Final/Learning_Rig/bee_0408_3/rev/cam1_2026-04-08_18-45-06.mp4,1330.0,1000.0,1015,673,1645,1327,0.8244457
486,/Volumes/SmithL0/2026/BIOL470/Final/Learning_Rig/bee_0408_3/rev/cam1_2026-04-08_18-45-06.mp4,1307.5,1002.0,1009,707,1606,1297,0.80792785
487,/Volumes/SmithL0/2026/BIOL470/Final/Learning_Rig/bee_0408_3/rev/cam1_2026-04-08_18-45-06.mp4,1306.5,1012.5,1015,725,1598,1300,0.7972769
488,/Volumes/SmithL0/2026/BIOL470/Final/Learning_Rig/bee_0408_3/rev/cam1_2026-04-08_18-45-06.mp4,1306.5,995.5,1025,702,1588,1289,0.81378186
489,/Volumes/SmithL0/2026/BIOL470/Final/Learning_Rig/bee_0408_3/rev/cam1_2026-04-08_18-45-06.mp4,1233.5,1141.5,944,842,1523,1441,0.81588346
490,/Volumes/SmithL0/2026/BIOL470/Final/Learning_Rig/bee_0408_3/rev/cam1_2026-04-08_18-45-06.mp4,1213.5,1142.0,903,830,1524,1454,0.8267275
491,/Volumes/SmithL0/2026/BIOL470/Final/Learning_Rig/bee_0408_3/rev/cam1_2026-04-08_18-45-06.mp4,1213.5,1146.5,903,831,1524,1462,0.82866174
492,/Volumes/SmithL0/2026/BIOL470/Final/Learning_Rig/bee_0408_3/rev/cam1_2026-04-08_18-45-06.mp4,1210.5,1144.0,891,826,1530,1462,0.8129325
493,/Volumes/SmithL0/2026/BIOL470/Final/Learning_Rig/bee_0408_3/rev/cam1_2026-04-08_18-45-06.mp4,1220.0,1143.5,910,826,1530,1461,0.8303505
494,/Volumes/SmithL0/2026/BIOL470/Final/Learning_Rig/bee_0408_3/rev/cam1_2026-04-08_18-45-06.mp4,1231.5,1140.5,932,827,1531,1454,0.83903
495,/Volumes/SmithL0/2026/BIOL470/Final/Learning_Rig/bee_0408_3/rev/cam1_2026-04-08_18-45-06.mp4,1215.5,1141.5,903,823,1528,1460,0.81465733
496,/Volumes/SmithL0/2026/BIOL470/Final/Learning_Rig/bee_0408_3/rev/cam1_2026-04-08_18-45-06.mp4,1230.0,1136.0,930,805,1530,1467,0.8193854
497,/Volumes/SmithL0/2026/BIOL470/Final/Learning_Rig/bee_0408_3/rev/cam1_2026-04-08_18-45-06.mp4,1236.0,1136.0,947,818,1525,1454,0.8223686
498,/Volumes/SmithL0/2026/BIOL470/Final/Learning_Rig/bee_0408_3/rev/cam1_2026-04-08_18-45-06.mp4,1235.0,1136.0,941,813,1529,1459,0.819482
499,/Volumes/SmithL0/2026/BIOL470/Final/Learning_Rig/bee_0408_3/rev/cam1_2026-04-08_18-45-06.mp4,1201.5,1140.5,880,806,1523,1475,0.8192052
500,/Volumes/SmithL0/2026/BIOL470/Final/Learning_Rig/bee_0408_3/rev/cam1_2026-04-08_18-45-06.mp4,1236.0,1130.5,941,810,1531,1451,0.8260742
501,/Volumes/SmithL0/2026/BIOL470/Final/Learning_Rig/bee_0408_3/rev/cam1_2026-04-08_18-45-06.mp4,1230.0,1123.5,920,794,1540,1453,0.8215632
502,/Volumes/SmithL0/2026/BIOL470/Final/Learning_Rig/bee_0408_3/rev/cam1_2026-04-08_18-45-06.mp4,1209.5,1125.5,874,785,1545,1466,0.8210105
503,/Volumes/SmithL0/2026/BIOL470/Final/Learning_Rig/bee_0408_3/rev/cam1_2026-04-08_18-45-06.mp4,1241.5,1125.0,946,798,1537,1452,0.8219657
504,/Volumes/SmithL0/2026/BIOL470/Final/Learning_Rig/bee_0408_3/rev/cam1_2026-04-08_18-45-06.mp4,1241.5,1118.5,941,784,1542,1453,0.81358504
505,/Volumes/SmithL0/2026/BIOL470/Final/Learning_Rig/bee_0408_3/rev/cam1_2026-04-08_18-45-06.mp4,1222.5,1141.0,895,808,1550,1474,0.81055933
506,/Volumes/SmithL0/2026/BIOL470/Final/Learning_Rig/bee_0408_3/rev/cam1_2026-04-08_18-45-06.mp4,1224.0,1138.5,901,803,1547,1474,0.8103452
507,/Volumes/SmithL0/2026/BIOL470/Final/Learning_Rig/bee_0408_3/rev/cam1_2026-04-08_18-45-06.mp4,1233.5,1166.0,916,874,1551,1458,0.81898
508,/Volumes/SmithL0/2026/BIOL470/Final/Learning_Rig/bee_0408_3/rev/cam1_2026-04-08_18-45-06.mp4,1228.0,1166.5,909,863,1547,1470,0.8127257
509,/Volumes/SmithL0/2026/BIOL470/Final/Learning_Rig/bee_0408_3/rev/cam1_2026-04-08_18-45-06.mp4,1244.0,1141.5,955,880,1533,1403,0.8178882
510,/Volumes/SmithL0/2026/BIOL470/Final/Learning_Rig/bee_0408_3/rev/cam1_2026-04-08_18-45-06.mp4,1233.0,1147.5,945,880,1521,1415,0.7890227
511,/Volumes/SmithL0/2026/BIOL470/Final/Learning_Rig/bee_0408_3/rev/cam1_2026-04-08_18-45-06.mp4,1229.5,1158.0,944,882,1515,1434,0.78437155
512,/Volumes/SmithL0/2026/BIOL470/Final/Learning_Rig/bee_0408_3/rev/cam1_2026-04-08_18-45-06.mp4,1230.0,1154.0,943,874,1517,1434,0.7942109
513,/Volumes/SmithL0/2026/BIOL470/Final/Learning_Rig/bee_0408_3/rev/cam1_2026-04-08_18-45-06.mp4,1227.5,1144.0,944,875,1511,1413,0.7832301
514,/Volumes/SmithL0/2026/BIOL470/Final/Learning_Rig/bee_0408_3/rev/cam1_2026-04-08_18-45-06.mp4,1210.0,1176.5,912,887,1508,1466,0.76715934
515,/Volumes/SmithL0/2026/BIOL470/Final/Learning_Rig/bee_0408_3/rev/cam1_2026-04-08_18-45-06.mp4,1205.5,1201.0,888,907,1523,1495,0.7783363
516,/Volumes/SmithL0/2026/BIOL470/Final/Learning_Rig/bee_0408_3/rev/cam1_2026-04-08_18-45-06.mp4,1206.5,1200.5,887,908,1526,1493,0.7771227
517,/Volumes/SmithL0/2026/BIOL470/Final/Learning_Rig/bee_0408_3/rev/cam1_2026-04-08_18-45-06.mp4,1237.0,1177.5,932,862,1542,1493,0.81744546
518,/Volumes/SmithL0/2026/BIOL470/Final/Learning_Rig/bee_0408_3/rev/cam1_2026-04-08_18-45-06.mp4,1240.5,1175.0,933,861,1548,1489,0.8065749
519,/Volumes/SmithL0/2026/BIOL470/Final/Learning_Rig/bee_0408_3/rev/cam1_2026-04-08_18-45-06.mp4,1241.5,1170.5,930,861,1553,1480,0.80367893
520,/Volumes/SmithL0/2026/BIOL470/Final/Learning_Rig/bee_0408_3/rev/cam1_2026-04-08_18-45-06.mp4,1245.5,1173.0,935,853,1556,1493,0.7986706
521,/Volumes/SmithL0/2026/BIOL470/Final/Learning_Rig/bee_0408_3/rev/cam1_2026-04-08_18-45-06.mp4,1250.0,1166.0,938,854,1562,1478,0.79919106
522,/Volumes/SmithL0/2026/BIOL470/Final/Learning_Rig/bee_0408_3/rev/cam1_2026-04-08_18-45-06.mp4,1252.0,1163.0,939,851,1565,1475,0.80214036
523,/Volumes/SmithL0/2026/BIOL470/Final/Learning_Rig/bee_0408_3/rev/cam1_2026-04-08_18-45-06.mp4,1257.0,1158.5,939,850,1575,1467,0.80147535
524,/Volumes/SmithL0/2026/BIOL470/Final/Learning_Rig/bee_0408_3/rev/cam1_2026-04-08_18-45-06.mp4,1263.0,1154.5,938,848,1588,1461,0.7933695
525,/Volumes/SmithL0/2026/BIOL470/Final/Learning_Rig/bee_0408_3/rev/cam1_2026-04-08_18-45-06.mp4,1261.0,1151.5,939,843,1583,1460,0.7990352
526,/Volumes/SmithL0/2026/BIOL470/Final/Learning_Rig/bee_0408_3/rev/cam1_2026-04-08_18-45-06.mp4,1254.5,1150.0,935,853,1574,1447,0.80000705
527,/Volumes/SmithL0/2026/BIOL470/Final/Learning_Rig/bee_0408_3/rev/cam1_2026-04-08_18-45-06.mp4,1249.0,1161.0,933,850,1565,1472,0.8035925
528,/Volumes/SmithL0/2026/BIOL470/Final/Learning_Rig/bee_0408_3/rev/cam1_2026-04-08_18-45-06.mp4,1247.0,1156.0,932,850,1562,1462,0.79655284
529,/Volumes/SmithL0/2026/BIOL470/Final/Learning_Rig/bee_0408_3/rev/cam1_2026-04-08_18-45-06.mp4,1248.5,1131.5,937,851,1560,1412,0.8045281
530,/Volumes/SmithL0/2026/BIOL470/Final/Learning_Rig/bee_0408_3/rev/cam1_2026-04-08_18-45-06.mp4,1234.0,1146.5,906,848,1562,1445,0.75891036
531,/Volumes/SmithL0/2026/BIOL470/Final/Learning_Rig/bee_0408_3/rev/cam1_2026-04-08_18-45-06.mp4,1250.5,1157.5,941,852,1560,1463,0.8118161
532,/Volumes/SmithL0/2026/BIOL470/Final/Learning_Rig/bee_0408_3/rev/cam1_2026-04-08_18-45-06.mp4,1251.5,1137.0,943,855,1560,1419,0.80653083
533,/Volumes/SmithL0/2026/BIOL470/Final/Learning_Rig/bee_0408_3/rev/cam1_2026-04-08_18-45-06.mp4,1231.0,1171.5,898,863,1564,1480,0.72521704
534,/Volumes/SmithL0/2026/BIOL470/Final/Learning_Rig/bee_0408_3/rev/cam1_2026-04-08_18-45-06.mp4,1254.0,1122.0,948,849,1560,1395,0.7616845
535,/Volumes/SmithL0/2026/BIOL470/Final/Learning_Rig/bee_0408_3/rev/cam1_2026-04-08_18-45-06.mp4,1234.5,1129.5,907,848,1562,1411,0.74978465
536,/Volumes/SmithL0/2026/BIOL470/Final/Learning_Rig/bee_0408_3/rev/cam1_2026-04-08_18-45-06.mp4,1221.0,1146.5,882,869,1560,1424,0.72885853
537,/Volumes/SmithL0/2026/BIOL470/Final/Learning_Rig/bee_0408_3/rev/cam1_2026-04-08_18-45-06.mp4,1268.5,1125.5,966,855,1571,1396,0.787519
538,/Volumes/SmithL0/2026/BIOL470/Final/Learning_Rig/bee_0408_3/rev/cam1_2026-04-08_18-45-06.mp4,1261.5,1165.0,945,905,1578,1425,0.76474744
539,/Volumes/SmithL0/2026/BIOL470/Final/Learning_Rig/bee_0408_3/rev/cam1_2026-04-08_18-45-06.mp4,1223.5,1190.0,864,939,1583,1441,0.77479976
540,/Volumes/SmithL0/2026/BIOL470/Final/Learning_Rig/bee_0408_3/rev/cam1_2026-04-08_18-45-06.mp4,1219.5,1191.5,855,940,1584,1443,0.78425425
541,/Volumes/SmithL0/2026/BIOL470/Final/Learning_Rig/bee_0408_3/rev/cam1_2026-04-08_18-45-06.mp4,1309.5,1189.5,1042,954,1577,1425,0.5731114
542,/Volumes/SmithL0/2026/BIOL470/Final/Learning_Rig/bee_0408_3/rev/cam1_2026-04-08_18-45-06.mp4,1235.0,1142.5,875,837,1595,1448,0.8038134
543,/Volumes/SmithL0/2026/BIOL470/Final/Learning_Rig/bee_0408_3/rev/cam1_2026-04-08_18-45-06.mp4,1253.0,1137.5,889,834,1617,1441,0.81268007
544,/Volumes/SmithL0/2026/BIOL470/Final/Learning_Rig/bee_0408_3/rev/cam1_2026-04-08_18-45-06.mp4,1272.0,1153.0,886,877,1658,1429,0.8049053
545,/Volumes/SmithL0/2026/BIOL470/Final/Learning_Rig/bee_0408_3/rev/cam1_2026-04-08_18-45-06.mp4,1288.5,1163.5,908,899,1669,1428,0.8102863
546,/Volumes/SmithL0/2026/BIOL470/Final/Learning_Rig/bee_0408_3/rev/cam1_2026-04-08_18-45-06.mp4,1318.0,1147.0,957,863,1679,1431,0.85419816
547,/Volumes/SmithL0/2026/BIOL470/Final/Learning_Rig/bee_0408_3/rev/cam1_2026-04-08_18-45-06.mp4,1320.5,1149.5,960,860,1681,1439,0.84366006
548,/Volumes/SmithL0/2026/BIOL470/Final/Learning_Rig/bee_0408_3/rev/cam1_2026-04-08_18-45-06.mp4,1330.0,1158.0,980,862,1680,1454,0.83204764
549,/Volumes/SmithL0/2026/BIOL470/Final/Learning_Rig/bee_0408_3/rev/cam1_2026-04-08_18-45-06.mp4,1344.0,1164.5,1012,870,1676,1459,0.8220542
550,/Volumes/SmithL0/2026/BIOL470/Final/Learning_Rig/bee_0408_3/rev/cam1_2026-04-08_18-45-06.mp4,1350.5,1159.0,1023,865,1678,1453,0.836156
551,/Volumes/SmithL0/2026/BIOL470/Final/Learning_Rig/bee_0408_3/rev/cam1_2026-04-08_18-45-06.mp4,1345.0,1163.5,1010,857,1680,1470,0.84548295
552,/Volumes/SmithL0/2026/BIOL470/Final/Learning_Rig/bee_0408_3/rev/cam1_2026-04-08_18-45-06.mp4,1342.0,1159.0,1004,845,1680,1473,0.83909976
553,/Volumes/SmithL0/2026/BIOL470/Final/Learning_Rig/bee_0408_3/rev/cam1_2026-04-08_18-45-06.mp4,1360.0,1152.0,1042,838,1678,1466,0.8413669
554,/Volumes/SmithL0/2026/BIOL470/Final/Learning_Rig/bee_0408_3/rev/cam1_2026-04-08_18-45-06.mp4,1352.5,1155.5,1027,838,1678,1473,0.8278987
555,/Volumes/SmithL0/2026/BIOL470/Final/Learning_Rig/bee_0408_3/rev/cam1_2026-04-08_18-45-06.mp4,1348.5,1160.5,1018,843,1679,1478,0.8199323
556,/Volumes/SmithL0/2026/BIOL470/Final/Learning_Rig/bee_0408_3/rev/cam1_2026-04-08_18-45-06.mp4,1350.5,1163.0,1022,848,1679,1478,0.8198867
557,/Volumes/SmithL0/2026/BIOL470/Final/Learning_Rig/bee_0408_3/rev/cam1_2026-04-08_18-45-06.mp4,1335.0,1170.0,1007,861,1663,1479,0.82170016
558,/Volumes/SmithL0/2026/BIOL470/Final/Learning_Rig/bee_0408_3/rev/cam1_2026-04-08_18-45-06.mp4,1334.0,1178.5,976,881,1692,1476,0.82098615
559,/Volumes/SmithL0/2026/BIOL470/Final/Learning_Rig/bee_0408_3/rev/cam1_2026-04-08_18-45-06.mp4,1328.5,1176.5,967,879,1690,1474,0.82044005
560,/Volumes/SmithL0/2026/BIOL470/Final/Learning_Rig/bee_0408_3/rev/cam1_2026-04-08_18-45-06.mp4,1323.0,1195.0,959,919,1687,1471,0.82390034
561,/Volumes/SmithL0/2026/BIOL470/Final/Learning_Rig/bee_0408_3/rev/cam1_2026-04-08_18-45-06.mp4,1321.0,1192.0,954,912,1688,1472,0.8277373
562,/Volumes/SmithL0/2026/BIOL470/Final/Learning_Rig/bee_0408_3/rev/cam1_2026-04-08_18-45-06.mp4,1318.5,1201.5,950,928,1687,1475,0.8244391
563,/Volumes/SmithL0/2026/BIOL470/Final/Learning_Rig/bee_0408_3/rev/cam1_2026-04-08_18-45-06.mp4,1321.5,1183.5,947,900,1696,1467,0.810035
564,/Volumes/SmithL0/2026/BIOL470/Final/Learning_Rig/bee_0408_3/rev/cam1_2026-04-08_18-45-06.mp4,1318.5,1175.5,949,892,1688,1459,0.8131474
565,/Volumes/SmithL0/2026/BIOL470/Final/Learning_Rig/bee_0408_3/rev/cam1_2026-04-08_18-45-06.mp4,1317.0,1163.5,947,877,1687,1450,0.81601
566,/Volumes/SmithL0/2026/BIOL470/Final/Learning_Rig/bee_0408_3/rev/cam1_2026-04-08_18-45-06.mp4,1298.5,1159.5,911,868,1686,1451,0.81974244
567,/Volumes/SmithL0/2026/BIOL470/Final/Learning_Rig/bee_0408_3/rev/cam1_2026-04-08_18-45-06.mp4,1295.5,1161.5,909,878,1682,1445,0.82449657
568,/Volumes/SmithL0/2026/BIOL470/Final/Learning_Rig/bee_0408_3/rev/cam1_2026-04-08_18-45-06.mp4,1295.5,1161.5,909,877,1682,1446,0.8203873
569,/Volumes/SmithL0/2026/BIOL470/Final/Learning_Rig/bee_0408_3/rev/cam1_2026-04-08_18-45-06.mp4,1296.0,1168.0,907,887,1685,1449,0.8108637
570,/Volumes/SmithL0/2026/BIOL470/Final/Learning_Rig/bee_0408_3/rev/cam1_2026-04-08_18-45-06.mp4,1297.0,1172.5,909,900,1685,1445,0.811012
571,/Volumes/SmithL0/2026/BIOL470/Final/Learning_Rig/bee_0408_3/rev/cam1_2026-04-08_18-45-06.mp4,1299.5,1189.0,911,931,1688,1447,0.81561726
572,/Volumes/SmithL0/2026/BIOL470/Final/Learning_Rig/bee_0408_3/rev/cam1_2026-04-08_18-45-06.mp4,1299.0,1163.0,910,875,1688,1451,0.80603874
573,/Volumes/SmithL0/2026/BIOL470/Final/Learning_Rig/bee_0408_3/rev/cam1_2026-04-08_18-45-06.mp4,1297.5,1171.5,910,879,1685,1464,0.8139132
574,/Volumes/SmithL0/2026/BIOL470/Final/Learning_Rig/bee_0408_3/rev/cam1_2026-04-08_18-45-06.mp4,1299.5,1170.5,912,879,1687,1462,0.81442916
575,/Volumes/SmithL0/2026/BIOL470/Final/Learning_Rig/bee_0408_3/rev/cam1_2026-04-08_18-45-06.mp4,1299.5,1169.0,912,871,1687,1467,0.8186396
576,/Volumes/SmithL0/2026/BIOL470/Final/Learning_Rig/bee_0408_3/rev/cam1_2026-04-08_18-45-06.mp4,1297.0,1165.5,909,868,1685,1463,0.8165381
577,/Volumes/SmithL0/2026/BIOL470/Final/Learning_Rig/bee_0408_3/rev/cam1_2026-04-08_18-45-06.mp4,1295.5,1161.5,909,867,1682,1456,0.81431925
578,/Volumes/SmithL0/2026/BIOL470/Final/Learning_Rig/bee_0408_3/rev/cam1_2026-04-08_18-45-06.mp4,1293.0,1162.0,907,865,1679,1459,0.81390357
579,/Volumes/SmithL0/2026/BIOL470/Final/Learning_Rig/bee_0408_3/rev/cam1_2026-04-08_18-45-06.mp4,1293.5,1163.5,908,866,1679,1461,0.8127584
580,/Volumes/SmithL0/2026/BIOL470/Final/Learning_Rig/bee_0408_3/rev/cam1_2026-04-08_18-45-06.mp4,1296.5,1166.0,917,871,1676,1461,0.8180418
581,/Volumes/SmithL0/2026/BIOL470/Final/Learning_Rig/bee_0408_3/rev/cam1_2026-04-08_18-45-06.mp4,1297.5,1160.0,916,861,1679,1459,0.8130266
582,/Volumes/SmithL0/2026/BIOL470/Final/Learning_Rig/bee_0408_3/rev/cam1_2026-04-08_18-45-06.mp4,1310.0,1162.5,940,864,1680,1461,0.8125815
583,/Volumes/SmithL0/2026/BIOL470/Final/Learning_Rig/bee_0408_3/rev/cam1_2026-04-08_18-45-06.mp4,1317.0,1158.5,950,862,1684,1455,0.81371236
584,/Volumes/SmithL0/2026/BIOL470/Final/Learning_Rig/bee_0408_3/rev/cam1_2026-04-08_18-45-06.mp4,1329.5,1151.5,983,861,1676,1442,0.8288224
585,/Volumes/SmithL0/2026/BIOL470/Final/Learning_Rig/bee_0408_3/rev/cam1_2026-04-08_18-45-06.mp4,1326.5,1134.0,978,826,1675,1442,0.82901925
586,/Volumes/SmithL0/2026/BIOL470/Final/Learning_Rig/bee_0408_3/rev/cam1_2026-04-08_18-45-06.mp4,1329.5,1143.0,983,841,1676,1445,0.830159
587,/Volumes/SmithL0/2026/BIOL470/Final/Learning_Rig/bee_0408_3/rev/cam1_2026-04-08_18-45-06.mp4,1328.0,1142.0,983,841,1673,1443,0.82404685
588,/Volumes/SmithL0/2026/BIOL470/Final/Learning_Rig/bee_0408_3/rev/cam1_2026-04-08_18-45-06.mp4,1330.0,1142.0,984,840,1676,1444,0.82470393
589,/Volumes/SmithL0/2026/BIOL470/Final/Learning_Rig/bee_0408_3/rev/cam1_2026-04-08_18-45-06.mp4,1329.5,1141.5,983,841,1676,1442,0.82369876
590,/Volumes/SmithL0/2026/BIOL470/Final/Learning_Rig/bee_0408_3/rev/cam1_2026-04-08_18-45-06.mp4,1331.0,1142.5,984,845,1678,1440,0.82364196
591,/Volumes/SmithL0/2026/BIOL470/Final/Learning_Rig/bee_0408_3/rev/cam1_2026-04-08_18-45-06.mp4,1330.0,1144.5,982,846,1678,1443,0.8227153
592,/Volumes/SmithL0/2026/BIOL470/Final/Learning_Rig/bee_0408_3/rev/cam1_2026-04-08_18-45-06.mp4,1330.0,1145.0,983,846,1677,1444,0.82870233
593,/Volumes/SmithL0/2026/BIOL470/Final/Learning_Rig/bee_0408_3/rev/cam1_2026-04-08_18-45-06.mp4,1330.0,1143.5,981,844,1679,1443,0.827795
594,/Volumes/SmithL0/2026/BIOL470/Final/Learning_Rig/bee_0408_3/rev/cam1_2026-04-08_18-45-06.mp4,1329.0,1146.0,980,846,1678,1446,0.83249325
595,/Volumes/SmithL0/2026/BIOL470/Final/Learning_Rig/bee_0408_3/rev/cam1_2026-04-08_18-45-06.mp4,1329.0,1145.0,981,845,1677,1445,0.83056843
596,/Volumes/SmithL0/2026/BIOL470/Final/Learning_Rig/bee_0408_3/rev/cam1_2026-04-08_18-45-06.mp4,1330.5,1147.0,983,848,1678,1446,0.8302596
597,/Volumes/SmithL0/2026/BIOL470/Final/Learning_Rig/bee_0408_3/rev/cam1_2026-04-08_18-45-06.mp4,1331.0,1144.0,982,844,1680,1444,0.8360335
598,/Volumes/SmithL0/2026/BIOL470/Final/Learning_Rig/bee_0408_3/rev/cam1_2026-04-08_18-45-06.mp4,1332.5,1143.5,983,844,1682,1443,0.83324987
599,/Volumes/SmithL0/2026/BIOL470/Final/Learning_Rig/bee_0408_3/rev/cam1_2026-04-08_18-45-06.mp4,1333.5,1142.5,984,843,1683,1442,0.8281123
600,/Volumes/SmithL0/2026/BIOL470/Final/Learning_Rig/bee_0408_3/rev/cam1_2026-04-08_18-45-06.mp4,1339.5,1140.0,1001,833,1678,1447,0.8356221
601,/Volumes/SmithL0/2026/BIOL470/Final/Learning_Rig/bee_0408_3/rev/cam1_2026-04-08_18-45-06.mp4,1350.5,1143.0,1025,838,1676,1448,0.8254613
602,/Volumes/SmithL0/2026/BIOL470/Final/Learning_Rig/bee_0408_3/rev/cam1_2026-04-08_18-45-06.mp4,1379.0,1132.0,1042,822,1716,1442,0.83403116
603,/Volumes/SmithL0/2026/BIOL470/Final/Learning_Rig/bee_0408_3/rev/cam1_2026-04-08_18-45-06.mp4,1402.5,1127.0,1048,816,1757,1438,0.8418142
604,/Volumes/SmithL0/2026/BIOL470/Final/Learning_Rig/bee_0408_3/rev/cam1_2026-04-08_18-45-06.mp4,1429.5,1144.5,1082,842,1777,1447,0.8148285
605,/Volumes/SmithL0/2026/BIOL470/Final/Learning_Rig/bee_0408_3/rev/cam1_2026-04-08_18-45-06.mp4,1440.5,1124.0,1097,803,1784,1445,0.81306404
606,/Volumes/SmithL0/2026/BIOL470/Final/Learning_Rig/bee_0408_3/rev/cam1_2026-04-08_18-45-06.mp4,1405.5,1112.5,1114,780,1697,1445,0.80064285
607,/Volumes/SmithL0/2026/BIOL470/Final/Learning_Rig/bee_0408_3/rev/cam1_2026-04-08_18-45-06.mp4,1409.5,1119.0,1127,774,1692,1464,0.8017245
608,/Volumes/SmithL0/2026/BIOL470/Final/Learning_Rig/bee_0408_3/rev/cam1_2026-04-08_18-45-06.mp4,1424.0,1156.0,1130,831,1718,1481,0.80598307
609,/Volumes/SmithL0/2026/BIOL470/Final/Learning_Rig/bee_0408_3/rev/cam1_2026-04-08_18-45-06.mp4,1426.5,1141.0,1133,807,1720,1475,0.81171936
610,/Volumes/SmithL0/2026/BIOL470/Final/Learning_Rig/bee_0408_3/rev/cam1_2026-04-08_18-45-06.mp4,1495.0,1149.5,1134,816,1856,1483,0.8360191
611,/Volumes/SmithL0/2026/BIOL470/Final/Learning_Rig/bee_0408_3/rev/cam1_2026-04-08_18-45-06.mp4,1489.5,1135.0,1123,792,1856,1478,0.82922935
612,/Volumes/SmithL0/2026/BIOL470/Final/Learning_Rig/bee_0408_3/rev/cam1_2026-04-08_18-45-06.mp4,1503.0,1122.5,1180,762,1826,1483,0.8333591
613,/Volumes/SmithL0/2026/BIOL470/Final/Learning_Rig/bee_0408_3/rev/cam1_2026-04-08_18-45-06.mp4,1516.0,1134.5,1180,785,1852,1484,0.83380264
614,/Volumes/SmithL0/2026/BIOL470/Final/Learning_Rig/bee_0408_3/rev/cam1_2026-04-08_18-45-06.mp4,1510.0,1147.0,1166,804,1854,1490,0.83538944
615,/Volumes/SmithL0/2026/BIOL470/Final/Learning_Rig/bee_0408_3/rev/cam1_2026-04-08_18-45-06.mp4,1514.0,1158.0,1170,819,1858,1497,0.8343796
616,/Volumes/SmithL0/2026/BIOL470/Final/Learning_Rig/bee_0408_3/rev/cam1_2026-04-08_18-45-06.mp4,1517.5,1166.0,1171,824,1864,1508,0.83770734
617,/Volumes/SmithL0/2026/BIOL470/Final/Learning_Rig/bee_0408_3/rev/cam1_2026-04-08_18-45-06.mp4,1522.0,1169.5,1170,821,1874,1518,0.8274541
618,/Volumes/SmithL0/2026/BIOL470/Final/Learning_Rig/bee_0408_3/rev/cam1_2026-04-08_18-45-06.mp4,1504.5,1158.5,1162,797,1847,1520,0.8239707
619,/Volumes/SmithL0/2026/BIOL470/Final/Learning_Rig/bee_0408_3/rev/cam1_2026-04-08_18-45-06.mp4,1519.0,1151.5,1173,786,1865,1517,0.8176242
620,/Volumes/SmithL0/2026/BIOL470/Final/Learning_Rig/bee_0408_3/rev/cam1_2026-04-08_18-45-06.mp4,1543.5,1154.5,1218,780,1869,1529,0.82427263
621,/Volumes/SmithL0/2026/BIOL470/Final/Learning_Rig/bee_0408_3/rev/cam1_2026-04-08_18-45-06.mp4,1545.5,1167.5,1224,811,1867,1524,0.82590216
622,/Volumes/SmithL0/2026/BIOL470/Final/Learning_Rig/bee_0408_3/rev/cam1_2026-04-08_18-45-06.mp4,1543.0,1163.0,1221,805,1865,1521,0.8227521
623,/Volumes/SmithL0/2026/BIOL470/Final/Learning_Rig/bee_0408_3/rev/cam1_2026-04-08_18-45-06.mp4,1537.5,1162.5,1212,807,1863,1518,0.8306099
624,/Volumes/SmithL0/2026/BIOL470/Final/Learning_Rig/bee_0408_3/rev/cam1_2026-04-08_18-45-06.mp4,1535.0,1159.0,1207,810,1863,1508,0.83380973
625,/Volumes/SmithL0/2026/BIOL470/Final/Learning_Rig/bee_0408_3/rev/cam1_2026-04-08_18-45-06.mp4,1536.0,1152.0,1213,813,1859,1491,0.83616835
626,/Volumes/SmithL0/2026/BIOL470/Final/Learning_Rig/bee_0408_3/rev/cam1_2026-04-08_18-45-06.mp4,1531.5,1143.5,1208,808,1855,1479,0.8496895
627,/Volumes/SmithL0/2026/BIOL470/Final/Learning_Rig/bee_0408_3/rev/cam1_2026-04-08_18-45-06.mp4,1526.0,1144.0,1198,811,1854,1477,0.8561007
628,/Volumes/SmithL0/2026/BIOL470/Final/Learning_Rig/bee_0408_3/rev/cam1_2026-04-08_18-45-06.mp4,1525.0,1166.0,1193,842,1857,1490,0.8331955
629,/Volumes/SmithL0/2026/BIOL470/Final/Learning_Rig/bee_0408_3/rev/cam1_2026-04-08_18-45-06.mp4,1524.0,1170.0,1192,841,1856,1499,0.8322061
630,/Volumes/SmithL0/2026/BIOL470/Final/Learning_Rig/bee_0408_3/rev/cam1_2026-04-08_18-45-06.mp4,1521.5,1168.5,1189,840,1854,1497,0.8395281
631,/Volumes/SmithL0/2026/BIOL470/Final/Learning_Rig/bee_0408_3/rev/cam1_2026-04-08_18-45-06.mp4,1520.0,1165.5,1187,834,1853,1497,0.84576666
632,/Volumes/SmithL0/2026/BIOL470/Final/Learning_Rig/bee_0408_3/rev/cam1_2026-04-08_18-45-06.mp4,1529.0,1168.0,1207,837,1851,1499,0.8402616
633,/Volumes/SmithL0/2026/BIOL470/Final/Learning_Rig/bee_0408_3/rev/cam1_2026-04-08_18-45-06.mp4,1534.5,1169.5,1219,836,1850,1503,0.83533746
634,/Volumes/SmithL0/2026/BIOL470/Final/Learning_Rig/bee_0408_3/rev/cam1_2026-04-08_18-45-06.mp4,1533.0,1168.0,1216,836,1850,1500,0.83707464
635,/Volumes/SmithL0/2026/BIOL470/Final/Learning_Rig/bee_0408_3/rev/cam1_2026-04-08_18-45-06.mp4,1530.5,1169.0,1212,837,1849,1501,0.8261862
636,/Volumes/SmithL0/2026/BIOL470/Final/Learning_Rig/bee_0408_3/rev/cam1_2026-04-08_18-45-06.mp4,1529.0,1169.0,1211,839,1847,1499,0.81387025
637,/Volumes/SmithL0/2026/BIOL470/Final/Learning_Rig/bee_0408_3/rev/cam1_2026-04-08_18-45-06.mp4,1526.0,1168.5,1211,843,1841,1494,0.8112082
638,/Volumes/SmithL0/2026/BIOL470/Final/Learning_Rig/bee_0408_3/rev/cam1_2026-04-08_18-45-06.mp4,1531.5,1159.5,1212,826,1851,1493,0.7685774
639,/Volumes/SmithL0/2026/BIOL470/Final/Learning_Rig/bee_0408_3/rev/cam1_2026-04-08_18-45-06.mp4,1528.5,1161.5,1206,826,1851,1497,0.77742887
640,/Volumes/SmithL0/2026/BIOL470/Final/Learning_Rig/bee_0408_3/rev/cam1_2026-04-08_18-45-06.mp4,1511.0,1171.5,1169,855,1853,1488,0.8121646
641,/Volumes/SmithL0/2026/BIOL470/Final/Learning_Rig/bee_0408_3/rev/cam1_2026-04-08_18-45-06.mp4,1496.5,1168.5,1189,847,1804,1490,0.8101026
642,/Volumes/SmithL0/2026/BIOL470/Final/Learning_Rig/bee_0408_3/rev/cam1_2026-04-08_18-45-06.mp4,1512.0,1173.5,1169,865,1855,1482,0.79600143
643,/Volumes/SmithL0/2026/BIOL470/Final/Learning_Rig/bee_0408_3/rev/cam1_2026-04-08_18-45-06.mp4,1509.5,1173.0,1176,861,1843,1485,0.81943136
644,/Volumes/SmithL0/2026/BIOL470/Final/Learning_Rig/bee_0408_3/rev/cam1_2026-04-08_18-45-06.mp4,1510.0,1182.0,1160,878,1860,1486,0.81431204
645,/Volumes/SmithL0/2026/BIOL470/Final/Learning_Rig/bee_0408_3/rev/cam1_2026-04-08_18-45-06.mp4,1512.5,1224.0,1155,950,1870,1498,0.82364947
646,/Volumes/SmithL0/2026/BIOL470/Final/Learning_Rig/bee_0408_3/rev/cam1_2026-04-08_18-45-06.mp4,1516.5,1224.5,1161,948,1872,1501,0.82065105
647,/Volumes/SmithL0/2026/BIOL470/Final/Learning_Rig/bee_0408_3/rev/cam1_2026-04-08_18-45-06.mp4,1519.0,1227.0,1156,950,1882,1504,0.8110793
648,/Volumes/SmithL0/2026/BIOL470/Final/Learning_Rig/bee_0408_3/rev/cam1_2026-04-08_18-45-06.mp4,1526.0,1227.0,1164,939,1888,1515,0.79713726
649,/Volumes/SmithL0/2026/BIOL470/Final/Learning_Rig/bee_0408_3/rev/cam1_2026-04-08_18-45-06.mp4,1527.5,1229.5,1164,942,1891,1517,0.7909059
650,/Volumes/SmithL0/2026/BIOL470/Final/Learning_Rig/bee_0408_3/rev/cam1_2026-04-08_18-45-06.mp4,1526.5,1231.5,1161,945,1892,1518,0.786956
651,/Volumes/SmithL0/2026/BIOL470/Final/Learning_Rig/bee_0408_3/rev/cam1_2026-04-08_18-45-06.mp4,1522.5,1234.0,1155,955,1890,1513,0.7929696
652,/Volumes/SmithL0/2026/BIOL470/Final/Learning_Rig/bee_0408_3/rev/cam1_2026-04-08_18-45-06.mp4,1523.5,1236.0,1156,958,1891,1514,0.78919756
653,/Volumes/SmithL0/2026/BIOL470/Final/Learning_Rig/bee_0408_3/rev/cam1_2026-04-08_18-45-06.mp4,1523.5,1236.0,1157,958,1890,1514,0.7912976
654,/Volumes/SmithL0/2026/BIOL470/Final/Learning_Rig/bee_0408_3/rev/cam1_2026-04-08_18-45-06.mp4,1524.5,1235.5,1157,958,1892,1513,0.78818417
655,/Volumes/SmithL0/2026/BIOL470/Final/Learning_Rig/bee_0408_3/rev/cam1_2026-04-08_18-45-06.mp4,1524.5,1237.0,1155,957,1894,1517,0.7855002
656,/Volumes/SmithL0/2026/BIOL470/Final/Learning_Rig/bee_0408_3/rev/cam1_2026-04-08_18-45-06.mp4,1527.0,1236.0,1159,955,1895,1517,0.78866464
657,/Volumes/SmithL0/2026/BIOL470/Final/Learning_Rig/bee_0408_3/rev/cam1_2026-04-08_18-45-06.mp4,1529.0,1234.5,1158,954,1900,1515,0.7850783
658,/Volumes/SmithL0/2026/BIOL470/Final/Learning_Rig/bee_0408_3/rev/cam1_2026-04-08_18-45-06.mp4,1533.5,1230.5,1163,947,1904,1514,0.78755695
659,/Volumes/SmithL0/2026/BIOL470/Final/Learning_Rig/bee_0408_3/rev/cam1_2026-04-08_18-45-06.mp4,1533.0,1228.5,1158,945,1908,1512,0.7912489
660,/Volumes/SmithL0/2026/BIOL470/Final/Learning_Rig/bee_0408_3/rev/cam1_2026-04-08_18-45-06.mp4,1532.5,1227.5,1157,944,1908,1511,0.7880545
661,/Volumes/SmithL0/2026/BIOL470/Final/Learning_Rig/bee_0408_3/rev/cam1_2026-04-08_18-45-06.mp4,1537.0,1229.0,1162,945,1912,1513,0.7877087
662,/Volumes/SmithL0/2026/BIOL470/Final/Learning_Rig/bee_0408_3/rev/cam1_2026-04-08_18-45-06.mp4,1536.5,1227.5,1162,944,1911,1511,0.7910535
663,/Volumes/SmithL0/2026/BIOL470/Final/Learning_Rig/bee_0408_3/rev/cam1_2026-04-08_18-45-06.mp4,1542.0,1228.0,1172,944,1912,1512,0.79427296
664,/Volumes/SmithL0/2026/BIOL470/Final/Learning_Rig/bee_0408_3/rev/cam1_2026-04-08_18-45-06.mp4,1534.5,1229.0,1160,944,1909,1514,0.79126555
665,/Volumes/SmithL0/2026/BIOL470/Final/Learning_Rig/bee_0408_3/rev/cam1_2026-04-08_18-45-06.mp4,1540.0,1228.5,1168,945,1912,1512,0.796681
666,/Volumes/SmithL0/2026/BIOL470/Final/Learning_Rig/bee_0408_3/rev/cam1_2026-04-08_18-45-06.mp4,1537.0,1229.0,1163,944,1911,1514,0.79479414
667,/Volumes/SmithL0/2026/BIOL470/Final/Learning_Rig/bee_0408_3/rev/cam1_2026-04-08_18-45-06.mp4,1533.0,1229.0,1154,945,1912,1513,0.79090977
668,/Volumes/SmithL0/2026/BIOL470/Final/Learning_Rig/bee_0408_3/rev/cam1_2026-04-08_18-45-06.mp4,1542.0,1229.5,1169,944,1915,1515,0.7966193
669,/Volumes/SmithL0/2026/BIOL470/Final/Learning_Rig/bee_0408_3/rev/cam1_2026-04-08_18-45-06.mp4,1552.5,1230.0,1187,943,1918,1517,0.8022572
670,/Volumes/SmithL0/2026/BIOL470/Final/Learning_Rig/bee_0408_3/rev/cam1_2026-04-08_18-45-06.mp4,1544.0,1230.0,1175,942,1913,1518,0.7950704
671,/Volumes/SmithL0/2026/BIOL470/Final/Learning_Rig/bee_0408_3/rev/cam1_2026-04-08_18-45-06.mp4,1548.5,1230.5,1183,942,1914,1519,0.7964028
672,/Volumes/SmithL0/2026/BIOL470/Final/Learning_Rig/bee_0408_3/rev/cam1_2026-04-08_18-45-06.mp4,1548.5,1230.5,1182,943,1915,1518,0.79563516
673,/Volumes/SmithL0/2026/BIOL470/Final/Learning_Rig/bee_0408_3/rev/cam1_2026-04-08_18-45-06.mp4,1544.0,1230.5,1171,942,1917,1519,0.793066
674,/Volumes/SmithL0/2026/BIOL470/Final/Learning_Rig/bee_0408_3/rev/cam1_2026-04-08_18-45-06.mp4,1551.0,1231.5,1182,942,1920,1521,0.7999031
675,/Volumes/SmithL0/2026/BIOL470/Final/Learning_Rig/bee_0408_3/rev/cam1_2026-04-08_18-45-06.mp4,1552.0,1232.0,1180,942,1924,1522,0.8008676
676,/Volumes/SmithL0/2026/BIOL470/Final/Learning_Rig/bee_0408_3/rev/cam1_2026-04-08_18-45-06.mp4,1556.0,1233.5,1182,943,1930,1524,0.804022
677,/Volumes/SmithL0/2026/BIOL470/Final/Learning_Rig/bee_0408_3/rev/cam1_2026-04-08_18-45-06.mp4,1561.0,1233.5,1185,940,1937,1527,0.80782324
678,/Volumes/SmithL0/2026/BIOL470/Final/Learning_Rig/bee_0408_3/rev/cam1_2026-04-08_18-45-06.mp4,1555.5,1235.0,1187,940,1924,1530,0.8096247
679,/Volumes/SmithL0/2026/BIOL470/Final/Learning_Rig/bee_0408_3/rev/cam1_2026-04-08_18-45-06.mp4,1558.0,1234.5,1191,939,1925,1530,0.81264174
680,/Volumes/SmithL0/2026/BIOL470/Final/Learning_Rig/bee_0408_3/rev/cam1_2026-04-08_18-45-06.mp4,1548.5,1234.0,1178,940,1919,1528,0.80391055
681,/Volumes/SmithL0/2026/BIOL470/Final/Learning_Rig/bee_0408_3/rev/cam1_2026-04-08_18-45-06.mp4,1544.0,1235.5,1174,940,1914,1531,0.8024611
682,/Volumes/SmithL0/2026/BIOL470/Final/Learning_Rig/bee_0408_3/rev/cam1_2026-04-08_18-45-06.mp4,1538.5,1237.0,1159,938,1918,1536,0.8002317
683,/Volumes/SmithL0/2026/BIOL470/Final/Learning_Rig/bee_0408_3/rev/cam1_2026-04-08_18-45-06.mp4,1541.5,1252.5,1168,975,1915,1530,0.7969631
684,/Volumes/SmithL0/2026/BIOL470/Final/Learning_Rig/bee_0408_3/rev/cam1_2026-04-08_18-45-06.mp4,1579.5,1240.0,1219,943,1940,1537,0.81087554
685,/Volumes/SmithL0/2026/BIOL470/Final/Learning_Rig/bee_0408_3/rev/cam1_2026-04-08_18-45-06.mp4,1572.5,1250.5,1204,979,1941,1522,0.7968911
686,/Volumes/SmithL0/2026/BIOL470/Final/Learning_Rig/bee_0408_3/rev/cam1_2026-04-08_18-45-06.mp4,1572.0,1273.5,1201,1013,1943,1534,0.79875165
687,/Volumes/SmithL0/2026/BIOL470/Final/Learning_Rig/bee_0408_3/rev/cam1_2026-04-08_18-45-06.mp4,1558.5,1287.0,1192,1019,1925,1555,0.7913383
688,/Volumes/SmithL0/2026/BIOL470/Final/Learning_Rig/bee_0408_3/rev/cam1_2026-04-08_18-45-06.mp4,1551.0,1333.0,1169,1029,1933,1637,0.79785913
689,/Volumes/SmithL0/2026/BIOL470/Final/Learning_Rig/bee_0408_3/rev/cam1_2026-04-08_18-45-06.mp4,1572.5,1311.5,1213,994,1932,1629,0.8100416
690,/Volumes/SmithL0/2026/BIOL470/Final/Learning_Rig/bee_0408_3/rev/cam1_2026-04-08_18-45-06.mp4,1570.0,1312.5,1215,1007,1925,1618,0.79751027
691,/Volumes/SmithL0/2026/BIOL470/Final/Learning_Rig/bee_0408_3/rev/cam1_2026-04-08_18-45-06.mp4,1563.5,1310.5,1202,1032,1925,1589,0.79595923
692,/Volumes/SmithL0/2026/BIOL470/Final/Learning_Rig/bee_0408_3/rev/cam1_2026-04-08_18-45-06.mp4,1566.0,1312.5,1205,1036,1927,1589,0.79453194
693,/Volumes/SmithL0/2026/BIOL470/Final/Learning_Rig/bee_0408_3/rev/cam1_2026-04-08_18-45-06.mp4,1581.0,1302.5,1215,1003,1947,1602,0.8219918
694,/Volumes/SmithL0/2026/BIOL470/Final/Learning_Rig/bee_0408_3/rev/cam1_2026-04-08_18-45-06.mp4,1598.5,1272.5,1251,944,1946,1601,0.81142896
695,/Volumes/SmithL0/2026/BIOL470/Final/Learning_Rig/bee_0408_3/rev/cam1_2026-04-08_18-45-06.mp4,1593.0,1270.0,1256,933,1930,1607,0.8038923
696,/Volumes/SmithL0/2026/BIOL470/Final/Learning_Rig/bee_0408_3/rev/cam1_2026-04-08_18-45-06.mp4,1600.0,1264.0,1300,951,1900,1577,0.8170991
697,/Volumes/SmithL0/2026/BIOL470/Final/Learning_Rig/bee_0408_3/rev/cam1_2026-04-08_18-45-06.mp4,1589.5,1262.0,1290,931,1889,1593,0.8353487
698,/Volumes/SmithL0/2026/BIOL470/Final/Learning_Rig/bee_0408_3/rev/cam1_2026-04-08_18-45-06.mp4,1544.0,1225.5,1268,862,1820,1589,0.8216207
699,/Volumes/SmithL0/2026/BIOL470/Final/Learning_Rig/bee_0408_3/rev/cam1_2026-04-08_18-45-06.mp4,1548.5,1212.0,1254,862,1843,1562,0.7966801
700,/Volumes/SmithL0/2026/BIOL470/Final/Learning_Rig/bee_0408_3/rev/cam1_2026-04-08_18-45-06.mp4,1538.0,1196.0,1268,855,1808,1537,0.77458984
701,/Volumes/SmithL0/2026/BIOL470/Final/Learning_Rig/bee_0408_3/rev/cam1_2026-04-08_18-45-06.mp4,1582.0,1190.0,1267,848,1897,1532,0.7800843
702,/Volumes/SmithL0/2026/BIOL470/Final/Learning_Rig/bee_0408_3/rev/cam1_2026-04-08_18-45-06.mp4,1550.0,1180.0,1265,839,1835,1521,0.8123624
703,/Volumes/SmithL0/2026/BIOL470/Final/Learning_Rig/bee_0408_3/rev/cam1_2026-04-08_18-45-06.mp4,1541.5,1168.0,1261,821,1822,1515,0.8480288
704,/Volumes/SmithL0/2026/BIOL470/Final/Learning_Rig/bee_0408_3/rev/cam1_2026-04-08_18-45-06.mp4,1512.0,1169.5,1225,826,1799,1513,0.85805666
705,/Volumes/SmithL0/2026/BIOL470/Final/Learning_Rig/bee_0408_3/rev/cam1_2026-04-08_18-45-06.mp4,1520.0,1150.0,1228,826,1812,1474,0.85350585
706,/Volumes/SmithL0/2026/BIOL470/Final/Learning_Rig/bee_0408_3/rev/cam1_2026-04-08_18-45-06.mp4,1523.0,1149.5,1228,825,1818,1474,0.8526982
707,/Volumes/SmithL0/2026/BIOL470/Final/Learning_Rig/bee_0408_3/rev/cam1_2026-04-08_18-45-06.mp4,1515.0,1147.0,1228,820,1802,1474,0.85282224
708,/Volumes/SmithL0/2026/BIOL470/Final/Learning_Rig/bee_0408_3/rev/cam1_2026-04-08_18-45-06.mp4,1516.0,1144.0,1227,817,1805,1471,0.85208064
709,/Volumes/SmithL0/2026/BIOL470/Final/Learning_Rig/bee_0408_3/rev/cam1_2026-04-08_18-45-06.mp4,1512.5,1138.0,1223,807,1802,1469,0.8503289
710,/Volumes/SmithL0/2026/BIOL470/Final/Learning_Rig/bee_0408_3/rev/cam1_2026-04-08_18-45-06.mp4,1514.0,1140.5,1226,790,1802,1491,0.8372053
711,/Volumes/SmithL0/2026/BIOL470/Final/Learning_Rig/bee_0408_3/rev/cam1_2026-04-08_18-45-06.mp4,1525.0,1144.0,1242,789,1808,1499,0.85696524
712,/Volumes/SmithL0/2026/BIOL470/Final/Learning_Rig/bee_0408_3/rev/cam1_2026-04-08_18-45-06.mp4,1528.0,1157.5,1241,795,1815,1520,0.84452206
713,/Volumes/SmithL0/2026/BIOL470/Final/Learning_Rig/bee_0408_3/rev/cam1_2026-04-08_18-45-06.mp4,1525.5,1161.0,1244,803,1807,1519,0.85217285
714,/Volumes/SmithL0/2026/BIOL470/Final/Learning_Rig/bee_0408_3/rev/cam1_2026-04-08_18-45-06.mp4,1527.0,1164.5,1244,809,1810,1520,0.83714384
715,/Volumes/SmithL0/2026/BIOL470/Final/Learning_Rig/bee_0408_3/rev/cam1_2026-04-08_18-45-06.mp4,1526.5,1167.5,1245,812,1808,1523,0.82757205
716,/Volumes/SmithL0/2026/BIOL470/Final/Learning_Rig/bee_0408_3/rev/cam1_2026-04-08_18-45-06.mp4,1531.0,1176.0,1243,821,1819,1531,0.82213646
717,/Volumes/SmithL0/2026/BIOL470/Final/Learning_Rig/bee_0408_3/rev/cam1_2026-04-08_18-45-06.mp4,1511.5,1198.5,1223,831,1800,1566,0.80166996
718,/Volumes/SmithL0/2026/BIOL470/Final/Learning_Rig/bee_0408_3/rev/cam1_2026-04-08_18-45-06.mp4,1498.0,1233.0,1200,868,1796,1598,0.8158374
719,/Volumes/SmithL0/2026/BIOL470/Final/Learning_Rig/bee_0408_3/rev/cam1_2026-04-08_18-45-06.mp4,1459.5,1245.5,1213,877,1706,1614,0.83495396
720,/Volumes/SmithL0/2026/BIOL470/Final/Learning_Rig/bee_0408_3/rev/cam1_2026-04-08_18-45-06.mp4,1467.0,1264.0,1214,902,1720,1626,0.8295365
721,/Volumes/SmithL0/2026/BIOL470/Final/Learning_Rig/bee_0408_3/rev/cam1_2026-04-08_18-45-06.mp4,1452.0,1278.0,1216,919,1688,1637,0.8135337
722,/Volumes/SmithL0/2026/BIOL470/Final/Learning_Rig/bee_0408_3/rev/cam1_2026-04-08_18-45-06.mp4,1441.0,1328.0,1170,954,1712,1702,0.8438875
723,/Volumes/SmithL0/2026/BIOL470/Final/Learning_Rig/bee_0408_3/rev/cam1_2026-04-08_18-45-06.mp4,1441.5,1348.0,1165,968,1718,1728,0.82929844
724,/Volumes/SmithL0/2026/BIOL470/Final/Learning_Rig/bee_0408_3/rev/cam1_2026-04-08_18-45-06.mp4,1456.5,1363.5,1170,972,1743,1755,0.82689464
725,/Volumes/SmithL0/2026/BIOL470/Final/Learning_Rig/bee_0408_3/rev/cam1_2026-04-08_18-45-06.mp4,1430.5,1372.0,1170,982,1691,1762,0.7623332
726,/Volumes/SmithL0/2026/BIOL470/Final/Learning_Rig/bee_0408_3/rev/cam1_2026-04-08_18-45-06.mp4,1425.0,1398.5,1159,1025,1691,1772,0.7516669
727,/Volumes/SmithL0/2026/BIOL470/Final/Learning_Rig/bee_0408_3/rev/cam1_2026-04-08_18-45-06.mp4,1436.5,1408.5,1156,1054,1717,1763,0.7972825
728,/Volumes/SmithL0/2026/BIOL470/Final/Learning_Rig/bee_0408_3/rev/cam1_2026-04-08_18-45-06.mp4,1425.0,1440.5,1073,1078,1777,1803,0.82228386
729,/Volumes/SmithL0/2026/BIOL470/Final/Learning_Rig/bee_0408_3/rev/cam1_2026-04-08_18-45-06.mp4,1452.0,1458.0,1152,1088,1752,1828,0.81639856
730,/Volumes/SmithL0/2026/BIOL470/Final/Learning_Rig/bee_0408_3/rev/cam1_2026-04-08_18-45-06.mp4,1419.5,1459.5,1144,1094,1695,1825,0.82947564
731,/Volumes/SmithL0/2026/BIOL470/Final/Learning_Rig/bee_0408_3/rev/cam1_2026-04-08_18-45-06.mp4,1429.5,1482.5,1162,1126,1697,1839,0.80013883
732,/Volumes/SmithL0/2026/BIOL470/Final/Learning_Rig/bee_0408_3/rev/cam1_2026-04-08_18-45-06.mp4,1438.0,1546.5,1142,1180,1734,1913,0.82359415
733,/Volumes/SmithL0/2026/BIOL470/Final/Learning_Rig/bee_0408_3/rev/cam1_2026-04-08_18-45-06.mp4,1448.5,1597.0,1173,1248,1724,1946,0.7964845
734,/Volumes/SmithL0/2026/BIOL470/Final/Learning_Rig/bee_0408_3/rev/cam1_2026-04-08_18-45-06.mp4,1410.0,1784.0,1159,1374,1661,2194,0.8552585
735,/Volumes/SmithL0/2026/BIOL470/Final/Learning_Rig/bee_0408_3/rev/cam1_2026-04-08_18-45-06.mp4,1414.0,1795.5,1172,1397,1656,2194,0.8516763
736,/Volumes/SmithL0/2026/BIOL470/Final/Learning_Rig/bee_0408_3/rev/cam1_2026-04-08_18-45-06.mp4,1422.5,1821.5,1188,1437,1657,2206,0.83348894
737,/Volumes/SmithL0/2026/BIOL470/Final/Learning_Rig/bee_0408_3/rev/cam1_2026-04-08_18-45-06.mp4,1421.5,1838.5,1185,1457,1658,2220,0.83035827
738,/Volumes/SmithL0/2026/BIOL470/Final/Learning_Rig/bee_0408_3/rev/cam1_2026-04-08_18-45-06.mp4,1438.0,1838.5,1201,1471,1675,2206,0.83923185
739,/Volumes/SmithL0/2026/BIOL470/Final/Learning_Rig/bee_0408_3/rev/cam1_2026-04-08_18-45-06.mp4,1427.5,1859.5,1181,1491,1674,2228,0.8443212
740,/Volumes/SmithL0/2026/BIOL470/Final/Learning_Rig/bee_0408_3/rev/cam1_2026-04-08_18-45-06.mp4,1408.5,1852.5,1159,1501,1658,2204,0.83167684
741,/Volumes/SmithL0/2026/BIOL470/Final/Learning_Rig/bee_0408_3/rev/cam1_2026-04-08_18-45-06.mp4,1437.5,1877.0,1146,1541,1729,2213,0.81693786
742,/Volumes/SmithL0/2026/BIOL470/Final/Learning_Rig/bee_0408_3/rev/cam1_2026-04-08_18-45-06.mp4,1363.0,1896.5,1100,1562,1626,2231,0.8026434
743,/Volumes/SmithL0/2026/BIOL470/Final/Learning_Rig/bee_0408_3/rev/cam1_2026-04-08_18-45-06.mp4,1431.0,1916.0,1122,1595,1740,2237,0.8197981
744,/Volumes/SmithL0/2026/BIOL470/Final/Learning_Rig/bee_0408_3/rev/cam1_2026-04-08_18-45-06.mp4,1393.5,1919.0,1135,1599,1652,2239,0.82799554
745,/Volumes/SmithL0/2026/BIOL470/Final/Learning_Rig/bee_0408_3/rev/cam1_2026-04-08_18-45-06.mp4,1350.5,1959.5,1085,1620,1616,2299,0.83843154
746,/Volumes/SmithL0/2026/BIOL470/Final/Learning_Rig/bee_0408_3/rev/cam1_2026-04-08_18-45-06.mp4,1359.5,2060.5,1063,1692,1656,2429,0.8254096
747,/Volumes/SmithL0/2026/BIOL470/Final/Learning_Rig/bee_0408_3/rev/cam1_2026-04-08_18-45-06.mp4,1352.5,2073.0,1051,1713,1654,2433,0.83868754
748,/Volumes/SmithL0/2026/BIOL470/Final/Learning_Rig/bee_0408_3/rev/cam1_2026-04-08_18-45-06.mp4,1336.5,2078.0,1022,1728,1651,2428,0.83309096
749,/Volumes/SmithL0/2026/BIOL470/Final/Learning_Rig/bee_0408_3/rev/cam1_2026-04-08_18-45-06.mp4,1301.0,2082.0,1047,1734,1555,2430,0.8279633
750,/Volumes/SmithL0/2026/BIOL470/Final/Learning_Rig/bee_0408_3/rev/cam1_2026-04-08_18-45-06.mp4,1291.5,2103.5,1012,1777,1571,2430,0.8355635
751,/Volumes/SmithL0/2026/BIOL470/Final/Learning_Rig/bee_0408_3/rev/cam1_2026-04-08_18-45-06.mp4,1293.0,2101.5,1014,1778,1572,2425,0.8361125
752,/Volumes/SmithL0/2026/BIOL470/Final/Learning_Rig/bee_0408_3/rev/cam1_2026-04-08_18-45-06.mp4,1292.0,2100.0,1007,1780,1577,2420,0.8313127
753,/Volumes/SmithL0/2026/BIOL470/Final/Learning_Rig/bee_0408_3/rev/cam1_2026-04-08_18-45-06.mp4,1296.5,2101.5,1007,1786,1586,2417,0.8206392
754,/Volumes/SmithL0/2026/BIOL470/Final/Learning_Rig/bee_0408_3/rev/cam1_2026-04-08_18-45-06.mp4,1294.5,2105.5,1007,1789,1582,2422,0.82753074
755,/Volumes/SmithL0/2026/BIOL470/Final/Learning_Rig/bee_0408_3/rev/cam1_2026-04-08_18-45-06.mp4,1294.0,2114.0,1008,1800,1580,2428,0.8339527
756,/Volumes/SmithL0/2026/BIOL470/Final/Learning_Rig/bee_0408_3/rev/cam1_2026-04-08_18-45-06.mp4,1289.0,2150.0,990,1855,1588,2445,0.8139393
757,/Volumes/SmithL0/2026/BIOL470/Final/Learning_Rig/bee_0408_3/rev/cam1_2026-04-08_18-45-06.mp4,1285.5,2135.5,985,1857,1586,2414,0.7874666
758,/Volumes/SmithL0/2026/BIOL470/Final/Learning_Rig/bee_0408_3/rev/cam1_2026-04-08_18-45-06.mp4,1267.5,2131.0,945,1859,1590,2403,0.7771331
759,/Volumes/SmithL0/2026/BIOL470/Final/Learning_Rig/bee_0408_3/rev/cam1_2026-04-08_18-45-06.mp4,1275.0,2138.0,960,1859,1590,2417,0.77776474
760,/Volumes/SmithL0/2026/BIOL470/Final/Learning_Rig/bee_0408_3/rev/cam1_2026-04-08_18-45-06.mp4,1279.0,2112.0,965,1857,1593,2367,0.80028665
761,/Volumes/SmithL0/2026/BIOL470/Final/Learning_Rig/bee_0408_3/rev/cam1_2026-04-08_18-45-06.mp4,1275.5,2108.5,957,1847,1594,2370,0.81028074
762,/Volumes/SmithL0/2026/BIOL470/Final/Learning_Rig/bee_0408_3/rev/cam1_2026-04-08_18-45-06.mp4,1268.0,2116.5,945,1860,1591,2373,0.803256
763,/Volumes/SmithL0/2026/BIOL470/Final/Learning_Rig/bee_0408_3/rev/cam1_2026-04-08_18-45-06.mp4,1266.5,2120.5,942,1860,1591,2381,0.8009126
764,/Volumes/SmithL0/2026/BIOL470/Final/Learning_Rig/bee_0408_3/rev/cam1_2026-04-08_18-45-06.mp4,1265.5,2122.5,950,1860,1581,2385,0.80251503
765,/Volumes/SmithL0/2026/BIOL470/Final/Learning_Rig/bee_0408_3/rev/cam1_2026-04-08_18-45-06.mp4,1267.5,2121.5,949,1861,1586,2382,0.8083854
766,/Volumes/SmithL0/2026/BIOL470/Final/Learning_Rig/bee_0408_3/rev/cam1_2026-04-08_18-45-06.mp4,1269.0,2121.0,947,1860,1591,2382,0.8090426
767,/Volumes/SmithL0/2026/BIOL470/Final/Learning_Rig/bee_0408_3/rev/cam1_2026-04-08_18-45-06.mp4,1264.0,2117.0,940,1856,1588,2378,0.8097417
768,/Volumes/SmithL0/2026/BIOL470/Final/Learning_Rig/bee_0408_3/rev/cam1_2026-04-08_18-45-06.mp4,1262.5,2129.0,944,1875,1581,2383,0.79752016
769,/Volumes/SmithL0/2026/BIOL470/Final/Learning_Rig/bee_0408_3/rev/cam1_2026-04-08_18-45-06.mp4,1268.5,2121.5,943,1860,1594,2383,0.81255937
770,/Volumes/SmithL0/2026/BIOL470/Final/Learning_Rig/bee_0408_3/rev/cam1_2026-04-08_18-45-06.mp4,1271.0,2117.5,942,1849,1600,2386,0.8116549
771,/Volumes/SmithL0/2026/BIOL470/Final/Learning_Rig/bee_0408_3/rev/cam1_2026-04-08_18-45-06.mp4,1250.5,2113.0,933,1849,1568,2377,0.7953498
772,/Volumes/SmithL0/2026/BIOL470/Final/Learning_Rig/bee_0408_3/rev/cam1_2026-04-08_18-45-06.mp4,1265.5,2121.5,941,1849,1590,2394,0.80614376
773,/Volumes/SmithL0/2026/BIOL470/Final/Learning_Rig/bee_0408_3/rev/cam1_2026-04-08_18-45-06.mp4,1254.5,2126.5,925,1858,1584,2395,0.8048113
774,/Volumes/SmithL0/2026/BIOL470/Final/Learning_Rig/bee_0408_3/rev/cam1_2026-04-08_18-45-06.mp4,1254.0,2131.5,921,1859,1587,2404,0.8178693
775,/Volumes/SmithL0/2026/BIOL470/Final/Learning_Rig/bee_0408_3/rev/cam1_2026-04-08_18-45-06.mp4,1254.0,2127.5,921,1860,1587,2395,0.80664366
776,/Volumes/SmithL0/2026/BIOL470/Final/Learning_Rig/bee_0408_3/rev/cam1_2026-04-08_18-45-06.mp4,1254.0,2126.0,916,1853,1592,2399,0.808502
777,/Volumes/SmithL0/2026/BIOL470/Final/Learning_Rig/bee_0408_3/rev/cam1_2026-04-08_18-45-06.mp4,1245.0,2135.0,903,1859,1587,2411,0.8218168
778,/Volumes/SmithL0/2026/BIOL470/Final/Learning_Rig/bee_0408_3/rev/cam1_2026-04-08_18-45-06.mp4,1234.0,2138.0,883,1862,1585,2414,0.81246793
779,/Volumes/SmithL0/2026/BIOL470/Final/Learning_Rig/bee_0408_3/rev/cam1_2026-04-08_18-45-06.mp4,1235.5,2138.0,885,1862,1586,2414,0.81563944
780,/Volumes/SmithL0/2026/BIOL470/Final/Learning_Rig/bee_0408_3/rev/cam1_2026-04-08_18-45-06.mp4,1232.5,2158.0,869,1923,1596,2393,0.7715132
781,/Volumes/SmithL0/2026/BIOL470/Final/Learning_Rig/bee_0408_3/rev/cam1_2026-04-08_18-45-06.mp4,1218.0,2161.5,858,1904,1578,2419,0.7774
782,/Volumes/SmithL0/2026/BIOL470/Final/Learning_Rig/bee_0408_3/rev/cam1_2026-04-08_18-45-06.mp4,1215.0,2164.0,857,1907,1573,2421,0.77276176
783,/Volumes/SmithL0/2026/BIOL470/Final/Learning_Rig/bee_0408_3/rev/cam1_2026-04-08_18-45-06.mp4,1225.0,2163.0,862,1920,1588,2406,0.78101975
784,/Volumes/SmithL0/2026/BIOL470/Final/Learning_Rig/bee_0408_3/rev/cam1_2026-04-08_18-45-06.mp4,1224.0,2167.5,865,1930,1583,2405,0.7864039
785,/Volumes/SmithL0/2026/BIOL470/Final/Learning_Rig/bee_0408_3/rev/cam1_2026-04-08_18-45-06.mp4,1217.5,2190.5,867,1964,1568,2417,0.801434
786,/Volumes/SmithL0/2026/BIOL470/Final/Learning_Rig/bee_0408_3/rev/cam1_2026-04-08_18-45-06.mp4,1213.5,2199.0,860,1971,1567,2427,0.8099993
787,/Volumes/SmithL0/2026/BIOL470/Final/Learning_Rig/bee_0408_3/rev/cam1_2026-04-08_18-45-06.mp4,1215.0,2197.5,864,1961,1566,2434,0.813154
788,/Volumes/SmithL0/2026/BIOL470/Final/Learning_Rig/bee_0408_3/rev/cam1_2026-04-08_18-45-06.mp4,1213.0,2237.0,859,2002,1567,2472,0.79849094
789,/Volumes/SmithL0/2026/BIOL470/Final/Learning_Rig/bee_0408_3/rev/cam1_2026-04-08_18-45-06.mp4,1215.5,2219.5,863,1973,1568,2466,0.80785125
790,/Volumes/SmithL0/2026/BIOL470/Final/Learning_Rig/bee_0408_3/rev/cam1_2026-04-08_18-45-06.mp4,1218.0,2237.5,866,1975,1570,2500,0.8131172
791,/Volumes/SmithL0/2026/BIOL470/Final/Learning_Rig/bee_0408_3/rev/cam1_2026-04-08_18-45-06.mp4,1215.5,2252.5,864,2007,1567,2498,0.8063714
792,/Volumes/SmithL0/2026/BIOL470/Final/Learning_Rig/bee_0408_3/rev/cam1_2026-04-08_18-45-06.mp4,1215.5,2254.0,864,2008,1567,2500,0.80944514
793,/Volumes/SmithL0/2026/BIOL470/Final/Learning_Rig/bee_0408_3/rev/cam1_2026-04-08_18-45-06.mp4,1216.5,2235.5,865,1976,1568,2495,0.81248564
794,/Volumes/SmithL0/2026/BIOL470/Final/Learning_Rig/bee_0408_3/rev/cam1_2026-04-08_18-45-06.mp4,1217.0,2266.5,868,2017,1566,2516,0.8129049
795,/Volumes/SmithL0/2026/BIOL470/Final/Learning_Rig/bee_0408_3/rev/cam1_2026-04-08_18-45-06.mp4,1216.0,2253.0,866,2003,1566,2503,0.81159943
796,/Volumes/SmithL0/2026/BIOL470/Final/Learning_Rig/bee_0408_3/rev/cam1_2026-04-08_18-45-06.mp4,1216.5,2251.5,867,2004,1566,2499,0.81394404
797,/Volumes/SmithL0/2026/BIOL470/Final/Learning_Rig/bee_0408_3/rev/cam1_2026-04-08_18-45-06.mp4,1217.0,2263.0,867,2024,1567,2502,0.810987
798,/Volumes/SmithL0/2026/BIOL470/Final/Learning_Rig/bee_0408_3/rev/cam1_2026-04-08_18-45-06.mp4,1217.5,2237.0,868,2004,1567,2470,0.8069241
799,/Volumes/SmithL0/2026/BIOL470/Final/Learning_Rig/bee_0408_3/rev/cam1_2026-04-08_18-45-06.mp4,1216.0,2235.0,865,2009,1567,2461,0.79864746
800,/Volumes/SmithL0/2026/BIOL470/Final/Learning_Rig/bee_0408_3/rev/cam1_2026-04-08_18-45-06.mp4,1214.0,2240.0,861,2023,1567,2457,0.79234874
801,/Volumes/SmithL0/2026/BIOL470/Final/Learning_Rig/bee_0408_3/rev/cam1_2026-04-08_18-45-06.mp4,1221.5,2219.5,862,2006,1581,2433,0.7420456
802,/Volumes/SmithL0/2026/BIOL470/Final/Learning_Rig/bee_0408_3/rev/cam1_2026-04-08_18-45-06.mp4,1219.0,2216.5,862,2007,1576,2426,0.73026127
803,/Volumes/SmithL0/2026/BIOL470/Final/Learning_Rig/bee_0408_3/rev/cam1_2026-04-08_18-45-06.mp4,1213.5,2221.0,860,2023,1567,2419,0.7199503
804,/Volumes/SmithL0/2026/BIOL470/Final/Learning_Rig/bee_0408_3/rev/cam1_2026-04-08_18-45-06.mp4,1214.5,2199.5,857,1968,1572,2431,0.80402344
805,/Volumes/SmithL0/2026/BIOL470/Final/Learning_Rig/bee_0408_3/rev/cam1_2026-04-08_18-45-06.mp4,1222.5,2204.5,853,1967,1592,2442,0.75947833
806,/Volumes/SmithL0/2026/BIOL470/Final/Learning_Rig/bee_0408_3/rev/cam1_2026-04-08_18-45-06.mp4,1225.5,2205.5,852,1971,1599,2440,0.8072875
807,/Volumes/SmithL0/2026/BIOL470/Final/Learning_Rig/bee_0408_3/rev/cam1_2026-04-08_18-45-06.mp4,1226.0,2200.0,848,1966,1604,2434,0.75865614
808,/Volumes/SmithL0/2026/BIOL470/Final/Learning_Rig/bee_0408_3/rev/cam1_2026-04-08_18-45-06.mp4,1225.0,2211.5,848,1979,1602,2444,0.7526612
809,/Volumes/SmithL0/2026/BIOL470/Final/Learning_Rig/bee_0408_3/rev/cam1_2026-04-08_18-45-06.mp4,1227.5,2205.5,847,1971,1608,2440,0.8030605
810,/Volumes/SmithL0/2026/BIOL470/Final/Learning_Rig/bee_0408_3/rev/cam1_2026-04-08_18-45-06.mp4,1226.0,2201.0,840,1969,1612,2433,0.8069014
811,/Volumes/SmithL0/2026/BIOL470/Final/Learning_Rig/bee_0408_3/rev/cam1_2026-04-08_18-45-06.mp4,1226.5,2202.0,838,1968,1615,2436,0.77233875
812,/Volumes/SmithL0/2026/BIOL470/Final/Learning_Rig/bee_0408_3/rev/cam1_2026-04-08_18-45-06.mp4,1231.5,2207.5,837,1978,1626,2437,0.749855
813,/Volumes/SmithL0/2026/BIOL470/Final/Learning_Rig/bee_0408_3/rev/cam1_2026-04-08_18-45-06.mp4,1225.0,2197.0,839,1965,1611,2429,0.7451131
814,/Volumes/SmithL0/2026/BIOL470/Final/Learning_Rig/bee_0408_3/rev/cam1_2026-04-08_18-45-06.mp4,1224.5,2203.5,833,1974,1616,2433,0.74708664
815,/Volumes/SmithL0/2026/BIOL470/Final/Learning_Rig/bee_0408_3/rev/cam1_2026-04-08_18-45-06.mp4,1226.5,2192.0,835,1970,1618,2414,0.6946877
816,/Volumes/SmithL0/2026/BIOL470/Final/Learning_Rig/bee_0408_3/rev/cam1_2026-04-08_18-45-06.mp4,1216.5,2214.0,827,1997,1606,2431,0.73919386
817,/Volumes/SmithL0/2026/BIOL470/Final/Learning_Rig/bee_0408_3/rev/cam1_2026-04-08_18-45-06.mp4,1218.5,2197.5,830,1972,1607,2423,0.71821785
818,/Volumes/SmithL0/2026/BIOL470/Final/Learning_Rig/bee_0408_3/rev/cam1_2026-04-08_18-45-06.mp4,1216.5,2214.0,829,2001,1604,2427,0.73722064
819,/Volumes/SmithL0/2026/BIOL470/Final/Learning_Rig/bee_0408_3/rev/cam1_2026-04-08_18-45-06.mp4,1213.5,2225.0,826,2021,1601,2429,0.720933
820,/Volumes/SmithL0/2026/BIOL470/Final/Learning_Rig/bee_0408_3/rev/cam1_2026-04-08_18-45-06.mp4,1213.0,2195.0,825,1984,1601,2406,0.72296625
821,/Volumes/SmithL0/2026/BIOL470/Final/Learning_Rig/bee_0408_3/rev/cam1_2026-04-08_18-45-06.mp4,1209.0,2221.5,821,2019,1597,2424,0.7244271
822,/Volumes/SmithL0/2026/BIOL470/Final/Learning_Rig/bee_0408_3/rev/cam1_2026-04-08_18-45-06.mp4,1209.0,2218.5,822,2012,1596,2425,0.7414161
823,/Volumes/SmithL0/2026/BIOL470/Final/Learning_Rig/bee_0408_3/rev/cam1_2026-04-08_18-45-06.mp4,1209.0,2222.5,822,2021,1596,2424,0.71115726
824,/Volumes/SmithL0/2026/BIOL470/Final/Learning_Rig/bee_0408_3/rev/cam1_2026-04-08_18-45-06.mp4,1210.0,2196.5,820,1996,1600,2397,0.7048531
825,/Volumes/SmithL0/2026/BIOL470/Final/Learning_Rig/bee_0408_3/rev/cam1_2026-04-08_18-45-06.mp4,1213.0,2192.5,822,1990,1604,2395,0.6993502
826,/Volumes/SmithL0/2026/BIOL470/Final/Learning_Rig/bee_0408_3/rev/cam1_2026-04-08_18-45-06.mp4,1216.0,2189.5,828,1988,1604,2391,0.6888853
827,/Volumes/SmithL0/2026/BIOL470/Final/Learning_Rig/bee_0408_3/rev/cam1_2026-04-08_18-45-06.mp4,1214.5,2191.5,826,1997,1603,2386,0.67483795
828,/Volumes/SmithL0/2026/BIOL470/Final/Learning_Rig/bee_0408_3/rev/cam1_2026-04-08_18-45-06.mp4,1216.5,2186.5,827,1982,1606,2391,0.6745476
829,/Volumes/SmithL0/2026/BIOL470/Final/Learning_Rig/bee_0408_3/rev/cam1_2026-04-08_18-45-06.mp4,1217.0,2186.5,829,1981,1605,2392,0.6800924
830,/Volumes/SmithL0/2026/BIOL470/Final/Learning_Rig/bee_0408_3/rev/cam1_2026-04-08_18-45-06.mp4,1215.5,2194.0,829,1996,1602,2392,0.6963675
831,/Volumes/SmithL0/2026/BIOL470/Final/Learning_Rig/bee_0408_3/rev/cam1_2026-04-08_18-45-06.mp4,1216.0,2191.5,829,1991,1603,2392,0.6854139
832,/Volumes/SmithL0/2026/BIOL470/Final/Learning_Rig/bee_0408_3/rev/cam1_2026-04-08_18-45-06.mp4,1217.0,2184.0,830,1980,1604,2388,0.6703916
833,/Volumes/SmithL0/2026/BIOL470/Final/Learning_Rig/bee_0408_3/rev/cam1_2026-04-08_18-45-06.mp4,1217.5,2195.5,828,2004,1607,2387,0.6932184
834,/Volumes/SmithL0/2026/BIOL470/Final/Learning_Rig/bee_0408_3/rev/cam1_2026-04-08_18-45-06.mp4,1218.5,2186.0,832,1983,1605,2389,0.66306007
835,/Volumes/SmithL0/2026/BIOL470/Final/Learning_Rig/bee_0408_3/rev/cam1_2026-04-08_18-45-06.mp4,1217.0,2181.5,831,1976,1603,2387,0.6586246
836,/Volumes/SmithL0/2026/BIOL470/Final/Learning_Rig/bee_0408_3/rev/cam1_2026-04-08_18-45-06.mp4,1217.5,2173.5,829,1969,1606,2378,0.6269515
837,/Volumes/SmithL0/2026/BIOL470/Final/Learning_Rig/bee_0408_3/rev/cam1_2026-04-08_18-45-06.mp4,1215.0,2182.5,828,1977,1602,2388,0.676492
838,/Volumes/SmithL0/2026/BIOL470/Final/Learning_Rig/bee_0408_3/rev/cam1_2026-04-08_18-45-06.mp4,1215.5,2189.5,828,1989,1603,2390,0.6611077
839,/Volumes/SmithL0/2026/BIOL470/Final/Learning_Rig/bee_0408_3/rev/cam1_2026-04-08_18-45-06.mp4,1216.0,2181.0,828,1972,1604,2390,0.65406823
840,/Volumes/SmithL0/2026/BIOL470/Final/Learning_Rig/bee_0408_3/rev/cam1_2026-04-08_18-45-06.mp4,1215.5,2182.5,830,1977,1601,2388,0.644043
841,/Volumes/SmithL0/2026/BIOL470/Final/Learning_Rig/bee_0408_3/rev/cam1_2026-04-08_18-45-06.mp4,1199.0,2246.5,817,2054,1581,2439,0.53011507
842,/Volumes/SmithL0/2026/BIOL470/Final/Learning_Rig/bee_0408_3/rev/cam1_2026-04-08_18-45-06.mp4,1207.5,2230.0,827,2037,1588,2423,0.7013294
843,/Volumes/SmithL0/2026/BIOL470/Final/Learning_Rig/bee_0408_3/rev/cam1_2026-04-08_18-45-06.mp4,1198.5,2231.0,828,2038,1569,2424,0.7420722
844,/Volumes/SmithL0/2026/BIOL470/Final/Learning_Rig/bee_0408_3/rev/cam1_2026-04-08_18-45-06.mp4,1198.0,2226.0,828,2027,1568,2425,0.714101
845,/Volumes/SmithL0/2026/BIOL470/Final/Learning_Rig/bee_0408_3/rev/cam1_2026-04-08_18-45-06.mp4,1196.5,2235.0,826,2026,1567,2444,0.7067839
846,/Volumes/SmithL0/2026/BIOL470/Final/Learning_Rig/bee_0408_3/rev/cam1_2026-04-08_18-45-06.mp4,1199.0,2240.0,830,2034,1568,2446,0.7638109
847,/Volumes/SmithL0/2026/BIOL470/Final/Learning_Rig/bee_0408_3/rev/cam1_2026-04-08_18-45-06.mp4,1196.5,2244.0,826,2040,1567,2448,0.7452441
848,/Volumes/SmithL0/2026/BIOL470/Final/Learning_Rig/bee_0408_3/rev/cam1_2026-04-08_18-45-06.mp4,1199.0,2237.5,831,2027,1567,2448,0.7569379
849,/Volumes/SmithL0/2026/BIOL470/Final/Learning_Rig/bee_0408_3/rev/cam1_2026-04-08_18-45-06.mp4,1199.0,2243.0,831,2036,1567,2450,0.75316983
850,/Volumes/SmithL0/2026/BIOL470/Final/Learning_Rig/bee_0408_3/rev/cam1_2026-04-08_18-45-06.mp4,1200.0,2236.0,833,2024,1567,2448,0.7557547
851,/Volumes/SmithL0/2026/BIOL470/Final/Learning_Rig/bee_0408_3/rev/cam1_2026-04-08_18-45-06.mp4,1199.5,2242.5,832,2037,1567,2448,0.7734067
852,/Volumes/SmithL0/2026/BIOL470/Final/Learning_Rig/bee_0408_3/rev/cam1_2026-04-08_18-45-06.mp4,1200.0,2244.0,833,2035,1567,2453,0.77083975
853,/Volumes/SmithL0/2026/BIOL470/Final/Learning_Rig/bee_0408_3/rev/cam1_2026-04-08_18-45-06.mp4,1199.5,2243.5,833,2032,1566,2455,0.765784
854,/Volumes/SmithL0/2026/BIOL470/Final/Learning_Rig/bee_0408_3/rev/cam1_2026-04-08_18-45-06.mp4,1199.5,2236.0,832,2018,1567,2454,0.7497744
855,/Volumes/SmithL0/2026/BIOL470/Final/Learning_Rig/bee_0408_3/rev/cam1_2026-04-08_18-45-06.mp4,1199.0,2244.0,835,2037,1563,2451,0.771516
856,/Volumes/SmithL0/2026/BIOL470/Final/Learning_Rig/bee_0408_3/rev/cam1_2026-04-08_18-45-06.mp4,1198.5,2235.0,833,2021,1564,2449,0.7552435
857,/Volumes/SmithL0/2026/BIOL470/Final/Learning_Rig/bee_0408_3/rev/cam1_2026-04-08_18-45-06.mp4,1198.0,2231.5,831,2019,1565,2444,0.74341923
858,/Volumes/SmithL0/2026/BIOL470/Final/Learning_Rig/bee_0408_3/rev/cam1_2026-04-08_18-45-06.mp4,1200.0,2233.5,835,2040,1565,2427,0.7663947
859,/Volumes/SmithL0/2026/BIOL470/Final/Learning_Rig/bee_0408_3/rev/cam1_2026-04-08_18-45-06.mp4,1197.5,2231.5,834,2031,1561,2432,0.7564804
860,/Volumes/SmithL0/2026/BIOL470/Final/Learning_Rig/bee_0408_3/rev/cam1_2026-04-08_18-45-06.mp4,1197.5,2220.5,833,2008,1562,2433,0.7389646
861,/Volumes/SmithL0/2026/BIOL470/Final/Learning_Rig/bee_0408_3/rev/cam1_2026-04-08_18-45-06.mp4,1195.0,2194.5,827,1982,1563,2407,0.80629784
862,/Volumes/SmithL0/2026/BIOL470/Final/Learning_Rig/bee_0408_3/rev/cam1_2026-04-08_18-45-06.mp4,1194.0,2202.0,835,1993,1553,2411,0.72848445
863,/Volumes/SmithL0/2026/BIOL470/Final/Learning_Rig/bee_0408_3/rev/cam1_2026-04-08_18-45-06.mp4,1192.0,2221.0,831,2033,1553,2409,0.7534427
864,/Volumes/SmithL0/2026/BIOL470/Final/Learning_Rig/bee_0408_3/rev/cam1_2026-04-08_18-45-06.mp4,1192.0,2190.0,820,1973,1564,2407,0.7994296
865,/Volumes/SmithL0/2026/BIOL470/Final/Learning_Rig/bee_0408_3/rev/cam1_2026-04-08_18-45-06.mp4,1198.0,2187.0,838,1966,1558,2408,0.8046187
866,/Volumes/SmithL0/2026/BIOL470/Final/Learning_Rig/bee_0408_3/rev/cam1_2026-04-08_18-45-06.mp4,1195.5,2174.0,835,1935,1556,2413,0.80294067
867,/Volumes/SmithL0/2026/BIOL470/Final/Learning_Rig/bee_0408_3/rev/cam1_2026-04-08_18-45-06.mp4,1187.5,2190.0,830,1972,1545,2408,0.80971426
868,/Volumes/SmithL0/2026/BIOL470/Final/Learning_Rig/bee_0408_3/rev/cam1_2026-04-08_18-45-06.mp4,1179.0,2186.0,824,1961,1534,2411,0.7316045
869,/Volumes/SmithL0/2026/BIOL470/Final/Learning_Rig/bee_0408_3/rev/cam1_2026-04-08_18-45-06.mp4,1177.0,2191.0,816,1961,1538,2421,0.7813021
870,/Volumes/SmithL0/2026/BIOL470/Final/Learning_Rig/bee_0408_3/rev/cam1_2026-04-08_18-45-06.mp4,1179.5,2193.0,820,1964,1539,2422,0.79111946
871,/Volumes/SmithL0/2026/BIOL470/Final/Learning_Rig/bee_0408_3/rev/cam1_2026-04-08_18-45-06.mp4,1173.5,2187.0,827,1961,1520,2413,0.8028331
872,/Volumes/SmithL0/2026/BIOL470/Final/Learning_Rig/bee_0408_3/rev/cam1_2026-04-08_18-45-06.mp4,1179.5,2131.0,836,1852,1523,2410,0.7926639
873,/Volumes/SmithL0/2026/BIOL470/Final/Learning_Rig/bee_0408_3/rev/cam1_2026-04-08_18-45-06.mp4,1185.0,2134.5,834,1858,1536,2411,0.79627544
874,/Volumes/SmithL0/2026/BIOL470/Final/Learning_Rig/bee_0408_3/rev/cam1_2026-04-08_18-45-06.mp4,1187.5,2136.0,833,1857,1542,2415,0.7972429
875,/Volumes/SmithL0/2026/BIOL470/Final/Learning_Rig/bee_0408_3/rev/cam1_2026-04-08_18-45-06.mp4,1192.5,2137.5,833,1861,1552,2414,0.7979572
876,/Volumes/SmithL0/2026/BIOL470/Final/Learning_Rig/bee_0408_3/rev/cam1_2026-04-08_18-45-06.mp4,1186.0,2137.5,831,1862,1541,2413,0.7980753
877,/Volumes/SmithL0/2026/BIOL470/Final/Learning_Rig/bee_0408_3/rev/cam1_2026-04-08_18-45-06.mp4,1207.5,2156.5,853,1893,1562,2420,0.8172955
878,/Volumes/SmithL0/2026/BIOL470/Final/Learning_Rig/bee_0408_3/rev/cam1_2026-04-08_18-45-06.mp4,1212.5,2152.5,861,1896,1564,2409,0.795199
879,/Volumes/SmithL0/2026/BIOL470/Final/Learning_Rig/bee_0408_3/rev/cam1_2026-04-08_18-45-06.mp4,1217.0,2157.0,869,1904,1565,2410,0.79174817
880,/Volumes/SmithL0/2026/BIOL470/Final/Learning_Rig/bee_0408_3/rev/cam1_2026-04-08_18-45-06.mp4,1220.0,2143.5,872,1865,1568,2422,0.81110024
881,/Volumes/SmithL0/2026/BIOL470/Final/Learning_Rig/bee_0408_3/rev/cam1_2026-04-08_18-45-06.mp4,1234.0,2132.0,880,1857,1588,2407,0.78823733
882,/Volumes/SmithL0/2026/BIOL470/Final/Learning_Rig/bee_0408_3/rev/cam1_2026-04-08_18-45-06.mp4,1231.0,2140.5,873,1860,1589,2421,0.7949553
883,/Volumes/SmithL0/2026/BIOL470/Final/Learning_Rig/bee_0408_3/rev/cam1_2026-04-08_18-45-06.mp4,1229.0,2134.0,885,1864,1573,2404,0.7926507
884,/Volumes/SmithL0/2026/BIOL470/Final/Learning_Rig/bee_0408_3/rev/cam1_2026-04-08_18-45-06.mp4,1218.0,2145.5,870,1864,1566,2427,0.82981116
885,/Volumes/SmithL0/2026/BIOL470/Final/Learning_Rig/bee_0408_3/rev/cam1_2026-04-08_18-45-06.mp4,1217.5,2139.5,871,1863,1564,2416,0.8048283
886,/Volumes/SmithL0/2026/BIOL470/Final/Learning_Rig/bee_0408_3/rev/cam1_2026-04-08_18-45-06.mp4,1217.0,2129.5,871,1862,1563,2397,0.80348784
887,/Volumes/SmithL0/2026/BIOL470/Final/Learning_Rig/bee_0408_3/rev/cam1_2026-04-08_18-45-06.mp4,1218.0,2130.0,873,1862,1563,2398,0.80721754
888,/Volumes/SmithL0/2026/BIOL470/Final/Learning_Rig/bee_0408_3/rev/cam1_2026-04-08_18-45-06.mp4,1215.0,2152.5,869,1889,1561,2416,0.82223475
889,/Volumes/SmithL0/2026/BIOL470/Final/Learning_Rig/bee_0408_3/rev/cam1_2026-04-08_18-45-06.mp4,1215.0,2132.0,868,1862,1562,2402,0.8099121
890,/Volumes/SmithL0/2026/BIOL470/Final/Learning_Rig/bee_0408_3/rev/cam1_2026-04-08_18-45-06.mp4,1216.0,2126.0,871,1862,1561,2390,0.8136205
891,/Volumes/SmithL0/2026/BIOL470/Final/Learning_Rig/bee_0408_3/rev/cam1_2026-04-08_18-45-06.mp4,1207.0,2151.0,861,1866,1553,2436,0.8247249
892,/Volumes/SmithL0/2026/BIOL470/Final/Learning_Rig/bee_0408_3/rev/cam1_2026-04-08_18-45-06.mp4,1211.0,2134.5,862,1864,1560,2405,0.81908554
893,/Volumes/SmithL0/2026/BIOL470/Final/Learning_Rig/bee_0408_3/rev/cam1_2026-04-08_18-45-06.mp4,1211.0,2138.5,864,1868,1558,2409,0.81807244
894,/Volumes/SmithL0/2026/BIOL470/Final/Learning_Rig/bee_0408_3/rev/cam1_2026-04-08_18-45-06.mp4,1211.5,2132.0,864,1867,1559,2397,0.8180081
895,/Volumes/SmithL0/2026/BIOL470/Final/Learning_Rig/bee_0408_3/rev/cam1_2026-04-08_18-45-06.mp4,1211.0,2134.0,863,1869,1559,2399,0.8195807
896,/Volumes/SmithL0/2026/BIOL470/Final/Learning_Rig/bee_0408_3/rev/cam1_2026-04-08_18-45-06.mp4,1212.0,2135.0,865,1872,1559,2398,0.81821644
897,/Volumes/SmithL0/2026/BIOL470/Final/Learning_Rig/bee_0408_3/rev/cam1_2026-04-08_18-45-06.mp4,1213.0,2154.0,862,1890,1564,2418,0.81986636
898,/Volumes/SmithL0/2026/BIOL470/Final/Learning_Rig/bee_0408_3/rev/cam1_2026-04-08_18-45-06.mp4,1211.5,2140.5,862,1868,1561,2413,0.81692857
899,/Volumes/SmithL0/2026/BIOL470/Final/Learning_Rig/bee_0408_3/rev/cam1_2026-04-08_18-45-06.mp4,1212.0,2144.0,862,1866,1562,2422,0.8163551
900,/Volumes/SmithL0/2026/BIOL470/Final/Learning_Rig/bee_0408_3/rev/cam1_2026-04-08_18-45-06.mp4,1214.0,2135.0,864,1863,1564,2407,0.8132652
901,/Volumes/SmithL0/2026/BIOL470/Final/Learning_Rig/bee_0408_3/rev/cam1_2026-04-08_18-45-06.mp4,1213.5,2135.0,863,1862,1564,2408,0.815062
902,/Volumes/SmithL0/2026/BIOL470/Final/Learning_Rig/bee_0408_3/rev/cam1_2026-04-08_18-45-06.mp4,1219.0,2136.5,870,1875,1568,2398,0.81835663
903,/Volumes/SmithL0/2026/BIOL470/Final/Learning_Rig/bee_0408_3/rev/cam1_2026-04-08_18-45-06.mp4,1212.0,2137.0,862,1862,1562,2412,0.814722
904,/Volumes/SmithL0/2026/BIOL470/Final/Learning_Rig/bee_0408_3/rev/cam1_2026-04-08_18-45-06.mp4,1211.0,2144.5,861,1864,1561,2425,0.8204579
905,/Volumes/SmithL0/2026/BIOL470/Final/Learning_Rig/bee_0408_3/rev/cam1_2026-04-08_18-45-06.mp4,1211.5,2141.5,861,1862,1562,2421,0.81619537
906,/Volumes/SmithL0/2026/BIOL470/Final/Learning_Rig/bee_0408_3/rev/cam1_2026-04-08_18-45-06.mp4,1211.0,2130.0,860,1860,1562,2400,0.8075356
907,/Volumes/SmithL0/2026/BIOL470/Final/Learning_Rig/bee_0408_3/rev/cam1_2026-04-08_18-45-06.mp4,1210.5,2135.0,858,1860,1563,2410,0.8119134
908,/Volumes/SmithL0/2026/BIOL470/Final/Learning_Rig/bee_0408_3/rev/cam1_2026-04-08_18-45-06.mp4,1215.0,2136.5,863,1870,1567,2403,0.8289595
909,/Volumes/SmithL0/2026/BIOL470/Final/Learning_Rig/bee_0408_3/rev/cam1_2026-04-08_18-45-06.mp4,1209.5,2142.0,857,1861,1562,2423,0.8223989
910,/Volumes/SmithL0/2026/BIOL470/Final/Learning_Rig/bee_0408_3/rev/cam1_2026-04-08_18-45-06.mp4,1208.5,2145.5,854,1860,1563,2431,0.8268174
911,/Volumes/SmithL0/2026/BIOL470/Final/Learning_Rig/bee_0408_3/rev/cam1_2026-04-08_18-45-06.mp4,1208.0,2139.5,853,1860,1563,2419,0.8201541
912,/Volumes/SmithL0/2026/BIOL470/Final/Learning_Rig/bee_0408_3/rev/cam1_2026-04-08_18-45-06.mp4,1207.5,2136.0,850,1860,1565,2412,0.81451964
913,/Volumes/SmithL0/2026/BIOL470/Final/Learning_Rig/bee_0408_3/rev/cam1_2026-04-08_18-45-06.mp4,1207.0,2141.0,850,1860,1564,2422,0.81927466
914,/Volumes/SmithL0/2026/BIOL470/Final/Learning_Rig/bee_0408_3/rev/cam1_2026-04-08_18-45-06.mp4,1211.0,2138.0,858,1867,1564,2409,0.82698333
915,/Volumes/SmithL0/2026/BIOL470/Final/Learning_Rig/bee_0408_3/rev/cam1_2026-04-08_18-45-06.mp4,1213.5,2138.5,862,1870,1565,2407,0.8262184
916,/Volumes/SmithL0/2026/BIOL470/Final/Learning_Rig/bee_0408_3/rev/cam1_2026-04-08_18-45-06.mp4,1205.5,2135.5,847,1860,1564,2411,0.8136885
917,/Volumes/SmithL0/2026/BIOL470/Final/Learning_Rig/bee_0408_3/rev/cam1_2026-04-08_18-45-06.mp4,1202.0,2146.0,845,1860,1559,2432,0.8117545
918,/Volumes/SmithL0/2026/BIOL470/Final/Learning_Rig/bee_0408_3/rev/cam1_2026-04-08_18-45-06.mp4,1204.5,2136.0,848,1864,1561,2408,0.81510615
919,/Volumes/SmithL0/2026/BIOL470/Final/Learning_Rig/bee_0408_3/rev/cam1_2026-04-08_18-45-06.mp4,1184.5,2138.5,846,1868,1523,2409,0.8000946
920,/Volumes/SmithL0/2026/BIOL470/Final/Learning_Rig/bee_0408_3/rev/cam1_2026-04-08_18-45-06.mp4,1187.0,2147.5,836,1859,1538,2436,0.796575
921,/Volumes/SmithL0/2026/BIOL470/Final/Learning_Rig/bee_0408_3/rev/cam1_2026-04-08_18-45-06.mp4,1199.0,2157.0,841,1859,1557,2455,0.8113015
922,/Volumes/SmithL0/2026/BIOL470/Final/Learning_Rig/bee_0408_3/rev/cam1_2026-04-08_18-45-06.mp4,1200.0,2145.0,838,1858,1562,2432,0.8002482
923,/Volumes/SmithL0/2026/BIOL470/Final/Learning_Rig/bee_0408_3/rev/cam1_2026-04-08_18-45-06.mp4,1197.5,2135.0,840,1858,1555,2412,0.8000412
924,/Volumes/SmithL0/2026/BIOL470/Final/Learning_Rig/bee_0408_3/rev/cam1_2026-04-08_18-45-06.mp4,1181.5,2136.0,836,1857,1527,2415,0.7907078
925,/Volumes/SmithL0/2026/BIOL470/Final/Learning_Rig/bee_0408_3/rev/cam1_2026-04-08_18-45-06.mp4,1182.5,2132.5,837,1859,1528,2406,0.79833794
926,/Volumes/SmithL0/2026/BIOL470/Final/Learning_Rig/bee_0408_3/rev/cam1_2026-04-08_18-45-06.mp4,1180.0,2140.0,835,1858,1525,2422,0.80829513
927,/Volumes/SmithL0/2026/BIOL470/Final/Learning_Rig/bee_0408_3/rev/cam1_2026-04-08_18-45-06.mp4,1186.0,2142.5,835,1859,1537,2426,0.8072145
928,/Volumes/SmithL0/2026/BIOL470/Final/Learning_Rig/bee_0408_3/rev/cam1_2026-04-08_18-45-06.mp4,1197.0,2136.0,835,1858,1559,2414,0.8038274
929,/Volumes/SmithL0/2026/BIOL470/Final/Learning_Rig/bee_0408_3/rev/cam1_2026-04-08_18-45-06.mp4,1185.5,2139.0,836,1859,1535,2419,0.8062612
930,/Volumes/SmithL0/2026/BIOL470/Final/Learning_Rig/bee_0408_3/rev/cam1_2026-04-08_18-45-06.mp4,1181.0,2147.0,835,1858,1527,2436,0.8073798
931,/Volumes/SmithL0/2026/BIOL470/Final/Learning_Rig/bee_0408_3/rev/cam1_2026-04-08_18-45-06.mp4,1186.5,2136.5,834,1858,1539,2415,0.8028556
932,/Volumes/SmithL0/2026/BIOL470/Final/Learning_Rig/bee_0408_3/rev/cam1_2026-04-08_18-45-06.mp4,1181.0,2144.0,833,1858,1529,2430,0.804764
933,/Volumes/SmithL0/2026/BIOL470/Final/Learning_Rig/bee_0408_3/rev/cam1_2026-04-08_18-45-06.mp4,1191.0,2143.0,843,1864,1539,2422,0.8160798
934,/Volumes/SmithL0/2026/BIOL470/Final/Learning_Rig/bee_0408_3/rev/cam1_2026-04-08_18-45-06.mp4,1186.5,2138.5,835,1858,1538,2419,0.7983769
935,/Volumes/SmithL0/2026/BIOL470/Final/Learning_Rig/bee_0408_3/rev/cam1_2026-04-08_18-45-06.mp4,1178.5,2145.0,834,1858,1523,2432,0.7943787
936,/Volumes/SmithL0/2026/BIOL470/Final/Learning_Rig/bee_0408_3/rev/cam1_2026-04-08_18-45-06.mp4,1184.5,2153.5,834,1856,1535,2451,0.8068184
937,/Volumes/SmithL0/2026/BIOL470/Final/Learning_Rig/bee_0408_3/rev/cam1_2026-04-08_18-45-06.mp4,1184.5,2144.5,831,1857,1538,2432,0.7879369
938,/Volumes/SmithL0/2026/BIOL470/Final/Learning_Rig/bee_0408_3/rev/cam1_2026-04-08_18-45-06.mp4,1162.0,2141.5,835,1863,1489,2420,0.79325354
939,/Volumes/SmithL0/2026/BIOL470/Final/Learning_Rig/bee_0408_3/rev/cam1_2026-04-08_18-45-06.mp4,1170.5,2160.5,816,1858,1525,2463,0.7992411
940,/Volumes/SmithL0/2026/BIOL470/Final/Learning_Rig/bee_0408_3/rev/cam1_2026-04-08_18-45-06.mp4,1174.5,2158.5,818,1857,1531,2460,0.8032868
941,/Volumes/SmithL0/2026/BIOL470/Final/Learning_Rig/bee_0408_3/rev/cam1_2026-04-08_18-45-06.mp4,1174.0,2153.5,820,1856,1528,2451,0.8002062
942,/Volumes/SmithL0/2026/BIOL470/Final/Learning_Rig/bee_0408_3/rev/cam1_2026-04-08_18-45-06.mp4,1175.5,2154.5,822,1856,1529,2453,0.80098504
943,/Volumes/SmithL0/2026/BIOL470/Final/Learning_Rig/bee_0408_3/rev/cam1_2026-04-08_18-45-06.mp4,1171.5,2131.0,840,1861,1503,2401,0.7902058
944,/Volumes/SmithL0/2026/BIOL470/Final/Learning_Rig/bee_0408_3/rev/cam1_2026-04-08_18-45-06.mp4,1162.0,2135.0,835,1861,1489,2409,0.79830295
945,/Volumes/SmithL0/2026/BIOL470/Final/Learning_Rig/bee_0408_3/rev/cam1_2026-04-08_18-45-06.mp4,1161.0,2145.0,835,1860,1487,2430,0.80112946
946,/Volumes/SmithL0/2026/BIOL470/Final/Learning_Rig/bee_0408_3/rev/cam1_2026-04-08_18-45-06.mp4,1167.0,2160.5,828,1862,1506,2459,0.8086474
947,/Volumes/SmithL0/2026/BIOL470/Final/Learning_Rig/bee_0408_3/rev/cam1_2026-04-08_18-45-06.mp4,1164.5,2133.0,834,1856,1495,2410,0.78760445
948,/Volumes/SmithL0/2026/BIOL470/Final/Learning_Rig/bee_0408_3/rev/cam1_2026-04-08_18-45-06.mp4,1163.5,2146.5,835,1860,1492,2433,0.79876333
949,/Volumes/SmithL0/2026/BIOL470/Final/Learning_Rig/bee_0408_3/rev/cam1_2026-04-08_18-45-06.mp4,1161.5,2151.0,835,1860,1488,2442,0.8019881
950,/Volumes/SmithL0/2026/BIOL470/Final/Learning_Rig/bee_0408_3/rev/cam1_2026-04-08_18-45-06.mp4,1162.5,2156.0,834,1859,1491,2453,0.8072209
951,/Volumes/SmithL0/2026/BIOL470/Final/Learning_Rig/bee_0408_3/rev/cam1_2026-04-08_18-45-06.mp4,1164.5,2177.5,834,1859,1495,2496,0.80525523
952,/Volumes/SmithL0/2026/BIOL470/Final/Learning_Rig/bee_0408_3/rev/cam1_2026-04-08_18-45-06.mp4,1163.0,2174.5,833,1860,1493,2489,0.8060334
953,/Volumes/SmithL0/2026/BIOL470/Final/Learning_Rig/bee_0408_3/rev/cam1_2026-04-08_18-45-06.mp4,1142.0,2146.0,824,1861,1460,2431,0.8159681
954,/Volumes/SmithL0/2026/BIOL470/Final/Learning_Rig/bee_0408_3/rev/cam1_2026-04-08_18-45-06.mp4,1146.0,2140.5,827,1863,1465,2418,0.8181413
955,/Volumes/SmithL0/2026/BIOL470/Final/Learning_Rig/bee_0408_3/rev/cam1_2026-04-08_18-45-06.mp4,1155.0,2155.5,825,1859,1485,2452,0.80975556
956,/Volumes/SmithL0/2026/BIOL470/Final/Learning_Rig/bee_0408_3/rev/cam1_2026-04-08_18-45-06.mp4,1148.0,2136.5,822,1857,1474,2416,0.7982448
957,/Volumes/SmithL0/2026/BIOL470/Final/Learning_Rig/bee_0408_3/rev/cam1_2026-04-08_18-45-06.mp4,1145.0,2151.0,823,1856,1467,2446,0.80530995
958,/Volumes/SmithL0/2026/BIOL470/Final/Learning_Rig/bee_0408_3/rev/cam1_2026-04-08_18-45-06.mp4,1154.5,2169.5,830,1856,1479,2483,0.80969423
959,/Volumes/SmithL0/2026/BIOL470/Final/Learning_Rig/bee_0408_3/rev/cam1_2026-04-08_18-45-06.mp4,1158.0,2152.0,829,1855,1487,2449,0.810746
960,/Volumes/SmithL0/2026/BIOL470/Final/Learning_Rig/bee_0408_3/rev/cam1_2026-04-08_18-45-06.mp4,1155.0,2133.5,821,1859,1489,2408,0.79280496
961,/Volumes/SmithL0/2026/BIOL470/Final/Learning_Rig/bee_0408_3/rev/cam1_2026-04-08_18-45-06.mp4,1146.5,2139.0,818,1855,1475,2423,0.8056968
962,/Volumes/SmithL0/2026/BIOL470/Final/Learning_Rig/bee_0408_3/rev/cam1_2026-04-08_18-45-06.mp4,1154.0,2145.0,818,1854,1490,2436,0.8024106
963,/Volumes/SmithL0/2026/BIOL470/Final/Learning_Rig/bee_0408_3/rev/cam1_2026-04-08_18-45-06.mp4,1153.5,2140.0,821,1856,1486,2424,0.8045912
964,/Volumes/SmithL0/2026/BIOL470/Final/Learning_Rig/bee_0408_3/rev/cam1_2026-04-08_18-45-06.mp4,1152.5,2140.5,820,1860,1485,2421,0.8021217
965,/Volumes/SmithL0/2026/BIOL470/Final/Learning_Rig/bee_0408_3/rev/cam1_2026-04-08_18-45-06.mp4,1159.0,2142.0,821,1855,1497,2429,0.78059554
966,/Volumes/SmithL0/2026/BIOL470/Final/Learning_Rig/bee_0408_3/rev/cam1_2026-04-08_18-45-06.mp4,1159.5,2138.0,822,1858,1497,2418,0.7869426
967,/Volumes/SmithL0/2026/BIOL470/Final/Learning_Rig/bee_0408_3/rev/cam1_2026-04-08_18-45-06.mp4,1156.0,2129.5,820,1854,1492,2405,0.78719467
968,/Volumes/SmithL0/2026/BIOL470/Final/Learning_Rig/bee_0408_3/rev/cam1_2026-04-08_18-45-06.mp4,1159.0,2133.5,820,1859,1498,2408,0.795771
969,/Volumes/SmithL0/2026/BIOL470/Final/Learning_Rig/bee_0408_3/rev/cam1_2026-04-08_18-45-06.mp4,1157.5,2135.0,820,1853,1495,2417,0.78773916
970,/Volumes/SmithL0/2026/BIOL470/Final/Learning_Rig/bee_0408_3/rev/cam1_2026-04-08_18-45-06.mp4,1157.0,2128.0,821,1854,1493,2402,0.78637964
971,/Volumes/SmithL0/2026/BIOL470/Final/Learning_Rig/bee_0408_3/rev/cam1_2026-04-08_18-45-06.mp4,1150.5,2149.5,819,1859,1482,2440,0.80720127
972,/Volumes/SmithL0/2026/BIOL470/Final/Learning_Rig/bee_0408_3/rev/cam1_2026-04-08_18-45-06.mp4,1153.0,2143.5,822,1851,1484,2436,0.8031669
973,/Volumes/SmithL0/2026/BIOL470/Final/Learning_Rig/bee_0408_3/rev/cam1_2026-04-08_18-45-06.mp4,1158.0,2130.5,835,1865,1481,2396,0.8019873
974,/Volumes/SmithL0/2026/BIOL470/Final/Learning_Rig/bee_0408_3/rev/cam1_2026-04-08_18-45-06.mp4,1150.0,2144.5,818,1861,1482,2428,0.8070514
975,/Volumes/SmithL0/2026/BIOL470/Final/Learning_Rig/bee_0408_3/rev/cam1_2026-04-08_18-45-06.mp4,1162.0,2150.0,821,1859,1503,2441,0.7851012
976,/Volumes/SmithL0/2026/BIOL470/Final/Learning_Rig/bee_0408_3/rev/cam1_2026-04-08_18-45-06.mp4,1159.0,2153.5,820,1863,1498,2444,0.798166
977,/Volumes/SmithL0/2026/BIOL470/Final/Learning_Rig/bee_0408_3/rev/cam1_2026-04-08_18-45-06.mp4,1160.0,2146.5,822,1863,1498,2430,0.7979836
978,/Volumes/SmithL0/2026/BIOL470/Final/Learning_Rig/bee_0408_3/rev/cam1_2026-04-08_18-45-06.mp4,1156.0,2137.5,816,1859,1496,2416,0.80237246
979,/Volumes/SmithL0/2026/BIOL470/Final/Learning_Rig/bee_0408_3/rev/cam1_2026-04-08_18-45-06.mp4,1153.0,2131.5,815,1855,1491,2408,0.78401476
980,/Volumes/SmithL0/2026/BIOL470/Final/Learning_Rig/bee_0408_3/rev/cam1_2026-04-08_18-45-06.mp4,1151.5,2139.0,833,1865,1470,2413,0.81423396
981,/Volumes/SmithL0/2026/BIOL470/Final/Learning_Rig/bee_0408_3/rev/cam1_2026-04-08_18-45-06.mp4,1149.5,2148.5,821,1855,1478,2442,0.79804665
982,/Volumes/SmithL0/2026/BIOL470/Final/Learning_Rig/bee_0408_3/rev/cam1_2026-04-08_18-45-06.mp4,1154.5,2153.0,824,1854,1485,2452,0.8026889
983,/Volumes/SmithL0/2026/BIOL470/Final/Learning_Rig/bee_0408_3/rev/cam1_2026-04-08_18-45-06.mp4,1154.5,2151.5,824,1856,1485,2447,0.7969394
984,/Volumes/SmithL0/2026/BIOL470/Final/Learning_Rig/bee_0408_3/rev/cam1_2026-04-08_18-45-06.mp4,1164.5,2133.0,841,1866,1488,2400,0.7846012
985,/Volumes/SmithL0/2026/BIOL470/Final/Learning_Rig/bee_0408_3/rev/cam1_2026-04-08_18-45-06.mp4,1154.0,2137.5,815,1861,1493,2414,0.8055485
986,/Volumes/SmithL0/2026/BIOL470/Final/Learning_Rig/bee_0408_3/rev/cam1_2026-04-08_18-45-06.mp4,1156.0,2147.0,815,1859,1497,2435,0.80407995
987,/Volumes/SmithL0/2026/BIOL470/Final/Learning_Rig/bee_0408_3/rev/cam1_2026-04-08_18-45-06.mp4,1160.0,2145.5,818,1859,1502,2432,0.796688
988,/Volumes/SmithL0/2026/BIOL470/Final/Learning_Rig/bee_0408_3/rev/cam1_2026-04-08_18-45-06.mp4,1150.5,2136.5,819,1861,1482,2412,0.8066351
989,/Volumes/SmithL0/2026/BIOL470/Final/Learning_Rig/bee_0408_3/rev/cam1_2026-04-08_18-45-06.mp4,1140.5,2142.0,819,1861,1462,2423,0.80936503
990,/Volumes/SmithL0/2026/BIOL470/Final/Learning_Rig/bee_0408_3/rev/cam1_2026-04-08_18-45-06.mp4,1140.5,2144.5,819,1862,1462,2427,0.8109914
991,/Volumes/SmithL0/2026/BIOL470/Final/Learning_Rig/bee_0408_3/rev/cam1_2026-04-08_18-45-06.mp4,1141.5,2157.0,814,1868,1469,2446,0.7979877
992,/Volumes/SmithL0/2026/BIOL470/Final/Learning_Rig/bee_0408_3/rev/cam1_2026-04-08_18-45-06.mp4,1140.5,2165.5,812,1869,1469,2462,0.80652505
993,/Volumes/SmithL0/2026/BIOL470/Final/Learning_Rig/bee_0408_3/rev/cam1_2026-04-08_18-45-06.mp4,1154.0,2198.5,835,1917,1473,2480,0.8070293
994,/Volumes/SmithL0/2026/BIOL470/Final/Learning_Rig/bee_0408_3/rev/cam1_2026-04-08_18-45-06.mp4,1150.0,2184.5,817,1875,1483,2494,0.81381625
995,/Volumes/SmithL0/2026/BIOL470/Final/Learning_Rig/bee_0408_3/rev/cam1_2026-04-08_18-45-06.mp4,1151.5,2191.5,816,1882,1487,2501,0.82397926
996,/Volumes/SmithL0/2026/BIOL470/Final/Learning_Rig/bee_0408_3/rev/cam1_2026-04-08_18-45-06.mp4,1157.0,2191.5,818,1888,1496,2495,0.8132768
997,/Volumes/SmithL0/2026/BIOL470/Final/Learning_Rig/bee_0408_3/rev/cam1_2026-04-08_18-45-06.mp4,1155.0,2192.5,818,1923,1492,2462,0.7895832
998,/Volumes/SmithL0/2026/BIOL470/Final/Learning_Rig/bee_0408_3/rev/cam1_2026-04-08_18-45-06.mp4,1177.5,2183.0,828,1907,1527,2459,0.7853595
999,/Volumes/SmithL0/2026/BIOL470/Final/Learning_Rig/bee_0408_3/rev/cam1_2026-04-08_18-45-06.mp4,1189.5,2186.0,837,1917,1542,2455,0.79863334
1000,/Volumes/SmithL0/2026/BIOL470/Final/Learning_Rig/bee_0408_3/rev/cam1_2026-04-08_18-45-06.mp4,1199.5,2186.0,842,1915,1557,2457,0.79756266
1001,/Volumes/SmithL0/2026/BIOL470/Final/Learning_Rig/bee_0408_3/rev/cam1_2026-04-08_18-45-06.mp4,1206.5,2187.0,851,1902,1562,2472,0.815114
1002,/Volumes/SmithL0/2026/BIOL470/Final/Learning_Rig/bee_0408_3/rev/cam1_2026-04-08_18-45-06.mp4,1204.0,2189.0,855,1917,1553,2461,0.8185991
1003,/Volumes/SmithL0/2026/BIOL470/Final/Learning_Rig/bee_0408_3/rev/cam1_2026-04-08_18-45-06.mp4,1203.5,2164.5,852,1911,1555,2418,0.7956621
1004,/Volumes/SmithL0/2026/BIOL470/Final/Learning_Rig/bee_0408_3/rev/cam1_2026-04-08_18-45-06.mp4,1201.0,2167.0,848,1917,1554,2417,0.7954471
1005,/Volumes/SmithL0/2026/BIOL470/Final/Learning_Rig/bee_0408_3/rev/cam1_2026-04-08_18-45-06.mp4,1200.5,2165.0,848,1914,1553,2416,0.79410845
1006,/Volumes/SmithL0/2026/BIOL470/Final/Learning_Rig/bee_0408_3/rev/cam1_2026-04-08_18-45-06.mp4,1207.0,2171.5,856,1924,1558,2419,0.80308187
1007,/Volumes/SmithL0/2026/BIOL470/Final/Learning_Rig/bee_0408_3/rev/cam1_2026-04-08_18-45-06.mp4,1213.0,2184.0,862,1948,1564,2420,0.82509214
1008,/Volumes/SmithL0/2026/BIOL470/Final/Learning_Rig/bee_0408_3/rev/cam1_2026-04-08_18-45-06.mp4,1216.0,2194.0,868,1964,1564,2424,0.8276044
1009,/Volumes/SmithL0/2026/BIOL470/Final/Learning_Rig/bee_0408_3/rev/cam1_2026-04-08_18-45-06.mp4,1237.5,2253.0,885,1978,1590,2528,0.81269103
1010,/Volumes/SmithL0/2026/BIOL470/Final/Learning_Rig/bee_0408_3/rev/cam1_2026-04-08_18-45-06.mp4,1238.5,2257.0,887,1984,1590,2530,0.7984211
1011,/Volumes/SmithL0/2026/BIOL470/Final/Learning_Rig/bee_0408_3/rev/cam1_2026-04-08_18-45-06.mp4,1243.5,2260.0,895,1992,1592,2528,0.7893734
1012,/Volumes/SmithL0/2026/BIOL470/Final/Learning_Rig/bee_0408_3/rev/cam1_2026-04-08_18-45-06.mp4,1249.5,2260.0,906,1994,1593,2526,0.7767881
1013,/Volumes/SmithL0/2026/BIOL470/Final/Learning_Rig/bee_0408_3/rev/cam1_2026-04-08_18-45-06.mp4,1251.5,2256.5,916,1989,1587,2524,0.759466
1014,/Volumes/SmithL0/2026/BIOL470/Final/Learning_Rig/bee_0408_3/rev/cam1_2026-04-08_18-45-06.mp4,1254.0,2259.5,920,1993,1588,2526,0.77331454
1015,/Volumes/SmithL0/2026/BIOL470/Final/Learning_Rig/bee_0408_3/rev/cam1_2026-04-08_18-45-06.mp4,1252.0,2280.5,919,2034,1585,2527,0.81966317
1016,/Volumes/SmithL0/2026/BIOL470/Final/Learning_Rig/bee_0408_3/rev/cam1_2026-04-08_18-45-06.mp4,1247.0,2269.0,904,2025,1590,2513,0.80768305
1017,/Volumes/SmithL0/2026/BIOL470/Final/Learning_Rig/bee_0408_3/rev/cam1_2026-04-08_18-45-06.mp4,1244.5,2268.5,892,2028,1597,2509,0.7929818
1018,/Volumes/SmithL0/2026/BIOL470/Final/Learning_Rig/bee_0408_3/rev/cam1_2026-04-08_18-45-06.mp4,1267.5,2245.5,930,1980,1605,2511,0.81586707
1019,/Volumes/SmithL0/2026/BIOL470/Final/Learning_Rig/bee_0408_3/rev/cam1_2026-04-08_18-45-06.mp4,1283.0,2212.5,947,1959,1619,2466,0.8193284
1020,/Volumes/SmithL0/2026/BIOL470/Final/Learning_Rig/bee_0408_3/rev/cam1_2026-04-08_18-45-06.mp4,1286.0,2209.0,949,1961,1623,2457,0.8165073
1021,/Volumes/SmithL0/2026/BIOL470/Final/Learning_Rig/bee_0408_3/rev/cam1_2026-04-08_18-45-06.mp4,1311.0,2212.5,958,1967,1664,2458,0.8240618
1022,/Volumes/SmithL0/2026/BIOL470/Final/Learning_Rig/bee_0408_3/rev/cam1_2026-04-08_18-45-06.mp4,1319.0,2209.0,971,1964,1667,2454,0.8211253
1023,/Volumes/SmithL0/2026/BIOL470/Final/Learning_Rig/bee_0408_3/rev/cam1_2026-04-08_18-45-06.mp4,1318.0,2197.0,968,1950,1668,2444,0.83264434
1024,/Volumes/SmithL0/2026/BIOL470/Final/Learning_Rig/bee_0408_3/rev/cam1_2026-04-08_18-45-06.mp4,1333.0,2157.5,970,1879,1696,2436,0.8033137
1025,/Volumes/SmithL0/2026/BIOL470/Final/Learning_Rig/bee_0408_3/rev/cam1_2026-04-08_18-45-06.mp4,1341.0,2152.5,984,1860,1698,2445,0.8043989
1026,/Volumes/SmithL0/2026/BIOL470/Final/Learning_Rig/bee_0408_3/rev/cam1_2026-04-08_18-45-06.mp4,1355.5,2156.0,993,1869,1718,2443,0.7948701
1027,/Volumes/SmithL0/2026/BIOL470/Final/Learning_Rig/bee_0408_3/rev/cam1_2026-04-08_18-45-06.mp4,1380.5,2130.0,1029,1863,1732,2397,0.7860502
1028,/Volumes/SmithL0/2026/BIOL470/Final/Learning_Rig/bee_0408_3/rev/cam1_2026-04-08_18-45-06.mp4,1395.5,2121.5,1038,1863,1753,2380,0.7831995
1029,/Volumes/SmithL0/2026/BIOL470/Final/Learning_Rig/bee_0408_3/rev/cam1_2026-04-08_18-45-06.mp4,1407.5,2129.5,1053,1863,1762,2396,0.80895644
1030,/Volumes/SmithL0/2026/BIOL470/Final/Learning_Rig/bee_0408_3/rev/cam1_2026-04-08_18-45-06.mp4,1410.0,2110.0,1055,1861,1765,2359,0.80912155
1031,/Volumes/SmithL0/2026/BIOL470/Final/Learning_Rig/bee_0408_3/rev/cam1_2026-04-08_18-45-06.mp4,1412.5,2129.5,1061,1861,1764,2398,0.8144304
1032,/Volumes/SmithL0/2026/BIOL470/Final/Learning_Rig/bee_0408_3/rev/cam1_2026-04-08_18-45-06.mp4,1413.0,2127.0,1062,1862,1764,2392,0.81836843
1033,/Volumes/SmithL0/2026/BIOL470/Final/Learning_Rig/bee_0408_3/rev/cam1_2026-04-08_18-45-06.mp4,1412.0,2126.5,1059,1862,1765,2391,0.8190683
1034,/Volumes/SmithL0/2026/BIOL470/Final/Learning_Rig/bee_0408_3/rev/cam1_2026-04-08_18-45-06.mp4,1413.0,2118.0,1059,1862,1767,2374,0.8160693
1035,/Volumes/SmithL0/2026/BIOL470/Final/Learning_Rig/bee_0408_3/rev/cam1_2026-04-08_18-45-06.mp4,1415.5,2105.5,1064,1862,1767,2349,0.8181765
1036,/Volumes/SmithL0/2026/BIOL470/Final/Learning_Rig/bee_0408_3/rev/cam1_2026-04-08_18-45-06.mp4,1405.0,2198.5,1046,1861,1764,2536,0.74288416
1037,/Volumes/SmithL0/2026/BIOL470/Final/Learning_Rig/bee_0408_3/rev/cam1_2026-04-08_18-45-06.mp4,1414.5,2106.0,1062,1862,1767,2350,0.8170768
1038,/Volumes/SmithL0/2026/BIOL470/Final/Learning_Rig/bee_0408_3/rev/cam1_2026-04-08_18-45-06.mp4,1415.0,2113.0,1063,1859,1767,2367,0.82506394
1039,/Volumes/SmithL0/2026/BIOL470/Final/Learning_Rig/bee_0408_3/rev/cam1_2026-04-08_18-45-06.mp4,1411.0,2135.5,1058,1856,1764,2415,0.82914245
1040,/Volumes/SmithL0/2026/BIOL470/Final/Learning_Rig/bee_0408_3/rev/cam1_2026-04-08_18-45-06.mp4,1424.0,2146.0,1074,1860,1774,2432,0.83367676
1041,/Volumes/SmithL0/2026/BIOL470/Final/Learning_Rig/bee_0408_3/rev/cam1_2026-04-08_18-45-06.mp4,1441.5,2142.5,1091,1856,1792,2429,0.8188188
1042,/Volumes/SmithL0/2026/BIOL470/Final/Learning_Rig/bee_0408_3/rev/cam1_2026-04-08_18-45-06.mp4,1463.0,2143.5,1115,1869,1811,2418,0.8112757
1043,/Volumes/SmithL0/2026/BIOL470/Final/Learning_Rig/bee_0408_3/rev/cam1_2026-04-08_18-45-06.mp4,1496.0,2144.5,1144,1866,1848,2423,0.8109133
1044,/Volumes/SmithL0/2026/BIOL470/Final/Learning_Rig/bee_0408_3/rev/cam1_2026-04-08_18-45-06.mp4,1499.0,2183.5,1147,1871,1851,2496,0.8121387
1045,/Volumes/SmithL0/2026/BIOL470/Final/Learning_Rig/bee_0408_3/rev/cam1_2026-04-08_18-45-06.mp4,1502.5,2189.5,1146,1873,1859,2506,0.81414926
1046,/Volumes/SmithL0/2026/BIOL470/Final/Learning_Rig/bee_0408_3/rev/cam1_2026-04-08_18-45-06.mp4,1508.0,2196.5,1155,1875,1861,2518,0.82581127
1047,/Volumes/SmithL0/2026/BIOL470/Final/Learning_Rig/bee_0408_3/rev/cam1_2026-04-08_18-45-06.mp4,1509.5,2199.0,1155,1878,1864,2520,0.82583916
1048,/Volumes/SmithL0/2026/BIOL470/Final/Learning_Rig/bee_0408_3/rev/cam1_2026-04-08_18-45-06.mp4,1519.5,2158.0,1171,1890,1868,2426,0.8257635
1049,/Volumes/SmithL0/2026/BIOL470/Final/Learning_Rig/bee_0408_3/rev/cam1_2026-04-08_18-45-06.mp4,1522.0,2160.0,1170,1894,1874,2426,0.82633716
1050,/Volumes/SmithL0/2026/BIOL470/Final/Learning_Rig/bee_0408_3/rev/cam1_2026-04-08_18-45-06.mp4,1523.0,2166.5,1172,1910,1874,2423,0.82522964
1051,/Volumes/SmithL0/2026/BIOL470/Final/Learning_Rig/bee_0408_3/rev/cam1_2026-04-08_18-45-06.mp4,1530.5,2156.5,1167,1906,1894,2407,0.8239951
1052,/Volumes/SmithL0/2026/BIOL470/Final/Learning_Rig/bee_0408_3/rev/cam1_2026-04-08_18-45-06.mp4,1520.5,2167.0,1165,1920,1876,2414,0.8212863
1053,/Volumes/SmithL0/2026/BIOL470/Final/Learning_Rig/bee_0408_3/rev/cam1_2026-04-08_18-45-06.mp4,1521.0,2170.0,1168,1925,1874,2415,0.8205802
1054,/Volumes/SmithL0/2026/BIOL470/Final/Learning_Rig/bee_0408_3/rev/cam1_2026-04-08_18-45-06.mp4,1530.0,2159.5,1169,1912,1891,2407,0.8211579
1055,/Volumes/SmithL0/2026/BIOL470/Final/Learning_Rig/bee_0408_3/rev/cam1_2026-04-08_18-45-06.mp4,1538.0,2151.0,1188,1894,1888,2408,0.82259023
1056,/Volumes/SmithL0/2026/BIOL470/Final/Learning_Rig/bee_0408_3/rev/cam1_2026-04-08_18-45-06.mp4,1528.5,2165.0,1184,1908,1873,2422,0.82865
1057,/Volumes/SmithL0/2026/BIOL470/Final/Learning_Rig/bee_0408_3/rev/cam1_2026-04-08_18-45-06.mp4,1534.0,2176.0,1186,1926,1882,2426,0.8207681
1058,/Volumes/SmithL0/2026/BIOL470/Final/Learning_Rig/bee_0408_3/rev/cam1_2026-04-08_18-45-06.mp4,1550.5,2154.5,1209,1894,1892,2415,0.81689084
1059,/Volumes/SmithL0/2026/BIOL470/Final/Learning_Rig/bee_0408_3/rev/cam1_2026-04-08_18-45-06.mp4,1547.0,2186.0,1208,1936,1886,2436,0.82096446
1060,/Volumes/SmithL0/2026/BIOL470/Final/Learning_Rig/bee_0408_3/rev/cam1_2026-04-08_18-45-06.mp4,1547.0,2236.5,1205,1945,1889,2528,0.8129877
1061,/Volumes/SmithL0/2026/BIOL470/Final/Learning_Rig/bee_0408_3/rev/cam1_2026-04-08_18-45-06.mp4,1537.0,2193.5,1183,1938,1891,2449,0.8112593
1062,/Volumes/SmithL0/2026/BIOL470/Final/Learning_Rig/bee_0408_3/rev/cam1_2026-04-08_18-45-06.mp4,1541.0,2192.0,1188,1939,1894,2445,0.8072142
1063,/Volumes/SmithL0/2026/BIOL470/Final/Learning_Rig/bee_0408_3/rev/cam1_2026-04-08_18-45-06.mp4,1539.5,2193.0,1184,1939,1895,2447,0.80808675
1064,/Volumes/SmithL0/2026/BIOL470/Final/Learning_Rig/bee_0408_3/rev/cam1_2026-04-08_18-45-06.mp4,1551.0,2195.0,1206,1944,1896,2446,0.80108714
1065,/Volumes/SmithL0/2026/BIOL470/Final/Learning_Rig/bee_0408_3/rev/cam1_2026-04-08_18-45-06.mp4,1564.5,2191.0,1228,1946,1901,2436,0.7940178
1066,/Volumes/SmithL0/2026/BIOL470/Final/Learning_Rig/bee_0408_3/rev/cam1_2026-04-08_18-45-06.mp4,1562.5,2215.5,1220,1952,1905,2479,0.8014939
1067,/Volumes/SmithL0/2026/BIOL470/Final/Learning_Rig/bee_0408_3/rev/cam1_2026-04-08_18-45-06.mp4,1566.5,2205.0,1234,1952,1899,2458,0.8001385
1068,/Volumes/SmithL0/2026/BIOL470/Final/Learning_Rig/bee_0408_3/rev/cam1_2026-04-08_18-45-06.mp4,1572.0,2197.5,1241,1950,1903,2445,0.80193806
1069,/Volumes/SmithL0/2026/BIOL470/Final/Learning_Rig/bee_0408_3/rev/cam1_2026-04-08_18-45-06.mp4,1570.5,2215.0,1239,1950,1902,2480,0.80411047
1070,/Volumes/SmithL0/2026/BIOL470/Final/Learning_Rig/bee_0408_3/rev/cam1_2026-04-08_18-45-06.mp4,1572.0,2207.0,1242,1951,1902,2463,0.8058266
1071,/Volumes/SmithL0/2026/BIOL470/Final/Learning_Rig/bee_0408_3/rev/cam1_2026-04-08_18-45-06.mp4,1571.0,2214.0,1240,1949,1902,2479,0.80529886
1072,/Volumes/SmithL0/2026/BIOL470/Final/Learning_Rig/bee_0408_3/rev/cam1_2026-04-08_18-45-06.mp4,1571.5,2214.0,1241,1949,1902,2479,0.8051323
1073,/Volumes/SmithL0/2026/BIOL470/Final/Learning_Rig/bee_0408_3/rev/cam1_2026-04-08_18-45-06.mp4,1572.0,2228.0,1242,1949,1902,2507,0.80833805
1074,/Volumes/SmithL0/2026/BIOL470/Final/Learning_Rig/bee_0408_3/rev/cam1_2026-04-08_18-45-06.mp4,1572.0,2234.5,1243,1951,1901,2518,0.8081849
1075,/Volumes/SmithL0/2026/BIOL470/Final/Learning_Rig/bee_0408_3/rev/cam1_2026-04-08_18-45-06.mp4,1570.0,2230.5,1239,1953,1901,2508,0.8148109
1076,/Volumes/SmithL0/2026/BIOL470/Final/Learning_Rig/bee_0408_3/rev/cam1_2026-04-08_18-45-06.mp4,1569.0,2228.0,1237,1951,1901,2505,0.82084
1077,/Volumes/SmithL0/2026/BIOL470/Final/Learning_Rig/bee_0408_3/rev/cam1_2026-04-08_18-45-06.mp4,1571.5,2231.0,1241,1950,1902,2512,0.81262535
1078,/Volumes/SmithL0/2026/BIOL470/Final/Learning_Rig/bee_0408_3/rev/cam1_2026-04-08_18-45-06.mp4,1572.5,2223.0,1244,1933,1901,2513,0.804895
1079,/Volumes/SmithL0/2026/BIOL470/Final/Learning_Rig/bee_0408_3/rev/cam1_2026-04-08_18-45-06.mp4,1572.5,2227.0,1244,1943,1901,2511,0.8096457
1080,/Volumes/SmithL0/2026/BIOL470/Final/Learning_Rig/bee_0408_3/rev/cam1_2026-04-08_18-45-06.mp4,1569.5,2186.5,1243,1947,1896,2426,0.8194783
1081,/Volumes/SmithL0/2026/BIOL470/Final/Learning_Rig/bee_0408_3/rev/cam1_2026-04-08_18-45-06.mp4,1572.0,2167.0,1244,1943,1900,2391,0.79377973
1082,/Volumes/SmithL0/2026/BIOL470/Final/Learning_Rig/bee_0408_3/rev/cam1_2026-04-08_18-45-06.mp4,1575.5,2168.5,1247,1941,1904,2396,0.8019111
1083,/Volumes/SmithL0/2026/BIOL470/Final/Learning_Rig/bee_0408_3/rev/cam1_2026-04-08_18-45-06.mp4,1573.5,2179.5,1248,1942,1899,2417,0.81150675
1084,/Volumes/SmithL0/2026/BIOL470/Final/Learning_Rig/bee_0408_3/rev/cam1_2026-04-08_18-45-06.mp4,1570.0,2184.5,1242,1943,1898,2426,0.81406754
1085,/Volumes/SmithL0/2026/BIOL470/Final/Learning_Rig/bee_0408_3/rev/cam1_2026-04-08_18-45-06.mp4,1571.5,2176.5,1244,1937,1899,2416,0.8110099
1086,/Volumes/SmithL0/2026/BIOL470/Final/Learning_Rig/bee_0408_3/rev/cam1_2026-04-08_18-45-06.mp4,1573.0,2175.0,1247,1935,1899,2415,0.810815
1087,/Volumes/SmithL0/2026/BIOL470/Final/Learning_Rig/bee_0408_3/rev/cam1_2026-04-08_18-45-06.mp4,1573.5,2173.5,1248,1936,1899,2411,0.8072613
1088,/Volumes/SmithL0/2026/BIOL470/Final/Learning_Rig/bee_0408_3/rev/cam1_2026-04-08_18-45-06.mp4,1573.0,2177.0,1249,1938,1897,2416,0.81091386
1089,/Volumes/SmithL0/2026/BIOL470/Final/Learning_Rig/bee_0408_3/rev/cam1_2026-04-08_18-45-06.mp4,1573.5,2182.5,1250,1939,1897,2426,0.81337374
1090,/Volumes/SmithL0/2026/BIOL470/Final/Learning_Rig/bee_0408_3/rev/cam1_2026-04-08_18-45-06.mp4,1577.0,2196.0,1262,1917,1892,2475,0.8061137
1091,/Volumes/SmithL0/2026/BIOL470/Final/Learning_Rig/bee_0408_3/rev/cam1_2026-04-08_18-45-06.mp4,1572.5,2200.0,1241,1939,1904,2461,0.810943
1092,/Volumes/SmithL0/2026/BIOL470/Final/Learning_Rig/bee_0408_3/rev/cam1_2026-04-08_18-45-06.mp4,1579.0,2197.0,1264,1877,1894,2517,0.8134891
1093,/Volumes/SmithL0/2026/BIOL470/Final/Learning_Rig/bee_0408_3/rev/cam1_2026-04-08_18-45-06.mp4,1583.5,2196.5,1275,1874,1892,2519,0.82798266
1094,/Volumes/SmithL0/2026/BIOL470/Final/Learning_Rig/bee_0408_3/rev/cam1_2026-04-08_18-45-06.mp4,1600.5,2176.5,1311,1862,1890,2491,0.8406924
1095,/Volumes/SmithL0/2026/BIOL470/Final/Learning_Rig/bee_0408_3/rev/cam1_2026-04-08_18-45-06.mp4,1592.5,2176.0,1294,1841,1891,2511,0.84295565
1096,/Volumes/SmithL0/2026/BIOL470/Final/Learning_Rig/bee_0408_3/rev/cam1_2026-04-08_18-45-06.mp4,1605.5,2175.5,1337,1845,1874,2506,0.8484616
1097,/Volumes/SmithL0/2026/BIOL470/Final/Learning_Rig/bee_0408_3/rev/cam1_2026-04-08_18-45-06.mp4,1602.0,2173.0,1348,1840,1856,2506,0.8600114
1098,/Volumes/SmithL0/2026/BIOL470/Final/Learning_Rig/bee_0408_3/rev/cam1_2026-04-08_18-45-06.mp4,1600.5,2163.5,1352,1825,1849,2502,0.8491575
1099,/Volumes/SmithL0/2026/BIOL470/Final/Learning_Rig/bee_0408_3/rev/cam1_2026-04-08_18-45-06.mp4,1605.0,2149.0,1357,1800,1853,2498,0.8507521
1100,/Volumes/SmithL0/2026/BIOL470/Final/Learning_Rig/bee_0408_3/rev/cam1_2026-04-08_18-45-06.mp4,1610.5,2103.0,1361,1781,1860,2425,0.8492492
1101,/Volumes/SmithL0/2026/BIOL470/Final/Learning_Rig/bee_0408_3/rev/cam1_2026-04-08_18-45-06.mp4,1611.5,2096.5,1358,1776,1865,2417,0.84033877
1102,/Volumes/SmithL0/2026/BIOL470/Final/Learning_Rig/bee_0408_3/rev/cam1_2026-04-08_18-45-06.mp4,1606.0,2095.0,1354,1776,1858,2414,0.83366495
1103,/Volumes/SmithL0/2026/BIOL470/Final/Learning_Rig/bee_0408_3/rev/cam1_2026-04-08_18-45-06.mp4,1553.0,2054.0,1262,1746,1844,2362,0.804877
1104,/Volumes/SmithL0/2026/BIOL470/Final/Learning_Rig/bee_0408_3/rev/cam1_2026-04-08_18-45-06.mp4,1552.0,2028.0,1218,1696,1886,2360,0.8238052
1105,/Volumes/SmithL0/2026/BIOL470/Final/Learning_Rig/bee_0408_3/rev/cam1_2026-04-08_18-45-06.mp4,1470.0,2009.0,1144,1672,1796,2346,0.8389833
1106,/Volumes/SmithL0/2026/BIOL470/Final/Learning_Rig/bee_0408_3/rev/cam1_2026-04-08_18-45-06.mp4,1440.5,1946.5,1096,1653,1785,2240,0.8587987
1107,/Volumes/SmithL0/2026/BIOL470/Final/Learning_Rig/bee_0408_3/rev/cam1_2026-04-08_18-45-06.mp4,1441.0,1939.5,1096,1655,1786,2224,0.84412843
1108,/Volumes/SmithL0/2026/BIOL470/Final/Learning_Rig/bee_0408_3/rev/cam1_2026-04-08_18-45-06.mp4,1429.5,1934.0,1102,1639,1757,2229,0.8312381
1109,/Volumes/SmithL0/2026/BIOL470/Final/Learning_Rig/bee_0408_3/rev/cam1_2026-04-08_18-45-06.mp4,1430.0,1927.0,1103,1633,1757,2221,0.8401485
1110,/Volumes/SmithL0/2026/BIOL470/Final/Learning_Rig/bee_0408_3/rev/cam1_2026-04-08_18-45-06.mp4,1420.0,1930.0,1084,1626,1756,2234,0.8371277
1111,/Volumes/SmithL0/2026/BIOL470/Final/Learning_Rig/bee_0408_3/rev/cam1_2026-04-08_18-45-06.mp4,1419.0,1894.0,1083,1573,1755,2215,0.84765255
1112,/Volumes/SmithL0/2026/BIOL470/Final/Learning_Rig/bee_0408_3/rev/cam1_2026-04-08_18-45-06.mp4,1419.0,1910.5,1090,1578,1748,2243,0.8496296
1113,/Volumes/SmithL0/2026/BIOL470/Final/Learning_Rig/bee_0408_3/rev/cam1_2026-04-08_18-45-06.mp4,1378.0,1920.5,1074,1598,1682,2243,0.81979966
1114,/Volumes/SmithL0/2026/BIOL470/Final/Learning_Rig/bee_0408_3/rev/cam1_2026-04-08_18-45-06.mp4,1373.5,1895.0,1064,1599,1683,2191,0.82452834
1115,/Volumes/SmithL0/2026/BIOL470/Final/Learning_Rig/bee_0408_3/rev/cam1_2026-04-08_18-45-06.mp4,1365.0,1888.0,1045,1595,1685,2181,0.8205706
1116,/Volumes/SmithL0/2026/BIOL470/Final/Learning_Rig/bee_0408_3/rev/cam1_2026-04-08_18-45-06.mp4,1367.5,1882.5,1032,1594,1703,2171,0.80204564
1117,/Volumes/SmithL0/2026/BIOL470/Final/Learning_Rig/bee_0408_3/rev/cam1_2026-04-08_18-45-06.mp4,1402.5,1888.5,1043,1595,1762,2182,0.8346118
1118,/Volumes/SmithL0/2026/BIOL470/Final/Learning_Rig/bee_0408_3/rev/cam1_2026-04-08_18-45-06.mp4,1374.5,1892.0,1056,1600,1693,2184,0.8073775
1119,/Volumes/SmithL0/2026/BIOL470/Final/Learning_Rig/bee_0408_3/rev/cam1_2026-04-08_18-45-06.mp4,1306.5,1931.0,951,1660,1662,2202,0.8290348
1120,/Volumes/SmithL0/2026/BIOL470/Final/Learning_Rig/bee_0408_3/rev/cam1_2026-04-08_18-45-06.mp4,1230.0,1944.5,874,1696,1586,2193,0.8200474
1121,/Volumes/SmithL0/2026/BIOL470/Final/Learning_Rig/bee_0408_3/rev/cam1_2026-04-08_18-45-06.mp4,1225.0,1949.0,874,1685,1576,2213,0.8338772
1122,/Volumes/SmithL0/2026/BIOL470/Final/Learning_Rig/bee_0408_3/rev/cam1_2026-04-08_18-45-06.mp4,1229.5,1954.5,884,1712,1575,2197,0.83899957
1123,/Volumes/SmithL0/2026/BIOL470/Final/Learning_Rig/bee_0408_3/rev/cam1_2026-04-08_18-45-06.mp4,1222.0,1957.0,884,1712,1560,2202,0.8492971
1124,/Volumes/SmithL0/2026/BIOL470/Final/Learning_Rig/bee_0408_3/rev/cam1_2026-04-08_18-45-06.mp4,1221.0,1970.0,882,1714,1560,2226,0.8651797
1125,/Volumes/SmithL0/2026/BIOL470/Final/Learning_Rig/bee_0408_3/rev/cam1_2026-04-08_18-45-06.mp4,1217.0,1967.0,872,1677,1562,2257,0.83656996
1126,/Volumes/SmithL0/2026/BIOL470/Final/Learning_Rig/bee_0408_3/rev/cam1_2026-04-08_18-45-06.mp4,1204.5,1949.5,882,1657,1527,2242,0.85513496
1127,/Volumes/SmithL0/2026/BIOL470/Final/Learning_Rig/bee_0408_3/rev/cam1_2026-04-08_18-45-06.mp4,1212.0,1952.5,881,1654,1543,2251,0.8468382
1128,/Volumes/SmithL0/2026/BIOL470/Final/Learning_Rig/bee_0408_3/rev/cam1_2026-04-08_18-45-06.mp4,1175.5,1938.0,870,1626,1481,2250,0.8120104
1129,/Volumes/SmithL0/2026/BIOL470/Final/Learning_Rig/bee_0408_3/rev/cam1_2026-04-08_18-45-06.mp4,1171.5,1920.5,865,1606,1478,2235,0.80832
1130,/Volumes/SmithL0/2026/BIOL470/Final/Learning_Rig/bee_0408_3/rev/cam1_2026-04-08_18-45-06.mp4,1106.0,1914.5,874,1587,1338,2242,0.82680637
1131,/Volumes/SmithL0/2026/BIOL470/Final/Learning_Rig/bee_0408_3/rev/cam1_2026-04-08_18-45-06.mp4,1098.5,1901.5,872,1574,1325,2229,0.8362313
1132,/Volumes/SmithL0/2026/BIOL470/Final/Learning_Rig/bee_0408_3/rev/cam1_2026-04-08_18-45-06.mp4,1097.5,1902.0,863,1568,1332,2236,0.8234247
1133,/Volumes/SmithL0/2026/BIOL470/Final/Learning_Rig/bee_0408_3/rev/cam1_2026-04-08_18-45-06.mp4,1087.0,1874.5,859,1543,1315,2206,0.8343566
1134,/Volumes/SmithL0/2026/BIOL470/Final/Learning_Rig/bee_0408_3/rev/cam1_2026-04-08_18-45-06.mp4,1094.5,1842.0,857,1508,1332,2176,0.85282654
1135,/Volumes/SmithL0/2026/BIOL470/Final/Learning_Rig/bee_0408_3/rev/cam1_2026-04-08_18-45-06.mp4,1091.0,1834.5,857,1508,1325,2161,0.8448675
1136,/Volumes/SmithL0/2026/BIOL470/Final/Learning_Rig/bee_0408_3/rev/cam1_2026-04-08_18-45-06.mp4,1088.5,1803.0,834,1481,1343,2125,0.8473494
1137,/Volumes/SmithL0/2026/BIOL470/Final/Learning_Rig/bee_0408_3/rev/cam1_2026-04-08_18-45-06.mp4,1083.5,1788.5,846,1472,1321,2105,0.83617836
1138,/Volumes/SmithL0/2026/BIOL470/Final/Learning_Rig/bee_0408_3/rev/cam1_2026-04-08_18-45-06.mp4,1096.5,1788.5,863,1471,1330,2106,0.84061885
1139,/Volumes/SmithL0/2026/BIOL470/Final/Learning_Rig/bee_0408_3/rev/cam1_2026-04-08_18-45-06.mp4,1120.0,1794.0,859,1453,1381,2135,0.8119422
1140,/Volumes/SmithL0/2026/BIOL470/Final/Learning_Rig/bee_0408_3/rev/cam1_2026-04-08_18-45-06.mp4,1152.0,1774.0,852,1441,1452,2107,0.83943933
1141,/Volumes/SmithL0/2026/BIOL470/Final/Learning_Rig/bee_0408_3/rev/cam1_2026-04-08_18-45-06.mp4,1168.0,1738.5,855,1430,1481,2047,0.82414407
1142,/Volumes/SmithL0/2026/BIOL470/Final/Learning_Rig/bee_0408_3/rev/cam1_2026-04-08_18-45-06.mp4,1171.5,1693.0,853,1389,1490,1997,0.7831136
1143,/Volumes/SmithL0/2026/BIOL470/Final/Learning_Rig/bee_0408_3/rev/cam1_2026-04-08_18-45-06.mp4,1171.5,1734.0,834,1414,1509,2054,0.7685686
1144,/Volumes/SmithL0/2026/BIOL470/Final/Learning_Rig/bee_0408_3/rev/cam1_2026-04-08_18-45-06.mp4,1167.0,1720.0,842,1392,1492,2048,0.76256377
1145,/Volumes/SmithL0/2026/BIOL470/Final/Learning_Rig/bee_0408_3/rev/cam1_2026-04-08_18-45-06.mp4,1171.0,1661.0,838,1392,1504,1930,0.8093436
1146,/Volumes/SmithL0/2026/BIOL470/Final/Learning_Rig/bee_0408_3/rev/cam1_2026-04-08_18-45-06.mp4,1160.0,1607.5,843,1284,1477,1931,0.8089453
1147,/Volumes/SmithL0/2026/BIOL470/Final/Learning_Rig/bee_0408_3/rev/cam1_2026-04-08_18-45-06.mp4,1172.0,1636.0,840,1316,1504,1956,0.8104478
1148,/Volumes/SmithL0/2026/BIOL470/Final/Learning_Rig/bee_0408_3/rev/cam1_2026-04-08_18-45-06.mp4,1199.0,1624.0,850,1343,1548,1905,0.818282
1149,/Volumes/SmithL0/2026/BIOL470/Final/Learning_Rig/bee_0408_3/rev/cam1_2026-04-08_18-45-06.mp4,1205.5,1613.5,856,1318,1555,1909,0.8235082
1150,/Volumes/SmithL0/2026/BIOL470/Final/Learning_Rig/bee_0408_3/rev/cam1_2026-04-08_18-45-06.mp4,1223.5,1617.0,882,1342,1565,1892,0.8002894
1151,/Volumes/SmithL0/2026/BIOL470/Final/Learning_Rig/bee_0408_3/rev/cam1_2026-04-08_18-45-06.mp4,1232.5,1580.5,888,1336,1577,1825,0.8184317
1152,/Volumes/SmithL0/2026/BIOL470/Final/Learning_Rig/bee_0408_3/rev/cam1_2026-04-08_18-45-06.mp4,1244.5,1579.5,896,1333,1593,1826,0.7989012
1153,/Volumes/SmithL0/2026/BIOL470/Final/Learning_Rig/bee_0408_3/rev/cam1_2026-04-08_18-45-06.mp4,1247.5,1569.0,893,1316,1602,1822,0.79397094
1154,/Volumes/SmithL0/2026/BIOL470/Final/Learning_Rig/bee_0408_3/rev/cam1_2026-04-08_18-45-06.mp4,1253.0,1568.0,900,1310,1606,1826,0.78409016
1155,/Volumes/SmithL0/2026/BIOL470/Final/Learning_Rig/bee_0408_3/rev/cam1_2026-04-08_18-45-06.mp4,1274.0,1559.5,930,1298,1618,1821,0.7726437
1156,/Volumes/SmithL0/2026/BIOL470/Final/Learning_Rig/bee_0408_3/rev/cam1_2026-04-08_18-45-06.mp4,1273.0,1557.0,926,1292,1620,1822,0.77009076
1157,/Volumes/SmithL0/2026/BIOL470/Final/Learning_Rig/bee_0408_3/rev/cam1_2026-04-08_18-45-06.mp4,1279.0,1555.5,935,1282,1623,1829,0.7687171
1158,/Volumes/SmithL0/2026/BIOL470/Final/Learning_Rig/bee_0408_3/rev/cam1_2026-04-08_18-45-06.mp4,1284.5,1564.5,940,1291,1629,1838,0.799514
1159,/Volumes/SmithL0/2026/BIOL470/Final/Learning_Rig/bee_0408_3/rev/cam1_2026-04-08_18-45-06.mp4,1280.0,1585.5,909,1286,1651,1885,0.7805027
1160,/Volumes/SmithL0/2026/BIOL470/Final/Learning_Rig/bee_0408_3/rev/cam1_2026-04-08_18-45-06.mp4,1294.5,1574.5,945,1278,1644,1871,0.8059199
1161,/Volumes/SmithL0/2026/BIOL470/Final/Learning_Rig/bee_0408_3/rev/cam1_2026-04-08_18-45-06.mp4,1324.5,1592.0,1002,1272,1647,1912,0.8081503
1162,/Volumes/SmithL0/2026/BIOL470/Final/Learning_Rig/bee_0408_3/rev/cam1_2026-04-08_18-45-06.mp4,1338.0,1611.5,1021,1280,1655,1943,0.8071319
1163,/Volumes/SmithL0/2026/BIOL470/Final/Learning_Rig/bee_0408_3/rev/cam1_2026-04-08_18-45-06.mp4,1361.5,1626.0,1062,1283,1661,1969,0.80558836
1164,/Volumes/SmithL0/2026/BIOL470/Final/Learning_Rig/bee_0408_3/rev/cam1_2026-04-08_18-45-06.mp4,1365.0,1637.0,1037,1290,1693,1984,0.81291056
1165,/Volumes/SmithL0/2026/BIOL470/Final/Learning_Rig/bee_0408_3/rev/cam1_2026-04-08_18-45-06.mp4,1368.5,1649.5,1035,1297,1702,2002,0.8131621
1166,/Volumes/SmithL0/2026/BIOL470/Final/Learning_Rig/bee_0408_3/rev/cam1_2026-04-08_18-45-06.mp4,1400.5,1639.5,1118,1285,1683,1994,0.7932294
1167,/Volumes/SmithL0/2026/BIOL470/Final/Learning_Rig/bee_0408_3/rev/cam1_2026-04-08_18-45-06.mp4,1415.5,1677.5,1103,1317,1728,2038,0.82475257
1168,/Volumes/SmithL0/2026/BIOL470/Final/Learning_Rig/bee_0408_3/rev/cam1_2026-04-08_18-45-06.mp4,1433.0,1690.0,1101,1337,1765,2043,0.7975037
1169,/Volumes/SmithL0/2026/BIOL470/Final/Learning_Rig/bee_0408_3/rev/cam1_2026-04-08_18-45-06.mp4,1424.0,1733.5,1116,1342,1732,2125,0.7939614
1170,/Volumes/SmithL0/2026/BIOL470/Final/Learning_Rig/bee_0408_3/rev/cam1_2026-04-08_18-45-06.mp4,1480.5,1787.0,1197,1369,1764,2205,0.8358142
1171,/Volumes/SmithL0/2026/BIOL470/Final/Learning_Rig/bee_0408_3/rev/cam1_2026-04-08_18-45-06.mp4,1498.0,1813.5,1181,1403,1815,2224,0.83022857
1172,/Volumes/SmithL0/2026/BIOL470/Final/Learning_Rig/bee_0408_3/rev/cam1_2026-04-08_18-45-06.mp4,1492.5,1815.5,1176,1421,1809,2210,0.8348098
1173,/Volumes/SmithL0/2026/BIOL470/Final/Learning_Rig/bee_0408_3/rev/cam1_2026-04-08_18-45-06.mp4,1492.0,1805.5,1174,1424,1810,2187,0.82208276
1174,/Volumes/SmithL0/2026/BIOL470/Final/Learning_Rig/bee_0408_3/rev/cam1_2026-04-08_18-45-06.mp4,1495.5,1837.5,1171,1463,1820,2212,0.8095912
1175,/Volumes/SmithL0/2026/BIOL470/Final/Learning_Rig/bee_0408_3/rev/cam1_2026-04-08_18-45-06.mp4,1507.0,1825.0,1177,1459,1837,2191,0.7942797
1176,/Volumes/SmithL0/2026/BIOL470/Final/Learning_Rig/bee_0408_3/rev/cam1_2026-04-08_18-45-06.mp4,1526.0,1755.0,1159,1468,1893,2042,0.7430458
1177,/Volumes/SmithL0/2026/BIOL470/Final/Learning_Rig/bee_0408_3/rev/cam1_2026-04-08_18-45-06.mp4,1507.0,1838.0,1139,1485,1875,2191,0.8072076
1178,/Volumes/SmithL0/2026/BIOL470/Final/Learning_Rig/bee_0408_3/rev/cam1_2026-04-08_18-45-06.mp4,1499.5,1853.0,1127,1497,1872,2209,0.8173517
1179,/Volumes/SmithL0/2026/BIOL470/Final/Learning_Rig/bee_0408_3/rev/cam1_2026-04-08_18-45-06.mp4,1494.5,1834.0,1118,1480,1871,2188,0.80833733
1180,/Volumes/SmithL0/2026/BIOL470/Final/Learning_Rig/bee_0408_3/rev/cam1_2026-04-08_18-45-06.mp4,1499.0,1789.0,1129,1432,1869,2146,0.78058326
1181,/Volumes/SmithL0/2026/BIOL470/Final/Learning_Rig/bee_0408_3/rev/cam1_2026-04-08_18-45-06.mp4,1502.0,1841.0,1131,1547,1873,2135,0.7763705
1182,/Volumes/SmithL0/2026/BIOL470/Final/Learning_Rig/bee_0408_3/rev/cam1_2026-04-08_18-45-06.mp4,1449.0,1864.0,1107,1557,1791,2171,0.8020552
1183,/Volumes/SmithL0/2026/BIOL470/Final/Learning_Rig/bee_0408_3/rev/cam1_2026-04-08_18-45-06.mp4,1438.0,1913.0,1097,1630,1779,2196,0.8259723
1184,/Volumes/SmithL0/2026/BIOL470/Final/Learning_Rig/bee_0408_3/rev/cam1_2026-04-08_18-45-06.mp4,1423.0,1914.0,1084,1633,1762,2195,0.82813627
1185,/Volumes/SmithL0/2026/BIOL470/Final/Learning_Rig/bee_0408_3/rev/cam1_2026-04-08_18-45-06.mp4,1409.0,1916.5,1074,1635,1744,2198,0.80898905
1186,/Volumes/SmithL0/2026/BIOL470/Final/Learning_Rig/bee_0408_3/rev/cam1_2026-04-08_18-45-06.mp4,1408.0,1920.0,1066,1637,1750,2203,0.8309281
1187,/Volumes/SmithL0/2026/BIOL470/Final/Learning_Rig/bee_0408_3/rev/cam1_2026-04-08_18-45-06.mp4,1376.5,1922.0,1047,1639,1706,2205,0.8293205
1188,/Volumes/SmithL0/2026/BIOL470/Final/Learning_Rig/bee_0408_3/rev/cam1_2026-04-08_18-45-06.mp4,1360.5,1945.5,1028,1662,1693,2229,0.8206444
1189,/Volumes/SmithL0/2026/BIOL470/Final/Learning_Rig/bee_0408_3/rev/cam1_2026-04-08_18-45-06.mp4,1352.0,1949.5,1023,1660,1681,2239,0.821946
1190,/Volumes/SmithL0/2026/BIOL470/Final/Learning_Rig/bee_0408_3/rev/cam1_2026-04-08_18-45-06.mp4,1361.5,1954.5,983,1658,1740,2251,0.8298765
1191,/Volumes/SmithL0/2026/BIOL470/Final/Learning_Rig/bee_0408_3/rev/cam1_2026-04-08_18-45-06.mp4,1306.0,1952.0,975,1655,1637,2249,0.8429474
1192,/Volumes/SmithL0/2026/BIOL470/Final/Learning_Rig/bee_0408_3/rev/cam1_2026-04-08_18-45-06.mp4,1305.5,1952.0,966,1652,1645,2252,0.8412905
1193,/Volumes/SmithL0/2026/BIOL470/Final/Learning_Rig/bee_0408_3/rev/cam1_2026-04-08_18-45-06.mp4,1309.0,1951.5,964,1648,1654,2255,0.8293965
1194,/Volumes/SmithL0/2026/BIOL470/Final/Learning_Rig/bee_0408_3/rev/cam1_2026-04-08_18-45-06.mp4,1304.0,1942.5,957,1634,1651,2251,0.8494669
1195,/Volumes/SmithL0/2026/BIOL470/Final/Learning_Rig/bee_0408_3/rev/cam1_2026-04-08_18-45-06.mp4,1305.0,1918.0,952,1602,1658,2234,0.8432419
1196,/Volumes/SmithL0/2026/BIOL470/Final/Learning_Rig/bee_0408_3/rev/cam1_2026-04-08_18-45-06.mp4,1193.5,1906.5,926,1582,1461,2231,0.85191166
1197,/Volumes/SmithL0/2026/BIOL470/Final/Learning_Rig/bee_0408_3/rev/cam1_2026-04-08_18-45-06.mp4,1179.5,1901.5,909,1578,1450,2225,0.83519727
1198,/Volumes/SmithL0/2026/BIOL470/Final/Learning_Rig/bee_0408_3/rev/cam1_2026-04-08_18-45-06.mp4,1170.5,1902.5,889,1576,1452,2229,0.828865
1199,/Volumes/SmithL0/2026/BIOL470/Final/Learning_Rig/bee_0408_3/rev/cam1_2026-04-08_18-45-06.mp4,1178.0,1897.5,903,1575,1453,2220,0.8382083
1200,/Volumes/SmithL0/2026/BIOL470/Final/Learning_Rig/bee_0408_3/rev/cam1_2026-04-08_18-45-06.mp4,1181.5,1898.0,902,1577,1461,2219,0.8239331
1201,/Volumes/SmithL0/2026/BIOL470/Final/Learning_Rig/bee_0408_3/rev/cam1_2026-04-08_18-45-06.mp4,1205.0,1895.5,904,1579,1506,2212,0.8204618
1202,/Volumes/SmithL0/2026/BIOL470/Final/Learning_Rig/bee_0408_3/rev/cam1_2026-04-08_18-45-06.mp4,1201.5,1898.5,902,1575,1501,2222,0.82915413
1203,/Volumes/SmithL0/2026/BIOL470/Final/Learning_Rig/bee_0408_3/rev/cam1_2026-04-08_18-45-06.mp4,1226.0,1896.5,901,1572,1551,2221,0.833
1204,/Volumes/SmithL0/2026/BIOL470/Final/Learning_Rig/bee_0408_3/rev/cam1_2026-04-08_18-45-06.mp4,1227.0,1892.5,901,1571,1553,2214,0.8420212
1205,/Volumes/SmithL0/2026/BIOL470/Final/Learning_Rig/bee_0408_3/rev/cam1_2026-04-08_18-45-06.mp4,1225.0,1895.5,906,1564,1544,2227,0.84263784
1206,/Volumes/SmithL0/2026/BIOL470/Final/Learning_Rig/bee_0408_3/rev/cam1_2026-04-08_18-45-06.mp4,1220.0,1891.0,910,1576,1530,2206,0.85297567
1207,/Volumes/SmithL0/2026/BIOL470/Final/Learning_Rig/bee_0408_3/rev/cam1_2026-04-08_18-45-06.mp4,1222.5,1885.0,908,1580,1537,2190,0.846322
1208,/Volumes/SmithL0/2026/BIOL470/Final/Learning_Rig/bee_0408_3/rev/cam1_2026-04-08_18-45-06.mp4,1221.5,1894.0,893,1598,1550,2190,0.8271911
1209,/Volumes/SmithL0/2026/BIOL470/Final/Learning_Rig/bee_0408_3/rev/cam1_2026-04-08_18-45-06.mp4,1233.0,1900.0,890,1609,1576,2191,0.82371724
1210,/Volumes/SmithL0/2026/BIOL470/Final/Learning_Rig/bee_0408_3/rev/cam1_2026-04-08_18-45-06.mp4,1219.0,1911.0,884,1623,1554,2199,0.8384103
1211,/Volumes/SmithL0/2026/BIOL470/Final/Learning_Rig/bee_0408_3/rev/cam1_2026-04-08_18-45-06.mp4,1231.0,1910.5,884,1623,1578,2198,0.8294842
1212,/Volumes/SmithL0/2026/BIOL470/Final/Learning_Rig/bee_0408_3/rev/cam1_2026-04-08_18-45-06.mp4,1245.0,1926.0,894,1642,1596,2210,0.82443726
1213,/Volumes/SmithL0/2026/BIOL470/Final/Learning_Rig/bee_0408_3/rev/cam1_2026-04-08_18-45-06.mp4,1256.5,1902.0,915,1635,1598,2169,0.8154024
1214,/Volumes/SmithL0/2026/BIOL470/Final/Learning_Rig/bee_0408_3/rev/cam1_2026-04-08_18-45-06.mp4,1290.5,1905.5,926,1626,1655,2185,0.82974106
1215,/Volumes/SmithL0/2026/BIOL470/Final/Learning_Rig/bee_0408_3/rev/cam1_2026-04-08_18-45-06.mp4,1278.0,1914.5,925,1654,1631,2175,0.8116718
1216,/Volumes/SmithL0/2026/BIOL470/Final/Learning_Rig/bee_0408_3/rev/cam1_2026-04-08_18-45-06.mp4,1273.0,1915.0,925,1654,1621,2176,0.8000916
1217,/Volumes/SmithL0/2026/BIOL470/Final/Learning_Rig/bee_0408_3/rev/cam1_2026-04-08_18-45-06.mp4,1269.0,1930.5,937,1658,1601,2203,0.7983278
1218,/Volumes/SmithL0/2026/BIOL470/Final/Learning_Rig/bee_0408_3/rev/cam1_2026-04-08_18-45-06.mp4,1278.0,1897.5,955,1605,1601,2190,0.82065505
1219,/Volumes/SmithL0/2026/BIOL470/Final/Learning_Rig/bee_0408_3/rev/cam1_2026-04-08_18-45-06.mp4,1279.0,1897.0,1003,1587,1555,2207,0.84204286
1220,/Volumes/SmithL0/2026/BIOL470/Final/Learning_Rig/bee_0408_3/rev/cam1_2026-04-08_18-45-06.mp4,1282.0,1895.0,1000,1574,1564,2216,0.83084893
1221,/Volumes/SmithL0/2026/BIOL470/Final/Learning_Rig/bee_0408_3/rev/cam1_2026-04-08_18-45-06.mp4,1313.0,1916.5,1010,1580,1616,2253,0.8220124
1222,/Volumes/SmithL0/2026/BIOL470/Final/Learning_Rig/bee_0408_3/rev/cam1_2026-04-08_18-45-06.mp4,1345.0,1929.5,1055,1591,1635,2268,0.8426299
1223,/Volumes/SmithL0/2026/BIOL470/Final/Learning_Rig/bee_0408_3/rev/cam1_2026-04-08_18-45-06.mp4,1352.5,1921.0,1055,1574,1650,2268,0.84774303
1224,/Volumes/SmithL0/2026/BIOL470/Final/Learning_Rig/bee_0408_3/rev/cam1_2026-04-08_18-45-06.mp4,1350.5,1943.0,1057,1596,1644,2290,0.8383665
1225,/Volumes/SmithL0/2026/BIOL470/Final/Learning_Rig/bee_0408_3/rev/cam1_2026-04-08_18-45-06.mp4,1349.0,1944.5,1056,1598,1642,2291,0.8361667
1226,/Volumes/SmithL0/2026/BIOL470/Final/Learning_Rig/bee_0408_3/rev/cam1_2026-04-08_18-45-06.mp4,1348.0,1944.5,1055,1599,1641,2290,0.8340994
1227,/Volumes/SmithL0/2026/BIOL470/Final/Learning_Rig/bee_0408_3/rev/cam1_2026-04-08_18-45-06.mp4,1334.0,1926.5,1056,1590,1612,2263,0.8447176
1228,/Volumes/SmithL0/2026/BIOL470/Final/Learning_Rig/bee_0408_3/rev/cam1_2026-04-08_18-45-06.mp4,1332.0,1927.0,1057,1596,1607,2258,0.83896625
1229,/Volumes/SmithL0/2026/BIOL470/Final/Learning_Rig/bee_0408_3/rev/cam1_2026-04-08_18-45-06.mp4,1333.5,1922.5,1059,1594,1608,2251,0.8368543
1230,/Volumes/SmithL0/2026/BIOL470/Final/Learning_Rig/bee_0408_3/rev/cam1_2026-04-08_18-45-06.mp4,1340.0,1917.5,1053,1584,1627,2251,0.83810407
1231,/Volumes/SmithL0/2026/BIOL470/Final/Learning_Rig/bee_0408_3/rev/cam1_2026-04-08_18-45-06.mp4,1336.5,1915.5,1049,1581,1624,2250,0.842611
1232,/Volumes/SmithL0/2026/BIOL470/Final/Learning_Rig/bee_0408_3/rev/cam1_2026-04-08_18-45-06.mp4,1335.0,1917.5,1050,1584,1620,2251,0.8448175
1233,/Volumes/SmithL0/2026/BIOL470/Final/Learning_Rig/bee_0408_3/rev/cam1_2026-04-08_18-45-06.mp4,1335.0,1918.5,1049,1587,1621,2250,0.8442303
1234,/Volumes/SmithL0/2026/BIOL470/Final/Learning_Rig/bee_0408_3/rev/cam1_2026-04-08_18-45-06.mp4,1337.0,1920.0,1049,1591,1625,2249,0.8418008
1235,/Volumes/SmithL0/2026/BIOL470/Final/Learning_Rig/bee_0408_3/rev/cam1_2026-04-08_18-45-06.mp4,1336.5,1918.5,1048,1589,1625,2248,0.84408087
1236,/Volumes/SmithL0/2026/BIOL470/Final/Learning_Rig/bee_0408_3/rev/cam1_2026-04-08_18-45-06.mp4,1334.5,1918.0,1046,1589,1623,2247,0.84165984
1237,/Volumes/SmithL0/2026/BIOL470/Final/Learning_Rig/bee_0408_3/rev/cam1_2026-04-08_18-45-06.mp4,1333.5,1918.0,1046,1590,1621,2246,0.8410374
1238,/Volumes/SmithL0/2026/BIOL470/Final/Learning_Rig/bee_0408_3/rev/cam1_2026-04-08_18-45-06.mp4,1336.0,1921.0,1047,1597,1625,2245,0.84394133
1239,/Volumes/SmithL0/2026/BIOL470/Final/Learning_Rig/bee_0408_3/rev/cam1_2026-04-08_18-45-06.mp4,1340.5,1922.0,1057,1600,1624,2244,0.8407282
1240,/Volumes/SmithL0/2026/BIOL470/Final/Learning_Rig/bee_0408_3/rev/cam1_2026-04-08_18-45-06.mp4,1341.0,1922.5,1057,1601,1625,2244,0.8399242
1241,/Volumes/SmithL0/2026/BIOL470/Final/Learning_Rig/bee_0408_3/rev/cam1_2026-04-08_18-45-06.mp4,1341.5,1920.5,1059,1598,1624,2243,0.83716655
1242,/Volumes/SmithL0/2026/BIOL470/Final/Learning_Rig/bee_0408_3/rev/cam1_2026-04-08_18-45-06.mp4,1342.0,1918.5,1064,1596,1620,2241,0.8348849
1243,/Volumes/SmithL0/2026/BIOL470/Final/Learning_Rig/bee_0408_3/rev/cam1_2026-04-08_18-45-06.mp4,1340.0,1918.0,1057,1594,1623,2242,0.83511096
1244,/Volumes/SmithL0/2026/BIOL470/Final/Learning_Rig/bee_0408_3/rev/cam1_2026-04-08_18-45-06.mp4,1336.0,1918.0,1051,1594,1621,2242,0.8345692
1245,/Volumes/SmithL0/2026/BIOL470/Final/Learning_Rig/bee_0408_3/rev/cam1_2026-04-08_18-45-06.mp4,1343.0,1918.0,1061,1594,1625,2242,0.83733624
1246,/Volumes/SmithL0/2026/BIOL470/Final/Learning_Rig/bee_0408_3/rev/cam1_2026-04-08_18-45-06.mp4,1342.5,1921.5,1060,1600,1625,2243,0.8401598
1247,/Volumes/SmithL0/2026/BIOL470/Final/Learning_Rig/bee_0408_3/rev/cam1_2026-04-08_18-45-06.mp4,1341.5,1925.5,1058,1607,1625,2244,0.84416723
1248,/Volumes/SmithL0/2026/BIOL470/Final/Learning_Rig/bee_0408_3/rev/cam1_2026-04-08_18-45-06.mp4,1340.0,1927.5,1058,1610,1622,2245,0.83762765
1249,/Volumes/SmithL0/2026/BIOL470/Final/Learning_Rig/bee_0408_3/rev/cam1_2026-04-08_18-45-06.mp4,1342.0,1926.0,1055,1607,1629,2245,0.84070474
1250,/Volumes/SmithL0/2026/BIOL470/Final/Learning_Rig/bee_0408_3/rev/cam1_2026-04-08_18-45-06.mp4,1339.5,1927.5,1054,1613,1625,2242,0.8430395
1251,/Volumes/SmithL0/2026/BIOL470/Final/Learning_Rig/bee_0408_3/rev/cam1_2026-04-08_18-45-06.mp4,1344.0,1928.5,1055,1616,1633,2241,0.8428882
1252,/Volumes/SmithL0/2026/BIOL470/Final/Learning_Rig/bee_0408_3/rev/cam1_2026-04-08_18-45-06.mp4,1351.5,1937.5,1059,1629,1644,2246,0.8341561
1253,/Volumes/SmithL0/2026/BIOL470/Final/Learning_Rig/bee_0408_3/rev/cam1_2026-04-08_18-45-06.mp4,1364.5,1938.0,1077,1630,1652,2246,0.8474931
1254,/Volumes/SmithL0/2026/BIOL470/Final/Learning_Rig/bee_0408_3/rev/cam1_2026-04-08_18-45-06.mp4,1357.5,1938.5,1070,1632,1645,2245,0.84609944
1255,/Volumes/SmithL0/2026/BIOL470/Final/Learning_Rig/bee_0408_3/rev/cam1_2026-04-08_18-45-06.mp4,1356.5,1937.5,1071,1630,1642,2245,0.83798254
1256,/Volumes/SmithL0/2026/BIOL470/Final/Learning_Rig/bee_0408_3/rev/cam1_2026-04-08_18-45-06.mp4,1352.5,1935.5,1067,1629,1638,2242,0.83274746
1257,/Volumes/SmithL0/2026/BIOL470/Final/Learning_Rig/bee_0408_3/rev/cam1_2026-04-08_18-45-06.mp4,1357.0,1936.0,1076,1629,1638,2243,0.834146
1258,/Volumes/SmithL0/2026/BIOL470/Final/Learning_Rig/bee_0408_3/rev/cam1_2026-04-08_18-45-06.mp4,1361.0,1935.5,1084,1628,1638,2243,0.82951635
1259,/Volumes/SmithL0/2026/BIOL470/Final/Learning_Rig/bee_0408_3/rev/cam1_2026-04-08_18-45-06.mp4,1352.0,1935.5,1066,1630,1638,2241,0.82931006
1260,/Volumes/SmithL0/2026/BIOL470/Final/Learning_Rig/bee_0408_3/rev/cam1_2026-04-08_18-45-06.mp4,1358.5,1935.0,1079,1629,1638,2241,0.82707036
1261,/Volumes/SmithL0/2026/BIOL470/Final/Learning_Rig/bee_0408_3/rev/cam1_2026-04-08_18-45-06.mp4,1360.0,1936.0,1081,1630,1639,2242,0.82856023
1262,/Volumes/SmithL0/2026/BIOL470/Final/Learning_Rig/bee_0408_3/rev/cam1_2026-04-08_18-45-06.mp4,1362.0,1935.5,1086,1628,1638,2243,0.8288429
1263,/Volumes/SmithL0/2026/BIOL470/Final/Learning_Rig/bee_0408_3/rev/cam1_2026-04-08_18-45-06.mp4,1356.0,1935.0,1076,1627,1636,2243,0.82477504
1264,/Volumes/SmithL0/2026/BIOL470/Final/Learning_Rig/bee_0408_3/rev/cam1_2026-04-08_18-45-06.mp4,1359.0,1933.5,1079,1625,1639,2242,0.82555574
1265,/Volumes/SmithL0/2026/BIOL470/Final/Learning_Rig/bee_0408_3/rev/cam1_2026-04-08_18-45-06.mp4,1361.5,1933.5,1079,1624,1644,2243,0.82442933
1266,/Volumes/SmithL0/2026/BIOL470/Final/Learning_Rig/bee_0408_3/rev/cam1_2026-04-08_18-45-06.mp4,1358.0,1934.5,1072,1628,1644,2241,0.8234805
1267,/Volumes/SmithL0/2026/BIOL470/Final/Learning_Rig/bee_0408_3/rev/cam1_2026-04-08_18-45-06.mp4,1362.0,1936.0,1083,1630,1641,2242,0.82295287
1268,/Volumes/SmithL0/2026/BIOL470/Final/Learning_Rig/bee_0408_3/rev/cam1_2026-04-08_18-45-06.mp4,1363.0,1935.0,1084,1629,1642,2241,0.8204603
1269,/Volumes/SmithL0/2026/BIOL470/Final/Learning_Rig/bee_0408_3/rev/cam1_2026-04-08_18-45-06.mp4,1363.0,1936.0,1084,1630,1642,2242,0.82005113
1270,/Volumes/SmithL0/2026/BIOL470/Final/Learning_Rig/bee_0408_3/rev/cam1_2026-04-08_18-45-06.mp4,1363.5,1935.0,1086,1629,1641,2241,0.8221075
1271,/Volumes/SmithL0/2026/BIOL470/Final/Learning_Rig/bee_0408_3/rev/cam1_2026-04-08_18-45-06.mp4,1363.0,1936.0,1087,1630,1639,2242,0.82184654
1272,/Volumes/SmithL0/2026/BIOL470/Final/Learning_Rig/bee_0408_3/rev/cam1_2026-04-08_18-45-06.mp4,1365.0,1935.0,1089,1628,1641,2242,0.82082367
1273,/Volumes/SmithL0/2026/BIOL470/Final/Learning_Rig/bee_0408_3/rev/cam1_2026-04-08_18-45-06.mp4,1364.5,1936.0,1088,1630,1641,2242,0.81934285
1274,/Volumes/SmithL0/2026/BIOL470/Final/Learning_Rig/bee_0408_3/rev/cam1_2026-04-08_18-45-06.mp4,1364.0,1936.5,1087,1631,1641,2242,0.81668496
1275,/Volumes/SmithL0/2026/BIOL470/Final/Learning_Rig/bee_0408_3/rev/cam1_2026-04-08_18-45-06.mp4,1363.0,1936.5,1086,1631,1640,2242,0.8207122
1276,/Volumes/SmithL0/2026/BIOL470/Final/Learning_Rig/bee_0408_3/rev/cam1_2026-04-08_18-45-06.mp4,1364.0,1936.0,1087,1631,1641,2241,0.81759596
1277,/Volumes/SmithL0/2026/BIOL470/Final/Learning_Rig/bee_0408_3/rev/cam1_2026-04-08_18-45-06.mp4,1366.5,1932.0,1091,1625,1642,2239,0.81697875
1278,/Volumes/SmithL0/2026/BIOL470/Final/Learning_Rig/bee_0408_3/rev/cam1_2026-04-08_18-45-06.mp4,1365.5,1923.0,1085,1609,1646,2237,0.8148927
1279,/Volumes/SmithL0/2026/BIOL470/Final/Learning_Rig/bee_0408_3/rev/cam1_2026-04-08_18-45-06.mp4,1366.5,1920.0,1088,1605,1645,2235,0.8136291
1280,/Volumes/SmithL0/2026/BIOL470/Final/Learning_Rig/bee_0408_3/rev/cam1_2026-04-08_18-45-06.mp4,1367.5,1920.5,1089,1605,1646,2236,0.8136444
