,filepath,x_centroid,y_centroid,x_min,y_min,x_max,y_max,detection_confidence
0,/Volumes/SmithL0/2026/BIOL470/Final/Learning_Rig/bee_0408_3/rev/cam1_2026-04-08_18-42-13.mp4,1019.0,2139.5,805,1782,1233,2497,0.8218035
1,/Volumes/SmithL0/2026/BIOL470/Final/Learning_Rig/bee_0408_3/rev/cam1_2026-04-08_18-42-13.mp4,1025.0,2147.5,805,1797,1245,2498,0.828237
2,/Volumes/SmithL0/2026/BIOL470/Final/Learning_Rig/bee_0408_3/rev/cam1_2026-04-08_18-42-13.mp4,1026.0,2147.0,806,1797,1246,2497,0.82920504
3,/Volumes/SmithL0/2026/BIOL470/Final/Learning_Rig/bee_0408_3/rev/cam1_2026-04-08_18-42-13.mp4,1026.0,2147.5,806,1796,1246,2499,0.8294041
4,/Volumes/SmithL0/2026/BIOL470/Final/Learning_Rig/bee_0408_3/rev/cam1_2026-04-08_18-42-13.mp4,1025.5,2148.0,806,1797,1245,2499,0.8287892
5,/Volumes/SmithL0/2026/BIOL470/Final/Learning_Rig/bee_0408_3/rev/cam1_2026-04-08_18-42-13.mp4,1026.5,2147.0,808,1797,1245,2497,0.8306971
6,/Volumes/SmithL0/2026/BIOL470/Final/Learning_Rig/bee_0408_3/rev/cam1_2026-04-08_18-42-13.mp4,1027.0,2147.5,808,1797,1246,2498,0.8324709
7,/Volumes/SmithL0/2026/BIOL470/Final/Learning_Rig/bee_0408_3/rev/cam1_2026-04-08_18-42-13.mp4,1027.0,2146.5,808,1797,1246,2496,0.83250386
8,/Volumes/SmithL0/2026/BIOL470/Final/Learning_Rig/bee_0408_3/rev/cam1_2026-04-08_18-42-13.mp4,1026.5,2147.0,807,1797,1246,2497,0.833008
9,/Volumes/SmithL0/2026/BIOL470/Final/Learning_Rig/bee_0408_3/rev/cam1_2026-04-08_18-42-13.mp4,1026.0,2147.0,806,1797,1246,2497,0.8300248
10,/Volumes/SmithL0/2026/BIOL470/Final/Learning_Rig/bee_0408_3/rev/cam1_2026-04-08_18-42-13.mp4,1025.5,2147.0,806,1797,1245,2497,0.8289481
11,/Volumes/SmithL0/2026/BIOL470/Final/Learning_Rig/bee_0408_3/rev/cam1_2026-04-08_18-42-13.mp4,1025.5,2148.0,805,1797,1246,2499,0.82823724
12,/Volumes/SmithL0/2026/BIOL470/Final/Learning_Rig/bee_0408_3/rev/cam1_2026-04-08_18-42-13.mp4,1027.0,2147.5,806,1796,1248,2499,0.83153003
13,/Volumes/SmithL0/2026/BIOL470/Final/Learning_Rig/bee_0408_3/rev/cam1_2026-04-08_18-42-13.mp4,1026.5,2147.5,806,1797,1247,2498,0.8303771
14,/Volumes/SmithL0/2026/BIOL470/Final/Learning_Rig/bee_0408_3/rev/cam1_2026-04-08_18-42-13.mp4,1026.5,2149.0,805,1797,1248,2501,0.82979774
15,/Volumes/SmithL0/2026/BIOL470/Final/Learning_Rig/bee_0408_3/rev/cam1_2026-04-08_18-42-13.mp4,1025.5,2148.5,804,1797,1247,2500,0.82675546
16,/Volumes/SmithL0/2026/BIOL470/Final/Learning_Rig/bee_0408_3/rev/cam1_2026-04-08_18-42-13.mp4,1025.0,2147.5,804,1797,1246,2498,0.82784677
17,/Volumes/SmithL0/2026/BIOL470/Final/Learning_Rig/bee_0408_3/rev/cam1_2026-04-08_18-42-13.mp4,1026.0,2148.5,805,1797,1247,2500,0.82855636
18,/Volumes/SmithL0/2026/BIOL470/Final/Learning_Rig/bee_0408_3/rev/cam1_2026-04-08_18-42-13.mp4,1026.5,2148.0,806,1797,1247,2499,0.8310447
19,/Volumes/SmithL0/2026/BIOL470/Final/Learning_Rig/bee_0408_3/rev/cam1_2026-04-08_18-42-13.mp4,1021.5,2141.0,805,1782,1238,2500,0.82772654
20,/Volumes/SmithL0/2026/BIOL470/Final/Learning_Rig/bee_0408_3/rev/cam1_2026-04-08_18-42-13.mp4,1022.0,2139.5,805,1781,1239,2498,0.8289415
21,/Volumes/SmithL0/2026/BIOL470/Final/Learning_Rig/bee_0408_3/rev/cam1_2026-04-08_18-42-13.mp4,1026.5,2149.0,806,1798,1247,2500,0.8325828
22,/Volumes/SmithL0/2026/BIOL470/Final/Learning_Rig/bee_0408_3/rev/cam1_2026-04-08_18-42-13.mp4,1026.5,2149.0,806,1798,1247,2500,0.8314349
23,/Volumes/SmithL0/2026/BIOL470/Final/Learning_Rig/bee_0408_3/rev/cam1_2026-04-08_18-42-13.mp4,1026.0,2147.0,806,1797,1246,2497,0.83437204
24,/Volumes/SmithL0/2026/BIOL470/Final/Learning_Rig/bee_0408_3/rev/cam1_2026-04-08_18-42-13.mp4,1027.0,2148.5,807,1797,1247,2500,0.83386016
25,/Volumes/SmithL0/2026/BIOL470/Final/Learning_Rig/bee_0408_3/rev/cam1_2026-04-08_18-42-13.mp4,1026.0,2148.5,806,1797,1246,2500,0.83238393
26,/Volumes/SmithL0/2026/BIOL470/Final/Learning_Rig/bee_0408_3/rev/cam1_2026-04-08_18-42-13.mp4,1026.0,2147.0,806,1796,1246,2498,0.8324923
27,/Volumes/SmithL0/2026/BIOL470/Final/Learning_Rig/bee_0408_3/rev/cam1_2026-04-08_18-42-13.mp4,1026.5,2148.0,806,1797,1247,2499,0.83129096
28,/Volumes/SmithL0/2026/BIOL470/Final/Learning_Rig/bee_0408_3/rev/cam1_2026-04-08_18-42-13.mp4,1026.0,2149.0,804,1797,1248,2501,0.82862765
29,/Volumes/SmithL0/2026/BIOL470/Final/Learning_Rig/bee_0408_3/rev/cam1_2026-04-08_18-42-13.mp4,1026.5,2147.5,806,1797,1247,2498,0.8322809
30,/Volumes/SmithL0/2026/BIOL470/Final/Learning_Rig/bee_0408_3/rev/cam1_2026-04-08_18-42-13.mp4,1026.5,2146.5,806,1797,1247,2496,0.8324401
31,/Volumes/SmithL0/2026/BIOL470/Final/Learning_Rig/bee_0408_3/rev/cam1_2026-04-08_18-42-13.mp4,1026.5,2147.5,805,1797,1248,2498,0.8338573
32,/Volumes/SmithL0/2026/BIOL470/Final/Learning_Rig/bee_0408_3/rev/cam1_2026-04-08_18-42-13.mp4,1026.5,2146.5,806,1797,1247,2496,0.83093256
33,/Volumes/SmithL0/2026/BIOL470/Final/Learning_Rig/bee_0408_3/rev/cam1_2026-04-08_18-42-13.mp4,1026.0,2148.5,804,1797,1248,2500,0.8283965
34,/Volumes/SmithL0/2026/BIOL470/Final/Learning_Rig/bee_0408_3/rev/cam1_2026-04-08_18-42-13.mp4,1026.0,2149.0,804,1797,1248,2501,0.828413
35,/Volumes/SmithL0/2026/BIOL470/Final/Learning_Rig/bee_0408_3/rev/cam1_2026-04-08_18-42-13.mp4,1021.5,2141.0,804,1781,1239,2501,0.8277602
36,/Volumes/SmithL0/2026/BIOL470/Final/Learning_Rig/bee_0408_3/rev/cam1_2026-04-08_18-42-13.mp4,1026.0,2148.5,805,1797,1247,2500,0.8265615
37,/Volumes/SmithL0/2026/BIOL470/Final/Learning_Rig/bee_0408_3/rev/cam1_2026-04-08_18-42-13.mp4,1025.5,2147.0,805,1797,1246,2497,0.8287065
38,/Volumes/SmithL0/2026/BIOL470/Final/Learning_Rig/bee_0408_3/rev/cam1_2026-04-08_18-42-13.mp4,1021.0,2138.5,805,1782,1237,2495,0.8287738
39,/Volumes/SmithL0/2026/BIOL470/Final/Learning_Rig/bee_0408_3/rev/cam1_2026-04-08_18-42-13.mp4,1026.5,2146.0,807,1797,1246,2495,0.83209974
40,/Volumes/SmithL0/2026/BIOL470/Final/Learning_Rig/bee_0408_3/rev/cam1_2026-04-08_18-42-13.mp4,1026.5,2147.0,807,1797,1246,2497,0.83333397
41,/Volumes/SmithL0/2026/BIOL470/Final/Learning_Rig/bee_0408_3/rev/cam1_2026-04-08_18-42-13.mp4,1026.5,2147.0,806,1797,1247,2497,0.8326469
42,/Volumes/SmithL0/2026/BIOL470/Final/Learning_Rig/bee_0408_3/rev/cam1_2026-04-08_18-42-13.mp4,1026.5,2147.0,806,1797,1247,2497,0.83221674
43,/Volumes/SmithL0/2026/BIOL470/Final/Learning_Rig/bee_0408_3/rev/cam1_2026-04-08_18-42-13.mp4,1026.0,2146.5,805,1797,1247,2496,0.8326272
44,/Volumes/SmithL0/2026/BIOL470/Final/Learning_Rig/bee_0408_3/rev/cam1_2026-04-08_18-42-13.mp4,1026.5,2147.5,805,1798,1248,2497,0.8307466
45,/Volumes/SmithL0/2026/BIOL470/Final/Learning_Rig/bee_0408_3/rev/cam1_2026-04-08_18-42-13.mp4,1027.0,2146.5,806,1797,1248,2496,0.8320294
46,/Volumes/SmithL0/2026/BIOL470/Final/Learning_Rig/bee_0408_3/rev/cam1_2026-04-08_18-42-13.mp4,1026.5,2146.0,806,1797,1247,2495,0.8318415
47,/Volumes/SmithL0/2026/BIOL470/Final/Learning_Rig/bee_0408_3/rev/cam1_2026-04-08_18-42-13.mp4,1025.5,2146.0,805,1797,1246,2495,0.8317011
48,/Volumes/SmithL0/2026/BIOL470/Final/Learning_Rig/bee_0408_3/rev/cam1_2026-04-08_18-42-13.mp4,1026.0,2145.0,806,1796,1246,2494,0.8338712
49,/Volumes/SmithL0/2026/BIOL470/Final/Learning_Rig/bee_0408_3/rev/cam1_2026-04-08_18-42-13.mp4,1026.0,2147.0,806,1797,1246,2497,0.83421516
50,/Volumes/SmithL0/2026/BIOL470/Final/Learning_Rig/bee_0408_3/rev/cam1_2026-04-08_18-42-13.mp4,1026.5,2146.0,807,1796,1246,2496,0.83310896
51,/Volumes/SmithL0/2026/BIOL470/Final/Learning_Rig/bee_0408_3/rev/cam1_2026-04-08_18-42-13.mp4,1026.5,2145.5,807,1796,1246,2495,0.8334131
52,/Volumes/SmithL0/2026/BIOL470/Final/Learning_Rig/bee_0408_3/rev/cam1_2026-04-08_18-42-13.mp4,1027.5,2146.5,808,1797,1247,2496,0.83131695
53,/Volumes/SmithL0/2026/BIOL470/Final/Learning_Rig/bee_0408_3/rev/cam1_2026-04-08_18-42-13.mp4,1026.0,2146.5,806,1797,1246,2496,0.83018094
54,/Volumes/SmithL0/2026/BIOL470/Final/Learning_Rig/bee_0408_3/rev/cam1_2026-04-08_18-42-13.mp4,1026.0,2148.0,805,1797,1247,2499,0.83106846
55,/Volumes/SmithL0/2026/BIOL470/Final/Learning_Rig/bee_0408_3/rev/cam1_2026-04-08_18-42-13.mp4,1025.5,2147.5,805,1797,1246,2498,0.83018357
56,/Volumes/SmithL0/2026/BIOL470/Final/Learning_Rig/bee_0408_3/rev/cam1_2026-04-08_18-42-13.mp4,1025.5,2145.0,805,1797,1246,2493,0.8317204
57,/Volumes/SmithL0/2026/BIOL470/Final/Learning_Rig/bee_0408_3/rev/cam1_2026-04-08_18-42-13.mp4,1024.5,2146.5,804,1797,1245,2496,0.8313409
58,/Volumes/SmithL0/2026/BIOL470/Final/Learning_Rig/bee_0408_3/rev/cam1_2026-04-08_18-42-13.mp4,1025.0,2147.0,805,1797,1245,2497,0.83271885
59,/Volumes/SmithL0/2026/BIOL470/Final/Learning_Rig/bee_0408_3/rev/cam1_2026-04-08_18-42-13.mp4,1026.0,2147.0,806,1797,1246,2497,0.8327352
60,/Volumes/SmithL0/2026/BIOL470/Final/Learning_Rig/bee_0408_3/rev/cam1_2026-04-08_18-42-13.mp4,1026.5,2146.0,806,1797,1247,2495,0.83299094
61,/Volumes/SmithL0/2026/BIOL470/Final/Learning_Rig/bee_0408_3/rev/cam1_2026-04-08_18-42-13.mp4,1026.0,2146.0,806,1797,1246,2495,0.8321731
62,/Volumes/SmithL0/2026/BIOL470/Final/Learning_Rig/bee_0408_3/rev/cam1_2026-04-08_18-42-13.mp4,1026.0,2146.5,806,1797,1246,2496,0.83186895
63,/Volumes/SmithL0/2026/BIOL470/Final/Learning_Rig/bee_0408_3/rev/cam1_2026-04-08_18-42-13.mp4,1025.5,2148.0,806,1797,1245,2499,0.8307075
64,/Volumes/SmithL0/2026/BIOL470/Final/Learning_Rig/bee_0408_3/rev/cam1_2026-04-08_18-42-13.mp4,1026.5,2148.0,807,1797,1246,2499,0.8321216
65,/Volumes/SmithL0/2026/BIOL470/Final/Learning_Rig/bee_0408_3/rev/cam1_2026-04-08_18-42-13.mp4,1026.0,2146.5,807,1796,1245,2497,0.8320939
66,/Volumes/SmithL0/2026/BIOL470/Final/Learning_Rig/bee_0408_3/rev/cam1_2026-04-08_18-42-13.mp4,1025.0,2147.0,805,1797,1245,2497,0.8313756
67,/Volumes/SmithL0/2026/BIOL470/Final/Learning_Rig/bee_0408_3/rev/cam1_2026-04-08_18-42-13.mp4,1026.0,2146.5,805,1797,1247,2496,0.8306907
68,/Volumes/SmithL0/2026/BIOL470/Final/Learning_Rig/bee_0408_3/rev/cam1_2026-04-08_18-42-13.mp4,1026.0,2147.5,806,1797,1246,2498,0.8285424
69,/Volumes/SmithL0/2026/BIOL470/Final/Learning_Rig/bee_0408_3/rev/cam1_2026-04-08_18-42-13.mp4,1027.5,2147.5,809,1797,1246,2498,0.83117384
70,/Volumes/SmithL0/2026/BIOL470/Final/Learning_Rig/bee_0408_3/rev/cam1_2026-04-08_18-42-13.mp4,1027.0,2147.5,808,1797,1246,2498,0.83420926
71,/Volumes/SmithL0/2026/BIOL470/Final/Learning_Rig/bee_0408_3/rev/cam1_2026-04-08_18-42-13.mp4,1026.5,2147.0,807,1797,1246,2497,0.83304715
72,/Volumes/SmithL0/2026/BIOL470/Final/Learning_Rig/bee_0408_3/rev/cam1_2026-04-08_18-42-13.mp4,1027.0,2147.0,808,1797,1246,2497,0.8332953
73,/Volumes/SmithL0/2026/BIOL470/Final/Learning_Rig/bee_0408_3/rev/cam1_2026-04-08_18-42-13.mp4,1026.5,2147.0,807,1797,1246,2497,0.83145916
74,/Volumes/SmithL0/2026/BIOL470/Final/Learning_Rig/bee_0408_3/rev/cam1_2026-04-08_18-42-13.mp4,1026.0,2146.0,806,1797,1246,2495,0.8325648
75,/Volumes/SmithL0/2026/BIOL470/Final/Learning_Rig/bee_0408_3/rev/cam1_2026-04-08_18-42-13.mp4,1025.0,2144.0,805,1797,1245,2491,0.8307279
76,/Volumes/SmithL0/2026/BIOL470/Final/Learning_Rig/bee_0408_3/rev/cam1_2026-04-08_18-42-13.mp4,1024.5,2146.0,804,1797,1245,2495,0.82994944
77,/Volumes/SmithL0/2026/BIOL470/Final/Learning_Rig/bee_0408_3/rev/cam1_2026-04-08_18-42-13.mp4,1026.0,2148.5,805,1797,1247,2500,0.8286456
78,/Volumes/SmithL0/2026/BIOL470/Final/Learning_Rig/bee_0408_3/rev/cam1_2026-04-08_18-42-13.mp4,1027.0,2147.5,806,1797,1248,2498,0.8320587
79,/Volumes/SmithL0/2026/BIOL470/Final/Learning_Rig/bee_0408_3/rev/cam1_2026-04-08_18-42-13.mp4,1027.0,2146.5,807,1797,1247,2496,0.82962686
80,/Volumes/SmithL0/2026/BIOL470/Final/Learning_Rig/bee_0408_3/rev/cam1_2026-04-08_18-42-13.mp4,1026.0,2141.5,806,1797,1246,2486,0.8310775
81,/Volumes/SmithL0/2026/BIOL470/Final/Learning_Rig/bee_0408_3/rev/cam1_2026-04-08_18-42-13.mp4,1025.5,2144.5,805,1797,1246,2492,0.8307404
82,/Volumes/SmithL0/2026/BIOL470/Final/Learning_Rig/bee_0408_3/rev/cam1_2026-04-08_18-42-13.mp4,1025.5,2146.0,806,1797,1245,2495,0.83163685
83,/Volumes/SmithL0/2026/BIOL470/Final/Learning_Rig/bee_0408_3/rev/cam1_2026-04-08_18-42-13.mp4,1025.5,2142.5,806,1797,1245,2488,0.83044064
84,/Volumes/SmithL0/2026/BIOL470/Final/Learning_Rig/bee_0408_3/rev/cam1_2026-04-08_18-42-13.mp4,1025.0,2144.0,805,1797,1245,2491,0.8273769
85,/Volumes/SmithL0/2026/BIOL470/Final/Learning_Rig/bee_0408_3/rev/cam1_2026-04-08_18-42-13.mp4,1024.5,2146.0,805,1797,1244,2495,0.8287804
86,/Volumes/SmithL0/2026/BIOL470/Final/Learning_Rig/bee_0408_3/rev/cam1_2026-04-08_18-42-13.mp4,1024.5,2147.0,804,1797,1245,2497,0.8301553
87,/Volumes/SmithL0/2026/BIOL470/Final/Learning_Rig/bee_0408_3/rev/cam1_2026-04-08_18-42-13.mp4,1024.0,2145.0,803,1797,1245,2493,0.83183473
88,/Volumes/SmithL0/2026/BIOL470/Final/Learning_Rig/bee_0408_3/rev/cam1_2026-04-08_18-42-13.mp4,1025.5,2143.5,805,1796,1246,2491,0.832755
89,/Volumes/SmithL0/2026/BIOL470/Final/Learning_Rig/bee_0408_3/rev/cam1_2026-04-08_18-42-13.mp4,1026.5,2145.5,807,1796,1246,2495,0.83318156
90,/Volumes/SmithL0/2026/BIOL470/Final/Learning_Rig/bee_0408_3/rev/cam1_2026-04-08_18-42-13.mp4,1026.0,2146.5,806,1797,1246,2496,0.8319413
91,/Volumes/SmithL0/2026/BIOL470/Final/Learning_Rig/bee_0408_3/rev/cam1_2026-04-08_18-42-13.mp4,1027.0,2146.5,807,1797,1247,2496,0.8307506
92,/Volumes/SmithL0/2026/BIOL470/Final/Learning_Rig/bee_0408_3/rev/cam1_2026-04-08_18-42-13.mp4,1027.0,2145.0,807,1797,1247,2493,0.8299107
93,/Volumes/SmithL0/2026/BIOL470/Final/Learning_Rig/bee_0408_3/rev/cam1_2026-04-08_18-42-13.mp4,1027.0,2147.0,807,1797,1247,2497,0.8316406
94,/Volumes/SmithL0/2026/BIOL470/Final/Learning_Rig/bee_0408_3/rev/cam1_2026-04-08_18-42-13.mp4,1027.0,2148.0,807,1797,1247,2499,0.8303706
95,/Volumes/SmithL0/2026/BIOL470/Final/Learning_Rig/bee_0408_3/rev/cam1_2026-04-08_18-42-13.mp4,1026.5,2146.5,807,1797,1246,2496,0.83209395
96,/Volumes/SmithL0/2026/BIOL470/Final/Learning_Rig/bee_0408_3/rev/cam1_2026-04-08_18-42-13.mp4,1026.0,2148.5,806,1798,1246,2499,0.8288119
97,/Volumes/SmithL0/2026/BIOL470/Final/Learning_Rig/bee_0408_3/rev/cam1_2026-04-08_18-42-13.mp4,1027.0,2147.5,808,1797,1246,2498,0.82868177
98,/Volumes/SmithL0/2026/BIOL470/Final/Learning_Rig/bee_0408_3/rev/cam1_2026-04-08_18-42-13.mp4,1026.0,2147.5,807,1797,1245,2498,0.82896096
99,/Volumes/SmithL0/2026/BIOL470/Final/Learning_Rig/bee_0408_3/rev/cam1_2026-04-08_18-42-13.mp4,1025.5,2146.5,806,1797,1245,2496,0.8314932
100,/Volumes/SmithL0/2026/BIOL470/Final/Learning_Rig/bee_0408_3/rev/cam1_2026-04-08_18-42-13.mp4,1025.0,2147.5,805,1797,1245,2498,0.8287757
101,/Volumes/SmithL0/2026/BIOL470/Final/Learning_Rig/bee_0408_3/rev/cam1_2026-04-08_18-42-13.mp4,1025.0,2146.0,806,1797,1244,2495,0.8304485
102,/Volumes/SmithL0/2026/BIOL470/Final/Learning_Rig/bee_0408_3/rev/cam1_2026-04-08_18-42-13.mp4,1025.5,2146.5,807,1797,1244,2496,0.828425
103,/Volumes/SmithL0/2026/BIOL470/Final/Learning_Rig/bee_0408_3/rev/cam1_2026-04-08_18-42-13.mp4,1025.5,2146.5,806,1797,1245,2496,0.8305388
104,/Volumes/SmithL0/2026/BIOL470/Final/Learning_Rig/bee_0408_3/rev/cam1_2026-04-08_18-42-13.mp4,1026.5,2148.0,807,1797,1246,2499,0.8287362
105,/Volumes/SmithL0/2026/BIOL470/Final/Learning_Rig/bee_0408_3/rev/cam1_2026-04-08_18-42-13.mp4,1026.5,2148.5,807,1797,1246,2500,0.8268442
106,/Volumes/SmithL0/2026/BIOL470/Final/Learning_Rig/bee_0408_3/rev/cam1_2026-04-08_18-42-13.mp4,1025.5,2146.5,806,1797,1245,2496,0.8295774
107,/Volumes/SmithL0/2026/BIOL470/Final/Learning_Rig/bee_0408_3/rev/cam1_2026-04-08_18-42-13.mp4,1025.0,2147.5,804,1797,1246,2498,0.8300815
108,/Volumes/SmithL0/2026/BIOL470/Final/Learning_Rig/bee_0408_3/rev/cam1_2026-04-08_18-42-13.mp4,1025.5,2148.0,805,1797,1246,2499,0.82876223
109,/Volumes/SmithL0/2026/BIOL470/Final/Learning_Rig/bee_0408_3/rev/cam1_2026-04-08_18-42-13.mp4,1026.5,2147.0,807,1797,1246,2497,0.82748497
110,/Volumes/SmithL0/2026/BIOL470/Final/Learning_Rig/bee_0408_3/rev/cam1_2026-04-08_18-42-13.mp4,1026.0,2146.5,806,1797,1246,2496,0.8307641
111,/Volumes/SmithL0/2026/BIOL470/Final/Learning_Rig/bee_0408_3/rev/cam1_2026-04-08_18-42-13.mp4,1026.0,2144.5,807,1797,1245,2492,0.8291911
112,/Volumes/SmithL0/2026/BIOL470/Final/Learning_Rig/bee_0408_3/rev/cam1_2026-04-08_18-42-13.mp4,1025.5,2146.0,806,1797,1245,2495,0.8307692
113,/Volumes/SmithL0/2026/BIOL470/Final/Learning_Rig/bee_0408_3/rev/cam1_2026-04-08_18-42-13.mp4,1025.5,2146.5,806,1798,1245,2495,0.82932097
114,/Volumes/SmithL0/2026/BIOL470/Final/Learning_Rig/bee_0408_3/rev/cam1_2026-04-08_18-42-13.mp4,1026.0,2146.0,806,1797,1246,2495,0.83122444
115,/Volumes/SmithL0/2026/BIOL470/Final/Learning_Rig/bee_0408_3/rev/cam1_2026-04-08_18-42-13.mp4,1026.5,2148.5,807,1798,1246,2499,0.8294354
116,/Volumes/SmithL0/2026/BIOL470/Final/Learning_Rig/bee_0408_3/rev/cam1_2026-04-08_18-42-13.mp4,1026.0,2147.0,806,1797,1246,2497,0.8300193
117,/Volumes/SmithL0/2026/BIOL470/Final/Learning_Rig/bee_0408_3/rev/cam1_2026-04-08_18-42-13.mp4,1026.0,2147.5,806,1797,1246,2498,0.82947576
118,/Volumes/SmithL0/2026/BIOL470/Final/Learning_Rig/bee_0408_3/rev/cam1_2026-04-08_18-42-13.mp4,1026.0,2148.5,806,1797,1246,2500,0.82847536
119,/Volumes/SmithL0/2026/BIOL470/Final/Learning_Rig/bee_0408_3/rev/cam1_2026-04-08_18-42-13.mp4,1027.0,2148.0,808,1797,1246,2499,0.8263709
120,/Volumes/SmithL0/2026/BIOL470/Final/Learning_Rig/bee_0408_3/rev/cam1_2026-04-08_18-42-13.mp4,1025.5,2146.5,806,1797,1245,2496,0.8299276
121,/Volumes/SmithL0/2026/BIOL470/Final/Learning_Rig/bee_0408_3/rev/cam1_2026-04-08_18-42-13.mp4,1025.0,2146.5,805,1797,1245,2496,0.8291751
122,/Volumes/SmithL0/2026/BIOL470/Final/Learning_Rig/bee_0408_3/rev/cam1_2026-04-08_18-42-13.mp4,1025.5,2146.0,806,1797,1245,2495,0.82928145
123,/Volumes/SmithL0/2026/BIOL470/Final/Learning_Rig/bee_0408_3/rev/cam1_2026-04-08_18-42-13.mp4,1025.0,2147.0,806,1797,1244,2497,0.82880735
124,/Volumes/SmithL0/2026/BIOL470/Final/Learning_Rig/bee_0408_3/rev/cam1_2026-04-08_18-42-13.mp4,1026.0,2147.0,807,1797,1245,2497,0.8297703
125,/Volumes/SmithL0/2026/BIOL470/Final/Learning_Rig/bee_0408_3/rev/cam1_2026-04-08_18-42-13.mp4,1025.5,2147.0,806,1797,1245,2497,0.8291134
126,/Volumes/SmithL0/2026/BIOL470/Final/Learning_Rig/bee_0408_3/rev/cam1_2026-04-08_18-42-13.mp4,1026.0,2146.5,807,1797,1245,2496,0.82996523
127,/Volumes/SmithL0/2026/BIOL470/Final/Learning_Rig/bee_0408_3/rev/cam1_2026-04-08_18-42-13.mp4,1025.0,2147.0,805,1797,1245,2497,0.82902926
128,/Volumes/SmithL0/2026/BIOL470/Final/Learning_Rig/bee_0408_3/rev/cam1_2026-04-08_18-42-13.mp4,1025.5,2147.0,806,1797,1245,2497,0.8282405
129,/Volumes/SmithL0/2026/BIOL470/Final/Learning_Rig/bee_0408_3/rev/cam1_2026-04-08_18-42-13.mp4,1025.5,2147.0,807,1797,1244,2497,0.830133
130,/Volumes/SmithL0/2026/BIOL470/Final/Learning_Rig/bee_0408_3/rev/cam1_2026-04-08_18-42-13.mp4,1025.5,2146.5,808,1797,1243,2496,0.82875884
131,/Volumes/SmithL0/2026/BIOL470/Final/Learning_Rig/bee_0408_3/rev/cam1_2026-04-08_18-42-13.mp4,1025.0,2146.5,806,1797,1244,2496,0.82935816
132,/Volumes/SmithL0/2026/BIOL470/Final/Learning_Rig/bee_0408_3/rev/cam1_2026-04-08_18-42-13.mp4,1025.5,2146.0,806,1797,1245,2495,0.8292084
133,/Volumes/SmithL0/2026/BIOL470/Final/Learning_Rig/bee_0408_3/rev/cam1_2026-04-08_18-42-13.mp4,1025.5,2146.5,806,1797,1245,2496,0.83132267
134,/Volumes/SmithL0/2026/BIOL470/Final/Learning_Rig/bee_0408_3/rev/cam1_2026-04-08_18-42-13.mp4,1026.5,2147.0,807,1797,1246,2497,0.82994604
135,/Volumes/SmithL0/2026/BIOL470/Final/Learning_Rig/bee_0408_3/rev/cam1_2026-04-08_18-42-13.mp4,1022.0,2139.0,805,1783,1239,2495,0.82990843
136,/Volumes/SmithL0/2026/BIOL470/Final/Learning_Rig/bee_0408_3/rev/cam1_2026-04-08_18-42-13.mp4,1026.0,2148.5,806,1798,1246,2499,0.83201456
137,/Volumes/SmithL0/2026/BIOL470/Final/Learning_Rig/bee_0408_3/rev/cam1_2026-04-08_18-42-13.mp4,1025.5,2148.5,805,1798,1246,2499,0.8302325
138,/Volumes/SmithL0/2026/BIOL470/Final/Learning_Rig/bee_0408_3/rev/cam1_2026-04-08_18-42-13.mp4,1026.5,2146.0,807,1797,1246,2495,0.8296309
139,/Volumes/SmithL0/2026/BIOL470/Final/Learning_Rig/bee_0408_3/rev/cam1_2026-04-08_18-42-13.mp4,1025.5,2146.0,806,1797,1245,2495,0.829673
140,/Volumes/SmithL0/2026/BIOL470/Final/Learning_Rig/bee_0408_3/rev/cam1_2026-04-08_18-42-13.mp4,1025.5,2146.0,806,1797,1245,2495,0.83116215
141,/Volumes/SmithL0/2026/BIOL470/Final/Learning_Rig/bee_0408_3/rev/cam1_2026-04-08_18-42-13.mp4,1026.0,2147.0,806,1797,1246,2497,0.83184063
142,/Volumes/SmithL0/2026/BIOL470/Final/Learning_Rig/bee_0408_3/rev/cam1_2026-04-08_18-42-13.mp4,1026.5,2148.5,807,1798,1246,2499,0.82878315
143,/Volumes/SmithL0/2026/BIOL470/Final/Learning_Rig/bee_0408_3/rev/cam1_2026-04-08_18-42-13.mp4,1025.5,2146.5,806,1797,1245,2496,0.8285262
144,/Volumes/SmithL0/2026/BIOL470/Final/Learning_Rig/bee_0408_3/rev/cam1_2026-04-08_18-42-13.mp4,1026.0,2146.5,807,1797,1245,2496,0.828185
145,/Volumes/SmithL0/2026/BIOL470/Final/Learning_Rig/bee_0408_3/rev/cam1_2026-04-08_18-42-13.mp4,1025.0,2147.0,804,1798,1246,2496,0.82926047
146,/Volumes/SmithL0/2026/BIOL470/Final/Learning_Rig/bee_0408_3/rev/cam1_2026-04-08_18-42-13.mp4,1025.5,2148.5,805,1798,1246,2499,0.82738805
147,/Volumes/SmithL0/2026/BIOL470/Final/Learning_Rig/bee_0408_3/rev/cam1_2026-04-08_18-42-13.mp4,1025.0,2147.0,806,1797,1244,2497,0.8294052
148,/Volumes/SmithL0/2026/BIOL470/Final/Learning_Rig/bee_0408_3/rev/cam1_2026-04-08_18-42-13.mp4,1026.0,2146.5,807,1797,1245,2496,0.83053994
149,/Volumes/SmithL0/2026/BIOL470/Final/Learning_Rig/bee_0408_3/rev/cam1_2026-04-08_18-42-13.mp4,1026.5,2146.5,807,1797,1246,2496,0.83134204
150,/Volumes/SmithL0/2026/BIOL470/Final/Learning_Rig/bee_0408_3/rev/cam1_2026-04-08_18-42-13.mp4,1026.5,2147.5,807,1797,1246,2498,0.82966727
151,/Volumes/SmithL0/2026/BIOL470/Final/Learning_Rig/bee_0408_3/rev/cam1_2026-04-08_18-42-13.mp4,1027.0,2148.0,808,1797,1246,2499,0.8317707
152,/Volumes/SmithL0/2026/BIOL470/Final/Learning_Rig/bee_0408_3/rev/cam1_2026-04-08_18-42-13.mp4,1025.5,2147.0,806,1797,1245,2497,0.83182883
153,/Volumes/SmithL0/2026/BIOL470/Final/Learning_Rig/bee_0408_3/rev/cam1_2026-04-08_18-42-13.mp4,1025.5,2148.0,806,1797,1245,2499,0.8277783
154,/Volumes/SmithL0/2026/BIOL470/Final/Learning_Rig/bee_0408_3/rev/cam1_2026-04-08_18-42-13.mp4,1025.5,2145.5,807,1797,1244,2494,0.82856244
155,/Volumes/SmithL0/2026/BIOL470/Final/Learning_Rig/bee_0408_3/rev/cam1_2026-04-08_18-42-13.mp4,1026.5,2145.0,808,1797,1245,2493,0.8287999
156,/Volumes/SmithL0/2026/BIOL470/Final/Learning_Rig/bee_0408_3/rev/cam1_2026-04-08_18-42-13.mp4,1026.5,2145.5,807,1797,1246,2494,0.8305048
157,/Volumes/SmithL0/2026/BIOL470/Final/Learning_Rig/bee_0408_3/rev/cam1_2026-04-08_18-42-13.mp4,1026.5,2146.0,808,1797,1245,2495,0.8295867
158,/Volumes/SmithL0/2026/BIOL470/Final/Learning_Rig/bee_0408_3/rev/cam1_2026-04-08_18-42-13.mp4,1025.5,2146.5,806,1797,1245,2496,0.83058316
159,/Volumes/SmithL0/2026/BIOL470/Final/Learning_Rig/bee_0408_3/rev/cam1_2026-04-08_18-42-13.mp4,1026.0,2148.5,806,1797,1246,2500,0.83042336
160,/Volumes/SmithL0/2026/BIOL470/Final/Learning_Rig/bee_0408_3/rev/cam1_2026-04-08_18-42-13.mp4,1026.0,2148.5,806,1798,1246,2499,0.8319667
161,/Volumes/SmithL0/2026/BIOL470/Final/Learning_Rig/bee_0408_3/rev/cam1_2026-04-08_18-42-13.mp4,1025.5,2147.0,806,1798,1245,2496,0.827432
162,/Volumes/SmithL0/2026/BIOL470/Final/Learning_Rig/bee_0408_3/rev/cam1_2026-04-08_18-42-13.mp4,1026.5,2147.5,807,1797,1246,2498,0.8312212
163,/Volumes/SmithL0/2026/BIOL470/Final/Learning_Rig/bee_0408_3/rev/cam1_2026-04-08_18-42-13.mp4,1026.0,2146.0,806,1797,1246,2495,0.8295657
164,/Volumes/SmithL0/2026/BIOL470/Final/Learning_Rig/bee_0408_3/rev/cam1_2026-04-08_18-42-13.mp4,1025.0,2146.5,805,1797,1245,2496,0.8289577
165,/Volumes/SmithL0/2026/BIOL470/Final/Learning_Rig/bee_0408_3/rev/cam1_2026-04-08_18-42-13.mp4,1025.5,2145.0,806,1797,1245,2493,0.82818526
166,/Volumes/SmithL0/2026/BIOL470/Final/Learning_Rig/bee_0408_3/rev/cam1_2026-04-08_18-42-13.mp4,1026.5,2148.5,807,1798,1246,2499,0.82714576
167,/Volumes/SmithL0/2026/BIOL470/Final/Learning_Rig/bee_0408_3/rev/cam1_2026-04-08_18-42-13.mp4,1026.0,2149.5,806,1798,1246,2501,0.82953113
168,/Volumes/SmithL0/2026/BIOL470/Final/Learning_Rig/bee_0408_3/rev/cam1_2026-04-08_18-42-13.mp4,1026.0,2149.5,806,1798,1246,2501,0.82647866
169,/Volumes/SmithL0/2026/BIOL470/Final/Learning_Rig/bee_0408_3/rev/cam1_2026-04-08_18-42-13.mp4,1025.5,2150.5,805,1798,1246,2503,0.826842
170,/Volumes/SmithL0/2026/BIOL470/Final/Learning_Rig/bee_0408_3/rev/cam1_2026-04-08_18-42-13.mp4,1026.0,2146.5,806,1797,1246,2496,0.82980293
171,/Volumes/SmithL0/2026/BIOL470/Final/Learning_Rig/bee_0408_3/rev/cam1_2026-04-08_18-42-13.mp4,1026.5,2144.0,808,1797,1245,2491,0.83103865
172,/Volumes/SmithL0/2026/BIOL470/Final/Learning_Rig/bee_0408_3/rev/cam1_2026-04-08_18-42-13.mp4,1026.0,2147.5,807,1798,1245,2497,0.8316993
173,/Volumes/SmithL0/2026/BIOL470/Final/Learning_Rig/bee_0408_3/rev/cam1_2026-04-08_18-42-13.mp4,1025.0,2147.0,805,1798,1245,2496,0.8289595
174,/Volumes/SmithL0/2026/BIOL470/Final/Learning_Rig/bee_0408_3/rev/cam1_2026-04-08_18-42-13.mp4,1026.0,2147.5,807,1798,1245,2497,0.82909393
175,/Volumes/SmithL0/2026/BIOL470/Final/Learning_Rig/bee_0408_3/rev/cam1_2026-04-08_18-42-13.mp4,1026.5,2149.0,807,1798,1246,2500,0.82599926
176,/Volumes/SmithL0/2026/BIOL470/Final/Learning_Rig/bee_0408_3/rev/cam1_2026-04-08_18-42-13.mp4,1026.5,2148.5,807,1798,1246,2499,0.82849205
177,/Volumes/SmithL0/2026/BIOL470/Final/Learning_Rig/bee_0408_3/rev/cam1_2026-04-08_18-42-13.mp4,1024.5,2149.5,804,1798,1245,2501,0.82802
178,/Volumes/SmithL0/2026/BIOL470/Final/Learning_Rig/bee_0408_3/rev/cam1_2026-04-08_18-42-13.mp4,1026.0,2147.5,806,1797,1246,2498,0.8302051
179,/Volumes/SmithL0/2026/BIOL470/Final/Learning_Rig/bee_0408_3/rev/cam1_2026-04-08_18-42-13.mp4,1026.0,2148.0,806,1798,1246,2498,0.8298226
180,/Volumes/SmithL0/2026/BIOL470/Final/Learning_Rig/bee_0408_3/rev/cam1_2026-04-08_18-42-13.mp4,1021.5,2137.5,806,1782,1237,2493,0.829528
181,/Volumes/SmithL0/2026/BIOL470/Final/Learning_Rig/bee_0408_3/rev/cam1_2026-04-08_18-42-13.mp4,1027.5,2147.0,809,1797,1246,2497,0.83119535
182,/Volumes/SmithL0/2026/BIOL470/Final/Learning_Rig/bee_0408_3/rev/cam1_2026-04-08_18-42-13.mp4,1026.5,2147.5,807,1797,1246,2498,0.83138525
183,/Volumes/SmithL0/2026/BIOL470/Final/Learning_Rig/bee_0408_3/rev/cam1_2026-04-08_18-42-13.mp4,1026.0,2144.5,807,1796,1245,2493,0.8315161
184,/Volumes/SmithL0/2026/BIOL470/Final/Learning_Rig/bee_0408_3/rev/cam1_2026-04-08_18-42-13.mp4,1025.5,2146.5,807,1797,1244,2496,0.82891
185,/Volumes/SmithL0/2026/BIOL470/Final/Learning_Rig/bee_0408_3/rev/cam1_2026-04-08_18-42-13.mp4,1026.0,2146.5,807,1797,1245,2496,0.8292424
186,/Volumes/SmithL0/2026/BIOL470/Final/Learning_Rig/bee_0408_3/rev/cam1_2026-04-08_18-42-13.mp4,1026.5,2147.0,808,1797,1245,2497,0.8303546
187,/Volumes/SmithL0/2026/BIOL470/Final/Learning_Rig/bee_0408_3/rev/cam1_2026-04-08_18-42-13.mp4,1026.5,2146.5,808,1797,1245,2496,0.82992804
188,/Volumes/SmithL0/2026/BIOL470/Final/Learning_Rig/bee_0408_3/rev/cam1_2026-04-08_18-42-13.mp4,1026.0,2146.5,807,1797,1245,2496,0.82990605
189,/Volumes/SmithL0/2026/BIOL470/Final/Learning_Rig/bee_0408_3/rev/cam1_2026-04-08_18-42-13.mp4,1025.5,2146.0,807,1797,1244,2495,0.829673
190,/Volumes/SmithL0/2026/BIOL470/Final/Learning_Rig/bee_0408_3/rev/cam1_2026-04-08_18-42-13.mp4,1025.5,2148.5,807,1797,1244,2500,0.828705
191,/Volumes/SmithL0/2026/BIOL470/Final/Learning_Rig/bee_0408_3/rev/cam1_2026-04-08_18-42-13.mp4,1025.5,2147.0,806,1797,1245,2497,0.8294474
192,/Volumes/SmithL0/2026/BIOL470/Final/Learning_Rig/bee_0408_3/rev/cam1_2026-04-08_18-42-13.mp4,1026.0,2148.0,806,1797,1246,2499,0.83029276
193,/Volumes/SmithL0/2026/BIOL470/Final/Learning_Rig/bee_0408_3/rev/cam1_2026-04-08_18-42-13.mp4,1026.0,2146.5,807,1797,1245,2496,0.8294559
194,/Volumes/SmithL0/2026/BIOL470/Final/Learning_Rig/bee_0408_3/rev/cam1_2026-04-08_18-42-13.mp4,1025.5,2146.5,806,1797,1245,2496,0.83026636
195,/Volumes/SmithL0/2026/BIOL470/Final/Learning_Rig/bee_0408_3/rev/cam1_2026-04-08_18-42-13.mp4,1025.0,2148.0,806,1797,1244,2499,0.8312487
196,/Volumes/SmithL0/2026/BIOL470/Final/Learning_Rig/bee_0408_3/rev/cam1_2026-04-08_18-42-13.mp4,1026.0,2147.5,807,1797,1245,2498,0.83069056
197,/Volumes/SmithL0/2026/BIOL470/Final/Learning_Rig/bee_0408_3/rev/cam1_2026-04-08_18-42-13.mp4,1025.0,2147.0,806,1797,1244,2497,0.831412
198,/Volumes/SmithL0/2026/BIOL470/Final/Learning_Rig/bee_0408_3/rev/cam1_2026-04-08_18-42-13.mp4,1026.0,2148.0,806,1798,1246,2498,0.8299635
199,/Volumes/SmithL0/2026/BIOL470/Final/Learning_Rig/bee_0408_3/rev/cam1_2026-04-08_18-42-13.mp4,1026.0,2147.0,806,1798,1246,2496,0.8309566
200,/Volumes/SmithL0/2026/BIOL470/Final/Learning_Rig/bee_0408_3/rev/cam1_2026-04-08_18-42-13.mp4,1026.5,2146.0,807,1797,1246,2495,0.8306666
201,/Volumes/SmithL0/2026/BIOL470/Final/Learning_Rig/bee_0408_3/rev/cam1_2026-04-08_18-42-13.mp4,1026.5,2147.0,808,1798,1245,2496,0.8307223
202,/Volumes/SmithL0/2026/BIOL470/Final/Learning_Rig/bee_0408_3/rev/cam1_2026-04-08_18-42-13.mp4,1025.5,2147.0,806,1797,1245,2497,0.83181155
203,/Volumes/SmithL0/2026/BIOL470/Final/Learning_Rig/bee_0408_3/rev/cam1_2026-04-08_18-42-13.mp4,1026.0,2147.5,807,1797,1245,2498,0.8303201
204,/Volumes/SmithL0/2026/BIOL470/Final/Learning_Rig/bee_0408_3/rev/cam1_2026-04-08_18-42-13.mp4,1026.0,2145.0,807,1797,1245,2493,0.8311942
205,/Volumes/SmithL0/2026/BIOL470/Final/Learning_Rig/bee_0408_3/rev/cam1_2026-04-08_18-42-13.mp4,1025.5,2144.5,806,1797,1245,2492,0.8282446
206,/Volumes/SmithL0/2026/BIOL470/Final/Learning_Rig/bee_0408_3/rev/cam1_2026-04-08_18-42-13.mp4,1026.0,2146.0,806,1797,1246,2495,0.8294118
207,/Volumes/SmithL0/2026/BIOL470/Final/Learning_Rig/bee_0408_3/rev/cam1_2026-04-08_18-42-13.mp4,1027.0,2146.5,808,1797,1246,2496,0.8297893
208,/Volumes/SmithL0/2026/BIOL470/Final/Learning_Rig/bee_0408_3/rev/cam1_2026-04-08_18-42-13.mp4,1027.0,2147.5,808,1797,1246,2498,0.8260662
209,/Volumes/SmithL0/2026/BIOL470/Final/Learning_Rig/bee_0408_3/rev/cam1_2026-04-08_18-42-13.mp4,1026.5,2146.5,808,1797,1245,2496,0.8276924
210,/Volumes/SmithL0/2026/BIOL470/Final/Learning_Rig/bee_0408_3/rev/cam1_2026-04-08_18-42-13.mp4,1025.5,2145.0,807,1797,1244,2493,0.8294465
211,/Volumes/SmithL0/2026/BIOL470/Final/Learning_Rig/bee_0408_3/rev/cam1_2026-04-08_18-42-13.mp4,1026.0,2145.0,807,1797,1245,2493,0.8289864
212,/Volumes/SmithL0/2026/BIOL470/Final/Learning_Rig/bee_0408_3/rev/cam1_2026-04-08_18-42-13.mp4,1024.5,2143.5,805,1797,1244,2490,0.82867765
213,/Volumes/SmithL0/2026/BIOL470/Final/Learning_Rig/bee_0408_3/rev/cam1_2026-04-08_18-42-13.mp4,1026.0,2143.5,807,1797,1245,2490,0.82962346
214,/Volumes/SmithL0/2026/BIOL470/Final/Learning_Rig/bee_0408_3/rev/cam1_2026-04-08_18-42-13.mp4,1025.5,2145.0,806,1797,1245,2493,0.83032507
215,/Volumes/SmithL0/2026/BIOL470/Final/Learning_Rig/bee_0408_3/rev/cam1_2026-04-08_18-42-13.mp4,1026.5,2145.5,807,1797,1246,2494,0.8302152
216,/Volumes/SmithL0/2026/BIOL470/Final/Learning_Rig/bee_0408_3/rev/cam1_2026-04-08_18-42-13.mp4,1027.5,2146.0,808,1797,1247,2495,0.8293321
217,/Volumes/SmithL0/2026/BIOL470/Final/Learning_Rig/bee_0408_3/rev/cam1_2026-04-08_18-42-13.mp4,1026.0,2147.0,806,1797,1246,2497,0.8309062
218,/Volumes/SmithL0/2026/BIOL470/Final/Learning_Rig/bee_0408_3/rev/cam1_2026-04-08_18-42-13.mp4,1026.5,2146.5,807,1797,1246,2496,0.82941747
219,/Volumes/SmithL0/2026/BIOL470/Final/Learning_Rig/bee_0408_3/rev/cam1_2026-04-08_18-42-13.mp4,1026.0,2147.0,807,1797,1245,2497,0.82988113
220,/Volumes/SmithL0/2026/BIOL470/Final/Learning_Rig/bee_0408_3/rev/cam1_2026-04-08_18-42-13.mp4,1026.0,2147.0,806,1797,1246,2497,0.82904494
221,/Volumes/SmithL0/2026/BIOL470/Final/Learning_Rig/bee_0408_3/rev/cam1_2026-04-08_18-42-13.mp4,1026.0,2146.5,807,1797,1245,2496,0.8303451
222,/Volumes/SmithL0/2026/BIOL470/Final/Learning_Rig/bee_0408_3/rev/cam1_2026-04-08_18-42-13.mp4,1027.0,2146.5,808,1797,1246,2496,0.8312387
223,/Volumes/SmithL0/2026/BIOL470/Final/Learning_Rig/bee_0408_3/rev/cam1_2026-04-08_18-42-13.mp4,1026.5,2147.0,807,1797,1246,2497,0.833168
224,/Volumes/SmithL0/2026/BIOL470/Final/Learning_Rig/bee_0408_3/rev/cam1_2026-04-08_18-42-13.mp4,1027.0,2147.0,808,1797,1246,2497,0.83185244
225,/Volumes/SmithL0/2026/BIOL470/Final/Learning_Rig/bee_0408_3/rev/cam1_2026-04-08_18-42-13.mp4,1027.5,2147.5,808,1797,1247,2498,0.8324025
226,/Volumes/SmithL0/2026/BIOL470/Final/Learning_Rig/bee_0408_3/rev/cam1_2026-04-08_18-42-13.mp4,1026.0,2146.0,807,1797,1245,2495,0.83228904
227,/Volumes/SmithL0/2026/BIOL470/Final/Learning_Rig/bee_0408_3/rev/cam1_2026-04-08_18-42-13.mp4,1026.5,2145.0,807,1797,1246,2493,0.8328818
228,/Volumes/SmithL0/2026/BIOL470/Final/Learning_Rig/bee_0408_3/rev/cam1_2026-04-08_18-42-13.mp4,1026.0,2146.0,806,1797,1246,2495,0.83110523
229,/Volumes/SmithL0/2026/BIOL470/Final/Learning_Rig/bee_0408_3/rev/cam1_2026-04-08_18-42-13.mp4,1024.5,2146.0,805,1797,1244,2495,0.83044004
230,/Volumes/SmithL0/2026/BIOL470/Final/Learning_Rig/bee_0408_3/rev/cam1_2026-04-08_18-42-13.mp4,1025.5,2147.5,806,1798,1245,2497,0.83109516
231,/Volumes/SmithL0/2026/BIOL470/Final/Learning_Rig/bee_0408_3/rev/cam1_2026-04-08_18-42-13.mp4,1025.5,2146.5,807,1797,1244,2496,0.8300356
232,/Volumes/SmithL0/2026/BIOL470/Final/Learning_Rig/bee_0408_3/rev/cam1_2026-04-08_18-42-13.mp4,1026.0,2145.5,807,1797,1245,2494,0.83110493
233,/Volumes/SmithL0/2026/BIOL470/Final/Learning_Rig/bee_0408_3/rev/cam1_2026-04-08_18-42-13.mp4,1025.0,2147.5,806,1798,1244,2497,0.8314635
234,/Volumes/SmithL0/2026/BIOL470/Final/Learning_Rig/bee_0408_3/rev/cam1_2026-04-08_18-42-13.mp4,1026.0,2147.5,807,1797,1245,2498,0.83107877
235,/Volumes/SmithL0/2026/BIOL470/Final/Learning_Rig/bee_0408_3/rev/cam1_2026-04-08_18-42-13.mp4,1025.0,2149.0,805,1798,1245,2500,0.8293636
236,/Volumes/SmithL0/2026/BIOL470/Final/Learning_Rig/bee_0408_3/rev/cam1_2026-04-08_18-42-13.mp4,1025.5,2145.0,806,1797,1245,2493,0.83094424
237,/Volumes/SmithL0/2026/BIOL470/Final/Learning_Rig/bee_0408_3/rev/cam1_2026-04-08_18-42-13.mp4,1024.5,2146.0,805,1797,1244,2495,0.8302898
238,/Volumes/SmithL0/2026/BIOL470/Final/Learning_Rig/bee_0408_3/rev/cam1_2026-04-08_18-42-13.mp4,1025.0,2145.5,805,1797,1245,2494,0.8286852
239,/Volumes/SmithL0/2026/BIOL470/Final/Learning_Rig/bee_0408_3/rev/cam1_2026-04-08_18-42-13.mp4,1025.5,2145.0,806,1797,1245,2493,0.82962674
240,/Volumes/SmithL0/2026/BIOL470/Final/Learning_Rig/bee_0408_3/rev/cam1_2026-04-08_18-42-13.mp4,1026.0,2146.0,806,1797,1246,2495,0.8278307
241,/Volumes/SmithL0/2026/BIOL470/Final/Learning_Rig/bee_0408_3/rev/cam1_2026-04-08_18-42-13.mp4,1026.0,2144.0,807,1797,1245,2491,0.8296052
242,/Volumes/SmithL0/2026/BIOL470/Final/Learning_Rig/bee_0408_3/rev/cam1_2026-04-08_18-42-13.mp4,1026.0,2148.0,807,1798,1245,2498,0.83006775
243,/Volumes/SmithL0/2026/BIOL470/Final/Learning_Rig/bee_0408_3/rev/cam1_2026-04-08_18-42-13.mp4,1025.5,2147.5,806,1798,1245,2497,0.8313901
244,/Volumes/SmithL0/2026/BIOL470/Final/Learning_Rig/bee_0408_3/rev/cam1_2026-04-08_18-42-13.mp4,1026.0,2146.5,807,1797,1245,2496,0.82998484
245,/Volumes/SmithL0/2026/BIOL470/Final/Learning_Rig/bee_0408_3/rev/cam1_2026-04-08_18-42-13.mp4,1024.0,2146.0,804,1797,1244,2495,0.8270283
246,/Volumes/SmithL0/2026/BIOL470/Final/Learning_Rig/bee_0408_3/rev/cam1_2026-04-08_18-42-13.mp4,1025.5,2148.0,806,1798,1245,2498,0.82427114
247,/Volumes/SmithL0/2026/BIOL470/Final/Learning_Rig/bee_0408_3/rev/cam1_2026-04-08_18-42-13.mp4,1026.0,2147.5,807,1797,1245,2498,0.8259446
248,/Volumes/SmithL0/2026/BIOL470/Final/Learning_Rig/bee_0408_3/rev/cam1_2026-04-08_18-42-13.mp4,1025.5,2146.5,806,1797,1245,2496,0.8272806
249,/Volumes/SmithL0/2026/BIOL470/Final/Learning_Rig/bee_0408_3/rev/cam1_2026-04-08_18-42-13.mp4,1025.5,2148.0,806,1798,1245,2498,0.8275197
250,/Volumes/SmithL0/2026/BIOL470/Final/Learning_Rig/bee_0408_3/rev/cam1_2026-04-08_18-42-13.mp4,1025.5,2148.0,805,1798,1246,2498,0.8265026
251,/Volumes/SmithL0/2026/BIOL470/Final/Learning_Rig/bee_0408_3/rev/cam1_2026-04-08_18-42-13.mp4,1017.5,2127.0,816,1789,1219,2465,0.8283487
252,/Volumes/SmithL0/2026/BIOL470/Final/Learning_Rig/bee_0408_3/rev/cam1_2026-04-08_18-42-13.mp4,1025.5,2145.5,806,1797,1245,2494,0.8302009
253,/Volumes/SmithL0/2026/BIOL470/Final/Learning_Rig/bee_0408_3/rev/cam1_2026-04-08_18-42-13.mp4,1025.5,2147.5,806,1798,1245,2497,0.8301979
254,/Volumes/SmithL0/2026/BIOL470/Final/Learning_Rig/bee_0408_3/rev/cam1_2026-04-08_18-42-13.mp4,1025.5,2146.5,806,1797,1245,2496,0.82916576
255,/Volumes/SmithL0/2026/BIOL470/Final/Learning_Rig/bee_0408_3/rev/cam1_2026-04-08_18-42-13.mp4,1026.0,2147.0,806,1797,1246,2497,0.82947785
256,/Volumes/SmithL0/2026/BIOL470/Final/Learning_Rig/bee_0408_3/rev/cam1_2026-04-08_18-42-13.mp4,1026.0,2143.5,807,1797,1245,2490,0.8289337
257,/Volumes/SmithL0/2026/BIOL470/Final/Learning_Rig/bee_0408_3/rev/cam1_2026-04-08_18-42-13.mp4,1026.5,2147.0,807,1797,1246,2497,0.82758546
258,/Volumes/SmithL0/2026/BIOL470/Final/Learning_Rig/bee_0408_3/rev/cam1_2026-04-08_18-42-13.mp4,1026.0,2147.5,808,1797,1244,2498,0.8294123
259,/Volumes/SmithL0/2026/BIOL470/Final/Learning_Rig/bee_0408_3/rev/cam1_2026-04-08_18-42-13.mp4,1025.5,2146.5,807,1797,1244,2496,0.829354
260,/Volumes/SmithL0/2026/BIOL470/Final/Learning_Rig/bee_0408_3/rev/cam1_2026-04-08_18-42-13.mp4,1025.5,2148.0,806,1798,1245,2498,0.82905525
261,/Volumes/SmithL0/2026/BIOL470/Final/Learning_Rig/bee_0408_3/rev/cam1_2026-04-08_18-42-13.mp4,1026.0,2147.0,806,1798,1246,2496,0.82832086
262,/Volumes/SmithL0/2026/BIOL470/Final/Learning_Rig/bee_0408_3/rev/cam1_2026-04-08_18-42-13.mp4,1025.0,2148.0,805,1798,1245,2498,0.82836336
263,/Volumes/SmithL0/2026/BIOL470/Final/Learning_Rig/bee_0408_3/rev/cam1_2026-04-08_18-42-13.mp4,1025.0,2149.5,805,1798,1245,2501,0.82443255
264,/Volumes/SmithL0/2026/BIOL470/Final/Learning_Rig/bee_0408_3/rev/cam1_2026-04-08_18-42-13.mp4,1026.0,2148.0,807,1798,1245,2498,0.82945037
265,/Volumes/SmithL0/2026/BIOL470/Final/Learning_Rig/bee_0408_3/rev/cam1_2026-04-08_18-42-13.mp4,1025.5,2147.5,806,1798,1245,2497,0.8294133
266,/Volumes/SmithL0/2026/BIOL470/Final/Learning_Rig/bee_0408_3/rev/cam1_2026-04-08_18-42-13.mp4,1026.5,2149.0,807,1798,1246,2500,0.8276328
267,/Volumes/SmithL0/2026/BIOL470/Final/Learning_Rig/bee_0408_3/rev/cam1_2026-04-08_18-42-13.mp4,1026.5,2147.5,807,1797,1246,2498,0.8296144
268,/Volumes/SmithL0/2026/BIOL470/Final/Learning_Rig/bee_0408_3/rev/cam1_2026-04-08_18-42-13.mp4,1025.0,2146.5,806,1797,1244,2496,0.83056056
269,/Volumes/SmithL0/2026/BIOL470/Final/Learning_Rig/bee_0408_3/rev/cam1_2026-04-08_18-42-13.mp4,1025.0,2147.0,806,1798,1244,2496,0.83020425
270,/Volumes/SmithL0/2026/BIOL470/Final/Learning_Rig/bee_0408_3/rev/cam1_2026-04-08_18-42-13.mp4,1025.5,2147.5,806,1798,1245,2497,0.82794833
271,/Volumes/SmithL0/2026/BIOL470/Final/Learning_Rig/bee_0408_3/rev/cam1_2026-04-08_18-42-13.mp4,1020.0,2138.0,805,1783,1235,2493,0.82621515
272,/Volumes/SmithL0/2026/BIOL470/Final/Learning_Rig/bee_0408_3/rev/cam1_2026-04-08_18-42-13.mp4,1020.0,2139.5,805,1782,1235,2497,0.8261153
273,/Volumes/SmithL0/2026/BIOL470/Final/Learning_Rig/bee_0408_3/rev/cam1_2026-04-08_18-42-13.mp4,1025.5,2146.0,807,1797,1244,2495,0.83056176
274,/Volumes/SmithL0/2026/BIOL470/Final/Learning_Rig/bee_0408_3/rev/cam1_2026-04-08_18-42-13.mp4,1025.0,2145.0,806,1797,1244,2493,0.8288768
275,/Volumes/SmithL0/2026/BIOL470/Final/Learning_Rig/bee_0408_3/rev/cam1_2026-04-08_18-42-13.mp4,1025.0,2146.0,806,1797,1244,2495,0.8290934
276,/Volumes/SmithL0/2026/BIOL470/Final/Learning_Rig/bee_0408_3/rev/cam1_2026-04-08_18-42-13.mp4,1024.5,2145.5,805,1797,1244,2494,0.83126247
277,/Volumes/SmithL0/2026/BIOL470/Final/Learning_Rig/bee_0408_3/rev/cam1_2026-04-08_18-42-13.mp4,1024.5,2146.0,805,1797,1244,2495,0.8305391
278,/Volumes/SmithL0/2026/BIOL470/Final/Learning_Rig/bee_0408_3/rev/cam1_2026-04-08_18-42-13.mp4,1024.5,2146.0,805,1797,1244,2495,0.8296711
279,/Volumes/SmithL0/2026/BIOL470/Final/Learning_Rig/bee_0408_3/rev/cam1_2026-04-08_18-42-13.mp4,1025.0,2148.0,806,1798,1244,2498,0.8302333
280,/Volumes/SmithL0/2026/BIOL470/Final/Learning_Rig/bee_0408_3/rev/cam1_2026-04-08_18-42-13.mp4,1024.0,2147.0,805,1797,1243,2497,0.8306976
281,/Volumes/SmithL0/2026/BIOL470/Final/Learning_Rig/bee_0408_3/rev/cam1_2026-04-08_18-42-13.mp4,1024.5,2145.5,806,1797,1243,2494,0.8297442
282,/Volumes/SmithL0/2026/BIOL470/Final/Learning_Rig/bee_0408_3/rev/cam1_2026-04-08_18-42-13.mp4,1024.0,2145.5,805,1797,1243,2494,0.82985866
283,/Volumes/SmithL0/2026/BIOL470/Final/Learning_Rig/bee_0408_3/rev/cam1_2026-04-08_18-42-13.mp4,1024.0,2146.5,804,1797,1244,2496,0.82993245
284,/Volumes/SmithL0/2026/BIOL470/Final/Learning_Rig/bee_0408_3/rev/cam1_2026-04-08_18-42-13.mp4,1020.0,2137.0,804,1783,1236,2491,0.82986015
285,/Volumes/SmithL0/2026/BIOL470/Final/Learning_Rig/bee_0408_3/rev/cam1_2026-04-08_18-42-13.mp4,1024.5,2147.5,805,1798,1244,2497,0.82957464
286,/Volumes/SmithL0/2026/BIOL470/Final/Learning_Rig/bee_0408_3/rev/cam1_2026-04-08_18-42-13.mp4,1024.5,2147.0,805,1798,1244,2496,0.82937366
287,/Volumes/SmithL0/2026/BIOL470/Final/Learning_Rig/bee_0408_3/rev/cam1_2026-04-08_18-42-13.mp4,1024.0,2147.0,806,1798,1242,2496,0.82771504
288,/Volumes/SmithL0/2026/BIOL470/Final/Learning_Rig/bee_0408_3/rev/cam1_2026-04-08_18-42-13.mp4,1024.5,2147.0,806,1798,1243,2496,0.83052707
289,/Volumes/SmithL0/2026/BIOL470/Final/Learning_Rig/bee_0408_3/rev/cam1_2026-04-08_18-42-13.mp4,1024.0,2146.5,805,1798,1243,2495,0.8301925
290,/Volumes/SmithL0/2026/BIOL470/Final/Learning_Rig/bee_0408_3/rev/cam1_2026-04-08_18-42-13.mp4,1024.5,2146.5,805,1797,1244,2496,0.82920563
291,/Volumes/SmithL0/2026/BIOL470/Final/Learning_Rig/bee_0408_3/rev/cam1_2026-04-08_18-42-13.mp4,1024.0,2146.0,804,1797,1244,2495,0.82963914
292,/Volumes/SmithL0/2026/BIOL470/Final/Learning_Rig/bee_0408_3/rev/cam1_2026-04-08_18-42-13.mp4,1024.5,2146.0,804,1797,1245,2495,0.8313659
293,/Volumes/SmithL0/2026/BIOL470/Final/Learning_Rig/bee_0408_3/rev/cam1_2026-04-08_18-42-13.mp4,1026.0,2146.0,806,1797,1246,2495,0.8324791
294,/Volumes/SmithL0/2026/BIOL470/Final/Learning_Rig/bee_0408_3/rev/cam1_2026-04-08_18-42-13.mp4,1025.0,2146.5,805,1797,1245,2496,0.8308905
295,/Volumes/SmithL0/2026/BIOL470/Final/Learning_Rig/bee_0408_3/rev/cam1_2026-04-08_18-42-13.mp4,1025.5,2146.0,806,1797,1245,2495,0.8304967
296,/Volumes/SmithL0/2026/BIOL470/Final/Learning_Rig/bee_0408_3/rev/cam1_2026-04-08_18-42-13.mp4,1025.5,2146.5,806,1797,1245,2496,0.83189946
297,/Volumes/SmithL0/2026/BIOL470/Final/Learning_Rig/bee_0408_3/rev/cam1_2026-04-08_18-42-13.mp4,1025.0,2147.0,805,1797,1245,2497,0.82913876
298,/Volumes/SmithL0/2026/BIOL470/Final/Learning_Rig/bee_0408_3/rev/cam1_2026-04-08_18-42-13.mp4,1025.0,2146.5,806,1797,1244,2496,0.83156043
299,/Volumes/SmithL0/2026/BIOL470/Final/Learning_Rig/bee_0408_3/rev/cam1_2026-04-08_18-42-13.mp4,1025.0,2146.0,806,1797,1244,2495,0.8325517
300,/Volumes/SmithL0/2026/BIOL470/Final/Learning_Rig/bee_0408_3/rev/cam1_2026-04-08_18-42-13.mp4,1024.5,2146.0,805,1797,1244,2495,0.8325564
301,/Volumes/SmithL0/2026/BIOL470/Final/Learning_Rig/bee_0408_3/rev/cam1_2026-04-08_18-42-13.mp4,1024.5,2146.5,806,1797,1243,2496,0.8309067
302,/Volumes/SmithL0/2026/BIOL470/Final/Learning_Rig/bee_0408_3/rev/cam1_2026-04-08_18-42-13.mp4,1024.0,2146.5,804,1797,1244,2496,0.8297545
303,/Volumes/SmithL0/2026/BIOL470/Final/Learning_Rig/bee_0408_3/rev/cam1_2026-04-08_18-42-13.mp4,1025.0,2147.0,805,1797,1245,2497,0.8301349
304,/Volumes/SmithL0/2026/BIOL470/Final/Learning_Rig/bee_0408_3/rev/cam1_2026-04-08_18-42-13.mp4,1024.0,2147.5,804,1797,1244,2498,0.82878023
305,/Volumes/SmithL0/2026/BIOL470/Final/Learning_Rig/bee_0408_3/rev/cam1_2026-04-08_18-42-13.mp4,1024.5,2147.5,804,1797,1245,2498,0.8288778
306,/Volumes/SmithL0/2026/BIOL470/Final/Learning_Rig/bee_0408_3/rev/cam1_2026-04-08_18-42-13.mp4,1024.5,2147.0,804,1797,1245,2497,0.8304995
307,/Volumes/SmithL0/2026/BIOL470/Final/Learning_Rig/bee_0408_3/rev/cam1_2026-04-08_18-42-13.mp4,1025.5,2147.0,805,1797,1246,2497,0.82856816
308,/Volumes/SmithL0/2026/BIOL470/Final/Learning_Rig/bee_0408_3/rev/cam1_2026-04-08_18-42-13.mp4,1025.5,2146.0,805,1797,1246,2495,0.83169246
309,/Volumes/SmithL0/2026/BIOL470/Final/Learning_Rig/bee_0408_3/rev/cam1_2026-04-08_18-42-13.mp4,1025.5,2146.5,806,1797,1245,2496,0.8312047
310,/Volumes/SmithL0/2026/BIOL470/Final/Learning_Rig/bee_0408_3/rev/cam1_2026-04-08_18-42-13.mp4,1025.5,2147.0,806,1797,1245,2497,0.8315612
311,/Volumes/SmithL0/2026/BIOL470/Final/Learning_Rig/bee_0408_3/rev/cam1_2026-04-08_18-42-13.mp4,1026.0,2146.5,807,1797,1245,2496,0.8314149
312,/Volumes/SmithL0/2026/BIOL470/Final/Learning_Rig/bee_0408_3/rev/cam1_2026-04-08_18-42-13.mp4,1025.0,2146.5,805,1797,1245,2496,0.83245194
313,/Volumes/SmithL0/2026/BIOL470/Final/Learning_Rig/bee_0408_3/rev/cam1_2026-04-08_18-42-13.mp4,1025.0,2147.0,805,1797,1245,2497,0.830785
314,/Volumes/SmithL0/2026/BIOL470/Final/Learning_Rig/bee_0408_3/rev/cam1_2026-04-08_18-42-13.mp4,1025.0,2146.5,806,1797,1244,2496,0.8314353
315,/Volumes/SmithL0/2026/BIOL470/Final/Learning_Rig/bee_0408_3/rev/cam1_2026-04-08_18-42-13.mp4,1025.0,2147.0,805,1797,1245,2497,0.83227444
316,/Volumes/SmithL0/2026/BIOL470/Final/Learning_Rig/bee_0408_3/rev/cam1_2026-04-08_18-42-13.mp4,1025.5,2147.5,806,1798,1245,2497,0.8301204
317,/Volumes/SmithL0/2026/BIOL470/Final/Learning_Rig/bee_0408_3/rev/cam1_2026-04-08_18-42-13.mp4,1026.0,2147.5,807,1798,1245,2497,0.82945174
318,/Volumes/SmithL0/2026/BIOL470/Final/Learning_Rig/bee_0408_3/rev/cam1_2026-04-08_18-42-13.mp4,1026.5,2149.0,807,1798,1246,2500,0.8265237
319,/Volumes/SmithL0/2026/BIOL470/Final/Learning_Rig/bee_0408_3/rev/cam1_2026-04-08_18-42-13.mp4,1026.5,2147.5,807,1798,1246,2497,0.82609296
320,/Volumes/SmithL0/2026/BIOL470/Final/Learning_Rig/bee_0408_3/rev/cam1_2026-04-08_18-42-13.mp4,1026.0,2147.0,807,1797,1245,2497,0.82747155
321,/Volumes/SmithL0/2026/BIOL470/Final/Learning_Rig/bee_0408_3/rev/cam1_2026-04-08_18-42-13.mp4,1021.0,2139.0,806,1783,1236,2495,0.82734424
322,/Volumes/SmithL0/2026/BIOL470/Final/Learning_Rig/bee_0408_3/rev/cam1_2026-04-08_18-42-13.mp4,1022.0,2140.5,806,1783,1238,2498,0.828134
323,/Volumes/SmithL0/2026/BIOL470/Final/Learning_Rig/bee_0408_3/rev/cam1_2026-04-08_18-42-13.mp4,1020.5,2139.0,805,1783,1236,2495,0.8285159
324,/Volumes/SmithL0/2026/BIOL470/Final/Learning_Rig/bee_0408_3/rev/cam1_2026-04-08_18-42-13.mp4,1022.0,2141.0,806,1784,1238,2498,0.8281961
325,/Volumes/SmithL0/2026/BIOL470/Final/Learning_Rig/bee_0408_3/rev/cam1_2026-04-08_18-42-13.mp4,1026.5,2148.0,807,1798,1246,2498,0.8280874
326,/Volumes/SmithL0/2026/BIOL470/Final/Learning_Rig/bee_0408_3/rev/cam1_2026-04-08_18-42-13.mp4,1026.0,2148.5,806,1798,1246,2499,0.8295682
327,/Volumes/SmithL0/2026/BIOL470/Final/Learning_Rig/bee_0408_3/rev/cam1_2026-04-08_18-42-13.mp4,1026.5,2147.5,807,1797,1246,2498,0.8310946
328,/Volumes/SmithL0/2026/BIOL470/Final/Learning_Rig/bee_0408_3/rev/cam1_2026-04-08_18-42-13.mp4,1027.0,2147.0,808,1797,1246,2497,0.830805
329,/Volumes/SmithL0/2026/BIOL470/Final/Learning_Rig/bee_0408_3/rev/cam1_2026-04-08_18-42-13.mp4,1027.0,2148.5,807,1798,1247,2499,0.8294628
330,/Volumes/SmithL0/2026/BIOL470/Final/Learning_Rig/bee_0408_3/rev/cam1_2026-04-08_18-42-13.mp4,1026.0,2148.5,806,1798,1246,2499,0.8312637
331,/Volumes/SmithL0/2026/BIOL470/Final/Learning_Rig/bee_0408_3/rev/cam1_2026-04-08_18-42-13.mp4,1026.0,2148.0,806,1798,1246,2498,0.8291817
332,/Volumes/SmithL0/2026/BIOL470/Final/Learning_Rig/bee_0408_3/rev/cam1_2026-04-08_18-42-13.mp4,1026.5,2144.0,807,1797,1246,2491,0.82977766
333,/Volumes/SmithL0/2026/BIOL470/Final/Learning_Rig/bee_0408_3/rev/cam1_2026-04-08_18-42-13.mp4,1020.5,2139.5,804,1783,1237,2496,0.82864916
334,/Volumes/SmithL0/2026/BIOL470/Final/Learning_Rig/bee_0408_3/rev/cam1_2026-04-08_18-42-13.mp4,1020.5,2138.5,805,1783,1236,2494,0.8279432
335,/Volumes/SmithL0/2026/BIOL470/Final/Learning_Rig/bee_0408_3/rev/cam1_2026-04-08_18-42-13.mp4,1020.5,2138.5,805,1782,1236,2495,0.8304855
336,/Volumes/SmithL0/2026/BIOL470/Final/Learning_Rig/bee_0408_3/rev/cam1_2026-04-08_18-42-13.mp4,1020.0,2138.5,804,1782,1236,2495,0.83058256
337,/Volumes/SmithL0/2026/BIOL470/Final/Learning_Rig/bee_0408_3/rev/cam1_2026-04-08_18-42-13.mp4,1026.0,2146.5,807,1797,1245,2496,0.82997704
338,/Volumes/SmithL0/2026/BIOL470/Final/Learning_Rig/bee_0408_3/rev/cam1_2026-04-08_18-42-13.mp4,1021.0,2139.0,805,1783,1237,2495,0.8289582
339,/Volumes/SmithL0/2026/BIOL470/Final/Learning_Rig/bee_0408_3/rev/cam1_2026-04-08_18-42-13.mp4,1026.0,2146.5,806,1797,1246,2496,0.83003783
340,/Volumes/SmithL0/2026/BIOL470/Final/Learning_Rig/bee_0408_3/rev/cam1_2026-04-08_18-42-13.mp4,1026.0,2146.0,806,1797,1246,2495,0.83127433
341,/Volumes/SmithL0/2026/BIOL470/Final/Learning_Rig/bee_0408_3/rev/cam1_2026-04-08_18-42-13.mp4,1026.0,2147.5,806,1797,1246,2498,0.8282172
342,/Volumes/SmithL0/2026/BIOL470/Final/Learning_Rig/bee_0408_3/rev/cam1_2026-04-08_18-42-13.mp4,1021.5,2138.5,805,1782,1238,2495,0.8289067
343,/Volumes/SmithL0/2026/BIOL470/Final/Learning_Rig/bee_0408_3/rev/cam1_2026-04-08_18-42-13.mp4,1026.5,2147.5,807,1798,1246,2497,0.8287212
344,/Volumes/SmithL0/2026/BIOL470/Final/Learning_Rig/bee_0408_3/rev/cam1_2026-04-08_18-42-13.mp4,1020.0,2139.0,804,1783,1236,2495,0.82630044
345,/Volumes/SmithL0/2026/BIOL470/Final/Learning_Rig/bee_0408_3/rev/cam1_2026-04-08_18-42-13.mp4,1025.5,2147.0,806,1797,1245,2497,0.825491
346,/Volumes/SmithL0/2026/BIOL470/Final/Learning_Rig/bee_0408_3/rev/cam1_2026-04-08_18-42-13.mp4,1021.0,2137.5,805,1782,1237,2493,0.8287389
347,/Volumes/SmithL0/2026/BIOL470/Final/Learning_Rig/bee_0408_3/rev/cam1_2026-04-08_18-42-13.mp4,1025.5,2144.0,806,1797,1245,2491,0.8278075
348,/Volumes/SmithL0/2026/BIOL470/Final/Learning_Rig/bee_0408_3/rev/cam1_2026-04-08_18-42-13.mp4,1025.5,2146.5,806,1797,1245,2496,0.8248063
349,/Volumes/SmithL0/2026/BIOL470/Final/Learning_Rig/bee_0408_3/rev/cam1_2026-04-08_18-42-13.mp4,1025.5,2146.5,806,1797,1245,2496,0.8264313
350,/Volumes/SmithL0/2026/BIOL470/Final/Learning_Rig/bee_0408_3/rev/cam1_2026-04-08_18-42-13.mp4,1026.5,2146.5,807,1797,1246,2496,0.82507914
351,/Volumes/SmithL0/2026/BIOL470/Final/Learning_Rig/bee_0408_3/rev/cam1_2026-04-08_18-42-13.mp4,1026.5,2146.5,807,1797,1246,2496,0.82467407
352,/Volumes/SmithL0/2026/BIOL470/Final/Learning_Rig/bee_0408_3/rev/cam1_2026-04-08_18-42-13.mp4,1027.5,2146.5,809,1797,1246,2496,0.8294685
353,/Volumes/SmithL0/2026/BIOL470/Final/Learning_Rig/bee_0408_3/rev/cam1_2026-04-08_18-42-13.mp4,1021.5,2138.5,806,1782,1237,2495,0.82958937
354,/Volumes/SmithL0/2026/BIOL470/Final/Learning_Rig/bee_0408_3/rev/cam1_2026-04-08_18-42-13.mp4,1026.0,2148.0,806,1798,1246,2498,0.8295281
355,/Volumes/SmithL0/2026/BIOL470/Final/Learning_Rig/bee_0408_3/rev/cam1_2026-04-08_18-42-13.mp4,1026.0,2146.0,807,1797,1245,2495,0.8280306
356,/Volumes/SmithL0/2026/BIOL470/Final/Learning_Rig/bee_0408_3/rev/cam1_2026-04-08_18-42-13.mp4,1026.0,2146.5,807,1797,1245,2496,0.8317034
357,/Volumes/SmithL0/2026/BIOL470/Final/Learning_Rig/bee_0408_3/rev/cam1_2026-04-08_18-42-13.mp4,1025.5,2147.5,806,1797,1245,2498,0.82620037
358,/Volumes/SmithL0/2026/BIOL470/Final/Learning_Rig/bee_0408_3/rev/cam1_2026-04-08_18-42-13.mp4,1025.5,2147.5,806,1798,1245,2497,0.8310806
359,/Volumes/SmithL0/2026/BIOL470/Final/Learning_Rig/bee_0408_3/rev/cam1_2026-04-08_18-42-13.mp4,1027.0,2147.5,808,1797,1246,2498,0.8304671
360,/Volumes/SmithL0/2026/BIOL470/Final/Learning_Rig/bee_0408_3/rev/cam1_2026-04-08_18-42-13.mp4,1026.5,2146.5,807,1797,1246,2496,0.8301773
361,/Volumes/SmithL0/2026/BIOL470/Final/Learning_Rig/bee_0408_3/rev/cam1_2026-04-08_18-42-13.mp4,1020.0,2138.5,805,1783,1235,2494,0.8273288
362,/Volumes/SmithL0/2026/BIOL470/Final/Learning_Rig/bee_0408_3/rev/cam1_2026-04-08_18-42-13.mp4,1026.0,2147.0,807,1797,1245,2497,0.8286441
363,/Volumes/SmithL0/2026/BIOL470/Final/Learning_Rig/bee_0408_3/rev/cam1_2026-04-08_18-42-13.mp4,1027.0,2149.5,808,1798,1246,2501,0.8281087
364,/Volumes/SmithL0/2026/BIOL470/Final/Learning_Rig/bee_0408_3/rev/cam1_2026-04-08_18-42-13.mp4,1027.0,2147.0,809,1797,1245,2497,0.829742
365,/Volumes/SmithL0/2026/BIOL470/Final/Learning_Rig/bee_0408_3/rev/cam1_2026-04-08_18-42-13.mp4,1025.5,2146.5,807,1797,1244,2496,0.8294454
366,/Volumes/SmithL0/2026/BIOL470/Final/Learning_Rig/bee_0408_3/rev/cam1_2026-04-08_18-42-13.mp4,1027.0,2147.0,809,1797,1245,2497,0.8283098
367,/Volumes/SmithL0/2026/BIOL470/Final/Learning_Rig/bee_0408_3/rev/cam1_2026-04-08_18-42-13.mp4,1026.5,2145.5,807,1797,1246,2494,0.82950836
368,/Volumes/SmithL0/2026/BIOL470/Final/Learning_Rig/bee_0408_3/rev/cam1_2026-04-08_18-42-13.mp4,1026.5,2146.0,807,1797,1246,2495,0.82886463
369,/Volumes/SmithL0/2026/BIOL470/Final/Learning_Rig/bee_0408_3/rev/cam1_2026-04-08_18-42-13.mp4,1026.5,2144.5,807,1797,1246,2492,0.8270505
370,/Volumes/SmithL0/2026/BIOL470/Final/Learning_Rig/bee_0408_3/rev/cam1_2026-04-08_18-42-13.mp4,1026.0,2146.5,806,1797,1246,2496,0.8284607
371,/Volumes/SmithL0/2026/BIOL470/Final/Learning_Rig/bee_0408_3/rev/cam1_2026-04-08_18-42-13.mp4,1024.5,2146.5,804,1797,1245,2496,0.82779956
372,/Volumes/SmithL0/2026/BIOL470/Final/Learning_Rig/bee_0408_3/rev/cam1_2026-04-08_18-42-13.mp4,1025.0,2146.0,805,1796,1245,2496,0.8314487
373,/Volumes/SmithL0/2026/BIOL470/Final/Learning_Rig/bee_0408_3/rev/cam1_2026-04-08_18-42-13.mp4,1025.0,2147.0,806,1796,1244,2498,0.8302787
374,/Volumes/SmithL0/2026/BIOL470/Final/Learning_Rig/bee_0408_3/rev/cam1_2026-04-08_18-42-13.mp4,1023.5,2145.0,805,1795,1242,2495,0.8325036
375,/Volumes/SmithL0/2026/BIOL470/Final/Learning_Rig/bee_0408_3/rev/cam1_2026-04-08_18-42-13.mp4,1023.5,2144.0,804,1794,1243,2494,0.8339065
376,/Volumes/SmithL0/2026/BIOL470/Final/Learning_Rig/bee_0408_3/rev/cam1_2026-04-08_18-42-13.mp4,1009.0,2114.5,810,1777,1208,2452,0.83861226
377,/Volumes/SmithL0/2026/BIOL470/Final/Learning_Rig/bee_0408_3/rev/cam1_2026-04-08_18-42-13.mp4,1013.5,2111.5,812,1776,1215,2447,0.8336566
378,/Volumes/SmithL0/2026/BIOL470/Final/Learning_Rig/bee_0408_3/rev/cam1_2026-04-08_18-42-13.mp4,1016.5,2111.5,815,1776,1218,2447,0.8296455
379,/Volumes/SmithL0/2026/BIOL470/Final/Learning_Rig/bee_0408_3/rev/cam1_2026-04-08_18-42-13.mp4,1015.0,2110.0,814,1774,1216,2446,0.83009607
380,/Volumes/SmithL0/2026/BIOL470/Final/Learning_Rig/bee_0408_3/rev/cam1_2026-04-08_18-42-13.mp4,1014.5,2110.0,814,1776,1215,2444,0.83209586
381,/Volumes/SmithL0/2026/BIOL470/Final/Learning_Rig/bee_0408_3/rev/cam1_2026-04-08_18-42-13.mp4,1014.5,2110.0,813,1774,1216,2446,0.8338021
382,/Volumes/SmithL0/2026/BIOL470/Final/Learning_Rig/bee_0408_3/rev/cam1_2026-04-08_18-42-13.mp4,1015.5,2111.0,814,1776,1217,2446,0.80887353
383,/Volumes/SmithL0/2026/BIOL470/Final/Learning_Rig/bee_0408_3/rev/cam1_2026-04-08_18-42-13.mp4,1018.5,2110.0,811,1775,1226,2445,0.8115578
384,/Volumes/SmithL0/2026/BIOL470/Final/Learning_Rig/bee_0408_3/rev/cam1_2026-04-08_18-42-13.mp4,1054.0,2110.5,809,1775,1299,2446,0.80359936
385,/Volumes/SmithL0/2026/BIOL470/Final/Learning_Rig/bee_0408_3/rev/cam1_2026-04-08_18-42-13.mp4,1052.5,2106.0,805,1772,1300,2440,0.7987716
386,/Volumes/SmithL0/2026/BIOL470/Final/Learning_Rig/bee_0408_3/rev/cam1_2026-04-08_18-42-13.mp4,1050.5,2106.5,804,1774,1297,2439,0.7997266
387,/Volumes/SmithL0/2026/BIOL470/Final/Learning_Rig/bee_0408_3/rev/cam1_2026-04-08_18-42-13.mp4,1026.5,2109.5,812,1776,1241,2443,0.7985648
388,/Volumes/SmithL0/2026/BIOL470/Final/Learning_Rig/bee_0408_3/rev/cam1_2026-04-08_18-42-13.mp4,1027.0,2108.5,807,1775,1247,2442,0.7999205
389,/Volumes/SmithL0/2026/BIOL470/Final/Learning_Rig/bee_0408_3/rev/cam1_2026-04-08_18-42-13.mp4,1025.5,2108.5,807,1773,1244,2444,0.7918739
390,/Volumes/SmithL0/2026/BIOL470/Final/Learning_Rig/bee_0408_3/rev/cam1_2026-04-08_18-42-13.mp4,1025.5,2106.0,806,1774,1245,2438,0.79175806
391,/Volumes/SmithL0/2026/BIOL470/Final/Learning_Rig/bee_0408_3/rev/cam1_2026-04-08_18-42-13.mp4,1027.0,2103.5,809,1774,1245,2433,0.78756094
392,/Volumes/SmithL0/2026/BIOL470/Final/Learning_Rig/bee_0408_3/rev/cam1_2026-04-08_18-42-13.mp4,1031.5,2099.5,817,1765,1246,2434,0.80484396
393,/Volumes/SmithL0/2026/BIOL470/Final/Learning_Rig/bee_0408_3/rev/cam1_2026-04-08_18-42-13.mp4,1038.5,2095.0,829,1765,1248,2425,0.8151312
394,/Volumes/SmithL0/2026/BIOL470/Final/Learning_Rig/bee_0408_3/rev/cam1_2026-04-08_18-42-13.mp4,1024.5,2067.5,813,1743,1236,2392,0.80864334
395,/Volumes/SmithL0/2026/BIOL470/Final/Learning_Rig/bee_0408_3/rev/cam1_2026-04-08_18-42-13.mp4,1025.0,2062.0,811,1735,1239,2389,0.8062678
396,/Volumes/SmithL0/2026/BIOL470/Final/Learning_Rig/bee_0408_3/rev/cam1_2026-04-08_18-42-13.mp4,1026.0,2064.0,810,1739,1242,2389,0.7957438
397,/Volumes/SmithL0/2026/BIOL470/Final/Learning_Rig/bee_0408_3/rev/cam1_2026-04-08_18-42-13.mp4,1036.0,2061.5,822,1733,1250,2390,0.8256036
398,/Volumes/SmithL0/2026/BIOL470/Final/Learning_Rig/bee_0408_3/rev/cam1_2026-04-08_18-42-13.mp4,1050.5,2057.0,832,1744,1269,2370,0.85978717
399,/Volumes/SmithL0/2026/BIOL470/Final/Learning_Rig/bee_0408_3/rev/cam1_2026-04-08_18-42-13.mp4,1070.0,2051.0,840,1761,1300,2341,0.8543828
400,/Volumes/SmithL0/2026/BIOL470/Final/Learning_Rig/bee_0408_3/rev/cam1_2026-04-08_18-42-13.mp4,1089.5,2034.5,850,1755,1329,2314,0.848312
401,/Volumes/SmithL0/2026/BIOL470/Final/Learning_Rig/bee_0408_3/rev/cam1_2026-04-08_18-42-13.mp4,1099.5,2041.0,844,1746,1355,2336,0.8587309
402,/Volumes/SmithL0/2026/BIOL470/Final/Learning_Rig/bee_0408_3/rev/cam1_2026-04-08_18-42-13.mp4,1112.0,2025.0,845,1718,1379,2332,0.85979265
403,/Volumes/SmithL0/2026/BIOL470/Final/Learning_Rig/bee_0408_3/rev/cam1_2026-04-08_18-42-13.mp4,1109.5,2015.0,847,1700,1372,2330,0.84910405
404,/Volumes/SmithL0/2026/BIOL470/Final/Learning_Rig/bee_0408_3/rev/cam1_2026-04-08_18-42-13.mp4,1106.5,2018.0,848,1701,1365,2335,0.8576025
405,/Volumes/SmithL0/2026/BIOL470/Final/Learning_Rig/bee_0408_3/rev/cam1_2026-04-08_18-42-13.mp4,1109.5,2004.0,852,1716,1367,2292,0.8501217
406,/Volumes/SmithL0/2026/BIOL470/Final/Learning_Rig/bee_0408_3/rev/cam1_2026-04-08_18-42-13.mp4,1116.0,2007.5,857,1701,1375,2314,0.83659613
407,/Volumes/SmithL0/2026/BIOL470/Final/Learning_Rig/bee_0408_3/rev/cam1_2026-04-08_18-42-13.mp4,1105.5,2013.5,861,1706,1350,2321,0.83417904
408,/Volumes/SmithL0/2026/BIOL470/Final/Learning_Rig/bee_0408_3/rev/cam1_2026-04-08_18-42-13.mp4,1099.5,1991.5,864,1689,1335,2294,0.8291987
409,/Volumes/SmithL0/2026/BIOL470/Final/Learning_Rig/bee_0408_3/rev/cam1_2026-04-08_18-42-13.mp4,1105.5,2000.5,869,1667,1342,2334,0.82247055
410,/Volumes/SmithL0/2026/BIOL470/Final/Learning_Rig/bee_0408_3/rev/cam1_2026-04-08_18-42-13.mp4,1105.0,1996.0,871,1658,1339,2334,0.8134923
411,/Volumes/SmithL0/2026/BIOL470/Final/Learning_Rig/bee_0408_3/rev/cam1_2026-04-08_18-42-13.mp4,1091.0,1993.0,854,1654,1328,2332,0.8105557
412,/Volumes/SmithL0/2026/BIOL470/Final/Learning_Rig/bee_0408_3/rev/cam1_2026-04-08_18-42-13.mp4,1096.0,1966.5,856,1634,1336,2299,0.8383572
413,/Volumes/SmithL0/2026/BIOL470/Final/Learning_Rig/bee_0408_3/rev/cam1_2026-04-08_18-42-13.mp4,1092.5,1966.0,863,1628,1322,2304,0.8111507
414,/Volumes/SmithL0/2026/BIOL470/Final/Learning_Rig/bee_0408_3/rev/cam1_2026-04-08_18-42-13.mp4,1105.0,1902.0,865,1568,1345,2236,0.80459625
415,/Volumes/SmithL0/2026/BIOL470/Final/Learning_Rig/bee_0408_3/rev/cam1_2026-04-08_18-42-13.mp4,1090.5,1881.5,859,1542,1322,2221,0.8156665
416,/Volumes/SmithL0/2026/BIOL470/Final/Learning_Rig/bee_0408_3/rev/cam1_2026-04-08_18-42-13.mp4,1086.5,1851.5,853,1510,1320,2193,0.8630807
417,/Volumes/SmithL0/2026/BIOL470/Final/Learning_Rig/bee_0408_3/rev/cam1_2026-04-08_18-42-13.mp4,1090.5,1824.0,841,1477,1340,2171,0.84361285
418,/Volumes/SmithL0/2026/BIOL470/Final/Learning_Rig/bee_0408_3/rev/cam1_2026-04-08_18-42-13.mp4,1093.5,1809.0,845,1464,1342,2154,0.8309579
419,/Volumes/SmithL0/2026/BIOL470/Final/Learning_Rig/bee_0408_3/rev/cam1_2026-04-08_18-42-13.mp4,1093.5,1796.0,840,1459,1347,2133,0.8395312
420,/Volumes/SmithL0/2026/BIOL470/Final/Learning_Rig/bee_0408_3/rev/cam1_2026-04-08_18-42-13.mp4,1086.0,1737.0,838,1399,1334,2075,0.77389765
421,/Volumes/SmithL0/2026/BIOL470/Final/Learning_Rig/bee_0408_3/rev/cam1_2026-04-08_18-42-13.mp4,1086.0,1700.0,832,1361,1340,2039,0.8039134
422,/Volumes/SmithL0/2026/BIOL470/Final/Learning_Rig/bee_0408_3/rev/cam1_2026-04-08_18-42-13.mp4,1096.5,1685.0,848,1347,1345,2023,0.7963752
423,/Volumes/SmithL0/2026/BIOL470/Final/Learning_Rig/bee_0408_3/rev/cam1_2026-04-08_18-42-13.mp4,1101.5,1647.5,850,1290,1353,2005,0.8476159
424,/Volumes/SmithL0/2026/BIOL470/Final/Learning_Rig/bee_0408_3/rev/cam1_2026-04-08_18-42-13.mp4,1085.5,1605.5,843,1271,1328,1940,0.81954193
425,/Volumes/SmithL0/2026/BIOL470/Final/Learning_Rig/bee_0408_3/rev/cam1_2026-04-08_18-42-13.mp4,1088.5,1604.0,846,1269,1331,1939,0.8295962
426,/Volumes/SmithL0/2026/BIOL470/Final/Learning_Rig/bee_0408_3/rev/cam1_2026-04-08_18-42-13.mp4,1098.0,1591.5,820,1255,1376,1928,0.82106054
427,/Volumes/SmithL0/2026/BIOL470/Final/Learning_Rig/bee_0408_3/rev/cam1_2026-04-08_18-42-13.mp4,1104.5,1570.0,816,1247,1393,1893,0.8468175
428,/Volumes/SmithL0/2026/BIOL470/Final/Learning_Rig/bee_0408_3/rev/cam1_2026-04-08_18-42-13.mp4,1135.5,1541.5,819,1236,1452,1847,0.8477601
429,/Volumes/SmithL0/2026/BIOL470/Final/Learning_Rig/bee_0408_3/rev/cam1_2026-04-08_18-42-13.mp4,1133.0,1524.0,808,1231,1458,1817,0.8494601
430,/Volumes/SmithL0/2026/BIOL470/Final/Learning_Rig/bee_0408_3/rev/cam1_2026-04-08_18-42-13.mp4,1132.5,1523.0,806,1230,1459,1816,0.84953004
431,/Volumes/SmithL0/2026/BIOL470/Final/Learning_Rig/bee_0408_3/rev/cam1_2026-04-08_18-42-13.mp4,1133.0,1515.0,805,1230,1461,1800,0.8402817
432,/Volumes/SmithL0/2026/BIOL470/Final/Learning_Rig/bee_0408_3/rev/cam1_2026-04-08_18-42-13.mp4,1155.5,1519.5,820,1224,1491,1815,0.84032714
433,/Volumes/SmithL0/2026/BIOL470/Final/Learning_Rig/bee_0408_3/rev/cam1_2026-04-08_18-42-13.mp4,1154.0,1506.0,822,1204,1486,1808,0.8288314
434,/Volumes/SmithL0/2026/BIOL470/Final/Learning_Rig/bee_0408_3/rev/cam1_2026-04-08_18-42-13.mp4,1170.5,1513.0,864,1209,1477,1817,0.82309484
435,/Volumes/SmithL0/2026/BIOL470/Final/Learning_Rig/bee_0408_3/rev/cam1_2026-04-08_18-42-13.mp4,1196.5,1469.0,868,1203,1525,1735,0.8125259
436,/Volumes/SmithL0/2026/BIOL470/Final/Learning_Rig/bee_0408_3/rev/cam1_2026-04-08_18-42-13.mp4,1202.5,1455.5,860,1194,1545,1717,0.7965814
437,/Volumes/SmithL0/2026/BIOL470/Final/Learning_Rig/bee_0408_3/rev/cam1_2026-04-08_18-42-13.mp4,1213.5,1431.0,877,1175,1550,1687,0.8023371
438,/Volumes/SmithL0/2026/BIOL470/Final/Learning_Rig/bee_0408_3/rev/cam1_2026-04-08_18-42-13.mp4,1226.0,1454.5,889,1220,1563,1689,0.81007236
439,/Volumes/SmithL0/2026/BIOL470/Final/Learning_Rig/bee_0408_3/rev/cam1_2026-04-08_18-42-13.mp4,1236.5,1456.0,892,1222,1581,1690,0.77281404
440,/Volumes/SmithL0/2026/BIOL470/Final/Learning_Rig/bee_0408_3/rev/cam1_2026-04-08_18-42-13.mp4,1248.0,1460.5,900,1218,1596,1703,0.7533329
441,/Volumes/SmithL0/2026/BIOL470/Final/Learning_Rig/bee_0408_3/rev/cam1_2026-04-08_18-42-13.mp4,1255.5,1492.0,902,1238,1609,1746,0.774177
442,/Volumes/SmithL0/2026/BIOL470/Final/Learning_Rig/bee_0408_3/rev/cam1_2026-04-08_18-42-13.mp4,1273.0,1443.0,918,1146,1628,1740,0.80090237
443,/Volumes/SmithL0/2026/BIOL470/Final/Learning_Rig/bee_0408_3/rev/cam1_2026-04-08_18-42-13.mp4,1281.5,1443.5,926,1159,1637,1728,0.8110992
444,/Volumes/SmithL0/2026/BIOL470/Final/Learning_Rig/bee_0408_3/rev/cam1_2026-04-08_18-42-13.mp4,1273.5,1483.5,915,1154,1632,1813,0.8348476
445,/Volumes/SmithL0/2026/BIOL470/Final/Learning_Rig/bee_0408_3/rev/cam1_2026-04-08_18-42-13.mp4,1277.5,1486.0,918,1153,1637,1819,0.8047511
446,/Volumes/SmithL0/2026/BIOL470/Final/Learning_Rig/bee_0408_3/rev/cam1_2026-04-08_18-42-13.mp4,1302.0,1521.0,964,1226,1640,1816,0.8122008
447,/Volumes/SmithL0/2026/BIOL470/Final/Learning_Rig/bee_0408_3/rev/cam1_2026-04-08_18-42-13.mp4,1321.5,1521.5,995,1217,1648,1826,0.8087385
448,/Volumes/SmithL0/2026/BIOL470/Final/Learning_Rig/bee_0408_3/rev/cam1_2026-04-08_18-42-13.mp4,1328.0,1539.5,1002,1208,1654,1871,0.8136719
449,/Volumes/SmithL0/2026/BIOL470/Final/Learning_Rig/bee_0408_3/rev/cam1_2026-04-08_18-42-13.mp4,1336.0,1671.0,1017,1204,1655,2138,0.54474795
450,/Volumes/SmithL0/2026/BIOL470/Final/Learning_Rig/bee_0408_3/rev/cam1_2026-04-08_18-42-13.mp4,1327.5,1558.0,993,1215,1662,1901,0.8103083
451,/Volumes/SmithL0/2026/BIOL470/Final/Learning_Rig/bee_0408_3/rev/cam1_2026-04-08_18-42-13.mp4,1299.0,1560.5,932,1216,1666,1905,0.8137058
452,/Volumes/SmithL0/2026/BIOL470/Final/Learning_Rig/bee_0408_3/rev/cam1_2026-04-08_18-42-13.mp4,1301.5,1565.0,937,1225,1666,1905,0.8078875
453,/Volumes/SmithL0/2026/BIOL470/Final/Learning_Rig/bee_0408_3/rev/cam1_2026-04-08_18-42-13.mp4,1318.5,1570.0,971,1233,1666,1907,0.8003272
454,/Volumes/SmithL0/2026/BIOL470/Final/Learning_Rig/bee_0408_3/rev/cam1_2026-04-08_18-42-13.mp4,1354.0,1676.0,1053,1210,1655,2142,0.5641015
455,/Volumes/SmithL0/2026/BIOL470/Final/Learning_Rig/bee_0408_3/rev/cam1_2026-04-08_18-42-13.mp4,1332.5,1584.0,973,1242,1692,1926,0.7482066
456,/Volumes/SmithL0/2026/BIOL470/Final/Learning_Rig/bee_0408_3/rev/cam1_2026-04-08_18-42-13.mp4,1368.5,1664.5,1053,1223,1684,2106,0.6828619
457,/Volumes/SmithL0/2026/BIOL470/Final/Learning_Rig/bee_0408_3/rev/cam1_2026-04-08_18-42-13.mp4,1375.5,1631.5,1011,1244,1740,2019,0.77781624
458,/Volumes/SmithL0/2026/BIOL470/Final/Learning_Rig/bee_0408_3/rev/cam1_2026-04-08_18-42-13.mp4,1391.5,1610.5,1038,1252,1745,1969,0.77074915
459,/Volumes/SmithL0/2026/BIOL470/Final/Learning_Rig/bee_0408_3/rev/cam1_2026-04-08_18-42-13.mp4,1407.5,1642.5,1063,1273,1752,2012,0.7782155
460,/Volumes/SmithL0/2026/BIOL470/Final/Learning_Rig/bee_0408_3/rev/cam1_2026-04-08_18-42-13.mp4,1398.0,1630.0,1047,1279,1749,1981,0.8197552
461,/Volumes/SmithL0/2026/BIOL470/Final/Learning_Rig/bee_0408_3/rev/cam1_2026-04-08_18-42-13.mp4,1369.5,1625.0,1014,1285,1725,1965,0.8126432
462,/Volumes/SmithL0/2026/BIOL470/Final/Learning_Rig/bee_0408_3/rev/cam1_2026-04-08_18-42-13.mp4,1374.0,1641.5,1082,1281,1666,2002,0.78981787
463,/Volumes/SmithL0/2026/BIOL470/Final/Learning_Rig/bee_0408_3/rev/cam1_2026-04-08_18-42-13.mp4,1371.5,1630.5,1082,1278,1661,1983,0.8177971
464,/Volumes/SmithL0/2026/BIOL470/Final/Learning_Rig/bee_0408_3/rev/cam1_2026-04-08_18-42-13.mp4,1329.0,1644.0,988,1288,1670,2000,0.805301
465,/Volumes/SmithL0/2026/BIOL470/Final/Learning_Rig/bee_0408_3/rev/cam1_2026-04-08_18-42-13.mp4,1389.0,1741.5,1095,1282,1683,2201,0.6096725
466,/Volumes/SmithL0/2026/BIOL470/Final/Learning_Rig/bee_0408_3/rev/cam1_2026-04-08_18-42-13.mp4,1392.0,1642.5,1100,1283,1684,2002,0.7977124
467,/Volumes/SmithL0/2026/BIOL470/Final/Learning_Rig/bee_0408_3/rev/cam1_2026-04-08_18-42-13.mp4,1401.5,1649.0,1130,1307,1673,1991,0.80976254
468,/Volumes/SmithL0/2026/BIOL470/Final/Learning_Rig/bee_0408_3/rev/cam1_2026-04-08_18-42-13.mp4,1433.0,1679.0,1119,1309,1747,2049,0.80654466
469,/Volumes/SmithL0/2026/BIOL470/Final/Learning_Rig/bee_0408_3/rev/cam1_2026-04-08_18-42-13.mp4,1393.0,1681.5,1074,1314,1712,2049,0.8154985
470,/Volumes/SmithL0/2026/BIOL470/Final/Learning_Rig/bee_0408_3/rev/cam1_2026-04-08_18-42-13.mp4,1415.5,1683.5,1079,1318,1752,2049,0.83091706
471,/Volumes/SmithL0/2026/BIOL470/Final/Learning_Rig/bee_0408_3/rev/cam1_2026-04-08_18-42-13.mp4,1416.0,1717.0,1078,1393,1754,2041,0.83825576
472,/Volumes/SmithL0/2026/BIOL470/Final/Learning_Rig/bee_0408_3/rev/cam1_2026-04-08_18-42-13.mp4,1407.0,1693.0,1090,1340,1724,2046,0.82248116
473,/Volumes/SmithL0/2026/BIOL470/Final/Learning_Rig/bee_0408_3/rev/cam1_2026-04-08_18-42-13.mp4,1410.0,1808.5,1077,1376,1743,2241,0.8075563
474,/Volumes/SmithL0/2026/BIOL470/Final/Learning_Rig/bee_0408_3/rev/cam1_2026-04-08_18-42-13.mp4,1403.0,1670.5,1077,1322,1729,2019,0.73159814
475,/Volumes/SmithL0/2026/BIOL470/Final/Learning_Rig/bee_0408_3/rev/cam1_2026-04-08_18-42-13.mp4,1413.5,1750.0,1082,1362,1745,2138,0.8361261
476,/Volumes/SmithL0/2026/BIOL470/Final/Learning_Rig/bee_0408_3/rev/cam1_2026-04-08_18-42-13.mp4,1415.5,1849.0,1077,1529,1754,2169,0.84007555
477,/Volumes/SmithL0/2026/BIOL470/Final/Learning_Rig/bee_0408_3/rev/cam1_2026-04-08_18-42-13.mp4,1400.5,1850.5,1074,1528,1727,2173,0.8548973
478,/Volumes/SmithL0/2026/BIOL470/Final/Learning_Rig/bee_0408_3/rev/cam1_2026-04-08_18-42-13.mp4,1384.0,1844.0,1072,1521,1696,2167,0.8549217
479,/Volumes/SmithL0/2026/BIOL470/Final/Learning_Rig/bee_0408_3/rev/cam1_2026-04-08_18-42-13.mp4,1381.0,1831.5,1060,1504,1702,2159,0.8403261
480,/Volumes/SmithL0/2026/BIOL470/Final/Learning_Rig/bee_0408_3/rev/cam1_2026-04-08_18-42-13.mp4,1381.5,1815.0,1047,1481,1716,2149,0.80368805
481,/Volumes/SmithL0/2026/BIOL470/Final/Learning_Rig/bee_0408_3/rev/cam1_2026-04-08_18-42-13.mp4,1376.5,1885.5,1026,1628,1727,2143,0.7982953
482,/Volumes/SmithL0/2026/BIOL470/Final/Learning_Rig/bee_0408_3/rev/cam1_2026-04-08_18-42-13.mp4,1370.5,1822.5,1040,1484,1701,2161,0.8334749
483,/Volumes/SmithL0/2026/BIOL470/Final/Learning_Rig/bee_0408_3/rev/cam1_2026-04-08_18-42-13.mp4,1368.0,1876.0,1024,1595,1712,2157,0.80444056
484,/Volumes/SmithL0/2026/BIOL470/Final/Learning_Rig/bee_0408_3/rev/cam1_2026-04-08_18-42-13.mp4,1373.5,1871.0,1037,1567,1710,2175,0.81445587
485,/Volumes/SmithL0/2026/BIOL470/Final/Learning_Rig/bee_0408_3/rev/cam1_2026-04-08_18-42-13.mp4,1361.0,1877.0,1021,1568,1701,2186,0.8313357
486,/Volumes/SmithL0/2026/BIOL470/Final/Learning_Rig/bee_0408_3/rev/cam1_2026-04-08_18-42-13.mp4,1373.5,1873.5,1034,1571,1713,2176,0.8149885
487,/Volumes/SmithL0/2026/BIOL470/Final/Learning_Rig/bee_0408_3/rev/cam1_2026-04-08_18-42-13.mp4,1340.0,1878.0,990,1550,1690,2206,0.822923
488,/Volumes/SmithL0/2026/BIOL470/Final/Learning_Rig/bee_0408_3/rev/cam1_2026-04-08_18-42-13.mp4,1326.5,1882.5,978,1561,1675,2204,0.8330026
489,/Volumes/SmithL0/2026/BIOL470/Final/Learning_Rig/bee_0408_3/rev/cam1_2026-04-08_18-42-13.mp4,1315.5,1887.0,964,1567,1667,2207,0.8374145
490,/Volumes/SmithL0/2026/BIOL470/Final/Learning_Rig/bee_0408_3/rev/cam1_2026-04-08_18-42-13.mp4,1305.5,1890.0,957,1564,1654,2216,0.81936425
491,/Volumes/SmithL0/2026/BIOL470/Final/Learning_Rig/bee_0408_3/rev/cam1_2026-04-08_18-42-13.mp4,1286.5,1890.0,968,1568,1605,2212,0.8238279
492,/Volumes/SmithL0/2026/BIOL470/Final/Learning_Rig/bee_0408_3/rev/cam1_2026-04-08_18-42-13.mp4,1270.5,1942.5,955,1673,1586,2212,0.8239314
493,/Volumes/SmithL0/2026/BIOL470/Final/Learning_Rig/bee_0408_3/rev/cam1_2026-04-08_18-42-13.mp4,1224.0,1956.0,891,1680,1557,2232,0.82680744
494,/Volumes/SmithL0/2026/BIOL470/Final/Learning_Rig/bee_0408_3/rev/cam1_2026-04-08_18-42-13.mp4,1221.0,1950.5,887,1680,1555,2221,0.81438303
495,/Volumes/SmithL0/2026/BIOL470/Final/Learning_Rig/bee_0408_3/rev/cam1_2026-04-08_18-42-13.mp4,1223.0,1938.0,888,1667,1558,2209,0.82722414
496,/Volumes/SmithL0/2026/BIOL470/Final/Learning_Rig/bee_0408_3/rev/cam1_2026-04-08_18-42-13.mp4,1217.0,1947.5,881,1672,1553,2223,0.83714914
497,/Volumes/SmithL0/2026/BIOL470/Final/Learning_Rig/bee_0408_3/rev/cam1_2026-04-08_18-42-13.mp4,1215.0,1960.0,869,1671,1561,2249,0.8333843
498,/Volumes/SmithL0/2026/BIOL470/Final/Learning_Rig/bee_0408_3/rev/cam1_2026-04-08_18-42-13.mp4,1231.5,1962.0,866,1670,1597,2254,0.8279487
499,/Volumes/SmithL0/2026/BIOL470/Final/Learning_Rig/bee_0408_3/rev/cam1_2026-04-08_18-42-13.mp4,1165.0,1966.0,853,1675,1477,2257,0.80492675
500,/Volumes/SmithL0/2026/BIOL470/Final/Learning_Rig/bee_0408_3/rev/cam1_2026-04-08_18-42-13.mp4,1149.0,1968.0,842,1684,1456,2252,0.8231557
501,/Volumes/SmithL0/2026/BIOL470/Final/Learning_Rig/bee_0408_3/rev/cam1_2026-04-08_18-42-13.mp4,1192.5,1963.0,833,1672,1552,2254,0.81509817
502,/Volumes/SmithL0/2026/BIOL470/Final/Learning_Rig/bee_0408_3/rev/cam1_2026-04-08_18-42-13.mp4,1196.5,1932.0,824,1640,1569,2224,0.8204936
503,/Volumes/SmithL0/2026/BIOL470/Final/Learning_Rig/bee_0408_3/rev/cam1_2026-04-08_18-42-13.mp4,1174.0,1946.0,820,1656,1528,2236,0.78977257
504,/Volumes/SmithL0/2026/BIOL470/Final/Learning_Rig/bee_0408_3/rev/cam1_2026-04-08_18-42-13.mp4,1109.0,1947.0,823,1656,1395,2238,0.80127275
505,/Volumes/SmithL0/2026/BIOL470/Final/Learning_Rig/bee_0408_3/rev/cam1_2026-04-08_18-42-13.mp4,1098.0,1947.0,819,1655,1377,2239,0.8046804
506,/Volumes/SmithL0/2026/BIOL470/Final/Learning_Rig/bee_0408_3/rev/cam1_2026-04-08_18-42-13.mp4,1086.0,1927.0,825,1621,1347,2233,0.80932343
507,/Volumes/SmithL0/2026/BIOL470/Final/Learning_Rig/bee_0408_3/rev/cam1_2026-04-08_18-42-13.mp4,1081.0,1903.5,821,1584,1341,2223,0.82550454
508,/Volumes/SmithL0/2026/BIOL470/Final/Learning_Rig/bee_0408_3/rev/cam1_2026-04-08_18-42-13.mp4,1068.0,1889.0,822,1570,1314,2208,0.82374716
509,/Volumes/SmithL0/2026/BIOL470/Final/Learning_Rig/bee_0408_3/rev/cam1_2026-04-08_18-42-13.mp4,1063.5,1889.5,819,1569,1308,2210,0.81544197
510,/Volumes/SmithL0/2026/BIOL470/Final/Learning_Rig/bee_0408_3/rev/cam1_2026-04-08_18-42-13.mp4,1059.0,1887.0,815,1567,1303,2207,0.81337696
511,/Volumes/SmithL0/2026/BIOL470/Final/Learning_Rig/bee_0408_3/rev/cam1_2026-04-08_18-42-13.mp4,1067.0,1861.5,813,1542,1321,2181,0.8513775
512,/Volumes/SmithL0/2026/BIOL470/Final/Learning_Rig/bee_0408_3/rev/cam1_2026-04-08_18-42-13.mp4,1068.5,1840.5,811,1534,1326,2147,0.83485776
513,/Volumes/SmithL0/2026/BIOL470/Final/Learning_Rig/bee_0408_3/rev/cam1_2026-04-08_18-42-13.mp4,1071.0,1836.0,810,1528,1332,2144,0.84173894
514,/Volumes/SmithL0/2026/BIOL470/Final/Learning_Rig/bee_0408_3/rev/cam1_2026-04-08_18-42-13.mp4,1095.5,1831.0,840,1523,1351,2139,0.83577
515,/Volumes/SmithL0/2026/BIOL470/Final/Learning_Rig/bee_0408_3/rev/cam1_2026-04-08_18-42-13.mp4,1097.5,1833.5,839,1525,1356,2142,0.831474
516,/Volumes/SmithL0/2026/BIOL470/Final/Learning_Rig/bee_0408_3/rev/cam1_2026-04-08_18-42-13.mp4,1093.5,1828.5,833,1539,1354,2118,0.8170759
517,/Volumes/SmithL0/2026/BIOL470/Final/Learning_Rig/bee_0408_3/rev/cam1_2026-04-08_18-42-13.mp4,1104.5,1812.5,833,1520,1376,2105,0.82027936
518,/Volumes/SmithL0/2026/BIOL470/Final/Learning_Rig/bee_0408_3/rev/cam1_2026-04-08_18-42-13.mp4,1099.5,1791.5,825,1495,1374,2088,0.7625385
519,/Volumes/SmithL0/2026/BIOL470/Final/Learning_Rig/bee_0408_3/rev/cam1_2026-04-08_18-42-13.mp4,1124.5,1778.0,858,1494,1391,2062,0.7601209
520,/Volumes/SmithL0/2026/BIOL470/Final/Learning_Rig/bee_0408_3/rev/cam1_2026-04-08_18-42-13.mp4,1119.0,1764.5,835,1495,1403,2034,0.7774722
521,/Volumes/SmithL0/2026/BIOL470/Final/Learning_Rig/bee_0408_3/rev/cam1_2026-04-08_18-42-13.mp4,1161.5,1760.0,811,1508,1512,2012,0.77951944
522,/Volumes/SmithL0/2026/BIOL470/Final/Learning_Rig/bee_0408_3/rev/cam1_2026-04-08_18-42-13.mp4,1166.0,1754.5,813,1503,1519,2006,0.7610137
523,/Volumes/SmithL0/2026/BIOL470/Final/Learning_Rig/bee_0408_3/rev/cam1_2026-04-08_18-42-13.mp4,1163.0,1786.5,812,1513,1514,2060,0.79750323
524,/Volumes/SmithL0/2026/BIOL470/Final/Learning_Rig/bee_0408_3/rev/cam1_2026-04-08_18-42-13.mp4,1171.0,1785.0,826,1499,1516,2071,0.7937768
525,/Volumes/SmithL0/2026/BIOL470/Final/Learning_Rig/bee_0408_3/rev/cam1_2026-04-08_18-42-13.mp4,1172.5,1787.5,838,1488,1507,2087,0.8004289
526,/Volumes/SmithL0/2026/BIOL470/Final/Learning_Rig/bee_0408_3/rev/cam1_2026-04-08_18-42-13.mp4,1193.5,1807.5,844,1515,1543,2100,0.78815436
527,/Volumes/SmithL0/2026/BIOL470/Final/Learning_Rig/bee_0408_3/rev/cam1_2026-04-08_18-42-13.mp4,1220.0,1799.0,874,1500,1566,2098,0.79151535
528,/Volumes/SmithL0/2026/BIOL470/Final/Learning_Rig/bee_0408_3/rev/cam1_2026-04-08_18-42-13.mp4,1243.5,1789.5,884,1498,1603,2081,0.7730229
529,/Volumes/SmithL0/2026/BIOL470/Final/Learning_Rig/bee_0408_3/rev/cam1_2026-04-08_18-42-13.mp4,1253.5,1745.5,901,1493,1606,1998,0.77699375
530,/Volumes/SmithL0/2026/BIOL470/Final/Learning_Rig/bee_0408_3/rev/cam1_2026-04-08_18-42-13.mp4,1280.5,1737.5,934,1481,1627,1994,0.78580374
531,/Volumes/SmithL0/2026/BIOL470/Final/Learning_Rig/bee_0408_3/rev/cam1_2026-04-08_18-42-13.mp4,1289.5,1738.5,943,1468,1636,2009,0.79679966
532,/Volumes/SmithL0/2026/BIOL470/Final/Learning_Rig/bee_0408_3/rev/cam1_2026-04-08_18-42-13.mp4,1297.5,1733.5,947,1466,1648,2001,0.78802586
533,/Volumes/SmithL0/2026/BIOL470/Final/Learning_Rig/bee_0408_3/rev/cam1_2026-04-08_18-42-13.mp4,1320.5,1738.5,985,1471,1656,2006,0.79631907
534,/Volumes/SmithL0/2026/BIOL470/Final/Learning_Rig/bee_0408_3/rev/cam1_2026-04-08_18-42-13.mp4,1326.5,1736.5,996,1473,1657,2000,0.7987301
535,/Volumes/SmithL0/2026/BIOL470/Final/Learning_Rig/bee_0408_3/rev/cam1_2026-04-08_18-42-13.mp4,1339.5,1764.5,1010,1483,1669,2046,0.80624443
536,/Volumes/SmithL0/2026/BIOL470/Final/Learning_Rig/bee_0408_3/rev/cam1_2026-04-08_18-42-13.mp4,1352.5,1866.0,1015,1490,1690,2242,0.7845991
537,/Volumes/SmithL0/2026/BIOL470/Final/Learning_Rig/bee_0408_3/rev/cam1_2026-04-08_18-42-13.mp4,1344.0,1743.5,1009,1489,1679,1998,0.7749536
538,/Volumes/SmithL0/2026/BIOL470/Final/Learning_Rig/bee_0408_3/rev/cam1_2026-04-08_18-42-13.mp4,1349.0,1878.0,1011,1511,1687,2245,0.79224706
539,/Volumes/SmithL0/2026/BIOL470/Final/Learning_Rig/bee_0408_3/rev/cam1_2026-04-08_18-42-13.mp4,1367.0,1765.5,1017,1512,1717,2019,0.66879874
540,/Volumes/SmithL0/2026/BIOL470/Final/Learning_Rig/bee_0408_3/rev/cam1_2026-04-08_18-42-13.mp4,1350.5,1863.0,1004,1506,1697,2220,0.80647874
541,/Volumes/SmithL0/2026/BIOL470/Final/Learning_Rig/bee_0408_3/rev/cam1_2026-04-08_18-42-13.mp4,1387.5,1872.5,1040,1528,1735,2217,0.7906523
542,/Volumes/SmithL0/2026/BIOL470/Final/Learning_Rig/bee_0408_3/rev/cam1_2026-04-08_18-42-13.mp4,1391.0,1762.5,1043,1502,1739,2023,0.75675637
543,/Volumes/SmithL0/2026/BIOL470/Final/Learning_Rig/bee_0408_3/rev/cam1_2026-04-08_18-42-13.mp4,1394.5,1852.5,1044,1488,1745,2217,0.78915644
544,/Volumes/SmithL0/2026/BIOL470/Final/Learning_Rig/bee_0408_3/rev/cam1_2026-04-08_18-42-13.mp4,1395.5,1826.0,1051,1478,1740,2174,0.79864526
545,/Volumes/SmithL0/2026/BIOL470/Final/Learning_Rig/bee_0408_3/rev/cam1_2026-04-08_18-42-13.mp4,1412.0,1850.0,1093,1489,1731,2211,0.8179597
546,/Volumes/SmithL0/2026/BIOL470/Final/Learning_Rig/bee_0408_3/rev/cam1_2026-04-08_18-42-13.mp4,1412.5,1860.5,1094,1505,1731,2216,0.812547
547,/Volumes/SmithL0/2026/BIOL470/Final/Learning_Rig/bee_0408_3/rev/cam1_2026-04-08_18-42-13.mp4,1409.5,1864.0,1091,1511,1728,2217,0.8083142
548,/Volumes/SmithL0/2026/BIOL470/Final/Learning_Rig/bee_0408_3/rev/cam1_2026-04-08_18-42-13.mp4,1435.5,1884.0,1073,1538,1798,2230,0.83013904
549,/Volumes/SmithL0/2026/BIOL470/Final/Learning_Rig/bee_0408_3/rev/cam1_2026-04-08_18-42-13.mp4,1432.0,1896.0,1073,1555,1791,2237,0.826916
550,/Volumes/SmithL0/2026/BIOL470/Final/Learning_Rig/bee_0408_3/rev/cam1_2026-04-08_18-42-13.mp4,1421.0,1899.0,1073,1566,1769,2232,0.8355771
551,/Volumes/SmithL0/2026/BIOL470/Final/Learning_Rig/bee_0408_3/rev/cam1_2026-04-08_18-42-13.mp4,1446.5,1899.0,1146,1566,1747,2232,0.83101493
552,/Volumes/SmithL0/2026/BIOL470/Final/Learning_Rig/bee_0408_3/rev/cam1_2026-04-08_18-42-13.mp4,1437.0,1902.5,1142,1568,1732,2237,0.8264706
553,/Volumes/SmithL0/2026/BIOL470/Final/Learning_Rig/bee_0408_3/rev/cam1_2026-04-08_18-42-13.mp4,1420.0,1897.0,1106,1567,1734,2227,0.8301938
554,/Volumes/SmithL0/2026/BIOL470/Final/Learning_Rig/bee_0408_3/rev/cam1_2026-04-08_18-42-13.mp4,1433.5,1904.5,1158,1564,1709,2245,0.8381777
555,/Volumes/SmithL0/2026/BIOL470/Final/Learning_Rig/bee_0408_3/rev/cam1_2026-04-08_18-42-13.mp4,1400.0,1906.5,1153,1566,1647,2247,0.81176
556,/Volumes/SmithL0/2026/BIOL470/Final/Learning_Rig/bee_0408_3/rev/cam1_2026-04-08_18-42-13.mp4,1460.5,1914.0,1161,1566,1760,2262,0.8262753
557,/Volumes/SmithL0/2026/BIOL470/Final/Learning_Rig/bee_0408_3/rev/cam1_2026-04-08_18-42-13.mp4,1457.5,1925.0,1164,1587,1751,2263,0.82808745
558,/Volumes/SmithL0/2026/BIOL470/Final/Learning_Rig/bee_0408_3/rev/cam1_2026-04-08_18-42-13.mp4,1452.0,1927.5,1150,1594,1754,2261,0.8085126
559,/Volumes/SmithL0/2026/BIOL470/Final/Learning_Rig/bee_0408_3/rev/cam1_2026-04-08_18-42-13.mp4,1440.0,1944.0,1129,1628,1751,2260,0.83037406
560,/Volumes/SmithL0/2026/BIOL470/Final/Learning_Rig/bee_0408_3/rev/cam1_2026-04-08_18-42-13.mp4,1429.0,1936.5,1105,1617,1753,2256,0.82323605
561,/Volumes/SmithL0/2026/BIOL470/Final/Learning_Rig/bee_0408_3/rev/cam1_2026-04-08_18-42-13.mp4,1444.0,1953.5,1125,1642,1763,2265,0.8187315
562,/Volumes/SmithL0/2026/BIOL470/Final/Learning_Rig/bee_0408_3/rev/cam1_2026-04-08_18-42-13.mp4,1420.5,1982.0,1134,1651,1707,2313,0.83307457
563,/Volumes/SmithL0/2026/BIOL470/Final/Learning_Rig/bee_0408_3/rev/cam1_2026-04-08_18-42-13.mp4,1411.5,1985.5,1139,1663,1684,2308,0.8262312
564,/Volumes/SmithL0/2026/BIOL470/Final/Learning_Rig/bee_0408_3/rev/cam1_2026-04-08_18-42-13.mp4,1412.5,1991.5,1139,1658,1686,2325,0.8029842
565,/Volumes/SmithL0/2026/BIOL470/Final/Learning_Rig/bee_0408_3/rev/cam1_2026-04-08_18-42-13.mp4,1421.0,1985.0,1091,1651,1751,2319,0.81148
566,/Volumes/SmithL0/2026/BIOL470/Final/Learning_Rig/bee_0408_3/rev/cam1_2026-04-08_18-42-13.mp4,1389.5,1971.0,1093,1636,1686,2306,0.7957936
567,/Volumes/SmithL0/2026/BIOL470/Final/Learning_Rig/bee_0408_3/rev/cam1_2026-04-08_18-42-13.mp4,1389.5,1982.0,1128,1623,1651,2341,0.81832045
568,/Volumes/SmithL0/2026/BIOL470/Final/Learning_Rig/bee_0408_3/rev/cam1_2026-04-08_18-42-13.mp4,1355.0,1999.0,1128,1644,1582,2354,0.8224773
569,/Volumes/SmithL0/2026/BIOL470/Final/Learning_Rig/bee_0408_3/rev/cam1_2026-04-08_18-42-13.mp4,1352.0,1999.0,1114,1647,1590,2351,0.8141617
570,/Volumes/SmithL0/2026/BIOL470/Final/Learning_Rig/bee_0408_3/rev/cam1_2026-04-08_18-42-13.mp4,1353.0,2006.5,1127,1656,1579,2357,0.816687
571,/Volumes/SmithL0/2026/BIOL470/Final/Learning_Rig/bee_0408_3/rev/cam1_2026-04-08_18-42-13.mp4,1356.0,2011.5,1124,1668,1588,2355,0.8199347
572,/Volumes/SmithL0/2026/BIOL470/Final/Learning_Rig/bee_0408_3/rev/cam1_2026-04-08_18-42-13.mp4,1362.5,2013.0,1132,1669,1593,2357,0.81091636
573,/Volumes/SmithL0/2026/BIOL470/Final/Learning_Rig/bee_0408_3/rev/cam1_2026-04-08_18-42-13.mp4,1357.0,2007.0,1108,1652,1606,2362,0.8033068
574,/Volumes/SmithL0/2026/BIOL470/Final/Learning_Rig/bee_0408_3/rev/cam1_2026-04-08_18-42-13.mp4,1367.0,2007.5,1132,1654,1602,2361,0.8106525
575,/Volumes/SmithL0/2026/BIOL470/Final/Learning_Rig/bee_0408_3/rev/cam1_2026-04-08_18-42-13.mp4,1362.5,2007.0,1138,1649,1587,2365,0.81026405
576,/Volumes/SmithL0/2026/BIOL470/Final/Learning_Rig/bee_0408_3/rev/cam1_2026-04-08_18-42-13.mp4,1363.5,2014.5,1139,1644,1588,2385,0.8139072
577,/Volumes/SmithL0/2026/BIOL470/Final/Learning_Rig/bee_0408_3/rev/cam1_2026-04-08_18-42-13.mp4,1359.5,2016.0,1131,1631,1588,2401,0.83014584
578,/Volumes/SmithL0/2026/BIOL470/Final/Learning_Rig/bee_0408_3/rev/cam1_2026-04-08_18-42-13.mp4,1372.5,2082.5,1118,1769,1627,2396,0.8369983
579,/Volumes/SmithL0/2026/BIOL470/Final/Learning_Rig/bee_0408_3/rev/cam1_2026-04-08_18-42-13.mp4,1372.0,2086.0,1116,1772,1628,2400,0.8458105
580,/Volumes/SmithL0/2026/BIOL470/Final/Learning_Rig/bee_0408_3/rev/cam1_2026-04-08_18-42-13.mp4,1372.5,2086.5,1110,1767,1635,2406,0.8249775
581,/Volumes/SmithL0/2026/BIOL470/Final/Learning_Rig/bee_0408_3/rev/cam1_2026-04-08_18-42-13.mp4,1380.0,2081.0,1098,1759,1662,2403,0.8222115
582,/Volumes/SmithL0/2026/BIOL470/Final/Learning_Rig/bee_0408_3/rev/cam1_2026-04-08_18-42-13.mp4,1381.0,2083.0,1096,1760,1666,2406,0.8218639
583,/Volumes/SmithL0/2026/BIOL470/Final/Learning_Rig/bee_0408_3/rev/cam1_2026-04-08_18-42-13.mp4,1378.5,2085.5,1113,1762,1644,2409,0.8216933
584,/Volumes/SmithL0/2026/BIOL470/Final/Learning_Rig/bee_0408_3/rev/cam1_2026-04-08_18-42-13.mp4,1386.5,2098.5,1101,1772,1672,2425,0.8430765
585,/Volumes/SmithL0/2026/BIOL470/Final/Learning_Rig/bee_0408_3/rev/cam1_2026-04-08_18-42-13.mp4,1387.5,2101.5,1091,1774,1684,2429,0.84029865
586,/Volumes/SmithL0/2026/BIOL470/Final/Learning_Rig/bee_0408_3/rev/cam1_2026-04-08_18-42-13.mp4,1390.0,2104.5,1083,1777,1697,2432,0.84028643
587,/Volumes/SmithL0/2026/BIOL470/Final/Learning_Rig/bee_0408_3/rev/cam1_2026-04-08_18-42-13.mp4,1391.5,2106.0,1083,1777,1700,2435,0.84207577
588,/Volumes/SmithL0/2026/BIOL470/Final/Learning_Rig/bee_0408_3/rev/cam1_2026-04-08_18-42-13.mp4,1397.0,2144.0,1091,1844,1703,2444,0.84282595
589,/Volumes/SmithL0/2026/BIOL470/Final/Learning_Rig/bee_0408_3/rev/cam1_2026-04-08_18-42-13.mp4,1421.0,2140.0,1098,1849,1744,2431,0.8364295
590,/Volumes/SmithL0/2026/BIOL470/Final/Learning_Rig/bee_0408_3/rev/cam1_2026-04-08_18-42-13.mp4,1432.0,2141.0,1093,1856,1771,2426,0.8382498
591,/Volumes/SmithL0/2026/BIOL470/Final/Learning_Rig/bee_0408_3/rev/cam1_2026-04-08_18-42-13.mp4,1441.5,2141.5,1099,1861,1784,2422,0.82741326
592,/Volumes/SmithL0/2026/BIOL470/Final/Learning_Rig/bee_0408_3/rev/cam1_2026-04-08_18-42-13.mp4,1449.5,2135.0,1105,1865,1794,2405,0.81358415
593,/Volumes/SmithL0/2026/BIOL470/Final/Learning_Rig/bee_0408_3/rev/cam1_2026-04-08_18-42-13.mp4,1439.0,2132.0,1092,1870,1786,2394,0.8138922
594,/Volumes/SmithL0/2026/BIOL470/Final/Learning_Rig/bee_0408_3/rev/cam1_2026-04-08_18-42-13.mp4,1430.0,2143.5,1088,1905,1772,2382,0.8141637
595,/Volumes/SmithL0/2026/BIOL470/Final/Learning_Rig/bee_0408_3/rev/cam1_2026-04-08_18-42-13.mp4,1434.5,2140.5,1086,1913,1783,2368,0.797725
596,/Volumes/SmithL0/2026/BIOL470/Final/Learning_Rig/bee_0408_3/rev/cam1_2026-04-08_18-42-13.mp4,1437.0,2166.0,1083,1949,1791,2383,0.8115117
597,/Volumes/SmithL0/2026/BIOL470/Final/Learning_Rig/bee_0408_3/rev/cam1_2026-04-08_18-42-13.mp4,1452.0,2168.0,1108,1962,1796,2374,0.76284117
598,/Volumes/SmithL0/2026/BIOL470/Final/Learning_Rig/bee_0408_3/rev/cam1_2026-04-08_18-42-13.mp4,1503.0,2171.0,1204,1958,1802,2384,0.78920335
599,/Volumes/SmithL0/2026/BIOL470/Final/Learning_Rig/bee_0408_3/rev/cam1_2026-04-08_18-42-13.mp4,1488.0,2172.5,1161,1955,1815,2390,0.8054621
600,/Volumes/SmithL0/2026/BIOL470/Final/Learning_Rig/bee_0408_3/rev/cam1_2026-04-08_18-42-13.mp4,1498.5,2181.5,1173,1953,1824,2410,0.8241579
601,/Volumes/SmithL0/2026/BIOL470/Final/Learning_Rig/bee_0408_3/rev/cam1_2026-04-08_18-42-13.mp4,1504.0,2186.0,1176,1950,1832,2422,0.8322198
602,/Volumes/SmithL0/2026/BIOL470/Final/Learning_Rig/bee_0408_3/rev/cam1_2026-04-08_18-42-13.mp4,1510.0,2181.0,1174,1945,1846,2417,0.8269809
603,/Volumes/SmithL0/2026/BIOL470/Final/Learning_Rig/bee_0408_3/rev/cam1_2026-04-08_18-42-13.mp4,1519.5,2173.0,1192,1930,1847,2416,0.8259357
604,/Volumes/SmithL0/2026/BIOL470/Final/Learning_Rig/bee_0408_3/rev/cam1_2026-04-08_18-42-13.mp4,1514.5,2163.5,1183,1910,1846,2417,0.8323046
605,/Volumes/SmithL0/2026/BIOL470/Final/Learning_Rig/bee_0408_3/rev/cam1_2026-04-08_18-42-13.mp4,1516.5,2155.5,1181,1889,1852,2422,0.8248662
606,/Volumes/SmithL0/2026/BIOL470/Final/Learning_Rig/bee_0408_3/rev/cam1_2026-04-08_18-42-13.mp4,1533.0,2142.5,1201,1864,1865,2421,0.8233045
607,/Volumes/SmithL0/2026/BIOL470/Final/Learning_Rig/bee_0408_3/rev/cam1_2026-04-08_18-42-13.mp4,1550.0,2142.0,1233,1863,1867,2421,0.8152876
608,/Volumes/SmithL0/2026/BIOL470/Final/Learning_Rig/bee_0408_3/rev/cam1_2026-04-08_18-42-13.mp4,1550.5,2141.5,1235,1861,1866,2422,0.8156965
609,/Volumes/SmithL0/2026/BIOL470/Final/Learning_Rig/bee_0408_3/rev/cam1_2026-04-08_18-42-13.mp4,1555.0,2148.0,1244,1866,1866,2430,0.81838375
610,/Volumes/SmithL0/2026/BIOL470/Final/Learning_Rig/bee_0408_3/rev/cam1_2026-04-08_18-42-13.mp4,1557.5,2146.0,1248,1865,1867,2427,0.8201278
611,/Volumes/SmithL0/2026/BIOL470/Final/Learning_Rig/bee_0408_3/rev/cam1_2026-04-08_18-42-13.mp4,1564.0,2149.0,1253,1860,1875,2438,0.8185865
612,/Volumes/SmithL0/2026/BIOL470/Final/Learning_Rig/bee_0408_3/rev/cam1_2026-04-08_18-42-13.mp4,1563.0,2118.5,1254,1805,1872,2432,0.82120234
613,/Volumes/SmithL0/2026/BIOL470/Final/Learning_Rig/bee_0408_3/rev/cam1_2026-04-08_18-42-13.mp4,1560.0,2111.5,1255,1796,1865,2427,0.8173545
614,/Volumes/SmithL0/2026/BIOL470/Final/Learning_Rig/bee_0408_3/rev/cam1_2026-04-08_18-42-13.mp4,1558.5,2105.5,1252,1784,1865,2427,0.8152328
615,/Volumes/SmithL0/2026/BIOL470/Final/Learning_Rig/bee_0408_3/rev/cam1_2026-04-08_18-42-13.mp4,1560.5,2090.5,1261,1777,1860,2404,0.8255762
616,/Volumes/SmithL0/2026/BIOL470/Final/Learning_Rig/bee_0408_3/rev/cam1_2026-04-08_18-42-13.mp4,1576.5,2092.5,1264,1777,1889,2408,0.821907
617,/Volumes/SmithL0/2026/BIOL470/Final/Learning_Rig/bee_0408_3/rev/cam1_2026-04-08_18-42-13.mp4,1581.0,2090.0,1262,1788,1900,2392,0.7998856
618,/Volumes/SmithL0/2026/BIOL470/Final/Learning_Rig/bee_0408_3/rev/cam1_2026-04-08_18-42-13.mp4,1581.0,2091.0,1263,1785,1899,2397,0.8178894
619,/Volumes/SmithL0/2026/BIOL470/Final/Learning_Rig/bee_0408_3/rev/cam1_2026-04-08_18-42-13.mp4,1579.0,2093.0,1260,1788,1898,2398,0.8309278
620,/Volumes/SmithL0/2026/BIOL470/Final/Learning_Rig/bee_0408_3/rev/cam1_2026-04-08_18-42-13.mp4,1575.5,2093.0,1245,1793,1906,2393,0.833414
621,/Volumes/SmithL0/2026/BIOL470/Final/Learning_Rig/bee_0408_3/rev/cam1_2026-04-08_18-42-13.mp4,1566.0,2093.5,1233,1800,1899,2387,0.8171808
622,/Volumes/SmithL0/2026/BIOL470/Final/Learning_Rig/bee_0408_3/rev/cam1_2026-04-08_18-42-13.mp4,1539.5,2081.5,1225,1779,1854,2384,0.8682206
623,/Volumes/SmithL0/2026/BIOL470/Final/Learning_Rig/bee_0408_3/rev/cam1_2026-04-08_18-42-13.mp4,1549.5,2064.0,1222,1778,1877,2350,0.82862645
624,/Volumes/SmithL0/2026/BIOL470/Final/Learning_Rig/bee_0408_3/rev/cam1_2026-04-08_18-42-13.mp4,1554.0,2071.0,1218,1805,1890,2337,0.8183211
625,/Volumes/SmithL0/2026/BIOL470/Final/Learning_Rig/bee_0408_3/rev/cam1_2026-04-08_18-42-13.mp4,1556.0,2062.0,1215,1804,1897,2320,0.81368244
626,/Volumes/SmithL0/2026/BIOL470/Final/Learning_Rig/bee_0408_3/rev/cam1_2026-04-08_18-42-13.mp4,1574.0,2081.5,1218,1808,1930,2355,0.80828524
627,/Volumes/SmithL0/2026/BIOL470/Final/Learning_Rig/bee_0408_3/rev/cam1_2026-04-08_18-42-13.mp4,1574.0,2085.0,1219,1808,1929,2362,0.8020241
628,/Volumes/SmithL0/2026/BIOL470/Final/Learning_Rig/bee_0408_3/rev/cam1_2026-04-08_18-42-13.mp4,1577.5,2089.0,1224,1816,1931,2362,0.80286545
629,/Volumes/SmithL0/2026/BIOL470/Final/Learning_Rig/bee_0408_3/rev/cam1_2026-04-08_18-42-13.mp4,1563.5,2096.0,1221,1819,1906,2373,0.80933374
630,/Volumes/SmithL0/2026/BIOL470/Final/Learning_Rig/bee_0408_3/rev/cam1_2026-04-08_18-42-13.mp4,1557.5,2095.5,1211,1817,1904,2374,0.814497
631,/Volumes/SmithL0/2026/BIOL470/Final/Learning_Rig/bee_0408_3/rev/cam1_2026-04-08_18-42-13.mp4,1555.5,2094.5,1207,1813,1904,2376,0.81264186
632,/Volumes/SmithL0/2026/BIOL470/Final/Learning_Rig/bee_0408_3/rev/cam1_2026-04-08_18-42-13.mp4,1548.0,2095.5,1199,1787,1897,2404,0.80956817
633,/Volumes/SmithL0/2026/BIOL470/Final/Learning_Rig/bee_0408_3/rev/cam1_2026-04-08_18-42-13.mp4,1538.5,2098.0,1185,1778,1892,2418,0.810837
634,/Volumes/SmithL0/2026/BIOL470/Final/Learning_Rig/bee_0408_3/rev/cam1_2026-04-08_18-42-13.mp4,1528.0,2092.5,1170,1775,1886,2410,0.819062
635,/Volumes/SmithL0/2026/BIOL470/Final/Learning_Rig/bee_0408_3/rev/cam1_2026-04-08_18-42-13.mp4,1518.0,2093.0,1160,1775,1876,2411,0.81879956
636,/Volumes/SmithL0/2026/BIOL470/Final/Learning_Rig/bee_0408_3/rev/cam1_2026-04-08_18-42-13.mp4,1522.5,2091.0,1160,1775,1885,2407,0.81768805
637,/Volumes/SmithL0/2026/BIOL470/Final/Learning_Rig/bee_0408_3/rev/cam1_2026-04-08_18-42-13.mp4,1526.0,2090.0,1166,1777,1886,2403,0.81680804
638,/Volumes/SmithL0/2026/BIOL470/Final/Learning_Rig/bee_0408_3/rev/cam1_2026-04-08_18-42-13.mp4,1511.5,2089.0,1163,1775,1860,2403,0.80931723
639,/Volumes/SmithL0/2026/BIOL470/Final/Learning_Rig/bee_0408_3/rev/cam1_2026-04-08_18-42-13.mp4,1514.0,2089.5,1163,1775,1865,2404,0.8172647
640,/Volumes/SmithL0/2026/BIOL470/Final/Learning_Rig/bee_0408_3/rev/cam1_2026-04-08_18-42-13.mp4,1511.0,2087.0,1168,1776,1854,2398,0.85311645
641,/Volumes/SmithL0/2026/BIOL470/Final/Learning_Rig/bee_0408_3/rev/cam1_2026-04-08_18-42-13.mp4,1498.0,2085.5,1164,1776,1832,2395,0.8482273
642,/Volumes/SmithL0/2026/BIOL470/Final/Learning_Rig/bee_0408_3/rev/cam1_2026-04-08_18-42-13.mp4,1481.0,2083.0,1158,1775,1804,2391,0.82841516
643,/Volumes/SmithL0/2026/BIOL470/Final/Learning_Rig/bee_0408_3/rev/cam1_2026-04-08_18-42-13.mp4,1476.0,2084.5,1155,1773,1797,2396,0.8216671
644,/Volumes/SmithL0/2026/BIOL470/Final/Learning_Rig/bee_0408_3/rev/cam1_2026-04-08_18-42-13.mp4,1477.0,2102.5,1132,1789,1822,2416,0.8049968
645,/Volumes/SmithL0/2026/BIOL470/Final/Learning_Rig/bee_0408_3/rev/cam1_2026-04-08_18-42-13.mp4,1466.5,2086.0,1130,1773,1803,2399,0.81140286
646,/Volumes/SmithL0/2026/BIOL470/Final/Learning_Rig/bee_0408_3/rev/cam1_2026-04-08_18-42-13.mp4,1474.5,2135.0,1142,1862,1807,2408,0.8292547
647,/Volumes/SmithL0/2026/BIOL470/Final/Learning_Rig/bee_0408_3/rev/cam1_2026-04-08_18-42-13.mp4,1472.0,2137.0,1137,1861,1807,2413,0.8292848
648,/Volumes/SmithL0/2026/BIOL470/Final/Learning_Rig/bee_0408_3/rev/cam1_2026-04-08_18-42-13.mp4,1465.0,2155.0,1120,1864,1810,2446,0.8319059
649,/Volumes/SmithL0/2026/BIOL470/Final/Learning_Rig/bee_0408_3/rev/cam1_2026-04-08_18-42-13.mp4,1482.5,2162.5,1126,1863,1839,2462,0.83376276
650,/Volumes/SmithL0/2026/BIOL470/Final/Learning_Rig/bee_0408_3/rev/cam1_2026-04-08_18-42-13.mp4,1463.5,2184.0,1103,1854,1824,2514,0.81560504
651,/Volumes/SmithL0/2026/BIOL470/Final/Learning_Rig/bee_0408_3/rev/cam1_2026-04-08_18-42-13.mp4,1450.0,2187.0,1110,1863,1790,2511,0.82629967
652,/Volumes/SmithL0/2026/BIOL470/Final/Learning_Rig/bee_0408_3/rev/cam1_2026-04-08_18-42-13.mp4,1464.5,2196.0,1135,1867,1794,2525,0.82778776
653,/Volumes/SmithL0/2026/BIOL470/Final/Learning_Rig/bee_0408_3/rev/cam1_2026-04-08_18-42-13.mp4,1476.0,2199.0,1140,1864,1812,2534,0.82337445
654,/Volumes/SmithL0/2026/BIOL470/Final/Learning_Rig/bee_0408_3/rev/cam1_2026-04-08_18-42-13.mp4,1475.5,2200.0,1139,1864,1812,2536,0.8220903
655,/Volumes/SmithL0/2026/BIOL470/Final/Learning_Rig/bee_0408_3/rev/cam1_2026-04-08_18-42-13.mp4,1477.5,2200.0,1143,1864,1812,2536,0.82105803
656,/Volumes/SmithL0/2026/BIOL470/Final/Learning_Rig/bee_0408_3/rev/cam1_2026-04-08_18-42-13.mp4,1458.0,2197.5,1115,1870,1801,2525,0.81980664
657,/Volumes/SmithL0/2026/BIOL470/Final/Learning_Rig/bee_0408_3/rev/cam1_2026-04-08_18-42-13.mp4,1431.0,2200.0,1148,1874,1714,2526,0.8415573
658,/Volumes/SmithL0/2026/BIOL470/Final/Learning_Rig/bee_0408_3/rev/cam1_2026-04-08_18-42-13.mp4,1414.5,2198.0,1145,1872,1684,2524,0.8490227
659,/Volumes/SmithL0/2026/BIOL470/Final/Learning_Rig/bee_0408_3/rev/cam1_2026-04-08_18-42-13.mp4,1409.0,2199.0,1132,1872,1686,2526,0.8454325
660,/Volumes/SmithL0/2026/BIOL470/Final/Learning_Rig/bee_0408_3/rev/cam1_2026-04-08_18-42-13.mp4,1410.0,2201.5,1135,1874,1685,2529,0.849298
661,/Volumes/SmithL0/2026/BIOL470/Final/Learning_Rig/bee_0408_3/rev/cam1_2026-04-08_18-42-13.mp4,1401.0,2200.5,1118,1874,1684,2527,0.83746564
662,/Volumes/SmithL0/2026/BIOL470/Final/Learning_Rig/bee_0408_3/rev/cam1_2026-04-08_18-42-13.mp4,1401.0,2202.0,1118,1871,1684,2533,0.82934606
663,/Volumes/SmithL0/2026/BIOL470/Final/Learning_Rig/bee_0408_3/rev/cam1_2026-04-08_18-42-13.mp4,1402.0,2201.5,1120,1866,1684,2537,0.824775
664,/Volumes/SmithL0/2026/BIOL470/Final/Learning_Rig/bee_0408_3/rev/cam1_2026-04-08_18-42-13.mp4,1400.5,2205.5,1117,1869,1684,2542,0.8320922
665,/Volumes/SmithL0/2026/BIOL470/Final/Learning_Rig/bee_0408_3/rev/cam1_2026-04-08_18-42-13.mp4,1402.0,2205.5,1114,1871,1690,2540,0.8415174
666,/Volumes/SmithL0/2026/BIOL470/Final/Learning_Rig/bee_0408_3/rev/cam1_2026-04-08_18-42-13.mp4,1406.5,2204.5,1116,1868,1697,2541,0.8193053
667,/Volumes/SmithL0/2026/BIOL470/Final/Learning_Rig/bee_0408_3/rev/cam1_2026-04-08_18-42-13.mp4,1406.5,2204.0,1114,1871,1699,2537,0.8170631
668,/Volumes/SmithL0/2026/BIOL470/Final/Learning_Rig/bee_0408_3/rev/cam1_2026-04-08_18-42-13.mp4,1406.5,2202.5,1112,1868,1701,2537,0.80459535
669,/Volumes/SmithL0/2026/BIOL470/Final/Learning_Rig/bee_0408_3/rev/cam1_2026-04-08_18-42-13.mp4,1401.5,2204.0,1116,1871,1687,2537,0.81370044
670,/Volumes/SmithL0/2026/BIOL470/Final/Learning_Rig/bee_0408_3/rev/cam1_2026-04-08_18-42-13.mp4,1409.0,2204.5,1128,1877,1690,2532,0.8239141
671,/Volumes/SmithL0/2026/BIOL470/Final/Learning_Rig/bee_0408_3/rev/cam1_2026-04-08_18-42-13.mp4,1385.0,2193.5,1131,1861,1639,2526,0.8457595
672,/Volumes/SmithL0/2026/BIOL470/Final/Learning_Rig/bee_0408_3/rev/cam1_2026-04-08_18-42-13.mp4,1373.5,2196.0,1112,1865,1635,2527,0.83078516
673,/Volumes/SmithL0/2026/BIOL470/Final/Learning_Rig/bee_0408_3/rev/cam1_2026-04-08_18-42-13.mp4,1375.5,2193.0,1113,1863,1638,2523,0.8323851
674,/Volumes/SmithL0/2026/BIOL470/Final/Learning_Rig/bee_0408_3/rev/cam1_2026-04-08_18-42-13.mp4,1372.0,2171.5,1108,1826,1636,2517,0.82638305
675,/Volumes/SmithL0/2026/BIOL470/Final/Learning_Rig/bee_0408_3/rev/cam1_2026-04-08_18-42-13.mp4,1372.0,2172.0,1108,1830,1636,2514,0.82666403
676,/Volumes/SmithL0/2026/BIOL470/Final/Learning_Rig/bee_0408_3/rev/cam1_2026-04-08_18-42-13.mp4,1373.0,2166.0,1109,1817,1637,2515,0.82747173
677,/Volumes/SmithL0/2026/BIOL470/Final/Learning_Rig/bee_0408_3/rev/cam1_2026-04-08_18-42-13.mp4,1373.0,2167.5,1109,1821,1637,2514,0.8292527
678,/Volumes/SmithL0/2026/BIOL470/Final/Learning_Rig/bee_0408_3/rev/cam1_2026-04-08_18-42-13.mp4,1372.5,2168.0,1109,1824,1636,2512,0.8301239
679,/Volumes/SmithL0/2026/BIOL470/Final/Learning_Rig/bee_0408_3/rev/cam1_2026-04-08_18-42-13.mp4,1371.5,2168.0,1109,1825,1634,2511,0.8272194
680,/Volumes/SmithL0/2026/BIOL470/Final/Learning_Rig/bee_0408_3/rev/cam1_2026-04-08_18-42-13.mp4,1372.0,2170.0,1109,1830,1635,2510,0.8241509
681,/Volumes/SmithL0/2026/BIOL470/Final/Learning_Rig/bee_0408_3/rev/cam1_2026-04-08_18-42-13.mp4,1372.0,2171.5,1109,1834,1635,2509,0.82619846
682,/Volumes/SmithL0/2026/BIOL470/Final/Learning_Rig/bee_0408_3/rev/cam1_2026-04-08_18-42-13.mp4,1373.0,2172.5,1109,1835,1637,2510,0.8257409
683,/Volumes/SmithL0/2026/BIOL470/Final/Learning_Rig/bee_0408_3/rev/cam1_2026-04-08_18-42-13.mp4,1373.0,2169.5,1109,1832,1637,2507,0.82613236
684,/Volumes/SmithL0/2026/BIOL470/Final/Learning_Rig/bee_0408_3/rev/cam1_2026-04-08_18-42-13.mp4,1373.5,2175.5,1105,1847,1642,2504,0.8215901
685,/Volumes/SmithL0/2026/BIOL470/Final/Learning_Rig/bee_0408_3/rev/cam1_2026-04-08_18-42-13.mp4,1371.5,2172.0,1099,1843,1644,2501,0.8263304
686,/Volumes/SmithL0/2026/BIOL470/Final/Learning_Rig/bee_0408_3/rev/cam1_2026-04-08_18-42-13.mp4,1373.5,2170.5,1094,1838,1653,2503,0.8274023
687,/Volumes/SmithL0/2026/BIOL470/Final/Learning_Rig/bee_0408_3/rev/cam1_2026-04-08_18-42-13.mp4,1364.5,2166.5,1081,1830,1648,2503,0.82636696
688,/Volumes/SmithL0/2026/BIOL470/Final/Learning_Rig/bee_0408_3/rev/cam1_2026-04-08_18-42-13.mp4,1374.0,2178.0,1073,1846,1675,2510,0.8134146
689,/Volumes/SmithL0/2026/BIOL470/Final/Learning_Rig/bee_0408_3/rev/cam1_2026-04-08_18-42-13.mp4,1363.0,2167.5,1070,1831,1656,2504,0.835483
690,/Volumes/SmithL0/2026/BIOL470/Final/Learning_Rig/bee_0408_3/rev/cam1_2026-04-08_18-42-13.mp4,1349.5,2178.0,1056,1852,1643,2504,0.8374109
691,/Volumes/SmithL0/2026/BIOL470/Final/Learning_Rig/bee_0408_3/rev/cam1_2026-04-08_18-42-13.mp4,1351.0,2178.0,1054,1852,1648,2504,0.83599406
692,/Volumes/SmithL0/2026/BIOL470/Final/Learning_Rig/bee_0408_3/rev/cam1_2026-04-08_18-42-13.mp4,1350.0,2172.5,1056,1848,1644,2497,0.8236293
693,/Volumes/SmithL0/2026/BIOL470/Final/Learning_Rig/bee_0408_3/rev/cam1_2026-04-08_18-42-13.mp4,1345.0,2152.5,1049,1838,1641,2467,0.8262118
694,/Volumes/SmithL0/2026/BIOL470/Final/Learning_Rig/bee_0408_3/rev/cam1_2026-04-08_18-42-13.mp4,1335.5,2178.5,1001,1940,1670,2417,0.7949915
695,/Volumes/SmithL0/2026/BIOL470/Final/Learning_Rig/bee_0408_3/rev/cam1_2026-04-08_18-42-13.mp4,1338.0,2169.0,1001,1921,1675,2417,0.7948069
696,/Volumes/SmithL0/2026/BIOL470/Final/Learning_Rig/bee_0408_3/rev/cam1_2026-04-08_18-42-13.mp4,1334.5,2184.0,983,1940,1686,2428,0.8140612
697,/Volumes/SmithL0/2026/BIOL470/Final/Learning_Rig/bee_0408_3/rev/cam1_2026-04-08_18-42-13.mp4,1335.5,2154.0,992,1873,1679,2435,0.8036767
698,/Volumes/SmithL0/2026/BIOL470/Final/Learning_Rig/bee_0408_3/rev/cam1_2026-04-08_18-42-13.mp4,1337.5,2157.0,990,1876,1685,2438,0.80748844
699,/Volumes/SmithL0/2026/BIOL470/Final/Learning_Rig/bee_0408_3/rev/cam1_2026-04-08_18-42-13.mp4,1338.0,2153.0,981,1880,1695,2426,0.80261797
700,/Volumes/SmithL0/2026/BIOL470/Final/Learning_Rig/bee_0408_3/rev/cam1_2026-04-08_18-42-13.mp4,1336.0,2156.0,981,1887,1691,2425,0.79564303
701,/Volumes/SmithL0/2026/BIOL470/Final/Learning_Rig/bee_0408_3/rev/cam1_2026-04-08_18-42-13.mp4,1339.0,2165.5,978,1911,1700,2420,0.7846011
702,/Volumes/SmithL0/2026/BIOL470/Final/Learning_Rig/bee_0408_3/rev/cam1_2026-04-08_18-42-13.mp4,1337.0,2181.5,979,1905,1695,2458,0.794959
703,/Volumes/SmithL0/2026/BIOL470/Final/Learning_Rig/bee_0408_3/rev/cam1_2026-04-08_18-42-13.mp4,1334.5,2186.5,974,1902,1695,2471,0.7920585
704,/Volumes/SmithL0/2026/BIOL470/Final/Learning_Rig/bee_0408_3/rev/cam1_2026-04-08_18-42-13.mp4,1335.5,2183.0,976,1885,1695,2481,0.8003834
705,/Volumes/SmithL0/2026/BIOL470/Final/Learning_Rig/bee_0408_3/rev/cam1_2026-04-08_18-42-13.mp4,1321.5,2189.0,965,1889,1678,2489,0.79331404
706,/Volumes/SmithL0/2026/BIOL470/Final/Learning_Rig/bee_0408_3/rev/cam1_2026-04-08_18-42-13.mp4,1327.0,2111.0,990,1864,1664,2358,0.7831835
707,/Volumes/SmithL0/2026/BIOL470/Final/Learning_Rig/bee_0408_3/rev/cam1_2026-04-08_18-42-13.mp4,1329.0,2106.0,993,1861,1665,2351,0.7764765
708,/Volumes/SmithL0/2026/BIOL470/Final/Learning_Rig/bee_0408_3/rev/cam1_2026-04-08_18-42-13.mp4,1304.0,2194.5,943,1862,1665,2527,0.7659637
709,/Volumes/SmithL0/2026/BIOL470/Final/Learning_Rig/bee_0408_3/rev/cam1_2026-04-08_18-42-13.mp4,1319.5,2104.0,973,1859,1666,2349,0.8075974
710,/Volumes/SmithL0/2026/BIOL470/Final/Learning_Rig/bee_0408_3/rev/cam1_2026-04-08_18-42-13.mp4,1314.5,2102.0,966,1859,1663,2345,0.8105269
711,/Volumes/SmithL0/2026/BIOL470/Final/Learning_Rig/bee_0408_3/rev/cam1_2026-04-08_18-42-13.mp4,1326.0,2117.0,1006,1862,1646,2372,0.7876526
712,/Volumes/SmithL0/2026/BIOL470/Final/Learning_Rig/bee_0408_3/rev/cam1_2026-04-08_18-42-13.mp4,1318.5,2144.0,991,1860,1646,2428,0.79117227
713,/Volumes/SmithL0/2026/BIOL470/Final/Learning_Rig/bee_0408_3/rev/cam1_2026-04-08_18-42-13.mp4,1309.5,2178.5,971,1911,1648,2446,0.79765606
714,/Volumes/SmithL0/2026/BIOL470/Final/Learning_Rig/bee_0408_3/rev/cam1_2026-04-08_18-42-13.mp4,1310.0,2177.5,977,1911,1643,2444,0.8090759
715,/Volumes/SmithL0/2026/BIOL470/Final/Learning_Rig/bee_0408_3/rev/cam1_2026-04-08_18-42-13.mp4,1276.0,2199.5,943,1885,1609,2514,0.8185525
716,/Volumes/SmithL0/2026/BIOL470/Final/Learning_Rig/bee_0408_3/rev/cam1_2026-04-08_18-42-13.mp4,1281.0,2193.5,956,1882,1606,2505,0.81814235
717,/Volumes/SmithL0/2026/BIOL470/Final/Learning_Rig/bee_0408_3/rev/cam1_2026-04-08_18-42-13.mp4,1284.0,2214.5,970,1935,1598,2494,0.8129822
718,/Volumes/SmithL0/2026/BIOL470/Final/Learning_Rig/bee_0408_3/rev/cam1_2026-04-08_18-42-13.mp4,1298.0,2154.0,962,1852,1634,2456,0.803396
719,/Volumes/SmithL0/2026/BIOL470/Final/Learning_Rig/bee_0408_3/rev/cam1_2026-04-08_18-42-13.mp4,1309.0,2174.5,974,1852,1644,2497,0.7894825
720,/Volumes/SmithL0/2026/BIOL470/Final/Learning_Rig/bee_0408_3/rev/cam1_2026-04-08_18-42-13.mp4,1291.0,2163.0,989,1858,1593,2468,0.78271085
721,/Volumes/SmithL0/2026/BIOL470/Final/Learning_Rig/bee_0408_3/rev/cam1_2026-04-08_18-42-13.mp4,1249.5,2162.5,939,1845,1560,2480,0.8132067
722,/Volumes/SmithL0/2026/BIOL470/Final/Learning_Rig/bee_0408_3/rev/cam1_2026-04-08_18-42-13.mp4,1201.5,2151.0,933,1820,1470,2482,0.83991086
723,/Volumes/SmithL0/2026/BIOL470/Final/Learning_Rig/bee_0408_3/rev/cam1_2026-04-08_18-42-13.mp4,1138.5,2152.0,904,1799,1373,2505,0.83218974
724,/Volumes/SmithL0/2026/BIOL470/Final/Learning_Rig/bee_0408_3/rev/cam1_2026-04-08_18-42-13.mp4,1081.5,2179.0,783,1856,1380,2502,0.82884634
725,/Volumes/SmithL0/2026/BIOL470/Final/Learning_Rig/bee_0408_3/rev/cam1_2026-04-08_18-42-13.mp4,1078.0,2196.5,772,1911,1384,2482,0.8130004
726,/Volumes/SmithL0/2026/BIOL470/Final/Learning_Rig/bee_0408_3/rev/cam1_2026-04-08_18-42-13.mp4,1080.5,2206.0,772,1913,1389,2499,0.7997492
727,/Volumes/SmithL0/2026/BIOL470/Final/Learning_Rig/bee_0408_3/rev/cam1_2026-04-08_18-42-13.mp4,1085.5,2204.5,774,1928,1397,2481,0.7909805
728,/Volumes/SmithL0/2026/BIOL470/Final/Learning_Rig/bee_0408_3/rev/cam1_2026-04-08_18-42-13.mp4,1095.0,2210.5,774,1955,1416,2466,0.80300105
729,/Volumes/SmithL0/2026/BIOL470/Final/Learning_Rig/bee_0408_3/rev/cam1_2026-04-08_18-42-13.mp4,1107.0,2219.0,779,1964,1435,2474,0.81388795
730,/Volumes/SmithL0/2026/BIOL470/Final/Learning_Rig/bee_0408_3/rev/cam1_2026-04-08_18-42-13.mp4,1110.0,2226.5,780,1967,1440,2486,0.8204976
731,/Volumes/SmithL0/2026/BIOL470/Final/Learning_Rig/bee_0408_3/rev/cam1_2026-04-08_18-42-13.mp4,1116.0,2225.5,786,1969,1446,2482,0.80892134
732,/Volumes/SmithL0/2026/BIOL470/Final/Learning_Rig/bee_0408_3/rev/cam1_2026-04-08_18-42-13.mp4,1148.0,2214.5,815,1965,1481,2464,0.78785765
733,/Volumes/SmithL0/2026/BIOL470/Final/Learning_Rig/bee_0408_3/rev/cam1_2026-04-08_18-42-13.mp4,1161.5,2233.5,821,1960,1502,2507,0.81522393
734,/Volumes/SmithL0/2026/BIOL470/Final/Learning_Rig/bee_0408_3/rev/cam1_2026-04-08_18-42-13.mp4,1175.5,2236.0,838,1960,1513,2512,0.809266
735,/Volumes/SmithL0/2026/BIOL470/Final/Learning_Rig/bee_0408_3/rev/cam1_2026-04-08_18-42-13.mp4,1176.5,2239.5,840,1970,1513,2509,0.8017388
736,/Volumes/SmithL0/2026/BIOL470/Final/Learning_Rig/bee_0408_3/rev/cam1_2026-04-08_18-42-13.mp4,1182.0,2237.5,839,1969,1525,2506,0.7936181
737,/Volumes/SmithL0/2026/BIOL470/Final/Learning_Rig/bee_0408_3/rev/cam1_2026-04-08_18-42-13.mp4,1194.5,2267.0,843,2034,1546,2500,0.78905255
738,/Volumes/SmithL0/2026/BIOL470/Final/Learning_Rig/bee_0408_3/rev/cam1_2026-04-08_18-42-13.mp4,1193.5,2265.0,840,2037,1547,2493,0.796684
739,/Volumes/SmithL0/2026/BIOL470/Final/Learning_Rig/bee_0408_3/rev/cam1_2026-04-08_18-42-13.mp4,1189.5,2266.5,840,2041,1539,2492,0.80248827
740,/Volumes/SmithL0/2026/BIOL470/Final/Learning_Rig/bee_0408_3/rev/cam1_2026-04-08_18-42-13.mp4,1191.0,2268.5,842,2041,1540,2496,0.8041507
741,/Volumes/SmithL0/2026/BIOL470/Final/Learning_Rig/bee_0408_3/rev/cam1_2026-04-08_18-42-13.mp4,1187.0,2268.5,843,2040,1531,2497,0.80183786
742,/Volumes/SmithL0/2026/BIOL470/Final/Learning_Rig/bee_0408_3/rev/cam1_2026-04-08_18-42-13.mp4,1191.5,2271.5,844,2046,1539,2497,0.7996526
743,/Volumes/SmithL0/2026/BIOL470/Final/Learning_Rig/bee_0408_3/rev/cam1_2026-04-08_18-42-13.mp4,1187.5,2271.0,843,2040,1532,2502,0.805317
744,/Volumes/SmithL0/2026/BIOL470/Final/Learning_Rig/bee_0408_3/rev/cam1_2026-04-08_18-42-13.mp4,1186.5,2270.0,842,2037,1531,2503,0.8014858
745,/Volumes/SmithL0/2026/BIOL470/Final/Learning_Rig/bee_0408_3/rev/cam1_2026-04-08_18-42-13.mp4,1185.5,2271.5,845,2036,1526,2507,0.80182225
746,/Volumes/SmithL0/2026/BIOL470/Final/Learning_Rig/bee_0408_3/rev/cam1_2026-04-08_18-42-13.mp4,1184.5,2270.5,846,2033,1523,2508,0.8006472
747,/Volumes/SmithL0/2026/BIOL470/Final/Learning_Rig/bee_0408_3/rev/cam1_2026-04-08_18-42-13.mp4,1182.0,2270.5,846,2034,1518,2507,0.80128294
748,/Volumes/SmithL0/2026/BIOL470/Final/Learning_Rig/bee_0408_3/rev/cam1_2026-04-08_18-42-13.mp4,1182.0,2272.0,846,2036,1518,2508,0.8034998
749,/Volumes/SmithL0/2026/BIOL470/Final/Learning_Rig/bee_0408_3/rev/cam1_2026-04-08_18-42-13.mp4,1180.5,2270.5,846,2034,1515,2507,0.80140674
750,/Volumes/SmithL0/2026/BIOL470/Final/Learning_Rig/bee_0408_3/rev/cam1_2026-04-08_18-42-13.mp4,1181.5,2272.0,846,2035,1517,2509,0.805134
751,/Volumes/SmithL0/2026/BIOL470/Final/Learning_Rig/bee_0408_3/rev/cam1_2026-04-08_18-42-13.mp4,1182.0,2269.0,847,2029,1517,2509,0.80138963
752,/Volumes/SmithL0/2026/BIOL470/Final/Learning_Rig/bee_0408_3/rev/cam1_2026-04-08_18-42-13.mp4,1177.5,2262.0,841,2022,1514,2502,0.80502766
753,/Volumes/SmithL0/2026/BIOL470/Final/Learning_Rig/bee_0408_3/rev/cam1_2026-04-08_18-42-13.mp4,1180.5,2270.0,847,2030,1514,2510,0.80267686
754,/Volumes/SmithL0/2026/BIOL470/Final/Learning_Rig/bee_0408_3/rev/cam1_2026-04-08_18-42-13.mp4,1178.0,2266.5,843,2030,1513,2503,0.80639863
755,/Volumes/SmithL0/2026/BIOL470/Final/Learning_Rig/bee_0408_3/rev/cam1_2026-04-08_18-42-13.mp4,1177.5,2266.0,843,2029,1512,2503,0.8080475
756,/Volumes/SmithL0/2026/BIOL470/Final/Learning_Rig/bee_0408_3/rev/cam1_2026-04-08_18-42-13.mp4,1178.0,2266.0,844,2028,1512,2504,0.8076683
757,/Volumes/SmithL0/2026/BIOL470/Final/Learning_Rig/bee_0408_3/rev/cam1_2026-04-08_18-42-13.mp4,1181.0,2273.5,850,2037,1512,2510,0.8094284
758,/Volumes/SmithL0/2026/BIOL470/Final/Learning_Rig/bee_0408_3/rev/cam1_2026-04-08_18-42-13.mp4,1177.5,2265.5,845,2031,1510,2500,0.8079225
759,/Volumes/SmithL0/2026/BIOL470/Final/Learning_Rig/bee_0408_3/rev/cam1_2026-04-08_18-42-13.mp4,1179.0,2265.5,845,2028,1513,2503,0.8048757
760,/Volumes/SmithL0/2026/BIOL470/Final/Learning_Rig/bee_0408_3/rev/cam1_2026-04-08_18-42-13.mp4,1182.0,2272.0,852,2036,1512,2508,0.80400276
761,/Volumes/SmithL0/2026/BIOL470/Final/Learning_Rig/bee_0408_3/rev/cam1_2026-04-08_18-42-13.mp4,1183.0,2270.5,848,2035,1518,2506,0.80606484
762,/Volumes/SmithL0/2026/BIOL470/Final/Learning_Rig/bee_0408_3/rev/cam1_2026-04-08_18-42-13.mp4,1191.5,2281.5,861,2053,1522,2510,0.81159526
763,/Volumes/SmithL0/2026/BIOL470/Final/Learning_Rig/bee_0408_3/rev/cam1_2026-04-08_18-42-13.mp4,1182.5,2279.5,857,2049,1508,2510,0.81894344
764,/Volumes/SmithL0/2026/BIOL470/Final/Learning_Rig/bee_0408_3/rev/cam1_2026-04-08_18-42-13.mp4,1178.0,2263.5,850,2032,1506,2495,0.81703925
765,/Volumes/SmithL0/2026/BIOL470/Final/Learning_Rig/bee_0408_3/rev/cam1_2026-04-08_18-42-13.mp4,1182.0,2280.0,856,2048,1508,2512,0.8170523
766,/Volumes/SmithL0/2026/BIOL470/Final/Learning_Rig/bee_0408_3/rev/cam1_2026-04-08_18-42-13.mp4,1183.0,2281.5,857,2051,1509,2512,0.8135748
767,/Volumes/SmithL0/2026/BIOL470/Final/Learning_Rig/bee_0408_3/rev/cam1_2026-04-08_18-42-13.mp4,1183.0,2280.5,856,2053,1510,2508,0.81349933
768,/Volumes/SmithL0/2026/BIOL470/Final/Learning_Rig/bee_0408_3/rev/cam1_2026-04-08_18-42-13.mp4,1181.5,2280.0,854,2050,1509,2510,0.8142376
769,/Volumes/SmithL0/2026/BIOL470/Final/Learning_Rig/bee_0408_3/rev/cam1_2026-04-08_18-42-13.mp4,1181.5,2281.5,854,2050,1509,2513,0.8161889
770,/Volumes/SmithL0/2026/BIOL470/Final/Learning_Rig/bee_0408_3/rev/cam1_2026-04-08_18-42-13.mp4,1181.5,2281.5,854,2050,1509,2513,0.81683975
771,/Volumes/SmithL0/2026/BIOL470/Final/Learning_Rig/bee_0408_3/rev/cam1_2026-04-08_18-42-13.mp4,1181.5,2283.0,854,2053,1509,2513,0.8192271
772,/Volumes/SmithL0/2026/BIOL470/Final/Learning_Rig/bee_0408_3/rev/cam1_2026-04-08_18-42-13.mp4,1182.0,2283.5,854,2053,1510,2514,0.8190993
773,/Volumes/SmithL0/2026/BIOL470/Final/Learning_Rig/bee_0408_3/rev/cam1_2026-04-08_18-42-13.mp4,1182.0,2281.0,854,2049,1510,2513,0.8139895
774,/Volumes/SmithL0/2026/BIOL470/Final/Learning_Rig/bee_0408_3/rev/cam1_2026-04-08_18-42-13.mp4,1181.0,2282.0,853,2050,1509,2514,0.81680346
775,/Volumes/SmithL0/2026/BIOL470/Final/Learning_Rig/bee_0408_3/rev/cam1_2026-04-08_18-42-13.mp4,1181.0,2283.5,854,2052,1508,2515,0.8208989
776,/Volumes/SmithL0/2026/BIOL470/Final/Learning_Rig/bee_0408_3/rev/cam1_2026-04-08_18-42-13.mp4,1180.5,2283.5,854,2053,1507,2514,0.8225899
777,/Volumes/SmithL0/2026/BIOL470/Final/Learning_Rig/bee_0408_3/rev/cam1_2026-04-08_18-42-13.mp4,1180.0,2282.5,854,2052,1506,2513,0.81987023
778,/Volumes/SmithL0/2026/BIOL470/Final/Learning_Rig/bee_0408_3/rev/cam1_2026-04-08_18-42-13.mp4,1180.5,2282.5,854,2052,1507,2513,0.81971824
779,/Volumes/SmithL0/2026/BIOL470/Final/Learning_Rig/bee_0408_3/rev/cam1_2026-04-08_18-42-13.mp4,1180.5,2283.5,854,2053,1507,2514,0.821583
780,/Volumes/SmithL0/2026/BIOL470/Final/Learning_Rig/bee_0408_3/rev/cam1_2026-04-08_18-42-13.mp4,1181.0,2283.0,854,2052,1508,2514,0.8201304
781,/Volumes/SmithL0/2026/BIOL470/Final/Learning_Rig/bee_0408_3/rev/cam1_2026-04-08_18-42-13.mp4,1180.5,2282.5,854,2052,1507,2513,0.81972873
782,/Volumes/SmithL0/2026/BIOL470/Final/Learning_Rig/bee_0408_3/rev/cam1_2026-04-08_18-42-13.mp4,1181.5,2281.5,854,2050,1509,2513,0.8166669
783,/Volumes/SmithL0/2026/BIOL470/Final/Learning_Rig/bee_0408_3/rev/cam1_2026-04-08_18-42-13.mp4,1181.5,2282.0,855,2051,1508,2513,0.8162564
784,/Volumes/SmithL0/2026/BIOL470/Final/Learning_Rig/bee_0408_3/rev/cam1_2026-04-08_18-42-13.mp4,1180.5,2282.0,855,2051,1506,2513,0.82032514
785,/Volumes/SmithL0/2026/BIOL470/Final/Learning_Rig/bee_0408_3/rev/cam1_2026-04-08_18-42-13.mp4,1176.5,2271.5,848,2038,1505,2505,0.81484866
786,/Volumes/SmithL0/2026/BIOL470/Final/Learning_Rig/bee_0408_3/rev/cam1_2026-04-08_18-42-13.mp4,1181.5,2282.0,856,2050,1507,2514,0.81733507
787,/Volumes/SmithL0/2026/BIOL470/Final/Learning_Rig/bee_0408_3/rev/cam1_2026-04-08_18-42-13.mp4,1181.0,2283.5,855,2052,1507,2515,0.82084024
788,/Volumes/SmithL0/2026/BIOL470/Final/Learning_Rig/bee_0408_3/rev/cam1_2026-04-08_18-42-13.mp4,1181.0,2283.0,855,2052,1507,2514,0.8206895
789,/Volumes/SmithL0/2026/BIOL470/Final/Learning_Rig/bee_0408_3/rev/cam1_2026-04-08_18-42-13.mp4,1181.0,2283.0,854,2052,1508,2514,0.8195891
790,/Volumes/SmithL0/2026/BIOL470/Final/Learning_Rig/bee_0408_3/rev/cam1_2026-04-08_18-42-13.mp4,1181.0,2282.0,855,2052,1507,2512,0.81940997
791,/Volumes/SmithL0/2026/BIOL470/Final/Learning_Rig/bee_0408_3/rev/cam1_2026-04-08_18-42-13.mp4,1181.0,2282.0,855,2052,1507,2512,0.8182858
792,/Volumes/SmithL0/2026/BIOL470/Final/Learning_Rig/bee_0408_3/rev/cam1_2026-04-08_18-42-13.mp4,1180.5,2281.0,855,2048,1506,2514,0.81457096
793,/Volumes/SmithL0/2026/BIOL470/Final/Learning_Rig/bee_0408_3/rev/cam1_2026-04-08_18-42-13.mp4,1180.5,2282.5,855,2051,1506,2514,0.8199571
794,/Volumes/SmithL0/2026/BIOL470/Final/Learning_Rig/bee_0408_3/rev/cam1_2026-04-08_18-42-13.mp4,1180.5,2282.5,855,2051,1506,2514,0.81859875
795,/Volumes/SmithL0/2026/BIOL470/Final/Learning_Rig/bee_0408_3/rev/cam1_2026-04-08_18-42-13.mp4,1181.0,2283.0,856,2052,1506,2514,0.8191477
796,/Volumes/SmithL0/2026/BIOL470/Final/Learning_Rig/bee_0408_3/rev/cam1_2026-04-08_18-42-13.mp4,1180.0,2281.5,855,2050,1505,2513,0.81460893
797,/Volumes/SmithL0/2026/BIOL470/Final/Learning_Rig/bee_0408_3/rev/cam1_2026-04-08_18-42-13.mp4,1180.5,2282.5,856,2051,1505,2514,0.8167628
798,/Volumes/SmithL0/2026/BIOL470/Final/Learning_Rig/bee_0408_3/rev/cam1_2026-04-08_18-42-13.mp4,1181.0,2283.5,856,2052,1506,2515,0.8186707
799,/Volumes/SmithL0/2026/BIOL470/Final/Learning_Rig/bee_0408_3/rev/cam1_2026-04-08_18-42-13.mp4,1181.0,2283.0,856,2053,1506,2513,0.82207453
800,/Volumes/SmithL0/2026/BIOL470/Final/Learning_Rig/bee_0408_3/rev/cam1_2026-04-08_18-42-13.mp4,1180.5,2280.0,855,2047,1506,2513,0.8152261
801,/Volumes/SmithL0/2026/BIOL470/Final/Learning_Rig/bee_0408_3/rev/cam1_2026-04-08_18-42-13.mp4,1180.5,2281.0,856,2047,1505,2515,0.8151244
802,/Volumes/SmithL0/2026/BIOL470/Final/Learning_Rig/bee_0408_3/rev/cam1_2026-04-08_18-42-13.mp4,1180.0,2280.5,856,2048,1504,2513,0.8161255
803,/Volumes/SmithL0/2026/BIOL470/Final/Learning_Rig/bee_0408_3/rev/cam1_2026-04-08_18-42-13.mp4,1179.0,2280.0,855,2049,1503,2511,0.8161122
804,/Volumes/SmithL0/2026/BIOL470/Final/Learning_Rig/bee_0408_3/rev/cam1_2026-04-08_18-42-13.mp4,1175.0,2269.0,847,2035,1503,2503,0.81395084
805,/Volumes/SmithL0/2026/BIOL470/Final/Learning_Rig/bee_0408_3/rev/cam1_2026-04-08_18-42-13.mp4,1176.0,2270.5,849,2037,1503,2504,0.8142708
806,/Volumes/SmithL0/2026/BIOL470/Final/Learning_Rig/bee_0408_3/rev/cam1_2026-04-08_18-42-13.mp4,1179.5,2279.5,855,2047,1504,2512,0.81579477
807,/Volumes/SmithL0/2026/BIOL470/Final/Learning_Rig/bee_0408_3/rev/cam1_2026-04-08_18-42-13.mp4,1175.5,2269.5,849,2037,1502,2502,0.813352
808,/Volumes/SmithL0/2026/BIOL470/Final/Learning_Rig/bee_0408_3/rev/cam1_2026-04-08_18-42-13.mp4,1176.0,2269.5,849,2037,1503,2502,0.81435394
809,/Volumes/SmithL0/2026/BIOL470/Final/Learning_Rig/bee_0408_3/rev/cam1_2026-04-08_18-42-13.mp4,1180.0,2279.0,856,2046,1504,2512,0.81460893
810,/Volumes/SmithL0/2026/BIOL470/Final/Learning_Rig/bee_0408_3/rev/cam1_2026-04-08_18-42-13.mp4,1176.5,2270.5,850,2037,1503,2504,0.8147685
811,/Volumes/SmithL0/2026/BIOL470/Final/Learning_Rig/bee_0408_3/rev/cam1_2026-04-08_18-42-13.mp4,1180.0,2281.0,856,2050,1504,2512,0.81845146
812,/Volumes/SmithL0/2026/BIOL470/Final/Learning_Rig/bee_0408_3/rev/cam1_2026-04-08_18-42-13.mp4,1180.0,2280.5,856,2048,1504,2513,0.8148984
813,/Volumes/SmithL0/2026/BIOL470/Final/Learning_Rig/bee_0408_3/rev/cam1_2026-04-08_18-42-13.mp4,1178.5,2279.5,855,2047,1502,2512,0.8147541
814,/Volumes/SmithL0/2026/BIOL470/Final/Learning_Rig/bee_0408_3/rev/cam1_2026-04-08_18-42-13.mp4,1179.5,2281.0,856,2048,1503,2514,0.8162033
815,/Volumes/SmithL0/2026/BIOL470/Final/Learning_Rig/bee_0408_3/rev/cam1_2026-04-08_18-42-13.mp4,1179.5,2281.5,855,2049,1504,2514,0.8155504
816,/Volumes/SmithL0/2026/BIOL470/Final/Learning_Rig/bee_0408_3/rev/cam1_2026-04-08_18-42-13.mp4,1175.0,2268.0,848,2034,1502,2502,0.8118094
817,/Volumes/SmithL0/2026/BIOL470/Final/Learning_Rig/bee_0408_3/rev/cam1_2026-04-08_18-42-13.mp4,1179.0,2280.5,855,2049,1503,2512,0.81630075
818,/Volumes/SmithL0/2026/BIOL470/Final/Learning_Rig/bee_0408_3/rev/cam1_2026-04-08_18-42-13.mp4,1179.0,2279.5,855,2046,1503,2513,0.81251204
819,/Volumes/SmithL0/2026/BIOL470/Final/Learning_Rig/bee_0408_3/rev/cam1_2026-04-08_18-42-13.mp4,1178.5,2278.0,855,2043,1502,2513,0.8121376
820,/Volumes/SmithL0/2026/BIOL470/Final/Learning_Rig/bee_0408_3/rev/cam1_2026-04-08_18-42-13.mp4,1179.5,2279.5,856,2046,1503,2513,0.81576854
821,/Volumes/SmithL0/2026/BIOL470/Final/Learning_Rig/bee_0408_3/rev/cam1_2026-04-08_18-42-13.mp4,1180.0,2279.0,857,2045,1503,2513,0.8128505
822,/Volumes/SmithL0/2026/BIOL470/Final/Learning_Rig/bee_0408_3/rev/cam1_2026-04-08_18-42-13.mp4,1179.0,2279.0,855,2044,1503,2514,0.8111213
823,/Volumes/SmithL0/2026/BIOL470/Final/Learning_Rig/bee_0408_3/rev/cam1_2026-04-08_18-42-13.mp4,1179.0,2279.5,855,2047,1503,2512,0.81293786
824,/Volumes/SmithL0/2026/BIOL470/Final/Learning_Rig/bee_0408_3/rev/cam1_2026-04-08_18-42-13.mp4,1179.5,2279.5,855,2045,1504,2514,0.8130729
825,/Volumes/SmithL0/2026/BIOL470/Final/Learning_Rig/bee_0408_3/rev/cam1_2026-04-08_18-42-13.mp4,1179.0,2280.5,855,2047,1503,2514,0.8144361
826,/Volumes/SmithL0/2026/BIOL470/Final/Learning_Rig/bee_0408_3/rev/cam1_2026-04-08_18-42-13.mp4,1175.0,2269.5,849,2036,1501,2503,0.8137674
827,/Volumes/SmithL0/2026/BIOL470/Final/Learning_Rig/bee_0408_3/rev/cam1_2026-04-08_18-42-13.mp4,1179.0,2280.5,856,2048,1502,2513,0.8189931
828,/Volumes/SmithL0/2026/BIOL470/Final/Learning_Rig/bee_0408_3/rev/cam1_2026-04-08_18-42-13.mp4,1179.0,2278.5,856,2044,1502,2513,0.8143211
829,/Volumes/SmithL0/2026/BIOL470/Final/Learning_Rig/bee_0408_3/rev/cam1_2026-04-08_18-42-13.mp4,1179.0,2280.0,856,2048,1502,2512,0.81804824
830,/Volumes/SmithL0/2026/BIOL470/Final/Learning_Rig/bee_0408_3/rev/cam1_2026-04-08_18-42-13.mp4,1176.0,2269.5,849,2033,1503,2506,0.81417614
831,/Volumes/SmithL0/2026/BIOL470/Final/Learning_Rig/bee_0408_3/rev/cam1_2026-04-08_18-42-13.mp4,1179.0,2281.0,855,2048,1503,2514,0.8165676
832,/Volumes/SmithL0/2026/BIOL470/Final/Learning_Rig/bee_0408_3/rev/cam1_2026-04-08_18-42-13.mp4,1178.5,2281.5,855,2050,1502,2513,0.82068485
833,/Volumes/SmithL0/2026/BIOL470/Final/Learning_Rig/bee_0408_3/rev/cam1_2026-04-08_18-42-13.mp4,1178.0,2281.0,854,2050,1502,2512,0.8181905
834,/Volumes/SmithL0/2026/BIOL470/Final/Learning_Rig/bee_0408_3/rev/cam1_2026-04-08_18-42-13.mp4,1178.5,2281.0,855,2050,1502,2512,0.8195488
835,/Volumes/SmithL0/2026/BIOL470/Final/Learning_Rig/bee_0408_3/rev/cam1_2026-04-08_18-42-13.mp4,1179.0,2282.5,855,2052,1503,2513,0.82158667
836,/Volumes/SmithL0/2026/BIOL470/Final/Learning_Rig/bee_0408_3/rev/cam1_2026-04-08_18-42-13.mp4,1179.0,2280.0,856,2047,1502,2513,0.8177257
837,/Volumes/SmithL0/2026/BIOL470/Final/Learning_Rig/bee_0408_3/rev/cam1_2026-04-08_18-42-13.mp4,1178.5,2282.0,856,2052,1501,2512,0.8221837
838,/Volumes/SmithL0/2026/BIOL470/Final/Learning_Rig/bee_0408_3/rev/cam1_2026-04-08_18-42-13.mp4,1178.5,2280.5,855,2050,1502,2511,0.8196613
839,/Volumes/SmithL0/2026/BIOL470/Final/Learning_Rig/bee_0408_3/rev/cam1_2026-04-08_18-42-13.mp4,1178.5,2282.0,855,2051,1502,2513,0.82272744
840,/Volumes/SmithL0/2026/BIOL470/Final/Learning_Rig/bee_0408_3/rev/cam1_2026-04-08_18-42-13.mp4,1178.5,2281.0,855,2049,1502,2513,0.82093143
841,/Volumes/SmithL0/2026/BIOL470/Final/Learning_Rig/bee_0408_3/rev/cam1_2026-04-08_18-42-13.mp4,1178.0,2280.0,855,2049,1501,2511,0.8188162
842,/Volumes/SmithL0/2026/BIOL470/Final/Learning_Rig/bee_0408_3/rev/cam1_2026-04-08_18-42-13.mp4,1178.5,2279.5,855,2047,1502,2512,0.8168974
843,/Volumes/SmithL0/2026/BIOL470/Final/Learning_Rig/bee_0408_3/rev/cam1_2026-04-08_18-42-13.mp4,1178.5,2280.5,855,2049,1502,2512,0.81961757
844,/Volumes/SmithL0/2026/BIOL470/Final/Learning_Rig/bee_0408_3/rev/cam1_2026-04-08_18-42-13.mp4,1178.0,2280.0,854,2048,1502,2512,0.81639135
845,/Volumes/SmithL0/2026/BIOL470/Final/Learning_Rig/bee_0408_3/rev/cam1_2026-04-08_18-42-13.mp4,1178.5,2280.5,855,2050,1502,2511,0.8204765
846,/Volumes/SmithL0/2026/BIOL470/Final/Learning_Rig/bee_0408_3/rev/cam1_2026-04-08_18-42-13.mp4,1177.5,2280.5,854,2050,1501,2511,0.81968904
847,/Volumes/SmithL0/2026/BIOL470/Final/Learning_Rig/bee_0408_3/rev/cam1_2026-04-08_18-42-13.mp4,1177.0,2280.0,854,2050,1500,2510,0.8193049
848,/Volumes/SmithL0/2026/BIOL470/Final/Learning_Rig/bee_0408_3/rev/cam1_2026-04-08_18-42-13.mp4,1176.5,2279.5,854,2049,1499,2510,0.8188116
849,/Volumes/SmithL0/2026/BIOL470/Final/Learning_Rig/bee_0408_3/rev/cam1_2026-04-08_18-42-13.mp4,1177.0,2279.0,855,2047,1499,2511,0.818226
850,/Volumes/SmithL0/2026/BIOL470/Final/Learning_Rig/bee_0408_3/rev/cam1_2026-04-08_18-42-13.mp4,1173.0,2267.0,847,2032,1499,2502,0.81431055
851,/Volumes/SmithL0/2026/BIOL470/Final/Learning_Rig/bee_0408_3/rev/cam1_2026-04-08_18-42-13.mp4,1174.0,2269.0,849,2035,1499,2503,0.81526774
852,/Volumes/SmithL0/2026/BIOL470/Final/Learning_Rig/bee_0408_3/rev/cam1_2026-04-08_18-42-13.mp4,1174.0,2268.0,849,2034,1499,2502,0.8125142
853,/Volumes/SmithL0/2026/BIOL470/Final/Learning_Rig/bee_0408_3/rev/cam1_2026-04-08_18-42-13.mp4,1178.0,2279.5,856,2046,1500,2513,0.8155573
854,/Volumes/SmithL0/2026/BIOL470/Final/Learning_Rig/bee_0408_3/rev/cam1_2026-04-08_18-42-13.mp4,1177.5,2280.5,855,2048,1500,2513,0.81817806
855,/Volumes/SmithL0/2026/BIOL470/Final/Learning_Rig/bee_0408_3/rev/cam1_2026-04-08_18-42-13.mp4,1178.5,2279.5,855,2047,1502,2512,0.8172048
856,/Volumes/SmithL0/2026/BIOL470/Final/Learning_Rig/bee_0408_3/rev/cam1_2026-04-08_18-42-13.mp4,1174.5,2269.5,848,2033,1501,2506,0.8130952
857,/Volumes/SmithL0/2026/BIOL470/Final/Learning_Rig/bee_0408_3/rev/cam1_2026-04-08_18-42-13.mp4,1177.5,2279.0,854,2046,1501,2512,0.81444836
858,/Volumes/SmithL0/2026/BIOL470/Final/Learning_Rig/bee_0408_3/rev/cam1_2026-04-08_18-42-13.mp4,1174.5,2268.0,849,2034,1500,2502,0.8146467
859,/Volumes/SmithL0/2026/BIOL470/Final/Learning_Rig/bee_0408_3/rev/cam1_2026-04-08_18-42-13.mp4,1178.0,2278.5,855,2046,1501,2511,0.81637377
860,/Volumes/SmithL0/2026/BIOL470/Final/Learning_Rig/bee_0408_3/rev/cam1_2026-04-08_18-42-13.mp4,1179.0,2281.0,856,2049,1502,2513,0.81911284
861,/Volumes/SmithL0/2026/BIOL470/Final/Learning_Rig/bee_0408_3/rev/cam1_2026-04-08_18-42-13.mp4,1178.0,2280.5,855,2050,1501,2511,0.8200476
862,/Volumes/SmithL0/2026/BIOL470/Final/Learning_Rig/bee_0408_3/rev/cam1_2026-04-08_18-42-13.mp4,1178.0,2280.0,855,2048,1501,2512,0.81523705
863,/Volumes/SmithL0/2026/BIOL470/Final/Learning_Rig/bee_0408_3/rev/cam1_2026-04-08_18-42-13.mp4,1181.0,2281.5,855,2049,1507,2514,0.81070244
864,/Volumes/SmithL0/2026/BIOL470/Final/Learning_Rig/bee_0408_3/rev/cam1_2026-04-08_18-42-13.mp4,1175.0,2272.5,847,2037,1503,2508,0.8100983
865,/Volumes/SmithL0/2026/BIOL470/Final/Learning_Rig/bee_0408_3/rev/cam1_2026-04-08_18-42-13.mp4,1174.0,2273.0,847,2035,1501,2511,0.8118249
866,/Volumes/SmithL0/2026/BIOL470/Final/Learning_Rig/bee_0408_3/rev/cam1_2026-04-08_18-42-13.mp4,1174.0,2272.0,848,2034,1500,2510,0.81105757
867,/Volumes/SmithL0/2026/BIOL470/Final/Learning_Rig/bee_0408_3/rev/cam1_2026-04-08_18-42-13.mp4,1173.5,2272.0,847,2036,1500,2508,0.81021017
868,/Volumes/SmithL0/2026/BIOL470/Final/Learning_Rig/bee_0408_3/rev/cam1_2026-04-08_18-42-13.mp4,1173.0,2271.0,846,2030,1500,2512,0.8082194
869,/Volumes/SmithL0/2026/BIOL470/Final/Learning_Rig/bee_0408_3/rev/cam1_2026-04-08_18-42-13.mp4,1173.0,2271.5,846,2033,1500,2510,0.80830276
870,/Volumes/SmithL0/2026/BIOL470/Final/Learning_Rig/bee_0408_3/rev/cam1_2026-04-08_18-42-13.mp4,1173.0,2272.0,847,2034,1499,2510,0.8105785
871,/Volumes/SmithL0/2026/BIOL470/Final/Learning_Rig/bee_0408_3/rev/cam1_2026-04-08_18-42-13.mp4,1177.5,2282.5,855,2047,1500,2518,0.8115497
872,/Volumes/SmithL0/2026/BIOL470/Final/Learning_Rig/bee_0408_3/rev/cam1_2026-04-08_18-42-13.mp4,1173.0,2272.5,847,2034,1499,2511,0.8086302
873,/Volumes/SmithL0/2026/BIOL470/Final/Learning_Rig/bee_0408_3/rev/cam1_2026-04-08_18-42-13.mp4,1173.0,2271.0,848,2034,1498,2508,0.80908066
874,/Volumes/SmithL0/2026/BIOL470/Final/Learning_Rig/bee_0408_3/rev/cam1_2026-04-08_18-42-13.mp4,1172.5,2270.0,847,2032,1498,2508,0.80657345
875,/Volumes/SmithL0/2026/BIOL470/Final/Learning_Rig/bee_0408_3/rev/cam1_2026-04-08_18-42-13.mp4,1172.5,2270.5,847,2034,1498,2507,0.8071593
876,/Volumes/SmithL0/2026/BIOL470/Final/Learning_Rig/bee_0408_3/rev/cam1_2026-04-08_18-42-13.mp4,1172.5,2270.0,847,2031,1498,2509,0.80755466
877,/Volumes/SmithL0/2026/BIOL470/Final/Learning_Rig/bee_0408_3/rev/cam1_2026-04-08_18-42-13.mp4,1172.0,2268.5,847,2030,1497,2507,0.80777967
878,/Volumes/SmithL0/2026/BIOL470/Final/Learning_Rig/bee_0408_3/rev/cam1_2026-04-08_18-42-13.mp4,1171.5,2267.5,846,2029,1497,2506,0.80555785
879,/Volumes/SmithL0/2026/BIOL470/Final/Learning_Rig/bee_0408_3/rev/cam1_2026-04-08_18-42-13.mp4,1171.0,2268.5,845,2031,1497,2506,0.8060464
880,/Volumes/SmithL0/2026/BIOL470/Final/Learning_Rig/bee_0408_3/rev/cam1_2026-04-08_18-42-13.mp4,1171.0,2269.0,846,2032,1496,2506,0.80610234
881,/Volumes/SmithL0/2026/BIOL470/Final/Learning_Rig/bee_0408_3/rev/cam1_2026-04-08_18-42-13.mp4,1171.0,2271.0,846,2034,1496,2508,0.8077067
882,/Volumes/SmithL0/2026/BIOL470/Final/Learning_Rig/bee_0408_3/rev/cam1_2026-04-08_18-42-13.mp4,1172.0,2268.5,847,2030,1497,2507,0.80595225
883,/Volumes/SmithL0/2026/BIOL470/Final/Learning_Rig/bee_0408_3/rev/cam1_2026-04-08_18-42-13.mp4,1171.5,2271.0,847,2034,1496,2508,0.8074829
884,/Volumes/SmithL0/2026/BIOL470/Final/Learning_Rig/bee_0408_3/rev/cam1_2026-04-08_18-42-13.mp4,1175.5,2280.5,854,2044,1497,2517,0.80927
885,/Volumes/SmithL0/2026/BIOL470/Final/Learning_Rig/bee_0408_3/rev/cam1_2026-04-08_18-42-13.mp4,1171.0,2271.0,846,2030,1496,2512,0.806902
886,/Volumes/SmithL0/2026/BIOL470/Final/Learning_Rig/bee_0408_3/rev/cam1_2026-04-08_18-42-13.mp4,1174.5,2277.5,853,2037,1496,2518,0.8063345
887,/Volumes/SmithL0/2026/BIOL470/Final/Learning_Rig/bee_0408_3/rev/cam1_2026-04-08_18-42-13.mp4,1170.5,2271.0,846,2031,1495,2511,0.80655754
888,/Volumes/SmithL0/2026/BIOL470/Final/Learning_Rig/bee_0408_3/rev/cam1_2026-04-08_18-42-13.mp4,1175.0,2278.0,853,2039,1497,2517,0.805024
889,/Volumes/SmithL0/2026/BIOL470/Final/Learning_Rig/bee_0408_3/rev/cam1_2026-04-08_18-42-13.mp4,1175.5,2278.5,853,2041,1498,2516,0.80630773
890,/Volumes/SmithL0/2026/BIOL470/Final/Learning_Rig/bee_0408_3/rev/cam1_2026-04-08_18-42-13.mp4,1171.0,2269.0,846,2029,1496,2509,0.80287385
891,/Volumes/SmithL0/2026/BIOL470/Final/Learning_Rig/bee_0408_3/rev/cam1_2026-04-08_18-42-13.mp4,1175.5,2279.0,854,2041,1497,2517,0.8060764
892,/Volumes/SmithL0/2026/BIOL470/Final/Learning_Rig/bee_0408_3/rev/cam1_2026-04-08_18-42-13.mp4,1174.5,2277.5,853,2040,1496,2515,0.8040677
893,/Volumes/SmithL0/2026/BIOL470/Final/Learning_Rig/bee_0408_3/rev/cam1_2026-04-08_18-42-13.mp4,1171.0,2269.0,846,2031,1496,2507,0.80334824
894,/Volumes/SmithL0/2026/BIOL470/Final/Learning_Rig/bee_0408_3/rev/cam1_2026-04-08_18-42-13.mp4,1175.5,2276.5,854,2037,1497,2516,0.8028172
895,/Volumes/SmithL0/2026/BIOL470/Final/Learning_Rig/bee_0408_3/rev/cam1_2026-04-08_18-42-13.mp4,1175.5,2275.5,854,2035,1497,2516,0.8030791
896,/Volumes/SmithL0/2026/BIOL470/Final/Learning_Rig/bee_0408_3/rev/cam1_2026-04-08_18-42-13.mp4,1175.0,2274.5,853,2033,1497,2516,0.80300623
897,/Volumes/SmithL0/2026/BIOL470/Final/Learning_Rig/bee_0408_3/rev/cam1_2026-04-08_18-42-13.mp4,1175.5,2273.0,853,2030,1498,2516,0.8026797
898,/Volumes/SmithL0/2026/BIOL470/Final/Learning_Rig/bee_0408_3/rev/cam1_2026-04-08_18-42-13.mp4,1174.5,2272.0,852,2029,1497,2515,0.8000172
899,/Volumes/SmithL0/2026/BIOL470/Final/Learning_Rig/bee_0408_3/rev/cam1_2026-04-08_18-42-13.mp4,1171.5,2270.0,847,2029,1496,2511,0.8047171
900,/Volumes/SmithL0/2026/BIOL470/Final/Learning_Rig/bee_0408_3/rev/cam1_2026-04-08_18-42-13.mp4,1172.0,2268.5,847,2028,1497,2509,0.8047318
901,/Volumes/SmithL0/2026/BIOL470/Final/Learning_Rig/bee_0408_3/rev/cam1_2026-04-08_18-42-13.mp4,1171.0,2269.5,846,2031,1496,2508,0.80659443
902,/Volumes/SmithL0/2026/BIOL470/Final/Learning_Rig/bee_0408_3/rev/cam1_2026-04-08_18-42-13.mp4,1171.0,2271.5,845,2032,1497,2511,0.80780405
903,/Volumes/SmithL0/2026/BIOL470/Final/Learning_Rig/bee_0408_3/rev/cam1_2026-04-08_18-42-13.mp4,1171.0,2270.5,847,2031,1495,2510,0.80733883
904,/Volumes/SmithL0/2026/BIOL470/Final/Learning_Rig/bee_0408_3/rev/cam1_2026-04-08_18-42-13.mp4,1175.0,2276.0,853,2035,1497,2517,0.80523586
905,/Volumes/SmithL0/2026/BIOL470/Final/Learning_Rig/bee_0408_3/rev/cam1_2026-04-08_18-42-13.mp4,1174.5,2276.5,854,2036,1495,2517,0.80534244
906,/Volumes/SmithL0/2026/BIOL470/Final/Learning_Rig/bee_0408_3/rev/cam1_2026-04-08_18-42-13.mp4,1175.5,2279.5,855,2042,1496,2517,0.80721426
907,/Volumes/SmithL0/2026/BIOL470/Final/Learning_Rig/bee_0408_3/rev/cam1_2026-04-08_18-42-13.mp4,1175.5,2281.5,854,2046,1497,2517,0.81034577
908,/Volumes/SmithL0/2026/BIOL470/Final/Learning_Rig/bee_0408_3/rev/cam1_2026-04-08_18-42-13.mp4,1175.5,2281.0,854,2044,1497,2518,0.8087357
909,/Volumes/SmithL0/2026/BIOL470/Final/Learning_Rig/bee_0408_3/rev/cam1_2026-04-08_18-42-13.mp4,1174.5,2280.0,853,2044,1496,2516,0.80756986
910,/Volumes/SmithL0/2026/BIOL470/Final/Learning_Rig/bee_0408_3/rev/cam1_2026-04-08_18-42-13.mp4,1174.5,2279.0,853,2041,1496,2517,0.80546635
911,/Volumes/SmithL0/2026/BIOL470/Final/Learning_Rig/bee_0408_3/rev/cam1_2026-04-08_18-42-13.mp4,1175.0,2280.5,854,2044,1496,2517,0.80823827
912,/Volumes/SmithL0/2026/BIOL470/Final/Learning_Rig/bee_0408_3/rev/cam1_2026-04-08_18-42-13.mp4,1174.5,2280.5,854,2045,1495,2516,0.80967855
913,/Volumes/SmithL0/2026/BIOL470/Final/Learning_Rig/bee_0408_3/rev/cam1_2026-04-08_18-42-13.mp4,1175.0,2280.0,854,2044,1496,2516,0.8073328
914,/Volumes/SmithL0/2026/BIOL470/Final/Learning_Rig/bee_0408_3/rev/cam1_2026-04-08_18-42-13.mp4,1174.0,2278.5,853,2041,1495,2516,0.8054297
915,/Volumes/SmithL0/2026/BIOL470/Final/Learning_Rig/bee_0408_3/rev/cam1_2026-04-08_18-42-13.mp4,1175.0,2278.0,854,2041,1496,2515,0.80594325
916,/Volumes/SmithL0/2026/BIOL470/Final/Learning_Rig/bee_0408_3/rev/cam1_2026-04-08_18-42-13.mp4,1173.5,2277.0,853,2038,1494,2516,0.80493206
917,/Volumes/SmithL0/2026/BIOL470/Final/Learning_Rig/bee_0408_3/rev/cam1_2026-04-08_18-42-13.mp4,1174.5,2276.0,854,2035,1495,2517,0.80364513
918,/Volumes/SmithL0/2026/BIOL470/Final/Learning_Rig/bee_0408_3/rev/cam1_2026-04-08_18-42-13.mp4,1173.5,2276.5,852,2036,1495,2517,0.8038231
919,/Volumes/SmithL0/2026/BIOL470/Final/Learning_Rig/bee_0408_3/rev/cam1_2026-04-08_18-42-13.mp4,1173.0,2279.5,852,2042,1494,2517,0.80818176
920,/Volumes/SmithL0/2026/BIOL470/Final/Learning_Rig/bee_0408_3/rev/cam1_2026-04-08_18-42-13.mp4,1173.5,2280.0,853,2041,1494,2519,0.80885446
921,/Volumes/SmithL0/2026/BIOL470/Final/Learning_Rig/bee_0408_3/rev/cam1_2026-04-08_18-42-13.mp4,1174.0,2280.5,854,2042,1494,2519,0.81052965
922,/Volumes/SmithL0/2026/BIOL470/Final/Learning_Rig/bee_0408_3/rev/cam1_2026-04-08_18-42-13.mp4,1173.5,2278.5,853,2038,1494,2519,0.8072062
923,/Volumes/SmithL0/2026/BIOL470/Final/Learning_Rig/bee_0408_3/rev/cam1_2026-04-08_18-42-13.mp4,1174.0,2280.5,853,2042,1495,2519,0.80868036
924,/Volumes/SmithL0/2026/BIOL470/Final/Learning_Rig/bee_0408_3/rev/cam1_2026-04-08_18-42-13.mp4,1174.0,2280.5,853,2041,1495,2520,0.80824286
925,/Volumes/SmithL0/2026/BIOL470/Final/Learning_Rig/bee_0408_3/rev/cam1_2026-04-08_18-42-13.mp4,1174.0,2281.0,853,2044,1495,2518,0.8088583
926,/Volumes/SmithL0/2026/BIOL470/Final/Learning_Rig/bee_0408_3/rev/cam1_2026-04-08_18-42-13.mp4,1174.5,2281.0,854,2044,1495,2518,0.80933475
927,/Volumes/SmithL0/2026/BIOL470/Final/Learning_Rig/bee_0408_3/rev/cam1_2026-04-08_18-42-13.mp4,1173.5,2281.0,853,2043,1494,2519,0.8098807
928,/Volumes/SmithL0/2026/BIOL470/Final/Learning_Rig/bee_0408_3/rev/cam1_2026-04-08_18-42-13.mp4,1174.5,2278.5,854,2039,1495,2518,0.80625814
929,/Volumes/SmithL0/2026/BIOL470/Final/Learning_Rig/bee_0408_3/rev/cam1_2026-04-08_18-42-13.mp4,1174.5,2277.0,854,2038,1495,2516,0.8046883
930,/Volumes/SmithL0/2026/BIOL470/Final/Learning_Rig/bee_0408_3/rev/cam1_2026-04-08_18-42-13.mp4,1174.0,2279.5,854,2042,1494,2517,0.80903727
931,/Volumes/SmithL0/2026/BIOL470/Final/Learning_Rig/bee_0408_3/rev/cam1_2026-04-08_18-42-13.mp4,1174.0,2276.0,853,2036,1495,2516,0.80455434
932,/Volumes/SmithL0/2026/BIOL470/Final/Learning_Rig/bee_0408_3/rev/cam1_2026-04-08_18-42-13.mp4,1173.5,2279.5,853,2041,1494,2518,0.8087673
933,/Volumes/SmithL0/2026/BIOL470/Final/Learning_Rig/bee_0408_3/rev/cam1_2026-04-08_18-42-13.mp4,1174.0,2279.0,853,2039,1495,2519,0.8074667
934,/Volumes/SmithL0/2026/BIOL470/Final/Learning_Rig/bee_0408_3/rev/cam1_2026-04-08_18-42-13.mp4,1174.0,2279.5,853,2041,1495,2518,0.8075815
935,/Volumes/SmithL0/2026/BIOL470/Final/Learning_Rig/bee_0408_3/rev/cam1_2026-04-08_18-42-13.mp4,1173.5,2279.5,853,2041,1494,2518,0.8079673
936,/Volumes/SmithL0/2026/BIOL470/Final/Learning_Rig/bee_0408_3/rev/cam1_2026-04-08_18-42-13.mp4,1173.5,2279.0,853,2038,1494,2520,0.80704004
937,/Volumes/SmithL0/2026/BIOL470/Final/Learning_Rig/bee_0408_3/rev/cam1_2026-04-08_18-42-13.mp4,1174.0,2278.5,854,2038,1494,2519,0.80737853
938,/Volumes/SmithL0/2026/BIOL470/Final/Learning_Rig/bee_0408_3/rev/cam1_2026-04-08_18-42-13.mp4,1173.5,2279.0,853,2042,1494,2516,0.8077506
939,/Volumes/SmithL0/2026/BIOL470/Final/Learning_Rig/bee_0408_3/rev/cam1_2026-04-08_18-42-13.mp4,1174.0,2282.5,855,2047,1493,2518,0.81455684
940,/Volumes/SmithL0/2026/BIOL470/Final/Learning_Rig/bee_0408_3/rev/cam1_2026-04-08_18-42-13.mp4,1174.0,2281.5,854,2045,1494,2518,0.81073
941,/Volumes/SmithL0/2026/BIOL470/Final/Learning_Rig/bee_0408_3/rev/cam1_2026-04-08_18-42-13.mp4,1174.0,2281.0,854,2044,1494,2518,0.8098387
942,/Volumes/SmithL0/2026/BIOL470/Final/Learning_Rig/bee_0408_3/rev/cam1_2026-04-08_18-42-13.mp4,1174.5,2281.5,854,2045,1495,2518,0.8092206
943,/Volumes/SmithL0/2026/BIOL470/Final/Learning_Rig/bee_0408_3/rev/cam1_2026-04-08_18-42-13.mp4,1175.0,2281.0,855,2045,1495,2517,0.80923396
944,/Volumes/SmithL0/2026/BIOL470/Final/Learning_Rig/bee_0408_3/rev/cam1_2026-04-08_18-42-13.mp4,1174.0,2281.0,854,2045,1494,2517,0.8104921
945,/Volumes/SmithL0/2026/BIOL470/Final/Learning_Rig/bee_0408_3/rev/cam1_2026-04-08_18-42-13.mp4,1174.0,2279.0,854,2043,1494,2515,0.80612665
946,/Volumes/SmithL0/2026/BIOL470/Final/Learning_Rig/bee_0408_3/rev/cam1_2026-04-08_18-42-13.mp4,1174.5,2278.5,854,2041,1495,2516,0.8047526
947,/Volumes/SmithL0/2026/BIOL470/Final/Learning_Rig/bee_0408_3/rev/cam1_2026-04-08_18-42-13.mp4,1175.0,2279.0,854,2042,1496,2516,0.80518544
948,/Volumes/SmithL0/2026/BIOL470/Final/Learning_Rig/bee_0408_3/rev/cam1_2026-04-08_18-42-13.mp4,1174.5,2280.5,854,2043,1495,2518,0.80936867
949,/Volumes/SmithL0/2026/BIOL470/Final/Learning_Rig/bee_0408_3/rev/cam1_2026-04-08_18-42-13.mp4,1174.5,2282.5,853,2047,1496,2518,0.8111048
950,/Volumes/SmithL0/2026/BIOL470/Final/Learning_Rig/bee_0408_3/rev/cam1_2026-04-08_18-42-13.mp4,1174.5,2279.5,853,2042,1496,2517,0.80558234
951,/Volumes/SmithL0/2026/BIOL470/Final/Learning_Rig/bee_0408_3/rev/cam1_2026-04-08_18-42-13.mp4,1174.0,2279.0,853,2041,1495,2517,0.8069991
952,/Volumes/SmithL0/2026/BIOL470/Final/Learning_Rig/bee_0408_3/rev/cam1_2026-04-08_18-42-13.mp4,1175.0,2282.0,854,2046,1496,2518,0.8098086
953,/Volumes/SmithL0/2026/BIOL470/Final/Learning_Rig/bee_0408_3/rev/cam1_2026-04-08_18-42-13.mp4,1175.0,2281.0,854,2044,1496,2518,0.8086112
954,/Volumes/SmithL0/2026/BIOL470/Final/Learning_Rig/bee_0408_3/rev/cam1_2026-04-08_18-42-13.mp4,1175.5,2280.5,853,2043,1498,2518,0.80804783
955,/Volumes/SmithL0/2026/BIOL470/Final/Learning_Rig/bee_0408_3/rev/cam1_2026-04-08_18-42-13.mp4,1174.5,2279.0,853,2040,1496,2518,0.8076142
956,/Volumes/SmithL0/2026/BIOL470/Final/Learning_Rig/bee_0408_3/rev/cam1_2026-04-08_18-42-13.mp4,1174.5,2279.0,853,2040,1496,2518,0.8068732
957,/Volumes/SmithL0/2026/BIOL470/Final/Learning_Rig/bee_0408_3/rev/cam1_2026-04-08_18-42-13.mp4,1175.0,2280.5,854,2044,1496,2517,0.80976784
958,/Volumes/SmithL0/2026/BIOL470/Final/Learning_Rig/bee_0408_3/rev/cam1_2026-04-08_18-42-13.mp4,1174.5,2280.0,854,2043,1495,2517,0.808561
959,/Volumes/SmithL0/2026/BIOL470/Final/Learning_Rig/bee_0408_3/rev/cam1_2026-04-08_18-42-13.mp4,1174.0,2281.0,854,2045,1494,2517,0.81106716
960,/Volumes/SmithL0/2026/BIOL470/Final/Learning_Rig/bee_0408_3/rev/cam1_2026-04-08_18-42-13.mp4,1173.5,2280.5,853,2044,1494,2517,0.8117151
961,/Volumes/SmithL0/2026/BIOL470/Final/Learning_Rig/bee_0408_3/rev/cam1_2026-04-08_18-42-13.mp4,1174.5,2278.0,854,2040,1495,2516,0.8071872
962,/Volumes/SmithL0/2026/BIOL470/Final/Learning_Rig/bee_0408_3/rev/cam1_2026-04-08_18-42-13.mp4,1174.5,2278.0,854,2040,1495,2516,0.80766165
963,/Volumes/SmithL0/2026/BIOL470/Final/Learning_Rig/bee_0408_3/rev/cam1_2026-04-08_18-42-13.mp4,1174.0,2279.0,853,2041,1495,2517,0.8068142
964,/Volumes/SmithL0/2026/BIOL470/Final/Learning_Rig/bee_0408_3/rev/cam1_2026-04-08_18-42-13.mp4,1174.0,2280.0,853,2042,1495,2518,0.80888075
965,/Volumes/SmithL0/2026/BIOL470/Final/Learning_Rig/bee_0408_3/rev/cam1_2026-04-08_18-42-13.mp4,1174.0,2280.5,853,2044,1495,2517,0.8105387
966,/Volumes/SmithL0/2026/BIOL470/Final/Learning_Rig/bee_0408_3/rev/cam1_2026-04-08_18-42-13.mp4,1169.5,2269.0,846,2029,1493,2509,0.80538607
967,/Volumes/SmithL0/2026/BIOL470/Final/Learning_Rig/bee_0408_3/rev/cam1_2026-04-08_18-42-13.mp4,1174.5,2274.5,853,2032,1496,2517,0.8033509
968,/Volumes/SmithL0/2026/BIOL470/Final/Learning_Rig/bee_0408_3/rev/cam1_2026-04-08_18-42-13.mp4,1174.5,2278.5,853,2040,1496,2517,0.80625
969,/Volumes/SmithL0/2026/BIOL470/Final/Learning_Rig/bee_0408_3/rev/cam1_2026-04-08_18-42-13.mp4,1175.0,2279.0,854,2042,1496,2516,0.80649745
970,/Volumes/SmithL0/2026/BIOL470/Final/Learning_Rig/bee_0408_3/rev/cam1_2026-04-08_18-42-13.mp4,1175.0,2282.0,854,2047,1496,2517,0.8120771
971,/Volumes/SmithL0/2026/BIOL470/Final/Learning_Rig/bee_0408_3/rev/cam1_2026-04-08_18-42-13.mp4,1174.5,2282.0,854,2046,1495,2518,0.81175995
972,/Volumes/SmithL0/2026/BIOL470/Final/Learning_Rig/bee_0408_3/rev/cam1_2026-04-08_18-42-13.mp4,1174.0,2281.5,853,2044,1495,2519,0.8121422
973,/Volumes/SmithL0/2026/BIOL470/Final/Learning_Rig/bee_0408_3/rev/cam1_2026-04-08_18-42-13.mp4,1174.5,2282.5,854,2047,1495,2518,0.8152348
974,/Volumes/SmithL0/2026/BIOL470/Final/Learning_Rig/bee_0408_3/rev/cam1_2026-04-08_18-42-13.mp4,1174.0,2282.0,853,2047,1495,2517,0.8107141
975,/Volumes/SmithL0/2026/BIOL470/Final/Learning_Rig/bee_0408_3/rev/cam1_2026-04-08_18-42-13.mp4,1174.5,2281.0,854,2047,1495,2515,0.8103577
976,/Volumes/SmithL0/2026/BIOL470/Final/Learning_Rig/bee_0408_3/rev/cam1_2026-04-08_18-42-13.mp4,1174.0,2281.5,853,2046,1495,2517,0.81044096
977,/Volumes/SmithL0/2026/BIOL470/Final/Learning_Rig/bee_0408_3/rev/cam1_2026-04-08_18-42-13.mp4,1174.5,2281.0,853,2044,1496,2518,0.80925614
978,/Volumes/SmithL0/2026/BIOL470/Final/Learning_Rig/bee_0408_3/rev/cam1_2026-04-08_18-42-13.mp4,1170.0,2272.0,846,2033,1494,2511,0.8069934
979,/Volumes/SmithL0/2026/BIOL470/Final/Learning_Rig/bee_0408_3/rev/cam1_2026-04-08_18-42-13.mp4,1174.5,2280.0,853,2043,1496,2517,0.8072551
980,/Volumes/SmithL0/2026/BIOL470/Final/Learning_Rig/bee_0408_3/rev/cam1_2026-04-08_18-42-13.mp4,1174.5,2282.0,853,2047,1496,2517,0.81151354
981,/Volumes/SmithL0/2026/BIOL470/Final/Learning_Rig/bee_0408_3/rev/cam1_2026-04-08_18-42-13.mp4,1175.0,2280.5,854,2044,1496,2517,0.8086279
982,/Volumes/SmithL0/2026/BIOL470/Final/Learning_Rig/bee_0408_3/rev/cam1_2026-04-08_18-42-13.mp4,1174.5,2277.5,854,2039,1495,2516,0.8057995
983,/Volumes/SmithL0/2026/BIOL470/Final/Learning_Rig/bee_0408_3/rev/cam1_2026-04-08_18-42-13.mp4,1174.0,2279.5,854,2042,1494,2517,0.8095298
984,/Volumes/SmithL0/2026/BIOL470/Final/Learning_Rig/bee_0408_3/rev/cam1_2026-04-08_18-42-13.mp4,1174.5,2274.0,854,2031,1495,2517,0.8056825
985,/Volumes/SmithL0/2026/BIOL470/Final/Learning_Rig/bee_0408_3/rev/cam1_2026-04-08_18-42-13.mp4,1171.0,2270.0,848,2032,1494,2508,0.80684596
986,/Volumes/SmithL0/2026/BIOL470/Final/Learning_Rig/bee_0408_3/rev/cam1_2026-04-08_18-42-13.mp4,1170.5,2270.5,847,2034,1494,2507,0.8072957
987,/Volumes/SmithL0/2026/BIOL470/Final/Learning_Rig/bee_0408_3/rev/cam1_2026-04-08_18-42-13.mp4,1174.0,2279.5,853,2043,1495,2516,0.8075929
988,/Volumes/SmithL0/2026/BIOL470/Final/Learning_Rig/bee_0408_3/rev/cam1_2026-04-08_18-42-13.mp4,1174.0,2279.5,853,2042,1495,2517,0.8077387
989,/Volumes/SmithL0/2026/BIOL470/Final/Learning_Rig/bee_0408_3/rev/cam1_2026-04-08_18-42-13.mp4,1174.0,2281.5,854,2045,1494,2518,0.8125586
990,/Volumes/SmithL0/2026/BIOL470/Final/Learning_Rig/bee_0408_3/rev/cam1_2026-04-08_18-42-13.mp4,1174.0,2279.0,853,2041,1495,2517,0.8090049
991,/Volumes/SmithL0/2026/BIOL470/Final/Learning_Rig/bee_0408_3/rev/cam1_2026-04-08_18-42-13.mp4,1174.5,2278.5,853,2041,1496,2516,0.8070128
992,/Volumes/SmithL0/2026/BIOL470/Final/Learning_Rig/bee_0408_3/rev/cam1_2026-04-08_18-42-13.mp4,1170.5,2271.0,846,2033,1495,2509,0.8060932
993,/Volumes/SmithL0/2026/BIOL470/Final/Learning_Rig/bee_0408_3/rev/cam1_2026-04-08_18-42-13.mp4,1170.5,2271.0,846,2031,1495,2511,0.80594945
994,/Volumes/SmithL0/2026/BIOL470/Final/Learning_Rig/bee_0408_3/rev/cam1_2026-04-08_18-42-13.mp4,1174.5,2277.5,853,2037,1496,2518,0.8064696
995,/Volumes/SmithL0/2026/BIOL470/Final/Learning_Rig/bee_0408_3/rev/cam1_2026-04-08_18-42-13.mp4,1170.5,2271.0,847,2032,1494,2510,0.80658954
996,/Volumes/SmithL0/2026/BIOL470/Final/Learning_Rig/bee_0408_3/rev/cam1_2026-04-08_18-42-13.mp4,1170.5,2272.0,847,2032,1494,2512,0.808696
997,/Volumes/SmithL0/2026/BIOL470/Final/Learning_Rig/bee_0408_3/rev/cam1_2026-04-08_18-42-13.mp4,1174.5,2277.5,854,2038,1495,2517,0.80734247
998,/Volumes/SmithL0/2026/BIOL470/Final/Learning_Rig/bee_0408_3/rev/cam1_2026-04-08_18-42-13.mp4,1174.5,2278.0,854,2039,1495,2517,0.8075719
999,/Volumes/SmithL0/2026/BIOL470/Final/Learning_Rig/bee_0408_3/rev/cam1_2026-04-08_18-42-13.mp4,1174.0,2280.0,853,2043,1495,2517,0.8107558
1000,/Volumes/SmithL0/2026/BIOL470/Final/Learning_Rig/bee_0408_3/rev/cam1_2026-04-08_18-42-13.mp4,1174.0,2279.5,853,2041,1495,2518,0.80687445
1001,/Volumes/SmithL0/2026/BIOL470/Final/Learning_Rig/bee_0408_3/rev/cam1_2026-04-08_18-42-13.mp4,1175.0,2280.0,853,2041,1497,2519,0.8065624
1002,/Volumes/SmithL0/2026/BIOL470/Final/Learning_Rig/bee_0408_3/rev/cam1_2026-04-08_18-42-13.mp4,1170.0,2271.0,845,2030,1495,2512,0.804515
1003,/Volumes/SmithL0/2026/BIOL470/Final/Learning_Rig/bee_0408_3/rev/cam1_2026-04-08_18-42-13.mp4,1170.5,2271.5,846,2031,1495,2512,0.8056005
1004,/Volumes/SmithL0/2026/BIOL470/Final/Learning_Rig/bee_0408_3/rev/cam1_2026-04-08_18-42-13.mp4,1174.0,2279.0,853,2042,1495,2516,0.80503726
1005,/Volumes/SmithL0/2026/BIOL470/Final/Learning_Rig/bee_0408_3/rev/cam1_2026-04-08_18-42-13.mp4,1174.0,2278.0,852,2040,1496,2516,0.8034568
1006,/Volumes/SmithL0/2026/BIOL470/Final/Learning_Rig/bee_0408_3/rev/cam1_2026-04-08_18-42-13.mp4,1174.0,2278.0,853,2041,1495,2515,0.8046095
1007,/Volumes/SmithL0/2026/BIOL470/Final/Learning_Rig/bee_0408_3/rev/cam1_2026-04-08_18-42-13.mp4,1174.0,2280.0,852,2042,1496,2518,0.8067095
1008,/Volumes/SmithL0/2026/BIOL470/Final/Learning_Rig/bee_0408_3/rev/cam1_2026-04-08_18-42-13.mp4,1174.5,2280.0,852,2043,1497,2517,0.8063182
1009,/Volumes/SmithL0/2026/BIOL470/Final/Learning_Rig/bee_0408_3/rev/cam1_2026-04-08_18-42-13.mp4,1175.0,2279.0,852,2042,1498,2516,0.8028999
1010,/Volumes/SmithL0/2026/BIOL470/Final/Learning_Rig/bee_0408_3/rev/cam1_2026-04-08_18-42-13.mp4,1173.0,2277.5,850,2040,1496,2515,0.8025773
1011,/Volumes/SmithL0/2026/BIOL470/Final/Learning_Rig/bee_0408_3/rev/cam1_2026-04-08_18-42-13.mp4,1182.0,2257.5,848,2003,1516,2512,0.7970981
1012,/Volumes/SmithL0/2026/BIOL470/Final/Learning_Rig/bee_0408_3/rev/cam1_2026-04-08_18-42-13.mp4,1125.0,2258.5,804,2023,1446,2494,0.81481606
1013,/Volumes/SmithL0/2026/BIOL470/Final/Learning_Rig/bee_0408_3/rev/cam1_2026-04-08_18-42-13.mp4,1123.5,2272.0,793,2033,1454,2511,0.82685363
1014,/Volumes/SmithL0/2026/BIOL470/Final/Learning_Rig/bee_0408_3/rev/cam1_2026-04-08_18-42-13.mp4,1171.5,2277.5,813,2024,1530,2531,0.8056194
1015,/Volumes/SmithL0/2026/BIOL470/Final/Learning_Rig/bee_0408_3/rev/cam1_2026-04-08_18-42-13.mp4,1134.5,2270.5,796,2032,1473,2509,0.81550604
1016,/Volumes/SmithL0/2026/BIOL470/Final/Learning_Rig/bee_0408_3/rev/cam1_2026-04-08_18-42-13.mp4,1121.0,2266.5,793,2024,1449,2509,0.8145347
1017,/Volumes/SmithL0/2026/BIOL470/Final/Learning_Rig/bee_0408_3/rev/cam1_2026-04-08_18-42-13.mp4,1121.5,2257.0,793,2011,1450,2503,0.8127404
1018,/Volumes/SmithL0/2026/BIOL470/Final/Learning_Rig/bee_0408_3/rev/cam1_2026-04-08_18-42-13.mp4,1127.0,2250.0,798,1973,1456,2527,0.8286757
1019,/Volumes/SmithL0/2026/BIOL470/Final/Learning_Rig/bee_0408_3/rev/cam1_2026-04-08_18-42-13.mp4,1125.5,2263.0,795,2017,1456,2509,0.82145804
1020,/Volumes/SmithL0/2026/BIOL470/Final/Learning_Rig/bee_0408_3/rev/cam1_2026-04-08_18-42-13.mp4,1134.5,2256.5,796,2007,1473,2506,0.8057235
1021,/Volumes/SmithL0/2026/BIOL470/Final/Learning_Rig/bee_0408_3/rev/cam1_2026-04-08_18-42-13.mp4,1122.5,2267.0,795,2018,1450,2516,0.82590336
1022,/Volumes/SmithL0/2026/BIOL470/Final/Learning_Rig/bee_0408_3/rev/cam1_2026-04-08_18-42-13.mp4,1120.0,2248.0,796,1988,1444,2508,0.81745434
1023,/Volumes/SmithL0/2026/BIOL470/Final/Learning_Rig/bee_0408_3/rev/cam1_2026-04-08_18-42-13.mp4,1103.5,2235.5,802,1951,1405,2520,0.8088516
1024,/Volumes/SmithL0/2026/BIOL470/Final/Learning_Rig/bee_0408_3/rev/cam1_2026-04-08_18-42-13.mp4,1100.0,2228.5,802,1935,1398,2522,0.82015616
1025,/Volumes/SmithL0/2026/BIOL470/Final/Learning_Rig/bee_0408_3/rev/cam1_2026-04-08_18-42-13.mp4,1114.5,2250.5,791,2004,1438,2497,0.81047773
1026,/Volumes/SmithL0/2026/BIOL470/Final/Learning_Rig/bee_0408_3/rev/cam1_2026-04-08_18-42-13.mp4,1078.5,2181.0,806,1849,1351,2513,0.5422736
1027,/Volumes/SmithL0/2026/BIOL470/Final/Learning_Rig/bee_0408_3/rev/cam1_2026-04-08_18-42-13.mp4,1117.0,2250.5,793,2028,1441,2473,0.8086609
1028,/Volumes/SmithL0/2026/BIOL470/Final/Learning_Rig/bee_0408_3/rev/cam1_2026-04-08_18-42-13.mp4,1098.0,2163.5,804,1843,1392,2484,0.716901
1029,/Volumes/SmithL0/2026/BIOL470/Final/Learning_Rig/bee_0408_3/rev/cam1_2026-04-08_18-42-13.mp4,1117.5,2266.0,793,2033,1442,2499,0.81146896
1030,/Volumes/SmithL0/2026/BIOL470/Final/Learning_Rig/bee_0408_3/rev/cam1_2026-04-08_18-42-13.mp4,1112.0,2182.0,805,1855,1419,2509,0.7615472
1031,/Volumes/SmithL0/2026/BIOL470/Final/Learning_Rig/bee_0408_3/rev/cam1_2026-04-08_18-42-13.mp4,1122.5,2226.5,800,1963,1445,2490,0.8126985
1032,/Volumes/SmithL0/2026/BIOL470/Final/Learning_Rig/bee_0408_3/rev/cam1_2026-04-08_18-42-13.mp4,1111.5,2214.0,790,1941,1433,2487,0.8095162
1033,/Volumes/SmithL0/2026/BIOL470/Final/Learning_Rig/bee_0408_3/rev/cam1_2026-04-08_18-42-13.mp4,1116.5,2217.5,784,1943,1449,2492,0.8132013
1034,/Volumes/SmithL0/2026/BIOL470/Final/Learning_Rig/bee_0408_3/rev/cam1_2026-04-08_18-42-13.mp4,1099.5,2186.5,779,1860,1420,2513,0.81048197
1035,/Volumes/SmithL0/2026/BIOL470/Final/Learning_Rig/bee_0408_3/rev/cam1_2026-04-08_18-42-13.mp4,1113.0,2194.0,776,1879,1450,2509,0.82309747
1036,/Volumes/SmithL0/2026/BIOL470/Final/Learning_Rig/bee_0408_3/rev/cam1_2026-04-08_18-42-13.mp4,1104.5,2202.0,776,1895,1433,2509,0.8144418
1037,/Volumes/SmithL0/2026/BIOL470/Final/Learning_Rig/bee_0408_3/rev/cam1_2026-04-08_18-42-13.mp4,1101.5,2200.0,776,1883,1427,2517,0.79197836
1038,/Volumes/SmithL0/2026/BIOL470/Final/Learning_Rig/bee_0408_3/rev/cam1_2026-04-08_18-42-13.mp4,1078.5,2197.0,774,1880,1383,2514,0.7596404
1039,/Volumes/SmithL0/2026/BIOL470/Final/Learning_Rig/bee_0408_3/rev/cam1_2026-04-08_18-42-13.mp4,1043.5,2194.5,793,1877,1294,2512,0.79750705
1040,/Volumes/SmithL0/2026/BIOL470/Final/Learning_Rig/bee_0408_3/rev/cam1_2026-04-08_18-42-13.mp4,1053.5,2114.5,783,1781,1324,2448,0.80241656
1041,/Volumes/SmithL0/2026/BIOL470/Final/Learning_Rig/bee_0408_3/rev/cam1_2026-04-08_18-42-13.mp4,1074.0,2113.0,799,1776,1349,2450,0.7980664
1042,/Volumes/SmithL0/2026/BIOL470/Final/Learning_Rig/bee_0408_3/rev/cam1_2026-04-08_18-42-13.mp4,1071.0,2112.5,798,1776,1344,2449,0.8004078
1043,/Volumes/SmithL0/2026/BIOL470/Final/Learning_Rig/bee_0408_3/rev/cam1_2026-04-08_18-42-13.mp4,1076.0,2104.0,809,1775,1343,2433,0.80438465
1044,/Volumes/SmithL0/2026/BIOL470/Final/Learning_Rig/bee_0408_3/rev/cam1_2026-04-08_18-42-13.mp4,1070.5,2092.0,806,1759,1335,2425,0.80246
1045,/Volumes/SmithL0/2026/BIOL470/Final/Learning_Rig/bee_0408_3/rev/cam1_2026-04-08_18-42-13.mp4,1070.0,2092.0,805,1758,1335,2426,0.79952073
1046,/Volumes/SmithL0/2026/BIOL470/Final/Learning_Rig/bee_0408_3/rev/cam1_2026-04-08_18-42-13.mp4,1081.0,2097.5,809,1767,1353,2428,0.8040639
1047,/Volumes/SmithL0/2026/BIOL470/Final/Learning_Rig/bee_0408_3/rev/cam1_2026-04-08_18-42-13.mp4,1072.0,2098.0,801,1760,1343,2436,0.80462784
1048,/Volumes/SmithL0/2026/BIOL470/Final/Learning_Rig/bee_0408_3/rev/cam1_2026-04-08_18-42-13.mp4,1076.5,2070.5,806,1742,1347,2399,0.8291439
1049,/Volumes/SmithL0/2026/BIOL470/Final/Learning_Rig/bee_0408_3/rev/cam1_2026-04-08_18-42-13.mp4,1075.0,2045.5,798,1736,1352,2355,0.8227008
1050,/Volumes/SmithL0/2026/BIOL470/Final/Learning_Rig/bee_0408_3/rev/cam1_2026-04-08_18-42-13.mp4,1099.5,2025.0,836,1705,1363,2345,0.8194923
1051,/Volumes/SmithL0/2026/BIOL470/Final/Learning_Rig/bee_0408_3/rev/cam1_2026-04-08_18-42-13.mp4,1100.0,2027.0,828,1708,1372,2346,0.8132376
1052,/Volumes/SmithL0/2026/BIOL470/Final/Learning_Rig/bee_0408_3/rev/cam1_2026-04-08_18-42-13.mp4,1088.0,2000.5,812,1679,1364,2322,0.8263383
1053,/Volumes/SmithL0/2026/BIOL470/Final/Learning_Rig/bee_0408_3/rev/cam1_2026-04-08_18-42-13.mp4,1094.5,2002.5,830,1676,1359,2329,0.8319864
1054,/Volumes/SmithL0/2026/BIOL470/Final/Learning_Rig/bee_0408_3/rev/cam1_2026-04-08_18-42-13.mp4,1066.0,2005.5,778,1674,1354,2337,0.8049405
1055,/Volumes/SmithL0/2026/BIOL470/Final/Learning_Rig/bee_0408_3/rev/cam1_2026-04-08_18-42-13.mp4,1079.5,1949.5,795,1661,1364,2238,0.8078278
1056,/Volumes/SmithL0/2026/BIOL470/Final/Learning_Rig/bee_0408_3/rev/cam1_2026-04-08_18-42-13.mp4,1146.0,1940.0,804,1660,1488,2220,0.8056176
1057,/Volumes/SmithL0/2026/BIOL470/Final/Learning_Rig/bee_0408_3/rev/cam1_2026-04-08_18-42-13.mp4,1182.0,1943.5,883,1660,1481,2227,0.81041217
1058,/Volumes/SmithL0/2026/BIOL470/Final/Learning_Rig/bee_0408_3/rev/cam1_2026-04-08_18-42-13.mp4,1210.0,1951.0,894,1667,1526,2235,0.8194447
1059,/Volumes/SmithL0/2026/BIOL470/Final/Learning_Rig/bee_0408_3/rev/cam1_2026-04-08_18-42-13.mp4,1201.0,1951.5,854,1673,1548,2230,0.80579966
1060,/Volumes/SmithL0/2026/BIOL470/Final/Learning_Rig/bee_0408_3/rev/cam1_2026-04-08_18-42-13.mp4,1197.5,1943.0,845,1666,1550,2220,0.8161808
1061,/Volumes/SmithL0/2026/BIOL470/Final/Learning_Rig/bee_0408_3/rev/cam1_2026-04-08_18-42-13.mp4,1201.0,1932.0,842,1655,1560,2209,0.8180892
1062,/Volumes/SmithL0/2026/BIOL470/Final/Learning_Rig/bee_0408_3/rev/cam1_2026-04-08_18-42-13.mp4,1216.0,1875.0,871,1628,1561,2122,0.80588555
1063,/Volumes/SmithL0/2026/BIOL470/Final/Learning_Rig/bee_0408_3/rev/cam1_2026-04-08_18-42-13.mp4,1219.5,1872.5,877,1623,1562,2122,0.8020128
1064,/Volumes/SmithL0/2026/BIOL470/Final/Learning_Rig/bee_0408_3/rev/cam1_2026-04-08_18-42-13.mp4,1222.0,1892.5,877,1651,1567,2134,0.82563466
1065,/Volumes/SmithL0/2026/BIOL470/Final/Learning_Rig/bee_0408_3/rev/cam1_2026-04-08_18-42-13.mp4,1239.5,1882.5,885,1644,1594,2121,0.78704625
1066,/Volumes/SmithL0/2026/BIOL470/Final/Learning_Rig/bee_0408_3/rev/cam1_2026-04-08_18-42-13.mp4,1247.5,1896.0,905,1649,1590,2143,0.7990178
1067,/Volumes/SmithL0/2026/BIOL470/Final/Learning_Rig/bee_0408_3/rev/cam1_2026-04-08_18-42-13.mp4,1247.5,1895.5,904,1649,1591,2142,0.80024755
1068,/Volumes/SmithL0/2026/BIOL470/Final/Learning_Rig/bee_0408_3/rev/cam1_2026-04-08_18-42-13.mp4,1276.5,1893.5,935,1646,1618,2141,0.8041397
1069,/Volumes/SmithL0/2026/BIOL470/Final/Learning_Rig/bee_0408_3/rev/cam1_2026-04-08_18-42-13.mp4,1284.5,1895.0,940,1647,1629,2143,0.8038384
1070,/Volumes/SmithL0/2026/BIOL470/Final/Learning_Rig/bee_0408_3/rev/cam1_2026-04-08_18-42-13.mp4,1293.0,1883.5,941,1636,1645,2131,0.8079462
1071,/Volumes/SmithL0/2026/BIOL470/Final/Learning_Rig/bee_0408_3/rev/cam1_2026-04-08_18-42-13.mp4,1300.5,1883.5,951,1632,1650,2135,0.8147631
1072,/Volumes/SmithL0/2026/BIOL470/Final/Learning_Rig/bee_0408_3/rev/cam1_2026-04-08_18-42-13.mp4,1305.0,1872.5,957,1602,1653,2143,0.8285396
1073,/Volumes/SmithL0/2026/BIOL470/Final/Learning_Rig/bee_0408_3/rev/cam1_2026-04-08_18-42-13.mp4,1315.0,1915.5,962,1647,1668,2184,0.8352145
1074,/Volumes/SmithL0/2026/BIOL470/Final/Learning_Rig/bee_0408_3/rev/cam1_2026-04-08_18-42-13.mp4,1351.5,1937.5,1001,1648,1702,2227,0.81241804
1075,/Volumes/SmithL0/2026/BIOL470/Final/Learning_Rig/bee_0408_3/rev/cam1_2026-04-08_18-42-13.mp4,1358.5,1926.5,1017,1621,1700,2232,0.8061633
1076,/Volumes/SmithL0/2026/BIOL470/Final/Learning_Rig/bee_0408_3/rev/cam1_2026-04-08_18-42-13.mp4,1358.0,1926.5,1010,1618,1706,2235,0.80837667
1077,/Volumes/SmithL0/2026/BIOL470/Final/Learning_Rig/bee_0408_3/rev/cam1_2026-04-08_18-42-13.mp4,1369.0,1944.0,1043,1660,1695,2228,0.8059912
1078,/Volumes/SmithL0/2026/BIOL470/Final/Learning_Rig/bee_0408_3/rev/cam1_2026-04-08_18-42-13.mp4,1387.5,1955.0,1069,1650,1706,2260,0.81726336
1079,/Volumes/SmithL0/2026/BIOL470/Final/Learning_Rig/bee_0408_3/rev/cam1_2026-04-08_18-42-13.mp4,1395.0,1957.5,1088,1632,1702,2283,0.83003175
1080,/Volumes/SmithL0/2026/BIOL470/Final/Learning_Rig/bee_0408_3/rev/cam1_2026-04-08_18-42-13.mp4,1359.0,1974.0,1066,1630,1652,2318,0.8090845
1081,/Volumes/SmithL0/2026/BIOL470/Final/Learning_Rig/bee_0408_3/rev/cam1_2026-04-08_18-42-13.mp4,1360.0,1985.5,1088,1641,1632,2330,0.8192597
1082,/Volumes/SmithL0/2026/BIOL470/Final/Learning_Rig/bee_0408_3/rev/cam1_2026-04-08_18-42-13.mp4,1428.0,1998.5,1080,1652,1776,2345,0.81967425
1083,/Volumes/SmithL0/2026/BIOL470/Final/Learning_Rig/bee_0408_3/rev/cam1_2026-04-08_18-42-13.mp4,1462.5,2007.5,1157,1670,1768,2345,0.82926387
1084,/Volumes/SmithL0/2026/BIOL470/Final/Learning_Rig/bee_0408_3/rev/cam1_2026-04-08_18-42-13.mp4,1459.5,2008.0,1140,1672,1779,2344,0.8301134
1085,/Volumes/SmithL0/2026/BIOL470/Final/Learning_Rig/bee_0408_3/rev/cam1_2026-04-08_18-42-13.mp4,1434.0,2012.0,1106,1666,1762,2358,0.82856876
1086,/Volumes/SmithL0/2026/BIOL470/Final/Learning_Rig/bee_0408_3/rev/cam1_2026-04-08_18-42-13.mp4,1453.0,2018.5,1161,1668,1745,2369,0.82789797
1087,/Volumes/SmithL0/2026/BIOL470/Final/Learning_Rig/bee_0408_3/rev/cam1_2026-04-08_18-42-13.mp4,1441.0,2041.0,1165,1686,1717,2396,0.8466945
1088,/Volumes/SmithL0/2026/BIOL470/Final/Learning_Rig/bee_0408_3/rev/cam1_2026-04-08_18-42-13.mp4,1412.0,2094.0,1133,1754,1691,2434,0.8503343
1089,/Volumes/SmithL0/2026/BIOL470/Final/Learning_Rig/bee_0408_3/rev/cam1_2026-04-08_18-42-13.mp4,1410.0,2094.5,1132,1755,1688,2434,0.8444451
1090,/Volumes/SmithL0/2026/BIOL470/Final/Learning_Rig/bee_0408_3/rev/cam1_2026-04-08_18-42-13.mp4,1407.0,2098.5,1120,1772,1694,2425,0.82431686
1091,/Volumes/SmithL0/2026/BIOL470/Final/Learning_Rig/bee_0408_3/rev/cam1_2026-04-08_18-42-13.mp4,1410.0,2109.0,1119,1773,1701,2445,0.8152511
1092,/Volumes/SmithL0/2026/BIOL470/Final/Learning_Rig/bee_0408_3/rev/cam1_2026-04-08_18-42-13.mp4,1402.0,2113.0,1116,1774,1688,2452,0.84008706
1093,/Volumes/SmithL0/2026/BIOL470/Final/Learning_Rig/bee_0408_3/rev/cam1_2026-04-08_18-42-13.mp4,1390.0,2118.0,1120,1775,1660,2461,0.8485513
1094,/Volumes/SmithL0/2026/BIOL470/Final/Learning_Rig/bee_0408_3/rev/cam1_2026-04-08_18-42-13.mp4,1403.0,2151.5,1149,1793,1657,2510,0.86063576
1095,/Volumes/SmithL0/2026/BIOL470/Final/Learning_Rig/bee_0408_3/rev/cam1_2026-04-08_18-42-13.mp4,1408.5,2146.5,1143,1784,1674,2509,0.86819756
1096,/Volumes/SmithL0/2026/BIOL470/Final/Learning_Rig/bee_0408_3/rev/cam1_2026-04-08_18-42-13.mp4,1408.5,2164.0,1140,1806,1677,2522,0.8541834
1097,/Volumes/SmithL0/2026/BIOL470/Final/Learning_Rig/bee_0408_3/rev/cam1_2026-04-08_18-42-13.mp4,1403.5,2165.5,1144,1812,1663,2519,0.8564151
1098,/Volumes/SmithL0/2026/BIOL470/Final/Learning_Rig/bee_0408_3/rev/cam1_2026-04-08_18-42-13.mp4,1387.0,2173.5,1125,1808,1649,2539,0.84025174
1099,/Volumes/SmithL0/2026/BIOL470/Final/Learning_Rig/bee_0408_3/rev/cam1_2026-04-08_18-42-13.mp4,1376.5,2181.0,1109,1838,1644,2524,0.83810407
1100,/Volumes/SmithL0/2026/BIOL470/Final/Learning_Rig/bee_0408_3/rev/cam1_2026-04-08_18-42-13.mp4,1411.0,2138.5,1087,1845,1735,2432,0.82194155
1101,/Volumes/SmithL0/2026/BIOL470/Final/Learning_Rig/bee_0408_3/rev/cam1_2026-04-08_18-42-13.mp4,1418.0,2151.0,1082,1895,1754,2407,0.82540417
1102,/Volumes/SmithL0/2026/BIOL470/Final/Learning_Rig/bee_0408_3/rev/cam1_2026-04-08_18-42-13.mp4,1418.5,2140.0,1079,1887,1758,2393,0.8326514
1103,/Volumes/SmithL0/2026/BIOL470/Final/Learning_Rig/bee_0408_3/rev/cam1_2026-04-08_18-42-13.mp4,1420.0,2146.5,1079,1909,1761,2384,0.835863
1104,/Volumes/SmithL0/2026/BIOL470/Final/Learning_Rig/bee_0408_3/rev/cam1_2026-04-08_18-42-13.mp4,1425.5,2145.5,1081,1900,1770,2391,0.83495444
1105,/Volumes/SmithL0/2026/BIOL470/Final/Learning_Rig/bee_0408_3/rev/cam1_2026-04-08_18-42-13.mp4,1440.5,2148.5,1102,1903,1779,2394,0.8269388
1106,/Volumes/SmithL0/2026/BIOL470/Final/Learning_Rig/bee_0408_3/rev/cam1_2026-04-08_18-42-13.mp4,1461.5,2147.5,1143,1878,1780,2417,0.8123551
1107,/Volumes/SmithL0/2026/BIOL470/Final/Learning_Rig/bee_0408_3/rev/cam1_2026-04-08_18-42-13.mp4,1461.0,2138.0,1151,1864,1771,2412,0.8202905
1108,/Volumes/SmithL0/2026/BIOL470/Final/Learning_Rig/bee_0408_3/rev/cam1_2026-04-08_18-42-13.mp4,1465.5,2105.0,1169,1800,1762,2410,0.8423039
1109,/Volumes/SmithL0/2026/BIOL470/Final/Learning_Rig/bee_0408_3/rev/cam1_2026-04-08_18-42-13.mp4,1459.0,2090.0,1165,1773,1753,2407,0.83668566
1110,/Volumes/SmithL0/2026/BIOL470/Final/Learning_Rig/bee_0408_3/rev/cam1_2026-04-08_18-42-13.mp4,1451.5,2109.5,1211,1780,1692,2439,0.82210773
1111,/Volumes/SmithL0/2026/BIOL470/Final/Learning_Rig/bee_0408_3/rev/cam1_2026-04-08_18-42-13.mp4,1447.0,2089.5,1209,1775,1685,2404,0.80660486
1112,/Volumes/SmithL0/2026/BIOL470/Final/Learning_Rig/bee_0408_3/rev/cam1_2026-04-08_18-42-13.mp4,1438.0,2085.0,1204,1774,1672,2396,0.81024045
1113,/Volumes/SmithL0/2026/BIOL470/Final/Learning_Rig/bee_0408_3/rev/cam1_2026-04-08_18-42-13.mp4,1442.5,2080.5,1178,1763,1707,2398,0.83675843
1114,/Volumes/SmithL0/2026/BIOL470/Final/Learning_Rig/bee_0408_3/rev/cam1_2026-04-08_18-42-13.mp4,1454.5,2078.5,1168,1765,1741,2392,0.84749985
1115,/Volumes/SmithL0/2026/BIOL470/Final/Learning_Rig/bee_0408_3/rev/cam1_2026-04-08_18-42-13.mp4,1437.0,2073.5,1127,1759,1747,2388,0.860821
1116,/Volumes/SmithL0/2026/BIOL470/Final/Learning_Rig/bee_0408_3/rev/cam1_2026-04-08_18-42-13.mp4,1444.0,2076.5,1132,1769,1756,2384,0.85901684
1117,/Volumes/SmithL0/2026/BIOL470/Final/Learning_Rig/bee_0408_3/rev/cam1_2026-04-08_18-42-13.mp4,1438.0,2077.0,1122,1773,1754,2381,0.8541333
1118,/Volumes/SmithL0/2026/BIOL470/Final/Learning_Rig/bee_0408_3/rev/cam1_2026-04-08_18-42-13.mp4,1416.0,2088.0,1086,1774,1746,2402,0.8338097
1119,/Volumes/SmithL0/2026/BIOL470/Final/Learning_Rig/bee_0408_3/rev/cam1_2026-04-08_18-42-13.mp4,1423.0,2128.0,1089,1852,1757,2404,0.8388518
1120,/Volumes/SmithL0/2026/BIOL470/Final/Learning_Rig/bee_0408_3/rev/cam1_2026-04-08_18-42-13.mp4,1419.5,2128.5,1079,1862,1760,2395,0.835995
1121,/Volumes/SmithL0/2026/BIOL470/Final/Learning_Rig/bee_0408_3/rev/cam1_2026-04-08_18-42-13.mp4,1419.0,2137.5,1081,1863,1757,2412,0.8359905
1122,/Volumes/SmithL0/2026/BIOL470/Final/Learning_Rig/bee_0408_3/rev/cam1_2026-04-08_18-42-13.mp4,1422.0,2131.5,1084,1851,1760,2412,0.82378453
1123,/Volumes/SmithL0/2026/BIOL470/Final/Learning_Rig/bee_0408_3/rev/cam1_2026-04-08_18-42-13.mp4,1423.0,2132.5,1080,1856,1766,2409,0.8331636
1124,/Volumes/SmithL0/2026/BIOL470/Final/Learning_Rig/bee_0408_3/rev/cam1_2026-04-08_18-42-13.mp4,1421.0,2119.0,1078,1860,1764,2378,0.8292846
1125,/Volumes/SmithL0/2026/BIOL470/Final/Learning_Rig/bee_0408_3/rev/cam1_2026-04-08_18-42-13.mp4,1381.0,2100.0,1053,1857,1709,2343,0.8245225
1126,/Volumes/SmithL0/2026/BIOL470/Final/Learning_Rig/bee_0408_3/rev/cam1_2026-04-08_18-42-13.mp4,1385.0,2094.0,1051,1855,1719,2333,0.8240957
1127,/Volumes/SmithL0/2026/BIOL470/Final/Learning_Rig/bee_0408_3/rev/cam1_2026-04-08_18-42-13.mp4,1378.0,2091.0,1049,1849,1707,2333,0.8199484
1128,/Volumes/SmithL0/2026/BIOL470/Final/Learning_Rig/bee_0408_3/rev/cam1_2026-04-08_18-42-13.mp4,1375.5,2090.0,1049,1846,1702,2334,0.81541455
1129,/Volumes/SmithL0/2026/BIOL470/Final/Learning_Rig/bee_0408_3/rev/cam1_2026-04-08_18-42-13.mp4,1374.5,2072.0,1048,1818,1701,2326,0.7994811
1130,/Volumes/SmithL0/2026/BIOL470/Final/Learning_Rig/bee_0408_3/rev/cam1_2026-04-08_18-42-13.mp4,1360.5,2043.5,1035,1764,1686,2323,0.769111
1131,/Volumes/SmithL0/2026/BIOL470/Final/Learning_Rig/bee_0408_3/rev/cam1_2026-04-08_18-42-13.mp4,1355.0,2052.5,1028,1787,1682,2318,0.80253756
1132,/Volumes/SmithL0/2026/BIOL470/Final/Learning_Rig/bee_0408_3/rev/cam1_2026-04-08_18-42-13.mp4,1322.5,2059.5,988,1772,1657,2347,0.84236234
1133,/Volumes/SmithL0/2026/BIOL470/Final/Learning_Rig/bee_0408_3/rev/cam1_2026-04-08_18-42-13.mp4,1317.0,2065.5,985,1773,1649,2358,0.83726716
1134,/Volumes/SmithL0/2026/BIOL470/Final/Learning_Rig/bee_0408_3/rev/cam1_2026-04-08_18-42-13.mp4,1317.0,2066.5,984,1771,1650,2362,0.8306164
1135,/Volumes/SmithL0/2026/BIOL470/Final/Learning_Rig/bee_0408_3/rev/cam1_2026-04-08_18-42-13.mp4,1312.5,2090.0,982,1822,1643,2358,0.8225926
1136,/Volumes/SmithL0/2026/BIOL470/Final/Learning_Rig/bee_0408_3/rev/cam1_2026-04-08_18-42-13.mp4,1310.0,2089.5,994,1832,1626,2347,0.8303798
1137,/Volumes/SmithL0/2026/BIOL470/Final/Learning_Rig/bee_0408_3/rev/cam1_2026-04-08_18-42-13.mp4,1333.0,2090.5,1032,1813,1634,2368,0.8241682
1138,/Volumes/SmithL0/2026/BIOL470/Final/Learning_Rig/bee_0408_3/rev/cam1_2026-04-08_18-42-13.mp4,1362.5,2081.5,1062,1760,1663,2403,0.80509853
1139,/Volumes/SmithL0/2026/BIOL470/Final/Learning_Rig/bee_0408_3/rev/cam1_2026-04-08_18-42-13.mp4,1383.5,2088.5,1107,1762,1660,2415,0.8119912
1140,/Volumes/SmithL0/2026/BIOL470/Final/Learning_Rig/bee_0408_3/rev/cam1_2026-04-08_18-42-13.mp4,1386.0,2090.5,1114,1773,1658,2408,0.80717397
1141,/Volumes/SmithL0/2026/BIOL470/Final/Learning_Rig/bee_0408_3/rev/cam1_2026-04-08_18-42-13.mp4,1381.5,2091.0,1108,1774,1655,2408,0.8132698
1142,/Volumes/SmithL0/2026/BIOL470/Final/Learning_Rig/bee_0408_3/rev/cam1_2026-04-08_18-42-13.mp4,1370.5,2093.5,1040,1774,1701,2413,0.8080751
1143,/Volumes/SmithL0/2026/BIOL470/Final/Learning_Rig/bee_0408_3/rev/cam1_2026-04-08_18-42-13.mp4,1369.5,2107.0,1092,1786,1647,2428,0.8221774
1144,/Volumes/SmithL0/2026/BIOL470/Final/Learning_Rig/bee_0408_3/rev/cam1_2026-04-08_18-42-13.mp4,1391.0,2165.5,1086,1832,1696,2499,0.8259232
1145,/Volumes/SmithL0/2026/BIOL470/Final/Learning_Rig/bee_0408_3/rev/cam1_2026-04-08_18-42-13.mp4,1428.0,2185.0,1108,1842,1748,2528,0.8286969
1146,/Volumes/SmithL0/2026/BIOL470/Final/Learning_Rig/bee_0408_3/rev/cam1_2026-04-08_18-42-13.mp4,1418.5,2189.0,1094,1850,1743,2528,0.8227167
1147,/Volumes/SmithL0/2026/BIOL470/Final/Learning_Rig/bee_0408_3/rev/cam1_2026-04-08_18-42-13.mp4,1409.5,2195.5,1076,1861,1743,2530,0.82531077
1148,/Volumes/SmithL0/2026/BIOL470/Final/Learning_Rig/bee_0408_3/rev/cam1_2026-04-08_18-42-13.mp4,1386.5,2196.0,1048,1858,1725,2534,0.83113366
1149,/Volumes/SmithL0/2026/BIOL470/Final/Learning_Rig/bee_0408_3/rev/cam1_2026-04-08_18-42-13.mp4,1374.0,2198.5,1035,1861,1713,2536,0.8240159
1150,/Volumes/SmithL0/2026/BIOL470/Final/Learning_Rig/bee_0408_3/rev/cam1_2026-04-08_18-42-13.mp4,1379.5,2203.0,1079,1870,1680,2536,0.8027943
1151,/Volumes/SmithL0/2026/BIOL470/Final/Learning_Rig/bee_0408_3/rev/cam1_2026-04-08_18-42-13.mp4,1377.0,2200.0,1087,1866,1667,2534,0.80919755
1152,/Volumes/SmithL0/2026/BIOL470/Final/Learning_Rig/bee_0408_3/rev/cam1_2026-04-08_18-42-13.mp4,1395.0,2201.5,1106,1867,1684,2536,0.8128845
1153,/Volumes/SmithL0/2026/BIOL470/Final/Learning_Rig/bee_0408_3/rev/cam1_2026-04-08_18-42-13.mp4,1403.0,2202.5,1115,1868,1691,2537,0.81204164
1154,/Volumes/SmithL0/2026/BIOL470/Final/Learning_Rig/bee_0408_3/rev/cam1_2026-04-08_18-42-13.mp4,1408.0,2205.0,1121,1874,1695,2536,0.8121025
1155,/Volumes/SmithL0/2026/BIOL470/Final/Learning_Rig/bee_0408_3/rev/cam1_2026-04-08_18-42-13.mp4,1418.0,2210.0,1116,1886,1720,2534,0.81412745
1156,/Volumes/SmithL0/2026/BIOL470/Final/Learning_Rig/bee_0408_3/rev/cam1_2026-04-08_18-42-13.mp4,1391.5,2204.5,1114,1876,1669,2533,0.8470227
1157,/Volumes/SmithL0/2026/BIOL470/Final/Learning_Rig/bee_0408_3/rev/cam1_2026-04-08_18-42-13.mp4,1386.5,2203.0,1107,1870,1666,2536,0.8348383
1158,/Volumes/SmithL0/2026/BIOL470/Final/Learning_Rig/bee_0408_3/rev/cam1_2026-04-08_18-42-13.mp4,1373.5,2202.5,1094,1872,1653,2533,0.83060277
1159,/Volumes/SmithL0/2026/BIOL470/Final/Learning_Rig/bee_0408_3/rev/cam1_2026-04-08_18-42-13.mp4,1376.0,2204.0,1090,1872,1662,2536,0.82650393
1160,/Volumes/SmithL0/2026/BIOL470/Final/Learning_Rig/bee_0408_3/rev/cam1_2026-04-08_18-42-13.mp4,1402.5,2200.0,1086,1870,1719,2530,0.82703227
1161,/Volumes/SmithL0/2026/BIOL470/Final/Learning_Rig/bee_0408_3/rev/cam1_2026-04-08_18-42-13.mp4,1425.5,2199.0,1084,1867,1767,2531,0.8632899
1162,/Volumes/SmithL0/2026/BIOL470/Final/Learning_Rig/bee_0408_3/rev/cam1_2026-04-08_18-42-13.mp4,1419.5,2199.5,1076,1867,1763,2532,0.8521105
1163,/Volumes/SmithL0/2026/BIOL470/Final/Learning_Rig/bee_0408_3/rev/cam1_2026-04-08_18-42-13.mp4,1420.5,2214.0,1076,1882,1765,2546,0.8468336
1164,/Volumes/SmithL0/2026/BIOL470/Final/Learning_Rig/bee_0408_3/rev/cam1_2026-04-08_18-42-13.mp4,1420.5,2229.5,1077,1912,1764,2547,0.8390639
1165,/Volumes/SmithL0/2026/BIOL470/Final/Learning_Rig/bee_0408_3/rev/cam1_2026-04-08_18-42-13.mp4,1416.5,2215.5,1075,1888,1758,2543,0.8247585
1166,/Volumes/SmithL0/2026/BIOL470/Final/Learning_Rig/bee_0408_3/rev/cam1_2026-04-08_18-42-13.mp4,1408.5,2214.5,1073,1897,1744,2532,0.8150128
1167,/Volumes/SmithL0/2026/BIOL470/Final/Learning_Rig/bee_0408_3/rev/cam1_2026-04-08_18-42-13.mp4,1407.0,2208.5,1069,1886,1745,2531,0.8152114
1168,/Volumes/SmithL0/2026/BIOL470/Final/Learning_Rig/bee_0408_3/rev/cam1_2026-04-08_18-42-13.mp4,1395.0,2198.0,1135,1877,1655,2519,0.81705093
1169,/Volumes/SmithL0/2026/BIOL470/Final/Learning_Rig/bee_0408_3/rev/cam1_2026-04-08_18-42-13.mp4,1449.0,2196.0,1149,1859,1749,2533,0.8080603
1170,/Volumes/SmithL0/2026/BIOL470/Final/Learning_Rig/bee_0408_3/rev/cam1_2026-04-08_18-42-13.mp4,1423.5,2198.0,1138,1866,1709,2530,0.81522363
1171,/Volumes/SmithL0/2026/BIOL470/Final/Learning_Rig/bee_0408_3/rev/cam1_2026-04-08_18-42-13.mp4,1430.0,2197.0,1139,1862,1721,2532,0.8084502
1172,/Volumes/SmithL0/2026/BIOL470/Final/Learning_Rig/bee_0408_3/rev/cam1_2026-04-08_18-42-13.mp4,1418.0,2197.0,1132,1863,1704,2531,0.80753076
1173,/Volumes/SmithL0/2026/BIOL470/Final/Learning_Rig/bee_0408_3/rev/cam1_2026-04-08_18-42-13.mp4,1372.0,2197.5,1128,1862,1616,2533,0.8102643
1174,/Volumes/SmithL0/2026/BIOL470/Final/Learning_Rig/bee_0408_3/rev/cam1_2026-04-08_18-42-13.mp4,1397.0,2196.0,1128,1849,1666,2543,0.80927837
1175,/Volumes/SmithL0/2026/BIOL470/Final/Learning_Rig/bee_0408_3/rev/cam1_2026-04-08_18-42-13.mp4,1452.0,2294.0,1119,2055,1785,2533,0.5548395
1176,/Volumes/SmithL0/2026/BIOL470/Final/Learning_Rig/bee_0408_3/rev/cam1_2026-04-08_18-42-13.mp4,1441.5,2197.5,1131,1860,1752,2535,0.8261518
1177,/Volumes/SmithL0/2026/BIOL470/Final/Learning_Rig/bee_0408_3/rev/cam1_2026-04-08_18-42-13.mp4,1442.0,2198.0,1110,1870,1774,2526,0.8240543
1178,/Volumes/SmithL0/2026/BIOL470/Final/Learning_Rig/bee_0408_3/rev/cam1_2026-04-08_18-42-13.mp4,1432.5,2198.0,1093,1872,1772,2524,0.8323687
1179,/Volumes/SmithL0/2026/BIOL470/Final/Learning_Rig/bee_0408_3/rev/cam1_2026-04-08_18-42-13.mp4,1430.0,2198.0,1086,1872,1774,2524,0.82634914
1180,/Volumes/SmithL0/2026/BIOL470/Final/Learning_Rig/bee_0408_3/rev/cam1_2026-04-08_18-42-13.mp4,1433.5,2246.5,1082,1961,1785,2532,0.84016556
1181,/Volumes/SmithL0/2026/BIOL470/Final/Learning_Rig/bee_0408_3/rev/cam1_2026-04-08_18-42-13.mp4,1432.5,2247.5,1081,1960,1784,2535,0.83124065
1182,/Volumes/SmithL0/2026/BIOL470/Final/Learning_Rig/bee_0408_3/rev/cam1_2026-04-08_18-42-13.mp4,1431.5,2197.0,1082,1957,1781,2437,0.8289772
1183,/Volumes/SmithL0/2026/BIOL470/Final/Learning_Rig/bee_0408_3/rev/cam1_2026-04-08_18-42-13.mp4,1424.0,2190.0,1082,1956,1766,2424,0.84367204
1184,/Volumes/SmithL0/2026/BIOL470/Final/Learning_Rig/bee_0408_3/rev/cam1_2026-04-08_18-42-13.mp4,1421.0,2164.0,1079,1874,1763,2454,0.8319527
1185,/Volumes/SmithL0/2026/BIOL470/Final/Learning_Rig/bee_0408_3/rev/cam1_2026-04-08_18-42-13.mp4,1421.0,2184.5,1077,1885,1765,2484,0.79725343
1186,/Volumes/SmithL0/2026/BIOL470/Final/Learning_Rig/bee_0408_3/rev/cam1_2026-04-08_18-42-13.mp4,1423.0,2150.5,1085,1873,1761,2428,0.8176688
1187,/Volumes/SmithL0/2026/BIOL470/Final/Learning_Rig/bee_0408_3/rev/cam1_2026-04-08_18-42-13.mp4,1430.0,2142.5,1106,1866,1754,2419,0.85063374
1188,/Volumes/SmithL0/2026/BIOL470/Final/Learning_Rig/bee_0408_3/rev/cam1_2026-04-08_18-42-13.mp4,1420.5,2144.0,1103,1852,1738,2436,0.83241236
1189,/Volumes/SmithL0/2026/BIOL470/Final/Learning_Rig/bee_0408_3/rev/cam1_2026-04-08_18-42-13.mp4,1407.5,2156.0,1096,1862,1719,2450,0.8344446
1190,/Volumes/SmithL0/2026/BIOL470/Final/Learning_Rig/bee_0408_3/rev/cam1_2026-04-08_18-42-13.mp4,1406.5,2155.0,1106,1863,1707,2447,0.8384207
1191,/Volumes/SmithL0/2026/BIOL470/Final/Learning_Rig/bee_0408_3/rev/cam1_2026-04-08_18-42-13.mp4,1416.0,2152.0,1123,1866,1709,2438,0.84105325
1192,/Volumes/SmithL0/2026/BIOL470/Final/Learning_Rig/bee_0408_3/rev/cam1_2026-04-08_18-42-13.mp4,1424.0,2148.5,1133,1861,1715,2436,0.8397637
1193,/Volumes/SmithL0/2026/BIOL470/Final/Learning_Rig/bee_0408_3/rev/cam1_2026-04-08_18-42-13.mp4,1401.0,2141.5,1132,1831,1670,2452,0.8369524
1194,/Volumes/SmithL0/2026/BIOL470/Final/Learning_Rig/bee_0408_3/rev/cam1_2026-04-08_18-42-13.mp4,1390.0,2123.0,1140,1791,1640,2455,0.8508718
1195,/Volumes/SmithL0/2026/BIOL470/Final/Learning_Rig/bee_0408_3/rev/cam1_2026-04-08_18-42-13.mp4,1389.5,2112.0,1139,1784,1640,2440,0.83988637
1196,/Volumes/SmithL0/2026/BIOL470/Final/Learning_Rig/bee_0408_3/rev/cam1_2026-04-08_18-42-13.mp4,1392.5,2105.5,1140,1778,1645,2433,0.84498894
1197,/Volumes/SmithL0/2026/BIOL470/Final/Learning_Rig/bee_0408_3/rev/cam1_2026-04-08_18-42-13.mp4,1392.0,2103.5,1140,1778,1644,2429,0.84550667
1198,/Volumes/SmithL0/2026/BIOL470/Final/Learning_Rig/bee_0408_3/rev/cam1_2026-04-08_18-42-13.mp4,1375.5,2033.5,1067,1700,1684,2367,0.78960806
1199,/Volumes/SmithL0/2026/BIOL470/Final/Learning_Rig/bee_0408_3/rev/cam1_2026-04-08_18-42-13.mp4,1337.0,2010.5,1098,1676,1576,2345,0.7961439
1200,/Volumes/SmithL0/2026/BIOL470/Final/Learning_Rig/bee_0408_3/rev/cam1_2026-04-08_18-42-13.mp4,1343.0,2009.5,1102,1675,1584,2344,0.8199851
1201,/Volumes/SmithL0/2026/BIOL470/Final/Learning_Rig/bee_0408_3/rev/cam1_2026-04-08_18-42-13.mp4,1357.0,2009.5,1102,1674,1612,2345,0.82675797
1202,/Volumes/SmithL0/2026/BIOL470/Final/Learning_Rig/bee_0408_3/rev/cam1_2026-04-08_18-42-13.mp4,1367.0,2004.0,1100,1673,1634,2335,0.81269634
1203,/Volumes/SmithL0/2026/BIOL470/Final/Learning_Rig/bee_0408_3/rev/cam1_2026-04-08_18-42-13.mp4,1384.5,2001.0,1086,1665,1683,2337,0.80777746
1204,/Volumes/SmithL0/2026/BIOL470/Final/Learning_Rig/bee_0408_3/rev/cam1_2026-04-08_18-42-13.mp4,1365.0,1996.0,1081,1657,1649,2335,0.8019821
1205,/Volumes/SmithL0/2026/BIOL470/Final/Learning_Rig/bee_0408_3/rev/cam1_2026-04-08_18-42-13.mp4,1339.0,1976.0,1043,1646,1635,2306,0.86288536
1206,/Volumes/SmithL0/2026/BIOL470/Final/Learning_Rig/bee_0408_3/rev/cam1_2026-04-08_18-42-13.mp4,1319.0,1975.5,998,1644,1640,2307,0.88024676
1207,/Volumes/SmithL0/2026/BIOL470/Final/Learning_Rig/bee_0408_3/rev/cam1_2026-04-08_18-42-13.mp4,1300.5,1980.0,989,1643,1612,2317,0.8785021
1208,/Volumes/SmithL0/2026/BIOL470/Final/Learning_Rig/bee_0408_3/rev/cam1_2026-04-08_18-42-13.mp4,1293.5,1980.0,978,1644,1609,2316,0.865289
1209,/Volumes/SmithL0/2026/BIOL470/Final/Learning_Rig/bee_0408_3/rev/cam1_2026-04-08_18-42-13.mp4,1283.5,1988.5,959,1646,1608,2331,0.83401114
1210,/Volumes/SmithL0/2026/BIOL470/Final/Learning_Rig/bee_0408_3/rev/cam1_2026-04-08_18-42-13.mp4,1280.5,1935.5,959,1633,1602,2238,0.80212176
1211,/Volumes/SmithL0/2026/BIOL470/Final/Learning_Rig/bee_0408_3/rev/cam1_2026-04-08_18-42-13.mp4,1268.5,1915.0,941,1615,1596,2215,0.8071386
1212,/Volumes/SmithL0/2026/BIOL470/Final/Learning_Rig/bee_0408_3/rev/cam1_2026-04-08_18-42-13.mp4,1252.0,1923.0,903,1610,1601,2236,0.81420535
1213,/Volumes/SmithL0/2026/BIOL470/Final/Learning_Rig/bee_0408_3/rev/cam1_2026-04-08_18-42-13.mp4,1249.5,1921.0,921,1628,1578,2214,0.8173412
1214,/Volumes/SmithL0/2026/BIOL470/Final/Learning_Rig/bee_0408_3/rev/cam1_2026-04-08_18-42-13.mp4,1233.5,1919.0,902,1629,1565,2209,0.84017
1215,/Volumes/SmithL0/2026/BIOL470/Final/Learning_Rig/bee_0408_3/rev/cam1_2026-04-08_18-42-13.mp4,1223.5,1910.0,884,1635,1563,2185,0.8395242
1216,/Volumes/SmithL0/2026/BIOL470/Final/Learning_Rig/bee_0408_3/rev/cam1_2026-04-08_18-42-13.mp4,1219.5,1892.5,883,1633,1556,2152,0.8284384
1217,/Volumes/SmithL0/2026/BIOL470/Final/Learning_Rig/bee_0408_3/rev/cam1_2026-04-08_18-42-13.mp4,1220.0,1885.0,883,1619,1557,2151,0.82734334
1218,/Volumes/SmithL0/2026/BIOL470/Final/Learning_Rig/bee_0408_3/rev/cam1_2026-04-08_18-42-13.mp4,1216.5,1904.5,878,1655,1555,2154,0.80048203
1219,/Volumes/SmithL0/2026/BIOL470/Final/Learning_Rig/bee_0408_3/rev/cam1_2026-04-08_18-42-13.mp4,1205.0,1909.0,863,1647,1547,2171,0.81854147
1220,/Volumes/SmithL0/2026/BIOL470/Final/Learning_Rig/bee_0408_3/rev/cam1_2026-04-08_18-42-13.mp4,1208.0,1909.5,860,1627,1556,2192,0.82738775
1221,/Volumes/SmithL0/2026/BIOL470/Final/Learning_Rig/bee_0408_3/rev/cam1_2026-04-08_18-42-13.mp4,1197.5,1912.5,854,1608,1541,2217,0.8335317
1222,/Volumes/SmithL0/2026/BIOL470/Final/Learning_Rig/bee_0408_3/rev/cam1_2026-04-08_18-42-13.mp4,1214.5,1920.5,883,1604,1546,2237,0.8426717
1223,/Volumes/SmithL0/2026/BIOL470/Final/Learning_Rig/bee_0408_3/rev/cam1_2026-04-08_18-42-13.mp4,1221.5,1930.0,897,1619,1546,2241,0.8471224
1224,/Volumes/SmithL0/2026/BIOL470/Final/Learning_Rig/bee_0408_3/rev/cam1_2026-04-08_18-42-13.mp4,1216.0,1943.0,878,1640,1554,2246,0.8364289
1225,/Volumes/SmithL0/2026/BIOL470/Final/Learning_Rig/bee_0408_3/rev/cam1_2026-04-08_18-42-13.mp4,1227.5,1972.0,909,1642,1546,2302,0.8441029
1226,/Volumes/SmithL0/2026/BIOL470/Final/Learning_Rig/bee_0408_3/rev/cam1_2026-04-08_18-42-13.mp4,1208.5,1988.5,912,1651,1505,2326,0.8379197
1227,/Volumes/SmithL0/2026/BIOL470/Final/Learning_Rig/bee_0408_3/rev/cam1_2026-04-08_18-42-13.mp4,1234.0,1979.0,950,1650,1518,2308,0.8324385
1228,/Volumes/SmithL0/2026/BIOL470/Final/Learning_Rig/bee_0408_3/rev/cam1_2026-04-08_18-42-13.mp4,1244.0,1980.5,984,1653,1504,2308,0.8288506
1229,/Volumes/SmithL0/2026/BIOL470/Final/Learning_Rig/bee_0408_3/rev/cam1_2026-04-08_18-42-13.mp4,1244.0,1982.0,986,1656,1502,2308,0.82281995
1230,/Volumes/SmithL0/2026/BIOL470/Final/Learning_Rig/bee_0408_3/rev/cam1_2026-04-08_18-42-13.mp4,1266.0,1986.0,983,1666,1549,2306,0.81166893
1231,/Volumes/SmithL0/2026/BIOL470/Final/Learning_Rig/bee_0408_3/rev/cam1_2026-04-08_18-42-13.mp4,1259.0,1977.0,955,1643,1563,2311,0.83996445
1232,/Volumes/SmithL0/2026/BIOL470/Final/Learning_Rig/bee_0408_3/rev/cam1_2026-04-08_18-42-13.mp4,1267.5,1971.0,953,1644,1582,2298,0.83632755
1233,/Volumes/SmithL0/2026/BIOL470/Final/Learning_Rig/bee_0408_3/rev/cam1_2026-04-08_18-42-13.mp4,1271.0,1971.0,962,1644,1580,2298,0.8264073
1234,/Volumes/SmithL0/2026/BIOL470/Final/Learning_Rig/bee_0408_3/rev/cam1_2026-04-08_18-42-13.mp4,1275.0,1978.0,964,1656,1586,2300,0.8259892
1235,/Volumes/SmithL0/2026/BIOL470/Final/Learning_Rig/bee_0408_3/rev/cam1_2026-04-08_18-42-13.mp4,1275.5,1981.5,962,1662,1589,2301,0.8242807
1236,/Volumes/SmithL0/2026/BIOL470/Final/Learning_Rig/bee_0408_3/rev/cam1_2026-04-08_18-42-13.mp4,1274.5,1988.0,965,1680,1584,2296,0.8078482
1237,/Volumes/SmithL0/2026/BIOL470/Final/Learning_Rig/bee_0408_3/rev/cam1_2026-04-08_18-42-13.mp4,1275.0,1989.5,964,1681,1586,2298,0.80800956
1238,/Volumes/SmithL0/2026/BIOL470/Final/Learning_Rig/bee_0408_3/rev/cam1_2026-04-08_18-42-13.mp4,1269.5,1986.5,953,1674,1586,2299,0.8107558
1239,/Volumes/SmithL0/2026/BIOL470/Final/Learning_Rig/bee_0408_3/rev/cam1_2026-04-08_18-42-13.mp4,1298.0,2002.0,985,1699,1611,2305,0.8421611
1240,/Volumes/SmithL0/2026/BIOL470/Final/Learning_Rig/bee_0408_3/rev/cam1_2026-04-08_18-42-13.mp4,1307.5,2012.0,1008,1714,1607,2310,0.8499433
1241,/Volumes/SmithL0/2026/BIOL470/Final/Learning_Rig/bee_0408_3/rev/cam1_2026-04-08_18-42-13.mp4,1313.0,2010.5,1022,1701,1604,2320,0.83778185
1242,/Volumes/SmithL0/2026/BIOL470/Final/Learning_Rig/bee_0408_3/rev/cam1_2026-04-08_18-42-13.mp4,1315.5,2017.5,1028,1712,1603,2323,0.84594446
1243,/Volumes/SmithL0/2026/BIOL470/Final/Learning_Rig/bee_0408_3/rev/cam1_2026-04-08_18-42-13.mp4,1333.5,2021.5,1033,1715,1634,2328,0.84361196
1244,/Volumes/SmithL0/2026/BIOL470/Final/Learning_Rig/bee_0408_3/rev/cam1_2026-04-08_18-42-13.mp4,1354.5,2015.0,1043,1713,1666,2317,0.84324235
1245,/Volumes/SmithL0/2026/BIOL470/Final/Learning_Rig/bee_0408_3/rev/cam1_2026-04-08_18-42-13.mp4,1413.5,1997.0,1093,1677,1734,2317,0.84236664
1246,/Volumes/SmithL0/2026/BIOL470/Final/Learning_Rig/bee_0408_3/rev/cam1_2026-04-08_18-42-13.mp4,1428.0,1995.0,1103,1668,1753,2322,0.8462549
1247,/Volumes/SmithL0/2026/BIOL470/Final/Learning_Rig/bee_0408_3/rev/cam1_2026-04-08_18-42-13.mp4,1429.5,1997.0,1122,1674,1737,2320,0.85951126
1248,/Volumes/SmithL0/2026/BIOL470/Final/Learning_Rig/bee_0408_3/rev/cam1_2026-04-08_18-42-13.mp4,1429.5,1997.0,1123,1670,1736,2324,0.8557092
1249,/Volumes/SmithL0/2026/BIOL470/Final/Learning_Rig/bee_0408_3/rev/cam1_2026-04-08_18-42-13.mp4,1440.5,1998.0,1131,1674,1750,2322,0.859538
1250,/Volumes/SmithL0/2026/BIOL470/Final/Learning_Rig/bee_0408_3/rev/cam1_2026-04-08_18-42-13.mp4,1439.0,1997.5,1131,1672,1747,2323,0.8519852
1251,/Volumes/SmithL0/2026/BIOL470/Final/Learning_Rig/bee_0408_3/rev/cam1_2026-04-08_18-42-13.mp4,1439.5,1998.5,1133,1673,1746,2324,0.8503127
1252,/Volumes/SmithL0/2026/BIOL470/Final/Learning_Rig/bee_0408_3/rev/cam1_2026-04-08_18-42-13.mp4,1448.0,1998.0,1135,1674,1761,2322,0.8730349
1253,/Volumes/SmithL0/2026/BIOL470/Final/Learning_Rig/bee_0408_3/rev/cam1_2026-04-08_18-42-13.mp4,1448.5,1996.5,1140,1669,1757,2324,0.864669
1254,/Volumes/SmithL0/2026/BIOL470/Final/Learning_Rig/bee_0408_3/rev/cam1_2026-04-08_18-42-13.mp4,1447.5,1996.5,1139,1670,1756,2323,0.85961455
1255,/Volumes/SmithL0/2026/BIOL470/Final/Learning_Rig/bee_0408_3/rev/cam1_2026-04-08_18-42-13.mp4,1478.5,2024.0,1183,1711,1774,2337,0.8239881
1256,/Volumes/SmithL0/2026/BIOL470/Final/Learning_Rig/bee_0408_3/rev/cam1_2026-04-08_18-42-13.mp4,1484.5,2033.5,1182,1725,1787,2342,0.8439665
1257,/Volumes/SmithL0/2026/BIOL470/Final/Learning_Rig/bee_0408_3/rev/cam1_2026-04-08_18-42-13.mp4,1487.0,2023.5,1183,1704,1791,2343,0.84440976
1258,/Volumes/SmithL0/2026/BIOL470/Final/Learning_Rig/bee_0408_3/rev/cam1_2026-04-08_18-42-13.mp4,1494.5,2023.5,1183,1706,1806,2341,0.86466694
1259,/Volumes/SmithL0/2026/BIOL470/Final/Learning_Rig/bee_0408_3/rev/cam1_2026-04-08_18-42-13.mp4,1517.5,2012.0,1207,1688,1828,2336,0.84440506
1260,/Volumes/SmithL0/2026/BIOL470/Final/Learning_Rig/bee_0408_3/rev/cam1_2026-04-08_18-42-13.mp4,1533.5,1997.5,1225,1686,1842,2309,0.83710897
1261,/Volumes/SmithL0/2026/BIOL470/Final/Learning_Rig/bee_0408_3/rev/cam1_2026-04-08_18-42-13.mp4,1569.5,2006.0,1239,1719,1900,2293,0.8251709
1262,/Volumes/SmithL0/2026/BIOL470/Final/Learning_Rig/bee_0408_3/rev/cam1_2026-04-08_18-42-13.mp4,1585.0,2005.0,1237,1716,1933,2294,0.8161372
1263,/Volumes/SmithL0/2026/BIOL470/Final/Learning_Rig/bee_0408_3/rev/cam1_2026-04-08_18-42-13.mp4,1635.5,1973.0,1269,1648,2002,2298,0.8358025
1264,/Volumes/SmithL0/2026/BIOL470/Final/Learning_Rig/bee_0408_3/rev/cam1_2026-04-08_18-42-13.mp4,1645.5,1985.5,1280,1681,2011,2290,0.8169462
1265,/Volumes/SmithL0/2026/BIOL470/Final/Learning_Rig/bee_0408_3/rev/cam1_2026-04-08_18-42-13.mp4,1646.5,1992.5,1279,1692,2014,2293,0.80553657
1266,/Volumes/SmithL0/2026/BIOL470/Final/Learning_Rig/bee_0408_3/rev/cam1_2026-04-08_18-42-13.mp4,1653.5,1995.5,1289,1703,2018,2288,0.8027407
1267,/Volumes/SmithL0/2026/BIOL470/Final/Learning_Rig/bee_0408_3/rev/cam1_2026-04-08_18-42-13.mp4,1681.5,2005.0,1359,1746,2004,2264,0.74295926
1268,/Volumes/SmithL0/2026/BIOL470/Final/Learning_Rig/bee_0408_3/rev/cam1_2026-04-08_18-42-13.mp4,1719.0,2013.0,1373,1728,2065,2298,0.74213374
1269,/Volumes/SmithL0/2026/BIOL470/Final/Learning_Rig/bee_0408_3/rev/cam1_2026-04-08_18-42-13.mp4,1742.5,2014.5,1378,1716,2107,2313,0.7676468
1270,/Volumes/SmithL0/2026/BIOL470/Final/Learning_Rig/bee_0408_3/rev/cam1_2026-04-08_18-42-13.mp4,1760.0,2021.0,1401,1742,2119,2300,0.753284
1271,/Volumes/SmithL0/2026/BIOL470/Final/Learning_Rig/bee_0408_3/rev/cam1_2026-04-08_18-42-13.mp4,1748.0,2042.0,1386,1766,2110,2318,0.7787555
1272,/Volumes/SmithL0/2026/BIOL470/Final/Learning_Rig/bee_0408_3/rev/cam1_2026-04-08_18-42-13.mp4,1739.5,2049.5,1369,1770,2110,2329,0.7834091
1273,/Volumes/SmithL0/2026/BIOL470/Final/Learning_Rig/bee_0408_3/rev/cam1_2026-04-08_18-42-13.mp4,1803.5,2029.5,1468,1760,2139,2299,0.81512755
1274,/Volumes/SmithL0/2026/BIOL470/Final/Learning_Rig/bee_0408_3/rev/cam1_2026-04-08_18-42-13.mp4,1808.5,2029.0,1469,1759,2148,2299,0.8118098
1275,/Volumes/SmithL0/2026/BIOL470/Final/Learning_Rig/bee_0408_3/rev/cam1_2026-04-08_18-42-13.mp4,1796.0,2030.0,1444,1758,2148,2302,0.8178904
1276,/Volumes/SmithL0/2026/BIOL470/Final/Learning_Rig/bee_0408_3/rev/cam1_2026-04-08_18-42-13.mp4,1791.5,2025.5,1442,1753,2141,2298,0.82161784
1277,/Volumes/SmithL0/2026/BIOL470/Final/Learning_Rig/bee_0408_3/rev/cam1_2026-04-08_18-42-13.mp4,1789.5,1995.5,1443,1692,2136,2299,0.82465935
1278,/Volumes/SmithL0/2026/BIOL470/Final/Learning_Rig/bee_0408_3/rev/cam1_2026-04-08_18-42-13.mp4,1780.5,1986.5,1442,1683,2119,2290,0.81575686
1279,/Volumes/SmithL0/2026/BIOL470/Final/Learning_Rig/bee_0408_3/rev/cam1_2026-04-08_18-42-13.mp4,1785.0,1983.0,1449,1670,2121,2296,0.8122189
1280,/Volumes/SmithL0/2026/BIOL470/Final/Learning_Rig/bee_0408_3/rev/cam1_2026-04-08_18-42-13.mp4,1827.0,1971.5,1530,1641,2124,2302,0.8265287
1281,/Volumes/SmithL0/2026/BIOL470/Final/Learning_Rig/bee_0408_3/rev/cam1_2026-04-08_18-42-13.mp4,1831.0,1980.5,1534,1659,2128,2302,0.82817096
1282,/Volumes/SmithL0/2026/BIOL470/Final/Learning_Rig/bee_0408_3/rev/cam1_2026-04-08_18-42-13.mp4,1832.5,1974.0,1539,1658,2126,2290,0.83397883
1283,/Volumes/SmithL0/2026/BIOL470/Final/Learning_Rig/bee_0408_3/rev/cam1_2026-04-08_18-42-13.mp4,1867.5,1922.5,1619,1598,2116,2247,0.8393533
1284,/Volumes/SmithL0/2026/BIOL470/Final/Learning_Rig/bee_0408_3/rev/cam1_2026-04-08_18-42-13.mp4,1863.0,1911.0,1612,1589,2114,2233,0.82815915
1285,/Volumes/SmithL0/2026/BIOL470/Final/Learning_Rig/bee_0408_3/rev/cam1_2026-04-08_18-42-13.mp4,1849.0,1902.0,1590,1584,2108,2220,0.83824015
1286,/Volumes/SmithL0/2026/BIOL470/Final/Learning_Rig/bee_0408_3/rev/cam1_2026-04-08_18-42-13.mp4,1841.0,1889.5,1578,1573,2104,2206,0.8500578
1287,/Volumes/SmithL0/2026/BIOL470/Final/Learning_Rig/bee_0408_3/rev/cam1_2026-04-08_18-42-13.mp4,1839.5,1866.5,1571,1546,2108,2187,0.8217245
1288,/Volumes/SmithL0/2026/BIOL470/Final/Learning_Rig/bee_0408_3/rev/cam1_2026-04-08_18-42-13.mp4,1837.5,1869.0,1569,1557,2106,2181,0.83882576
1289,/Volumes/SmithL0/2026/BIOL470/Final/Learning_Rig/bee_0408_3/rev/cam1_2026-04-08_18-42-13.mp4,1832.5,1815.0,1530,1490,2135,2140,0.8317523
1290,/Volumes/SmithL0/2026/BIOL470/Final/Learning_Rig/bee_0408_3/rev/cam1_2026-04-08_18-42-13.mp4,1827.5,1798.5,1519,1469,2136,2128,0.8076617
1291,/Volumes/SmithL0/2026/BIOL470/Final/Learning_Rig/bee_0408_3/rev/cam1_2026-04-08_18-42-13.mp4,1767.0,1792.0,1515,1451,2019,2133,0.80770504
1292,/Volumes/SmithL0/2026/BIOL470/Final/Learning_Rig/bee_0408_3/rev/cam1_2026-04-08_18-42-13.mp4,1751.0,1770.5,1461,1428,2041,2113,0.8385511
1293,/Volumes/SmithL0/2026/BIOL470/Final/Learning_Rig/bee_0408_3/rev/cam1_2026-04-08_18-42-13.mp4,1702.0,1712.5,1446,1384,1958,2041,0.8057166
1294,/Volumes/SmithL0/2026/BIOL470/Final/Learning_Rig/bee_0408_3/rev/cam1_2026-04-08_18-42-13.mp4,1708.5,1704.5,1452,1378,1965,2031,0.8167028
1295,/Volumes/SmithL0/2026/BIOL470/Final/Learning_Rig/bee_0408_3/rev/cam1_2026-04-08_18-42-13.mp4,1631.0,1662.0,1342,1295,1920,2029,0.853074
1296,/Volumes/SmithL0/2026/BIOL470/Final/Learning_Rig/bee_0408_3/rev/cam1_2026-04-08_18-42-13.mp4,1623.0,1641.5,1342,1299,1904,1984,0.8457404
1297,/Volumes/SmithL0/2026/BIOL470/Final/Learning_Rig/bee_0408_3/rev/cam1_2026-04-08_18-42-13.mp4,1637.0,1633.5,1344,1292,1930,1975,0.8336946
1298,/Volumes/SmithL0/2026/BIOL470/Final/Learning_Rig/bee_0408_3/rev/cam1_2026-04-08_18-42-13.mp4,1641.0,1630.0,1345,1291,1937,1969,0.83104616
1299,/Volumes/SmithL0/2026/BIOL470/Final/Learning_Rig/bee_0408_3/rev/cam1_2026-04-08_18-42-13.mp4,1653.0,1633.0,1353,1299,1953,1967,0.8249776
1300,/Volumes/SmithL0/2026/BIOL470/Final/Learning_Rig/bee_0408_3/rev/cam1_2026-04-08_18-42-13.mp4,1639.5,1613.0,1346,1282,1933,1944,0.83779883
